Date;Clôture;Plus bas;Plus haut;Ouverture;Volume Titres;Volume FCFA;Variation %
28/12/2006;81.84;81.84;81.84;81.84;;;0.00%
29/12/2006;81.83;81.83;81.83;81.83;;;-0.01%
02/01/2007;81.83;81.83;81.83;81.83;;;0.00%
03/01/2007;81.83;81.83;81.83;81.83;;;0.00%
04/01/2007;81.83;81.83;81.83;81.83;;;0.00%
05/01/2007;81.83;81.83;81.83;81.83;;;0.00%
08/01/2007;81.83;81.83;81.83;81.83;;;0.00%
09/01/2007;81.83;81.83;81.83;81.83;;;0.00%
10/01/2007;81.83;81.83;81.83;81.83;;;0.00%
11/01/2007;81.83;81.83;81.83;81.83;;;0.00%
12/01/2007;81.84;81.84;81.84;81.84;;;0.01%
15/01/2007;81.84;81.84;81.84;81.84;;;0.00%
16/01/2007;81.84;81.84;81.84;81.84;;;0.00%
17/01/2007;81.84;81.84;81.84;81.84;;;0.00%
18/01/2007;81.86;81.86;81.86;81.86;;;0.02%
19/01/2007;82.03;82.03;82.03;82.03;;;0.21%
22/01/2007;82.03;82.03;82.03;82.03;;;0.00%
23/01/2007;82;82;82;82;;;-0.04%
24/01/2007;82;82;82;82;;;0.00%
25/01/2007;82;82;82;82;;;0.00%
26/01/2007;82;82;82;82;;;0.00%
29/01/2007;82;82;82;82;;;0.00%
30/01/2007;81.88;81.88;81.88;81.88;;;-0.15%
31/01/2007;81.88;81.88;81.88;81.88;;;0.00%
01/02/2007;81.88;81.88;81.88;81.88;;;0.00%
02/02/2007;81.88;81.88;81.88;81.88;;;0.00%
05/02/2007;81.88;81.88;81.88;81.88;;;0.00%
06/02/2007;81.88;81.88;81.88;81.88;;;0.00%
07/02/2007;81.88;81.88;81.88;81.88;;;0.00%
08/02/2007;81.88;81.88;81.88;81.88;;;0.00%
09/02/2007;81.88;81.88;81.88;81.88;;;0.00%
12/02/2007;81.82;81.82;81.82;81.82;;;-0.07%
13/02/2007;81.82;81.82;81.82;81.82;;;0.00%
14/02/2007;81.82;81.82;81.82;81.82;;;0.00%
15/02/2007;81.82;81.82;81.82;81.82;;;0.00%
16/02/2007;81.79;81.79;81.79;81.79;;;-0.04%
19/02/2007;81.79;81.79;81.79;81.79;;;0.00%
20/02/2007;81.79;81.79;81.79;81.79;;;0.00%
21/02/2007;81.79;81.79;81.79;81.79;;;0.00%
22/02/2007;81.79;81.79;81.79;81.79;;;0.00%
23/02/2007;81.81;81.81;81.81;81.81;;;0.02%
26/02/2007;81.81;81.81;81.81;81.81;;;0.00%
27/02/2007;81.81;81.81;81.81;81.81;;;0.00%
28/02/2007;81.81;81.81;81.81;81.81;;;0.00%
01/03/2007;81.81;81.81;81.81;81.81;;;0.00%
02/03/2007;82.13;82.13;82.13;82.13;;;0.39%
05/03/2007;82.13;82.13;82.13;82.13;;;0.00%
06/03/2007;82.13;82.13;82.13;82.13;;;0.00%
07/03/2007;82.13;82.13;82.13;82.13;;;0.00%
08/03/2007;82.13;82.13;82.13;82.13;;;0.00%
09/03/2007;82.15;82.15;82.15;82.15;;;0.02%
12/03/2007;82.13;82.13;82.13;82.13;;;-0.02%
13/03/2007;82.13;82.13;82.13;82.13;;;0.00%
14/03/2007;82.13;82.13;82.13;82.13;;;0.00%
15/03/2007;82.13;82.13;82.13;82.13;;;0.00%
16/03/2007;82.13;82.13;82.13;82.13;;;0.00%
19/03/2007;82.13;82.13;82.13;82.13;;;0.00%
20/03/2007;82.13;82.13;82.13;82.13;;;0.00%
21/03/2007;82.14;82.14;82.14;82.14;;;0.01%
22/03/2007;82.14;82.14;82.14;82.14;;;0.00%
23/03/2007;82.36;82.36;82.36;82.36;;;0.27%
26/03/2007;82.36;82.36;82.36;82.36;;;0.00%
27/03/2007;82.36;82.36;82.36;82.36;;;0.00%
28/03/2007;82.36;82.36;82.36;82.36;;;0.00%
29/03/2007;82.37;82.37;82.37;82.37;;;0.01%
30/03/2007;82.37;82.37;82.37;82.37;;;0.00%
02/04/2007;82.37;82.37;82.37;82.37;;;0.00%
03/04/2007;82.96;82.96;82.96;82.96;;;0.72%
04/04/2007;83.19;83.19;83.19;83.19;;;0.28%
05/04/2007;83.19;83.19;83.19;83.19;;;0.00%
06/04/2007;83.3;83.3;83.3;83.3;;;0.13%
10/04/2007;83.31;83.31;83.31;83.31;;;0.01%
11/04/2007;83.3;83.3;83.3;83.3;;;-0.01%
12/04/2007;83.3;83.3;83.3;83.3;;;0.00%
13/04/2007;83.36;83.36;83.36;83.36;;;0.07%
16/04/2007;83.36;83.36;83.36;83.36;;;0.00%
17/04/2007;83.36;83.36;83.36;83.36;;;0.00%
18/04/2007;83.36;83.36;83.36;83.36;;;0.00%
19/04/2007;83.36;83.36;83.36;83.36;;;0.00%
20/04/2007;83.36;83.36;83.36;83.36;;;0.00%
23/04/2007;83.3;83.3;83.3;83.3;;;-0.07%
24/04/2007;83.3;83.3;83.3;83.3;;;0.00%
25/04/2007;83.41;83.41;83.41;83.41;;;0.13%
26/04/2007;83.41;83.41;83.41;83.41;;;0.00%
27/04/2007;83.41;83.41;83.41;83.41;;;0.00%
30/04/2007;83.28;83.28;83.28;83.28;;;-0.16%
02/05/2007;83.28;83.28;83.28;83.28;;;0.00%
03/05/2007;83.28;83.28;83.28;83.28;;;0.00%
04/05/2007;83.28;83.28;83.28;83.28;;;0.00%
07/05/2007;83.28;83.28;83.28;83.28;;;0.00%
08/05/2007;83.29;83.29;83.29;83.29;;;0.01%
09/05/2007;83.28;83.28;83.28;83.28;;;-0.01%
10/05/2007;83.28;83.28;83.28;83.28;;;0.00%
11/05/2007;83.28;83.28;83.28;83.28;;;0.00%
14/05/2007;83.28;83.28;83.28;83.28;;;0.00%
15/05/2007;84.19;84.19;84.19;84.19;;;1.09%
16/05/2007;86;86;86;86;;;2.15%
18/05/2007;86;86;86;86;;;0.00%
21/05/2007;87.17;87.17;87.17;87.17;;;1.36%
22/05/2007;89.94;89.94;89.94;89.94;;;3.18%
23/05/2007;90.01;90.01;90.01;90.01;;;0.08%
24/05/2007;90.01;90.01;90.01;90.01;;;0.00%
25/05/2007;90.01;90.01;90.01;90.01;;;0.00%
29/05/2007;90.01;90.01;90.01;90.01;;;0.00%
30/05/2007;90.01;90.01;90.01;90.01;;;0.00%
31/05/2007;89.89;89.89;89.89;89.89;;;-0.13%
01/06/2007;89.89;89.89;89.89;89.89;;;0.00%
04/06/2007;88.74;88.74;88.74;88.74;;;-1.28%
05/06/2007;91.95;91.95;91.95;91.95;;;3.62%
06/06/2007;91.95;91.95;91.95;91.95;;;0.00%
07/06/2007;93.1;93.1;93.1;93.1;;;1.25%
08/06/2007;93.1;93.1;93.1;93.1;;;0.00%
11/06/2007;92.24;92.24;92.24;92.24;;;-0.92%
12/06/2007;92.24;92.24;92.24;92.24;;;0.00%
13/06/2007;92.24;92.24;92.24;92.24;;;0.00%
14/06/2007;92.55;92.55;92.55;92.55;;;0.34%
15/06/2007;92.55;92.55;92.55;92.55;;;0.00%
18/06/2007;96.03;96.03;96.03;96.03;;;3.76%
19/06/2007;96.03;96.03;96.03;96.03;;;0.00%
20/06/2007;96.03;96.03;96.03;96.03;;;0.00%
21/06/2007;96.16;96.16;96.16;96.16;;;0.14%
22/06/2007;96.32;96.32;96.32;96.32;;;0.17%
25/06/2007;98.78;98.78;98.78;98.78;;;2.55%
26/06/2007;100.59;100.59;100.59;100.59;;;1.83%
27/06/2007;100.59;100.59;100.59;100.59;;;0.00%
28/06/2007;101.8;101.8;101.8;101.8;;;1.20%
29/06/2007;101.8;101.8;101.8;101.8;;;0.00%
02/07/2007;101.8;101.8;101.8;101.8;;;0.00%
03/07/2007;101.8;101.8;101.8;101.8;;;0.00%
04/07/2007;101.95;101.95;101.95;101.95;;;0.15%
05/07/2007;103.16;103.16;103.16;103.16;;;1.19%
06/07/2007;103.16;103.16;103.16;103.16;;;0.00%
09/07/2007;103.28;103.28;103.28;103.28;;;0.12%
10/07/2007;101.57;101.57;101.57;101.57;;;-1.66%
11/07/2007;98.62;98.62;98.62;98.62;;;-2.90%
12/07/2007;98.62;98.62;98.62;98.62;;;0.00%
13/07/2007;98.72;98.72;98.72;98.72;;;0.10%
16/07/2007;98.72;98.72;98.72;98.72;;;0.00%
17/07/2007;98.05;98.05;98.05;98.05;;;-0.68%
18/07/2007;98.05;98.05;98.05;98.05;;;0.00%
19/07/2007;96.35;96.35;96.35;96.35;;;-1.73%
20/07/2007;96.05;96.05;96.05;96.05;;;-0.31%
23/07/2007;95.99;95.99;95.99;95.99;;;-0.06%
24/07/2007;95.63;95.63;95.63;95.63;;;-0.38%
25/07/2007;95.65;95.65;95.65;95.65;;;0.02%
26/07/2007;95.73;95.73;95.73;95.73;;;0.08%
27/07/2007;95.49;95.49;95.49;95.49;;;-0.25%
31/07/2007;95.8;95.8;95.8;95.8;;;0.32%
01/08/2007;95.44;95.44;95.44;95.44;;;-0.38%
02/08/2007;95.27;95.27;95.27;95.27;;;-0.18%
03/08/2007;95.27;95.27;95.27;95.27;;;0.00%
08/08/2007;95.27;95.27;95.27;95.27;;;0.00%
09/08/2007;95.39;95.39;95.39;95.39;;;0.13%
10/08/2007;96.47;96.47;96.47;96.47;;;1.13%
13/08/2007;97.32;97.32;97.32;97.32;;;0.88%
14/08/2007;97.32;97.32;97.32;97.32;;;0.00%
16/08/2007;97.32;97.32;97.32;97.32;;;0.00%
17/08/2007;99.13;99.13;99.13;99.13;;;1.86%
20/08/2007;98.52;98.52;98.52;98.52;;;-0.62%
21/08/2007;100.07;100.07;100.07;100.07;;;1.57%
22/08/2007;100.56;100.56;100.56;100.56;;;0.49%
23/08/2007;100.72;100.72;100.72;100.72;;;0.16%
24/08/2007;100.91;100.91;100.91;100.91;;;0.19%
27/08/2007;100.93;100.93;100.93;100.93;;;0.02%
28/08/2007;101.05;101.05;101.05;101.05;;;0.12%
29/08/2007;101.05;101.05;101.05;101.05;;;0.00%
30/08/2007;101.43;101.43;101.43;101.43;;;0.38%
31/08/2007;101.48;101.48;101.48;101.48;;;0.05%
03/09/2007;101.48;101.48;101.48;101.48;;;0.00%
04/09/2007;103.68;103.68;103.68;103.68;;;2.17%
05/09/2007;103.68;103.68;103.68;103.68;;;0.00%
06/09/2007;104.1;104.1;104.1;104.1;;;0.41%
07/09/2007;104.71;104.71;104.71;104.71;;;0.59%
10/09/2007;104.72;104.72;104.72;104.72;;;0.01%
11/09/2007;104.77;104.77;104.77;104.77;;;0.05%
12/09/2007;104.89;104.89;104.89;104.89;;;0.11%
13/09/2007;104.92;104.92;104.92;104.92;;;0.03%
14/09/2007;105.52;105.52;105.52;105.52;;;0.57%
17/09/2007;105.93;105.93;105.93;105.93;;;0.39%
18/09/2007;106.5;106.5;106.5;106.5;;;0.54%
19/09/2007;106.82;106.82;106.82;106.82;;;0.30%
20/09/2007;106.82;106.82;106.82;106.82;;;0.00%
21/09/2007;106.82;106.82;106.82;106.82;;;0.00%
24/09/2007;107.1;107.1;107.1;107.1;;;0.26%
25/09/2007;107.1;107.1;107.1;107.1;;;0.00%
26/09/2007;109.49;109.49;109.49;109.49;;;2.23%
27/09/2007;109.58;109.58;109.58;109.58;;;0.08%
28/09/2007;109.58;109.58;109.58;109.58;;;0.00%
01/10/2007;109.96;109.96;109.96;109.96;;;0.35%
02/10/2007;110.86;110.86;110.86;110.86;;;0.82%
03/10/2007;110.66;110.66;110.66;110.66;;;-0.18%
04/10/2007;110.76;110.76;110.76;110.76;;;0.09%
05/10/2007;110.76;110.76;110.76;110.76;;;0.00%
08/10/2007;110.76;110.76;110.76;110.76;;;0.00%
10/10/2007;110.86;110.86;110.86;110.86;;;0.09%
11/10/2007;110.87;110.87;110.87;110.87;;;0.01%
15/10/2007;110.89;110.89;110.89;110.89;;;0.02%
16/10/2007;111.06;111.06;111.06;111.06;;;0.15%
17/10/2007;111.59;111.59;111.59;111.59;;;0.48%
18/10/2007;112.5;112.5;112.5;112.5;;;0.82%
19/10/2007;112.57;112.57;112.57;112.57;;;0.06%
22/10/2007;113.7;113.7;113.7;113.7;;;1.00%
23/10/2007;113.7;113.7;113.7;113.7;;;0.00%
24/10/2007;113.7;113.7;113.7;113.7;;;0.00%
25/10/2007;114.27;114.27;114.27;114.27;;;0.50%
26/10/2007;114.18;114.18;114.18;114.18;;;-0.08%
29/10/2007;117.18;117.18;117.18;117.18;;;2.63%
30/10/2007;118.24;118.24;118.24;118.24;;;0.90%
31/10/2007;120.72;120.72;120.72;120.72;;;2.10%
02/11/2007;119.07;119.07;119.07;119.07;;;-1.37%
05/11/2007;119.07;119.07;119.07;119.07;;;0.00%
06/11/2007;120.26;120.26;120.26;120.26;;;1.00%
07/11/2007;120.26;120.26;120.26;120.26;;;0.00%
08/11/2007;122.16;122.16;122.16;122.16;;;1.58%
09/11/2007;122.85;122.85;122.85;122.85;;;0.56%
12/11/2007;125.37;125.37;125.37;125.37;;;2.05%
13/11/2007;125.89;125.89;125.89;125.89;;;0.41%
14/11/2007;125.89;125.89;125.89;125.89;;;0.00%
16/11/2007;125.89;125.89;125.89;125.89;;;0.00%
19/11/2007;126.01;126.01;126.01;126.01;;;0.10%
20/11/2007;125.76;125.76;125.76;125.76;;;-0.20%
21/11/2007;125.76;125.76;125.76;125.76;;;0.00%
22/11/2007;126.53;126.53;126.53;126.53;;;0.61%
23/11/2007;126.53;126.53;126.53;126.53;;;0.00%
26/11/2007;126.53;126.53;126.53;126.53;;;0.00%
27/11/2007;125.98;125.98;125.98;125.98;;;-0.43%
28/11/2007;124.45;124.45;124.45;124.45;;;-1.21%
29/11/2007;124.45;124.45;124.45;124.45;;;0.00%
30/11/2007;124.57;124.57;124.57;124.57;;;0.10%
03/12/2007;123.92;123.92;123.92;123.92;;;-0.52%
04/12/2007;123.92;123.92;123.92;123.92;;;0.00%
05/12/2007;123.23;123.23;123.23;123.23;;;-0.56%
06/12/2007;123.23;123.23;123.23;123.23;;;0.00%
07/12/2007;123.23;123.23;123.23;123.23;;;0.00%
10/12/2007;122.71;122.71;122.71;122.71;;;-0.42%
11/12/2007;122.71;122.71;122.71;122.71;;;0.00%
12/12/2007;122.71;122.71;122.71;122.71;;;0.00%
13/12/2007;122.64;122.64;122.64;122.64;;;-0.06%
14/12/2007;121.64;121.64;121.64;121.64;;;-0.82%
17/12/2007;121.64;121.64;121.64;121.64;;;0.00%
18/12/2007;122.13;122.13;122.13;122.13;;;0.40%
20/12/2007;122.13;122.13;122.13;122.13;;;0.00%
21/12/2007;123.21;123.21;123.21;123.21;;;0.88%
24/12/2007;122.01;122.01;122.01;122.01;;;-0.97%
26/12/2007;121.85;121.85;121.85;121.85;;;-0.13%
27/12/2007;121.61;121.61;121.61;121.61;;;-0.20%
28/12/2007;121.61;121.61;121.61;121.61;;;0.00%
31/12/2007;121.25;121.25;121.25;121.25;;;-0.30%
02/01/2008;121.25;121.25;121.25;121.25;;;0.00%
03/01/2008;121.25;121.25;121.25;121.25;;;0.00%
04/01/2008;121.29;121.29;121.29;121.29;;;0.03%
07/01/2008;121.29;121.29;121.29;121.29;;;0.00%
08/01/2008;121.29;121.29;121.29;121.29;;;0.00%
09/01/2008;121.29;121.29;121.29;121.29;;;0.00%
10/01/2008;121.29;121.29;121.29;121.29;;;0.00%
11/01/2008;121.35;121.35;121.35;121.35;;;0.05%
14/01/2008;123.35;123.35;123.35;123.35;;;1.65%
15/01/2008;123.35;123.35;123.35;123.35;;;0.00%
16/01/2008;123.47;123.47;123.47;123.47;;;0.10%
17/01/2008;123.45;123.45;123.45;123.45;;;-0.02%
18/01/2008;123.36;123.36;123.36;123.36;;;-0.07%
21/01/2008;123.36;123.36;123.36;123.36;;;0.00%
22/01/2008;122.1;122.1;122.1;122.1;;;-1.02%
23/01/2008;122.1;122.1;122.1;122.1;;;0.00%
24/01/2008;122.1;122.1;122.1;122.1;;;0.00%
25/01/2008;122.21;122.21;122.21;122.21;;;0.09%
28/01/2008;122.21;122.21;122.21;122.21;;;0.00%
29/01/2008;122.21;122.21;122.21;122.21;;;0.00%
30/01/2008;122.2;122.2;122.2;122.2;;;-0.01%
31/01/2008;122.2;122.2;122.2;122.2;;;0.00%
01/02/2008;122.5;122.5;122.5;122.5;;;0.25%
04/02/2008;122.5;122.5;122.5;122.5;;;0.00%
05/02/2008;122.28;122.28;122.28;122.28;;;-0.18%
06/02/2008;122.49;122.49;122.49;122.49;;;0.17%
07/02/2008;122.49;122.49;122.49;122.49;;;0.00%
08/02/2008;122.49;122.49;122.49;122.49;;;0.00%
11/02/2008;122.49;122.49;122.49;122.49;;;0.00%
12/02/2008;122.49;122.49;122.49;122.49;;;0.00%
13/02/2008;122.49;122.49;122.49;122.49;;;0.00%
14/02/2008;122.49;122.49;122.49;122.49;;;0.00%
15/02/2008;122.66;122.66;122.66;122.66;;;0.14%
18/02/2008;122.98;122.98;122.98;122.98;;;0.26%
19/02/2008;122.94;122.94;122.94;122.94;;;-0.03%
20/02/2008;122.95;122.95;122.95;122.95;;;0.01%
21/02/2008;121.86;121.86;121.86;121.86;;;-0.89%
22/02/2008;121.86;121.86;121.86;121.86;;;0.00%
25/02/2008;121.86;121.86;121.86;121.86;;;0.00%
26/02/2008;121.89;121.89;121.89;121.89;;;0.02%
27/02/2008;121.98;121.98;121.98;121.98;;;0.07%
28/02/2008;122.9;122.9;122.9;122.9;;;0.75%
29/02/2008;122.95;122.95;122.95;122.95;;;0.04%
03/03/2008;123.24;123.24;123.24;123.24;;;0.24%
04/03/2008;122.04;122.04;122.04;122.04;;;-0.97%
05/03/2008;123.49;123.49;123.49;123.49;;;1.19%
06/03/2008;123.49;123.49;123.49;123.49;;;0.00%
07/03/2008;123.38;123.38;123.38;123.38;;;-0.09%
10/03/2008;123.85;123.85;123.85;123.85;;;0.38%
11/03/2008;124.16;124.16;124.16;124.16;;;0.25%
12/03/2008;124.39;124.39;124.39;124.39;;;0.19%
13/03/2008;124.38;124.38;124.38;124.38;;;-0.01%
14/03/2008;124.4;124.4;124.4;124.4;;;0.02%
17/03/2008;124.41;124.41;124.41;124.41;;;0.01%
18/03/2008;124.68;124.68;124.68;124.68;;;0.22%
19/03/2008;124.68;124.68;124.68;124.68;;;0.00%
21/03/2008;123.83;123.83;123.83;123.83;;;-0.68%
25/03/2008;123.95;123.95;123.95;123.95;;;0.10%
26/03/2008;123.95;123.95;123.95;123.95;;;0.00%
27/03/2008;123.95;123.95;123.95;123.95;;;0.00%
28/03/2008;123.99;123.99;123.99;123.99;;;0.03%
31/03/2008;123.99;123.99;123.99;123.99;;;0.00%
01/04/2008;124.01;124.01;124.01;124.01;;;0.02%
02/04/2008;124.41;124.41;124.41;124.41;;;0.32%
03/04/2008;124.41;124.41;124.41;124.41;;;0.00%
04/04/2008;125.46;125.46;125.46;125.46;;;0.84%
07/04/2008;125.46;125.46;125.46;125.46;;;0.00%
08/04/2008;125.58;125.58;125.58;125.58;;;0.10%
09/04/2008;129.92;129.92;129.92;129.92;;;3.46%
10/04/2008;129.89;129.89;129.89;129.89;;;-0.02%
11/04/2008;129.92;129.92;129.92;129.92;;;0.02%
14/04/2008;129.92;129.92;129.92;129.92;;;0.00%
15/04/2008;130.88;130.88;130.88;130.88;;;0.74%
16/04/2008;130.88;130.88;130.88;130.88;;;0.00%
17/04/2008;130.88;130.88;130.88;130.88;;;0.00%
18/04/2008;131.19;131.19;131.19;131.19;;;0.24%
21/04/2008;131.19;131.19;131.19;131.19;;;0.00%
22/04/2008;131.19;131.19;131.19;131.19;;;0.00%
23/04/2008;131.19;131.19;131.19;131.19;;;0.00%
24/04/2008;131.28;131.28;131.28;131.28;;;0.07%
25/04/2008;136.72;136.72;136.72;136.72;;;4.14%
28/04/2008;138.56;138.56;138.56;138.56;;;1.35%
29/04/2008;138.56;138.56;138.56;138.56;;;0.00%
30/04/2008;139.47;139.47;139.47;139.47;;;0.66%
02/05/2008;139.47;139.47;139.47;139.47;;;0.00%
05/05/2008;139.47;139.47;139.47;139.47;;;0.00%
06/05/2008;144.11;144.11;144.11;144.11;;;3.33%
07/05/2008;144.8;144.8;144.8;144.8;;;0.48%
08/05/2008;144.8;144.8;144.8;144.8;;;0.00%
09/05/2008;153.07;153.07;153.07;153.07;;;5.71%
13/05/2008;153.16;153.16;153.16;153.16;;;0.06%
14/05/2008;153.57;153.57;153.57;153.57;;;0.27%
15/05/2008;146.93;146.93;146.93;146.93;;;-4.32%
16/05/2008;146.63;146.63;146.63;146.63;;;-0.20%
19/05/2008;146.63;146.63;146.63;146.63;;;0.00%
20/05/2008;146.61;146.61;146.61;146.61;;;-0.01%
21/05/2008;144.57;144.57;144.57;144.57;;;-1.39%
22/05/2008;146.98;146.98;146.98;146.98;;;1.67%
23/05/2008;146.97;146.97;146.97;146.97;;;-0.01%
26/05/2008;147.59;147.59;147.59;147.59;;;0.42%
27/05/2008;145.18;145.18;145.18;145.18;;;-1.63%
28/05/2008;145.18;145.18;145.18;145.18;;;0.00%
29/05/2008;145.18;145.18;145.18;145.18;;;0.00%
30/05/2008;145.18;145.18;145.18;145.18;;;0.00%
02/06/2008;146.21;146.21;146.21;146.21;;;0.71%
03/06/2008;146.95;146.95;146.95;146.95;;;0.51%
04/06/2008;148.21;148.21;148.21;148.21;;;0.86%
05/06/2008;148.21;148.21;148.21;148.21;;;0.00%
06/06/2008;148.19;148.19;148.19;148.19;;;-0.01%
09/06/2008;148.49;148.49;148.49;148.49;;;0.20%
10/06/2008;148.5;148.5;148.5;148.5;;;0.01%
11/06/2008;147.78;147.78;147.78;147.78;;;-0.48%
12/06/2008;150.2;150.2;150.2;150.2;;;1.64%
13/06/2008;150.28;150.28;150.28;150.28;;;0.05%
16/06/2008;151.66;151.66;151.66;151.66;;;0.92%
17/06/2008;152.45;152.45;152.45;152.45;;;0.52%
18/06/2008;150.91;150.91;150.91;150.91;;;-1.01%
19/06/2008;150.91;150.91;150.91;150.91;;;0.00%
20/06/2008;151.51;151.51;151.51;151.51;;;0.40%
23/06/2008;154.83;154.83;154.83;154.83;;;2.19%
24/06/2008;156.75;156.75;156.75;156.75;;;1.24%
25/06/2008;153.14;153.14;153.14;153.14;;;-2.30%
26/06/2008;154.95;154.95;154.95;154.95;;;1.18%
27/06/2008;156;156;156;156;;;0.68%
30/06/2008;156.29;156.29;156.29;156.29;;;0.19%
01/07/2008;157.84;157.84;157.84;157.84;;;0.99%
02/07/2008;158.58;158.58;158.58;158.58;;;0.47%
03/07/2008;159.88;159.88;159.88;159.88;;;0.82%
04/07/2008;162.87;162.87;162.87;162.87;;;1.87%
07/07/2008;166.64;166.64;166.64;166.64;;;2.31%
08/07/2008;168.24;168.24;168.24;168.24;;;0.96%
09/07/2008;168.24;168.24;168.24;168.24;;;0.00%
10/07/2008;167.99;167.99;167.99;167.99;;;-0.15%
11/07/2008;168.63;168.63;168.63;168.63;;;0.38%
14/07/2008;168.72;168.72;168.72;168.72;;;0.05%
15/07/2008;168.12;168.12;168.12;168.12;;;-0.36%
16/07/2008;168.12;168.12;168.12;168.12;;;0.00%
17/07/2008;168.13;168.13;168.13;168.13;;;0.01%
18/07/2008;168.26;168.26;168.26;168.26;;;0.08%
21/07/2008;168.26;168.26;168.26;168.26;;;0.00%
22/07/2008;168.96;168.96;168.96;168.96;;;0.42%
23/07/2008;168.99;168.99;168.99;168.99;;;0.02%
24/07/2008;171.43;171.43;171.43;171.43;;;1.44%
25/07/2008;171.6;171.6;171.6;171.6;;;0.10%
28/07/2008;174.17;174.17;174.17;174.17;;;1.50%
29/07/2008;173.57;173.57;173.57;173.57;;;-0.34%
30/07/2008;174.61;174.61;174.61;174.61;;;0.60%
31/07/2008;177.11;177.11;177.11;177.11;;;1.43%
01/08/2008;177.11;177.11;177.11;177.11;;;0.00%
04/08/2008;180.28;180.28;180.28;180.28;;;1.79%
05/08/2008;180.54;180.54;180.54;180.54;;;0.14%
06/08/2008;184.98;184.98;184.98;184.98;;;2.46%
08/08/2008;185.66;185.66;185.66;185.66;;;0.37%
11/08/2008;185.78;185.78;185.78;185.78;;;0.06%
12/08/2008;186.92;186.92;186.92;186.92;;;0.61%
13/08/2008;191.24;191.24;191.24;191.24;;;2.31%
14/08/2008;196.25;196.25;196.25;196.25;;;2.62%
18/08/2008;197;197;197;197;;;0.38%
19/08/2008;198.24;198.24;198.24;198.24;;;0.63%
20/08/2008;209.4;209.4;209.4;209.4;;;5.63%
21/08/2008;210.49;210.49;210.49;210.49;;;0.52%
22/08/2008;212.89;212.89;212.89;212.89;;;1.14%
25/08/2008;232.51;232.51;232.51;232.51;;;9.22%
26/08/2008;234.99;234.99;234.99;234.99;;;1.07%
27/08/2008;242.91;242.91;242.91;242.91;;;3.37%
28/08/2008;243.09;243.09;243.09;243.09;;;0.07%
29/08/2008;250.39;250.39;250.39;250.39;;;3.00%
01/09/2008;251.8;251.8;251.8;251.8;;;0.56%
02/09/2008;252.22;252.22;252.22;252.22;;;0.17%
03/09/2008;258.79;258.79;258.79;258.79;;;2.60%
04/09/2008;259.35;259.35;259.35;259.35;;;0.22%
05/09/2008;259.89;259.89;259.89;259.89;;;0.21%
08/09/2008;260.4;260.4;260.4;260.4;;;0.20%
09/09/2008;259.78;259.78;259.78;259.78;;;-0.24%
10/09/2008;245.9;245.9;245.9;245.9;;;-5.34%
11/09/2008;245.9;245.9;245.9;245.9;;;0.00%
12/09/2008;245.9;245.9;245.9;245.9;;;0.00%
15/09/2008;245.9;245.9;245.9;245.9;;;0.00%
16/09/2008;245.9;245.9;245.9;245.9;;;0.00%
17/09/2008;245.9;245.9;245.9;245.9;;;0.00%
18/09/2008;245.9;245.9;245.9;245.9;;;0.00%
19/09/2008;245.9;245.9;245.9;245.9;;;0.00%
22/09/2008;232.63;232.63;232.63;232.63;;;-5.40%
23/09/2008;230.58;230.58;230.58;230.58;;;-0.88%
24/09/2008;230.58;230.58;230.58;230.58;;;0.00%
25/09/2008;230.74;230.74;230.74;230.74;;;0.07%
26/09/2008;230.74;230.74;230.74;230.74;;;0.00%
29/09/2008;220.48;220.48;220.48;220.48;;;-4.45%
01/10/2008;216.59;216.59;216.59;216.59;;;-1.76%
02/10/2008;216.59;216.59;216.59;216.59;;;0.00%
03/10/2008;215.98;215.98;215.98;215.98;;;-0.28%
06/10/2008;212.96;212.96;212.96;212.96;;;-1.40%
07/10/2008;212.95;212.95;212.95;212.95;;;-0.00%
08/10/2008;212.95;212.95;212.95;212.95;;;0.00%
09/10/2008;212.79;212.79;212.79;212.79;;;-0.08%
10/10/2008;208.55;208.55;208.55;208.55;;;-1.99%
13/10/2008;207.5;207.5;207.5;207.5;;;-0.50%
14/10/2008;207.5;207.5;207.5;207.5;;;0.00%
15/10/2008;205.82;205.82;205.82;205.82;;;-0.81%
16/10/2008;202.09;202.09;202.09;202.09;;;-1.81%
17/10/2008;201.84;201.84;201.84;201.84;;;-0.12%
20/10/2008;198.28;198.28;198.28;198.28;;;-1.76%
21/10/2008;198.28;198.28;198.28;198.28;;;0.00%
22/10/2008;197.85;197.85;197.85;197.85;;;-0.22%
23/10/2008;194.88;194.88;194.88;194.88;;;-1.50%
24/10/2008;189.56;189.56;189.56;189.56;;;-2.73%
27/10/2008;188.92;188.92;188.92;188.92;;;-0.34%
28/10/2008;188.92;188.92;188.92;188.92;;;0.00%
29/10/2008;188.92;188.92;188.92;188.92;;;0.00%
30/10/2008;188.92;188.92;188.92;188.92;;;0.00%
31/10/2008;186.38;186.38;186.38;186.38;;;-1.34%
03/11/2008;181.56;181.56;181.56;181.56;;;-2.59%
04/11/2008;181.24;181.24;181.24;181.24;;;-0.18%
05/11/2008;181.24;181.24;181.24;181.24;;;0.00%
06/11/2008;181.24;181.24;181.24;181.24;;;0.00%
07/11/2008;179.53;179.53;179.53;179.53;;;-0.94%
10/11/2008;179.47;179.47;179.47;179.47;;;-0.03%
11/11/2008;178.84;178.84;178.84;178.84;;;-0.35%
12/11/2008;168.82;168.82;168.82;168.82;;;-5.60%
13/11/2008;168.82;168.82;168.82;168.82;;;0.00%
14/11/2008;168.82;168.82;168.82;168.82;;;0.00%
17/11/2008;163.73;163.73;163.73;163.73;;;-3.02%
18/11/2008;160.84;160.84;160.84;160.84;;;-1.77%
19/11/2008;160.12;160.12;160.12;160.12;;;-0.45%
20/11/2008;161.33;161.33;161.33;161.33;;;0.76%
21/11/2008;156.25;156.25;156.25;156.25;;;-3.15%
24/11/2008;156.25;156.25;156.25;156.25;;;0.00%
25/11/2008;156.25;156.25;156.25;156.25;;;0.00%
26/11/2008;158.97;158.97;158.97;158.97;;;1.74%
27/11/2008;158.97;158.97;158.97;158.97;;;0.00%
28/11/2008;161.9;161.9;161.9;161.9;;;1.84%
01/12/2008;160.75;160.75;160.75;160.75;;;-0.71%
02/12/2008;164.38;164.38;164.38;164.38;;;2.26%
03/12/2008;164.38;164.38;164.38;164.38;;;0.00%
04/12/2008;162.9;162.9;162.9;162.9;;;-0.90%
05/12/2008;162.84;162.84;162.84;162.84;;;-0.04%
09/12/2008;162.53;162.53;162.53;162.53;;;-0.19%
10/12/2008;162.54;162.54;162.54;162.54;;;0.01%
11/12/2008;162.54;162.54;162.54;162.54;;;0.00%
12/12/2008;160.12;160.12;160.12;160.12;;;-1.49%
15/12/2008;160.13;160.13;160.13;160.13;;;0.01%
16/12/2008;166.27;166.27;166.27;166.27;;;3.83%
17/12/2008;165.66;165.66;165.66;165.66;;;-0.37%
18/12/2008;165.66;165.66;165.66;165.66;;;0.00%
19/12/2008;165.66;165.66;165.66;165.66;;;0.00%
22/12/2008;165.66;165.66;165.66;165.66;;;0.00%
23/12/2008;158.31;158.31;158.31;158.31;;;-4.44%
24/12/2008;154.4;154.4;154.4;154.4;;;-2.47%
26/12/2008;151.99;151.99;151.99;151.99;;;-1.56%
29/12/2008;150.49;150.49;150.49;150.49;;;-0.99%
30/12/2008;151.07;151.07;151.07;151.07;;;0.39%
31/12/2008;149.13;149.13;149.13;149.13;;;-1.28%
02/01/2009;149.4;149.4;149.4;149.4;;;0.18%
05/01/2009;150.01;150.01;150.01;150.01;;;0.41%
06/01/2009;150.01;150.01;150.01;150.01;;;0.00%
07/01/2009;150.02;150.02;150.02;150.02;;;0.01%
08/01/2009;150.02;150.02;150.02;150.02;;;0.00%
09/01/2009;150.04;150.04;150.04;150.04;;;0.01%
12/01/2009;150.04;150.04;150.04;150.04;;;0.00%
13/01/2009;150.04;150.04;150.04;150.04;;;0.00%
14/01/2009;148.44;148.44;148.44;148.44;;;-1.07%
15/01/2009;148.45;148.45;148.45;148.45;;;0.01%
16/01/2009;148.45;148.45;148.45;148.45;;;0.00%
19/01/2009;148.45;148.45;148.45;148.45;;;0.00%
20/01/2009;150.82;150.82;150.82;150.82;;;1.60%
21/01/2009;150.82;150.82;150.82;150.82;;;0.00%
22/01/2009;150.82;150.82;150.82;150.82;;;0.00%
23/01/2009;150.82;150.82;150.82;150.82;;;0.00%
26/01/2009;150.81;150.81;150.81;150.81;;;-0.01%
27/01/2009;150.21;150.21;150.21;150.21;;;-0.40%
28/01/2009;152.02;152.02;152.02;152.02;;;1.20%
29/01/2009;152.02;152.02;152.02;152.02;;;0.00%
30/01/2009;152.75;152.75;152.75;152.75;;;0.48%
02/02/2009;154.01;154.01;154.01;154.01;;;0.82%
03/02/2009;155.82;155.82;155.82;155.82;;;1.18%
04/02/2009;155.82;155.82;155.82;155.82;;;0.00%
05/02/2009;156.43;156.43;156.43;156.43;;;0.39%
06/02/2009;156.43;156.43;156.43;156.43;;;0.00%
09/02/2009;156.43;156.43;156.43;156.43;;;0.00%
10/02/2009;156.46;156.46;156.46;156.46;;;0.02%
11/02/2009;156.52;156.52;156.52;156.52;;;0.04%
12/02/2009;156.88;156.88;156.88;156.88;;;0.23%
13/02/2009;156.88;156.88;156.88;156.88;;;0.00%
16/02/2009;159.29;159.29;159.29;159.29;;;1.54%
17/02/2009;159.35;159.35;159.35;159.35;;;0.04%
18/02/2009;160.5;160.5;160.5;160.5;;;0.72%
19/02/2009;160.35;160.35;160.35;160.35;;;-0.09%
20/02/2009;161;161;161;161;;;0.41%
23/02/2009;161;161;161;161;;;0.00%
24/02/2009;162.12;162.12;162.12;162.12;;;0.70%
25/02/2009;162.12;162.12;162.12;162.12;;;0.00%
26/02/2009;162.12;162.12;162.12;162.12;;;0.00%
27/02/2009;162.12;162.12;162.12;162.12;;;0.00%
02/03/2009;162.12;162.12;162.12;162.12;;;0.00%
03/03/2009;163.33;163.33;163.33;163.33;;;0.75%
04/03/2009;163.33;163.33;163.33;163.33;;;0.00%
05/03/2009;163.33;163.33;163.33;163.33;;;0.00%
06/03/2009;163.33;163.33;163.33;163.33;;;0.00%
10/03/2009;163.26;163.26;163.26;163.26;;;-0.04%
11/03/2009;163.86;163.86;163.86;163.86;;;0.37%
12/03/2009;163.86;163.86;163.86;163.86;;;0.00%
13/03/2009;163.2;163.2;163.2;163.2;;;-0.40%
16/03/2009;163.62;163.62;163.62;163.62;;;0.26%
17/03/2009;163.62;163.62;163.62;163.62;;;0.00%
18/03/2009;163.62;163.62;163.62;163.62;;;0.00%
19/03/2009;163.62;163.62;163.62;163.62;;;0.00%
20/03/2009;163.26;163.26;163.26;163.26;;;-0.22%
23/03/2009;159.64;159.64;159.64;159.64;;;-2.22%
24/03/2009;159.64;159.64;159.64;159.64;;;0.00%
25/03/2009;159.64;159.64;159.64;159.64;;;0.00%
26/03/2009;159.64;159.64;159.64;159.64;;;0.00%
27/03/2009;159.64;159.64;159.64;159.64;;;0.00%
30/03/2009;159.54;159.54;159.54;159.54;;;-0.06%
31/03/2009;159.54;159.54;159.54;159.54;;;0.00%
01/04/2009;153.5;153.5;153.5;153.5;;;-3.79%
02/04/2009;153.5;153.5;153.5;153.5;;;0.00%
03/04/2009;153.48;153.48;153.48;153.48;;;-0.01%
06/04/2009;153.36;153.36;153.36;153.36;;;-0.08%
07/04/2009;151.07;151.07;151.07;151.07;;;-1.49%
08/04/2009;151.07;151.07;151.07;151.07;;;0.00%
09/04/2009;151.06;151.06;151.06;151.06;;;-0.01%
10/04/2009;151.06;151.06;151.06;151.06;;;0.00%
14/04/2009;151.06;151.06;151.06;151.06;;;0.00%
15/04/2009;151.07;151.07;151.07;151.07;;;0.01%
16/04/2009;148.35;148.35;148.35;148.35;;;-1.80%
17/04/2009;148.35;148.35;148.35;148.35;;;0.00%
20/04/2009;148.35;148.35;148.35;148.35;;;0.00%
21/04/2009;148.35;148.35;148.35;148.35;;;0.00%
22/04/2009;148.35;148.35;148.35;148.35;;;0.00%
23/04/2009;148.35;148.35;148.35;148.35;;;0.00%
24/04/2009;139.38;139.38;139.38;139.38;;;-6.05%
27/04/2009;139.38;139.38;139.38;139.38;;;0.00%
28/04/2009;139.38;139.38;139.38;139.38;;;0.00%
29/04/2009;139;139;139;139;;;-0.27%
30/04/2009;138.99;138.99;138.99;138.99;;;-0.01%
04/05/2009;136.45;136.45;136.45;136.45;;;-1.83%
05/05/2009;136.45;136.45;136.45;136.45;;;0.00%
06/05/2009;136.45;136.45;136.45;136.45;;;0.00%
07/05/2009;135.89;135.89;135.89;135.89;;;-0.41%
08/05/2009;135.89;135.89;135.89;135.89;;;0.00%
11/05/2009;136.37;136.37;136.37;136.37;;;0.35%
12/05/2009;134.74;134.74;134.74;134.74;;;-1.20%
13/05/2009;134.74;134.74;134.74;134.74;;;0.00%
14/05/2009;134.74;134.74;134.74;134.74;;;0.00%
15/05/2009;134.74;134.74;134.74;134.74;;;0.00%
18/05/2009;134.44;134.44;134.44;134.44;;;-0.22%
19/05/2009;134.44;134.44;134.44;134.44;;;0.00%
20/05/2009;133.81;133.81;133.81;133.81;;;-0.47%
22/05/2009;133.43;133.43;133.43;133.43;;;-0.28%
25/05/2009;133.43;133.43;133.43;133.43;;;0.00%
26/05/2009;133.43;133.43;133.43;133.43;;;0.00%
27/05/2009;133.43;133.43;133.43;133.43;;;0.00%
28/05/2009;133.43;133.43;133.43;133.43;;;0.00%
29/05/2009;131.44;131.44;131.44;131.44;;;-1.49%
02/06/2009;131.44;131.44;131.44;131.44;;;0.00%
03/06/2009;132.67;132.67;132.67;132.67;;;0.94%
04/06/2009;132.67;132.67;132.67;132.67;;;0.00%
05/06/2009;132.67;132.67;132.67;132.67;;;0.00%
08/06/2009;131.44;131.44;131.44;131.44;;;-0.93%
09/06/2009;131.44;131.44;131.44;131.44;;;0.00%
10/06/2009;131.73;131.73;131.73;131.73;;;0.22%
11/06/2009;132.95;132.95;132.95;132.95;;;0.93%
12/06/2009;134.93;134.93;134.93;134.93;;;1.49%
15/06/2009;138.42;138.42;138.42;138.42;;;2.59%
16/06/2009;138.42;138.42;138.42;138.42;;;0.00%
17/06/2009;141.13;141.13;141.13;141.13;;;1.96%
18/06/2009;141.13;141.13;141.13;141.13;;;0.00%
19/06/2009;141.14;141.14;141.14;141.14;;;0.01%
22/06/2009;143.95;143.95;143.95;143.95;;;1.99%
23/06/2009;143.97;143.97;143.97;143.97;;;0.01%
24/06/2009;141.4;141.4;141.4;141.4;;;-1.79%
25/06/2009;141.4;141.4;141.4;141.4;;;0.00%
26/06/2009;141.4;141.4;141.4;141.4;;;0.00%
29/06/2009;141.4;141.4;141.4;141.4;;;0.00%
30/06/2009;139;139;139;139;;;-1.70%
01/07/2009;141.42;141.42;141.42;141.42;;;1.74%
02/07/2009;141.42;141.42;141.42;141.42;;;0.00%
03/07/2009;141.41;141.41;141.41;141.41;;;-0.01%
06/07/2009;141.55;141.55;141.55;141.55;;;0.10%
07/07/2009;141.55;141.55;141.55;141.55;;;0.00%
08/07/2009;141.55;141.55;141.55;141.55;;;0.00%
09/07/2009;143.06;143.06;143.06;143.06;;;1.07%
10/07/2009;143.06;143.06;143.06;143.06;;;0.00%
13/07/2009;143.36;143.36;143.36;143.36;;;0.21%
14/07/2009;143.36;143.36;143.36;143.36;;;0.00%
15/07/2009;146.71;146.71;146.71;146.71;;;2.34%
16/07/2009;146.71;146.71;146.71;146.71;;;0.00%
17/07/2009;146.71;146.71;146.71;146.71;;;0.00%
20/07/2009;145.51;145.51;145.51;145.51;;;-0.82%
21/07/2009;149.39;149.39;149.39;149.39;;;2.67%
22/07/2009;151.71;151.71;151.71;151.71;;;1.55%
23/07/2009;151.54;151.54;151.54;151.54;;;-0.11%
24/07/2009;151.54;151.54;151.54;151.54;;;0.00%
27/07/2009;153.87;153.87;153.87;153.87;;;1.54%
28/07/2009;155.55;155.55;155.55;155.55;;;1.09%
29/07/2009;155.91;155.91;155.91;155.91;;;0.23%
30/07/2009;155.91;155.91;155.91;155.91;;;0.00%
31/07/2009;157.12;157.12;157.12;157.12;;;0.78%
03/08/2009;153.87;153.87;153.87;153.87;;;-2.07%
04/08/2009;151.7;151.7;151.7;151.7;;;-1.41%
05/08/2009;147.96;147.96;147.96;147.96;;;-2.47%
06/08/2009;147.96;147.96;147.96;147.96;;;0.00%
10/08/2009;144.34;144.34;144.34;144.34;;;-2.45%
11/08/2009;143.13;143.13;143.13;143.13;;;-0.84%
12/08/2009;143.13;143.13;143.13;143.13;;;0.00%
13/08/2009;142.52;142.52;142.52;142.52;;;-0.43%
14/08/2009;143.15;143.15;143.15;143.15;;;0.44%
17/08/2009;143.11;143.11;143.11;143.11;;;-0.03%
18/08/2009;143.15;143.15;143.15;143.15;;;0.03%
19/08/2009;144.35;144.35;144.35;144.35;;;0.84%
20/08/2009;146.25;146.25;146.25;146.25;;;1.32%
21/08/2009;145.86;145.86;145.86;145.86;;;-0.27%
24/08/2009;145.66;145.66;145.66;145.66;;;-0.14%
25/08/2009;145.66;145.66;145.66;145.66;;;0.00%
26/08/2009;145.57;145.57;145.57;145.57;;;-0.06%
27/08/2009;145.73;145.73;145.73;145.73;;;0.11%
28/08/2009;145.73;145.73;145.73;145.73;;;0.00%
31/08/2009;144.47;144.47;144.47;144.47;;;-0.86%
01/09/2009;144.47;144.47;144.47;144.47;;;0.00%
02/09/2009;143.92;143.92;143.92;143.92;;;-0.38%
03/09/2009;143.92;143.92;143.92;143.92;;;0.00%
04/09/2009;143.93;143.93;143.93;143.93;;;0.01%
07/09/2009;143.93;143.93;143.93;143.93;;;0.00%
08/09/2009;143.93;143.93;143.93;143.93;;;0.00%
09/09/2009;143.91;143.91;143.91;143.91;;;-0.01%
10/09/2009;143.91;143.91;143.91;143.91;;;0.00%
11/09/2009;143.9;143.9;143.9;143.9;;;-0.01%
14/09/2009;140.29;140.29;140.29;140.29;;;-2.51%
15/09/2009;140.29;140.29;140.29;140.29;;;0.00%
16/09/2009;140.28;140.28;140.28;140.28;;;-0.01%
18/09/2009;140.28;140.28;140.28;140.28;;;0.00%
21/09/2009;140.28;140.28;140.28;140.28;;;0.00%
22/09/2009;140.28;140.28;140.28;140.28;;;0.00%
23/09/2009;139.69;139.69;139.69;139.69;;;-0.42%
24/09/2009;139.69;139.69;139.69;139.69;;;0.00%
25/09/2009;138.21;138.21;138.21;138.21;;;-1.06%
28/09/2009;137.88;137.88;137.88;137.88;;;-0.24%
29/09/2009;137.27;137.27;137.27;137.27;;;-0.44%
30/09/2009;137.15;137.15;137.15;137.15;;;-0.09%
01/10/2009;137.15;137.15;137.15;137.15;;;0.00%
02/10/2009;136.72;136.72;136.72;136.72;;;-0.31%
05/10/2009;136.72;136.72;136.72;136.72;;;0.00%
06/10/2009;136.48;136.48;136.48;136.48;;;-0.18%
07/10/2009;136.43;136.43;136.43;136.43;;;-0.04%
08/10/2009;136.43;136.43;136.43;136.43;;;0.00%
09/10/2009;136.43;136.43;136.43;136.43;;;0.00%
12/10/2009;133.47;133.47;133.47;133.47;;;-2.17%
13/10/2009;133.46;133.46;133.46;133.46;;;-0.01%
14/10/2009;133.46;133.46;133.46;133.46;;;0.00%
15/10/2009;133.46;133.46;133.46;133.46;;;0.00%
16/10/2009;133.46;133.46;133.46;133.46;;;0.00%
19/10/2009;133.31;133.31;133.31;133.31;;;-0.11%
20/10/2009;133.33;133.33;133.33;133.33;;;0.02%
21/10/2009;133.33;133.33;133.33;133.33;;;0.00%
22/10/2009;133.1;133.1;133.1;133.1;;;-0.17%
23/10/2009;133.1;133.1;133.1;133.1;;;0.00%
26/10/2009;133.04;133.04;133.04;133.04;;;-0.05%
27/10/2009;130.02;130.02;130.02;130.02;;;-2.27%
28/10/2009;127.91;127.91;127.91;127.91;;;-1.62%
29/10/2009;127.91;127.91;127.91;127.91;;;0.00%
30/10/2009;127.91;127.91;127.91;127.91;;;0.00%
02/11/2009;127.31;127.31;127.31;127.31;;;-0.47%
03/11/2009;125.38;125.38;125.38;125.38;;;-1.52%
04/11/2009;125.38;125.38;125.38;125.38;;;0.00%
05/11/2009;125.38;125.38;125.38;125.38;;;0.00%
06/11/2009;125.38;125.38;125.38;125.38;;;0.00%
09/11/2009;124.29;124.29;124.29;124.29;;;-0.87%
10/11/2009;124.29;124.29;124.29;124.29;;;0.00%
11/11/2009;123.91;123.91;123.91;123.91;;;-0.31%
12/11/2009;123.89;123.89;123.89;123.89;;;-0.02%
13/11/2009;123.89;123.89;123.89;123.89;;;0.00%
16/11/2009;123.89;123.89;123.89;123.89;;;0.00%
17/11/2009;123.79;123.79;123.79;123.79;;;-0.08%
18/11/2009;123.88;123.88;123.88;123.88;;;0.07%
19/11/2009;123.88;123.88;123.88;123.88;;;0.00%
20/11/2009;123.88;123.88;123.88;123.88;;;0.00%
23/11/2009;123.88;123.88;123.88;123.88;;;0.00%
24/11/2009;123.88;123.88;123.88;123.88;;;0.00%
25/11/2009;123.3;123.3;123.3;123.3;;;-0.47%
26/11/2009;123.3;123.3;123.3;123.3;;;0.00%
30/11/2009;123.3;123.3;123.3;123.3;;;0.00%
01/12/2009;123.3;123.3;123.3;123.3;;;0.00%
02/12/2009;123.67;123.67;123.67;123.67;;;0.30%
03/12/2009;123.67;123.67;123.67;123.67;;;0.00%
04/12/2009;123.67;123.67;123.67;123.67;;;0.00%
07/12/2009;123.67;123.67;123.67;123.67;;;0.00%
08/12/2009;123.67;123.67;123.67;123.67;;;0.00%
09/12/2009;123.06;123.06;123.06;123.06;;;-0.49%
10/12/2009;123.06;123.06;123.06;123.06;;;0.00%
11/12/2009;123.06;123.06;123.06;123.06;;;0.00%
14/12/2009;123.06;123.06;123.06;123.06;;;0.00%
15/12/2009;126.08;126.08;126.08;126.08;;;2.45%
16/12/2009;126.68;126.68;126.68;126.68;;;0.48%
17/12/2009;126.68;126.68;126.68;126.68;;;0.00%
18/12/2009;126.68;126.68;126.68;126.68;;;0.00%
21/12/2009;126.68;126.68;126.68;126.68;;;0.00%
22/12/2009;126.08;126.08;126.08;126.08;;;-0.47%
23/12/2009;126.08;126.08;126.08;126.08;;;0.00%
24/12/2009;126.07;126.07;126.07;126.07;;;-0.01%
28/12/2009;128.98;128.98;128.98;128.98;;;2.31%
29/12/2009;131.12;131.12;131.12;131.12;;;1.66%
30/12/2009;130.13;130.13;130.13;130.13;;;-0.76%
31/12/2009;130.62;130.62;130.62;130.62;;;0.38%
04/01/2010;129.65;129.65;129.65;129.65;;;-0.74%
05/01/2010;129.95;129.95;129.95;129.95;;;0.23%
06/01/2010;129.36;129.36;129.36;129.36;;;-0.45%
07/01/2010;129.36;129.36;129.36;129.36;;;0.00%
08/01/2010;129.48;129.48;129.48;129.48;;;0.09%
11/01/2010;126.64;126.64;126.64;126.64;;;-2.19%
12/01/2010;126.64;126.64;126.64;126.64;;;0.00%
13/01/2010;126.53;126.53;126.53;126.53;;;-0.09%
14/01/2010;126.53;126.53;126.53;126.53;;;0.00%
15/01/2010;126.53;126.53;126.53;126.53;;;0.00%
18/01/2010;129.13;129.13;129.13;129.13;;;2.05%
19/01/2010;129.13;129.13;129.13;129.13;;;0.00%
20/01/2010;129.13;129.13;129.13;129.13;;;0.00%
21/01/2010;129.24;129.24;129.24;129.24;;;0.09%
22/01/2010;129.24;129.24;129.24;129.24;;;0.00%
25/01/2010;129.24;129.24;129.24;129.24;;;0.00%
26/01/2010;125.42;125.42;125.42;125.42;;;-2.96%
27/01/2010;125.42;125.42;125.42;125.42;;;0.00%
28/01/2010;125.29;125.29;125.29;125.29;;;-0.10%
29/01/2010;123.59;123.59;123.59;123.59;;;-1.36%
01/02/2010;122.51;122.51;122.51;122.51;;;-0.87%
02/02/2010;120.56;120.56;120.56;120.56;;;-1.59%
03/02/2010;121.16;121.16;121.16;121.16;;;0.50%
04/02/2010;120.56;120.56;120.56;120.56;;;-0.50%
05/02/2010;120.51;120.51;120.51;120.51;;;-0.04%
08/02/2010;120.51;120.51;120.51;120.51;;;0.00%
09/02/2010;120.51;120.51;120.51;120.51;;;0.00%
10/02/2010;120.51;120.51;120.51;120.51;;;0.00%
11/02/2010;120.51;120.51;120.51;120.51;;;0.00%
12/02/2010;120.51;120.51;120.51;120.51;;;0.00%
15/02/2010;119.16;119.16;119.16;119.16;;;-1.12%
16/02/2010;116.34;116.34;116.34;116.34;;;-2.37%
17/02/2010;115.18;115.18;115.18;115.18;;;-1.00%
18/02/2010;115.18;115.18;115.18;115.18;;;0.00%
19/02/2010;116.25;116.25;116.25;116.25;;;0.93%
22/02/2010;116.21;116.21;116.21;116.21;;;-0.03%
23/02/2010;116.21;116.21;116.21;116.21;;;0.00%
24/02/2010;116.21;116.21;116.21;116.21;;;0.00%
25/02/2010;117.72;117.72;117.72;117.72;;;1.30%
01/03/2010;117.48;117.48;117.48;117.48;;;-0.20%
02/03/2010;117.48;117.48;117.48;117.48;;;0.00%
03/03/2010;117.19;117.19;117.19;117.19;;;-0.25%
04/03/2010;113.15;113.15;113.15;113.15;;;-3.45%
05/03/2010;112.99;112.99;112.99;112.99;;;-0.14%
08/03/2010;112.99;112.99;112.99;112.99;;;0.00%
09/03/2010;112.99;112.99;112.99;112.99;;;0.00%
10/03/2010;113.1;113.1;113.1;113.1;;;0.10%
11/03/2010;112.96;112.96;112.96;112.96;;;-0.12%
12/03/2010;112.96;112.96;112.96;112.96;;;0.00%
15/03/2010;113.57;113.57;113.57;113.57;;;0.54%
16/03/2010;113.14;113.14;113.14;113.14;;;-0.38%
17/03/2010;112.9;112.9;112.9;112.9;;;-0.21%
18/03/2010;112.9;112.9;112.9;112.9;;;0.00%
19/03/2010;114.07;114.07;114.07;114.07;;;1.04%
22/03/2010;111.49;111.49;111.49;111.49;;;-2.26%
23/03/2010;111.49;111.49;111.49;111.49;;;0.00%
24/03/2010;111.46;111.46;111.46;111.46;;;-0.03%
25/03/2010;111.09;111.09;111.09;111.09;;;-0.33%
26/03/2010;110.14;110.14;110.14;110.14;;;-0.86%
29/03/2010;110.14;110.14;110.14;110.14;;;0.00%
30/03/2010;109.93;109.93;109.93;109.93;;;-0.19%
31/03/2010;109.93;109.93;109.93;109.93;;;0.00%
01/04/2010;109.93;109.93;109.93;109.93;;;0.00%
02/04/2010;109.93;109.93;109.93;109.93;;;0.00%
06/04/2010;109.93;109.93;109.93;109.93;;;0.00%
07/04/2010;109.93;109.93;109.93;109.93;;;0.00%
08/04/2010;109.93;109.93;109.93;109.93;;;0.00%
09/04/2010;109.93;109.93;109.93;109.93;;;0.00%
12/04/2010;109.93;109.93;109.93;109.93;;;0.00%
13/04/2010;109.92;109.92;109.92;109.92;;;-0.01%
14/04/2010;109.92;109.92;109.92;109.92;;;0.00%
15/04/2010;109.92;109.92;109.92;109.92;;;0.00%
16/04/2010;109.92;109.92;109.92;109.92;;;0.00%
19/04/2010;113.85;113.85;113.85;113.85;;;3.58%
20/04/2010;113.85;113.85;113.85;113.85;;;0.00%
21/04/2010;113.85;113.85;113.85;113.85;;;0.00%
22/04/2010;113.85;113.85;113.85;113.85;;;0.00%
23/04/2010;113.83;113.83;113.83;113.83;;;-0.02%
26/04/2010;114.62;114.62;114.62;114.62;;;0.69%
27/04/2010;113.33;113.33;113.33;113.33;;;-1.13%
28/04/2010;113.68;113.68;113.68;113.68;;;0.31%
29/04/2010;113.9;113.9;113.9;113.9;;;0.19%
30/04/2010;113.9;113.9;113.9;113.9;;;0.00%
03/05/2010;113.9;113.9;113.9;113.9;;;0.00%
04/05/2010;113.9;113.9;113.9;113.9;;;0.00%
05/05/2010;113.9;113.9;113.9;113.9;;;0.00%
06/05/2010;114.75;114.75;114.75;114.75;;;0.75%
07/05/2010;114.44;114.44;114.44;114.44;;;-0.27%
10/05/2010;115.32;115.32;115.32;115.32;;;0.77%
11/05/2010;115.49;115.49;115.49;115.49;;;0.15%
12/05/2010;115.49;115.49;115.49;115.49;;;0.00%
14/05/2010;115.63;115.63;115.63;115.63;;;0.12%
17/05/2010;118.91;118.91;118.91;118.91;;;2.84%
18/05/2010;118.91;118.91;118.91;118.91;;;0.00%
19/05/2010;118.91;118.91;118.91;118.91;;;0.00%
20/05/2010;122.98;122.98;122.98;122.98;;;3.42%
21/05/2010;124.55;124.55;124.55;124.55;;;1.28%
25/05/2010;123.45;123.45;123.45;123.45;;;-0.88%
26/05/2010;124.13;124.13;124.13;124.13;;;0.55%
27/05/2010;124.52;124.52;124.52;124.52;;;0.31%
28/05/2010;124.51;124.51;124.51;124.51;;;-0.01%
31/05/2010;124.42;124.42;124.42;124.42;;;-0.07%
01/06/2010;124.06;124.06;124.06;124.06;;;-0.29%
02/06/2010;124.06;124.06;124.06;124.06;;;0.00%
03/06/2010;124.06;124.06;124.06;124.06;;;0.00%
04/06/2010;124.36;124.36;124.36;124.36;;;0.24%
07/06/2010;124.36;124.36;124.36;124.36;;;0.00%
08/06/2010;122.57;122.57;122.57;122.57;;;-1.44%
09/06/2010;122.83;122.83;122.83;122.83;;;0.21%
10/06/2010;122.98;122.98;122.98;122.98;;;0.12%
11/06/2010;122.98;122.98;122.98;122.98;;;0.00%
14/06/2010;122.26;122.26;122.26;122.26;;;-0.59%
15/06/2010;122.26;122.26;122.26;122.26;;;0.00%
16/06/2010;117.35;117.35;117.35;117.35;;;-4.02%
17/06/2010;116.75;116.75;116.75;116.75;;;-0.51%
18/06/2010;116.76;116.76;116.76;116.76;;;0.01%
21/06/2010;116.72;116.72;116.72;116.72;;;-0.03%
22/06/2010;111.32;111.32;111.32;111.32;;;-4.63%
23/06/2010;111.21;111.21;111.21;111.21;;;-0.10%
24/06/2010;110.61;110.61;110.61;110.61;;;-0.54%
25/06/2010;110.61;110.61;110.61;110.61;;;0.00%
28/06/2010;110.61;110.61;110.61;110.61;;;0.00%
29/06/2010;110.49;110.49;110.49;110.49;;;-0.11%
30/06/2010;111.12;111.12;111.12;111.12;;;0.57%
01/07/2010;114.36;114.36;114.36;114.36;;;2.92%
02/07/2010;114.36;114.36;114.36;114.36;;;0.00%
05/07/2010;114.36;114.36;114.36;114.36;;;0.00%
06/07/2010;114.36;114.36;114.36;114.36;;;0.00%
07/07/2010;114.96;114.96;114.96;114.96;;;0.52%
08/07/2010;114.96;114.96;114.96;114.96;;;0.00%
09/07/2010;114.96;114.96;114.96;114.96;;;0.00%
12/07/2010;115.56;115.56;115.56;115.56;;;0.52%
13/07/2010;115.56;115.56;115.56;115.56;;;0.00%
14/07/2010;116.55;116.55;116.55;116.55;;;0.86%
15/07/2010;115.17;115.17;115.17;115.17;;;-1.18%
16/07/2010;114.18;114.18;114.18;114.18;;;-0.86%
19/07/2010;114.18;114.18;114.18;114.18;;;0.00%
20/07/2010;114.18;114.18;114.18;114.18;;;0.00%
21/07/2010;113.96;113.96;113.96;113.96;;;-0.19%
22/07/2010;113.84;113.84;113.84;113.84;;;-0.11%
23/07/2010;113.36;113.36;113.36;113.36;;;-0.42%
26/07/2010;113.61;113.61;113.61;113.61;;;0.22%
27/07/2010;111.81;111.81;111.81;111.81;;;-1.58%
28/07/2010;111.81;111.81;111.81;111.81;;;0.00%
29/07/2010;111.8;111.8;111.8;111.8;;;-0.01%
30/07/2010;111.77;111.77;111.77;111.77;;;-0.03%
02/08/2010;111.81;111.81;111.81;111.81;;;0.04%
03/08/2010;110.01;110.01;110.01;110.01;;;-1.61%
04/08/2010;106.42;106.42;106.42;106.42;;;-3.26%
05/08/2010;106.42;106.42;106.42;106.42;;;0.00%
06/08/2010;108.82;108.82;108.82;108.82;;;2.26%
09/08/2010;108.82;108.82;108.82;108.82;;;0.00%
10/08/2010;108.76;108.76;108.76;108.76;;;-0.06%
11/08/2010;108.76;108.76;108.76;108.76;;;0.00%
12/08/2010;109.36;109.36;109.36;109.36;;;0.55%
13/08/2010;110.56;110.56;110.56;110.56;;;1.10%
16/08/2010;113.01;113.01;113.01;113.01;;;2.22%
17/08/2010;111.21;111.21;111.21;111.21;;;-1.59%
18/08/2010;111.21;111.21;111.21;111.21;;;0.00%
19/08/2010;110.61;110.61;110.61;110.61;;;-0.54%
20/08/2010;110.61;110.61;110.61;110.61;;;0.00%
23/08/2010;110.61;110.61;110.61;110.61;;;0.00%
24/08/2010;110.71;110.71;110.71;110.71;;;0.09%
25/08/2010;110.71;110.71;110.71;110.71;;;0.00%
26/08/2010;110.71;110.71;110.71;110.71;;;0.00%
27/08/2010;110.71;110.71;110.71;110.71;;;0.00%
30/08/2010;110.11;110.11;110.11;110.11;;;-0.54%
31/08/2010;109.51;109.51;109.51;109.51;;;-0.54%
01/09/2010;109.51;109.51;109.51;109.51;;;0.00%
02/09/2010;109.84;109.84;109.84;109.84;;;0.30%
03/09/2010;110.89;110.89;110.89;110.89;;;0.96%
07/09/2010;112.02;112.02;112.02;112.02;;;1.02%
08/09/2010;112.02;112.02;112.02;112.02;;;0.00%
09/09/2010;112.2;112.2;112.2;112.2;;;0.16%
13/09/2010;112.47;112.47;112.47;112.47;;;0.24%
14/09/2010;112.47;112.47;112.47;112.47;;;0.00%
15/09/2010;112.75;112.75;112.75;112.75;;;0.25%
16/09/2010;116.21;116.21;116.21;116.21;;;3.07%
17/09/2010;116.21;116.21;116.21;116.21;;;0.00%
20/09/2010;116.22;116.22;116.22;116.22;;;0.01%
21/09/2010;113.92;113.92;113.92;113.92;;;-1.98%
22/09/2010;113.85;113.85;113.85;113.85;;;-0.06%
23/09/2010;113.85;113.85;113.85;113.85;;;0.00%
24/09/2010;113.85;113.85;113.85;113.85;;;0.00%
27/09/2010;113.85;113.85;113.85;113.85;;;0.00%
28/09/2010;113.85;113.85;113.85;113.85;;;0.00%
29/09/2010;113.85;113.85;113.85;113.85;;;0.00%
30/09/2010;114.37;114.37;114.37;114.37;;;0.46%
01/10/2010;113.84;113.84;113.84;113.84;;;-0.46%
04/10/2010;113.84;113.84;113.84;113.84;;;0.00%
05/10/2010;113.86;113.86;113.86;113.86;;;0.02%
06/10/2010;114.46;114.46;114.46;114.46;;;0.53%
07/10/2010;114.46;114.46;114.46;114.46;;;0.00%
08/10/2010;113.71;113.71;113.71;113.71;;;-0.66%
11/10/2010;113.62;113.62;113.62;113.62;;;-0.08%
12/10/2010;113.68;113.68;113.68;113.68;;;0.05%
13/10/2010;113.47;113.47;113.47;113.47;;;-0.18%
14/10/2010;113.03;113.03;113.03;113.03;;;-0.39%
15/10/2010;112.58;112.58;112.58;112.58;;;-0.40%
18/10/2010;113.18;113.18;113.18;113.18;;;0.53%
19/10/2010;113.18;113.18;113.18;113.18;;;0.00%
20/10/2010;113.2;113.2;113.2;113.2;;;0.02%
21/10/2010;116.99;116.99;116.99;116.99;;;3.35%
22/10/2010;114.9;114.9;114.9;114.9;;;-1.79%
25/10/2010;111.96;111.96;111.96;111.96;;;-2.56%
26/10/2010;110.79;110.79;110.79;110.79;;;-1.05%
27/10/2010;110.78;110.78;110.78;110.78;;;-0.01%
28/10/2010;109.21;109.21;109.21;109.21;;;-1.42%
29/10/2010;109.22;109.22;109.22;109.22;;;0.01%
02/11/2010;109.22;109.22;109.22;109.22;;;0.00%
03/11/2010;112.22;112.22;112.22;112.22;;;2.75%
04/11/2010;113.14;113.14;113.14;113.14;;;0.82%
05/11/2010;116.52;116.52;116.52;116.52;;;2.99%
08/11/2010;116.52;116.52;116.52;116.52;;;0.00%
09/11/2010;118.36;118.36;118.36;118.36;;;1.58%
10/11/2010;118.89;118.89;118.89;118.89;;;0.45%
11/11/2010;121.45;121.45;121.45;121.45;;;2.15%
12/11/2010;121.3;121.3;121.3;121.3;;;-0.12%
17/11/2010;120.84;120.84;120.84;120.84;;;-0.38%
18/11/2010;123.24;123.24;123.24;123.24;;;1.99%
19/11/2010;123.27;123.27;123.27;123.27;;;0.02%
22/11/2010;124.68;124.68;124.68;124.68;;;1.14%
23/11/2010;123.78;123.78;123.78;123.78;;;-0.72%
24/11/2010;123.84;123.84;123.84;123.84;;;0.05%
25/11/2010;123.85;123.85;123.85;123.85;;;0.01%
26/11/2010;123.85;123.85;123.85;123.85;;;0.00%
29/11/2010;123.9;123.9;123.9;123.9;;;0.04%
30/11/2010;125.04;125.04;125.04;125.04;;;0.92%
01/12/2010;124.1;124.1;124.1;124.1;;;-0.75%
02/12/2010;124.2;124.2;124.2;124.2;;;0.08%
03/12/2010;124.4;124.4;124.4;124.4;;;0.16%
06/12/2010;124.09;124.09;124.09;124.09;;;-0.25%
07/12/2010;123.98;123.98;123.98;123.98;;;-0.09%
08/12/2010;123.45;123.45;123.45;123.45;;;-0.43%
09/12/2010;123.45;123.45;123.45;123.45;;;0.00%
10/12/2010;124.05;124.05;124.05;124.05;;;0.49%
13/12/2010;124.05;124.05;124.05;124.05;;;0.00%
14/12/2010;123.57;123.57;123.57;123.57;;;-0.39%
15/12/2010;123.57;123.57;123.57;123.57;;;0.00%
16/12/2010;123.04;123.04;123.04;123.04;;;-0.43%
17/12/2010;123.04;123.04;123.04;123.04;;;0.00%
20/12/2010;123.04;123.04;123.04;123.04;;;0.00%
21/12/2010;122.66;122.66;122.66;122.66;;;-0.31%
22/12/2010;122.66;122.66;122.66;122.66;;;0.00%
23/12/2010;122.67;122.67;122.67;122.67;;;0.01%
24/12/2010;122.67;122.67;122.67;122.67;;;0.00%
27/12/2010;122.67;122.67;122.67;122.67;;;0.00%
28/12/2010;123.1;123.1;123.1;123.1;;;0.35%
29/12/2010;123.33;123.33;123.33;123.33;;;0.19%
30/12/2010;123.57;123.57;123.57;123.57;;;0.19%
31/12/2010;123.57;123.57;123.57;123.57;;;0.00%
03/01/2011;123.57;123.57;123.57;123.57;;;0.00%
04/01/2011;123.57;123.57;123.57;123.57;;;0.00%
05/01/2011;124.62;124.62;124.62;124.62;;;0.85%
06/01/2011;124.64;124.64;124.64;124.64;;;0.02%
07/01/2011;124.58;124.58;124.58;124.58;;;-0.05%
10/01/2011;124.34;124.34;124.34;124.34;;;-0.19%
11/01/2011;124.69;124.69;124.69;124.69;;;0.28%
12/01/2011;124.69;124.69;124.69;124.69;;;0.00%
13/01/2011;124.69;124.69;124.69;124.69;;;0.00%
14/01/2011;124.69;124.69;124.69;124.69;;;0.00%
17/01/2011;124.81;124.81;124.81;124.81;;;0.10%
18/01/2011;124.81;124.81;124.81;124.81;;;0.00%
19/01/2011;124.93;124.93;124.93;124.93;;;0.10%
20/01/2011;125.29;125.29;125.29;125.29;;;0.29%
21/01/2011;125.29;125.29;125.29;125.29;;;0.00%
24/01/2011;123.93;123.93;123.93;123.93;;;-1.09%
25/01/2011;123.5;123.5;123.5;123.5;;;-0.35%
26/01/2011;123.5;123.5;123.5;123.5;;;0.00%
27/01/2011;123.5;123.5;123.5;123.5;;;0.00%
28/01/2011;123.24;123.24;123.24;123.24;;;-0.21%
31/01/2011;122.63;122.63;122.63;122.63;;;-0.49%
01/02/2011;122;122;122;122;;;-0.51%
02/02/2011;122;122;122;122;;;0.00%
03/02/2011;122;122;122;122;;;0.00%
04/02/2011;122;122;122;122;;;0.00%
07/02/2011;121.76;121.76;121.76;121.76;;;-0.20%
08/02/2011;122;122;122;122;;;0.20%
10/02/2011;122;122;122;122;;;0.00%
11/02/2011;122;122;122;122;;;0.00%
01/03/2011;122.56;122.56;122.56;122.56;;;0.46%
02/03/2011;122.56;122.56;122.56;122.56;;;0.00%
03/03/2011;122.56;122.56;122.56;122.56;;;0.00%
04/03/2011;122.56;122.56;122.56;122.56;;;0.00%
07/03/2011;122.56;122.56;122.56;122.56;;;0.00%
08/03/2011;122.56;122.56;122.56;122.56;;;0.00%
09/03/2011;122.56;122.56;122.56;122.56;;;0.00%
10/03/2011;122.56;122.56;122.56;122.56;;;0.00%
11/03/2011;122.56;122.56;122.56;122.56;;;0.00%
14/03/2011;122.56;122.56;122.56;122.56;;;0.00%
15/03/2011;122.56;122.56;122.56;122.56;;;0.00%
16/03/2011;122.56;122.56;122.56;122.56;;;0.00%
17/03/2011;122.56;122.56;122.56;122.56;;;0.00%
18/03/2011;122.56;122.56;122.56;122.56;;;0.00%
21/03/2011;122.56;122.56;122.56;122.56;;;0.00%
22/03/2011;122.56;122.56;122.56;122.56;;;0.00%
23/03/2011;122.56;122.56;122.56;122.56;;;0.00%
24/03/2011;122.46;122.46;122.46;122.46;;;-0.08%
25/03/2011;122.46;122.46;122.46;122.46;;;0.00%
28/03/2011;122.46;122.46;122.46;122.46;;;0.00%
29/03/2011;122.46;122.46;122.46;122.46;;;0.00%
30/03/2011;122.46;122.46;122.46;122.46;;;0.00%
31/03/2011;122.46;122.46;122.46;122.46;;;0.00%
01/04/2011;122.46;122.46;122.46;122.46;;;0.00%
04/04/2011;122.46;122.46;122.46;122.46;;;0.00%
05/04/2011;122.46;122.46;122.46;122.46;;;0.00%
06/04/2011;122.46;122.46;122.46;122.46;;;0.00%
07/04/2011;122.46;122.46;122.46;122.46;;;0.00%
08/04/2011;122.46;122.46;122.46;122.46;;;0.00%
11/04/2011;122.46;122.46;122.46;122.46;;;0.00%
12/04/2011;122.46;122.46;122.46;122.46;;;0.00%
13/04/2011;122.46;122.46;122.46;122.46;;;0.00%
14/04/2011;122.46;122.46;122.46;122.46;;;0.00%
15/04/2011;122.46;122.46;122.46;122.46;;;0.00%
18/04/2011;122.46;122.46;122.46;122.46;;;0.00%
19/04/2011;122.46;122.46;122.46;122.46;;;0.00%
20/04/2011;122.46;122.46;122.46;122.46;;;0.00%
21/04/2011;122.46;122.46;122.46;122.46;;;0.00%
22/04/2011;122.46;122.46;122.46;122.46;;;0.00%
26/04/2011;122.46;122.46;122.46;122.46;;;0.00%
27/04/2011;122.46;122.46;122.46;122.46;;;0.00%
28/04/2011;122.46;122.46;122.46;122.46;;;0.00%
29/04/2011;122.46;122.46;122.46;122.46;;;0.00%
03/05/2011;122.46;122.46;122.46;122.46;;;0.00%
04/05/2011;120.79;120.79;120.79;120.79;;;-1.36%
05/05/2011;120.79;120.79;120.79;120.79;;;0.00%
06/05/2011;120.79;120.79;120.79;120.79;;;0.00%
09/05/2011;120.79;120.79;120.79;120.79;;;0.00%
10/05/2011;120.79;120.79;120.79;120.79;;;0.00%
11/05/2011;120.67;120.67;120.67;120.67;;;-0.10%
12/05/2011;120.64;120.64;120.64;120.64;;;-0.02%
13/05/2011;120.64;120.64;120.64;120.64;;;0.00%
16/05/2011;120.64;120.64;120.64;120.64;;;0.00%
17/05/2011;120.64;120.64;120.64;120.64;;;0.00%
18/05/2011;120.64;120.64;120.64;120.64;;;0.00%
19/05/2011;120.64;120.64;120.64;120.64;;;0.00%
20/05/2011;119.17;119.17;119.17;119.17;;;-1.22%
23/05/2011;119.29;119.29;119.29;119.29;;;0.10%
24/05/2011;119.29;119.29;119.29;119.29;;;0.00%
25/05/2011;120.49;120.49;120.49;120.49;;;1.01%
26/05/2011;120.49;120.49;120.49;120.49;;;0.00%
27/05/2011;121.26;121.26;121.26;121.26;;;0.64%
30/05/2011;119.8;119.8;119.8;119.8;;;-1.20%
31/05/2011;119.04;119.04;119.04;119.04;;;-0.63%
01/06/2011;119.04;119.04;119.04;119.04;;;0.00%
03/06/2011;118.16;118.16;118.16;118.16;;;-0.74%
06/06/2011;121.95;121.95;121.95;121.95;;;3.21%
07/06/2011;117.66;117.66;117.66;117.66;;;-3.52%
08/06/2011;116.46;116.46;116.46;116.46;;;-1.02%
09/06/2011;117.67;117.67;117.67;117.67;;;1.04%
10/06/2011;117.67;117.67;117.67;117.67;;;0.00%
14/06/2011;117.79;117.79;117.79;117.79;;;0.10%
15/06/2011;117.79;117.79;117.79;117.79;;;0.00%
16/06/2011;117.79;117.79;117.79;117.79;;;0.00%
17/06/2011;113.75;113.75;113.75;113.75;;;-3.43%
20/06/2011;114.63;114.63;114.63;114.63;;;0.77%
21/06/2011;114.63;114.63;114.63;114.63;;;0.00%
22/06/2011;110.63;110.63;110.63;110.63;;;-3.49%
23/06/2011;109.4;109.4;109.4;109.4;;;-1.11%
24/06/2011;110.84;110.84;110.84;110.84;;;1.32%
27/06/2011;110.84;110.84;110.84;110.84;;;0.00%
28/06/2011;110.74;110.74;110.74;110.74;;;-0.09%
29/06/2011;111.33;111.33;111.33;111.33;;;0.53%
30/06/2011;111.81;111.81;111.81;111.81;;;0.43%
01/07/2011;112.32;112.32;112.32;112.32;;;0.46%
04/07/2011;112.32;112.32;112.32;112.32;;;0.00%
05/07/2011;113.48;113.48;113.48;113.48;;;1.03%
06/07/2011;113.48;113.48;113.48;113.48;;;0.00%
07/07/2011;112.28;112.28;112.28;112.28;;;-1.06%
08/07/2011;114.73;114.73;114.73;114.73;;;2.18%
11/07/2011;114.73;114.73;114.73;114.73;;;0.00%
12/07/2011;114.73;114.73;114.73;114.73;;;0.00%
13/07/2011;114.73;114.73;114.73;114.73;;;0.00%
14/07/2011;114.91;114.91;114.91;114.91;;;0.16%
15/07/2011;114.91;114.91;114.91;114.91;;;0.00%
18/07/2011;114.91;114.91;114.91;114.91;;;0.00%
19/07/2011;115.17;115.17;115.17;115.17;;;0.23%
20/07/2011;115.17;115.17;115.17;115.17;;;0.00%
21/07/2011;107.32;107.32;107.32;107.32;;;-6.82%
22/07/2011;107.73;107.73;107.73;107.73;;;0.38%
25/07/2011;107.55;107.55;107.55;107.55;;;-0.17%
26/07/2011;107.56;107.56;107.56;107.56;;;0.01%
27/07/2011;106.36;106.36;106.36;106.36;;;-1.12%
28/07/2011;105.68;105.68;105.68;105.68;;;-0.64%
29/07/2011;102.68;102.68;102.68;102.68;;;-2.84%
01/08/2011;102.68;102.68;102.68;102.68;;;0.00%
02/08/2011;101.49;101.49;101.49;101.49;;;-1.16%
03/08/2011;101.49;101.49;101.49;101.49;;;0.00%
04/08/2011;101.36;101.36;101.36;101.36;;;-0.13%
05/08/2011;101.61;101.61;101.61;101.61;;;0.25%
09/08/2011;102.61;102.61;102.61;102.61;;;0.98%
10/08/2011;104.45;104.45;104.45;104.45;;;1.79%
11/08/2011;102.62;102.62;102.62;102.62;;;-1.75%
12/08/2011;102.62;102.62;102.62;102.62;;;0.00%
16/08/2011;102.5;102.5;102.5;102.5;;;-0.12%
17/08/2011;102.87;102.87;102.87;102.87;;;0.36%
18/08/2011;102.24;102.24;102.24;102.24;;;-0.61%
19/08/2011;102.24;102.24;102.24;102.24;;;0.00%
22/08/2011;102.24;102.24;102.24;102.24;;;0.00%
23/08/2011;103.1;103.1;103.1;103.1;;;0.84%
24/08/2011;102.65;102.65;102.65;102.65;;;-0.44%
25/08/2011;102.85;102.85;102.85;102.85;;;0.19%
26/08/2011;102.39;102.39;102.39;102.39;;;-0.45%
29/08/2011;102.05;102.05;102.05;102.05;;;-0.33%
31/08/2011;102.05;102.05;102.05;102.05;;;0.00%
01/09/2011;102.06;102.06;102.06;102.06;;;0.01%
02/09/2011;102.06;102.06;102.06;102.06;;;0.00%
05/09/2011;102.46;102.46;102.46;102.46;;;0.39%
06/09/2011;103.6;103.6;103.6;103.6;;;1.11%
07/09/2011;103.6;103.6;103.6;103.6;;;0.00%
08/09/2011;103.58;103.58;103.58;103.58;;;-0.02%
09/09/2011;102.89;102.89;102.89;102.89;;;-0.67%
12/09/2011;103.55;103.55;103.55;103.55;;;0.64%
13/09/2011;103.55;103.55;103.55;103.55;;;0.00%
14/09/2011;103.55;103.55;103.55;103.55;;;0.00%
15/09/2011;103.55;103.55;103.55;103.55;;;0.00%
16/09/2011;103.05;103.05;103.05;103.05;;;-0.48%
19/09/2011;103.78;103.78;103.78;103.78;;;0.71%
20/09/2011;103.81;103.81;103.81;103.81;;;0.03%
21/09/2011;103.81;103.81;103.81;103.81;;;0.00%
22/09/2011;103.86;103.86;103.86;103.86;;;0.05%
23/09/2011;104.34;104.34;104.34;104.34;;;0.46%
26/09/2011;103.56;103.56;103.56;103.56;;;-0.75%
27/09/2011;103.56;103.56;103.56;103.56;;;0.00%
28/09/2011;102.96;102.96;102.96;102.96;;;-0.58%
29/09/2011;102.96;102.96;102.96;102.96;;;0.00%
30/09/2011;102.96;102.96;102.96;102.96;;;0.00%
03/10/2011;102.96;102.96;102.96;102.96;;;0.00%
04/10/2011;102.93;102.93;102.93;102.93;;;-0.03%
05/10/2011;103.39;103.39;103.39;103.39;;;0.45%
06/10/2011;103.3;103.3;103.3;103.3;;;-0.09%
07/10/2011;103.3;103.3;103.3;103.3;;;0.00%
10/10/2011;103.3;103.3;103.3;103.3;;;0.00%
11/10/2011;102.38;102.38;102.38;102.38;;;-0.89%
12/10/2011;102.38;102.38;102.38;102.38;;;0.00%
13/10/2011;102.38;102.38;102.38;102.38;;;0.00%
14/10/2011;102.86;102.86;102.86;102.86;;;0.47%
17/10/2011;102.86;102.86;102.86;102.86;;;0.00%
18/10/2011;102.86;102.86;102.86;102.86;;;0.00%
19/10/2011;102.86;102.86;102.86;102.86;;;0.00%
20/10/2011;103.82;103.82;103.82;103.82;;;0.93%
21/10/2011;104.53;104.53;104.53;104.53;;;0.68%
24/10/2011;104.69;104.69;104.69;104.69;;;0.15%
25/10/2011;106.56;106.56;106.56;106.56;;;1.79%
26/10/2011;108.07;108.07;108.07;108.07;;;1.42%
27/10/2011;108.09;108.09;108.09;108.09;;;0.02%
28/10/2011;107.78;107.78;107.78;107.78;;;-0.29%
31/10/2011;107.76;107.76;107.76;107.76;;;-0.02%
02/11/2011;107.61;107.61;107.61;107.61;;;-0.14%
03/11/2011;107.65;107.65;107.65;107.65;;;0.04%
04/11/2011;107.39;107.39;107.39;107.39;;;-0.24%
08/11/2011;107.39;107.39;107.39;107.39;;;0.00%
09/11/2011;106.79;106.79;106.79;106.79;;;-0.56%
10/11/2011;106.84;106.84;106.84;106.84;;;0.05%
11/11/2011;106.99;106.99;106.99;106.99;;;0.14%
14/11/2011;106.68;106.68;106.68;106.68;;;-0.29%
16/11/2011;107.28;107.28;107.28;107.28;;;0.56%
17/11/2011;107.28;107.28;107.28;107.28;;;0.00%
18/11/2011;105.58;105.58;105.58;105.58;;;-1.58%
21/11/2011;104.86;104.86;104.86;104.86;;;-0.68%
22/11/2011;103.95;103.95;103.95;103.95;;;-0.87%
23/11/2011;103.75;103.75;103.75;103.75;;;-0.19%
24/11/2011;103.75;103.75;103.75;103.75;;;0.00%
25/11/2011;104.15;104.15;104.15;104.15;;;0.39%
28/11/2011;104.69;104.69;104.69;104.69;;;0.52%
29/11/2011;105.17;105.17;105.17;105.17;;;0.46%
30/11/2011;105.93;105.93;105.93;105.93;;;0.72%
01/12/2011;105.33;105.33;105.33;105.33;;;-0.57%
02/12/2011;105.89;105.89;105.89;105.89;;;0.53%
05/12/2011;105.96;105.96;105.96;105.96;;;0.07%
06/12/2011;107.02;107.02;107.02;107.02;;;1.00%
07/12/2011;107.02;107.02;107.02;107.02;;;0.00%
08/12/2011;107.63;107.63;107.63;107.63;;;0.57%
09/12/2011;107.63;107.63;107.63;107.63;;;0.00%
12/12/2011;106.43;106.43;106.43;106.43;;;-1.11%
13/12/2011;106.43;106.43;106.43;106.43;;;0.00%
14/12/2011;106.43;106.43;106.43;106.43;;;0.00%
15/12/2011;106.43;106.43;106.43;106.43;;;0.00%
16/12/2011;106.43;106.43;106.43;106.43;;;0.00%
19/12/2011;105.05;105.05;105.05;105.05;;;-1.30%
20/12/2011;106.13;106.13;106.13;106.13;;;1.03%
21/12/2011;106.13;106.13;106.13;106.13;;;0.00%
22/12/2011;106.28;106.28;106.28;106.28;;;0.14%
23/12/2011;106.28;106.28;106.28;106.28;;;0.00%
27/12/2011;106.28;106.28;106.28;106.28;;;0.00%
28/12/2011;106.57;106.57;106.57;106.57;;;0.27%
29/12/2011;105.97;105.97;105.97;105.97;;;-0.56%
30/12/2011;106.28;106.28;106.28;106.28;;;0.29%
02/01/2012;106.28;106.28;106.28;106.28;;;0.00%
03/01/2012;106.28;106.28;106.28;106.28;;;0.00%
04/01/2012;105.8;105.8;105.8;105.8;;;-0.45%
05/01/2012;105.36;105.36;105.36;105.36;;;-0.42%
06/01/2012;105.03;105.03;105.03;105.03;;;-0.31%
09/01/2012;104.76;104.76;104.76;104.76;;;-0.26%
10/01/2012;105.29;105.29;105.29;105.29;;;0.51%
11/01/2012;105.47;105.47;105.47;105.47;;;0.17%
12/01/2012;105.47;105.47;105.47;105.47;;;0.00%
13/01/2012;105.47;105.47;105.47;105.47;;;0.00%
16/01/2012;105.78;105.78;105.78;105.78;;;0.29%
17/01/2012;104.96;104.96;104.96;104.96;;;-0.78%
18/01/2012;105.28;105.28;105.28;105.28;;;0.30%
19/01/2012;104.68;104.68;104.68;104.68;;;-0.57%
20/01/2012;104.68;104.68;104.68;104.68;;;0.00%
23/01/2012;104.69;104.69;104.69;104.69;;;0.01%
24/01/2012;104.48;104.48;104.48;104.48;;;-0.20%
25/01/2012;104.48;104.48;104.48;104.48;;;0.00%
26/01/2012;104.48;104.48;104.48;104.48;;;0.00%
27/01/2012;103.34;103.34;103.34;103.34;;;-1.09%
30/01/2012;103.34;103.34;103.34;103.34;;;0.00%
31/01/2012;102.28;102.28;102.28;102.28;;;-1.03%
01/02/2012;102.57;102.57;102.57;102.57;;;0.28%
02/02/2012;102.57;102.57;102.57;102.57;;;0.00%
03/02/2012;102.89;102.89;102.89;102.89;;;0.31%
06/02/2012;103.17;103.17;103.17;103.17;;;0.27%
07/02/2012;104.36;104.36;104.36;104.36;;;1.15%
08/02/2012;104.4;104.4;104.4;104.4;;;0.04%
09/02/2012;104.3;104.3;104.3;104.3;;;-0.10%
10/02/2012;103.76;103.76;103.76;103.76;;;-0.52%
14/02/2012;102.91;102.91;102.91;102.91;;;-0.82%
15/02/2012;102.92;102.92;102.92;102.92;;;0.01%
16/02/2012;102.92;102.92;102.92;102.92;;;0.00%
17/02/2012;101.15;101.15;101.15;101.15;;;-1.72%
20/02/2012;101.15;101.15;101.15;101.15;;;0.00%
21/02/2012;101.98;101.98;101.98;101.98;;;0.82%
22/02/2012;102.04;102.04;102.04;102.04;;;0.06%
23/02/2012;101.94;101.94;101.94;101.94;;;-0.10%
24/02/2012;103.29;103.29;103.29;103.29;;;1.32%
27/02/2012;102.1;102.1;102.1;102.1;;;-1.15%
28/02/2012;102.37;102.37;102.37;102.37;;;0.26%
29/02/2012;103.68;103.68;103.68;103.68;;;1.28%
01/03/2012;104.16;104.16;104.16;104.16;;;0.46%
02/03/2012;105.35;105.35;105.35;105.35;;;1.14%
05/03/2012;106.63;106.63;106.63;106.63;;;1.21%
06/03/2012;108.32;108.32;108.32;108.32;;;1.58%
07/03/2012;108.89;108.89;108.89;108.89;;;0.53%
08/03/2012;108.9;108.9;108.9;108.9;;;0.01%
09/03/2012;109.8;109.8;109.8;109.8;;;0.83%
12/03/2012;110.12;110.12;110.12;110.12;;;0.29%
13/03/2012;111.6;111.6;111.6;111.6;;;1.34%
14/03/2012;112.4;112.4;112.4;112.4;;;0.72%
15/03/2012;113.24;113.24;113.24;113.24;;;0.75%
16/03/2012;114.56;114.56;114.56;114.56;;;1.17%
19/03/2012;114.24;114.24;114.24;114.24;;;-0.28%
20/03/2012;113.61;113.61;113.61;113.61;;;-0.55%
21/03/2012;113.61;113.61;113.61;113.61;;;0.00%
22/03/2012;113.15;113.15;113.15;113.15;;;-0.40%
23/03/2012;113.28;113.28;113.28;113.28;;;0.11%
26/03/2012;113.28;113.28;113.28;113.28;;;0.00%
27/03/2012;115.66;115.66;115.66;115.66;;;2.10%
28/03/2012;115.66;115.66;115.66;115.66;;;0.00%
29/03/2012;118.77;118.77;118.77;118.77;;;2.69%
30/03/2012;118.78;118.78;118.78;118.78;;;0.01%
02/04/2012;118.78;118.78;118.78;118.78;;;0.00%
03/04/2012;118.78;118.78;118.78;118.78;;;0.00%
04/04/2012;118.77;118.77;118.77;118.77;;;-0.01%
05/04/2012;119.08;119.08;119.08;119.08;;;0.26%
06/04/2012;118.12;118.12;118.12;118.12;;;-0.81%
10/04/2012;117.52;117.52;117.52;117.52;;;-0.51%
11/04/2012;117.52;117.52;117.52;117.52;;;0.00%
12/04/2012;115.72;115.72;115.72;115.72;;;-1.53%
13/04/2012;115.72;115.72;115.72;115.72;;;0.00%
16/04/2012;115.01;115.01;115.01;115.01;;;-0.61%
17/04/2012;114.28;114.28;114.28;114.28;;;-0.63%
18/04/2012;114.59;114.59;114.59;114.59;;;0.27%
19/04/2012;117.28;117.28;117.28;117.28;;;2.35%
20/04/2012;117.83;117.83;117.83;117.83;;;0.47%
23/04/2012;114.51;114.51;114.51;114.51;;;-2.82%
24/04/2012;114.51;114.51;114.51;114.51;;;0.00%
25/04/2012;114.51;114.51;114.51;114.51;;;0.00%
26/04/2012;115.35;115.35;115.35;115.35;;;0.73%
27/04/2012;114.75;114.75;114.75;114.75;;;-0.52%
30/04/2012;114.26;114.26;114.26;114.26;;;-0.43%
02/05/2012;114.26;114.26;114.26;114.26;;;0.00%
03/05/2012;114.26;114.26;114.26;114.26;;;0.00%
04/05/2012;117.25;117.25;117.25;117.25;;;2.62%
07/05/2012;119.65;119.65;119.65;119.65;;;2.05%
08/05/2012;119.65;119.65;119.65;119.65;;;0.00%
09/05/2012;119.39;119.39;119.39;119.39;;;-0.22%
10/05/2012;118.94;118.94;118.94;118.94;;;-0.38%
11/05/2012;120;120;120;120;;;0.89%
14/05/2012;120;120;120;120;;;0.00%
15/05/2012;120.03;120.03;120.03;120.03;;;0.03%
16/05/2012;119.99;119.99;119.99;119.99;;;-0.03%
18/05/2012;120.95;120.95;120.95;120.95;;;0.80%
21/05/2012;120.89;120.89;120.89;120.89;;;-0.05%
22/05/2012;120.3;120.3;120.3;120.3;;;-0.49%
23/05/2012;119.33;119.33;119.33;119.33;;;-0.81%
24/05/2012;119.33;119.33;119.33;119.33;;;0.00%
25/05/2012;119.33;119.33;119.33;119.33;;;0.00%
29/05/2012;119.32;119.32;119.32;119.32;;;-0.01%
30/05/2012;119.05;119.05;119.05;119.05;;;-0.23%
31/05/2012;119.69;119.69;119.69;119.69;;;0.54%
01/06/2012;119.69;119.69;119.69;119.69;;;0.00%
04/06/2012;119.69;119.69;119.69;119.69;;;0.00%
05/06/2012;119.69;119.69;119.69;119.69;;;0.00%
06/06/2012;120.37;120.37;120.37;120.37;;;0.57%
07/06/2012;120.32;120.32;120.32;120.32;;;-0.04%
08/06/2012;120.79;120.79;120.79;120.79;;;0.39%
11/06/2012;123.76;123.76;123.76;123.76;;;2.46%
12/06/2012;124.96;124.96;124.96;124.96;;;0.97%
13/06/2012;125.89;125.89;125.89;125.89;;;0.74%
14/06/2012;125.41;125.41;125.41;125.41;;;-0.38%
15/06/2012;126.88;126.88;126.88;126.88;;;1.17%
18/06/2012;128.56;128.56;128.56;128.56;;;1.32%
19/06/2012;127.57;127.57;127.57;127.57;;;-0.77%
20/06/2012;129.43;129.43;129.43;129.43;;;1.46%
21/06/2012;129.89;129.89;129.89;129.89;;;0.36%
22/06/2012;129.89;129.89;129.89;129.89;;;0.00%
25/06/2012;130.17;130.17;130.17;130.17;;;0.22%
26/06/2012;131.37;131.37;131.37;131.37;;;0.92%
27/06/2012;130.74;130.74;130.74;130.74;;;-0.48%
28/06/2012;130.71;130.71;130.71;130.71;;;-0.02%
29/06/2012;131.34;131.34;131.34;131.34;;;0.48%
02/07/2012;131.34;131.34;131.34;131.34;;;0.00%
03/07/2012;129.54;129.54;129.54;129.54;;;-1.37%
04/07/2012;129.54;129.54;129.54;129.54;;;0.00%
05/07/2012;129.97;129.97;129.97;129.97;;;0.33%
06/07/2012;129.66;129.66;129.66;129.66;;;-0.24%
09/07/2012;130.26;130.26;130.26;130.26;;;0.46%
10/07/2012;128.97;128.97;128.97;128.97;;;-0.99%
11/07/2012;128.96;128.96;128.96;128.96;;;-0.01%
12/07/2012;130.02;130.02;130.02;130.02;;;0.82%
13/07/2012;129.43;129.43;129.43;129.43;;;-0.45%
16/07/2012;129.43;129.43;129.43;129.43;;;0.00%
17/07/2012;129.45;129.45;129.45;129.45;;;0.02%
18/07/2012;129.54;129.54;129.54;129.54;;;0.07%
19/07/2012;129.42;129.42;129.42;129.42;;;-0.09%
20/07/2012;128.57;128.57;128.57;128.57;;;-0.66%
23/07/2012;128.63;128.63;128.63;128.63;;;0.05%
24/07/2012;129.38;129.38;129.38;129.38;;;0.58%
25/07/2012;128;128;128;128;;;-1.07%
26/07/2012;127.79;127.79;127.79;127.79;;;-0.16%
27/07/2012;127.79;127.79;127.79;127.79;;;0.00%
30/07/2012;128.41;128.41;128.41;128.41;;;0.49%
31/07/2012;129.61;129.61;129.61;129.61;;;0.93%
01/08/2012;131.31;131.31;131.31;131.31;;;1.31%
02/08/2012;131.4;131.4;131.4;131.4;;;0.07%
03/08/2012;134.99;134.99;134.99;134.99;;;2.73%
08/08/2012;136.98;136.98;136.98;136.98;;;1.47%
09/08/2012;141.8;141.8;141.8;141.8;;;3.52%
10/08/2012;143.86;143.86;143.86;143.86;;;1.45%
13/08/2012;147.8;147.8;147.8;147.8;;;2.74%
14/08/2012;150.01;150.01;150.01;150.01;;;1.50%
16/08/2012;151.71;151.71;151.71;151.71;;;1.13%
17/08/2012;151.36;151.36;151.36;151.36;;;-0.23%
21/08/2012;151.34;151.34;151.34;151.34;;;-0.01%
22/08/2012;151.34;151.34;151.34;151.34;;;0.00%
23/08/2012;153.96;153.96;153.96;153.96;;;1.73%
24/08/2012;152.82;152.82;152.82;152.82;;;-0.74%
27/08/2012;152.82;152.82;152.82;152.82;;;0.00%
28/08/2012;160.58;160.58;160.58;160.58;;;5.08%
29/08/2012;158.09;158.09;158.09;158.09;;;-1.55%
30/08/2012;161.66;161.66;161.66;161.66;;;2.26%
31/08/2012;160.84;160.84;160.84;160.84;;;-0.51%
03/09/2012;161.74;161.74;161.74;161.74;;;0.56%
04/09/2012;164.63;164.63;164.63;164.63;;;1.79%
05/09/2012;164.91;164.91;164.91;164.91;;;0.17%
06/09/2012;164.64;164.64;164.64;164.64;;;-0.16%
07/09/2012;168.23;168.23;168.23;168.23;;;2.18%
10/09/2012;169.91;169.91;169.91;169.91;;;1.00%
11/09/2012;172.34;172.34;172.34;172.34;;;1.43%
12/09/2012;171.43;171.43;171.43;171.43;;;-0.53%
13/09/2012;171.07;171.07;171.07;171.07;;;-0.21%
14/09/2012;171.53;171.53;171.53;171.53;;;0.27%
17/09/2012;170.92;170.92;170.92;170.92;;;-0.36%
18/09/2012;169.73;169.73;169.73;169.73;;;-0.70%
19/09/2012;169.73;169.73;169.73;169.73;;;0.00%
20/09/2012;169.73;169.73;169.73;169.73;;;0.00%
21/09/2012;168.99;168.99;168.99;168.99;;;-0.44%
24/09/2012;169.79;169.79;169.79;169.79;;;0.47%
25/09/2012;169.79;169.79;169.79;169.79;;;0.00%
26/09/2012;169.79;169.79;169.79;169.79;;;0.00%
27/09/2012;170.43;170.43;170.43;170.43;;;0.38%
28/09/2012;170.43;170.43;170.43;170.43;;;0.00%
01/10/2012;171.21;171.21;171.21;171.21;;;0.46%
02/10/2012;171.21;171.21;171.21;171.21;;;0.00%
03/10/2012;170.29;170.29;170.29;170.29;;;-0.54%
04/10/2012;170.53;170.53;170.53;170.53;;;0.14%
05/10/2012;170.53;170.53;170.53;170.53;;;0.00%
08/10/2012;170.53;170.53;170.53;170.53;;;0.00%
09/10/2012;170.49;170.49;170.49;170.49;;;-0.02%
10/10/2012;171.08;171.08;171.08;171.08;;;0.35%
11/10/2012;167.95;167.95;167.95;167.95;;;-1.83%
12/10/2012;167.95;167.95;167.95;167.95;;;0.00%
15/10/2012;167.21;167.21;167.21;167.21;;;-0.44%
16/10/2012;167.62;167.62;167.62;167.62;;;0.25%
17/10/2012;163.63;163.63;163.63;163.63;;;-2.38%
18/10/2012;165.19;165.19;165.19;165.19;;;0.95%
19/10/2012;165.5;165.5;165.5;165.5;;;0.19%
22/10/2012;164.49;164.49;164.49;164.49;;;-0.61%
23/10/2012;165.01;165.01;165.01;165.01;;;0.32%
24/10/2012;165.01;165.01;165.01;165.01;;;0.00%
25/10/2012;163.37;163.37;163.37;163.37;;;-0.99%
29/10/2012;165.46;165.46;165.46;165.46;;;1.28%
30/10/2012;165.46;165.46;165.46;165.46;;;0.00%
31/10/2012;167.2;167.2;167.2;167.2;;;1.05%
02/11/2012;167.29;167.29;167.29;167.29;;;0.05%
05/11/2012;165.72;165.72;165.72;165.72;;;-0.94%
06/11/2012;166.15;166.15;166.15;166.15;;;0.26%
07/11/2012;167.66;167.66;167.66;167.66;;;0.91%
08/11/2012;168.74;168.74;168.74;168.74;;;0.64%
09/11/2012;167.43;167.43;167.43;167.43;;;-0.78%
12/11/2012;170.63;170.63;170.63;170.63;;;1.91%
13/11/2012;171.97;171.97;171.97;171.97;;;0.79%
14/11/2012;173.17;173.17;173.17;173.17;;;0.70%
16/11/2012;171.97;171.97;171.97;171.97;;;-0.69%
19/11/2012;171.51;171.51;171.51;171.51;;;-0.27%
20/11/2012;172.68;172.68;172.68;172.68;;;0.68%
21/11/2012;172.59;172.59;172.59;172.59;;;-0.05%
22/11/2012;172.28;172.28;172.28;172.28;;;-0.18%
23/11/2012;172;172;172;172;;;-0.16%
26/11/2012;172.14;172.14;172.14;172.14;;;0.08%
27/11/2012;171.1;171.1;171.1;171.1;;;-0.60%
28/11/2012;171.3;171.3;171.3;171.3;;;0.12%
29/11/2012;171.3;171.3;171.3;171.3;;;0.00%
30/11/2012;171.3;171.3;171.3;171.3;;;0.00%
03/12/2012;171.88;171.88;171.88;171.88;;;0.34%
04/12/2012;170.56;170.56;170.56;170.56;;;-0.77%
05/12/2012;171.04;171.04;171.04;171.04;;;0.28%
06/12/2012;169.53;169.53;169.53;169.53;;;-0.88%
07/12/2012;168.49;168.49;168.49;168.49;;;-0.61%
10/12/2012;167.91;167.91;167.91;167.91;;;-0.34%
11/12/2012;166.98;166.98;166.98;166.98;;;-0.55%
12/12/2012;166.89;166.89;166.89;166.89;;;-0.05%
13/12/2012;166.89;166.89;166.89;166.89;;;0.00%
14/12/2012;165.41;165.41;165.41;165.41;;;-0.89%
17/12/2012;164.85;164.85;164.85;164.85;;;-0.34%
18/12/2012;165.82;165.82;165.82;165.82;;;0.59%
19/12/2012;165.82;165.82;165.82;165.82;;;0.00%
20/12/2012;168.28;168.28;168.28;168.28;;;1.48%
21/12/2012;167.73;167.73;167.73;167.73;;;-0.33%
24/12/2012;168.28;168.28;168.28;168.28;;;0.33%
26/12/2012;169.81;169.81;169.81;169.81;;;0.91%
27/12/2012;171.54;171.54;171.54;171.54;;;1.02%
28/12/2012;173.66;173.66;173.66;173.66;;;1.24%
31/12/2012;176.18;176.18;176.18;176.18;;;1.45%
02/01/2013;176.18;176.18;176.18;176.18;;;0.00%
03/01/2013;178.47;178.47;178.47;178.47;;;1.30%
04/01/2013;178.47;178.47;178.47;178.47;;;0.00%
07/01/2013;178.47;178.47;178.47;178.47;;;0.00%
08/01/2013;178.47;178.47;178.47;178.47;;;0.00%
09/01/2013;178.18;178.18;178.18;178.18;;;-0.16%
10/01/2013;178.21;178.21;178.21;178.21;;;0.02%
11/01/2013;175.97;175.97;175.97;175.97;;;-1.26%
14/01/2013;175.98;175.98;175.98;175.98;;;0.01%
15/01/2013;175.81;175.81;175.81;175.81;;;-0.10%
16/01/2013;175.56;175.56;175.56;175.56;;;-0.14%
17/01/2013;175.58;175.58;175.58;175.58;;;0.01%
18/01/2013;175.37;175.37;175.37;175.37;;;-0.12%
21/01/2013;175.43;175.43;175.43;175.43;;;0.03%
22/01/2013;175.2;175.2;175.2;175.2;;;-0.13%
23/01/2013;175.2;175.2;175.2;175.2;;;0.00%
25/01/2013;175.21;175.21;175.21;175.21;;;0.01%
28/01/2013;174.94;174.94;174.94;174.94;;;-0.15%
29/01/2013;175.1;175.1;175.1;175.1;;;0.09%
30/01/2013;175.1;175.1;175.1;175.1;;;0.00%
31/01/2013;176.6;176.6;176.6;176.6;;;0.86%
01/02/2013;176.89;176.89;176.89;176.89;;;0.16%
04/02/2013;176.89;176.89;176.89;176.89;;;0.00%
05/02/2013;177.57;177.57;177.57;177.57;;;0.38%
06/02/2013;177.57;177.57;177.57;177.57;;;0.00%
07/02/2013;179.79;179.79;179.79;179.79;;;1.25%
08/02/2013;181.98;181.98;181.98;181.98;;;1.22%
11/02/2013;181.97;181.97;181.97;181.97;;;-0.01%
12/02/2013;181.97;181.97;181.97;181.97;;;0.00%
13/02/2013;182.77;182.77;182.77;182.77;;;0.44%
14/02/2013;182.75;182.75;182.75;182.75;;;-0.01%
15/02/2013;183.22;183.22;183.22;183.22;;;0.26%
18/02/2013;182.92;182.92;182.92;182.92;;;-0.16%
19/02/2013;184.04;184.04;184.04;184.04;;;0.61%
20/02/2013;183.83;183.83;183.83;183.83;;;-0.11%
21/02/2013;185.04;185.04;185.04;185.04;;;0.66%
22/02/2013;187.32;187.32;187.32;187.32;;;1.23%
25/02/2013;186.36;186.36;186.36;186.36;;;-0.51%
26/02/2013;186.36;186.36;186.36;186.36;;;0.00%
27/02/2013;186.81;186.81;186.81;186.81;;;0.24%
28/02/2013;186.51;186.51;186.51;186.51;;;-0.16%
01/03/2013;186.87;186.87;186.87;186.87;;;0.19%
04/03/2013;188.28;188.28;188.28;188.28;;;0.75%
05/03/2013;195.41;195.41;195.41;195.41;;;3.79%
06/03/2013;199.45;199.45;199.45;199.45;;;2.07%
07/03/2013;203.55;203.55;203.55;203.55;;;2.06%
08/03/2013;204.95;204.95;204.95;204.95;;;0.69%
11/03/2013;202.69;202.69;202.69;202.69;;;-1.10%
12/03/2013;202.41;202.41;202.41;202.41;;;-0.14%
13/03/2013;201.31;201.31;201.31;201.31;;;-0.54%
14/03/2013;202.35;202.35;202.35;202.35;;;0.52%
15/03/2013;200.68;200.68;200.68;200.68;;;-0.83%
18/03/2013;200.68;200.68;200.68;200.68;;;0.00%
19/03/2013;201;201;201;201;;;0.16%
20/03/2013;201.01;201.01;201.01;201.01;;;0.00%
21/03/2013;200.96;200.96;200.96;200.96;;;-0.02%
22/03/2013;200.85;200.85;200.85;200.85;;;-0.05%
25/03/2013;200.96;200.96;200.96;200.96;;;0.05%
26/03/2013;201.03;201.03;201.03;201.03;;;0.03%
27/03/2013;201.03;201.03;201.03;201.03;;;0.00%
28/03/2013;201.14;201.14;201.14;201.14;;;0.05%
29/03/2013;201.14;201.14;201.14;201.14;;;0.00%
02/04/2013;201.14;201.14;201.14;201.14;;;0.00%
03/04/2013;193.31;193.31;193.31;193.31;;;-3.89%
04/04/2013;192.47;192.47;192.47;192.47;;;-0.43%
05/04/2013;191.81;191.81;191.81;191.81;;;-0.34%
08/04/2013;191.81;191.81;191.81;191.81;;;0.00%
09/04/2013;192.86;192.86;192.86;192.86;;;0.55%
10/04/2013;187.86;187.86;187.86;187.86;;;-2.59%
11/04/2013;190.54;190.54;190.54;190.54;;;1.43%
12/04/2013;192.77;192.77;192.77;192.77;;;1.17%
15/04/2013;190.15;190.15;190.15;190.15;;;-1.36%
16/04/2013;190.43;190.43;190.43;190.43;;;0.15%
17/04/2013;191.61;191.61;191.61;191.61;;;0.62%
18/04/2013;191.62;191.62;191.62;191.62;;;0.01%
19/04/2013;191.62;191.62;191.62;191.62;;;0.00%
22/04/2013;192.14;192.14;192.14;192.14;;;0.27%
23/04/2013;191.63;191.63;191.63;191.63;;;-0.27%
24/04/2013;195.28;195.28;195.28;195.28;;;1.90%
25/04/2013;195.28;195.28;195.28;195.28;;;0.00%
26/04/2013;193.6;193.6;193.6;193.6;;;-0.86%
29/04/2013;195.69;195.69;195.69;195.69;;;1.08%
30/04/2013;195.32;195.32;195.32;195.32;;;-0.19%
02/05/2013;197.7;197.7;197.7;197.7;;;1.22%
03/05/2013;194.04;194.04;194.04;194.04;;;-1.85%
06/05/2013;194.04;194.04;194.04;194.04;;;0.00%
07/05/2013;193.88;193.88;193.88;193.88;;;-0.08%
08/05/2013;189.79;189.79;189.79;189.79;;;-2.11%
10/05/2013;189.37;189.37;189.37;189.37;;;-0.22%
13/05/2013;189.39;189.39;189.39;189.39;;;0.01%
14/05/2013;189.38;189.38;189.38;189.38;;;-0.01%
15/05/2013;189.49;189.49;189.49;189.49;;;0.06%
16/05/2013;189.49;189.49;189.49;189.49;;;0.00%
17/05/2013;189.92;189.92;189.92;189.92;;;0.23%
21/05/2013;191.96;191.96;191.96;191.96;;;1.07%
22/05/2013;187.49;187.49;187.49;187.49;;;-2.33%
23/05/2013;188.33;188.33;188.33;188.33;;;0.45%
24/05/2013;189.43;189.43;189.43;189.43;;;0.58%
27/05/2013;190.1;190.1;190.1;190.1;;;0.35%
28/05/2013;193.97;193.97;193.97;193.97;;;2.04%
29/05/2013;190.05;190.05;190.05;190.05;;;-2.02%
30/05/2013;190.85;190.85;190.85;190.85;;;0.42%
31/05/2013;188.81;188.81;188.81;188.81;;;-1.07%
03/06/2013;192.21;192.21;192.21;192.21;;;1.80%
04/06/2013;194;194;194;194;;;0.93%
05/06/2013;192.43;192.43;192.43;192.43;;;-0.81%
06/06/2013;192.43;192.43;192.43;192.43;;;0.00%
07/06/2013;191.82;191.82;191.82;191.82;;;-0.32%
10/06/2013;190.34;190.34;190.34;190.34;;;-0.77%
11/06/2013;188.99;188.99;188.99;188.99;;;-0.71%
12/06/2013;189;189;189;189;;;0.01%
13/06/2013;188.91;188.91;188.91;188.91;;;-0.05%
14/06/2013;188.68;188.68;188.68;188.68;;;-0.12%
17/06/2013;189.28;189.28;189.28;189.28;;;0.32%
18/06/2013;189.62;189.62;189.62;189.62;;;0.18%
19/06/2013;190.06;190.06;190.06;190.06;;;0.23%
20/06/2013;190.17;190.17;190.17;190.17;;;0.06%
21/06/2013;190.67;190.67;190.67;190.67;;;0.26%
24/06/2013;188.38;188.38;188.38;188.38;;;-1.20%
25/06/2013;188.38;188.38;188.38;188.38;;;0.00%
26/06/2013;188.95;188.95;188.95;188.95;;;0.30%
27/06/2013;183.23;183.23;183.23;183.23;;;-3.03%
28/06/2013;186.32;186.32;186.32;186.32;;;1.69%
01/07/2013;186.83;186.83;186.83;186.83;;;0.27%
02/07/2013;189.11;189.11;189.11;189.11;;;1.22%
03/07/2013;189.86;189.86;189.86;189.86;;;0.40%
04/07/2013;189.34;189.34;189.34;189.34;;;-0.27%
05/07/2013;188.85;188.85;188.85;188.85;;;-0.26%
08/07/2013;188.85;188.85;188.85;188.85;;;0.00%
09/07/2013;189.95;189.95;189.95;189.95;;;0.58%
10/07/2013;192.61;192.61;192.61;192.61;;;1.40%
11/07/2013;192.61;192.61;192.61;192.61;;;0.00%
12/07/2013;192.01;192.01;192.01;192.01;;;-0.31%
15/07/2013;192.65;192.65;192.65;192.65;;;0.33%
16/07/2013;192.34;192.34;192.34;192.34;;;-0.16%
17/07/2013;191.79;191.79;191.79;191.79;;;-0.29%
18/07/2013;192.83;192.83;192.83;192.83;;;0.54%
19/07/2013;193.49;193.49;193.49;193.49;;;0.34%
22/07/2013;192.96;192.96;192.96;192.96;;;-0.27%
23/07/2013;193.19;193.19;193.19;193.19;;;0.12%
24/07/2013;193.97;193.97;193.97;193.97;;;0.40%
25/07/2013;191.56;191.56;191.56;191.56;;;-1.24%
26/07/2013;193.61;193.61;193.61;193.61;;;1.07%
29/07/2013;196.82;196.82;196.82;196.82;;;1.66%
30/07/2013;194.26;194.26;194.26;194.26;;;-1.30%
31/07/2013;194.15;194.15;194.15;194.15;;;-0.06%
01/08/2013;194.15;194.15;194.15;194.15;;;0.00%
02/08/2013;191.54;191.54;191.54;191.54;;;-1.34%
05/08/2013;194.74;194.74;194.74;194.74;;;1.67%
06/08/2013;195.44;195.44;195.44;195.44;;;0.36%
09/08/2013;195.08;195.08;195.08;195.08;;;-0.18%
12/08/2013;195.08;195.08;195.08;195.08;;;0.00%
13/08/2013;195.09;195.09;195.09;195.09;;;0.01%
14/08/2013;191.67;191.67;191.67;191.67;;;-1.75%
16/08/2013;192.06;192.06;192.06;192.06;;;0.20%
19/08/2013;192.38;192.38;192.38;192.38;;;0.17%
20/08/2013;194.07;194.07;194.07;194.07;;;0.88%
21/08/2013;197.44;197.44;197.44;197.44;;;1.74%
22/08/2013;198.25;198.25;198.25;198.25;;;0.41%
23/08/2013;198.22;198.22;198.22;198.22;;;-0.02%
26/08/2013;198.22;198.22;198.22;198.22;;;0.00%
27/08/2013;198.41;198.41;198.41;198.41;;;0.10%
28/08/2013;198.41;198.41;198.41;198.41;;;0.00%
29/08/2013;196.51;196.51;196.51;196.51;;;-0.96%
30/08/2013;196.51;196.51;196.51;196.51;;;0.00%
02/09/2013;196.51;196.51;196.51;196.51;;;0.00%
03/09/2013;197.05;197.05;197.05;197.05;;;0.27%
04/09/2013;201.23;201.23;201.23;201.23;;;2.12%
05/09/2013;205.21;205.21;205.21;205.21;;;1.98%
06/09/2013;205.21;205.21;205.21;205.21;;;0.00%
09/09/2013;205.07;205.07;205.07;205.07;;;-0.07%
10/09/2013;205.07;205.07;205.07;205.07;;;0.00%
11/09/2013;204.76;204.76;204.76;204.76;;;-0.15%
12/09/2013;204.63;204.63;204.63;204.63;;;-0.06%
13/09/2013;204.74;204.74;204.74;204.74;;;0.05%
16/09/2013;205.11;205.11;205.11;205.11;;;0.18%
17/09/2013;205.11;205.11;205.11;205.11;;;0.00%
18/09/2013;200.62;200.62;200.62;200.62;;;-2.19%
19/09/2013;201.45;201.45;201.45;201.45;;;0.41%
20/09/2013;203.93;203.93;203.93;203.93;;;1.23%
23/09/2013;198.76;198.76;198.76;198.76;;;-2.54%
24/09/2013;200.02;200.02;200.02;200.02;;;0.63%
25/09/2013;199.36;199.36;199.36;199.36;;;-0.33%
26/09/2013;194.95;194.95;194.95;194.95;;;-2.21%
27/09/2013;195.72;195.72;195.72;195.72;;;0.39%
30/09/2013;196.74;196.74;196.74;196.74;;;0.52%
01/10/2013;197.26;197.26;197.26;197.26;;;0.26%
02/10/2013;193.45;193.45;193.45;193.45;;;-1.93%
03/10/2013;198.87;198.87;198.87;198.87;;;2.80%
04/10/2013;198.94;198.94;198.94;198.94;;;0.04%
07/10/2013;198.75;198.75;198.75;198.75;;;-0.10%
08/10/2013;198.07;198.07;198.07;198.07;;;-0.34%
09/10/2013;198.07;198.07;198.07;198.07;;;0.00%
10/10/2013;198.07;198.07;198.07;198.07;;;0.00%
11/10/2013;198.29;198.29;198.29;198.29;;;0.11%
14/10/2013;199.86;199.86;199.86;199.86;;;0.79%
16/10/2013;200.64;200.64;200.64;200.64;;;0.39%
17/10/2013;200.65;200.65;200.65;200.65;;;0.00%
18/10/2013;200.91;200.91;200.91;200.91;;;0.13%
21/10/2013;202.31;202.31;202.31;202.31;;;0.70%
22/10/2013;202.13;202.13;202.13;202.13;;;-0.09%
23/10/2013;202.12;202.12;202.12;202.12;;;-0.00%
24/10/2013;202.84;202.84;202.84;202.84;;;0.36%
25/10/2013;202.84;202.84;202.84;202.84;;;0.00%
28/10/2013;202.03;202.03;202.03;202.03;;;-0.40%
29/10/2013;198.85;198.85;198.85;198.85;;;-1.57%
30/10/2013;203.66;203.66;203.66;203.66;;;2.42%
31/10/2013;202.79;202.79;202.79;202.79;;;-0.43%
04/11/2013;210.37;210.37;210.37;210.37;;;3.74%
05/11/2013;216.01;216.01;216.01;216.01;;;2.68%
06/11/2013;220.41;220.41;220.41;220.41;;;2.04%
07/11/2013;225.78;225.78;225.78;225.78;;;2.44%
08/11/2013;225.04;225.04;225.04;225.04;;;-0.33%
11/11/2013;226.48;226.48;226.48;226.48;;;0.64%
12/11/2013;227.15;227.15;227.15;227.15;;;0.30%
13/11/2013;228.2;228.2;228.2;228.2;;;0.46%
14/11/2013;234.26;234.26;234.26;234.26;;;2.66%
18/11/2013;229.96;229.96;229.96;229.96;;;-1.84%
19/11/2013;227.4;227.4;227.4;227.4;;;-1.11%
20/11/2013;229.2;229.2;229.2;229.2;;;0.79%
21/11/2013;228.84;228.84;228.84;228.84;;;-0.16%
22/11/2013;227.9;227.9;227.9;227.9;;;-0.41%
25/11/2013;227.18;227.18;227.18;227.18;;;-0.32%
26/11/2013;227.12;227.12;227.12;227.12;;;-0.03%
27/11/2013;227.12;227.12;227.12;227.12;;;0.00%
28/11/2013;227.96;227.96;227.96;227.96;;;0.37%
29/11/2013;227.55;227.55;227.55;227.55;;;-0.18%
02/12/2013;230.11;230.11;230.11;230.11;;;1.13%
03/12/2013;229.09;229.09;229.09;229.09;;;-0.44%
04/12/2013;228.81;228.81;228.81;228.81;;;-0.12%
05/12/2013;225.77;225.77;225.77;225.77;;;-1.33%
06/12/2013;223.32;223.32;223.32;223.32;;;-1.09%
09/12/2013;225.18;225.18;225.18;225.18;;;0.83%
10/12/2013;224.68;224.68;224.68;224.68;;;-0.22%
11/12/2013;235.26;235.26;235.26;235.26;;;4.71%
12/12/2013;240.53;240.53;240.53;240.53;;;2.24%
13/12/2013;243.93;243.93;243.93;243.93;;;1.41%
16/12/2013;243.93;243.93;243.93;243.93;;;0.00%
17/12/2013;239.23;239.23;239.23;239.23;;;-1.93%
18/12/2013;243.54;243.54;243.54;243.54;;;1.80%
19/12/2013;239.45;239.45;239.45;239.45;;;-1.68%
20/12/2013;241.14;241.14;241.14;241.14;;;0.71%
23/12/2013;242.71;242.71;242.71;242.71;;;0.65%
24/12/2013;253.07;253.07;253.07;253.07;;;4.27%
26/12/2013;263.65;263.65;263.65;263.65;;;4.18%
27/12/2013;267.95;267.95;267.95;267.95;;;1.63%
30/12/2013;265.17;265.17;265.17;265.17;;;-1.04%
31/12/2013;268.89;268.89;268.89;268.89;;;1.40%
02/01/2014;269.72;269.72;269.72;269.72;;;0.31%
03/01/2014;271.09;271.09;271.09;271.09;;;0.51%
06/01/2014;276.42;276.42;276.42;276.42;;;1.97%
07/01/2014;280.74;280.74;280.74;280.74;;;1.56%
08/01/2014;282.09;282.09;282.09;282.09;;;0.48%
09/01/2014;279.22;279.22;279.22;279.22;;;-1.02%
10/01/2014;279.29;279.29;279.29;279.29;;;0.03%
14/01/2014;272.52;272.52;272.52;272.52;;;-2.42%
15/01/2014;272.75;272.75;272.75;272.75;;;0.08%
16/01/2014;271.99;271.99;271.99;271.99;;;-0.28%
17/01/2014;272.47;272.47;272.47;272.47;;;0.18%
20/01/2014;272.4;272.4;272.4;272.4;;;-0.03%
21/01/2014;270.46;270.46;270.46;270.46;;;-0.71%
22/01/2014;266.9;266.9;266.9;266.9;;;-1.32%
23/01/2014;267.84;267.84;267.84;267.84;;;0.35%
24/01/2014;270.31;270.31;270.31;270.31;;;0.92%
27/01/2014;267;267;267;267;;;-1.22%
28/01/2014;266.89;266.89;266.89;266.89;;;-0.04%
29/01/2014;265.37;265.37;265.37;265.37;;;-0.57%
30/01/2014;267.66;267.66;267.66;267.66;;;0.86%
31/01/2014;267.66;267.66;267.66;267.66;;;0.00%
03/02/2014;266.39;266.39;266.39;266.39;;;-0.47%
04/02/2014;266.39;266.39;266.39;266.39;;;0.00%
05/02/2014;267.22;267.22;267.22;267.22;;;0.31%
06/02/2014;267.22;267.22;267.22;267.22;;;0.00%
07/02/2014;270.88;270.88;270.88;270.88;;;1.37%
10/02/2014;274.93;274.93;274.93;274.93;;;1.50%
11/02/2014;267.46;267.46;267.46;267.46;;;-2.72%
12/02/2014;268.31;268.31;268.31;268.31;;;0.32%
13/02/2014;264.77;264.77;264.77;264.77;;;-1.32%
14/02/2014;264.89;264.89;264.89;264.89;;;0.05%
17/02/2014;262.83;262.83;262.83;262.83;;;-0.78%
18/02/2014;262.83;262.83;262.83;262.83;;;0.00%
19/02/2014;262.83;262.83;262.83;262.83;;;0.00%
20/02/2014;260.26;260.26;260.26;260.26;;;-0.98%
21/02/2014;260.31;260.31;260.31;260.31;;;0.02%
24/02/2014;255.15;255.15;255.15;255.15;;;-1.98%
25/02/2014;255.92;255.92;255.92;255.92;;;0.30%
26/02/2014;252.19;252.19;252.19;252.19;;;-1.46%
27/02/2014;252.19;252.19;252.19;252.19;;;0.00%
28/02/2014;251.87;251.87;251.87;251.87;;;-0.13%
03/03/2014;248.82;248.82;248.82;248.82;;;-1.21%
04/03/2014;249.86;249.86;249.86;249.86;;;0.42%
05/03/2014;247.56;247.56;247.56;247.56;;;-0.92%
06/03/2014;248.52;248.52;248.52;248.52;;;0.39%
07/03/2014;247.34;247.34;247.34;247.34;;;-0.47%
10/03/2014;247.34;247.34;247.34;247.34;;;0.00%
11/03/2014;247.27;247.27;247.27;247.27;;;-0.03%
12/03/2014;245.29;245.29;245.29;245.29;;;-0.80%
13/03/2014;245.29;245.29;245.29;245.29;;;0.00%
14/03/2014;242.15;242.15;242.15;242.15;;;-1.28%
17/03/2014;241.78;241.78;241.78;241.78;;;-0.15%
18/03/2014;239.69;239.69;239.69;239.69;;;-0.86%
19/03/2014;240.14;240.14;240.14;240.14;;;0.19%
20/03/2014;239.39;239.39;239.39;239.39;;;-0.31%
21/03/2014;241.78;241.78;241.78;241.78;;;1.00%
24/03/2014;242.51;242.51;242.51;242.51;;;0.30%
25/03/2014;242.06;242.06;242.06;242.06;;;-0.19%
26/03/2014;242.56;242.56;242.56;242.56;;;0.21%
27/03/2014;244.47;244.47;244.47;244.47;;;0.79%
28/03/2014;244.47;244.47;244.47;244.47;;;0.00%
31/03/2014;245.05;245.05;245.05;245.05;;;0.24%
01/04/2014;245.59;245.59;245.59;245.59;;;0.22%
02/04/2014;248.5;248.5;248.5;248.5;;;1.18%
03/04/2014;246.93;246.93;246.93;246.93;;;-0.63%
04/04/2014;250.66;250.66;250.66;250.66;;;1.51%
07/04/2014;250.91;250.91;250.91;250.91;;;0.10%
08/04/2014;244.92;244.92;244.92;244.92;;;-2.39%
09/04/2014;243.69;243.69;243.69;243.69;;;-0.50%
10/04/2014;243.69;243.69;243.69;243.69;;;0.00%
11/04/2014;243.69;243.69;243.69;243.69;;;0.00%
14/04/2014;244.79;244.79;244.79;244.79;;;0.45%
15/04/2014;242.64;242.64;242.64;242.64;;;-0.88%
16/04/2014;240.78;240.78;240.78;240.78;;;-0.77%
17/04/2014;247.42;247.42;247.42;247.42;;;2.76%
18/04/2014;246.7;246.7;246.7;246.7;;;-0.29%
22/04/2014;250.78;250.78;250.78;250.78;;;1.65%
23/04/2014;249.93;249.93;249.93;249.93;;;-0.34%
24/04/2014;249.77;249.77;249.77;249.77;;;-0.06%
25/04/2014;248.89;248.89;248.89;248.89;;;-0.35%
28/04/2014;245.5;245.5;245.5;245.5;;;-1.36%
29/04/2014;243.93;243.93;243.93;243.93;;;-0.64%
30/04/2014;247.52;247.52;247.52;247.52;;;1.47%
02/05/2014;247.86;247.86;247.86;247.86;;;0.14%
05/05/2014;246.95;246.95;246.95;246.95;;;-0.37%
06/05/2014;244.96;244.96;244.96;244.96;;;-0.81%
07/05/2014;242.57;242.57;242.57;242.57;;;-0.98%
08/05/2014;239.71;239.71;239.71;239.71;;;-1.18%
09/05/2014;238.59;238.59;238.59;238.59;;;-0.47%
12/05/2014;236.37;236.37;236.37;236.37;;;-0.93%
13/05/2014;237.42;237.42;237.42;237.42;;;0.44%
14/05/2014;237.94;237.94;237.94;237.94;;;0.22%
15/05/2014;237.93;237.93;237.93;237.93;;;-0.00%
16/05/2014;240.16;240.16;240.16;240.16;;;0.94%
19/05/2014;246.04;246.04;246.04;246.04;;;2.45%
20/05/2014;245.35;245.35;245.35;245.35;;;-0.28%
21/05/2014;240.5;240.5;240.5;240.5;;;-1.98%
22/05/2014;240.43;240.43;240.43;240.43;;;-0.03%
23/05/2014;240.48;240.48;240.48;240.48;;;0.02%
26/05/2014;240.8;240.8;240.8;240.8;;;0.13%
27/05/2014;240.94;240.94;240.94;240.94;;;0.06%
28/05/2014;240.94;240.94;240.94;240.94;;;0.00%
30/05/2014;240.58;240.58;240.58;240.58;;;-0.15%
02/06/2014;241.46;241.46;241.46;241.46;;;0.37%
03/06/2014;242.84;242.84;242.84;242.84;;;0.57%
04/06/2014;249.45;249.45;249.45;249.45;;;2.72%
05/06/2014;251.29;251.29;251.29;251.29;;;0.74%
06/06/2014;258.34;258.34;258.34;258.34;;;2.81%
10/06/2014;258.34;258.34;258.34;258.34;;;0.00%
11/06/2014;259.08;259.08;259.08;259.08;;;0.29%
12/06/2014;261.39;261.39;261.39;261.39;;;0.89%
13/06/2014;256.17;256.17;256.17;256.17;;;-2.00%
16/06/2014;259.07;259.07;259.07;259.07;;;1.13%
17/06/2014;258.35;258.35;258.35;258.35;;;-0.28%
18/06/2014;249.64;249.64;249.64;249.64;;;-3.37%
19/06/2014;248.82;248.82;248.82;248.82;;;-0.33%
20/06/2014;249.5;249.5;249.5;249.5;;;0.27%
23/06/2014;250.32;250.32;250.32;250.32;;;0.33%
24/06/2014;250.37;250.37;250.37;250.37;;;0.02%
25/06/2014;245.21;245.21;245.21;245.21;;;-2.06%
26/06/2014;250.34;250.34;250.34;250.34;;;2.09%
27/06/2014;250.34;250.34;250.34;250.34;;;0.00%
30/06/2014;249.87;249.87;249.87;249.87;;;-0.19%
01/07/2014;249.49;249.49;249.49;249.49;;;-0.15%
02/07/2014;250.54;250.54;250.54;250.54;;;0.42%
03/07/2014;249.03;249.03;249.03;249.03;;;-0.60%
04/07/2014;247.47;247.47;247.47;247.47;;;-0.63%
07/07/2014;247.39;247.39;247.39;247.39;;;-0.03%
08/07/2014;247.01;247.01;247.01;247.01;;;-0.15%
09/07/2014;247.01;247.01;247.01;247.01;;;0.00%
10/07/2014;246.44;246.44;246.44;246.44;;;-0.23%
11/07/2014;244.94;244.94;244.94;244.94;;;-0.61%
14/07/2014;244.94;244.94;244.94;244.94;;;0.00%
15/07/2014;245.34;245.34;245.34;245.34;;;0.16%
16/07/2014;245.8;245.8;245.8;245.8;;;0.19%
17/07/2014;250.27;250.27;250.27;250.27;;;1.82%
18/07/2014;249.09;249.09;249.09;249.09;;;-0.47%
21/07/2014;249.71;249.71;249.71;249.71;;;0.25%
22/07/2014;253.59;253.59;253.59;253.59;;;1.55%
23/07/2014;253.2;253.2;253.2;253.2;;;-0.15%
25/07/2014;251.34;251.34;251.34;251.34;;;-0.73%
29/07/2014;248.28;248.28;248.28;248.28;;;-1.22%
30/07/2014;248.91;248.91;248.91;248.91;;;0.25%
31/07/2014;252.2;252.2;252.2;252.2;;;1.32%
01/08/2014;250.32;250.32;250.32;250.32;;;-0.75%
04/08/2014;248.82;248.82;248.82;248.82;;;-0.60%
05/08/2014;250.15;250.15;250.15;250.15;;;0.53%
06/08/2014;250.3;250.3;250.3;250.3;;;0.06%
08/08/2014;256.21;256.21;256.21;256.21;;;2.36%
11/08/2014;256.64;256.64;256.64;256.64;;;0.17%
12/08/2014;258.78;258.78;258.78;258.78;;;0.83%
13/08/2014;260.24;260.24;260.24;260.24;;;0.56%
14/08/2014;256.69;256.69;256.69;256.69;;;-1.36%
18/08/2014;258.06;258.06;258.06;258.06;;;0.53%
19/08/2014;258.69;258.69;258.69;258.69;;;0.24%
20/08/2014;258.65;258.65;258.65;258.65;;;-0.02%
21/08/2014;258.65;258.65;258.65;258.65;;;0.00%
22/08/2014;259.69;259.69;259.69;259.69;;;0.40%
25/08/2014;263.86;263.86;263.86;263.86;;;1.61%
26/08/2014;263.97;263.97;263.97;263.97;;;0.04%
27/08/2014;266.2;266.2;266.2;266.2;;;0.84%
28/08/2014;265.35;265.35;265.35;265.35;;;-0.32%
29/08/2014;266.44;266.44;266.44;266.44;;;0.41%
01/09/2014;266.34;266.34;266.34;266.34;;;-0.04%
02/09/2014;263.59;263.59;263.59;263.59;;;-1.03%
03/09/2014;265.97;265.97;265.97;265.97;;;0.90%
04/09/2014;264.05;264.05;264.05;264.05;;;-0.72%
05/09/2014;267.65;267.65;267.65;267.65;;;1.36%
08/09/2014;266.6;266.6;266.6;266.6;;;-0.39%
09/09/2014;266.6;266.6;266.6;266.6;;;0.00%
10/09/2014;264.05;264.05;264.05;264.05;;;-0.96%
11/09/2014;265.07;265.07;265.07;265.07;;;0.39%
12/09/2014;265.28;265.28;265.28;265.28;;;0.08%
15/09/2014;266.84;266.84;266.84;266.84;;;0.59%
16/09/2014;268.11;268.11;268.11;268.11;;;0.48%
17/09/2014;271.25;271.25;271.25;271.25;;;1.17%
18/09/2014;267.67;267.67;267.67;267.67;;;-1.32%
19/09/2014;267.53;267.53;267.53;267.53;;;-0.05%
22/09/2014;267.54;267.54;267.54;267.54;;;0.00%
23/09/2014;265.41;265.41;265.41;265.41;;;-0.80%
24/09/2014;268.7;268.7;268.7;268.7;;;1.24%
25/09/2014;269.22;269.22;269.22;269.22;;;0.19%
26/09/2014;269.01;269.01;269.01;269.01;;;-0.08%
29/09/2014;271.34;271.34;271.34;271.34;;;0.87%
30/09/2014;272.67;272.67;272.67;272.67;;;0.49%
01/10/2014;274.76;274.76;274.76;274.76;;;0.77%
02/10/2014;274.76;274.76;274.76;274.76;;;0.00%
03/10/2014;274.65;274.65;274.65;274.65;;;-0.04%
06/10/2014;276.42;276.42;276.42;276.42;;;0.64%
07/10/2014;276.42;276.42;276.42;276.42;;;0.00%
08/10/2014;275.17;275.17;275.17;275.17;;;-0.45%
09/10/2014;274.14;274.14;274.14;274.14;;;-0.37%
10/10/2014;273.23;273.23;273.23;273.23;;;-0.33%
13/10/2014;273.25;273.25;273.25;273.25;;;0.01%
14/10/2014;272.73;272.73;272.73;272.73;;;-0.19%
15/10/2014;271.57;271.57;271.57;271.57;;;-0.43%
16/10/2014;271.29;271.29;271.29;271.29;;;-0.10%
17/10/2014;273.38;273.38;273.38;273.38;;;0.77%
20/10/2014;273.51;273.51;273.51;273.51;;;0.05%
21/10/2014;273.28;273.28;273.28;273.28;;;-0.08%
22/10/2014;272.5;272.5;272.5;272.5;;;-0.29%
23/10/2014;272.36;272.36;272.36;272.36;;;-0.05%
24/10/2014;271.63;271.63;271.63;271.63;;;-0.27%
27/10/2014;272.31;272.31;272.31;272.31;;;0.25%
28/10/2014;274.13;274.13;274.13;274.13;;;0.67%
29/10/2014;272.75;272.75;272.75;272.75;;;-0.50%
30/10/2014;272.5;272.5;272.5;272.5;;;-0.09%
31/10/2014;272.84;272.84;272.84;272.84;;;0.12%
03/11/2014;276.92;276.92;276.92;276.92;;;1.50%
04/11/2014;275.37;275.37;275.37;275.37;;;-0.56%
05/11/2014;276.87;276.87;276.87;276.87;;;0.54%
06/11/2014;278.93;278.93;278.93;278.93;;;0.74%
07/11/2014;278.93;278.93;278.93;278.93;;;0.00%
10/11/2014;275.79;275.79;275.79;275.79;;;-1.13%
11/11/2014;275.89;275.89;275.89;275.89;;;0.04%
12/11/2014;276.42;276.42;276.42;276.42;;;0.19%
13/11/2014;279.56;279.56;279.56;279.56;;;1.14%
14/11/2014;279.56;279.56;279.56;279.56;;;0.00%
17/11/2014;279.86;279.86;279.86;279.86;;;0.11%
18/11/2014;290.78;290.78;290.78;290.78;;;3.90%
19/11/2014;290.78;290.78;290.78;290.78;;;0.00%
20/11/2014;286.98;286.98;286.98;286.98;;;-1.31%
21/11/2014;279.84;279.84;279.84;279.84;;;-2.49%
24/11/2014;280.52;280.52;280.52;280.52;;;0.24%
25/11/2014;280.52;280.52;280.52;280.52;;;0.00%
26/11/2014;280.5;280.5;280.5;280.5;;;-0.01%
27/11/2014;277.63;277.63;277.63;277.63;;;-1.02%
28/11/2014;277.78;277.78;277.78;277.78;;;0.05%
01/12/2014;277.83;277.83;277.83;277.83;;;0.02%
02/12/2014;277.26;277.26;277.26;277.26;;;-0.21%
03/12/2014;277.26;277.26;277.26;277.26;;;0.00%
04/12/2014;277.26;277.26;277.26;277.26;;;0.00%
05/12/2014;277.25;277.25;277.25;277.25;;;-0.00%
08/12/2014;278.78;278.78;278.78;278.78;;;0.55%
09/12/2014;276.1;276.1;276.1;276.1;;;-0.96%
10/12/2014;276.11;276.11;276.11;276.11;;;0.00%
11/12/2014;275.91;275.91;275.91;275.91;;;-0.07%
12/12/2014;274.58;274.58;274.58;274.58;;;-0.48%
15/12/2014;281.53;281.53;281.53;281.53;;;2.53%
16/12/2014;276.53;276.53;276.53;276.53;;;-1.78%
17/12/2014;276.98;276.98;276.98;276.98;;;0.16%
18/12/2014;277.77;277.77;277.77;277.77;;;0.29%
19/12/2014;281.96;281.96;281.96;281.96;;;1.51%
22/12/2014;282.07;282.07;282.07;282.07;;;0.04%
23/12/2014;284.6;284.6;284.6;284.6;;;0.90%
24/12/2014;287.22;287.22;287.22;287.22;;;0.92%
26/12/2014;283.21;283.21;283.21;283.21;;;-1.40%
29/12/2014;284.61;284.61;284.61;284.61;;;0.49%
30/12/2014;289.11;289.11;289.11;289.11;;;1.58%
31/12/2014;296.96;296.96;296.96;296.96;;;2.72%
02/01/2015;302.15;302.15;302.15;302.15;;;1.75%
05/01/2015;302.73;302.73;302.73;302.73;;;0.19%
06/01/2015;306.48;306.48;306.48;306.48;;;1.24%
07/01/2015;307.33;307.33;307.33;307.33;;;0.28%
08/01/2015;302.09;302.09;302.09;302.09;;;-1.71%
09/01/2015;302.1;302.1;302.1;302.1;;;0.00%
12/01/2015;301.1;301.1;301.1;301.1;;;-0.33%
13/01/2015;301.1;301.1;301.1;301.1;;;0.00%
14/01/2015;296.89;296.89;296.89;296.89;;;-1.40%
15/01/2015;296.68;296.68;296.68;296.68;;;-0.07%
16/01/2015;296.68;296.68;296.68;296.68;;;0.00%
19/01/2015;297.04;297.04;297.04;297.04;;;0.12%
20/01/2015;296.27;296.27;296.27;296.27;;;-0.26%
21/01/2015;296.96;296.96;296.96;296.96;;;0.23%
22/01/2015;297.89;297.89;297.89;297.89;;;0.31%
23/01/2015;297.32;297.32;297.32;297.32;;;-0.19%
26/01/2015;296.19;296.19;296.19;296.19;;;-0.38%
27/01/2015;297.8;297.8;297.8;297.8;;;0.54%
28/01/2015;300.36;300.36;300.36;300.36;;;0.86%
29/01/2015;302.84;302.84;302.84;302.84;;;0.83%
30/01/2015;305.92;305.92;305.92;305.92;;;1.02%
02/02/2015;305.92;305.92;305.92;305.92;;;0.00%
03/02/2015;304.55;304.55;304.55;304.55;;;-0.45%
04/02/2015;306.29;306.29;306.29;306.29;;;0.57%
05/02/2015;306.11;306.11;306.11;306.11;;;-0.06%
06/02/2015;304.87;304.87;304.87;304.87;;;-0.41%
10/02/2015;299.24;299.24;299.24;299.24;;;-1.85%
11/02/2015;305.05;305.05;305.05;305.05;;;1.94%
12/02/2015;305.05;305.05;305.05;305.05;;;0.00%
13/02/2015;300.01;300.01;300.01;300.01;;;-1.65%
16/02/2015;304.37;304.37;304.37;304.37;;;1.45%
17/02/2015;304.37;304.37;304.37;304.37;;;0.00%
18/02/2015;304.37;304.37;304.37;304.37;;;0.00%
19/02/2015;306.71;306.71;306.71;306.71;;;0.77%
20/02/2015;307.02;307.02;307.02;307.02;;;0.10%
23/02/2015;313.27;313.27;313.27;313.27;;;2.04%
24/02/2015;312.95;312.95;312.95;312.95;;;-0.10%
25/02/2015;314.93;314.93;314.93;314.93;;;0.63%
26/02/2015;315.27;315.27;315.27;315.27;;;0.11%
27/02/2015;320.54;320.54;320.54;320.54;;;1.67%
02/03/2015;329.46;329.46;329.46;329.46;;;2.78%
03/03/2015;337.51;337.51;337.51;337.51;;;2.44%
04/03/2015;336.93;336.93;336.93;336.93;;;-0.17%
05/03/2015;341.61;341.61;341.61;341.61;;;1.39%
06/03/2015;346.14;346.14;346.14;346.14;;;1.33%
09/03/2015;351.2;351.2;351.2;351.2;;;1.46%
10/03/2015;356.43;356.43;356.43;356.43;;;1.49%
11/03/2015;357.65;357.65;357.65;357.65;;;0.34%
12/03/2015;366.7;366.7;366.7;366.7;;;2.53%
13/03/2015;372.82;372.82;372.82;372.82;;;1.67%
16/03/2015;377.72;377.72;377.72;377.72;;;1.31%
17/03/2015;376.86;376.86;376.86;376.86;;;-0.23%
18/03/2015;369.03;369.03;369.03;369.03;;;-2.08%
19/03/2015;365.72;365.72;365.72;365.72;;;-0.90%
20/03/2015;371.64;371.64;371.64;371.64;;;1.62%
23/03/2015;373.04;373.04;373.04;373.04;;;0.38%
24/03/2015;378.29;378.29;378.29;378.29;;;1.41%
25/03/2015;382.17;382.17;382.17;382.17;;;1.03%
26/03/2015;388.11;388.11;388.11;388.11;;;1.55%
27/03/2015;391.13;391.13;391.13;391.13;;;0.78%
30/03/2015;396.02;396.02;396.02;396.02;;;1.25%
31/03/2015;389.2;389.2;389.2;389.2;;;-1.72%
01/04/2015;394.19;394.19;394.19;394.19;;;1.28%
02/04/2015;391.58;391.58;391.58;391.58;;;-0.66%
03/04/2015;380.58;380.58;380.58;380.58;;;-2.81%
07/04/2015;373.24;373.24;373.24;373.24;;;-1.93%
08/04/2015;365.59;365.59;365.59;365.59;;;-2.05%
09/04/2015;365.02;365.02;365.02;365.02;;;-0.16%
10/04/2015;367.35;367.35;367.35;367.35;;;0.64%
13/04/2015;367.47;367.47;367.47;367.47;;;0.03%
14/04/2015;371.03;371.03;371.03;371.03;;;0.97%
15/04/2015;376.33;376.33;376.33;376.33;;;1.43%
16/04/2015;375.92;375.92;375.92;375.92;;;-0.11%
17/04/2015;371.08;371.08;371.08;371.08;;;-1.29%
20/04/2015;373.56;373.56;373.56;373.56;;;0.67%
21/04/2015;365.94;365.94;365.94;365.94;;;-2.04%
22/04/2015;365.93;365.93;365.93;365.93;;;-0.00%
23/04/2015;365.61;365.61;365.61;365.61;;;-0.09%
24/04/2015;365.61;365.61;365.61;365.61;;;0.00%
27/04/2015;364.6;364.6;364.6;364.6;;;-0.28%
28/04/2015;364.11;364.11;364.11;364.11;;;-0.13%
29/04/2015;365.63;365.63;365.63;365.63;;;0.42%
30/04/2015;367.99;367.99;367.99;367.99;;;0.65%
04/05/2015;374.02;374.02;374.02;374.02;;;1.64%
05/05/2015;363.52;363.52;363.52;363.52;;;-2.81%
06/05/2015;365.96;365.96;365.96;365.96;;;0.67%
07/05/2015;364.25;364.25;364.25;364.25;;;-0.47%
08/05/2015;363.1;363.1;363.1;363.1;;;-0.32%
11/05/2015;359.01;359.01;359.01;359.01;;;-1.13%
12/05/2015;360.36;360.36;360.36;360.36;;;0.38%
13/05/2015;361.33;361.33;361.33;361.33;;;0.27%
15/05/2015;360.51;360.51;360.51;360.51;;;-0.23%
18/05/2015;360.7;360.7;360.7;360.7;;;0.05%
19/05/2015;361.08;361.08;361.08;361.08;;;0.11%
20/05/2015;366.55;366.55;366.55;366.55;;;1.51%
21/05/2015;375.34;375.34;375.34;375.34;;;2.40%
22/05/2015;381.98;381.98;381.98;381.98;;;1.77%
26/05/2015;392.11;392.11;392.11;392.11;;;2.65%
27/05/2015;400.37;400.37;400.37;400.37;;;2.11%
28/05/2015;404.35;404.35;404.35;404.35;;;0.99%
29/05/2015;399.14;399.14;399.14;399.14;;;-1.29%
01/06/2015;388.62;388.62;388.62;388.62;;;-2.64%
02/06/2015;387.54;387.54;387.54;387.54;;;-0.28%
03/06/2015;390.09;390.09;390.09;390.09;;;0.66%
04/06/2015;397.64;397.64;397.64;397.64;;;1.94%
05/06/2015;408.17;408.17;408.17;408.17;;;2.65%
08/06/2015;414.4;414.4;414.4;414.4;;;1.53%
09/06/2015;423.28;423.28;423.28;423.28;;;2.14%
10/06/2015;440.62;440.62;440.62;440.62;;;4.10%
11/06/2015;454.01;454.01;454.01;454.01;;;3.04%
12/06/2015;441.64;441.64;441.64;441.64;;;-2.72%
15/06/2015;441.01;441.01;441.01;441.01;;;-0.14%
16/06/2015;445.34;445.34;445.34;445.34;;;0.98%
17/06/2015;447.37;447.37;447.37;447.37;;;0.46%
18/06/2015;460.03;460.03;460.03;460.03;;;2.83%
19/06/2015;461.81;461.81;461.81;461.81;;;0.39%
22/06/2015;472.21;472.21;472.21;472.21;;;2.25%
23/06/2015;484.23;484.23;484.23;484.23;;;2.55%
24/06/2015;496.23;496.23;496.23;496.23;;;2.48%
25/06/2015;484.92;484.92;484.92;484.92;;;-2.28%
26/06/2015;486.73;486.73;486.73;486.73;;;0.37%
29/06/2015;484.59;484.59;484.59;484.59;;;-0.44%
30/06/2015;480.63;480.63;480.63;480.63;;;-0.82%
01/07/2015;482.12;482.12;482.12;482.12;;;0.31%
02/07/2015;473.72;473.72;473.72;473.72;;;-1.74%
03/07/2015;472.36;472.36;472.36;472.36;;;-0.29%
06/07/2015;474.29;474.29;474.29;474.29;;;0.41%
07/07/2015;471.52;471.52;471.52;471.52;;;-0.58%
08/07/2015;469.08;469.08;469.08;469.08;;;-0.52%
09/07/2015;467.47;467.47;467.47;467.47;;;-0.34%
10/07/2015;477.84;477.84;477.84;477.84;;;2.22%
13/07/2015;490.72;490.72;490.72;490.72;;;2.70%
15/07/2015;502.76;502.76;502.76;502.76;;;2.45%
16/07/2015;499.28;499.28;499.28;499.28;;;-0.69%
20/07/2015;500.28;500.28;500.28;500.28;;;0.20%
21/07/2015;501.96;501.96;501.96;501.96;;;0.34%
22/07/2015;503.18;503.18;503.18;503.18;;;0.24%
23/07/2015;506.42;506.42;506.42;506.42;;;0.64%
24/07/2015;503.94;503.94;503.94;503.94;;;-0.49%
27/07/2015;517;517;517;517;;;2.59%
28/07/2015;520.68;520.68;520.68;520.68;;;0.71%
29/07/2015;523.47;523.47;523.47;523.47;;;0.54%
30/07/2015;530.53;530.53;530.53;530.53;;;1.35%
31/07/2015;541.88;541.88;541.88;541.88;;;2.14%
03/08/2015;540.47;540.47;540.47;540.47;;;-0.26%
04/08/2015;524.99;524.99;524.99;524.99;;;-2.86%
05/08/2015;523.2;523.2;523.2;523.2;;;-0.34%
06/08/2015;526.19;526.19;526.19;526.19;;;0.57%
10/08/2015;529.27;529.27;529.27;529.27;;;0.59%
11/08/2015;531.6;531.6;531.6;531.6;;;0.44%
12/08/2015;533.49;533.49;533.49;533.49;;;0.36%
13/08/2015;528.64;528.64;528.64;528.64;;;-0.91%
14/08/2015;527.82;527.82;527.82;527.82;;;-0.16%
17/08/2015;527.24;527.24;527.24;527.24;;;-0.11%
18/08/2015;529.1;529.1;529.1;529.1;;;0.35%
19/08/2015;540.24;540.24;540.24;540.24;;;2.11%
20/08/2015;541.8;541.8;541.8;541.8;;;0.29%
21/08/2015;531.51;531.51;531.51;531.51;;;-1.90%
24/08/2015;541.78;541.78;541.78;541.78;;;1.93%
25/08/2015;543.77;543.77;543.77;543.77;;;0.37%
26/08/2015;547.99;547.99;547.99;547.99;;;0.78%
27/08/2015;550.15;550.15;550.15;550.15;;;0.39%
28/08/2015;552.31;552.31;552.31;552.31;;;0.39%
31/08/2015;556.31;556.31;556.31;556.31;;;0.72%
01/09/2015;560.54;560.54;560.54;560.54;;;0.76%
02/09/2015;561.27;561.27;561.27;561.27;;;0.13%
03/09/2015;557.07;557.07;557.07;557.07;;;-0.75%
04/09/2015;551.08;551.08;551.08;551.08;;;-1.08%
07/09/2015;554.83;554.83;554.83;554.83;;;0.68%
08/09/2015;556.69;556.69;556.69;556.69;;;0.34%
09/09/2015;549.66;549.66;549.66;549.66;;;-1.26%
10/09/2015;547.82;547.82;547.82;547.82;;;-0.33%
11/09/2015;551.39;551.39;551.39;551.39;;;0.65%
14/09/2015;551.65;551.65;551.65;551.65;;;0.05%
15/09/2015;551.08;551.08;551.08;551.08;;;-0.10%
16/09/2015;554.45;554.45;554.45;554.45;;;0.61%
17/09/2015;550.88;550.88;550.88;550.88;;;-0.64%
18/09/2015;540.42;540.42;540.42;540.42;;;-1.90%
21/09/2015;536.85;536.85;536.85;536.85;;;-0.66%
22/09/2015;535.89;535.89;535.89;535.89;;;-0.18%
23/09/2015;538.35;538.35;538.35;538.35;;;0.46%
25/09/2015;545.82;545.82;545.82;545.82;;;1.39%
28/09/2015;551.16;551.16;551.16;551.16;;;0.98%
29/09/2015;545.74;545.74;545.74;545.74;;;-0.98%
30/09/2015;549.94;549.94;549.94;549.94;;;0.77%
01/10/2015;550.3;550.3;550.3;550.3;;;0.07%
02/10/2015;554.45;554.45;554.45;554.45;;;0.75%
05/10/2015;555.1;555.1;555.1;555.1;;;0.12%
06/10/2015;558.19;558.19;558.19;558.19;;;0.56%
07/10/2015;558.5;558.5;558.5;558.5;;;0.06%
08/10/2015;558.93;558.93;558.93;558.93;;;0.08%
09/10/2015;557.5;557.5;557.5;557.5;;;-0.26%
12/10/2015;557.92;557.92;557.92;557.92;;;0.08%
13/10/2015;565.89;565.89;565.89;565.89;;;1.43%
14/10/2015;571.55;571.55;571.55;571.55;;;1.00%
15/10/2015;573.82;573.82;573.82;573.82;;;0.40%
16/10/2015;572.55;572.55;572.55;572.55;;;-0.22%
19/10/2015;575.51;575.51;575.51;575.51;;;0.52%
20/10/2015;575.76;575.76;575.76;575.76;;;0.04%
21/10/2015;580.97;580.97;580.97;580.97;;;0.90%
22/10/2015;581.82;581.82;581.82;581.82;;;0.15%
23/10/2015;582.17;582.17;582.17;582.17;;;0.06%
26/10/2015;581.94;581.94;581.94;581.94;;;-0.04%
27/10/2015;582.46;582.46;582.46;582.46;;;0.09%
28/10/2015;583.09;583.09;583.09;583.09;;;0.11%
29/10/2015;588.52;588.52;588.52;588.52;;;0.93%
30/10/2015;583.59;583.59;583.59;583.59;;;-0.84%
02/11/2015;592.28;592.28;592.28;592.28;;;1.49%
03/11/2015;590.39;590.39;590.39;590.39;;;-0.32%
04/11/2015;588.35;588.35;588.35;588.35;;;-0.35%
05/11/2015;589.43;589.43;589.43;589.43;;;0.18%
06/11/2015;591.49;591.49;591.49;591.49;;;0.35%
09/11/2015;591.36;591.36;591.36;591.36;;;-0.02%
10/11/2015;595.77;595.77;595.77;595.77;;;0.75%
11/11/2015;592.43;592.43;592.43;592.43;;;-0.56%
12/11/2015;589.57;589.57;589.57;589.57;;;-0.48%
13/11/2015;590.26;590.26;590.26;590.26;;;0.12%
16/11/2015;577.93;577.93;577.93;577.93;;;-2.09%
17/11/2015;577.15;577.15;577.15;577.15;;;-0.13%
18/11/2015;562.7;562.7;562.7;562.7;;;-2.50%
19/11/2015;571.49;571.49;571.49;571.49;;;1.56%
20/11/2015;572.15;572.15;572.15;572.15;;;0.12%
23/11/2015;566.38;566.38;566.38;566.38;;;-1.01%
24/11/2015;571.4;571.4;571.4;571.4;;;0.89%
25/11/2015;572.4;572.4;572.4;572.4;;;0.18%
26/11/2015;587.41;587.41;587.41;587.41;;;2.62%
27/11/2015;601.61;601.61;601.61;601.61;;;2.42%
30/11/2015;603.23;603.23;603.23;603.23;;;0.27%
01/12/2015;596.07;596.07;596.07;596.07;;;-1.19%
02/12/2015;599.86;599.86;599.86;599.86;;;0.64%
03/12/2015;596.94;596.94;596.94;596.94;;;-0.49%
04/12/2015;596.68;596.68;596.68;596.68;;;-0.04%
07/12/2015;591.44;591.44;591.44;591.44;;;-0.88%
08/12/2015;597.12;597.12;597.12;597.12;;;0.96%
09/12/2015;600.12;600.12;600.12;600.12;;;0.50%
10/12/2015;583.3;583.3;583.3;583.3;;;-2.80%
11/12/2015;583.38;583.38;583.38;583.38;;;0.01%
14/12/2015;575.09;575.09;575.09;575.09;;;-1.42%
15/12/2015;561.22;561.22;561.22;561.22;;;-2.41%
16/12/2015;574.77;574.77;574.77;574.77;;;2.41%
17/12/2015;580.42;580.42;580.42;580.42;;;0.98%
18/12/2015;575.39;575.39;575.39;575.39;;;-0.87%
21/12/2015;588.98;588.98;588.98;588.98;;;2.36%
22/12/2015;576.38;576.38;576.38;576.38;;;-2.14%
23/12/2015;559.56;559.56;559.56;559.56;;;-2.92%
28/12/2015;552.93;552.93;552.93;552.93;;;-1.18%
29/12/2015;565.01;565.01;565.01;565.01;;;2.18%
30/12/2015;562.22;562.22;562.22;562.22;;;-0.49%
31/12/2015;579.46;579.46;579.46;579.46;;;3.07%
04/01/2016;564.13;564.13;564.13;564.13;;;-2.65%
05/01/2016;565.44;565.44;565.44;565.44;;;0.23%
06/01/2016;567.2;567.2;567.2;567.2;;;0.31%
07/01/2016;567.47;567.47;567.47;567.47;;;0.05%
08/01/2016;565.78;565.78;565.78;565.78;;;-0.30%
11/01/2016;564.79;564.79;564.79;564.79;;;-0.17%
12/01/2016;562.23;562.23;562.23;562.23;;;-0.45%
13/01/2016;562.85;562.85;562.85;562.85;;;0.11%
14/01/2016;566.58;566.58;566.58;566.58;;;0.66%
15/01/2016;565.04;565.04;565.04;565.04;;;-0.27%
18/01/2016;566.17;566.17;566.17;566.17;;;0.20%
19/01/2016;562.92;562.92;562.92;562.92;;;-0.57%
20/01/2016;569.29;569.29;569.29;569.29;;;1.13%
21/01/2016;569.48;569.48;569.48;569.48;;;0.03%
22/01/2016;565.2;565.2;565.2;565.2;;;-0.75%
25/01/2016;567.31;567.31;567.31;567.31;;;0.37%
26/01/2016;562.6;562.6;562.6;562.6;;;-0.83%
27/01/2016;561.85;561.85;561.85;561.85;;;-0.13%
28/01/2016;561.92;561.92;561.92;561.92;;;0.01%
29/01/2016;563.56;563.56;563.56;563.56;;;0.29%
01/02/2016;559.83;559.83;559.83;559.83;;;-0.66%
02/02/2016;562.15;562.15;562.15;562.15;;;0.41%
03/02/2016;556.37;556.37;556.37;556.37;;;-1.03%
04/02/2016;559.22;559.22;559.22;559.22;;;0.51%
05/02/2016;572.23;572.23;572.23;572.23;;;2.33%
08/02/2016;571.54;571.54;571.54;571.54;;;-0.12%
09/02/2016;566.89;566.89;566.89;566.89;;;-0.81%
10/02/2016;567.84;567.84;567.84;567.84;;;0.17%
11/02/2016;565.81;565.81;565.81;565.81;;;-0.36%
12/02/2016;564.44;564.44;564.44;564.44;;;-0.24%
15/02/2016;568.35;568.35;568.35;568.35;;;0.69%
16/02/2016;573.48;573.48;573.48;573.48;;;0.90%
17/02/2016;571.14;571.14;571.14;571.14;;;-0.41%
18/02/2016;581.21;581.21;581.21;581.21;;;1.76%
19/02/2016;579.62;579.62;579.62;579.62;;;-0.27%
22/02/2016;573.3;573.3;573.3;573.3;;;-1.09%
23/02/2016;580.55;580.55;580.55;580.55;;;1.26%
24/02/2016;597.01;597.01;597.01;597.01;;;2.84%
25/02/2016;601.61;601.61;601.61;601.61;;;0.77%
26/02/2016;596.63;596.63;596.63;596.63;;;-0.83%
29/02/2016;604.12;604.12;604.12;604.12;;;1.26%
01/03/2016;603.93;603.93;603.93;603.93;;;-0.03%
02/03/2016;611.21;611.21;611.21;611.21;;;1.21%
03/03/2016;610.98;610.98;610.98;610.98;;;-0.04%
04/03/2016;620.52;620.52;620.52;620.52;;;1.56%
07/03/2016;641.79;641.79;641.79;641.79;;;3.43%
08/03/2016;657.38;657.38;657.38;657.38;;;2.43%
09/03/2016;681.36;681.36;681.36;681.36;;;3.65%
10/03/2016;693.4;693.4;693.4;693.4;;;1.77%
11/03/2016;701.89;701.89;701.89;701.89;;;1.22%
14/03/2016;699.17;699.17;699.17;699.17;;;-0.39%
15/03/2016;709.48;709.48;709.48;709.48;;;1.47%
16/03/2016;726.21;726.21;726.21;726.21;;;2.36%
17/03/2016;725.3;725.3;725.3;725.3;;;-0.13%
18/03/2016;729.36;729.36;729.36;729.36;;;0.56%
21/03/2016;721.52;721.52;721.52;721.52;;;-1.07%
22/03/2016;724.35;724.35;724.35;724.35;;;0.39%
23/03/2016;737.88;737.88;737.88;737.88;;;1.87%
24/03/2016;734.94;734.94;734.94;734.94;;;-0.40%
25/03/2016;729.68;729.68;729.68;729.68;;;-0.72%
29/03/2016;733.29;733.29;733.29;733.29;;;0.49%
30/03/2016;736.56;736.56;736.56;736.56;;;0.45%
31/03/2016;722.12;722.12;722.12;722.12;;;-1.96%
01/04/2016;732.78;732.78;732.78;732.78;;;1.48%
04/04/2016;744.28;744.28;744.28;744.28;;;1.57%
05/04/2016;727.58;727.58;727.58;727.58;;;-2.24%
06/04/2016;716.25;716.25;716.25;716.25;;;-1.56%
07/04/2016;714.44;714.44;714.44;714.44;;;-0.25%
08/04/2016;698.47;698.47;698.47;698.47;;;-2.24%
11/04/2016;678.1;678.1;678.1;678.1;;;-2.92%
12/04/2016;671.92;671.92;671.92;671.92;;;-0.91%
13/04/2016;659.81;659.81;659.81;659.81;;;-1.80%
14/04/2016;659.72;659.72;659.72;659.72;;;-0.01%
15/04/2016;657.1;657.1;657.1;657.1;;;-0.40%
18/04/2016;656.42;656.42;656.42;656.42;;;-0.10%
19/04/2016;656.61;656.61;656.61;656.61;;;0.03%
20/04/2016;658.77;658.77;658.77;658.77;;;0.33%
21/04/2016;651.99;651.99;651.99;651.99;;;-1.03%
22/04/2016;650.27;650.27;650.27;650.27;;;-0.26%
25/04/2016;646.01;646.01;646.01;646.01;;;-0.66%
26/04/2016;653.44;653.44;653.44;653.44;;;1.15%
27/04/2016;650.94;650.94;650.94;650.94;;;-0.38%
28/04/2016;653.27;653.27;653.27;653.27;;;0.36%
29/04/2016;654.36;654.36;654.36;654.36;;;0.17%
03/05/2016;670.13;670.13;670.13;670.13;;;2.41%
04/05/2016;674.18;674.18;674.18;674.18;;;0.60%
06/05/2016;675.18;675.18;675.18;675.18;;;0.15%
09/05/2016;679.77;679.77;679.77;679.77;;;0.68%
10/05/2016;681.82;681.82;681.82;681.82;;;0.30%
11/05/2016;677.16;677.16;677.16;677.16;;;-0.68%
12/05/2016;679.17;679.17;679.17;679.17;;;0.30%
13/05/2016;681.65;681.65;681.65;681.65;;;0.37%
17/05/2016;703.56;703.56;703.56;703.56;;;3.21%
18/05/2016;722.29;722.29;722.29;722.29;;;2.66%
19/05/2016;727.88;727.88;727.88;727.88;;;0.77%
20/05/2016;714.68;714.68;714.68;714.68;;;-1.81%
23/05/2016;700.77;700.77;700.77;700.77;;;-1.95%
24/05/2016;714.17;714.17;714.17;714.17;;;1.91%
25/05/2016;701.6;701.6;701.6;701.6;;;-1.76%
26/05/2016;709.37;709.37;709.37;709.37;;;1.11%
27/05/2016;707.27;707.27;707.27;707.27;;;-0.30%
30/05/2016;709.95;709.95;709.95;709.95;;;0.38%
31/05/2016;711.98;711.98;711.98;711.98;;;0.29%
01/06/2016;705.2;705.2;705.2;705.2;;;-0.95%
02/06/2016;718.76;718.76;718.76;718.76;;;1.92%
03/06/2016;710.39;710.39;710.39;710.39;;;-1.16%
06/06/2016;716.37;716.37;716.37;716.37;;;0.84%
07/06/2016;721.18;721.18;721.18;721.18;;;0.67%
08/06/2016;733.99;733.99;733.99;733.99;;;1.78%
09/06/2016;751.89;751.89;751.89;751.89;;;2.44%
10/06/2016;757.62;757.62;757.62;757.62;;;0.76%
13/06/2016;752.74;752.74;752.74;752.74;;;-0.64%
14/06/2016;752.93;752.93;752.93;752.93;;;0.03%
15/06/2016;748.27;748.27;748.27;748.27;;;-0.62%
16/06/2016;735.62;735.62;735.62;735.62;;;-1.69%
17/06/2016;724.55;724.55;724.55;724.55;;;-1.50%
20/06/2016;723.96;723.96;723.96;723.96;;;-0.08%
21/06/2016;719.01;719.01;719.01;719.01;;;-0.68%
22/06/2016;729.68;729.68;729.68;729.68;;;1.48%
23/06/2016;735.54;735.54;735.54;735.54;;;0.80%
24/06/2016;736.71;736.71;736.71;736.71;;;0.16%
27/06/2016;742.87;742.87;742.87;742.87;;;0.84%
28/06/2016;769.38;769.38;769.38;769.38;;;3.57%
29/06/2016;775.29;775.29;775.29;775.29;;;0.77%
30/06/2016;786.55;786.55;786.55;786.55;;;1.45%
01/07/2016;762.31;762.31;762.31;762.31;;;-3.08%
04/07/2016;745.37;745.37;745.37;745.37;;;-2.22%
05/07/2016;729.64;729.64;729.64;729.64;;;-2.11%
07/07/2016;712.72;712.72;712.72;712.72;;;-2.32%
08/07/2016;699.89;699.89;699.89;699.89;;;-1.80%
11/07/2016;675.47;675.47;675.47;675.47;;;-3.49%
12/07/2016;664.6;664.6;664.6;664.6;;;-1.61%
13/07/2016;671.29;671.29;671.29;671.29;;;1.01%
14/07/2016;681.04;681.04;681.04;681.04;;;1.45%
15/07/2016;682.56;682.56;682.56;682.56;;;0.22%
18/07/2016;700.68;700.68;700.68;700.68;;;2.65%
19/07/2016;708.87;708.87;708.87;708.87;;;1.17%
20/07/2016;714.25;714.25;714.25;714.25;;;0.76%
21/07/2016;699.15;699.15;699.15;699.15;;;-2.11%
22/07/2016;679.06;679.06;679.06;679.06;;;-2.87%
25/07/2016;668.89;668.89;668.89;668.89;;;-1.50%
26/07/2016;662.87;662.87;662.87;662.87;;;-0.90%
27/07/2016;662.48;662.48;662.48;662.48;;;-0.06%
28/07/2016;671.47;671.47;671.47;671.47;;;1.36%
29/07/2016;670.9;670.9;670.9;670.9;;;-0.08%
01/08/2016;673.92;673.92;673.92;673.92;;;0.45%
02/08/2016;669.03;669.03;669.03;669.03;;;-0.73%
03/08/2016;669.83;669.83;669.83;669.83;;;0.12%
04/08/2016;666.82;666.82;666.82;666.82;;;-0.45%
05/08/2016;668.95;668.95;668.95;668.95;;;0.32%
09/08/2016;668.25;668.25;668.25;668.25;;;-0.10%
10/08/2016;674.33;674.33;674.33;674.33;;;0.91%
11/08/2016;675.36;675.36;675.36;675.36;;;0.15%
12/08/2016;679.56;679.56;679.56;679.56;;;0.62%
16/08/2016;684.74;684.74;684.74;684.74;;;0.76%
17/08/2016;686.38;686.38;686.38;686.38;;;0.24%
18/08/2016;665.49;665.49;665.49;665.49;;;-3.04%
19/08/2016;683.51;683.51;683.51;683.51;;;2.71%
22/08/2016;679.6;679.6;679.6;679.6;;;-0.57%
23/08/2016;670.11;670.11;670.11;670.11;;;-1.40%
24/08/2016;688.96;688.96;688.96;688.96;;;2.81%
25/08/2016;695.51;695.51;695.51;695.51;;;0.95%
26/08/2016;700.24;700.24;700.24;700.24;;;0.68%
29/08/2016;692.97;692.97;692.97;692.97;;;-1.04%
30/08/2016;694.67;694.67;694.67;694.67;;;0.25%
31/08/2016;701.72;701.72;701.72;701.72;;;1.01%
01/09/2016;708.8;708.8;708.8;708.8;;;1.01%
02/09/2016;708.82;708.82;708.82;708.82;;;0.00%
05/09/2016;706.08;706.08;706.08;706.08;;;-0.39%
06/09/2016;708.03;708.03;708.03;708.03;;;0.28%
07/09/2016;704.12;704.12;704.12;704.12;;;-0.55%
08/09/2016;707.1;707.1;707.1;707.1;;;0.42%
09/09/2016;701.87;701.87;701.87;701.87;;;-0.74%
13/09/2016;692.44;692.44;692.44;692.44;;;-1.34%
14/09/2016;687.21;687.21;687.21;687.21;;;-0.76%
15/09/2016;703.03;703.03;703.03;703.03;;;2.30%
16/09/2016;705.67;705.67;705.67;705.67;;;0.38%
19/09/2016;711.22;711.22;711.22;711.22;;;0.79%
20/09/2016;709.11;709.11;709.11;709.11;;;-0.30%
21/09/2016;704.51;704.51;704.51;704.51;;;-0.65%
22/09/2016;695.05;695.05;695.05;695.05;;;-1.34%
23/09/2016;697.02;697.02;697.02;697.02;;;0.28%
26/09/2016;704.74;704.74;704.74;704.74;;;1.11%
27/09/2016;716.93;716.93;716.93;716.93;;;1.73%
28/09/2016;706.07;706.07;706.07;706.07;;;-1.51%
29/09/2016;698.28;698.28;698.28;698.28;;;-1.10%
30/09/2016;690.76;690.76;690.76;690.76;;;-1.08%
03/10/2016;674.6;674.6;674.6;674.6;;;-2.34%
04/10/2016;664.26;664.26;664.26;664.26;;;-1.53%
05/10/2016;661.01;661.01;661.01;661.01;;;-0.49%
06/10/2016;641.33;641.33;641.33;641.33;;;-2.98%
07/10/2016;642.37;642.37;642.37;642.37;;;0.16%
10/10/2016;649.78;649.78;649.78;649.78;;;1.15%
11/10/2016;642.56;642.56;642.56;642.56;;;-1.11%
12/10/2016;647.54;647.54;647.54;647.54;;;0.78%
13/10/2016;641.24;641.24;641.24;641.24;;;-0.97%
14/10/2016;638.55;638.55;638.55;638.55;;;-0.42%
17/10/2016;629.73;629.73;629.73;629.73;;;-1.38%
18/10/2016;619.23;619.23;619.23;619.23;;;-1.67%
19/10/2016;607.18;607.18;607.18;607.18;;;-1.95%
20/10/2016;600.18;600.18;600.18;600.18;;;-1.15%
21/10/2016;608.12;608.12;608.12;608.12;;;1.32%
24/10/2016;606.48;606.48;606.48;606.48;;;-0.27%
25/10/2016;603.03;603.03;603.03;603.03;;;-0.57%
26/10/2016;573.69;573.69;573.69;573.69;;;-4.87%
27/10/2016;572.6;572.6;572.6;572.6;;;-0.19%
28/10/2016;566.44;566.44;566.44;566.44;;;-1.08%
31/10/2016;565.65;565.65;565.65;565.65;;;-0.14%
02/11/2016;567.52;567.52;567.52;567.52;;;0.33%
03/11/2016;567.39;567.39;567.39;567.39;;;-0.02%
04/11/2016;569.73;569.73;569.73;569.73;;;0.41%
07/11/2016;579.6;579.6;579.6;579.6;;;1.73%
08/11/2016;574.06;574.06;574.06;574.06;;;-0.96%
09/11/2016;570.75;570.75;570.75;570.75;;;-0.58%
10/11/2016;579.19;579.19;579.19;579.19;;;1.48%
11/11/2016;585.9;585.9;585.9;585.9;;;1.16%
14/11/2016;598.89;598.89;598.89;598.89;;;2.22%
16/11/2016;600.88;600.88;600.88;600.88;;;0.33%
17/11/2016;592.69;592.69;592.69;592.69;;;-1.36%
18/11/2016;596.93;596.93;596.93;596.93;;;0.72%
21/11/2016;584.46;584.46;584.46;584.46;;;-2.09%
22/11/2016;589.68;589.68;589.68;589.68;;;0.89%
23/11/2016;594.31;594.31;594.31;594.31;;;0.79%
24/11/2016;581.82;581.82;581.82;581.82;;;-2.10%
25/11/2016;578.04;578.04;578.04;578.04;;;-0.65%
28/11/2016;584.13;584.13;584.13;584.13;;;1.05%
29/11/2016;596.95;596.95;596.95;596.95;;;2.19%
30/11/2016;597.16;597.16;597.16;597.16;;;0.04%
01/12/2016;577.39;577.39;577.39;577.39;;;-3.31%
02/12/2016;587.15;587.15;587.15;587.15;;;1.69%
05/12/2016;585.1;585.1;585.1;585.1;;;-0.35%
06/12/2016;580.8;580.8;580.8;580.8;;;-0.73%
07/12/2016;597.54;597.54;597.54;597.54;;;2.88%
08/12/2016;583.94;583.94;583.94;583.94;;;-2.28%
09/12/2016;585.81;585.81;585.81;585.81;;;0.32%
13/12/2016;593.81;593.81;593.81;593.81;;;1.37%
14/12/2016;602.42;602.42;602.42;602.42;;;1.45%
15/12/2016;585;585;585;585;;;-2.89%
16/12/2016;572.5;572.5;572.5;572.5;;;-2.14%
19/12/2016;575.92;575.92;575.92;575.92;;;0.60%
20/12/2016;584.25;584.25;584.25;584.25;;;1.45%
21/12/2016;592.73;592.73;592.73;592.73;;;1.45%
22/12/2016;589.92;589.92;589.92;589.92;;;-0.47%
23/12/2016;585.26;585.26;585.26;585.26;;;-0.79%
27/12/2016;594.03;594.03;594.03;594.03;;;1.50%
28/12/2016;582.99;582.99;582.99;582.99;;;-1.86%
29/12/2016;583.32;583.32;583.32;583.32;;;0.06%
30/12/2016;600.89;600.89;600.89;600.89;;;3.01%
02/01/2017;576.99;576.99;576.99;576.99;;;-3.98%
03/01/2017;581.25;581.25;581.25;581.25;;;0.74%
04/01/2017;566.26;566.26;566.26;566.26;;;-2.58%
05/01/2017;557.85;557.85;557.85;557.85;;;-1.49%
06/01/2017;557.51;557.51;557.51;557.51;;;-0.06%
09/01/2017;549.87;549.87;549.87;549.87;;;-1.37%
10/01/2017;546.1;546.1;546.1;546.1;;;-0.69%
11/01/2017;540.91;540.91;540.91;540.91;;;-0.95%
12/01/2017;545.38;545.38;545.38;545.38;;;0.83%
13/01/2017;546.09;546.09;546.09;546.09;;;0.13%
16/01/2017;551.01;551.01;551.01;551.01;;;0.90%
17/01/2017;548.49;548.49;548.49;548.49;;;-0.46%
18/01/2017;539.08;539.08;539.08;539.08;;;-1.72%
19/01/2017;539.83;539.83;539.83;539.83;;;0.14%
20/01/2017;552.19;552.19;552.19;552.19;;;2.29%
23/01/2017;539.99;539.99;539.99;539.99;;;-2.21%
24/01/2017;546.25;546.25;546.25;546.25;;;1.16%
25/01/2017;542.61;542.61;542.61;542.61;;;-0.67%
26/01/2017;538.56;538.56;538.56;538.56;;;-0.75%
27/01/2017;543.53;543.53;543.53;543.53;;;0.92%
30/01/2017;519.3;519.3;519.3;519.3;;;-4.46%
31/01/2017;512.08;512.08;512.08;512.08;;;-1.39%
01/02/2017;522.3;522.3;522.3;522.3;;;2.00%
02/02/2017;518.49;518.49;518.49;518.49;;;-0.73%
03/02/2017;517.6;517.6;517.6;517.6;;;-0.17%
06/02/2017;516.08;516.08;516.08;516.08;;;-0.29%
07/02/2017;518.07;518.07;518.07;518.07;;;0.39%
08/02/2017;517.19;517.19;517.19;517.19;;;-0.17%
09/02/2017;516.25;516.25;516.25;516.25;;;-0.18%
10/02/2017;525.12;525.12;525.12;525.12;;;1.72%
13/02/2017;511.24;511.24;511.24;511.24;;;-2.64%
14/02/2017;522.59;522.59;522.59;522.59;;;2.22%
15/02/2017;515.08;515.08;515.08;515.08;;;-1.44%
16/02/2017;517.05;517.05;517.05;517.05;;;0.38%
17/02/2017;508.57;508.57;508.57;508.57;;;-1.64%
20/02/2017;515.46;515.46;515.46;515.46;;;1.35%
21/02/2017;511.13;511.13;511.13;511.13;;;-0.84%
22/02/2017;515.22;515.22;515.22;515.22;;;0.80%
23/02/2017;499.27;499.27;499.27;499.27;;;-3.10%
24/02/2017;502.37;502.37;502.37;502.37;;;0.62%
27/02/2017;495.12;495.12;495.12;495.12;;;-1.44%
28/02/2017;489.16;489.16;489.16;489.16;;;-1.20%
01/03/2017;500.82;500.82;500.82;500.82;;;2.38%
02/03/2017;478.21;478.21;478.21;478.21;;;-4.51%
03/03/2017;475.08;475.08;475.08;475.08;;;-0.65%
06/03/2017;478.71;478.71;478.71;478.71;;;0.76%
07/03/2017;478.25;478.25;478.25;478.25;;;-0.10%
08/03/2017;486.7;486.7;486.7;486.7;;;1.77%
09/03/2017;485.06;485.06;485.06;485.06;;;-0.34%
10/03/2017;478.17;478.17;478.17;478.17;;;-1.42%
13/03/2017;478.41;478.41;478.41;478.41;;;0.05%
14/03/2017;485.3;485.3;485.3;485.3;;;1.44%
15/03/2017;491.1;491.1;491.1;491.1;;;1.20%
16/03/2017;493.11;493.11;493.11;493.11;;;0.41%
17/03/2017;484.39;484.39;484.39;484.39;;;-1.77%
20/03/2017;478.29;478.29;478.29;478.29;;;-1.26%
21/03/2017;473.21;473.21;473.21;473.21;;;-1.06%
22/03/2017;466.75;466.75;466.75;466.75;;;-1.37%
23/03/2017;475.31;475.31;475.31;475.31;;;1.83%
24/03/2017;469.7;469.7;469.7;469.7;;;-1.18%
27/03/2017;474.43;474.43;474.43;474.43;;;1.01%
28/03/2017;469.11;469.11;469.11;469.11;;;-1.12%
29/03/2017;480.05;480.05;480.05;480.05;;;2.33%
30/03/2017;479.92;479.92;479.92;479.92;;;-0.03%
31/03/2017;469.71;469.71;469.71;469.71;;;-2.13%
03/04/2017;468.09;468.09;468.09;468.09;;;-0.34%
04/04/2017;468.22;468.22;468.22;468.22;;;0.03%
05/04/2017;466.8;466.8;466.8;466.8;;;-0.30%
06/04/2017;462.12;462.12;462.12;462.12;;;-1.00%
07/04/2017;461.16;461.16;461.16;461.16;;;-0.21%
10/04/2017;456.77;456.77;456.77;456.77;;;-0.95%
11/04/2017;451.21;451.21;451.21;451.21;;;-1.22%
12/04/2017;436.86;436.86;436.86;436.86;;;-3.18%
13/04/2017;440.34;440.34;440.34;440.34;;;0.80%
14/04/2017;445.06;445.06;445.06;445.06;;;1.07%
18/04/2017;437.33;437.33;437.33;437.33;;;-1.74%
19/04/2017;438.7;438.7;438.7;438.7;;;0.31%
20/04/2017;436.86;436.86;436.86;436.86;;;-0.42%
21/04/2017;431.65;431.65;431.65;431.65;;;-1.19%
24/04/2017;431.65;431.65;431.65;431.65;;;0.00%
25/04/2017;422.99;422.99;422.99;422.99;;;-2.01%
26/04/2017;428.72;428.72;428.72;428.72;;;1.35%
27/04/2017;440.49;440.49;440.49;440.49;;;2.75%
28/04/2017;439.23;439.23;439.23;439.23;;;-0.29%
02/05/2017;432.46;432.46;432.46;432.46;;;-1.54%
03/05/2017;431.71;431.71;431.71;431.71;;;-0.17%
04/05/2017;434.8;434.8;434.8;434.8;;;0.72%
05/05/2017;427.22;427.22;427.22;427.22;;;-1.74%
08/05/2017;425.44;425.44;425.44;425.44;;;-0.42%
09/05/2017;423.72;423.72;423.72;423.72;;;-0.40%
10/05/2017;421.3;421.3;421.3;421.3;;;-0.57%
11/05/2017;423.93;423.93;423.93;423.93;;;0.62%
12/05/2017;422.72;422.72;422.72;422.72;;;-0.29%
15/05/2017;416.24;416.24;416.24;416.24;;;-1.53%
16/05/2017;411.53;411.53;411.53;411.53;;;-1.13%
17/05/2017;410.46;410.46;410.46;410.46;;;-0.26%
18/05/2017;409.53;409.53;409.53;409.53;;;-0.23%
19/05/2017;402.72;402.72;402.72;402.72;;;-1.66%
22/05/2017;396.31;396.31;396.31;396.31;;;-1.59%
23/05/2017;400.4;400.4;400.4;400.4;;;1.03%
24/05/2017;396.77;396.77;396.77;396.77;;;-0.91%
26/05/2017;387.14;387.14;387.14;387.14;;;-2.43%
29/05/2017;386.3;386.3;386.3;386.3;;;-0.22%
30/05/2017;389.97;389.97;389.97;389.97;;;0.95%
31/05/2017;398.83;398.83;398.83;398.83;;;2.27%
01/06/2017;397.13;397.13;397.13;397.13;;;-0.43%
02/06/2017;399.13;399.13;399.13;399.13;;;0.50%
06/06/2017;392.67;392.67;392.67;392.67;;;-1.62%
07/06/2017;398.46;398.46;398.46;398.46;;;1.47%
08/06/2017;388.47;388.47;388.47;388.47;;;-2.51%
09/06/2017;396.53;396.53;396.53;396.53;;;2.07%
12/06/2017;386.99;386.99;386.99;386.99;;;-2.41%
13/06/2017;393.54;393.54;393.54;393.54;;;1.69%
14/06/2017;397.16;397.16;397.16;397.16;;;0.92%
15/06/2017;407.96;407.96;407.96;407.96;;;2.72%
16/06/2017;388.3;388.3;388.3;388.3;;;-4.82%
19/06/2017;392.98;392.98;392.98;392.98;;;1.21%
20/06/2017;400.9;400.9;400.9;400.9;;;2.02%
21/06/2017;403.03;403.03;403.03;403.03;;;0.53%
23/06/2017;394.92;394.92;394.92;394.92;;;-2.01%
27/06/2017;404.17;404.17;404.17;404.17;;;2.34%
28/06/2017;404.24;404.24;404.24;404.24;;;0.02%
29/06/2017;411.15;411.15;411.15;411.15;;;1.71%
30/06/2017;407.15;407.15;407.15;407.15;;;-0.97%
03/07/2017;404.27;404.27;404.27;404.27;;;-0.71%
04/07/2017;399.47;399.47;399.47;399.47;;;-1.19%
05/07/2017;402.38;402.38;402.38;402.38;;;0.73%
06/07/2017;396.35;396.35;396.35;396.35;;;-1.50%
07/07/2017;388.77;388.77;388.77;388.77;;;-1.91%
10/07/2017;393.06;393.06;393.06;393.06;;;1.10%
11/07/2017;403.4;403.4;403.4;403.4;;;2.63%
12/07/2017;416.47;416.47;416.47;416.47;;;3.24%
13/07/2017;406.6;406.6;406.6;406.6;;;-2.37%
14/07/2017;399.29;399.29;399.29;399.29;;;-1.80%
17/07/2017;391.46;391.46;391.46;391.46;;;-1.96%
18/07/2017;390.07;390.07;390.07;390.07;;;-0.36%
19/07/2017;384.35;384.35;384.35;384.35;;;-1.47%
20/07/2017;391.6;391.6;391.6;391.6;;;1.89%
21/07/2017;375.76;375.76;375.76;375.76;;;-4.04%
24/07/2017;384.24;384.24;384.24;384.24;;;2.26%
25/07/2017;378.38;378.38;378.38;378.38;;;-1.53%
26/07/2017;380.07;380.07;380.07;380.07;;;0.45%
27/07/2017;371.48;371.48;371.48;371.48;;;-2.26%
28/07/2017;368.78;368.78;368.78;368.78;;;-0.73%
31/07/2017;374.3;374.3;374.3;374.3;;;1.50%
01/08/2017;377.3;377.3;377.3;377.3;;;0.80%
02/08/2017;365.12;365.12;365.12;365.12;;;-3.23%
03/08/2017;363.42;363.42;363.42;363.42;;;-0.47%
04/08/2017;368.63;368.63;368.63;368.63;;;1.43%
08/08/2017;363.89;363.89;363.89;363.89;;;-1.29%
09/08/2017;366.6;366.6;366.6;366.6;;;0.74%
10/08/2017;362.35;362.35;362.35;362.35;;;-1.16%
11/08/2017;366.26;366.26;366.26;366.26;;;1.08%
14/08/2017;370.84;370.84;370.84;370.84;;;1.25%
16/08/2017;371.08;371.08;371.08;371.08;;;0.06%
17/08/2017;363.43;363.43;363.43;363.43;;;-2.06%
18/08/2017;348.33;348.33;348.33;348.33;;;-4.15%
21/08/2017;340.93;340.93;340.93;340.93;;;-2.12%
22/08/2017;329.81;329.81;329.81;329.81;;;-3.26%
23/08/2017;332.41;332.41;332.41;332.41;;;0.79%
24/08/2017;330.9;330.9;330.9;330.9;;;-0.45%
25/08/2017;328.36;328.36;328.36;328.36;;;-0.77%
28/08/2017;313.39;313.39;313.39;313.39;;;-4.56%
29/08/2017;308.33;308.33;308.33;308.33;;;-1.61%
30/08/2017;312.38;312.38;312.38;312.38;;;1.31%
31/08/2017;313.2;313.2;313.2;313.2;;;0.26%
04/09/2017;309.56;309.56;309.56;309.56;;;-1.16%
05/09/2017;312.15;312.15;312.15;312.15;;;0.84%
06/09/2017;314.73;314.73;314.73;314.73;;;0.83%
07/09/2017;313.24;313.24;313.24;313.24;;;-0.47%
08/09/2017;311.59;311.59;311.59;311.59;;;-0.53%
11/09/2017;313.61;313.61;313.61;313.61;;;0.65%
12/09/2017;306.46;306.46;306.46;306.46;;;-2.28%
13/09/2017;312.39;312.39;312.39;312.39;;;1.93%
14/09/2017;317.34;317.34;317.34;317.34;;;1.58%
15/09/2017;304.62;304.62;304.62;304.62;;;-4.01%
18/09/2017;309.4;309.4;309.4;309.4;;;1.57%
19/09/2017;299.38;299.38;299.38;299.38;;;-3.24%
20/09/2017;302.27;302.27;302.27;302.27;;;0.97%
21/09/2017;299.06;299.06;299.06;299.06;;;-1.06%
22/09/2017;292.61;292.61;292.61;292.61;;;-2.16%
25/09/2017;285.09;285.09;285.09;285.09;;;-2.57%
26/09/2017;291.22;291.22;291.22;291.22;;;2.15%
27/09/2017;295.96;295.96;295.96;295.96;;;1.63%
28/09/2017;298.1;298.1;298.1;298.1;;;0.72%
29/09/2017;303.44;303.44;303.44;303.44;;;1.79%
02/10/2017;300.31;300.31;300.31;300.31;;;-1.03%
03/10/2017;299.64;299.64;299.64;299.64;;;-0.22%
04/10/2017;304;304;304;304;;;1.46%
05/10/2017;304.18;304.18;304.18;304.18;;;0.06%
06/10/2017;300.89;300.89;300.89;300.89;;;-1.08%
09/10/2017;305.22;305.22;305.22;305.22;;;1.44%
10/10/2017;304.63;304.63;304.63;304.63;;;-0.19%
11/10/2017;303.18;303.18;303.18;303.18;;;-0.48%
12/10/2017;304.89;304.89;304.89;304.89;;;0.56%
13/10/2017;302.02;302.02;302.02;302.02;;;-0.94%
16/10/2017;299.53;299.53;299.53;299.53;;;-0.82%
17/10/2017;301.56;301.56;301.56;301.56;;;0.68%
18/10/2017;299.32;299.32;299.32;299.32;;;-0.74%
19/10/2017;298.19;298.19;298.19;298.19;;;-0.38%
20/10/2017;285.69;285.69;285.69;285.69;;;-4.19%
23/10/2017;292.26;292.26;292.26;292.26;;;2.30%
24/10/2017;295.47;295.47;295.47;295.47;;;1.10%
25/10/2017;299.64;299.64;299.64;299.64;;;1.41%
26/10/2017;295.31;295.31;295.31;295.31;;;-1.45%
27/10/2017;295.52;295.52;295.52;295.52;;;0.07%
30/10/2017;289;289;289;289;;;-2.21%
31/10/2017;293.79;293.79;293.79;293.79;;;1.66%
02/11/2017;299.35;299.35;299.35;299.35;;;1.89%
03/11/2017;297.69;297.69;297.69;297.69;;;-0.55%
06/11/2017;297.5;297.5;297.5;297.5;;;-0.06%
07/11/2017;292.48;292.48;292.48;292.48;;;-1.69%
08/11/2017;295.57;295.57;295.57;295.57;;;1.06%
09/11/2017;296.78;296.78;296.78;296.78;;;0.41%
10/11/2017;287.31;287.31;287.31;287.31;;;-3.19%
13/11/2017;295.61;295.61;295.61;295.61;;;2.89%
14/11/2017;286.65;286.65;286.65;286.65;;;-3.03%
16/11/2017;293.03;293.03;293.03;293.03;;;2.23%
17/11/2017;287.07;287.07;287.07;287.07;;;-2.03%
20/11/2017;283.58;283.58;283.58;283.58;;;-1.22%
21/11/2017;289.39;289.39;289.39;289.39;;;2.05%
22/11/2017;288.14;288.14;288.14;288.14;;;-0.43%
23/11/2017;286.05;286.05;286.05;286.05;;;-0.73%
24/11/2017;284;284;284;284;;;-0.72%
27/11/2017;280.7;280.7;280.7;280.7;;;-1.16%
28/11/2017;277.83;277.83;277.83;277.83;;;-1.02%
29/11/2017;280.27;280.27;280.27;280.27;;;0.88%
30/11/2017;280.4;280.4;280.4;280.4;;;0.05%
04/12/2017;286.17;286.17;286.17;286.17;;;2.06%
05/12/2017;280.88;280.88;280.88;280.88;;;-1.85%
06/12/2017;283.13;283.13;283.13;283.13;;;0.80%
07/12/2017;291.74;291.74;291.74;291.74;;;3.04%
08/12/2017;286.45;286.45;286.45;286.45;;;-1.81%
11/12/2017;288.2;288.2;288.2;288.2;;;0.61%
12/12/2017;289.46;289.46;289.46;289.46;;;0.44%
13/12/2017;287.47;287.47;287.47;287.47;;;-0.69%
14/12/2017;280.49;280.49;280.49;280.49;;;-2.43%
15/12/2017;281.93;281.93;281.93;281.93;;;0.51%
18/12/2017;285.6;285.6;285.6;285.6;;;1.30%
19/12/2017;293.88;293.88;293.88;293.88;;;2.90%
20/12/2017;296.66;296.66;296.66;296.66;;;0.95%
21/12/2017;299.95;299.95;299.95;299.95;;;1.11%
22/12/2017;300.09;300.09;300.09;300.09;;;0.05%
26/12/2017;304.96;304.96;304.96;304.96;;;1.62%
27/12/2017;315.41;315.41;315.41;315.41;;;3.43%
28/12/2017;329.88;329.88;329.88;329.88;;;4.59%
29/12/2017;340.45;340.45;340.45;340.45;;;3.20%
02/01/2018;336.08;336.08;336.08;336.08;;;-1.28%
03/01/2018;326.52;326.52;326.52;326.52;;;-2.84%
04/01/2018;319.56;319.56;319.56;319.56;;;-2.13%
05/01/2018;321.75;321.75;321.75;321.75;;;0.69%
08/01/2018;315.91;315.91;315.91;315.91;;;-1.82%
09/01/2018;310.43;310.43;310.43;310.43;;;-1.73%
10/01/2018;318.74;318.74;318.74;318.74;;;2.68%
11/01/2018;319.5;319.5;319.5;319.5;;;0.24%
12/01/2018;325.36;325.36;325.36;325.36;;;1.83%
15/01/2018;328.64;328.64;328.64;328.64;;;1.01%
16/01/2018;332.95;332.95;332.95;332.95;;;1.31%
17/01/2018;345.38;345.38;345.38;345.38;;;3.73%
18/01/2018;343.42;343.42;343.42;343.42;;;-0.57%
19/01/2018;333.34;333.34;333.34;333.34;;;-2.94%
22/01/2018;329.8;329.8;329.8;329.8;;;-1.06%
23/01/2018;321.48;321.48;321.48;321.48;;;-2.52%
24/01/2018;325.75;325.75;325.75;325.75;;;1.33%
25/01/2018;311.42;311.42;311.42;311.42;;;-4.40%
26/01/2018;323;323;323;323;;;3.72%
29/01/2018;312.81;312.81;312.81;312.81;;;-3.15%
30/01/2018;309.75;309.75;309.75;309.75;;;-0.98%
31/01/2018;310.77;310.77;310.77;310.77;;;0.33%
01/02/2018;308.12;308.12;308.12;308.12;;;-0.85%
02/02/2018;311.89;311.89;311.89;311.89;;;1.22%
03/06/2019;253.45;253.45;253.45;253.45;;;-18.74%
05/06/2019;250.05;250.05;250.05;250.05;;;-1.34%
06/06/2019;245.89;245.89;245.89;245.89;;;-1.66%
07/06/2019;250.38;250.38;250.38;250.38;;;1.83%
11/06/2019;255.55;255.55;255.55;255.55;;;2.06%
12/06/2019;254.68;254.68;254.68;254.68;;;-0.34%
13/06/2019;248.41;248.41;248.41;248.41;;;-2.46%
14/06/2019;246.63;246.63;246.63;246.63;;;-0.72%
17/06/2019;244.18;244.18;244.18;244.18;;;-0.99%
18/06/2019;248.76;248.76;248.76;248.76;;;1.88%
19/06/2019;246.21;246.21;246.21;246.21;;;-1.03%
20/06/2019;244.58;244.58;244.58;244.58;;;-0.66%
21/06/2019;245.05;245.05;245.05;245.05;;;0.19%
24/06/2019;244.4;244.4;244.4;244.4;;;-0.27%
25/06/2019;238.83;238.83;238.83;238.83;;;-2.28%
26/06/2019;236.01;236.01;236.01;236.01;;;-1.18%
27/06/2019;235.65;235.65;235.65;235.65;;;-0.15%
28/06/2019;239.35;239.35;239.35;239.35;;;1.57%
01/07/2019;236.79;236.79;236.79;236.79;;;-1.07%
02/07/2019;236.89;236.89;236.89;236.89;;;0.04%
03/07/2019;234.13;234.13;234.13;234.13;;;-1.17%
04/07/2019;234.72;234.72;234.72;234.72;;;0.25%
05/07/2019;234.69;234.69;234.69;234.69;;;-0.01%
08/07/2019;234.67;234.67;234.67;234.67;;;-0.01%
09/07/2019;229.75;229.75;229.75;229.75;;;-2.10%
10/07/2019;230.68;230.68;230.68;230.68;;;0.40%
11/07/2019;231.7;231.7;231.7;231.7;;;0.44%
12/07/2019;232.65;232.65;232.65;232.65;;;0.41%
15/07/2019;233.01;233.01;233.01;233.01;;;0.15%
16/07/2019;231.05;231.05;231.05;231.05;;;-0.84%
17/07/2019;232.1;232.1;232.1;232.1;;;0.45%
18/07/2019;232.16;232.16;232.16;232.16;;;0.03%
19/07/2019;231.12;231.12;231.12;231.12;;;-0.45%
22/07/2019;227.46;227.46;227.46;227.46;;;-1.58%
23/07/2019;230.74;230.74;230.74;230.74;;;1.44%
24/07/2019;235.81;235.81;235.81;235.81;;;2.20%
25/07/2019;231.84;231.84;231.84;231.84;;;-1.68%
26/07/2019;229.63;229.63;229.63;229.63;;;-0.95%
29/07/2019;231.1;231.1;231.1;231.1;;;0.64%
30/07/2019;235.06;235.06;235.06;235.06;;;1.71%
31/07/2019;231.81;231.81;231.81;231.81;;;-1.38%
01/08/2019;240.42;240.42;240.42;240.42;;;3.71%
02/08/2019;238.89;238.89;238.89;238.89;;;-0.64%
05/08/2019;239.77;239.77;239.77;239.77;;;0.37%
06/08/2019;245.73;245.73;245.73;245.73;;;2.49%
07/08/2019;245.73;245.73;245.73;245.73;;;0.00%
08/08/2019;241.46;241.46;241.46;241.46;;;-1.74%
09/08/2019;240.22;240.22;240.22;240.22;;;-0.51%
12/08/2019;240.22;240.22;240.22;240.22;;;0.00%
13/08/2019;241.73;241.73;241.73;241.73;;;0.63%
14/08/2019;237.18;237.18;237.18;237.18;;;-1.88%
15/08/2019;237.18;237.18;237.18;237.18;;;0.00%
16/08/2019;240.95;240.95;240.95;240.95;;;1.59%
19/08/2019;240.52;240.52;240.52;240.52;;;-0.18%
20/08/2019;235.44;235.44;235.44;235.44;;;-2.11%
21/08/2019;240.67;240.67;240.67;240.67;;;2.22%
22/08/2019;236.87;236.87;236.87;236.87;;;-1.58%
23/08/2019;237.68;237.68;237.68;237.68;;;0.34%
26/08/2019;235.73;235.73;235.73;235.73;;;-0.82%
27/08/2019;230.69;230.69;230.69;230.69;;;-2.14%
28/08/2019;233.78;233.78;233.78;233.78;;;1.34%
29/08/2019;229.03;229.03;229.03;229.03;;;-2.03%
30/08/2019;227.6;227.6;227.6;227.6;;;-0.62%
02/09/2019;223.95;223.95;223.95;223.95;;;-1.60%
03/09/2019;222.78;222.78;222.78;222.78;;;-0.52%
04/09/2019;222.54;222.54;222.54;222.54;;;-0.11%
05/09/2019;221.28;221.28;221.28;221.28;;;-0.57%
06/09/2019;221.96;221.96;221.96;221.96;;;0.31%
09/09/2019;228.05;228.05;228.05;228.05;;;2.74%
10/09/2019;226.63;226.63;226.63;226.63;;;-0.62%
11/09/2019;231.32;231.32;231.32;231.32;;;2.07%
12/09/2019;230.77;230.77;230.77;230.77;;;-0.24%
13/09/2019;231.73;231.73;231.73;231.73;;;0.42%
16/09/2019;230.47;230.47;230.47;230.47;;;-0.54%
17/09/2019;222.69;222.69;222.69;222.69;;;-3.38%
18/09/2019;221.74;221.74;221.74;221.74;;;-0.43%
19/09/2019;221.26;221.26;221.26;221.26;;;-0.22%
20/09/2019;224.56;224.56;224.56;224.56;;;1.49%
23/09/2019;219.66;219.66;219.66;219.66;;;-2.18%
24/09/2019;220.11;220.11;220.11;220.11;;;0.20%
25/09/2019;219.62;219.62;219.62;219.62;;;-0.22%
26/09/2019;214.93;214.93;214.93;214.93;;;-2.14%
27/09/2019;211.16;211.16;211.16;211.16;;;-1.75%
30/09/2019;213.74;213.74;213.74;213.74;;;1.22%
01/10/2019;213.55;213.55;213.55;213.55;;;-0.09%
02/10/2019;217.66;217.66;217.66;217.66;;;1.92%
03/10/2019;218.84;218.84;218.84;218.84;;;0.54%
04/10/2019;220.95;220.95;220.95;220.95;;;0.96%
07/10/2019;217.7;217.7;217.7;217.7;;;-1.47%
08/10/2019;215.34;215.34;215.34;215.34;;;-1.08%
09/10/2019;214.79;214.79;214.79;214.79;;;-0.26%
10/10/2019;210.48;210.48;210.48;210.48;;;-2.01%
11/10/2019;213.02;213.02;213.02;213.02;;;1.21%
14/10/2019;213.46;213.46;213.46;213.46;;;0.21%
15/10/2019;211.12;211.12;211.12;211.12;;;-1.10%
16/10/2019;207.23;207.23;207.23;207.23;;;-1.84%
17/10/2019;207.21;207.21;207.21;207.21;;;-0.01%
18/10/2019;212.65;212.65;212.65;212.65;;;2.63%
21/10/2019;209.07;209.07;209.07;209.07;;;-1.68%
22/10/2019;208.59;208.59;208.59;208.59;;;-0.23%
23/10/2019;210.9;210.9;210.9;210.9;;;1.11%
24/10/2019;209.89;209.89;209.89;209.89;;;-0.48%
25/10/2019;212.45;212.45;212.45;212.45;;;1.22%
28/10/2019;214.79;214.79;214.79;214.79;;;1.10%
29/10/2019;211.2;211.2;211.2;211.2;;;-1.67%
30/10/2019;214.7;214.7;214.7;214.7;;;1.66%
31/10/2019;215.15;215.15;215.15;215.15;;;0.21%
01/11/2019;215.15;215.15;215.15;215.15;;;0.00%
04/11/2019;218.5;218.5;218.5;218.5;;;1.56%
05/11/2019;216.41;216.41;216.41;216.41;;;-0.96%
06/11/2019;210.8;210.8;210.8;210.8;;;-2.59%
07/11/2019;212.61;212.61;212.61;212.61;;;0.86%
08/11/2019;216.63;216.63;216.63;216.63;;;1.89%
11/11/2019;213.82;213.82;213.82;213.82;;;-1.30%
12/11/2019;217.46;217.46;217.46;217.46;;;1.70%
13/11/2019;215.68;215.68;215.68;215.68;;;-0.82%
14/11/2019;216.08;216.08;216.08;216.08;;;0.19%
18/11/2019;218.49;218.49;218.49;218.49;;;1.12%
19/11/2019;218.21;218.21;218.21;218.21;;;-0.13%
20/11/2019;220.16;220.16;220.16;220.16;;;0.89%
21/11/2019;222.09;222.09;222.09;222.09;;;0.88%
22/11/2019;219.07;219.07;219.07;219.07;;;-1.36%
25/11/2019;216.26;216.26;216.26;216.26;;;-1.28%
26/11/2019;216.05;216.05;216.05;216.05;;;-0.10%
27/11/2019;215.28;215.28;215.28;215.28;;;-0.36%
28/11/2019;221.15;221.15;221.15;221.15;;;2.73%
29/11/2019;221.41;221.41;221.41;221.41;;;0.12%
02/12/2019;227.43;227.43;227.43;227.43;;;2.72%
03/12/2019;228.57;228.57;228.57;228.57;;;0.50%
04/12/2019;223.14;223.14;223.14;223.14;;;-2.38%
05/12/2019;219.13;219.13;219.13;219.13;;;-1.80%
06/12/2019;222.82;222.82;222.82;222.82;;;1.68%
09/12/2019;223.14;223.14;223.14;223.14;;;0.14%
10/12/2019;220.88;220.88;220.88;220.88;;;-1.01%
11/12/2019;218.75;218.75;218.75;218.75;;;-0.96%
12/12/2019;217.8;217.8;217.8;217.8;;;-0.43%
13/12/2019;218.98;218.98;218.98;218.98;;;0.54%
16/12/2019;220.41;220.41;220.41;220.41;;;0.65%
17/12/2019;223.02;223.02;223.02;223.02;;;1.18%
18/12/2019;223.09;223.09;223.09;223.09;;;0.03%
19/12/2019;224.47;224.47;224.47;224.47;;;0.62%
20/12/2019;226.77;226.77;226.77;226.77;;;1.02%
23/12/2019;234.15;234.15;234.15;234.15;;;3.25%
24/12/2019;240.1;240.1;240.1;240.1;;;2.54%
25/12/2019;240.1;240.1;240.1;240.1;;;0.00%
26/12/2019;241.32;241.32;241.32;241.32;;;0.51%
27/12/2019;241.24;241.24;241.24;241.24;;;-0.03%
30/12/2019;243.12;243.12;243.12;243.12;;;0.78%
31/12/2019;253.26;253.26;253.26;253.26;;;4.17%
01/01/2020;253.26;253.26;253.26;253.26;;;0.00%
02/01/2020;257.11;257.11;257.11;257.11;;;1.52%
03/01/2020;253.8;253.8;253.8;253.8;;;-1.29%
06/01/2020;248.9;248.9;248.9;248.9;;;-1.93%
07/01/2020;241.21;241.21;241.21;241.21;;;-3.09%
08/01/2020;235.29;235.29;235.29;235.29;;;-2.45%
09/01/2020;233.98;233.98;233.98;233.98;;;-0.56%
10/01/2020;232.58;232.58;232.58;232.58;;;-0.60%
13/01/2020;229.62;229.62;229.62;229.62;;;-1.27%
14/01/2020;230.43;230.43;230.43;230.43;;;0.35%
15/01/2020;234.57;234.57;234.57;234.57;;;1.80%
16/01/2020;235.3;235.3;235.3;235.3;;;0.31%
17/01/2020;231.8;231.8;231.8;231.8;;;-1.49%
20/01/2020;236.4;236.4;236.4;236.4;;;1.98%
21/01/2020;237.45;237.45;237.45;237.45;;;0.44%
22/01/2020;236.44;236.44;236.44;236.44;;;-0.43%
23/01/2020;240.8;240.8;240.8;240.8;;;1.84%
24/01/2020;243.18;243.18;243.18;243.18;;;0.99%
27/01/2020;243.1;243.1;243.1;243.1;;;-0.03%
28/01/2020;242.49;242.49;242.49;242.49;;;-0.25%
29/01/2020;241.79;241.79;241.79;241.79;;;-0.29%
30/01/2020;243.71;243.71;243.71;243.71;;;0.79%
31/01/2020;246.25;246.25;246.25;246.25;;;1.04%
03/02/2020;240.62;240.62;240.62;240.62;;;-2.29%
04/02/2020;241.03;241.03;241.03;241.03;;;0.17%
05/02/2020;242.96;242.96;242.96;242.96;;;0.80%
06/02/2020;245.2;245.2;245.2;245.2;;;0.92%
07/02/2020;242.35;242.35;242.35;242.35;;;-1.16%
10/02/2020;242.01;242.01;242.01;242.01;;;-0.14%
11/02/2020;242.25;242.25;242.25;242.25;;;0.10%
12/02/2020;242.25;242.25;242.25;242.25;;;0.00%
13/02/2020;239.93;239.93;239.93;239.93;;;-0.96%
14/02/2020;240.45;240.45;240.45;240.45;;;0.22%
17/02/2020;240.51;240.51;240.51;240.51;;;0.02%
18/02/2020;240.12;240.12;240.12;240.12;;;-0.16%
19/02/2020;241.22;241.22;241.22;241.22;;;0.46%
20/02/2020;239.99;239.99;239.99;239.99;;;-0.51%
21/02/2020;239.52;239.52;239.52;239.52;;;-0.20%
24/02/2020;240.65;240.65;240.65;240.65;;;0.47%
25/02/2020;240.53;240.53;240.53;240.53;;;-0.05%
26/02/2020;244.93;244.93;244.93;244.93;;;1.83%
27/02/2020;244.29;244.29;244.29;244.29;;;-0.26%
28/02/2020;248.33;248.33;248.33;248.33;;;1.65%
02/03/2020;254.21;254.21;254.21;254.21;;;2.37%
03/03/2020;246.56;246.56;246.56;246.56;;;-3.01%
04/03/2020;248.01;248.01;248.01;248.01;;;0.59%
05/03/2020;250.78;250.78;250.78;250.78;;;1.12%
06/03/2020;250.03;250.03;250.03;250.03;;;-0.30%
09/03/2020;245.49;245.49;245.49;245.49;;;-1.82%
10/03/2020;246.41;246.41;246.41;246.41;;;0.37%
11/03/2020;246.07;246.07;246.07;246.07;;;-0.14%
12/03/2020;247.42;247.42;247.42;247.42;;;0.55%
13/03/2020;247.44;247.44;247.44;247.44;;;0.01%
16/03/2020;245.76;245.76;245.76;245.76;;;-0.68%
17/03/2020;245.12;245.12;245.12;245.12;;;-0.26%
18/03/2020;243.33;243.33;243.33;243.33;;;-0.73%
19/03/2020;236.81;236.81;236.81;236.81;;;-2.68%
20/03/2020;234.44;234.44;234.44;234.44;;;-1.00%
23/03/2020;233.51;233.51;233.51;233.51;;;-0.40%
24/03/2020;232.02;232.02;232.02;232.02;;;-0.64%
25/03/2020;229.32;229.32;229.32;229.32;;;-1.16%
26/03/2020;224.65;224.65;224.65;224.65;;;-2.04%
27/03/2020;222.46;222.46;222.46;222.46;;;-0.97%
30/03/2020;218.65;218.65;218.65;218.65;;;-1.71%
31/03/2020;214.13;214.13;214.13;214.13;;;-2.07%
01/04/2020;215.47;215.47;215.47;215.47;;;0.63%
02/04/2020;213.26;213.26;213.26;213.26;;;-1.03%
03/04/2020;215.7;215.7;215.7;215.7;;;1.14%
06/04/2020;215.23;215.23;215.23;215.23;;;-0.22%
07/04/2020;214.23;214.23;214.23;214.23;;;-0.46%
08/04/2020;215.58;215.58;215.58;215.58;;;0.63%
09/04/2020;217.94;217.94;217.94;217.94;;;1.09%
10/04/2020;217.71;217.71;217.71;217.71;;;-0.11%
13/04/2020;217.71;217.71;217.71;217.71;;;0.00%
14/04/2020;216.95;216.95;216.95;216.95;;;-0.35%
15/04/2020;217.8;217.8;217.8;217.8;;;0.39%
16/04/2020;217.6;217.6;217.6;217.6;;;-0.09%
17/04/2020;213.88;213.88;213.88;213.88;;;-1.71%
24/04/2020;211.49;211.49;211.49;211.49;;;-1.12%
27/04/2020;211.49;211.49;211.49;211.49;;;0.00%
28/04/2020;207.72;207.72;207.72;207.72;;;-1.78%
29/04/2020;207.83;207.83;207.83;207.83;;;0.05%
30/04/2020;205.7;205.7;205.7;205.7;;;-1.02%
01/05/2020;205.7;205.7;205.7;205.7;;;0.00%
04/05/2020;206.12;206.12;206.12;206.12;;;0.20%
05/05/2020;207.1;207.1;207.1;207.1;;;0.48%
06/05/2020;207.17;207.17;207.17;207.17;;;0.03%
07/05/2020;205.2;205.2;205.2;205.2;;;-0.95%
08/05/2020;203.61;203.61;203.61;203.61;;;-0.77%
11/05/2020;203.18;203.18;203.18;203.18;;;-0.21%
12/05/2020;201.66;201.66;201.66;201.66;;;-0.75%
13/05/2020;202.81;202.81;202.81;202.81;;;0.57%
14/05/2020;202.07;202.07;202.07;202.07;;;-0.36%
15/05/2020;207.8;207.8;207.8;207.8;;;2.84%
18/05/2020;208.64;208.64;208.64;208.64;;;0.40%
19/05/2020;204.34;204.34;204.34;204.34;;;-2.06%
22/05/2020;205.44;205.44;205.44;205.44;;;0.54%
25/05/2020;208;208;208;208;;;1.25%
26/05/2020;200.41;200.41;200.41;200.41;;;-3.65%
27/05/2020;204.11;204.11;204.11;204.11;;;1.85%
28/05/2020;208.53;208.53;208.53;208.53;;;2.17%
29/05/2020;211.57;211.57;211.57;211.57;;;1.46%
01/06/2020;211.57;211.57;211.57;211.57;;;0.00%
02/06/2020;211.16;211.16;211.16;211.16;;;-0.19%
03/06/2020;213.11;213.11;213.11;213.11;;;0.92%
04/06/2020;218.69;218.69;218.69;218.69;;;2.62%
05/06/2020;222.98;222.98;222.98;222.98;;;1.96%
08/06/2020;223.26;223.26;223.26;223.26;;;0.13%
09/06/2020;223.45;223.45;223.45;223.45;;;0.09%
10/06/2020;222.42;222.42;222.42;222.42;;;-0.46%
11/06/2020;225.82;225.82;225.82;225.82;;;1.53%
12/06/2020;229.63;229.63;229.63;229.63;;;1.69%
15/06/2020;228.06;228.06;228.06;228.06;;;-0.68%
16/06/2020;227.89;227.89;227.89;227.89;;;-0.07%
17/06/2020;229.12;229.12;229.12;229.12;;;0.54%
18/06/2020;227.32;227.32;227.32;227.32;;;-0.79%
19/06/2020;227.63;227.63;227.63;227.63;;;0.14%
22/06/2020;226.62;226.62;226.62;226.62;;;-0.44%
23/06/2020;225.07;225.07;225.07;225.07;;;-0.68%
24/06/2020;225.51;225.51;225.51;225.51;;;0.20%
25/06/2020;225.15;225.15;225.15;225.15;;;-0.16%
26/06/2020;225.93;225.93;225.93;225.93;;;0.35%
29/06/2020;226.86;226.86;226.86;226.86;;;0.41%
30/06/2020;235.31;235.31;235.31;235.31;;;3.72%
01/07/2020;234.57;234.57;234.57;234.57;;;-0.31%
02/07/2020;228.15;228.15;228.15;228.15;;;-2.74%
03/07/2020;230.92;230.92;230.92;230.92;;;1.21%
06/07/2020;227.57;227.57;227.57;227.57;;;-1.45%
07/07/2020;223.85;223.85;223.85;223.85;;;-1.63%
08/07/2020;221.45;221.45;221.45;221.45;;;-1.07%
09/07/2020;220.56;220.56;220.56;220.56;;;-0.40%
10/07/2020;216.62;216.62;216.62;216.62;;;-1.79%
13/07/2020;216.04;216.04;216.04;216.04;;;-0.27%
14/07/2020;211.9;211.9;211.9;211.9;;;-1.92%
15/07/2020;206.75;206.75;206.75;206.75;;;-2.43%
16/07/2020;206.6;206.6;206.6;206.6;;;-0.07%
17/07/2020;206.55;206.55;206.55;206.55;;;-0.02%
20/07/2020;205.05;205.05;205.05;205.05;;;-0.73%
21/07/2020;205.01;205.01;205.01;205.01;;;-0.02%
22/07/2020;204.63;204.63;204.63;204.63;;;-0.19%
23/07/2020;204.05;204.05;204.05;204.05;;;-0.28%
24/07/2020;204.29;204.29;204.29;204.29;;;0.12%
27/07/2020;204.29;204.29;204.29;204.29;;;0.00%
28/07/2020;208.65;208.65;208.65;208.65;;;2.13%
29/07/2020;209.61;209.61;209.61;209.61;;;0.46%
30/07/2020;213.54;213.54;213.54;213.54;;;1.87%
31/07/2020;213.54;213.54;213.54;213.54;;;0.00%
03/08/2020;209.87;209.87;209.87;209.87;;;-1.72%
04/08/2020;207.23;207.23;207.23;207.23;;;-1.26%
05/08/2020;204.76;204.76;204.76;204.76;;;-1.19%
06/08/2020;202.74;202.74;202.74;202.74;;;-0.99%
07/08/2020;202.74;202.74;202.74;202.74;;;0.00%
10/08/2020;201.21;201.21;201.21;201.21;;;-0.75%
11/08/2020;201.72;201.72;201.72;201.72;;;0.25%
12/08/2020;203.53;203.53;203.53;203.53;;;0.90%
13/08/2020;204.09;204.09;204.09;204.09;;;0.28%
14/08/2020;209.34;209.34;209.34;209.34;;;2.57%
17/08/2020;207.33;207.33;207.33;207.33;;;-0.96%
18/08/2020;205.16;205.16;205.16;205.16;;;-1.05%
21/08/2020;199.85;199.85;199.85;199.85;;;-2.59%
24/08/2020;198.84;198.84;198.84;198.84;;;-0.51%
25/08/2020;198.94;198.94;198.94;198.94;;;0.05%
26/08/2020;207.46;207.46;207.46;207.46;;;4.28%
27/08/2020;203.39;203.39;203.39;203.39;;;-1.96%
28/08/2020;201.81;201.81;201.81;201.81;;;-0.78%
31/08/2020;205.73;205.73;205.73;205.73;;;1.94%
01/09/2020;204.1;204.1;204.1;204.1;;;-0.79%
02/09/2020;202.4;202.4;202.4;202.4;;;-0.83%
03/09/2020;199.47;199.47;199.47;199.47;;;-1.45%
04/09/2020;197.7;197.7;197.7;197.7;;;-0.89%
07/09/2020;198.26;198.26;198.26;198.26;;;0.28%
08/09/2020;194.91;194.91;194.91;194.91;;;-1.69%
09/09/2020;196.99;196.99;196.99;196.99;;;1.07%
10/09/2020;195.22;195.22;195.22;195.22;;;-0.90%
11/09/2020;200.2;200.2;200.2;200.2;;;2.55%
14/09/2020;200.27;200.27;200.27;200.27;;;0.03%
15/09/2020;196.75;196.75;196.75;196.75;;;-1.76%
16/09/2020;194.08;194.08;194.08;194.08;;;-1.36%
17/09/2020;194.55;194.55;194.55;194.55;;;0.24%
18/09/2020;192.75;192.75;192.75;192.75;;;-0.93%
21/09/2020;192.26;192.26;192.26;192.26;;;-0.25%
22/09/2020;192.32;192.32;192.32;192.32;;;0.03%
23/09/2020;192.32;192.32;192.32;192.32;;;0.00%
24/09/2020;192.32;192.32;192.32;192.32;;;0.00%
25/09/2020;192.32;192.32;192.32;192.32;;;0.00%
28/09/2020;196.5;196.5;196.5;196.5;;;2.17%
29/09/2020;196.95;196.95;196.95;196.95;;;0.23%
30/09/2020;198.41;198.41;198.41;198.41;;;0.74%
01/10/2020;192.75;192.75;192.75;192.75;;;-2.85%
02/10/2020;187.57;187.57;187.57;187.57;;;-2.69%
05/10/2020;192.25;192.25;192.25;192.25;;;2.50%
06/10/2020;190.9;190.9;190.9;190.9;;;-0.70%
07/10/2020;190.32;190.32;190.32;190.32;;;-0.30%
08/10/2020;189.92;189.92;189.92;189.92;;;-0.21%
09/10/2020;191;191;191;191;;;0.57%
12/10/2020;190.62;190.62;190.62;190.62;;;-0.20%
13/10/2020;192.1;192.1;192.1;192.1;;;0.78%
14/10/2020;192.74;192.74;192.74;192.74;;;0.33%
15/10/2020;187.68;187.68;187.68;187.68;;;-2.63%
16/10/2020;187.94;187.94;187.94;187.94;;;0.14%
19/10/2020;192.08;192.08;192.08;192.08;;;2.20%
20/10/2020;193.43;193.43;193.43;193.43;;;0.70%
21/10/2020;193.9;193.9;193.9;193.9;;;0.24%
22/10/2020;194.02;194.02;194.02;194.02;;;0.06%
23/10/2020;194.02;194.02;194.02;194.02;;;0.00%
26/10/2020;193.08;193.08;193.08;193.08;;;-0.48%
27/10/2020;192.5;192.5;192.5;192.5;;;-0.30%
28/10/2020;191.28;191.28;191.28;191.28;;;-0.63%
29/10/2020;191.28;191.28;191.28;191.28;;;0.00%
30/10/2020;191.16;191.16;191.16;191.16;;;-0.06%
02/11/2020;190.54;190.54;190.54;190.54;;;-0.32%
03/11/2020;189.19;189.19;189.19;189.19;;;-0.71%
04/11/2020;188.14;188.14;188.14;188.14;;;-0.55%
05/11/2020;187.79;187.79;187.79;187.79;;;-0.19%
06/11/2020;184.46;184.46;184.46;184.46;;;-1.77%
09/11/2020;184.7;184.7;184.7;184.7;;;0.13%
10/11/2020;184.94;184.94;184.94;184.94;;;0.13%
11/11/2020;189.39;189.39;189.39;189.39;;;2.41%
12/11/2020;187.8;187.8;187.8;187.8;;;-0.84%
13/11/2020;188.26;188.26;188.26;188.26;;;0.24%
16/11/2020;195.54;195.54;195.54;195.54;;;3.87%
17/11/2020;204.19;204.19;204.19;204.19;;;4.42%
18/11/2020;203.05;203.05;203.05;203.05;;;-0.56%
19/11/2020;202.97;202.97;202.97;202.97;;;-0.04%
20/11/2020;205.7;205.7;205.7;205.7;;;1.35%
23/11/2020;205.74;205.74;205.74;205.74;;;0.02%
24/11/2020;200.57;200.57;200.57;200.57;;;-2.51%
25/11/2020;199.47;199.47;199.47;199.47;;;-0.55%
26/11/2020;201.51;201.51;201.51;201.51;;;1.02%
27/11/2020;195.85;195.85;195.85;195.85;;;-2.81%
30/11/2020;195.85;195.85;195.85;195.85;;;0.00%
01/12/2020;198.55;198.55;198.55;198.55;;;1.38%
02/12/2020;197.55;197.55;197.55;197.55;;;-0.50%
03/12/2020;199.49;199.49;199.49;199.49;;;0.98%
04/12/2020;195.31;195.31;195.31;195.31;;;-2.10%
07/12/2020;198.91;198.91;198.91;198.91;;;1.84%
08/12/2020;198.83;198.83;198.83;198.83;;;-0.04%
09/12/2020;201.65;201.65;201.65;201.65;;;1.42%
10/12/2020;204;204;204;204;;;1.17%
11/12/2020;201.76;201.76;201.76;201.76;;;-1.10%
14/12/2020;203.17;203.17;203.17;203.17;;;0.70%
15/12/2020;203.25;203.25;203.25;203.25;;;0.04%
16/12/2020;201.13;201.13;201.13;201.13;;;-1.04%
17/12/2020;208.91;208.91;208.91;208.91;;;3.87%
18/12/2020;212.66;212.66;212.66;212.66;;;1.80%
21/12/2020;220.44;220.44;220.44;220.44;;;3.66%
22/12/2020;225.43;225.43;225.43;225.43;;;2.26%
23/12/2020;225.72;225.72;225.72;225.72;;;0.13%
24/12/2020;221.99;221.99;221.99;221.99;;;-1.65%
25/12/2020;221.99;221.99;221.99;221.99;;;0.00%
28/12/2020;229.44;229.44;229.44;229.44;;;3.36%
29/12/2020;227.6;227.6;227.6;227.6;;;-0.80%
30/12/2020;227.59;227.59;227.59;227.59;;;-0.00%
31/12/2020;226.43;226.43;226.43;226.43;;;-0.51%
04/01/2021;223.48;223.48;223.48;223.48;;;-1.30%
05/01/2021;220.71;220.71;220.71;220.71;;;-1.24%
06/01/2021;221.16;221.16;221.16;221.16;;;0.20%
07/01/2021;213.72;213.72;213.72;213.72;;;-3.36%
08/01/2021;206.47;206.47;206.47;206.47;;;-3.39%
11/01/2021;205;205;205;205;;;-0.71%
12/01/2021;206.17;206.17;206.17;206.17;;;0.57%
13/01/2021;206.14;206.14;206.14;206.14;;;-0.01%
14/01/2021;207.92;207.92;207.92;207.92;;;0.86%
15/01/2021;205.52;205.52;205.52;205.52;;;-1.15%
18/01/2021;203.04;203.04;203.04;203.04;;;-1.21%
19/01/2021;202.63;202.63;202.63;202.63;;;-0.20%
20/01/2021;204.19;204.19;204.19;204.19;;;0.77%
21/01/2021;206.3;206.3;206.3;206.3;;;1.03%
22/01/2021;205.5;205.5;205.5;205.5;;;-0.39%
25/01/2021;207.52;207.52;207.52;207.52;;;0.98%
26/01/2021;205.95;205.95;205.95;205.95;;;-0.76%
27/01/2021;207.36;207.36;207.36;207.36;;;0.68%
28/01/2021;211.2;211.2;211.2;211.2;;;1.85%
29/01/2021;211.75;211.75;211.75;211.75;;;0.26%
01/02/2021;214.19;214.19;214.19;214.19;;;1.15%
02/02/2021;209.2;209.2;209.2;209.2;;;-2.33%
03/02/2021;214.91;214.91;214.91;214.91;;;2.73%
04/02/2021;211.92;211.92;211.92;211.92;;;-1.39%
05/02/2021;212.92;212.92;212.92;212.92;;;0.47%
08/02/2021;216.75;216.75;216.75;216.75;;;1.80%
09/02/2021;210.15;210.15;210.15;210.15;;;-3.04%
10/02/2021;201.91;201.91;201.91;201.91;;;-3.92%
11/02/2021;201.56;201.56;201.56;201.56;;;-0.17%
12/02/2021;201.1;201.1;201.1;201.1;;;-0.23%
15/02/2021;197.26;197.26;197.26;197.26;;;-1.91%
16/02/2021;194.49;194.49;194.49;194.49;;;-1.40%
17/02/2021;196.06;196.06;196.06;196.06;;;0.81%
18/02/2021;194.44;194.44;194.44;194.44;;;-0.83%
19/02/2021;194.32;194.32;194.32;194.32;;;-0.06%
22/02/2021;193.47;193.47;193.47;193.47;;;-0.44%
23/02/2021;192.9;192.9;192.9;192.9;;;-0.29%
24/02/2021;195.47;195.47;195.47;195.47;;;1.33%
25/02/2021;197.41;197.41;197.41;197.41;;;0.99%
26/02/2021;200.86;200.86;200.86;200.86;;;1.75%
01/03/2021;200.67;200.67;200.67;200.67;;;-0.09%
02/03/2021;200.61;200.61;200.61;200.61;;;-0.03%
03/03/2021;204.1;204.1;204.1;204.1;;;1.74%
04/03/2021;203.41;203.41;203.41;203.41;;;-0.34%
05/03/2021;203.05;203.05;203.05;203.05;;;-0.18%
08/03/2021;202.49;202.49;202.49;202.49;;;-0.28%
09/03/2021;202.74;202.74;202.74;202.74;;;0.12%
10/03/2021;203.01;203.01;203.01;203.01;;;0.13%
11/03/2021;203.01;203.01;203.01;203.01;;;0.00%
12/03/2021;203.74;203.74;203.74;203.74;;;0.36%
15/03/2021;201.9;201.9;201.9;201.9;;;-0.90%
16/03/2021;203.51;203.51;203.51;203.51;;;0.80%
17/03/2021;202.12;202.12;202.12;202.12;;;-0.68%
18/03/2021;200.91;200.91;200.91;200.91;;;-0.60%
19/03/2021;201.07;201.07;201.07;201.07;;;0.08%
22/03/2021;201.77;201.77;201.77;201.77;;;0.35%
23/03/2021;201.07;201.07;201.07;201.07;;;-0.35%
24/03/2021;202.01;202.01;202.01;202.01;;;0.47%
25/03/2021;201.93;201.93;201.93;201.93;;;-0.04%
26/03/2021;205.54;205.54;205.54;205.54;;;1.79%
29/03/2021;205.3;205.3;205.3;205.3;;;-0.12%
30/03/2021;204.88;204.88;204.88;204.88;;;-0.20%
31/03/2021;204.14;204.14;204.14;204.14;;;-0.36%
01/04/2021;206.47;206.47;206.47;206.47;;;1.14%
02/04/2021;206.11;206.11;206.11;206.11;;;-0.17%
05/04/2021;206.11;206.11;206.11;206.11;;;0.00%
06/04/2021;205.37;205.37;205.37;205.37;;;-0.36%
07/04/2021;205.18;205.18;205.18;205.18;;;-0.09%
08/04/2021;205.52;205.52;205.52;205.52;;;0.17%
09/04/2021;204.96;204.96;204.96;204.96;;;-0.27%
12/04/2021;205.64;205.64;205.64;205.64;;;0.33%
13/04/2021;206.04;206.04;206.04;206.04;;;0.19%
14/04/2021;207.67;207.67;207.67;207.67;;;0.79%
15/04/2021;202.8;202.8;202.8;202.8;;;-2.35%
16/04/2021;203.11;203.11;203.11;203.11;;;0.15%
19/04/2021;202.35;202.35;202.35;202.35;;;-0.37%
20/04/2021;205.79;205.79;205.79;205.79;;;1.70%
21/04/2021;203.77;203.77;203.77;203.77;;;-0.98%
22/04/2021;205.43;205.43;205.43;205.43;;;0.81%
23/04/2021;204.53;204.53;204.53;204.53;;;-0.44%
26/04/2021;205.02;205.02;205.02;205.02;;;0.24%
27/04/2021;205.46;205.46;205.46;205.46;;;0.21%
28/04/2021;206.29;206.29;206.29;206.29;;;0.40%
29/04/2021;206.92;206.92;206.92;206.92;;;0.31%
30/04/2021;209.77;209.77;209.77;209.77;;;1.38%
03/05/2021;209.58;209.58;209.58;209.58;;;-0.09%
04/05/2021;206.18;206.18;206.18;206.18;;;-1.62%
05/05/2021;206.25;206.25;206.25;206.25;;;0.03%
06/05/2021;212.78;212.78;212.78;212.78;;;3.17%
07/05/2021;221.43;221.43;221.43;221.43;;;4.07%
10/05/2021;217.71;217.71;217.71;217.71;;;-1.68%
11/05/2021;220.29;220.29;220.29;220.29;;;1.19%
12/05/2021;220.29;220.29;220.29;220.29;;;0.00%
14/05/2021;221.92;221.92;221.92;221.92;;;0.74%
17/05/2021;224;224;224;224;;;0.94%
18/05/2021;226.52;226.52;226.52;226.52;;;1.12%
19/05/2021;225.96;225.96;225.96;225.96;;;-0.25%
20/05/2021;227.66;227.66;227.66;227.66;;;0.75%
21/05/2021;226.85;226.85;226.85;226.85;;;-0.36%
24/05/2021;226.85;226.85;226.85;226.85;;;0.00%
25/05/2021;223.7;223.7;223.7;223.7;;;-1.39%
26/05/2021;226.06;226.06;226.06;226.06;;;1.05%
27/05/2021;225.47;225.47;225.47;225.47;;;-0.26%
28/05/2021;229.98;229.98;229.98;229.98;;;2.00%
31/05/2021;231.57;231.57;231.57;231.57;;;0.69%
01/06/2021;234.56;234.56;234.56;234.56;;;1.29%
02/06/2021;237.06;237.06;237.06;237.06;;;1.07%
03/06/2021;239.26;239.26;239.26;239.26;;;0.93%
04/06/2021;248.48;248.48;248.48;248.48;;;3.85%
07/06/2021;254.42;254.42;254.42;254.42;;;2.39%
08/06/2021;261.71;261.71;261.71;261.71;;;2.87%
09/06/2021;271.7;271.7;271.7;271.7;;;3.82%
10/06/2021;278.8;278.8;278.8;278.8;;;2.61%
11/06/2021;284.18;284.18;284.18;284.18;;;1.93%
14/06/2021;279.45;279.45;279.45;279.45;;;-1.66%
15/06/2021;278.36;278.36;278.36;278.36;;;-0.39%
16/06/2021;283.31;283.31;283.31;283.31;;;1.78%
17/06/2021;280.05;280.05;280.05;280.05;;;-1.15%
18/06/2021;272.4;272.4;272.4;272.4;;;-2.73%
21/06/2021;272.02;272.02;272.02;272.02;;;-0.14%
22/06/2021;266.02;266.02;266.02;266.02;;;-2.21%
23/06/2021;266.59;266.59;266.59;266.59;;;0.21%
24/06/2021;274.86;274.86;274.86;274.86;;;3.10%
25/06/2021;275.67;275.67;275.67;275.67;;;0.29%
28/06/2021;277.7;277.7;277.7;277.7;;;0.74%
29/06/2021;275.64;275.64;275.64;275.64;;;-0.74%
30/06/2021;273.46;273.46;273.46;273.46;;;-0.79%
01/07/2021;273.09;273.09;273.09;273.09;;;-0.14%
02/07/2021;275.87;275.87;275.87;275.87;;;1.02%
05/07/2021;276.8;276.8;276.8;276.8;;;0.34%
06/07/2021;276.04;276.04;276.04;276.04;;;-0.27%
07/07/2021;278.39;278.39;278.39;278.39;;;0.85%
08/07/2021;286.5;286.5;286.5;286.5;;;2.91%
09/07/2021;284.11;284.11;284.11;284.11;;;-0.83%
12/07/2021;284.96;284.96;284.96;284.96;;;0.30%
13/07/2021;282.53;282.53;282.53;282.53;;;-0.85%
14/07/2021;287.68;287.68;287.68;287.68;;;1.82%
15/07/2021;285.7;285.7;285.7;285.7;;;-0.69%
16/07/2021;289.22;289.22;289.22;289.22;;;1.23%
19/07/2021;286.91;286.91;286.91;286.91;;;-0.80%
20/07/2021;286.91;286.91;286.91;286.91;;;0.00%
21/07/2021;292.24;292.24;292.24;292.24;;;1.86%
22/07/2021;288.41;288.41;288.41;288.41;;;-1.31%
23/07/2021;288.96;288.96;288.96;288.96;;;0.19%
26/07/2021;296.69;296.69;296.69;296.69;;;2.68%
27/07/2021;298.84;298.84;298.84;298.84;;;0.72%
28/07/2021;299.99;299.99;299.99;299.99;;;0.38%
29/07/2021;301.87;301.87;301.87;301.87;;;0.63%
30/07/2021;300.6;300.6;300.6;300.6;;;-0.42%
02/08/2021;297.96;297.96;297.96;297.96;;;-0.88%
03/08/2021;299.76;299.76;299.76;299.76;;;0.60%
04/08/2021;299.42;299.42;299.42;299.42;;;-0.11%
05/08/2021;299.48;299.48;299.48;299.48;;;0.02%
06/08/2021;308.85;308.85;308.85;308.85;;;3.13%
09/08/2021;305.17;305.17;305.17;305.17;;;-1.19%
10/08/2021;308.24;308.24;308.24;308.24;;;1.01%
11/08/2021;309.27;309.27;309.27;309.27;;;0.33%
12/08/2021;312.5;312.5;312.5;312.5;;;1.04%
13/08/2021;316.7;316.7;316.7;316.7;;;1.34%
16/08/2021;311.24;311.24;311.24;311.24;;;-1.72%
17/08/2021;310.36;310.36;310.36;310.36;;;-0.28%
18/08/2021;315.57;315.57;315.57;315.57;;;1.68%
19/08/2021;312.45;312.45;312.45;312.45;;;-0.99%
20/08/2021;312.42;312.42;312.42;312.42;;;-0.01%
23/08/2021;318.46;318.46;318.46;318.46;;;1.93%
24/08/2021;320.5;320.5;320.5;320.5;;;0.64%
25/08/2021;317.74;317.74;317.74;317.74;;;-0.86%
26/08/2021;317.99;317.99;317.99;317.99;;;0.08%
27/08/2021;318.57;318.57;318.57;318.57;;;0.18%
30/08/2021;322.9;322.9;322.9;322.9;;;1.36%
31/08/2021;318.86;318.86;318.86;318.86;;;-1.25%
01/09/2021;318.45;318.45;318.45;318.45;;;-0.13%
02/09/2021;323.6;323.6;323.6;323.6;;;1.62%
03/09/2021;319.37;319.37;319.37;319.37;;;-1.31%
06/09/2021;320.18;320.18;320.18;320.18;;;0.25%
07/09/2021;327.02;327.02;327.02;327.02;;;2.14%
08/09/2021;327.59;327.59;327.59;327.59;;;0.17%
09/09/2021;329.53;329.53;329.53;329.53;;;0.59%
10/09/2021;327.48;327.48;327.48;327.48;;;-0.62%
13/09/2021;332.43;332.43;332.43;332.43;;;1.51%
14/09/2021;336.25;336.25;336.25;336.25;;;1.15%
15/09/2021;333.16;333.16;333.16;333.16;;;-0.92%
16/09/2021;335.7;335.7;335.7;335.7;;;0.76%
17/09/2021;336.46;336.46;336.46;336.46;;;0.23%
20/09/2021;335.64;335.64;335.64;335.64;;;-0.24%
21/09/2021;337.83;337.83;337.83;337.83;;;0.65%
22/09/2021;337.38;337.38;337.38;337.38;;;-0.13%
23/09/2021;339.19;339.19;339.19;339.19;;;0.54%
24/09/2021;340.8;340.8;340.8;340.8;;;0.47%
27/09/2021;335.84;335.84;335.84;335.84;;;-1.46%
28/09/2021;336.82;336.82;336.82;336.82;;;0.29%
29/09/2021;334.75;334.75;334.75;334.75;;;-0.61%
30/09/2021;333;333;333;333;;;-0.52%
01/10/2021;334.26;334.26;334.26;334.26;;;0.38%
04/10/2021;337.91;337.91;337.91;337.91;;;1.09%
05/10/2021;337.18;337.18;337.18;337.18;;;-0.22%
06/10/2021;334.08;334.08;334.08;334.08;;;-0.92%
07/10/2021;335.34;335.34;335.34;335.34;;;0.38%
08/10/2021;333.89;333.89;333.89;333.89;;;-0.43%
11/10/2021;347.52;347.52;347.52;347.52;;;4.08%
12/10/2021;359.87;359.87;359.87;359.87;;;3.55%
13/10/2021;368.68;368.68;368.68;368.68;;;2.45%
14/10/2021;368.54;368.54;368.54;368.54;;;-0.04%
15/10/2021;380.16;380.16;380.16;380.16;;;3.15%
18/10/2021;380.16;380.16;380.16;380.16;;;0.00%
19/10/2021;370.68;370.68;370.68;370.68;;;-2.49%
20/10/2021;382.44;382.44;382.44;382.44;;;3.17%
21/10/2021;383.32;383.32;383.32;383.32;;;0.23%
22/10/2021;378.98;378.98;378.98;378.98;;;-1.13%
25/10/2021;377.89;377.89;377.89;377.89;;;-0.29%
26/10/2021;380.06;380.06;380.06;380.06;;;0.57%
27/10/2021;379.3;379.3;379.3;379.3;;;-0.20%
28/10/2021;387.81;387.81;387.81;387.81;;;2.24%
29/10/2021;403.04;403.04;403.04;403.04;;;3.93%
01/11/2021;403.04;403.04;403.04;403.04;;;0.00%
02/11/2021;409.6;409.6;409.6;409.6;;;1.63%
03/11/2021;405.44;405.44;405.44;405.44;;;-1.02%
04/11/2021;403.92;403.92;403.92;403.92;;;-0.37%
05/11/2021;395.71;395.71;395.71;395.71;;;-2.03%
08/11/2021;381.08;381.08;381.08;381.08;;;-3.70%
09/11/2021;374.45;374.45;374.45;374.45;;;-1.74%
10/11/2021;387;387;387;387;;;3.35%
11/11/2021;396.12;396.12;396.12;396.12;;;2.36%
12/11/2021;401.55;401.55;401.55;401.55;;;1.37%
15/11/2021;401.55;401.55;401.55;401.55;;;0.00%
16/11/2021;422.32;422.32;422.32;422.32;;;5.17%
17/11/2021;431.15;431.15;431.15;431.15;;;2.09%
18/11/2021;416.67;416.67;416.67;416.67;;;-3.36%
19/11/2021;416.84;416.84;416.84;416.84;;;0.04%
22/11/2021;406.22;406.22;406.22;406.22;;;-2.55%
23/11/2021;416.8;416.8;416.8;416.8;;;2.60%
24/11/2021;416.6;416.6;416.6;416.6;;;-0.05%
25/11/2021;427.23;427.23;427.23;427.23;;;2.55%
26/11/2021;427.86;427.86;427.86;427.86;;;0.15%
29/11/2021;429.27;429.27;429.27;429.27;;;0.33%
30/11/2021;444.1;444.1;444.1;444.1;;;3.45%
01/12/2021;432.43;432.43;432.43;432.43;;;-2.63%
02/12/2021;440.32;440.32;440.32;440.32;;;1.82%
03/12/2021;442.28;442.28;442.28;442.28;;;0.45%
06/12/2021;439.28;439.28;439.28;439.28;;;-0.68%
07/12/2021;437.43;437.43;437.43;437.43;;;-0.42%
08/12/2021;427.27;427.27;427.27;427.27;;;-2.32%
09/12/2021;428.78;428.78;428.78;428.78;;;0.35%
10/12/2021;428.78;428.78;428.78;428.78;;;0.00%
13/12/2021;424.24;424.24;424.24;424.24;;;-1.06%
14/12/2021;421.9;421.9;421.9;421.9;;;-0.55%
15/12/2021;422.6;422.6;422.6;422.6;;;0.17%
16/12/2021;426.33;426.33;426.33;426.33;;;0.88%
17/12/2021;425.88;425.88;425.88;425.88;;;-0.11%
20/12/2021;425.81;425.81;425.81;425.81;;;-0.02%
21/12/2021;410.34;410.34;410.34;410.34;;;-3.63%
22/12/2021;425.07;425.07;425.07;425.07;;;3.59%
23/12/2021;423.76;423.76;423.76;423.76;;;-0.31%
24/12/2021;417.33;417.33;417.33;417.33;;;-1.52%
27/12/2021;420.56;420.56;420.56;420.56;;;0.77%
28/12/2021;420.76;420.76;420.76;420.76;;;0.05%
29/12/2021;416.46;416.46;416.46;416.46;;;-1.02%
30/12/2021;418.59;418.59;418.59;418.59;;;0.51%
31/12/2021;407.43;407.43;407.43;407.43;;;-2.67%
03/01/2022;392.4;392.4;392.4;392.4;;;-3.69%
04/01/2022;399.62;399.62;399.62;399.62;;;1.84%
05/01/2022;403.86;403.86;403.86;403.86;;;1.06%
06/01/2022;409.53;409.53;409.53;409.53;;;1.40%
07/01/2022;406.35;406.35;406.35;406.35;;;-0.78%
10/01/2022;398.32;398.32;398.32;398.32;;;-1.98%
11/01/2022;396.56;396.56;396.56;396.56;;;-0.44%
12/01/2022;406.67;406.67;406.67;406.67;;;2.55%
13/01/2022;403.38;403.38;403.38;403.38;;;-0.81%
14/01/2022;411.19;411.19;411.19;411.19;;;1.94%
17/01/2022;410.79;410.79;410.79;410.79;;;-0.10%
18/01/2022;410.09;410.09;410.09;410.09;;;-0.17%
19/01/2022;409.71;409.71;409.71;409.71;;;-0.09%
20/01/2022;413.43;413.43;413.43;413.43;;;0.91%
21/01/2022;414.93;414.93;414.93;414.93;;;0.36%
24/01/2022;399.16;399.16;399.16;399.16;;;-3.80%
25/01/2022;397.8;397.8;397.8;397.8;;;-0.34%
26/01/2022;398;398;398;398;;;0.05%
27/01/2022;411.26;411.26;411.26;411.26;;;3.33%
28/01/2022;421.48;421.48;421.48;421.48;;;2.49%
31/01/2022;421.35;421.35;421.35;421.35;;;-0.03%
01/02/2022;413.95;413.95;413.95;413.95;;;-1.76%
02/02/2022;415.44;415.44;415.44;415.44;;;0.36%
03/02/2022;412.22;412.22;412.22;412.22;;;-0.78%
04/02/2022;413.07;413.07;413.07;413.07;;;0.21%
07/02/2022;414.1;414.1;414.1;414.1;;;0.25%
08/02/2022;422.51;422.51;422.51;422.51;;;2.03%
09/02/2022;417.01;417.01;417.01;417.01;;;-1.30%
10/02/2022;415.35;415.35;415.35;415.35;;;-0.40%
11/02/2022;411.29;411.29;411.29;411.29;;;-0.98%
14/02/2022;417.05;417.05;417.05;417.05;;;1.40%
15/02/2022;416.74;416.74;416.74;416.74;;;-0.07%
16/02/2022;413.71;413.71;413.71;413.71;;;-0.73%
17/02/2022;416.8;416.8;416.8;416.8;;;0.75%
18/02/2022;418.6;418.6;418.6;418.6;;;0.43%
21/02/2022;416.67;416.67;416.67;416.67;;;-0.46%
22/02/2022;416.06;416.06;416.06;416.06;;;-0.15%
23/02/2022;421.77;421.77;421.77;421.77;;;1.37%
24/02/2022;423.92;423.92;423.92;423.92;;;0.51%
25/02/2022;428.15;428.15;428.15;428.15;;;1.00%
28/02/2022;429.47;429.47;429.47;429.47;;;0.31%
01/03/2022;436.83;436.83;436.83;436.83;;;1.71%
02/03/2022;429.75;429.75;429.75;429.75;;;-1.62%
03/03/2022;433.09;433.09;433.09;433.09;;;0.78%
04/03/2022;431.1;431.1;431.1;431.1;;;-0.46%
07/03/2022;434.55;434.55;434.55;434.55;;;0.80%
08/03/2022;431.56;431.56;431.56;431.56;;;-0.69%
09/03/2022;430.31;430.31;430.31;430.31;;;-0.29%
10/03/2022;434.4;434.4;434.4;434.4;;;0.95%
11/03/2022;439.88;439.88;439.88;439.88;;;1.26%
14/03/2022;434.7;434.7;434.7;434.7;;;-1.18%
15/03/2022;437.25;437.25;437.25;437.25;;;0.59%
16/03/2022;436.26;436.26;436.26;436.26;;;-0.23%
17/03/2022;434.58;434.58;434.58;434.58;;;-0.39%
18/03/2022;434;434;434;434;;;-0.13%
21/03/2022;437.93;437.93;437.93;437.93;;;0.91%
22/03/2022;437.85;437.85;437.85;437.85;;;-0.02%
23/03/2022;441.79;441.79;441.79;441.79;;;0.90%
24/03/2022;442;442;442;442;;;0.05%
25/03/2022;442.44;442.44;442.44;442.44;;;0.10%
28/03/2022;443.95;443.95;443.95;443.95;;;0.34%
29/03/2022;445.34;445.34;445.34;445.34;;;0.31%
30/03/2022;446.01;446.01;446.01;446.01;;;0.15%
31/03/2022;432.37;432.37;432.37;432.37;;;-3.06%
01/04/2022;439.97;439.97;439.97;439.97;;;1.76%
04/04/2022;429.61;429.61;429.61;429.61;;;-2.35%
05/04/2022;421.5;421.5;421.5;421.5;;;-1.89%
06/04/2022;431.79;431.79;431.79;431.79;;;2.44%
07/04/2022;430.53;430.53;430.53;430.53;;;-0.29%
08/04/2022;429.5;429.5;429.5;429.5;;;-0.24%
11/04/2022;427.12;427.12;427.12;427.12;;;-0.55%
12/04/2022;429.11;429.11;429.11;429.11;;;0.47%
13/04/2022;424.77;424.77;424.77;424.77;;;-1.01%
14/04/2022;419.3;419.3;419.3;419.3;;;-1.29%
15/04/2022;423.39;423.39;423.39;423.39;;;0.98%
18/04/2022;423.39;423.39;423.39;423.39;;;0.00%
19/04/2022;413.77;413.77;413.77;413.77;;;-2.27%
20/04/2022;415.88;415.88;415.88;415.88;;;0.51%
21/04/2022;419.14;419.14;419.14;419.14;;;0.78%
22/04/2022;414.54;414.54;414.54;414.54;;;-1.10%
25/04/2022;420.04;420.04;420.04;420.04;;;1.33%
26/04/2022;419.92;419.92;419.92;419.92;;;-0.03%
27/04/2022;427.32;427.32;427.32;427.32;;;1.76%
28/04/2022;427.32;427.32;427.32;427.32;;;0.00%
29/04/2022;428.49;428.49;428.49;428.49;;;0.27%
02/05/2022;428.49;428.49;428.49;428.49;;;0.00%
03/05/2022;424.75;424.75;424.75;424.75;;;-0.87%
04/05/2022;415.71;415.71;415.71;415.71;;;-2.13%
05/05/2022;405.78;405.78;405.78;405.78;;;-2.39%
06/05/2022;402.06;402.06;402.06;402.06;;;-0.92%
09/05/2022;404.66;404.66;404.66;404.66;;;0.65%
10/05/2022;404.8;404.8;404.8;404.8;;;0.03%
11/05/2022;402.29;402.29;402.29;402.29;;;-0.62%
12/05/2022;401.82;401.82;401.82;401.82;;;-0.12%
13/05/2022;387.81;387.81;387.81;387.81;;;-3.49%
16/05/2022;392.3;392.3;392.3;392.3;;;1.16%
17/05/2022;375.45;375.45;375.45;375.45;;;-4.30%
18/05/2022;367.83;367.83;367.83;367.83;;;-2.03%
19/05/2022;369.39;369.39;369.39;369.39;;;0.42%
20/05/2022;372.55;372.55;372.55;372.55;;;0.86%
23/05/2022;371.34;371.34;371.34;371.34;;;-0.32%
24/05/2022;368.97;368.97;368.97;368.97;;;-0.64%
25/05/2022;367.56;367.56;367.56;367.56;;;-0.38%
26/05/2022;367.56;367.56;367.56;367.56;;;0.00%
27/05/2022;361.64;361.64;361.64;361.64;;;-1.61%
30/05/2022;369.03;369.03;369.03;369.03;;;2.04%
31/05/2022;369.35;369.35;369.35;369.35;;;0.09%
01/06/2022;363.61;363.61;363.61;363.61;;;-1.55%
02/06/2022;366.03;366.03;366.03;366.03;;;0.67%
03/06/2022;369.86;369.86;369.86;369.86;;;1.05%
06/06/2022;369.86;369.86;369.86;369.86;;;0.00%
07/06/2022;369.76;369.76;369.76;369.76;;;-0.03%
08/06/2022;356.95;356.95;356.95;356.95;;;-3.46%
09/06/2022;375.24;375.24;375.24;375.24;;;5.12%
10/06/2022;381.89;381.89;381.89;381.89;;;1.77%
13/06/2022;394.79;394.79;394.79;394.79;;;3.38%
14/06/2022;395.96;395.96;395.96;395.96;;;0.30%
15/06/2022;392.93;392.93;392.93;392.93;;;-0.77%
16/06/2022;390.2;390.2;390.2;390.2;;;-0.69%
17/06/2022;386.78;386.78;386.78;386.78;;;-0.88%
20/06/2022;380.41;380.41;380.41;380.41;;;-1.65%
21/06/2022;374.03;374.03;374.03;374.03;;;-1.68%
22/06/2022;382.66;382.66;382.66;382.66;;;2.31%
23/06/2022;382.58;382.58;382.58;382.58;;;-0.02%
24/06/2022;374.15;374.15;374.15;374.15;;;-2.20%
27/06/2022;375.35;375.35;375.35;375.35;;;0.32%
28/06/2022;380.65;380.65;380.65;380.65;;;1.41%
29/06/2022;378.26;378.26;378.26;378.26;;;-0.63%
30/06/2022;380.49;380.49;380.49;380.49;;;0.59%
01/07/2022;377.51;377.51;377.51;377.51;;;-0.78%
04/07/2022;381.61;381.61;381.61;381.61;;;1.09%
05/07/2022;384.34;384.34;384.34;384.34;;;0.72%
06/07/2022;375.11;375.11;375.11;375.11;;;-2.40%
07/07/2022;379.94;379.94;379.94;379.94;;;1.29%
08/07/2022;377.93;377.93;377.93;377.93;;;-0.53%
11/07/2022;379.05;379.05;379.05;379.05;;;0.30%
12/07/2022;379.33;379.33;379.33;379.33;;;0.07%
13/07/2022;372.65;372.65;372.65;372.65;;;-1.76%
14/07/2022;377.45;377.45;377.45;377.45;;;1.29%
15/07/2022;382.31;382.31;382.31;382.31;;;1.29%
18/07/2022;382.16;382.16;382.16;382.16;;;-0.04%
19/07/2022;379.98;379.98;379.98;379.98;;;-0.57%
20/07/2022;373.46;373.46;373.46;373.46;;;-1.72%
21/07/2022;373.67;373.67;373.67;373.67;;;0.06%
22/07/2022;374.44;374.44;374.44;374.44;;;0.21%
25/07/2022;375.39;375.39;375.39;375.39;;;0.25%
26/07/2022;372.01;372.01;372.01;372.01;;;-0.90%
27/07/2022;376.43;376.43;376.43;376.43;;;1.19%
28/07/2022;379.29;379.29;379.29;379.29;;;0.76%
29/07/2022;374.72;374.72;374.72;374.72;;;-1.20%
01/08/2022;375.89;375.89;375.89;375.89;;;0.31%
02/08/2022;371.49;371.49;371.49;371.49;;;-1.17%
03/08/2022;371.59;371.59;371.59;371.59;;;0.03%
04/08/2022;375.2;375.2;375.2;375.2;;;0.97%
05/08/2022;376.59;376.59;376.59;376.59;;;0.37%
08/08/2022;376.59;376.59;376.59;376.59;;;0.00%
09/08/2022;374.36;374.36;374.36;374.36;;;-0.59%
10/08/2022;374.39;374.39;374.39;374.39;;;0.01%
11/08/2022;374.83;374.83;374.83;374.83;;;0.12%
12/08/2022;375.19;375.19;375.19;375.19;;;0.10%
15/08/2022;375.19;375.19;375.19;375.19;;;0.00%
16/08/2022;373.27;373.27;373.27;373.27;;;-0.51%
17/08/2022;374.36;374.36;374.36;374.36;;;0.29%
18/08/2022;375.52;375.52;375.52;375.52;;;0.31%
19/08/2022;372.86;372.86;372.86;372.86;;;-0.71%
22/08/2022;375.2;375.2;375.2;375.2;;;0.63%
23/08/2022;379.6;379.6;379.6;379.6;;;1.17%
24/08/2022;380.27;380.27;380.27;380.27;;;0.18%
25/08/2022;375.92;375.92;375.92;375.92;;;-1.14%
26/08/2022;380.06;380.06;380.06;380.06;;;1.10%
29/08/2022;378.04;378.04;378.04;378.04;;;-0.53%
30/08/2022;376.88;376.88;376.88;376.88;;;-0.31%
31/08/2022;377.63;377.63;377.63;377.63;;;0.20%
01/09/2022;375.99;375.99;375.99;375.99;;;-0.43%
02/09/2022;376.6;376.6;376.6;376.6;;;0.16%
05/09/2022;380.99;380.99;380.99;380.99;;;1.17%
06/09/2022;375.6;375.6;375.6;375.6;;;-1.41%
07/09/2022;380.67;380.67;380.67;380.67;;;1.35%
08/09/2022;374.79;374.79;374.79;374.79;;;-1.54%
09/09/2022;378.72;378.72;378.72;378.72;;;1.05%
12/09/2022;379.6;379.6;379.6;379.6;;;0.23%
13/09/2022;376.13;376.13;376.13;376.13;;;-0.91%
14/09/2022;375.54;375.54;375.54;375.54;;;-0.16%
15/09/2022;381.26;381.26;381.26;381.26;;;1.52%
16/09/2022;382.92;382.92;382.92;382.92;;;0.44%
19/09/2022;382.1;382.1;382.1;382.1;;;-0.21%
20/09/2022;383.78;383.78;383.78;383.78;;;0.44%
21/09/2022;378.2;378.2;378.2;378.2;;;-1.45%
22/09/2022;381.86;381.86;381.86;381.86;;;0.97%
23/09/2022;373.17;373.17;373.17;373.17;;;-2.28%
26/09/2022;370.76;370.76;370.76;370.76;;;-0.65%
27/09/2022;378.49;378.49;378.49;378.49;;;2.08%
28/09/2022;374.97;374.97;374.97;374.97;;;-0.93%
29/09/2022;374.72;374.72;374.72;374.72;;;-0.07%
30/09/2022;375.59;375.59;375.59;375.59;;;0.23%
03/10/2022;369.92;369.92;369.92;369.92;;;-1.51%
04/10/2022;361.99;361.99;361.99;361.99;;;-2.14%
05/10/2022;363.87;363.87;363.87;363.87;;;0.52%
06/10/2022;360.36;360.36;360.36;360.36;;;-0.96%
07/10/2022;375.2;375.2;375.2;375.2;;;4.12%
10/10/2022;371.52;371.52;371.52;371.52;;;-0.98%
11/10/2022;377.19;377.19;377.19;377.19;;;1.53%
12/10/2022;377.59;377.59;377.59;377.59;;;0.11%
13/10/2022;390.5;390.5;390.5;390.5;;;3.42%
14/10/2022;384.38;384.38;384.38;384.38;;;-1.57%
17/10/2022;383.28;383.28;383.28;383.28;;;-0.29%
18/10/2022;374.83;374.83;374.83;374.83;;;-2.20%
19/10/2022;384.24;384.24;384.24;384.24;;;2.51%
20/10/2022;387.59;387.59;387.59;387.59;;;0.87%
21/10/2022;386.73;386.73;386.73;386.73;;;-0.22%
24/10/2022;375.93;375.93;375.93;375.93;;;-2.79%
25/10/2022;376.95;376.95;376.95;376.95;;;0.27%
26/10/2022;375.97;375.97;375.97;375.97;;;-0.26%
27/10/2022;385.28;385.28;385.28;385.28;;;2.48%
28/10/2022;390.05;390.05;390.05;390.05;;;1.24%
31/10/2022;390.05;390.05;390.05;390.05;;;0.00%
01/11/2022;390.05;390.05;390.05;390.05;;;0.00%
02/11/2022;389.47;389.47;389.47;389.47;;;-0.15%
03/11/2022;387.64;387.64;387.64;387.64;;;-0.47%
04/11/2022;382.41;382.41;382.41;382.41;;;-1.35%
07/11/2022;383.39;383.39;383.39;383.39;;;0.26%
08/11/2022;383.46;383.46;383.46;383.46;;;0.02%
09/11/2022;382.66;382.66;382.66;382.66;;;-0.21%
10/11/2022;374.55;374.55;374.55;374.55;;;-2.12%
11/11/2022;380;380;380;380;;;1.46%
14/11/2022;378.61;378.61;378.61;378.61;;;-0.37%
15/11/2022;378.61;378.61;378.61;378.61;;;0.00%
16/11/2022;368.15;368.15;368.15;368.15;;;-2.76%
17/11/2022;375.8;375.8;375.8;375.8;;;2.08%
18/11/2022;375.52;375.52;375.52;375.52;;;-0.07%
21/11/2022;374.86;374.86;374.86;374.86;;;-0.18%
22/11/2022;372.73;372.73;372.73;372.73;;;-0.57%
23/11/2022;373.62;373.62;373.62;373.62;;;0.24%
24/11/2022;375.81;375.81;375.81;375.81;;;0.59%
25/11/2022;375.02;375.02;375.02;375.02;;;-0.21%
28/11/2022;371.27;371.27;371.27;371.27;;;-1.00%
29/11/2022;368.77;368.77;368.77;368.77;;;-0.67%
30/11/2022;368.77;368.77;368.77;368.77;;;0.00%
01/12/2022;368.77;368.77;368.77;368.77;;;0.00%
02/12/2022;365.47;365.47;365.47;365.47;;;-0.89%
05/12/2022;362.22;362.22;362.22;362.22;;;-0.89%
06/12/2022;362.61;362.61;362.61;362.61;;;0.11%
07/12/2022;361.63;361.63;361.63;361.63;;;-0.27%
08/12/2022;356.37;356.37;356.37;356.37;;;-1.45%
09/12/2022;359.22;359.22;359.22;359.22;;;0.80%
12/12/2022;366.18;366.18;366.18;366.18;;;1.94%
13/12/2022;365.06;365.06;365.06;365.06;;;-0.31%
14/12/2022;359.21;359.21;359.21;359.21;;;-1.60%
15/12/2022;369.75;369.75;369.75;369.75;;;2.93%
16/12/2022;365.53;365.53;365.53;365.53;;;-1.14%
19/12/2022;361.88;361.88;361.88;361.88;;;-1.00%
20/12/2022;367.62;367.62;367.62;367.62;;;1.59%
21/12/2022;367.93;367.93;367.93;367.93;;;0.08%
22/12/2022;364.43;364.43;364.43;364.43;;;-0.95%
23/12/2022;366.1;366.1;366.1;366.1;;;0.46%
26/12/2022;366.1;366.1;366.1;366.1;;;0.00%
27/12/2022;363.6;363.6;363.6;363.6;;;-0.68%
28/12/2022;356.89;356.89;356.89;356.89;;;-1.85%
29/12/2022;356.1;356.1;356.1;356.1;;;-0.22%
30/12/2022;358.54;358.54;358.54;358.54;;;0.69%
02/01/2023;357.38;357.38;357.38;357.38;;;-0.32%
03/01/2023;354.11;354.11;354.11;354.11;;;-0.91%
04/01/2023;357.02;357.02;357.02;357.02;;;0.82%
05/01/2023;358.05;358.05;358.05;358.05;;;0.29%
06/01/2023;356.61;356.61;356.61;356.61;;;-0.40%
09/01/2023;355.55;355.55;355.55;355.55;;;-0.30%
10/01/2023;349.05;349.05;349.05;349.05;;;-1.83%
11/01/2023;354.79;354.79;354.79;354.79;;;1.64%
12/01/2023;356.49;356.49;356.49;356.49;;;0.48%
13/01/2023;350.42;350.42;350.42;350.42;;;-1.70%
16/01/2023;353.24;353.24;353.24;353.24;;;0.80%
17/01/2023;345.11;345.11;345.11;345.11;;;-2.30%
18/01/2023;342.05;342.05;342.05;342.05;;;-0.89%
19/01/2023;336.6;336.6;336.6;336.6;;;-1.59%
20/01/2023;335.98;335.98;335.98;335.98;;;-0.18%
23/01/2023;333.05;333.05;333.05;333.05;;;-0.87%
24/01/2023;332.9;332.9;332.9;332.9;;;-0.05%
25/01/2023;340.51;340.51;340.51;340.51;;;2.29%
26/01/2023;341.45;341.45;341.45;341.45;;;0.28%
27/01/2023;342.39;342.39;342.39;342.39;;;0.28%
30/01/2023;342.49;342.49;342.49;342.49;;;0.03%
31/01/2023;340.44;340.44;340.44;340.44;;;-0.60%
01/02/2023;336.44;336.44;336.44;336.44;;;-1.17%
02/02/2023;341.22;341.22;341.22;341.22;;;1.42%
03/02/2023;349.77;349.77;349.77;349.77;;;2.51%
06/02/2023;350.87;350.87;350.87;350.87;;;0.31%
07/02/2023;358.96;358.96;358.96;358.96;;;2.31%
08/02/2023;364.25;364.25;364.25;364.25;;;1.47%
09/02/2023;365.97;365.97;365.97;365.97;;;0.47%
10/02/2023;364.67;364.67;364.67;364.67;;;-0.36%
13/02/2023;360.12;360.12;360.12;360.12;;;-1.25%
14/02/2023;361.68;361.68;361.68;361.68;;;0.43%
15/02/2023;365.02;365.02;365.02;365.02;;;0.92%
16/02/2023;370.4;370.4;370.4;370.4;;;1.47%
17/02/2023;370.57;370.57;370.57;370.57;;;0.05%
20/02/2023;370.91;370.91;370.91;370.91;;;0.09%
21/02/2023;366.24;366.24;366.24;366.24;;;-1.26%
22/02/2023;364.39;364.39;364.39;364.39;;;-0.51%
23/02/2023;363.8;363.8;363.8;363.8;;;-0.16%
24/02/2023;365.11;365.11;365.11;365.11;;;0.36%
27/02/2023;355.11;355.11;355.11;355.11;;;-2.74%
28/02/2023;359.2;359.2;359.2;359.2;;;1.15%
01/03/2023;358.4;358.4;358.4;358.4;;;-0.22%
02/03/2023;362.52;362.52;362.52;362.52;;;1.15%
03/03/2023;361.75;361.75;361.75;361.75;;;-0.21%
06/03/2023;363.53;363.53;363.53;363.53;;;0.49%
07/03/2023;359.85;359.85;359.85;359.85;;;-1.01%
08/03/2023;356.25;356.25;356.25;356.25;;;-1.00%
09/03/2023;360.71;360.71;360.71;360.71;;;1.25%
10/03/2023;368.51;368.51;368.51;368.51;;;2.16%
13/03/2023;367.71;367.71;367.71;367.71;;;-0.22%
14/03/2023;372.51;372.51;372.51;372.51;;;1.31%
15/03/2023;363.8;363.8;363.8;363.8;;;-2.34%
16/03/2023;365.93;365.93;365.93;365.93;;;0.59%
17/03/2023;366.65;366.65;366.65;366.65;;;0.20%
20/03/2023;365.88;365.88;365.88;365.88;;;-0.21%
21/03/2023;362.45;362.45;362.45;362.45;;;-0.94%
22/03/2023;366.31;366.31;366.31;366.31;;;1.06%
23/03/2023;367.26;367.26;367.26;367.26;;;0.26%
24/03/2023;366.75;366.75;366.75;366.75;;;-0.14%
27/03/2023;359.1;359.1;359.1;359.1;;;-2.09%
28/03/2023;357.72;357.72;357.72;357.72;;;-0.38%
29/03/2023;352.49;352.49;352.49;352.49;;;-1.46%
30/03/2023;354.23;354.23;354.23;354.23;;;0.49%
31/03/2023;352.02;352.02;352.02;352.02;;;-0.62%
03/04/2023;348.91;348.91;348.91;348.91;;;-0.88%
04/04/2023;350.49;350.49;350.49;350.49;;;0.45%
05/04/2023;346.02;346.02;346.02;346.02;;;-1.28%
06/04/2023;346.22;346.22;346.22;346.22;;;0.06%
07/04/2023;342.73;342.73;342.73;342.73;;;-1.01%
10/04/2023;342.73;342.73;342.73;342.73;;;0.00%
11/04/2023;347.23;347.23;347.23;347.23;;;1.31%
12/04/2023;349.75;349.75;349.75;349.75;;;0.73%
13/04/2023;347.92;347.92;347.92;347.92;;;-0.52%
14/04/2023;351.34;351.34;351.34;351.34;;;0.98%
17/04/2023;352.21;352.21;352.21;352.21;;;0.25%
18/04/2023;352.21;352.21;352.21;352.21;;;0.00%
19/04/2023;347.46;347.46;347.46;347.46;;;-1.35%
20/04/2023;338.71;338.71;338.71;338.71;;;-2.52%
21/04/2023;338.71;338.71;338.71;338.71;;;0.00%
24/04/2023;337.95;337.95;337.95;337.95;;;-0.22%
25/04/2023;348.04;348.04;348.04;348.04;;;2.99%
26/04/2023;351.86;351.86;351.86;351.86;;;1.10%
27/04/2023;345.44;345.44;345.44;345.44;;;-1.82%
28/04/2023;343.53;343.53;343.53;343.53;;;-0.55%
01/05/2023;343.53;343.53;343.53;343.53;;;0.00%
02/05/2023;336.81;336.81;336.81;336.81;;;-1.96%
03/05/2023;336.81;336.81;336.81;336.81;;;0.00%
04/05/2023;331.14;331.14;331.14;331.14;;;-1.68%
05/05/2023;340.24;340.24;340.24;340.24;;;2.75%
08/05/2023;341.73;341.73;341.73;341.73;;;0.44%
09/05/2023;345.62;345.62;345.62;345.62;;;1.14%
10/05/2023;340.68;340.68;340.68;340.68;;;-1.43%
11/05/2023;341.47;341.47;341.47;341.47;;;0.23%
12/05/2023;341.99;341.99;341.99;341.99;;;0.15%
15/05/2023;338.37;338.37;338.37;338.37;;;-1.06%
16/05/2023;339.7;339.7;339.7;339.7;;;0.39%
17/05/2023;338.13;338.13;338.13;338.13;;;-0.46%
18/05/2023;338.13;338.13;338.13;338.13;;;0.00%
19/05/2023;339.36;339.36;339.36;339.36;;;0.36%
22/05/2023;334.66;334.66;334.66;334.66;;;-1.38%
23/05/2023;335.56;335.56;335.56;335.56;;;0.27%
24/05/2023;336.06;336.06;336.06;336.06;;;0.15%
25/05/2023;342.13;342.13;342.13;342.13;;;1.81%
26/05/2023;334.68;334.68;334.68;334.68;;;-2.18%
29/05/2023;334.68;334.68;334.68;334.68;;;0.00%
30/05/2023;340.85;340.85;340.85;340.85;;;1.84%
31/05/2023;339.47;339.47;339.47;339.47;;;-0.40%
01/06/2023;337.68;337.68;337.68;337.68;;;-0.53%
02/06/2023;342.53;342.53;342.53;342.53;;;1.44%
05/06/2023;343.85;343.85;343.85;343.85;;;0.39%
06/06/2023;340.61;340.61;340.61;340.61;;;-0.94%
07/06/2023;338.25;338.25;338.25;338.25;;;-0.69%
08/06/2023;341.95;341.95;341.95;341.95;;;1.09%
09/06/2023;343.95;343.95;343.95;343.95;;;0.58%
12/06/2023;347.69;347.69;347.69;347.69;;;1.09%
13/06/2023;341.28;341.28;341.28;341.28;;;-1.84%
14/06/2023;339.48;339.48;339.48;339.48;;;-0.53%
15/06/2023;350.35;350.35;350.35;350.35;;;3.20%
16/06/2023;348.96;348.96;348.96;348.96;;;-0.40%
19/06/2023;353.72;353.72;353.72;353.72;;;1.36%
20/06/2023;351.51;351.51;351.51;351.51;;;-0.62%
21/06/2023;355.17;355.17;355.17;355.17;;;1.04%
22/06/2023;356.8;356.8;356.8;356.8;;;0.46%
23/06/2023;356.01;356.01;356.01;356.01;;;-0.22%
26/06/2023;357.32;357.32;357.32;357.32;;;0.37%
27/06/2023;358.92;358.92;358.92;358.92;;;0.45%
28/06/2023;358.92;358.92;358.92;358.92;;;0.00%
29/06/2023;361.22;361.22;361.22;361.22;;;0.64%
30/06/2023;364.04;364.04;364.04;364.04;;;0.78%
03/07/2023;359.05;359.05;359.05;359.05;;;-1.37%
04/07/2023;359.32;359.32;359.32;359.32;;;0.08%
05/07/2023;361.33;361.33;361.33;361.33;;;0.56%
06/07/2023;358.69;358.69;358.69;358.69;;;-0.73%
07/07/2023;362.94;362.94;362.94;362.94;;;1.18%
10/07/2023;363.54;363.54;363.54;363.54;;;0.17%
11/07/2023;363.29;363.29;363.29;363.29;;;-0.07%
12/07/2023;364.54;364.54;364.54;364.54;;;0.34%
13/07/2023;363.23;363.23;363.23;363.23;;;-0.36%
14/07/2023;364.39;364.39;364.39;364.39;;;0.32%
17/07/2023;365.3;365.3;365.3;365.3;;;0.25%
18/07/2023;362.93;362.93;362.93;362.93;;;-0.65%
19/07/2023;360.04;360.04;360.04;360.04;;;-0.80%
20/07/2023;364.72;364.72;364.72;364.72;;;1.30%
21/07/2023;362.88;362.88;362.88;362.88;;;-0.50%
24/07/2023;364.17;364.17;364.17;364.17;;;0.36%
25/07/2023;365.52;365.52;365.52;365.52;;;0.37%
26/07/2023;363.64;363.64;363.64;363.64;;;-0.51%
27/07/2023;365.04;365.04;365.04;365.04;;;0.38%
28/07/2023;366.29;366.29;366.29;366.29;;;0.34%
31/07/2023;377.68;377.68;377.68;377.68;;;3.11%
01/08/2023;373.66;373.66;373.66;373.66;;;-1.06%
02/08/2023;383.44;383.44;383.44;383.44;;;2.62%
03/08/2023;375.38;375.38;375.38;375.38;;;-2.10%
04/08/2023;373.64;373.64;373.64;373.64;;;-0.46%
07/08/2023;373.64;373.64;373.64;373.64;;;0.00%
08/08/2023;369.41;369.41;369.41;369.41;;;-1.13%
09/08/2023;368.21;368.21;368.21;368.21;;;-0.32%
10/08/2023;365.32;365.32;365.32;365.32;;;-0.78%
11/08/2023;368.29;368.29;368.29;368.29;;;0.81%
14/08/2023;369.97;369.97;369.97;369.97;;;0.46%
15/08/2023;369.97;369.97;369.97;369.97;;;0.00%
16/08/2023;365.32;365.32;365.32;365.32;;;-1.26%
17/08/2023;367.35;367.35;367.35;367.35;;;0.56%
18/08/2023;375.09;375.09;375.09;375.09;;;2.11%
21/08/2023;374.51;374.51;374.51;374.51;;;-0.15%
22/08/2023;374.31;374.31;374.31;374.31;;;-0.05%
23/08/2023;372.95;372.95;372.95;372.95;;;-0.36%
24/08/2023;373.03;373.03;373.03;373.03;;;0.02%
25/08/2023;376.84;376.84;376.84;376.84;;;1.02%
28/08/2023;378.28;378.28;378.28;378.28;;;0.38%
29/08/2023;375.03;375.03;375.03;375.03;;;-0.86%
30/08/2023;375.28;375.28;375.28;375.28;;;0.07%
31/08/2023;372.5;372.5;372.5;372.5;;;-0.74%
01/09/2023;374.93;374.93;374.93;374.93;;;0.65%
04/09/2023;373.42;373.42;373.42;373.42;;;-0.40%
05/09/2023;374.55;374.55;374.55;374.55;;;0.30%
06/09/2023;377.14;377.14;377.14;377.14;;;0.69%
07/09/2023;381.11;381.11;381.11;381.11;;;1.05%
08/09/2023;377.85;377.85;377.85;377.85;;;-0.86%
11/09/2023;378.94;378.94;378.94;378.94;;;0.29%
12/09/2023;389.15;389.15;389.15;389.15;;;2.69%
13/09/2023;392.75;392.75;392.75;392.75;;;0.93%
14/09/2023;384.05;384.05;384.05;384.05;;;-2.22%
15/09/2023;384.02;384.02;384.02;384.02;;;-0.01%
18/09/2023;376.7;376.7;376.7;376.7;;;-1.91%
19/09/2023;371.51;371.51;371.51;371.51;;;-1.38%
20/09/2023;374.47;374.47;374.47;374.47;;;0.80%
21/09/2023;374.51;374.51;374.51;374.51;;;0.01%
22/09/2023;370.03;370.03;370.03;370.03;;;-1.20%
25/09/2023;363.18;363.18;363.18;363.18;;;-1.85%
26/09/2023;357.22;357.22;357.22;357.22;;;-1.64%
27/09/2023;357.22;357.22;357.22;357.22;;;0.00%
28/09/2023;354.92;354.92;354.92;354.92;;;-0.64%
29/09/2023;363.62;363.62;363.62;363.62;;;2.45%
02/10/2023;367.06;367.06;367.06;367.06;;;0.95%
03/10/2023;356.57;356.57;356.57;356.57;;;-2.86%
04/10/2023;350.8;350.8;350.8;350.8;;;-1.62%
05/10/2023;348.58;348.58;348.58;348.58;;;-0.63%
06/10/2023;353.78;353.78;353.78;353.78;;;1.49%
09/10/2023;350.64;350.64;350.64;350.64;;;-0.89%
10/10/2023;351.6;351.6;351.6;351.6;;;0.27%
11/10/2023;350.34;350.34;350.34;350.34;;;-0.36%
12/10/2023;350.48;350.48;350.48;350.48;;;0.04%
13/10/2023;348.93;348.93;348.93;348.93;;;-0.44%
16/10/2023;358.76;358.76;358.76;358.76;;;2.82%
17/10/2023;352.96;352.96;352.96;352.96;;;-1.62%
18/10/2023;350.4;350.4;350.4;350.4;;;-0.73%
19/10/2023;349.99;349.99;349.99;349.99;;;-0.12%
20/10/2023;350.46;350.46;350.46;350.46;;;0.13%
23/10/2023;347.43;347.43;347.43;347.43;;;-0.86%
24/10/2023;349.27;349.27;349.27;349.27;;;0.53%
25/10/2023;344.55;344.55;344.55;344.55;;;-1.35%
26/10/2023;340.7;340.7;340.7;340.7;;;-1.12%
27/10/2023;340.79;340.79;340.79;340.79;;;0.03%
30/10/2023;337.25;337.25;337.25;337.25;;;-1.04%
31/10/2023;330.99;330.99;330.99;330.99;;;-1.86%
01/11/2023;330.99;330.99;330.99;330.99;;;0.00%
02/11/2023;330.41;330.41;330.41;330.41;;;-0.18%
03/11/2023;332.99;332.99;332.99;332.99;;;0.78%
06/11/2023;338.36;338.36;338.36;338.36;;;1.61%
07/11/2023;336.92;336.92;336.92;336.92;;;-0.43%
08/11/2023;327.46;327.46;327.46;327.46;;;-2.81%
09/11/2023;334.08;334.08;334.08;334.08;;;2.02%
10/11/2023;330.55;330.55;330.55;330.55;;;-1.06%
13/11/2023;331.24;331.24;331.24;331.24;;;0.21%
14/11/2023;323.85;323.85;323.85;323.85;;;-2.23%
15/11/2023;323.85;323.85;323.85;323.85;;;0.00%
16/11/2023;330.95;330.95;330.95;330.95;;;2.19%
17/11/2023;341.99;341.99;341.99;341.99;;;3.34%
20/11/2023;339.54;339.54;339.54;339.54;;;-0.72%
21/11/2023;331.23;331.23;331.23;331.23;;;-2.45%
22/11/2023;328.65;328.65;328.65;328.65;;;-0.78%
23/11/2023;336.53;336.53;336.53;336.53;;;2.40%
24/11/2023;334.97;334.97;334.97;334.97;;;-0.46%
27/11/2023;333.52;333.52;333.52;333.52;;;-0.43%
28/11/2023;336.12;336.12;336.12;336.12;;;0.78%
29/11/2023;336.21;336.21;336.21;336.21;;;0.03%
30/11/2023;333.46;333.46;333.46;333.46;;;-0.82%
01/12/2023;324.94;324.94;324.94;324.94;;;-2.56%
04/12/2023;323.68;323.68;323.68;323.68;;;-0.39%
05/12/2023;324.01;324.01;324.01;324.01;;;0.10%
06/12/2023;326.24;326.24;326.24;326.24;;;0.69%
07/12/2023;327.95;327.95;327.95;327.95;;;0.52%
08/12/2023;332.74;332.74;332.74;332.74;;;1.46%
11/12/2023;324.76;324.76;324.76;324.76;;;-2.40%
12/12/2023;331.43;331.43;331.43;331.43;;;2.05%
13/12/2023;334.71;334.71;334.71;334.71;;;0.99%
14/12/2023;332.43;332.43;332.43;332.43;;;-0.68%
15/12/2023;331.44;331.44;331.44;331.44;;;-0.30%
18/12/2023;318.07;318.07;318.07;318.07;;;-4.03%
19/12/2023;326.94;326.94;326.94;326.94;;;2.79%
20/12/2023;329.59;329.59;329.59;329.59;;;0.81%
21/12/2023;330.55;330.55;330.55;330.55;;;0.29%
22/12/2023;335.58;335.58;335.58;335.58;;;1.52%
25/12/2023;335.58;335.58;335.58;335.58;;;0.00%
26/12/2023;329.36;329.36;329.36;329.36;;;-1.85%
27/12/2023;330.19;330.19;330.19;330.19;;;0.25%
28/12/2023;324.58;324.58;324.58;324.58;;;-1.70%
29/12/2023;328.21;328.21;328.21;328.21;;;1.12%
01/01/2024;328.21;328.21;328.21;328.21;;;0.00%
02/01/2024;331.6;331.6;331.6;331.6;;;1.03%
03/01/2024;327.95;327.95;327.95;327.95;;;-1.10%
04/01/2024;320.56;320.56;320.56;320.56;;;-2.25%
05/01/2024;319.16;319.16;319.16;319.16;;;-0.44%
08/01/2024;314.12;314.12;314.12;314.12;;;-1.58%
09/01/2024;316.43;316.43;316.43;316.43;;;0.74%
10/01/2024;317.92;317.92;317.92;317.92;;;0.47%
11/01/2024;316.6;316.6;316.6;316.6;;;-0.42%
12/01/2024;306.9;306.9;306.9;306.9;;;-3.06%
15/01/2024;301.39;301.39;301.39;301.39;;;-1.80%
16/01/2024;312.12;312.12;312.12;312.12;;;3.56%
17/01/2024;309.03;309.03;309.03;309.03;;;-0.99%
18/01/2024;320.19;320.19;320.19;320.19;;;3.61%
19/01/2024;320.55;320.55;320.55;320.55;;;0.11%
22/01/2024;318.54;318.54;318.54;318.54;;;-0.63%
23/01/2024;320.36;320.36;320.36;320.36;;;0.57%
24/01/2024;319.18;319.18;319.18;319.18;;;-0.37%
25/01/2024;317.05;317.05;317.05;317.05;;;-0.67%
26/01/2024;312.53;312.53;312.53;312.53;;;-1.43%
29/01/2024;313.28;313.28;313.28;313.28;;;0.24%
30/01/2024;316.68;316.68;316.68;316.68;;;1.09%
31/01/2024;313.95;313.95;313.95;313.95;;;-0.86%
01/02/2024;313.99;313.99;313.99;313.99;;;0.01%
02/02/2024;311.62;311.62;311.62;311.62;;;-0.75%
05/02/2024;313.19;313.19;313.19;313.19;;;0.50%
06/02/2024;312.44;312.44;312.44;312.44;;;-0.24%
07/02/2024;307.46;307.46;307.46;307.46;;;-1.59%
08/02/2024;307.4;307.4;307.4;307.4;;;-0.02%
09/02/2024;305.91;305.91;305.91;305.91;;;-0.48%
12/02/2024;305.91;305.91;305.91;305.91;;;0.00%
13/02/2024;312.62;312.62;312.62;312.62;;;2.19%
14/02/2024;314.03;314.03;314.03;314.03;;;0.45%
15/02/2024;307.16;307.16;307.16;307.16;;;-2.19%
16/02/2024;308.81;308.81;308.81;308.81;;;0.54%
19/02/2024;309.6;309.6;309.6;309.6;;;0.26%
20/02/2024;311.33;311.33;311.33;311.33;;;0.56%
21/02/2024;309.56;309.56;309.56;309.56;;;-0.57%
22/02/2024;312.33;312.33;312.33;312.33;;;0.89%
23/02/2024;317.39;317.39;317.39;317.39;;;1.62%
26/02/2024;318.48;318.48;318.48;318.48;;;0.34%
27/02/2024;312.32;312.32;312.32;312.32;;;-1.93%
28/02/2024;315.1;315.1;315.1;315.1;;;0.89%
29/02/2024;314.73;314.73;314.73;314.73;;;-0.12%
01/03/2024;314.27;314.27;314.27;314.27;;;-0.15%
04/03/2024;309.76;309.76;309.76;309.76;;;-1.44%
05/03/2024;312.41;312.41;312.41;312.41;;;0.86%
06/03/2024;303.07;303.07;303.07;303.07;;;-2.99%
07/03/2024;298.12;298.12;298.12;298.12;;;-1.63%
08/03/2024;301.76;301.76;301.76;301.76;;;1.22%
11/03/2024;310.83;310.83;310.83;310.83;;;3.01%
12/03/2024;302.94;302.94;302.94;302.94;;;-2.54%
13/03/2024;304.03;304.03;304.03;304.03;;;0.36%
14/03/2024;302.76;302.76;302.76;302.76;;;-0.42%
15/03/2024;298.72;298.72;298.72;298.72;;;-1.33%
18/03/2024;309.35;309.35;309.35;309.35;;;3.56%
19/03/2024;310.55;310.55;310.55;310.55;;;0.39%
20/03/2024;313.06;313.06;313.06;313.06;;;0.81%
21/03/2024;313.91;313.91;313.91;313.91;;;0.27%
22/03/2024;315.19;315.19;315.19;315.19;;;0.41%
25/03/2024;311.69;311.69;311.69;311.69;;;-1.11%
26/03/2024;313.48;313.48;313.48;313.48;;;0.57%
27/03/2024;316.36;316.36;316.36;316.36;;;0.92%
28/03/2024;319.38;319.38;319.38;319.38;;;0.95%
29/03/2024;316.33;316.33;316.33;316.33;;;-0.95%
01/04/2024;316.33;316.33;316.33;316.33;;;0.00%
02/04/2024;319.12;319.12;319.12;319.12;;;0.88%
03/04/2024;324.32;324.32;324.32;324.32;;;1.63%
04/04/2024;323.97;323.97;323.97;323.97;;;-0.11%
05/04/2024;316.77;316.77;316.77;316.77;;;-2.22%
08/04/2024;313.83;313.83;313.83;313.83;;;-0.93%
09/04/2024;317.29;317.29;317.29;317.29;;;1.10%
10/04/2024;317.29;317.29;317.29;317.29;;;0.00%
11/04/2024;321.16;321.16;321.16;321.16;;;1.22%
12/04/2024;319.67;319.67;319.67;319.67;;;-0.46%
15/04/2024;318.04;318.04;318.04;318.04;;;-0.51%
16/04/2024;316.39;316.39;316.39;316.39;;;-0.52%
17/04/2024;317.76;317.76;317.76;317.76;;;0.43%
18/04/2024;318.28;318.28;318.28;318.28;;;0.16%
19/04/2024;317.57;317.57;317.57;317.57;;;-0.22%
22/04/2024;315.45;315.45;315.45;315.45;;;-0.67%
23/04/2024;315.2;315.2;315.2;315.2;;;-0.08%
24/04/2024;313.68;313.68;313.68;313.68;;;-0.48%
25/04/2024;316.1;316.1;316.1;316.1;;;0.77%
26/04/2024;318.5;318.5;318.5;318.5;;;0.76%
29/04/2024;318.84;318.84;318.84;318.84;;;0.11%
30/04/2024;324.32;324.32;324.32;324.32;;;1.72%
01/05/2024;324.32;324.32;324.32;324.32;;;0.00%
02/05/2024;321.44;321.44;321.44;321.44;;;-0.89%
03/05/2024;317.83;317.83;317.83;317.83;;;-1.12%
06/05/2024;316.42;316.42;316.42;316.42;;;-0.44%
07/05/2024;323.84;323.84;323.84;323.84;;;2.34%
08/05/2024;322.41;322.41;322.41;322.41;;;-0.44%
09/05/2024;322.41;322.41;322.41;322.41;;;0.00%
10/05/2024;322.27;322.27;322.27;322.27;;;-0.04%
13/05/2024;317.82;317.82;317.82;317.82;;;-1.38%
14/05/2024;322.35;322.35;322.35;322.35;;;1.43%
15/05/2024;320.91;320.91;320.91;320.91;;;-0.45%
16/05/2024;322.08;322.08;322.08;322.08;;;0.36%
17/05/2024;319.87;319.87;319.87;319.87;;;-0.69%
20/05/2024;319.87;319.87;319.87;319.87;;;0.00%
21/05/2024;320.34;320.34;320.34;320.34;;;0.15%
22/05/2024;321.41;321.41;321.41;321.41;;;0.33%
23/05/2024;323.49;323.49;323.49;323.49;;;0.65%
24/05/2024;325.51;325.51;325.51;325.51;;;0.62%
27/05/2024;323.66;323.66;323.66;323.66;;;-0.57%
28/05/2024;326.56;326.56;326.56;326.56;;;0.90%
29/05/2024;316.3;316.3;316.3;316.3;;;-3.14%
30/05/2024;317.09;317.09;317.09;317.09;;;0.25%
31/05/2024;321.67;321.67;321.67;321.67;;;1.44%
03/06/2024;316.1;316.1;316.1;316.1;;;-1.73%
04/06/2024;317.89;317.89;317.89;317.89;;;0.57%
05/06/2024;317.97;317.97;317.97;317.97;;;0.03%
06/06/2024;321.18;321.18;321.18;321.18;;;1.01%
07/06/2024;320.91;320.91;320.91;320.91;;;-0.08%
10/06/2024;319.7;319.7;319.7;319.7;;;-0.38%
11/06/2024;324.06;324.06;324.06;324.06;;;1.36%
12/06/2024;326.7;326.7;326.7;326.7;;;0.81%
13/06/2024;331.28;331.28;331.28;331.28;;;1.40%
14/06/2024;323.09;323.09;323.09;323.09;;;-2.47%
18/06/2024;325.5;325.5;325.5;325.5;;;0.75%
19/06/2024;325.35;325.35;325.35;325.35;;;-0.05%
20/06/2024;327.51;327.51;327.51;327.51;;;0.66%
21/06/2024;326.48;326.48;326.48;326.48;;;-0.31%
24/06/2024;334.88;334.88;334.88;334.88;;;2.57%
25/06/2024;334.51;334.51;334.51;334.51;;;-0.11%
26/06/2024;323.25;323.25;323.25;323.25;;;-3.37%
27/06/2024;323.77;323.77;323.77;323.77;;;0.16%
28/06/2024;332.47;332.47;332.47;332.47;;;2.69%
01/07/2024;327.73;327.73;327.73;327.73;;;-1.43%
02/07/2024;332.05;332.05;332.05;332.05;;;1.32%
03/07/2024;327.41;327.41;327.41;327.41;;;-1.40%
04/07/2024;329.62;329.62;329.62;329.62;;;0.67%
05/07/2024;329.26;329.26;329.26;329.26;;;-0.11%
08/07/2024;333.19;333.19;333.19;333.19;;;1.19%
09/07/2024;331.28;331.28;331.28;331.28;;;-0.57%
10/07/2024;325.48;325.48;325.48;325.48;;;-1.75%
11/07/2024;329.21;329.21;329.21;329.21;;;1.15%
12/07/2024;329.31;329.31;329.31;329.31;;;0.03%
15/07/2024;326.94;326.94;326.94;326.94;;;-0.72%
16/07/2024;329.51;329.51;329.51;329.51;;;0.79%
17/07/2024;330.21;330.21;330.21;330.21;;;0.21%
18/07/2024;334.02;334.02;334.02;334.02;;;1.15%
19/07/2024;334.95;334.95;334.95;334.95;;;0.28%
22/07/2024;333.45;333.45;333.45;333.45;;;-0.45%
23/07/2024;330.7;330.7;330.7;330.7;;;-0.82%
24/07/2024;333.51;333.51;333.51;333.51;;;0.85%
25/07/2024;331.81;331.81;331.81;331.81;;;-0.51%
26/07/2024;331.46;331.46;331.46;331.46;;;-0.11%
29/07/2024;335.06;335.06;335.06;335.06;;;1.09%
30/07/2024;332.16;332.16;332.16;332.16;;;-0.87%
31/07/2024;331.92;331.92;331.92;331.92;;;-0.07%
01/08/2024;332.88;332.88;332.88;332.88;;;0.29%
02/08/2024;334.69;334.69;334.69;334.69;;;0.54%
05/08/2024;333.58;333.58;333.58;333.58;;;-0.33%
06/08/2024;344.09;344.09;344.09;344.09;;;3.15%
07/08/2024;344.09;344.09;344.09;344.09;;;0.00%
08/08/2024;348.34;348.34;348.34;348.34;;;1.24%
09/08/2024;348.3;348.3;348.3;348.3;;;-0.01%
12/08/2024;348.23;348.23;348.23;348.23;;;-0.02%
13/08/2024;345.63;345.63;345.63;345.63;;;-0.75%
14/08/2024;344.39;344.39;344.39;344.39;;;-0.36%
15/08/2024;344.39;344.39;344.39;344.39;;;0.00%
16/08/2024;343.49;343.49;343.49;343.49;;;-0.26%
19/08/2024;344.53;344.53;344.53;344.53;;;0.30%
20/08/2024;341.49;341.49;341.49;341.49;;;-0.88%
21/08/2024;340.53;340.53;340.53;340.53;;;-0.28%
22/08/2024;343.79;343.79;343.79;343.79;;;0.96%
23/08/2024;343.9;343.9;343.9;343.9;;;0.03%
26/08/2024;349.15;349.15;349.15;349.15;;;1.53%
27/08/2024;341.86;341.86;341.86;341.86;;;-2.09%
28/08/2024;352.96;352.96;352.96;352.96;;;3.25%
29/08/2024;356.62;356.62;356.62;356.62;;;1.04%
30/08/2024;362.14;362.14;362.14;362.14;;;1.55%
02/09/2024;357.65;357.65;357.65;357.65;;;-1.24%
03/09/2024;357.47;357.47;357.47;357.47;;;-0.05%
04/09/2024;362.72;362.72;362.72;362.72;;;1.47%
05/09/2024;365.39;365.39;365.39;365.39;;;0.74%
06/09/2024;364.27;364.27;364.27;364.27;;;-0.31%
09/09/2024;364.3;364.3;364.3;364.3;;;0.01%
10/09/2024;362.47;362.47;362.47;362.47;;;-0.50%
11/09/2024;360.61;360.61;360.61;360.61;;;-0.51%
12/09/2024;364.97;364.97;364.97;364.97;;;1.21%
13/09/2024;356.58;356.58;356.58;356.58;;;-2.30%
16/09/2024;353.32;353.32;353.32;353.32;;;-0.91%
17/09/2024;349.68;349.68;349.68;349.68;;;-1.03%
18/09/2024;335.07;335.07;335.07;335.07;;;-4.18%
19/09/2024;339.8;339.8;339.8;339.8;;;1.41%
20/09/2024;347.01;347.01;347.01;347.01;;;2.12%
23/09/2024;350.65;350.65;350.65;350.65;;;1.05%
24/09/2024;340.42;340.42;340.42;340.42;;;-2.92%
25/09/2024;340.72;340.72;340.72;340.72;;;0.09%
26/09/2024;338.4;338.4;338.4;338.4;;;-0.68%
27/09/2024;341.67;341.67;341.67;341.67;;;0.97%
30/09/2024;337.51;337.51;337.51;337.51;;;-1.22%
01/10/2024;339.61;339.61;339.61;339.61;;;0.62%
02/10/2024;332.33;332.33;332.33;332.33;;;-2.14%
03/10/2024;342.45;342.45;342.45;342.45;;;3.05%
04/10/2024;339.13;339.13;339.13;339.13;;;-0.97%
07/10/2024;333.75;333.75;333.75;333.75;;;-1.59%
08/10/2024;334.39;334.39;334.39;334.39;;;0.19%
09/10/2024;331.26;331.26;331.26;331.26;;;-0.94%
10/10/2024;322.22;322.22;322.22;322.22;;;-2.73%
11/10/2024;333.26;333.26;333.26;333.26;;;3.43%
14/10/2024;331.44;331.44;331.44;331.44;;;-0.55%
15/10/2024;335.19;335.19;335.19;335.19;;;1.13%
16/10/2024;333.15;333.15;333.15;333.15;;;-0.61%
17/10/2024;338.94;338.94;338.94;338.94;;;1.74%
18/10/2024;339.18;339.18;339.18;339.18;;;0.07%
21/10/2024;336.91;336.91;336.91;336.91;;;-0.67%
22/10/2024;336.36;336.36;336.36;336.36;;;-0.16%
23/10/2024;340.38;340.38;340.38;340.38;;;1.20%
24/10/2024;338.94;338.94;338.94;338.94;;;-0.42%
25/10/2024;345.66;345.66;345.66;345.66;;;1.98%
28/10/2024;342.67;342.67;342.67;342.67;;;-0.87%
29/10/2024;342.56;342.56;342.56;342.56;;;-0.03%
30/10/2024;347.16;347.16;347.16;347.16;;;1.34%
31/10/2024;344;344;344;344;;;-0.91%
01/11/2024;344;344;344;344;;;0.00%
04/11/2024;340.44;340.44;340.44;340.44;;;-1.03%
05/11/2024;339.41;339.41;339.41;339.41;;;-0.30%
06/11/2024;341.64;341.64;341.64;341.64;;;0.66%
07/11/2024;339.26;339.26;339.26;339.26;;;-0.70%
08/11/2024;338.63;338.63;338.63;338.63;;;-0.19%
11/11/2024;340.21;340.21;340.21;340.21;;;0.47%
12/11/2024;334.03;334.03;334.03;334.03;;;-1.82%
13/11/2024;339.74;339.74;339.74;339.74;;;1.71%
14/11/2024;341.05;341.05;341.05;341.05;;;0.39%
15/11/2024;341.05;341.05;341.05;341.05;;;0.00%
18/11/2024;335.36;335.36;335.36;335.36;;;-1.67%
19/11/2024;343.02;343.02;343.02;343.02;;;2.28%
20/11/2024;337.55;337.55;337.55;337.55;;;-1.59%
21/11/2024;339.95;339.95;339.95;339.95;;;0.71%
22/11/2024;341.52;341.52;341.52;341.52;;;0.46%
25/11/2024;335.77;335.77;335.77;335.77;;;-1.68%
26/11/2024;334.8;334.8;334.8;334.8;;;-0.29%
27/11/2024;332.86;332.86;332.86;332.86;;;-0.58%
28/11/2024;337.29;337.29;337.29;337.29;;;1.33%
29/11/2024;335.65;335.65;335.65;335.65;;;-0.49%
02/12/2024;331.78;331.78;331.78;331.78;;;-1.15%
03/12/2024;333.16;333.16;333.16;333.16;;;0.42%
04/12/2024;332.28;332.28;332.28;332.28;;;-0.26%
05/12/2024;328.12;328.12;328.12;328.12;;;-1.25%
06/12/2024;329.74;329.74;329.74;329.74;;;0.49%
09/12/2024;330.41;330.41;330.41;330.41;;;0.20%
10/12/2024;326.31;326.31;326.31;326.31;;;-1.24%
11/12/2024;325.26;325.26;325.26;325.26;;;-0.32%
12/12/2024;328.29;328.29;328.29;328.29;;;0.93%
13/12/2024;328.47;328.47;328.47;328.47;;;0.05%
16/12/2024;330.05;330.05;330.05;330.05;;;0.48%
17/12/2024;323.74;323.74;323.74;323.74;;;-1.91%
18/12/2024;325.33;325.33;325.33;325.33;;;0.49%
19/12/2024;325.41;325.41;325.41;325.41;;;0.02%
20/12/2024;321.32;321.32;321.32;321.32;;;-1.26%
23/12/2024;322.31;322.31;322.31;322.31;;;0.31%
24/12/2024;322.31;322.31;322.31;322.31;;;0.00%
25/12/2024;322.31;322.31;322.31;322.31;;;0.00%
26/12/2024;323.32;323.32;323.32;323.32;;;0.31%
27/12/2024;328.43;328.43;328.43;328.43;;;1.58%
30/12/2024;330.96;330.96;330.96;330.96;;;0.77%
02/01/2025;335.32;335.32;335.32;335.32;;;1.32%
03/01/2025;336.85;336.85;336.85;336.85;;;0.46%
06/01/2025;335.17;335.17;335.17;335.17;;;-0.50%
07/01/2025;326.68;326.68;326.68;326.68;;;-2.53%
08/01/2025;335.13;335.13;335.13;335.13;;;2.59%
09/01/2025;331.16;331.16;331.16;331.16;;;-1.18%
10/01/2025;331.16;331.16;331.16;331.16;;;0.00%
13/01/2025;330.77;330.77;330.77;330.77;;;-0.12%
14/01/2025;332.11;332.11;332.11;332.11;;;0.41%
15/01/2025;324.54;324.54;324.54;324.54;;;-2.28%
16/01/2025;324.07;324.07;324.07;324.07;;;-0.14%
17/01/2025;322.12;322.12;322.12;322.12;;;-0.60%
20/01/2025;330.31;330.31;330.31;330.31;;;2.54%
21/01/2025;328.8;328.8;328.8;328.8;;;-0.46%
22/01/2025;327.7;327.7;327.7;327.7;;;-0.33%
23/01/2025;325.52;325.52;325.52;325.52;;;-0.67%
24/01/2025;324.85;324.85;324.85;324.85;;;-0.21%
27/01/2025;329.83;329.83;329.83;329.83;;;1.53%
28/01/2025;327.71;327.71;327.71;327.71;;;-0.64%
29/01/2025;325.94;325.94;325.94;325.94;;;-0.54%
30/01/2025;319.66;319.66;319.66;319.66;;;-1.93%
31/01/2025;325.31;325.31;325.31;325.31;;;1.77%
03/02/2025;320.81;320.81;320.81;320.81;;;-1.38%
04/02/2025;322.16;322.16;322.16;322.16;;;0.42%
05/02/2025;322.41;322.41;322.41;322.41;;;0.08%
06/02/2025;328.78;328.78;328.78;328.78;;;1.98%
07/02/2025;332.42;332.42;332.42;332.42;;;1.11%
10/02/2025;332.41;332.41;332.41;332.41;;;-0.00%
11/02/2025;326.92;326.92;326.92;326.92;;;-1.65%
12/02/2025;331.9;331.9;331.9;331.9;;;1.52%
13/02/2025;328.93;328.93;328.93;328.93;;;-0.89%
14/02/2025;339.35;339.35;339.35;339.35;;;3.17%
17/02/2025;349.06;349.06;349.06;349.06;;;2.86%
18/02/2025;358.97;358.97;358.97;358.97;;;2.84%
19/02/2025;369.22;369.22;369.22;369.22;;;2.86%
20/02/2025;371.7;371.7;371.7;371.7;;;0.67%
21/02/2025;373.45;373.45;373.45;373.45;;;0.47%
24/02/2025;362.53;362.53;362.53;362.53;;;-2.92%
25/02/2025;368.89;368.89;368.89;368.89;;;1.75%
26/02/2025;377.84;377.84;377.84;377.84;;;2.43%
27/02/2025;386.46;386.46;386.46;386.46;;;2.28%
28/02/2025;400.03;400.03;400.03;400.03;;;3.51%
03/03/2025;399.15;399.15;399.15;399.15;;;-0.22%
04/03/2025;398.53;398.53;398.53;398.53;;;-0.16%
05/03/2025;393.95;393.95;393.95;393.95;;;-1.15%
06/03/2025;397.65;397.65;397.65;397.65;;;0.94%
07/03/2025;399.65;399.65;399.65;399.65;;;0.50%
10/03/2025;397.32;397.32;397.32;397.32;;;-0.58%
11/03/2025;392.65;392.65;392.65;392.65;;;-1.18%
12/03/2025;394.03;394.03;394.03;394.03;;;0.35%
13/03/2025;393.26;393.26;393.26;393.26;;;-0.20%
14/03/2025;397.99;397.99;397.99;397.99;;;1.20%
17/03/2025;394.47;394.47;394.47;394.47;;;-0.88%
18/03/2025;395.82;395.82;395.82;395.82;;;0.34%
19/03/2025;402.9;402.9;402.9;402.9;;;1.79%
20/03/2025;396.96;396.96;396.96;396.96;;;-1.47%
21/03/2025;387.8;387.8;387.8;387.8;;;-2.31%
24/03/2025;392.29;392.29;392.29;392.29;;;1.16%
25/03/2025;385.56;385.56;385.56;385.56;;;-1.72%
26/03/2025;385.12;385.12;385.12;385.12;;;-0.11%
27/03/2025;385.12;385.12;385.12;385.12;;;0.00%
28/03/2025;389.37;389.37;389.37;389.37;;;1.10%
31/03/2025;389.37;389.37;389.37;389.37;;;0.00%
01/04/2025;386.79;386.79;386.79;386.79;;;-0.66%
02/04/2025;380.19;380.19;380.19;380.19;;;-1.71%
03/04/2025;380.11;380.11;380.11;380.11;;;-0.02%
04/04/2025;376.69;376.69;376.69;376.69;;;-0.90%
07/04/2025;374.61;374.61;374.61;374.61;;;-0.55%
08/04/2025;379.87;379.87;379.87;379.87;;;1.40%
09/04/2025;388.08;388.08;388.08;388.08;;;2.16%
10/04/2025;399.14;399.14;399.14;399.14;;;2.85%
11/04/2025;402.49;402.49;402.49;402.49;;;0.84%
14/04/2025;404.35;404.35;404.35;404.35;;;0.46%
15/04/2025;393.86;393.86;393.86;393.86;;;-2.59%
16/04/2025;389.39;389.39;389.39;389.39;;;-1.13%
17/04/2025;391.87;391.87;391.87;391.87;;;0.64%
18/04/2025;389.43;389.43;389.43;389.43;;;-0.62%
21/04/2025;389.43;389.43;389.43;389.43;;;0.00%
22/04/2025;381.31;381.31;381.31;381.31;;;-2.09%
23/04/2025;380.37;380.37;380.37;380.37;;;-0.25%
24/04/2025;392.71;392.71;392.71;392.71;;;3.24%
25/04/2025;387.16;387.16;387.16;387.16;;;-1.41%
28/04/2025;388.62;388.62;388.62;388.62;;;0.38%
29/04/2025;393.45;393.45;393.45;393.45;;;1.24%
30/04/2025;389.02;389.02;389.02;389.02;;;-1.13%
01/05/2025;389.02;389.02;389.02;389.02;;;0.00%
02/05/2025;376.59;376.59;376.59;376.59;;;-3.20%
05/05/2025;364.11;364.11;364.11;364.11;;;-3.31%
06/05/2025;347.08;347.08;347.08;347.08;;;-4.68%
07/05/2025;342.64;342.64;342.64;342.64;;;-1.28%
08/05/2025;334.43;334.43;334.43;334.43;;;-2.40%
09/05/2025;334.87;334.87;334.87;334.87;;;0.13%
12/05/2025;332.76;332.76;332.76;332.76;;;-0.63%
13/05/2025;337.62;337.62;337.62;337.62;;;1.46%
14/05/2025;336.45;336.45;336.45;336.45;;;-0.35%
15/05/2025;337.22;337.22;337.22;337.22;;;0.23%
16/05/2025;333.97;333.97;333.97;333.97;;;-0.96%
19/05/2025;341.32;341.32;341.32;341.32;;;2.20%
20/05/2025;351.14;351.14;351.14;351.14;;;2.88%
21/05/2025;356.89;356.89;356.89;356.89;;;1.64%
22/05/2025;365.26;365.26;365.26;365.26;;;2.35%
23/05/2025;358.51;358.51;358.51;358.51;;;-1.85%
26/05/2025;357.08;357.08;357.08;357.08;;;-0.40%
27/05/2025;355.62;355.62;355.62;355.62;;;-0.41%
28/05/2025;357.99;357.99;357.99;357.99;;;0.67%
29/05/2025;357.99;357.99;357.99;357.99;;;0.00%
30/05/2025;353.99;353.99;353.99;353.99;;;-1.12%
02/06/2025;355.05;355.05;355.05;355.05;;;0.30%
03/06/2025;366.07;366.07;366.07;366.07;;;3.10%
04/06/2025;372.74;372.74;372.74;372.74;;;1.82%
05/06/2025;377.48;377.48;377.48;377.48;;;1.27%
10/06/2025;369.74;369.74;369.74;369.74;;;-2.05%
11/06/2025;365.45;365.45;365.45;365.45;;;-1.16%
12/06/2025;362.79;362.79;362.79;362.79;;;-0.73%
13/06/2025;370.14;370.14;370.14;370.14;;;2.03%
16/06/2025;373.22;373.22;373.22;373.22;;;0.83%
17/06/2025;377.02;377.02;377.02;377.02;;;1.02%
18/06/2025;377.16;377.16;377.16;377.16;;;0.04%
19/06/2025;375.23;375.23;375.23;375.23;;;-0.51%
20/06/2025;373.8;373.8;373.8;373.8;;;-0.38%
23/06/2025;369.92;369.92;369.92;369.92;;;-1.04%
24/06/2025;371.94;371.94;371.94;371.94;;;0.55%
25/06/2025;366.28;366.28;366.28;366.28;;;-1.52%
26/06/2025;363.4;363.4;363.4;363.4;;;-0.79%
27/06/2025;370.28;370.28;370.28;370.28;;;1.89%
30/06/2025;373.88;373.88;373.88;373.88;;;0.97%
01/07/2025;370.99;370.99;370.99;370.99;;;-0.77%
02/07/2025;376.04;376.04;376.04;376.04;;;1.36%
03/07/2025;376.59;376.59;376.59;376.59;;;0.15%
04/07/2025;374.85;374.85;374.85;374.85;;;-0.46%
07/07/2025;374.6;374.6;374.6;374.6;;;-0.07%
08/07/2025;368.2;368.2;368.2;368.2;;;-1.71%
09/07/2025;369.45;369.45;369.45;369.45;;;0.34%
10/07/2025;363.76;363.76;363.76;363.76;;;-1.54%
11/07/2025;367.04;367.04;367.04;367.04;;;0.90%
14/07/2025;371.4;371.4;371.4;371.4;;;1.19%
15/07/2025;372.08;372.08;372.08;372.08;;;0.18%
16/07/2025;366.26;366.26;366.26;366.26;;;-1.56%
17/07/2025;362.37;362.37;362.37;362.37;;;-1.06%
18/07/2025;356.71;356.71;356.71;356.71;;;-1.56%
21/07/2025;363.65;363.65;363.65;363.65;;;1.95%
22/07/2025;354.23;354.23;354.23;354.23;;;-2.59%
23/07/2025;355.73;355.73;355.73;355.73;;;0.42%
24/07/2025;354.99;354.99;354.99;354.99;;;-0.21%
25/07/2025;356.13;356.13;356.13;356.13;;;0.32%
28/07/2025;357.9;357.9;357.9;357.9;;;0.50%
29/07/2025;356.84;356.84;356.84;356.84;;;-0.30%
30/07/2025;358.57;358.57;358.57;358.57;;;0.48%
31/07/2025;359.89;359.89;359.89;359.89;;;0.37%
01/08/2025;362.92;362.92;362.92;362.92;;;0.84%
04/08/2025;361.94;361.94;361.94;361.94;;;-0.27%
05/08/2025;362.67;362.67;362.67;362.67;;;0.20%
06/08/2025;364.57;364.57;364.57;364.57;;;0.52%
07/08/2025;364.57;364.57;364.57;364.57;;;0.00%
08/08/2025;367.96;367.96;367.96;367.96;;;0.93%
11/08/2025;358.18;358.18;358.18;358.18;;;-2.66%
12/08/2025;363.49;363.49;363.49;363.49;;;1.48%
13/08/2025;368.81;368.81;368.81;368.81;;;1.46%
14/08/2025;371.75;371.75;371.75;371.75;;;0.80%
15/08/2025;371.75;371.75;371.75;371.75;;;0.00%
18/08/2025;372.3;372.3;372.3;372.3;;;0.15%
19/08/2025;372.68;372.68;372.68;372.68;;;0.10%
20/08/2025;374.01;374.01;374.01;374.01;;;0.36%
21/08/2025;371.16;371.16;371.16;371.16;;;-0.76%
22/08/2025;372.07;372.07;372.07;372.07;;;0.25%
25/08/2025;365.27;365.27;365.27;365.27;;;-1.83%
26/08/2025;373.27;373.27;373.27;373.27;;;2.19%
27/08/2025;375.85;375.85;375.85;375.85;;;0.69%
28/08/2025;380.09;380.09;380.09;380.09;;;1.13%
29/08/2025;388.94;388.94;388.94;388.94;;;2.33%
01/09/2025;391.66;391.66;391.66;391.66;;;0.70%
02/09/2025;398.72;398.72;398.72;398.72;;;1.80%
03/09/2025;404.87;404.87;404.87;404.87;;;1.54%
04/09/2025;404.87;404.87;404.87;404.87;;;0.00%
05/09/2025;395.92;395.92;395.92;395.92;;;-2.21%
08/09/2025;395.89;395.89;395.89;395.89;;;-0.01%
09/09/2025;395.36;395.36;395.36;395.36;;;-0.13%
10/09/2025;393.46;393.46;393.46;393.46;;;-0.48%
11/09/2025;392.18;392.18;392.18;392.18;;;-0.33%
12/09/2025;394.63;394.63;394.63;394.63;;;0.62%
15/09/2025;400.51;400.51;400.51;400.51;;;1.49%
16/09/2025;396.11;396.11;396.11;396.11;;;-1.10%
17/09/2025;399.79;399.79;399.79;399.79;;;0.93%
18/09/2025;402.22;402.22;402.22;402.22;;;0.61%
19/09/2025;405.43;405.43;405.43;405.43;;;0.80%
22/09/2025;413.43;413.43;413.43;413.43;;;1.97%
23/09/2025;425.59;425.59;425.59;425.59;;;2.94%
24/09/2025;432.61;432.61;432.61;432.61;;;1.65%
25/09/2025;433.62;433.62;433.62;433.62;;;0.23%
26/09/2025;429.04;429.04;429.04;429.04;;;-1.06%
29/09/2025;425.63;425.63;425.63;425.63;;;-0.79%
30/09/2025;422.5;422.5;422.5;422.5;;;-0.74%
01/10/2025;429.88;429.88;429.88;429.88;;;1.75%
02/10/2025;444.94;444.94;444.94;444.94;;;3.50%
03/10/2025;460.26;460.26;460.26;460.26;;;3.44%
06/10/2025;477.82;477.82;477.82;477.82;;;3.82%
07/10/2025;478.74;478.74;478.74;478.74;;;0.19%
08/10/2025;494.07;494.07;494.07;494.07;;;3.20%
09/10/2025;494.9;494.9;494.9;494.9;;;0.17%
10/10/2025;506.39;506.39;506.39;506.39;;;2.32%
13/10/2025;522.5;522.5;522.5;522.5;;;3.18%
14/10/2025;533.53;533.53;533.53;533.53;;;2.11%
15/10/2025;525.67;525.67;525.67;525.67;;;-1.47%
16/10/2025;511.59;511.59;511.59;511.59;;;-2.68%
17/10/2025;489.13;489.13;489.13;489.13;;;-4.39%
20/10/2025;501.93;501.93;501.93;501.93;;;2.62%
21/10/2025;522.18;522.18;522.18;522.18;;;4.03%
22/10/2025;531.38;531.38;531.38;531.38;;;1.76%
23/10/2025;528.07;528.07;528.07;528.07;;;-0.62%
24/10/2025;546.03;546.03;546.03;546.03;;;3.40%
27/10/2025;564.45;564.45;564.45;564.45;;;3.37%
28/10/2025;583.95;583.95;583.95;583.95;;;3.45%
29/10/2025;608.44;608.44;608.44;608.44;;;4.19%
30/10/2025;633.8;633.8;633.8;633.8;;;4.17%
31/10/2025;606.72;606.72;606.72;606.72;;;-4.27%
03/11/2025;575.3;575.3;575.3;575.3;;;-5.18%
04/11/2025;549.79;549.79;549.79;549.79;;;-4.43%
05/11/2025;525.41;525.41;525.41;525.41;;;-4.43%
06/11/2025;507.62;507.62;507.62;507.62;;;-3.39%
07/11/2025;490.63;490.63;490.63;490.63;;;-3.35%
10/11/2025;481.57;481.57;481.57;481.57;;;-1.85%
11/11/2025;496.01;496.01;496.01;496.01;;;3.00%
12/11/2025;509.78;509.78;509.78;509.78;;;2.78%
13/11/2025;505.52;505.52;505.52;505.52;;;-0.84%
14/11/2025;495.08;495.08;495.08;495.08;;;-2.07%
17/11/2025;498.22;498.22;498.22;498.22;;;0.63%
18/11/2025;495.1;495.1;495.1;495.1;;;-0.63%
19/11/2025;497.32;497.32;497.32;497.32;;;0.45%
20/11/2025;502.18;502.18;502.18;502.18;;;0.98%
21/11/2025;501.88;501.88;501.88;501.88;;;-0.06%
24/11/2025;503.61;503.61;503.61;503.61;;;0.34%
25/11/2025;503.99;503.99;503.99;503.99;;;0.08%
26/11/2025;513.02;513.02;513.02;513.02;;;1.79%
27/11/2025;529.82;529.82;529.82;529.82;;;3.27%
28/11/2025;532.37;532.37;532.37;532.37;;;0.48%
01/12/2025;537.36;537.36;537.36;537.36;;;0.94%
02/12/2025;546.54;546.54;546.54;546.54;;;1.71%
03/12/2025;541.92;541.92;541.92;541.92;;;-0.85%
04/12/2025;540.24;540.24;540.24;540.24;;;-0.31%
05/12/2025;539.59;539.59;539.59;539.59;;;-0.12%
08/12/2025;536.49;536.49;536.49;536.49;;;-0.57%
09/12/2025;519.98;519.98;519.98;519.98;;;-3.08%
10/12/2025;510.8;510.8;510.8;510.8;;;-1.77%
11/12/2025;512.75;512.75;512.75;512.75;;;0.38%
12/12/2025;502.52;502.52;502.52;502.52;;;-2.00%
15/12/2025;503.78;503.78;503.78;503.78;;;0.25%
16/12/2025;502.61;502.61;502.61;502.61;;;-0.23%
17/12/2025;502.15;502.15;502.15;502.15;;;-0.09%
18/12/2025;502.54;502.54;502.54;502.54;;;0.08%
19/12/2025;502.65;502.65;502.65;502.65;;;0.02%
22/12/2025;496.04;496.04;496.04;496.04;;;-1.32%
23/12/2025;486.27;486.27;486.27;486.27;;;-1.97%
24/12/2025;492.94;492.94;492.94;492.94;;;1.37%
25/12/2025;492.94;492.94;492.94;492.94;;;0.00%
26/12/2025;495.75;495.75;495.75;495.75;;;0.57%
29/12/2025;498.49;498.49;498.49;498.49;;;0.55%
30/12/2025;496.73;496.73;496.73;496.73;;;-0.35%
31/12/2025;494.78;494.78;494.78;494.78;;;-0.39%
