Date;Clôture;Plus bas;Plus haut;Ouverture;Volume Titres;Volume FCFA;Variation %
28/12/2006;96.86;96.86;96.86;96.86;;;0.00%
29/12/2006;95.98;95.98;95.98;95.98;;;-0.91%
02/01/2007;96.82;96.82;96.82;96.82;;;0.88%
03/01/2007;96.83;96.83;96.83;96.83;;;0.01%
04/01/2007;97.73;97.73;97.73;97.73;;;0.93%
05/01/2007;97.79;97.79;97.79;97.79;;;0.06%
08/01/2007;98.19;98.19;98.19;98.19;;;0.41%
09/01/2007;99.83;99.83;99.83;99.83;;;1.67%
10/01/2007;98.18;98.18;98.18;98.18;;;-1.65%
11/01/2007;98.18;98.18;98.18;98.18;;;0.00%
12/01/2007;98.18;98.18;98.18;98.18;;;0.00%
15/01/2007;98.18;98.18;98.18;98.18;;;0.00%
16/01/2007;99.82;99.82;99.82;99.82;;;1.67%
17/01/2007;99.82;99.82;99.82;99.82;;;0.00%
18/01/2007;99.82;99.82;99.82;99.82;;;0.00%
19/01/2007;99.84;99.84;99.84;99.84;;;0.02%
22/01/2007;99.82;99.82;99.82;99.82;;;-0.02%
23/01/2007;99.82;99.82;99.82;99.82;;;0.00%
24/01/2007;99.82;99.82;99.82;99.82;;;0.00%
25/01/2007;99.82;99.82;99.82;99.82;;;0.00%
26/01/2007;99.82;99.82;99.82;99.82;;;0.00%
29/01/2007;101.13;101.13;101.13;101.13;;;1.31%
30/01/2007;100.69;100.69;100.69;100.69;;;-0.44%
31/01/2007;100.69;100.69;100.69;100.69;;;0.00%
01/02/2007;98.59;98.59;98.59;98.59;;;-2.09%
02/02/2007;100.9;100.9;100.9;100.9;;;2.34%
05/02/2007;102.79;102.79;102.79;102.79;;;1.87%
06/02/2007;103.09;103.09;103.09;103.09;;;0.29%
07/02/2007;107.83;107.83;107.83;107.83;;;4.60%
08/02/2007;107.84;107.84;107.84;107.84;;;0.01%
09/02/2007;107.84;107.84;107.84;107.84;;;0.00%
12/02/2007;108.14;108.14;108.14;108.14;;;0.28%
13/02/2007;107.27;107.27;107.27;107.27;;;-0.80%
14/02/2007;107.27;107.27;107.27;107.27;;;0.00%
15/02/2007;107.27;107.27;107.27;107.27;;;0.00%
16/02/2007;107.27;107.27;107.27;107.27;;;0.00%
19/02/2007;107.27;107.27;107.27;107.27;;;0.00%
20/02/2007;107.27;107.27;107.27;107.27;;;0.00%
21/02/2007;111.46;111.46;111.46;111.46;;;3.91%
22/02/2007;115.66;115.66;115.66;115.66;;;3.77%
23/02/2007;115.66;115.66;115.66;115.66;;;0.00%
26/02/2007;116.5;116.5;116.5;116.5;;;0.73%
27/02/2007;116.8;116.8;116.8;116.8;;;0.26%
28/02/2007;116.98;116.98;116.98;116.98;;;0.15%
01/03/2007;116.98;116.98;116.98;116.98;;;0.00%
02/03/2007;118.24;118.24;118.24;118.24;;;1.08%
05/03/2007;119.16;119.16;119.16;119.16;;;0.78%
06/03/2007;123.71;123.71;123.71;123.71;;;3.82%
07/03/2007;124.34;124.34;124.34;124.34;;;0.51%
08/03/2007;122.63;122.63;122.63;122.63;;;-1.38%
09/03/2007;122.68;122.68;122.68;122.68;;;0.04%
12/03/2007;121.12;121.12;121.12;121.12;;;-1.27%
13/03/2007;121.14;121.14;121.14;121.14;;;0.02%
14/03/2007;122.39;122.39;122.39;122.39;;;1.03%
15/03/2007;121.44;121.44;121.44;121.44;;;-0.78%
16/03/2007;121.51;121.51;121.51;121.51;;;0.06%
19/03/2007;122.57;122.57;122.57;122.57;;;0.87%
20/03/2007;122.57;122.57;122.57;122.57;;;0.00%
21/03/2007;124.79;124.79;124.79;124.79;;;1.81%
22/03/2007;126.17;126.17;126.17;126.17;;;1.11%
23/03/2007;126.77;126.77;126.77;126.77;;;0.48%
26/03/2007;127.48;127.48;127.48;127.48;;;0.56%
27/03/2007;130.71;130.71;130.71;130.71;;;2.53%
28/03/2007;132.84;132.84;132.84;132.84;;;1.63%
29/03/2007;133.26;133.26;133.26;133.26;;;0.32%
30/03/2007;137.2;137.2;137.2;137.2;;;2.96%
02/04/2007;140.16;140.16;140.16;140.16;;;2.16%
03/04/2007;143.16;143.16;143.16;143.16;;;2.14%
04/04/2007;143.22;143.22;143.22;143.22;;;0.04%
05/04/2007;145.52;145.52;145.52;145.52;;;1.61%
06/04/2007;146;146;146;146;;;0.33%
10/04/2007;146;146;146;146;;;0.00%
11/04/2007;146;146;146;146;;;0.00%
12/04/2007;147.26;147.26;147.26;147.26;;;0.86%
13/04/2007;150.46;150.46;150.46;150.46;;;2.17%
16/04/2007;157.68;157.68;157.68;157.68;;;4.80%
17/04/2007;158.48;158.48;158.48;158.48;;;0.51%
18/04/2007;159.33;159.33;159.33;159.33;;;0.54%
19/04/2007;160.96;160.96;160.96;160.96;;;1.02%
20/04/2007;160.96;160.96;160.96;160.96;;;0.00%
23/04/2007;160.96;160.96;160.96;160.96;;;0.00%
24/04/2007;164.44;164.44;164.44;164.44;;;2.16%
25/04/2007;166.96;166.96;166.96;166.96;;;1.53%
26/04/2007;159.59;159.59;159.59;159.59;;;-4.41%
27/04/2007;159.59;159.59;159.59;159.59;;;0.00%
30/04/2007;159.83;159.83;159.83;159.83;;;0.15%
02/05/2007;159.83;159.83;159.83;159.83;;;0.00%
03/05/2007;167.43;167.43;167.43;167.43;;;4.76%
04/05/2007;167.43;167.43;167.43;167.43;;;0.00%
07/05/2007;171.94;171.94;171.94;171.94;;;2.69%
08/05/2007;179.16;179.16;179.16;179.16;;;4.20%
09/05/2007;182.31;182.31;182.31;182.31;;;1.76%
10/05/2007;182.61;182.61;182.61;182.61;;;0.16%
11/05/2007;185.92;185.92;185.92;185.92;;;1.81%
14/05/2007;184.03;184.03;184.03;184.03;;;-1.02%
15/05/2007;186.14;186.14;186.14;186.14;;;1.15%
16/05/2007;189.78;189.78;189.78;189.78;;;1.96%
18/05/2007;192.02;192.02;192.02;192.02;;;1.18%
21/05/2007;192.02;192.02;192.02;192.02;;;0.00%
22/05/2007;192.02;192.02;192.02;192.02;;;0.00%
23/05/2007;192.91;192.91;192.91;192.91;;;0.46%
24/05/2007;189.13;189.13;189.13;189.13;;;-1.96%
25/05/2007;189.01;189.01;189.01;189.01;;;-0.06%
29/05/2007;189.03;189.03;189.03;189.03;;;0.01%
30/05/2007;189.03;189.03;189.03;189.03;;;0.00%
31/05/2007;188.32;188.32;188.32;188.32;;;-0.38%
01/06/2007;188.14;188.14;188.14;188.14;;;-0.10%
04/06/2007;188.11;188.11;188.11;188.11;;;-0.02%
05/06/2007;190.09;190.09;190.09;190.09;;;1.05%
06/06/2007;190.09;190.09;190.09;190.09;;;0.00%
07/06/2007;187.99;187.99;187.99;187.99;;;-1.10%
08/06/2007;189.25;189.25;189.25;189.25;;;0.67%
11/06/2007;189.48;189.48;189.48;189.48;;;0.12%
12/06/2007;171.94;171.94;171.94;171.94;;;-9.26%
13/06/2007;171.33;171.33;171.33;171.33;;;-0.35%
14/06/2007;165.21;165.21;165.21;165.21;;;-3.57%
15/06/2007;164.6;164.6;164.6;164.6;;;-0.37%
18/06/2007;164.66;164.66;164.66;164.66;;;0.04%
19/06/2007;166.12;166.12;166.12;166.12;;;0.89%
20/06/2007;175.13;175.13;175.13;175.13;;;5.42%
21/06/2007;175.23;175.23;175.23;175.23;;;0.06%
22/06/2007;179.42;179.42;179.42;179.42;;;2.39%
25/06/2007;186.09;186.09;186.09;186.09;;;3.72%
26/06/2007;186.09;186.09;186.09;186.09;;;0.00%
27/06/2007;189.1;189.1;189.1;189.1;;;1.62%
28/06/2007;187.86;187.86;187.86;187.86;;;-0.66%
29/06/2007;190.79;190.79;190.79;190.79;;;1.56%
02/07/2007;192.79;192.79;192.79;192.79;;;1.05%
03/07/2007;194.84;194.84;194.84;194.84;;;1.06%
04/07/2007;194.84;194.84;194.84;194.84;;;0.00%
05/07/2007;199.02;199.02;199.02;199.02;;;2.15%
06/07/2007;197.2;197.2;197.2;197.2;;;-0.91%
09/07/2007;197.2;197.2;197.2;197.2;;;0.00%
10/07/2007;199.28;199.28;199.28;199.28;;;1.05%
11/07/2007;199.56;199.56;199.56;199.56;;;0.14%
12/07/2007;199.56;199.56;199.56;199.56;;;0.00%
13/07/2007;199.53;199.53;199.53;199.53;;;-0.02%
16/07/2007;193;193;193;193;;;-3.27%
17/07/2007;192.85;192.85;192.85;192.85;;;-0.08%
18/07/2007;193.81;193.81;193.81;193.81;;;0.50%
19/07/2007;195.5;195.5;195.5;195.5;;;0.87%
20/07/2007;197.04;197.04;197.04;197.04;;;0.79%
23/07/2007;202.8;202.8;202.8;202.8;;;2.92%
24/07/2007;203.85;203.85;203.85;203.85;;;0.52%
25/07/2007;209.14;209.14;209.14;209.14;;;2.60%
26/07/2007;261.41;261.41;261.41;261.41;;;24.99%
27/07/2007;218.3;218.3;218.3;218.3;;;-16.49%
31/07/2007;217.97;217.97;217.97;217.97;;;-0.15%
01/08/2007;223.14;223.14;223.14;223.14;;;2.37%
02/08/2007;223.74;223.74;223.74;223.74;;;0.27%
03/08/2007;227.1;227.1;227.1;227.1;;;1.50%
08/08/2007;224.98;224.98;224.98;224.98;;;-0.93%
09/08/2007;229.99;229.99;229.99;229.99;;;2.23%
10/08/2007;238.46;238.46;238.46;238.46;;;3.68%
13/08/2007;240.54;240.54;240.54;240.54;;;0.87%
14/08/2007;241.75;241.75;241.75;241.75;;;0.50%
16/08/2007;245.93;245.93;245.93;245.93;;;1.73%
17/08/2007;250.67;250.67;250.67;250.67;;;1.93%
20/08/2007;254.25;254.25;254.25;254.25;;;1.43%
21/08/2007;254.25;254.25;254.25;254.25;;;0.00%
22/08/2007;252.48;252.48;252.48;252.48;;;-0.70%
23/08/2007;252.81;252.81;252.81;252.81;;;0.13%
24/08/2007;252.68;252.68;252.68;252.68;;;-0.05%
27/08/2007;250.16;250.16;250.16;250.16;;;-1.00%
28/08/2007;250.33;250.33;250.33;250.33;;;0.07%
29/08/2007;250.33;250.33;250.33;250.33;;;0.00%
30/08/2007;253.18;253.18;253.18;253.18;;;1.14%
31/08/2007;250.1;250.1;250.1;250.1;;;-1.22%
03/09/2007;254.34;254.34;254.34;254.34;;;1.70%
04/09/2007;257.37;257.37;257.37;257.37;;;1.19%
05/09/2007;256.97;256.97;256.97;256.97;;;-0.16%
06/09/2007;258.2;258.2;258.2;258.2;;;0.48%
07/09/2007;258.18;258.18;258.18;258.18;;;-0.01%
10/09/2007;257.7;257.7;257.7;257.7;;;-0.19%
11/09/2007;258.18;258.18;258.18;258.18;;;0.19%
12/09/2007;258.1;258.1;258.1;258.1;;;-0.03%
13/09/2007;258.1;258.1;258.1;258.1;;;0.00%
14/09/2007;253.91;253.91;253.91;253.91;;;-1.62%
17/09/2007;253.91;253.91;253.91;253.91;;;0.00%
18/09/2007;253.66;253.66;253.66;253.66;;;-0.10%
19/09/2007;248.85;248.85;248.85;248.85;;;-1.90%
20/09/2007;248.9;248.9;248.9;248.9;;;0.02%
21/09/2007;248.3;248.3;248.3;248.3;;;-0.24%
24/09/2007;248.3;248.3;248.3;248.3;;;0.00%
25/09/2007;248.29;248.29;248.29;248.29;;;-0.00%
26/09/2007;244.09;244.09;244.09;244.09;;;-1.69%
27/09/2007;242.31;242.31;242.31;242.31;;;-0.73%
28/09/2007;238.25;238.25;238.25;238.25;;;-1.68%
01/10/2007;238.09;238.09;238.09;238.09;;;-0.07%
02/10/2007;235.66;235.66;235.66;235.66;;;-1.02%
03/10/2007;235.66;235.66;235.66;235.66;;;0.00%
04/10/2007;231.71;231.71;231.71;231.71;;;-1.68%
05/10/2007;231.71;231.71;231.71;231.71;;;0.00%
08/10/2007;231.13;231.13;231.13;231.13;;;-0.25%
10/10/2007;230.29;230.29;230.29;230.29;;;-0.36%
11/10/2007;225.95;225.95;225.95;225.95;;;-1.88%
15/10/2007;225.99;225.99;225.99;225.99;;;0.02%
16/10/2007;222.48;222.48;222.48;222.48;;;-1.55%
17/10/2007;222.83;222.83;222.83;222.83;;;0.16%
18/10/2007;228.95;228.95;228.95;228.95;;;2.75%
19/10/2007;222.66;222.66;222.66;222.66;;;-2.75%
22/10/2007;226.88;226.88;226.88;226.88;;;1.90%
23/10/2007;227.39;227.39;227.39;227.39;;;0.22%
24/10/2007;235.01;235.01;235.01;235.01;;;3.35%
25/10/2007;233.57;233.57;233.57;233.57;;;-0.61%
26/10/2007;235.69;235.69;235.69;235.69;;;0.91%
29/10/2007;236.54;236.54;236.54;236.54;;;0.36%
30/10/2007;236.54;236.54;236.54;236.54;;;0.00%
31/10/2007;234;234;234;234;;;-1.07%
02/11/2007;232.23;232.23;232.23;232.23;;;-0.76%
05/11/2007;230.06;230.06;230.06;230.06;;;-0.93%
06/11/2007;230.58;230.58;230.58;230.58;;;0.23%
07/11/2007;236.87;236.87;236.87;236.87;;;2.73%
08/11/2007;236.66;236.66;236.66;236.66;;;-0.09%
09/11/2007;233.33;233.33;233.33;233.33;;;-1.41%
12/11/2007;233.16;233.16;233.16;233.16;;;-0.07%
13/11/2007;221.74;221.74;221.74;221.74;;;-4.90%
14/11/2007;225.93;225.93;225.93;225.93;;;1.89%
16/11/2007;226.87;226.87;226.87;226.87;;;0.42%
19/11/2007;224.6;224.6;224.6;224.6;;;-1.00%
20/11/2007;227.64;227.64;227.64;227.64;;;1.35%
21/11/2007;232.77;232.77;232.77;232.77;;;2.25%
22/11/2007;239.06;239.06;239.06;239.06;;;2.70%
23/11/2007;239.24;239.24;239.24;239.24;;;0.08%
26/11/2007;237.44;237.44;237.44;237.44;;;-0.75%
27/11/2007;228.05;228.05;228.05;228.05;;;-3.95%
28/11/2007;228.07;228.07;228.07;228.07;;;0.01%
29/11/2007;228.07;228.07;228.07;228.07;;;0.00%
30/11/2007;231.94;231.94;231.94;231.94;;;1.70%
03/12/2007;227.74;227.74;227.74;227.74;;;-1.81%
04/12/2007;227.74;227.74;227.74;227.74;;;0.00%
05/12/2007;229.84;229.84;229.84;229.84;;;0.92%
06/12/2007;229.84;229.84;229.84;229.84;;;0.00%
07/12/2007;229.84;229.84;229.84;229.84;;;0.00%
10/12/2007;229.84;229.84;229.84;229.84;;;0.00%
11/12/2007;229.84;229.84;229.84;229.84;;;0.00%
12/12/2007;227.64;227.64;227.64;227.64;;;-0.96%
13/12/2007;227.7;227.7;227.7;227.7;;;0.03%
14/12/2007;229.8;229.8;229.8;229.8;;;0.92%
17/12/2007;236.94;236.94;236.94;236.94;;;3.11%
18/12/2007;237.13;237.13;237.13;237.13;;;0.08%
20/12/2007;239.23;239.23;239.23;239.23;;;0.89%
21/12/2007;235.37;235.37;235.37;235.37;;;-1.61%
24/12/2007;235.37;235.37;235.37;235.37;;;0.00%
26/12/2007;235.36;235.36;235.36;235.36;;;-0.00%
27/12/2007;235.36;235.36;235.36;235.36;;;0.00%
28/12/2007;235.36;235.36;235.36;235.36;;;0.00%
31/12/2007;236.54;236.54;236.54;236.54;;;0.50%
02/01/2008;236.54;236.54;236.54;236.54;;;0.00%
03/01/2008;236.54;236.54;236.54;236.54;;;0.00%
04/01/2008;236.19;236.19;236.19;236.19;;;-0.15%
07/01/2008;236.18;236.18;236.18;236.18;;;-0.00%
08/01/2008;237.4;237.4;237.4;237.4;;;0.52%
09/01/2008;237.4;237.4;237.4;237.4;;;0.00%
10/01/2008;240.66;240.66;240.66;240.66;;;1.37%
11/01/2008;240.67;240.67;240.67;240.67;;;0.00%
14/01/2008;245.12;245.12;245.12;245.12;;;1.85%
15/01/2008;245.1;245.1;245.1;245.1;;;-0.01%
16/01/2008;245.07;245.07;245.07;245.07;;;-0.01%
17/01/2008;239.45;239.45;239.45;239.45;;;-2.29%
18/01/2008;251.15;251.15;251.15;251.15;;;4.89%
21/01/2008;251.15;251.15;251.15;251.15;;;0.00%
22/01/2008;245.7;245.7;245.7;245.7;;;-2.17%
23/01/2008;245.74;245.74;245.74;245.74;;;0.02%
24/01/2008;245.74;245.74;245.74;245.74;;;0.00%
25/01/2008;245.73;245.73;245.73;245.73;;;-0.00%
28/01/2008;245.7;245.7;245.7;245.7;;;-0.01%
29/01/2008;245.7;245.7;245.7;245.7;;;0.00%
30/01/2008;244.17;244.17;244.17;244.17;;;-0.62%
31/01/2008;247.14;247.14;247.14;247.14;;;1.22%
01/02/2008;247.56;247.56;247.56;247.56;;;0.17%
04/02/2008;247.57;247.57;247.57;247.57;;;0.00%
05/02/2008;251.54;251.54;251.54;251.54;;;1.60%
06/02/2008;251.66;251.66;251.66;251.66;;;0.05%
07/02/2008;256.18;256.18;256.18;256.18;;;1.80%
08/02/2008;259.93;259.93;259.93;259.93;;;1.46%
11/02/2008;258.41;258.41;258.41;258.41;;;-0.58%
12/02/2008;258.4;258.4;258.4;258.4;;;-0.00%
13/02/2008;254.22;254.22;254.22;254.22;;;-1.62%
14/02/2008;260.05;260.05;260.05;260.05;;;2.29%
15/02/2008;256.3;256.3;256.3;256.3;;;-1.44%
18/02/2008;258.41;258.41;258.41;258.41;;;0.82%
19/02/2008;253.24;253.24;253.24;253.24;;;-2.00%
20/02/2008;255.01;255.01;255.01;255.01;;;0.70%
21/02/2008;259.88;259.88;259.88;259.88;;;1.91%
22/02/2008;259.83;259.83;259.83;259.83;;;-0.02%
25/02/2008;256.89;256.89;256.89;256.89;;;-1.13%
26/02/2008;256.89;256.89;256.89;256.89;;;0.00%
27/02/2008;256.92;256.92;256.92;256.92;;;0.01%
28/02/2008;268.78;268.78;268.78;268.78;;;4.62%
29/02/2008;270.27;270.27;270.27;270.27;;;0.55%
03/03/2008;274.13;274.13;274.13;274.13;;;1.43%
04/03/2008;274.16;274.16;274.16;274.16;;;0.01%
05/03/2008;273.71;273.71;273.71;273.71;;;-0.16%
06/03/2008;273.97;273.97;273.97;273.97;;;0.09%
07/03/2008;271.34;271.34;271.34;271.34;;;-0.96%
10/03/2008;274.72;274.72;274.72;274.72;;;1.25%
11/03/2008;277.18;277.18;277.18;277.18;;;0.90%
12/03/2008;278.49;278.49;278.49;278.49;;;0.47%
13/03/2008;278.44;278.44;278.44;278.44;;;-0.02%
14/03/2008;269.8;269.8;269.8;269.8;;;-3.10%
17/03/2008;278.63;278.63;278.63;278.63;;;3.27%
18/03/2008;284.09;284.09;284.09;284.09;;;1.96%
19/03/2008;284.09;284.09;284.09;284.09;;;0.00%
21/03/2008;291.76;291.76;291.76;291.76;;;2.70%
25/03/2008;291.76;291.76;291.76;291.76;;;0.00%
26/03/2008;297.91;297.91;297.91;297.91;;;2.11%
27/03/2008;302.11;302.11;302.11;302.11;;;1.41%
28/03/2008;305.16;305.16;305.16;305.16;;;1.01%
31/03/2008;310.57;310.57;310.57;310.57;;;1.77%
01/04/2008;301.77;301.77;301.77;301.77;;;-2.83%
02/04/2008;305.7;305.7;305.7;305.7;;;1.30%
03/04/2008;305.71;305.71;305.71;305.71;;;0.00%
04/04/2008;302.63;302.63;302.63;302.63;;;-1.01%
07/04/2008;319.55;319.55;319.55;319.55;;;5.59%
08/04/2008;322.12;322.12;322.12;322.12;;;0.80%
09/04/2008;329.25;329.25;329.25;329.25;;;2.21%
10/04/2008;350.31;350.31;350.31;350.31;;;6.40%
11/04/2008;349.89;349.89;349.89;349.89;;;-0.12%
14/04/2008;356.6;356.6;356.6;356.6;;;1.92%
15/04/2008;360.77;360.77;360.77;360.77;;;1.17%
16/04/2008;361.63;361.63;361.63;361.63;;;0.24%
17/04/2008;355.64;355.64;355.64;355.64;;;-1.66%
18/04/2008;360.68;360.68;360.68;360.68;;;1.42%
21/04/2008;360.65;360.65;360.65;360.65;;;-0.01%
22/04/2008;359.84;359.84;359.84;359.84;;;-0.22%
23/04/2008;359.82;359.82;359.82;359.82;;;-0.01%
24/04/2008;367.16;367.16;367.16;367.16;;;2.04%
25/04/2008;368.4;368.4;368.4;368.4;;;0.34%
28/04/2008;368.42;368.42;368.42;368.42;;;0.01%
29/04/2008;368.42;368.42;368.42;368.42;;;0.00%
30/04/2008;364.87;364.87;364.87;364.87;;;-0.96%
02/05/2008;365.06;365.06;365.06;365.06;;;0.05%
05/05/2008;371.45;371.45;371.45;371.45;;;1.75%
06/05/2008;368.42;368.42;368.42;368.42;;;-0.82%
07/05/2008;368.42;368.42;368.42;368.42;;;0.00%
08/05/2008;362.35;362.35;362.35;362.35;;;-1.65%
09/05/2008;361.52;361.52;361.52;361.52;;;-0.23%
13/05/2008;362.34;362.34;362.34;362.34;;;0.23%
14/05/2008;362.35;362.35;362.35;362.35;;;0.00%
15/05/2008;362.35;362.35;362.35;362.35;;;0.00%
16/05/2008;362.35;362.35;362.35;362.35;;;0.00%
19/05/2008;362.35;362.35;362.35;362.35;;;0.00%
20/05/2008;362.96;362.96;362.96;362.96;;;0.17%
21/05/2008;360.36;360.36;360.36;360.36;;;-0.72%
22/05/2008;363.57;363.57;363.57;363.57;;;0.89%
23/05/2008;362.36;362.36;362.36;362.36;;;-0.33%
26/05/2008;362.36;362.36;362.36;362.36;;;0.00%
27/05/2008;364.13;364.13;364.13;364.13;;;0.49%
28/05/2008;364.13;364.13;364.13;364.13;;;0.00%
29/05/2008;363.98;363.98;363.98;363.98;;;-0.04%
30/05/2008;365.39;365.39;365.39;365.39;;;0.39%
02/06/2008;365.39;365.39;365.39;365.39;;;0.00%
03/06/2008;366;366;366;366;;;0.17%
04/06/2008;358.35;358.35;358.35;358.35;;;-2.09%
05/06/2008;362.54;362.54;362.54;362.54;;;1.17%
06/06/2008;354.76;354.76;354.76;354.76;;;-2.15%
09/06/2008;352.67;352.67;352.67;352.67;;;-0.59%
10/06/2008;346.09;346.09;346.09;346.09;;;-1.87%
11/06/2008;346.17;346.17;346.17;346.17;;;0.02%
12/06/2008;346.99;346.99;346.99;346.99;;;0.24%
13/06/2008;357.82;357.82;357.82;357.82;;;3.12%
16/06/2008;356.68;356.68;356.68;356.68;;;-0.32%
17/06/2008;357.9;357.9;357.9;357.9;;;0.34%
18/06/2008;358.78;358.78;358.78;358.78;;;0.25%
19/06/2008;358.84;358.84;358.84;358.84;;;0.02%
20/06/2008;358.06;358.06;358.06;358.06;;;-0.22%
23/06/2008;364.17;364.17;364.17;364.17;;;1.71%
24/06/2008;370.91;370.91;370.91;370.91;;;1.85%
25/06/2008;375.16;375.16;375.16;375.16;;;1.15%
26/06/2008;380.63;380.63;380.63;380.63;;;1.46%
27/06/2008;401.49;401.49;401.49;401.49;;;5.48%
30/06/2008;409.98;409.98;409.98;409.98;;;2.11%
01/07/2008;419.29;419.29;419.29;419.29;;;2.27%
02/07/2008;415.86;415.86;415.86;415.86;;;-0.82%
03/07/2008;422.06;422.06;422.06;422.06;;;1.49%
04/07/2008;428.81;428.81;428.81;428.81;;;1.60%
07/07/2008;428.81;428.81;428.81;428.81;;;0.00%
08/07/2008;421.31;421.31;421.31;421.31;;;-1.75%
09/07/2008;422.48;422.48;422.48;422.48;;;0.28%
10/07/2008;422.65;422.65;422.65;422.65;;;0.04%
11/07/2008;422.81;422.81;422.81;422.81;;;0.04%
14/07/2008;422.81;422.81;422.81;422.81;;;0.00%
15/07/2008;422.81;422.81;422.81;422.81;;;0.00%
16/07/2008;423.3;423.3;423.3;423.3;;;0.12%
17/07/2008;423.3;423.3;423.3;423.3;;;0.00%
18/07/2008;423.3;423.3;423.3;423.3;;;0.00%
21/07/2008;431.7;431.7;431.7;431.7;;;1.98%
22/07/2008;431.52;431.52;431.52;431.52;;;-0.04%
23/07/2008;431.7;431.7;431.7;431.7;;;0.04%
24/07/2008;423.32;423.32;423.32;423.32;;;-1.94%
25/07/2008;423.49;423.49;423.49;423.49;;;0.04%
28/07/2008;417.49;417.49;417.49;417.49;;;-1.42%
29/07/2008;416.71;416.71;416.71;416.71;;;-0.19%
30/07/2008;415.82;415.82;415.82;415.82;;;-0.21%
31/07/2008;413.87;413.87;413.87;413.87;;;-0.47%
01/08/2008;409.72;409.72;409.72;409.72;;;-1.00%
04/08/2008;412.32;412.32;412.32;412.32;;;0.63%
05/08/2008;412.4;412.4;412.4;412.4;;;0.02%
06/08/2008;410.52;410.52;410.52;410.52;;;-0.46%
08/08/2008;410.53;410.53;410.53;410.53;;;0.00%
11/08/2008;407.53;407.53;407.53;407.53;;;-0.73%
12/08/2008;410.6;410.6;410.6;410.6;;;0.75%
13/08/2008;410.47;410.47;410.47;410.47;;;-0.03%
14/08/2008;410.37;410.37;410.37;410.37;;;-0.02%
18/08/2008;410.19;410.19;410.19;410.19;;;-0.04%
19/08/2008;408.24;408.24;408.24;408.24;;;-0.48%
20/08/2008;407.15;407.15;407.15;407.15;;;-0.27%
21/08/2008;399.98;399.98;399.98;399.98;;;-1.76%
22/08/2008;392.58;392.58;392.58;392.58;;;-1.85%
25/08/2008;386.87;386.87;386.87;386.87;;;-1.45%
26/08/2008;386.87;386.87;386.87;386.87;;;0.00%
27/08/2008;386.87;386.87;386.87;386.87;;;0.00%
28/08/2008;386.83;386.83;386.83;386.83;;;-0.01%
29/08/2008;383.91;383.91;383.91;383.91;;;-0.75%
01/09/2008;392.53;392.53;392.53;392.53;;;2.25%
02/09/2008;386.89;386.89;386.89;386.89;;;-1.44%
03/09/2008;385.99;385.99;385.99;385.99;;;-0.23%
04/09/2008;388.14;388.14;388.14;388.14;;;0.56%
05/09/2008;393.46;393.46;393.46;393.46;;;1.37%
08/09/2008;398.74;398.74;398.74;398.74;;;1.34%
09/09/2008;398.21;398.21;398.21;398.21;;;-0.13%
10/09/2008;389.56;389.56;389.56;389.56;;;-2.17%
11/09/2008;394.34;394.34;394.34;394.34;;;1.23%
12/09/2008;396.42;396.42;396.42;396.42;;;0.53%
15/09/2008;396.44;396.44;396.44;396.44;;;0.01%
16/09/2008;397.8;397.8;397.8;397.8;;;0.34%
17/09/2008;399.57;399.57;399.57;399.57;;;0.44%
18/09/2008;399.55;399.55;399.55;399.55;;;-0.01%
19/09/2008;398.33;398.33;398.33;398.33;;;-0.31%
22/09/2008;392.43;392.43;392.43;392.43;;;-1.48%
23/09/2008;391.01;391.01;391.01;391.01;;;-0.36%
24/09/2008;386.56;386.56;386.56;386.56;;;-1.14%
25/09/2008;382.92;382.92;382.92;382.92;;;-0.94%
26/09/2008;382.9;382.9;382.9;382.9;;;-0.01%
29/09/2008;381;381;381;381;;;-0.50%
01/10/2008;374.65;374.65;374.65;374.65;;;-1.67%
02/10/2008;374.73;374.73;374.73;374.73;;;0.02%
03/10/2008;374.39;374.39;374.39;374.39;;;-0.09%
06/10/2008;368.89;368.89;368.89;368.89;;;-1.47%
07/10/2008;368.84;368.84;368.84;368.84;;;-0.01%
08/10/2008;368.82;368.82;368.82;368.82;;;-0.01%
09/10/2008;367.29;367.29;367.29;367.29;;;-0.41%
10/10/2008;365.88;365.88;365.88;365.88;;;-0.38%
13/10/2008;363.1;363.1;363.1;363.1;;;-0.76%
14/10/2008;359.82;359.82;359.82;359.82;;;-0.90%
15/10/2008;348.59;348.59;348.59;348.59;;;-3.12%
16/10/2008;336.77;336.77;336.77;336.77;;;-3.39%
17/10/2008;336.17;336.17;336.17;336.17;;;-0.18%
20/10/2008;330.31;330.31;330.31;330.31;;;-1.74%
21/10/2008;324.02;324.02;324.02;324.02;;;-1.90%
22/10/2008;317.73;317.73;317.73;317.73;;;-1.94%
23/10/2008;314.09;314.09;314.09;314.09;;;-1.15%
24/10/2008;292.74;292.74;292.74;292.74;;;-6.80%
27/10/2008;285.17;285.17;285.17;285.17;;;-2.59%
28/10/2008;282.62;282.62;282.62;282.62;;;-0.89%
29/10/2008;270.85;270.85;270.85;270.85;;;-4.16%
30/10/2008;265.76;265.76;265.76;265.76;;;-1.88%
31/10/2008;264.86;264.86;264.86;264.86;;;-0.34%
03/11/2008;258.64;258.64;258.64;258.64;;;-2.35%
04/11/2008;239.98;239.98;239.98;239.98;;;-7.21%
05/11/2008;239.16;239.16;239.16;239.16;;;-0.34%
06/11/2008;240.53;240.53;240.53;240.53;;;0.57%
07/11/2008;235.89;235.89;235.89;235.89;;;-1.93%
10/11/2008;247.68;247.68;247.68;247.68;;;5.00%
11/11/2008;250.46;250.46;250.46;250.46;;;1.12%
12/11/2008;250.04;250.04;250.04;250.04;;;-0.17%
13/11/2008;247.03;247.03;247.03;247.03;;;-1.20%
14/11/2008;251.43;251.43;251.43;251.43;;;1.78%
17/11/2008;255.42;255.42;255.42;255.42;;;1.59%
18/11/2008;264.82;264.82;264.82;264.82;;;3.68%
19/11/2008;264.61;264.61;264.61;264.61;;;-0.08%
20/11/2008;264.44;264.44;264.44;264.44;;;-0.06%
21/11/2008;266.22;266.22;266.22;266.22;;;0.67%
24/11/2008;267.99;267.99;267.99;267.99;;;0.66%
25/11/2008;267.61;267.61;267.61;267.61;;;-0.14%
26/11/2008;256.57;256.57;256.57;256.57;;;-4.13%
27/11/2008;249.31;249.31;249.31;249.31;;;-2.83%
28/11/2008;248.97;248.97;248.97;248.97;;;-0.14%
01/12/2008;248.97;248.97;248.97;248.97;;;0.00%
02/12/2008;246.98;246.98;246.98;246.98;;;-0.80%
03/12/2008;251.05;251.05;251.05;251.05;;;1.65%
04/12/2008;255.2;255.2;255.2;255.2;;;1.65%
05/12/2008;253.08;253.08;253.08;253.08;;;-0.83%
09/12/2008;244.59;244.59;244.59;244.59;;;-3.35%
10/12/2008;240.83;240.83;240.83;240.83;;;-1.54%
11/12/2008;244.25;244.25;244.25;244.25;;;1.42%
12/12/2008;233.59;233.59;233.59;233.59;;;-4.36%
15/12/2008;238.28;238.28;238.28;238.28;;;2.01%
16/12/2008;238.3;238.3;238.3;238.3;;;0.01%
17/12/2008;238.17;238.17;238.17;238.17;;;-0.05%
18/12/2008;234;234;234;234;;;-1.75%
19/12/2008;241.17;241.17;241.17;241.17;;;3.06%
22/12/2008;245.31;245.31;245.31;245.31;;;1.72%
23/12/2008;255.89;255.89;255.89;255.89;;;4.31%
24/12/2008;254.6;254.6;254.6;254.6;;;-0.50%
26/12/2008;239.42;239.42;239.42;239.42;;;-5.96%
29/12/2008;242.05;242.05;242.05;242.05;;;1.10%
30/12/2008;237.29;237.29;237.29;237.29;;;-1.97%
31/12/2008;248.14;248.14;248.14;248.14;;;4.57%
02/01/2009;240.88;240.88;240.88;240.88;;;-2.93%
05/01/2009;240.27;240.27;240.27;240.27;;;-0.25%
06/01/2009;229.24;229.24;229.24;229.24;;;-4.59%
07/01/2009;234.27;234.27;234.27;234.27;;;2.19%
08/01/2009;233.83;233.83;233.83;233.83;;;-0.19%
09/01/2009;233.83;233.83;233.83;233.83;;;0.00%
12/01/2009;233.83;233.83;233.83;233.83;;;0.00%
13/01/2009;233.83;233.83;233.83;233.83;;;0.00%
14/01/2009;233.83;233.83;233.83;233.83;;;0.00%
15/01/2009;233.74;233.74;233.74;233.74;;;-0.04%
16/01/2009;237.77;237.77;237.77;237.77;;;1.72%
19/01/2009;233.36;233.36;233.36;233.36;;;-1.85%
20/01/2009;237.35;237.35;237.35;237.35;;;1.71%
21/01/2009;237.18;237.18;237.18;237.18;;;-0.07%
22/01/2009;231.8;231.8;231.8;231.8;;;-2.27%
23/01/2009;232.79;232.79;232.79;232.79;;;0.43%
26/01/2009;232.79;232.79;232.79;232.79;;;0.00%
27/01/2009;228.64;228.64;228.64;228.64;;;-1.78%
28/01/2009;228.54;228.54;228.54;228.54;;;-0.04%
29/01/2009;228.54;228.54;228.54;228.54;;;0.00%
30/01/2009;222.18;222.18;222.18;222.18;;;-2.78%
02/02/2009;216.36;216.36;216.36;216.36;;;-2.62%
03/02/2009;212.19;212.19;212.19;212.19;;;-1.93%
04/02/2009;212.19;212.19;212.19;212.19;;;0.00%
05/02/2009;210.43;210.43;210.43;210.43;;;-0.83%
06/02/2009;208.66;208.66;208.66;208.66;;;-0.84%
09/02/2009;208.66;208.66;208.66;208.66;;;0.00%
10/02/2009;208.66;208.66;208.66;208.66;;;0.00%
11/02/2009;206.8;206.8;206.8;206.8;;;-0.89%
12/02/2009;205.91;205.91;205.91;205.91;;;-0.43%
13/02/2009;205.91;205.91;205.91;205.91;;;0.00%
16/02/2009;205.91;205.91;205.91;205.91;;;0.00%
17/02/2009;203;203;203;203;;;-1.41%
18/02/2009;197.78;197.78;197.78;197.78;;;-2.57%
19/02/2009;196.96;196.96;196.96;196.96;;;-0.41%
20/02/2009;197.68;197.68;197.68;197.68;;;0.37%
23/02/2009;197.41;197.41;197.41;197.41;;;-0.14%
24/02/2009;195.77;195.77;195.77;195.77;;;-0.83%
25/02/2009;194.63;194.63;194.63;194.63;;;-0.58%
26/02/2009;191.52;191.52;191.52;191.52;;;-1.60%
27/02/2009;193.68;193.68;193.68;193.68;;;1.13%
02/03/2009;189.21;189.21;189.21;189.21;;;-2.31%
03/03/2009;189.39;189.39;189.39;189.39;;;0.10%
04/03/2009;189.12;189.12;189.12;189.12;;;-0.14%
05/03/2009;191.78;191.78;191.78;191.78;;;1.41%
06/03/2009;184.1;184.1;184.1;184.1;;;-4.00%
10/03/2009;184.08;184.08;184.08;184.08;;;-0.01%
11/03/2009;178.79;178.79;178.79;178.79;;;-2.87%
12/03/2009;176.26;176.26;176.26;176.26;;;-1.42%
13/03/2009;174.58;174.58;174.58;174.58;;;-0.95%
16/03/2009;174.58;174.58;174.58;174.58;;;0.00%
17/03/2009;174.56;174.56;174.56;174.56;;;-0.01%
18/03/2009;172.36;172.36;172.36;172.36;;;-1.26%
19/03/2009;171.3;171.3;171.3;171.3;;;-0.61%
20/03/2009;169.66;169.66;169.66;169.66;;;-0.96%
23/03/2009;165.85;165.85;165.85;165.85;;;-2.25%
24/03/2009;165.86;165.86;165.86;165.86;;;0.01%
25/03/2009;153.87;153.87;153.87;153.87;;;-7.23%
26/03/2009;150.7;150.7;150.7;150.7;;;-2.06%
27/03/2009;150.7;150.7;150.7;150.7;;;0.00%
30/03/2009;155.99;155.99;155.99;155.99;;;3.51%
31/03/2009;151.59;151.59;151.59;151.59;;;-2.82%
01/04/2009;151.59;151.59;151.59;151.59;;;0.00%
02/04/2009;149.2;149.2;149.2;149.2;;;-1.58%
03/04/2009;148.86;148.86;148.86;148.86;;;-0.23%
06/04/2009;147.39;147.39;147.39;147.39;;;-0.99%
07/04/2009;145.29;145.29;145.29;145.29;;;-1.42%
08/04/2009;143.5;143.5;143.5;143.5;;;-1.23%
09/04/2009;134.18;134.18;134.18;134.18;;;-6.49%
10/04/2009;134.27;134.27;134.27;134.27;;;0.07%
14/04/2009;129;129;129;129;;;-3.92%
15/04/2009;128.53;128.53;128.53;128.53;;;-0.36%
16/04/2009;128.34;128.34;128.34;128.34;;;-0.15%
17/04/2009;128.13;128.13;128.13;128.13;;;-0.16%
20/04/2009;127.71;127.71;127.71;127.71;;;-0.33%
21/04/2009;118.63;118.63;118.63;118.63;;;-7.11%
22/04/2009;117.79;117.79;117.79;117.79;;;-0.71%
23/04/2009;116.22;116.22;116.22;116.22;;;-1.33%
24/04/2009;116.22;116.22;116.22;116.22;;;0.00%
27/04/2009;114.79;114.79;114.79;114.79;;;-1.23%
28/04/2009;114.79;114.79;114.79;114.79;;;0.00%
29/04/2009;116.59;116.59;116.59;116.59;;;1.57%
30/04/2009;116.58;116.58;116.58;116.58;;;-0.01%
04/05/2009;116.62;116.62;116.62;116.62;;;0.03%
05/05/2009;113.95;113.95;113.95;113.95;;;-2.29%
06/05/2009;111.18;111.18;111.18;111.18;;;-2.43%
07/05/2009;111.64;111.64;111.64;111.64;;;0.41%
08/05/2009;110.8;110.8;110.8;110.8;;;-0.75%
11/05/2009;110.99;110.99;110.99;110.99;;;0.17%
12/05/2009;110.99;110.99;110.99;110.99;;;0.00%
13/05/2009;110.97;110.97;110.97;110.97;;;-0.02%
14/05/2009;107.88;107.88;107.88;107.88;;;-2.78%
15/05/2009;107.84;107.84;107.84;107.84;;;-0.04%
18/05/2009;105.77;105.77;105.77;105.77;;;-1.92%
19/05/2009;105.77;105.77;105.77;105.77;;;0.00%
20/05/2009;105.77;105.77;105.77;105.77;;;0.00%
22/05/2009;105.77;105.77;105.77;105.77;;;0.00%
25/05/2009;103.43;103.43;103.43;103.43;;;-2.21%
26/05/2009;99.77;99.77;99.77;99.77;;;-3.54%
27/05/2009;99.77;99.77;99.77;99.77;;;0.00%
28/05/2009;99.28;99.28;99.28;99.28;;;-0.49%
29/05/2009;100.56;100.56;100.56;100.56;;;1.29%
02/06/2009;102.24;102.24;102.24;102.24;;;1.67%
03/06/2009;103.5;103.5;103.5;103.5;;;1.23%
04/06/2009;103.5;103.5;103.5;103.5;;;0.00%
05/06/2009;105.32;105.32;105.32;105.32;;;1.76%
08/06/2009;107.09;107.09;107.09;107.09;;;1.68%
09/06/2009;108.11;108.11;108.11;108.11;;;0.95%
10/06/2009;108.1;108.1;108.1;108.1;;;-0.01%
11/06/2009;106.86;106.86;106.86;106.86;;;-1.15%
12/06/2009;107.05;107.05;107.05;107.05;;;0.18%
15/06/2009;111.57;111.57;111.57;111.57;;;4.22%
16/06/2009;111.57;111.57;111.57;111.57;;;0.00%
17/06/2009;113.57;113.57;113.57;113.57;;;1.79%
18/06/2009;128.24;128.24;128.24;128.24;;;12.92%
19/06/2009;135.83;135.83;135.83;135.83;;;5.92%
22/06/2009;139.95;139.95;139.95;139.95;;;3.03%
23/06/2009;155.53;155.53;155.53;155.53;;;11.13%
24/06/2009;162.87;162.87;162.87;162.87;;;4.72%
25/06/2009;170.23;170.23;170.23;170.23;;;4.52%
26/06/2009;170.73;170.73;170.73;170.73;;;0.29%
29/06/2009;176.52;176.52;176.52;176.52;;;3.39%
30/06/2009;180.11;180.11;180.11;180.11;;;2.03%
01/07/2009;183.5;183.5;183.5;183.5;;;1.88%
02/07/2009;181.5;181.5;181.5;181.5;;;-1.09%
03/07/2009;177.72;177.72;177.72;177.72;;;-2.08%
06/07/2009;170.53;170.53;170.53;170.53;;;-4.05%
07/07/2009;166.66;166.66;166.66;166.66;;;-2.27%
08/07/2009;166.54;166.54;166.54;166.54;;;-0.07%
09/07/2009;166.54;166.54;166.54;166.54;;;0.00%
10/07/2009;164.46;164.46;164.46;164.46;;;-1.25%
13/07/2009;148.34;148.34;148.34;148.34;;;-9.80%
14/07/2009;146.21;146.21;146.21;146.21;;;-1.44%
15/07/2009;141.12;141.12;141.12;141.12;;;-3.48%
16/07/2009;139.3;139.3;139.3;139.3;;;-1.29%
17/07/2009;135.21;135.21;135.21;135.21;;;-2.94%
20/07/2009;134.68;134.68;134.68;134.68;;;-0.39%
21/07/2009;134.71;134.71;134.71;134.71;;;0.02%
22/07/2009;136.39;136.39;136.39;136.39;;;1.25%
23/07/2009;131.22;131.22;131.22;131.22;;;-3.79%
24/07/2009;131.22;131.22;131.22;131.22;;;0.00%
27/07/2009;136.04;136.04;136.04;136.04;;;3.67%
28/07/2009;136.07;136.07;136.07;136.07;;;0.02%
29/07/2009;133.98;133.98;133.98;133.98;;;-1.54%
30/07/2009;146.52;146.52;146.52;146.52;;;9.36%
31/07/2009;150.8;150.8;150.8;150.8;;;2.92%
03/08/2009;147.99;147.99;147.99;147.99;;;-1.86%
04/08/2009;148.93;148.93;148.93;148.93;;;0.64%
05/08/2009;147.99;147.99;147.99;147.99;;;-0.63%
06/08/2009;147.05;147.05;147.05;147.05;;;-0.64%
10/08/2009;150.62;150.62;150.62;150.62;;;2.43%
11/08/2009;152.32;152.32;152.32;152.32;;;1.13%
12/08/2009;148.27;148.27;148.27;148.27;;;-2.66%
13/08/2009;148.27;148.27;148.27;148.27;;;0.00%
14/08/2009;146.5;146.5;146.5;146.5;;;-1.19%
17/08/2009;150.69;150.69;150.69;150.69;;;2.86%
18/08/2009;150.66;150.66;150.66;150.66;;;-0.02%
19/08/2009;150.02;150.02;150.02;150.02;;;-0.42%
20/08/2009;145.83;145.83;145.83;145.83;;;-2.79%
21/08/2009;141.33;141.33;141.33;141.33;;;-3.09%
24/08/2009;146.43;146.43;146.43;146.43;;;3.61%
25/08/2009;146.43;146.43;146.43;146.43;;;0.00%
26/08/2009;147.3;147.3;147.3;147.3;;;0.59%
27/08/2009;151.71;151.71;151.71;151.71;;;2.99%
28/08/2009;151.71;151.71;151.71;151.71;;;0.00%
31/08/2009;148.46;148.46;148.46;148.46;;;-2.14%
01/09/2009;148.14;148.14;148.14;148.14;;;-0.22%
02/09/2009;144.8;144.8;144.8;144.8;;;-2.25%
03/09/2009;144.8;144.8;144.8;144.8;;;0.00%
04/09/2009;144.28;144.28;144.28;144.28;;;-0.36%
07/09/2009;144.26;144.26;144.26;144.26;;;-0.01%
08/09/2009;141.3;141.3;141.3;141.3;;;-2.05%
09/09/2009;139.2;139.2;139.2;139.2;;;-1.49%
10/09/2009;139.17;139.17;139.17;139.17;;;-0.02%
11/09/2009;135.34;135.34;135.34;135.34;;;-2.75%
14/09/2009;133.52;133.52;133.52;133.52;;;-1.34%
15/09/2009;133.52;133.52;133.52;133.52;;;0.00%
16/09/2009;132.06;132.06;132.06;132.06;;;-1.09%
18/09/2009;128.12;128.12;128.12;128.12;;;-2.98%
21/09/2009;126.88;126.88;126.88;126.88;;;-0.97%
22/09/2009;123.58;123.58;123.58;123.58;;;-2.60%
23/09/2009;123.58;123.58;123.58;123.58;;;0.00%
24/09/2009;122.16;122.16;122.16;122.16;;;-1.15%
25/09/2009;124.92;124.92;124.92;124.92;;;2.26%
28/09/2009;124.92;124.92;124.92;124.92;;;0.00%
29/09/2009;133.36;133.36;133.36;133.36;;;6.76%
30/09/2009;138.24;138.24;138.24;138.24;;;3.66%
01/10/2009;138.26;138.26;138.26;138.26;;;0.01%
02/10/2009;138.26;138.26;138.26;138.26;;;0.00%
05/10/2009;137.05;137.05;137.05;137.05;;;-0.88%
06/10/2009;138.65;138.65;138.65;138.65;;;1.17%
07/10/2009;138.48;138.48;138.48;138.48;;;-0.12%
08/10/2009;136.08;136.08;136.08;136.08;;;-1.73%
09/10/2009;133.96;133.96;133.96;133.96;;;-1.56%
12/10/2009;133.79;133.79;133.79;133.79;;;-0.13%
13/10/2009;131.69;131.69;131.69;131.69;;;-1.57%
14/10/2009;131.69;131.69;131.69;131.69;;;0.00%
15/10/2009;131.48;131.48;131.48;131.48;;;-0.16%
16/10/2009;131.15;131.15;131.15;131.15;;;-0.25%
19/10/2009;128.26;128.26;128.26;128.26;;;-2.20%
20/10/2009;129.94;129.94;129.94;129.94;;;1.31%
21/10/2009;129.94;129.94;129.94;129.94;;;0.00%
22/10/2009;130.15;130.15;130.15;130.15;;;0.16%
23/10/2009;130.15;130.15;130.15;130.15;;;0.00%
26/10/2009;128.36;128.36;128.36;128.36;;;-1.38%
27/10/2009;128.4;128.4;128.4;128.4;;;0.03%
28/10/2009;128.37;128.37;128.37;128.37;;;-0.02%
29/10/2009;128.37;128.37;128.37;128.37;;;0.00%
30/10/2009;128.37;128.37;128.37;128.37;;;0.00%
02/11/2009;128.37;128.37;128.37;128.37;;;0.00%
03/11/2009;124.44;124.44;124.44;124.44;;;-3.06%
04/11/2009;121.71;121.71;121.71;121.71;;;-2.19%
05/11/2009;121.73;121.73;121.73;121.73;;;0.02%
06/11/2009;120.37;120.37;120.37;120.37;;;-1.12%
09/11/2009;117.44;117.44;117.44;117.44;;;-2.43%
10/11/2009;115.48;115.48;115.48;115.48;;;-1.67%
11/11/2009;115.48;115.48;115.48;115.48;;;0.00%
12/11/2009;121.45;121.45;121.45;121.45;;;5.17%
13/11/2009;126.46;126.46;126.46;126.46;;;4.13%
16/11/2009;126.46;126.46;126.46;126.46;;;0.00%
17/11/2009;130.49;130.49;130.49;130.49;;;3.19%
18/11/2009;135.17;135.17;135.17;135.17;;;3.59%
19/11/2009;135.89;135.89;135.89;135.89;;;0.53%
20/11/2009;137.28;137.28;137.28;137.28;;;1.02%
23/11/2009;137.31;137.31;137.31;137.31;;;0.02%
24/11/2009;141.51;141.51;141.51;141.51;;;3.06%
25/11/2009;141.51;141.51;141.51;141.51;;;0.00%
26/11/2009;142.09;142.09;142.09;142.09;;;0.41%
30/11/2009;142.09;142.09;142.09;142.09;;;0.00%
01/12/2009;137.68;137.68;137.68;137.68;;;-3.10%
02/12/2009;137.68;137.68;137.68;137.68;;;0.00%
03/12/2009;137.68;137.68;137.68;137.68;;;0.00%
04/12/2009;137.68;137.68;137.68;137.68;;;0.00%
07/12/2009;137.47;137.47;137.47;137.47;;;-0.15%
08/12/2009;139.24;139.24;139.24;139.24;;;1.29%
09/12/2009;135.03;135.03;135.03;135.03;;;-3.02%
10/12/2009;133.34;133.34;133.34;133.34;;;-1.25%
11/12/2009;133.34;133.34;133.34;133.34;;;0.00%
14/12/2009;133.31;133.31;133.31;133.31;;;-0.02%
15/12/2009;124.91;124.91;124.91;124.91;;;-6.30%
16/12/2009;124.37;124.37;124.37;124.37;;;-0.43%
17/12/2009;122.56;122.56;122.56;122.56;;;-1.46%
18/12/2009;132.11;132.11;132.11;132.11;;;7.79%
21/12/2009;136.16;136.16;136.16;136.16;;;3.07%
22/12/2009;135.53;135.53;135.53;135.53;;;-0.46%
23/12/2009;133.91;133.91;133.91;133.91;;;-1.20%
24/12/2009;133.21;133.21;133.21;133.21;;;-0.52%
28/12/2009;133.21;133.21;133.21;133.21;;;0.00%
29/12/2009;131.34;131.34;131.34;131.34;;;-1.40%
30/12/2009;127.42;127.42;127.42;127.42;;;-2.98%
31/12/2009;125.2;125.2;125.2;125.2;;;-1.74%
04/01/2010;122.22;122.22;122.22;122.22;;;-2.38%
05/01/2010;122.22;122.22;122.22;122.22;;;0.00%
06/01/2010;128.79;128.79;128.79;128.79;;;5.38%
07/01/2010;128.19;128.19;128.19;128.19;;;-0.47%
08/01/2010;135.74;135.74;135.74;135.74;;;5.89%
11/01/2010;135.44;135.44;135.44;135.44;;;-0.22%
12/01/2010;139.63;139.63;139.63;139.63;;;3.09%
13/01/2010;135.42;135.42;135.42;135.42;;;-3.02%
14/01/2010;135.42;135.42;135.42;135.42;;;0.00%
15/01/2010;130.82;130.82;130.82;130.82;;;-3.40%
18/01/2010;128.41;128.41;128.41;128.41;;;-1.84%
19/01/2010;128.41;128.41;128.41;128.41;;;0.00%
20/01/2010;129.39;129.39;129.39;129.39;;;0.76%
21/01/2010;129.02;129.02;129.02;129.02;;;-0.29%
22/01/2010;129.01;129.01;129.01;129.01;;;-0.01%
25/01/2010;125.41;125.41;125.41;125.41;;;-2.79%
26/01/2010;124.78;124.78;124.78;124.78;;;-0.50%
27/01/2010;119.08;119.08;119.08;119.08;;;-4.57%
28/01/2010;116.98;116.98;116.98;116.98;;;-1.76%
29/01/2010;116.98;116.98;116.98;116.98;;;0.00%
01/02/2010;114.87;114.87;114.87;114.87;;;-1.80%
02/02/2010;116.14;116.14;116.14;116.14;;;1.11%
03/02/2010;118.06;118.06;118.06;118.06;;;1.65%
04/02/2010;116.55;116.55;116.55;116.55;;;-1.28%
05/02/2010;114.91;114.91;114.91;114.91;;;-1.41%
08/02/2010;116.82;116.82;116.82;116.82;;;1.66%
09/02/2010;116.82;116.82;116.82;116.82;;;0.00%
10/02/2010;118.11;118.11;118.11;118.11;;;1.10%
11/02/2010;118.9;118.9;118.9;118.9;;;0.67%
12/02/2010;116.81;116.81;116.81;116.81;;;-1.76%
15/02/2010;118.46;118.46;118.46;118.46;;;1.41%
16/02/2010;119.71;119.71;119.71;119.71;;;1.06%
17/02/2010;119.95;119.95;119.95;119.95;;;0.20%
18/02/2010;117.03;117.03;117.03;117.03;;;-2.43%
19/02/2010;117.07;117.07;117.07;117.07;;;0.03%
22/02/2010;119.79;119.79;119.79;119.79;;;2.32%
23/02/2010;119.31;119.31;119.31;119.31;;;-0.40%
24/02/2010;119.31;119.31;119.31;119.31;;;0.00%
25/02/2010;118.94;118.94;118.94;118.94;;;-0.31%
01/03/2010;118.96;118.96;118.96;118.96;;;0.02%
02/03/2010;119.05;119.05;119.05;119.05;;;0.08%
03/03/2010;122.81;122.81;122.81;122.81;;;3.16%
04/03/2010;122.85;122.85;122.85;122.85;;;0.03%
05/03/2010;122.82;122.82;122.82;122.82;;;-0.02%
08/03/2010;124.22;124.22;124.22;124.22;;;1.14%
09/03/2010;121.83;121.83;121.83;121.83;;;-1.92%
10/03/2010;121.83;121.83;121.83;121.83;;;0.00%
11/03/2010;126.56;126.56;126.56;126.56;;;3.88%
12/03/2010;127.33;127.33;127.33;127.33;;;0.61%
15/03/2010;129.05;129.05;129.05;129.05;;;1.35%
16/03/2010;127.28;127.28;127.28;127.28;;;-1.37%
17/03/2010;131.28;131.28;131.28;131.28;;;3.14%
18/03/2010;131.28;131.28;131.28;131.28;;;0.00%
19/03/2010;131.41;131.41;131.41;131.41;;;0.10%
22/03/2010;132.17;132.17;132.17;132.17;;;0.58%
23/03/2010;134.27;134.27;134.27;134.27;;;1.59%
24/03/2010;134.27;134.27;134.27;134.27;;;0.00%
25/03/2010;134.24;134.24;134.24;134.24;;;-0.02%
26/03/2010;131.34;131.34;131.34;131.34;;;-2.16%
29/03/2010;129.28;129.28;129.28;129.28;;;-1.57%
30/03/2010;129.28;129.28;129.28;129.28;;;0.00%
31/03/2010;129.28;129.28;129.28;129.28;;;0.00%
01/04/2010;131.38;131.38;131.38;131.38;;;1.62%
02/04/2010;134.95;134.95;134.95;134.95;;;2.72%
06/04/2010;133.71;133.71;133.71;133.71;;;-0.92%
07/04/2010;133.71;133.71;133.71;133.71;;;0.00%
08/04/2010;130.91;130.91;130.91;130.91;;;-2.09%
09/04/2010;135.47;135.47;135.47;135.47;;;3.48%
12/04/2010;135.24;135.24;135.24;135.24;;;-0.17%
13/04/2010;135.24;135.24;135.24;135.24;;;0.00%
14/04/2010;133.33;133.33;133.33;133.33;;;-1.41%
15/04/2010;137.43;137.43;137.43;137.43;;;3.08%
16/04/2010;134.8;134.8;134.8;134.8;;;-1.91%
19/04/2010;137.36;137.36;137.36;137.36;;;1.90%
20/04/2010;137.48;137.48;137.48;137.48;;;0.09%
21/04/2010;137.48;137.48;137.48;137.48;;;0.00%
22/04/2010;137.57;137.57;137.57;137.57;;;0.07%
23/04/2010;136.92;136.92;136.92;136.92;;;-0.47%
26/04/2010;135.75;135.75;135.75;135.75;;;-0.85%
27/04/2010;137.01;137.01;137.01;137.01;;;0.93%
28/04/2010;138.68;138.68;138.68;138.68;;;1.22%
29/04/2010;139.05;139.05;139.05;139.05;;;0.27%
30/04/2010;140.09;140.09;140.09;140.09;;;0.75%
03/05/2010;141.1;141.1;141.1;141.1;;;0.72%
04/05/2010;141.06;141.06;141.06;141.06;;;-0.03%
05/05/2010;139.43;139.43;139.43;139.43;;;-1.16%
06/05/2010;139.86;139.86;139.86;139.86;;;0.31%
07/05/2010;139.83;139.83;139.83;139.83;;;-0.02%
10/05/2010;139.52;139.52;139.52;139.52;;;-0.22%
11/05/2010;139.58;139.58;139.58;139.58;;;0.04%
12/05/2010;139.5;139.5;139.5;139.5;;;-0.06%
14/05/2010;136.17;136.17;136.17;136.17;;;-2.39%
17/05/2010;133.29;133.29;133.29;133.29;;;-2.12%
18/05/2010;133.61;133.61;133.61;133.61;;;0.24%
19/05/2010;133.65;133.65;133.65;133.65;;;0.03%
20/05/2010;134.81;134.81;134.81;134.81;;;0.87%
21/05/2010;139.69;139.69;139.69;139.69;;;3.62%
25/05/2010;138.64;138.64;138.64;138.64;;;-0.75%
26/05/2010;134.6;134.6;134.6;134.6;;;-2.91%
27/05/2010;134.62;134.62;134.62;134.62;;;0.01%
28/05/2010;135.86;135.86;135.86;135.86;;;0.92%
31/05/2010;135.86;135.86;135.86;135.86;;;0.00%
01/06/2010;140.26;140.26;140.26;140.26;;;3.24%
02/06/2010;141.93;141.93;141.93;141.93;;;1.19%
03/06/2010;144.04;144.04;144.04;144.04;;;1.49%
04/06/2010;139.06;139.06;139.06;139.06;;;-3.46%
07/06/2010;137.13;137.13;137.13;137.13;;;-1.39%
08/06/2010;139.77;139.77;139.77;139.77;;;1.93%
09/06/2010;145.89;145.89;145.89;145.89;;;4.38%
10/06/2010;145.26;145.26;145.26;145.26;;;-0.43%
11/06/2010;146.19;146.19;146.19;146.19;;;0.64%
14/06/2010;147.86;147.86;147.86;147.86;;;1.14%
15/06/2010;155.37;155.37;155.37;155.37;;;5.08%
16/06/2010;157.22;157.22;157.22;157.22;;;1.19%
17/06/2010;157.22;157.22;157.22;157.22;;;0.00%
18/06/2010;159.71;159.71;159.71;159.71;;;1.58%
21/06/2010;152.46;152.46;152.46;152.46;;;-4.54%
22/06/2010;154.18;154.18;154.18;154.18;;;1.13%
23/06/2010;156.26;156.26;156.26;156.26;;;1.35%
24/06/2010;159.46;159.46;159.46;159.46;;;2.05%
25/06/2010;157.14;157.14;157.14;157.14;;;-1.45%
28/06/2010;159.31;159.31;159.31;159.31;;;1.38%
29/06/2010;159.89;159.89;159.89;159.89;;;0.36%
30/06/2010;159.04;159.04;159.04;159.04;;;-0.53%
01/07/2010;159.65;159.65;159.65;159.65;;;0.38%
02/07/2010;160.22;160.22;160.22;160.22;;;0.36%
05/07/2010;162.49;162.49;162.49;162.49;;;1.42%
06/07/2010;165.54;165.54;165.54;165.54;;;1.88%
07/07/2010;166.4;166.4;166.4;166.4;;;0.52%
08/07/2010;164.39;164.39;164.39;164.39;;;-1.21%
09/07/2010;166.43;166.43;166.43;166.43;;;1.24%
12/07/2010;168.53;168.53;168.53;168.53;;;1.26%
13/07/2010;171.62;171.62;171.62;171.62;;;1.83%
14/07/2010;173.69;173.69;173.69;173.69;;;1.21%
15/07/2010;173.84;173.84;173.84;173.84;;;0.09%
16/07/2010;175.54;175.54;175.54;175.54;;;0.98%
19/07/2010;176.83;176.83;176.83;176.83;;;0.73%
20/07/2010;183.65;183.65;183.65;183.65;;;3.86%
21/07/2010;185.89;185.89;185.89;185.89;;;1.22%
22/07/2010;188.57;188.57;188.57;188.57;;;1.44%
23/07/2010;189.26;189.26;189.26;189.26;;;0.37%
26/07/2010;193.44;193.44;193.44;193.44;;;2.21%
27/07/2010;200.02;200.02;200.02;200.02;;;3.40%
28/07/2010;202.13;202.13;202.13;202.13;;;1.05%
29/07/2010;202.12;202.12;202.12;202.12;;;-0.00%
30/07/2010;211.92;211.92;211.92;211.92;;;4.85%
02/08/2010;215.64;215.64;215.64;215.64;;;1.76%
03/08/2010;216.48;216.48;216.48;216.48;;;0.39%
04/08/2010;224.08;224.08;224.08;224.08;;;3.51%
05/08/2010;226.2;226.2;226.2;226.2;;;0.95%
06/08/2010;236.17;236.17;236.17;236.17;;;4.41%
09/08/2010;244.89;244.89;244.89;244.89;;;3.69%
10/08/2010;246.49;246.49;246.49;246.49;;;0.65%
11/08/2010;243.31;243.31;243.31;243.31;;;-1.29%
12/08/2010;243.49;243.49;243.49;243.49;;;0.07%
13/08/2010;242.6;242.6;242.6;242.6;;;-0.37%
16/08/2010;239.77;239.77;239.77;239.77;;;-1.17%
17/08/2010;234.7;234.7;234.7;234.7;;;-2.11%
18/08/2010;221.02;221.02;221.02;221.02;;;-5.83%
19/08/2010;217.48;217.48;217.48;217.48;;;-1.60%
20/08/2010;197.71;197.71;197.71;197.71;;;-9.09%
23/08/2010;189.79;189.79;189.79;189.79;;;-4.01%
24/08/2010;193.14;193.14;193.14;193.14;;;1.77%
25/08/2010;200.02;200.02;200.02;200.02;;;3.56%
26/08/2010;210.25;210.25;210.25;210.25;;;5.11%
27/08/2010;218.18;218.18;218.18;218.18;;;3.77%
30/08/2010;233.65;233.65;233.65;233.65;;;7.09%
31/08/2010;237.62;237.62;237.62;237.62;;;1.70%
01/09/2010;245.82;245.82;245.82;245.82;;;3.45%
02/09/2010;252.93;252.93;252.93;252.93;;;2.89%
03/09/2010;256.07;256.07;256.07;256.07;;;1.24%
07/09/2010;254.85;254.85;254.85;254.85;;;-0.48%
08/09/2010;235.47;235.47;235.47;235.47;;;-7.60%
09/09/2010;235.49;235.49;235.49;235.49;;;0.01%
13/09/2010;235.04;235.04;235.04;235.04;;;-0.19%
14/09/2010;241.34;241.34;241.34;241.34;;;2.68%
15/09/2010;231.16;231.16;231.16;231.16;;;-4.22%
16/09/2010;231.14;231.14;231.14;231.14;;;-0.01%
17/09/2010;232.23;232.23;232.23;232.23;;;0.47%
20/09/2010;233.25;233.25;233.25;233.25;;;0.44%
21/09/2010;232.69;232.69;232.69;232.69;;;-0.24%
22/09/2010;235.74;235.74;235.74;235.74;;;1.31%
23/09/2010;235.74;235.74;235.74;235.74;;;0.00%
24/09/2010;234.87;234.87;234.87;234.87;;;-0.37%
27/09/2010;237.62;237.62;237.62;237.62;;;1.17%
28/09/2010;234.14;234.14;234.14;234.14;;;-1.46%
29/09/2010;234.15;234.15;234.15;234.15;;;0.00%
30/09/2010;234.15;234.15;234.15;234.15;;;0.00%
01/10/2010;238.92;238.92;238.92;238.92;;;2.04%
04/10/2010;238.16;238.16;238.16;238.16;;;-0.32%
05/10/2010;242.35;242.35;242.35;242.35;;;1.76%
06/10/2010;245.47;245.47;245.47;245.47;;;1.29%
07/10/2010;250.51;250.51;250.51;250.51;;;2.05%
08/10/2010;246.3;246.3;246.3;246.3;;;-1.68%
11/10/2010;241.21;241.21;241.21;241.21;;;-2.07%
12/10/2010;245.62;245.62;245.62;245.62;;;1.83%
13/10/2010;246.3;246.3;246.3;246.3;;;0.28%
14/10/2010;249.55;249.55;249.55;249.55;;;1.32%
15/10/2010;253.42;253.42;253.42;253.42;;;1.55%
18/10/2010;250.05;250.05;250.05;250.05;;;-1.33%
19/10/2010;247.83;247.83;247.83;247.83;;;-0.89%
20/10/2010;247.93;247.93;247.93;247.93;;;0.04%
21/10/2010;246.6;246.6;246.6;246.6;;;-0.54%
22/10/2010;244.71;244.71;244.71;244.71;;;-0.77%
25/10/2010;242.8;242.8;242.8;242.8;;;-0.78%
26/10/2010;245.96;245.96;245.96;245.96;;;1.30%
27/10/2010;250.19;250.19;250.19;250.19;;;1.72%
28/10/2010;255.18;255.18;255.18;255.18;;;1.99%
29/10/2010;273.06;273.06;273.06;273.06;;;7.01%
02/11/2010;278.4;278.4;278.4;278.4;;;1.96%
03/11/2010;281.75;281.75;281.75;281.75;;;1.20%
04/11/2010;287.93;287.93;287.93;287.93;;;2.19%
05/11/2010;295.85;295.85;295.85;295.85;;;2.75%
08/11/2010;295.88;295.88;295.88;295.88;;;0.01%
09/11/2010;295.83;295.83;295.83;295.83;;;-0.02%
10/11/2010;285.89;285.89;285.89;285.89;;;-3.36%
11/11/2010;286.92;286.92;286.92;286.92;;;0.36%
12/11/2010;270.84;270.84;270.84;270.84;;;-5.60%
17/11/2010;268.26;268.26;268.26;268.26;;;-0.95%
18/11/2010;279.64;279.64;279.64;279.64;;;4.24%
19/11/2010;273.28;273.28;273.28;273.28;;;-2.27%
22/11/2010;279.96;279.96;279.96;279.96;;;2.44%
23/11/2010;269.45;269.45;269.45;269.45;;;-3.75%
24/11/2010;269.16;269.16;269.16;269.16;;;-0.11%
25/11/2010;268.72;268.72;268.72;268.72;;;-0.16%
26/11/2010;272.87;272.87;272.87;272.87;;;1.54%
29/11/2010;276.02;276.02;276.02;276.02;;;1.15%
30/11/2010;270.97;270.97;270.97;270.97;;;-1.83%
01/12/2010;266.34;266.34;266.34;266.34;;;-1.71%
02/12/2010;266.34;266.34;266.34;266.34;;;0.00%
03/12/2010;260.9;260.9;260.9;260.9;;;-2.04%
06/12/2010;266.76;266.76;266.76;266.76;;;2.25%
07/12/2010;262.56;262.56;262.56;262.56;;;-1.57%
08/12/2010;259.2;259.2;259.2;259.2;;;-1.28%
09/12/2010;259.2;259.2;259.2;259.2;;;0.00%
10/12/2010;261.98;261.98;261.98;261.98;;;1.07%
13/12/2010;255.08;255.08;255.08;255.08;;;-2.63%
14/12/2010;258.8;258.8;258.8;258.8;;;1.46%
15/12/2010;256.72;256.72;256.72;256.72;;;-0.80%
16/12/2010;262.38;262.38;262.38;262.38;;;2.20%
17/12/2010;258.83;258.83;258.83;258.83;;;-1.35%
20/12/2010;262.38;262.38;262.38;262.38;;;1.37%
21/12/2010;262.38;262.38;262.38;262.38;;;0.00%
22/12/2010;277.15;277.15;277.15;277.15;;;5.63%
23/12/2010;277.15;277.15;277.15;277.15;;;0.00%
24/12/2010;268.76;268.76;268.76;268.76;;;-3.03%
27/12/2010;272.95;272.95;272.95;272.95;;;1.56%
28/12/2010;266.76;266.76;266.76;266.76;;;-2.27%
29/12/2010;260.39;260.39;260.39;260.39;;;-2.39%
30/12/2010;250.36;250.36;250.36;250.36;;;-3.85%
31/12/2010;254.46;254.46;254.46;254.46;;;1.64%
03/01/2011;254.46;254.46;254.46;254.46;;;0.00%
04/01/2011;255.23;255.23;255.23;255.23;;;0.30%
05/01/2011;259.01;259.01;259.01;259.01;;;1.48%
06/01/2011;261.66;261.66;261.66;261.66;;;1.02%
07/01/2011;264.82;264.82;264.82;264.82;;;1.21%
10/01/2011;258.46;258.46;258.46;258.46;;;-2.40%
11/01/2011;258.44;258.44;258.44;258.44;;;-0.01%
12/01/2011;259.28;259.28;259.28;259.28;;;0.33%
13/01/2011;262.8;262.8;262.8;262.8;;;1.36%
14/01/2011;266.6;266.6;266.6;266.6;;;1.45%
17/01/2011;275.55;275.55;275.55;275.55;;;3.36%
18/01/2011;276.54;276.54;276.54;276.54;;;0.36%
19/01/2011;278.33;278.33;278.33;278.33;;;0.65%
20/01/2011;278.64;278.64;278.64;278.64;;;0.11%
21/01/2011;279.27;279.27;279.27;279.27;;;0.23%
24/01/2011;283.43;283.43;283.43;283.43;;;1.49%
25/01/2011;279.22;279.22;279.22;279.22;;;-1.49%
26/01/2011;281.02;281.02;281.02;281.02;;;0.64%
27/01/2011;282.07;282.07;282.07;282.07;;;0.37%
28/01/2011;277.14;277.14;277.14;277.14;;;-1.75%
31/01/2011;276.88;276.88;276.88;276.88;;;-0.09%
01/02/2011;276.78;276.78;276.78;276.78;;;-0.04%
02/02/2011;270;270;270;270;;;-2.45%
03/02/2011;269.61;269.61;269.61;269.61;;;-0.14%
04/02/2011;261.52;261.52;261.52;261.52;;;-3.00%
07/02/2011;258.82;258.82;258.82;258.82;;;-1.03%
08/02/2011;256.3;256.3;256.3;256.3;;;-0.97%
10/02/2011;254.1;254.1;254.1;254.1;;;-0.86%
11/02/2011;238.39;238.39;238.39;238.39;;;-6.18%
01/03/2011;233.52;233.52;233.52;233.52;;;-2.04%
02/03/2011;233.52;233.52;233.52;233.52;;;0.00%
03/03/2011;233.52;233.52;233.52;233.52;;;0.00%
04/03/2011;233.52;233.52;233.52;233.52;;;0.00%
07/03/2011;233.52;233.52;233.52;233.52;;;0.00%
08/03/2011;233.52;233.52;233.52;233.52;;;0.00%
09/03/2011;233.52;233.52;233.52;233.52;;;0.00%
10/03/2011;233.52;233.52;233.52;233.52;;;0.00%
11/03/2011;233.52;233.52;233.52;233.52;;;0.00%
14/03/2011;233.52;233.52;233.52;233.52;;;0.00%
15/03/2011;233.52;233.52;233.52;233.52;;;0.00%
16/03/2011;233.52;233.52;233.52;233.52;;;0.00%
17/03/2011;233.52;233.52;233.52;233.52;;;0.00%
18/03/2011;233.52;233.52;233.52;233.52;;;0.00%
21/03/2011;233.52;233.52;233.52;233.52;;;0.00%
22/03/2011;233.52;233.52;233.52;233.52;;;0.00%
23/03/2011;233.52;233.52;233.52;233.52;;;0.00%
24/03/2011;233.52;233.52;233.52;233.52;;;0.00%
25/03/2011;233.52;233.52;233.52;233.52;;;0.00%
28/03/2011;233.52;233.52;233.52;233.52;;;0.00%
29/03/2011;233.52;233.52;233.52;233.52;;;0.00%
30/03/2011;233.52;233.52;233.52;233.52;;;0.00%
31/03/2011;233.52;233.52;233.52;233.52;;;0.00%
01/04/2011;233.52;233.52;233.52;233.52;;;0.00%
04/04/2011;233.52;233.52;233.52;233.52;;;0.00%
05/04/2011;233.52;233.52;233.52;233.52;;;0.00%
06/04/2011;233.52;233.52;233.52;233.52;;;0.00%
07/04/2011;233.52;233.52;233.52;233.52;;;0.00%
08/04/2011;233.52;233.52;233.52;233.52;;;0.00%
11/04/2011;233.52;233.52;233.52;233.52;;;0.00%
12/04/2011;233.52;233.52;233.52;233.52;;;0.00%
13/04/2011;233.52;233.52;233.52;233.52;;;0.00%
14/04/2011;233.52;233.52;233.52;233.52;;;0.00%
15/04/2011;233.52;233.52;233.52;233.52;;;0.00%
18/04/2011;233.52;233.52;233.52;233.52;;;0.00%
19/04/2011;233.52;233.52;233.52;233.52;;;0.00%
20/04/2011;233.52;233.52;233.52;233.52;;;0.00%
21/04/2011;233.52;233.52;233.52;233.52;;;0.00%
22/04/2011;233.52;233.52;233.52;233.52;;;0.00%
26/04/2011;233.52;233.52;233.52;233.52;;;0.00%
27/04/2011;233.52;233.52;233.52;233.52;;;0.00%
28/04/2011;233.52;233.52;233.52;233.52;;;0.00%
29/04/2011;233.52;233.52;233.52;233.52;;;0.00%
03/05/2011;238.19;238.19;238.19;238.19;;;2.00%
04/05/2011;238.19;238.19;238.19;238.19;;;0.00%
05/05/2011;238.19;238.19;238.19;238.19;;;0.00%
06/05/2011;235.08;235.08;235.08;235.08;;;-1.31%
09/05/2011;235.09;235.09;235.09;235.09;;;0.00%
10/05/2011;235.06;235.06;235.06;235.06;;;-0.01%
11/05/2011;227.85;227.85;227.85;227.85;;;-3.07%
12/05/2011;220.43;220.43;220.43;220.43;;;-3.26%
13/05/2011;210.46;210.46;210.46;210.46;;;-4.52%
16/05/2011;210.73;210.73;210.73;210.73;;;0.13%
17/05/2011;214.66;214.66;214.66;214.66;;;1.86%
18/05/2011;214.66;214.66;214.66;214.66;;;0.00%
19/05/2011;220.64;220.64;220.64;220.64;;;2.79%
20/05/2011;217.16;217.16;217.16;217.16;;;-1.58%
23/05/2011;217.16;217.16;217.16;217.16;;;0.00%
24/05/2011;240.06;240.06;240.06;240.06;;;10.55%
25/05/2011;240.06;240.06;240.06;240.06;;;0.00%
26/05/2011;239.47;239.47;239.47;239.47;;;-0.25%
27/05/2011;267.96;267.96;267.96;267.96;;;11.90%
30/05/2011;278.92;278.92;278.92;278.92;;;4.09%
31/05/2011;277.64;277.64;277.64;277.64;;;-0.46%
01/06/2011;306.98;306.98;306.98;306.98;;;10.57%
03/06/2011;314.38;314.38;314.38;314.38;;;2.41%
06/06/2011;313.14;313.14;313.14;313.14;;;-0.39%
07/06/2011;313.2;313.2;313.2;313.2;;;0.02%
08/06/2011;313.15;313.15;313.15;313.15;;;-0.02%
09/06/2011;310.32;310.32;310.32;310.32;;;-0.90%
10/06/2011;319.68;319.68;319.68;319.68;;;3.02%
14/06/2011;322.31;322.31;322.31;322.31;;;0.82%
15/06/2011;322;322;322;322;;;-0.10%
16/06/2011;322.73;322.73;322.73;322.73;;;0.23%
17/06/2011;316.22;316.22;316.22;316.22;;;-2.02%
20/06/2011;316.06;316.06;316.06;316.06;;;-0.05%
21/06/2011;310.06;310.06;310.06;310.06;;;-1.90%
22/06/2011;309.78;309.78;309.78;309.78;;;-0.09%
23/06/2011;311.85;311.85;311.85;311.85;;;0.67%
24/06/2011;289.41;289.41;289.41;289.41;;;-7.20%
27/06/2011;281.93;281.93;281.93;281.93;;;-2.58%
28/06/2011;283.74;283.74;283.74;283.74;;;0.64%
29/06/2011;284.56;284.56;284.56;284.56;;;0.29%
30/06/2011;280.39;280.39;280.39;280.39;;;-1.47%
01/07/2011;280.17;280.17;280.17;280.17;;;-0.08%
04/07/2011;278.1;278.1;278.1;278.1;;;-0.74%
05/07/2011;273.5;273.5;273.5;273.5;;;-1.65%
06/07/2011;271.41;271.41;271.41;271.41;;;-0.76%
07/07/2011;269.85;269.85;269.85;269.85;;;-0.57%
08/07/2011;270.89;270.89;270.89;270.89;;;0.39%
11/07/2011;273.9;273.9;273.9;273.9;;;1.11%
12/07/2011;271.97;271.97;271.97;271.97;;;-0.70%
13/07/2011;270.71;270.71;270.71;270.71;;;-0.46%
14/07/2011;270.74;270.74;270.74;270.74;;;0.01%
15/07/2011;268.66;268.66;268.66;268.66;;;-0.77%
18/07/2011;270.75;270.75;270.75;270.75;;;0.78%
19/07/2011;278.05;278.05;278.05;278.05;;;2.70%
20/07/2011;286.05;286.05;286.05;286.05;;;2.88%
21/07/2011;284.54;284.54;284.54;284.54;;;-0.53%
22/07/2011;294.12;294.12;294.12;294.12;;;3.37%
25/07/2011;295.19;295.19;295.19;295.19;;;0.36%
26/07/2011;298.92;298.92;298.92;298.92;;;1.26%
27/07/2011;300.86;300.86;300.86;300.86;;;0.65%
28/07/2011;300.86;300.86;300.86;300.86;;;0.00%
29/07/2011;318.33;318.33;318.33;318.33;;;5.81%
01/08/2011;324.25;324.25;324.25;324.25;;;1.86%
02/08/2011;329.73;329.73;329.73;329.73;;;1.69%
03/08/2011;329.72;329.72;329.72;329.72;;;-0.00%
04/08/2011;328.08;328.08;328.08;328.08;;;-0.50%
05/08/2011;321.12;321.12;321.12;321.12;;;-2.12%
09/08/2011;318.63;318.63;318.63;318.63;;;-0.78%
10/08/2011;312.92;312.92;312.92;312.92;;;-1.79%
11/08/2011;317.36;317.36;317.36;317.36;;;1.42%
12/08/2011;317.36;317.36;317.36;317.36;;;0.00%
16/08/2011;316.09;316.09;316.09;316.09;;;-0.40%
17/08/2011;315.73;315.73;315.73;315.73;;;-0.11%
18/08/2011;316.23;316.23;316.23;316.23;;;0.16%
19/08/2011;320.35;320.35;320.35;320.35;;;1.30%
22/08/2011;320.96;320.96;320.96;320.96;;;0.19%
23/08/2011;320.96;320.96;320.96;320.96;;;0.00%
24/08/2011;323.25;323.25;323.25;323.25;;;0.71%
25/08/2011;321.13;321.13;321.13;321.13;;;-0.66%
26/08/2011;318.67;318.67;318.67;318.67;;;-0.77%
29/08/2011;315.94;315.94;315.94;315.94;;;-0.86%
31/08/2011;318.48;318.48;318.48;318.48;;;0.80%
01/09/2011;318.84;318.84;318.84;318.84;;;0.11%
02/09/2011;320.43;320.43;320.43;320.43;;;0.50%
05/09/2011;322.46;322.46;322.46;322.46;;;0.63%
06/09/2011;326;326;326;326;;;1.10%
07/09/2011;329.63;329.63;329.63;329.63;;;1.11%
08/09/2011;328.16;328.16;328.16;328.16;;;-0.45%
09/09/2011;328.98;328.98;328.98;328.98;;;0.25%
12/09/2011;330.5;330.5;330.5;330.5;;;0.46%
13/09/2011;330.5;330.5;330.5;330.5;;;0.00%
14/09/2011;324.78;324.78;324.78;324.78;;;-1.73%
15/09/2011;322.09;322.09;322.09;322.09;;;-0.83%
16/09/2011;322.09;322.09;322.09;322.09;;;0.00%
19/09/2011;322.55;322.55;322.55;322.55;;;0.14%
20/09/2011;295.75;295.75;295.75;295.75;;;-8.31%
21/09/2011;298.59;298.59;298.59;298.59;;;0.96%
22/09/2011;305.03;305.03;305.03;305.03;;;2.16%
23/09/2011;299.28;299.28;299.28;299.28;;;-1.89%
26/09/2011;302.83;302.83;302.83;302.83;;;1.19%
27/09/2011;303.73;303.73;303.73;303.73;;;0.30%
28/09/2011;304.37;304.37;304.37;304.37;;;0.21%
29/09/2011;302.14;302.14;302.14;302.14;;;-0.73%
30/09/2011;303.92;303.92;303.92;303.92;;;0.59%
03/10/2011;303.33;303.33;303.33;303.33;;;-0.19%
04/10/2011;299.46;299.46;299.46;299.46;;;-1.28%
05/10/2011;303.94;303.94;303.94;303.94;;;1.50%
06/10/2011;305.96;305.96;305.96;305.96;;;0.66%
07/10/2011;309.57;309.57;309.57;309.57;;;1.18%
10/10/2011;309.99;309.99;309.99;309.99;;;0.14%
11/10/2011;306.9;306.9;306.9;306.9;;;-1.00%
12/10/2011;327.64;327.64;327.64;327.64;;;6.76%
13/10/2011;338.28;338.28;338.28;338.28;;;3.25%
14/10/2011;338.06;338.06;338.06;338.06;;;-0.07%
17/10/2011;344.51;344.51;344.51;344.51;;;1.91%
18/10/2011;349.89;349.89;349.89;349.89;;;1.56%
19/10/2011;357.36;357.36;357.36;357.36;;;2.13%
20/10/2011;356.7;356.7;356.7;356.7;;;-0.18%
21/10/2011;358.8;358.8;358.8;358.8;;;0.59%
24/10/2011;359.19;359.19;359.19;359.19;;;0.11%
25/10/2011;361.74;361.74;361.74;361.74;;;0.71%
26/10/2011;372.05;372.05;372.05;372.05;;;2.85%
27/10/2011;386.15;386.15;386.15;386.15;;;3.79%
28/10/2011;398.77;398.77;398.77;398.77;;;3.27%
31/10/2011;402.09;402.09;402.09;402.09;;;0.83%
02/11/2011;395.59;395.59;395.59;395.59;;;-1.62%
03/11/2011;391.35;391.35;391.35;391.35;;;-1.07%
04/11/2011;386.13;386.13;386.13;386.13;;;-1.33%
08/11/2011;386.06;386.06;386.06;386.06;;;-0.02%
09/11/2011;382.83;382.83;382.83;382.83;;;-0.84%
10/11/2011;379.6;379.6;379.6;379.6;;;-0.84%
11/11/2011;373.42;373.42;373.42;373.42;;;-1.63%
14/11/2011;373.47;373.47;373.47;373.47;;;0.01%
16/11/2011;364.22;364.22;364.22;364.22;;;-2.48%
17/11/2011;358.47;358.47;358.47;358.47;;;-1.58%
18/11/2011;362.9;362.9;362.9;362.9;;;1.24%
21/11/2011;364.36;364.36;364.36;364.36;;;0.40%
22/11/2011;385.77;385.77;385.77;385.77;;;5.88%
23/11/2011;376.1;376.1;376.1;376.1;;;-2.51%
24/11/2011;367.12;367.12;367.12;367.12;;;-2.39%
25/11/2011;357.84;357.84;357.84;357.84;;;-2.53%
28/11/2011;352.83;352.83;352.83;352.83;;;-1.40%
29/11/2011;350.44;350.44;350.44;350.44;;;-0.68%
30/11/2011;345.46;345.46;345.46;345.46;;;-1.42%
01/12/2011;341.77;341.77;341.77;341.77;;;-1.07%
02/12/2011;346.85;346.85;346.85;346.85;;;1.49%
05/12/2011;362.74;362.74;362.74;362.74;;;4.58%
06/12/2011;369.1;369.1;369.1;369.1;;;1.75%
07/12/2011;371.87;371.87;371.87;371.87;;;0.75%
08/12/2011;370.58;370.58;370.58;370.58;;;-0.35%
09/12/2011;368.66;368.66;368.66;368.66;;;-0.52%
12/12/2011;374.13;374.13;374.13;374.13;;;1.48%
13/12/2011;368.48;368.48;368.48;368.48;;;-1.51%
14/12/2011;368.47;368.47;368.47;368.47;;;-0.00%
15/12/2011;365.26;365.26;365.26;365.26;;;-0.87%
16/12/2011;366.94;366.94;366.94;366.94;;;0.46%
19/12/2011;362.81;362.81;362.81;362.81;;;-1.13%
20/12/2011;356.37;356.37;356.37;356.37;;;-1.78%
21/12/2011;357.26;357.26;357.26;357.26;;;0.25%
22/12/2011;353.05;353.05;353.05;353.05;;;-1.18%
23/12/2011;354.83;354.83;354.83;354.83;;;0.50%
27/12/2011;354.83;354.83;354.83;354.83;;;0.00%
28/12/2011;360.06;360.06;360.06;360.06;;;1.47%
29/12/2011;363.25;363.25;363.25;363.25;;;0.89%
30/12/2011;368.2;368.2;368.2;368.2;;;1.36%
02/01/2012;371.38;371.38;371.38;371.38;;;0.86%
03/01/2012;375.98;375.98;375.98;375.98;;;1.24%
04/01/2012;371.36;371.36;371.36;371.36;;;-1.23%
05/01/2012;377.06;377.06;377.06;377.06;;;1.53%
06/01/2012;373.48;373.48;373.48;373.48;;;-0.95%
09/01/2012;371.8;371.8;371.8;371.8;;;-0.45%
10/01/2012;357.89;357.89;357.89;357.89;;;-3.74%
11/01/2012;353.7;353.7;353.7;353.7;;;-1.17%
12/01/2012;359.04;359.04;359.04;359.04;;;1.51%
13/01/2012;360.81;360.81;360.81;360.81;;;0.49%
16/01/2012;361.46;361.46;361.46;361.46;;;0.18%
17/01/2012;365.05;365.05;365.05;365.05;;;0.99%
18/01/2012;363.31;363.31;363.31;363.31;;;-0.48%
19/01/2012;367.75;367.75;367.75;367.75;;;1.22%
20/01/2012;375.14;375.14;375.14;375.14;;;2.01%
23/01/2012;373.68;373.68;373.68;373.68;;;-0.39%
24/01/2012;375.62;375.62;375.62;375.62;;;0.52%
25/01/2012;375.62;375.62;375.62;375.62;;;0.00%
26/01/2012;382.56;382.56;382.56;382.56;;;1.85%
27/01/2012;385.45;385.45;385.45;385.45;;;0.76%
30/01/2012;389;389;389;389;;;0.92%
31/01/2012;389.05;389.05;389.05;389.05;;;0.01%
01/02/2012;386.34;386.34;386.34;386.34;;;-0.70%
02/02/2012;389.04;389.04;389.04;389.04;;;0.70%
03/02/2012;389.25;389.25;389.25;389.25;;;0.05%
06/02/2012;389.07;389.07;389.07;389.07;;;-0.05%
07/02/2012;394.89;394.89;394.89;394.89;;;1.50%
08/02/2012;396.55;396.55;396.55;396.55;;;0.42%
09/02/2012;393.4;393.4;393.4;393.4;;;-0.79%
10/02/2012;395.36;395.36;395.36;395.36;;;0.50%
14/02/2012;395.36;395.36;395.36;395.36;;;0.00%
15/02/2012;395.36;395.36;395.36;395.36;;;0.00%
16/02/2012;393.24;393.24;393.24;393.24;;;-0.54%
17/02/2012;393.24;393.24;393.24;393.24;;;0.00%
20/02/2012;397.73;397.73;397.73;397.73;;;1.14%
21/02/2012;408.77;408.77;408.77;408.77;;;2.78%
22/02/2012;411.91;411.91;411.91;411.91;;;0.77%
23/02/2012;429.49;429.49;429.49;429.49;;;4.27%
24/02/2012;430.03;430.03;430.03;430.03;;;0.13%
27/02/2012;447.08;447.08;447.08;447.08;;;3.96%
28/02/2012;452.02;452.02;452.02;452.02;;;1.10%
29/02/2012;455.11;455.11;455.11;455.11;;;0.68%
01/03/2012;457.77;457.77;457.77;457.77;;;0.58%
02/03/2012;454.74;454.74;454.74;454.74;;;-0.66%
05/03/2012;457.95;457.95;457.95;457.95;;;0.71%
06/03/2012;480.03;480.03;480.03;480.03;;;4.82%
07/03/2012;466.93;466.93;466.93;466.93;;;-2.73%
08/03/2012;470.11;470.11;470.11;470.11;;;0.68%
09/03/2012;473.02;473.02;473.02;473.02;;;0.62%
12/03/2012;481.67;481.67;481.67;481.67;;;1.83%
13/03/2012;483.25;483.25;483.25;483.25;;;0.33%
14/03/2012;483.21;483.21;483.21;483.21;;;-0.01%
15/03/2012;490.05;490.05;490.05;490.05;;;1.42%
16/03/2012;490.97;490.97;490.97;490.97;;;0.19%
19/03/2012;499.02;499.02;499.02;499.02;;;1.64%
20/03/2012;497.33;497.33;497.33;497.33;;;-0.34%
21/03/2012;494.48;494.48;494.48;494.48;;;-0.57%
22/03/2012;490.32;490.32;490.32;490.32;;;-0.84%
23/03/2012;490.32;490.32;490.32;490.32;;;0.00%
26/03/2012;487.89;487.89;487.89;487.89;;;-0.50%
27/03/2012;487.71;487.71;487.71;487.71;;;-0.04%
28/03/2012;485.22;485.22;485.22;485.22;;;-0.51%
29/03/2012;478.88;478.88;478.88;478.88;;;-1.31%
30/03/2012;469.96;469.96;469.96;469.96;;;-1.86%
02/04/2012;469.06;469.06;469.06;469.06;;;-0.19%
03/04/2012;463.74;463.74;463.74;463.74;;;-1.13%
04/04/2012;466.28;466.28;466.28;466.28;;;0.55%
05/04/2012;466.28;466.28;466.28;466.28;;;0.00%
06/04/2012;469.49;469.49;469.49;469.49;;;0.69%
10/04/2012;473.08;473.08;473.08;473.08;;;0.76%
11/04/2012;478.97;478.97;478.97;478.97;;;1.25%
12/04/2012;475.82;475.82;475.82;475.82;;;-0.66%
13/04/2012;479;479;479;479;;;0.67%
16/04/2012;478.97;478.97;478.97;478.97;;;-0.01%
17/04/2012;479;479;479;479;;;0.01%
18/04/2012;489;489;489;489;;;2.09%
19/04/2012;479;479;479;479;;;-2.04%
20/04/2012;475.82;475.82;475.82;475.82;;;-0.66%
23/04/2012;475.82;475.82;475.82;475.82;;;0.00%
24/04/2012;479;479;479;479;;;0.67%
25/04/2012;479.02;479.02;479.02;479.02;;;0.00%
26/04/2012;479;479;479;479;;;-0.00%
27/04/2012;479;479;479;479;;;0.00%
30/04/2012;475.79;475.79;475.79;475.79;;;-0.67%
02/05/2012;472.64;472.64;472.64;472.64;;;-0.66%
03/05/2012;472.64;472.64;472.64;472.64;;;0.00%
04/05/2012;472.58;472.58;472.58;472.58;;;-0.01%
07/05/2012;472.58;472.58;472.58;472.58;;;0.00%
08/05/2012;472.08;472.08;472.08;472.08;;;-0.11%
09/05/2012;462.72;462.72;462.72;462.72;;;-1.98%
10/05/2012;466.07;466.07;466.07;466.07;;;0.72%
11/05/2012;464.13;464.13;464.13;464.13;;;-0.42%
14/05/2012;473.09;473.09;473.09;473.09;;;1.93%
15/05/2012;475.4;475.4;475.4;475.4;;;0.49%
16/05/2012;473.96;473.96;473.96;473.96;;;-0.30%
18/05/2012;473.54;473.54;473.54;473.54;;;-0.09%
21/05/2012;471.52;471.52;471.52;471.52;;;-0.43%
22/05/2012;471.52;471.52;471.52;471.52;;;0.00%
23/05/2012;464.8;464.8;464.8;464.8;;;-1.43%
24/05/2012;458.62;458.62;458.62;458.62;;;-1.33%
25/05/2012;458.44;458.44;458.44;458.44;;;-0.04%
29/05/2012;454.62;454.62;454.62;454.62;;;-0.83%
30/05/2012;457.57;457.57;457.57;457.57;;;0.65%
31/05/2012;453.53;453.53;453.53;453.53;;;-0.88%
01/06/2012;453.57;453.57;453.57;453.57;;;0.01%
04/06/2012;457.02;457.02;457.02;457.02;;;0.76%
05/06/2012;444.17;444.17;444.17;444.17;;;-2.81%
06/06/2012;446.29;446.29;446.29;446.29;;;0.48%
07/06/2012;452.31;452.31;452.31;452.31;;;1.35%
08/06/2012;456.33;456.33;456.33;456.33;;;0.89%
11/06/2012;460.85;460.85;460.85;460.85;;;0.99%
12/06/2012;465.07;465.07;465.07;465.07;;;0.92%
13/06/2012;463.71;463.71;463.71;463.71;;;-0.29%
14/06/2012;464.27;464.27;464.27;464.27;;;0.12%
15/06/2012;467.64;467.64;467.64;467.64;;;0.73%
18/06/2012;479.88;479.88;479.88;479.88;;;2.62%
19/06/2012;484.27;484.27;484.27;484.27;;;0.91%
20/06/2012;471.87;471.87;471.87;471.87;;;-2.56%
21/06/2012;487.23;487.23;487.23;487.23;;;3.26%
22/06/2012;472.02;472.02;472.02;472.02;;;-3.12%
25/06/2012;458.66;458.66;458.66;458.66;;;-2.83%
26/06/2012;466.02;466.02;466.02;466.02;;;1.60%
27/06/2012;467.24;467.24;467.24;467.24;;;0.26%
28/06/2012;467.81;467.81;467.81;467.81;;;0.12%
29/06/2012;468.8;468.8;468.8;468.8;;;0.21%
02/07/2012;456.63;456.63;456.63;456.63;;;-2.60%
03/07/2012;461.09;461.09;461.09;461.09;;;0.98%
04/07/2012;454.79;454.79;454.79;454.79;;;-1.37%
05/07/2012;463.13;463.13;463.13;463.13;;;1.83%
06/07/2012;455.63;455.63;455.63;455.63;;;-1.62%
09/07/2012;439.47;439.47;439.47;439.47;;;-3.55%
10/07/2012;435.27;435.27;435.27;435.27;;;-0.96%
11/07/2012;427.88;427.88;427.88;427.88;;;-1.70%
12/07/2012;414.79;414.79;414.79;414.79;;;-3.06%
13/07/2012;404.6;404.6;404.6;404.6;;;-2.46%
16/07/2012;404.6;404.6;404.6;404.6;;;0.00%
17/07/2012;414.39;414.39;414.39;414.39;;;2.42%
18/07/2012;404.57;404.57;404.57;404.57;;;-2.37%
19/07/2012;369.16;369.16;369.16;369.16;;;-8.75%
20/07/2012;358.58;358.58;358.58;358.58;;;-2.87%
23/07/2012;351.35;351.35;351.35;351.35;;;-2.02%
24/07/2012;349.88;349.88;349.88;349.88;;;-0.42%
25/07/2012;348.51;348.51;348.51;348.51;;;-0.39%
26/07/2012;354.49;354.49;354.49;354.49;;;1.72%
27/07/2012;365.19;365.19;365.19;365.19;;;3.02%
30/07/2012;371.94;371.94;371.94;371.94;;;1.85%
31/07/2012;392.06;392.06;392.06;392.06;;;5.41%
01/08/2012;409.25;409.25;409.25;409.25;;;4.38%
02/08/2012;432.76;432.76;432.76;432.76;;;5.74%
03/08/2012;431.83;431.83;431.83;431.83;;;-0.21%
08/08/2012;422.19;422.19;422.19;422.19;;;-2.23%
09/08/2012;412.15;412.15;412.15;412.15;;;-2.38%
10/08/2012;393.93;393.93;393.93;393.93;;;-4.42%
13/08/2012;391.31;391.31;391.31;391.31;;;-0.67%
14/08/2012;392.99;392.99;392.99;392.99;;;0.43%
16/08/2012;384.58;384.58;384.58;384.58;;;-2.14%
17/08/2012;373.22;373.22;373.22;373.22;;;-2.95%
21/08/2012;383.69;383.69;383.69;383.69;;;2.81%
22/08/2012;388.78;388.78;388.78;388.78;;;1.33%
23/08/2012;392.99;392.99;392.99;392.99;;;1.08%
24/08/2012;392.99;392.99;392.99;392.99;;;0.00%
27/08/2012;393.88;393.88;393.88;393.88;;;0.23%
28/08/2012;394.05;394.05;394.05;394.05;;;0.04%
29/08/2012;401.03;401.03;401.03;401.03;;;1.77%
30/08/2012;400.92;400.92;400.92;400.92;;;-0.03%
31/08/2012;398.82;398.82;398.82;398.82;;;-0.52%
03/09/2012;389.61;389.61;389.61;389.61;;;-2.31%
04/09/2012;389.63;389.63;389.63;389.63;;;0.01%
05/09/2012;383.27;383.27;383.27;383.27;;;-1.63%
06/09/2012;383.7;383.7;383.7;383.7;;;0.11%
07/09/2012;392.71;392.71;392.71;392.71;;;2.35%
10/09/2012;394.3;394.3;394.3;394.3;;;0.40%
11/09/2012;392.52;392.52;392.52;392.52;;;-0.45%
12/09/2012;392.71;392.71;392.71;392.71;;;0.05%
13/09/2012;388.4;388.4;388.4;388.4;;;-1.10%
14/09/2012;397.59;397.59;397.59;397.59;;;2.37%
17/09/2012;396.64;396.64;396.64;396.64;;;-0.24%
18/09/2012;397.1;397.1;397.1;397.1;;;0.12%
19/09/2012;396.97;396.97;396.97;396.97;;;-0.03%
20/09/2012;387.43;387.43;387.43;387.43;;;-2.40%
21/09/2012;403.4;403.4;403.4;403.4;;;4.12%
24/09/2012;404.96;404.96;404.96;404.96;;;0.39%
25/09/2012;402.82;402.82;402.82;402.82;;;-0.53%
26/09/2012;401.61;401.61;401.61;401.61;;;-0.30%
27/09/2012;401.61;401.61;401.61;401.61;;;0.00%
28/09/2012;400.56;400.56;400.56;400.56;;;-0.26%
01/10/2012;403.71;403.71;403.71;403.71;;;0.79%
02/10/2012;403.71;403.71;403.71;403.71;;;0.00%
03/10/2012;403.71;403.71;403.71;403.71;;;0.00%
04/10/2012;401.96;401.96;401.96;401.96;;;-0.43%
05/10/2012;401.65;401.65;401.65;401.65;;;-0.08%
08/10/2012;390.39;390.39;390.39;390.39;;;-2.80%
09/10/2012;385.93;385.93;385.93;385.93;;;-1.14%
10/10/2012;389.78;389.78;389.78;389.78;;;1.00%
11/10/2012;377.96;377.96;377.96;377.96;;;-3.03%
12/10/2012;378.49;378.49;378.49;378.49;;;0.14%
15/10/2012;374.71;374.71;374.71;374.71;;;-1.00%
16/10/2012;374.68;374.68;374.68;374.68;;;-0.01%
17/10/2012;374.68;374.68;374.68;374.68;;;0.00%
18/10/2012;374.22;374.22;374.22;374.22;;;-0.12%
19/10/2012;374.65;374.65;374.65;374.65;;;0.11%
22/10/2012;366.09;366.09;366.09;366.09;;;-2.28%
23/10/2012;361.96;361.96;361.96;361.96;;;-1.13%
24/10/2012;363.17;363.17;363.17;363.17;;;0.33%
25/10/2012;349.37;349.37;349.37;349.37;;;-3.80%
29/10/2012;349.37;349.37;349.37;349.37;;;0.00%
30/10/2012;355.48;355.48;355.48;355.48;;;1.75%
31/10/2012;355.48;355.48;355.48;355.48;;;0.00%
02/11/2012;356.75;356.75;356.75;356.75;;;0.36%
05/11/2012;355.3;355.3;355.3;355.3;;;-0.41%
06/11/2012;372.41;372.41;372.41;372.41;;;4.82%
07/11/2012;373.68;373.68;373.68;373.68;;;0.34%
08/11/2012;373.68;373.68;373.68;373.68;;;0.00%
09/11/2012;366.29;366.29;366.29;366.29;;;-1.98%
12/11/2012;363.11;363.11;363.11;363.11;;;-0.87%
13/11/2012;367.18;367.18;367.18;367.18;;;1.12%
14/11/2012;370.73;370.73;370.73;370.73;;;0.97%
16/11/2012;367.55;367.55;367.55;367.55;;;-0.86%
19/11/2012;361.22;361.22;361.22;361.22;;;-1.72%
20/11/2012;361.61;361.61;361.61;361.61;;;0.11%
21/11/2012;358.43;358.43;358.43;358.43;;;-0.88%
22/11/2012;351.7;351.7;351.7;351.7;;;-1.88%
23/11/2012;353.99;353.99;353.99;353.99;;;0.65%
26/11/2012;356.56;356.56;356.56;356.56;;;0.73%
27/11/2012;362.12;362.12;362.12;362.12;;;1.56%
28/11/2012;362.07;362.07;362.07;362.07;;;-0.01%
29/11/2012;359.48;359.48;359.48;359.48;;;-0.72%
30/11/2012;359.48;359.48;359.48;359.48;;;0.00%
03/12/2012;355.51;355.51;355.51;355.51;;;-1.10%
04/12/2012;351.76;351.76;351.76;351.76;;;-1.05%
05/12/2012;354.84;354.84;354.84;354.84;;;0.88%
06/12/2012;354.84;354.84;354.84;354.84;;;0.00%
07/12/2012;334.08;334.08;334.08;334.08;;;-5.85%
10/12/2012;352.47;352.47;352.47;352.47;;;5.50%
11/12/2012;349.55;349.55;349.55;349.55;;;-0.83%
12/12/2012;338.37;338.37;338.37;338.37;;;-3.20%
13/12/2012;347.45;347.45;347.45;347.45;;;2.68%
14/12/2012;347.45;347.45;347.45;347.45;;;0.00%
17/12/2012;344.27;344.27;344.27;344.27;;;-0.92%
18/12/2012;342.46;342.46;342.46;342.46;;;-0.53%
19/12/2012;335.56;335.56;335.56;335.56;;;-2.01%
20/12/2012;341.86;341.86;341.86;341.86;;;1.88%
21/12/2012;346.06;346.06;346.06;346.06;;;1.23%
24/12/2012;358.94;358.94;358.94;358.94;;;3.72%
26/12/2012;366.75;366.75;366.75;366.75;;;2.18%
27/12/2012;367.36;367.36;367.36;367.36;;;0.17%
28/12/2012;384.43;384.43;384.43;384.43;;;4.65%
31/12/2012;398.94;398.94;398.94;398.94;;;3.77%
02/01/2013;406.32;406.32;406.32;406.32;;;1.85%
03/01/2013;399.58;399.58;399.58;399.58;;;-1.66%
04/01/2013;390;390;390;390;;;-2.40%
07/01/2013;395.79;395.79;395.79;395.79;;;1.48%
08/01/2013;394.01;394.01;394.01;394.01;;;-0.45%
09/01/2013;387.7;387.7;387.7;387.7;;;-1.60%
10/01/2013;391.23;391.23;391.23;391.23;;;0.91%
11/01/2013;391.23;391.23;391.23;391.23;;;0.00%
14/01/2013;391.2;391.2;391.2;391.2;;;-0.01%
15/01/2013;381.29;381.29;381.29;381.29;;;-2.53%
16/01/2013;379.3;379.3;379.3;379.3;;;-0.52%
17/01/2013;380.87;380.87;380.87;380.87;;;0.41%
18/01/2013;372.76;372.76;372.76;372.76;;;-2.13%
21/01/2013;377.37;377.37;377.37;377.37;;;1.24%
22/01/2013;381.33;381.33;381.33;381.33;;;1.05%
23/01/2013;378.93;378.93;378.93;378.93;;;-0.63%
25/01/2013;376.25;376.25;376.25;376.25;;;-0.71%
28/01/2013;380.41;380.41;380.41;380.41;;;1.11%
29/01/2013;378.2;378.2;378.2;378.2;;;-0.58%
30/01/2013;382.36;382.36;382.36;382.36;;;1.10%
31/01/2013;383.54;383.54;383.54;383.54;;;0.31%
01/02/2013;380.24;380.24;380.24;380.24;;;-0.86%
04/02/2013;385.39;385.39;385.39;385.39;;;1.35%
05/02/2013;379.12;379.12;379.12;379.12;;;-1.63%
06/02/2013;379.18;379.18;379.18;379.18;;;0.02%
07/02/2013;381.43;381.43;381.43;381.43;;;0.59%
08/02/2013;381.47;381.47;381.47;381.47;;;0.01%
11/02/2013;390.01;390.01;390.01;390.01;;;2.24%
12/02/2013;410.9;410.9;410.9;410.9;;;5.36%
13/02/2013;405.43;405.43;405.43;405.43;;;-1.33%
14/02/2013;404.79;404.79;404.79;404.79;;;-0.16%
15/02/2013;406.45;406.45;406.45;406.45;;;0.41%
18/02/2013;399.15;399.15;399.15;399.15;;;-1.80%
19/02/2013;387.65;387.65;387.65;387.65;;;-2.88%
20/02/2013;389.32;389.32;389.32;389.32;;;0.43%
21/02/2013;385.11;385.11;385.11;385.11;;;-1.08%
22/02/2013;392.22;392.22;392.22;392.22;;;1.85%
25/02/2013;396.39;396.39;396.39;396.39;;;1.06%
26/02/2013;397.05;397.05;397.05;397.05;;;0.17%
27/02/2013;394.96;394.96;394.96;394.96;;;-0.53%
28/02/2013;383.92;383.92;383.92;383.92;;;-2.80%
01/03/2013;386.89;386.89;386.89;386.89;;;0.77%
04/03/2013;379.26;379.26;379.26;379.26;;;-1.97%
05/03/2013;386.6;386.6;386.6;386.6;;;1.94%
06/03/2013;388.16;388.16;388.16;388.16;;;0.40%
07/03/2013;391.53;391.53;391.53;391.53;;;0.87%
08/03/2013;390.78;390.78;390.78;390.78;;;-0.19%
11/03/2013;391.76;391.76;391.76;391.76;;;0.25%
12/03/2013;398.89;398.89;398.89;398.89;;;1.82%
13/03/2013;398.32;398.32;398.32;398.32;;;-0.14%
14/03/2013;402.85;402.85;402.85;402.85;;;1.14%
15/03/2013;402.95;402.95;402.95;402.95;;;0.02%
18/03/2013;391.54;391.54;391.54;391.54;;;-2.83%
19/03/2013;405.11;405.11;405.11;405.11;;;3.47%
20/03/2013;390.57;390.57;390.57;390.57;;;-3.59%
21/03/2013;392.57;392.57;392.57;392.57;;;0.51%
22/03/2013;409.92;409.92;409.92;409.92;;;4.42%
25/03/2013;411.56;411.56;411.56;411.56;;;0.40%
26/03/2013;405.84;405.84;405.84;405.84;;;-1.39%
27/03/2013;399.29;399.29;399.29;399.29;;;-1.61%
28/03/2013;402.74;402.74;402.74;402.74;;;0.86%
29/03/2013;417.53;417.53;417.53;417.53;;;3.67%
02/04/2013;414.07;414.07;414.07;414.07;;;-0.83%
03/04/2013;402.6;402.6;402.6;402.6;;;-2.77%
04/04/2013;393.26;393.26;393.26;393.26;;;-2.32%
05/04/2013;391.63;391.63;391.63;391.63;;;-0.41%
08/04/2013;385.29;385.29;385.29;385.29;;;-1.62%
09/04/2013;377.39;377.39;377.39;377.39;;;-2.05%
10/04/2013;370.86;370.86;370.86;370.86;;;-1.73%
11/04/2013;373.87;373.87;373.87;373.87;;;0.81%
12/04/2013;373.87;373.87;373.87;373.87;;;0.00%
15/04/2013;380.09;380.09;380.09;380.09;;;1.66%
16/04/2013;375.89;375.89;375.89;375.89;;;-1.11%
17/04/2013;382.23;382.23;382.23;382.23;;;1.69%
18/04/2013;384;384;384;384;;;0.46%
19/04/2013;384;384;384;384;;;0.00%
22/04/2013;382.23;382.23;382.23;382.23;;;-0.46%
23/04/2013;384.18;384.18;384.18;384.18;;;0.51%
24/04/2013;384.54;384.54;384.54;384.54;;;0.09%
25/04/2013;384.54;384.54;384.54;384.54;;;0.00%
26/04/2013;380.82;380.82;380.82;380.82;;;-0.97%
29/04/2013;380.82;380.82;380.82;380.82;;;0.00%
30/04/2013;371.29;371.29;371.29;371.29;;;-2.50%
02/05/2013;359.3;359.3;359.3;359.3;;;-3.23%
03/05/2013;354.6;354.6;354.6;354.6;;;-1.31%
06/05/2013;350.72;350.72;350.72;350.72;;;-1.09%
07/05/2013;338.05;338.05;338.05;338.05;;;-3.61%
08/05/2013;335.95;335.95;335.95;335.95;;;-0.62%
10/05/2013;335.95;335.95;335.95;335.95;;;0.00%
13/05/2013;342.75;342.75;342.75;342.75;;;2.02%
14/05/2013;342.75;342.75;342.75;342.75;;;0.00%
15/05/2013;344.85;344.85;344.85;344.85;;;0.61%
16/05/2013;350.51;350.51;350.51;350.51;;;1.64%
17/05/2013;362.52;362.52;362.52;362.52;;;3.43%
21/05/2013;367.66;367.66;367.66;367.66;;;1.42%
22/05/2013;359.25;359.25;359.25;359.25;;;-2.29%
23/05/2013;365.53;365.53;365.53;365.53;;;1.75%
24/05/2013;356.07;356.07;356.07;356.07;;;-2.59%
27/05/2013;356.09;356.09;356.09;356.09;;;0.01%
28/05/2013;364.3;364.3;364.3;364.3;;;2.31%
29/05/2013;362.7;362.7;362.7;362.7;;;-0.44%
30/05/2013;362.67;362.67;362.67;362.67;;;-0.01%
31/05/2013;362.64;362.64;362.64;362.64;;;-0.01%
03/06/2013;368.59;368.59;368.59;368.59;;;1.64%
04/06/2013;356.95;356.95;356.95;356.95;;;-3.16%
05/06/2013;360.75;360.75;360.75;360.75;;;1.06%
06/06/2013;362.49;362.49;362.49;362.49;;;0.48%
07/06/2013;362.53;362.53;362.53;362.53;;;0.01%
10/06/2013;356.97;356.97;356.97;356.97;;;-1.53%
11/06/2013;354.43;354.43;354.43;354.43;;;-0.71%
12/06/2013;348.03;348.03;348.03;348.03;;;-1.81%
13/06/2013;344.1;344.1;344.1;344.1;;;-1.13%
14/06/2013;336.2;336.2;336.2;336.2;;;-2.30%
17/06/2013;343.59;343.59;343.59;343.59;;;2.20%
18/06/2013;343.65;343.65;343.65;343.65;;;0.02%
19/06/2013;346.82;346.82;346.82;346.82;;;0.92%
20/06/2013;343.62;343.62;343.62;343.62;;;-0.92%
21/06/2013;345.22;345.22;345.22;345.22;;;0.47%
24/06/2013;349.31;349.31;349.31;349.31;;;1.18%
25/06/2013;345.02;345.02;345.02;345.02;;;-1.23%
26/06/2013;336.43;336.43;336.43;336.43;;;-2.49%
27/06/2013;334.25;334.25;334.25;334.25;;;-0.65%
28/06/2013;338.04;338.04;338.04;338.04;;;1.13%
01/07/2013;334.25;334.25;334.25;334.25;;;-1.12%
02/07/2013;319.74;319.74;319.74;319.74;;;-4.34%
03/07/2013;327.43;327.43;327.43;327.43;;;2.41%
04/07/2013;327.46;327.46;327.46;327.46;;;0.01%
05/07/2013;333.31;333.31;333.31;333.31;;;1.79%
08/07/2013;331.28;331.28;331.28;331.28;;;-0.61%
09/07/2013;322.73;322.73;322.73;322.73;;;-2.58%
10/07/2013;329.31;329.31;329.31;329.31;;;2.04%
11/07/2013;326.37;326.37;326.37;326.37;;;-0.89%
12/07/2013;335.66;335.66;335.66;335.66;;;2.85%
15/07/2013;331.17;331.17;331.17;331.17;;;-1.34%
16/07/2013;328.51;328.51;328.51;328.51;;;-0.80%
17/07/2013;331.66;331.66;331.66;331.66;;;0.96%
18/07/2013;330.28;330.28;330.28;330.28;;;-0.42%
19/07/2013;322.63;322.63;322.63;322.63;;;-2.32%
22/07/2013;326.19;326.19;326.19;326.19;;;1.10%
23/07/2013;323.44;323.44;323.44;323.44;;;-0.84%
24/07/2013;323.76;323.76;323.76;323.76;;;0.10%
25/07/2013;322.15;322.15;322.15;322.15;;;-0.50%
26/07/2013;322.15;322.15;322.15;322.15;;;0.00%
29/07/2013;316.83;316.83;316.83;316.83;;;-1.65%
30/07/2013;316.51;316.51;316.51;316.51;;;-0.10%
31/07/2013;316.51;316.51;316.51;316.51;;;0.00%
01/08/2013;312.31;312.31;312.31;312.31;;;-1.33%
02/08/2013;316.51;316.51;316.51;316.51;;;1.34%
05/08/2013;309.89;309.89;309.89;309.89;;;-2.09%
06/08/2013;312.31;312.31;312.31;312.31;;;0.78%
09/08/2013;312.31;312.31;312.31;312.31;;;0.00%
12/08/2013;310.31;310.31;310.31;310.31;;;-0.64%
13/08/2013;311.25;311.25;311.25;311.25;;;0.30%
14/08/2013;310.62;310.62;310.62;310.62;;;-0.20%
16/08/2013;306.3;306.3;306.3;306.3;;;-1.39%
19/08/2013;303.12;303.12;303.12;303.12;;;-1.04%
20/08/2013;301.02;301.02;301.02;301.02;;;-0.69%
21/08/2013;292.44;292.44;292.44;292.44;;;-2.85%
22/08/2013;284.62;284.62;284.62;284.62;;;-2.67%
23/08/2013;274.58;274.58;274.58;274.58;;;-3.53%
26/08/2013;274.61;274.61;274.61;274.61;;;0.01%
27/08/2013;275.17;275.17;275.17;275.17;;;0.20%
28/08/2013;270.92;270.92;270.92;270.92;;;-1.54%
29/08/2013;275.39;275.39;275.39;275.39;;;1.65%
30/08/2013;275.18;275.18;275.18;275.18;;;-0.08%
02/09/2013;275.18;275.18;275.18;275.18;;;0.00%
03/09/2013;275.18;275.18;275.18;275.18;;;0.00%
04/09/2013;275.18;275.18;275.18;275.18;;;0.00%
05/09/2013;277.85;277.85;277.85;277.85;;;0.97%
06/09/2013;272.91;272.91;272.91;272.91;;;-1.78%
09/09/2013;278.11;278.11;278.11;278.11;;;1.91%
10/09/2013;278.16;278.16;278.16;278.16;;;0.02%
11/09/2013;277.79;277.79;277.79;277.79;;;-0.13%
12/09/2013;277.79;277.79;277.79;277.79;;;0.00%
13/09/2013;277.93;277.93;277.93;277.93;;;0.05%
16/09/2013;286.4;286.4;286.4;286.4;;;3.05%
17/09/2013;285.51;285.51;285.51;285.51;;;-0.31%
18/09/2013;299.28;299.28;299.28;299.28;;;4.82%
19/09/2013;299;299;299;299;;;-0.09%
20/09/2013;304.62;304.62;304.62;304.62;;;1.88%
23/09/2013;301.13;301.13;301.13;301.13;;;-1.15%
24/09/2013;304.43;304.43;304.43;304.43;;;1.10%
25/09/2013;304.44;304.44;304.44;304.44;;;0.00%
26/09/2013;305.24;305.24;305.24;305.24;;;0.26%
27/09/2013;303.74;303.74;303.74;303.74;;;-0.49%
30/09/2013;303.74;303.74;303.74;303.74;;;0.00%
01/10/2013;306.94;306.94;306.94;306.94;;;1.05%
02/10/2013;306.31;306.31;306.31;306.31;;;-0.21%
03/10/2013;303.57;303.57;303.57;303.57;;;-0.89%
04/10/2013;305.41;305.41;305.41;305.41;;;0.61%
07/10/2013;304.14;304.14;304.14;304.14;;;-0.42%
08/10/2013;306.23;306.23;306.23;306.23;;;0.69%
09/10/2013;304.33;304.33;304.33;304.33;;;-0.62%
10/10/2013;301.52;301.52;301.52;301.52;;;-0.92%
11/10/2013;308.21;308.21;308.21;308.21;;;2.22%
14/10/2013;302.49;302.49;302.49;302.49;;;-1.86%
16/10/2013;315.97;315.97;315.97;315.97;;;4.46%
17/10/2013;309.07;309.07;309.07;309.07;;;-2.18%
18/10/2013;307.07;307.07;307.07;307.07;;;-0.65%
21/10/2013;306.47;306.47;306.47;306.47;;;-0.20%
22/10/2013;306.02;306.02;306.02;306.02;;;-0.15%
23/10/2013;312.5;312.5;312.5;312.5;;;2.12%
24/10/2013;308.55;308.55;308.55;308.55;;;-1.26%
25/10/2013;307.68;307.68;307.68;307.68;;;-0.28%
28/10/2013;306.77;306.77;306.77;306.77;;;-0.30%
29/10/2013;304.17;304.17;304.17;304.17;;;-0.85%
30/10/2013;304.14;304.14;304.14;304.14;;;-0.01%
31/10/2013;300.05;300.05;300.05;300.05;;;-1.34%
04/11/2013;301.13;301.13;301.13;301.13;;;0.36%
05/11/2013;301.13;301.13;301.13;301.13;;;0.00%
06/11/2013;295.78;295.78;295.78;295.78;;;-1.78%
07/11/2013;294.73;294.73;294.73;294.73;;;-0.35%
08/11/2013;302.07;302.07;302.07;302.07;;;2.49%
11/11/2013;301.13;301.13;301.13;301.13;;;-0.31%
12/11/2013;299.92;299.92;299.92;299.92;;;-0.40%
13/11/2013;307.74;307.74;307.74;307.74;;;2.61%
14/11/2013;305.96;305.96;305.96;305.96;;;-0.58%
18/11/2013;304.75;304.75;304.75;304.75;;;-0.40%
19/11/2013;299.03;299.03;299.03;299.03;;;-1.88%
20/11/2013;295.46;295.46;295.46;295.46;;;-1.19%
21/11/2013;298;298;298;298;;;0.86%
22/11/2013;297.05;297.05;297.05;297.05;;;-0.32%
25/11/2013;290.81;290.81;290.81;290.81;;;-2.10%
26/11/2013;286.26;286.26;286.26;286.26;;;-1.56%
27/11/2013;294.48;294.48;294.48;294.48;;;2.87%
28/11/2013;289.92;289.92;289.92;289.92;;;-1.55%
29/11/2013;288.12;288.12;288.12;288.12;;;-0.62%
02/12/2013;287.51;287.51;287.51;287.51;;;-0.21%
03/12/2013;284.68;284.68;284.68;284.68;;;-0.98%
04/12/2013;284.25;284.25;284.25;284.25;;;-0.15%
05/12/2013;284.68;284.68;284.68;284.68;;;0.15%
06/12/2013;289.54;289.54;289.54;289.54;;;1.71%
09/12/2013;285.5;285.5;285.5;285.5;;;-1.40%
10/12/2013;290.93;290.93;290.93;290.93;;;1.90%
11/12/2013;292.02;292.02;292.02;292.02;;;0.37%
12/12/2013;297.91;297.91;297.91;297.91;;;2.02%
13/12/2013;300.11;300.11;300.11;300.11;;;0.74%
16/12/2013;316.33;316.33;316.33;316.33;;;5.40%
17/12/2013;317.93;317.93;317.93;317.93;;;0.51%
18/12/2013;318.18;318.18;318.18;318.18;;;0.08%
19/12/2013;317.35;317.35;317.35;317.35;;;-0.26%
20/12/2013;323.47;323.47;323.47;323.47;;;1.93%
23/12/2013;335.09;335.09;335.09;335.09;;;3.59%
24/12/2013;332.99;332.99;332.99;332.99;;;-0.63%
26/12/2013;341.2;341.2;341.2;341.2;;;2.47%
27/12/2013;344.03;344.03;344.03;344.03;;;0.83%
30/12/2013;350.34;350.34;350.34;350.34;;;1.83%
31/12/2013;372.85;372.85;372.85;372.85;;;6.43%
02/01/2014;359.05;359.05;359.05;359.05;;;-3.70%
03/01/2014;353.11;353.11;353.11;353.11;;;-1.65%
06/01/2014;353.11;353.11;353.11;353.11;;;0.00%
07/01/2014;352.45;352.45;352.45;352.45;;;-0.19%
08/01/2014;351.64;351.64;351.64;351.64;;;-0.23%
09/01/2014;350.85;350.85;350.85;350.85;;;-0.22%
10/01/2014;348.72;348.72;348.72;348.72;;;-0.61%
14/01/2014;350.97;350.97;350.97;350.97;;;0.65%
15/01/2014;354.71;354.71;354.71;354.71;;;1.07%
16/01/2014;349;349;349;349;;;-1.61%
17/01/2014;344.96;344.96;344.96;344.96;;;-1.16%
20/01/2014;334.36;334.36;334.36;334.36;;;-3.07%
21/01/2014;333.83;333.83;333.83;333.83;;;-0.16%
22/01/2014;334.06;334.06;334.06;334.06;;;0.07%
23/01/2014;334.06;334.06;334.06;334.06;;;0.00%
24/01/2014;327.19;327.19;327.19;327.19;;;-2.06%
27/01/2014;325.09;325.09;325.09;325.09;;;-0.64%
28/01/2014;321.77;321.77;321.77;321.77;;;-1.02%
29/01/2014;325;325;325;325;;;1.00%
30/01/2014;332.48;332.48;332.48;332.48;;;2.30%
31/01/2014;333.12;333.12;333.12;333.12;;;0.19%
03/02/2014;328.3;328.3;328.3;328.3;;;-1.45%
04/02/2014;328.93;328.93;328.93;328.93;;;0.19%
05/02/2014;324.9;324.9;324.9;324.9;;;-1.23%
06/02/2014;333.83;333.83;333.83;333.83;;;2.75%
07/02/2014;329.1;329.1;329.1;329.1;;;-1.42%
10/02/2014;325.51;325.51;325.51;325.51;;;-1.09%
11/02/2014;323.59;323.59;323.59;323.59;;;-0.59%
12/02/2014;322.88;322.88;322.88;322.88;;;-0.22%
13/02/2014;322.18;322.18;322.18;322.18;;;-0.22%
14/02/2014;320.92;320.92;320.92;320.92;;;-0.39%
17/02/2014;321.55;321.55;321.55;321.55;;;0.20%
18/02/2014;321.55;321.55;321.55;321.55;;;0.00%
19/02/2014;322.04;322.04;322.04;322.04;;;0.15%
20/02/2014;324.72;324.72;324.72;324.72;;;0.83%
21/02/2014;316.97;316.97;316.97;316.97;;;-2.39%
24/02/2014;310.75;310.75;310.75;310.75;;;-1.96%
25/02/2014;313.69;313.69;313.69;313.69;;;0.95%
26/02/2014;301.07;301.07;301.07;301.07;;;-4.02%
27/02/2014;301.07;301.07;301.07;301.07;;;0.00%
28/02/2014;301.05;301.05;301.05;301.05;;;-0.01%
03/03/2014;302.64;302.64;302.64;302.64;;;0.53%
04/03/2014;306.46;306.46;306.46;306.46;;;1.26%
05/03/2014;303.55;303.55;303.55;303.55;;;-0.95%
06/03/2014;308;308;308;308;;;1.47%
07/03/2014;309.51;309.51;309.51;309.51;;;0.49%
10/03/2014;305.18;305.18;305.18;305.18;;;-1.40%
11/03/2014;305.16;305.16;305.16;305.16;;;-0.01%
12/03/2014;304.34;304.34;304.34;304.34;;;-0.27%
13/03/2014;307.18;307.18;307.18;307.18;;;0.93%
14/03/2014;306.47;306.47;306.47;306.47;;;-0.23%
17/03/2014;297.72;297.72;297.72;297.72;;;-2.86%
18/03/2014;293.83;293.83;293.83;293.83;;;-1.31%
19/03/2014;292.6;292.6;292.6;292.6;;;-0.42%
20/03/2014;290.03;290.03;290.03;290.03;;;-0.88%
21/03/2014;284.41;284.41;284.41;284.41;;;-1.94%
24/03/2014;272.9;272.9;272.9;272.9;;;-4.05%
25/03/2014;279.34;279.34;279.34;279.34;;;2.36%
26/03/2014;279.36;279.36;279.36;279.36;;;0.01%
27/03/2014;278.91;278.91;278.91;278.91;;;-0.16%
28/03/2014;275.87;275.87;275.87;275.87;;;-1.09%
31/03/2014;267.02;267.02;267.02;267.02;;;-3.21%
01/04/2014;269.68;269.68;269.68;269.68;;;1.00%
02/04/2014;266.09;266.09;266.09;266.09;;;-1.33%
03/04/2014;269.27;269.27;269.27;269.27;;;1.20%
04/04/2014;256.6;256.6;256.6;256.6;;;-4.71%
07/04/2014;254.61;254.61;254.61;254.61;;;-0.78%
08/04/2014;255.87;255.87;255.87;255.87;;;0.49%
09/04/2014;250.25;250.25;250.25;250.25;;;-2.20%
10/04/2014;258.27;258.27;258.27;258.27;;;3.20%
11/04/2014;252.52;252.52;252.52;252.52;;;-2.23%
14/04/2014;253.87;253.87;253.87;253.87;;;0.53%
15/04/2014;253.96;253.96;253.96;253.96;;;0.04%
16/04/2014;254.89;254.89;254.89;254.89;;;0.37%
17/04/2014;246.66;246.66;246.66;246.66;;;-3.23%
18/04/2014;247.82;247.82;247.82;247.82;;;0.47%
22/04/2014;250.49;250.49;250.49;250.49;;;1.08%
23/04/2014;250.49;250.49;250.49;250.49;;;0.00%
24/04/2014;253.42;253.42;253.42;253.42;;;1.17%
25/04/2014;264.4;264.4;264.4;264.4;;;4.33%
28/04/2014;259.8;259.8;259.8;259.8;;;-1.74%
29/04/2014;265.67;265.67;265.67;265.67;;;2.26%
30/04/2014;260.91;260.91;260.91;260.91;;;-1.79%
02/05/2014;260.02;260.02;260.02;260.02;;;-0.34%
05/05/2014;257.72;257.72;257.72;257.72;;;-0.88%
06/05/2014;252.67;252.67;252.67;252.67;;;-1.96%
07/05/2014;253.08;253.08;253.08;253.08;;;0.16%
08/05/2014;248.42;248.42;248.42;248.42;;;-1.84%
09/05/2014;246.74;246.74;246.74;246.74;;;-0.68%
12/05/2014;248.91;248.91;248.91;248.91;;;0.88%
13/05/2014;260.57;260.57;260.57;260.57;;;4.68%
14/05/2014;259.78;259.78;259.78;259.78;;;-0.30%
15/05/2014;262.96;262.96;262.96;262.96;;;1.22%
16/05/2014;268.69;268.69;268.69;268.69;;;2.18%
19/05/2014;265.3;265.3;265.3;265.3;;;-1.26%
20/05/2014;265.09;265.09;265.09;265.09;;;-0.08%
21/05/2014;261.7;261.7;261.7;261.7;;;-1.28%
22/05/2014;264.2;264.2;264.2;264.2;;;0.96%
23/05/2014;263.12;263.12;263.12;263.12;;;-0.41%
26/05/2014;266.33;266.33;266.33;266.33;;;1.22%
27/05/2014;255.72;255.72;255.72;255.72;;;-3.98%
28/05/2014;252.56;252.56;252.56;252.56;;;-1.24%
30/05/2014;255.74;255.74;255.74;255.74;;;1.26%
02/06/2014;252.56;252.56;252.56;252.56;;;-1.24%
03/06/2014;253.81;253.81;253.81;253.81;;;0.49%
04/06/2014;253.81;253.81;253.81;253.81;;;0.00%
05/06/2014;253.77;253.77;253.77;253.77;;;-0.02%
06/06/2014;251.93;251.93;251.93;251.93;;;-0.73%
10/06/2014;252.56;252.56;252.56;252.56;;;0.25%
11/06/2014;249.41;249.41;249.41;249.41;;;-1.25%
12/06/2014;248.56;248.56;248.56;248.56;;;-0.34%
13/06/2014;249.38;249.38;249.38;249.38;;;0.33%
16/06/2014;242.61;242.61;242.61;242.61;;;-2.71%
17/06/2014;249.38;249.38;249.38;249.38;;;2.79%
18/06/2014;249.38;249.38;249.38;249.38;;;0.00%
19/06/2014;252.41;252.41;252.41;252.41;;;1.22%
20/06/2014;252.45;252.45;252.45;252.45;;;0.02%
23/06/2014;249.25;249.25;249.25;249.25;;;-1.27%
24/06/2014;250.51;250.51;250.51;250.51;;;0.51%
25/06/2014;258.09;258.09;258.09;258.09;;;3.03%
26/06/2014;249.36;249.36;249.36;249.36;;;-3.38%
27/06/2014;249.94;249.94;249.94;249.94;;;0.23%
30/06/2014;248.25;248.25;248.25;248.25;;;-0.68%
01/07/2014;250.06;250.06;250.06;250.06;;;0.73%
02/07/2014;248.03;248.03;248.03;248.03;;;-0.81%
03/07/2014;247.43;247.43;247.43;247.43;;;-0.24%
04/07/2014;248.31;248.31;248.31;248.31;;;0.36%
07/07/2014;247.6;247.6;247.6;247.6;;;-0.29%
08/07/2014;248.87;248.87;248.87;248.87;;;0.51%
09/07/2014;249.94;249.94;249.94;249.94;;;0.43%
10/07/2014;249.97;249.97;249.97;249.97;;;0.01%
11/07/2014;253.12;253.12;253.12;253.12;;;1.26%
14/07/2014;247.06;247.06;247.06;247.06;;;-2.39%
15/07/2014;257.88;257.88;257.88;257.88;;;4.38%
16/07/2014;257.89;257.89;257.89;257.89;;;0.00%
17/07/2014;254.2;254.2;254.2;254.2;;;-1.43%
18/07/2014;253.49;253.49;253.49;253.49;;;-0.28%
21/07/2014;256.64;256.64;256.64;256.64;;;1.24%
22/07/2014;256.01;256.01;256.01;256.01;;;-0.25%
23/07/2014;251.36;251.36;251.36;251.36;;;-1.82%
25/07/2014;252.85;252.85;252.85;252.85;;;0.59%
29/07/2014;252.36;252.36;252.36;252.36;;;-0.19%
30/07/2014;256.37;256.37;256.37;256.37;;;1.59%
31/07/2014;258.31;258.31;258.31;258.31;;;0.76%
01/08/2014;256.37;256.37;256.37;256.37;;;-0.75%
04/08/2014;256.34;256.34;256.34;256.34;;;-0.01%
05/08/2014;254.94;254.94;254.94;254.94;;;-0.55%
06/08/2014;251.8;251.8;251.8;251.8;;;-1.23%
08/08/2014;253.57;253.57;253.57;253.57;;;0.70%
11/08/2014;251;251;251;251;;;-1.01%
12/08/2014;250.33;250.33;250.33;250.33;;;-0.27%
13/08/2014;252.34;252.34;252.34;252.34;;;0.80%
14/08/2014;251.7;251.7;251.7;251.7;;;-0.25%
18/08/2014;249.03;249.03;249.03;249.03;;;-1.06%
19/08/2014;249.39;249.39;249.39;249.39;;;0.14%
20/08/2014;251.07;251.07;251.07;251.07;;;0.67%
21/08/2014;251.07;251.07;251.07;251.07;;;0.00%
22/08/2014;248.11;248.11;248.11;248.11;;;-1.18%
25/08/2014;250.86;250.86;250.86;250.86;;;1.11%
26/08/2014;250.11;250.11;250.11;250.11;;;-0.30%
27/08/2014;249.16;249.16;249.16;249.16;;;-0.38%
28/08/2014;246.72;246.72;246.72;246.72;;;-0.98%
29/08/2014;247.74;247.74;247.74;247.74;;;0.41%
01/09/2014;249;249;249;249;;;0.51%
02/09/2014;246.9;246.9;246.9;246.9;;;-0.84%
03/09/2014;248.97;248.97;248.97;248.97;;;0.84%
04/09/2014;247.74;247.74;247.74;247.74;;;-0.49%
05/09/2014;245.94;245.94;245.94;245.94;;;-0.73%
08/09/2014;245.99;245.99;245.99;245.99;;;0.02%
09/09/2014;244.99;244.99;244.99;244.99;;;-0.41%
10/09/2014;245.63;245.63;245.63;245.63;;;0.26%
11/09/2014;243.45;243.45;243.45;243.45;;;-0.89%
12/09/2014;244.24;244.24;244.24;244.24;;;0.32%
15/09/2014;242.61;242.61;242.61;242.61;;;-0.67%
16/09/2014;244.8;244.8;244.8;244.8;;;0.90%
17/09/2014;243.88;243.88;243.88;243.88;;;-0.38%
18/09/2014;242.18;242.18;242.18;242.18;;;-0.70%
19/09/2014;245.3;245.3;245.3;245.3;;;1.29%
22/09/2014;243.63;243.63;243.63;243.63;;;-0.68%
23/09/2014;244.45;244.45;244.45;244.45;;;0.34%
24/09/2014;242.76;242.76;242.76;242.76;;;-0.69%
25/09/2014;241.53;241.53;241.53;241.53;;;-0.51%
26/09/2014;239.97;239.97;239.97;239.97;;;-0.65%
29/09/2014;239.4;239.4;239.4;239.4;;;-0.24%
30/09/2014;241.31;241.31;241.31;241.31;;;0.80%
01/10/2014;239.86;239.86;239.86;239.86;;;-0.60%
02/10/2014;241.21;241.21;241.21;241.21;;;0.56%
03/10/2014;241.63;241.63;241.63;241.63;;;0.17%
06/10/2014;240.21;240.21;240.21;240.21;;;-0.59%
07/10/2014;240.53;240.53;240.53;240.53;;;0.13%
08/10/2014;239.65;239.65;239.65;239.65;;;-0.37%
09/10/2014;238.07;238.07;238.07;238.07;;;-0.66%
10/10/2014;239.61;239.61;239.61;239.61;;;0.65%
13/10/2014;238.99;238.99;238.99;238.99;;;-0.26%
14/10/2014;236.1;236.1;236.1;236.1;;;-1.21%
15/10/2014;236.43;236.43;236.43;236.43;;;0.14%
16/10/2014;235.17;235.17;235.17;235.17;;;-0.53%
17/10/2014;228.78;228.78;228.78;228.78;;;-2.72%
20/10/2014;228.75;228.75;228.75;228.75;;;-0.01%
21/10/2014;228.81;228.81;228.81;228.81;;;0.03%
22/10/2014;218.43;218.43;218.43;218.43;;;-4.54%
23/10/2014;212.66;212.66;212.66;212.66;;;-2.64%
24/10/2014;208.46;208.46;208.46;208.46;;;-1.97%
27/10/2014;210.74;210.74;210.74;210.74;;;1.09%
28/10/2014;208.52;208.52;208.52;208.52;;;-1.05%
29/10/2014;208.94;208.94;208.94;208.94;;;0.20%
30/10/2014;208.27;208.27;208.27;208.27;;;-0.32%
31/10/2014;204.1;204.1;204.1;204.1;;;-2.00%
03/11/2014;206.99;206.99;206.99;206.99;;;1.42%
04/11/2014;214.15;214.15;214.15;214.15;;;3.46%
05/11/2014;212.65;212.65;212.65;212.65;;;-0.70%
06/11/2014;212.79;212.79;212.79;212.79;;;0.07%
07/11/2014;210.69;210.69;210.69;210.69;;;-0.99%
10/11/2014;210.69;210.69;210.69;210.69;;;0.00%
11/11/2014;210.69;210.69;210.69;210.69;;;0.00%
12/11/2014;214.47;214.47;214.47;214.47;;;1.79%
13/11/2014;212.61;212.61;212.61;212.61;;;-0.87%
14/11/2014;220.05;220.05;220.05;220.05;;;3.50%
17/11/2014;223.85;223.85;223.85;223.85;;;1.73%
18/11/2014;219.64;219.64;219.64;219.64;;;-1.88%
19/11/2014;224.31;224.31;224.31;224.31;;;2.13%
20/11/2014;224.96;224.96;224.96;224.96;;;0.29%
21/11/2014;221.96;221.96;221.96;221.96;;;-1.33%
24/11/2014;221.96;221.96;221.96;221.96;;;0.00%
25/11/2014;219.65;219.65;219.65;219.65;;;-1.04%
26/11/2014;218.36;218.36;218.36;218.36;;;-0.59%
27/11/2014;213.61;213.61;213.61;213.61;;;-2.18%
28/11/2014;213.81;213.81;213.81;213.81;;;0.09%
01/12/2014;217.27;217.27;217.27;217.27;;;1.62%
02/12/2014;217.82;217.82;217.82;217.82;;;0.25%
03/12/2014;222.99;222.99;222.99;222.99;;;2.37%
04/12/2014;228.86;228.86;228.86;228.86;;;2.63%
05/12/2014;236.22;236.22;236.22;236.22;;;3.22%
08/12/2014;240.66;240.66;240.66;240.66;;;1.88%
09/12/2014;242.54;242.54;242.54;242.54;;;0.78%
10/12/2014;242.25;242.25;242.25;242.25;;;-0.12%
11/12/2014;245.99;245.99;245.99;245.99;;;1.54%
12/12/2014;245.93;245.93;245.93;245.93;;;-0.02%
15/12/2014;245.75;245.75;245.75;245.75;;;-0.07%
16/12/2014;243.85;243.85;243.85;243.85;;;-0.77%
17/12/2014;240.69;240.69;240.69;240.69;;;-1.30%
18/12/2014;240.78;240.78;240.78;240.78;;;0.04%
19/12/2014;238.9;238.9;238.9;238.9;;;-0.78%
22/12/2014;238.61;238.61;238.61;238.61;;;-0.12%
23/12/2014;238.52;238.52;238.52;238.52;;;-0.04%
24/12/2014;242.55;242.55;242.55;242.55;;;1.69%
26/12/2014;247.09;247.09;247.09;247.09;;;1.87%
29/12/2014;247.07;247.07;247.07;247.07;;;-0.01%
30/12/2014;247.07;247.07;247.07;247.07;;;0.00%
31/12/2014;240.92;240.92;240.92;240.92;;;-2.49%
02/01/2015;240.55;240.55;240.55;240.55;;;-0.15%
05/01/2015;240.24;240.24;240.24;240.24;;;-0.13%
06/01/2015;235.59;235.59;235.59;235.59;;;-1.94%
07/01/2015;231.58;231.58;231.58;231.58;;;-1.70%
08/01/2015;232.53;232.53;232.53;232.53;;;0.41%
09/01/2015;232.53;232.53;232.53;232.53;;;0.00%
12/01/2015;227.44;227.44;227.44;227.44;;;-2.19%
13/01/2015;229.35;229.35;229.35;229.35;;;0.84%
14/01/2015;231.19;231.19;231.19;231.19;;;0.80%
15/01/2015;229.32;229.32;229.32;229.32;;;-0.81%
16/01/2015;236.33;236.33;236.33;236.33;;;3.06%
19/01/2015;228.9;228.9;228.9;228.9;;;-3.14%
20/01/2015;241.79;241.79;241.79;241.79;;;5.63%
21/01/2015;235.01;235.01;235.01;235.01;;;-2.80%
22/01/2015;243.27;243.27;243.27;243.27;;;3.51%
23/01/2015;235.38;235.38;235.38;235.38;;;-3.24%
26/01/2015;237.22;237.22;237.22;237.22;;;0.78%
27/01/2015;240.64;240.64;240.64;240.64;;;1.44%
28/01/2015;243.82;243.82;243.82;243.82;;;1.32%
29/01/2015;237.69;237.69;237.69;237.69;;;-2.51%
30/01/2015;238.96;238.96;238.96;238.96;;;0.53%
02/02/2015;240.24;240.24;240.24;240.24;;;0.54%
03/02/2015;238.99;238.99;238.99;238.99;;;-0.52%
04/02/2015;246.32;246.32;246.32;246.32;;;3.07%
05/02/2015;239.96;239.96;239.96;239.96;;;-2.58%
06/02/2015;246.46;246.46;246.46;246.46;;;2.71%
10/02/2015;241.05;241.05;241.05;241.05;;;-2.20%
11/02/2015;242.13;242.13;242.13;242.13;;;0.45%
12/02/2015;230.9;230.9;230.9;230.9;;;-4.64%
13/02/2015;231.19;231.19;231.19;231.19;;;0.13%
16/02/2015;229.92;229.92;229.92;229.92;;;-0.55%
17/02/2015;231.17;231.17;231.17;231.17;;;0.54%
18/02/2015;235.98;235.98;235.98;235.98;;;2.08%
19/02/2015;226.69;226.69;226.69;226.69;;;-3.94%
20/02/2015;226.78;226.78;226.78;226.78;;;0.04%
23/02/2015;224.4;224.4;224.4;224.4;;;-1.05%
24/02/2015;222.08;222.08;222.08;222.08;;;-1.03%
25/02/2015;228.41;228.41;228.41;228.41;;;2.85%
26/02/2015;225.81;225.81;225.81;225.81;;;-1.14%
27/02/2015;228.01;228.01;228.01;228.01;;;0.97%
02/03/2015;229.29;229.29;229.29;229.29;;;0.56%
03/03/2015;232.53;232.53;232.53;232.53;;;1.41%
04/03/2015;230.76;230.76;230.76;230.76;;;-0.76%
05/03/2015;232.54;232.54;232.54;232.54;;;0.77%
06/03/2015;232.54;232.54;232.54;232.54;;;0.00%
09/03/2015;233.43;233.43;233.43;233.43;;;0.38%
10/03/2015;233.46;233.46;233.46;233.46;;;0.01%
11/03/2015;233.32;233.32;233.32;233.32;;;-0.06%
12/03/2015;238.78;238.78;238.78;238.78;;;2.34%
13/03/2015;233.81;233.81;233.81;233.81;;;-2.08%
16/03/2015;238.78;238.78;238.78;238.78;;;2.13%
17/03/2015;233.9;233.9;233.9;233.9;;;-2.04%
18/03/2015;233.9;233.9;233.9;233.9;;;0.00%
19/03/2015;227.25;227.25;227.25;227.25;;;-2.84%
20/03/2015;224.11;224.11;224.11;224.11;;;-1.38%
23/03/2015;223.27;223.27;223.27;223.27;;;-0.37%
24/03/2015;223.27;223.27;223.27;223.27;;;0.00%
25/03/2015;220.17;220.17;220.17;220.17;;;-1.39%
26/03/2015;220.77;220.77;220.77;220.77;;;0.27%
27/03/2015;218.57;218.57;218.57;218.57;;;-1.00%
30/03/2015;219.18;219.18;219.18;219.18;;;0.28%
31/03/2015;216.88;216.88;216.88;216.88;;;-1.05%
01/04/2015;218.16;218.16;218.16;218.16;;;0.59%
02/04/2015;212.71;212.71;212.71;212.71;;;-2.50%
03/04/2015;219.68;219.68;219.68;219.68;;;3.28%
07/04/2015;219.55;219.55;219.55;219.55;;;-0.06%
08/04/2015;217.44;217.44;217.44;217.44;;;-0.96%
09/04/2015;218.28;218.28;218.28;218.28;;;0.39%
10/04/2015;218.54;218.54;218.54;218.54;;;0.12%
13/04/2015;218.24;218.24;218.24;218.24;;;-0.14%
14/04/2015;218.24;218.24;218.24;218.24;;;0.00%
15/04/2015;225.05;225.05;225.05;225.05;;;3.12%
16/04/2015;222.86;222.86;222.86;222.86;;;-0.97%
17/04/2015;222.75;222.75;222.75;222.75;;;-0.05%
20/04/2015;221.51;221.51;221.51;221.51;;;-0.56%
21/04/2015;222.39;222.39;222.39;222.39;;;0.40%
22/04/2015;222.4;222.4;222.4;222.4;;;0.00%
23/04/2015;221.53;221.53;221.53;221.53;;;-0.39%
24/04/2015;222.48;222.48;222.48;222.48;;;0.43%
27/04/2015;222.44;222.44;222.44;222.44;;;-0.02%
28/04/2015;222.26;222.26;222.26;222.26;;;-0.08%
29/04/2015;220.78;220.78;220.78;220.78;;;-0.67%
30/04/2015;220.57;220.57;220.57;220.57;;;-0.10%
04/05/2015;220.35;220.35;220.35;220.35;;;-0.10%
05/05/2015;224.65;224.65;224.65;224.65;;;1.95%
06/05/2015;218.26;218.26;218.26;218.26;;;-2.84%
07/05/2015;222.41;222.41;222.41;222.41;;;1.90%
08/05/2015;225.3;225.3;225.3;225.3;;;1.30%
11/05/2015;223.47;223.47;223.47;223.47;;;-0.81%
12/05/2015;223.47;223.47;223.47;223.47;;;0.00%
13/05/2015;225.15;225.15;225.15;225.15;;;0.75%
15/05/2015;223.47;223.47;223.47;223.47;;;-0.75%
18/05/2015;222.03;222.03;222.03;222.03;;;-0.64%
19/05/2015;216.88;216.88;216.88;216.88;;;-2.32%
20/05/2015;215.42;215.42;215.42;215.42;;;-0.67%
21/05/2015;220.51;220.51;220.51;220.51;;;2.36%
22/05/2015;215.42;215.42;215.42;215.42;;;-2.31%
26/05/2015;215.37;215.37;215.37;215.37;;;-0.02%
27/05/2015;220.51;220.51;220.51;220.51;;;2.39%
28/05/2015;219.63;219.63;219.63;219.63;;;-0.40%
29/05/2015;220.47;220.47;220.47;220.47;;;0.38%
01/06/2015;220.87;220.87;220.87;220.87;;;0.18%
02/06/2015;223.06;223.06;223.06;223.06;;;0.99%
03/06/2015;222.8;222.8;222.8;222.8;;;-0.12%
04/06/2015;223.42;223.42;223.42;223.42;;;0.28%
05/06/2015;222.14;222.14;222.14;222.14;;;-0.57%
08/06/2015;222.46;222.46;222.46;222.46;;;0.14%
09/06/2015;221.6;221.6;221.6;221.6;;;-0.39%
10/06/2015;223.44;223.44;223.44;223.44;;;0.83%
11/06/2015;224.73;224.73;224.73;224.73;;;0.58%
12/06/2015;220.75;220.75;220.75;220.75;;;-1.77%
15/06/2015;221.12;221.12;221.12;221.12;;;0.17%
16/06/2015;216.04;216.04;216.04;216.04;;;-2.30%
17/06/2015;215.84;215.84;215.84;215.84;;;-0.09%
18/06/2015;218.99;218.99;218.99;218.99;;;1.46%
19/06/2015;218.65;218.65;218.65;218.65;;;-0.16%
22/06/2015;218.65;218.65;218.65;218.65;;;0.00%
23/06/2015;210.57;210.57;210.57;210.57;;;-3.70%
24/06/2015;212.61;212.61;212.61;212.61;;;0.97%
25/06/2015;212.61;212.61;212.61;212.61;;;0.00%
26/06/2015;212.26;212.26;212.26;212.26;;;-0.16%
29/06/2015;218.98;218.98;218.98;218.98;;;3.17%
30/06/2015;215.44;215.44;215.44;215.44;;;-1.62%
01/07/2015;217.74;217.74;217.74;217.74;;;1.07%
02/07/2015;217.39;217.39;217.39;217.39;;;-0.16%
03/07/2015;216.5;216.5;216.5;216.5;;;-0.41%
06/07/2015;211.92;211.92;211.92;211.92;;;-2.12%
07/07/2015;214.71;214.71;214.71;214.71;;;1.32%
08/07/2015;213.44;213.44;213.44;213.44;;;-0.59%
09/07/2015;214.71;214.71;214.71;214.71;;;0.60%
10/07/2015;214.59;214.59;214.59;214.59;;;-0.06%
13/07/2015;211.25;211.25;211.25;211.25;;;-1.56%
15/07/2015;205.46;205.46;205.46;205.46;;;-2.74%
16/07/2015;203.74;203.74;203.74;203.74;;;-0.84%
20/07/2015;203.69;203.69;203.69;203.69;;;-0.02%
21/07/2015;210.57;210.57;210.57;210.57;;;3.38%
22/07/2015;204.87;204.87;204.87;204.87;;;-2.71%
23/07/2015;201.54;201.54;201.54;201.54;;;-1.63%
24/07/2015;201.62;201.62;201.62;201.62;;;0.04%
27/07/2015;201.29;201.29;201.29;201.29;;;-0.16%
28/07/2015;203.42;203.42;203.42;203.42;;;1.06%
29/07/2015;199.46;199.46;199.46;199.46;;;-1.95%
30/07/2015;199.83;199.83;199.83;199.83;;;0.19%
31/07/2015;196.69;196.69;196.69;196.69;;;-1.57%
03/08/2015;197.31;197.31;197.31;197.31;;;0.32%
04/08/2015;196.49;196.49;196.49;196.49;;;-0.42%
05/08/2015;193;193;193;193;;;-1.78%
06/08/2015;196.87;196.87;196.87;196.87;;;2.01%
10/08/2015;199.19;199.19;199.19;199.19;;;1.18%
11/08/2015;204.99;204.99;204.99;204.99;;;2.91%
12/08/2015;201.91;201.91;201.91;201.91;;;-1.50%
13/08/2015;201.89;201.89;201.89;201.89;;;-0.01%
14/08/2015;200.53;200.53;200.53;200.53;;;-0.67%
17/08/2015;207.49;207.49;207.49;207.49;;;3.47%
18/08/2015;205.33;205.33;205.33;205.33;;;-1.04%
19/08/2015;203.71;203.71;203.71;203.71;;;-0.79%
20/08/2015;205.62;205.62;205.62;205.62;;;0.94%
21/08/2015;205.62;205.62;205.62;205.62;;;0.00%
24/08/2015;203.73;203.73;203.73;203.73;;;-0.92%
25/08/2015;202.44;202.44;202.44;202.44;;;-0.63%
26/08/2015;203.71;203.71;203.71;203.71;;;0.63%
27/08/2015;203.11;203.11;203.11;203.11;;;-0.29%
28/08/2015;200.53;200.53;200.53;200.53;;;-1.27%
31/08/2015;200.72;200.72;200.72;200.72;;;0.09%
01/09/2015;197.35;197.35;197.35;197.35;;;-1.68%
02/09/2015;198.24;198.24;198.24;198.24;;;0.45%
03/09/2015;195.01;195.01;195.01;195.01;;;-1.63%
04/09/2015;195.04;195.04;195.04;195.04;;;0.02%
07/09/2015;195.51;195.51;195.51;195.51;;;0.24%
08/09/2015;197.3;197.3;197.3;197.3;;;0.92%
09/09/2015;197.43;197.43;197.43;197.43;;;0.07%
10/09/2015;197.03;197.03;197.03;197.03;;;-0.20%
11/09/2015;194.31;194.31;194.31;194.31;;;-1.38%
14/09/2015;196.39;196.39;196.39;196.39;;;1.07%
15/09/2015;194.81;194.81;194.81;194.81;;;-0.80%
16/09/2015;191.72;191.72;191.72;191.72;;;-1.59%
17/09/2015;191.68;191.68;191.68;191.68;;;-0.02%
18/09/2015;191.78;191.78;191.78;191.78;;;0.05%
21/09/2015;191.64;191.64;191.64;191.64;;;-0.07%
22/09/2015;192.43;192.43;192.43;192.43;;;0.41%
23/09/2015;191.18;191.18;191.18;191.18;;;-0.65%
25/09/2015;190.87;190.87;190.87;190.87;;;-0.16%
28/09/2015;190.87;190.87;190.87;190.87;;;0.00%
29/09/2015;185.48;185.48;185.48;185.48;;;-2.82%
30/09/2015;189.43;189.43;189.43;189.43;;;2.13%
01/10/2015;193.47;193.47;193.47;193.47;;;2.13%
02/10/2015;195.69;195.69;195.69;195.69;;;1.15%
05/10/2015;193.92;193.92;193.92;193.92;;;-0.90%
06/10/2015;201.1;201.1;201.1;201.1;;;3.70%
07/10/2015;198.76;198.76;198.76;198.76;;;-1.16%
08/10/2015;191.65;191.65;191.65;191.65;;;-3.58%
09/10/2015;197.16;197.16;197.16;197.16;;;2.88%
12/10/2015;193.57;193.57;193.57;193.57;;;-1.82%
13/10/2015;198.58;198.58;198.58;198.58;;;2.59%
14/10/2015;196.84;196.84;196.84;196.84;;;-0.88%
15/10/2015;195.25;195.25;195.25;195.25;;;-0.81%
16/10/2015;195.26;195.26;195.26;195.26;;;0.01%
19/10/2015;195.25;195.25;195.25;195.25;;;-0.01%
20/10/2015;195.76;195.76;195.76;195.76;;;0.26%
21/10/2015;197.92;197.92;197.92;197.92;;;1.10%
22/10/2015;197.38;197.38;197.38;197.38;;;-0.27%
23/10/2015;196.14;196.14;196.14;196.14;;;-0.63%
26/10/2015;195.5;195.5;195.5;195.5;;;-0.33%
27/10/2015;194.97;194.97;194.97;194.97;;;-0.27%
28/10/2015;195.41;195.41;195.41;195.41;;;0.23%
29/10/2015;189.05;189.05;189.05;189.05;;;-3.25%
30/10/2015;192.64;192.64;192.64;192.64;;;1.90%
02/11/2015;189.8;189.8;189.8;189.8;;;-1.47%
03/11/2015;187.72;187.72;187.72;187.72;;;-1.10%
04/11/2015;188.4;188.4;188.4;188.4;;;0.36%
05/11/2015;188.57;188.57;188.57;188.57;;;0.09%
06/11/2015;188.59;188.59;188.59;188.59;;;0.01%
09/11/2015;184.15;184.15;184.15;184.15;;;-2.35%
10/11/2015;187.1;187.1;187.1;187.1;;;1.60%
11/11/2015;183.79;183.79;183.79;183.79;;;-1.77%
12/11/2015;179.73;179.73;179.73;179.73;;;-2.21%
13/11/2015;182.82;182.82;182.82;182.82;;;1.72%
16/11/2015;179.71;179.71;179.71;179.71;;;-1.70%
17/11/2015;182.4;182.4;182.4;182.4;;;1.50%
18/11/2015;179.89;179.89;179.89;179.89;;;-1.38%
19/11/2015;179.81;179.81;179.81;179.81;;;-0.04%
20/11/2015;179.07;179.07;179.07;179.07;;;-0.41%
23/11/2015;179.25;179.25;179.25;179.25;;;0.10%
24/11/2015;178.26;178.26;178.26;178.26;;;-0.55%
25/11/2015;173.74;173.74;173.74;173.74;;;-2.54%
26/11/2015;176.28;176.28;176.28;176.28;;;1.46%
27/11/2015;173.35;173.35;173.35;173.35;;;-1.66%
30/11/2015;174.15;174.15;174.15;174.15;;;0.46%
01/12/2015;169.92;169.92;169.92;169.92;;;-2.43%
02/12/2015;170.66;170.66;170.66;170.66;;;0.44%
03/12/2015;170.87;170.87;170.87;170.87;;;0.12%
04/12/2015;171.05;171.05;171.05;171.05;;;0.11%
07/12/2015;168.71;168.71;168.71;168.71;;;-1.37%
08/12/2015;168.26;168.26;168.26;168.26;;;-0.27%
09/12/2015;168.26;168.26;168.26;168.26;;;0.00%
10/12/2015;164.42;164.42;164.42;164.42;;;-2.28%
11/12/2015;165.11;165.11;165.11;165.11;;;0.42%
14/12/2015;161.22;161.22;161.22;161.22;;;-2.36%
15/12/2015;158.73;158.73;158.73;158.73;;;-1.54%
16/12/2015;161.63;161.63;161.63;161.63;;;1.83%
17/12/2015;158.73;158.73;158.73;158.73;;;-1.79%
18/12/2015;159.55;159.55;159.55;159.55;;;0.52%
21/12/2015;157.55;157.55;157.55;157.55;;;-1.25%
22/12/2015;153.82;153.82;153.82;153.82;;;-2.37%
23/12/2015;153.85;153.85;153.85;153.85;;;0.02%
28/12/2015;157.15;157.15;157.15;157.15;;;2.14%
29/12/2015;160;160;160;160;;;1.81%
30/12/2015;168.26;168.26;168.26;168.26;;;5.16%
31/12/2015;174.26;174.26;174.26;174.26;;;3.57%
04/01/2016;168.54;168.54;168.54;168.54;;;-3.28%
05/01/2016;169.8;169.8;169.8;169.8;;;0.75%
06/01/2016;169.17;169.17;169.17;169.17;;;-0.37%
07/01/2016;164.48;164.48;164.48;164.48;;;-2.77%
08/01/2016;168.53;168.53;168.53;168.53;;;2.46%
11/01/2016;168.53;168.53;168.53;168.53;;;0.00%
12/01/2016;165.37;165.37;165.37;165.37;;;-1.88%
13/01/2016;167.06;167.06;167.06;167.06;;;1.02%
14/01/2016;166.42;166.42;166.42;166.42;;;-0.38%
15/01/2016;162.76;162.76;162.76;162.76;;;-2.20%
18/01/2016;162.75;162.75;162.75;162.75;;;-0.01%
19/01/2016;158.26;158.26;158.26;158.26;;;-2.76%
20/01/2016;164.79;164.79;164.79;164.79;;;4.13%
21/01/2016;165.65;165.65;165.65;165.65;;;0.52%
22/01/2016;165.5;165.5;165.5;165.5;;;-0.09%
25/01/2016;165.66;165.66;165.66;165.66;;;0.10%
26/01/2016;164.88;164.88;164.88;164.88;;;-0.47%
27/01/2016;164.88;164.88;164.88;164.88;;;0.00%
28/01/2016;165.94;165.94;165.94;165.94;;;0.64%
29/01/2016;163.84;163.84;163.84;163.84;;;-1.27%
01/02/2016;164.71;164.71;164.71;164.71;;;0.53%
02/02/2016;165.22;165.22;165.22;165.22;;;0.31%
03/02/2016;169.33;169.33;169.33;169.33;;;2.49%
04/02/2016;168.69;168.69;168.69;168.69;;;-0.38%
05/02/2016;169.37;169.37;169.37;169.37;;;0.40%
08/02/2016;172.37;172.37;172.37;172.37;;;1.77%
09/02/2016;170.23;170.23;170.23;170.23;;;-1.24%
10/02/2016;170.98;170.98;170.98;170.98;;;0.44%
11/02/2016;168.75;168.75;168.75;168.75;;;-1.30%
12/02/2016;168.77;168.77;168.77;168.77;;;0.01%
15/02/2016;164.22;164.22;164.22;164.22;;;-2.70%
16/02/2016;167.4;167.4;167.4;167.4;;;1.94%
17/02/2016;167.4;167.4;167.4;167.4;;;0.00%
18/02/2016;164.94;164.94;164.94;164.94;;;-1.47%
19/02/2016;163.83;163.83;163.83;163.83;;;-0.67%
22/02/2016;159.93;159.93;159.93;159.93;;;-2.38%
23/02/2016;158.46;158.46;158.46;158.46;;;-0.92%
24/02/2016;163.36;163.36;163.36;163.36;;;3.09%
25/02/2016;162.84;162.84;162.84;162.84;;;-0.32%
26/02/2016;163.48;163.48;163.48;163.48;;;0.39%
29/02/2016;160.39;160.39;160.39;160.39;;;-1.89%
01/03/2016;161.72;161.72;161.72;161.72;;;0.83%
02/03/2016;162.08;162.08;162.08;162.08;;;0.22%
03/03/2016;161.25;161.25;161.25;161.25;;;-0.51%
04/03/2016;162.08;162.08;162.08;162.08;;;0.51%
07/03/2016;158.96;158.96;158.96;158.96;;;-1.92%
08/03/2016;162.14;162.14;162.14;162.14;;;2.00%
09/03/2016;159.15;159.15;159.15;159.15;;;-1.84%
10/03/2016;163.54;163.54;163.54;163.54;;;2.76%
11/03/2016;161.37;161.37;161.37;161.37;;;-1.33%
14/03/2016;160.74;160.74;160.74;160.74;;;-0.39%
15/03/2016;160.74;160.74;160.74;160.74;;;0.00%
16/03/2016;163.15;163.15;163.15;163.15;;;1.50%
17/03/2016;162.29;162.29;162.29;162.29;;;-0.53%
18/03/2016;162.26;162.26;162.26;162.26;;;-0.02%
21/03/2016;162.26;162.26;162.26;162.26;;;0.00%
22/03/2016;162.83;162.83;162.83;162.83;;;0.35%
23/03/2016;162.83;162.83;162.83;162.83;;;0.00%
24/03/2016;163.25;163.25;163.25;163.25;;;0.26%
25/03/2016;165.03;165.03;165.03;165.03;;;1.09%
29/03/2016;167.02;167.02;167.02;167.02;;;1.21%
30/03/2016;165.55;165.55;165.55;165.55;;;-0.88%
31/03/2016;167.43;167.43;167.43;167.43;;;1.14%
01/04/2016;166.63;166.63;166.63;166.63;;;-0.48%
04/04/2016;167.85;167.85;167.85;167.85;;;0.73%
05/04/2016;169.06;169.06;169.06;169.06;;;0.72%
06/04/2016;167.18;167.18;167.18;167.18;;;-1.11%
07/04/2016;168.17;168.17;168.17;168.17;;;0.59%
08/04/2016;169.02;169.02;169.02;169.02;;;0.51%
11/04/2016;171.16;171.16;171.16;171.16;;;1.27%
12/04/2016;171.16;171.16;171.16;171.16;;;0.00%
13/04/2016;172.66;172.66;172.66;172.66;;;0.88%
14/04/2016;173.3;173.3;173.3;173.3;;;0.37%
15/04/2016;174.18;174.18;174.18;174.18;;;0.51%
18/04/2016;174.19;174.19;174.19;174.19;;;0.01%
19/04/2016;176.76;176.76;176.76;176.76;;;1.48%
20/04/2016;175.86;175.86;175.86;175.86;;;-0.51%
21/04/2016;174.38;174.38;174.38;174.38;;;-0.84%
22/04/2016;180.81;180.81;180.81;180.81;;;3.69%
25/04/2016;182.85;182.85;182.85;182.85;;;1.13%
26/04/2016;185.03;185.03;185.03;185.03;;;1.19%
27/04/2016;189.05;189.05;189.05;189.05;;;2.17%
28/04/2016;189.95;189.95;189.95;189.95;;;0.48%
29/04/2016;197.9;197.9;197.9;197.9;;;4.19%
03/05/2016;204.92;204.92;204.92;204.92;;;3.55%
04/05/2016;213.88;213.88;213.88;213.88;;;4.37%
06/05/2016;209.19;209.19;209.19;209.19;;;-2.19%
09/05/2016;212.15;212.15;212.15;212.15;;;1.41%
10/05/2016;201.38;201.38;201.38;201.38;;;-5.08%
11/05/2016;200.78;200.78;200.78;200.78;;;-0.30%
12/05/2016;196.82;196.82;196.82;196.82;;;-1.97%
13/05/2016;202.73;202.73;202.73;202.73;;;3.00%
17/05/2016;205.19;205.19;205.19;205.19;;;1.21%
18/05/2016;200.06;200.06;200.06;200.06;;;-2.50%
19/05/2016;200.89;200.89;200.89;200.89;;;0.41%
20/05/2016;200.88;200.88;200.88;200.88;;;-0.00%
23/05/2016;198.07;198.07;198.07;198.07;;;-1.40%
24/05/2016;192.61;192.61;192.61;192.61;;;-2.76%
25/05/2016;185.83;185.83;185.83;185.83;;;-3.52%
26/05/2016;183.4;183.4;183.4;183.4;;;-1.31%
27/05/2016;183.1;183.1;183.1;183.1;;;-0.16%
30/05/2016;181.9;181.9;181.9;181.9;;;-0.66%
31/05/2016;189.41;189.41;189.41;189.41;;;4.13%
01/06/2016;189.15;189.15;189.15;189.15;;;-0.14%
02/06/2016;190.15;190.15;190.15;190.15;;;0.53%
03/06/2016;187.88;187.88;187.88;187.88;;;-1.19%
06/06/2016;186.28;186.28;186.28;186.28;;;-0.85%
07/06/2016;189.02;189.02;189.02;189.02;;;1.47%
08/06/2016;189.91;189.91;189.91;189.91;;;0.47%
09/06/2016;187.97;187.97;187.97;187.97;;;-1.02%
10/06/2016;190.26;190.26;190.26;190.26;;;1.22%
13/06/2016;192;192;192;192;;;0.91%
14/06/2016;191.54;191.54;191.54;191.54;;;-0.24%
15/06/2016;192.17;192.17;192.17;192.17;;;0.33%
16/06/2016;190.11;190.11;190.11;190.11;;;-1.07%
17/06/2016;190.45;190.45;190.45;190.45;;;0.18%
20/06/2016;191.22;191.22;191.22;191.22;;;0.40%
21/06/2016;187.35;187.35;187.35;187.35;;;-2.02%
22/06/2016;189.51;189.51;189.51;189.51;;;1.15%
23/06/2016;189.59;189.59;189.59;189.59;;;0.04%
24/06/2016;184.81;184.81;184.81;184.81;;;-2.52%
27/06/2016;184.26;184.26;184.26;184.26;;;-0.30%
28/06/2016;184.26;184.26;184.26;184.26;;;0.00%
29/06/2016;188.23;188.23;188.23;188.23;;;2.15%
30/06/2016;192.58;192.58;192.58;192.58;;;2.31%
01/07/2016;200.79;200.79;200.79;200.79;;;4.26%
04/07/2016;205.81;205.81;205.81;205.81;;;2.50%
05/07/2016;206.89;206.89;206.89;206.89;;;0.52%
07/07/2016;202.82;202.82;202.82;202.82;;;-1.97%
08/07/2016;196.76;196.76;196.76;196.76;;;-2.99%
11/07/2016;189;189;189;189;;;-3.94%
12/07/2016;180.82;180.82;180.82;180.82;;;-4.33%
13/07/2016;181.91;181.91;181.91;181.91;;;0.60%
14/07/2016;181.37;181.37;181.37;181.37;;;-0.30%
15/07/2016;177.31;177.31;177.31;177.31;;;-2.24%
18/07/2016;180.15;180.15;180.15;180.15;;;1.60%
19/07/2016;182.92;182.92;182.92;182.92;;;1.54%
20/07/2016;185.71;185.71;185.71;185.71;;;1.53%
21/07/2016;183.49;183.49;183.49;183.49;;;-1.20%
22/07/2016;183.49;183.49;183.49;183.49;;;0.00%
25/07/2016;183.42;183.42;183.42;183.42;;;-0.04%
26/07/2016;181.58;181.58;181.58;181.58;;;-1.00%
27/07/2016;179.4;179.4;179.4;179.4;;;-1.20%
28/07/2016;179.4;179.4;179.4;179.4;;;0.00%
29/07/2016;186.69;186.69;186.69;186.69;;;4.06%
01/08/2016;191.46;191.46;191.46;191.46;;;2.56%
02/08/2016;190.82;190.82;190.82;190.82;;;-0.33%
03/08/2016;187.46;187.46;187.46;187.46;;;-1.76%
04/08/2016;186.64;186.64;186.64;186.64;;;-0.44%
05/08/2016;189.19;189.19;189.19;189.19;;;1.37%
09/08/2016;186.7;186.7;186.7;186.7;;;-1.32%
10/08/2016;184.56;184.56;184.56;184.56;;;-1.15%
11/08/2016;184.08;184.08;184.08;184.08;;;-0.26%
12/08/2016;176;176;176;176;;;-4.39%
16/08/2016;176.8;176.8;176.8;176.8;;;0.45%
17/08/2016;177.67;177.67;177.67;177.67;;;0.49%
18/08/2016;181.87;181.87;181.87;181.87;;;2.36%
19/08/2016;180.94;180.94;180.94;180.94;;;-0.51%
22/08/2016;176.99;176.99;176.99;176.99;;;-2.18%
23/08/2016;175.54;175.54;175.54;175.54;;;-0.82%
24/08/2016;177.93;177.93;177.93;177.93;;;1.36%
25/08/2016;177.93;177.93;177.93;177.93;;;0.00%
26/08/2016;176.08;176.08;176.08;176.08;;;-1.04%
29/08/2016;179.13;179.13;179.13;179.13;;;1.73%
30/08/2016;179.75;179.75;179.75;179.75;;;0.35%
31/08/2016;178.25;178.25;178.25;178.25;;;-0.83%
01/09/2016;176.6;176.6;176.6;176.6;;;-0.93%
02/09/2016;176.61;176.61;176.61;176.61;;;0.01%
05/09/2016;174.23;174.23;174.23;174.23;;;-1.35%
06/09/2016;175.27;175.27;175.27;175.27;;;0.60%
07/09/2016;175.76;175.76;175.76;175.76;;;0.28%
08/09/2016;180.27;180.27;180.27;180.27;;;2.57%
09/09/2016;184.35;184.35;184.35;184.35;;;2.26%
13/09/2016;186.61;186.61;186.61;186.61;;;1.23%
14/09/2016;181.43;181.43;181.43;181.43;;;-2.78%
15/09/2016;185.67;185.67;185.67;185.67;;;2.34%
16/09/2016;183.44;183.44;183.44;183.44;;;-1.20%
19/09/2016;178.22;178.22;178.22;178.22;;;-2.85%
20/09/2016;178.38;178.38;178.38;178.38;;;0.09%
21/09/2016;179.1;179.1;179.1;179.1;;;0.40%
22/09/2016;183.2;183.2;183.2;183.2;;;2.29%
23/09/2016;181.82;181.82;181.82;181.82;;;-0.75%
26/09/2016;176.69;176.69;176.69;176.69;;;-2.82%
27/09/2016;183.65;183.65;183.65;183.65;;;3.94%
28/09/2016;189.47;189.47;189.47;189.47;;;3.17%
29/09/2016;189.47;189.47;189.47;189.47;;;0.00%
30/09/2016;187.67;187.67;187.67;187.67;;;-0.95%
03/10/2016;185.56;185.56;185.56;185.56;;;-1.12%
04/10/2016;185.56;185.56;185.56;185.56;;;0.00%
05/10/2016;185.38;185.38;185.38;185.38;;;-0.10%
06/10/2016;183.1;183.1;183.1;183.1;;;-1.23%
07/10/2016;184.32;184.32;184.32;184.32;;;0.67%
10/10/2016;184.75;184.75;184.75;184.75;;;0.23%
11/10/2016;190.47;190.47;190.47;190.47;;;3.10%
12/10/2016;190.39;190.39;190.39;190.39;;;-0.04%
13/10/2016;184.49;184.49;184.49;184.49;;;-3.10%
14/10/2016;184.82;184.82;184.82;184.82;;;0.18%
17/10/2016;184.3;184.3;184.3;184.3;;;-0.28%
18/10/2016;184.76;184.76;184.76;184.76;;;0.25%
19/10/2016;177.61;177.61;177.61;177.61;;;-3.87%
20/10/2016;174.73;174.73;174.73;174.73;;;-1.62%
21/10/2016;175.56;175.56;175.56;175.56;;;0.48%
24/10/2016;178.43;178.43;178.43;178.43;;;1.63%
25/10/2016;179.78;179.78;179.78;179.78;;;0.76%
26/10/2016;179.75;179.75;179.75;179.75;;;-0.02%
27/10/2016;181.01;181.01;181.01;181.01;;;0.70%
28/10/2016;179.27;179.27;179.27;179.27;;;-0.96%
31/10/2016;174;174;174;174;;;-2.94%
02/11/2016;171.84;171.84;171.84;171.84;;;-1.24%
03/11/2016;176.59;176.59;176.59;176.59;;;2.76%
04/11/2016;174.04;174.04;174.04;174.04;;;-1.44%
07/11/2016;172.83;172.83;172.83;172.83;;;-0.70%
08/11/2016;170.76;170.76;170.76;170.76;;;-1.20%
09/11/2016;168.14;168.14;168.14;168.14;;;-1.53%
10/11/2016;172.88;172.88;172.88;172.88;;;2.82%
11/11/2016;176.34;176.34;176.34;176.34;;;2.00%
14/11/2016;177.02;177.02;177.02;177.02;;;0.39%
16/11/2016;171.12;171.12;171.12;171.12;;;-3.33%
17/11/2016;178.89;178.89;178.89;178.89;;;4.54%
18/11/2016;177.75;177.75;177.75;177.75;;;-0.64%
21/11/2016;180.16;180.16;180.16;180.16;;;1.36%
22/11/2016;175.8;175.8;175.8;175.8;;;-2.42%
23/11/2016;169.7;169.7;169.7;169.7;;;-3.47%
24/11/2016;177.85;177.85;177.85;177.85;;;4.80%
25/11/2016;177.18;177.18;177.18;177.18;;;-0.38%
28/11/2016;176.87;176.87;176.87;176.87;;;-0.17%
29/11/2016;181.96;181.96;181.96;181.96;;;2.88%
30/11/2016;179.13;179.13;179.13;179.13;;;-1.56%
01/12/2016;177.4;177.4;177.4;177.4;;;-0.97%
02/12/2016;178.1;178.1;178.1;178.1;;;0.39%
05/12/2016;176.95;176.95;176.95;176.95;;;-0.65%
06/12/2016;182.84;182.84;182.84;182.84;;;3.33%
07/12/2016;188.35;188.35;188.35;188.35;;;3.01%
08/12/2016;184.91;184.91;184.91;184.91;;;-1.83%
09/12/2016;185.21;185.21;185.21;185.21;;;0.16%
13/12/2016;192.82;192.82;192.82;192.82;;;4.11%
14/12/2016;196.65;196.65;196.65;196.65;;;1.99%
15/12/2016;191.28;191.28;191.28;191.28;;;-2.73%
16/12/2016;197.61;197.61;197.61;197.61;;;3.31%
19/12/2016;197.52;197.52;197.52;197.52;;;-0.05%
20/12/2016;204.64;204.64;204.64;204.64;;;3.60%
21/12/2016;205.14;205.14;205.14;205.14;;;0.24%
22/12/2016;203.65;203.65;203.65;203.65;;;-0.73%
23/12/2016;204.82;204.82;204.82;204.82;;;0.57%
27/12/2016;206.45;206.45;206.45;206.45;;;0.80%
28/12/2016;206.85;206.85;206.85;206.85;;;0.19%
29/12/2016;211.92;211.92;211.92;211.92;;;2.45%
30/12/2016;217.49;217.49;217.49;217.49;;;2.63%
02/01/2017;207.35;207.35;207.35;207.35;;;-4.66%
03/01/2017;203.95;203.95;203.95;203.95;;;-1.64%
04/01/2017;203.9;203.9;203.9;203.9;;;-0.02%
05/01/2017;203.49;203.49;203.49;203.49;;;-0.20%
06/01/2017;202.83;202.83;202.83;202.83;;;-0.32%
09/01/2017;201.16;201.16;201.16;201.16;;;-0.82%
10/01/2017;203.62;203.62;203.62;203.62;;;1.22%
11/01/2017;205.54;205.54;205.54;205.54;;;0.94%
12/01/2017;205.03;205.03;205.03;205.03;;;-0.25%
13/01/2017;201.49;201.49;201.49;201.49;;;-1.73%
16/01/2017;201.59;201.59;201.59;201.59;;;0.05%
17/01/2017;205.05;205.05;205.05;205.05;;;1.72%
18/01/2017;197.39;197.39;197.39;197.39;;;-3.74%
19/01/2017;194.28;194.28;194.28;194.28;;;-1.58%
20/01/2017;193.52;193.52;193.52;193.52;;;-0.39%
23/01/2017;194.95;194.95;194.95;194.95;;;0.74%
24/01/2017;192.38;192.38;192.38;192.38;;;-1.32%
25/01/2017;190.86;190.86;190.86;190.86;;;-0.79%
26/01/2017;191.12;191.12;191.12;191.12;;;0.14%
27/01/2017;192.31;192.31;192.31;192.31;;;0.62%
30/01/2017;191.25;191.25;191.25;191.25;;;-0.55%
31/01/2017;199.88;199.88;199.88;199.88;;;4.51%
01/02/2017;204.46;204.46;204.46;204.46;;;2.29%
02/02/2017;202.75;202.75;202.75;202.75;;;-0.84%
03/02/2017;204.36;204.36;204.36;204.36;;;0.79%
06/02/2017;207.72;207.72;207.72;207.72;;;1.64%
07/02/2017;205.65;205.65;205.65;205.65;;;-1.00%
08/02/2017;203.71;203.71;203.71;203.71;;;-0.94%
09/02/2017;204.13;204.13;204.13;204.13;;;0.21%
10/02/2017;204.21;204.21;204.21;204.21;;;0.04%
13/02/2017;203.44;203.44;203.44;203.44;;;-0.38%
14/02/2017;204.24;204.24;204.24;204.24;;;0.39%
15/02/2017;204.49;204.49;204.49;204.49;;;0.12%
16/02/2017;202.43;202.43;202.43;202.43;;;-1.01%
17/02/2017;203.95;203.95;203.95;203.95;;;0.75%
20/02/2017;203.35;203.35;203.35;203.35;;;-0.29%
21/02/2017;205.71;205.71;205.71;205.71;;;1.16%
22/02/2017;208.54;208.54;208.54;208.54;;;1.38%
23/02/2017;209.31;209.31;209.31;209.31;;;0.37%
24/02/2017;207.85;207.85;207.85;207.85;;;-0.70%
27/02/2017;205.69;205.69;205.69;205.69;;;-1.04%
28/02/2017;210.8;210.8;210.8;210.8;;;2.48%
01/03/2017;210.9;210.9;210.9;210.9;;;0.05%
02/03/2017;201.17;201.17;201.17;201.17;;;-4.61%
03/03/2017;203.76;203.76;203.76;203.76;;;1.29%
06/03/2017;201.81;201.81;201.81;201.81;;;-0.96%
07/03/2017;199.24;199.24;199.24;199.24;;;-1.27%
08/03/2017;197.47;197.47;197.47;197.47;;;-0.89%
09/03/2017;196.77;196.77;196.77;196.77;;;-0.35%
10/03/2017;194.92;194.92;194.92;194.92;;;-0.94%
13/03/2017;197.16;197.16;197.16;197.16;;;1.15%
14/03/2017;195.55;195.55;195.55;195.55;;;-0.82%
15/03/2017;193.54;193.54;193.54;193.54;;;-1.03%
16/03/2017;188.88;188.88;188.88;188.88;;;-2.41%
17/03/2017;188.51;188.51;188.51;188.51;;;-0.20%
20/03/2017;185.51;185.51;185.51;185.51;;;-1.59%
21/03/2017;185.23;185.23;185.23;185.23;;;-0.15%
22/03/2017;184.65;184.65;184.65;184.65;;;-0.31%
23/03/2017;183.16;183.16;183.16;183.16;;;-0.81%
24/03/2017;183.2;183.2;183.2;183.2;;;0.02%
27/03/2017;183.83;183.83;183.83;183.83;;;0.34%
28/03/2017;183.5;183.5;183.5;183.5;;;-0.18%
29/03/2017;181.3;181.3;181.3;181.3;;;-1.20%
30/03/2017;185.97;185.97;185.97;185.97;;;2.58%
31/03/2017;187.83;187.83;187.83;187.83;;;1.00%
03/04/2017;186.67;186.67;186.67;186.67;;;-0.62%
04/04/2017;186.26;186.26;186.26;186.26;;;-0.22%
05/04/2017;188.58;188.58;188.58;188.58;;;1.25%
06/04/2017;186.95;186.95;186.95;186.95;;;-0.86%
07/04/2017;186.6;186.6;186.6;186.6;;;-0.19%
10/04/2017;188.51;188.51;188.51;188.51;;;1.02%
11/04/2017;187.21;187.21;187.21;187.21;;;-0.69%
12/04/2017;189.59;189.59;189.59;189.59;;;1.27%
13/04/2017;193.38;193.38;193.38;193.38;;;2.00%
14/04/2017;197.37;197.37;197.37;197.37;;;2.06%
18/04/2017;203.73;203.73;203.73;203.73;;;3.22%
19/04/2017;212.5;212.5;212.5;212.5;;;4.30%
20/04/2017;218.26;218.26;218.26;218.26;;;2.71%
21/04/2017;220.01;220.01;220.01;220.01;;;0.80%
24/04/2017;218.58;218.58;218.58;218.58;;;-0.65%
25/04/2017;221.79;221.79;221.79;221.79;;;1.47%
26/04/2017;225.26;225.26;225.26;225.26;;;1.56%
27/04/2017;223.7;223.7;223.7;223.7;;;-0.69%
28/04/2017;222.09;222.09;222.09;222.09;;;-0.72%
02/05/2017;224.95;224.95;224.95;224.95;;;1.29%
03/05/2017;228.12;228.12;228.12;228.12;;;1.41%
04/05/2017;230.63;230.63;230.63;230.63;;;1.10%
05/05/2017;225.43;225.43;225.43;225.43;;;-2.25%
08/05/2017;223.92;223.92;223.92;223.92;;;-0.67%
09/05/2017;221.07;221.07;221.07;221.07;;;-1.27%
10/05/2017;222.28;222.28;222.28;222.28;;;0.55%
11/05/2017;223.83;223.83;223.83;223.83;;;0.70%
12/05/2017;222.17;222.17;222.17;222.17;;;-0.74%
15/05/2017;220.52;220.52;220.52;220.52;;;-0.74%
16/05/2017;221.43;221.43;221.43;221.43;;;0.41%
17/05/2017;219.91;219.91;219.91;219.91;;;-0.69%
18/05/2017;217.88;217.88;217.88;217.88;;;-0.92%
19/05/2017;211.05;211.05;211.05;211.05;;;-3.13%
22/05/2017;209.76;209.76;209.76;209.76;;;-0.61%
23/05/2017;208.74;208.74;208.74;208.74;;;-0.49%
24/05/2017;214.95;214.95;214.95;214.95;;;2.97%
26/05/2017;212.4;212.4;212.4;212.4;;;-1.19%
29/05/2017;212.3;212.3;212.3;212.3;;;-0.05%
30/05/2017;209.21;209.21;209.21;209.21;;;-1.46%
31/05/2017;204.38;204.38;204.38;204.38;;;-2.31%
01/06/2017;203.72;203.72;203.72;203.72;;;-0.32%
02/06/2017;203.66;203.66;203.66;203.66;;;-0.03%
06/06/2017;202.82;202.82;202.82;202.82;;;-0.41%
07/06/2017;206.38;206.38;206.38;206.38;;;1.76%
08/06/2017;201.9;201.9;201.9;201.9;;;-2.17%
09/06/2017;199.52;199.52;199.52;199.52;;;-1.18%
12/06/2017;191.32;191.32;191.32;191.32;;;-4.11%
13/06/2017;193.06;193.06;193.06;193.06;;;0.91%
14/06/2017;196.22;196.22;196.22;196.22;;;1.64%
15/06/2017;196.56;196.56;196.56;196.56;;;0.17%
16/06/2017;189.94;189.94;189.94;189.94;;;-3.37%
19/06/2017;192.96;192.96;192.96;192.96;;;1.59%
20/06/2017;195.98;195.98;195.98;195.98;;;1.57%
21/06/2017;193.01;193.01;193.01;193.01;;;-1.52%
23/06/2017;191.42;191.42;191.42;191.42;;;-0.82%
27/06/2017;190.72;190.72;190.72;190.72;;;-0.37%
28/06/2017;188.51;188.51;188.51;188.51;;;-1.16%
29/06/2017;192.99;192.99;192.99;192.99;;;2.38%
30/06/2017;189.32;189.32;189.32;189.32;;;-1.90%
03/07/2017;188;188;188;188;;;-0.70%
04/07/2017;192.34;192.34;192.34;192.34;;;2.31%
05/07/2017;194.48;194.48;194.48;194.48;;;1.11%
06/07/2017;189.31;189.31;189.31;189.31;;;-2.66%
07/07/2017;189.84;189.84;189.84;189.84;;;0.28%
10/07/2017;192.85;192.85;192.85;192.85;;;1.59%
11/07/2017;193.3;193.3;193.3;193.3;;;0.23%
12/07/2017;189.61;189.61;189.61;189.61;;;-1.91%
13/07/2017;187.75;187.75;187.75;187.75;;;-0.98%
14/07/2017;190.72;190.72;190.72;190.72;;;1.58%
17/07/2017;188.39;188.39;188.39;188.39;;;-1.22%
18/07/2017;186.69;186.69;186.69;186.69;;;-0.90%
19/07/2017;188.92;188.92;188.92;188.92;;;1.19%
20/07/2017;188.5;188.5;188.5;188.5;;;-0.22%
21/07/2017;184.63;184.63;184.63;184.63;;;-2.05%
24/07/2017;189.92;189.92;189.92;189.92;;;2.87%
25/07/2017;190.2;190.2;190.2;190.2;;;0.15%
26/07/2017;191.7;191.7;191.7;191.7;;;0.79%
27/07/2017;183.05;183.05;183.05;183.05;;;-4.51%
28/07/2017;187.06;187.06;187.06;187.06;;;2.19%
31/07/2017;182.63;182.63;182.63;182.63;;;-2.37%
01/08/2017;176.65;176.65;176.65;176.65;;;-3.27%
02/08/2017;179.69;179.69;179.69;179.69;;;1.72%
03/08/2017;180.68;180.68;180.68;180.68;;;0.55%
04/08/2017;179.72;179.72;179.72;179.72;;;-0.53%
08/08/2017;188.32;188.32;188.32;188.32;;;4.79%
09/08/2017;189.69;189.69;189.69;189.69;;;0.73%
10/08/2017;186.1;186.1;186.1;186.1;;;-1.89%
11/08/2017;184.28;184.28;184.28;184.28;;;-0.98%
14/08/2017;180.6;180.6;180.6;180.6;;;-2.00%
16/08/2017;182.44;182.44;182.44;182.44;;;1.02%
17/08/2017;175.41;175.41;175.41;175.41;;;-3.85%
18/08/2017;183.29;183.29;183.29;183.29;;;4.49%
21/08/2017;181.62;181.62;181.62;181.62;;;-0.91%
22/08/2017;175.2;175.2;175.2;175.2;;;-3.53%
23/08/2017;171.13;171.13;171.13;171.13;;;-2.32%
24/08/2017;173.23;173.23;173.23;173.23;;;1.23%
25/08/2017;172.99;172.99;172.99;172.99;;;-0.14%
28/08/2017;173.69;173.69;173.69;173.69;;;0.40%
29/08/2017;170.3;170.3;170.3;170.3;;;-1.95%
30/08/2017;168.59;168.59;168.59;168.59;;;-1.00%
31/08/2017;166.43;166.43;166.43;166.43;;;-1.28%
04/09/2017;170.43;170.43;170.43;170.43;;;2.40%
05/09/2017;176.08;176.08;176.08;176.08;;;3.32%
06/09/2017;174.1;174.1;174.1;174.1;;;-1.12%
07/09/2017;172.95;172.95;172.95;172.95;;;-0.66%
08/09/2017;174.89;174.89;174.89;174.89;;;1.12%
11/09/2017;176.36;176.36;176.36;176.36;;;0.84%
12/09/2017;173.78;173.78;173.78;173.78;;;-1.46%
13/09/2017;173.83;173.83;173.83;173.83;;;0.03%
14/09/2017;172.18;172.18;172.18;172.18;;;-0.95%
15/09/2017;169.84;169.84;169.84;169.84;;;-1.36%
18/09/2017;170.72;170.72;170.72;170.72;;;0.52%
19/09/2017;160.6;160.6;160.6;160.6;;;-5.93%
20/09/2017;164.5;164.5;164.5;164.5;;;2.43%
21/09/2017;169.17;169.17;169.17;169.17;;;2.84%
22/09/2017;163.84;163.84;163.84;163.84;;;-3.15%
25/09/2017;164.31;164.31;164.31;164.31;;;0.29%
26/09/2017;170.18;170.18;170.18;170.18;;;3.57%
27/09/2017;164.42;164.42;164.42;164.42;;;-3.38%
28/09/2017;164.33;164.33;164.33;164.33;;;-0.05%
29/09/2017;165.78;165.78;165.78;165.78;;;0.88%
02/10/2017;168.99;168.99;168.99;168.99;;;1.94%
03/10/2017;163.54;163.54;163.54;163.54;;;-3.23%
04/10/2017;165.11;165.11;165.11;165.11;;;0.96%
05/10/2017;169.73;169.73;169.73;169.73;;;2.80%
06/10/2017;173.09;173.09;173.09;173.09;;;1.98%
09/10/2017;173.45;173.45;173.45;173.45;;;0.21%
10/10/2017;172.8;172.8;172.8;172.8;;;-0.37%
11/10/2017;168.22;168.22;168.22;168.22;;;-2.65%
12/10/2017;170.47;170.47;170.47;170.47;;;1.34%
13/10/2017;169.59;169.59;169.59;169.59;;;-0.52%
16/10/2017;170.09;170.09;170.09;170.09;;;0.29%
17/10/2017;169.76;169.76;169.76;169.76;;;-0.19%
18/10/2017;166.96;166.96;166.96;166.96;;;-1.65%
19/10/2017;164.28;164.28;164.28;164.28;;;-1.61%
20/10/2017;164.04;164.04;164.04;164.04;;;-0.15%
23/10/2017;166.1;166.1;166.1;166.1;;;1.26%
24/10/2017;167.77;167.77;167.77;167.77;;;1.01%
25/10/2017;161.6;161.6;161.6;161.6;;;-3.68%
26/10/2017;163;163;163;163;;;0.87%
27/10/2017;159.81;159.81;159.81;159.81;;;-1.96%
30/10/2017;161.1;161.1;161.1;161.1;;;0.81%
31/10/2017;166.48;166.48;166.48;166.48;;;3.34%
02/11/2017;163.85;163.85;163.85;163.85;;;-1.58%
03/11/2017;162.61;162.61;162.61;162.61;;;-0.76%
06/11/2017;162.58;162.58;162.58;162.58;;;-0.02%
07/11/2017;158.44;158.44;158.44;158.44;;;-2.55%
08/11/2017;153.76;153.76;153.76;153.76;;;-2.95%
09/11/2017;159.81;159.81;159.81;159.81;;;3.93%
10/11/2017;161.89;161.89;161.89;161.89;;;1.30%
13/11/2017;156.79;156.79;156.79;156.79;;;-3.15%
14/11/2017;159.76;159.76;159.76;159.76;;;1.89%
16/11/2017;160.99;160.99;160.99;160.99;;;0.77%
17/11/2017;157.26;157.26;157.26;157.26;;;-2.32%
20/11/2017;155.45;155.45;155.45;155.45;;;-1.15%
21/11/2017;153.11;153.11;153.11;153.11;;;-1.51%
22/11/2017;155.63;155.63;155.63;155.63;;;1.65%
23/11/2017;152.16;152.16;152.16;152.16;;;-2.23%
24/11/2017;150.96;150.96;150.96;150.96;;;-0.79%
27/11/2017;151.61;151.61;151.61;151.61;;;0.43%
28/11/2017;152.86;152.86;152.86;152.86;;;0.82%
29/11/2017;149.14;149.14;149.14;149.14;;;-2.43%
30/11/2017;151.01;151.01;151.01;151.01;;;1.25%
04/12/2017;152.8;152.8;152.8;152.8;;;1.19%
05/12/2017;154.28;154.28;154.28;154.28;;;0.97%
06/12/2017;157.52;157.52;157.52;157.52;;;2.10%
07/12/2017;160.05;160.05;160.05;160.05;;;1.61%
08/12/2017;164.25;164.25;164.25;164.25;;;2.62%
11/12/2017;164.25;164.25;164.25;164.25;;;0.00%
12/12/2017;165.12;165.12;165.12;165.12;;;0.53%
13/12/2017;165.69;165.69;165.69;165.69;;;0.35%
14/12/2017;169.56;169.56;169.56;169.56;;;2.34%
15/12/2017;173.03;173.03;173.03;173.03;;;2.05%
18/12/2017;170.22;170.22;170.22;170.22;;;-1.62%
19/12/2017;174.07;174.07;174.07;174.07;;;2.26%
20/12/2017;177.3;177.3;177.3;177.3;;;1.86%
21/12/2017;176.48;176.48;176.48;176.48;;;-0.46%
22/12/2017;183.06;183.06;183.06;183.06;;;3.73%
26/12/2017;181.43;181.43;181.43;181.43;;;-0.89%
27/12/2017;185.04;185.04;185.04;185.04;;;1.99%
28/12/2017;184.35;184.35;184.35;184.35;;;-0.37%
29/12/2017;183.48;183.48;183.48;183.48;;;-0.47%
02/01/2018;180.81;180.81;180.81;180.81;;;-1.46%
03/01/2018;184.01;184.01;184.01;184.01;;;1.77%
04/01/2018;184.36;184.36;184.36;184.36;;;0.19%
05/01/2018;186.02;186.02;186.02;186.02;;;0.90%
08/01/2018;181.53;181.53;181.53;181.53;;;-2.41%
09/01/2018;180.84;180.84;180.84;180.84;;;-0.38%
10/01/2018;181.29;181.29;181.29;181.29;;;0.25%
11/01/2018;184.05;184.05;184.05;184.05;;;1.52%
12/01/2018;185.14;185.14;185.14;185.14;;;0.59%
15/01/2018;184.23;184.23;184.23;184.23;;;-0.49%
16/01/2018;186.27;186.27;186.27;186.27;;;1.11%
17/01/2018;186.22;186.22;186.22;186.22;;;-0.03%
18/01/2018;186.85;186.85;186.85;186.85;;;0.34%
19/01/2018;184.68;184.68;184.68;184.68;;;-1.16%
22/01/2018;183.8;183.8;183.8;183.8;;;-0.48%
23/01/2018;182.65;182.65;182.65;182.65;;;-0.63%
24/01/2018;183.16;183.16;183.16;183.16;;;0.28%
25/01/2018;181.2;181.2;181.2;181.2;;;-1.07%
26/01/2018;183.92;183.92;183.92;183.92;;;1.50%
29/01/2018;183.03;183.03;183.03;183.03;;;-0.48%
30/01/2018;183.3;183.3;183.3;183.3;;;0.15%
31/01/2018;180.72;180.72;180.72;180.72;;;-1.41%
01/02/2018;192.9;192.9;192.9;192.9;;;6.74%
02/02/2018;198.6;198.6;198.6;198.6;;;2.95%
03/06/2019;94.58;94.58;94.58;94.58;;;-52.38%
05/06/2019;93.65;93.65;93.65;93.65;;;-0.98%
06/06/2019;93.77;93.77;93.77;93.77;;;0.13%
07/06/2019;94.47;94.47;94.47;94.47;;;0.75%
11/06/2019;93.39;93.39;93.39;93.39;;;-1.14%
12/06/2019;93.39;93.39;93.39;93.39;;;0.00%
13/06/2019;94.12;94.12;94.12;94.12;;;0.78%
14/06/2019;93.02;93.02;93.02;93.02;;;-1.17%
17/06/2019;91.25;91.25;91.25;91.25;;;-1.90%
18/06/2019;92.03;92.03;92.03;92.03;;;0.85%
19/06/2019;93.3;93.3;93.3;93.3;;;1.38%
20/06/2019;93.01;93.01;93.01;93.01;;;-0.31%
21/06/2019;92.77;92.77;92.77;92.77;;;-0.26%
24/06/2019;92.04;92.04;92.04;92.04;;;-0.79%
25/06/2019;92.14;92.14;92.14;92.14;;;0.11%
26/06/2019;88.86;88.86;88.86;88.86;;;-3.56%
27/06/2019;87.65;87.65;87.65;87.65;;;-1.36%
28/06/2019;88.27;88.27;88.27;88.27;;;0.71%
01/07/2019;85.47;85.47;85.47;85.47;;;-3.17%
02/07/2019;84.65;84.65;84.65;84.65;;;-0.96%
03/07/2019;82.91;82.91;82.91;82.91;;;-2.06%
04/07/2019;84.28;84.28;84.28;84.28;;;1.65%
05/07/2019;84.03;84.03;84.03;84.03;;;-0.30%
08/07/2019;83.97;83.97;83.97;83.97;;;-0.07%
09/07/2019;85.39;85.39;85.39;85.39;;;1.69%
10/07/2019;83.71;83.71;83.71;83.71;;;-1.97%
11/07/2019;83.65;83.65;83.65;83.65;;;-0.07%
12/07/2019;82.23;82.23;82.23;82.23;;;-1.70%
15/07/2019;82.66;82.66;82.66;82.66;;;0.52%
16/07/2019;81.08;81.08;81.08;81.08;;;-1.91%
17/07/2019;80.21;80.21;80.21;80.21;;;-1.07%
18/07/2019;79.4;79.4;79.4;79.4;;;-1.01%
19/07/2019;80.68;80.68;80.68;80.68;;;1.61%
22/07/2019;79.96;79.96;79.96;79.96;;;-0.89%
23/07/2019;78.8;78.8;78.8;78.8;;;-1.45%
24/07/2019;78.91;78.91;78.91;78.91;;;0.14%
25/07/2019;79.82;79.82;79.82;79.82;;;1.15%
26/07/2019;78.95;78.95;78.95;78.95;;;-1.09%
29/07/2019;78.98;78.98;78.98;78.98;;;0.04%
30/07/2019;79.29;79.29;79.29;79.29;;;0.39%
31/07/2019;79.6;79.6;79.6;79.6;;;0.39%
01/08/2019;79.38;79.38;79.38;79.38;;;-0.28%
02/08/2019;80.14;80.14;80.14;80.14;;;0.96%
05/08/2019;80.14;80.14;80.14;80.14;;;0.00%
06/08/2019;80.83;80.83;80.83;80.83;;;0.86%
07/08/2019;80.83;80.83;80.83;80.83;;;0.00%
08/08/2019;79.99;79.99;79.99;79.99;;;-1.04%
09/08/2019;79.76;79.76;79.76;79.76;;;-0.29%
12/08/2019;79.76;79.76;79.76;79.76;;;0.00%
13/08/2019;80.03;80.03;80.03;80.03;;;0.34%
14/08/2019;79.14;79.14;79.14;79.14;;;-1.11%
15/08/2019;79.14;79.14;79.14;79.14;;;0.00%
16/08/2019;79.04;79.04;79.04;79.04;;;-0.13%
19/08/2019;76.68;76.68;76.68;76.68;;;-2.99%
20/08/2019;76.3;76.3;76.3;76.3;;;-0.50%
21/08/2019;75.96;75.96;75.96;75.96;;;-0.45%
22/08/2019;75.96;75.96;75.96;75.96;;;0.00%
23/08/2019;75.25;75.25;75.25;75.25;;;-0.93%
26/08/2019;74.06;74.06;74.06;74.06;;;-1.58%
27/08/2019;74.17;74.17;74.17;74.17;;;0.15%
28/08/2019;76.56;76.56;76.56;76.56;;;3.22%
29/08/2019;76.37;76.37;76.37;76.37;;;-0.25%
30/08/2019;76.88;76.88;76.88;76.88;;;0.67%
02/09/2019;74.05;74.05;74.05;74.05;;;-3.68%
03/09/2019;73.66;73.66;73.66;73.66;;;-0.53%
04/09/2019;73.66;73.66;73.66;73.66;;;0.00%
05/09/2019;72.64;72.64;72.64;72.64;;;-1.38%
06/09/2019;72.44;72.44;72.44;72.44;;;-0.28%
09/09/2019;72.72;72.72;72.72;72.72;;;0.39%
10/09/2019;72.55;72.55;72.55;72.55;;;-0.23%
11/09/2019;73.14;73.14;73.14;73.14;;;0.81%
12/09/2019;74;74;74;74;;;1.18%
13/09/2019;72.07;72.07;72.07;72.07;;;-2.61%
16/09/2019;71.19;71.19;71.19;71.19;;;-1.22%
17/09/2019;70.3;70.3;70.3;70.3;;;-1.25%
18/09/2019;69.53;69.53;69.53;69.53;;;-1.10%
19/09/2019;68.65;68.65;68.65;68.65;;;-1.27%
20/09/2019;66.23;66.23;66.23;66.23;;;-3.53%
23/09/2019;64.12;64.12;64.12;64.12;;;-3.19%
24/09/2019;62.62;62.62;62.62;62.62;;;-2.34%
25/09/2019;64.74;64.74;64.74;64.74;;;3.39%
26/09/2019;66.45;66.45;66.45;66.45;;;2.64%
27/09/2019;66.34;66.34;66.34;66.34;;;-0.17%
30/09/2019;66.39;66.39;66.39;66.39;;;0.08%
01/10/2019;64.48;64.48;64.48;64.48;;;-2.88%
02/10/2019;65.09;65.09;65.09;65.09;;;0.95%
03/10/2019;63.1;63.1;63.1;63.1;;;-3.06%
04/10/2019;62.66;62.66;62.66;62.66;;;-0.70%
07/10/2019;62.8;62.8;62.8;62.8;;;0.22%
08/10/2019;63.29;63.29;63.29;63.29;;;0.78%
09/10/2019;61.87;61.87;61.87;61.87;;;-2.24%
10/10/2019;59.9;59.9;59.9;59.9;;;-3.18%
11/10/2019;61.46;61.46;61.46;61.46;;;2.60%
14/10/2019;61.04;61.04;61.04;61.04;;;-0.68%
15/10/2019;61.88;61.88;61.88;61.88;;;1.38%
16/10/2019;61.05;61.05;61.05;61.05;;;-1.34%
17/10/2019;61.04;61.04;61.04;61.04;;;-0.02%
18/10/2019;59.82;59.82;59.82;59.82;;;-2.00%
21/10/2019;60.65;60.65;60.65;60.65;;;1.39%
22/10/2019;60.6;60.6;60.6;60.6;;;-0.08%
23/10/2019;60.65;60.65;60.65;60.65;;;0.08%
24/10/2019;61.46;61.46;61.46;61.46;;;1.34%
25/10/2019;63.32;63.32;63.32;63.32;;;3.03%
28/10/2019;62.37;62.37;62.37;62.37;;;-1.50%
29/10/2019;60.62;60.62;60.62;60.62;;;-2.81%
30/10/2019;62.37;62.37;62.37;62.37;;;2.89%
31/10/2019;60.36;60.36;60.36;60.36;;;-3.22%
01/11/2019;60.36;60.36;60.36;60.36;;;0.00%
04/11/2019;61.73;61.73;61.73;61.73;;;2.27%
05/11/2019;61.3;61.3;61.3;61.3;;;-0.70%
06/11/2019;61.49;61.49;61.49;61.49;;;0.31%
07/11/2019;61.26;61.26;61.26;61.26;;;-0.37%
08/11/2019;61.33;61.33;61.33;61.33;;;0.11%
11/11/2019;60.89;60.89;60.89;60.89;;;-0.72%
12/11/2019;60.89;60.89;60.89;60.89;;;0.00%
13/11/2019;60.67;60.67;60.67;60.67;;;-0.36%
14/11/2019;60.02;60.02;60.02;60.02;;;-1.07%
18/11/2019;60.78;60.78;60.78;60.78;;;1.27%
19/11/2019;60.91;60.91;60.91;60.91;;;0.21%
20/11/2019;60.26;60.26;60.26;60.26;;;-1.07%
21/11/2019;59.32;59.32;59.32;59.32;;;-1.56%
22/11/2019;60.66;60.66;60.66;60.66;;;2.26%
25/11/2019;59.95;59.95;59.95;59.95;;;-1.17%
26/11/2019;60.53;60.53;60.53;60.53;;;0.97%
27/11/2019;60.57;60.57;60.57;60.57;;;0.07%
28/11/2019;60.53;60.53;60.53;60.53;;;-0.07%
29/11/2019;61.24;61.24;61.24;61.24;;;1.17%
02/12/2019;60.21;60.21;60.21;60.21;;;-1.68%
03/12/2019;60.8;60.8;60.8;60.8;;;0.98%
04/12/2019;60.27;60.27;60.27;60.27;;;-0.87%
05/12/2019;61.16;61.16;61.16;61.16;;;1.48%
06/12/2019;62.17;62.17;62.17;62.17;;;1.65%
09/12/2019;61.26;61.26;61.26;61.26;;;-1.46%
10/12/2019;62.47;62.47;62.47;62.47;;;1.98%
11/12/2019;62.6;62.6;62.6;62.6;;;0.21%
12/12/2019;61.98;61.98;61.98;61.98;;;-0.99%
13/12/2019;63.18;63.18;63.18;63.18;;;1.94%
16/12/2019;63.94;63.94;63.94;63.94;;;1.20%
17/12/2019;67.13;67.13;67.13;67.13;;;4.99%
18/12/2019;69.87;69.87;69.87;69.87;;;4.08%
19/12/2019;72.83;72.83;72.83;72.83;;;4.24%
20/12/2019;74.28;74.28;74.28;74.28;;;1.99%
23/12/2019;74.73;74.73;74.73;74.73;;;0.61%
24/12/2019;76.27;76.27;76.27;76.27;;;2.06%
25/12/2019;76.27;76.27;76.27;76.27;;;0.00%
26/12/2019;79.3;79.3;79.3;79.3;;;3.97%
27/12/2019;80.11;80.11;80.11;80.11;;;1.02%
30/12/2019;81.28;81.28;81.28;81.28;;;1.46%
31/12/2019;85.88;85.88;85.88;85.88;;;5.66%
01/01/2020;85.88;85.88;85.88;85.88;;;0.00%
02/01/2020;85.71;85.71;85.71;85.71;;;-0.20%
03/01/2020;84.56;84.56;84.56;84.56;;;-1.34%
06/01/2020;83.5;83.5;83.5;83.5;;;-1.25%
07/01/2020;81.34;81.34;81.34;81.34;;;-2.59%
08/01/2020;81.79;81.79;81.79;81.79;;;0.55%
09/01/2020;82.61;82.61;82.61;82.61;;;1.00%
10/01/2020;82.03;82.03;82.03;82.03;;;-0.70%
13/01/2020;83.59;83.59;83.59;83.59;;;1.90%
14/01/2020;84.8;84.8;84.8;84.8;;;1.45%
15/01/2020;85.51;85.51;85.51;85.51;;;0.84%
16/01/2020;86.78;86.78;86.78;86.78;;;1.49%
17/01/2020;87.79;87.79;87.79;87.79;;;1.16%
20/01/2020;90.33;90.33;90.33;90.33;;;2.89%
21/01/2020;95.56;95.56;95.56;95.56;;;5.79%
22/01/2020;100.26;100.26;100.26;100.26;;;4.92%
23/01/2020;99.01;99.01;99.01;99.01;;;-1.25%
24/01/2020;97.32;97.32;97.32;97.32;;;-1.71%
27/01/2020;95.52;95.52;95.52;95.52;;;-1.85%
28/01/2020;95.19;95.19;95.19;95.19;;;-0.35%
29/01/2020;96.94;96.94;96.94;96.94;;;1.84%
30/01/2020;98.9;98.9;98.9;98.9;;;2.02%
31/01/2020;97.28;97.28;97.28;97.28;;;-1.64%
03/02/2020;96.38;96.38;96.38;96.38;;;-0.93%
04/02/2020;97.67;97.67;97.67;97.67;;;1.34%
05/02/2020;95.56;95.56;95.56;95.56;;;-2.16%
06/02/2020;95.25;95.25;95.25;95.25;;;-0.32%
07/02/2020;95.19;95.19;95.19;95.19;;;-0.06%
10/02/2020;95.66;95.66;95.66;95.66;;;0.49%
11/02/2020;94.09;94.09;94.09;94.09;;;-1.64%
12/02/2020;94.09;94.09;94.09;94.09;;;0.00%
13/02/2020;90.8;90.8;90.8;90.8;;;-3.50%
14/02/2020;88.26;88.26;88.26;88.26;;;-2.80%
17/02/2020;86.43;86.43;86.43;86.43;;;-2.07%
18/02/2020;81.52;81.52;81.52;81.52;;;-5.68%
19/02/2020;82.42;82.42;82.42;82.42;;;1.10%
20/02/2020;82.91;82.91;82.91;82.91;;;0.59%
21/02/2020;81.58;81.58;81.58;81.58;;;-1.60%
24/02/2020;81.75;81.75;81.75;81.75;;;0.21%
25/02/2020;78.22;78.22;78.22;78.22;;;-4.32%
26/02/2020;79.46;79.46;79.46;79.46;;;1.59%
27/02/2020;77.54;77.54;77.54;77.54;;;-2.42%
28/02/2020;79.05;79.05;79.05;79.05;;;1.95%
02/03/2020;78.14;78.14;78.14;78.14;;;-1.15%
03/03/2020;79.58;79.58;79.58;79.58;;;1.84%
04/03/2020;79.12;79.12;79.12;79.12;;;-0.58%
05/03/2020;79.26;79.26;79.26;79.26;;;0.18%
06/03/2020;77.85;77.85;77.85;77.85;;;-1.78%
09/03/2020;77.08;77.08;77.08;77.08;;;-0.99%
10/03/2020;78.54;78.54;78.54;78.54;;;1.89%
11/03/2020;76.86;76.86;76.86;76.86;;;-2.14%
12/03/2020;74.67;74.67;74.67;74.67;;;-2.85%
13/03/2020;74.68;74.68;74.68;74.68;;;0.01%
16/03/2020;74.66;74.66;74.66;74.66;;;-0.03%
17/03/2020;76.05;76.05;76.05;76.05;;;1.86%
18/03/2020;73.7;73.7;73.7;73.7;;;-3.09%
19/03/2020;71.37;71.37;71.37;71.37;;;-3.16%
20/03/2020;73.23;73.23;73.23;73.23;;;2.61%
23/03/2020;74.08;74.08;74.08;74.08;;;1.16%
24/03/2020;74.03;74.03;74.03;74.03;;;-0.07%
25/03/2020;72.22;72.22;72.22;72.22;;;-2.44%
26/03/2020;71.42;71.42;71.42;71.42;;;-1.11%
27/03/2020;70.06;70.06;70.06;70.06;;;-1.90%
30/03/2020;69.53;69.53;69.53;69.53;;;-0.76%
31/03/2020;69.06;69.06;69.06;69.06;;;-0.68%
01/04/2020;68.96;68.96;68.96;68.96;;;-0.14%
02/04/2020;68.55;68.55;68.55;68.55;;;-0.59%
03/04/2020;67.19;67.19;67.19;67.19;;;-1.98%
06/04/2020;66.17;66.17;66.17;66.17;;;-1.52%
07/04/2020;66.37;66.37;66.37;66.37;;;0.30%
08/04/2020;66.3;66.3;66.3;66.3;;;-0.11%
09/04/2020;65.33;65.33;65.33;65.33;;;-1.46%
10/04/2020;65.55;65.55;65.55;65.55;;;0.34%
13/04/2020;65.55;65.55;65.55;65.55;;;0.00%
14/04/2020;63.02;63.02;63.02;63.02;;;-3.86%
15/04/2020;61.48;61.48;61.48;61.48;;;-2.44%
16/04/2020;61.28;61.28;61.28;61.28;;;-0.33%
17/04/2020;61.32;61.32;61.32;61.32;;;0.07%
24/04/2020;61.67;61.67;61.67;61.67;;;0.57%
27/04/2020;61.86;61.86;61.86;61.86;;;0.31%
28/04/2020;63.01;63.01;63.01;63.01;;;1.86%
29/04/2020;65.73;65.73;65.73;65.73;;;4.32%
30/04/2020;66.61;66.61;66.61;66.61;;;1.34%
01/05/2020;66.61;66.61;66.61;66.61;;;0.00%
04/05/2020;66.09;66.09;66.09;66.09;;;-0.78%
05/05/2020;65.45;65.45;65.45;65.45;;;-0.97%
06/05/2020;65.79;65.79;65.79;65.79;;;0.52%
07/05/2020;66.07;66.07;66.07;66.07;;;0.43%
08/05/2020;64.29;64.29;64.29;64.29;;;-2.69%
11/05/2020;63.9;63.9;63.9;63.9;;;-0.61%
12/05/2020;64.23;64.23;64.23;64.23;;;0.52%
13/05/2020;64.54;64.54;64.54;64.54;;;0.48%
14/05/2020;65.13;65.13;65.13;65.13;;;0.91%
15/05/2020;64.79;64.79;64.79;64.79;;;-0.52%
18/05/2020;66.1;66.1;66.1;66.1;;;2.02%
19/05/2020;66.49;66.49;66.49;66.49;;;0.59%
22/05/2020;66.33;66.33;66.33;66.33;;;-0.24%
25/05/2020;66.33;66.33;66.33;66.33;;;0.00%
26/05/2020;66.79;66.79;66.79;66.79;;;0.69%
27/05/2020;65.29;65.29;65.29;65.29;;;-2.25%
28/05/2020;64.48;64.48;64.48;64.48;;;-1.24%
29/05/2020;64.15;64.15;64.15;64.15;;;-0.51%
01/06/2020;64.15;64.15;64.15;64.15;;;0.00%
02/06/2020;64.15;64.15;64.15;64.15;;;0.00%
03/06/2020;65.34;65.34;65.34;65.34;;;1.86%
04/06/2020;66.05;66.05;66.05;66.05;;;1.09%
05/06/2020;66.05;66.05;66.05;66.05;;;0.00%
08/06/2020;64.61;64.61;64.61;64.61;;;-2.18%
09/06/2020;63.9;63.9;63.9;63.9;;;-1.10%
10/06/2020;64.04;64.04;64.04;64.04;;;0.22%
11/06/2020;64.61;64.61;64.61;64.61;;;0.89%
12/06/2020;64.61;64.61;64.61;64.61;;;0.00%
15/06/2020;64.92;64.92;64.92;64.92;;;0.48%
16/06/2020;64.92;64.92;64.92;64.92;;;0.00%
17/06/2020;64.42;64.42;64.42;64.42;;;-0.77%
18/06/2020;64.49;64.49;64.49;64.49;;;0.11%
19/06/2020;63.55;63.55;63.55;63.55;;;-1.46%
22/06/2020;64.45;64.45;64.45;64.45;;;1.42%
23/06/2020;65.58;65.58;65.58;65.58;;;1.75%
24/06/2020;64.1;64.1;64.1;64.1;;;-2.26%
25/06/2020;63.53;63.53;63.53;63.53;;;-0.89%
26/06/2020;64.34;64.34;64.34;64.34;;;1.27%
29/06/2020;64.27;64.27;64.27;64.27;;;-0.11%
30/06/2020;66.75;66.75;66.75;66.75;;;3.86%
01/07/2020;66.76;66.76;66.76;66.76;;;0.01%
02/07/2020;67.01;67.01;67.01;67.01;;;0.37%
03/07/2020;65.94;65.94;65.94;65.94;;;-1.60%
06/07/2020;65.71;65.71;65.71;65.71;;;-0.35%
07/07/2020;64.89;64.89;64.89;64.89;;;-1.25%
08/07/2020;64.76;64.76;64.76;64.76;;;-0.20%
09/07/2020;63.47;63.47;63.47;63.47;;;-1.99%
10/07/2020;62.86;62.86;62.86;62.86;;;-0.96%
13/07/2020;62.82;62.82;62.82;62.82;;;-0.06%
14/07/2020;62.33;62.33;62.33;62.33;;;-0.78%
15/07/2020;60.14;60.14;60.14;60.14;;;-3.51%
16/07/2020;59.09;59.09;59.09;59.09;;;-1.75%
17/07/2020;58.41;58.41;58.41;58.41;;;-1.15%
20/07/2020;57.05;57.05;57.05;57.05;;;-2.33%
21/07/2020;57.05;57.05;57.05;57.05;;;0.00%
22/07/2020;59.77;59.77;59.77;59.77;;;4.77%
23/07/2020;60.32;60.32;60.32;60.32;;;0.92%
24/07/2020;60.26;60.26;60.26;60.26;;;-0.10%
27/07/2020;60.79;60.79;60.79;60.79;;;0.88%
28/07/2020;59.87;59.87;59.87;59.87;;;-1.51%
29/07/2020;57.64;57.64;57.64;57.64;;;-3.72%
30/07/2020;57.27;57.27;57.27;57.27;;;-0.64%
31/07/2020;57.27;57.27;57.27;57.27;;;0.00%
03/08/2020;55.62;55.62;55.62;55.62;;;-2.88%
04/08/2020;55.62;55.62;55.62;55.62;;;0.00%
05/08/2020;55.4;55.4;55.4;55.4;;;-0.40%
06/08/2020;56.11;56.11;56.11;56.11;;;1.28%
07/08/2020;56.11;56.11;56.11;56.11;;;0.00%
10/08/2020;56.11;56.11;56.11;56.11;;;0.00%
11/08/2020;56.85;56.85;56.85;56.85;;;1.32%
12/08/2020;58.31;58.31;58.31;58.31;;;2.57%
13/08/2020;57.82;57.82;57.82;57.82;;;-0.84%
14/08/2020;58.04;58.04;58.04;58.04;;;0.38%
17/08/2020;57.29;57.29;57.29;57.29;;;-1.29%
18/08/2020;59.04;59.04;59.04;59.04;;;3.05%
21/08/2020;59.09;59.09;59.09;59.09;;;0.08%
24/08/2020;60.34;60.34;60.34;60.34;;;2.12%
25/08/2020;61.85;61.85;61.85;61.85;;;2.50%
26/08/2020;64.75;64.75;64.75;64.75;;;4.69%
27/08/2020;65.53;65.53;65.53;65.53;;;1.20%
28/08/2020;67.1;67.1;67.1;67.1;;;2.40%
31/08/2020;65.75;65.75;65.75;65.75;;;-2.01%
01/09/2020;65.09;65.09;65.09;65.09;;;-1.00%
02/09/2020;67.55;67.55;67.55;67.55;;;3.78%
03/09/2020;65.3;65.3;65.3;65.3;;;-3.33%
04/09/2020;65.42;65.42;65.42;65.42;;;0.18%
07/09/2020;65.35;65.35;65.35;65.35;;;-0.11%
08/09/2020;66.64;66.64;66.64;66.64;;;1.97%
09/09/2020;66.83;66.83;66.83;66.83;;;0.29%
10/09/2020;67.57;67.57;67.57;67.57;;;1.11%
11/09/2020;67.55;67.55;67.55;67.55;;;-0.03%
14/09/2020;67.55;67.55;67.55;67.55;;;0.00%
15/09/2020;67.66;67.66;67.66;67.66;;;0.16%
16/09/2020;67.25;67.25;67.25;67.25;;;-0.61%
17/09/2020;67.47;67.47;67.47;67.47;;;0.33%
18/09/2020;66.88;66.88;66.88;66.88;;;-0.87%
21/09/2020;66.21;66.21;66.21;66.21;;;-1.00%
22/09/2020;66.07;66.07;66.07;66.07;;;-0.21%
23/09/2020;66.07;66.07;66.07;66.07;;;0.00%
24/09/2020;66.07;66.07;66.07;66.07;;;0.00%
25/09/2020;66.07;66.07;66.07;66.07;;;0.00%
28/09/2020;65.75;65.75;65.75;65.75;;;-0.48%
29/09/2020;65.88;65.88;65.88;65.88;;;0.20%
30/09/2020;66.94;66.94;66.94;66.94;;;1.61%
01/10/2020;67;67;67;67;;;0.09%
02/10/2020;65.29;65.29;65.29;65.29;;;-2.55%
05/10/2020;67;67;67;67;;;2.62%
06/10/2020;66.59;66.59;66.59;66.59;;;-0.61%
07/10/2020;66.71;66.71;66.71;66.71;;;0.18%
08/10/2020;66.71;66.71;66.71;66.71;;;0.00%
09/10/2020;66.54;66.54;66.54;66.54;;;-0.25%
12/10/2020;66.48;66.48;66.48;66.48;;;-0.09%
13/10/2020;66.61;66.61;66.61;66.61;;;0.20%
14/10/2020;66.61;66.61;66.61;66.61;;;0.00%
15/10/2020;66.61;66.61;66.61;66.61;;;0.00%
16/10/2020;68.53;68.53;68.53;68.53;;;2.88%
19/10/2020;68.86;68.86;68.86;68.86;;;0.48%
20/10/2020;69.06;69.06;69.06;69.06;;;0.29%
21/10/2020;67.86;67.86;67.86;67.86;;;-1.74%
22/10/2020;67.98;67.98;67.98;67.98;;;0.18%
23/10/2020;67.8;67.8;67.8;67.8;;;-0.26%
26/10/2020;68.86;68.86;68.86;68.86;;;1.56%
27/10/2020;69.54;69.54;69.54;69.54;;;0.99%
28/10/2020;71.4;71.4;71.4;71.4;;;2.67%
29/10/2020;71.4;71.4;71.4;71.4;;;0.00%
30/10/2020;74.42;74.42;74.42;74.42;;;4.23%
02/11/2020;74.82;74.82;74.82;74.82;;;0.54%
03/11/2020;75.45;75.45;75.45;75.45;;;0.84%
04/11/2020;75.76;75.76;75.76;75.76;;;0.41%
05/11/2020;75.27;75.27;75.27;75.27;;;-0.65%
06/11/2020;76.82;76.82;76.82;76.82;;;2.06%
09/11/2020;77.5;77.5;77.5;77.5;;;0.89%
10/11/2020;79.05;79.05;79.05;79.05;;;2.00%
11/11/2020;80.45;80.45;80.45;80.45;;;1.77%
12/11/2020;81.97;81.97;81.97;81.97;;;1.89%
13/11/2020;81.8;81.8;81.8;81.8;;;-0.21%
16/11/2020;81.8;81.8;81.8;81.8;;;0.00%
17/11/2020;78.72;78.72;78.72;78.72;;;-3.77%
18/11/2020;77.58;77.58;77.58;77.58;;;-1.45%
19/11/2020;76.16;76.16;76.16;76.16;;;-1.83%
20/11/2020;76.48;76.48;76.48;76.48;;;0.42%
23/11/2020;77.64;77.64;77.64;77.64;;;1.52%
24/11/2020;78.64;78.64;78.64;78.64;;;1.29%
25/11/2020;79.07;79.07;79.07;79.07;;;0.55%
26/11/2020;78.77;78.77;78.77;78.77;;;-0.38%
27/11/2020;79.11;79.11;79.11;79.11;;;0.43%
30/11/2020;77.48;77.48;77.48;77.48;;;-2.06%
01/12/2020;77.48;77.48;77.48;77.48;;;0.00%
02/12/2020;79.3;79.3;79.3;79.3;;;2.35%
03/12/2020;80.94;80.94;80.94;80.94;;;2.07%
04/12/2020;82.37;82.37;82.37;82.37;;;1.77%
07/12/2020;81.66;81.66;81.66;81.66;;;-0.86%
08/12/2020;81.56;81.56;81.56;81.56;;;-0.12%
09/12/2020;81.17;81.17;81.17;81.17;;;-0.48%
10/12/2020;82.04;82.04;82.04;82.04;;;1.07%
11/12/2020;81.52;81.52;81.52;81.52;;;-0.63%
14/12/2020;82.75;82.75;82.75;82.75;;;1.51%
15/12/2020;82.04;82.04;82.04;82.04;;;-0.86%
16/12/2020;83.57;83.57;83.57;83.57;;;1.86%
17/12/2020;84.63;84.63;84.63;84.63;;;1.27%
18/12/2020;86.22;86.22;86.22;86.22;;;1.88%
21/12/2020;86.38;86.38;86.38;86.38;;;0.19%
22/12/2020;86.38;86.38;86.38;86.38;;;0.00%
23/12/2020;87.77;87.77;87.77;87.77;;;1.61%
24/12/2020;85.97;85.97;85.97;85.97;;;-2.05%
25/12/2020;85.97;85.97;85.97;85.97;;;0.00%
28/12/2020;84.49;84.49;84.49;84.49;;;-1.72%
29/12/2020;85.77;85.77;85.77;85.77;;;1.51%
30/12/2020;84.23;84.23;84.23;84.23;;;-1.80%
31/12/2020;86.54;86.54;86.54;86.54;;;2.74%
04/01/2021;85.65;85.65;85.65;85.65;;;-1.03%
05/01/2021;86.04;86.04;86.04;86.04;;;0.46%
06/01/2021;85.22;85.22;85.22;85.22;;;-0.95%
07/01/2021;85.08;85.08;85.08;85.08;;;-0.16%
08/01/2021;84.48;84.48;84.48;84.48;;;-0.71%
11/01/2021;82.58;82.58;82.58;82.58;;;-2.25%
12/01/2021;83.58;83.58;83.58;83.58;;;1.21%
13/01/2021;83.52;83.52;83.52;83.52;;;-0.07%
14/01/2021;84.59;84.59;84.59;84.59;;;1.28%
15/01/2021;87.8;87.8;87.8;87.8;;;3.79%
18/01/2021;90.4;90.4;90.4;90.4;;;2.96%
19/01/2021;88.28;88.28;88.28;88.28;;;-2.35%
20/01/2021;89.44;89.44;89.44;89.44;;;1.31%
21/01/2021;91.54;91.54;91.54;91.54;;;2.35%
22/01/2021;95.56;95.56;95.56;95.56;;;4.39%
25/01/2021;97.13;97.13;97.13;97.13;;;1.64%
26/01/2021;97.32;97.32;97.32;97.32;;;0.20%
27/01/2021;97.48;97.48;97.48;97.48;;;0.16%
28/01/2021;96.44;96.44;96.44;96.44;;;-1.07%
29/01/2021;98.66;98.66;98.66;98.66;;;2.30%
01/02/2021;99.16;99.16;99.16;99.16;;;0.51%
02/02/2021;100.92;100.92;100.92;100.92;;;1.77%
03/02/2021;104.59;104.59;104.59;104.59;;;3.64%
04/02/2021;103.71;103.71;103.71;103.71;;;-0.84%
05/02/2021;103.71;103.71;103.71;103.71;;;0.00%
08/02/2021;105.08;105.08;105.08;105.08;;;1.32%
09/02/2021;109.79;109.79;109.79;109.79;;;4.48%
10/02/2021;108.85;108.85;108.85;108.85;;;-0.86%
11/02/2021;111.53;111.53;111.53;111.53;;;2.46%
12/02/2021;108.95;108.95;108.95;108.95;;;-2.31%
15/02/2021;108.41;108.41;108.41;108.41;;;-0.50%
16/02/2021;106.42;106.42;106.42;106.42;;;-1.84%
17/02/2021;105.41;105.41;105.41;105.41;;;-0.95%
18/02/2021;104.52;104.52;104.52;104.52;;;-0.84%
19/02/2021;104.29;104.29;104.29;104.29;;;-0.22%
22/02/2021;104.55;104.55;104.55;104.55;;;0.25%
23/02/2021;100.61;100.61;100.61;100.61;;;-3.77%
24/02/2021;105.61;105.61;105.61;105.61;;;4.97%
25/02/2021;105.09;105.09;105.09;105.09;;;-0.49%
26/02/2021;107.04;107.04;107.04;107.04;;;1.86%
01/03/2021;106.4;106.4;106.4;106.4;;;-0.60%
02/03/2021;107.23;107.23;107.23;107.23;;;0.78%
03/03/2021;107.32;107.32;107.32;107.32;;;0.08%
04/03/2021;107.76;107.76;107.76;107.76;;;0.41%
05/03/2021;108.87;108.87;108.87;108.87;;;1.03%
08/03/2021;109.08;109.08;109.08;109.08;;;0.19%
09/03/2021;112.28;112.28;112.28;112.28;;;2.93%
10/03/2021;113.84;113.84;113.84;113.84;;;1.39%
11/03/2021;115.83;115.83;115.83;115.83;;;1.75%
12/03/2021;118.43;118.43;118.43;118.43;;;2.24%
15/03/2021;118.59;118.59;118.59;118.59;;;0.14%
16/03/2021;119.7;119.7;119.7;119.7;;;0.94%
17/03/2021;123.49;123.49;123.49;123.49;;;3.17%
18/03/2021;120.54;120.54;120.54;120.54;;;-2.39%
19/03/2021;125.57;125.57;125.57;125.57;;;4.17%
22/03/2021;120.57;120.57;120.57;120.57;;;-3.98%
23/03/2021;122.11;122.11;122.11;122.11;;;1.28%
24/03/2021;122.9;122.9;122.9;122.9;;;0.65%
25/03/2021;119.87;119.87;119.87;119.87;;;-2.47%
26/03/2021;122.7;122.7;122.7;122.7;;;2.36%
29/03/2021;122.69;122.69;122.69;122.69;;;-0.01%
30/03/2021;119.25;119.25;119.25;119.25;;;-2.80%
31/03/2021;115.65;115.65;115.65;115.65;;;-3.02%
01/04/2021;117.04;117.04;117.04;117.04;;;1.20%
02/04/2021;115.01;115.01;115.01;115.01;;;-1.73%
05/04/2021;115.01;115.01;115.01;115.01;;;0.00%
06/04/2021;113.88;113.88;113.88;113.88;;;-0.98%
07/04/2021;112.99;112.99;112.99;112.99;;;-0.78%
08/04/2021;112.33;112.33;112.33;112.33;;;-0.58%
09/04/2021;112.2;112.2;112.2;112.2;;;-0.12%
12/04/2021;109.53;109.53;109.53;109.53;;;-2.38%
13/04/2021;112.65;112.65;112.65;112.65;;;2.85%
14/04/2021;117.78;117.78;117.78;117.78;;;4.55%
15/04/2021;117.96;117.96;117.96;117.96;;;0.15%
16/04/2021;119.43;119.43;119.43;119.43;;;1.25%
19/04/2021;119.35;119.35;119.35;119.35;;;-0.07%
20/04/2021;118.27;118.27;118.27;118.27;;;-0.90%
21/04/2021;119.2;119.2;119.2;119.2;;;0.79%
22/04/2021;122.25;122.25;122.25;122.25;;;2.56%
23/04/2021;125.84;125.84;125.84;125.84;;;2.94%
26/04/2021;132.46;132.46;132.46;132.46;;;5.26%
27/04/2021;133.74;133.74;133.74;133.74;;;0.97%
28/04/2021;131.65;131.65;131.65;131.65;;;-1.56%
29/04/2021;132.22;132.22;132.22;132.22;;;0.43%
30/04/2021;134.73;134.73;134.73;134.73;;;1.90%
03/05/2021;138.95;138.95;138.95;138.95;;;3.13%
04/05/2021;140.74;140.74;140.74;140.74;;;1.29%
05/05/2021;135.43;135.43;135.43;135.43;;;-3.77%
06/05/2021;127.47;127.47;127.47;127.47;;;-5.88%
07/05/2021;126.31;126.31;126.31;126.31;;;-0.91%
10/05/2021;120.63;120.63;120.63;120.63;;;-4.50%
11/05/2021;121.99;121.99;121.99;121.99;;;1.13%
12/05/2021;121.99;121.99;121.99;121.99;;;0.00%
14/05/2021;124.37;124.37;124.37;124.37;;;1.95%
17/05/2021;125.16;125.16;125.16;125.16;;;0.64%
18/05/2021;129.31;129.31;129.31;129.31;;;3.32%
19/05/2021;129.11;129.11;129.11;129.11;;;-0.15%
20/05/2021;130.71;130.71;130.71;130.71;;;1.24%
21/05/2021;135.4;135.4;135.4;135.4;;;3.59%
24/05/2021;135.4;135.4;135.4;135.4;;;0.00%
25/05/2021;134.41;134.41;134.41;134.41;;;-0.73%
26/05/2021;132.37;132.37;132.37;132.37;;;-1.52%
27/05/2021;133.75;133.75;133.75;133.75;;;1.04%
28/05/2021;134.56;134.56;134.56;134.56;;;0.61%
31/05/2021;135.98;135.98;135.98;135.98;;;1.06%
01/06/2021;137.28;137.28;137.28;137.28;;;0.96%
02/06/2021;138.83;138.83;138.83;138.83;;;1.13%
03/06/2021;141.18;141.18;141.18;141.18;;;1.69%
04/06/2021;141.48;141.48;141.48;141.48;;;0.21%
07/06/2021;142.47;142.47;142.47;142.47;;;0.70%
08/06/2021;140.95;140.95;140.95;140.95;;;-1.07%
09/06/2021;143.94;143.94;143.94;143.94;;;2.12%
10/06/2021;147.85;147.85;147.85;147.85;;;2.72%
11/06/2021;151.19;151.19;151.19;151.19;;;2.26%
14/06/2021;151.04;151.04;151.04;151.04;;;-0.10%
15/06/2021;148.1;148.1;148.1;148.1;;;-1.95%
16/06/2021;148.83;148.83;148.83;148.83;;;0.49%
17/06/2021;149.64;149.64;149.64;149.64;;;0.54%
18/06/2021;149.84;149.84;149.84;149.84;;;0.13%
21/06/2021;150.04;150.04;150.04;150.04;;;0.13%
22/06/2021;151.26;151.26;151.26;151.26;;;0.81%
23/06/2021;151.4;151.4;151.4;151.4;;;0.09%
24/06/2021;151.53;151.53;151.53;151.53;;;0.09%
25/06/2021;151.62;151.62;151.62;151.62;;;0.06%
28/06/2021;151.1;151.1;151.1;151.1;;;-0.34%
29/06/2021;151.81;151.81;151.81;151.81;;;0.47%
30/06/2021;151.99;151.99;151.99;151.99;;;0.12%
01/07/2021;153.11;153.11;153.11;153.11;;;0.74%
02/07/2021;150.74;150.74;150.74;150.74;;;-1.55%
05/07/2021;151.55;151.55;151.55;151.55;;;0.54%
06/07/2021;151.36;151.36;151.36;151.36;;;-0.13%
07/07/2021;150.84;150.84;150.84;150.84;;;-0.34%
08/07/2021;152.85;152.85;152.85;152.85;;;1.33%
09/07/2021;150.83;150.83;150.83;150.83;;;-1.32%
12/07/2021;151.96;151.96;151.96;151.96;;;0.75%
13/07/2021;155.95;155.95;155.95;155.95;;;2.63%
14/07/2021;154.36;154.36;154.36;154.36;;;-1.02%
15/07/2021;160.96;160.96;160.96;160.96;;;4.28%
16/07/2021;160.28;160.28;160.28;160.28;;;-0.42%
19/07/2021;162.79;162.79;162.79;162.79;;;1.57%
20/07/2021;162.79;162.79;162.79;162.79;;;0.00%
21/07/2021;160.75;160.75;160.75;160.75;;;-1.25%
22/07/2021;163.16;163.16;163.16;163.16;;;1.50%
23/07/2021;165.62;165.62;165.62;165.62;;;1.51%
26/07/2021;166.47;166.47;166.47;166.47;;;0.51%
27/07/2021;166.62;166.62;166.62;166.62;;;0.09%
28/07/2021;167.54;167.54;167.54;167.54;;;0.55%
29/07/2021;169.41;169.41;169.41;169.41;;;1.12%
30/07/2021;171.15;171.15;171.15;171.15;;;1.03%
02/08/2021;173.9;173.9;173.9;173.9;;;1.61%
03/08/2021;174.87;174.87;174.87;174.87;;;0.56%
04/08/2021;173.54;173.54;173.54;173.54;;;-0.76%
05/08/2021;173.89;173.89;173.89;173.89;;;0.20%
06/08/2021;173.5;173.5;173.5;173.5;;;-0.22%
09/08/2021;172.73;172.73;172.73;172.73;;;-0.44%
10/08/2021;172.64;172.64;172.64;172.64;;;-0.05%
11/08/2021;172.47;172.47;172.47;172.47;;;-0.10%
12/08/2021;173.46;173.46;173.46;173.46;;;0.57%
13/08/2021;175.58;175.58;175.58;175.58;;;1.22%
16/08/2021;173.81;173.81;173.81;173.81;;;-1.01%
17/08/2021;176.65;176.65;176.65;176.65;;;1.63%
18/08/2021;176.28;176.28;176.28;176.28;;;-0.21%
19/08/2021;177.01;177.01;177.01;177.01;;;0.41%
20/08/2021;175.08;175.08;175.08;175.08;;;-1.09%
23/08/2021;174.79;174.79;174.79;174.79;;;-0.17%
24/08/2021;182.02;182.02;182.02;182.02;;;4.14%
25/08/2021;179.02;179.02;179.02;179.02;;;-1.65%
26/08/2021;187.65;187.65;187.65;187.65;;;4.82%
27/08/2021;190.57;190.57;190.57;190.57;;;1.56%
30/08/2021;190.46;190.46;190.46;190.46;;;-0.06%
31/08/2021;192.9;192.9;192.9;192.9;;;1.28%
01/09/2021;196.73;196.73;196.73;196.73;;;1.99%
02/09/2021;193.69;193.69;193.69;193.69;;;-1.55%
03/09/2021;195.44;195.44;195.44;195.44;;;0.90%
06/09/2021;193.46;193.46;193.46;193.46;;;-1.01%
07/09/2021;191;191;191;191;;;-1.27%
08/09/2021;191.76;191.76;191.76;191.76;;;0.40%
09/09/2021;191.02;191.02;191.02;191.02;;;-0.39%
10/09/2021;196.05;196.05;196.05;196.05;;;2.63%
13/09/2021;196.41;196.41;196.41;196.41;;;0.18%
14/09/2021;195.79;195.79;195.79;195.79;;;-0.32%
15/09/2021;199.83;199.83;199.83;199.83;;;2.06%
16/09/2021;198.08;198.08;198.08;198.08;;;-0.88%
17/09/2021;199.04;199.04;199.04;199.04;;;0.48%
20/09/2021;196.2;196.2;196.2;196.2;;;-1.43%
21/09/2021;196.97;196.97;196.97;196.97;;;0.39%
22/09/2021;197.26;197.26;197.26;197.26;;;0.15%
23/09/2021;204.2;204.2;204.2;204.2;;;3.52%
24/09/2021;211.51;211.51;211.51;211.51;;;3.58%
27/09/2021;216.3;216.3;216.3;216.3;;;2.26%
28/09/2021;213.07;213.07;213.07;213.07;;;-1.49%
29/09/2021;215.45;215.45;215.45;215.45;;;1.12%
30/09/2021;216.41;216.41;216.41;216.41;;;0.45%
01/10/2021;225.5;225.5;225.5;225.5;;;4.20%
04/10/2021;233.03;233.03;233.03;233.03;;;3.34%
05/10/2021;232.35;232.35;232.35;232.35;;;-0.29%
06/10/2021;238.28;238.28;238.28;238.28;;;2.55%
07/10/2021;230.27;230.27;230.27;230.27;;;-3.36%
08/10/2021;229.48;229.48;229.48;229.48;;;-0.34%
11/10/2021;231.12;231.12;231.12;231.12;;;0.71%
12/10/2021;231.46;231.46;231.46;231.46;;;0.15%
13/10/2021;231.42;231.42;231.42;231.42;;;-0.02%
14/10/2021;239.35;239.35;239.35;239.35;;;3.43%
15/10/2021;239.62;239.62;239.62;239.62;;;0.11%
18/10/2021;239.62;239.62;239.62;239.62;;;0.00%
19/10/2021;232.74;232.74;232.74;232.74;;;-2.87%
20/10/2021;236.72;236.72;236.72;236.72;;;1.71%
21/10/2021;246.84;246.84;246.84;246.84;;;4.28%
22/10/2021;251.27;251.27;251.27;251.27;;;1.79%
25/10/2021;252.46;252.46;252.46;252.46;;;0.47%
26/10/2021;259.08;259.08;259.08;259.08;;;2.62%
27/10/2021;257.6;257.6;257.6;257.6;;;-0.57%
28/10/2021;253.76;253.76;253.76;253.76;;;-1.49%
29/10/2021;251.07;251.07;251.07;251.07;;;-1.06%
01/11/2021;251.07;251.07;251.07;251.07;;;0.00%
02/11/2021;251.76;251.76;251.76;251.76;;;0.27%
03/11/2021;255.93;255.93;255.93;255.93;;;1.66%
04/11/2021;252.15;252.15;252.15;252.15;;;-1.48%
05/11/2021;246.59;246.59;246.59;246.59;;;-2.21%
08/11/2021;248.96;248.96;248.96;248.96;;;0.96%
09/11/2021;244.18;244.18;244.18;244.18;;;-1.92%
10/11/2021;245.62;245.62;245.62;245.62;;;0.59%
11/11/2021;241.44;241.44;241.44;241.44;;;-1.70%
12/11/2021;241.95;241.95;241.95;241.95;;;0.21%
15/11/2021;241.95;241.95;241.95;241.95;;;0.00%
16/11/2021;242.19;242.19;242.19;242.19;;;0.10%
17/11/2021;240.86;240.86;240.86;240.86;;;-0.55%
18/11/2021;242.87;242.87;242.87;242.87;;;0.83%
19/11/2021;243.09;243.09;243.09;243.09;;;0.09%
22/11/2021;242.07;242.07;242.07;242.07;;;-0.42%
23/11/2021;243.38;243.38;243.38;243.38;;;0.54%
24/11/2021;242.56;242.56;242.56;242.56;;;-0.34%
25/11/2021;239.48;239.48;239.48;239.48;;;-1.27%
26/11/2021;244.32;244.32;244.32;244.32;;;2.02%
29/11/2021;247.95;247.95;247.95;247.95;;;1.49%
30/11/2021;248.36;248.36;248.36;248.36;;;0.17%
01/12/2021;249.12;249.12;249.12;249.12;;;0.31%
02/12/2021;250.05;250.05;250.05;250.05;;;0.37%
03/12/2021;243.92;243.92;243.92;243.92;;;-2.45%
06/12/2021;243.07;243.07;243.07;243.07;;;-0.35%
07/12/2021;239.08;239.08;239.08;239.08;;;-1.64%
08/12/2021;239.64;239.64;239.64;239.64;;;0.23%
09/12/2021;238.03;238.03;238.03;238.03;;;-0.67%
10/12/2021;239.07;239.07;239.07;239.07;;;0.44%
13/12/2021;232.63;232.63;232.63;232.63;;;-2.69%
14/12/2021;239.07;239.07;239.07;239.07;;;2.77%
15/12/2021;242;242;242;242;;;1.23%
16/12/2021;239.63;239.63;239.63;239.63;;;-0.98%
17/12/2021;237.3;237.3;237.3;237.3;;;-0.97%
20/12/2021;236.84;236.84;236.84;236.84;;;-0.19%
21/12/2021;234.19;234.19;234.19;234.19;;;-1.12%
22/12/2021;240.52;240.52;240.52;240.52;;;2.70%
23/12/2021;241.43;241.43;241.43;241.43;;;0.38%
24/12/2021;240.98;240.98;240.98;240.98;;;-0.19%
27/12/2021;241.86;241.86;241.86;241.86;;;0.37%
28/12/2021;247.1;247.1;247.1;247.1;;;2.17%
29/12/2021;244.17;244.17;244.17;244.17;;;-1.19%
30/12/2021;242.23;242.23;242.23;242.23;;;-0.79%
31/12/2021;243.31;243.31;243.31;243.31;;;0.45%
03/01/2022;242.73;242.73;242.73;242.73;;;-0.24%
04/01/2022;237.75;237.75;237.75;237.75;;;-2.05%
05/01/2022;240.63;240.63;240.63;240.63;;;1.21%
06/01/2022;240.48;240.48;240.48;240.48;;;-0.06%
07/01/2022;241.35;241.35;241.35;241.35;;;0.36%
10/01/2022;241.2;241.2;241.2;241.2;;;-0.06%
11/01/2022;241.38;241.38;241.38;241.38;;;0.07%
12/01/2022;238.93;238.93;238.93;238.93;;;-1.01%
13/01/2022;241.87;241.87;241.87;241.87;;;1.23%
14/01/2022;241.81;241.81;241.81;241.81;;;-0.02%
17/01/2022;242.63;242.63;242.63;242.63;;;0.34%
18/01/2022;242.63;242.63;242.63;242.63;;;0.00%
19/01/2022;242.57;242.57;242.57;242.57;;;-0.02%
20/01/2022;242.66;242.66;242.66;242.66;;;0.04%
21/01/2022;245.43;245.43;245.43;245.43;;;1.14%
24/01/2022;241.8;241.8;241.8;241.8;;;-1.48%
25/01/2022;237.9;237.9;237.9;237.9;;;-1.61%
26/01/2022;239.96;239.96;239.96;239.96;;;0.87%
27/01/2022;241.76;241.76;241.76;241.76;;;0.75%
28/01/2022;245.19;245.19;245.19;245.19;;;1.42%
31/01/2022;242.15;242.15;242.15;242.15;;;-1.24%
01/02/2022;242.91;242.91;242.91;242.91;;;0.31%
02/02/2022;243.5;243.5;243.5;243.5;;;0.24%
03/02/2022;243.52;243.52;243.52;243.52;;;0.01%
04/02/2022;243.69;243.69;243.69;243.69;;;0.07%
07/02/2022;242.04;242.04;242.04;242.04;;;-0.68%
08/02/2022;245.5;245.5;245.5;245.5;;;1.43%
09/02/2022;246.37;246.37;246.37;246.37;;;0.35%
10/02/2022;248.77;248.77;248.77;248.77;;;0.97%
11/02/2022;250.65;250.65;250.65;250.65;;;0.76%
14/02/2022;251.37;251.37;251.37;251.37;;;0.29%
15/02/2022;254.95;254.95;254.95;254.95;;;1.42%
16/02/2022;262.75;262.75;262.75;262.75;;;3.06%
17/02/2022;271.96;271.96;271.96;271.96;;;3.51%
18/02/2022;273.35;273.35;273.35;273.35;;;0.51%
21/02/2022;275.35;275.35;275.35;275.35;;;0.73%
22/02/2022;274.96;274.96;274.96;274.96;;;-0.14%
23/02/2022;268.72;268.72;268.72;268.72;;;-2.27%
24/02/2022;271.76;271.76;271.76;271.76;;;1.13%
25/02/2022;271.46;271.46;271.46;271.46;;;-0.11%
28/02/2022;271.32;271.32;271.32;271.32;;;-0.05%
01/03/2022;272.29;272.29;272.29;272.29;;;0.36%
02/03/2022;273.45;273.45;273.45;273.45;;;0.43%
03/03/2022;276.93;276.93;276.93;276.93;;;1.27%
04/03/2022;278.44;278.44;278.44;278.44;;;0.55%
07/03/2022;277.85;277.85;277.85;277.85;;;-0.21%
08/03/2022;281.19;281.19;281.19;281.19;;;1.20%
09/03/2022;282.67;282.67;282.67;282.67;;;0.53%
10/03/2022;281.66;281.66;281.66;281.66;;;-0.36%
11/03/2022;280.9;280.9;280.9;280.9;;;-0.27%
14/03/2022;281.21;281.21;281.21;281.21;;;0.11%
15/03/2022;275.16;275.16;275.16;275.16;;;-2.15%
16/03/2022;281.38;281.38;281.38;281.38;;;2.26%
17/03/2022;280.69;280.69;280.69;280.69;;;-0.25%
18/03/2022;281.5;281.5;281.5;281.5;;;0.29%
21/03/2022;279.85;279.85;279.85;279.85;;;-0.59%
22/03/2022;279.36;279.36;279.36;279.36;;;-0.18%
23/03/2022;284.88;284.88;284.88;284.88;;;1.98%
24/03/2022;284.65;284.65;284.65;284.65;;;-0.08%
25/03/2022;286.93;286.93;286.93;286.93;;;0.80%
28/03/2022;288.96;288.96;288.96;288.96;;;0.71%
29/03/2022;284.24;284.24;284.24;284.24;;;-1.63%
30/03/2022;286.44;286.44;286.44;286.44;;;0.77%
31/03/2022;284.69;284.69;284.69;284.69;;;-0.61%
01/04/2022;284.03;284.03;284.03;284.03;;;-0.23%
04/04/2022;277.74;277.74;277.74;277.74;;;-2.21%
05/04/2022;285.75;285.75;285.75;285.75;;;2.88%
06/04/2022;284.95;284.95;284.95;284.95;;;-0.28%
07/04/2022;285.89;285.89;285.89;285.89;;;0.33%
08/04/2022;285.96;285.96;285.96;285.96;;;0.02%
11/04/2022;282.16;282.16;282.16;282.16;;;-1.33%
12/04/2022;283.9;283.9;283.9;283.9;;;0.62%
13/04/2022;286.08;286.08;286.08;286.08;;;0.77%
14/04/2022;284.87;284.87;284.87;284.87;;;-0.42%
15/04/2022;284.5;284.5;284.5;284.5;;;-0.13%
18/04/2022;284.5;284.5;284.5;284.5;;;0.00%
19/04/2022;286.26;286.26;286.26;286.26;;;0.62%
20/04/2022;287.5;287.5;287.5;287.5;;;0.43%
21/04/2022;289.14;289.14;289.14;289.14;;;0.57%
22/04/2022;290.17;290.17;290.17;290.17;;;0.36%
25/04/2022;294.05;294.05;294.05;294.05;;;1.34%
26/04/2022;296.42;296.42;296.42;296.42;;;0.81%
27/04/2022;304.38;304.38;304.38;304.38;;;2.69%
28/04/2022;304.38;304.38;304.38;304.38;;;0.00%
29/04/2022;312.09;312.09;312.09;312.09;;;2.53%
02/05/2022;312.09;312.09;312.09;312.09;;;0.00%
03/05/2022;323.27;323.27;323.27;323.27;;;3.58%
04/05/2022;324.75;324.75;324.75;324.75;;;0.46%
05/05/2022;325.57;325.57;325.57;325.57;;;0.25%
06/05/2022;325.23;325.23;325.23;325.23;;;-0.10%
09/05/2022;325.6;325.6;325.6;325.6;;;0.11%
10/05/2022;323.66;323.66;323.66;323.66;;;-0.60%
11/05/2022;330.43;330.43;330.43;330.43;;;2.09%
12/05/2022;330.92;330.92;330.92;330.92;;;0.15%
13/05/2022;343.21;343.21;343.21;343.21;;;3.71%
16/05/2022;349.65;349.65;349.65;349.65;;;1.88%
17/05/2022;345.15;345.15;345.15;345.15;;;-1.29%
18/05/2022;339.88;339.88;339.88;339.88;;;-1.53%
19/05/2022;338.83;338.83;338.83;338.83;;;-0.31%
20/05/2022;337.83;337.83;337.83;337.83;;;-0.30%
23/05/2022;336.64;336.64;336.64;336.64;;;-0.35%
24/05/2022;329.19;329.19;329.19;329.19;;;-2.21%
25/05/2022;328.6;328.6;328.6;328.6;;;-0.18%
26/05/2022;328.6;328.6;328.6;328.6;;;0.00%
27/05/2022;335.68;335.68;335.68;335.68;;;2.15%
30/05/2022;336.22;336.22;336.22;336.22;;;0.16%
31/05/2022;337.74;337.74;337.74;337.74;;;0.45%
01/06/2022;336.2;336.2;336.2;336.2;;;-0.46%
02/06/2022;336.99;336.99;336.99;336.99;;;0.23%
03/06/2022;335.99;335.99;335.99;335.99;;;-0.30%
06/06/2022;335.99;335.99;335.99;335.99;;;0.00%
07/06/2022;333.96;333.96;333.96;333.96;;;-0.60%
08/06/2022;334.82;334.82;334.82;334.82;;;0.26%
09/06/2022;335.16;335.16;335.16;335.16;;;0.10%
10/06/2022;335.82;335.82;335.82;335.82;;;0.20%
13/06/2022;338.87;338.87;338.87;338.87;;;0.91%
14/06/2022;337.49;337.49;337.49;337.49;;;-0.41%
15/06/2022;340.42;340.42;340.42;340.42;;;0.87%
16/06/2022;343.73;343.73;343.73;343.73;;;0.97%
17/06/2022;345.9;345.9;345.9;345.9;;;0.63%
20/06/2022;344.71;344.71;344.71;344.71;;;-0.34%
21/06/2022;345.83;345.83;345.83;345.83;;;0.32%
22/06/2022;345.47;345.47;345.47;345.47;;;-0.10%
23/06/2022;342.26;342.26;342.26;342.26;;;-0.93%
24/06/2022;340.67;340.67;340.67;340.67;;;-0.46%
27/06/2022;339.39;339.39;339.39;339.39;;;-0.38%
28/06/2022;341.54;341.54;341.54;341.54;;;0.63%
29/06/2022;339.71;339.71;339.71;339.71;;;-0.54%
30/06/2022;341.24;341.24;341.24;341.24;;;0.45%
01/07/2022;341.49;341.49;341.49;341.49;;;0.07%
04/07/2022;341.5;341.5;341.5;341.5;;;0.00%
05/07/2022;336.96;336.96;336.96;336.96;;;-1.33%
06/07/2022;334.06;334.06;334.06;334.06;;;-0.86%
07/07/2022;335.48;335.48;335.48;335.48;;;0.43%
08/07/2022;335.59;335.59;335.59;335.59;;;0.03%
11/07/2022;335.18;335.18;335.18;335.18;;;-0.12%
12/07/2022;336.62;336.62;336.62;336.62;;;0.43%
13/07/2022;337.45;337.45;337.45;337.45;;;0.25%
14/07/2022;336.15;336.15;336.15;336.15;;;-0.39%
15/07/2022;337.68;337.68;337.68;337.68;;;0.46%
18/07/2022;338.02;338.02;338.02;338.02;;;0.10%
19/07/2022;334.56;334.56;334.56;334.56;;;-1.02%
20/07/2022;334.88;334.88;334.88;334.88;;;0.10%
21/07/2022;334.14;334.14;334.14;334.14;;;-0.22%
22/07/2022;330.74;330.74;330.74;330.74;;;-1.02%
25/07/2022;328.88;328.88;328.88;328.88;;;-0.56%
26/07/2022;330.62;330.62;330.62;330.62;;;0.53%
27/07/2022;331.1;331.1;331.1;331.1;;;0.15%
28/07/2022;327.57;327.57;327.57;327.57;;;-1.07%
29/07/2022;330.09;330.09;330.09;330.09;;;0.77%
01/08/2022;326.59;326.59;326.59;326.59;;;-1.06%
02/08/2022;331.13;331.13;331.13;331.13;;;1.39%
03/08/2022;326.91;326.91;326.91;326.91;;;-1.27%
04/08/2022;324.88;324.88;324.88;324.88;;;-0.62%
05/08/2022;324.93;324.93;324.93;324.93;;;0.02%
08/08/2022;324.93;324.93;324.93;324.93;;;0.00%
09/08/2022;321.52;321.52;321.52;321.52;;;-1.05%
10/08/2022;322.3;322.3;322.3;322.3;;;0.24%
11/08/2022;322.66;322.66;322.66;322.66;;;0.11%
12/08/2022;324.99;324.99;324.99;324.99;;;0.72%
15/08/2022;324.99;324.99;324.99;324.99;;;0.00%
16/08/2022;321.71;321.71;321.71;321.71;;;-1.01%
17/08/2022;318.38;318.38;318.38;318.38;;;-1.04%
18/08/2022;320.78;320.78;320.78;320.78;;;0.75%
19/08/2022;320.35;320.35;320.35;320.35;;;-0.13%
22/08/2022;320.22;320.22;320.22;320.22;;;-0.04%
23/08/2022;321.79;321.79;321.79;321.79;;;0.49%
24/08/2022;321.7;321.7;321.7;321.7;;;-0.03%
25/08/2022;322.82;322.82;322.82;322.82;;;0.35%
26/08/2022;321.97;321.97;321.97;321.97;;;-0.26%
29/08/2022;316.34;316.34;316.34;316.34;;;-1.75%
30/08/2022;312.09;312.09;312.09;312.09;;;-1.34%
31/08/2022;311.58;311.58;311.58;311.58;;;-0.16%
01/09/2022;308.63;308.63;308.63;308.63;;;-0.95%
02/09/2022;305.04;305.04;305.04;305.04;;;-1.16%
05/09/2022;303.6;303.6;303.6;303.6;;;-0.47%
06/09/2022;301.96;301.96;301.96;301.96;;;-0.54%
07/09/2022;302.54;302.54;302.54;302.54;;;0.19%
08/09/2022;303.3;303.3;303.3;303.3;;;0.25%
09/09/2022;302.12;302.12;302.12;302.12;;;-0.39%
12/09/2022;299.64;299.64;299.64;299.64;;;-0.82%
13/09/2022;300.06;300.06;300.06;300.06;;;0.14%
14/09/2022;304.55;304.55;304.55;304.55;;;1.50%
15/09/2022;303.38;303.38;303.38;303.38;;;-0.38%
16/09/2022;305.02;305.02;305.02;305.02;;;0.54%
19/09/2022;306.4;306.4;306.4;306.4;;;0.45%
20/09/2022;306.46;306.46;306.46;306.46;;;0.02%
21/09/2022;301.47;301.47;301.47;301.47;;;-1.63%
22/09/2022;301.46;301.46;301.46;301.46;;;-0.00%
23/09/2022;299.59;299.59;299.59;299.59;;;-0.62%
26/09/2022;298.82;298.82;298.82;298.82;;;-0.26%
27/09/2022;295.71;295.71;295.71;295.71;;;-1.04%
28/09/2022;300.05;300.05;300.05;300.05;;;1.47%
29/09/2022;312.09;312.09;312.09;312.09;;;4.01%
30/09/2022;314.85;314.85;314.85;314.85;;;0.88%
03/10/2022;303.68;303.68;303.68;303.68;;;-3.55%
04/10/2022;294.48;294.48;294.48;294.48;;;-3.03%
05/10/2022;297.43;297.43;297.43;297.43;;;1.00%
06/10/2022;296.06;296.06;296.06;296.06;;;-0.46%
07/10/2022;290.67;290.67;290.67;290.67;;;-1.82%
10/10/2022;291.77;291.77;291.77;291.77;;;0.38%
11/10/2022;290.01;290.01;290.01;290.01;;;-0.60%
12/10/2022;288.81;288.81;288.81;288.81;;;-0.41%
13/10/2022;286.87;286.87;286.87;286.87;;;-0.67%
14/10/2022;284.65;284.65;284.65;284.65;;;-0.77%
17/10/2022;279.89;279.89;279.89;279.89;;;-1.67%
18/10/2022;283.5;283.5;283.5;283.5;;;1.29%
19/10/2022;290.18;290.18;290.18;290.18;;;2.36%
20/10/2022;300.47;300.47;300.47;300.47;;;3.55%
21/10/2022;301.09;301.09;301.09;301.09;;;0.21%
24/10/2022;301.53;301.53;301.53;301.53;;;0.15%
25/10/2022;299.14;299.14;299.14;299.14;;;-0.79%
26/10/2022;294.22;294.22;294.22;294.22;;;-1.64%
27/10/2022;299.22;299.22;299.22;299.22;;;1.70%
28/10/2022;299.48;299.48;299.48;299.48;;;0.09%
31/10/2022;299.48;299.48;299.48;299.48;;;0.00%
01/11/2022;305.57;305.57;305.57;305.57;;;2.03%
02/11/2022;301.55;301.55;301.55;301.55;;;-1.32%
03/11/2022;301.82;301.82;301.82;301.82;;;0.09%
04/11/2022;296.25;296.25;296.25;296.25;;;-1.85%
07/11/2022;296.73;296.73;296.73;296.73;;;0.16%
08/11/2022;294.13;294.13;294.13;294.13;;;-0.88%
09/11/2022;289.95;289.95;289.95;289.95;;;-1.42%
10/11/2022;289.48;289.48;289.48;289.48;;;-0.16%
11/11/2022;285.46;285.46;285.46;285.46;;;-1.39%
14/11/2022;278.51;278.51;278.51;278.51;;;-2.43%
15/11/2022;278.51;278.51;278.51;278.51;;;0.00%
16/11/2022;279.84;279.84;279.84;279.84;;;0.48%
17/11/2022;280.66;280.66;280.66;280.66;;;0.29%
18/11/2022;281.48;281.48;281.48;281.48;;;0.29%
21/11/2022;284.83;284.83;284.83;284.83;;;1.19%
22/11/2022;287.83;287.83;287.83;287.83;;;1.05%
23/11/2022;286.97;286.97;286.97;286.97;;;-0.30%
24/11/2022;287.32;287.32;287.32;287.32;;;0.12%
25/11/2022;286.62;286.62;286.62;286.62;;;-0.24%
28/11/2022;285.22;285.22;285.22;285.22;;;-0.49%
29/11/2022;285.61;285.61;285.61;285.61;;;0.14%
30/11/2022;285.61;285.61;285.61;285.61;;;0.00%
01/12/2022;285.61;285.61;285.61;285.61;;;0.00%
02/12/2022;281.48;281.48;281.48;281.48;;;-1.45%
05/12/2022;280.76;280.76;280.76;280.76;;;-0.26%
06/12/2022;283.02;283.02;283.02;283.02;;;0.80%
07/12/2022;283.82;283.82;283.82;283.82;;;0.28%
08/12/2022;283.87;283.87;283.87;283.87;;;0.02%
09/12/2022;283.56;283.56;283.56;283.56;;;-0.11%
12/12/2022;294.86;294.86;294.86;294.86;;;3.99%
13/12/2022;294.33;294.33;294.33;294.33;;;-0.18%
14/12/2022;296.19;296.19;296.19;296.19;;;0.63%
15/12/2022;296.55;296.55;296.55;296.55;;;0.12%
16/12/2022;297.46;297.46;297.46;297.46;;;0.31%
19/12/2022;296.61;296.61;296.61;296.61;;;-0.29%
20/12/2022;296.22;296.22;296.22;296.22;;;-0.13%
21/12/2022;291.29;291.29;291.29;291.29;;;-1.66%
22/12/2022;293.35;293.35;293.35;293.35;;;0.71%
23/12/2022;293.14;293.14;293.14;293.14;;;-0.07%
26/12/2022;293.14;293.14;293.14;293.14;;;0.00%
27/12/2022;292.22;292.22;292.22;292.22;;;-0.31%
28/12/2022;284.51;284.51;284.51;284.51;;;-2.64%
29/12/2022;285.43;285.43;285.43;285.43;;;0.32%
30/12/2022;283.56;283.56;283.56;283.56;;;-0.66%
02/01/2023;282.87;282.87;282.87;282.87;;;-0.24%
03/01/2023;281.01;281.01;281.01;281.01;;;-0.66%
04/01/2023;274.69;274.69;274.69;274.69;;;-2.25%
05/01/2023;279.04;279.04;279.04;279.04;;;1.58%
06/01/2023;269.26;269.26;269.26;269.26;;;-3.50%
09/01/2023;275.64;275.64;275.64;275.64;;;2.37%
10/01/2023;276.21;276.21;276.21;276.21;;;0.21%
11/01/2023;276.14;276.14;276.14;276.14;;;-0.03%
12/01/2023;275.4;275.4;275.4;275.4;;;-0.27%
13/01/2023;275.06;275.06;275.06;275.06;;;-0.12%
16/01/2023;272.9;272.9;272.9;272.9;;;-0.79%
17/01/2023;272.51;272.51;272.51;272.51;;;-0.14%
18/01/2023;270.66;270.66;270.66;270.66;;;-0.68%
19/01/2023;280.94;280.94;280.94;280.94;;;3.80%
20/01/2023;280.78;280.78;280.78;280.78;;;-0.06%
23/01/2023;287.58;287.58;287.58;287.58;;;2.42%
24/01/2023;282.22;282.22;282.22;282.22;;;-1.86%
25/01/2023;279.25;279.25;279.25;279.25;;;-1.05%
26/01/2023;281.31;281.31;281.31;281.31;;;0.74%
27/01/2023;275.48;275.48;275.48;275.48;;;-2.07%
30/01/2023;284.85;284.85;284.85;284.85;;;3.40%
31/01/2023;288.31;288.31;288.31;288.31;;;1.21%
01/02/2023;287.7;287.7;287.7;287.7;;;-0.21%
02/02/2023;287.01;287.01;287.01;287.01;;;-0.24%
03/02/2023;286.24;286.24;286.24;286.24;;;-0.27%
06/02/2023;285.69;285.69;285.69;285.69;;;-0.19%
07/02/2023;286.78;286.78;286.78;286.78;;;0.38%
08/02/2023;286.1;286.1;286.1;286.1;;;-0.24%
09/02/2023;286.86;286.86;286.86;286.86;;;0.27%
10/02/2023;288.73;288.73;288.73;288.73;;;0.65%
13/02/2023;292.66;292.66;292.66;292.66;;;1.36%
14/02/2023;294.34;294.34;294.34;294.34;;;0.57%
15/02/2023;294.36;294.36;294.36;294.36;;;0.01%
16/02/2023;296.61;296.61;296.61;296.61;;;0.76%
17/02/2023;294.52;294.52;294.52;294.52;;;-0.70%
20/02/2023;294.53;294.53;294.53;294.53;;;0.00%
21/02/2023;294.22;294.22;294.22;294.22;;;-0.11%
22/02/2023;293.95;293.95;293.95;293.95;;;-0.09%
23/02/2023;294;294;294;294;;;0.02%
24/02/2023;295.38;295.38;295.38;295.38;;;0.47%
27/02/2023;294.25;294.25;294.25;294.25;;;-0.38%
28/02/2023;287.57;287.57;287.57;287.57;;;-2.27%
01/03/2023;287.04;287.04;287.04;287.04;;;-0.18%
02/03/2023;292.27;292.27;292.27;292.27;;;1.82%
03/03/2023;292.99;292.99;292.99;292.99;;;0.25%
06/03/2023;293.05;293.05;293.05;293.05;;;0.02%
07/03/2023;292.77;292.77;292.77;292.77;;;-0.10%
08/03/2023;292.59;292.59;292.59;292.59;;;-0.06%
09/03/2023;292.08;292.08;292.08;292.08;;;-0.17%
10/03/2023;289.58;289.58;289.58;289.58;;;-0.86%
13/03/2023;289.18;289.18;289.18;289.18;;;-0.14%
14/03/2023;293.35;293.35;293.35;293.35;;;1.44%
15/03/2023;289.89;289.89;289.89;289.89;;;-1.18%
16/03/2023;288.82;288.82;288.82;288.82;;;-0.37%
17/03/2023;287.47;287.47;287.47;287.47;;;-0.47%
20/03/2023;287.04;287.04;287.04;287.04;;;-0.15%
21/03/2023;286.82;286.82;286.82;286.82;;;-0.08%
22/03/2023;286.19;286.19;286.19;286.19;;;-0.22%
23/03/2023;286.67;286.67;286.67;286.67;;;0.17%
24/03/2023;286.08;286.08;286.08;286.08;;;-0.21%
27/03/2023;285.7;285.7;285.7;285.7;;;-0.13%
28/03/2023;282.62;282.62;282.62;282.62;;;-1.08%
29/03/2023;289.87;289.87;289.87;289.87;;;2.57%
30/03/2023;287.26;287.26;287.26;287.26;;;-0.90%
31/03/2023;284.29;284.29;284.29;284.29;;;-1.03%
03/04/2023;285.44;285.44;285.44;285.44;;;0.40%
04/04/2023;285.5;285.5;285.5;285.5;;;0.02%
05/04/2023;281.76;281.76;281.76;281.76;;;-1.31%
06/04/2023;283.95;283.95;283.95;283.95;;;0.78%
07/04/2023;282.61;282.61;282.61;282.61;;;-0.47%
10/04/2023;282.61;282.61;282.61;282.61;;;0.00%
11/04/2023;282.78;282.78;282.78;282.78;;;0.06%
12/04/2023;281.29;281.29;281.29;281.29;;;-0.53%
13/04/2023;279.71;279.71;279.71;279.71;;;-0.56%
14/04/2023;281.22;281.22;281.22;281.22;;;0.54%
17/04/2023;279.66;279.66;279.66;279.66;;;-0.55%
18/04/2023;279.66;279.66;279.66;279.66;;;0.00%
19/04/2023;276.84;276.84;276.84;276.84;;;-1.01%
20/04/2023;277.18;277.18;277.18;277.18;;;0.12%
21/04/2023;277.18;277.18;277.18;277.18;;;0.00%
24/04/2023;275.54;275.54;275.54;275.54;;;-0.59%
25/04/2023;276.99;276.99;276.99;276.99;;;0.53%
26/04/2023;269.46;269.46;269.46;269.46;;;-2.72%
27/04/2023;262.78;262.78;262.78;262.78;;;-2.48%
28/04/2023;262.13;262.13;262.13;262.13;;;-0.25%
01/05/2023;262.13;262.13;262.13;262.13;;;0.00%
02/05/2023;264.54;264.54;264.54;264.54;;;0.92%
03/05/2023;264.54;264.54;264.54;264.54;;;0.00%
04/05/2023;265.17;265.17;265.17;265.17;;;0.24%
05/05/2023;264.17;264.17;264.17;264.17;;;-0.38%
08/05/2023;263.37;263.37;263.37;263.37;;;-0.30%
09/05/2023;260.09;260.09;260.09;260.09;;;-1.25%
10/05/2023;253.34;253.34;253.34;253.34;;;-2.60%
11/05/2023;251.77;251.77;251.77;251.77;;;-0.62%
12/05/2023;249.87;249.87;249.87;249.87;;;-0.75%
15/05/2023;248.05;248.05;248.05;248.05;;;-0.73%
16/05/2023;249.72;249.72;249.72;249.72;;;0.67%
17/05/2023;248.9;248.9;248.9;248.9;;;-0.33%
18/05/2023;248.9;248.9;248.9;248.9;;;0.00%
19/05/2023;248.3;248.3;248.3;248.3;;;-0.24%
22/05/2023;246.72;246.72;246.72;246.72;;;-0.64%
23/05/2023;245.93;245.93;245.93;245.93;;;-0.32%
24/05/2023;247.41;247.41;247.41;247.41;;;0.60%
25/05/2023;246.94;246.94;246.94;246.94;;;-0.19%
26/05/2023;246.56;246.56;246.56;246.56;;;-0.15%
29/05/2023;246.56;246.56;246.56;246.56;;;0.00%
30/05/2023;246.3;246.3;246.3;246.3;;;-0.11%
31/05/2023;241.55;241.55;241.55;241.55;;;-1.93%
01/06/2023;242.08;242.08;242.08;242.08;;;0.22%
02/06/2023;239.22;239.22;239.22;239.22;;;-1.18%
05/06/2023;235.83;235.83;235.83;235.83;;;-1.42%
06/06/2023;235.07;235.07;235.07;235.07;;;-0.32%
07/06/2023;231.97;231.97;231.97;231.97;;;-1.32%
08/06/2023;234.24;234.24;234.24;234.24;;;0.98%
09/06/2023;231.12;231.12;231.12;231.12;;;-1.33%
12/06/2023;230.74;230.74;230.74;230.74;;;-0.16%
13/06/2023;231.13;231.13;231.13;231.13;;;0.17%
14/06/2023;230.29;230.29;230.29;230.29;;;-0.36%
15/06/2023;228.76;228.76;228.76;228.76;;;-0.66%
16/06/2023;229.38;229.38;229.38;229.38;;;0.27%
19/06/2023;230.74;230.74;230.74;230.74;;;0.59%
20/06/2023;227.95;227.95;227.95;227.95;;;-1.21%
21/06/2023;227.82;227.82;227.82;227.82;;;-0.06%
22/06/2023;227.83;227.83;227.83;227.83;;;0.00%
23/06/2023;226.31;226.31;226.31;226.31;;;-0.67%
26/06/2023;227.76;227.76;227.76;227.76;;;0.64%
27/06/2023;227.67;227.67;227.67;227.67;;;-0.04%
28/06/2023;227.67;227.67;227.67;227.67;;;0.00%
29/06/2023;231.84;231.84;231.84;231.84;;;1.83%
30/06/2023;238.38;238.38;238.38;238.38;;;2.82%
03/07/2023;234.25;234.25;234.25;234.25;;;-1.73%
04/07/2023;233.43;233.43;233.43;233.43;;;-0.35%
05/07/2023;232.08;232.08;232.08;232.08;;;-0.58%
06/07/2023;230.89;230.89;230.89;230.89;;;-0.51%
07/07/2023;231.06;231.06;231.06;231.06;;;0.07%
10/07/2023;230.16;230.16;230.16;230.16;;;-0.39%
11/07/2023;229.48;229.48;229.48;229.48;;;-0.30%
12/07/2023;220.74;220.74;220.74;220.74;;;-3.81%
13/07/2023;216.75;216.75;216.75;216.75;;;-1.81%
14/07/2023;221.44;221.44;221.44;221.44;;;2.16%
17/07/2023;211.24;211.24;211.24;211.24;;;-4.61%
18/07/2023;209.56;209.56;209.56;209.56;;;-0.80%
19/07/2023;205.27;205.27;205.27;205.27;;;-2.05%
20/07/2023;206.69;206.69;206.69;206.69;;;0.69%
21/07/2023;206.14;206.14;206.14;206.14;;;-0.27%
24/07/2023;204.75;204.75;204.75;204.75;;;-0.67%
25/07/2023;204.07;204.07;204.07;204.07;;;-0.33%
26/07/2023;202.64;202.64;202.64;202.64;;;-0.70%
27/07/2023;200.81;200.81;200.81;200.81;;;-0.90%
28/07/2023;199.76;199.76;199.76;199.76;;;-0.52%
31/07/2023;200.51;200.51;200.51;200.51;;;0.38%
01/08/2023;198.61;198.61;198.61;198.61;;;-0.95%
02/08/2023;195.27;195.27;195.27;195.27;;;-1.68%
03/08/2023;198.14;198.14;198.14;198.14;;;1.47%
04/08/2023;197.84;197.84;197.84;197.84;;;-0.15%
07/08/2023;197.84;197.84;197.84;197.84;;;0.00%
08/08/2023;197.67;197.67;197.67;197.67;;;-0.09%
09/08/2023;197.79;197.79;197.79;197.79;;;0.06%
10/08/2023;197.09;197.09;197.09;197.09;;;-0.35%
11/08/2023;196.75;196.75;196.75;196.75;;;-0.17%
14/08/2023;197.55;197.55;197.55;197.55;;;0.41%
15/08/2023;197.55;197.55;197.55;197.55;;;0.00%
16/08/2023;200.83;200.83;200.83;200.83;;;1.66%
17/08/2023;198.14;198.14;198.14;198.14;;;-1.34%
18/08/2023;196.53;196.53;196.53;196.53;;;-0.81%
21/08/2023;197.31;197.31;197.31;197.31;;;0.40%
22/08/2023;198.96;198.96;198.96;198.96;;;0.84%
23/08/2023;196.59;196.59;196.59;196.59;;;-1.19%
24/08/2023;197.69;197.69;197.69;197.69;;;0.56%
25/08/2023;196.94;196.94;196.94;196.94;;;-0.38%
28/08/2023;196.75;196.75;196.75;196.75;;;-0.10%
29/08/2023;195.43;195.43;195.43;195.43;;;-0.67%
30/08/2023;196.12;196.12;196.12;196.12;;;0.35%
31/08/2023;195.32;195.32;195.32;195.32;;;-0.41%
01/09/2023;195.25;195.25;195.25;195.25;;;-0.04%
04/09/2023;194.92;194.92;194.92;194.92;;;-0.17%
05/09/2023;195.55;195.55;195.55;195.55;;;0.32%
06/09/2023;195.23;195.23;195.23;195.23;;;-0.16%
07/09/2023;195.54;195.54;195.54;195.54;;;0.16%
08/09/2023;195.58;195.58;195.58;195.58;;;0.02%
11/09/2023;194.08;194.08;194.08;194.08;;;-0.77%
12/09/2023;193.78;193.78;193.78;193.78;;;-0.15%
13/09/2023;194.88;194.88;194.88;194.88;;;0.57%
14/09/2023;197.35;197.35;197.35;197.35;;;1.27%
15/09/2023;195.28;195.28;195.28;195.28;;;-1.05%
18/09/2023;195.26;195.26;195.26;195.26;;;-0.01%
19/09/2023;196.1;196.1;196.1;196.1;;;0.43%
20/09/2023;197.91;197.91;197.91;197.91;;;0.92%
21/09/2023;197.04;197.04;197.04;197.04;;;-0.44%
22/09/2023;193.09;193.09;193.09;193.09;;;-2.00%
25/09/2023;192.44;192.44;192.44;192.44;;;-0.34%
26/09/2023;185.34;185.34;185.34;185.34;;;-3.69%
27/09/2023;185.34;185.34;185.34;185.34;;;0.00%
28/09/2023;188.36;188.36;188.36;188.36;;;1.63%
29/09/2023;180.54;180.54;180.54;180.54;;;-4.15%
02/10/2023;185.28;185.28;185.28;185.28;;;2.63%
03/10/2023;183.79;183.79;183.79;183.79;;;-0.80%
04/10/2023;178.61;178.61;178.61;178.61;;;-2.82%
05/10/2023;170.59;170.59;170.59;170.59;;;-4.49%
06/10/2023;173.06;173.06;173.06;173.06;;;1.45%
09/10/2023;174.87;174.87;174.87;174.87;;;1.05%
10/10/2023;176.59;176.59;176.59;176.59;;;0.98%
11/10/2023;180.21;180.21;180.21;180.21;;;2.05%
12/10/2023;180.64;180.64;180.64;180.64;;;0.24%
13/10/2023;182.4;182.4;182.4;182.4;;;0.97%
16/10/2023;181.48;181.48;181.48;181.48;;;-0.50%
17/10/2023;181.49;181.49;181.49;181.49;;;0.01%
18/10/2023;179.61;179.61;179.61;179.61;;;-1.04%
19/10/2023;180.56;180.56;180.56;180.56;;;0.53%
20/10/2023;179.47;179.47;179.47;179.47;;;-0.60%
23/10/2023;179.69;179.69;179.69;179.69;;;0.12%
24/10/2023;179.36;179.36;179.36;179.36;;;-0.18%
25/10/2023;178.29;178.29;178.29;178.29;;;-0.60%
26/10/2023;177.09;177.09;177.09;177.09;;;-0.67%
27/10/2023;172.11;172.11;172.11;172.11;;;-2.81%
30/10/2023;164.83;164.83;164.83;164.83;;;-4.23%
31/10/2023;162.08;162.08;162.08;162.08;;;-1.67%
01/11/2023;162.08;162.08;162.08;162.08;;;0.00%
02/11/2023;160.98;160.98;160.98;160.98;;;-0.68%
03/11/2023;157.38;157.38;157.38;157.38;;;-2.24%
06/11/2023;158.4;158.4;158.4;158.4;;;0.65%
07/11/2023;158.02;158.02;158.02;158.02;;;-0.24%
08/11/2023;156.78;156.78;156.78;156.78;;;-0.78%
09/11/2023;157.43;157.43;157.43;157.43;;;0.41%
10/11/2023;155.01;155.01;155.01;155.01;;;-1.54%
13/11/2023;157.06;157.06;157.06;157.06;;;1.32%
14/11/2023;156.94;156.94;156.94;156.94;;;-0.08%
15/11/2023;156.94;156.94;156.94;156.94;;;0.00%
16/11/2023;152.22;152.22;152.22;152.22;;;-3.01%
17/11/2023;154.67;154.67;154.67;154.67;;;1.61%
20/11/2023;147.76;147.76;147.76;147.76;;;-4.47%
21/11/2023;150.31;150.31;150.31;150.31;;;1.73%
22/11/2023;147.95;147.95;147.95;147.95;;;-1.57%
23/11/2023;147.67;147.67;147.67;147.67;;;-0.19%
24/11/2023;147.65;147.65;147.65;147.65;;;-0.01%
27/11/2023;147.55;147.55;147.55;147.55;;;-0.07%
28/11/2023;143.56;143.56;143.56;143.56;;;-2.70%
29/11/2023;147.15;147.15;147.15;147.15;;;2.50%
30/11/2023;147.18;147.18;147.18;147.18;;;0.02%
01/12/2023;146.9;146.9;146.9;146.9;;;-0.19%
04/12/2023;146.66;146.66;146.66;146.66;;;-0.16%
05/12/2023;144.86;144.86;144.86;144.86;;;-1.23%
06/12/2023;148.27;148.27;148.27;148.27;;;2.35%
07/12/2023;143.08;143.08;143.08;143.08;;;-3.50%
08/12/2023;146.89;146.89;146.89;146.89;;;2.66%
11/12/2023;146.63;146.63;146.63;146.63;;;-0.18%
12/12/2023;148.88;148.88;148.88;148.88;;;1.53%
13/12/2023;151.78;151.78;151.78;151.78;;;1.95%
14/12/2023;153.14;153.14;153.14;153.14;;;0.90%
15/12/2023;156.36;156.36;156.36;156.36;;;2.10%
18/12/2023;151.02;151.02;151.02;151.02;;;-3.42%
19/12/2023;159.82;159.82;159.82;159.82;;;5.83%
20/12/2023;156.86;156.86;156.86;156.86;;;-1.85%
21/12/2023;158.28;158.28;158.28;158.28;;;0.91%
22/12/2023;158.99;158.99;158.99;158.99;;;0.45%
25/12/2023;158.99;158.99;158.99;158.99;;;0.00%
26/12/2023;158.48;158.48;158.48;158.48;;;-0.32%
27/12/2023;158.67;158.67;158.67;158.67;;;0.12%
28/12/2023;158.25;158.25;158.25;158.25;;;-0.26%
29/12/2023;161.56;161.56;161.56;161.56;;;2.09%
01/01/2024;161.56;161.56;161.56;161.56;;;0.00%
02/01/2024;162.95;162.95;162.95;162.95;;;0.86%
03/01/2024;164.58;164.58;164.58;164.58;;;1.00%
04/01/2024;166.04;166.04;166.04;166.04;;;0.89%
05/01/2024;165.49;165.49;165.49;165.49;;;-0.33%
08/01/2024;164.01;164.01;164.01;164.01;;;-0.89%
09/01/2024;162.41;162.41;162.41;162.41;;;-0.98%
10/01/2024;160.92;160.92;160.92;160.92;;;-0.92%
11/01/2024;159.12;159.12;159.12;159.12;;;-1.12%
12/01/2024;162.36;162.36;162.36;162.36;;;2.04%
15/01/2024;159.09;159.09;159.09;159.09;;;-2.01%
16/01/2024;160.67;160.67;160.67;160.67;;;0.99%
17/01/2024;158.01;158.01;158.01;158.01;;;-1.66%
18/01/2024;159.43;159.43;159.43;159.43;;;0.90%
19/01/2024;158.62;158.62;158.62;158.62;;;-0.51%
22/01/2024;154.49;154.49;154.49;154.49;;;-2.60%
23/01/2024;156.82;156.82;156.82;156.82;;;1.51%
24/01/2024;157.74;157.74;157.74;157.74;;;0.59%
25/01/2024;158;158;158;158;;;0.16%
26/01/2024;158.05;158.05;158.05;158.05;;;0.03%
29/01/2024;156.04;156.04;156.04;156.04;;;-1.27%
30/01/2024;157.47;157.47;157.47;157.47;;;0.92%
31/01/2024;156.59;156.59;156.59;156.59;;;-0.56%
01/02/2024;156.99;156.99;156.99;156.99;;;0.26%
02/02/2024;157.09;157.09;157.09;157.09;;;0.06%
05/02/2024;157.45;157.45;157.45;157.45;;;0.23%
06/02/2024;157.69;157.69;157.69;157.69;;;0.15%
07/02/2024;157.25;157.25;157.25;157.25;;;-0.28%
08/02/2024;157.76;157.76;157.76;157.76;;;0.32%
09/02/2024;158.18;158.18;158.18;158.18;;;0.27%
12/02/2024;158.18;158.18;158.18;158.18;;;0.00%
13/02/2024;157.35;157.35;157.35;157.35;;;-0.52%
14/02/2024;157.38;157.38;157.38;157.38;;;0.02%
15/02/2024;159.38;159.38;159.38;159.38;;;1.27%
16/02/2024;159.52;159.52;159.52;159.52;;;0.09%
19/02/2024;159.06;159.06;159.06;159.06;;;-0.29%
20/02/2024;159.04;159.04;159.04;159.04;;;-0.01%
21/02/2024;158.88;158.88;158.88;158.88;;;-0.10%
22/02/2024;158.95;158.95;158.95;158.95;;;0.04%
23/02/2024;160.16;160.16;160.16;160.16;;;0.76%
26/02/2024;158.72;158.72;158.72;158.72;;;-0.90%
27/02/2024;159.26;159.26;159.26;159.26;;;0.34%
28/02/2024;158.97;158.97;158.97;158.97;;;-0.18%
29/02/2024;159.04;159.04;159.04;159.04;;;0.04%
01/03/2024;158.35;158.35;158.35;158.35;;;-0.43%
04/03/2024;157.96;157.96;157.96;157.96;;;-0.25%
05/03/2024;158.39;158.39;158.39;158.39;;;0.27%
06/03/2024;157.66;157.66;157.66;157.66;;;-0.46%
07/03/2024;159.59;159.59;159.59;159.59;;;1.22%
08/03/2024;161.88;161.88;161.88;161.88;;;1.43%
11/03/2024;160.49;160.49;160.49;160.49;;;-0.86%
12/03/2024;161.53;161.53;161.53;161.53;;;0.65%
13/03/2024;161.6;161.6;161.6;161.6;;;0.04%
14/03/2024;162.38;162.38;162.38;162.38;;;0.48%
15/03/2024;163.42;163.42;163.42;163.42;;;0.64%
18/03/2024;171.74;171.74;171.74;171.74;;;5.09%
19/03/2024;175.83;175.83;175.83;175.83;;;2.38%
20/03/2024;174.28;174.28;174.28;174.28;;;-0.88%
21/03/2024;173.58;173.58;173.58;173.58;;;-0.40%
22/03/2024;172.76;172.76;172.76;172.76;;;-0.47%
25/03/2024;173.6;173.6;173.6;173.6;;;0.49%
26/03/2024;173.38;173.38;173.38;173.38;;;-0.13%
27/03/2024;176.46;176.46;176.46;176.46;;;1.78%
28/03/2024;176.84;176.84;176.84;176.84;;;0.22%
29/03/2024;177.01;177.01;177.01;177.01;;;0.10%
01/04/2024;177.01;177.01;177.01;177.01;;;0.00%
02/04/2024;173.54;173.54;173.54;173.54;;;-1.96%
03/04/2024;182.25;182.25;182.25;182.25;;;5.02%
04/04/2024;186.71;186.71;186.71;186.71;;;2.45%
05/04/2024;176.18;176.18;176.18;176.18;;;-5.64%
08/04/2024;176.4;176.4;176.4;176.4;;;0.12%
09/04/2024;178.57;178.57;178.57;178.57;;;1.23%
10/04/2024;178.57;178.57;178.57;178.57;;;0.00%
11/04/2024;178.63;178.63;178.63;178.63;;;0.03%
12/04/2024;173.04;173.04;173.04;173.04;;;-3.13%
15/04/2024;168.62;168.62;168.62;168.62;;;-2.55%
16/04/2024;165.68;165.68;165.68;165.68;;;-1.74%
17/04/2024;168.45;168.45;168.45;168.45;;;1.67%
18/04/2024;165.67;165.67;165.67;165.67;;;-1.65%
19/04/2024;164.04;164.04;164.04;164.04;;;-0.98%
22/04/2024;167.34;167.34;167.34;167.34;;;2.01%
23/04/2024;168.35;168.35;168.35;168.35;;;0.60%
24/04/2024;166.55;166.55;166.55;166.55;;;-1.07%
25/04/2024;169.23;169.23;169.23;169.23;;;1.61%
26/04/2024;170.74;170.74;170.74;170.74;;;0.89%
29/04/2024;171.68;171.68;171.68;171.68;;;0.55%
30/04/2024;171.14;171.14;171.14;171.14;;;-0.31%
01/05/2024;171.14;171.14;171.14;171.14;;;0.00%
02/05/2024;163.39;163.39;163.39;163.39;;;-4.53%
03/05/2024;154.74;154.74;154.74;154.74;;;-5.29%
06/05/2024;147.33;147.33;147.33;147.33;;;-4.79%
07/05/2024;150.09;150.09;150.09;150.09;;;1.87%
08/05/2024;153.93;153.93;153.93;153.93;;;2.56%
09/05/2024;153.93;153.93;153.93;153.93;;;0.00%
10/05/2024;149.91;149.91;149.91;149.91;;;-2.61%
13/05/2024;155.87;155.87;155.87;155.87;;;3.98%
14/05/2024;154.4;154.4;154.4;154.4;;;-0.94%
15/05/2024;159.02;159.02;159.02;159.02;;;2.99%
16/05/2024;158.53;158.53;158.53;158.53;;;-0.31%
17/05/2024;157.81;157.81;157.81;157.81;;;-0.45%
20/05/2024;157.81;157.81;157.81;157.81;;;0.00%
21/05/2024;157.08;157.08;157.08;157.08;;;-0.46%
22/05/2024;158.01;158.01;158.01;158.01;;;0.59%
23/05/2024;154.24;154.24;154.24;154.24;;;-2.39%
24/05/2024;157.38;157.38;157.38;157.38;;;2.04%
27/05/2024;154.82;154.82;154.82;154.82;;;-1.63%
28/05/2024;154.35;154.35;154.35;154.35;;;-0.30%
29/05/2024;155.18;155.18;155.18;155.18;;;0.54%
30/05/2024;152.41;152.41;152.41;152.41;;;-1.79%
31/05/2024;153.21;153.21;153.21;153.21;;;0.52%
03/06/2024;151.88;151.88;151.88;151.88;;;-0.87%
04/06/2024;151.72;151.72;151.72;151.72;;;-0.11%
05/06/2024;150.59;150.59;150.59;150.59;;;-0.74%
06/06/2024;153.07;153.07;153.07;153.07;;;1.65%
07/06/2024;156.5;156.5;156.5;156.5;;;2.24%
10/06/2024;159.34;159.34;159.34;159.34;;;1.81%
11/06/2024;159.16;159.16;159.16;159.16;;;-0.11%
12/06/2024;156.56;156.56;156.56;156.56;;;-1.63%
13/06/2024;159.41;159.41;159.41;159.41;;;1.82%
14/06/2024;159.98;159.98;159.98;159.98;;;0.36%
18/06/2024;158.79;158.79;158.79;158.79;;;-0.74%
19/06/2024;158.56;158.56;158.56;158.56;;;-0.14%
20/06/2024;162.73;162.73;162.73;162.73;;;2.63%
21/06/2024;164.66;164.66;164.66;164.66;;;1.19%
24/06/2024;164.6;164.6;164.6;164.6;;;-0.04%
25/06/2024;166.26;166.26;166.26;166.26;;;1.01%
26/06/2024;166.83;166.83;166.83;166.83;;;0.34%
27/06/2024;165.93;165.93;165.93;165.93;;;-0.54%
28/06/2024;170.86;170.86;170.86;170.86;;;2.97%
01/07/2024;167.57;167.57;167.57;167.57;;;-1.93%
02/07/2024;169.03;169.03;169.03;169.03;;;0.87%
03/07/2024;171.66;171.66;171.66;171.66;;;1.56%
04/07/2024;171.59;171.59;171.59;171.59;;;-0.04%
05/07/2024;173.39;173.39;173.39;173.39;;;1.05%
08/07/2024;173.91;173.91;173.91;173.91;;;0.30%
09/07/2024;175.48;175.48;175.48;175.48;;;0.90%
10/07/2024;175.25;175.25;175.25;175.25;;;-0.13%
11/07/2024;175.6;175.6;175.6;175.6;;;0.20%
12/07/2024;175.44;175.44;175.44;175.44;;;-0.09%
15/07/2024;171.59;171.59;171.59;171.59;;;-2.19%
16/07/2024;173.99;173.99;173.99;173.99;;;1.40%
17/07/2024;173.84;173.84;173.84;173.84;;;-0.09%
18/07/2024;173.37;173.37;173.37;173.37;;;-0.27%
19/07/2024;173.11;173.11;173.11;173.11;;;-0.15%
22/07/2024;172.45;172.45;172.45;172.45;;;-0.38%
23/07/2024;172.62;172.62;172.62;172.62;;;0.10%
24/07/2024;171.67;171.67;171.67;171.67;;;-0.55%
25/07/2024;171.25;171.25;171.25;171.25;;;-0.24%
26/07/2024;173.09;173.09;173.09;173.09;;;1.07%
29/07/2024;171.07;171.07;171.07;171.07;;;-1.17%
30/07/2024;171.34;171.34;171.34;171.34;;;0.16%
31/07/2024;168.71;168.71;168.71;168.71;;;-1.53%
01/08/2024;171.56;171.56;171.56;171.56;;;1.69%
02/08/2024;168.09;168.09;168.09;168.09;;;-2.02%
05/08/2024;168.45;168.45;168.45;168.45;;;0.21%
06/08/2024;167.4;167.4;167.4;167.4;;;-0.62%
07/08/2024;167.4;167.4;167.4;167.4;;;0.00%
08/08/2024;164.81;164.81;164.81;164.81;;;-1.55%
09/08/2024;163.55;163.55;163.55;163.55;;;-0.76%
12/08/2024;166.83;166.83;166.83;166.83;;;2.01%
13/08/2024;162.87;162.87;162.87;162.87;;;-2.37%
14/08/2024;162.37;162.37;162.37;162.37;;;-0.31%
15/08/2024;162.37;162.37;162.37;162.37;;;0.00%
16/08/2024;161.07;161.07;161.07;161.07;;;-0.80%
19/08/2024;161.45;161.45;161.45;161.45;;;0.24%
20/08/2024;164.89;164.89;164.89;164.89;;;2.13%
21/08/2024;165.06;165.06;165.06;165.06;;;0.10%
22/08/2024;164.9;164.9;164.9;164.9;;;-0.10%
23/08/2024;164.17;164.17;164.17;164.17;;;-0.44%
26/08/2024;165.96;165.96;165.96;165.96;;;1.09%
27/08/2024;165.62;165.62;165.62;165.62;;;-0.20%
28/08/2024;169.05;169.05;169.05;169.05;;;2.07%
29/08/2024;164.43;164.43;164.43;164.43;;;-2.73%
30/08/2024;168.76;168.76;168.76;168.76;;;2.63%
02/09/2024;167.51;167.51;167.51;167.51;;;-0.74%
03/09/2024;169.94;169.94;169.94;169.94;;;1.45%
04/09/2024;172.48;172.48;172.48;172.48;;;1.49%
05/09/2024;173.31;173.31;173.31;173.31;;;0.48%
06/09/2024;173.43;173.43;173.43;173.43;;;0.07%
09/09/2024;170.57;170.57;170.57;170.57;;;-1.65%
10/09/2024;171.34;171.34;171.34;171.34;;;0.45%
11/09/2024;168.2;168.2;168.2;168.2;;;-1.83%
12/09/2024;170.79;170.79;170.79;170.79;;;1.54%
13/09/2024;170.53;170.53;170.53;170.53;;;-0.15%
16/09/2024;167.17;167.17;167.17;167.17;;;-1.97%
17/09/2024;169.22;169.22;169.22;169.22;;;1.23%
18/09/2024;170.35;170.35;170.35;170.35;;;0.67%
19/09/2024;172.38;172.38;172.38;172.38;;;1.19%
20/09/2024;171.33;171.33;171.33;171.33;;;-0.61%
23/09/2024;169.56;169.56;169.56;169.56;;;-1.03%
24/09/2024;170.62;170.62;170.62;170.62;;;0.63%
25/09/2024;169.05;169.05;169.05;169.05;;;-0.92%
26/09/2024;172.19;172.19;172.19;172.19;;;1.86%
27/09/2024;171.64;171.64;171.64;171.64;;;-0.32%
30/09/2024;172.86;172.86;172.86;172.86;;;0.71%
01/10/2024;172.61;172.61;172.61;172.61;;;-0.14%
02/10/2024;172.21;172.21;172.21;172.21;;;-0.23%
03/10/2024;173.46;173.46;173.46;173.46;;;0.73%
04/10/2024;171.93;171.93;171.93;171.93;;;-0.88%
07/10/2024;174.43;174.43;174.43;174.43;;;1.45%
08/10/2024;181.81;181.81;181.81;181.81;;;4.23%
09/10/2024;190.63;190.63;190.63;190.63;;;4.85%
10/10/2024;195.88;195.88;195.88;195.88;;;2.75%
11/10/2024;194.41;194.41;194.41;194.41;;;-0.75%
14/10/2024;188.78;188.78;188.78;188.78;;;-2.90%
15/10/2024;187.86;187.86;187.86;187.86;;;-0.49%
16/10/2024;187.28;187.28;187.28;187.28;;;-0.31%
17/10/2024;187.23;187.23;187.23;187.23;;;-0.03%
18/10/2024;187.23;187.23;187.23;187.23;;;0.00%
21/10/2024;186.14;186.14;186.14;186.14;;;-0.58%
22/10/2024;187.81;187.81;187.81;187.81;;;0.90%
23/10/2024;187.78;187.78;187.78;187.78;;;-0.02%
24/10/2024;187.47;187.47;187.47;187.47;;;-0.17%
25/10/2024;186.28;186.28;186.28;186.28;;;-0.63%
28/10/2024;188.11;188.11;188.11;188.11;;;0.98%
29/10/2024;190.43;190.43;190.43;190.43;;;1.23%
30/10/2024;195.17;195.17;195.17;195.17;;;2.49%
31/10/2024;194.57;194.57;194.57;194.57;;;-0.31%
01/11/2024;194.57;194.57;194.57;194.57;;;0.00%
04/11/2024;204.09;204.09;204.09;204.09;;;4.89%
05/11/2024;194.11;194.11;194.11;194.11;;;-4.89%
06/11/2024;191.69;191.69;191.69;191.69;;;-1.25%
07/11/2024;194.43;194.43;194.43;194.43;;;1.43%
08/11/2024;196.91;196.91;196.91;196.91;;;1.28%
11/11/2024;193.34;193.34;193.34;193.34;;;-1.81%
12/11/2024;194.64;194.64;194.64;194.64;;;0.67%
13/11/2024;194.11;194.11;194.11;194.11;;;-0.27%
14/11/2024;185.49;185.49;185.49;185.49;;;-4.44%
15/11/2024;185.49;185.49;185.49;185.49;;;0.00%
18/11/2024;191.39;191.39;191.39;191.39;;;3.18%
19/11/2024;192.2;192.2;192.2;192.2;;;0.42%
20/11/2024;192.58;192.58;192.58;192.58;;;0.20%
21/11/2024;192.69;192.69;192.69;192.69;;;0.06%
22/11/2024;192.8;192.8;192.8;192.8;;;0.06%
25/11/2024;192.32;192.32;192.32;192.32;;;-0.25%
26/11/2024;190.13;190.13;190.13;190.13;;;-1.14%
27/11/2024;190.73;190.73;190.73;190.73;;;0.32%
28/11/2024;195.46;195.46;195.46;195.46;;;2.48%
29/11/2024;195.82;195.82;195.82;195.82;;;0.18%
02/12/2024;192.77;192.77;192.77;192.77;;;-1.56%
03/12/2024;192.78;192.78;192.78;192.78;;;0.01%
04/12/2024;195.45;195.45;195.45;195.45;;;1.38%
05/12/2024;196.18;196.18;196.18;196.18;;;0.37%
06/12/2024;194.94;194.94;194.94;194.94;;;-0.63%
09/12/2024;195.1;195.1;195.1;195.1;;;0.08%
10/12/2024;193.45;193.45;193.45;193.45;;;-0.85%
11/12/2024;194.76;194.76;194.76;194.76;;;0.68%
12/12/2024;193.51;193.51;193.51;193.51;;;-0.64%
13/12/2024;194.57;194.57;194.57;194.57;;;0.55%
16/12/2024;193.33;193.33;193.33;193.33;;;-0.64%
17/12/2024;192.08;192.08;192.08;192.08;;;-0.65%
18/12/2024;195.16;195.16;195.16;195.16;;;1.60%
19/12/2024;193.51;193.51;193.51;193.51;;;-0.85%
20/12/2024;194.73;194.73;194.73;194.73;;;0.63%
23/12/2024;193.41;193.41;193.41;193.41;;;-0.68%
24/12/2024;193.39;193.39;193.39;193.39;;;-0.01%
25/12/2024;193.39;193.39;193.39;193.39;;;0.00%
26/12/2024;193.34;193.34;193.34;193.34;;;-0.03%
27/12/2024;193.18;193.18;193.18;193.18;;;-0.08%
30/12/2024;193.78;193.78;193.78;193.78;;;0.31%
02/01/2025;194.99;194.99;194.99;194.99;;;0.62%
03/01/2025;197.6;197.6;197.6;197.6;;;1.34%
06/01/2025;200.4;200.4;200.4;200.4;;;1.42%
07/01/2025;193.96;193.96;193.96;193.96;;;-3.21%
08/01/2025;192.68;192.68;192.68;192.68;;;-0.66%
09/01/2025;191.82;191.82;191.82;191.82;;;-0.45%
10/01/2025;191.82;191.82;191.82;191.82;;;0.00%
13/01/2025;190.94;190.94;190.94;190.94;;;-0.46%
14/01/2025;187.23;187.23;187.23;187.23;;;-1.94%
15/01/2025;187.74;187.74;187.74;187.74;;;0.27%
16/01/2025;184.98;184.98;184.98;184.98;;;-1.47%
17/01/2025;186.24;186.24;186.24;186.24;;;0.68%
20/01/2025;183.33;183.33;183.33;183.33;;;-1.56%
21/01/2025;183.57;183.57;183.57;183.57;;;0.13%
22/01/2025;182.74;182.74;182.74;182.74;;;-0.45%
23/01/2025;183.56;183.56;183.56;183.56;;;0.45%
24/01/2025;183.47;183.47;183.47;183.47;;;-0.05%
27/01/2025;185.21;185.21;185.21;185.21;;;0.95%
28/01/2025;183.35;183.35;183.35;183.35;;;-1.00%
29/01/2025;183.18;183.18;183.18;183.18;;;-0.09%
30/01/2025;182.99;182.99;182.99;182.99;;;-0.10%
31/01/2025;184.7;184.7;184.7;184.7;;;0.93%
03/02/2025;185.04;185.04;185.04;185.04;;;0.18%
04/02/2025;187.22;187.22;187.22;187.22;;;1.18%
05/02/2025;190.95;190.95;190.95;190.95;;;1.99%
06/02/2025;197.55;197.55;197.55;197.55;;;3.46%
07/02/2025;200.13;200.13;200.13;200.13;;;1.31%
10/02/2025;198.92;198.92;198.92;198.92;;;-0.60%
11/02/2025;199.56;199.56;199.56;199.56;;;0.32%
12/02/2025;199.69;199.69;199.69;199.69;;;0.07%
13/02/2025;203.16;203.16;203.16;203.16;;;1.74%
14/02/2025;204.5;204.5;204.5;204.5;;;0.66%
17/02/2025;206.32;206.32;206.32;206.32;;;0.89%
18/02/2025;209.33;209.33;209.33;209.33;;;1.46%
19/02/2025;213.8;213.8;213.8;213.8;;;2.14%
20/02/2025;216.2;216.2;216.2;216.2;;;1.12%
21/02/2025;218.43;218.43;218.43;218.43;;;1.03%
24/02/2025;217.82;217.82;217.82;217.82;;;-0.28%
25/02/2025;217.57;217.57;217.57;217.57;;;-0.11%
26/02/2025;217.12;217.12;217.12;217.12;;;-0.21%
27/02/2025;216.8;216.8;216.8;216.8;;;-0.15%
28/02/2025;216.21;216.21;216.21;216.21;;;-0.27%
03/03/2025;217.36;217.36;217.36;217.36;;;0.53%
04/03/2025;218.99;218.99;218.99;218.99;;;0.75%
05/03/2025;220.48;220.48;220.48;220.48;;;0.68%
06/03/2025;219.22;219.22;219.22;219.22;;;-0.57%
07/03/2025;219.18;219.18;219.18;219.18;;;-0.02%
10/03/2025;224.73;224.73;224.73;224.73;;;2.53%
11/03/2025;224.24;224.24;224.24;224.24;;;-0.22%
12/03/2025;224.79;224.79;224.79;224.79;;;0.25%
13/03/2025;221.5;221.5;221.5;221.5;;;-1.46%
14/03/2025;227.36;227.36;227.36;227.36;;;2.65%
17/03/2025;227.41;227.41;227.41;227.41;;;0.02%
18/03/2025;230.99;230.99;230.99;230.99;;;1.57%
19/03/2025;228.31;228.31;228.31;228.31;;;-1.16%
20/03/2025;235.38;235.38;235.38;235.38;;;3.10%
21/03/2025;237.83;237.83;237.83;237.83;;;1.04%
24/03/2025;235.36;235.36;235.36;235.36;;;-1.04%
25/03/2025;235.87;235.87;235.87;235.87;;;0.22%
26/03/2025;236.75;236.75;236.75;236.75;;;0.37%
27/03/2025;236.75;236.75;236.75;236.75;;;0.00%
28/03/2025;235.96;235.96;235.96;235.96;;;-0.33%
31/03/2025;235.96;235.96;235.96;235.96;;;0.00%
01/04/2025;233.83;233.83;233.83;233.83;;;-0.90%
02/04/2025;231.28;231.28;231.28;231.28;;;-1.09%
03/04/2025;233.8;233.8;233.8;233.8;;;1.09%
04/04/2025;235.56;235.56;235.56;235.56;;;0.75%
07/04/2025;228.81;228.81;228.81;228.81;;;-2.87%
08/04/2025;219.26;219.26;219.26;219.26;;;-4.17%
09/04/2025;205.41;205.41;205.41;205.41;;;-6.32%
10/04/2025;208.77;208.77;208.77;208.77;;;1.64%
11/04/2025;213.14;213.14;213.14;213.14;;;2.09%
14/04/2025;222.91;222.91;222.91;222.91;;;4.58%
15/04/2025;226.86;226.86;226.86;226.86;;;1.77%
16/04/2025;226.99;226.99;226.99;226.99;;;0.06%
17/04/2025;224.11;224.11;224.11;224.11;;;-1.27%
18/04/2025;222.54;222.54;222.54;222.54;;;-0.70%
21/04/2025;222.54;222.54;222.54;222.54;;;0.00%
22/04/2025;231.61;231.61;231.61;231.61;;;4.08%
23/04/2025;231.8;231.8;231.8;231.8;;;0.08%
24/04/2025;231.42;231.42;231.42;231.42;;;-0.16%
25/04/2025;243.83;243.83;243.83;243.83;;;5.36%
28/04/2025;253.71;253.71;253.71;253.71;;;4.05%
29/04/2025;253.73;253.73;253.73;253.73;;;0.01%
30/04/2025;253.01;253.01;253.01;253.01;;;-0.28%
01/05/2025;253.01;253.01;253.01;253.01;;;0.00%
02/05/2025;254.38;254.38;254.38;254.38;;;0.54%
05/05/2025;254.6;254.6;254.6;254.6;;;0.09%
06/05/2025;257.88;257.88;257.88;257.88;;;1.29%
07/05/2025;260.81;260.81;260.81;260.81;;;1.14%
08/05/2025;265.56;265.56;265.56;265.56;;;1.82%
09/05/2025;267.16;267.16;267.16;267.16;;;0.60%
12/05/2025;273.07;273.07;273.07;273.07;;;2.21%
13/05/2025;277.58;277.58;277.58;277.58;;;1.65%
14/05/2025;279.58;279.58;279.58;279.58;;;0.72%
15/05/2025;282.66;282.66;282.66;282.66;;;1.10%
16/05/2025;285.99;285.99;285.99;285.99;;;1.18%
19/05/2025;287.23;287.23;287.23;287.23;;;0.43%
20/05/2025;285.59;285.59;285.59;285.59;;;-0.57%
21/05/2025;282.34;282.34;282.34;282.34;;;-1.14%
22/05/2025;283.41;283.41;283.41;283.41;;;0.38%
23/05/2025;282.11;282.11;282.11;282.11;;;-0.46%
26/05/2025;284.64;284.64;284.64;284.64;;;0.90%
27/05/2025;292.43;292.43;292.43;292.43;;;2.74%
28/05/2025;291.15;291.15;291.15;291.15;;;-0.44%
29/05/2025;291.15;291.15;291.15;291.15;;;0.00%
30/05/2025;290.5;290.5;290.5;290.5;;;-0.22%
02/06/2025;286.15;286.15;286.15;286.15;;;-1.50%
03/06/2025;286.25;286.25;286.25;286.25;;;0.03%
04/06/2025;285.6;285.6;285.6;285.6;;;-0.23%
05/06/2025;283.04;283.04;283.04;283.04;;;-0.90%
10/06/2025;293.12;293.12;293.12;293.12;;;3.56%
11/06/2025;294.74;294.74;294.74;294.74;;;0.55%
12/06/2025;298.34;298.34;298.34;298.34;;;1.22%
13/06/2025;311.51;311.51;311.51;311.51;;;4.41%
16/06/2025;311.34;311.34;311.34;311.34;;;-0.05%
17/06/2025;313.3;313.3;313.3;313.3;;;0.63%
18/06/2025;317.58;317.58;317.58;317.58;;;1.37%
19/06/2025;330.84;330.84;330.84;330.84;;;4.18%
20/06/2025;330.47;330.47;330.47;330.47;;;-0.11%
23/06/2025;335.77;335.77;335.77;335.77;;;1.60%
24/06/2025;336.77;336.77;336.77;336.77;;;0.30%
25/06/2025;329.97;329.97;329.97;329.97;;;-2.02%
26/06/2025;327.55;327.55;327.55;327.55;;;-0.73%
27/06/2025;333.59;333.59;333.59;333.59;;;1.84%
30/06/2025;334.2;334.2;334.2;334.2;;;0.18%
01/07/2025;331.52;331.52;331.52;331.52;;;-0.80%
02/07/2025;334.06;334.06;334.06;334.06;;;0.77%
03/07/2025;331.19;331.19;331.19;331.19;;;-0.86%
04/07/2025;333.07;333.07;333.07;333.07;;;0.57%
07/07/2025;329.74;329.74;329.74;329.74;;;-1.00%
08/07/2025;326.32;326.32;326.32;326.32;;;-1.04%
09/07/2025;315.62;315.62;315.62;315.62;;;-3.28%
10/07/2025;315.73;315.73;315.73;315.73;;;0.03%
11/07/2025;308.95;308.95;308.95;308.95;;;-2.15%
14/07/2025;310.98;310.98;310.98;310.98;;;0.66%
15/07/2025;305.78;305.78;305.78;305.78;;;-1.67%
16/07/2025;303.03;303.03;303.03;303.03;;;-0.90%
17/07/2025;301.87;301.87;301.87;301.87;;;-0.38%
18/07/2025;306.86;306.86;306.86;306.86;;;1.65%
21/07/2025;309.71;309.71;309.71;309.71;;;0.93%
22/07/2025;308.14;308.14;308.14;308.14;;;-0.51%
23/07/2025;306.08;306.08;306.08;306.08;;;-0.67%
24/07/2025;309.14;309.14;309.14;309.14;;;1.00%
25/07/2025;308.04;308.04;308.04;308.04;;;-0.36%
28/07/2025;308.61;308.61;308.61;308.61;;;0.19%
29/07/2025;308.17;308.17;308.17;308.17;;;-0.14%
30/07/2025;314.14;314.14;314.14;314.14;;;1.94%
31/07/2025;316.63;316.63;316.63;316.63;;;0.79%
01/08/2025;316.23;316.23;316.23;316.23;;;-0.13%
04/08/2025;314.38;314.38;314.38;314.38;;;-0.59%
05/08/2025;319.46;319.46;319.46;319.46;;;1.62%
06/08/2025;321.44;321.44;321.44;321.44;;;0.62%
07/08/2025;321.44;321.44;321.44;321.44;;;0.00%
08/08/2025;323.48;323.48;323.48;323.48;;;0.63%
11/08/2025;317.44;317.44;317.44;317.44;;;-1.87%
12/08/2025;320.33;320.33;320.33;320.33;;;0.91%
13/08/2025;325.72;325.72;325.72;325.72;;;1.68%
14/08/2025;326.77;326.77;326.77;326.77;;;0.32%
15/08/2025;326.77;326.77;326.77;326.77;;;0.00%
18/08/2025;322.67;322.67;322.67;322.67;;;-1.25%
19/08/2025;323.81;323.81;323.81;323.81;;;0.35%
20/08/2025;327.75;327.75;327.75;327.75;;;1.22%
21/08/2025;329.31;329.31;329.31;329.31;;;0.48%
22/08/2025;331.16;331.16;331.16;331.16;;;0.56%
25/08/2025;329.4;329.4;329.4;329.4;;;-0.53%
26/08/2025;329.15;329.15;329.15;329.15;;;-0.08%
27/08/2025;330.28;330.28;330.28;330.28;;;0.34%
28/08/2025;330.94;330.94;330.94;330.94;;;0.20%
29/08/2025;330.84;330.84;330.84;330.84;;;-0.03%
01/09/2025;329.47;329.47;329.47;329.47;;;-0.41%
02/09/2025;329.57;329.57;329.57;329.57;;;0.03%
03/09/2025;329.26;329.26;329.26;329.26;;;-0.09%
04/09/2025;329.26;329.26;329.26;329.26;;;0.00%
05/09/2025;329.93;329.93;329.93;329.93;;;0.20%
08/09/2025;331.42;331.42;331.42;331.42;;;0.45%
09/09/2025;329.53;329.53;329.53;329.53;;;-0.57%
10/09/2025;332.11;332.11;332.11;332.11;;;0.78%
11/09/2025;331.5;331.5;331.5;331.5;;;-0.18%
12/09/2025;333.75;333.75;333.75;333.75;;;0.68%
15/09/2025;337.87;337.87;337.87;337.87;;;1.23%
16/09/2025;340.28;340.28;340.28;340.28;;;0.71%
17/09/2025;336.89;336.89;336.89;336.89;;;-1.00%
18/09/2025;340.35;340.35;340.35;340.35;;;1.03%
19/09/2025;337.46;337.46;337.46;337.46;;;-0.85%
22/09/2025;344.57;344.57;344.57;344.57;;;2.11%
23/09/2025;340.15;340.15;340.15;340.15;;;-1.28%
24/09/2025;340.44;340.44;340.44;340.44;;;0.09%
25/09/2025;359.52;359.52;359.52;359.52;;;5.60%
26/09/2025;366.4;366.4;366.4;366.4;;;1.91%
29/09/2025;364.53;364.53;364.53;364.53;;;-0.51%
30/09/2025;354.06;354.06;354.06;354.06;;;-2.87%
01/10/2025;360.73;360.73;360.73;360.73;;;1.88%
02/10/2025;364.5;364.5;364.5;364.5;;;1.05%
03/10/2025;364.03;364.03;364.03;364.03;;;-0.13%
06/10/2025;386.43;386.43;386.43;386.43;;;6.15%
07/10/2025;376.98;376.98;376.98;376.98;;;-2.45%
08/10/2025;375.71;375.71;375.71;375.71;;;-0.34%
09/10/2025;375.36;375.36;375.36;375.36;;;-0.09%
10/10/2025;372.12;372.12;372.12;372.12;;;-0.86%
13/10/2025;367.8;367.8;367.8;367.8;;;-1.16%
14/10/2025;374.65;374.65;374.65;374.65;;;1.86%
15/10/2025;373.71;373.71;373.71;373.71;;;-0.25%
16/10/2025;377.84;377.84;377.84;377.84;;;1.11%
17/10/2025;372.93;372.93;372.93;372.93;;;-1.30%
20/10/2025;367.37;367.37;367.37;367.37;;;-1.49%
21/10/2025;365.17;365.17;365.17;365.17;;;-0.60%
22/10/2025;362.65;362.65;362.65;362.65;;;-0.69%
23/10/2025;368.63;368.63;368.63;368.63;;;1.65%
24/10/2025;369.38;369.38;369.38;369.38;;;0.20%
27/10/2025;370.6;370.6;370.6;370.6;;;0.33%
28/10/2025;369.62;369.62;369.62;369.62;;;-0.26%
29/10/2025;365.14;365.14;365.14;365.14;;;-1.21%
30/10/2025;347.48;347.48;347.48;347.48;;;-4.84%
31/10/2025;346.24;346.24;346.24;346.24;;;-0.36%
03/11/2025;332.84;332.84;332.84;332.84;;;-3.87%
04/11/2025;319.24;319.24;319.24;319.24;;;-4.09%
05/11/2025;315.23;315.23;315.23;315.23;;;-1.26%
06/11/2025;320.46;320.46;320.46;320.46;;;1.66%
07/11/2025;321.47;321.47;321.47;321.47;;;0.32%
10/11/2025;340.35;340.35;340.35;340.35;;;5.87%
11/11/2025;338.4;338.4;338.4;338.4;;;-0.57%
12/11/2025;334.86;334.86;334.86;334.86;;;-1.05%
13/11/2025;334.4;334.4;334.4;334.4;;;-0.14%
14/11/2025;332.56;332.56;332.56;332.56;;;-0.55%
17/11/2025;332.49;332.49;332.49;332.49;;;-0.02%
18/11/2025;330.25;330.25;330.25;330.25;;;-0.67%
19/11/2025;331.69;331.69;331.69;331.69;;;0.44%
20/11/2025;334.04;334.04;334.04;334.04;;;0.71%
21/11/2025;332.9;332.9;332.9;332.9;;;-0.34%
24/11/2025;338.17;338.17;338.17;338.17;;;1.58%
25/11/2025;339.31;339.31;339.31;339.31;;;0.34%
26/11/2025;339.25;339.25;339.25;339.25;;;-0.02%
27/11/2025;343.21;343.21;343.21;343.21;;;1.17%
28/11/2025;344.59;344.59;344.59;344.59;;;0.40%
01/12/2025;342.26;342.26;342.26;342.26;;;-0.68%
02/12/2025;342.22;342.22;342.22;342.22;;;-0.01%
03/12/2025;342.3;342.3;342.3;342.3;;;0.02%
04/12/2025;339.19;339.19;339.19;339.19;;;-0.91%
05/12/2025;337.41;337.41;337.41;337.41;;;-0.52%
08/12/2025;338.92;338.92;338.92;338.92;;;0.45%
09/12/2025;338.18;338.18;338.18;338.18;;;-0.22%
10/12/2025;337.26;337.26;337.26;337.26;;;-0.27%
11/12/2025;338.94;338.94;338.94;338.94;;;0.50%
12/12/2025;338.2;338.2;338.2;338.2;;;-0.22%
15/12/2025;339.1;339.1;339.1;339.1;;;0.27%
16/12/2025;338.33;338.33;338.33;338.33;;;-0.23%
17/12/2025;337.72;337.72;337.72;337.72;;;-0.18%
18/12/2025;336.59;336.59;336.59;336.59;;;-0.33%
19/12/2025;336.05;336.05;336.05;336.05;;;-0.16%
22/12/2025;330.98;330.98;330.98;330.98;;;-1.51%
23/12/2025;325.09;325.09;325.09;325.09;;;-1.78%
24/12/2025;330.24;330.24;330.24;330.24;;;1.58%
25/12/2025;330.24;330.24;330.24;330.24;;;0.00%
26/12/2025;331.17;331.17;331.17;331.17;;;0.28%
29/12/2025;332.7;332.7;332.7;332.7;;;0.46%
30/12/2025;331.47;331.47;331.47;331.47;;;-0.37%
31/12/2025;341.63;341.63;341.63;341.63;;;3.07%
