Date;Clôture;Plus bas;Plus haut;Ouverture;Volume Titres;Volume FCFA;Variation %
28/12/2006;63.77;63.77;63.77;63.77;;;0.00%
29/12/2006;63.77;63.77;63.77;63.77;;;0.00%
02/01/2007;63.77;63.77;63.77;63.77;;;0.00%
03/01/2007;63.77;63.77;63.77;63.77;;;0.00%
04/01/2007;63.77;63.77;63.77;63.77;;;0.00%
05/01/2007;63.77;63.77;63.77;63.77;;;0.00%
08/01/2007;63.77;63.77;63.77;63.77;;;0.00%
09/01/2007;64;64;64;64;;;0.36%
10/01/2007;64;64;64;64;;;0.00%
11/01/2007;64.02;64.02;64.02;64.02;;;0.03%
12/01/2007;64.02;64.02;64.02;64.02;;;0.00%
15/01/2007;64.02;64.02;64.02;64.02;;;0.00%
16/01/2007;64.02;64.02;64.02;64.02;;;0.00%
17/01/2007;64.02;64.02;64.02;64.02;;;0.00%
18/01/2007;64.02;64.02;64.02;64.02;;;0.00%
19/01/2007;63.34;63.34;63.34;63.34;;;-1.06%
22/01/2007;63.34;63.34;63.34;63.34;;;0.00%
23/01/2007;63.37;63.37;63.37;63.37;;;0.05%
24/01/2007;63.37;63.37;63.37;63.37;;;0.00%
25/01/2007;63.37;63.37;63.37;63.37;;;0.00%
26/01/2007;63.37;63.37;63.37;63.37;;;0.00%
29/01/2007;63.37;63.37;63.37;63.37;;;0.00%
30/01/2007;63.37;63.37;63.37;63.37;;;0.00%
31/01/2007;63.35;63.35;63.35;63.35;;;-0.03%
01/02/2007;63.38;63.38;63.38;63.38;;;0.05%
02/02/2007;63.38;63.38;63.38;63.38;;;0.00%
05/02/2007;63.6;63.6;63.6;63.6;;;0.35%
06/02/2007;63.75;63.75;63.75;63.75;;;0.24%
07/02/2007;63.75;63.75;63.75;63.75;;;0.00%
08/02/2007;63.75;63.75;63.75;63.75;;;0.00%
09/02/2007;63.96;63.96;63.96;63.96;;;0.33%
12/02/2007;63.96;63.96;63.96;63.96;;;0.00%
13/02/2007;63.96;63.96;63.96;63.96;;;0.00%
14/02/2007;63.96;63.96;63.96;63.96;;;0.00%
15/02/2007;63.97;63.97;63.97;63.97;;;0.02%
16/02/2007;63.97;63.97;63.97;63.97;;;0.00%
19/02/2007;63.97;63.97;63.97;63.97;;;0.00%
20/02/2007;63.97;63.97;63.97;63.97;;;0.00%
21/02/2007;64.16;64.16;64.16;64.16;;;0.30%
22/02/2007;64.18;64.18;64.18;64.18;;;0.03%
23/02/2007;64.06;64.06;64.06;64.06;;;-0.19%
26/02/2007;64.06;64.06;64.06;64.06;;;0.00%
27/02/2007;64.08;64.08;64.08;64.08;;;0.03%
28/02/2007;64.73;64.73;64.73;64.73;;;1.01%
01/03/2007;64.73;64.73;64.73;64.73;;;0.00%
02/03/2007;64.99;64.99;64.99;64.99;;;0.40%
05/03/2007;65.16;65.16;65.16;65.16;;;0.26%
06/03/2007;65.16;65.16;65.16;65.16;;;0.00%
07/03/2007;65.54;65.54;65.54;65.54;;;0.58%
08/03/2007;65.55;65.55;65.55;65.55;;;0.02%
09/03/2007;65.51;65.51;65.51;65.51;;;-0.06%
12/03/2007;65.66;65.66;65.66;65.66;;;0.23%
13/03/2007;65.66;65.66;65.66;65.66;;;0.00%
14/03/2007;66.48;66.48;66.48;66.48;;;1.25%
15/03/2007;66.48;66.48;66.48;66.48;;;0.00%
16/03/2007;66.62;66.62;66.62;66.62;;;0.21%
19/03/2007;66.62;66.62;66.62;66.62;;;0.00%
20/03/2007;65.88;65.88;65.88;65.88;;;-1.11%
21/03/2007;65.62;65.62;65.62;65.62;;;-0.39%
22/03/2007;71.63;71.63;71.63;71.63;;;9.16%
23/03/2007;71.63;71.63;71.63;71.63;;;0.00%
26/03/2007;72.26;72.26;72.26;72.26;;;0.88%
27/03/2007;72.26;72.26;72.26;72.26;;;0.00%
28/03/2007;72.08;72.08;72.08;72.08;;;-0.25%
29/03/2007;72.26;72.26;72.26;72.26;;;0.25%
30/03/2007;71.83;71.83;71.83;71.83;;;-0.60%
02/04/2007;71.83;71.83;71.83;71.83;;;0.00%
03/04/2007;71.83;71.83;71.83;71.83;;;0.00%
04/04/2007;71.83;71.83;71.83;71.83;;;0.00%
05/04/2007;72.03;72.03;72.03;72.03;;;0.28%
06/04/2007;72.44;72.44;72.44;72.44;;;0.57%
10/04/2007;72.44;72.44;72.44;72.44;;;0.00%
11/04/2007;72.44;72.44;72.44;72.44;;;0.00%
12/04/2007;73.01;73.01;73.01;73.01;;;0.79%
13/04/2007;73.02;73.02;73.02;73.02;;;0.01%
16/04/2007;72.38;72.38;72.38;72.38;;;-0.88%
17/04/2007;72.43;72.43;72.43;72.43;;;0.07%
18/04/2007;72.72;72.72;72.72;72.72;;;0.40%
19/04/2007;72.72;72.72;72.72;72.72;;;0.00%
20/04/2007;68.12;68.12;68.12;68.12;;;-6.33%
23/04/2007;68.12;68.12;68.12;68.12;;;0.00%
24/04/2007;67.86;67.86;67.86;67.86;;;-0.38%
25/04/2007;67.87;67.87;67.87;67.87;;;0.01%
26/04/2007;67.87;67.87;67.87;67.87;;;0.00%
27/04/2007;67.87;67.87;67.87;67.87;;;0.00%
30/04/2007;68.29;68.29;68.29;68.29;;;0.62%
02/05/2007;68.3;68.3;68.3;68.3;;;0.01%
03/05/2007;68.21;68.21;68.21;68.21;;;-0.13%
04/05/2007;68.26;68.26;68.26;68.26;;;0.07%
07/05/2007;68.32;68.32;68.32;68.32;;;0.09%
08/05/2007;68.45;68.45;68.45;68.45;;;0.19%
09/05/2007;68.45;68.45;68.45;68.45;;;0.00%
10/05/2007;68.45;68.45;68.45;68.45;;;0.00%
11/05/2007;69.24;69.24;69.24;69.24;;;1.15%
14/05/2007;69.24;69.24;69.24;69.24;;;0.00%
15/05/2007;72.55;72.55;72.55;72.55;;;4.78%
16/05/2007;72.55;72.55;72.55;72.55;;;0.00%
18/05/2007;72.56;72.56;72.56;72.56;;;0.01%
21/05/2007;73.79;73.79;73.79;73.79;;;1.70%
22/05/2007;73.79;73.79;73.79;73.79;;;0.00%
23/05/2007;74.93;74.93;74.93;74.93;;;1.54%
24/05/2007;76.48;76.48;76.48;76.48;;;2.07%
25/05/2007;77.52;77.52;77.52;77.52;;;1.36%
29/05/2007;77.52;77.52;77.52;77.52;;;0.00%
30/05/2007;77.96;77.96;77.96;77.96;;;0.57%
31/05/2007;77.96;77.96;77.96;77.96;;;0.00%
01/06/2007;78.79;78.79;78.79;78.79;;;1.06%
04/06/2007;77.62;77.62;77.62;77.62;;;-1.48%
05/06/2007;77.73;77.73;77.73;77.73;;;0.14%
06/06/2007;77.73;77.73;77.73;77.73;;;0.00%
07/06/2007;78.22;78.22;78.22;78.22;;;0.63%
08/06/2007;78.22;78.22;78.22;78.22;;;0.00%
11/06/2007;87.14;87.14;87.14;87.14;;;11.40%
12/06/2007;87.47;87.47;87.47;87.47;;;0.38%
13/06/2007;87.99;87.99;87.99;87.99;;;0.59%
14/06/2007;94.12;94.12;94.12;94.12;;;6.97%
15/06/2007;95.89;95.89;95.89;95.89;;;1.88%
18/06/2007;96.8;96.8;96.8;96.8;;;0.95%
19/06/2007;96.9;96.9;96.9;96.9;;;0.10%
20/06/2007;97.32;97.32;97.32;97.32;;;0.43%
21/06/2007;101.19;101.19;101.19;101.19;;;3.98%
22/06/2007;101.68;101.68;101.68;101.68;;;0.48%
25/06/2007;102.27;102.27;102.27;102.27;;;0.58%
26/06/2007;101.3;101.3;101.3;101.3;;;-0.95%
27/06/2007;100.93;100.93;100.93;100.93;;;-0.37%
28/06/2007;100.92;100.92;100.92;100.92;;;-0.01%
29/06/2007;103.88;103.88;103.88;103.88;;;2.93%
02/07/2007;104.9;104.9;104.9;104.9;;;0.98%
03/07/2007;104.9;104.9;104.9;104.9;;;0.00%
04/07/2007;105.76;105.76;105.76;105.76;;;0.82%
05/07/2007;105.76;105.76;105.76;105.76;;;0.00%
06/07/2007;105.52;105.52;105.52;105.52;;;-0.23%
09/07/2007;105.09;105.09;105.09;105.09;;;-0.41%
10/07/2007;106.91;106.91;106.91;106.91;;;1.73%
11/07/2007;107.08;107.08;107.08;107.08;;;0.16%
12/07/2007;107.07;107.07;107.07;107.07;;;-0.01%
13/07/2007;106.97;106.97;106.97;106.97;;;-0.09%
16/07/2007;108.85;108.85;108.85;108.85;;;1.76%
17/07/2007;108.85;108.85;108.85;108.85;;;0.00%
18/07/2007;108.89;108.89;108.89;108.89;;;0.04%
19/07/2007;109.3;109.3;109.3;109.3;;;0.38%
20/07/2007;109.38;109.38;109.38;109.38;;;0.07%
23/07/2007;109.38;109.38;109.38;109.38;;;0.00%
24/07/2007;109.84;109.84;109.84;109.84;;;0.42%
25/07/2007;109.84;109.84;109.84;109.84;;;0.00%
26/07/2007;109.84;109.84;109.84;109.84;;;0.00%
27/07/2007;110.75;110.75;110.75;110.75;;;0.83%
31/07/2007;111.11;111.11;111.11;111.11;;;0.33%
01/08/2007;111.31;111.31;111.31;111.31;;;0.18%
02/08/2007;111.5;111.5;111.5;111.5;;;0.17%
03/08/2007;111.34;111.34;111.34;111.34;;;-0.14%
08/08/2007;113.66;113.66;113.66;113.66;;;2.08%
09/08/2007;114.18;114.18;114.18;114.18;;;0.46%
10/08/2007;114.92;114.92;114.92;114.92;;;0.65%
13/08/2007;119.25;119.25;119.25;119.25;;;3.77%
14/08/2007;119.25;119.25;119.25;119.25;;;0.00%
16/08/2007;119.33;119.33;119.33;119.33;;;0.07%
17/08/2007;116.55;116.55;116.55;116.55;;;-2.33%
20/08/2007;119.18;119.18;119.18;119.18;;;2.26%
21/08/2007;118.01;118.01;118.01;118.01;;;-0.98%
22/08/2007;118.53;118.53;118.53;118.53;;;0.44%
23/08/2007;119.63;119.63;119.63;119.63;;;0.93%
24/08/2007;123.48;123.48;123.48;123.48;;;3.22%
27/08/2007;124.39;124.39;124.39;124.39;;;0.74%
28/08/2007;125.28;125.28;125.28;125.28;;;0.72%
29/08/2007;126.75;126.75;126.75;126.75;;;1.17%
30/08/2007;129.19;129.19;129.19;129.19;;;1.93%
31/08/2007;133.72;133.72;133.72;133.72;;;3.51%
03/09/2007;135.22;135.22;135.22;135.22;;;1.12%
04/09/2007;135.02;135.02;135.02;135.02;;;-0.15%
05/09/2007;136.68;136.68;136.68;136.68;;;1.23%
06/09/2007;136.82;136.82;136.82;136.82;;;0.10%
07/09/2007;141.71;141.71;141.71;141.71;;;3.57%
10/09/2007;143.45;143.45;143.45;143.45;;;1.23%
11/09/2007;144.18;144.18;144.18;144.18;;;0.51%
12/09/2007;144.91;144.91;144.91;144.91;;;0.51%
13/09/2007;145.62;145.62;145.62;145.62;;;0.49%
14/09/2007;145.62;145.62;145.62;145.62;;;0.00%
17/09/2007;145.63;145.63;145.63;145.63;;;0.01%
18/09/2007;146.06;146.06;146.06;146.06;;;0.30%
19/09/2007;146.05;146.05;146.05;146.05;;;-0.01%
20/09/2007;145.98;145.98;145.98;145.98;;;-0.05%
21/09/2007;146.27;146.27;146.27;146.27;;;0.20%
24/09/2007;146.23;146.23;146.23;146.23;;;-0.03%
25/09/2007;144.93;144.93;144.93;144.93;;;-0.89%
26/09/2007;144.92;144.92;144.92;144.92;;;-0.01%
27/09/2007;144.44;144.44;144.44;144.44;;;-0.33%
28/09/2007;142.61;142.61;142.61;142.61;;;-1.27%
01/10/2007;142.14;142.14;142.14;142.14;;;-0.33%
02/10/2007;142.05;142.05;142.05;142.05;;;-0.06%
03/10/2007;141.8;141.8;141.8;141.8;;;-0.18%
04/10/2007;141.75;141.75;141.75;141.75;;;-0.04%
05/10/2007;140.95;140.95;140.95;140.95;;;-0.56%
08/10/2007;140.63;140.63;140.63;140.63;;;-0.23%
10/10/2007;140.41;140.41;140.41;140.41;;;-0.16%
11/10/2007;140.43;140.43;140.43;140.43;;;0.01%
15/10/2007;140.01;140.01;140.01;140.01;;;-0.30%
16/10/2007;140.11;140.11;140.11;140.11;;;0.07%
17/10/2007;139.36;139.36;139.36;139.36;;;-0.54%
18/10/2007;139.04;139.04;139.04;139.04;;;-0.23%
19/10/2007;138.96;138.96;138.96;138.96;;;-0.06%
22/10/2007;139.46;139.46;139.46;139.46;;;0.36%
23/10/2007;139.46;139.46;139.46;139.46;;;0.00%
24/10/2007;139.94;139.94;139.94;139.94;;;0.34%
25/10/2007;140.34;140.34;140.34;140.34;;;0.29%
26/10/2007;139.65;139.65;139.65;139.65;;;-0.49%
29/10/2007;139.65;139.65;139.65;139.65;;;0.00%
30/10/2007;139.59;139.59;139.59;139.59;;;-0.04%
31/10/2007;139.36;139.36;139.36;139.36;;;-0.16%
02/11/2007;139.27;139.27;139.27;139.27;;;-0.06%
05/11/2007;139.36;139.36;139.36;139.36;;;0.06%
06/11/2007;139.32;139.32;139.32;139.32;;;-0.03%
07/11/2007;139.1;139.1;139.1;139.1;;;-0.16%
08/11/2007;138.32;138.32;138.32;138.32;;;-0.56%
09/11/2007;138.32;138.32;138.32;138.32;;;0.00%
12/11/2007;137.41;137.41;137.41;137.41;;;-0.66%
13/11/2007;137.13;137.13;137.13;137.13;;;-0.20%
14/11/2007;137.29;137.29;137.29;137.29;;;0.12%
16/11/2007;136.12;136.12;136.12;136.12;;;-0.85%
19/11/2007;136.42;136.42;136.42;136.42;;;0.22%
20/11/2007;136.42;136.42;136.42;136.42;;;0.00%
21/11/2007;137.94;137.94;137.94;137.94;;;1.11%
22/11/2007;138.38;138.38;138.38;138.38;;;0.32%
23/11/2007;138.38;138.38;138.38;138.38;;;0.00%
26/11/2007;138.76;138.76;138.76;138.76;;;0.27%
27/11/2007;139.74;139.74;139.74;139.74;;;0.71%
28/11/2007;139.74;139.74;139.74;139.74;;;0.00%
29/11/2007;139.63;139.63;139.63;139.63;;;-0.08%
30/11/2007;139.63;139.63;139.63;139.63;;;0.00%
03/12/2007;139.79;139.79;139.79;139.79;;;0.11%
04/12/2007;139.61;139.61;139.61;139.61;;;-0.13%
05/12/2007;140.62;140.62;140.62;140.62;;;0.72%
06/12/2007;140.62;140.62;140.62;140.62;;;0.00%
07/12/2007;140.6;140.6;140.6;140.6;;;-0.01%
10/12/2007;140.83;140.83;140.83;140.83;;;0.16%
11/12/2007;140.83;140.83;140.83;140.83;;;0.00%
12/12/2007;141.67;141.67;141.67;141.67;;;0.60%
13/12/2007;141.43;141.43;141.43;141.43;;;-0.17%
14/12/2007;141.43;141.43;141.43;141.43;;;0.00%
17/12/2007;141.54;141.54;141.54;141.54;;;0.08%
18/12/2007;140.73;140.73;140.73;140.73;;;-0.57%
20/12/2007;140.85;140.85;140.85;140.85;;;0.09%
21/12/2007;140.97;140.97;140.97;140.97;;;0.09%
24/12/2007;140.94;140.94;140.94;140.94;;;-0.02%
26/12/2007;140.79;140.79;140.79;140.79;;;-0.11%
27/12/2007;140.79;140.79;140.79;140.79;;;0.00%
28/12/2007;140.7;140.7;140.7;140.7;;;-0.06%
31/12/2007;140.7;140.7;140.7;140.7;;;0.00%
02/01/2008;140.7;140.7;140.7;140.7;;;0.00%
03/01/2008;140.51;140.51;140.51;140.51;;;-0.14%
04/01/2008;140.52;140.52;140.52;140.52;;;0.01%
07/01/2008;140.52;140.52;140.52;140.52;;;0.00%
08/01/2008;140.92;140.92;140.92;140.92;;;0.28%
09/01/2008;140.92;140.92;140.92;140.92;;;0.00%
10/01/2008;141.06;141.06;141.06;141.06;;;0.10%
11/01/2008;141.06;141.06;141.06;141.06;;;0.00%
14/01/2008;141.21;141.21;141.21;141.21;;;0.11%
15/01/2008;141.21;141.21;141.21;141.21;;;0.00%
16/01/2008;141.89;141.89;141.89;141.89;;;0.48%
17/01/2008;142.07;142.07;142.07;142.07;;;0.13%
18/01/2008;142.05;142.05;142.05;142.05;;;-0.01%
21/01/2008;142.05;142.05;142.05;142.05;;;0.00%
22/01/2008;142.02;142.02;142.02;142.02;;;-0.02%
23/01/2008;142.02;142.02;142.02;142.02;;;0.00%
24/01/2008;141.6;141.6;141.6;141.6;;;-0.30%
25/01/2008;141.61;141.61;141.61;141.61;;;0.01%
28/01/2008;141.59;141.59;141.59;141.59;;;-0.01%
29/01/2008;141.87;141.87;141.87;141.87;;;0.20%
30/01/2008;142.1;142.1;142.1;142.1;;;0.16%
31/01/2008;142.31;142.31;142.31;142.31;;;0.15%
01/02/2008;142.56;142.56;142.56;142.56;;;0.18%
04/02/2008;142.94;142.94;142.94;142.94;;;0.27%
05/02/2008;142.56;142.56;142.56;142.56;;;-0.27%
06/02/2008;142.55;142.55;142.55;142.55;;;-0.01%
07/02/2008;142.66;142.66;142.66;142.66;;;0.08%
08/02/2008;142.66;142.66;142.66;142.66;;;0.00%
11/02/2008;142.66;142.66;142.66;142.66;;;0.00%
12/02/2008;142.66;142.66;142.66;142.66;;;0.00%
13/02/2008;142.85;142.85;142.85;142.85;;;0.13%
14/02/2008;142.85;142.85;142.85;142.85;;;0.00%
15/02/2008;142.85;142.85;142.85;142.85;;;0.00%
18/02/2008;142.66;142.66;142.66;142.66;;;-0.13%
19/02/2008;142.66;142.66;142.66;142.66;;;0.00%
20/02/2008;142.77;142.77;142.77;142.77;;;0.08%
21/02/2008;142.79;142.79;142.79;142.79;;;0.01%
22/02/2008;142.83;142.83;142.83;142.83;;;0.03%
25/02/2008;142.83;142.83;142.83;142.83;;;0.00%
26/02/2008;142.41;142.41;142.41;142.41;;;-0.29%
27/02/2008;143.24;143.24;143.24;143.24;;;0.58%
28/02/2008;143.6;143.6;143.6;143.6;;;0.25%
29/02/2008;143.6;143.6;143.6;143.6;;;0.00%
03/03/2008;143.28;143.28;143.28;143.28;;;-0.22%
04/03/2008;143.3;143.3;143.3;143.3;;;0.01%
05/03/2008;143.45;143.45;143.45;143.45;;;0.10%
06/03/2008;143.63;143.63;143.63;143.63;;;0.13%
07/03/2008;143.63;143.63;143.63;143.63;;;0.00%
10/03/2008;143.63;143.63;143.63;143.63;;;0.00%
11/03/2008;143.63;143.63;143.63;143.63;;;0.00%
12/03/2008;144.16;144.16;144.16;144.16;;;0.37%
13/03/2008;143.87;143.87;143.87;143.87;;;-0.20%
14/03/2008;143.87;143.87;143.87;143.87;;;0.00%
17/03/2008;143.87;143.87;143.87;143.87;;;0.00%
18/03/2008;145.12;145.12;145.12;145.12;;;0.87%
19/03/2008;145.13;145.13;145.13;145.13;;;0.01%
21/03/2008;145.34;145.34;145.34;145.34;;;0.14%
25/03/2008;145.25;145.25;145.25;145.25;;;-0.06%
26/03/2008;145.48;145.48;145.48;145.48;;;0.16%
27/03/2008;145.4;145.4;145.4;145.4;;;-0.05%
28/03/2008;145.37;145.37;145.37;145.37;;;-0.02%
31/03/2008;145.37;145.37;145.37;145.37;;;0.00%
01/04/2008;145.37;145.37;145.37;145.37;;;0.00%
02/04/2008;145.81;145.81;145.81;145.81;;;0.30%
03/04/2008;145.8;145.8;145.8;145.8;;;-0.01%
04/04/2008;144.19;144.19;144.19;144.19;;;-1.10%
07/04/2008;144.24;144.24;144.24;144.24;;;0.03%
08/04/2008;145.07;145.07;145.07;145.07;;;0.58%
09/04/2008;145.02;145.02;145.02;145.02;;;-0.03%
10/04/2008;145.3;145.3;145.3;145.3;;;0.19%
11/04/2008;144.57;144.57;144.57;144.57;;;-0.50%
14/04/2008;144.57;144.57;144.57;144.57;;;0.00%
15/04/2008;144.22;144.22;144.22;144.22;;;-0.24%
16/04/2008;144.22;144.22;144.22;144.22;;;0.00%
17/04/2008;144.03;144.03;144.03;144.03;;;-0.13%
18/04/2008;144.03;144.03;144.03;144.03;;;0.00%
21/04/2008;144.03;144.03;144.03;144.03;;;0.00%
22/04/2008;144.03;144.03;144.03;144.03;;;0.00%
23/04/2008;144.05;144.05;144.05;144.05;;;0.01%
24/04/2008;144.05;144.05;144.05;144.05;;;0.00%
25/04/2008;144.05;144.05;144.05;144.05;;;0.00%
28/04/2008;144.49;144.49;144.49;144.49;;;0.31%
29/04/2008;144.49;144.49;144.49;144.49;;;0.00%
30/04/2008;143.93;143.93;143.93;143.93;;;-0.39%
02/05/2008;144.08;144.08;144.08;144.08;;;0.10%
05/05/2008;144.31;144.31;144.31;144.31;;;0.16%
06/05/2008;144.31;144.31;144.31;144.31;;;0.00%
07/05/2008;147.89;147.89;147.89;147.89;;;2.48%
08/05/2008;147.89;147.89;147.89;147.89;;;0.00%
09/05/2008;149.84;149.84;149.84;149.84;;;1.32%
13/05/2008;149.91;149.91;149.91;149.91;;;0.05%
14/05/2008;148.02;148.02;148.02;148.02;;;-1.26%
15/05/2008;148.02;148.02;148.02;148.02;;;0.00%
16/05/2008;143.2;143.2;143.2;143.2;;;-3.26%
19/05/2008;149.21;149.21;149.21;149.21;;;4.20%
20/05/2008;149.16;149.16;149.16;149.16;;;-0.03%
21/05/2008;144.35;144.35;144.35;144.35;;;-3.22%
22/05/2008;142.42;142.42;142.42;142.42;;;-1.34%
23/05/2008;142.21;142.21;142.21;142.21;;;-0.15%
26/05/2008;142.14;142.14;142.14;142.14;;;-0.05%
27/05/2008;142.14;142.14;142.14;142.14;;;0.00%
28/05/2008;138.27;138.27;138.27;138.27;;;-2.72%
29/05/2008;138.36;138.36;138.36;138.36;;;0.07%
30/05/2008;137.95;137.95;137.95;137.95;;;-0.30%
02/06/2008;138.46;138.46;138.46;138.46;;;0.37%
03/06/2008;136.19;136.19;136.19;136.19;;;-1.64%
04/06/2008;136.19;136.19;136.19;136.19;;;0.00%
05/06/2008;136.06;136.06;136.06;136.06;;;-0.10%
06/06/2008;135.81;135.81;135.81;135.81;;;-0.18%
09/06/2008;136.13;136.13;136.13;136.13;;;0.24%
10/06/2008;136.18;136.18;136.18;136.18;;;0.04%
11/06/2008;136.68;136.68;136.68;136.68;;;0.37%
12/06/2008;137.2;137.2;137.2;137.2;;;0.38%
13/06/2008;137.83;137.83;137.83;137.83;;;0.46%
16/06/2008;137.83;137.83;137.83;137.83;;;0.00%
17/06/2008;137.64;137.64;137.64;137.64;;;-0.14%
18/06/2008;138.72;138.72;138.72;138.72;;;0.78%
19/06/2008;139.15;139.15;139.15;139.15;;;0.31%
20/06/2008;139.41;139.41;139.41;139.41;;;0.19%
23/06/2008;138.7;138.7;138.7;138.7;;;-0.51%
24/06/2008;139.01;139.01;139.01;139.01;;;0.22%
25/06/2008;138.66;138.66;138.66;138.66;;;-0.25%
26/06/2008;139.89;139.89;139.89;139.89;;;0.89%
27/06/2008;139.86;139.86;139.86;139.86;;;-0.02%
30/06/2008;139.86;139.86;139.86;139.86;;;0.00%
01/07/2008;140.71;140.71;140.71;140.71;;;0.61%
02/07/2008;142.11;142.11;142.11;142.11;;;0.99%
03/07/2008;142.29;142.29;142.29;142.29;;;0.13%
04/07/2008;143.31;143.31;143.31;143.31;;;0.72%
07/07/2008;145.12;145.12;145.12;145.12;;;1.26%
08/07/2008;145.04;145.04;145.04;145.04;;;-0.06%
09/07/2008;145.35;145.35;145.35;145.35;;;0.21%
10/07/2008;145.54;145.54;145.54;145.54;;;0.13%
11/07/2008;145.63;145.63;145.63;145.63;;;0.06%
14/07/2008;145.61;145.61;145.61;145.61;;;-0.01%
15/07/2008;145.87;145.87;145.87;145.87;;;0.18%
16/07/2008;150.25;150.25;150.25;150.25;;;3.00%
17/07/2008;149.87;149.87;149.87;149.87;;;-0.25%
18/07/2008;148.5;148.5;148.5;148.5;;;-0.91%
21/07/2008;148.5;148.5;148.5;148.5;;;0.00%
22/07/2008;148.51;148.51;148.51;148.51;;;0.01%
23/07/2008;148.55;148.55;148.55;148.55;;;0.03%
24/07/2008;150.97;150.97;150.97;150.97;;;1.63%
25/07/2008;151.3;151.3;151.3;151.3;;;0.22%
28/07/2008;151.33;151.33;151.33;151.33;;;0.02%
29/07/2008;153.99;153.99;153.99;153.99;;;1.76%
30/07/2008;154;154;154;154;;;0.01%
31/07/2008;154.83;154.83;154.83;154.83;;;0.54%
01/08/2008;154.5;154.5;154.5;154.5;;;-0.21%
04/08/2008;155.6;155.6;155.6;155.6;;;0.71%
05/08/2008;155.63;155.63;155.63;155.63;;;0.02%
06/08/2008;156.54;156.54;156.54;156.54;;;0.58%
08/08/2008;155.91;155.91;155.91;155.91;;;-0.40%
11/08/2008;159.02;159.02;159.02;159.02;;;1.99%
12/08/2008;161.5;161.5;161.5;161.5;;;1.56%
13/08/2008;161.96;161.96;161.96;161.96;;;0.28%
14/08/2008;162.75;162.75;162.75;162.75;;;0.49%
18/08/2008;163.55;163.55;163.55;163.55;;;0.49%
19/08/2008;163.19;163.19;163.19;163.19;;;-0.22%
20/08/2008;163.26;163.26;163.26;163.26;;;0.04%
21/08/2008;163.6;163.6;163.6;163.6;;;0.21%
22/08/2008;166.14;166.14;166.14;166.14;;;1.55%
25/08/2008;166.21;166.21;166.21;166.21;;;0.04%
26/08/2008;166.27;166.27;166.27;166.27;;;0.04%
27/08/2008;166.36;166.36;166.36;166.36;;;0.05%
28/08/2008;166.37;166.37;166.37;166.37;;;0.01%
29/08/2008;169.49;169.49;169.49;169.49;;;1.88%
01/09/2008;169.76;169.76;169.76;169.76;;;0.16%
02/09/2008;170.73;170.73;170.73;170.73;;;0.57%
03/09/2008;169.19;169.19;169.19;169.19;;;-0.90%
04/09/2008;168.31;168.31;168.31;168.31;;;-0.52%
05/09/2008;168.23;168.23;168.23;168.23;;;-0.05%
08/09/2008;168.37;168.37;168.37;168.37;;;0.08%
09/09/2008;167.39;167.39;167.39;167.39;;;-0.58%
10/09/2008;167.18;167.18;167.18;167.18;;;-0.13%
11/09/2008;167.23;167.23;167.23;167.23;;;0.03%
12/09/2008;165.99;165.99;165.99;165.99;;;-0.74%
15/09/2008;166.02;166.02;166.02;166.02;;;0.02%
16/09/2008;162.44;162.44;162.44;162.44;;;-2.16%
17/09/2008;162.44;162.44;162.44;162.44;;;0.00%
18/09/2008;162.03;162.03;162.03;162.03;;;-0.25%
19/09/2008;162.03;162.03;162.03;162.03;;;0.00%
22/09/2008;161.8;161.8;161.8;161.8;;;-0.14%
23/09/2008;161.4;161.4;161.4;161.4;;;-0.25%
24/09/2008;161.07;161.07;161.07;161.07;;;-0.20%
25/09/2008;161.38;161.38;161.38;161.38;;;0.19%
26/09/2008;160.87;160.87;160.87;160.87;;;-0.32%
29/09/2008;160.87;160.87;160.87;160.87;;;0.00%
01/10/2008;160.15;160.15;160.15;160.15;;;-0.45%
02/10/2008;160.14;160.14;160.14;160.14;;;-0.01%
03/10/2008;160.14;160.14;160.14;160.14;;;0.00%
06/10/2008;157.74;157.74;157.74;157.74;;;-1.50%
07/10/2008;155.88;155.88;155.88;155.88;;;-1.18%
08/10/2008;155.77;155.77;155.77;155.77;;;-0.07%
09/10/2008;155.66;155.66;155.66;155.66;;;-0.07%
10/10/2008;154.55;154.55;154.55;154.55;;;-0.71%
13/10/2008;154.12;154.12;154.12;154.12;;;-0.28%
14/10/2008;154.12;154.12;154.12;154.12;;;0.00%
15/10/2008;154.11;154.11;154.11;154.11;;;-0.01%
16/10/2008;153.96;153.96;153.96;153.96;;;-0.10%
17/10/2008;153.79;153.79;153.79;153.79;;;-0.11%
20/10/2008;153.62;153.62;153.62;153.62;;;-0.11%
21/10/2008;153.56;153.56;153.56;153.56;;;-0.04%
22/10/2008;149.67;149.67;149.67;149.67;;;-2.53%
23/10/2008;149.5;149.5;149.5;149.5;;;-0.11%
24/10/2008;149.39;149.39;149.39;149.39;;;-0.07%
27/10/2008;149.39;149.39;149.39;149.39;;;0.00%
28/10/2008;149.2;149.2;149.2;149.2;;;-0.13%
29/10/2008;149.12;149.12;149.12;149.12;;;-0.05%
30/10/2008;148.83;148.83;148.83;148.83;;;-0.19%
31/10/2008;148.82;148.82;148.82;148.82;;;-0.01%
03/11/2008;148.82;148.82;148.82;148.82;;;0.00%
04/11/2008;148.63;148.63;148.63;148.63;;;-0.13%
05/11/2008;144.03;144.03;144.03;144.03;;;-3.09%
06/11/2008;144.03;144.03;144.03;144.03;;;0.00%
07/11/2008;143.01;143.01;143.01;143.01;;;-0.71%
10/11/2008;140.93;140.93;140.93;140.93;;;-1.45%
11/11/2008;140.92;140.92;140.92;140.92;;;-0.01%
12/11/2008;142.06;142.06;142.06;142.06;;;0.81%
13/11/2008;143.19;143.19;143.19;143.19;;;0.80%
14/11/2008;143.19;143.19;143.19;143.19;;;0.00%
17/11/2008;144.51;144.51;144.51;144.51;;;0.92%
18/11/2008;145.84;145.84;145.84;145.84;;;0.92%
19/11/2008;145.84;145.84;145.84;145.84;;;0.00%
20/11/2008;145.62;145.62;145.62;145.62;;;-0.15%
21/11/2008;145.63;145.63;145.63;145.63;;;0.01%
24/11/2008;145.63;145.63;145.63;145.63;;;0.00%
25/11/2008;143.29;143.29;143.29;143.29;;;-1.61%
26/11/2008;142.93;142.93;142.93;142.93;;;-0.25%
27/11/2008;141.93;141.93;141.93;141.93;;;-0.70%
28/11/2008;141.93;141.93;141.93;141.93;;;0.00%
01/12/2008;142.27;142.27;142.27;142.27;;;0.24%
02/12/2008;142.27;142.27;142.27;142.27;;;0.00%
03/12/2008;141.51;141.51;141.51;141.51;;;-0.53%
04/12/2008;139.81;139.81;139.81;139.81;;;-1.20%
05/12/2008;140.33;140.33;140.33;140.33;;;0.37%
09/12/2008;140.34;140.34;140.34;140.34;;;0.01%
10/12/2008;139.18;139.18;139.18;139.18;;;-0.83%
11/12/2008;138.97;138.97;138.97;138.97;;;-0.15%
12/12/2008;136.2;136.2;136.2;136.2;;;-1.99%
15/12/2008;136.2;136.2;136.2;136.2;;;0.00%
16/12/2008;135.95;135.95;135.95;135.95;;;-0.18%
17/12/2008;136.24;136.24;136.24;136.24;;;0.21%
18/12/2008;136.56;136.56;136.56;136.56;;;0.23%
19/12/2008;139.38;139.38;139.38;139.38;;;2.07%
22/12/2008;140.72;140.72;140.72;140.72;;;0.96%
23/12/2008;141.23;141.23;141.23;141.23;;;0.36%
24/12/2008;140.73;140.73;140.73;140.73;;;-0.35%
26/12/2008;140.7;140.7;140.7;140.7;;;-0.02%
29/12/2008;140.8;140.8;140.8;140.8;;;0.07%
30/12/2008;139.86;139.86;139.86;139.86;;;-0.67%
31/12/2008;140.44;140.44;140.44;140.44;;;0.41%
02/01/2009;132.43;132.43;132.43;132.43;;;-5.70%
05/01/2009;132.24;132.24;132.24;132.24;;;-0.14%
06/01/2009;132.24;132.24;132.24;132.24;;;0.00%
07/01/2009;132.1;132.1;132.1;132.1;;;-0.11%
08/01/2009;132.12;132.12;132.12;132.12;;;0.02%
09/01/2009;131.64;131.64;131.64;131.64;;;-0.36%
12/01/2009;131.39;131.39;131.39;131.39;;;-0.19%
13/01/2009;132.26;132.26;132.26;132.26;;;0.66%
14/01/2009;131.88;131.88;131.88;131.88;;;-0.29%
15/01/2009;131.81;131.81;131.81;131.81;;;-0.05%
16/01/2009;131.81;131.81;131.81;131.81;;;0.00%
19/01/2009;131.81;131.81;131.81;131.81;;;0.00%
20/01/2009;131.81;131.81;131.81;131.81;;;0.00%
21/01/2009;131.57;131.57;131.57;131.57;;;-0.18%
22/01/2009;131.76;131.76;131.76;131.76;;;0.14%
23/01/2009;131.77;131.77;131.77;131.77;;;0.01%
26/01/2009;131.77;131.77;131.77;131.77;;;0.00%
27/01/2009;131.39;131.39;131.39;131.39;;;-0.29%
28/01/2009;131.2;131.2;131.2;131.2;;;-0.14%
29/01/2009;131.2;131.2;131.2;131.2;;;0.00%
30/01/2009;131.12;131.12;131.12;131.12;;;-0.06%
02/02/2009;131.11;131.11;131.11;131.11;;;-0.01%
03/02/2009;131.01;131.01;131.01;131.01;;;-0.08%
04/02/2009;130.73;130.73;130.73;130.73;;;-0.21%
05/02/2009;130.73;130.73;130.73;130.73;;;0.00%
06/02/2009;130.73;130.73;130.73;130.73;;;0.00%
09/02/2009;130.73;130.73;130.73;130.73;;;0.00%
10/02/2009;130.73;130.73;130.73;130.73;;;0.00%
11/02/2009;129.77;129.77;129.77;129.77;;;-0.73%
12/02/2009;129.77;129.77;129.77;129.77;;;0.00%
13/02/2009;129.77;129.77;129.77;129.77;;;0.00%
16/02/2009;129.77;129.77;129.77;129.77;;;0.00%
17/02/2009;129.76;129.76;129.76;129.76;;;-0.01%
18/02/2009;129.76;129.76;129.76;129.76;;;0.00%
19/02/2009;129.02;129.02;129.02;129.02;;;-0.57%
20/02/2009;129.02;129.02;129.02;129.02;;;0.00%
23/02/2009;129.02;129.02;129.02;129.02;;;0.00%
24/02/2009;128.64;128.64;128.64;128.64;;;-0.29%
25/02/2009;128.63;128.63;128.63;128.63;;;-0.01%
26/02/2009;128.63;128.63;128.63;128.63;;;0.00%
27/02/2009;128.85;128.85;128.85;128.85;;;0.17%
02/03/2009;128.48;128.48;128.48;128.48;;;-0.29%
03/03/2009;126.84;126.84;126.84;126.84;;;-1.28%
04/03/2009;126.53;126.53;126.53;126.53;;;-0.24%
05/03/2009;126.53;126.53;126.53;126.53;;;0.00%
06/03/2009;126.53;126.53;126.53;126.53;;;0.00%
10/03/2009;126.57;126.57;126.57;126.57;;;0.03%
11/03/2009;126.55;126.55;126.55;126.55;;;-0.02%
12/03/2009;126.46;126.46;126.46;126.46;;;-0.07%
13/03/2009;126.39;126.39;126.39;126.39;;;-0.06%
16/03/2009;126.77;126.77;126.77;126.77;;;0.30%
17/03/2009;126.8;126.8;126.8;126.8;;;0.02%
18/03/2009;126.8;126.8;126.8;126.8;;;0.00%
19/03/2009;126.71;126.71;126.71;126.71;;;-0.07%
20/03/2009;126.71;126.71;126.71;126.71;;;0.00%
23/03/2009;126.76;126.76;126.76;126.76;;;0.04%
24/03/2009;123.88;123.88;123.88;123.88;;;-2.27%
25/03/2009;123.89;123.89;123.89;123.89;;;0.01%
26/03/2009;123.91;123.91;123.91;123.91;;;0.02%
27/03/2009;123.65;123.65;123.65;123.65;;;-0.21%
30/03/2009;123.39;123.39;123.39;123.39;;;-0.21%
31/03/2009;122.89;122.89;122.89;122.89;;;-0.41%
01/04/2009;122.89;122.89;122.89;122.89;;;0.00%
02/04/2009;122.89;122.89;122.89;122.89;;;0.00%
03/04/2009;122.48;122.48;122.48;122.48;;;-0.33%
06/04/2009;122.47;122.47;122.47;122.47;;;-0.01%
07/04/2009;122.45;122.45;122.45;122.45;;;-0.02%
08/04/2009;122.12;122.12;122.12;122.12;;;-0.27%
09/04/2009;121.74;121.74;121.74;121.74;;;-0.31%
10/04/2009;121.74;121.74;121.74;121.74;;;0.00%
14/04/2009;121.71;121.71;121.71;121.71;;;-0.02%
15/04/2009;121.12;121.12;121.12;121.12;;;-0.48%
16/04/2009;121.12;121.12;121.12;121.12;;;0.00%
17/04/2009;121.12;121.12;121.12;121.12;;;0.00%
20/04/2009;121.12;121.12;121.12;121.12;;;0.00%
21/04/2009;120.37;120.37;120.37;120.37;;;-0.62%
22/04/2009;120.37;120.37;120.37;120.37;;;0.00%
23/04/2009;120.37;120.37;120.37;120.37;;;0.00%
24/04/2009;120.37;120.37;120.37;120.37;;;0.00%
27/04/2009;120.37;120.37;120.37;120.37;;;0.00%
28/04/2009;120.99;120.99;120.99;120.99;;;0.52%
29/04/2009;123.09;123.09;123.09;123.09;;;1.74%
30/04/2009;123.09;123.09;123.09;123.09;;;0.00%
04/05/2009;123.09;123.09;123.09;123.09;;;0.00%
05/05/2009;130.14;130.14;130.14;130.14;;;5.73%
06/05/2009;130.14;130.14;130.14;130.14;;;0.00%
07/05/2009;130.2;130.2;130.2;130.2;;;0.05%
08/05/2009;132.88;132.88;132.88;132.88;;;2.06%
11/05/2009;133.64;133.64;133.64;133.64;;;0.57%
12/05/2009;133.42;133.42;133.42;133.42;;;-0.16%
13/05/2009;131.91;131.91;131.91;131.91;;;-1.13%
14/05/2009;130.4;130.4;130.4;130.4;;;-1.14%
15/05/2009;130.31;130.31;130.31;130.31;;;-0.07%
18/05/2009;130.06;130.06;130.06;130.06;;;-0.19%
19/05/2009;130.05;130.05;130.05;130.05;;;-0.01%
20/05/2009;130.05;130.05;130.05;130.05;;;0.00%
22/05/2009;128.21;128.21;128.21;128.21;;;-1.41%
25/05/2009;126.22;126.22;126.22;126.22;;;-1.55%
26/05/2009;123.67;123.67;123.67;123.67;;;-2.02%
27/05/2009;123.67;123.67;123.67;123.67;;;0.00%
28/05/2009;123.78;123.78;123.78;123.78;;;0.09%
29/05/2009;123.78;123.78;123.78;123.78;;;0.00%
02/06/2009;123.68;123.68;123.68;123.68;;;-0.08%
03/06/2009;123.68;123.68;123.68;123.68;;;0.00%
04/06/2009;123.49;123.49;123.49;123.49;;;-0.15%
05/06/2009;111.94;111.94;111.94;111.94;;;-9.35%
08/06/2009;111.01;111.01;111.01;111.01;;;-0.83%
09/06/2009;111.02;111.02;111.02;111.02;;;0.01%
10/06/2009;113.12;113.12;113.12;113.12;;;1.89%
11/06/2009;105.93;105.93;105.93;105.93;;;-6.36%
12/06/2009;107.22;107.22;107.22;107.22;;;1.22%
15/06/2009;107.26;107.26;107.26;107.26;;;0.04%
16/06/2009;107.36;107.36;107.36;107.36;;;0.09%
17/06/2009;107.48;107.48;107.48;107.48;;;0.11%
18/06/2009;107.74;107.74;107.74;107.74;;;0.24%
19/06/2009;107.75;107.75;107.75;107.75;;;0.01%
22/06/2009;112.6;112.6;112.6;112.6;;;4.50%
23/06/2009;114.4;114.4;114.4;114.4;;;1.60%
24/06/2009;115.12;115.12;115.12;115.12;;;0.63%
25/06/2009;115.31;115.31;115.31;115.31;;;0.17%
26/06/2009;115.04;115.04;115.04;115.04;;;-0.23%
29/06/2009;114.31;114.31;114.31;114.31;;;-0.63%
30/06/2009;114.31;114.31;114.31;114.31;;;0.00%
01/07/2009;114.07;114.07;114.07;114.07;;;-0.21%
02/07/2009;114.06;114.06;114.06;114.06;;;-0.01%
03/07/2009;114.3;114.3;114.3;114.3;;;0.21%
06/07/2009;114.29;114.29;114.29;114.29;;;-0.01%
07/07/2009;115.92;115.92;115.92;115.92;;;1.43%
08/07/2009;115.56;115.56;115.56;115.56;;;-0.31%
09/07/2009;115.44;115.44;115.44;115.44;;;-0.10%
10/07/2009;115.59;115.59;115.59;115.59;;;0.13%
13/07/2009;115.13;115.13;115.13;115.13;;;-0.40%
14/07/2009;114.92;114.92;114.92;114.92;;;-0.18%
15/07/2009;114.55;114.55;114.55;114.55;;;-0.32%
16/07/2009;114.47;114.47;114.47;114.47;;;-0.07%
17/07/2009;114.22;114.22;114.22;114.22;;;-0.22%
20/07/2009;113.71;113.71;113.71;113.71;;;-0.45%
21/07/2009;112.38;112.38;112.38;112.38;;;-1.17%
22/07/2009;110.58;110.58;110.58;110.58;;;-1.60%
23/07/2009;110.4;110.4;110.4;110.4;;;-0.16%
24/07/2009;110.32;110.32;110.32;110.32;;;-0.07%
27/07/2009;109.8;109.8;109.8;109.8;;;-0.47%
28/07/2009;109.14;109.14;109.14;109.14;;;-0.60%
29/07/2009;109.19;109.19;109.19;109.19;;;0.05%
30/07/2009;109.47;109.47;109.47;109.47;;;0.26%
31/07/2009;109.84;109.84;109.84;109.84;;;0.34%
03/08/2009;109.5;109.5;109.5;109.5;;;-0.31%
04/08/2009;109.45;109.45;109.45;109.45;;;-0.05%
05/08/2009;109.45;109.45;109.45;109.45;;;0.00%
06/08/2009;109.35;109.35;109.35;109.35;;;-0.09%
10/08/2009;109.49;109.49;109.49;109.49;;;0.13%
11/08/2009;109.47;109.47;109.47;109.47;;;-0.02%
12/08/2009;109.16;109.16;109.16;109.16;;;-0.28%
13/08/2009;108.51;108.51;108.51;108.51;;;-0.60%
14/08/2009;108.14;108.14;108.14;108.14;;;-0.34%
17/08/2009;109.25;109.25;109.25;109.25;;;1.03%
18/08/2009;109.25;109.25;109.25;109.25;;;0.00%
19/08/2009;109.25;109.25;109.25;109.25;;;0.00%
20/08/2009;109.27;109.27;109.27;109.27;;;0.02%
21/08/2009;109.86;109.86;109.86;109.86;;;0.54%
24/08/2009;109.72;109.72;109.72;109.72;;;-0.13%
25/08/2009;109.75;109.75;109.75;109.75;;;0.03%
26/08/2009;109.85;109.85;109.85;109.85;;;0.09%
27/08/2009;104.44;104.44;104.44;104.44;;;-4.92%
28/08/2009;104.8;104.8;104.8;104.8;;;0.34%
31/08/2009;104.8;104.8;104.8;104.8;;;0.00%
01/09/2009;101.9;101.9;101.9;101.9;;;-2.77%
02/09/2009;101.14;101.14;101.14;101.14;;;-0.75%
03/09/2009;100.27;100.27;100.27;100.27;;;-0.86%
04/09/2009;99.88;99.88;99.88;99.88;;;-0.39%
07/09/2009;99.45;99.45;99.45;99.45;;;-0.43%
08/09/2009;94.92;94.92;94.92;94.92;;;-4.56%
09/09/2009;94.8;94.8;94.8;94.8;;;-0.13%
10/09/2009;94.93;94.93;94.93;94.93;;;0.14%
11/09/2009;94.78;94.78;94.78;94.78;;;-0.16%
14/09/2009;94.69;94.69;94.69;94.69;;;-0.09%
15/09/2009;94.69;94.69;94.69;94.69;;;0.00%
16/09/2009;94.69;94.69;94.69;94.69;;;0.00%
18/09/2009;94.58;94.58;94.58;94.58;;;-0.12%
21/09/2009;95.55;95.55;95.55;95.55;;;1.03%
22/09/2009;95.73;95.73;95.73;95.73;;;0.19%
23/09/2009;95.72;95.72;95.72;95.72;;;-0.01%
24/09/2009;94.77;94.77;94.77;94.77;;;-0.99%
25/09/2009;94.72;94.72;94.72;94.72;;;-0.05%
28/09/2009;94.72;94.72;94.72;94.72;;;0.00%
29/09/2009;94.75;94.75;94.75;94.75;;;0.03%
30/09/2009;94.67;94.67;94.67;94.67;;;-0.08%
01/10/2009;94.53;94.53;94.53;94.53;;;-0.15%
02/10/2009;93.67;93.67;93.67;93.67;;;-0.91%
05/10/2009;93.47;93.47;93.47;93.47;;;-0.21%
06/10/2009;93.47;93.47;93.47;93.47;;;0.00%
07/10/2009;92.78;92.78;92.78;92.78;;;-0.74%
08/10/2009;92.73;92.73;92.73;92.73;;;-0.05%
09/10/2009;92.73;92.73;92.73;92.73;;;0.00%
12/10/2009;92.84;92.84;92.84;92.84;;;0.12%
13/10/2009;92.83;92.83;92.83;92.83;;;-0.01%
14/10/2009;93.18;93.18;93.18;93.18;;;0.38%
15/10/2009;93.55;93.55;93.55;93.55;;;0.40%
16/10/2009;93.35;93.35;93.35;93.35;;;-0.21%
19/10/2009;93.35;93.35;93.35;93.35;;;0.00%
20/10/2009;93.35;93.35;93.35;93.35;;;0.00%
21/10/2009;93.35;93.35;93.35;93.35;;;0.00%
22/10/2009;93.35;93.35;93.35;93.35;;;0.00%
23/10/2009;92.4;92.4;92.4;92.4;;;-1.02%
26/10/2009;92.39;92.39;92.39;92.39;;;-0.01%
27/10/2009;92.4;92.4;92.4;92.4;;;0.01%
28/10/2009;92.25;92.25;92.25;92.25;;;-0.16%
29/10/2009;92.15;92.15;92.15;92.15;;;-0.11%
30/10/2009;92.06;92.06;92.06;92.06;;;-0.10%
02/11/2009;91.38;91.38;91.38;91.38;;;-0.74%
03/11/2009;91.33;91.33;91.33;91.33;;;-0.05%
04/11/2009;92.26;92.26;92.26;92.26;;;1.02%
05/11/2009;91.95;91.95;91.95;91.95;;;-0.34%
06/11/2009;91.95;91.95;91.95;91.95;;;0.00%
09/11/2009;91.95;91.95;91.95;91.95;;;0.00%
10/11/2009;91.95;91.95;91.95;91.95;;;0.00%
11/11/2009;92.08;92.08;92.08;92.08;;;0.14%
12/11/2009;92.08;92.08;92.08;92.08;;;0.00%
13/11/2009;92.08;92.08;92.08;92.08;;;0.00%
16/11/2009;92.08;92.08;92.08;92.08;;;0.00%
17/11/2009;92.11;92.11;92.11;92.11;;;0.03%
18/11/2009;92.11;92.11;92.11;92.11;;;0.00%
19/11/2009;92.15;92.15;92.15;92.15;;;0.04%
20/11/2009;94.64;94.64;94.64;94.64;;;2.70%
23/11/2009;94.88;94.88;94.88;94.88;;;0.25%
24/11/2009;95.29;95.29;95.29;95.29;;;0.43%
25/11/2009;95.32;95.32;95.32;95.32;;;0.03%
26/11/2009;95.32;95.32;95.32;95.32;;;0.00%
30/11/2009;96.46;96.46;96.46;96.46;;;1.20%
01/12/2009;96.46;96.46;96.46;96.46;;;0.00%
02/12/2009;96.4;96.4;96.4;96.4;;;-0.06%
03/12/2009;94.93;94.93;94.93;94.93;;;-1.52%
04/12/2009;94.76;94.76;94.76;94.76;;;-0.18%
07/12/2009;94.76;94.76;94.76;94.76;;;0.00%
08/12/2009;94.27;94.27;94.27;94.27;;;-0.52%
09/12/2009;94.17;94.17;94.17;94.17;;;-0.11%
10/12/2009;93.95;93.95;93.95;93.95;;;-0.23%
11/12/2009;93.95;93.95;93.95;93.95;;;0.00%
14/12/2009;93.95;93.95;93.95;93.95;;;0.00%
15/12/2009;93.86;93.86;93.86;93.86;;;-0.10%
16/12/2009;93.68;93.68;93.68;93.68;;;-0.19%
17/12/2009;93.57;93.57;93.57;93.57;;;-0.12%
18/12/2009;93.85;93.85;93.85;93.85;;;0.30%
21/12/2009;94.08;94.08;94.08;94.08;;;0.25%
22/12/2009;94.32;94.32;94.32;94.32;;;0.26%
23/12/2009;94.46;94.46;94.46;94.46;;;0.15%
24/12/2009;94.96;94.96;94.96;94.96;;;0.53%
28/12/2009;94.96;94.96;94.96;94.96;;;0.00%
29/12/2009;94.99;94.99;94.99;94.99;;;0.03%
30/12/2009;95.5;95.5;95.5;95.5;;;0.54%
31/12/2009;96.01;96.01;96.01;96.01;;;0.53%
04/01/2010;95.39;95.39;95.39;95.39;;;-0.65%
05/01/2010;94.75;94.75;94.75;94.75;;;-0.67%
06/01/2010;90.3;90.3;90.3;90.3;;;-4.70%
07/01/2010;90.46;90.46;90.46;90.46;;;0.18%
08/01/2010;88.59;88.59;88.59;88.59;;;-2.07%
11/01/2010;89.89;89.89;89.89;89.89;;;1.47%
12/01/2010;89.88;89.88;89.88;89.88;;;-0.01%
13/01/2010;90.61;90.61;90.61;90.61;;;0.81%
14/01/2010;90.44;90.44;90.44;90.44;;;-0.19%
15/01/2010;90.54;90.54;90.54;90.54;;;0.11%
18/01/2010;90.08;90.08;90.08;90.08;;;-0.51%
19/01/2010;90.02;90.02;90.02;90.02;;;-0.07%
20/01/2010;89.69;89.69;89.69;89.69;;;-0.37%
21/01/2010;89.16;89.16;89.16;89.16;;;-0.59%
22/01/2010;89.13;89.13;89.13;89.13;;;-0.03%
25/01/2010;89.13;89.13;89.13;89.13;;;0.00%
26/01/2010;89.26;89.26;89.26;89.26;;;0.15%
27/01/2010;89.26;89.26;89.26;89.26;;;0.00%
28/01/2010;89.34;89.34;89.34;89.34;;;0.09%
29/01/2010;89.13;89.13;89.13;89.13;;;-0.24%
01/02/2010;89.06;89.06;89.06;89.06;;;-0.08%
02/02/2010;89.06;89.06;89.06;89.06;;;0.00%
03/02/2010;89.21;89.21;89.21;89.21;;;0.17%
04/02/2010;89.19;89.19;89.19;89.19;;;-0.02%
05/02/2010;89.2;89.2;89.2;89.2;;;0.01%
08/02/2010;89.2;89.2;89.2;89.2;;;0.00%
09/02/2010;89.44;89.44;89.44;89.44;;;0.27%
10/02/2010;90.2;90.2;90.2;90.2;;;0.85%
11/02/2010;89.83;89.83;89.83;89.83;;;-0.41%
12/02/2010;89.79;89.79;89.79;89.79;;;-0.04%
15/02/2010;89.65;89.65;89.65;89.65;;;-0.16%
16/02/2010;90.31;90.31;90.31;90.31;;;0.74%
17/02/2010;90.22;90.22;90.22;90.22;;;-0.10%
18/02/2010;87.75;87.75;87.75;87.75;;;-2.74%
19/02/2010;87.75;87.75;87.75;87.75;;;0.00%
22/02/2010;87.89;87.89;87.89;87.89;;;0.16%
23/02/2010;88.09;88.09;88.09;88.09;;;0.23%
24/02/2010;89.66;89.66;89.66;89.66;;;1.78%
25/02/2010;89.74;89.74;89.74;89.74;;;0.09%
01/03/2010;89.74;89.74;89.74;89.74;;;0.00%
02/03/2010;89.69;89.69;89.69;89.69;;;-0.06%
03/03/2010;89.69;89.69;89.69;89.69;;;0.00%
04/03/2010;89.69;89.69;89.69;89.69;;;0.00%
05/03/2010;89.22;89.22;89.22;89.22;;;-0.52%
08/03/2010;89.12;89.12;89.12;89.12;;;-0.11%
09/03/2010;89.75;89.75;89.75;89.75;;;0.71%
10/03/2010;90.45;90.45;90.45;90.45;;;0.78%
11/03/2010;91.21;91.21;91.21;91.21;;;0.84%
12/03/2010;92.4;92.4;92.4;92.4;;;1.30%
15/03/2010;93.22;93.22;93.22;93.22;;;0.89%
16/03/2010;93;93;93;93;;;-0.24%
17/03/2010;92.97;92.97;92.97;92.97;;;-0.03%
18/03/2010;92.85;92.85;92.85;92.85;;;-0.13%
19/03/2010;92.77;92.77;92.77;92.77;;;-0.09%
22/03/2010;94.05;94.05;94.05;94.05;;;1.38%
23/03/2010;93.68;93.68;93.68;93.68;;;-0.39%
24/03/2010;92.88;92.88;92.88;92.88;;;-0.85%
25/03/2010;92.76;92.76;92.76;92.76;;;-0.13%
26/03/2010;92.4;92.4;92.4;92.4;;;-0.39%
29/03/2010;92.4;92.4;92.4;92.4;;;0.00%
30/03/2010;92.75;92.75;92.75;92.75;;;0.38%
31/03/2010;91.96;91.96;91.96;91.96;;;-0.85%
01/04/2010;93.11;93.11;93.11;93.11;;;1.25%
02/04/2010;93.36;93.36;93.36;93.36;;;0.27%
06/04/2010;93.54;93.54;93.54;93.54;;;0.19%
07/04/2010;93.91;93.91;93.91;93.91;;;0.40%
08/04/2010;93.93;93.93;93.93;93.93;;;0.02%
09/04/2010;93.38;93.38;93.38;93.38;;;-0.59%
12/04/2010;93.37;93.37;93.37;93.37;;;-0.01%
13/04/2010;93.37;93.37;93.37;93.37;;;0.00%
14/04/2010;93.37;93.37;93.37;93.37;;;0.00%
15/04/2010;89.58;89.58;89.58;89.58;;;-4.06%
16/04/2010;89.58;89.58;89.58;89.58;;;0.00%
19/04/2010;89.12;89.12;89.12;89.12;;;-0.51%
20/04/2010;88.73;88.73;88.73;88.73;;;-0.44%
21/04/2010;90.59;90.59;90.59;90.59;;;2.10%
22/04/2010;91.41;91.41;91.41;91.41;;;0.91%
23/04/2010;91.41;91.41;91.41;91.41;;;0.00%
26/04/2010;91.4;91.4;91.4;91.4;;;-0.01%
27/04/2010;91.4;91.4;91.4;91.4;;;0.00%
28/04/2010;91.46;91.46;91.46;91.46;;;0.07%
29/04/2010;91.5;91.5;91.5;91.5;;;0.04%
30/04/2010;91.5;91.5;91.5;91.5;;;0.00%
03/05/2010;91.52;91.52;91.52;91.52;;;0.02%
04/05/2010;91.56;91.56;91.56;91.56;;;0.04%
05/05/2010;91.54;91.54;91.54;91.54;;;-0.02%
06/05/2010;91.56;91.56;91.56;91.56;;;0.02%
07/05/2010;91.57;91.57;91.57;91.57;;;0.01%
10/05/2010;91.57;91.57;91.57;91.57;;;0.00%
11/05/2010;91.25;91.25;91.25;91.25;;;-0.35%
12/05/2010;91.25;91.25;91.25;91.25;;;0.00%
14/05/2010;91.25;91.25;91.25;91.25;;;0.00%
17/05/2010;91.25;91.25;91.25;91.25;;;0.00%
18/05/2010;91.25;91.25;91.25;91.25;;;0.00%
19/05/2010;91.28;91.28;91.28;91.28;;;0.03%
20/05/2010;91.4;91.4;91.4;91.4;;;0.13%
21/05/2010;91.31;91.31;91.31;91.31;;;-0.10%
25/05/2010;91.31;91.31;91.31;91.31;;;0.00%
26/05/2010;91.31;91.31;91.31;91.31;;;0.00%
27/05/2010;91.22;91.22;91.22;91.22;;;-0.10%
28/05/2010;91.22;91.22;91.22;91.22;;;0.00%
31/05/2010;91.22;91.22;91.22;91.22;;;0.00%
01/06/2010;90.75;90.75;90.75;90.75;;;-0.52%
02/06/2010;90.75;90.75;90.75;90.75;;;0.00%
03/06/2010;90.42;90.42;90.42;90.42;;;-0.36%
04/06/2010;90.41;90.41;90.41;90.41;;;-0.01%
07/06/2010;90.43;90.43;90.43;90.43;;;0.02%
08/06/2010;90.76;90.76;90.76;90.76;;;0.36%
09/06/2010;88.85;88.85;88.85;88.85;;;-2.10%
10/06/2010;88.85;88.85;88.85;88.85;;;0.00%
11/06/2010;88.87;88.87;88.87;88.87;;;0.02%
14/06/2010;88.89;88.89;88.89;88.89;;;0.02%
15/06/2010;88.83;88.83;88.83;88.83;;;-0.07%
16/06/2010;87.87;87.87;87.87;87.87;;;-1.08%
17/06/2010;87.83;87.83;87.83;87.83;;;-0.05%
18/06/2010;87.85;87.85;87.85;87.85;;;0.02%
21/06/2010;87.3;87.3;87.3;87.3;;;-0.63%
22/06/2010;87.35;87.35;87.35;87.35;;;0.06%
23/06/2010;85.85;85.85;85.85;85.85;;;-1.72%
24/06/2010;85.94;85.94;85.94;85.94;;;0.10%
25/06/2010;85.58;85.58;85.58;85.58;;;-0.42%
28/06/2010;84.42;84.42;84.42;84.42;;;-1.36%
29/06/2010;84.78;84.78;84.78;84.78;;;0.43%
30/06/2010;85.44;85.44;85.44;85.44;;;0.78%
01/07/2010;85.55;85.55;85.55;85.55;;;0.13%
02/07/2010;85.55;85.55;85.55;85.55;;;0.00%
05/07/2010;85.49;85.49;85.49;85.49;;;-0.07%
06/07/2010;82.26;82.26;82.26;82.26;;;-3.78%
07/07/2010;82.31;82.31;82.31;82.31;;;0.06%
08/07/2010;82.31;82.31;82.31;82.31;;;0.00%
09/07/2010;82.31;82.31;82.31;82.31;;;0.00%
12/07/2010;82.31;82.31;82.31;82.31;;;0.00%
13/07/2010;81.32;81.32;81.32;81.32;;;-1.20%
14/07/2010;77.01;77.01;77.01;77.01;;;-5.30%
15/07/2010;74.85;74.85;74.85;74.85;;;-2.80%
16/07/2010;74.85;74.85;74.85;74.85;;;0.00%
19/07/2010;75;75;75;75;;;0.20%
20/07/2010;75;75;75;75;;;0.00%
21/07/2010;74.61;74.61;74.61;74.61;;;-0.52%
22/07/2010;74.31;74.31;74.31;74.31;;;-0.40%
23/07/2010;75.35;75.35;75.35;75.35;;;1.40%
26/07/2010;76.25;76.25;76.25;76.25;;;1.19%
27/07/2010;76.1;76.1;76.1;76.1;;;-0.20%
28/07/2010;75.33;75.33;75.33;75.33;;;-1.01%
29/07/2010;75.38;75.38;75.38;75.38;;;0.07%
30/07/2010;74.89;74.89;74.89;74.89;;;-0.65%
02/08/2010;74.96;74.96;74.96;74.96;;;0.09%
03/08/2010;75.11;75.11;75.11;75.11;;;0.20%
04/08/2010;76.04;76.04;76.04;76.04;;;1.24%
05/08/2010;76.98;76.98;76.98;76.98;;;1.24%
06/08/2010;76.82;76.82;76.82;76.82;;;-0.21%
09/08/2010;76.89;76.89;76.89;76.89;;;0.09%
10/08/2010;76.89;76.89;76.89;76.89;;;0.00%
11/08/2010;77.23;77.23;77.23;77.23;;;0.44%
12/08/2010;77.23;77.23;77.23;77.23;;;0.00%
13/08/2010;77.11;77.11;77.11;77.11;;;-0.16%
16/08/2010;77.06;77.06;77.06;77.06;;;-0.06%
17/08/2010;76.93;76.93;76.93;76.93;;;-0.17%
18/08/2010;77.02;77.02;77.02;77.02;;;0.12%
19/08/2010;77.02;77.02;77.02;77.02;;;0.00%
20/08/2010;77.02;77.02;77.02;77.02;;;0.00%
23/08/2010;77.32;77.32;77.32;77.32;;;0.39%
24/08/2010;77.32;77.32;77.32;77.32;;;0.00%
25/08/2010;77.08;77.08;77.08;77.08;;;-0.31%
26/08/2010;79.17;79.17;79.17;79.17;;;2.71%
27/08/2010;80.07;80.07;80.07;80.07;;;1.14%
30/08/2010;78.05;78.05;78.05;78.05;;;-2.52%
31/08/2010;77.49;77.49;77.49;77.49;;;-0.72%
01/09/2010;77.5;77.5;77.5;77.5;;;0.01%
02/09/2010;79.05;79.05;79.05;79.05;;;2.00%
03/09/2010;79.96;79.96;79.96;79.96;;;1.15%
07/09/2010;78.68;78.68;78.68;78.68;;;-1.60%
08/09/2010;78.66;78.66;78.66;78.66;;;-0.03%
09/09/2010;78.59;78.59;78.59;78.59;;;-0.09%
13/09/2010;78.72;78.72;78.72;78.72;;;0.17%
14/09/2010;78.28;78.28;78.28;78.28;;;-0.56%
15/09/2010;78.01;78.01;78.01;78.01;;;-0.34%
16/09/2010;78.3;78.3;78.3;78.3;;;0.37%
17/09/2010;78.08;78.08;78.08;78.08;;;-0.28%
20/09/2010;78.88;78.88;78.88;78.88;;;1.02%
21/09/2010;79.49;79.49;79.49;79.49;;;0.77%
22/09/2010;80.09;80.09;80.09;80.09;;;0.75%
23/09/2010;80.56;80.56;80.56;80.56;;;0.59%
24/09/2010;81.66;81.66;81.66;81.66;;;1.37%
27/09/2010;81.92;81.92;81.92;81.92;;;0.32%
28/09/2010;84.92;84.92;84.92;84.92;;;3.66%
29/09/2010;83.25;83.25;83.25;83.25;;;-1.97%
30/09/2010;83.35;83.35;83.35;83.35;;;0.12%
01/10/2010;83.31;83.31;83.31;83.31;;;-0.05%
04/10/2010;84.55;84.55;84.55;84.55;;;1.49%
05/10/2010;84.56;84.56;84.56;84.56;;;0.01%
06/10/2010;84.44;84.44;84.44;84.44;;;-0.14%
07/10/2010;84.91;84.91;84.91;84.91;;;0.56%
08/10/2010;88.57;88.57;88.57;88.57;;;4.31%
11/10/2010;89.19;89.19;89.19;89.19;;;0.70%
12/10/2010;89.78;89.78;89.78;89.78;;;0.66%
13/10/2010;89.78;89.78;89.78;89.78;;;0.00%
14/10/2010;89.41;89.41;89.41;89.41;;;-0.41%
15/10/2010;89.07;89.07;89.07;89.07;;;-0.38%
18/10/2010;91.43;91.43;91.43;91.43;;;2.65%
19/10/2010;93.59;93.59;93.59;93.59;;;2.36%
20/10/2010;93.93;93.93;93.93;93.93;;;0.36%
21/10/2010;93.54;93.54;93.54;93.54;;;-0.42%
22/10/2010;96.09;96.09;96.09;96.09;;;2.73%
25/10/2010;96;96;96;96;;;-0.09%
26/10/2010;96;96;96;96;;;0.00%
27/10/2010;96;96;96;96;;;0.00%
28/10/2010;96.63;96.63;96.63;96.63;;;0.66%
29/10/2010;95.73;95.73;95.73;95.73;;;-0.93%
02/11/2010;95.63;95.63;95.63;95.63;;;-0.10%
03/11/2010;95.63;95.63;95.63;95.63;;;0.00%
04/11/2010;95.42;95.42;95.42;95.42;;;-0.22%
05/11/2010;95.41;95.41;95.41;95.41;;;-0.01%
08/11/2010;95.41;95.41;95.41;95.41;;;0.00%
09/11/2010;94.08;94.08;94.08;94.08;;;-1.39%
10/11/2010;94.15;94.15;94.15;94.15;;;0.07%
11/11/2010;94.02;94.02;94.02;94.02;;;-0.14%
12/11/2010;94.1;94.1;94.1;94.1;;;0.09%
17/11/2010;93.93;93.93;93.93;93.93;;;-0.18%
18/11/2010;93.96;93.96;93.96;93.96;;;0.03%
19/11/2010;94.96;94.96;94.96;94.96;;;1.06%
22/11/2010;94.12;94.12;94.12;94.12;;;-0.88%
23/11/2010;94.09;94.09;94.09;94.09;;;-0.03%
24/11/2010;94.12;94.12;94.12;94.12;;;0.03%
25/11/2010;94.12;94.12;94.12;94.12;;;0.00%
26/11/2010;94.04;94.04;94.04;94.04;;;-0.08%
29/11/2010;94.2;94.2;94.2;94.2;;;0.17%
30/11/2010;93.3;93.3;93.3;93.3;;;-0.96%
01/12/2010;93.29;93.29;93.29;93.29;;;-0.01%
02/12/2010;93.35;93.35;93.35;93.35;;;0.06%
03/12/2010;94.36;94.36;94.36;94.36;;;1.08%
06/12/2010;93.3;93.3;93.3;93.3;;;-1.12%
07/12/2010;93.17;93.17;93.17;93.17;;;-0.14%
08/12/2010;93.17;93.17;93.17;93.17;;;0.00%
09/12/2010;93.15;93.15;93.15;93.15;;;-0.02%
10/12/2010;93.17;93.17;93.17;93.17;;;0.02%
13/12/2010;92.36;92.36;92.36;92.36;;;-0.87%
14/12/2010;92.54;92.54;92.54;92.54;;;0.19%
15/12/2010;92.54;92.54;92.54;92.54;;;0.00%
16/12/2010;91.86;91.86;91.86;91.86;;;-0.73%
17/12/2010;91.86;91.86;91.86;91.86;;;0.00%
20/12/2010;91.86;91.86;91.86;91.86;;;0.00%
21/12/2010;91.68;91.68;91.68;91.68;;;-0.20%
22/12/2010;91.68;91.68;91.68;91.68;;;0.00%
23/12/2010;92.53;92.53;92.53;92.53;;;0.93%
24/12/2010;92.53;92.53;92.53;92.53;;;0.00%
27/12/2010;92.53;92.53;92.53;92.53;;;0.00%
28/12/2010;92.67;92.67;92.67;92.67;;;0.15%
29/12/2010;92.49;92.49;92.49;92.49;;;-0.19%
30/12/2010;93.11;93.11;93.11;93.11;;;0.67%
31/12/2010;93.06;93.06;93.06;93.06;;;-0.05%
03/01/2011;93.06;93.06;93.06;93.06;;;0.00%
04/01/2011;93.06;93.06;93.06;93.06;;;0.00%
05/01/2011;92.26;92.26;92.26;92.26;;;-0.86%
06/01/2011;92.53;92.53;92.53;92.53;;;0.29%
07/01/2011;92.53;92.53;92.53;92.53;;;0.00%
10/01/2011;92.49;92.49;92.49;92.49;;;-0.04%
11/01/2011;92.49;92.49;92.49;92.49;;;0.00%
12/01/2011;92.49;92.49;92.49;92.49;;;0.00%
13/01/2011;92.15;92.15;92.15;92.15;;;-0.37%
14/01/2011;92.24;92.24;92.24;92.24;;;0.10%
17/01/2011;92.23;92.23;92.23;92.23;;;-0.01%
18/01/2011;92.64;92.64;92.64;92.64;;;0.44%
19/01/2011;92.64;92.64;92.64;92.64;;;0.00%
20/01/2011;92.52;92.52;92.52;92.52;;;-0.13%
21/01/2011;92.52;92.52;92.52;92.52;;;0.00%
24/01/2011;92.49;92.49;92.49;92.49;;;-0.03%
25/01/2011;92.05;92.05;92.05;92.05;;;-0.48%
26/01/2011;92.05;92.05;92.05;92.05;;;0.00%
27/01/2011;92.05;92.05;92.05;92.05;;;0.00%
28/01/2011;90.67;90.67;90.67;90.67;;;-1.50%
31/01/2011;90.66;90.66;90.66;90.66;;;-0.01%
01/02/2011;90.73;90.73;90.73;90.73;;;0.08%
02/02/2011;90.15;90.15;90.15;90.15;;;-0.64%
03/02/2011;90.22;90.22;90.22;90.22;;;0.08%
04/02/2011;90.22;90.22;90.22;90.22;;;0.00%
07/02/2011;90.19;90.19;90.19;90.19;;;-0.03%
08/02/2011;90.28;90.28;90.28;90.28;;;0.10%
10/02/2011;89.26;89.26;89.26;89.26;;;-1.13%
11/02/2011;89.26;89.26;89.26;89.26;;;0.00%
01/03/2011;90.23;90.23;90.23;90.23;;;1.09%
02/03/2011;90.23;90.23;90.23;90.23;;;0.00%
03/03/2011;90.19;90.19;90.19;90.19;;;-0.04%
04/03/2011;90.19;90.19;90.19;90.19;;;0.00%
07/03/2011;90.19;90.19;90.19;90.19;;;0.00%
08/03/2011;90.19;90.19;90.19;90.19;;;0.00%
09/03/2011;90.24;90.24;90.24;90.24;;;0.06%
10/03/2011;90.24;90.24;90.24;90.24;;;0.00%
11/03/2011;90.24;90.24;90.24;90.24;;;0.00%
14/03/2011;90.24;90.24;90.24;90.24;;;0.00%
15/03/2011;90.24;90.24;90.24;90.24;;;0.00%
16/03/2011;90.24;90.24;90.24;90.24;;;0.00%
17/03/2011;90.24;90.24;90.24;90.24;;;0.00%
18/03/2011;90.24;90.24;90.24;90.24;;;0.00%
21/03/2011;90.24;90.24;90.24;90.24;;;0.00%
22/03/2011;90.24;90.24;90.24;90.24;;;0.00%
23/03/2011;90.24;90.24;90.24;90.24;;;0.00%
24/03/2011;90.24;90.24;90.24;90.24;;;0.00%
25/03/2011;90.24;90.24;90.24;90.24;;;0.00%
28/03/2011;90.24;90.24;90.24;90.24;;;0.00%
29/03/2011;90.17;90.17;90.17;90.17;;;-0.08%
30/03/2011;90.17;90.17;90.17;90.17;;;0.00%
31/03/2011;90.17;90.17;90.17;90.17;;;0.00%
01/04/2011;90.17;90.17;90.17;90.17;;;0.00%
04/04/2011;90.17;90.17;90.17;90.17;;;0.00%
05/04/2011;90.17;90.17;90.17;90.17;;;0.00%
06/04/2011;90.17;90.17;90.17;90.17;;;0.00%
07/04/2011;90.17;90.17;90.17;90.17;;;0.00%
08/04/2011;90.17;90.17;90.17;90.17;;;0.00%
11/04/2011;90.17;90.17;90.17;90.17;;;0.00%
12/04/2011;90.17;90.17;90.17;90.17;;;0.00%
13/04/2011;90.17;90.17;90.17;90.17;;;0.00%
14/04/2011;90.17;90.17;90.17;90.17;;;0.00%
15/04/2011;90.17;90.17;90.17;90.17;;;0.00%
18/04/2011;90.17;90.17;90.17;90.17;;;0.00%
19/04/2011;90.17;90.17;90.17;90.17;;;0.00%
20/04/2011;90.17;90.17;90.17;90.17;;;0.00%
21/04/2011;90.17;90.17;90.17;90.17;;;0.00%
22/04/2011;90.17;90.17;90.17;90.17;;;0.00%
26/04/2011;90.17;90.17;90.17;90.17;;;0.00%
27/04/2011;90.17;90.17;90.17;90.17;;;0.00%
28/04/2011;90.17;90.17;90.17;90.17;;;0.00%
29/04/2011;90.17;90.17;90.17;90.17;;;0.00%
03/05/2011;90.17;90.17;90.17;90.17;;;0.00%
04/05/2011;90.17;90.17;90.17;90.17;;;0.00%
05/05/2011;90.17;90.17;90.17;90.17;;;0.00%
06/05/2011;86.03;86.03;86.03;86.03;;;-4.59%
09/05/2011;86.03;86.03;86.03;86.03;;;0.00%
10/05/2011;86.03;86.03;86.03;86.03;;;0.00%
11/05/2011;85.71;85.71;85.71;85.71;;;-0.37%
12/05/2011;83.53;83.53;83.53;83.53;;;-2.54%
13/05/2011;83.53;83.53;83.53;83.53;;;0.00%
16/05/2011;83.53;83.53;83.53;83.53;;;0.00%
17/05/2011;83.46;83.46;83.46;83.46;;;-0.08%
18/05/2011;83.46;83.46;83.46;83.46;;;0.00%
19/05/2011;83.35;83.35;83.35;83.35;;;-0.13%
20/05/2011;84.94;84.94;84.94;84.94;;;1.91%
23/05/2011;84.78;84.78;84.78;84.78;;;-0.19%
24/05/2011;83.98;83.98;83.98;83.98;;;-0.94%
25/05/2011;84.21;84.21;84.21;84.21;;;0.27%
26/05/2011;84.37;84.37;84.37;84.37;;;0.19%
27/05/2011;84.51;84.51;84.51;84.51;;;0.17%
30/05/2011;82.56;82.56;82.56;82.56;;;-2.31%
31/05/2011;82.59;82.59;82.59;82.59;;;0.04%
01/06/2011;82.06;82.06;82.06;82.06;;;-0.64%
03/06/2011;83.01;83.01;83.01;83.01;;;1.16%
06/06/2011;81.32;81.32;81.32;81.32;;;-2.04%
07/06/2011;83.7;83.7;83.7;83.7;;;2.93%
08/06/2011;83.7;83.7;83.7;83.7;;;0.00%
09/06/2011;83.51;83.51;83.51;83.51;;;-0.23%
10/06/2011;82.02;82.02;82.02;82.02;;;-1.78%
14/06/2011;82.06;82.06;82.06;82.06;;;0.05%
15/06/2011;82.08;82.08;82.08;82.08;;;0.02%
16/06/2011;82.07;82.07;82.07;82.07;;;-0.01%
17/06/2011;81.94;81.94;81.94;81.94;;;-0.16%
20/06/2011;81.94;81.94;81.94;81.94;;;0.00%
21/06/2011;81.64;81.64;81.64;81.64;;;-0.37%
22/06/2011;81.55;81.55;81.55;81.55;;;-0.11%
23/06/2011;81.57;81.57;81.57;81.57;;;0.02%
24/06/2011;80.84;80.84;80.84;80.84;;;-0.89%
27/06/2011;81.7;81.7;81.7;81.7;;;1.06%
28/06/2011;81.7;81.7;81.7;81.7;;;0.00%
29/06/2011;81.8;81.8;81.8;81.8;;;0.12%
30/06/2011;82.67;82.67;82.67;82.67;;;1.06%
01/07/2011;82.67;82.67;82.67;82.67;;;0.00%
04/07/2011;82.76;82.76;82.76;82.76;;;0.11%
05/07/2011;82.85;82.85;82.85;82.85;;;0.11%
06/07/2011;82.48;82.48;82.48;82.48;;;-0.45%
07/07/2011;82.99;82.99;82.99;82.99;;;0.62%
08/07/2011;80.85;80.85;80.85;80.85;;;-2.58%
11/07/2011;80.6;80.6;80.6;80.6;;;-0.31%
12/07/2011;80.38;80.38;80.38;80.38;;;-0.27%
13/07/2011;80.7;80.7;80.7;80.7;;;0.40%
14/07/2011;80.7;80.7;80.7;80.7;;;0.00%
15/07/2011;78.79;78.79;78.79;78.79;;;-2.37%
18/07/2011;79.14;79.14;79.14;79.14;;;0.44%
19/07/2011;78.32;78.32;78.32;78.32;;;-1.04%
20/07/2011;78.23;78.23;78.23;78.23;;;-0.11%
21/07/2011;78.53;78.53;78.53;78.53;;;0.38%
22/07/2011;78.4;78.4;78.4;78.4;;;-0.17%
25/07/2011;78.33;78.33;78.33;78.33;;;-0.09%
26/07/2011;78.37;78.37;78.37;78.37;;;0.05%
27/07/2011;79.22;79.22;79.22;79.22;;;1.08%
28/07/2011;79.14;79.14;79.14;79.14;;;-0.10%
29/07/2011;79.4;79.4;79.4;79.4;;;0.33%
01/08/2011;79.4;79.4;79.4;79.4;;;0.00%
02/08/2011;80.14;80.14;80.14;80.14;;;0.93%
03/08/2011;79.93;79.93;79.93;79.93;;;-0.26%
04/08/2011;80.71;80.71;80.71;80.71;;;0.98%
05/08/2011;80.86;80.86;80.86;80.86;;;0.19%
09/08/2011;81.35;81.35;81.35;81.35;;;0.61%
10/08/2011;80.98;80.98;80.98;80.98;;;-0.45%
11/08/2011;80.96;80.96;80.96;80.96;;;-0.02%
12/08/2011;81;81;81;81;;;0.05%
16/08/2011;80.51;80.51;80.51;80.51;;;-0.60%
17/08/2011;80.7;80.7;80.7;80.7;;;0.24%
18/08/2011;80.7;80.7;80.7;80.7;;;0.00%
19/08/2011;81.23;81.23;81.23;81.23;;;0.66%
22/08/2011;81.88;81.88;81.88;81.88;;;0.80%
23/08/2011;82.5;82.5;82.5;82.5;;;0.76%
24/08/2011;82.37;82.37;82.37;82.37;;;-0.16%
25/08/2011;81.97;81.97;81.97;81.97;;;-0.49%
26/08/2011;81;81;81;81;;;-1.18%
29/08/2011;80.82;80.82;80.82;80.82;;;-0.22%
31/08/2011;80.97;80.97;80.97;80.97;;;0.19%
01/09/2011;82.01;82.01;82.01;82.01;;;1.28%
02/09/2011;82.24;82.24;82.24;82.24;;;0.28%
05/09/2011;81.38;81.38;81.38;81.38;;;-1.05%
06/09/2011;81.08;81.08;81.08;81.08;;;-0.37%
07/09/2011;80.08;80.08;80.08;80.08;;;-1.23%
08/09/2011;80.55;80.55;80.55;80.55;;;0.59%
09/09/2011;80.55;80.55;80.55;80.55;;;0.00%
12/09/2011;80.55;80.55;80.55;80.55;;;0.00%
13/09/2011;80.49;80.49;80.49;80.49;;;-0.07%
14/09/2011;80.17;80.17;80.17;80.17;;;-0.40%
15/09/2011;79.97;79.97;79.97;79.97;;;-0.25%
16/09/2011;79.66;79.66;79.66;79.66;;;-0.39%
19/09/2011;79.94;79.94;79.94;79.94;;;0.35%
20/09/2011;79.84;79.84;79.84;79.84;;;-0.13%
21/09/2011;79.84;79.84;79.84;79.84;;;0.00%
22/09/2011;79.8;79.8;79.8;79.8;;;-0.05%
23/09/2011;79.18;79.18;79.18;79.18;;;-0.78%
26/09/2011;79.18;79.18;79.18;79.18;;;0.00%
27/09/2011;79.5;79.5;79.5;79.5;;;0.40%
28/09/2011;79.5;79.5;79.5;79.5;;;0.00%
29/09/2011;79.49;79.49;79.49;79.49;;;-0.01%
30/09/2011;79.41;79.41;79.41;79.41;;;-0.10%
03/10/2011;79.75;79.75;79.75;79.75;;;0.43%
04/10/2011;80;80;80;80;;;0.31%
05/10/2011;80.39;80.39;80.39;80.39;;;0.49%
06/10/2011;80.35;80.35;80.35;80.35;;;-0.05%
07/10/2011;80.42;80.42;80.42;80.42;;;0.09%
10/10/2011;79.93;79.93;79.93;79.93;;;-0.61%
11/10/2011;80.2;80.2;80.2;80.2;;;0.34%
12/10/2011;80.32;80.32;80.32;80.32;;;0.15%
13/10/2011;80.41;80.41;80.41;80.41;;;0.11%
14/10/2011;80.5;80.5;80.5;80.5;;;0.11%
17/10/2011;80.32;80.32;80.32;80.32;;;-0.22%
18/10/2011;80.54;80.54;80.54;80.54;;;0.27%
19/10/2011;80.54;80.54;80.54;80.54;;;0.00%
20/10/2011;78.56;78.56;78.56;78.56;;;-2.46%
21/10/2011;78.56;78.56;78.56;78.56;;;0.00%
24/10/2011;78.59;78.59;78.59;78.59;;;0.04%
25/10/2011;78.75;78.75;78.75;78.75;;;0.20%
26/10/2011;78.75;78.75;78.75;78.75;;;0.00%
27/10/2011;78.75;78.75;78.75;78.75;;;0.00%
28/10/2011;78.41;78.41;78.41;78.41;;;-0.43%
31/10/2011;78.29;78.29;78.29;78.29;;;-0.15%
02/11/2011;78.12;78.12;78.12;78.12;;;-0.22%
03/11/2011;79.43;79.43;79.43;79.43;;;1.68%
04/11/2011;79.17;79.17;79.17;79.17;;;-0.33%
08/11/2011;78.44;78.44;78.44;78.44;;;-0.92%
09/11/2011;78;78;78;78;;;-0.56%
10/11/2011;77.99;77.99;77.99;77.99;;;-0.01%
11/11/2011;78;78;78;78;;;0.01%
14/11/2011;78;78;78;78;;;0.00%
16/11/2011;77.82;77.82;77.82;77.82;;;-0.23%
17/11/2011;78.24;78.24;78.24;78.24;;;0.54%
18/11/2011;77.73;77.73;77.73;77.73;;;-0.65%
21/11/2011;77.64;77.64;77.64;77.64;;;-0.12%
22/11/2011;77.61;77.61;77.61;77.61;;;-0.04%
23/11/2011;77.48;77.48;77.48;77.48;;;-0.17%
24/11/2011;77.48;77.48;77.48;77.48;;;0.00%
25/11/2011;77.62;77.62;77.62;77.62;;;0.18%
28/11/2011;77.6;77.6;77.6;77.6;;;-0.03%
29/11/2011;78.56;78.56;78.56;78.56;;;1.24%
30/11/2011;78.7;78.7;78.7;78.7;;;0.18%
01/12/2011;79.24;79.24;79.24;79.24;;;0.69%
02/12/2011;78.49;78.49;78.49;78.49;;;-0.95%
05/12/2011;77.96;77.96;77.96;77.96;;;-0.68%
06/12/2011;77.91;77.91;77.91;77.91;;;-0.06%
07/12/2011;77.99;77.99;77.99;77.99;;;0.10%
08/12/2011;77.99;77.99;77.99;77.99;;;0.00%
09/12/2011;77.02;77.02;77.02;77.02;;;-1.24%
12/12/2011;77.11;77.11;77.11;77.11;;;0.12%
13/12/2011;77.47;77.47;77.47;77.47;;;0.47%
14/12/2011;77.47;77.47;77.47;77.47;;;0.00%
15/12/2011;77.47;77.47;77.47;77.47;;;0.00%
16/12/2011;77.47;77.47;77.47;77.47;;;0.00%
19/12/2011;77.65;77.65;77.65;77.65;;;0.23%
20/12/2011;77.65;77.65;77.65;77.65;;;0.00%
21/12/2011;77.71;77.71;77.71;77.71;;;0.08%
22/12/2011;77.48;77.48;77.48;77.48;;;-0.30%
23/12/2011;77.42;77.42;77.42;77.42;;;-0.08%
27/12/2011;77.53;77.53;77.53;77.53;;;0.14%
28/12/2011;77.53;77.53;77.53;77.53;;;0.00%
29/12/2011;77.38;77.38;77.38;77.38;;;-0.19%
30/12/2011;77.54;77.54;77.54;77.54;;;0.21%
02/01/2012;77.54;77.54;77.54;77.54;;;0.00%
03/01/2012;77.49;77.49;77.49;77.49;;;-0.06%
04/01/2012;77.5;77.5;77.5;77.5;;;0.01%
05/01/2012;77.5;77.5;77.5;77.5;;;0.00%
06/01/2012;78.03;78.03;78.03;78.03;;;0.68%
09/01/2012;77.36;77.36;77.36;77.36;;;-0.86%
10/01/2012;77.31;77.31;77.31;77.31;;;-0.06%
11/01/2012;77.67;77.67;77.67;77.67;;;0.47%
12/01/2012;77.67;77.67;77.67;77.67;;;0.00%
13/01/2012;77.87;77.87;77.87;77.87;;;0.26%
16/01/2012;77.86;77.86;77.86;77.86;;;-0.01%
17/01/2012;77.86;77.86;77.86;77.86;;;0.00%
18/01/2012;78.03;78.03;78.03;78.03;;;0.22%
19/01/2012;77.91;77.91;77.91;77.91;;;-0.15%
20/01/2012;77.91;77.91;77.91;77.91;;;0.00%
23/01/2012;78;78;78;78;;;0.12%
24/01/2012;77.2;77.2;77.2;77.2;;;-1.03%
25/01/2012;77.11;77.11;77.11;77.11;;;-0.12%
26/01/2012;78.36;78.36;78.36;78.36;;;1.62%
27/01/2012;78.4;78.4;78.4;78.4;;;0.05%
30/01/2012;78.37;78.37;78.37;78.37;;;-0.04%
31/01/2012;78.37;78.37;78.37;78.37;;;0.00%
01/02/2012;78.38;78.38;78.38;78.38;;;0.01%
02/02/2012;77.96;77.96;77.96;77.96;;;-0.54%
03/02/2012;77.92;77.92;77.92;77.92;;;-0.05%
06/02/2012;77.94;77.94;77.94;77.94;;;0.03%
07/02/2012;77.83;77.83;77.83;77.83;;;-0.14%
08/02/2012;77.74;77.74;77.74;77.74;;;-0.12%
09/02/2012;77.74;77.74;77.74;77.74;;;0.00%
10/02/2012;77.72;77.72;77.72;77.72;;;-0.03%
14/02/2012;78.09;78.09;78.09;78.09;;;0.48%
15/02/2012;78.16;78.16;78.16;78.16;;;0.09%
16/02/2012;78.16;78.16;78.16;78.16;;;0.00%
17/02/2012;78.16;78.16;78.16;78.16;;;0.00%
20/02/2012;78.07;78.07;78.07;78.07;;;-0.12%
21/02/2012;78.07;78.07;78.07;78.07;;;0.00%
22/02/2012;77.8;77.8;77.8;77.8;;;-0.35%
23/02/2012;77.73;77.73;77.73;77.73;;;-0.09%
24/02/2012;77.77;77.77;77.77;77.77;;;0.05%
27/02/2012;77.96;77.96;77.96;77.96;;;0.24%
28/02/2012;77.91;77.91;77.91;77.91;;;-0.06%
29/02/2012;77.96;77.96;77.96;77.96;;;0.06%
01/03/2012;78.18;78.18;78.18;78.18;;;0.28%
02/03/2012;78.23;78.23;78.23;78.23;;;0.06%
05/03/2012;77.97;77.97;77.97;77.97;;;-0.33%
06/03/2012;78.4;78.4;78.4;78.4;;;0.55%
07/03/2012;79.06;79.06;79.06;79.06;;;0.84%
08/03/2012;79.93;79.93;79.93;79.93;;;1.10%
09/03/2012;80.93;80.93;80.93;80.93;;;1.25%
12/03/2012;80.93;80.93;80.93;80.93;;;0.00%
13/03/2012;81.71;81.71;81.71;81.71;;;0.96%
14/03/2012;80.99;80.99;80.99;80.99;;;-0.88%
15/03/2012;83.09;83.09;83.09;83.09;;;2.59%
16/03/2012;83.09;83.09;83.09;83.09;;;0.00%
19/03/2012;83.11;83.11;83.11;83.11;;;0.02%
20/03/2012;83.08;83.08;83.08;83.08;;;-0.04%
21/03/2012;83.08;83.08;83.08;83.08;;;0.00%
22/03/2012;83.11;83.11;83.11;83.11;;;0.04%
23/03/2012;83.13;83.13;83.13;83.13;;;0.02%
26/03/2012;83.13;83.13;83.13;83.13;;;0.00%
27/03/2012;83.87;83.87;83.87;83.87;;;0.89%
28/03/2012;83.92;83.92;83.92;83.92;;;0.06%
29/03/2012;83.27;83.27;83.27;83.27;;;-0.77%
30/03/2012;83.35;83.35;83.35;83.35;;;0.10%
02/04/2012;83.47;83.47;83.47;83.47;;;0.14%
03/04/2012;83.39;83.39;83.39;83.39;;;-0.10%
04/04/2012;83.37;83.37;83.37;83.37;;;-0.02%
05/04/2012;83.31;83.31;83.31;83.31;;;-0.07%
06/04/2012;82.35;82.35;82.35;82.35;;;-1.15%
10/04/2012;82.82;82.82;82.82;82.82;;;0.57%
11/04/2012;82.65;82.65;82.65;82.65;;;-0.21%
12/04/2012;82.65;82.65;82.65;82.65;;;0.00%
13/04/2012;82.66;82.66;82.66;82.66;;;0.01%
16/04/2012;82.83;82.83;82.83;82.83;;;0.21%
17/04/2012;82.83;82.83;82.83;82.83;;;0.00%
18/04/2012;82.7;82.7;82.7;82.7;;;-0.16%
19/04/2012;82.7;82.7;82.7;82.7;;;0.00%
20/04/2012;82.62;82.62;82.62;82.62;;;-0.10%
23/04/2012;82.02;82.02;82.02;82.02;;;-0.73%
24/04/2012;81.3;81.3;81.3;81.3;;;-0.88%
25/04/2012;81.24;81.24;81.24;81.24;;;-0.07%
26/04/2012;81.16;81.16;81.16;81.16;;;-0.10%
27/04/2012;80.69;80.69;80.69;80.69;;;-0.58%
30/04/2012;80.77;80.77;80.77;80.77;;;0.10%
02/05/2012;80.77;80.77;80.77;80.77;;;0.00%
03/05/2012;80.75;80.75;80.75;80.75;;;-0.02%
04/05/2012;80.61;80.61;80.61;80.61;;;-0.17%
07/05/2012;80.07;80.07;80.07;80.07;;;-0.67%
08/05/2012;80.14;80.14;80.14;80.14;;;0.09%
09/05/2012;80.14;80.14;80.14;80.14;;;0.00%
10/05/2012;80.29;80.29;80.29;80.29;;;0.19%
11/05/2012;80.29;80.29;80.29;80.29;;;0.00%
14/05/2012;80.94;80.94;80.94;80.94;;;0.81%
15/05/2012;81.06;81.06;81.06;81.06;;;0.15%
16/05/2012;81.06;81.06;81.06;81.06;;;0.00%
18/05/2012;81.06;81.06;81.06;81.06;;;0.00%
21/05/2012;81.06;81.06;81.06;81.06;;;0.00%
22/05/2012;81.36;81.36;81.36;81.36;;;0.37%
23/05/2012;81.36;81.36;81.36;81.36;;;0.00%
24/05/2012;81.34;81.34;81.34;81.34;;;-0.02%
25/05/2012;81.34;81.34;81.34;81.34;;;0.00%
29/05/2012;81.34;81.34;81.34;81.34;;;0.00%
30/05/2012;81.34;81.34;81.34;81.34;;;0.00%
31/05/2012;81.34;81.34;81.34;81.34;;;0.00%
01/06/2012;81.43;81.43;81.43;81.43;;;0.11%
04/06/2012;81.36;81.36;81.36;81.36;;;-0.09%
05/06/2012;81.3;81.3;81.3;81.3;;;-0.07%
06/06/2012;81.3;81.3;81.3;81.3;;;0.00%
07/06/2012;81.37;81.37;81.37;81.37;;;0.09%
08/06/2012;81.51;81.51;81.51;81.51;;;0.17%
11/06/2012;81.47;81.47;81.47;81.47;;;-0.05%
12/06/2012;81.48;81.48;81.48;81.48;;;0.01%
13/06/2012;81.58;81.58;81.58;81.58;;;0.12%
14/06/2012;81.82;81.82;81.82;81.82;;;0.29%
15/06/2012;81.09;81.09;81.09;81.09;;;-0.89%
18/06/2012;81.66;81.66;81.66;81.66;;;0.70%
19/06/2012;81.59;81.59;81.59;81.59;;;-0.09%
20/06/2012;81.21;81.21;81.21;81.21;;;-0.47%
21/06/2012;81.42;81.42;81.42;81.42;;;0.26%
22/06/2012;81.42;81.42;81.42;81.42;;;0.00%
25/06/2012;81.45;81.45;81.45;81.45;;;0.04%
26/06/2012;81.39;81.39;81.39;81.39;;;-0.07%
27/06/2012;81.31;81.31;81.31;81.31;;;-0.10%
28/06/2012;81.41;81.41;81.41;81.41;;;0.12%
29/06/2012;81.48;81.48;81.48;81.48;;;0.09%
02/07/2012;81.55;81.55;81.55;81.55;;;0.09%
03/07/2012;82.11;82.11;82.11;82.11;;;0.69%
04/07/2012;82.78;82.78;82.78;82.78;;;0.82%
05/07/2012;82.14;82.14;82.14;82.14;;;-0.77%
06/07/2012;82.43;82.43;82.43;82.43;;;0.35%
09/07/2012;82.58;82.58;82.58;82.58;;;0.18%
10/07/2012;83.04;83.04;83.04;83.04;;;0.56%
11/07/2012;83.64;83.64;83.64;83.64;;;0.72%
12/07/2012;84.43;84.43;84.43;84.43;;;0.94%
13/07/2012;84.53;84.53;84.53;84.53;;;0.12%
16/07/2012;84.71;84.71;84.71;84.71;;;0.21%
17/07/2012;84.53;84.53;84.53;84.53;;;-0.21%
18/07/2012;84.39;84.39;84.39;84.39;;;-0.17%
19/07/2012;83.65;83.65;83.65;83.65;;;-0.88%
20/07/2012;83.53;83.53;83.53;83.53;;;-0.14%
23/07/2012;83.53;83.53;83.53;83.53;;;0.00%
24/07/2012;83.42;83.42;83.42;83.42;;;-0.13%
25/07/2012;83.42;83.42;83.42;83.42;;;0.00%
26/07/2012;83.47;83.47;83.47;83.47;;;0.06%
27/07/2012;83.48;83.48;83.48;83.48;;;0.01%
30/07/2012;83.36;83.36;83.36;83.36;;;-0.14%
31/07/2012;83.57;83.57;83.57;83.57;;;0.25%
01/08/2012;84.43;84.43;84.43;84.43;;;1.03%
02/08/2012;83.71;83.71;83.71;83.71;;;-0.85%
03/08/2012;83.92;83.92;83.92;83.92;;;0.25%
08/08/2012;84.13;84.13;84.13;84.13;;;0.25%
09/08/2012;84.85;84.85;84.85;84.85;;;0.86%
10/08/2012;85.12;85.12;85.12;85.12;;;0.32%
13/08/2012;84.95;84.95;84.95;84.95;;;-0.20%
14/08/2012;85.51;85.51;85.51;85.51;;;0.66%
16/08/2012;85.12;85.12;85.12;85.12;;;-0.46%
17/08/2012;83.14;83.14;83.14;83.14;;;-2.33%
21/08/2012;83.33;83.33;83.33;83.33;;;0.23%
22/08/2012;83.37;83.37;83.37;83.37;;;0.05%
23/08/2012;84.01;84.01;84.01;84.01;;;0.77%
24/08/2012;83.92;83.92;83.92;83.92;;;-0.11%
27/08/2012;84.05;84.05;84.05;84.05;;;0.15%
28/08/2012;84.13;84.13;84.13;84.13;;;0.10%
29/08/2012;84.52;84.52;84.52;84.52;;;0.46%
30/08/2012;84.52;84.52;84.52;84.52;;;0.00%
31/08/2012;84.54;84.54;84.54;84.54;;;0.02%
03/09/2012;83.77;83.77;83.77;83.77;;;-0.91%
04/09/2012;84.72;84.72;84.72;84.72;;;1.13%
05/09/2012;84.55;84.55;84.55;84.55;;;-0.20%
06/09/2012;84.64;84.64;84.64;84.64;;;0.11%
07/09/2012;84.86;84.86;84.86;84.86;;;0.26%
10/09/2012;84.97;84.97;84.97;84.97;;;0.13%
11/09/2012;85.09;85.09;85.09;85.09;;;0.14%
12/09/2012;84.66;84.66;84.66;84.66;;;-0.51%
13/09/2012;84.58;84.58;84.58;84.58;;;-0.09%
14/09/2012;84.58;84.58;84.58;84.58;;;0.00%
17/09/2012;84.69;84.69;84.69;84.69;;;0.13%
18/09/2012;84.84;84.84;84.84;84.84;;;0.18%
19/09/2012;84.9;84.9;84.9;84.9;;;0.07%
20/09/2012;84.02;84.02;84.02;84.02;;;-1.04%
21/09/2012;84.16;84.16;84.16;84.16;;;0.17%
24/09/2012;84.47;84.47;84.47;84.47;;;0.37%
25/09/2012;84.23;84.23;84.23;84.23;;;-0.28%
26/09/2012;84.33;84.33;84.33;84.33;;;0.12%
27/09/2012;84.2;84.2;84.2;84.2;;;-0.15%
28/09/2012;85.33;85.33;85.33;85.33;;;1.34%
01/10/2012;85.33;85.33;85.33;85.33;;;0.00%
02/10/2012;85.33;85.33;85.33;85.33;;;0.00%
03/10/2012;85.35;85.35;85.35;85.35;;;0.02%
04/10/2012;84.91;84.91;84.91;84.91;;;-0.52%
05/10/2012;85.55;85.55;85.55;85.55;;;0.75%
08/10/2012;85.56;85.56;85.56;85.56;;;0.01%
09/10/2012;85.42;85.42;85.42;85.42;;;-0.16%
10/10/2012;85.22;85.22;85.22;85.22;;;-0.23%
11/10/2012;85.2;85.2;85.2;85.2;;;-0.02%
12/10/2012;85.86;85.86;85.86;85.86;;;0.77%
15/10/2012;88.16;88.16;88.16;88.16;;;2.68%
16/10/2012;88.16;88.16;88.16;88.16;;;0.00%
17/10/2012;88.21;88.21;88.21;88.21;;;0.06%
18/10/2012;88.52;88.52;88.52;88.52;;;0.35%
19/10/2012;88.86;88.86;88.86;88.86;;;0.38%
22/10/2012;88.99;88.99;88.99;88.99;;;0.15%
23/10/2012;88.42;88.42;88.42;88.42;;;-0.64%
24/10/2012;88.81;88.81;88.81;88.81;;;0.44%
25/10/2012;87.12;87.12;87.12;87.12;;;-1.90%
29/10/2012;87.33;87.33;87.33;87.33;;;0.24%
30/10/2012;87.05;87.05;87.05;87.05;;;-0.32%
31/10/2012;87.63;87.63;87.63;87.63;;;0.67%
02/11/2012;87.63;87.63;87.63;87.63;;;0.00%
05/11/2012;87.82;87.82;87.82;87.82;;;0.22%
06/11/2012;88.03;88.03;88.03;88.03;;;0.24%
07/11/2012;87.6;87.6;87.6;87.6;;;-0.49%
08/11/2012;88.19;88.19;88.19;88.19;;;0.67%
09/11/2012;88.91;88.91;88.91;88.91;;;0.82%
12/11/2012;89.84;89.84;89.84;89.84;;;1.05%
13/11/2012;90.77;90.77;90.77;90.77;;;1.04%
14/11/2012;94.41;94.41;94.41;94.41;;;4.01%
16/11/2012;98.74;98.74;98.74;98.74;;;4.59%
19/11/2012;97.41;97.41;97.41;97.41;;;-1.35%
20/11/2012;98.16;98.16;98.16;98.16;;;0.77%
21/11/2012;96.73;96.73;96.73;96.73;;;-1.46%
22/11/2012;96.68;96.68;96.68;96.68;;;-0.05%
23/11/2012;97.13;97.13;97.13;97.13;;;0.47%
26/11/2012;97.22;97.22;97.22;97.22;;;0.09%
27/11/2012;97.22;97.22;97.22;97.22;;;0.00%
28/11/2012;94.15;94.15;94.15;94.15;;;-3.16%
29/11/2012;93.76;93.76;93.76;93.76;;;-0.41%
30/11/2012;93.47;93.47;93.47;93.47;;;-0.31%
03/12/2012;93.4;93.4;93.4;93.4;;;-0.07%
04/12/2012;93.93;93.93;93.93;93.93;;;0.57%
05/12/2012;94.06;94.06;94.06;94.06;;;0.14%
06/12/2012;93.52;93.52;93.52;93.52;;;-0.57%
07/12/2012;93.15;93.15;93.15;93.15;;;-0.40%
10/12/2012;92.28;92.28;92.28;92.28;;;-0.93%
11/12/2012;92.09;92.09;92.09;92.09;;;-0.21%
12/12/2012;92.42;92.42;92.42;92.42;;;0.36%
13/12/2012;92.59;92.59;92.59;92.59;;;0.18%
14/12/2012;93.41;93.41;93.41;93.41;;;0.89%
17/12/2012;93.33;93.33;93.33;93.33;;;-0.09%
18/12/2012;93.18;93.18;93.18;93.18;;;-0.16%
19/12/2012;93.18;93.18;93.18;93.18;;;0.00%
20/12/2012;92.98;92.98;92.98;92.98;;;-0.21%
21/12/2012;93.42;93.42;93.42;93.42;;;0.47%
24/12/2012;93.52;93.52;93.52;93.52;;;0.11%
26/12/2012;92.65;92.65;92.65;92.65;;;-0.93%
27/12/2012;92.38;92.38;92.38;92.38;;;-0.29%
28/12/2012;94.53;94.53;94.53;94.53;;;2.33%
31/12/2012;94.64;94.64;94.64;94.64;;;0.12%
02/01/2013;94.72;94.72;94.72;94.72;;;0.08%
03/01/2013;94.68;94.68;94.68;94.68;;;-0.04%
04/01/2013;94.78;94.78;94.78;94.78;;;0.11%
07/01/2013;94.96;94.96;94.96;94.96;;;0.19%
08/01/2013;94.72;94.72;94.72;94.72;;;-0.25%
09/01/2013;94.24;94.24;94.24;94.24;;;-0.51%
10/01/2013;94.34;94.34;94.34;94.34;;;0.11%
11/01/2013;97.2;97.2;97.2;97.2;;;3.03%
14/01/2013;98.18;98.18;98.18;98.18;;;1.01%
15/01/2013;98.26;98.26;98.26;98.26;;;0.08%
16/01/2013;98.72;98.72;98.72;98.72;;;0.47%
17/01/2013;99.82;99.82;99.82;99.82;;;1.11%
18/01/2013;100.3;100.3;100.3;100.3;;;0.48%
21/01/2013;99.73;99.73;99.73;99.73;;;-0.57%
22/01/2013;100.42;100.42;100.42;100.42;;;0.69%
23/01/2013;100.54;100.54;100.54;100.54;;;0.12%
25/01/2013;100.67;100.67;100.67;100.67;;;0.13%
28/01/2013;100.41;100.41;100.41;100.41;;;-0.26%
29/01/2013;101.5;101.5;101.5;101.5;;;1.09%
30/01/2013;101.5;101.5;101.5;101.5;;;0.00%
31/01/2013;101.42;101.42;101.42;101.42;;;-0.08%
01/02/2013;101.63;101.63;101.63;101.63;;;0.21%
04/02/2013;101.7;101.7;101.7;101.7;;;0.07%
05/02/2013;101.7;101.7;101.7;101.7;;;0.00%
06/02/2013;101.74;101.74;101.74;101.74;;;0.04%
07/02/2013;102.42;102.42;102.42;102.42;;;0.67%
08/02/2013;102.81;102.81;102.81;102.81;;;0.38%
11/02/2013;102.76;102.76;102.76;102.76;;;-0.05%
12/02/2013;104.18;104.18;104.18;104.18;;;1.38%
13/02/2013;105.06;105.06;105.06;105.06;;;0.84%
14/02/2013;103.73;103.73;103.73;103.73;;;-1.27%
15/02/2013;104.63;104.63;104.63;104.63;;;0.87%
18/02/2013;105.31;105.31;105.31;105.31;;;0.65%
19/02/2013;105.31;105.31;105.31;105.31;;;0.00%
20/02/2013;105.38;105.38;105.38;105.38;;;0.07%
21/02/2013;105.04;105.04;105.04;105.04;;;-0.32%
22/02/2013;105.18;105.18;105.18;105.18;;;0.13%
25/02/2013;103.82;103.82;103.82;103.82;;;-1.29%
26/02/2013;105.56;105.56;105.56;105.56;;;1.68%
27/02/2013;105.85;105.85;105.85;105.85;;;0.27%
28/02/2013;106.31;106.31;106.31;106.31;;;0.43%
01/03/2013;105.43;105.43;105.43;105.43;;;-0.83%
04/03/2013;104.6;104.6;104.6;104.6;;;-0.79%
05/03/2013;106.03;106.03;106.03;106.03;;;1.37%
06/03/2013;105.91;105.91;105.91;105.91;;;-0.11%
07/03/2013;105.44;105.44;105.44;105.44;;;-0.44%
08/03/2013;105.06;105.06;105.06;105.06;;;-0.36%
11/03/2013;104.47;104.47;104.47;104.47;;;-0.56%
12/03/2013;103.14;103.14;103.14;103.14;;;-1.27%
13/03/2013;101.68;101.68;101.68;101.68;;;-1.42%
14/03/2013;101.28;101.28;101.28;101.28;;;-0.39%
15/03/2013;101.75;101.75;101.75;101.75;;;0.46%
18/03/2013;103.09;103.09;103.09;103.09;;;1.32%
19/03/2013;103.23;103.23;103.23;103.23;;;0.14%
20/03/2013;103.23;103.23;103.23;103.23;;;0.00%
21/03/2013;102.42;102.42;102.42;102.42;;;-0.78%
22/03/2013;102.41;102.41;102.41;102.41;;;-0.01%
25/03/2013;102.5;102.5;102.5;102.5;;;0.09%
26/03/2013;102.57;102.57;102.57;102.57;;;0.07%
27/03/2013;102.6;102.6;102.6;102.6;;;0.03%
28/03/2013;102.64;102.64;102.64;102.64;;;0.04%
29/03/2013;104.02;104.02;104.02;104.02;;;1.34%
02/04/2013;105;105;105;105;;;0.94%
03/04/2013;104.66;104.66;104.66;104.66;;;-0.32%
04/04/2013;104.66;104.66;104.66;104.66;;;0.00%
05/04/2013;105.45;105.45;105.45;105.45;;;0.75%
08/04/2013;105.37;105.37;105.37;105.37;;;-0.08%
09/04/2013;106.14;106.14;106.14;106.14;;;0.73%
10/04/2013;106.35;106.35;106.35;106.35;;;0.20%
11/04/2013;106.36;106.36;106.36;106.36;;;0.01%
12/04/2013;106.23;106.23;106.23;106.23;;;-0.12%
15/04/2013;106.32;106.32;106.32;106.32;;;0.08%
16/04/2013;106.66;106.66;106.66;106.66;;;0.32%
17/04/2013;106.94;106.94;106.94;106.94;;;0.26%
18/04/2013;106.49;106.49;106.49;106.49;;;-0.42%
19/04/2013;107.52;107.52;107.52;107.52;;;0.97%
22/04/2013;107.52;107.52;107.52;107.52;;;0.00%
23/04/2013;107.52;107.52;107.52;107.52;;;0.00%
24/04/2013;107.52;107.52;107.52;107.52;;;0.00%
25/04/2013;107.52;107.52;107.52;107.52;;;0.00%
26/04/2013;107.54;107.54;107.54;107.54;;;0.02%
29/04/2013;107.17;107.17;107.17;107.17;;;-0.34%
30/04/2013;106.89;106.89;106.89;106.89;;;-0.26%
02/05/2013;106.89;106.89;106.89;106.89;;;0.00%
03/05/2013;106.95;106.95;106.95;106.95;;;0.06%
06/05/2013;107.1;107.1;107.1;107.1;;;0.14%
07/05/2013;107.09;107.09;107.09;107.09;;;-0.01%
08/05/2013;107.23;107.23;107.23;107.23;;;0.13%
10/05/2013;107.23;107.23;107.23;107.23;;;0.00%
13/05/2013;106.96;106.96;106.96;106.96;;;-0.25%
14/05/2013;107.22;107.22;107.22;107.22;;;0.24%
15/05/2013;105.76;105.76;105.76;105.76;;;-1.36%
16/05/2013;104.48;104.48;104.48;104.48;;;-1.21%
17/05/2013;105.94;105.94;105.94;105.94;;;1.40%
21/05/2013;106.31;106.31;106.31;106.31;;;0.35%
22/05/2013;107.33;107.33;107.33;107.33;;;0.96%
23/05/2013;107.54;107.54;107.54;107.54;;;0.20%
24/05/2013;107.82;107.82;107.82;107.82;;;0.26%
27/05/2013;108;108;108;108;;;0.17%
28/05/2013;111.32;111.32;111.32;111.32;;;3.07%
29/05/2013;111.81;111.81;111.81;111.81;;;0.44%
30/05/2013;113.32;113.32;113.32;113.32;;;1.35%
31/05/2013;113.15;113.15;113.15;113.15;;;-0.15%
03/06/2013;113.18;113.18;113.18;113.18;;;0.03%
04/06/2013;112.16;112.16;112.16;112.16;;;-0.90%
05/06/2013;112.16;112.16;112.16;112.16;;;0.00%
06/06/2013;110.91;110.91;110.91;110.91;;;-1.11%
07/06/2013;110.81;110.81;110.81;110.81;;;-0.09%
10/06/2013;111.68;111.68;111.68;111.68;;;0.79%
11/06/2013;112.33;112.33;112.33;112.33;;;0.58%
12/06/2013;112.25;112.25;112.25;112.25;;;-0.07%
13/06/2013;112.36;112.36;112.36;112.36;;;0.10%
14/06/2013;112.36;112.36;112.36;112.36;;;0.00%
17/06/2013;112.36;112.36;112.36;112.36;;;0.00%
18/06/2013;112.34;112.34;112.34;112.34;;;-0.02%
19/06/2013;112.28;112.28;112.28;112.28;;;-0.05%
20/06/2013;111.62;111.62;111.62;111.62;;;-0.59%
21/06/2013;111.83;111.83;111.83;111.83;;;0.19%
24/06/2013;114.41;114.41;114.41;114.41;;;2.31%
25/06/2013;114.55;114.55;114.55;114.55;;;0.12%
26/06/2013;114.41;114.41;114.41;114.41;;;-0.12%
27/06/2013;114.41;114.41;114.41;114.41;;;0.00%
28/06/2013;113.78;113.78;113.78;113.78;;;-0.55%
01/07/2013;115.21;115.21;115.21;115.21;;;1.26%
02/07/2013;114.62;114.62;114.62;114.62;;;-0.51%
03/07/2013;114.4;114.4;114.4;114.4;;;-0.19%
04/07/2013;113.75;113.75;113.75;113.75;;;-0.57%
05/07/2013;114.75;114.75;114.75;114.75;;;0.88%
08/07/2013;115.12;115.12;115.12;115.12;;;0.32%
09/07/2013;115.12;115.12;115.12;115.12;;;0.00%
10/07/2013;115.25;115.25;115.25;115.25;;;0.11%
11/07/2013;114.74;114.74;114.74;114.74;;;-0.44%
12/07/2013;114.51;114.51;114.51;114.51;;;-0.20%
15/07/2013;114.46;114.46;114.46;114.46;;;-0.04%
16/07/2013;114.78;114.78;114.78;114.78;;;0.28%
17/07/2013;114.78;114.78;114.78;114.78;;;0.00%
18/07/2013;114.43;114.43;114.43;114.43;;;-0.30%
19/07/2013;114.55;114.55;114.55;114.55;;;0.10%
22/07/2013;114.48;114.48;114.48;114.48;;;-0.06%
23/07/2013;114.09;114.09;114.09;114.09;;;-0.34%
24/07/2013;114.61;114.61;114.61;114.61;;;0.46%
25/07/2013;114.97;114.97;114.97;114.97;;;0.31%
26/07/2013;114.47;114.47;114.47;114.47;;;-0.43%
29/07/2013;114.76;114.76;114.76;114.76;;;0.25%
30/07/2013;114.11;114.11;114.11;114.11;;;-0.57%
31/07/2013;114.3;114.3;114.3;114.3;;;0.17%
01/08/2013;114.67;114.67;114.67;114.67;;;0.32%
02/08/2013;114.33;114.33;114.33;114.33;;;-0.30%
05/08/2013;115.16;115.16;115.16;115.16;;;0.73%
06/08/2013;114.8;114.8;114.8;114.8;;;-0.31%
09/08/2013;114.94;114.94;114.94;114.94;;;0.12%
12/08/2013;114.93;114.93;114.93;114.93;;;-0.01%
13/08/2013;114.86;114.86;114.86;114.86;;;-0.06%
14/08/2013;113.21;113.21;113.21;113.21;;;-1.44%
16/08/2013;113.35;113.35;113.35;113.35;;;0.12%
19/08/2013;113.76;113.76;113.76;113.76;;;0.36%
20/08/2013;113.76;113.76;113.76;113.76;;;0.00%
21/08/2013;113.74;113.74;113.74;113.74;;;-0.02%
22/08/2013;113.76;113.76;113.76;113.76;;;0.02%
23/08/2013;111.92;111.92;111.92;111.92;;;-1.62%
26/08/2013;113.14;113.14;113.14;113.14;;;1.09%
27/08/2013;113.14;113.14;113.14;113.14;;;0.00%
28/08/2013;112.74;112.74;112.74;112.74;;;-0.35%
29/08/2013;112.01;112.01;112.01;112.01;;;-0.65%
30/08/2013;113.68;113.68;113.68;113.68;;;1.49%
02/09/2013;117.33;117.33;117.33;117.33;;;3.21%
03/09/2013;120.84;120.84;120.84;120.84;;;2.99%
04/09/2013;120.84;120.84;120.84;120.84;;;0.00%
05/09/2013;120.83;120.83;120.83;120.83;;;-0.01%
06/09/2013;119.93;119.93;119.93;119.93;;;-0.74%
09/09/2013;119.96;119.96;119.96;119.96;;;0.03%
10/09/2013;120.95;120.95;120.95;120.95;;;0.83%
11/09/2013;121.1;121.1;121.1;121.1;;;0.12%
12/09/2013;121.13;121.13;121.13;121.13;;;0.02%
13/09/2013;121.16;121.16;121.16;121.16;;;0.02%
16/09/2013;120.79;120.79;120.79;120.79;;;-0.31%
17/09/2013;120.04;120.04;120.04;120.04;;;-0.62%
18/09/2013;118.48;118.48;118.48;118.48;;;-1.30%
19/09/2013;118.56;118.56;118.56;118.56;;;0.07%
20/09/2013;118.75;118.75;118.75;118.75;;;0.16%
23/09/2013;118.79;118.79;118.79;118.79;;;0.03%
24/09/2013;122.94;122.94;122.94;122.94;;;3.49%
25/09/2013;123.11;123.11;123.11;123.11;;;0.14%
26/09/2013;123.19;123.19;123.19;123.19;;;0.06%
27/09/2013;123.2;123.2;123.2;123.2;;;0.01%
30/09/2013;122.98;122.98;122.98;122.98;;;-0.18%
01/10/2013;122.6;122.6;122.6;122.6;;;-0.31%
02/10/2013;123.3;123.3;123.3;123.3;;;0.57%
03/10/2013;124.79;124.79;124.79;124.79;;;1.21%
04/10/2013;123.94;123.94;123.94;123.94;;;-0.68%
07/10/2013;124.43;124.43;124.43;124.43;;;0.40%
08/10/2013;123.97;123.97;123.97;123.97;;;-0.37%
09/10/2013;124.17;124.17;124.17;124.17;;;0.16%
10/10/2013;124;124;124;124;;;-0.14%
11/10/2013;127.26;127.26;127.26;127.26;;;2.63%
14/10/2013;127.34;127.34;127.34;127.34;;;0.06%
16/10/2013;128.24;128.24;128.24;128.24;;;0.71%
17/10/2013;128.57;128.57;128.57;128.57;;;0.26%
18/10/2013;126.74;126.74;126.74;126.74;;;-1.42%
21/10/2013;126.92;126.92;126.92;126.92;;;0.14%
22/10/2013;127.86;127.86;127.86;127.86;;;0.74%
23/10/2013;127.47;127.47;127.47;127.47;;;-0.31%
24/10/2013;127.88;127.88;127.88;127.88;;;0.32%
25/10/2013;127.5;127.5;127.5;127.5;;;-0.30%
28/10/2013;127.42;127.42;127.42;127.42;;;-0.06%
29/10/2013;127.54;127.54;127.54;127.54;;;0.09%
30/10/2013;127.29;127.29;127.29;127.29;;;-0.20%
31/10/2013;127.57;127.57;127.57;127.57;;;0.22%
04/11/2013;127.44;127.44;127.44;127.44;;;-0.10%
05/11/2013;127.76;127.76;127.76;127.76;;;0.25%
06/11/2013;128.02;128.02;128.02;128.02;;;0.20%
07/11/2013;128.17;128.17;128.17;128.17;;;0.12%
08/11/2013;128.13;128.13;128.13;128.13;;;-0.03%
11/11/2013;128.09;128.09;128.09;128.09;;;-0.03%
12/11/2013;128.84;128.84;128.84;128.84;;;0.59%
13/11/2013;130.6;130.6;130.6;130.6;;;1.37%
14/11/2013;131.06;131.06;131.06;131.06;;;0.35%
18/11/2013;131.68;131.68;131.68;131.68;;;0.47%
19/11/2013;132.72;132.72;132.72;132.72;;;0.79%
20/11/2013;133.84;133.84;133.84;133.84;;;0.84%
21/11/2013;133.91;133.91;133.91;133.91;;;0.05%
22/11/2013;134.46;134.46;134.46;134.46;;;0.41%
25/11/2013;135.55;135.55;135.55;135.55;;;0.81%
26/11/2013;135.69;135.69;135.69;135.69;;;0.10%
27/11/2013;135.77;135.77;135.77;135.77;;;0.06%
28/11/2013;135.82;135.82;135.82;135.82;;;0.04%
29/11/2013;136.67;136.67;136.67;136.67;;;0.63%
02/12/2013;138.21;138.21;138.21;138.21;;;1.13%
03/12/2013;136.93;136.93;136.93;136.93;;;-0.93%
04/12/2013;138.17;138.17;138.17;138.17;;;0.91%
05/12/2013;138.13;138.13;138.13;138.13;;;-0.03%
06/12/2013;138.17;138.17;138.17;138.17;;;0.03%
09/12/2013;138.49;138.49;138.49;138.49;;;0.23%
10/12/2013;137.92;137.92;137.92;137.92;;;-0.41%
11/12/2013;138.97;138.97;138.97;138.97;;;0.76%
12/12/2013;139.94;139.94;139.94;139.94;;;0.70%
13/12/2013;140.95;140.95;140.95;140.95;;;0.72%
16/12/2013;141.96;141.96;141.96;141.96;;;0.72%
17/12/2013;141.74;141.74;141.74;141.74;;;-0.15%
18/12/2013;142.43;142.43;142.43;142.43;;;0.49%
19/12/2013;142.51;142.51;142.51;142.51;;;0.06%
20/12/2013;142.92;142.92;142.92;142.92;;;0.29%
23/12/2013;143.28;143.28;143.28;143.28;;;0.25%
24/12/2013;143.72;143.72;143.72;143.72;;;0.31%
26/12/2013;146.36;146.36;146.36;146.36;;;1.84%
27/12/2013;146.72;146.72;146.72;146.72;;;0.25%
30/12/2013;146.99;146.99;146.99;146.99;;;0.18%
31/12/2013;147.38;147.38;147.38;147.38;;;0.27%
02/01/2014;147.23;147.23;147.23;147.23;;;-0.10%
03/01/2014;147.43;147.43;147.43;147.43;;;0.14%
06/01/2014;147.4;147.4;147.4;147.4;;;-0.02%
07/01/2014;147.5;147.5;147.5;147.5;;;0.07%
08/01/2014;148.72;148.72;148.72;148.72;;;0.83%
09/01/2014;147.05;147.05;147.05;147.05;;;-1.12%
10/01/2014;145.66;145.66;145.66;145.66;;;-0.95%
14/01/2014;148.1;148.1;148.1;148.1;;;1.68%
15/01/2014;149.28;149.28;149.28;149.28;;;0.80%
16/01/2014;149.47;149.47;149.47;149.47;;;0.13%
17/01/2014;149.88;149.88;149.88;149.88;;;0.27%
20/01/2014;151.04;151.04;151.04;151.04;;;0.77%
21/01/2014;152.07;152.07;152.07;152.07;;;0.68%
22/01/2014;152.43;152.43;152.43;152.43;;;0.24%
23/01/2014;153.79;153.79;153.79;153.79;;;0.89%
24/01/2014;154.69;154.69;154.69;154.69;;;0.59%
27/01/2014;154.1;154.1;154.1;154.1;;;-0.38%
28/01/2014;153.85;153.85;153.85;153.85;;;-0.16%
29/01/2014;154.3;154.3;154.3;154.3;;;0.29%
30/01/2014;154.45;154.45;154.45;154.45;;;0.10%
31/01/2014;154.7;154.7;154.7;154.7;;;0.16%
03/02/2014;153.48;153.48;153.48;153.48;;;-0.79%
04/02/2014;154.05;154.05;154.05;154.05;;;0.37%
05/02/2014;154.58;154.58;154.58;154.58;;;0.34%
06/02/2014;154.9;154.9;154.9;154.9;;;0.21%
07/02/2014;155.81;155.81;155.81;155.81;;;0.59%
10/02/2014;155.33;155.33;155.33;155.33;;;-0.31%
11/02/2014;154.98;154.98;154.98;154.98;;;-0.23%
12/02/2014;154.89;154.89;154.89;154.89;;;-0.06%
13/02/2014;155.8;155.8;155.8;155.8;;;0.59%
14/02/2014;155.83;155.83;155.83;155.83;;;0.02%
17/02/2014;156.38;156.38;156.38;156.38;;;0.35%
18/02/2014;158.24;158.24;158.24;158.24;;;1.19%
19/02/2014;159.07;159.07;159.07;159.07;;;0.52%
20/02/2014;160.44;160.44;160.44;160.44;;;0.86%
21/02/2014;158.97;158.97;158.97;158.97;;;-0.92%
24/02/2014;159.33;159.33;159.33;159.33;;;0.23%
25/02/2014;159.3;159.3;159.3;159.3;;;-0.02%
26/02/2014;159;159;159;159;;;-0.19%
27/02/2014;158.47;158.47;158.47;158.47;;;-0.33%
28/02/2014;159.12;159.12;159.12;159.12;;;0.41%
03/03/2014;158.29;158.29;158.29;158.29;;;-0.52%
04/03/2014;163.42;163.42;163.42;163.42;;;3.24%
05/03/2014;160.69;160.69;160.69;160.69;;;-1.67%
06/03/2014;161;161;161;161;;;0.19%
07/03/2014;160.44;160.44;160.44;160.44;;;-0.35%
10/03/2014;160.79;160.79;160.79;160.79;;;0.22%
11/03/2014;160.7;160.7;160.7;160.7;;;-0.06%
12/03/2014;160.99;160.99;160.99;160.99;;;0.18%
13/03/2014;159.83;159.83;159.83;159.83;;;-0.72%
14/03/2014;159.83;159.83;159.83;159.83;;;0.00%
17/03/2014;161.03;161.03;161.03;161.03;;;0.75%
18/03/2014;161.03;161.03;161.03;161.03;;;0.00%
19/03/2014;160.9;160.9;160.9;160.9;;;-0.08%
20/03/2014;158.45;158.45;158.45;158.45;;;-1.52%
21/03/2014;157.32;157.32;157.32;157.32;;;-0.71%
24/03/2014;156.33;156.33;156.33;156.33;;;-0.63%
25/03/2014;161.25;161.25;161.25;161.25;;;3.15%
26/03/2014;160.13;160.13;160.13;160.13;;;-0.69%
27/03/2014;155.79;155.79;155.79;155.79;;;-2.71%
28/03/2014;160.45;160.45;160.45;160.45;;;2.99%
31/03/2014;159.72;159.72;159.72;159.72;;;-0.45%
01/04/2014;159.78;159.78;159.78;159.78;;;0.04%
02/04/2014;159.77;159.77;159.77;159.77;;;-0.01%
03/04/2014;165.05;165.05;165.05;165.05;;;3.30%
04/04/2014;165.55;165.55;165.55;165.55;;;0.30%
07/04/2014;165.38;165.38;165.38;165.38;;;-0.10%
08/04/2014;165.39;165.39;165.39;165.39;;;0.01%
09/04/2014;165.45;165.45;165.45;165.45;;;0.04%
10/04/2014;165.33;165.33;165.33;165.33;;;-0.07%
11/04/2014;165.02;165.02;165.02;165.02;;;-0.19%
14/04/2014;165.22;165.22;165.22;165.22;;;0.12%
15/04/2014;165.23;165.23;165.23;165.23;;;0.01%
16/04/2014;165;165;165;165;;;-0.14%
17/04/2014;166.33;166.33;166.33;166.33;;;0.81%
18/04/2014;166.85;166.85;166.85;166.85;;;0.31%
22/04/2014;169.78;169.78;169.78;169.78;;;1.76%
23/04/2014;169.74;169.74;169.74;169.74;;;-0.02%
24/04/2014;169.63;169.63;169.63;169.63;;;-0.06%
25/04/2014;169.28;169.28;169.28;169.28;;;-0.21%
28/04/2014;168.58;168.58;168.58;168.58;;;-0.41%
29/04/2014;167.86;167.86;167.86;167.86;;;-0.43%
30/04/2014;167.83;167.83;167.83;167.83;;;-0.02%
02/05/2014;167.65;167.65;167.65;167.65;;;-0.11%
05/05/2014;167.51;167.51;167.51;167.51;;;-0.08%
06/05/2014;166.94;166.94;166.94;166.94;;;-0.34%
07/05/2014;166.78;166.78;166.78;166.78;;;-0.10%
08/05/2014;166.76;166.76;166.76;166.76;;;-0.01%
09/05/2014;166.76;166.76;166.76;166.76;;;0.00%
12/05/2014;167.71;167.71;167.71;167.71;;;0.57%
13/05/2014;167.18;167.18;167.18;167.18;;;-0.32%
14/05/2014;166.57;166.57;166.57;166.57;;;-0.36%
15/05/2014;161.84;161.84;161.84;161.84;;;-2.84%
16/05/2014;166.63;166.63;166.63;166.63;;;2.96%
19/05/2014;165.59;165.59;165.59;165.59;;;-0.62%
20/05/2014;167.01;167.01;167.01;167.01;;;0.86%
21/05/2014;167.7;167.7;167.7;167.7;;;0.41%
22/05/2014;168.39;168.39;168.39;168.39;;;0.41%
23/05/2014;169.14;169.14;169.14;169.14;;;0.45%
26/05/2014;169.26;169.26;169.26;169.26;;;0.07%
27/05/2014;169.11;169.11;169.11;169.11;;;-0.09%
28/05/2014;169.14;169.14;169.14;169.14;;;0.02%
30/05/2014;168.87;168.87;168.87;168.87;;;-0.16%
02/06/2014;170.31;170.31;170.31;170.31;;;0.85%
03/06/2014;169.78;169.78;169.78;169.78;;;-0.31%
04/06/2014;168.65;168.65;168.65;168.65;;;-0.67%
05/06/2014;169.6;169.6;169.6;169.6;;;0.56%
06/06/2014;169.08;169.08;169.08;169.08;;;-0.31%
10/06/2014;168.59;168.59;168.59;168.59;;;-0.29%
11/06/2014;169.76;169.76;169.76;169.76;;;0.69%
12/06/2014;169.37;169.37;169.37;169.37;;;-0.23%
13/06/2014;168.36;168.36;168.36;168.36;;;-0.60%
16/06/2014;169.1;169.1;169.1;169.1;;;0.44%
17/06/2014;169.47;169.47;169.47;169.47;;;0.22%
18/06/2014;169.78;169.78;169.78;169.78;;;0.18%
19/06/2014;169.64;169.64;169.64;169.64;;;-0.08%
20/06/2014;169.18;169.18;169.18;169.18;;;-0.27%
23/06/2014;169.56;169.56;169.56;169.56;;;0.22%
24/06/2014;169.68;169.68;169.68;169.68;;;0.07%
25/06/2014;170.07;170.07;170.07;170.07;;;0.23%
26/06/2014;170.57;170.57;170.57;170.57;;;0.29%
27/06/2014;168.19;168.19;168.19;168.19;;;-1.40%
30/06/2014;168.46;168.46;168.46;168.46;;;0.16%
01/07/2014;168.48;168.48;168.48;168.48;;;0.01%
02/07/2014;166.55;166.55;166.55;166.55;;;-1.15%
03/07/2014;168.16;168.16;168.16;168.16;;;0.97%
04/07/2014;167.94;167.94;167.94;167.94;;;-0.13%
07/07/2014;168.17;168.17;168.17;168.17;;;0.14%
08/07/2014;161.87;161.87;161.87;161.87;;;-3.75%
09/07/2014;161.97;161.97;161.97;161.97;;;0.06%
10/07/2014;163.48;163.48;163.48;163.48;;;0.93%
11/07/2014;162.38;162.38;162.38;162.38;;;-0.67%
14/07/2014;162.84;162.84;162.84;162.84;;;0.28%
15/07/2014;163.58;163.58;163.58;163.58;;;0.45%
16/07/2014;163.04;163.04;163.04;163.04;;;-0.33%
17/07/2014;161.34;161.34;161.34;161.34;;;-1.04%
18/07/2014;159.98;159.98;159.98;159.98;;;-0.84%
21/07/2014;160.35;160.35;160.35;160.35;;;0.23%
22/07/2014;160.42;160.42;160.42;160.42;;;0.04%
23/07/2014;160.34;160.34;160.34;160.34;;;-0.05%
25/07/2014;159.48;159.48;159.48;159.48;;;-0.54%
29/07/2014;159.65;159.65;159.65;159.65;;;0.11%
30/07/2014;162.12;162.12;162.12;162.12;;;1.55%
31/07/2014;161.41;161.41;161.41;161.41;;;-0.44%
01/08/2014;161.71;161.71;161.71;161.71;;;0.19%
04/08/2014;159.96;159.96;159.96;159.96;;;-1.08%
05/08/2014;159.77;159.77;159.77;159.77;;;-0.12%
06/08/2014;158.52;158.52;158.52;158.52;;;-0.78%
08/08/2014;158.39;158.39;158.39;158.39;;;-0.08%
11/08/2014;158.01;158.01;158.01;158.01;;;-0.24%
12/08/2014;157.94;157.94;157.94;157.94;;;-0.04%
13/08/2014;158.1;158.1;158.1;158.1;;;0.10%
14/08/2014;159.07;159.07;159.07;159.07;;;0.61%
18/08/2014;158.74;158.74;158.74;158.74;;;-0.21%
19/08/2014;158.62;158.62;158.62;158.62;;;-0.08%
20/08/2014;160.38;160.38;160.38;160.38;;;1.11%
21/08/2014;159.55;159.55;159.55;159.55;;;-0.52%
22/08/2014;160.34;160.34;160.34;160.34;;;0.50%
25/08/2014;160.59;160.59;160.59;160.59;;;0.16%
26/08/2014;161.58;161.58;161.58;161.58;;;0.62%
27/08/2014;161.09;161.09;161.09;161.09;;;-0.30%
28/08/2014;160.08;160.08;160.08;160.08;;;-0.63%
29/08/2014;159.16;159.16;159.16;159.16;;;-0.57%
01/09/2014;159.93;159.93;159.93;159.93;;;0.48%
02/09/2014;159.3;159.3;159.3;159.3;;;-0.39%
03/09/2014;159.5;159.5;159.5;159.5;;;0.13%
04/09/2014;158.92;158.92;158.92;158.92;;;-0.36%
05/09/2014;162.16;162.16;162.16;162.16;;;2.04%
08/09/2014;162.28;162.28;162.28;162.28;;;0.07%
09/09/2014;161.53;161.53;161.53;161.53;;;-0.46%
10/09/2014;160.57;160.57;160.57;160.57;;;-0.59%
11/09/2014;162.33;162.33;162.33;162.33;;;1.10%
12/09/2014;162.38;162.38;162.38;162.38;;;0.03%
15/09/2014;163.11;163.11;163.11;163.11;;;0.45%
16/09/2014;163.94;163.94;163.94;163.94;;;0.51%
17/09/2014;164.25;164.25;164.25;164.25;;;0.19%
18/09/2014;165.42;165.42;165.42;165.42;;;0.71%
19/09/2014;166.7;166.7;166.7;166.7;;;0.77%
22/09/2014;166.88;166.88;166.88;166.88;;;0.11%
23/09/2014;167.91;167.91;167.91;167.91;;;0.62%
24/09/2014;167.2;167.2;167.2;167.2;;;-0.42%
25/09/2014;166.38;166.38;166.38;166.38;;;-0.49%
26/09/2014;166.26;166.26;166.26;166.26;;;-0.07%
29/09/2014;165.89;165.89;165.89;165.89;;;-0.22%
30/09/2014;165.97;165.97;165.97;165.97;;;0.05%
01/10/2014;167.31;167.31;167.31;167.31;;;0.81%
02/10/2014;164.79;164.79;164.79;164.79;;;-1.51%
03/10/2014;165.93;165.93;165.93;165.93;;;0.69%
06/10/2014;164.87;164.87;164.87;164.87;;;-0.64%
07/10/2014;165.07;165.07;165.07;165.07;;;0.12%
08/10/2014;164.95;164.95;164.95;164.95;;;-0.07%
09/10/2014;164.29;164.29;164.29;164.29;;;-0.40%
10/10/2014;165.61;165.61;165.61;165.61;;;0.80%
13/10/2014;164.24;164.24;164.24;164.24;;;-0.83%
14/10/2014;163.89;163.89;163.89;163.89;;;-0.21%
15/10/2014;163.26;163.26;163.26;163.26;;;-0.38%
16/10/2014;160.58;160.58;160.58;160.58;;;-1.64%
17/10/2014;160.04;160.04;160.04;160.04;;;-0.34%
20/10/2014;158.73;158.73;158.73;158.73;;;-0.82%
21/10/2014;157.29;157.29;157.29;157.29;;;-0.91%
22/10/2014;157.1;157.1;157.1;157.1;;;-0.12%
23/10/2014;155;155;155;155;;;-1.34%
24/10/2014;153.93;153.93;153.93;153.93;;;-0.69%
27/10/2014;153.46;153.46;153.46;153.46;;;-0.31%
28/10/2014;153.26;153.26;153.26;153.26;;;-0.13%
29/10/2014;153.99;153.99;153.99;153.99;;;0.48%
30/10/2014;152.69;152.69;152.69;152.69;;;-0.84%
31/10/2014;148.31;148.31;148.31;148.31;;;-2.87%
03/11/2014;142.67;142.67;142.67;142.67;;;-3.80%
04/11/2014;140.25;140.25;140.25;140.25;;;-1.70%
05/11/2014;135.6;135.6;135.6;135.6;;;-3.32%
06/11/2014;136.3;136.3;136.3;136.3;;;0.52%
07/11/2014;136.53;136.53;136.53;136.53;;;0.17%
10/11/2014;138.54;138.54;138.54;138.54;;;1.47%
11/11/2014;138.61;138.61;138.61;138.61;;;0.05%
12/11/2014;140.14;140.14;140.14;140.14;;;1.10%
13/11/2014;140.72;140.72;140.72;140.72;;;0.41%
14/11/2014;142.82;142.82;142.82;142.82;;;1.49%
17/11/2014;145.02;145.02;145.02;145.02;;;1.54%
18/11/2014;143.32;143.32;143.32;143.32;;;-1.17%
19/11/2014;146.36;146.36;146.36;146.36;;;2.12%
20/11/2014;147.09;147.09;147.09;147.09;;;0.50%
21/11/2014;147.54;147.54;147.54;147.54;;;0.31%
24/11/2014;152.16;152.16;152.16;152.16;;;3.13%
25/11/2014;151.45;151.45;151.45;151.45;;;-0.47%
26/11/2014;152.45;152.45;152.45;152.45;;;0.66%
27/11/2014;156.19;156.19;156.19;156.19;;;2.45%
28/11/2014;155.99;155.99;155.99;155.99;;;-0.13%
01/12/2014;154.77;154.77;154.77;154.77;;;-0.78%
02/12/2014;155.16;155.16;155.16;155.16;;;0.25%
03/12/2014;155.96;155.96;155.96;155.96;;;0.52%
04/12/2014;156.91;156.91;156.91;156.91;;;0.61%
05/12/2014;156.31;156.31;156.31;156.31;;;-0.38%
08/12/2014;156.26;156.26;156.26;156.26;;;-0.03%
09/12/2014;156.9;156.9;156.9;156.9;;;0.41%
10/12/2014;157.75;157.75;157.75;157.75;;;0.54%
11/12/2014;157.49;157.49;157.49;157.49;;;-0.16%
12/12/2014;156.51;156.51;156.51;156.51;;;-0.62%
15/12/2014;155.22;155.22;155.22;155.22;;;-0.82%
16/12/2014;155.35;155.35;155.35;155.35;;;0.08%
17/12/2014;155.18;155.18;155.18;155.18;;;-0.11%
18/12/2014;157.15;157.15;157.15;157.15;;;1.27%
19/12/2014;156.73;156.73;156.73;156.73;;;-0.27%
22/12/2014;156.44;156.44;156.44;156.44;;;-0.19%
23/12/2014;157.5;157.5;157.5;157.5;;;0.68%
24/12/2014;160.52;160.52;160.52;160.52;;;1.92%
26/12/2014;160.02;160.02;160.02;160.02;;;-0.31%
29/12/2014;160.42;160.42;160.42;160.42;;;0.25%
30/12/2014;160.03;160.03;160.03;160.03;;;-0.24%
31/12/2014;161.13;161.13;161.13;161.13;;;0.69%
02/01/2015;161.13;161.13;161.13;161.13;;;0.00%
05/01/2015;161.35;161.35;161.35;161.35;;;0.14%
06/01/2015;161.21;161.21;161.21;161.21;;;-0.09%
07/01/2015;160.41;160.41;160.41;160.41;;;-0.50%
08/01/2015;158.97;158.97;158.97;158.97;;;-0.90%
09/01/2015;158.76;158.76;158.76;158.76;;;-0.13%
12/01/2015;157.35;157.35;157.35;157.35;;;-0.89%
13/01/2015;154.31;154.31;154.31;154.31;;;-1.93%
14/01/2015;154.68;154.68;154.68;154.68;;;0.24%
15/01/2015;157.67;157.67;157.67;157.67;;;1.93%
16/01/2015;158.72;158.72;158.72;158.72;;;0.67%
19/01/2015;159.26;159.26;159.26;159.26;;;0.34%
20/01/2015;159.03;159.03;159.03;159.03;;;-0.14%
21/01/2015;157.9;157.9;157.9;157.9;;;-0.71%
22/01/2015;157.76;157.76;157.76;157.76;;;-0.09%
23/01/2015;158.53;158.53;158.53;158.53;;;0.49%
26/01/2015;158.76;158.76;158.76;158.76;;;0.15%
27/01/2015;158.72;158.72;158.72;158.72;;;-0.03%
28/01/2015;160.3;160.3;160.3;160.3;;;1.00%
29/01/2015;159.46;159.46;159.46;159.46;;;-0.52%
30/01/2015;161.08;161.08;161.08;161.08;;;1.02%
02/02/2015;160.65;160.65;160.65;160.65;;;-0.27%
03/02/2015;162.59;162.59;162.59;162.59;;;1.21%
04/02/2015;163.08;163.08;163.08;163.08;;;0.30%
05/02/2015;161.73;161.73;161.73;161.73;;;-0.83%
06/02/2015;164.61;164.61;164.61;164.61;;;1.78%
10/02/2015;164.55;164.55;164.55;164.55;;;-0.04%
11/02/2015;163.53;163.53;163.53;163.53;;;-0.62%
12/02/2015;165.42;165.42;165.42;165.42;;;1.16%
13/02/2015;166.16;166.16;166.16;166.16;;;0.45%
16/02/2015;166.05;166.05;166.05;166.05;;;-0.07%
17/02/2015;164.71;164.71;164.71;164.71;;;-0.81%
18/02/2015;162.84;162.84;162.84;162.84;;;-1.14%
19/02/2015;163.83;163.83;163.83;163.83;;;0.61%
20/02/2015;163.47;163.47;163.47;163.47;;;-0.22%
23/02/2015;162.92;162.92;162.92;162.92;;;-0.34%
24/02/2015;162.67;162.67;162.67;162.67;;;-0.15%
25/02/2015;166.6;166.6;166.6;166.6;;;2.42%
26/02/2015;165.41;165.41;165.41;165.41;;;-0.71%
27/02/2015;164.29;164.29;164.29;164.29;;;-0.68%
02/03/2015;162.97;162.97;162.97;162.97;;;-0.80%
03/03/2015;164.18;164.18;164.18;164.18;;;0.74%
04/03/2015;160.99;160.99;160.99;160.99;;;-1.94%
05/03/2015;160.27;160.27;160.27;160.27;;;-0.45%
06/03/2015;161.38;161.38;161.38;161.38;;;0.69%
09/03/2015;161.88;161.88;161.88;161.88;;;0.31%
10/03/2015;161.7;161.7;161.7;161.7;;;-0.11%
11/03/2015;162.12;162.12;162.12;162.12;;;0.26%
12/03/2015;161.02;161.02;161.02;161.02;;;-0.68%
13/03/2015;161.72;161.72;161.72;161.72;;;0.43%
16/03/2015;161.9;161.9;161.9;161.9;;;0.11%
17/03/2015;162.09;162.09;162.09;162.09;;;0.12%
18/03/2015;160.92;160.92;160.92;160.92;;;-0.72%
19/03/2015;161.05;161.05;161.05;161.05;;;0.08%
20/03/2015;162;162;162;162;;;0.59%
23/03/2015;163.13;163.13;163.13;163.13;;;0.70%
24/03/2015;163.32;163.32;163.32;163.32;;;0.12%
25/03/2015;163.81;163.81;163.81;163.81;;;0.30%
26/03/2015;165.54;165.54;165.54;165.54;;;1.06%
27/03/2015;164.51;164.51;164.51;164.51;;;-0.62%
30/03/2015;163.87;163.87;163.87;163.87;;;-0.39%
31/03/2015;158.19;158.19;158.19;158.19;;;-3.47%
01/04/2015;157.59;157.59;157.59;157.59;;;-0.38%
02/04/2015;155.14;155.14;155.14;155.14;;;-1.55%
03/04/2015;153.64;153.64;153.64;153.64;;;-0.97%
07/04/2015;152.87;152.87;152.87;152.87;;;-0.50%
08/04/2015;150.41;150.41;150.41;150.41;;;-1.61%
09/04/2015;149.18;149.18;149.18;149.18;;;-0.82%
10/04/2015;148.28;148.28;148.28;148.28;;;-0.60%
13/04/2015;149.57;149.57;149.57;149.57;;;0.87%
14/04/2015;149.21;149.21;149.21;149.21;;;-0.24%
15/04/2015;154.73;154.73;154.73;154.73;;;3.70%
16/04/2015;155.2;155.2;155.2;155.2;;;0.30%
17/04/2015;154.57;154.57;154.57;154.57;;;-0.41%
20/04/2015;156.42;156.42;156.42;156.42;;;1.20%
21/04/2015;157.15;157.15;157.15;157.15;;;0.47%
22/04/2015;156.61;156.61;156.61;156.61;;;-0.34%
23/04/2015;157.85;157.85;157.85;157.85;;;0.79%
24/04/2015;156.07;156.07;156.07;156.07;;;-1.13%
27/04/2015;159.46;159.46;159.46;159.46;;;2.17%
28/04/2015;158.61;158.61;158.61;158.61;;;-0.53%
29/04/2015;158.36;158.36;158.36;158.36;;;-0.16%
30/04/2015;159.03;159.03;159.03;159.03;;;0.42%
04/05/2015;159.91;159.91;159.91;159.91;;;0.55%
05/05/2015;163.57;163.57;163.57;163.57;;;2.29%
06/05/2015;162.7;162.7;162.7;162.7;;;-0.53%
07/05/2015;160.46;160.46;160.46;160.46;;;-1.38%
08/05/2015;160.24;160.24;160.24;160.24;;;-0.14%
11/05/2015;159.57;159.57;159.57;159.57;;;-0.42%
12/05/2015;157.95;157.95;157.95;157.95;;;-1.02%
13/05/2015;157.61;157.61;157.61;157.61;;;-0.22%
15/05/2015;158.64;158.64;158.64;158.64;;;0.65%
18/05/2015;158.33;158.33;158.33;158.33;;;-0.20%
19/05/2015;158.08;158.08;158.08;158.08;;;-0.16%
20/05/2015;158.74;158.74;158.74;158.74;;;0.42%
21/05/2015;156.35;156.35;156.35;156.35;;;-1.51%
22/05/2015;158.46;158.46;158.46;158.46;;;1.35%
26/05/2015;158.44;158.44;158.44;158.44;;;-0.01%
27/05/2015;160.04;160.04;160.04;160.04;;;1.01%
28/05/2015;160.16;160.16;160.16;160.16;;;0.07%
29/05/2015;161.92;161.92;161.92;161.92;;;1.10%
01/06/2015;162.32;162.32;162.32;162.32;;;0.25%
02/06/2015;162.47;162.47;162.47;162.47;;;0.09%
03/06/2015;162.79;162.79;162.79;162.79;;;0.20%
04/06/2015;163.12;163.12;163.12;163.12;;;0.20%
05/06/2015;162.86;162.86;162.86;162.86;;;-0.16%
08/06/2015;161.11;161.11;161.11;161.11;;;-1.07%
09/06/2015;164.23;164.23;164.23;164.23;;;1.94%
10/06/2015;165.84;165.84;165.84;165.84;;;0.98%
11/06/2015;171.61;171.61;171.61;171.61;;;3.48%
12/06/2015;171.93;171.93;171.93;171.93;;;0.19%
15/06/2015;175.11;175.11;175.11;175.11;;;1.85%
16/06/2015;174.42;174.42;174.42;174.42;;;-0.39%
17/06/2015;172.66;172.66;172.66;172.66;;;-1.01%
18/06/2015;168.28;168.28;168.28;168.28;;;-2.54%
19/06/2015;168.6;168.6;168.6;168.6;;;0.19%
22/06/2015;168.77;168.77;168.77;168.77;;;0.10%
23/06/2015;166.65;166.65;166.65;166.65;;;-1.26%
24/06/2015;165.99;165.99;165.99;165.99;;;-0.40%
25/06/2015;166.35;166.35;166.35;166.35;;;0.22%
26/06/2015;165.06;165.06;165.06;165.06;;;-0.78%
29/06/2015;165.92;165.92;165.92;165.92;;;0.52%
30/06/2015;165.24;165.24;165.24;165.24;;;-0.41%
01/07/2015;165.7;165.7;165.7;165.7;;;0.28%
02/07/2015;166.25;166.25;166.25;166.25;;;0.33%
03/07/2015;166.13;166.13;166.13;166.13;;;-0.07%
06/07/2015;164.19;164.19;164.19;164.19;;;-1.17%
07/07/2015;163.88;163.88;163.88;163.88;;;-0.19%
08/07/2015;165.45;165.45;165.45;165.45;;;0.96%
09/07/2015;164.45;164.45;164.45;164.45;;;-0.60%
10/07/2015;164.46;164.46;164.46;164.46;;;0.01%
13/07/2015;164.3;164.3;164.3;164.3;;;-0.10%
15/07/2015;162.15;162.15;162.15;162.15;;;-1.31%
16/07/2015;162.91;162.91;162.91;162.91;;;0.47%
20/07/2015;163.73;163.73;163.73;163.73;;;0.50%
21/07/2015;163.24;163.24;163.24;163.24;;;-0.30%
22/07/2015;162.8;162.8;162.8;162.8;;;-0.27%
23/07/2015;163.76;163.76;163.76;163.76;;;0.59%
24/07/2015;162.4;162.4;162.4;162.4;;;-0.83%
27/07/2015;162.19;162.19;162.19;162.19;;;-0.13%
28/07/2015;162.34;162.34;162.34;162.34;;;0.09%
29/07/2015;161.06;161.06;161.06;161.06;;;-0.79%
30/07/2015;161.46;161.46;161.46;161.46;;;0.25%
31/07/2015;160.98;160.98;160.98;160.98;;;-0.30%
03/08/2015;161.15;161.15;161.15;161.15;;;0.11%
04/08/2015;162.38;162.38;162.38;162.38;;;0.76%
05/08/2015;163.76;163.76;163.76;163.76;;;0.85%
06/08/2015;164.15;164.15;164.15;164.15;;;0.24%
10/08/2015;165.02;165.02;165.02;165.02;;;0.53%
11/08/2015;165;165;165;165;;;-0.01%
12/08/2015;163.94;163.94;163.94;163.94;;;-0.64%
13/08/2015;165.69;165.69;165.69;165.69;;;1.07%
14/08/2015;164.57;164.57;164.57;164.57;;;-0.68%
17/08/2015;163.55;163.55;163.55;163.55;;;-0.62%
18/08/2015;165.1;165.1;165.1;165.1;;;0.95%
19/08/2015;165.12;165.12;165.12;165.12;;;0.01%
20/08/2015;164.92;164.92;164.92;164.92;;;-0.12%
21/08/2015;164.33;164.33;164.33;164.33;;;-0.36%
24/08/2015;164.63;164.63;164.63;164.63;;;0.18%
25/08/2015;164.33;164.33;164.33;164.33;;;-0.18%
26/08/2015;164.68;164.68;164.68;164.68;;;0.21%
27/08/2015;162.45;162.45;162.45;162.45;;;-1.35%
28/08/2015;162.22;162.22;162.22;162.22;;;-0.14%
31/08/2015;162.42;162.42;162.42;162.42;;;0.12%
01/09/2015;164.2;164.2;164.2;164.2;;;1.10%
02/09/2015;164.4;164.4;164.4;164.4;;;0.12%
03/09/2015;163.72;163.72;163.72;163.72;;;-0.41%
04/09/2015;162.06;162.06;162.06;162.06;;;-1.01%
07/09/2015;163.51;163.51;163.51;163.51;;;0.89%
08/09/2015;163.46;163.46;163.46;163.46;;;-0.03%
09/09/2015;165.24;165.24;165.24;165.24;;;1.09%
10/09/2015;164.73;164.73;164.73;164.73;;;-0.31%
11/09/2015;163.68;163.68;163.68;163.68;;;-0.64%
14/09/2015;164.18;164.18;164.18;164.18;;;0.31%
15/09/2015;163.36;163.36;163.36;163.36;;;-0.50%
16/09/2015;164.84;164.84;164.84;164.84;;;0.91%
17/09/2015;163.8;163.8;163.8;163.8;;;-0.63%
18/09/2015;163.04;163.04;163.04;163.04;;;-0.46%
21/09/2015;162.66;162.66;162.66;162.66;;;-0.23%
22/09/2015;163.77;163.77;163.77;163.77;;;0.68%
23/09/2015;164.42;164.42;164.42;164.42;;;0.40%
25/09/2015;162.59;162.59;162.59;162.59;;;-1.11%
28/09/2015;161.45;161.45;161.45;161.45;;;-0.70%
29/09/2015;160.81;160.81;160.81;160.81;;;-0.40%
30/09/2015;162.88;162.88;162.88;162.88;;;1.29%
01/10/2015;164.63;164.63;164.63;164.63;;;1.07%
02/10/2015;164.83;164.83;164.83;164.83;;;0.12%
05/10/2015;164.38;164.38;164.38;164.38;;;-0.27%
06/10/2015;163.85;163.85;163.85;163.85;;;-0.32%
07/10/2015;163.97;163.97;163.97;163.97;;;0.07%
08/10/2015;161.95;161.95;161.95;161.95;;;-1.23%
09/10/2015;161.65;161.65;161.65;161.65;;;-0.19%
12/10/2015;161.97;161.97;161.97;161.97;;;0.20%
13/10/2015;162.67;162.67;162.67;162.67;;;0.43%
14/10/2015;164.12;164.12;164.12;164.12;;;0.89%
15/10/2015;163.57;163.57;163.57;163.57;;;-0.34%
16/10/2015;162.46;162.46;162.46;162.46;;;-0.68%
19/10/2015;161.68;161.68;161.68;161.68;;;-0.48%
20/10/2015;161.33;161.33;161.33;161.33;;;-0.22%
21/10/2015;163.54;163.54;163.54;163.54;;;1.37%
22/10/2015;163.83;163.83;163.83;163.83;;;0.18%
23/10/2015;164.94;164.94;164.94;164.94;;;0.68%
26/10/2015;164.89;164.89;164.89;164.89;;;-0.03%
27/10/2015;165.51;165.51;165.51;165.51;;;0.38%
28/10/2015;163.69;163.69;163.69;163.69;;;-1.10%
29/10/2015;162.77;162.77;162.77;162.77;;;-0.56%
30/10/2015;163.35;163.35;163.35;163.35;;;0.36%
02/11/2015;162.76;162.76;162.76;162.76;;;-0.36%
03/11/2015;164.4;164.4;164.4;164.4;;;1.01%
04/11/2015;164.66;164.66;164.66;164.66;;;0.16%
05/11/2015;168.07;168.07;168.07;168.07;;;2.07%
06/11/2015;169.42;169.42;169.42;169.42;;;0.80%
09/11/2015;168.78;168.78;168.78;168.78;;;-0.38%
10/11/2015;168.06;168.06;168.06;168.06;;;-0.43%
11/11/2015;168.46;168.46;168.46;168.46;;;0.24%
12/11/2015;169.31;169.31;169.31;169.31;;;0.50%
13/11/2015;167.96;167.96;167.96;167.96;;;-0.80%
16/11/2015;167.03;167.03;167.03;167.03;;;-0.55%
17/11/2015;168.15;168.15;168.15;168.15;;;0.67%
18/11/2015;169.88;169.88;169.88;169.88;;;1.03%
19/11/2015;171.4;171.4;171.4;171.4;;;0.89%
20/11/2015;170.73;170.73;170.73;170.73;;;-0.39%
23/11/2015;170.59;170.59;170.59;170.59;;;-0.08%
24/11/2015;171.33;171.33;171.33;171.33;;;0.43%
25/11/2015;171.58;171.58;171.58;171.58;;;0.15%
26/11/2015;171.93;171.93;171.93;171.93;;;0.20%
27/11/2015;176.16;176.16;176.16;176.16;;;2.46%
30/11/2015;176.4;176.4;176.4;176.4;;;0.14%
01/12/2015;176.82;176.82;176.82;176.82;;;0.24%
02/12/2015;177.72;177.72;177.72;177.72;;;0.51%
03/12/2015;175.57;175.57;175.57;175.57;;;-1.21%
04/12/2015;176.55;176.55;176.55;176.55;;;0.56%
07/12/2015;176.28;176.28;176.28;176.28;;;-0.15%
08/12/2015;176.33;176.33;176.33;176.33;;;0.03%
09/12/2015;172.88;172.88;172.88;172.88;;;-1.96%
10/12/2015;171.88;171.88;171.88;171.88;;;-0.58%
11/12/2015;167.99;167.99;167.99;167.99;;;-2.26%
14/12/2015;170.94;170.94;170.94;170.94;;;1.76%
15/12/2015;170.76;170.76;170.76;170.76;;;-0.11%
16/12/2015;171.44;171.44;171.44;171.44;;;0.40%
17/12/2015;171.07;171.07;171.07;171.07;;;-0.22%
18/12/2015;171.82;171.82;171.82;171.82;;;0.44%
21/12/2015;170.67;170.67;170.67;170.67;;;-0.67%
22/12/2015;169.39;169.39;169.39;169.39;;;-0.75%
23/12/2015;169.93;169.93;169.93;169.93;;;0.32%
28/12/2015;169.61;169.61;169.61;169.61;;;-0.19%
29/12/2015;174.33;174.33;174.33;174.33;;;2.78%
30/12/2015;173.46;173.46;173.46;173.46;;;-0.50%
31/12/2015;174.11;174.11;174.11;174.11;;;0.37%
04/01/2016;173.73;173.73;173.73;173.73;;;-0.22%
05/01/2016;173.49;173.49;173.49;173.49;;;-0.14%
06/01/2016;168.55;168.55;168.55;168.55;;;-2.85%
07/01/2016;167.52;167.52;167.52;167.52;;;-0.61%
08/01/2016;167.15;167.15;167.15;167.15;;;-0.22%
11/01/2016;166.8;166.8;166.8;166.8;;;-0.21%
12/01/2016;167.54;167.54;167.54;167.54;;;0.44%
13/01/2016;166.86;166.86;166.86;166.86;;;-0.41%
14/01/2016;168.44;168.44;168.44;168.44;;;0.95%
15/01/2016;168.19;168.19;168.19;168.19;;;-0.15%
18/01/2016;166.75;166.75;166.75;166.75;;;-0.86%
19/01/2016;165.37;165.37;165.37;165.37;;;-0.83%
20/01/2016;166.81;166.81;166.81;166.81;;;0.87%
21/01/2016;166.27;166.27;166.27;166.27;;;-0.32%
22/01/2016;166.38;166.38;166.38;166.38;;;0.07%
25/01/2016;166.91;166.91;166.91;166.91;;;0.32%
26/01/2016;166.94;166.94;166.94;166.94;;;0.02%
27/01/2016;167.75;167.75;167.75;167.75;;;0.49%
28/01/2016;168.85;168.85;168.85;168.85;;;0.66%
29/01/2016;169.35;169.35;169.35;169.35;;;0.30%
01/02/2016;169.51;169.51;169.51;169.51;;;0.09%
02/02/2016;171.83;171.83;171.83;171.83;;;1.37%
03/02/2016;172.03;172.03;172.03;172.03;;;0.12%
04/02/2016;170.84;170.84;170.84;170.84;;;-0.69%
05/02/2016;176.05;176.05;176.05;176.05;;;3.05%
08/02/2016;176.31;176.31;176.31;176.31;;;0.15%
09/02/2016;178.26;178.26;178.26;178.26;;;1.11%
10/02/2016;177.48;177.48;177.48;177.48;;;-0.44%
11/02/2016;178.2;178.2;178.2;178.2;;;0.41%
12/02/2016;177.69;177.69;177.69;177.69;;;-0.29%
15/02/2016;177.99;177.99;177.99;177.99;;;0.17%
16/02/2016;180.82;180.82;180.82;180.82;;;1.59%
17/02/2016;178.26;178.26;178.26;178.26;;;-1.42%
18/02/2016;178.71;178.71;178.71;178.71;;;0.25%
19/02/2016;175.67;175.67;175.67;175.67;;;-1.70%
22/02/2016;175.79;175.79;175.79;175.79;;;0.07%
23/02/2016;174.97;174.97;174.97;174.97;;;-0.47%
24/02/2016;172.68;172.68;172.68;172.68;;;-1.31%
25/02/2016;172.17;172.17;172.17;172.17;;;-0.30%
26/02/2016;171.97;171.97;171.97;171.97;;;-0.12%
29/02/2016;170.86;170.86;170.86;170.86;;;-0.65%
01/03/2016;169.78;169.78;169.78;169.78;;;-0.63%
02/03/2016;171.26;171.26;171.26;171.26;;;0.87%
03/03/2016;174.49;174.49;174.49;174.49;;;1.89%
04/03/2016;173.56;173.56;173.56;173.56;;;-0.53%
07/03/2016;174.99;174.99;174.99;174.99;;;0.82%
08/03/2016;175.22;175.22;175.22;175.22;;;0.13%
09/03/2016;176.34;176.34;176.34;176.34;;;0.64%
10/03/2016;180.99;180.99;180.99;180.99;;;2.64%
11/03/2016;181.06;181.06;181.06;181.06;;;0.04%
14/03/2016;181.35;181.35;181.35;181.35;;;0.16%
15/03/2016;176.85;176.85;176.85;176.85;;;-2.48%
16/03/2016;175.79;175.79;175.79;175.79;;;-0.60%
17/03/2016;176.7;176.7;176.7;176.7;;;0.52%
18/03/2016;176.96;176.96;176.96;176.96;;;0.15%
21/03/2016;179.12;179.12;179.12;179.12;;;1.22%
22/03/2016;180.06;180.06;180.06;180.06;;;0.52%
23/03/2016;180.23;180.23;180.23;180.23;;;0.09%
24/03/2016;179.66;179.66;179.66;179.66;;;-0.32%
25/03/2016;179.56;179.56;179.56;179.56;;;-0.06%
29/03/2016;180.83;180.83;180.83;180.83;;;0.71%
30/03/2016;179.8;179.8;179.8;179.8;;;-0.57%
31/03/2016;183.13;183.13;183.13;183.13;;;1.85%
01/04/2016;182.7;182.7;182.7;182.7;;;-0.23%
04/04/2016;183.88;183.88;183.88;183.88;;;0.65%
05/04/2016;184.77;184.77;184.77;184.77;;;0.48%
06/04/2016;184.8;184.8;184.8;184.8;;;0.02%
07/04/2016;186.88;186.88;186.88;186.88;;;1.13%
08/04/2016;186.85;186.85;186.85;186.85;;;-0.02%
11/04/2016;187.13;187.13;187.13;187.13;;;0.15%
12/04/2016;188.64;188.64;188.64;188.64;;;0.81%
13/04/2016;194.29;194.29;194.29;194.29;;;3.00%
14/04/2016;196.67;196.67;196.67;196.67;;;1.22%
15/04/2016;195.64;195.64;195.64;195.64;;;-0.52%
18/04/2016;194.29;194.29;194.29;194.29;;;-0.69%
19/04/2016;194.94;194.94;194.94;194.94;;;0.33%
20/04/2016;194.31;194.31;194.31;194.31;;;-0.32%
21/04/2016;193.41;193.41;193.41;193.41;;;-0.46%
22/04/2016;189.23;189.23;189.23;189.23;;;-2.16%
25/04/2016;192.95;192.95;192.95;192.95;;;1.97%
26/04/2016;191.92;191.92;191.92;191.92;;;-0.53%
27/04/2016;192.1;192.1;192.1;192.1;;;0.09%
28/04/2016;190.77;190.77;190.77;190.77;;;-0.69%
29/04/2016;193.27;193.27;193.27;193.27;;;1.31%
03/05/2016;190.81;190.81;190.81;190.81;;;-1.27%
04/05/2016;192.63;192.63;192.63;192.63;;;0.95%
06/05/2016;190.88;190.88;190.88;190.88;;;-0.91%
09/05/2016;189.51;189.51;189.51;189.51;;;-0.72%
10/05/2016;187.53;187.53;187.53;187.53;;;-1.04%
11/05/2016;187.29;187.29;187.29;187.29;;;-0.13%
12/05/2016;189.07;189.07;189.07;189.07;;;0.95%
13/05/2016;190.08;190.08;190.08;190.08;;;0.53%
17/05/2016;191.09;191.09;191.09;191.09;;;0.53%
18/05/2016;191.39;191.39;191.39;191.39;;;0.16%
19/05/2016;191.47;191.47;191.47;191.47;;;0.04%
20/05/2016;194.02;194.02;194.02;194.02;;;1.33%
23/05/2016;192.25;192.25;192.25;192.25;;;-0.91%
24/05/2016;192.85;192.85;192.85;192.85;;;0.31%
25/05/2016;190.27;190.27;190.27;190.27;;;-1.34%
26/05/2016;187.12;187.12;187.12;187.12;;;-1.66%
27/05/2016;190.35;190.35;190.35;190.35;;;1.73%
30/05/2016;187.39;187.39;187.39;187.39;;;-1.56%
31/05/2016;185.51;185.51;185.51;185.51;;;-1.00%
01/06/2016;183.52;183.52;183.52;183.52;;;-1.07%
02/06/2016;185.11;185.11;185.11;185.11;;;0.87%
03/06/2016;185.87;185.87;185.87;185.87;;;0.41%
06/06/2016;182.65;182.65;182.65;182.65;;;-1.73%
07/06/2016;181.12;181.12;181.12;181.12;;;-0.84%
08/06/2016;182.52;182.52;182.52;182.52;;;0.77%
09/06/2016;181.72;181.72;181.72;181.72;;;-0.44%
10/06/2016;184.61;184.61;184.61;184.61;;;1.59%
13/06/2016;183.32;183.32;183.32;183.32;;;-0.70%
14/06/2016;185.01;185.01;185.01;185.01;;;0.92%
15/06/2016;182.43;182.43;182.43;182.43;;;-1.39%
16/06/2016;181.98;181.98;181.98;181.98;;;-0.25%
17/06/2016;181.12;181.12;181.12;181.12;;;-0.47%
20/06/2016;180.89;180.89;180.89;180.89;;;-0.13%
21/06/2016;183.21;183.21;183.21;183.21;;;1.28%
22/06/2016;183.52;183.52;183.52;183.52;;;0.17%
23/06/2016;179.8;179.8;179.8;179.8;;;-2.03%
24/06/2016;182.75;182.75;182.75;182.75;;;1.64%
27/06/2016;182.67;182.67;182.67;182.67;;;-0.04%
28/06/2016;179.71;179.71;179.71;179.71;;;-1.62%
29/06/2016;184.27;184.27;184.27;184.27;;;2.54%
30/06/2016;188.98;188.98;188.98;188.98;;;2.56%
01/07/2016;188.67;188.67;188.67;188.67;;;-0.16%
04/07/2016;188.36;188.36;188.36;188.36;;;-0.16%
05/07/2016;189.12;189.12;189.12;189.12;;;0.40%
07/07/2016;186.77;186.77;186.77;186.77;;;-1.24%
08/07/2016;185.5;185.5;185.5;185.5;;;-0.68%
11/07/2016;181.2;181.2;181.2;181.2;;;-2.32%
12/07/2016;173.81;173.81;173.81;173.81;;;-4.08%
13/07/2016;172.28;172.28;172.28;172.28;;;-0.88%
14/07/2016;172.26;172.26;172.26;172.26;;;-0.01%
15/07/2016;175.55;175.55;175.55;175.55;;;1.91%
18/07/2016;176.84;176.84;176.84;176.84;;;0.73%
19/07/2016;178.21;178.21;178.21;178.21;;;0.77%
20/07/2016;173.55;173.55;173.55;173.55;;;-2.61%
21/07/2016;175.75;175.75;175.75;175.75;;;1.27%
22/07/2016;177.38;177.38;177.38;177.38;;;0.93%
25/07/2016;176.32;176.32;176.32;176.32;;;-0.60%
26/07/2016;177.19;177.19;177.19;177.19;;;0.49%
27/07/2016;178.31;178.31;178.31;178.31;;;0.63%
28/07/2016;180.3;180.3;180.3;180.3;;;1.12%
29/07/2016;181.31;181.31;181.31;181.31;;;0.56%
01/08/2016;182.3;182.3;182.3;182.3;;;0.55%
02/08/2016;177.66;177.66;177.66;177.66;;;-2.55%
03/08/2016;176.8;176.8;176.8;176.8;;;-0.48%
04/08/2016;176.61;176.61;176.61;176.61;;;-0.11%
05/08/2016;182.07;182.07;182.07;182.07;;;3.09%
09/08/2016;180.29;180.29;180.29;180.29;;;-0.98%
10/08/2016;183.62;183.62;183.62;183.62;;;1.85%
11/08/2016;176.62;176.62;176.62;176.62;;;-3.81%
12/08/2016;181.49;181.49;181.49;181.49;;;2.76%
16/08/2016;181.84;181.84;181.84;181.84;;;0.19%
17/08/2016;177.1;177.1;177.1;177.1;;;-2.61%
18/08/2016;177.35;177.35;177.35;177.35;;;0.14%
19/08/2016;181.47;181.47;181.47;181.47;;;2.32%
22/08/2016;181.46;181.46;181.46;181.46;;;-0.01%
23/08/2016;181.65;181.65;181.65;181.65;;;0.10%
24/08/2016;177.05;177.05;177.05;177.05;;;-2.53%
25/08/2016;176.64;176.64;176.64;176.64;;;-0.23%
26/08/2016;176.56;176.56;176.56;176.56;;;-0.05%
29/08/2016;176.68;176.68;176.68;176.68;;;0.07%
30/08/2016;175.02;175.02;175.02;175.02;;;-0.94%
31/08/2016;175.3;175.3;175.3;175.3;;;0.16%
01/09/2016;175;175;175;175;;;-0.17%
02/09/2016;176.1;176.1;176.1;176.1;;;0.63%
05/09/2016;173.08;173.08;173.08;173.08;;;-1.71%
06/09/2016;173.92;173.92;173.92;173.92;;;0.49%
07/09/2016;172.47;172.47;172.47;172.47;;;-0.83%
08/09/2016;173.71;173.71;173.71;173.71;;;0.72%
09/09/2016;174.02;174.02;174.02;174.02;;;0.18%
13/09/2016;172.66;172.66;172.66;172.66;;;-0.78%
14/09/2016;170.89;170.89;170.89;170.89;;;-1.03%
15/09/2016;173.11;173.11;173.11;173.11;;;1.30%
16/09/2016;173.8;173.8;173.8;173.8;;;0.40%
19/09/2016;172.49;172.49;172.49;172.49;;;-0.75%
20/09/2016;169.65;169.65;169.65;169.65;;;-1.65%
21/09/2016;170.41;170.41;170.41;170.41;;;0.45%
22/09/2016;169.6;169.6;169.6;169.6;;;-0.48%
23/09/2016;170.48;170.48;170.48;170.48;;;0.52%
26/09/2016;169.7;169.7;169.7;169.7;;;-0.46%
27/09/2016;163.98;163.98;163.98;163.98;;;-3.37%
28/09/2016;163.04;163.04;163.04;163.04;;;-0.57%
29/09/2016;163.59;163.59;163.59;163.59;;;0.34%
30/09/2016;167.96;167.96;167.96;167.96;;;2.67%
03/10/2016;165.91;165.91;165.91;165.91;;;-1.22%
04/10/2016;165.16;165.16;165.16;165.16;;;-0.45%
05/10/2016;164.45;164.45;164.45;164.45;;;-0.43%
06/10/2016;163.92;163.92;163.92;163.92;;;-0.32%
07/10/2016;162.83;162.83;162.83;162.83;;;-0.66%
10/10/2016;164.51;164.51;164.51;164.51;;;1.03%
11/10/2016;158.49;158.49;158.49;158.49;;;-3.66%
12/10/2016;159.45;159.45;159.45;159.45;;;0.61%
13/10/2016;159.23;159.23;159.23;159.23;;;-0.14%
14/10/2016;162.29;162.29;162.29;162.29;;;1.92%
17/10/2016;160.55;160.55;160.55;160.55;;;-1.07%
18/10/2016;157.65;157.65;157.65;157.65;;;-1.81%
19/10/2016;155.46;155.46;155.46;155.46;;;-1.39%
20/10/2016;159.17;159.17;159.17;159.17;;;2.39%
21/10/2016;161.39;161.39;161.39;161.39;;;1.39%
24/10/2016;158.7;158.7;158.7;158.7;;;-1.67%
25/10/2016;158.1;158.1;158.1;158.1;;;-0.38%
26/10/2016;156.66;156.66;156.66;156.66;;;-0.91%
27/10/2016;157.24;157.24;157.24;157.24;;;0.37%
28/10/2016;157.39;157.39;157.39;157.39;;;0.10%
31/10/2016;156.85;156.85;156.85;156.85;;;-0.34%
02/11/2016;156.72;156.72;156.72;156.72;;;-0.08%
03/11/2016;154.8;154.8;154.8;154.8;;;-1.23%
04/11/2016;153.76;153.76;153.76;153.76;;;-0.67%
07/11/2016;153.54;153.54;153.54;153.54;;;-0.14%
08/11/2016;154.58;154.58;154.58;154.58;;;0.68%
09/11/2016;154.04;154.04;154.04;154.04;;;-0.35%
10/11/2016;153.45;153.45;153.45;153.45;;;-0.38%
11/11/2016;155.62;155.62;155.62;155.62;;;1.41%
14/11/2016;150.95;150.95;150.95;150.95;;;-3.00%
16/11/2016;153.66;153.66;153.66;153.66;;;1.80%
17/11/2016;153.25;153.25;153.25;153.25;;;-0.27%
18/11/2016;154.56;154.56;154.56;154.56;;;0.85%
21/11/2016;153.76;153.76;153.76;153.76;;;-0.52%
22/11/2016;151.5;151.5;151.5;151.5;;;-1.47%
23/11/2016;151.07;151.07;151.07;151.07;;;-0.28%
24/11/2016;150.82;150.82;150.82;150.82;;;-0.17%
25/11/2016;152.57;152.57;152.57;152.57;;;1.16%
28/11/2016;152.16;152.16;152.16;152.16;;;-0.27%
29/11/2016;153.11;153.11;153.11;153.11;;;0.62%
30/11/2016;153.52;153.52;153.52;153.52;;;0.27%
01/12/2016;151;151;151;151;;;-1.64%
02/12/2016;153.59;153.59;153.59;153.59;;;1.72%
05/12/2016;151.68;151.68;151.68;151.68;;;-1.24%
06/12/2016;150.07;150.07;150.07;150.07;;;-1.06%
07/12/2016;151.49;151.49;151.49;151.49;;;0.95%
08/12/2016;151.23;151.23;151.23;151.23;;;-0.17%
09/12/2016;154.91;154.91;154.91;154.91;;;2.43%
13/12/2016;151.5;151.5;151.5;151.5;;;-2.20%
14/12/2016;153.04;153.04;153.04;153.04;;;1.02%
15/12/2016;153.11;153.11;153.11;153.11;;;0.05%
16/12/2016;153.5;153.5;153.5;153.5;;;0.25%
19/12/2016;153.45;153.45;153.45;153.45;;;-0.03%
20/12/2016;152.33;152.33;152.33;152.33;;;-0.73%
21/12/2016;152.03;152.03;152.03;152.03;;;-0.20%
22/12/2016;149.72;149.72;149.72;149.72;;;-1.52%
23/12/2016;150.73;150.73;150.73;150.73;;;0.67%
27/12/2016;150.38;150.38;150.38;150.38;;;-0.23%
28/12/2016;151.72;151.72;151.72;151.72;;;0.89%
29/12/2016;151.33;151.33;151.33;151.33;;;-0.26%
30/12/2016;156.91;156.91;156.91;156.91;;;3.69%
02/01/2017;155.94;155.94;155.94;155.94;;;-0.62%
03/01/2017;155.86;155.86;155.86;155.86;;;-0.05%
04/01/2017;154.59;154.59;154.59;154.59;;;-0.81%
05/01/2017;153.81;153.81;153.81;153.81;;;-0.50%
06/01/2017;149.2;149.2;149.2;149.2;;;-3.00%
09/01/2017;150.21;150.21;150.21;150.21;;;0.68%
10/01/2017;150.19;150.19;150.19;150.19;;;-0.01%
11/01/2017;149.65;149.65;149.65;149.65;;;-0.36%
12/01/2017;150.36;150.36;150.36;150.36;;;0.47%
13/01/2017;147.72;147.72;147.72;147.72;;;-1.76%
16/01/2017;148.05;148.05;148.05;148.05;;;0.22%
17/01/2017;146.92;146.92;146.92;146.92;;;-0.76%
18/01/2017;146.94;146.94;146.94;146.94;;;0.01%
19/01/2017;148.18;148.18;148.18;148.18;;;0.84%
20/01/2017;148.95;148.95;148.95;148.95;;;0.52%
23/01/2017;147.7;147.7;147.7;147.7;;;-0.84%
24/01/2017;146.08;146.08;146.08;146.08;;;-1.10%
25/01/2017;145.46;145.46;145.46;145.46;;;-0.42%
26/01/2017;145.02;145.02;145.02;145.02;;;-0.30%
27/01/2017;145.18;145.18;145.18;145.18;;;0.11%
30/01/2017;145.21;145.21;145.21;145.21;;;0.02%
31/01/2017;145.71;145.71;145.71;145.71;;;0.34%
01/02/2017;145.29;145.29;145.29;145.29;;;-0.29%
02/02/2017;146.51;146.51;146.51;146.51;;;0.84%
03/02/2017;146.34;146.34;146.34;146.34;;;-0.12%
06/02/2017;146.34;146.34;146.34;146.34;;;0.00%
07/02/2017;146;146;146;146;;;-0.23%
08/02/2017;146.16;146.16;146.16;146.16;;;0.11%
09/02/2017;146.09;146.09;146.09;146.09;;;-0.05%
10/02/2017;147;147;147;147;;;0.62%
13/02/2017;146.02;146.02;146.02;146.02;;;-0.67%
14/02/2017;145.49;145.49;145.49;145.49;;;-0.36%
15/02/2017;145;145;145;145;;;-0.34%
16/02/2017;144.22;144.22;144.22;144.22;;;-0.54%
17/02/2017;145.37;145.37;145.37;145.37;;;0.80%
20/02/2017;144.48;144.48;144.48;144.48;;;-0.61%
21/02/2017;144.12;144.12;144.12;144.12;;;-0.25%
22/02/2017;142.61;142.61;142.61;142.61;;;-1.05%
23/02/2017;143.15;143.15;143.15;143.15;;;0.38%
24/02/2017;143.34;143.34;143.34;143.34;;;0.13%
27/02/2017;143.7;143.7;143.7;143.7;;;0.25%
28/02/2017;143.82;143.82;143.82;143.82;;;0.08%
01/03/2017;144.65;144.65;144.65;144.65;;;0.58%
02/03/2017;143.19;143.19;143.19;143.19;;;-1.01%
03/03/2017;142.34;142.34;142.34;142.34;;;-0.59%
06/03/2017;141.63;141.63;141.63;141.63;;;-0.50%
07/03/2017;140.86;140.86;140.86;140.86;;;-0.54%
08/03/2017;135.95;135.95;135.95;135.95;;;-3.49%
09/03/2017;135.96;135.96;135.96;135.96;;;0.01%
10/03/2017;139.17;139.17;139.17;139.17;;;2.36%
13/03/2017;140.21;140.21;140.21;140.21;;;0.75%
14/03/2017;137.08;137.08;137.08;137.08;;;-2.23%
15/03/2017;137.16;137.16;137.16;137.16;;;0.06%
16/03/2017;138.98;138.98;138.98;138.98;;;1.33%
17/03/2017;139.21;139.21;139.21;139.21;;;0.17%
20/03/2017;136.92;136.92;136.92;136.92;;;-1.64%
21/03/2017;136.59;136.59;136.59;136.59;;;-0.24%
22/03/2017;137.63;137.63;137.63;137.63;;;0.76%
23/03/2017;137.38;137.38;137.38;137.38;;;-0.18%
24/03/2017;138.17;138.17;138.17;138.17;;;0.58%
27/03/2017;139.13;139.13;139.13;139.13;;;0.69%
28/03/2017;137.56;137.56;137.56;137.56;;;-1.13%
29/03/2017;138.45;138.45;138.45;138.45;;;0.65%
30/03/2017;138.15;138.15;138.15;138.15;;;-0.22%
31/03/2017;138.6;138.6;138.6;138.6;;;0.33%
03/04/2017;138.25;138.25;138.25;138.25;;;-0.25%
04/04/2017;137.37;137.37;137.37;137.37;;;-0.64%
05/04/2017;136.75;136.75;136.75;136.75;;;-0.45%
06/04/2017;136.24;136.24;136.24;136.24;;;-0.37%
07/04/2017;135.53;135.53;135.53;135.53;;;-0.52%
10/04/2017;135.33;135.33;135.33;135.33;;;-0.15%
11/04/2017;135.25;135.25;135.25;135.25;;;-0.06%
12/04/2017;134.15;134.15;134.15;134.15;;;-0.81%
13/04/2017;131.16;131.16;131.16;131.16;;;-2.23%
14/04/2017;131.91;131.91;131.91;131.91;;;0.57%
18/04/2017;128.25;128.25;128.25;128.25;;;-2.77%
19/04/2017;129.93;129.93;129.93;129.93;;;1.31%
20/04/2017;129.03;129.03;129.03;129.03;;;-0.69%
21/04/2017;129.37;129.37;129.37;129.37;;;0.26%
24/04/2017;129.85;129.85;129.85;129.85;;;0.37%
25/04/2017;133.21;133.21;133.21;133.21;;;2.59%
26/04/2017;131.88;131.88;131.88;131.88;;;-1.00%
27/04/2017;132.67;132.67;132.67;132.67;;;0.60%
28/04/2017;126.87;126.87;126.87;126.87;;;-4.37%
02/05/2017;131.45;131.45;131.45;131.45;;;3.61%
03/05/2017;133.11;133.11;133.11;133.11;;;1.26%
04/05/2017;131.52;131.52;131.52;131.52;;;-1.19%
05/05/2017;134.16;134.16;134.16;134.16;;;2.01%
08/05/2017;131.15;131.15;131.15;131.15;;;-2.24%
09/05/2017;132.47;132.47;132.47;132.47;;;1.01%
10/05/2017;132.68;132.68;132.68;132.68;;;0.16%
11/05/2017;132.65;132.65;132.65;132.65;;;-0.02%
12/05/2017;132.38;132.38;132.38;132.38;;;-0.20%
15/05/2017;129.84;129.84;129.84;129.84;;;-1.92%
16/05/2017;130.59;130.59;130.59;130.59;;;0.58%
17/05/2017;130.05;130.05;130.05;130.05;;;-0.41%
18/05/2017;130.09;130.09;130.09;130.09;;;0.03%
19/05/2017;130.24;130.24;130.24;130.24;;;0.12%
22/05/2017;128.6;128.6;128.6;128.6;;;-1.26%
23/05/2017;128.03;128.03;128.03;128.03;;;-0.44%
24/05/2017;130.2;130.2;130.2;130.2;;;1.69%
26/05/2017;130.75;130.75;130.75;130.75;;;0.42%
29/05/2017;130.04;130.04;130.04;130.04;;;-0.54%
30/05/2017;130.61;130.61;130.61;130.61;;;0.44%
31/05/2017;132.8;132.8;132.8;132.8;;;1.68%
01/06/2017;130.85;130.85;130.85;130.85;;;-1.47%
02/06/2017;129.76;129.76;129.76;129.76;;;-0.83%
06/06/2017;127.08;127.08;127.08;127.08;;;-2.07%
07/06/2017;130.45;130.45;130.45;130.45;;;2.65%
08/06/2017;128.27;128.27;128.27;128.27;;;-1.67%
09/06/2017;127.54;127.54;127.54;127.54;;;-0.57%
12/06/2017;125.61;125.61;125.61;125.61;;;-1.51%
13/06/2017;125.85;125.85;125.85;125.85;;;0.19%
14/06/2017;127.13;127.13;127.13;127.13;;;1.02%
15/06/2017;126.85;126.85;126.85;126.85;;;-0.22%
16/06/2017;126.24;126.24;126.24;126.24;;;-0.48%
19/06/2017;125.47;125.47;125.47;125.47;;;-0.61%
20/06/2017;125.83;125.83;125.83;125.83;;;0.29%
21/06/2017;127.1;127.1;127.1;127.1;;;1.01%
23/06/2017;127.77;127.77;127.77;127.77;;;0.53%
27/06/2017;126.61;126.61;126.61;126.61;;;-0.91%
28/06/2017;122.72;122.72;122.72;122.72;;;-3.07%
29/06/2017;122.15;122.15;122.15;122.15;;;-0.46%
30/06/2017;119.81;119.81;119.81;119.81;;;-1.92%
03/07/2017;118.66;118.66;118.66;118.66;;;-0.96%
04/07/2017;118.44;118.44;118.44;118.44;;;-0.19%
05/07/2017;116.35;116.35;116.35;116.35;;;-1.76%
06/07/2017;113.26;113.26;113.26;113.26;;;-2.66%
07/07/2017;116.41;116.41;116.41;116.41;;;2.78%
10/07/2017;115.12;115.12;115.12;115.12;;;-1.11%
11/07/2017;114.54;114.54;114.54;114.54;;;-0.50%
12/07/2017;114.72;114.72;114.72;114.72;;;0.16%
13/07/2017;115.39;115.39;115.39;115.39;;;0.58%
14/07/2017;114.02;114.02;114.02;114.02;;;-1.19%
17/07/2017;112.89;112.89;112.89;112.89;;;-0.99%
18/07/2017;114.06;114.06;114.06;114.06;;;1.04%
19/07/2017;114.75;114.75;114.75;114.75;;;0.60%
20/07/2017;114;114;114;114;;;-0.65%
21/07/2017;112.68;112.68;112.68;112.68;;;-1.16%
24/07/2017;113.91;113.91;113.91;113.91;;;1.09%
25/07/2017;113.73;113.73;113.73;113.73;;;-0.16%
26/07/2017;115.68;115.68;115.68;115.68;;;1.71%
27/07/2017;115.74;115.74;115.74;115.74;;;0.05%
28/07/2017;116.49;116.49;116.49;116.49;;;0.65%
31/07/2017;116.3;116.3;116.3;116.3;;;-0.16%
01/08/2017;116.11;116.11;116.11;116.11;;;-0.16%
02/08/2017;115.1;115.1;115.1;115.1;;;-0.87%
03/08/2017;112.82;112.82;112.82;112.82;;;-1.98%
04/08/2017;113.89;113.89;113.89;113.89;;;0.95%
08/08/2017;114.46;114.46;114.46;114.46;;;0.50%
09/08/2017;112.27;112.27;112.27;112.27;;;-1.91%
10/08/2017;113.22;113.22;113.22;113.22;;;0.85%
11/08/2017;114.25;114.25;114.25;114.25;;;0.91%
14/08/2017;115.02;115.02;115.02;115.02;;;0.67%
16/08/2017;116.32;116.32;116.32;116.32;;;1.13%
17/08/2017;114.66;114.66;114.66;114.66;;;-1.43%
18/08/2017;114.42;114.42;114.42;114.42;;;-0.21%
21/08/2017;113.28;113.28;113.28;113.28;;;-1.00%
22/08/2017;112.19;112.19;112.19;112.19;;;-0.96%
23/08/2017;112.67;112.67;112.67;112.67;;;0.43%
24/08/2017;111.78;111.78;111.78;111.78;;;-0.79%
25/08/2017;113.08;113.08;113.08;113.08;;;1.16%
28/08/2017;112.84;112.84;112.84;112.84;;;-0.21%
29/08/2017;108.71;108.71;108.71;108.71;;;-3.66%
30/08/2017;110.06;110.06;110.06;110.06;;;1.24%
31/08/2017;108.55;108.55;108.55;108.55;;;-1.37%
04/09/2017;107.24;107.24;107.24;107.24;;;-1.21%
05/09/2017;107.82;107.82;107.82;107.82;;;0.54%
06/09/2017;112.11;112.11;112.11;112.11;;;3.98%
07/09/2017;112.97;112.97;112.97;112.97;;;0.77%
08/09/2017;109.35;109.35;109.35;109.35;;;-3.20%
11/09/2017;111.36;111.36;111.36;111.36;;;1.84%
12/09/2017;111.89;111.89;111.89;111.89;;;0.48%
13/09/2017;112.9;112.9;112.9;112.9;;;0.90%
14/09/2017;112.37;112.37;112.37;112.37;;;-0.47%
15/09/2017;111.58;111.58;111.58;111.58;;;-0.70%
18/09/2017;112.83;112.83;112.83;112.83;;;1.12%
19/09/2017;110.68;110.68;110.68;110.68;;;-1.91%
20/09/2017;112.26;112.26;112.26;112.26;;;1.43%
21/09/2017;110.9;110.9;110.9;110.9;;;-1.21%
22/09/2017;110.77;110.77;110.77;110.77;;;-0.12%
25/09/2017;107.79;107.79;107.79;107.79;;;-2.69%
26/09/2017;107.9;107.9;107.9;107.9;;;0.10%
27/09/2017;111.31;111.31;111.31;111.31;;;3.16%
28/09/2017;112.3;112.3;112.3;112.3;;;0.89%
29/09/2017;113.44;113.44;113.44;113.44;;;1.02%
02/10/2017;114.41;114.41;114.41;114.41;;;0.86%
03/10/2017;115.23;115.23;115.23;115.23;;;0.72%
04/10/2017;115.94;115.94;115.94;115.94;;;0.62%
05/10/2017;113.65;113.65;113.65;113.65;;;-1.98%
06/10/2017;112.51;112.51;112.51;112.51;;;-1.00%
09/10/2017;110.21;110.21;110.21;110.21;;;-2.04%
10/10/2017;109.17;109.17;109.17;109.17;;;-0.94%
11/10/2017;112.53;112.53;112.53;112.53;;;3.08%
12/10/2017;115.04;115.04;115.04;115.04;;;2.23%
13/10/2017;112.96;112.96;112.96;112.96;;;-1.81%
16/10/2017;111.67;111.67;111.67;111.67;;;-1.14%
17/10/2017;115.03;115.03;115.03;115.03;;;3.01%
18/10/2017;115.74;115.74;115.74;115.74;;;0.62%
19/10/2017;118.74;118.74;118.74;118.74;;;2.59%
20/10/2017;116.08;116.08;116.08;116.08;;;-2.24%
23/10/2017;112.59;112.59;112.59;112.59;;;-3.01%
24/10/2017;111.26;111.26;111.26;111.26;;;-1.18%
25/10/2017;111.04;111.04;111.04;111.04;;;-0.20%
26/10/2017;111.71;111.71;111.71;111.71;;;0.60%
27/10/2017;111.34;111.34;111.34;111.34;;;-0.33%
30/10/2017;110.12;110.12;110.12;110.12;;;-1.10%
31/10/2017;111.01;111.01;111.01;111.01;;;0.81%
02/11/2017;113.39;113.39;113.39;113.39;;;2.14%
03/11/2017;111.61;111.61;111.61;111.61;;;-1.57%
06/11/2017;107.78;107.78;107.78;107.78;;;-3.43%
07/11/2017;113.13;113.13;113.13;113.13;;;4.96%
08/11/2017;110.29;110.29;110.29;110.29;;;-2.51%
09/11/2017;108.51;108.51;108.51;108.51;;;-1.61%
10/11/2017;108.13;108.13;108.13;108.13;;;-0.35%
13/11/2017;105.96;105.96;105.96;105.96;;;-2.01%
14/11/2017;107.32;107.32;107.32;107.32;;;1.28%
16/11/2017;107.15;107.15;107.15;107.15;;;-0.16%
17/11/2017;106.12;106.12;106.12;106.12;;;-0.96%
20/11/2017;101.84;101.84;101.84;101.84;;;-4.03%
21/11/2017;102.05;102.05;102.05;102.05;;;0.21%
22/11/2017;103.82;103.82;103.82;103.82;;;1.73%
23/11/2017;102.75;102.75;102.75;102.75;;;-1.03%
24/11/2017;101.45;101.45;101.45;101.45;;;-1.27%
27/11/2017;99.85;99.85;99.85;99.85;;;-1.58%
28/11/2017;101.45;101.45;101.45;101.45;;;1.60%
29/11/2017;102.55;102.55;102.55;102.55;;;1.08%
30/11/2017;102.04;102.04;102.04;102.04;;;-0.50%
04/12/2017;103.58;103.58;103.58;103.58;;;1.51%
05/12/2017;101.87;101.87;101.87;101.87;;;-1.65%
06/12/2017;103.16;103.16;103.16;103.16;;;1.27%
07/12/2017;102.56;102.56;102.56;102.56;;;-0.58%
08/12/2017;103.09;103.09;103.09;103.09;;;0.52%
11/12/2017;104.48;104.48;104.48;104.48;;;1.35%
12/12/2017;103.77;103.77;103.77;103.77;;;-0.68%
13/12/2017;104;104;104;104;;;0.22%
14/12/2017;102.68;102.68;102.68;102.68;;;-1.27%
15/12/2017;102.69;102.69;102.69;102.69;;;0.01%
18/12/2017;103.47;103.47;103.47;103.47;;;0.76%
19/12/2017;103.39;103.39;103.39;103.39;;;-0.08%
20/12/2017;103.5;103.5;103.5;103.5;;;0.11%
21/12/2017;102.64;102.64;102.64;102.64;;;-0.83%
22/12/2017;103.37;103.37;103.37;103.37;;;0.71%
26/12/2017;103.95;103.95;103.95;103.95;;;0.56%
27/12/2017;103.66;103.66;103.66;103.66;;;-0.28%
28/12/2017;103.35;103.35;103.35;103.35;;;-0.30%
29/12/2017;103;103;103;103;;;-0.34%
02/01/2018;103.2;103.2;103.2;103.2;;;0.19%
03/01/2018;102.63;102.63;102.63;102.63;;;-0.55%
04/01/2018;102.91;102.91;102.91;102.91;;;0.27%
05/01/2018;101.78;101.78;101.78;101.78;;;-1.10%
08/01/2018;100.62;100.62;100.62;100.62;;;-1.14%
09/01/2018;100.54;100.54;100.54;100.54;;;-0.08%
10/01/2018;100.46;100.46;100.46;100.46;;;-0.08%
11/01/2018;100.64;100.64;100.64;100.64;;;0.18%
12/01/2018;100.36;100.36;100.36;100.36;;;-0.28%
15/01/2018;101.06;101.06;101.06;101.06;;;0.70%
16/01/2018;100.66;100.66;100.66;100.66;;;-0.40%
17/01/2018;101.37;101.37;101.37;101.37;;;0.71%
18/01/2018;100.29;100.29;100.29;100.29;;;-1.07%
19/01/2018;100.7;100.7;100.7;100.7;;;0.41%
22/01/2018;100.14;100.14;100.14;100.14;;;-0.56%
23/01/2018;100.1;100.1;100.1;100.1;;;-0.04%
24/01/2018;98.42;98.42;98.42;98.42;;;-1.68%
25/01/2018;98.42;98.42;98.42;98.42;;;0.00%
26/01/2018;97.64;97.64;97.64;97.64;;;-0.79%
29/01/2018;96.37;96.37;96.37;96.37;;;-1.30%
30/01/2018;96.18;96.18;96.18;96.18;;;-0.20%
31/01/2018;97.61;97.61;97.61;97.61;;;1.49%
01/02/2018;96.11;96.11;96.11;96.11;;;-1.54%
02/02/2018;95.61;95.61;95.61;95.61;;;-0.52%
03/06/2019;45.19;45.19;45.19;45.19;;;-52.74%
05/06/2019;44.8;44.8;44.8;44.8;;;-0.86%
06/06/2019;44.48;44.48;44.48;44.48;;;-0.71%
07/06/2019;44.3;44.3;44.3;44.3;;;-0.40%
11/06/2019;43.92;43.92;43.92;43.92;;;-0.86%
12/06/2019;43.14;43.14;43.14;43.14;;;-1.78%
13/06/2019;42.73;42.73;42.73;42.73;;;-0.95%
14/06/2019;43.06;43.06;43.06;43.06;;;0.77%
17/06/2019;42.93;42.93;42.93;42.93;;;-0.30%
18/06/2019;43.17;43.17;43.17;43.17;;;0.56%
19/06/2019;42.98;42.98;42.98;42.98;;;-0.44%
20/06/2019;42.71;42.71;42.71;42.71;;;-0.63%
21/06/2019;43.21;43.21;43.21;43.21;;;1.17%
24/06/2019;43.36;43.36;43.36;43.36;;;0.35%
25/06/2019;42.33;42.33;42.33;42.33;;;-2.38%
26/06/2019;42.46;42.46;42.46;42.46;;;0.31%
27/06/2019;43.21;43.21;43.21;43.21;;;1.77%
28/06/2019;43.11;43.11;43.11;43.11;;;-0.23%
01/07/2019;43.37;43.37;43.37;43.37;;;0.60%
02/07/2019;43.69;43.69;43.69;43.69;;;0.74%
03/07/2019;43.76;43.76;43.76;43.76;;;0.16%
04/07/2019;43.34;43.34;43.34;43.34;;;-0.96%
05/07/2019;43.39;43.39;43.39;43.39;;;0.12%
08/07/2019;43.48;43.48;43.48;43.48;;;0.21%
09/07/2019;43.36;43.36;43.36;43.36;;;-0.28%
10/07/2019;43.45;43.45;43.45;43.45;;;0.21%
11/07/2019;43.57;43.57;43.57;43.57;;;0.28%
12/07/2019;43.58;43.58;43.58;43.58;;;0.02%
15/07/2019;43.09;43.09;43.09;43.09;;;-1.12%
16/07/2019;42.83;42.83;42.83;42.83;;;-0.60%
17/07/2019;41.98;41.98;41.98;41.98;;;-1.98%
18/07/2019;41.89;41.89;41.89;41.89;;;-0.21%
19/07/2019;41.31;41.31;41.31;41.31;;;-1.38%
22/07/2019;41.48;41.48;41.48;41.48;;;0.41%
23/07/2019;41.04;41.04;41.04;41.04;;;-1.06%
24/07/2019;41.5;41.5;41.5;41.5;;;1.12%
25/07/2019;42.07;42.07;42.07;42.07;;;1.37%
26/07/2019;42.34;42.34;42.34;42.34;;;0.64%
29/07/2019;42.21;42.21;42.21;42.21;;;-0.31%
30/07/2019;42.22;42.22;42.22;42.22;;;0.02%
31/07/2019;42.15;42.15;42.15;42.15;;;-0.17%
01/08/2019;41.34;41.34;41.34;41.34;;;-1.92%
02/08/2019;41.72;41.72;41.72;41.72;;;0.92%
05/08/2019;41.68;41.68;41.68;41.68;;;-0.10%
06/08/2019;41.71;41.71;41.71;41.71;;;0.07%
07/08/2019;41.71;41.71;41.71;41.71;;;0.00%
08/08/2019;41.2;41.2;41.2;41.2;;;-1.22%
09/08/2019;41.13;41.13;41.13;41.13;;;-0.17%
12/08/2019;41.13;41.13;41.13;41.13;;;0.00%
13/08/2019;41.02;41.02;41.02;41.02;;;-0.27%
14/08/2019;41.06;41.06;41.06;41.06;;;0.10%
15/08/2019;41.06;41.06;41.06;41.06;;;0.00%
16/08/2019;41.21;41.21;41.21;41.21;;;0.37%
19/08/2019;42.07;42.07;42.07;42.07;;;2.09%
20/08/2019;41.97;41.97;41.97;41.97;;;-0.24%
21/08/2019;42.07;42.07;42.07;42.07;;;0.24%
22/08/2019;42.87;42.87;42.87;42.87;;;1.90%
23/08/2019;42.88;42.88;42.88;42.88;;;0.02%
26/08/2019;42.77;42.77;42.77;42.77;;;-0.26%
27/08/2019;42.54;42.54;42.54;42.54;;;-0.54%
28/08/2019;42.87;42.87;42.87;42.87;;;0.78%
29/08/2019;43.01;43.01;43.01;43.01;;;0.33%
30/08/2019;42.9;42.9;42.9;42.9;;;-0.26%
02/09/2019;42.57;42.57;42.57;42.57;;;-0.77%
03/09/2019;41.87;41.87;41.87;41.87;;;-1.64%
04/09/2019;41.27;41.27;41.27;41.27;;;-1.43%
05/09/2019;41.29;41.29;41.29;41.29;;;0.05%
06/09/2019;41.42;41.42;41.42;41.42;;;0.31%
09/09/2019;41.07;41.07;41.07;41.07;;;-0.85%
10/09/2019;40.88;40.88;40.88;40.88;;;-0.46%
11/09/2019;40.47;40.47;40.47;40.47;;;-1.00%
12/09/2019;40.81;40.81;40.81;40.81;;;0.84%
13/09/2019;40.86;40.86;40.86;40.86;;;0.12%
16/09/2019;40.42;40.42;40.42;40.42;;;-1.08%
17/09/2019;40.07;40.07;40.07;40.07;;;-0.87%
18/09/2019;39.69;39.69;39.69;39.69;;;-0.95%
19/09/2019;39.11;39.11;39.11;39.11;;;-1.46%
20/09/2019;39.27;39.27;39.27;39.27;;;0.41%
23/09/2019;39.02;39.02;39.02;39.02;;;-0.64%
24/09/2019;38.77;38.77;38.77;38.77;;;-0.64%
25/09/2019;38.65;38.65;38.65;38.65;;;-0.31%
26/09/2019;38.5;38.5;38.5;38.5;;;-0.39%
27/09/2019;38.19;38.19;38.19;38.19;;;-0.81%
30/09/2019;38.16;38.16;38.16;38.16;;;-0.08%
01/10/2019;37.32;37.32;37.32;37.32;;;-2.20%
02/10/2019;37.3;37.3;37.3;37.3;;;-0.05%
03/10/2019;37.95;37.95;37.95;37.95;;;1.74%
04/10/2019;37.8;37.8;37.8;37.8;;;-0.40%
07/10/2019;37.64;37.64;37.64;37.64;;;-0.42%
08/10/2019;38.53;38.53;38.53;38.53;;;2.36%
09/10/2019;38.24;38.24;38.24;38.24;;;-0.75%
10/10/2019;38.26;38.26;38.26;38.26;;;0.05%
11/10/2019;38.25;38.25;38.25;38.25;;;-0.03%
14/10/2019;37.37;37.37;37.37;37.37;;;-2.30%
15/10/2019;36.41;36.41;36.41;36.41;;;-2.57%
16/10/2019;36.38;36.38;36.38;36.38;;;-0.08%
17/10/2019;36.05;36.05;36.05;36.05;;;-0.91%
18/10/2019;36.39;36.39;36.39;36.39;;;0.94%
21/10/2019;36.34;36.34;36.34;36.34;;;-0.14%
22/10/2019;36.22;36.22;36.22;36.22;;;-0.33%
23/10/2019;37.06;37.06;37.06;37.06;;;2.32%
24/10/2019;36.98;36.98;36.98;36.98;;;-0.22%
25/10/2019;36.85;36.85;36.85;36.85;;;-0.35%
28/10/2019;37.26;37.26;37.26;37.26;;;1.11%
29/10/2019;36.65;36.65;36.65;36.65;;;-1.64%
30/10/2019;36.18;36.18;36.18;36.18;;;-1.28%
31/10/2019;36.59;36.59;36.59;36.59;;;1.13%
01/11/2019;36.59;36.59;36.59;36.59;;;0.00%
04/11/2019;36.41;36.41;36.41;36.41;;;-0.49%
05/11/2019;36.38;36.38;36.38;36.38;;;-0.08%
06/11/2019;35.92;35.92;35.92;35.92;;;-1.26%
07/11/2019;35.92;35.92;35.92;35.92;;;0.00%
08/11/2019;36.81;36.81;36.81;36.81;;;2.48%
11/11/2019;36.74;36.74;36.74;36.74;;;-0.19%
12/11/2019;37.11;37.11;37.11;37.11;;;1.01%
13/11/2019;36.9;36.9;36.9;36.9;;;-0.57%
14/11/2019;36.72;36.72;36.72;36.72;;;-0.49%
18/11/2019;37.07;37.07;37.07;37.07;;;0.95%
19/11/2019;36.26;36.26;36.26;36.26;;;-2.19%
20/11/2019;36.07;36.07;36.07;36.07;;;-0.52%
21/11/2019;35.64;35.64;35.64;35.64;;;-1.19%
22/11/2019;35.73;35.73;35.73;35.73;;;0.25%
25/11/2019;34.15;34.15;34.15;34.15;;;-4.42%
26/11/2019;34.8;34.8;34.8;34.8;;;1.90%
27/11/2019;34.55;34.55;34.55;34.55;;;-0.72%
28/11/2019;34.53;34.53;34.53;34.53;;;-0.06%
29/11/2019;34.72;34.72;34.72;34.72;;;0.55%
02/12/2019;34.93;34.93;34.93;34.93;;;0.60%
03/12/2019;34.94;34.94;34.94;34.94;;;0.03%
04/12/2019;34.81;34.81;34.81;34.81;;;-0.37%
05/12/2019;34.03;34.03;34.03;34.03;;;-2.24%
06/12/2019;33.61;33.61;33.61;33.61;;;-1.23%
09/12/2019;34.68;34.68;34.68;34.68;;;3.18%
10/12/2019;35.01;35.01;35.01;35.01;;;0.95%
11/12/2019;35.01;35.01;35.01;35.01;;;0.00%
12/12/2019;35.39;35.39;35.39;35.39;;;1.09%
13/12/2019;35.42;35.42;35.42;35.42;;;0.08%
16/12/2019;35.39;35.39;35.39;35.39;;;-0.08%
17/12/2019;35.45;35.45;35.45;35.45;;;0.17%
18/12/2019;35.37;35.37;35.37;35.37;;;-0.23%
19/12/2019;35.51;35.51;35.51;35.51;;;0.40%
20/12/2019;35.62;35.62;35.62;35.62;;;0.31%
23/12/2019;35.83;35.83;35.83;35.83;;;0.59%
24/12/2019;35.61;35.61;35.61;35.61;;;-0.61%
25/12/2019;35.61;35.61;35.61;35.61;;;0.00%
26/12/2019;36.1;36.1;36.1;36.1;;;1.38%
27/12/2019;36.2;36.2;36.2;36.2;;;0.28%
30/12/2019;36.83;36.83;36.83;36.83;;;1.74%
31/12/2019;37.66;37.66;37.66;37.66;;;2.25%
01/01/2020;37.66;37.66;37.66;37.66;;;0.00%
02/01/2020;37.56;37.56;37.56;37.56;;;-0.27%
03/01/2020;37.52;37.52;37.52;37.52;;;-0.11%
06/01/2020;36.62;36.62;36.62;36.62;;;-2.40%
07/01/2020;35.91;35.91;35.91;35.91;;;-1.94%
08/01/2020;35.88;35.88;35.88;35.88;;;-0.08%
09/01/2020;35.84;35.84;35.84;35.84;;;-0.11%
10/01/2020;35.28;35.28;35.28;35.28;;;-1.56%
13/01/2020;35.29;35.29;35.29;35.29;;;0.03%
14/01/2020;35.32;35.32;35.32;35.32;;;0.09%
15/01/2020;35.35;35.35;35.35;35.35;;;0.08%
16/01/2020;35.09;35.09;35.09;35.09;;;-0.74%
17/01/2020;35.4;35.4;35.4;35.4;;;0.88%
20/01/2020;35.98;35.98;35.98;35.98;;;1.64%
21/01/2020;36.62;36.62;36.62;36.62;;;1.78%
22/01/2020;37.31;37.31;37.31;37.31;;;1.88%
23/01/2020;37.37;37.37;37.37;37.37;;;0.16%
24/01/2020;37.42;37.42;37.42;37.42;;;0.13%
27/01/2020;37.53;37.53;37.53;37.53;;;0.29%
28/01/2020;37.74;37.74;37.74;37.74;;;0.56%
29/01/2020;37.88;37.88;37.88;37.88;;;0.37%
30/01/2020;37.71;37.71;37.71;37.71;;;-0.45%
31/01/2020;37.52;37.52;37.52;37.52;;;-0.50%
03/02/2020;37.63;37.63;37.63;37.63;;;0.29%
04/02/2020;37.36;37.36;37.36;37.36;;;-0.72%
05/02/2020;36.83;36.83;36.83;36.83;;;-1.42%
06/02/2020;36.58;36.58;36.58;36.58;;;-0.68%
07/02/2020;37;37;37;37;;;1.15%
10/02/2020;36.78;36.78;36.78;36.78;;;-0.59%
11/02/2020;36.57;36.57;36.57;36.57;;;-0.57%
12/02/2020;36.57;36.57;36.57;36.57;;;0.00%
13/02/2020;36.09;36.09;36.09;36.09;;;-1.31%
14/02/2020;35.72;35.72;35.72;35.72;;;-1.03%
17/02/2020;35.54;35.54;35.54;35.54;;;-0.50%
18/02/2020;35.55;35.55;35.55;35.55;;;0.03%
19/02/2020;35.4;35.4;35.4;35.4;;;-0.42%
20/02/2020;35.12;35.12;35.12;35.12;;;-0.79%
21/02/2020;34.95;34.95;34.95;34.95;;;-0.48%
24/02/2020;34.86;34.86;34.86;34.86;;;-0.26%
25/02/2020;34.49;34.49;34.49;34.49;;;-1.06%
26/02/2020;34.37;34.37;34.37;34.37;;;-0.35%
27/02/2020;34.53;34.53;34.53;34.53;;;0.47%
28/02/2020;35.09;35.09;35.09;35.09;;;1.62%
02/03/2020;34.87;34.87;34.87;34.87;;;-0.63%
03/03/2020;35.45;35.45;35.45;35.45;;;1.66%
04/03/2020;35.39;35.39;35.39;35.39;;;-0.17%
05/03/2020;35.49;35.49;35.49;35.49;;;0.28%
06/03/2020;35.46;35.46;35.46;35.46;;;-0.08%
09/03/2020;35.45;35.45;35.45;35.45;;;-0.03%
10/03/2020;35.21;35.21;35.21;35.21;;;-0.68%
11/03/2020;35.52;35.52;35.52;35.52;;;0.88%
12/03/2020;35.32;35.32;35.32;35.32;;;-0.56%
13/03/2020;35.25;35.25;35.25;35.25;;;-0.20%
16/03/2020;35.2;35.2;35.2;35.2;;;-0.14%
17/03/2020;35.2;35.2;35.2;35.2;;;0.00%
18/03/2020;35.03;35.03;35.03;35.03;;;-0.48%
19/03/2020;35.08;35.08;35.08;35.08;;;0.14%
20/03/2020;34.93;34.93;34.93;34.93;;;-0.43%
23/03/2020;34.85;34.85;34.85;34.85;;;-0.23%
24/03/2020;34.29;34.29;34.29;34.29;;;-1.61%
25/03/2020;34.21;34.21;34.21;34.21;;;-0.23%
26/03/2020;34.08;34.08;34.08;34.08;;;-0.38%
27/03/2020;33.96;33.96;33.96;33.96;;;-0.35%
30/03/2020;33.77;33.77;33.77;33.77;;;-0.56%
31/03/2020;33.77;33.77;33.77;33.77;;;0.00%
01/04/2020;33.68;33.68;33.68;33.68;;;-0.27%
02/04/2020;33.55;33.55;33.55;33.55;;;-0.39%
03/04/2020;33.45;33.45;33.45;33.45;;;-0.30%
06/04/2020;33.35;33.35;33.35;33.35;;;-0.30%
07/04/2020;33.1;33.1;33.1;33.1;;;-0.75%
08/04/2020;33.21;33.21;33.21;33.21;;;0.33%
09/04/2020;32.94;32.94;32.94;32.94;;;-0.81%
10/04/2020;33.7;33.7;33.7;33.7;;;2.31%
13/04/2020;33.7;33.7;33.7;33.7;;;0.00%
14/04/2020;33.57;33.57;33.57;33.57;;;-0.39%
15/04/2020;33.55;33.55;33.55;33.55;;;-0.06%
16/04/2020;33.53;33.53;33.53;33.53;;;-0.06%
17/04/2020;33.45;33.45;33.45;33.45;;;-0.24%
24/04/2020;33.31;33.31;33.31;33.31;;;-0.42%
27/04/2020;33.07;33.07;33.07;33.07;;;-0.72%
28/04/2020;33;33;33;33;;;-0.21%
29/04/2020;32.95;32.95;32.95;32.95;;;-0.15%
30/04/2020;32.72;32.72;32.72;32.72;;;-0.70%
01/05/2020;32.72;32.72;32.72;32.72;;;0.00%
04/05/2020;33.13;33.13;33.13;33.13;;;1.25%
05/05/2020;33.12;33.12;33.12;33.12;;;-0.03%
06/05/2020;32.9;32.9;32.9;32.9;;;-0.66%
07/05/2020;33.26;33.26;33.26;33.26;;;1.09%
08/05/2020;33.44;33.44;33.44;33.44;;;0.54%
11/05/2020;33.3;33.3;33.3;33.3;;;-0.42%
12/05/2020;33.06;33.06;33.06;33.06;;;-0.72%
13/05/2020;33.16;33.16;33.16;33.16;;;0.30%
14/05/2020;33.14;33.14;33.14;33.14;;;-0.06%
15/05/2020;33.13;33.13;33.13;33.13;;;-0.03%
18/05/2020;33.13;33.13;33.13;33.13;;;0.00%
19/05/2020;32.89;32.89;32.89;32.89;;;-0.72%
22/05/2020;32.88;32.88;32.88;32.88;;;-0.03%
25/05/2020;32.8;32.8;32.8;32.8;;;-0.24%
26/05/2020;32.89;32.89;32.89;32.89;;;0.27%
27/05/2020;32.93;32.93;32.93;32.93;;;0.12%
28/05/2020;33.02;33.02;33.02;33.02;;;0.27%
29/05/2020;33.23;33.23;33.23;33.23;;;0.64%
01/06/2020;33.23;33.23;33.23;33.23;;;0.00%
02/06/2020;33.26;33.26;33.26;33.26;;;0.09%
03/06/2020;33.31;33.31;33.31;33.31;;;0.15%
04/06/2020;33.44;33.44;33.44;33.44;;;0.39%
05/06/2020;33.42;33.42;33.42;33.42;;;-0.06%
08/06/2020;33.46;33.46;33.46;33.46;;;0.12%
09/06/2020;33.59;33.59;33.59;33.59;;;0.39%
10/06/2020;33.54;33.54;33.54;33.54;;;-0.15%
11/06/2020;33.73;33.73;33.73;33.73;;;0.57%
12/06/2020;33.5;33.5;33.5;33.5;;;-0.68%
15/06/2020;33.61;33.61;33.61;33.61;;;0.33%
16/06/2020;33.57;33.57;33.57;33.57;;;-0.12%
17/06/2020;33.74;33.74;33.74;33.74;;;0.51%
18/06/2020;33.62;33.62;33.62;33.62;;;-0.36%
19/06/2020;34.07;34.07;34.07;34.07;;;1.34%
22/06/2020;34.23;34.23;34.23;34.23;;;0.47%
23/06/2020;34.29;34.29;34.29;34.29;;;0.18%
24/06/2020;34.27;34.27;34.27;34.27;;;-0.06%
25/06/2020;34.11;34.11;34.11;34.11;;;-0.47%
26/06/2020;34.26;34.26;34.26;34.26;;;0.44%
29/06/2020;34.16;34.16;34.16;34.16;;;-0.29%
30/06/2020;34.49;34.49;34.49;34.49;;;0.97%
01/07/2020;34.47;34.47;34.47;34.47;;;-0.06%
02/07/2020;34.25;34.25;34.25;34.25;;;-0.64%
03/07/2020;34.06;34.06;34.06;34.06;;;-0.55%
06/07/2020;34.13;34.13;34.13;34.13;;;0.21%
07/07/2020;34.21;34.21;34.21;34.21;;;0.23%
08/07/2020;34.03;34.03;34.03;34.03;;;-0.53%
09/07/2020;33.89;33.89;33.89;33.89;;;-0.41%
10/07/2020;33.91;33.91;33.91;33.91;;;0.06%
13/07/2020;33.94;33.94;33.94;33.94;;;0.09%
14/07/2020;34.14;34.14;34.14;34.14;;;0.59%
15/07/2020;33.68;33.68;33.68;33.68;;;-1.35%
16/07/2020;33.69;33.69;33.69;33.69;;;0.03%
17/07/2020;33.83;33.83;33.83;33.83;;;0.42%
20/07/2020;33.47;33.47;33.47;33.47;;;-1.06%
21/07/2020;33.67;33.67;33.67;33.67;;;0.60%
22/07/2020;33.66;33.66;33.66;33.66;;;-0.03%
23/07/2020;33.49;33.49;33.49;33.49;;;-0.51%
24/07/2020;33.75;33.75;33.75;33.75;;;0.78%
27/07/2020;33.53;33.53;33.53;33.53;;;-0.65%
28/07/2020;33.52;33.52;33.52;33.52;;;-0.03%
29/07/2020;33.56;33.56;33.56;33.56;;;0.12%
30/07/2020;33.52;33.52;33.52;33.52;;;-0.12%
31/07/2020;33.52;33.52;33.52;33.52;;;0.00%
03/08/2020;33.26;33.26;33.26;33.26;;;-0.78%
04/08/2020;32.89;32.89;32.89;32.89;;;-1.11%
05/08/2020;32.77;32.77;32.77;32.77;;;-0.36%
06/08/2020;32.8;32.8;32.8;32.8;;;0.09%
07/08/2020;32.8;32.8;32.8;32.8;;;0.00%
10/08/2020;32.74;32.74;32.74;32.74;;;-0.18%
11/08/2020;32.46;32.46;32.46;32.46;;;-0.86%
12/08/2020;32.38;32.38;32.38;32.38;;;-0.25%
13/08/2020;32.31;32.31;32.31;32.31;;;-0.22%
14/08/2020;32.13;32.13;32.13;32.13;;;-0.56%
17/08/2020;32.06;32.06;32.06;32.06;;;-0.22%
18/08/2020;32.02;32.02;32.02;32.02;;;-0.12%
21/08/2020;32.29;32.29;32.29;32.29;;;0.84%
24/08/2020;32.45;32.45;32.45;32.45;;;0.50%
25/08/2020;32.72;32.72;32.72;32.72;;;0.83%
26/08/2020;33.01;33.01;33.01;33.01;;;0.89%
27/08/2020;33.11;33.11;33.11;33.11;;;0.30%
28/08/2020;33.2;33.2;33.2;33.2;;;0.27%
31/08/2020;33.27;33.27;33.27;33.27;;;0.21%
01/09/2020;32.81;32.81;32.81;32.81;;;-1.38%
02/09/2020;32.59;32.59;32.59;32.59;;;-0.67%
03/09/2020;32.32;32.32;32.32;32.32;;;-0.83%
04/09/2020;32.31;32.31;32.31;32.31;;;-0.03%
07/09/2020;32.25;32.25;32.25;32.25;;;-0.19%
08/09/2020;32.06;32.06;32.06;32.06;;;-0.59%
09/09/2020;32.13;32.13;32.13;32.13;;;0.22%
10/09/2020;32.07;32.07;32.07;32.07;;;-0.19%
11/09/2020;31.98;31.98;31.98;31.98;;;-0.28%
14/09/2020;32.17;32.17;32.17;32.17;;;0.59%
15/09/2020;32.39;32.39;32.39;32.39;;;0.68%
16/09/2020;32.79;32.79;32.79;32.79;;;1.23%
17/09/2020;32.94;32.94;32.94;32.94;;;0.46%
18/09/2020;32.89;32.89;32.89;32.89;;;-0.15%
21/09/2020;33.46;33.46;33.46;33.46;;;1.73%
22/09/2020;33.22;33.22;33.22;33.22;;;-0.72%
23/09/2020;33.22;33.22;33.22;33.22;;;0.00%
24/09/2020;33.22;33.22;33.22;33.22;;;0.00%
25/09/2020;33.22;33.22;33.22;33.22;;;0.00%
28/09/2020;33.79;33.79;33.79;33.79;;;1.72%
29/09/2020;33.62;33.62;33.62;33.62;;;-0.50%
30/09/2020;33.35;33.35;33.35;33.35;;;-0.80%
01/10/2020;33.33;33.33;33.33;33.33;;;-0.06%
02/10/2020;33.38;33.38;33.38;33.38;;;0.15%
05/10/2020;33.42;33.42;33.42;33.42;;;0.12%
06/10/2020;32.94;32.94;32.94;32.94;;;-1.44%
07/10/2020;32.89;32.89;32.89;32.89;;;-0.15%
08/10/2020;32.8;32.8;32.8;32.8;;;-0.27%
09/10/2020;32.02;32.02;32.02;32.02;;;-2.38%
12/10/2020;31.91;31.91;31.91;31.91;;;-0.34%
13/10/2020;31.88;31.88;31.88;31.88;;;-0.09%
14/10/2020;32.01;32.01;32.01;32.01;;;0.41%
15/10/2020;31.45;31.45;31.45;31.45;;;-1.75%
16/10/2020;31.24;31.24;31.24;31.24;;;-0.67%
19/10/2020;31.35;31.35;31.35;31.35;;;0.35%
20/10/2020;31.52;31.52;31.52;31.52;;;0.54%
21/10/2020;31.68;31.68;31.68;31.68;;;0.51%
22/10/2020;31.57;31.57;31.57;31.57;;;-0.35%
23/10/2020;31.66;31.66;31.66;31.66;;;0.29%
26/10/2020;32.59;32.59;32.59;32.59;;;2.94%
27/10/2020;32.49;32.49;32.49;32.49;;;-0.31%
28/10/2020;32.96;32.96;32.96;32.96;;;1.45%
29/10/2020;32.96;32.96;32.96;32.96;;;0.00%
30/10/2020;33.59;33.59;33.59;33.59;;;1.91%
02/11/2020;34.03;34.03;34.03;34.03;;;1.31%
03/11/2020;33.44;33.44;33.44;33.44;;;-1.73%
04/11/2020;33.39;33.39;33.39;33.39;;;-0.15%
05/11/2020;33.86;33.86;33.86;33.86;;;1.41%
06/11/2020;34.31;34.31;34.31;34.31;;;1.33%
09/11/2020;34.29;34.29;34.29;34.29;;;-0.06%
10/11/2020;33.89;33.89;33.89;33.89;;;-1.17%
11/11/2020;33.63;33.63;33.63;33.63;;;-0.77%
12/11/2020;33.69;33.69;33.69;33.69;;;0.18%
13/11/2020;32.49;32.49;32.49;32.49;;;-3.56%
16/11/2020;32.89;32.89;32.89;32.89;;;1.23%
17/11/2020;32.88;32.88;32.88;32.88;;;-0.03%
18/11/2020;33.79;33.79;33.79;33.79;;;2.77%
19/11/2020;34.16;34.16;34.16;34.16;;;1.09%
20/11/2020;34.09;34.09;34.09;34.09;;;-0.20%
23/11/2020;35.27;35.27;35.27;35.27;;;3.46%
24/11/2020;35.5;35.5;35.5;35.5;;;0.65%
25/11/2020;35.25;35.25;35.25;35.25;;;-0.70%
26/11/2020;34.85;34.85;34.85;34.85;;;-1.13%
27/11/2020;35.19;35.19;35.19;35.19;;;0.98%
30/11/2020;34.87;34.87;34.87;34.87;;;-0.91%
01/12/2020;34.53;34.53;34.53;34.53;;;-0.98%
02/12/2020;34.56;34.56;34.56;34.56;;;0.09%
03/12/2020;34.37;34.37;34.37;34.37;;;-0.55%
04/12/2020;34.37;34.37;34.37;34.37;;;0.00%
07/12/2020;34.42;34.42;34.42;34.42;;;0.15%
08/12/2020;34.53;34.53;34.53;34.53;;;0.32%
09/12/2020;34.43;34.43;34.43;34.43;;;-0.29%
10/12/2020;34.82;34.82;34.82;34.82;;;1.13%
11/12/2020;35.55;35.55;35.55;35.55;;;2.10%
14/12/2020;35.35;35.35;35.35;35.35;;;-0.56%
15/12/2020;35.33;35.33;35.33;35.33;;;-0.06%
16/12/2020;35.37;35.37;35.37;35.37;;;0.11%
17/12/2020;35.45;35.45;35.45;35.45;;;0.23%
18/12/2020;35.51;35.51;35.51;35.51;;;0.17%
21/12/2020;35.42;35.42;35.42;35.42;;;-0.25%
22/12/2020;35.76;35.76;35.76;35.76;;;0.96%
23/12/2020;35.87;35.87;35.87;35.87;;;0.31%
24/12/2020;35.89;35.89;35.89;35.89;;;0.06%
25/12/2020;35.89;35.89;35.89;35.89;;;0.00%
28/12/2020;35.53;35.53;35.53;35.53;;;-1.00%
29/12/2020;35.79;35.79;35.79;35.79;;;0.73%
30/12/2020;35.87;35.87;35.87;35.87;;;0.22%
31/12/2020;36.25;36.25;36.25;36.25;;;1.06%
04/01/2021;36.48;36.48;36.48;36.48;;;0.63%
05/01/2021;36.53;36.53;36.53;36.53;;;0.14%
06/01/2021;36.14;36.14;36.14;36.14;;;-1.07%
07/01/2021;36.06;36.06;36.06;36.06;;;-0.22%
08/01/2021;36.09;36.09;36.09;36.09;;;0.08%
11/01/2021;35.98;35.98;35.98;35.98;;;-0.30%
12/01/2021;36.24;36.24;36.24;36.24;;;0.72%
13/01/2021;36.45;36.45;36.45;36.45;;;0.58%
14/01/2021;36.74;36.74;36.74;36.74;;;0.80%
15/01/2021;36.5;36.5;36.5;36.5;;;-0.65%
18/01/2021;36.73;36.73;36.73;36.73;;;0.63%
19/01/2021;36.89;36.89;36.89;36.89;;;0.44%
20/01/2021;37.03;37.03;37.03;37.03;;;0.38%
21/01/2021;37.59;37.59;37.59;37.59;;;1.51%
22/01/2021;37.77;37.77;37.77;37.77;;;0.48%
25/01/2021;37.97;37.97;37.97;37.97;;;0.53%
26/01/2021;38.16;38.16;38.16;38.16;;;0.50%
27/01/2021;38.61;38.61;38.61;38.61;;;1.18%
28/01/2021;38.84;38.84;38.84;38.84;;;0.60%
29/01/2021;39.3;39.3;39.3;39.3;;;1.18%
01/02/2021;40.06;40.06;40.06;40.06;;;1.93%
02/02/2021;40.91;40.91;40.91;40.91;;;2.12%
03/02/2021;41.21;41.21;41.21;41.21;;;0.73%
04/02/2021;40.27;40.27;40.27;40.27;;;-2.28%
05/02/2021;40.21;40.21;40.21;40.21;;;-0.15%
08/02/2021;39.85;39.85;39.85;39.85;;;-0.90%
09/02/2021;39.73;39.73;39.73;39.73;;;-0.30%
10/02/2021;39.23;39.23;39.23;39.23;;;-1.26%
11/02/2021;38.9;38.9;38.9;38.9;;;-0.84%
12/02/2021;38.89;38.89;38.89;38.89;;;-0.03%
15/02/2021;38.66;38.66;38.66;38.66;;;-0.59%
16/02/2021;38.69;38.69;38.69;38.69;;;0.08%
17/02/2021;38.61;38.61;38.61;38.61;;;-0.21%
18/02/2021;38.5;38.5;38.5;38.5;;;-0.28%
19/02/2021;38.85;38.85;38.85;38.85;;;0.91%
22/02/2021;39.14;39.14;39.14;39.14;;;0.75%
23/02/2021;39.19;39.19;39.19;39.19;;;0.13%
24/02/2021;39.09;39.09;39.09;39.09;;;-0.26%
25/02/2021;39.14;39.14;39.14;39.14;;;0.13%
26/02/2021;39.62;39.62;39.62;39.62;;;1.23%
01/03/2021;39.54;39.54;39.54;39.54;;;-0.20%
02/03/2021;39.45;39.45;39.45;39.45;;;-0.23%
03/03/2021;39.8;39.8;39.8;39.8;;;0.89%
04/03/2021;39.95;39.95;39.95;39.95;;;0.38%
05/03/2021;39.8;39.8;39.8;39.8;;;-0.38%
08/03/2021;39.98;39.98;39.98;39.98;;;0.45%
09/03/2021;39.77;39.77;39.77;39.77;;;-0.53%
10/03/2021;39.7;39.7;39.7;39.7;;;-0.18%
11/03/2021;39.36;39.36;39.36;39.36;;;-0.86%
12/03/2021;39.51;39.51;39.51;39.51;;;0.38%
15/03/2021;39.39;39.39;39.39;39.39;;;-0.30%
16/03/2021;39.52;39.52;39.52;39.52;;;0.33%
17/03/2021;39.51;39.51;39.51;39.51;;;-0.03%
18/03/2021;39.73;39.73;39.73;39.73;;;0.56%
19/03/2021;40;40;40;40;;;0.68%
22/03/2021;39.53;39.53;39.53;39.53;;;-1.17%
23/03/2021;39.61;39.61;39.61;39.61;;;0.20%
24/03/2021;39.58;39.58;39.58;39.58;;;-0.08%
25/03/2021;39.95;39.95;39.95;39.95;;;0.93%
26/03/2021;39.78;39.78;39.78;39.78;;;-0.43%
29/03/2021;39.65;39.65;39.65;39.65;;;-0.33%
30/03/2021;39.48;39.48;39.48;39.48;;;-0.43%
31/03/2021;40.01;40.01;40.01;40.01;;;1.34%
01/04/2021;39.7;39.7;39.7;39.7;;;-0.77%
02/04/2021;39.73;39.73;39.73;39.73;;;0.08%
05/04/2021;39.73;39.73;39.73;39.73;;;0.00%
06/04/2021;39.38;39.38;39.38;39.38;;;-0.88%
07/04/2021;39.45;39.45;39.45;39.45;;;0.18%
08/04/2021;39.47;39.47;39.47;39.47;;;0.05%
09/04/2021;39.26;39.26;39.26;39.26;;;-0.53%
12/04/2021;39.35;39.35;39.35;39.35;;;0.23%
13/04/2021;39.68;39.68;39.68;39.68;;;0.84%
14/04/2021;40.17;40.17;40.17;40.17;;;1.23%
15/04/2021;40.79;40.79;40.79;40.79;;;1.54%
16/04/2021;41.03;41.03;41.03;41.03;;;0.59%
19/04/2021;42.85;42.85;42.85;42.85;;;4.44%
20/04/2021;43.51;43.51;43.51;43.51;;;1.54%
21/04/2021;44.32;44.32;44.32;44.32;;;1.86%
22/04/2021;45.39;45.39;45.39;45.39;;;2.41%
23/04/2021;46.57;46.57;46.57;46.57;;;2.60%
26/04/2021;46.5;46.5;46.5;46.5;;;-0.15%
27/04/2021;46.75;46.75;46.75;46.75;;;0.54%
28/04/2021;47.19;47.19;47.19;47.19;;;0.94%
29/04/2021;47.78;47.78;47.78;47.78;;;1.25%
30/04/2021;48.88;48.88;48.88;48.88;;;2.30%
03/05/2021;49.38;49.38;49.38;49.38;;;1.02%
04/05/2021;50.53;50.53;50.53;50.53;;;2.33%
05/05/2021;52.25;52.25;52.25;52.25;;;3.40%
06/05/2021;52.75;52.75;52.75;52.75;;;0.96%
07/05/2021;54.77;54.77;54.77;54.77;;;3.83%
10/05/2021;55.57;55.57;55.57;55.57;;;1.46%
11/05/2021;56.35;56.35;56.35;56.35;;;1.40%
12/05/2021;56.35;56.35;56.35;56.35;;;0.00%
14/05/2021;57.42;57.42;57.42;57.42;;;1.90%
17/05/2021;58.86;58.86;58.86;58.86;;;2.51%
18/05/2021;60.07;60.07;60.07;60.07;;;2.06%
19/05/2021;61.39;61.39;61.39;61.39;;;2.20%
20/05/2021;62.81;62.81;62.81;62.81;;;2.31%
21/05/2021;64.32;64.32;64.32;64.32;;;2.40%
24/05/2021;64.32;64.32;64.32;64.32;;;0.00%
25/05/2021;64.89;64.89;64.89;64.89;;;0.89%
26/05/2021;66.56;66.56;66.56;66.56;;;2.57%
27/05/2021;68.72;68.72;68.72;68.72;;;3.25%
28/05/2021;70.27;70.27;70.27;70.27;;;2.26%
31/05/2021;70.9;70.9;70.9;70.9;;;0.90%
01/06/2021;70.28;70.28;70.28;70.28;;;-0.87%
02/06/2021;70.23;70.23;70.23;70.23;;;-0.07%
03/06/2021;68.85;68.85;68.85;68.85;;;-1.96%
04/06/2021;68.25;68.25;68.25;68.25;;;-0.87%
07/06/2021;68.37;68.37;68.37;68.37;;;0.18%
08/06/2021;67.92;67.92;67.92;67.92;;;-0.66%
09/06/2021;68.37;68.37;68.37;68.37;;;0.66%
10/06/2021;68.74;68.74;68.74;68.74;;;0.54%
11/06/2021;69.87;69.87;69.87;69.87;;;1.64%
14/06/2021;69.58;69.58;69.58;69.58;;;-0.42%
15/06/2021;69.41;69.41;69.41;69.41;;;-0.24%
16/06/2021;70.6;70.6;70.6;70.6;;;1.71%
17/06/2021;70.48;70.48;70.48;70.48;;;-0.17%
18/06/2021;70.87;70.87;70.87;70.87;;;0.55%
21/06/2021;71.69;71.69;71.69;71.69;;;1.16%
22/06/2021;71.97;71.97;71.97;71.97;;;0.39%
23/06/2021;72.54;72.54;72.54;72.54;;;0.79%
24/06/2021;73.53;73.53;73.53;73.53;;;1.36%
25/06/2021;73.31;73.31;73.31;73.31;;;-0.30%
28/06/2021;73.27;73.27;73.27;73.27;;;-0.05%
29/06/2021;72.63;72.63;72.63;72.63;;;-0.87%
30/06/2021;72.54;72.54;72.54;72.54;;;-0.12%
01/07/2021;72.72;72.72;72.72;72.72;;;0.25%
02/07/2021;73.93;73.93;73.93;73.93;;;1.66%
05/07/2021;73.4;73.4;73.4;73.4;;;-0.72%
06/07/2021;74.72;74.72;74.72;74.72;;;1.80%
07/07/2021;76.78;76.78;76.78;76.78;;;2.76%
08/07/2021;76.79;76.79;76.79;76.79;;;0.01%
09/07/2021;77.57;77.57;77.57;77.57;;;1.02%
12/07/2021;77.62;77.62;77.62;77.62;;;0.06%
13/07/2021;77.41;77.41;77.41;77.41;;;-0.27%
14/07/2021;77.93;77.93;77.93;77.93;;;0.67%
15/07/2021;78.7;78.7;78.7;78.7;;;0.99%
16/07/2021;78.87;78.87;78.87;78.87;;;0.22%
19/07/2021;79.72;79.72;79.72;79.72;;;1.08%
20/07/2021;79.72;79.72;79.72;79.72;;;0.00%
21/07/2021;80.71;80.71;80.71;80.71;;;1.24%
22/07/2021;80.8;80.8;80.8;80.8;;;0.11%
23/07/2021;80.07;80.07;80.07;80.07;;;-0.90%
26/07/2021;79.59;79.59;79.59;79.59;;;-0.60%
27/07/2021;79.54;79.54;79.54;79.54;;;-0.06%
28/07/2021;78.85;78.85;78.85;78.85;;;-0.87%
29/07/2021;78.79;78.79;78.79;78.79;;;-0.08%
30/07/2021;77.61;77.61;77.61;77.61;;;-1.50%
02/08/2021;77.65;77.65;77.65;77.65;;;0.05%
03/08/2021;75.56;75.56;75.56;75.56;;;-2.69%
04/08/2021;77.47;77.47;77.47;77.47;;;2.53%
05/08/2021;77.48;77.48;77.48;77.48;;;0.01%
06/08/2021;77.69;77.69;77.69;77.69;;;0.27%
09/08/2021;79.54;79.54;79.54;79.54;;;2.38%
10/08/2021;80.26;80.26;80.26;80.26;;;0.91%
11/08/2021;82.05;82.05;82.05;82.05;;;2.23%
12/08/2021;84.37;84.37;84.37;84.37;;;2.83%
13/08/2021;84.88;84.88;84.88;84.88;;;0.60%
16/08/2021;87.4;87.4;87.4;87.4;;;2.97%
17/08/2021;87.37;87.37;87.37;87.37;;;-0.03%
18/08/2021;90.34;90.34;90.34;90.34;;;3.40%
19/08/2021;93.01;93.01;93.01;93.01;;;2.96%
20/08/2021;96.22;96.22;96.22;96.22;;;3.45%
23/08/2021;93.55;93.55;93.55;93.55;;;-2.77%
24/08/2021;91.15;91.15;91.15;91.15;;;-2.57%
25/08/2021;89.27;89.27;89.27;89.27;;;-2.06%
26/08/2021;89;89;89;89;;;-0.30%
27/08/2021;89.63;89.63;89.63;89.63;;;0.71%
30/08/2021;88.89;88.89;88.89;88.89;;;-0.83%
31/08/2021;87.17;87.17;87.17;87.17;;;-1.93%
01/09/2021;87.26;87.26;87.26;87.26;;;0.10%
02/09/2021;85;85;85;85;;;-2.59%
03/09/2021;85.33;85.33;85.33;85.33;;;0.39%
06/09/2021;83.39;83.39;83.39;83.39;;;-2.27%
07/09/2021;82.99;82.99;82.99;82.99;;;-0.48%
08/09/2021;82.76;82.76;82.76;82.76;;;-0.28%
09/09/2021;83.27;83.27;83.27;83.27;;;0.62%
10/09/2021;84.84;84.84;84.84;84.84;;;1.89%
13/09/2021;85.19;85.19;85.19;85.19;;;0.41%
14/09/2021;85.31;85.31;85.31;85.31;;;0.14%
15/09/2021;84.2;84.2;84.2;84.2;;;-1.30%
16/09/2021;84.57;84.57;84.57;84.57;;;0.44%
17/09/2021;84.61;84.61;84.61;84.61;;;0.05%
20/09/2021;84.7;84.7;84.7;84.7;;;0.11%
21/09/2021;87.06;87.06;87.06;87.06;;;2.79%
22/09/2021;85.95;85.95;85.95;85.95;;;-1.27%
23/09/2021;85.86;85.86;85.86;85.86;;;-0.10%
24/09/2021;85.28;85.28;85.28;85.28;;;-0.68%
27/09/2021;85.23;85.23;85.23;85.23;;;-0.06%
28/09/2021;86.07;86.07;86.07;86.07;;;0.99%
29/09/2021;85.82;85.82;85.82;85.82;;;-0.29%
30/09/2021;86.08;86.08;86.08;86.08;;;0.30%
01/10/2021;86.51;86.51;86.51;86.51;;;0.50%
04/10/2021;88.1;88.1;88.1;88.1;;;1.84%
05/10/2021;87.17;87.17;87.17;87.17;;;-1.06%
06/10/2021;87.03;87.03;87.03;87.03;;;-0.16%
07/10/2021;87.04;87.04;87.04;87.04;;;0.01%
08/10/2021;86.8;86.8;86.8;86.8;;;-0.28%
11/10/2021;86.73;86.73;86.73;86.73;;;-0.08%
12/10/2021;85.77;85.77;85.77;85.77;;;-1.11%
13/10/2021;87.16;87.16;87.16;87.16;;;1.62%
14/10/2021;86.46;86.46;86.46;86.46;;;-0.80%
15/10/2021;86.49;86.49;86.49;86.49;;;0.03%
18/10/2021;86.49;86.49;86.49;86.49;;;0.00%
19/10/2021;86.55;86.55;86.55;86.55;;;0.07%
20/10/2021;87.9;87.9;87.9;87.9;;;1.56%
21/10/2021;88.92;88.92;88.92;88.92;;;1.16%
22/10/2021;90.36;90.36;90.36;90.36;;;1.62%
25/10/2021;93.71;93.71;93.71;93.71;;;3.71%
26/10/2021;96.64;96.64;96.64;96.64;;;3.13%
27/10/2021;98.29;98.29;98.29;98.29;;;1.71%
28/10/2021;102.06;102.06;102.06;102.06;;;3.84%
29/10/2021;102.31;102.31;102.31;102.31;;;0.24%
01/11/2021;102.31;102.31;102.31;102.31;;;0.00%
02/11/2021;98.24;98.24;98.24;98.24;;;-3.98%
03/11/2021;98.49;98.49;98.49;98.49;;;0.25%
04/11/2021;99.69;99.69;99.69;99.69;;;1.22%
05/11/2021;98.83;98.83;98.83;98.83;;;-0.86%
08/11/2021;98.96;98.96;98.96;98.96;;;0.13%
09/11/2021;98.25;98.25;98.25;98.25;;;-0.72%
10/11/2021;100.79;100.79;100.79;100.79;;;2.59%
11/11/2021;97.82;97.82;97.82;97.82;;;-2.95%
12/11/2021;96.89;96.89;96.89;96.89;;;-0.95%
15/11/2021;96.89;96.89;96.89;96.89;;;0.00%
16/11/2021;97.33;97.33;97.33;97.33;;;0.45%
17/11/2021;98.08;98.08;98.08;98.08;;;0.77%
18/11/2021;99.71;99.71;99.71;99.71;;;1.66%
19/11/2021;102.22;102.22;102.22;102.22;;;2.52%
22/11/2021;104.65;104.65;104.65;104.65;;;2.38%
23/11/2021;101.49;101.49;101.49;101.49;;;-3.02%
24/11/2021;98.67;98.67;98.67;98.67;;;-2.78%
25/11/2021;98.96;98.96;98.96;98.96;;;0.29%
26/11/2021;101.21;101.21;101.21;101.21;;;2.27%
29/11/2021;103.19;103.19;103.19;103.19;;;1.96%
30/11/2021;103.09;103.09;103.09;103.09;;;-0.10%
01/12/2021;102.74;102.74;102.74;102.74;;;-0.34%
02/12/2021;102.7;102.7;102.7;102.7;;;-0.04%
03/12/2021;102.75;102.75;102.75;102.75;;;0.05%
06/12/2021;102.27;102.27;102.27;102.27;;;-0.47%
07/12/2021;104.83;104.83;104.83;104.83;;;2.50%
08/12/2021;104.75;104.75;104.75;104.75;;;-0.08%
09/12/2021;104.8;104.8;104.8;104.8;;;0.05%
10/12/2021;104;104;104;104;;;-0.76%
13/12/2021;104.19;104.19;104.19;104.19;;;0.18%
14/12/2021;104.05;104.05;104.05;104.05;;;-0.13%
15/12/2021;104.9;104.9;104.9;104.9;;;0.82%
16/12/2021;104.75;104.75;104.75;104.75;;;-0.14%
17/12/2021;104.03;104.03;104.03;104.03;;;-0.69%
20/12/2021;103.97;103.97;103.97;103.97;;;-0.06%
21/12/2021;103.82;103.82;103.82;103.82;;;-0.14%
22/12/2021;105.1;105.1;105.1;105.1;;;1.23%
23/12/2021;105.68;105.68;105.68;105.68;;;0.55%
24/12/2021;105.32;105.32;105.32;105.32;;;-0.34%
27/12/2021;105.8;105.8;105.8;105.8;;;0.46%
28/12/2021;106.05;106.05;106.05;106.05;;;0.24%
29/12/2021;106.23;106.23;106.23;106.23;;;0.17%
30/12/2021;108.71;108.71;108.71;108.71;;;2.33%
31/12/2021;110.11;110.11;110.11;110.11;;;1.29%
03/01/2022;106.31;106.31;106.31;106.31;;;-3.45%
04/01/2022;106.77;106.77;106.77;106.77;;;0.43%
05/01/2022;106.3;106.3;106.3;106.3;;;-0.44%
06/01/2022;106.44;106.44;106.44;106.44;;;0.13%
07/01/2022;107.45;107.45;107.45;107.45;;;0.95%
10/01/2022;108.97;108.97;108.97;108.97;;;1.41%
11/01/2022;108.74;108.74;108.74;108.74;;;-0.21%
12/01/2022;109.39;109.39;109.39;109.39;;;0.60%
13/01/2022;109.35;109.35;109.35;109.35;;;-0.04%
14/01/2022;109.09;109.09;109.09;109.09;;;-0.24%
17/01/2022;109.65;109.65;109.65;109.65;;;0.51%
18/01/2022;109.74;109.74;109.74;109.74;;;0.08%
19/01/2022;110.32;110.32;110.32;110.32;;;0.53%
20/01/2022;111.37;111.37;111.37;111.37;;;0.95%
21/01/2022;111.86;111.86;111.86;111.86;;;0.44%
24/01/2022;112.18;112.18;112.18;112.18;;;0.29%
25/01/2022;111.54;111.54;111.54;111.54;;;-0.57%
26/01/2022;112.22;112.22;112.22;112.22;;;0.61%
27/01/2022;112.52;112.52;112.52;112.52;;;0.27%
28/01/2022;112.64;112.64;112.64;112.64;;;0.11%
31/01/2022;115.96;115.96;115.96;115.96;;;2.95%
01/02/2022;115.79;115.79;115.79;115.79;;;-0.15%
02/02/2022;115.92;115.92;115.92;115.92;;;0.11%
03/02/2022;115.6;115.6;115.6;115.6;;;-0.28%
04/02/2022;114.53;114.53;114.53;114.53;;;-0.93%
07/02/2022;114.67;114.67;114.67;114.67;;;0.12%
08/02/2022;114.6;114.6;114.6;114.6;;;-0.06%
09/02/2022;114.67;114.67;114.67;114.67;;;0.06%
10/02/2022;115.08;115.08;115.08;115.08;;;0.36%
11/02/2022;114.39;114.39;114.39;114.39;;;-0.60%
14/02/2022;114.49;114.49;114.49;114.49;;;0.09%
15/02/2022;114.29;114.29;114.29;114.29;;;-0.17%
16/02/2022;114.71;114.71;114.71;114.71;;;0.37%
17/02/2022;115.04;115.04;115.04;115.04;;;0.29%
18/02/2022;115.92;115.92;115.92;115.92;;;0.76%
21/02/2022;114.99;114.99;114.99;114.99;;;-0.80%
22/02/2022;117.21;117.21;117.21;117.21;;;1.93%
23/02/2022;117.13;117.13;117.13;117.13;;;-0.07%
24/02/2022;116.24;116.24;116.24;116.24;;;-0.76%
25/02/2022;116.06;116.06;116.06;116.06;;;-0.15%
28/02/2022;116.42;116.42;116.42;116.42;;;0.31%
01/03/2022;117.58;117.58;117.58;117.58;;;1.00%
02/03/2022;117.1;117.1;117.1;117.1;;;-0.41%
03/03/2022;117.08;117.08;117.08;117.08;;;-0.02%
04/03/2022;116.01;116.01;116.01;116.01;;;-0.91%
07/03/2022;115.91;115.91;115.91;115.91;;;-0.09%
08/03/2022;113.91;113.91;113.91;113.91;;;-1.73%
09/03/2022;115.99;115.99;115.99;115.99;;;1.83%
10/03/2022;117.08;117.08;117.08;117.08;;;0.94%
11/03/2022;117.3;117.3;117.3;117.3;;;0.19%
14/03/2022;117.13;117.13;117.13;117.13;;;-0.14%
15/03/2022;114.75;114.75;114.75;114.75;;;-2.03%
16/03/2022;115.83;115.83;115.83;115.83;;;0.94%
17/03/2022;116.27;116.27;116.27;116.27;;;0.38%
18/03/2022;113.84;113.84;113.84;113.84;;;-2.09%
21/03/2022;113.97;113.97;113.97;113.97;;;0.11%
22/03/2022;115.91;115.91;115.91;115.91;;;1.70%
23/03/2022;113.56;113.56;113.56;113.56;;;-2.03%
24/03/2022;113.49;113.49;113.49;113.49;;;-0.06%
25/03/2022;113.79;113.79;113.79;113.79;;;0.26%
28/03/2022;113.22;113.22;113.22;113.22;;;-0.50%
29/03/2022;113.95;113.95;113.95;113.95;;;0.64%
30/03/2022;118.15;118.15;118.15;118.15;;;3.69%
31/03/2022;120.76;120.76;120.76;120.76;;;2.21%
01/04/2022;118.97;118.97;118.97;118.97;;;-1.48%
04/04/2022;118.35;118.35;118.35;118.35;;;-0.52%
05/04/2022;117.13;117.13;117.13;117.13;;;-1.03%
06/04/2022;116.23;116.23;116.23;116.23;;;-0.77%
07/04/2022;114.78;114.78;114.78;114.78;;;-1.25%
08/04/2022;115.35;115.35;115.35;115.35;;;0.50%
11/04/2022;117.96;117.96;117.96;117.96;;;2.26%
12/04/2022;115.61;115.61;115.61;115.61;;;-1.99%
13/04/2022;116.85;116.85;116.85;116.85;;;1.07%
14/04/2022;116.08;116.08;116.08;116.08;;;-0.66%
15/04/2022;118.28;118.28;118.28;118.28;;;1.90%
18/04/2022;118.28;118.28;118.28;118.28;;;0.00%
19/04/2022;122.25;122.25;122.25;122.25;;;3.36%
20/04/2022;124.08;124.08;124.08;124.08;;;1.50%
21/04/2022;127.01;127.01;127.01;127.01;;;2.36%
22/04/2022;124.47;124.47;124.47;124.47;;;-2.00%
25/04/2022;124.93;124.93;124.93;124.93;;;0.37%
26/04/2022;125.12;125.12;125.12;125.12;;;0.15%
27/04/2022;122.16;122.16;122.16;122.16;;;-2.37%
28/04/2022;122.16;122.16;122.16;122.16;;;0.00%
29/04/2022;123.08;123.08;123.08;123.08;;;0.75%
02/05/2022;123.08;123.08;123.08;123.08;;;0.00%
03/05/2022;121.05;121.05;121.05;121.05;;;-1.65%
04/05/2022;118.7;118.7;118.7;118.7;;;-1.94%
05/05/2022;117.12;117.12;117.12;117.12;;;-1.33%
06/05/2022;116.54;116.54;116.54;116.54;;;-0.50%
09/05/2022;116.67;116.67;116.67;116.67;;;0.11%
10/05/2022;115.39;115.39;115.39;115.39;;;-1.10%
11/05/2022;113.7;113.7;113.7;113.7;;;-1.46%
12/05/2022;113.51;113.51;113.51;113.51;;;-0.17%
13/05/2022;114.46;114.46;114.46;114.46;;;0.84%
16/05/2022;113.49;113.49;113.49;113.49;;;-0.85%
17/05/2022;111.91;111.91;111.91;111.91;;;-1.39%
18/05/2022;110.11;110.11;110.11;110.11;;;-1.61%
19/05/2022;109.41;109.41;109.41;109.41;;;-0.64%
20/05/2022;107.23;107.23;107.23;107.23;;;-1.99%
23/05/2022;105.7;105.7;105.7;105.7;;;-1.43%
24/05/2022;104.76;104.76;104.76;104.76;;;-0.89%
25/05/2022;103.96;103.96;103.96;103.96;;;-0.76%
26/05/2022;103.96;103.96;103.96;103.96;;;0.00%
27/05/2022;104.52;104.52;104.52;104.52;;;0.54%
30/05/2022;108.55;108.55;108.55;108.55;;;3.86%
31/05/2022;110.31;110.31;110.31;110.31;;;1.62%
01/06/2022;108.59;108.59;108.59;108.59;;;-1.56%
02/06/2022;107.7;107.7;107.7;107.7;;;-0.82%
03/06/2022;105.64;105.64;105.64;105.64;;;-1.91%
06/06/2022;105.64;105.64;105.64;105.64;;;0.00%
07/06/2022;110.3;110.3;110.3;110.3;;;4.41%
08/06/2022;109.09;109.09;109.09;109.09;;;-1.10%
09/06/2022;110.55;110.55;110.55;110.55;;;1.34%
10/06/2022;109.34;109.34;109.34;109.34;;;-1.09%
13/06/2022;112.9;112.9;112.9;112.9;;;3.26%
14/06/2022;115.79;115.79;115.79;115.79;;;2.56%
15/06/2022;116.7;116.7;116.7;116.7;;;0.79%
16/06/2022;116.72;116.72;116.72;116.72;;;0.02%
17/06/2022;116.81;116.81;116.81;116.81;;;0.08%
20/06/2022;116.82;116.82;116.82;116.82;;;0.01%
21/06/2022;116.83;116.83;116.83;116.83;;;0.01%
22/06/2022;117.28;117.28;117.28;117.28;;;0.39%
23/06/2022;116.52;116.52;116.52;116.52;;;-0.65%
24/06/2022;115.03;115.03;115.03;115.03;;;-1.28%
27/06/2022;113.78;113.78;113.78;113.78;;;-1.09%
28/06/2022;114.3;114.3;114.3;114.3;;;0.46%
29/06/2022;113.6;113.6;113.6;113.6;;;-0.61%
30/06/2022;115.01;115.01;115.01;115.01;;;1.24%
01/07/2022;115.19;115.19;115.19;115.19;;;0.16%
04/07/2022;114.04;114.04;114.04;114.04;;;-1.00%
05/07/2022;115.57;115.57;115.57;115.57;;;1.34%
06/07/2022;115.08;115.08;115.08;115.08;;;-0.42%
07/07/2022;115;115;115;115;;;-0.07%
08/07/2022;112.63;112.63;112.63;112.63;;;-2.06%
11/07/2022;115.48;115.48;115.48;115.48;;;2.53%
12/07/2022;115.02;115.02;115.02;115.02;;;-0.40%
13/07/2022;113.96;113.96;113.96;113.96;;;-0.92%
14/07/2022;114.88;114.88;114.88;114.88;;;0.81%
15/07/2022;114.53;114.53;114.53;114.53;;;-0.30%
18/07/2022;115.13;115.13;115.13;115.13;;;0.52%
19/07/2022;114.38;114.38;114.38;114.38;;;-0.65%
20/07/2022;114.5;114.5;114.5;114.5;;;0.10%
21/07/2022;114.51;114.51;114.51;114.51;;;0.01%
22/07/2022;114.68;114.68;114.68;114.68;;;0.15%
25/07/2022;114.78;114.78;114.78;114.78;;;0.09%
26/07/2022;114.78;114.78;114.78;114.78;;;0.00%
27/07/2022;116.09;116.09;116.09;116.09;;;1.14%
28/07/2022;116.43;116.43;116.43;116.43;;;0.29%
29/07/2022;111;111;111;111;;;-4.66%
01/08/2022;110.74;110.74;110.74;110.74;;;-0.23%
02/08/2022;110.31;110.31;110.31;110.31;;;-0.39%
03/08/2022;110.02;110.02;110.02;110.02;;;-0.26%
04/08/2022;109.16;109.16;109.16;109.16;;;-0.78%
05/08/2022;108.91;108.91;108.91;108.91;;;-0.23%
08/08/2022;108.91;108.91;108.91;108.91;;;0.00%
09/08/2022;108.14;108.14;108.14;108.14;;;-0.71%
10/08/2022;106.09;106.09;106.09;106.09;;;-1.90%
11/08/2022;106.72;106.72;106.72;106.72;;;0.59%
12/08/2022;107.33;107.33;107.33;107.33;;;0.57%
15/08/2022;107.33;107.33;107.33;107.33;;;0.00%
16/08/2022;106.93;106.93;106.93;106.93;;;-0.37%
17/08/2022;105.32;105.32;105.32;105.32;;;-1.51%
18/08/2022;102.91;102.91;102.91;102.91;;;-2.29%
19/08/2022;104.95;104.95;104.95;104.95;;;1.98%
22/08/2022;101.74;101.74;101.74;101.74;;;-3.06%
23/08/2022;101.71;101.71;101.71;101.71;;;-0.03%
24/08/2022;100.11;100.11;100.11;100.11;;;-1.57%
25/08/2022;100.23;100.23;100.23;100.23;;;0.12%
26/08/2022;100.46;100.46;100.46;100.46;;;0.23%
29/08/2022;97.91;97.91;97.91;97.91;;;-2.54%
30/08/2022;97.45;97.45;97.45;97.45;;;-0.47%
31/08/2022;101.22;101.22;101.22;101.22;;;3.87%
01/09/2022;98.19;98.19;98.19;98.19;;;-2.99%
02/09/2022;99.45;99.45;99.45;99.45;;;1.28%
05/09/2022;99.7;99.7;99.7;99.7;;;0.25%
06/09/2022;100.06;100.06;100.06;100.06;;;0.36%
07/09/2022;104.01;104.01;104.01;104.01;;;3.95%
08/09/2022;100.78;100.78;100.78;100.78;;;-3.11%
09/09/2022;100.71;100.71;100.71;100.71;;;-0.07%
12/09/2022;102.02;102.02;102.02;102.02;;;1.30%
13/09/2022;103.4;103.4;103.4;103.4;;;1.35%
14/09/2022;103.51;103.51;103.51;103.51;;;0.11%
15/09/2022;104.56;104.56;104.56;104.56;;;1.01%
16/09/2022;105.61;105.61;105.61;105.61;;;1.00%
19/09/2022;105.55;105.55;105.55;105.55;;;-0.06%
20/09/2022;104.64;104.64;104.64;104.64;;;-0.86%
21/09/2022;106.35;106.35;106.35;106.35;;;1.63%
22/09/2022;106.14;106.14;106.14;106.14;;;-0.20%
23/09/2022;106.06;106.06;106.06;106.06;;;-0.08%
26/09/2022;106.2;106.2;106.2;106.2;;;0.13%
27/09/2022;104.2;104.2;104.2;104.2;;;-1.88%
28/09/2022;103.93;103.93;103.93;103.93;;;-0.26%
29/09/2022;103.77;103.77;103.77;103.77;;;-0.15%
30/09/2022;103.57;103.57;103.57;103.57;;;-0.19%
03/10/2022;102.82;102.82;102.82;102.82;;;-0.72%
04/10/2022;102.84;102.84;102.84;102.84;;;0.02%
05/10/2022;102.75;102.75;102.75;102.75;;;-0.09%
06/10/2022;104.69;104.69;104.69;104.69;;;1.89%
07/10/2022;106.14;106.14;106.14;106.14;;;1.39%
10/10/2022;105.12;105.12;105.12;105.12;;;-0.96%
11/10/2022;105.47;105.47;105.47;105.47;;;0.33%
12/10/2022;103.34;103.34;103.34;103.34;;;-2.02%
13/10/2022;103.22;103.22;103.22;103.22;;;-0.12%
14/10/2022;103.26;103.26;103.26;103.26;;;0.04%
17/10/2022;104.18;104.18;104.18;104.18;;;0.89%
18/10/2022;104.01;104.01;104.01;104.01;;;-0.16%
19/10/2022;101.96;101.96;101.96;101.96;;;-1.97%
20/10/2022;101.33;101.33;101.33;101.33;;;-0.62%
21/10/2022;101.72;101.72;101.72;101.72;;;0.38%
24/10/2022;101.78;101.78;101.78;101.78;;;0.06%
25/10/2022;101.16;101.16;101.16;101.16;;;-0.61%
26/10/2022;103.1;103.1;103.1;103.1;;;1.92%
27/10/2022;105.65;105.65;105.65;105.65;;;2.47%
28/10/2022;105.35;105.35;105.35;105.35;;;-0.28%
31/10/2022;105.35;105.35;105.35;105.35;;;0.00%
01/11/2022;105.22;105.22;105.22;105.22;;;-0.12%
02/11/2022;105.28;105.28;105.28;105.28;;;0.06%
03/11/2022;105.54;105.54;105.54;105.54;;;0.25%
04/11/2022;102.87;102.87;102.87;102.87;;;-2.53%
07/11/2022;100.62;100.62;100.62;100.62;;;-2.19%
08/11/2022;97.65;97.65;97.65;97.65;;;-2.95%
09/11/2022;95.46;95.46;95.46;95.46;;;-2.24%
10/11/2022;95.9;95.9;95.9;95.9;;;0.46%
11/11/2022;95.18;95.18;95.18;95.18;;;-0.75%
14/11/2022;92.21;92.21;92.21;92.21;;;-3.12%
15/11/2022;92.21;92.21;92.21;92.21;;;0.00%
16/11/2022;93.27;93.27;93.27;93.27;;;1.15%
17/11/2022;94.19;94.19;94.19;94.19;;;0.99%
18/11/2022;93.36;93.36;93.36;93.36;;;-0.88%
21/11/2022;95.53;95.53;95.53;95.53;;;2.32%
22/11/2022;94.82;94.82;94.82;94.82;;;-0.74%
23/11/2022;94.06;94.06;94.06;94.06;;;-0.80%
24/11/2022;93.3;93.3;93.3;93.3;;;-0.81%
25/11/2022;92.32;92.32;92.32;92.32;;;-1.05%
28/11/2022;92.98;92.98;92.98;92.98;;;0.71%
29/11/2022;92.63;92.63;92.63;92.63;;;-0.38%
30/11/2022;92.63;92.63;92.63;92.63;;;0.00%
01/12/2022;92.63;92.63;92.63;92.63;;;0.00%
02/12/2022;95.06;95.06;95.06;95.06;;;2.62%
05/12/2022;95.84;95.84;95.84;95.84;;;0.82%
06/12/2022;96.76;96.76;96.76;96.76;;;0.96%
07/12/2022;97.24;97.24;97.24;97.24;;;0.50%
08/12/2022;98.67;98.67;98.67;98.67;;;1.47%
09/12/2022;100.91;100.91;100.91;100.91;;;2.27%
12/12/2022;100.45;100.45;100.45;100.45;;;-0.46%
13/12/2022;100.77;100.77;100.77;100.77;;;0.32%
14/12/2022;103.86;103.86;103.86;103.86;;;3.07%
15/12/2022;103.33;103.33;103.33;103.33;;;-0.51%
16/12/2022;103.17;103.17;103.17;103.17;;;-0.15%
19/12/2022;103.77;103.77;103.77;103.77;;;0.58%
20/12/2022;103.63;103.63;103.63;103.63;;;-0.13%
21/12/2022;104.67;104.67;104.67;104.67;;;1.00%
22/12/2022;104.59;104.59;104.59;104.59;;;-0.08%
23/12/2022;103.75;103.75;103.75;103.75;;;-0.80%
26/12/2022;103.75;103.75;103.75;103.75;;;0.00%
27/12/2022;104.14;104.14;104.14;104.14;;;0.38%
28/12/2022;104.26;104.26;104.26;104.26;;;0.12%
29/12/2022;103.27;103.27;103.27;103.27;;;-0.95%
30/12/2022;104.22;104.22;104.22;104.22;;;0.92%
02/01/2023;104.52;104.52;104.52;104.52;;;0.29%
03/01/2023;104.15;104.15;104.15;104.15;;;-0.35%
04/01/2023;103.48;103.48;103.48;103.48;;;-0.64%
05/01/2023;103.02;103.02;103.02;103.02;;;-0.44%
06/01/2023;100.28;100.28;100.28;100.28;;;-2.66%
09/01/2023;102.2;102.2;102.2;102.2;;;1.91%
10/01/2023;101.44;101.44;101.44;101.44;;;-0.74%
11/01/2023;99.29;99.29;99.29;99.29;;;-2.12%
12/01/2023;98.8;98.8;98.8;98.8;;;-0.49%
13/01/2023;98.74;98.74;98.74;98.74;;;-0.06%
16/01/2023;98.93;98.93;98.93;98.93;;;0.19%
17/01/2023;99.36;99.36;99.36;99.36;;;0.43%
18/01/2023;99.98;99.98;99.98;99.98;;;0.62%
19/01/2023;97.1;97.1;97.1;97.1;;;-2.88%
20/01/2023;97.5;97.5;97.5;97.5;;;0.41%
23/01/2023;97.84;97.84;97.84;97.84;;;0.35%
24/01/2023;96.65;96.65;96.65;96.65;;;-1.22%
25/01/2023;96.7;96.7;96.7;96.7;;;0.05%
26/01/2023;95.03;95.03;95.03;95.03;;;-1.73%
27/01/2023;94.77;94.77;94.77;94.77;;;-0.27%
30/01/2023;93.78;93.78;93.78;93.78;;;-1.04%
31/01/2023;95.25;95.25;95.25;95.25;;;1.57%
01/02/2023;96.15;96.15;96.15;96.15;;;0.94%
02/02/2023;94.47;94.47;94.47;94.47;;;-1.75%
03/02/2023;94.67;94.67;94.67;94.67;;;0.21%
06/02/2023;94.27;94.27;94.27;94.27;;;-0.42%
07/02/2023;95.72;95.72;95.72;95.72;;;1.54%
08/02/2023;97.21;97.21;97.21;97.21;;;1.56%
09/02/2023;99.36;99.36;99.36;99.36;;;2.21%
10/02/2023;99.53;99.53;99.53;99.53;;;0.17%
13/02/2023;98.91;98.91;98.91;98.91;;;-0.62%
14/02/2023;96.54;96.54;96.54;96.54;;;-2.40%
15/02/2023;97.86;97.86;97.86;97.86;;;1.37%
16/02/2023;97.91;97.91;97.91;97.91;;;0.05%
17/02/2023;98.14;98.14;98.14;98.14;;;0.23%
20/02/2023;97.94;97.94;97.94;97.94;;;-0.20%
21/02/2023;98.52;98.52;98.52;98.52;;;0.59%
22/02/2023;98.2;98.2;98.2;98.2;;;-0.32%
23/02/2023;98.08;98.08;98.08;98.08;;;-0.12%
24/02/2023;98.13;98.13;98.13;98.13;;;0.05%
27/02/2023;97.93;97.93;97.93;97.93;;;-0.20%
28/02/2023;97.49;97.49;97.49;97.49;;;-0.45%
01/03/2023;97.8;97.8;97.8;97.8;;;0.32%
02/03/2023;97.65;97.65;97.65;97.65;;;-0.15%
03/03/2023;97.51;97.51;97.51;97.51;;;-0.14%
06/03/2023;98.28;98.28;98.28;98.28;;;0.79%
07/03/2023;97.9;97.9;97.9;97.9;;;-0.39%
08/03/2023;97.67;97.67;97.67;97.67;;;-0.23%
09/03/2023;97.59;97.59;97.59;97.59;;;-0.08%
10/03/2023;97.18;97.18;97.18;97.18;;;-0.42%
13/03/2023;97.57;97.57;97.57;97.57;;;0.40%
14/03/2023;97.84;97.84;97.84;97.84;;;0.28%
15/03/2023;98.26;98.26;98.26;98.26;;;0.43%
16/03/2023;97.76;97.76;97.76;97.76;;;-0.51%
17/03/2023;97.82;97.82;97.82;97.82;;;0.06%
20/03/2023;97.29;97.29;97.29;97.29;;;-0.54%
21/03/2023;97.37;97.37;97.37;97.37;;;0.08%
22/03/2023;96.92;96.92;96.92;96.92;;;-0.46%
23/03/2023;97.06;97.06;97.06;97.06;;;0.14%
24/03/2023;98;98;98;98;;;0.97%
27/03/2023;98.08;98.08;98.08;98.08;;;0.08%
28/03/2023;98.58;98.58;98.58;98.58;;;0.51%
29/03/2023;98.56;98.56;98.56;98.56;;;-0.02%
30/03/2023;97.85;97.85;97.85;97.85;;;-0.72%
31/03/2023;97.35;97.35;97.35;97.35;;;-0.51%
03/04/2023;96.94;96.94;96.94;96.94;;;-0.42%
04/04/2023;98.71;98.71;98.71;98.71;;;1.83%
05/04/2023;98.33;98.33;98.33;98.33;;;-0.38%
06/04/2023;98.64;98.64;98.64;98.64;;;0.32%
07/04/2023;98.71;98.71;98.71;98.71;;;0.07%
10/04/2023;98.71;98.71;98.71;98.71;;;0.00%
11/04/2023;98.74;98.74;98.74;98.74;;;0.03%
12/04/2023;98.91;98.91;98.91;98.91;;;0.17%
13/04/2023;98.95;98.95;98.95;98.95;;;0.04%
14/04/2023;98.99;98.99;98.99;98.99;;;0.04%
17/04/2023;98.6;98.6;98.6;98.6;;;-0.39%
18/04/2023;98.6;98.6;98.6;98.6;;;0.00%
19/04/2023;98.5;98.5;98.5;98.5;;;-0.10%
20/04/2023;96.9;96.9;96.9;96.9;;;-1.62%
21/04/2023;96.9;96.9;96.9;96.9;;;0.00%
24/04/2023;95.37;95.37;95.37;95.37;;;-1.58%
25/04/2023;94.66;94.66;94.66;94.66;;;-0.74%
26/04/2023;96.1;96.1;96.1;96.1;;;1.52%
27/04/2023;95.69;95.69;95.69;95.69;;;-0.43%
28/04/2023;96.53;96.53;96.53;96.53;;;0.88%
01/05/2023;96.53;96.53;96.53;96.53;;;0.00%
02/05/2023;97.61;97.61;97.61;97.61;;;1.12%
03/05/2023;97.61;97.61;97.61;97.61;;;0.00%
04/05/2023;98.7;98.7;98.7;98.7;;;1.12%
05/05/2023;100.22;100.22;100.22;100.22;;;1.54%
08/05/2023;101.7;101.7;101.7;101.7;;;1.48%
09/05/2023;101.77;101.77;101.77;101.77;;;0.07%
10/05/2023;101.63;101.63;101.63;101.63;;;-0.14%
11/05/2023;101.34;101.34;101.34;101.34;;;-0.29%
12/05/2023;101.33;101.33;101.33;101.33;;;-0.01%
15/05/2023;99.93;99.93;99.93;99.93;;;-1.38%
16/05/2023;100.93;100.93;100.93;100.93;;;1.00%
17/05/2023;100.21;100.21;100.21;100.21;;;-0.71%
18/05/2023;100.21;100.21;100.21;100.21;;;0.00%
19/05/2023;100.47;100.47;100.47;100.47;;;0.26%
22/05/2023;98.81;98.81;98.81;98.81;;;-1.65%
23/05/2023;98.96;98.96;98.96;98.96;;;0.15%
24/05/2023;98.96;98.96;98.96;98.96;;;0.00%
25/05/2023;97.64;97.64;97.64;97.64;;;-1.33%
26/05/2023;97.72;97.72;97.72;97.72;;;0.08%
29/05/2023;97.72;97.72;97.72;97.72;;;0.00%
30/05/2023;97.75;97.75;97.75;97.75;;;0.03%
31/05/2023;98.97;98.97;98.97;98.97;;;1.25%
01/06/2023;97.1;97.1;97.1;97.1;;;-1.89%
02/06/2023;94.11;94.11;94.11;94.11;;;-3.08%
05/06/2023;94.36;94.36;94.36;94.36;;;0.27%
06/06/2023;94.09;94.09;94.09;94.09;;;-0.29%
07/06/2023;94.3;94.3;94.3;94.3;;;0.22%
08/06/2023;94.3;94.3;94.3;94.3;;;0.00%
09/06/2023;93.09;93.09;93.09;93.09;;;-1.28%
12/06/2023;93.4;93.4;93.4;93.4;;;0.33%
13/06/2023;94.56;94.56;94.56;94.56;;;1.24%
14/06/2023;94.42;94.42;94.42;94.42;;;-0.15%
15/06/2023;94.43;94.43;94.43;94.43;;;0.01%
16/06/2023;95.81;95.81;95.81;95.81;;;1.46%
19/06/2023;97.01;97.01;97.01;97.01;;;1.25%
20/06/2023;97.06;97.06;97.06;97.06;;;0.05%
21/06/2023;97.26;97.26;97.26;97.26;;;0.21%
22/06/2023;97.35;97.35;97.35;97.35;;;0.09%
23/06/2023;97.18;97.18;97.18;97.18;;;-0.17%
26/06/2023;97.02;97.02;97.02;97.02;;;-0.16%
27/06/2023;96.84;96.84;96.84;96.84;;;-0.19%
28/06/2023;96.84;96.84;96.84;96.84;;;0.00%
29/06/2023;97.04;97.04;97.04;97.04;;;0.21%
30/06/2023;97.08;97.08;97.08;97.08;;;0.04%
03/07/2023;97.11;97.11;97.11;97.11;;;0.03%
04/07/2023;97.12;97.12;97.12;97.12;;;0.01%
05/07/2023;97.39;97.39;97.39;97.39;;;0.28%
06/07/2023;97.54;97.54;97.54;97.54;;;0.15%
07/07/2023;97.65;97.65;97.65;97.65;;;0.11%
10/07/2023;99.15;99.15;99.15;99.15;;;1.54%
11/07/2023;98.99;98.99;98.99;98.99;;;-0.16%
12/07/2023;98.81;98.81;98.81;98.81;;;-0.18%
13/07/2023;99.54;99.54;99.54;99.54;;;0.74%
14/07/2023;99.65;99.65;99.65;99.65;;;0.11%
17/07/2023;100.91;100.91;100.91;100.91;;;1.26%
18/07/2023;101.75;101.75;101.75;101.75;;;0.83%
19/07/2023;101.51;101.51;101.51;101.51;;;-0.24%
20/07/2023;99.88;99.88;99.88;99.88;;;-1.61%
21/07/2023;100.07;100.07;100.07;100.07;;;0.19%
24/07/2023;101.02;101.02;101.02;101.02;;;0.95%
25/07/2023;100.54;100.54;100.54;100.54;;;-0.48%
26/07/2023;100.7;100.7;100.7;100.7;;;0.16%
27/07/2023;101.62;101.62;101.62;101.62;;;0.91%
28/07/2023;103.25;103.25;103.25;103.25;;;1.60%
31/07/2023;104.27;104.27;104.27;104.27;;;0.99%
01/08/2023;102.59;102.59;102.59;102.59;;;-1.61%
02/08/2023;102.85;102.85;102.85;102.85;;;0.25%
03/08/2023;102.8;102.8;102.8;102.8;;;-0.05%
04/08/2023;102.93;102.93;102.93;102.93;;;0.13%
07/08/2023;102.93;102.93;102.93;102.93;;;0.00%
08/08/2023;101.3;101.3;101.3;101.3;;;-1.58%
09/08/2023;102.15;102.15;102.15;102.15;;;0.84%
10/08/2023;101.06;101.06;101.06;101.06;;;-1.07%
11/08/2023;102.41;102.41;102.41;102.41;;;1.34%
14/08/2023;102.87;102.87;102.87;102.87;;;0.45%
15/08/2023;102.87;102.87;102.87;102.87;;;0.00%
16/08/2023;101.51;101.51;101.51;101.51;;;-1.32%
17/08/2023;101.18;101.18;101.18;101.18;;;-0.33%
18/08/2023;101.34;101.34;101.34;101.34;;;0.16%
21/08/2023;101.49;101.49;101.49;101.49;;;0.15%
22/08/2023;103.14;103.14;103.14;103.14;;;1.63%
23/08/2023;103.4;103.4;103.4;103.4;;;0.25%
24/08/2023;101.71;101.71;101.71;101.71;;;-1.63%
25/08/2023;101.47;101.47;101.47;101.47;;;-0.24%
28/08/2023;100.27;100.27;100.27;100.27;;;-1.18%
29/08/2023;98.92;98.92;98.92;98.92;;;-1.35%
30/08/2023;100.19;100.19;100.19;100.19;;;1.28%
31/08/2023;100.92;100.92;100.92;100.92;;;0.73%
01/09/2023;100.95;100.95;100.95;100.95;;;0.03%
04/09/2023;100.46;100.46;100.46;100.46;;;-0.49%
05/09/2023;102.12;102.12;102.12;102.12;;;1.65%
06/09/2023;102.55;102.55;102.55;102.55;;;0.42%
07/09/2023;102.61;102.61;102.61;102.61;;;0.06%
08/09/2023;102.56;102.56;102.56;102.56;;;-0.05%
11/09/2023;102.68;102.68;102.68;102.68;;;0.12%
12/09/2023;103.79;103.79;103.79;103.79;;;1.08%
13/09/2023;103.35;103.35;103.35;103.35;;;-0.42%
14/09/2023;101.96;101.96;101.96;101.96;;;-1.34%
15/09/2023;103.54;103.54;103.54;103.54;;;1.55%
18/09/2023;103.42;103.42;103.42;103.42;;;-0.12%
19/09/2023;103.09;103.09;103.09;103.09;;;-0.32%
20/09/2023;103.86;103.86;103.86;103.86;;;0.75%
21/09/2023;103.58;103.58;103.58;103.58;;;-0.27%
22/09/2023;103.56;103.56;103.56;103.56;;;-0.02%
25/09/2023;104.38;104.38;104.38;104.38;;;0.79%
26/09/2023;106.25;106.25;106.25;106.25;;;1.79%
27/09/2023;106.25;106.25;106.25;106.25;;;0.00%
28/09/2023;105.58;105.58;105.58;105.58;;;-0.63%
29/09/2023;107.14;107.14;107.14;107.14;;;1.48%
02/10/2023;104.48;104.48;104.48;104.48;;;-2.48%
03/10/2023;100.58;100.58;100.58;100.58;;;-3.73%
04/10/2023;96.99;96.99;96.99;96.99;;;-3.57%
05/10/2023;96.64;96.64;96.64;96.64;;;-0.36%
06/10/2023;100.11;100.11;100.11;100.11;;;3.59%
09/10/2023;99.83;99.83;99.83;99.83;;;-0.28%
10/10/2023;99.28;99.28;99.28;99.28;;;-0.55%
11/10/2023;100.89;100.89;100.89;100.89;;;1.62%
12/10/2023;101.17;101.17;101.17;101.17;;;0.28%
13/10/2023;103.57;103.57;103.57;103.57;;;2.37%
16/10/2023;103.41;103.41;103.41;103.41;;;-0.15%
17/10/2023;104.14;104.14;104.14;104.14;;;0.71%
18/10/2023;103.68;103.68;103.68;103.68;;;-0.44%
19/10/2023;103.01;103.01;103.01;103.01;;;-0.65%
20/10/2023;102.96;102.96;102.96;102.96;;;-0.05%
23/10/2023;101.03;101.03;101.03;101.03;;;-1.87%
24/10/2023;102.03;102.03;102.03;102.03;;;0.99%
25/10/2023;101.71;101.71;101.71;101.71;;;-0.31%
26/10/2023;99.93;99.93;99.93;99.93;;;-1.75%
27/10/2023;99.87;99.87;99.87;99.87;;;-0.06%
30/10/2023;101.63;101.63;101.63;101.63;;;1.76%
31/10/2023;101.53;101.53;101.53;101.53;;;-0.10%
01/11/2023;101.53;101.53;101.53;101.53;;;0.00%
02/11/2023;100.76;100.76;100.76;100.76;;;-0.76%
03/11/2023;101.47;101.47;101.47;101.47;;;0.70%
06/11/2023;101.16;101.16;101.16;101.16;;;-0.31%
07/11/2023;101.31;101.31;101.31;101.31;;;0.15%
08/11/2023;101.27;101.27;101.27;101.27;;;-0.04%
09/11/2023;101.6;101.6;101.6;101.6;;;0.33%
10/11/2023;99.89;99.89;99.89;99.89;;;-1.68%
13/11/2023;99.96;99.96;99.96;99.96;;;0.07%
14/11/2023;100.51;100.51;100.51;100.51;;;0.55%
15/11/2023;100.51;100.51;100.51;100.51;;;0.00%
16/11/2023;101.52;101.52;101.52;101.52;;;1.00%
17/11/2023;101.22;101.22;101.22;101.22;;;-0.30%
20/11/2023;100.37;100.37;100.37;100.37;;;-0.84%
21/11/2023;100.92;100.92;100.92;100.92;;;0.55%
22/11/2023;100.15;100.15;100.15;100.15;;;-0.76%
23/11/2023;100.27;100.27;100.27;100.27;;;0.12%
24/11/2023;101.23;101.23;101.23;101.23;;;0.96%
27/11/2023;102.96;102.96;102.96;102.96;;;1.71%
28/11/2023;103.66;103.66;103.66;103.66;;;0.68%
29/11/2023;103.87;103.87;103.87;103.87;;;0.20%
30/11/2023;103.11;103.11;103.11;103.11;;;-0.73%
01/12/2023;102.6;102.6;102.6;102.6;;;-0.49%
04/12/2023;102.93;102.93;102.93;102.93;;;0.32%
05/12/2023;103.12;103.12;103.12;103.12;;;0.18%
06/12/2023;103.04;103.04;103.04;103.04;;;-0.08%
07/12/2023;102.9;102.9;102.9;102.9;;;-0.14%
08/12/2023;102.95;102.95;102.95;102.95;;;0.05%
11/12/2023;102.9;102.9;102.9;102.9;;;-0.05%
12/12/2023;102.58;102.58;102.58;102.58;;;-0.31%
13/12/2023;101.09;101.09;101.09;101.09;;;-1.45%
14/12/2023;102.71;102.71;102.71;102.71;;;1.60%
15/12/2023;101;101;101;101;;;-1.66%
18/12/2023;102.67;102.67;102.67;102.67;;;1.65%
19/12/2023;99.09;99.09;99.09;99.09;;;-3.49%
20/12/2023;101.6;101.6;101.6;101.6;;;2.53%
21/12/2023;100.85;100.85;100.85;100.85;;;-0.74%
22/12/2023;103.53;103.53;103.53;103.53;;;2.66%
25/12/2023;103.53;103.53;103.53;103.53;;;0.00%
26/12/2023;102.81;102.81;102.81;102.81;;;-0.70%
27/12/2023;102.27;102.27;102.27;102.27;;;-0.53%
28/12/2023;101.69;101.69;101.69;101.69;;;-0.57%
29/12/2023;101.03;101.03;101.03;101.03;;;-0.65%
01/01/2024;101.03;101.03;101.03;101.03;;;0.00%
02/01/2024;101.75;101.75;101.75;101.75;;;0.71%
03/01/2024;100.72;100.72;100.72;100.72;;;-1.01%
04/01/2024;101.27;101.27;101.27;101.27;;;0.55%
05/01/2024;101.85;101.85;101.85;101.85;;;0.57%
08/01/2024;101.51;101.51;101.51;101.51;;;-0.33%
09/01/2024;101.75;101.75;101.75;101.75;;;0.24%
10/01/2024;101.58;101.58;101.58;101.58;;;-0.17%
11/01/2024;99.86;99.86;99.86;99.86;;;-1.69%
12/01/2024;101.28;101.28;101.28;101.28;;;1.42%
15/01/2024;100.85;100.85;100.85;100.85;;;-0.42%
16/01/2024;100.81;100.81;100.81;100.81;;;-0.04%
17/01/2024;99.61;99.61;99.61;99.61;;;-1.19%
18/01/2024;100.43;100.43;100.43;100.43;;;0.82%
19/01/2024;100.26;100.26;100.26;100.26;;;-0.17%
22/01/2024;99.79;99.79;99.79;99.79;;;-0.47%
23/01/2024;99.87;99.87;99.87;99.87;;;0.08%
24/01/2024;99.86;99.86;99.86;99.86;;;-0.01%
25/01/2024;100.29;100.29;100.29;100.29;;;0.43%
26/01/2024;100.54;100.54;100.54;100.54;;;0.25%
29/01/2024;100.38;100.38;100.38;100.38;;;-0.16%
30/01/2024;100.42;100.42;100.42;100.42;;;0.04%
31/01/2024;100.32;100.32;100.32;100.32;;;-0.10%
01/02/2024;101.43;101.43;101.43;101.43;;;1.11%
02/02/2024;101.27;101.27;101.27;101.27;;;-0.16%
05/02/2024;101.42;101.42;101.42;101.42;;;0.15%
06/02/2024;101.27;101.27;101.27;101.27;;;-0.15%
07/02/2024;100.96;100.96;100.96;100.96;;;-0.31%
08/02/2024;100.64;100.64;100.64;100.64;;;-0.32%
09/02/2024;101.32;101.32;101.32;101.32;;;0.68%
12/02/2024;101.32;101.32;101.32;101.32;;;0.00%
13/02/2024;100.86;100.86;100.86;100.86;;;-0.45%
14/02/2024;101.22;101.22;101.22;101.22;;;0.36%
15/02/2024;101.74;101.74;101.74;101.74;;;0.51%
16/02/2024;101.6;101.6;101.6;101.6;;;-0.14%
19/02/2024;101.74;101.74;101.74;101.74;;;0.14%
20/02/2024;101.3;101.3;101.3;101.3;;;-0.43%
21/02/2024;102.19;102.19;102.19;102.19;;;0.88%
22/02/2024;102.53;102.53;102.53;102.53;;;0.33%
23/02/2024;102.66;102.66;102.66;102.66;;;0.13%
26/02/2024;101.53;101.53;101.53;101.53;;;-1.10%
27/02/2024;101.45;101.45;101.45;101.45;;;-0.08%
28/02/2024;101.52;101.52;101.52;101.52;;;0.07%
29/02/2024;101.91;101.91;101.91;101.91;;;0.38%
01/03/2024;101.62;101.62;101.62;101.62;;;-0.28%
04/03/2024;101.27;101.27;101.27;101.27;;;-0.34%
05/03/2024;101.33;101.33;101.33;101.33;;;0.06%
06/03/2024;99.83;99.83;99.83;99.83;;;-1.48%
07/03/2024;101.04;101.04;101.04;101.04;;;1.21%
08/03/2024;100.84;100.84;100.84;100.84;;;-0.20%
11/03/2024;100.16;100.16;100.16;100.16;;;-0.67%
12/03/2024;100.96;100.96;100.96;100.96;;;0.80%
13/03/2024;101.19;101.19;101.19;101.19;;;0.23%
14/03/2024;100.79;100.79;100.79;100.79;;;-0.40%
15/03/2024;100.95;100.95;100.95;100.95;;;0.16%
18/03/2024;102.33;102.33;102.33;102.33;;;1.37%
19/03/2024;102.95;102.95;102.95;102.95;;;0.61%
20/03/2024;102.91;102.91;102.91;102.91;;;-0.04%
21/03/2024;101.83;101.83;101.83;101.83;;;-1.05%
22/03/2024;101.3;101.3;101.3;101.3;;;-0.52%
25/03/2024;101.57;101.57;101.57;101.57;;;0.27%
26/03/2024;103.11;103.11;103.11;103.11;;;1.52%
27/03/2024;102.09;102.09;102.09;102.09;;;-0.99%
28/03/2024;102.15;102.15;102.15;102.15;;;0.06%
29/03/2024;102.16;102.16;102.16;102.16;;;0.01%
01/04/2024;102.16;102.16;102.16;102.16;;;0.00%
02/04/2024;102.78;102.78;102.78;102.78;;;0.61%
03/04/2024;103.55;103.55;103.55;103.55;;;0.75%
04/04/2024;103.01;103.01;103.01;103.01;;;-0.52%
05/04/2024;102.98;102.98;102.98;102.98;;;-0.03%
08/04/2024;102.8;102.8;102.8;102.8;;;-0.17%
09/04/2024;102.75;102.75;102.75;102.75;;;-0.05%
10/04/2024;102.75;102.75;102.75;102.75;;;0.00%
11/04/2024;103.1;103.1;103.1;103.1;;;0.34%
12/04/2024;102.81;102.81;102.81;102.81;;;-0.28%
15/04/2024;102.76;102.76;102.76;102.76;;;-0.05%
16/04/2024;101.17;101.17;101.17;101.17;;;-1.55%
17/04/2024;102.78;102.78;102.78;102.78;;;1.59%
18/04/2024;102.99;102.99;102.99;102.99;;;0.20%
19/04/2024;102.69;102.69;102.69;102.69;;;-0.29%
22/04/2024;103.06;103.06;103.06;103.06;;;0.36%
23/04/2024;103.11;103.11;103.11;103.11;;;0.05%
24/04/2024;102.05;102.05;102.05;102.05;;;-1.03%
25/04/2024;103.07;103.07;103.07;103.07;;;1.00%
26/04/2024;104.09;104.09;104.09;104.09;;;0.99%
29/04/2024;103.43;103.43;103.43;103.43;;;-0.63%
30/04/2024;104.24;104.24;104.24;104.24;;;0.78%
01/05/2024;104.24;104.24;104.24;104.24;;;0.00%
02/05/2024;103.91;103.91;103.91;103.91;;;-0.32%
03/05/2024;103.42;103.42;103.42;103.42;;;-0.47%
06/05/2024;103.78;103.78;103.78;103.78;;;0.35%
07/05/2024;105.41;105.41;105.41;105.41;;;1.57%
08/05/2024;105.79;105.79;105.79;105.79;;;0.36%
09/05/2024;105.79;105.79;105.79;105.79;;;0.00%
10/05/2024;105.28;105.28;105.28;105.28;;;-0.48%
13/05/2024;104.98;104.98;104.98;104.98;;;-0.28%
14/05/2024;105.24;105.24;105.24;105.24;;;0.25%
15/05/2024;104.56;104.56;104.56;104.56;;;-0.65%
16/05/2024;104.7;104.7;104.7;104.7;;;0.13%
17/05/2024;104.46;104.46;104.46;104.46;;;-0.23%
20/05/2024;104.46;104.46;104.46;104.46;;;0.00%
21/05/2024;103.97;103.97;103.97;103.97;;;-0.47%
22/05/2024;103.89;103.89;103.89;103.89;;;-0.08%
23/05/2024;103.87;103.87;103.87;103.87;;;-0.02%
24/05/2024;104.56;104.56;104.56;104.56;;;0.66%
27/05/2024;105.4;105.4;105.4;105.4;;;0.80%
28/05/2024;104.92;104.92;104.92;104.92;;;-0.46%
29/05/2024;104.37;104.37;104.37;104.37;;;-0.52%
30/05/2024;104.5;104.5;104.5;104.5;;;0.12%
31/05/2024;105.7;105.7;105.7;105.7;;;1.15%
03/06/2024;104.3;104.3;104.3;104.3;;;-1.32%
04/06/2024;105.99;105.99;105.99;105.99;;;1.62%
05/06/2024;106.92;106.92;106.92;106.92;;;0.88%
06/06/2024;106.73;106.73;106.73;106.73;;;-0.18%
07/06/2024;105.59;105.59;105.59;105.59;;;-1.07%
10/06/2024;106.93;106.93;106.93;106.93;;;1.27%
11/06/2024;106.44;106.44;106.44;106.44;;;-0.46%
12/06/2024;106.16;106.16;106.16;106.16;;;-0.26%
13/06/2024;106.33;106.33;106.33;106.33;;;0.16%
14/06/2024;106.69;106.69;106.69;106.69;;;0.34%
18/06/2024;107.97;107.97;107.97;107.97;;;1.20%
19/06/2024;105.99;105.99;105.99;105.99;;;-1.83%
20/06/2024;105.88;105.88;105.88;105.88;;;-0.10%
21/06/2024;105.76;105.76;105.76;105.76;;;-0.11%
24/06/2024;106.98;106.98;106.98;106.98;;;1.15%
25/06/2024;106.28;106.28;106.28;106.28;;;-0.65%
26/06/2024;106.14;106.14;106.14;106.14;;;-0.13%
27/06/2024;105.6;105.6;105.6;105.6;;;-0.51%
28/06/2024;107.24;107.24;107.24;107.24;;;1.55%
01/07/2024;106.37;106.37;106.37;106.37;;;-0.81%
02/07/2024;106.15;106.15;106.15;106.15;;;-0.21%
03/07/2024;105.69;105.69;105.69;105.69;;;-0.43%
04/07/2024;105.73;105.73;105.73;105.73;;;0.04%
05/07/2024;107.01;107.01;107.01;107.01;;;1.21%
08/07/2024;106.11;106.11;106.11;106.11;;;-0.84%
09/07/2024;106.09;106.09;106.09;106.09;;;-0.02%
10/07/2024;105.87;105.87;105.87;105.87;;;-0.21%
11/07/2024;105.53;105.53;105.53;105.53;;;-0.32%
12/07/2024;105.51;105.51;105.51;105.51;;;-0.02%
15/07/2024;106.09;106.09;106.09;106.09;;;0.55%
16/07/2024;106.2;106.2;106.2;106.2;;;0.10%
17/07/2024;106.51;106.51;106.51;106.51;;;0.29%
18/07/2024;106.55;106.55;106.55;106.55;;;0.04%
19/07/2024;106.69;106.69;106.69;106.69;;;0.13%
22/07/2024;107.11;107.11;107.11;107.11;;;0.39%
23/07/2024;106.81;106.81;106.81;106.81;;;-0.28%
24/07/2024;106.8;106.8;106.8;106.8;;;-0.01%
25/07/2024;106.34;106.34;106.34;106.34;;;-0.43%
26/07/2024;107.33;107.33;107.33;107.33;;;0.93%
29/07/2024;106.64;106.64;106.64;106.64;;;-0.64%
30/07/2024;107.18;107.18;107.18;107.18;;;0.51%
31/07/2024;108.22;108.22;108.22;108.22;;;0.97%
01/08/2024;106;106;106;106;;;-2.05%
02/08/2024;107.4;107.4;107.4;107.4;;;1.32%
05/08/2024;106.52;106.52;106.52;106.52;;;-0.82%
06/08/2024;106.07;106.07;106.07;106.07;;;-0.42%
07/08/2024;106.07;106.07;106.07;106.07;;;0.00%
08/08/2024;105.94;105.94;105.94;105.94;;;-0.12%
09/08/2024;106.25;106.25;106.25;106.25;;;0.29%
12/08/2024;105.66;105.66;105.66;105.66;;;-0.56%
13/08/2024;105.51;105.51;105.51;105.51;;;-0.14%
14/08/2024;105.51;105.51;105.51;105.51;;;0.00%
15/08/2024;105.51;105.51;105.51;105.51;;;0.00%
16/08/2024;104.55;104.55;104.55;104.55;;;-0.91%
19/08/2024;104.21;104.21;104.21;104.21;;;-0.33%
20/08/2024;104.06;104.06;104.06;104.06;;;-0.14%
21/08/2024;105.39;105.39;105.39;105.39;;;1.28%
22/08/2024;104.98;104.98;104.98;104.98;;;-0.39%
23/08/2024;105.04;105.04;105.04;105.04;;;0.06%
26/08/2024;105.12;105.12;105.12;105.12;;;0.08%
27/08/2024;106;106;106;106;;;0.84%
28/08/2024;105.5;105.5;105.5;105.5;;;-0.47%
29/08/2024;105.56;105.56;105.56;105.56;;;0.06%
30/08/2024;106.51;106.51;106.51;106.51;;;0.90%
02/09/2024;106.41;106.41;106.41;106.41;;;-0.09%
03/09/2024;107.73;107.73;107.73;107.73;;;1.24%
04/09/2024;108.18;108.18;108.18;108.18;;;0.42%
05/09/2024;108.31;108.31;108.31;108.31;;;0.12%
06/09/2024;108.82;108.82;108.82;108.82;;;0.47%
09/09/2024;108.32;108.32;108.32;108.32;;;-0.46%
10/09/2024;108.5;108.5;108.5;108.5;;;0.17%
11/09/2024;108.66;108.66;108.66;108.66;;;0.15%
12/09/2024;109.87;109.87;109.87;109.87;;;1.11%
13/09/2024;108.8;108.8;108.8;108.8;;;-0.97%
16/09/2024;109.57;109.57;109.57;109.57;;;0.71%
17/09/2024;109.8;109.8;109.8;109.8;;;0.21%
18/09/2024;108.31;108.31;108.31;108.31;;;-1.36%
19/09/2024;110.03;110.03;110.03;110.03;;;1.59%
20/09/2024;112.19;112.19;112.19;112.19;;;1.96%
23/09/2024;112.73;112.73;112.73;112.73;;;0.48%
24/09/2024;113.5;113.5;113.5;113.5;;;0.68%
25/09/2024;113.55;113.55;113.55;113.55;;;0.04%
26/09/2024;111.94;111.94;111.94;111.94;;;-1.42%
27/09/2024;113.68;113.68;113.68;113.68;;;1.55%
30/09/2024;115.53;115.53;115.53;115.53;;;1.63%
01/10/2024;118.62;118.62;118.62;118.62;;;2.67%
02/10/2024;117.92;117.92;117.92;117.92;;;-0.59%
03/10/2024;120.84;120.84;120.84;120.84;;;2.48%
04/10/2024;122.12;122.12;122.12;122.12;;;1.06%
07/10/2024;123.89;123.89;123.89;123.89;;;1.45%
08/10/2024;127.19;127.19;127.19;127.19;;;2.66%
09/10/2024;129.38;129.38;129.38;129.38;;;1.72%
10/10/2024;129.84;129.84;129.84;129.84;;;0.36%
11/10/2024;132.7;132.7;132.7;132.7;;;2.20%
14/10/2024;129.18;129.18;129.18;129.18;;;-2.65%
15/10/2024;127.02;127.02;127.02;127.02;;;-1.67%
16/10/2024;124.87;124.87;124.87;124.87;;;-1.69%
17/10/2024;124.46;124.46;124.46;124.46;;;-0.33%
18/10/2024;123.41;123.41;123.41;123.41;;;-0.84%
21/10/2024;126.1;126.1;126.1;126.1;;;2.18%
22/10/2024;129.02;129.02;129.02;129.02;;;2.32%
23/10/2024;130.4;130.4;130.4;130.4;;;1.07%
24/10/2024;130.14;130.14;130.14;130.14;;;-0.20%
25/10/2024;129.95;129.95;129.95;129.95;;;-0.15%
28/10/2024;130.12;130.12;130.12;130.12;;;0.13%
29/10/2024;129.4;129.4;129.4;129.4;;;-0.55%
30/10/2024;130.26;130.26;130.26;130.26;;;0.66%
31/10/2024;128.93;128.93;128.93;128.93;;;-1.02%
01/11/2024;128.93;128.93;128.93;128.93;;;0.00%
04/11/2024;128.48;128.48;128.48;128.48;;;-0.35%
05/11/2024;124.92;124.92;124.92;124.92;;;-2.77%
06/11/2024;124.79;124.79;124.79;124.79;;;-0.10%
07/11/2024;124.56;124.56;124.56;124.56;;;-0.18%
08/11/2024;124.51;124.51;124.51;124.51;;;-0.04%
11/11/2024;121.24;121.24;121.24;121.24;;;-2.63%
12/11/2024;118.6;118.6;118.6;118.6;;;-2.18%
13/11/2024;118.76;118.76;118.76;118.76;;;0.13%
14/11/2024;117.48;117.48;117.48;117.48;;;-1.08%
15/11/2024;117.48;117.48;117.48;117.48;;;0.00%
18/11/2024;117.7;117.7;117.7;117.7;;;0.19%
19/11/2024;119.43;119.43;119.43;119.43;;;1.47%
20/11/2024;119.87;119.87;119.87;119.87;;;0.37%
21/11/2024;123.02;123.02;123.02;123.02;;;2.63%
22/11/2024;125.89;125.89;125.89;125.89;;;2.33%
25/11/2024;126.12;126.12;126.12;126.12;;;0.18%
26/11/2024;125.81;125.81;125.81;125.81;;;-0.25%
27/11/2024;123.17;123.17;123.17;123.17;;;-2.10%
28/11/2024;121.32;121.32;121.32;121.32;;;-1.50%
29/11/2024;121.52;121.52;121.52;121.52;;;0.16%
02/12/2024;123.63;123.63;123.63;123.63;;;1.74%
03/12/2024;126.01;126.01;126.01;126.01;;;1.93%
04/12/2024;126.48;126.48;126.48;126.48;;;0.37%
05/12/2024;123.46;123.46;123.46;123.46;;;-2.39%
06/12/2024;125.96;125.96;125.96;125.96;;;2.02%
09/12/2024;125.94;125.94;125.94;125.94;;;-0.02%
10/12/2024;125.84;125.84;125.84;125.84;;;-0.08%
11/12/2024;125.45;125.45;125.45;125.45;;;-0.31%
12/12/2024;123.06;123.06;123.06;123.06;;;-1.91%
13/12/2024;120.47;120.47;120.47;120.47;;;-2.10%
16/12/2024;122.72;122.72;122.72;122.72;;;1.87%
17/12/2024;119.9;119.9;119.9;119.9;;;-2.30%
18/12/2024;121.97;121.97;121.97;121.97;;;1.73%
19/12/2024;122.19;122.19;122.19;122.19;;;0.18%
20/12/2024;122.04;122.04;122.04;122.04;;;-0.12%
23/12/2024;122.04;122.04;122.04;122.04;;;0.00%
24/12/2024;121.59;121.59;121.59;121.59;;;-0.37%
25/12/2024;121.59;121.59;121.59;121.59;;;0.00%
26/12/2024;120.81;120.81;120.81;120.81;;;-0.64%
27/12/2024;118.06;118.06;118.06;118.06;;;-2.28%
30/12/2024;117.64;117.64;117.64;117.64;;;-0.36%
02/01/2025;120.71;120.71;120.71;120.71;;;2.61%
03/01/2025;117.82;117.82;117.82;117.82;;;-2.39%
06/01/2025;120.67;120.67;120.67;120.67;;;2.42%
07/01/2025;119.35;119.35;119.35;119.35;;;-1.09%
08/01/2025;121.08;121.08;121.08;121.08;;;1.45%
09/01/2025;120.54;120.54;120.54;120.54;;;-0.45%
10/01/2025;120.54;120.54;120.54;120.54;;;0.00%
13/01/2025;119.53;119.53;119.53;119.53;;;-0.84%
14/01/2025;119.52;119.52;119.52;119.52;;;-0.01%
15/01/2025;118.94;118.94;118.94;118.94;;;-0.49%
16/01/2025;117.96;117.96;117.96;117.96;;;-0.82%
17/01/2025;117.3;117.3;117.3;117.3;;;-0.56%
20/01/2025;118.61;118.61;118.61;118.61;;;1.12%
21/01/2025;119.03;119.03;119.03;119.03;;;0.35%
22/01/2025;115.54;115.54;115.54;115.54;;;-2.93%
23/01/2025;117.8;117.8;117.8;117.8;;;1.96%
24/01/2025;116.39;116.39;116.39;116.39;;;-1.20%
27/01/2025;117.1;117.1;117.1;117.1;;;0.61%
28/01/2025;120.13;120.13;120.13;120.13;;;2.59%
29/01/2025;119.93;119.93;119.93;119.93;;;-0.17%
30/01/2025;117.77;117.77;117.77;117.77;;;-1.80%
31/01/2025;119.54;119.54;119.54;119.54;;;1.50%
03/02/2025;120.3;120.3;120.3;120.3;;;0.64%
04/02/2025;122.23;122.23;122.23;122.23;;;1.60%
05/02/2025;122.58;122.58;122.58;122.58;;;0.29%
06/02/2025;123.19;123.19;123.19;123.19;;;0.50%
07/02/2025;123.07;123.07;123.07;123.07;;;-0.10%
10/02/2025;124.05;124.05;124.05;124.05;;;0.80%
11/02/2025;121.18;121.18;121.18;121.18;;;-2.31%
12/02/2025;124.96;124.96;124.96;124.96;;;3.12%
13/02/2025;125.59;125.59;125.59;125.59;;;0.50%
14/02/2025;125.89;125.89;125.89;125.89;;;0.24%
17/02/2025;127.56;127.56;127.56;127.56;;;1.33%
18/02/2025;128.88;128.88;128.88;128.88;;;1.03%
19/02/2025;128.87;128.87;128.87;128.87;;;-0.01%
20/02/2025;127.1;127.1;127.1;127.1;;;-1.37%
21/02/2025;130.65;130.65;130.65;130.65;;;2.79%
24/02/2025;131.05;131.05;131.05;131.05;;;0.31%
25/02/2025;130.96;130.96;130.96;130.96;;;-0.07%
26/02/2025;128.56;128.56;128.56;128.56;;;-1.83%
27/02/2025;131.23;131.23;131.23;131.23;;;2.08%
28/02/2025;131.9;131.9;131.9;131.9;;;0.51%
03/03/2025;131.61;131.61;131.61;131.61;;;-0.22%
04/03/2025;131.52;131.52;131.52;131.52;;;-0.07%
05/03/2025;133.34;133.34;133.34;133.34;;;1.38%
06/03/2025;134.28;134.28;134.28;134.28;;;0.70%
07/03/2025;136.68;136.68;136.68;136.68;;;1.79%
10/03/2025;139.26;139.26;139.26;139.26;;;1.89%
11/03/2025;138.82;138.82;138.82;138.82;;;-0.32%
12/03/2025;140.34;140.34;140.34;140.34;;;1.09%
13/03/2025;138.68;138.68;138.68;138.68;;;-1.18%
14/03/2025;141.53;141.53;141.53;141.53;;;2.06%
17/03/2025;141.73;141.73;141.73;141.73;;;0.14%
18/03/2025;142.11;142.11;142.11;142.11;;;0.27%
19/03/2025;140.52;140.52;140.52;140.52;;;-1.12%
20/03/2025;140.7;140.7;140.7;140.7;;;0.13%
21/03/2025;143.15;143.15;143.15;143.15;;;1.74%
24/03/2025;141.93;141.93;141.93;141.93;;;-0.85%
25/03/2025;139.83;139.83;139.83;139.83;;;-1.48%
26/03/2025;140;140;140;140;;;0.12%
27/03/2025;140;140;140;140;;;0.00%
28/03/2025;140.06;140.06;140.06;140.06;;;0.04%
31/03/2025;140.06;140.06;140.06;140.06;;;0.00%
01/04/2025;139.69;139.69;139.69;139.69;;;-0.26%
02/04/2025;138.11;138.11;138.11;138.11;;;-1.13%
03/04/2025;139.28;139.28;139.28;139.28;;;0.85%
04/04/2025;139.39;139.39;139.39;139.39;;;0.08%
07/04/2025;138.42;138.42;138.42;138.42;;;-0.70%
08/04/2025;139.51;139.51;139.51;139.51;;;0.79%
09/04/2025;140.27;140.27;140.27;140.27;;;0.54%
10/04/2025;140.2;140.2;140.2;140.2;;;-0.05%
11/04/2025;140.22;140.22;140.22;140.22;;;0.01%
14/04/2025;139.29;139.29;139.29;139.29;;;-0.66%
15/04/2025;137.91;137.91;137.91;137.91;;;-0.99%
16/04/2025;139.92;139.92;139.92;139.92;;;1.46%
17/04/2025;140.66;140.66;140.66;140.66;;;0.53%
18/04/2025;141.59;141.59;141.59;141.59;;;0.66%
21/04/2025;141.59;141.59;141.59;141.59;;;0.00%
22/04/2025;142.02;142.02;142.02;142.02;;;0.30%
23/04/2025;142.36;142.36;142.36;142.36;;;0.24%
24/04/2025;143.66;143.66;143.66;143.66;;;0.91%
25/04/2025;143.32;143.32;143.32;143.32;;;-0.24%
28/04/2025;142.78;142.78;142.78;142.78;;;-0.38%
29/04/2025;142.58;142.58;142.58;142.58;;;-0.14%
30/04/2025;142.38;142.38;142.38;142.38;;;-0.14%
01/05/2025;142.38;142.38;142.38;142.38;;;0.00%
02/05/2025;142.43;142.43;142.43;142.43;;;0.04%
05/05/2025;142.75;142.75;142.75;142.75;;;0.22%
06/05/2025;143.59;143.59;143.59;143.59;;;0.59%
07/05/2025;144.43;144.43;144.43;144.43;;;0.58%
08/05/2025;146.69;146.69;146.69;146.69;;;1.56%
09/05/2025;150.43;150.43;150.43;150.43;;;2.55%
12/05/2025;153.81;153.81;153.81;153.81;;;2.25%
13/05/2025;156.69;156.69;156.69;156.69;;;1.87%
14/05/2025;160.14;160.14;160.14;160.14;;;2.20%
15/05/2025;164.04;164.04;164.04;164.04;;;2.44%
16/05/2025;166.65;166.65;166.65;166.65;;;1.59%
19/05/2025;170.41;170.41;170.41;170.41;;;2.26%
20/05/2025;173.93;173.93;173.93;173.93;;;2.07%
21/05/2025;176.78;176.78;176.78;176.78;;;1.64%
22/05/2025;176.48;176.48;176.48;176.48;;;-0.17%
23/05/2025;176.1;176.1;176.1;176.1;;;-0.22%
26/05/2025;172.36;172.36;172.36;172.36;;;-2.12%
27/05/2025;179.6;179.6;179.6;179.6;;;4.20%
28/05/2025;181.95;181.95;181.95;181.95;;;1.31%
29/05/2025;181.95;181.95;181.95;181.95;;;0.00%
30/05/2025;183.67;183.67;183.67;183.67;;;0.95%
02/06/2025;187.4;187.4;187.4;187.4;;;2.03%
03/06/2025;184.18;184.18;184.18;184.18;;;-1.72%
04/06/2025;186.29;186.29;186.29;186.29;;;1.15%
05/06/2025;185.27;185.27;185.27;185.27;;;-0.55%
10/06/2025;185.24;185.24;185.24;185.24;;;-0.02%
11/06/2025;185.69;185.69;185.69;185.69;;;0.24%
12/06/2025;191.19;191.19;191.19;191.19;;;2.96%
13/06/2025;189.55;189.55;189.55;189.55;;;-0.86%
16/06/2025;190.6;190.6;190.6;190.6;;;0.55%
17/06/2025;189.67;189.67;189.67;189.67;;;-0.49%
18/06/2025;194.49;194.49;194.49;194.49;;;2.54%
19/06/2025;193.78;193.78;193.78;193.78;;;-0.37%
20/06/2025;194.83;194.83;194.83;194.83;;;0.54%
23/06/2025;191.98;191.98;191.98;191.98;;;-1.46%
24/06/2025;194.07;194.07;194.07;194.07;;;1.09%
25/06/2025;193.92;193.92;193.92;193.92;;;-0.08%
26/06/2025;192.14;192.14;192.14;192.14;;;-0.92%
27/06/2025;192.93;192.93;192.93;192.93;;;0.41%
30/06/2025;194.19;194.19;194.19;194.19;;;0.65%
01/07/2025;193.08;193.08;193.08;193.08;;;-0.57%
02/07/2025;196.61;196.61;196.61;196.61;;;1.83%
03/07/2025;198.91;198.91;198.91;198.91;;;1.17%
04/07/2025;203.97;203.97;203.97;203.97;;;2.54%
07/07/2025;203.86;203.86;203.86;203.86;;;-0.05%
08/07/2025;199.93;199.93;199.93;199.93;;;-1.93%
09/07/2025;198.77;198.77;198.77;198.77;;;-0.58%
10/07/2025;199.06;199.06;199.06;199.06;;;0.15%
11/07/2025;202.29;202.29;202.29;202.29;;;1.62%
14/07/2025;206.09;206.09;206.09;206.09;;;1.88%
15/07/2025;206.17;206.17;206.17;206.17;;;0.04%
16/07/2025;209.59;209.59;209.59;209.59;;;1.66%
17/07/2025;209.89;209.89;209.89;209.89;;;0.14%
18/07/2025;214.12;214.12;214.12;214.12;;;2.02%
21/07/2025;216.62;216.62;216.62;216.62;;;1.17%
22/07/2025;223.91;223.91;223.91;223.91;;;3.37%
23/07/2025;231.32;231.32;231.32;231.32;;;3.31%
24/07/2025;235.71;235.71;235.71;235.71;;;1.90%
25/07/2025;237.48;237.48;237.48;237.48;;;0.75%
28/07/2025;240.84;240.84;240.84;240.84;;;1.41%
29/07/2025;246.79;246.79;246.79;246.79;;;2.47%
30/07/2025;250.36;250.36;250.36;250.36;;;1.45%
31/07/2025;255.28;255.28;255.28;255.28;;;1.97%
01/08/2025;261.41;261.41;261.41;261.41;;;2.40%
04/08/2025;261.56;261.56;261.56;261.56;;;0.06%
05/08/2025;261.98;261.98;261.98;261.98;;;0.16%
06/08/2025;262.61;262.61;262.61;262.61;;;0.24%
07/08/2025;262.61;262.61;262.61;262.61;;;0.00%
08/08/2025;262.99;262.99;262.99;262.99;;;0.14%
11/08/2025;264.18;264.18;264.18;264.18;;;0.45%
12/08/2025;263.87;263.87;263.87;263.87;;;-0.12%
13/08/2025;263.45;263.45;263.45;263.45;;;-0.16%
14/08/2025;262.08;262.08;262.08;262.08;;;-0.52%
15/08/2025;262.08;262.08;262.08;262.08;;;0.00%
18/08/2025;263.29;263.29;263.29;263.29;;;0.46%
19/08/2025;267.92;267.92;267.92;267.92;;;1.76%
20/08/2025;265.37;265.37;265.37;265.37;;;-0.95%
21/08/2025;266.9;266.9;266.9;266.9;;;0.58%
22/08/2025;268.78;268.78;268.78;268.78;;;0.70%
25/08/2025;269.33;269.33;269.33;269.33;;;0.20%
26/08/2025;269.52;269.52;269.52;269.52;;;0.07%
27/08/2025;264.56;264.56;264.56;264.56;;;-1.84%
28/08/2025;262.79;262.79;262.79;262.79;;;-0.67%
29/08/2025;262.79;262.79;262.79;262.79;;;0.00%
01/09/2025;256.92;256.92;256.92;256.92;;;-2.23%
02/09/2025;251.95;251.95;251.95;251.95;;;-1.93%
03/09/2025;251.86;251.86;251.86;251.86;;;-0.04%
04/09/2025;251.86;251.86;251.86;251.86;;;0.00%
05/09/2025;249.77;249.77;249.77;249.77;;;-0.83%
08/09/2025;244.24;244.24;244.24;244.24;;;-2.21%
09/09/2025;240.08;240.08;240.08;240.08;;;-1.70%
10/09/2025;236.04;236.04;236.04;236.04;;;-1.68%
11/09/2025;233.14;233.14;233.14;233.14;;;-1.23%
12/09/2025;231.69;231.69;231.69;231.69;;;-0.62%
15/09/2025;227.94;227.94;227.94;227.94;;;-1.62%
16/09/2025;224.69;224.69;224.69;224.69;;;-1.43%
17/09/2025;221.8;221.8;221.8;221.8;;;-1.29%
18/09/2025;218.25;218.25;218.25;218.25;;;-1.60%
19/09/2025;216.31;216.31;216.31;216.31;;;-0.89%
22/09/2025;214.57;214.57;214.57;214.57;;;-0.80%
23/09/2025;214.08;214.08;214.08;214.08;;;-0.23%
24/09/2025;211.51;211.51;211.51;211.51;;;-1.20%
25/09/2025;211.24;211.24;211.24;211.24;;;-0.13%
26/09/2025;210.15;210.15;210.15;210.15;;;-0.52%
29/09/2025;206.88;206.88;206.88;206.88;;;-1.56%
30/09/2025;207.08;207.08;207.08;207.08;;;0.10%
01/10/2025;207.68;207.68;207.68;207.68;;;0.29%
02/10/2025;207.59;207.59;207.59;207.59;;;-0.04%
03/10/2025;209.49;209.49;209.49;209.49;;;0.92%
06/10/2025;212.57;212.57;212.57;212.57;;;1.47%
07/10/2025;213.25;213.25;213.25;213.25;;;0.32%
08/10/2025;213.2;213.2;213.2;213.2;;;-0.02%
09/10/2025;216.41;216.41;216.41;216.41;;;1.51%
10/10/2025;214.72;214.72;214.72;214.72;;;-0.78%
13/10/2025;213.57;213.57;213.57;213.57;;;-0.54%
14/10/2025;214.53;214.53;214.53;214.53;;;0.45%
15/10/2025;218.66;218.66;218.66;218.66;;;1.93%
16/10/2025;216.83;216.83;216.83;216.83;;;-0.84%
17/10/2025;219.23;219.23;219.23;219.23;;;1.11%
20/10/2025;219.1;219.1;219.1;219.1;;;-0.06%
21/10/2025;214.18;214.18;214.18;214.18;;;-2.25%
22/10/2025;215.1;215.1;215.1;215.1;;;0.43%
23/10/2025;214.39;214.39;214.39;214.39;;;-0.33%
24/10/2025;213.19;213.19;213.19;213.19;;;-0.56%
27/10/2025;215.58;215.58;215.58;215.58;;;1.12%
28/10/2025;218.47;218.47;218.47;218.47;;;1.34%
29/10/2025;228.49;228.49;228.49;228.49;;;4.59%
30/10/2025;235.98;235.98;235.98;235.98;;;3.28%
31/10/2025;234.91;234.91;234.91;234.91;;;-0.45%
03/11/2025;236.1;236.1;236.1;236.1;;;0.51%
04/11/2025;232.37;232.37;232.37;232.37;;;-1.58%
05/11/2025;229.16;229.16;229.16;229.16;;;-1.38%
06/11/2025;224.96;224.96;224.96;224.96;;;-1.83%
07/11/2025;223.71;223.71;223.71;223.71;;;-0.56%
10/11/2025;230.07;230.07;230.07;230.07;;;2.84%
11/11/2025;232.06;232.06;232.06;232.06;;;0.86%
12/11/2025;235.63;235.63;235.63;235.63;;;1.54%
13/11/2025;240.05;240.05;240.05;240.05;;;1.88%
14/11/2025;244.95;244.95;244.95;244.95;;;2.04%
17/11/2025;250.32;250.32;250.32;250.32;;;2.19%
18/11/2025;258.11;258.11;258.11;258.11;;;3.11%
19/11/2025;266.63;266.63;266.63;266.63;;;3.30%
20/11/2025;263.26;263.26;263.26;263.26;;;-1.26%
21/11/2025;260.8;260.8;260.8;260.8;;;-0.93%
24/11/2025;266.85;266.85;266.85;266.85;;;2.32%
25/11/2025;269.81;269.81;269.81;269.81;;;1.11%
26/11/2025;270.86;270.86;270.86;270.86;;;0.39%
27/11/2025;267.49;267.49;267.49;267.49;;;-1.24%
28/11/2025;266.59;266.59;266.59;266.59;;;-0.34%
01/12/2025;269.25;269.25;269.25;269.25;;;1.00%
02/12/2025;269.1;269.1;269.1;269.1;;;-0.06%
03/12/2025;269.55;269.55;269.55;269.55;;;0.17%
04/12/2025;269.4;269.4;269.4;269.4;;;-0.06%
05/12/2025;268.92;268.92;268.92;268.92;;;-0.18%
08/12/2025;269.26;269.26;269.26;269.26;;;0.13%
09/12/2025;269.47;269.47;269.47;269.47;;;0.08%
10/12/2025;268.73;268.73;268.73;268.73;;;-0.27%
11/12/2025;263.49;263.49;263.49;263.49;;;-1.95%
12/12/2025;264.92;264.92;264.92;264.92;;;0.54%
15/12/2025;266.96;266.96;266.96;266.96;;;0.77%
16/12/2025;266.86;266.86;266.86;266.86;;;-0.04%
17/12/2025;266.47;266.47;266.47;266.47;;;-0.15%
18/12/2025;266.4;266.4;266.4;266.4;;;-0.03%
19/12/2025;262.27;262.27;262.27;262.27;;;-1.55%
22/12/2025;257.32;257.32;257.32;257.32;;;-1.89%
23/12/2025;257.06;257.06;257.06;257.06;;;-0.10%
24/12/2025;255.18;255.18;255.18;255.18;;;-0.73%
25/12/2025;255.18;255.18;255.18;255.18;;;0.00%
26/12/2025;257.29;257.29;257.29;257.29;;;0.83%
29/12/2025;255.03;255.03;255.03;255.03;;;-0.88%
30/12/2025;255.06;255.06;255.06;255.06;;;0.01%
31/12/2025;257.22;257.22;257.22;257.22;;;0.85%
