Date;Clôture;Plus bas;Plus haut;Ouverture;Volume Titres;Volume FCFA;Variation %
27/12/2006;75.11;75.11;75.11;75.11;;;0.00%
28/12/2006;75.11;75.11;75.11;75.11;;;0.00%
29/12/2006;75.48;75.48;75.48;75.48;;;0.49%
02/01/2007;75.48;75.48;75.48;75.48;;;0.00%
03/01/2007;75.39;75.39;75.39;75.39;;;-0.12%
04/01/2007;75.02;75.02;75.02;75.02;;;-0.49%
05/01/2007;75.39;75.39;75.39;75.39;;;0.49%
08/01/2007;75.39;75.39;75.39;75.39;;;0.00%
09/01/2007;75.39;75.39;75.39;75.39;;;0.00%
10/01/2007;75.39;75.39;75.39;75.39;;;0.00%
11/01/2007;75.39;75.39;75.39;75.39;;;0.00%
12/01/2007;75.39;75.39;75.39;75.39;;;0.00%
15/01/2007;75.39;75.39;75.39;75.39;;;0.00%
16/01/2007;75.02;75.02;75.02;75.02;;;-0.49%
17/01/2007;75.39;75.39;75.39;75.39;;;0.49%
18/01/2007;75.39;75.39;75.39;75.39;;;0.00%
19/01/2007;75.39;75.39;75.39;75.39;;;0.00%
22/01/2007;75.39;75.39;75.39;75.39;;;0.00%
23/01/2007;75.39;75.39;75.39;75.39;;;0.00%
24/01/2007;79.5;79.5;79.5;79.5;;;5.45%
25/01/2007;75.77;75.77;75.77;75.77;;;-4.69%
26/01/2007;75.02;75.02;75.02;75.02;;;-0.99%
29/01/2007;74.64;74.64;74.64;74.64;;;-0.51%
30/01/2007;74.64;74.64;74.64;74.64;;;0.00%
31/01/2007;74.32;74.32;74.32;74.32;;;-0.43%
01/02/2007;70.2;70.2;70.2;70.2;;;-5.54%
02/02/2007;72.07;72.07;72.07;72.07;;;2.66%
05/02/2007;71.7;71.7;71.7;71.7;;;-0.51%
06/02/2007;71.7;71.7;71.7;71.7;;;0.00%
07/02/2007;71.32;71.32;71.32;71.32;;;-0.53%
08/02/2007;71.32;71.32;71.32;71.32;;;0.00%
09/02/2007;71.32;71.32;71.32;71.32;;;0.00%
12/02/2007;71.32;71.32;71.32;71.32;;;0.00%
13/02/2007;72.82;72.82;72.82;72.82;;;2.10%
14/02/2007;72.82;72.82;72.82;72.82;;;0.00%
15/02/2007;75.81;75.81;75.81;75.81;;;4.11%
16/02/2007;75.81;75.81;75.81;75.81;;;0.00%
19/02/2007;75.81;75.81;75.81;75.81;;;0.00%
20/02/2007;76.29;76.29;76.29;76.29;;;0.63%
21/02/2007;81.16;81.16;81.16;81.16;;;6.38%
22/02/2007;84.15;84.15;84.15;84.15;;;3.68%
23/02/2007;86.95;86.95;86.95;86.95;;;3.33%
26/02/2007;83.96;83.96;83.96;83.96;;;-3.44%
27/02/2007;83.96;83.96;83.96;83.96;;;0.00%
28/02/2007;88.45;88.45;88.45;88.45;;;5.35%
01/03/2007;91.44;91.44;91.44;91.44;;;3.38%
02/03/2007;96.77;96.77;96.77;96.77;;;5.83%
05/03/2007;96.77;96.77;96.77;96.77;;;0.00%
06/03/2007;96.96;96.96;96.96;96.96;;;0.20%
07/03/2007;96.96;96.96;96.96;96.96;;;0.00%
08/03/2007;96.96;96.96;96.96;96.96;;;0.00%
09/03/2007;97;97;97;97;;;0.04%
12/03/2007;94.01;94.01;94.01;94.01;;;-3.08%
13/03/2007;96.97;96.97;96.97;96.97;;;3.15%
14/03/2007;94.71;94.71;94.71;94.71;;;-2.33%
15/03/2007;92.47;92.47;92.47;92.47;;;-2.37%
16/03/2007;91.72;91.72;91.72;91.72;;;-0.81%
19/03/2007;92.47;92.47;92.47;92.47;;;0.82%
20/03/2007;92.47;92.47;92.47;92.47;;;0.00%
21/03/2007;92.47;92.47;92.47;92.47;;;0.00%
22/03/2007;92.47;92.47;92.47;92.47;;;0.00%
23/03/2007;97.7;97.7;97.7;97.7;;;5.66%
26/03/2007;102.94;102.94;102.94;102.94;;;5.36%
27/03/2007;102.95;102.95;102.95;102.95;;;0.01%
28/03/2007;107.44;107.44;107.44;107.44;;;4.36%
29/03/2007;102.94;102.94;102.94;102.94;;;-4.19%
30/03/2007;102.94;102.94;102.94;102.94;;;0.00%
02/04/2007;102.94;102.94;102.94;102.94;;;0.00%
03/04/2007;101.44;101.44;101.44;101.44;;;-1.46%
04/04/2007;99.74;99.74;99.74;99.74;;;-1.68%
05/04/2007;102.73;102.73;102.73;102.73;;;3.00%
06/04/2007;102.73;102.73;102.73;102.73;;;0.00%
10/04/2007;102.73;102.73;102.73;102.73;;;0.00%
11/04/2007;101.99;101.99;101.99;101.99;;;-0.72%
12/04/2007;97.5;97.5;97.5;97.5;;;-4.40%
13/04/2007;97.5;97.5;97.5;97.5;;;0.00%
16/04/2007;101.24;101.24;101.24;101.24;;;3.84%
17/04/2007;101.24;101.24;101.24;101.24;;;0.00%
18/04/2007;99.74;99.74;99.74;99.74;;;-1.48%
19/04/2007;98.25;98.25;98.25;98.25;;;-1.49%
20/04/2007;99.74;99.74;99.74;99.74;;;1.52%
23/04/2007;102.74;102.74;102.74;102.74;;;3.01%
24/04/2007;102.74;102.74;102.74;102.74;;;0.00%
25/04/2007;102.74;102.74;102.74;102.74;;;0.00%
26/04/2007;102.74;102.74;102.74;102.74;;;0.00%
27/04/2007;102.75;102.75;102.75;102.75;;;0.01%
30/04/2007;102.75;102.75;102.75;102.75;;;0.00%
02/05/2007;101.26;101.26;101.26;101.26;;;-1.45%
03/05/2007;102.75;102.75;102.75;102.75;;;1.47%
04/05/2007;102.75;102.75;102.75;102.75;;;0.00%
07/05/2007;101.97;101.97;101.97;101.97;;;-0.76%
08/05/2007;101.72;101.72;101.72;101.72;;;-0.25%
09/05/2007;102.1;102.1;102.1;102.1;;;0.37%
10/05/2007;102.1;102.1;102.1;102.1;;;0.00%
11/05/2007;102.1;102.1;102.1;102.1;;;0.00%
14/05/2007;102.13;102.13;102.13;102.13;;;0.03%
15/05/2007;101.48;101.48;101.48;101.48;;;-0.64%
16/05/2007;99.34;99.34;99.34;99.34;;;-2.11%
18/05/2007;99.34;99.34;99.34;99.34;;;0.00%
21/05/2007;99.68;99.68;99.68;99.68;;;0.34%
22/05/2007;96.71;96.71;96.71;96.71;;;-2.98%
23/05/2007;94.71;94.71;94.71;94.71;;;-2.07%
24/05/2007;95.46;95.46;95.46;95.46;;;0.79%
25/05/2007;99.95;99.95;99.95;99.95;;;4.70%
29/05/2007;99.86;99.86;99.86;99.86;;;-0.09%
30/05/2007;99.86;99.86;99.86;99.86;;;0.00%
31/05/2007;96.9;96.9;96.9;96.9;;;-2.96%
01/06/2007;96.7;96.7;96.7;96.7;;;-0.21%
04/06/2007;96.7;96.7;96.7;96.7;;;0.00%
05/06/2007;95.01;95.01;95.01;95.01;;;-1.75%
06/06/2007;95.01;95.01;95.01;95.01;;;0.00%
07/06/2007;96.4;96.4;96.4;96.4;;;1.46%
08/06/2007;97.9;97.9;97.9;97.9;;;1.56%
11/06/2007;97.9;97.9;97.9;97.9;;;0.00%
12/06/2007;96.4;96.4;96.4;96.4;;;-1.53%
13/06/2007;94.91;94.91;94.91;94.91;;;-1.55%
14/06/2007;94.57;94.57;94.57;94.57;;;-0.36%
15/06/2007;96.39;96.39;96.39;96.39;;;1.92%
18/06/2007;95;95;95;95;;;-1.44%
19/06/2007;94.56;94.56;94.56;94.56;;;-0.46%
20/06/2007;95.31;95.31;95.31;95.31;;;0.79%
21/06/2007;100.19;100.19;100.19;100.19;;;5.12%
22/06/2007;98.69;98.69;98.69;98.69;;;-1.50%
25/06/2007;98.69;98.69;98.69;98.69;;;0.00%
26/06/2007;100.8;100.8;100.8;100.8;;;2.14%
27/06/2007;105.49;105.49;105.49;105.49;;;4.65%
28/06/2007;111.47;111.47;111.47;111.47;;;5.67%
29/06/2007;118.32;118.32;118.32;118.32;;;6.15%
02/07/2007;118.32;118.32;118.32;118.32;;;0.00%
03/07/2007;111.59;111.59;111.59;111.59;;;-5.69%
04/07/2007;117.91;117.91;117.91;117.91;;;5.66%
05/07/2007;117.91;117.91;117.91;117.91;;;0.00%
06/07/2007;117.91;117.91;117.91;117.91;;;0.00%
09/07/2007;117.91;117.91;117.91;117.91;;;0.00%
10/07/2007;117.91;117.91;117.91;117.91;;;0.00%
11/07/2007;117.03;117.03;117.03;117.03;;;-0.75%
12/07/2007;115.49;115.49;115.49;115.49;;;-1.32%
13/07/2007;115.11;115.11;115.11;115.11;;;-0.33%
16/07/2007;109.05;109.05;109.05;109.05;;;-5.26%
17/07/2007;103.82;103.82;103.82;103.82;;;-4.80%
18/07/2007;103.47;103.47;103.47;103.47;;;-0.34%
19/07/2007;103.89;103.89;103.89;103.89;;;0.41%
20/07/2007;109.12;109.12;109.12;109.12;;;5.03%
23/07/2007;110.36;110.36;110.36;110.36;;;1.14%
24/07/2007;102.79;102.79;102.79;102.79;;;-6.86%
25/07/2007;101.05;101.05;101.05;101.05;;;-1.69%
26/07/2007;103.48;103.48;103.48;103.48;;;2.40%
27/07/2007;101.24;101.24;101.24;101.24;;;-2.16%
31/07/2007;101.21;101.21;101.21;101.21;;;-0.03%
01/08/2007;101.21;101.21;101.21;101.21;;;0.00%
02/08/2007;102.91;102.91;102.91;102.91;;;1.68%
03/08/2007;102.17;102.17;102.17;102.17;;;-0.72%
08/08/2007;101.05;101.05;101.05;101.05;;;-1.10%
09/08/2007;96.57;96.57;96.57;96.57;;;-4.43%
10/08/2007;101.65;101.65;101.65;101.65;;;5.26%
13/08/2007;101.65;101.65;101.65;101.65;;;0.00%
14/08/2007;98.26;98.26;98.26;98.26;;;-3.33%
16/08/2007;101.65;101.65;101.65;101.65;;;3.45%
17/08/2007;100.16;100.16;100.16;100.16;;;-1.47%
20/08/2007;100.16;100.16;100.16;100.16;;;0.00%
21/08/2007;103.15;103.15;103.15;103.15;;;2.99%
22/08/2007;103.15;103.15;103.15;103.15;;;0.00%
23/08/2007;102.4;102.4;102.4;102.4;;;-0.73%
24/08/2007;102.02;102.02;102.02;102.02;;;-0.37%
27/08/2007;102.03;102.03;102.03;102.03;;;0.01%
28/08/2007;101.28;101.28;101.28;101.28;;;-0.74%
29/08/2007;102.03;102.03;102.03;102.03;;;0.74%
30/08/2007;101.29;101.29;101.29;101.29;;;-0.73%
31/08/2007;104.28;104.28;104.28;104.28;;;2.95%
03/09/2007;104.28;104.28;104.28;104.28;;;0.00%
04/09/2007;104.28;104.28;104.28;104.28;;;0.00%
05/09/2007;104.28;104.28;104.28;104.28;;;0.00%
06/09/2007;103.91;103.91;103.91;103.91;;;-0.35%
07/09/2007;100.18;100.18;100.18;100.18;;;-3.59%
10/09/2007;100.18;100.18;100.18;100.18;;;0.00%
11/09/2007;100.22;100.22;100.22;100.22;;;0.04%
12/09/2007;100.22;100.22;100.22;100.22;;;0.00%
13/09/2007;100.22;100.22;100.22;100.22;;;0.00%
14/09/2007;99.47;99.47;99.47;99.47;;;-0.75%
17/09/2007;98.73;98.73;98.73;98.73;;;-0.74%
18/09/2007;98.73;98.73;98.73;98.73;;;0.00%
19/09/2007;96.84;96.84;96.84;96.84;;;-1.91%
20/09/2007;96.85;96.85;96.85;96.85;;;0.01%
21/09/2007;96.11;96.11;96.11;96.11;;;-0.76%
24/09/2007;96.45;96.45;96.45;96.45;;;0.35%
25/09/2007;97.18;97.18;97.18;97.18;;;0.76%
26/09/2007;97.15;97.15;97.15;97.15;;;-0.03%
27/09/2007;97.15;97.15;97.15;97.15;;;0.00%
28/09/2007;96.39;96.39;96.39;96.39;;;-0.78%
01/10/2007;96.4;96.4;96.4;96.4;;;0.01%
02/10/2007;97.15;97.15;97.15;97.15;;;0.78%
03/10/2007;96.02;96.02;96.02;96.02;;;-1.16%
04/10/2007;96.77;96.77;96.77;96.77;;;0.78%
05/10/2007;96.77;96.77;96.77;96.77;;;0.00%
08/10/2007;95.28;95.28;95.28;95.28;;;-1.54%
10/10/2007;96.77;96.77;96.77;96.77;;;1.56%
11/10/2007;96.39;96.39;96.39;96.39;;;-0.39%
15/10/2007;95.26;95.26;95.26;95.26;;;-1.17%
16/10/2007;95.26;95.26;95.26;95.26;;;0.00%
17/10/2007;95.64;95.64;95.64;95.64;;;0.40%
18/10/2007;96.38;96.38;96.38;96.38;;;0.77%
19/10/2007;96.38;96.38;96.38;96.38;;;0.00%
22/10/2007;96.38;96.38;96.38;96.38;;;0.00%
23/10/2007;97.13;97.13;97.13;97.13;;;0.78%
24/10/2007;98.26;98.26;98.26;98.26;;;1.16%
25/10/2007;97.51;97.51;97.51;97.51;;;-0.76%
26/10/2007;96.76;96.76;96.76;96.76;;;-0.77%
29/10/2007;97.51;97.51;97.51;97.51;;;0.78%
30/10/2007;97.52;97.52;97.52;97.52;;;0.01%
31/10/2007;96.58;96.58;96.58;96.58;;;-0.96%
02/11/2007;97.15;97.15;97.15;97.15;;;0.59%
05/11/2007;97.16;97.16;97.16;97.16;;;0.01%
06/11/2007;97.91;97.91;97.91;97.91;;;0.77%
07/11/2007;97.91;97.91;97.91;97.91;;;0.00%
08/11/2007;97.91;97.91;97.91;97.91;;;0.00%
09/11/2007;102.39;102.39;102.39;102.39;;;4.58%
12/11/2007;102.38;102.38;102.38;102.38;;;-0.01%
13/11/2007;103.13;103.13;103.13;103.13;;;0.73%
14/11/2007;103.24;103.24;103.24;103.24;;;0.11%
16/11/2007;97.72;97.72;97.72;97.72;;;-5.35%
19/11/2007;97.71;97.71;97.71;97.71;;;-0.01%
20/11/2007;99.2;99.2;99.2;99.2;;;1.52%
21/11/2007;99.01;99.01;99.01;99.01;;;-0.19%
22/11/2007;100.13;100.13;100.13;100.13;;;1.13%
23/11/2007;100.32;100.32;100.32;100.32;;;0.19%
26/11/2007;100.32;100.32;100.32;100.32;;;0.00%
27/11/2007;100.34;100.34;100.34;100.34;;;0.02%
28/11/2007;98.84;98.84;98.84;98.84;;;-1.49%
29/11/2007;98.83;98.83;98.83;98.83;;;-0.01%
30/11/2007;98.62;98.62;98.62;98.62;;;-0.21%
03/12/2007;97.14;97.14;97.14;97.14;;;-1.50%
04/12/2007;95.64;95.64;95.64;95.64;;;-1.54%
05/12/2007;95.64;95.64;95.64;95.64;;;0.00%
06/12/2007;95.64;95.64;95.64;95.64;;;0.00%
07/12/2007;97.33;97.33;97.33;97.33;;;1.77%
10/12/2007;97.28;97.28;97.28;97.28;;;-0.05%
11/12/2007;96.58;96.58;96.58;96.58;;;-0.72%
12/12/2007;96.57;96.57;96.57;96.57;;;-0.01%
13/12/2007;97.33;97.33;97.33;97.33;;;0.79%
14/12/2007;97.37;97.37;97.37;97.37;;;0.04%
17/12/2007;98.86;98.86;98.86;98.86;;;1.53%
18/12/2007;96.56;96.56;96.56;96.56;;;-2.33%
20/12/2007;97.32;97.32;97.32;97.32;;;0.79%
21/12/2007;97.36;97.36;97.36;97.36;;;0.04%
24/12/2007;97.36;97.36;97.36;97.36;;;0.00%
26/12/2007;97.36;97.36;97.36;97.36;;;0.00%
27/12/2007;96.6;96.6;96.6;96.6;;;-0.78%
28/12/2007;97.36;97.36;97.36;97.36;;;0.79%
31/12/2007;97.36;97.36;97.36;97.36;;;0.00%
02/01/2008;95.8;95.8;95.8;95.8;;;-1.60%
03/01/2008;97.32;97.32;97.32;97.32;;;1.59%
04/01/2008;97.29;97.29;97.29;97.29;;;-0.03%
07/01/2008;97.14;97.14;97.14;97.14;;;-0.15%
08/01/2008;97.14;97.14;97.14;97.14;;;0.00%
09/01/2008;97.16;97.16;97.16;97.16;;;0.02%
10/01/2008;98.68;98.68;98.68;98.68;;;1.56%
11/01/2008;98.68;98.68;98.68;98.68;;;0.00%
14/01/2008;100.42;100.42;100.42;100.42;;;1.76%
15/01/2008;101.18;101.18;101.18;101.18;;;0.76%
16/01/2008;100.51;100.51;100.51;100.51;;;-0.66%
17/01/2008;100.57;100.57;100.57;100.57;;;0.06%
18/01/2008;101.37;101.37;101.37;101.37;;;0.80%
21/01/2008;101.37;101.37;101.37;101.37;;;0.00%
22/01/2008;99.2;99.2;99.2;99.2;;;-2.14%
23/01/2008;99.2;99.2;99.2;99.2;;;0.00%
24/01/2008;99.26;99.26;99.26;99.26;;;0.06%
25/01/2008;99.21;99.21;99.21;99.21;;;-0.05%
28/01/2008;98.45;98.45;98.45;98.45;;;-0.77%
29/01/2008;99.19;99.19;99.19;99.19;;;0.75%
30/01/2008;99.15;99.15;99.15;99.15;;;-0.04%
31/01/2008;101.48;101.48;101.48;101.48;;;2.35%
01/02/2008;97.67;97.67;97.67;97.67;;;-3.75%
04/02/2008;99.19;99.19;99.19;99.19;;;1.56%
05/02/2008;99.94;99.94;99.94;99.94;;;0.76%
06/02/2008;99.18;99.18;99.18;99.18;;;-0.76%
07/02/2008;99.94;99.94;99.94;99.94;;;0.77%
08/02/2008;102.34;102.34;102.34;102.34;;;2.40%
11/02/2008;102.34;102.34;102.34;102.34;;;0.00%
12/02/2008;102.35;102.35;102.35;102.35;;;0.01%
13/02/2008;103.87;103.87;103.87;103.87;;;1.49%
14/02/2008;103.86;103.86;103.86;103.86;;;-0.01%
15/02/2008;103.86;103.86;103.86;103.86;;;0.00%
18/02/2008;103.94;103.94;103.94;103.94;;;0.08%
19/02/2008;103.95;103.95;103.95;103.95;;;0.01%
20/02/2008;103.95;103.95;103.95;103.95;;;0.00%
21/02/2008;103.9;103.9;103.9;103.9;;;-0.05%
22/02/2008;104.66;104.66;104.66;104.66;;;0.73%
25/02/2008;104.67;104.67;104.67;104.67;;;0.01%
26/02/2008;104.67;104.67;104.67;104.67;;;0.00%
27/02/2008;109.23;109.23;109.23;109.23;;;4.36%
28/02/2008;115.31;115.31;115.31;115.31;;;5.57%
29/02/2008;115.31;115.31;115.31;115.31;;;0.00%
03/03/2008;114.6;114.6;114.6;114.6;;;-0.62%
04/03/2008;115.35;115.35;115.35;115.35;;;0.65%
05/03/2008;113.84;113.84;113.84;113.84;;;-1.31%
06/03/2008;114.6;114.6;114.6;114.6;;;0.67%
07/03/2008;115.36;115.36;115.36;115.36;;;0.66%
10/03/2008;114.6;114.6;114.6;114.6;;;-0.66%
11/03/2008;115.32;115.32;115.32;115.32;;;0.63%
12/03/2008;116.04;116.04;116.04;116.04;;;0.62%
13/03/2008;116.14;116.14;116.14;116.14;;;0.09%
14/03/2008;120.7;120.7;120.7;120.7;;;3.93%
17/03/2008;120.7;120.7;120.7;120.7;;;0.00%
18/03/2008;120.71;120.71;120.71;120.71;;;0.01%
19/03/2008;121.47;121.47;121.47;121.47;;;0.63%
21/03/2008;128.31;128.31;128.31;128.31;;;5.63%
25/03/2008;129.83;129.83;129.83;129.83;;;1.18%
26/03/2008;137.45;137.45;137.45;137.45;;;5.87%
27/03/2008;144.39;144.39;144.39;144.39;;;5.05%
28/03/2008;144.48;144.48;144.48;144.48;;;0.06%
31/03/2008;143.12;143.12;143.12;143.12;;;-0.94%
01/04/2008;140.44;140.44;140.44;140.44;;;-1.87%
02/04/2008;137.4;137.4;137.4;137.4;;;-2.16%
03/04/2008;135.12;135.12;135.12;135.12;;;-1.66%
04/04/2008;133.6;133.6;133.6;133.6;;;-1.12%
07/04/2008;133.6;133.6;133.6;133.6;;;0.00%
08/04/2008;125.13;125.13;125.13;125.13;;;-6.34%
09/04/2008;117.63;117.63;117.63;117.63;;;-5.99%
10/04/2008;118.93;118.93;118.93;118.93;;;1.11%
11/04/2008;118.93;118.93;118.93;118.93;;;0.00%
14/04/2008;125.77;125.77;125.77;125.77;;;5.75%
15/04/2008;128.8;128.8;128.8;128.8;;;2.41%
16/04/2008;128.9;128.9;128.9;128.9;;;0.08%
17/04/2008;130.42;130.42;130.42;130.42;;;1.18%
18/04/2008;130.42;130.42;130.42;130.42;;;0.00%
21/04/2008;130.49;130.49;130.49;130.49;;;0.05%
22/04/2008;130.49;130.49;130.49;130.49;;;0.00%
23/04/2008;130.49;130.49;130.49;130.49;;;0.00%
24/04/2008;130.49;130.49;130.49;130.49;;;0.00%
25/04/2008;138.11;138.11;138.11;138.11;;;5.84%
28/04/2008;138.11;138.11;138.11;138.11;;;0.00%
29/04/2008;138.11;138.11;138.11;138.11;;;0.00%
30/04/2008;138.56;138.56;138.56;138.56;;;0.33%
02/05/2008;138.56;138.56;138.56;138.56;;;0.00%
05/05/2008;138.56;138.56;138.56;138.56;;;0.00%
06/05/2008;138.74;138.74;138.74;138.74;;;0.13%
07/05/2008;138.74;138.74;138.74;138.74;;;0.00%
08/05/2008;137.98;137.98;137.98;137.98;;;-0.55%
09/05/2008;137.98;137.98;137.98;137.98;;;0.00%
13/05/2008;139.19;139.19;139.19;139.19;;;0.88%
14/05/2008;139.56;139.56;139.56;139.56;;;0.27%
15/05/2008;140.59;140.59;140.59;140.59;;;0.74%
16/05/2008;140.62;140.62;140.62;140.62;;;0.02%
19/05/2008;139.43;139.43;139.43;139.43;;;-0.85%
20/05/2008;139.58;139.58;139.58;139.58;;;0.11%
21/05/2008;140.72;140.72;140.72;140.72;;;0.82%
22/05/2008;140.71;140.71;140.71;140.71;;;-0.01%
23/05/2008;140.71;140.71;140.71;140.71;;;0.00%
26/05/2008;140.61;140.61;140.61;140.61;;;-0.07%
27/05/2008;140.61;140.61;140.61;140.61;;;0.00%
28/05/2008;142.71;142.71;142.71;142.71;;;1.49%
29/05/2008;151.06;151.06;151.06;151.06;;;5.85%
30/05/2008;153.76;153.76;153.76;153.76;;;1.79%
02/06/2008;156.59;156.59;156.59;156.59;;;1.84%
03/06/2008;162.84;162.84;162.84;162.84;;;3.99%
04/06/2008;159.8;159.8;159.8;159.8;;;-1.87%
05/06/2008;156.67;156.67;156.67;156.67;;;-1.96%
06/06/2008;155.91;155.91;155.91;155.91;;;-0.49%
09/06/2008;163.47;163.47;163.47;163.47;;;4.85%
10/06/2008;156.69;156.69;156.69;156.69;;;-4.15%
11/06/2008;152.99;152.99;152.99;152.99;;;-2.36%
12/06/2008;149.22;149.22;149.22;149.22;;;-2.46%
13/06/2008;145.4;145.4;145.4;145.4;;;-2.56%
16/06/2008;149.2;149.2;149.2;149.2;;;2.61%
17/06/2008;149.2;149.2;149.2;149.2;;;0.00%
18/06/2008;141.6;141.6;141.6;141.6;;;-5.09%
19/06/2008;145.89;145.89;145.89;145.89;;;3.03%
20/06/2008;148.81;148.81;148.81;148.81;;;2.00%
23/06/2008;149.73;149.73;149.73;149.73;;;0.62%
24/06/2008;149.64;149.64;149.64;149.64;;;-0.06%
25/06/2008;145.86;145.86;145.86;145.86;;;-2.53%
26/06/2008;145.95;145.95;145.95;145.95;;;0.06%
27/06/2008;146;146;146;146;;;0.03%
30/06/2008;138.4;138.4;138.4;138.4;;;-5.21%
01/07/2008;130.46;130.46;130.46;130.46;;;-5.74%
02/07/2008;122.77;122.77;122.77;122.77;;;-5.89%
03/07/2008;122.54;122.54;122.54;122.54;;;-0.19%
04/07/2008;123;123;123;123;;;0.38%
07/07/2008;123.38;123.38;123.38;123.38;;;0.31%
08/07/2008;130.64;130.64;130.64;130.64;;;5.88%
09/07/2008;130.66;130.66;130.66;130.66;;;0.02%
10/07/2008;130.66;130.66;130.66;130.66;;;0.00%
11/07/2008;130.66;130.66;130.66;130.66;;;0.00%
14/07/2008;130.66;130.66;130.66;130.66;;;0.00%
15/07/2008;130.66;130.66;130.66;130.66;;;0.00%
16/07/2008;130.66;130.66;130.66;130.66;;;0.00%
17/07/2008;130.66;130.66;130.66;130.66;;;0.00%
18/07/2008;130.66;130.66;130.66;130.66;;;0.00%
21/07/2008;130.66;130.66;130.66;130.66;;;0.00%
22/07/2008;130.66;130.66;130.66;130.66;;;0.00%
23/07/2008;134.47;134.47;134.47;134.47;;;2.92%
24/07/2008;130.66;130.66;130.66;130.66;;;-2.83%
25/07/2008;130.66;130.66;130.66;130.66;;;0.00%
28/07/2008;130.66;130.66;130.66;130.66;;;0.00%
29/07/2008;138.27;138.27;138.27;138.27;;;5.82%
30/07/2008;142.11;142.11;142.11;142.11;;;2.78%
31/07/2008;142.3;142.3;142.3;142.3;;;0.13%
01/08/2008;150.08;150.08;150.08;150.08;;;5.47%
04/08/2008;150.4;150.4;150.4;150.4;;;0.21%
05/08/2008;150.43;150.43;150.43;150.43;;;0.02%
06/08/2008;147.16;147.16;147.16;147.16;;;-2.17%
08/08/2008;143.37;143.37;143.37;143.37;;;-2.58%
11/08/2008;139.57;139.57;139.57;139.57;;;-2.65%
12/08/2008;135.95;135.95;135.95;135.95;;;-2.59%
13/08/2008;143.56;143.56;143.56;143.56;;;5.60%
14/08/2008;143.75;143.75;143.75;143.75;;;0.13%
18/08/2008;139.97;139.97;139.97;139.97;;;-2.63%
19/08/2008;136.19;136.19;136.19;136.19;;;-2.70%
20/08/2008;128.6;128.6;128.6;128.6;;;-5.57%
21/08/2008;128.61;128.61;128.61;128.61;;;0.01%
22/08/2008;132.44;132.44;132.44;132.44;;;2.98%
25/08/2008;136.22;136.22;136.22;136.22;;;2.85%
26/08/2008;132.44;132.44;132.44;132.44;;;-2.77%
27/08/2008;132.49;132.49;132.49;132.49;;;0.04%
28/08/2008;132.49;132.49;132.49;132.49;;;0.00%
29/08/2008;131.98;131.98;131.98;131.98;;;-0.38%
01/09/2008;128.17;128.17;128.17;128.17;;;-2.89%
02/09/2008;131.88;131.88;131.88;131.88;;;2.89%
03/09/2008;135.69;135.69;135.69;135.69;;;2.89%
04/09/2008;136.21;136.21;136.21;136.21;;;0.38%
05/09/2008;136.21;136.21;136.21;136.21;;;0.00%
08/09/2008;136.21;136.21;136.21;136.21;;;0.00%
09/09/2008;135.85;135.85;135.85;135.85;;;-0.26%
10/09/2008;136.04;136.04;136.04;136.04;;;0.14%
11/09/2008;136.04;136.04;136.04;136.04;;;0.00%
12/09/2008;136.04;136.04;136.04;136.04;;;0.00%
15/09/2008;132.23;132.23;132.23;132.23;;;-2.80%
16/09/2008;136.05;136.05;136.05;136.05;;;2.89%
17/09/2008;135.87;135.87;135.87;135.87;;;-0.13%
18/09/2008;135.87;135.87;135.87;135.87;;;0.00%
19/09/2008;135.87;135.87;135.87;135.87;;;0.00%
22/09/2008;135.87;135.87;135.87;135.87;;;0.00%
23/09/2008;135.87;135.87;135.87;135.87;;;0.00%
24/09/2008;135.87;135.87;135.87;135.87;;;0.00%
25/09/2008;135.87;135.87;135.87;135.87;;;0.00%
26/09/2008;132.06;132.06;132.06;132.06;;;-2.80%
29/09/2008;132.08;132.08;132.08;132.08;;;0.02%
01/10/2008;132.08;132.08;132.08;132.08;;;0.00%
02/10/2008;132.09;132.09;132.09;132.09;;;0.01%
03/10/2008;132.09;132.09;132.09;132.09;;;0.00%
06/10/2008;135.89;135.89;135.89;135.89;;;2.88%
07/10/2008;132.09;132.09;132.09;132.09;;;-2.80%
08/10/2008;132.09;132.09;132.09;132.09;;;0.00%
09/10/2008;131.9;131.9;131.9;131.9;;;-0.14%
10/10/2008;131.9;131.9;131.9;131.9;;;0.00%
13/10/2008;131.9;131.9;131.9;131.9;;;0.00%
14/10/2008;131.9;131.9;131.9;131.9;;;0.00%
15/10/2008;131.9;131.9;131.9;131.9;;;0.00%
16/10/2008;128.1;128.1;128.1;128.1;;;-2.88%
17/10/2008;124.3;124.3;124.3;124.3;;;-2.97%
20/10/2008;128.1;128.1;128.1;128.1;;;3.06%
21/10/2008;124.26;124.26;124.26;124.26;;;-3.00%
22/10/2008;124.11;124.11;124.11;124.11;;;-0.12%
23/10/2008;127.56;127.56;127.56;127.56;;;2.78%
24/10/2008;123.76;123.76;123.76;123.76;;;-2.98%
27/10/2008;123.51;123.51;123.51;123.51;;;-0.20%
28/10/2008;123.55;123.55;123.55;123.55;;;0.03%
29/10/2008;123.59;123.59;123.59;123.59;;;0.03%
30/10/2008;123.59;123.59;123.59;123.59;;;0.00%
31/10/2008;123.59;123.59;123.59;123.59;;;0.00%
03/11/2008;123.59;123.59;123.59;123.59;;;0.00%
04/11/2008;123.58;123.58;123.58;123.58;;;-0.01%
05/11/2008;123.59;123.59;123.59;123.59;;;0.01%
06/11/2008;127.39;127.39;127.39;127.39;;;3.07%
07/11/2008;127.39;127.39;127.39;127.39;;;0.00%
10/11/2008;127.39;127.39;127.39;127.39;;;0.00%
11/11/2008;126.1;126.1;126.1;126.1;;;-1.01%
12/11/2008;126.1;126.1;126.1;126.1;;;0.00%
13/11/2008;126.1;126.1;126.1;126.1;;;0.00%
14/11/2008;122.29;122.29;122.29;122.29;;;-3.02%
17/11/2008;126.1;126.1;126.1;126.1;;;3.12%
18/11/2008;126.1;126.1;126.1;126.1;;;0.00%
19/11/2008;126.1;126.1;126.1;126.1;;;0.00%
20/11/2008;122.2;122.2;122.2;122.2;;;-3.09%
21/11/2008;121.92;121.92;121.92;121.92;;;-0.23%
24/11/2008;120.72;120.72;120.72;120.72;;;-0.98%
25/11/2008;120.72;120.72;120.72;120.72;;;0.00%
26/11/2008;116.52;116.52;116.52;116.52;;;-3.48%
27/11/2008;112.55;112.55;112.55;112.55;;;-3.41%
28/11/2008;112.55;112.55;112.55;112.55;;;0.00%
01/12/2008;112.55;112.55;112.55;112.55;;;0.00%
02/12/2008;112.55;112.55;112.55;112.55;;;0.00%
03/12/2008;107.64;107.64;107.64;107.64;;;-4.36%
04/12/2008;111.38;111.38;111.38;111.38;;;3.47%
05/12/2008;111.38;111.38;111.38;111.38;;;0.00%
09/12/2008;111.19;111.19;111.19;111.19;;;-0.17%
10/12/2008;107.2;107.2;107.2;107.2;;;-3.59%
11/12/2008;107.2;107.2;107.2;107.2;;;0.00%
12/12/2008;103.4;103.4;103.4;103.4;;;-3.54%
15/12/2008;99.59;99.59;99.59;99.59;;;-3.68%
16/12/2008;99.59;99.59;99.59;99.59;;;0.00%
17/12/2008;95.79;95.79;95.79;95.79;;;-3.82%
18/12/2008;94.39;94.39;94.39;94.39;;;-1.46%
19/12/2008;98.2;98.2;98.2;98.2;;;4.04%
22/12/2008;97.5;97.5;97.5;97.5;;;-0.71%
23/12/2008;97.71;97.71;97.71;97.71;;;0.22%
24/12/2008;98.05;98.05;98.05;98.05;;;0.35%
26/12/2008;98.06;98.06;98.06;98.06;;;0.01%
29/12/2008;98.22;98.22;98.22;98.22;;;0.16%
30/12/2008;98.22;98.22;98.22;98.22;;;0.00%
31/12/2008;94.43;94.43;94.43;94.43;;;-3.86%
02/01/2009;94.43;94.43;94.43;94.43;;;0.00%
05/01/2009;94.43;94.43;94.43;94.43;;;0.00%
06/01/2009;89.74;89.74;89.74;89.74;;;-4.97%
07/01/2009;85.94;85.94;85.94;85.94;;;-4.23%
08/01/2009;85.94;85.94;85.94;85.94;;;0.00%
09/01/2009;85.94;85.94;85.94;85.94;;;0.00%
12/01/2009;85.94;85.94;85.94;85.94;;;0.00%
13/01/2009;83.04;83.04;83.04;83.04;;;-3.37%
14/01/2009;83.04;83.04;83.04;83.04;;;0.00%
15/01/2009;79.24;79.24;79.24;79.24;;;-4.58%
16/01/2009;79.24;79.24;79.24;79.24;;;0.00%
19/01/2009;79.24;79.24;79.24;79.24;;;0.00%
20/01/2009;83.04;83.04;83.04;83.04;;;4.80%
21/01/2009;86.54;86.54;86.54;86.54;;;4.21%
22/01/2009;86.15;86.15;86.15;86.15;;;-0.45%
23/01/2009;85.94;85.94;85.94;85.94;;;-0.24%
26/01/2009;97.33;97.33;97.33;97.33;;;13.25%
27/01/2009;101.12;101.12;101.12;101.12;;;3.89%
28/01/2009;97.42;97.42;97.42;97.42;;;-3.66%
29/01/2009;101.12;101.12;101.12;101.12;;;3.80%
30/01/2009;97.3;97.3;97.3;97.3;;;-3.78%
02/02/2009;97.3;97.3;97.3;97.3;;;0.00%
03/02/2009;97.3;97.3;97.3;97.3;;;0.00%
04/02/2009;97.3;97.3;97.3;97.3;;;0.00%
05/02/2009;97.3;97.3;97.3;97.3;;;0.00%
06/02/2009;97.3;97.3;97.3;97.3;;;0.00%
09/02/2009;93.51;93.51;93.51;93.51;;;-3.90%
10/02/2009;89.71;89.71;89.71;89.71;;;-4.06%
11/02/2009;93.51;93.51;93.51;93.51;;;4.24%
12/02/2009;89.71;89.71;89.71;89.71;;;-4.06%
13/02/2009;93.5;93.5;93.5;93.5;;;4.22%
16/02/2009;97.27;97.27;97.27;97.27;;;4.03%
17/02/2009;97.27;97.27;97.27;97.27;;;0.00%
18/02/2009;97.27;97.27;97.27;97.27;;;0.00%
19/02/2009;97.27;97.27;97.27;97.27;;;0.00%
20/02/2009;97.46;97.46;97.46;97.46;;;0.20%
23/02/2009;97.59;97.59;97.59;97.59;;;0.13%
24/02/2009;97.59;97.59;97.59;97.59;;;0.00%
25/02/2009;93.79;93.79;93.79;93.79;;;-3.89%
26/02/2009;93.79;93.79;93.79;93.79;;;0.00%
27/02/2009;93.79;93.79;93.79;93.79;;;0.00%
02/03/2009;93.75;93.75;93.75;93.75;;;-0.04%
03/03/2009;89.96;89.96;89.96;89.96;;;-4.04%
04/03/2009;89.96;89.96;89.96;89.96;;;0.00%
05/03/2009;89.91;89.91;89.91;89.91;;;-0.06%
06/03/2009;86.11;86.11;86.11;86.11;;;-4.23%
10/03/2009;86.11;86.11;86.11;86.11;;;0.00%
11/03/2009;86.11;86.11;86.11;86.11;;;0.00%
12/03/2009;86.11;86.11;86.11;86.11;;;0.00%
13/03/2009;78.52;78.52;78.52;78.52;;;-8.81%
16/03/2009;82.31;82.31;82.31;82.31;;;4.83%
17/03/2009;82.31;82.31;82.31;82.31;;;0.00%
18/03/2009;78.51;78.51;78.51;78.51;;;-4.62%
19/03/2009;74.78;74.78;74.78;74.78;;;-4.75%
20/03/2009;70.37;70.37;70.37;70.37;;;-5.90%
23/03/2009;70.46;70.46;70.46;70.46;;;0.13%
24/03/2009;66.86;66.86;66.86;66.86;;;-5.11%
25/03/2009;67.74;67.74;67.74;67.74;;;1.32%
26/03/2009;70.86;70.86;70.86;70.86;;;4.61%
27/03/2009;67.23;67.23;67.23;67.23;;;-5.12%
30/03/2009;67.23;67.23;67.23;67.23;;;0.00%
31/03/2009;67.23;67.23;67.23;67.23;;;0.00%
01/04/2009;67.23;67.23;67.23;67.23;;;0.00%
02/04/2009;67.21;67.21;67.21;67.21;;;-0.03%
03/04/2009;67.21;67.21;67.21;67.21;;;0.00%
06/04/2009;67.21;67.21;67.21;67.21;;;0.00%
07/04/2009;67.21;67.21;67.21;67.21;;;0.00%
08/04/2009;67.21;67.21;67.21;67.21;;;0.00%
09/04/2009;67.21;67.21;67.21;67.21;;;0.00%
10/04/2009;67.19;67.19;67.19;67.19;;;-0.03%
14/04/2009;67.04;67.04;67.04;67.04;;;-0.22%
15/04/2009;67.06;67.06;67.06;67.06;;;0.03%
16/04/2009;64.02;64.02;64.02;64.02;;;-4.53%
17/04/2009;63.26;63.26;63.26;63.26;;;-1.19%
20/04/2009;64.02;64.02;64.02;64.02;;;1.20%
21/04/2009;62.36;62.36;62.36;62.36;;;-2.59%
22/04/2009;61.42;61.42;61.42;61.42;;;-1.51%
23/04/2009;62.15;62.15;62.15;62.15;;;1.19%
24/04/2009;61.8;61.8;61.8;61.8;;;-0.56%
27/04/2009;62.56;62.56;62.56;62.56;;;1.23%
28/04/2009;61.8;61.8;61.8;61.8;;;-1.21%
29/04/2009;61.61;61.61;61.61;61.61;;;-0.31%
30/04/2009;61.61;61.61;61.61;61.61;;;0.00%
04/05/2009;61.61;61.61;61.61;61.61;;;0.00%
05/05/2009;61.62;61.62;61.62;61.62;;;0.02%
06/05/2009;61.07;61.07;61.07;61.07;;;-0.89%
07/05/2009;58.44;58.44;58.44;58.44;;;-4.31%
08/05/2009;58.6;58.6;58.6;58.6;;;0.27%
11/05/2009;60.07;60.07;60.07;60.07;;;2.51%
12/05/2009;60.08;60.08;60.08;60.08;;;0.02%
13/05/2009;60.66;60.66;60.66;60.66;;;0.97%
14/05/2009;60.66;60.66;60.66;60.66;;;0.00%
15/05/2009;60.63;60.63;60.63;60.63;;;-0.05%
18/05/2009;60.61;60.61;60.61;60.61;;;-0.03%
19/05/2009;61.2;61.2;61.2;61.2;;;0.97%
20/05/2009;61.21;61.21;61.21;61.21;;;0.02%
22/05/2009;59.03;59.03;59.03;59.03;;;-3.56%
25/05/2009;59.02;59.02;59.02;59.02;;;-0.02%
26/05/2009;55.71;55.71;55.71;55.71;;;-5.61%
27/05/2009;55.08;55.08;55.08;55.08;;;-1.13%
28/05/2009;54.25;54.25;54.25;54.25;;;-1.51%
29/05/2009;52.44;52.44;52.44;52.44;;;-3.34%
02/06/2009;49.63;49.63;49.63;49.63;;;-5.36%
03/06/2009;49.64;49.64;49.64;49.64;;;0.02%
04/06/2009;49.93;49.93;49.93;49.93;;;0.58%
05/06/2009;49.93;49.93;49.93;49.93;;;0.00%
08/06/2009;49.93;49.93;49.93;49.93;;;0.00%
09/06/2009;53.24;53.24;53.24;53.24;;;6.63%
10/06/2009;53.18;53.18;53.18;53.18;;;-0.11%
11/06/2009;57.39;57.39;57.39;57.39;;;7.92%
12/06/2009;57.39;57.39;57.39;57.39;;;0.00%
15/06/2009;57.39;57.39;57.39;57.39;;;0.00%
16/06/2009;64.85;64.85;64.85;64.85;;;13.00%
17/06/2009;64.82;64.82;64.82;64.82;;;-0.05%
18/06/2009;64.82;64.82;64.82;64.82;;;0.00%
19/06/2009;64.82;64.82;64.82;64.82;;;0.00%
22/06/2009;73.11;73.11;73.11;73.11;;;12.79%
23/06/2009;71.45;71.45;71.45;71.45;;;-2.27%
24/06/2009;71.45;71.45;71.45;71.45;;;0.00%
25/06/2009;71.79;71.79;71.79;71.79;;;0.48%
26/06/2009;76.67;76.67;76.67;76.67;;;6.80%
29/06/2009;77.41;77.41;77.41;77.41;;;0.97%
30/06/2009;74.11;74.11;74.11;74.11;;;-4.26%
01/07/2009;74.6;74.6;74.6;74.6;;;0.66%
02/07/2009;73.83;73.83;73.83;73.83;;;-1.03%
03/07/2009;70.51;70.51;70.51;70.51;;;-4.50%
06/07/2009;67.2;67.2;67.2;67.2;;;-4.69%
07/07/2009;63.89;63.89;63.89;63.89;;;-4.93%
08/07/2009;63.55;63.55;63.55;63.55;;;-0.53%
09/07/2009;65.21;65.21;65.21;65.21;;;2.61%
10/07/2009;64.3;64.3;64.3;64.3;;;-1.40%
13/07/2009;64.27;64.27;64.27;64.27;;;-0.05%
14/07/2009;62.61;62.61;62.61;62.61;;;-2.58%
15/07/2009;62.61;62.61;62.61;62.61;;;0.00%
16/07/2009;62.61;62.61;62.61;62.61;;;0.00%
17/07/2009;60.95;60.95;60.95;60.95;;;-2.65%
20/07/2009;58.47;58.47;58.47;58.47;;;-4.07%
21/07/2009;55.98;55.98;55.98;55.98;;;-4.26%
22/07/2009;54.31;54.31;54.31;54.31;;;-2.98%
23/07/2009;56.76;56.76;56.76;56.76;;;4.51%
24/07/2009;56.76;56.76;56.76;56.76;;;0.00%
27/07/2009;56.76;56.76;56.76;56.76;;;0.00%
28/07/2009;61.58;61.58;61.58;61.58;;;8.49%
29/07/2009;62.45;62.45;62.45;62.45;;;1.41%
30/07/2009;64.11;64.11;64.11;64.11;;;2.66%
31/07/2009;62.45;62.45;62.45;62.45;;;-2.59%
03/08/2009;59.97;59.97;59.97;59.97;;;-3.97%
04/08/2009;58.31;58.31;58.31;58.31;;;-2.77%
05/08/2009;58.6;58.6;58.6;58.6;;;0.50%
06/08/2009;58.64;58.64;58.64;58.64;;;0.07%
10/08/2009;58.9;58.9;58.9;58.9;;;0.44%
11/08/2009;61.09;61.09;61.09;61.09;;;3.72%
12/08/2009;63.57;63.57;63.57;63.57;;;4.06%
13/08/2009;62.75;62.75;62.75;62.75;;;-1.29%
14/08/2009;62.61;62.61;62.61;62.61;;;-0.22%
17/08/2009;62.53;62.53;62.53;62.53;;;-0.13%
18/08/2009;62.45;62.45;62.45;62.45;;;-0.13%
19/08/2009;62.13;62.13;62.13;62.13;;;-0.51%
20/08/2009;62.13;62.13;62.13;62.13;;;0.00%
21/08/2009;61.97;61.97;61.97;61.97;;;-0.26%
24/08/2009;62.31;62.31;62.31;62.31;;;0.55%
25/08/2009;62.31;62.31;62.31;62.31;;;0.00%
26/08/2009;60.17;60.17;60.17;60.17;;;-3.43%
27/08/2009;59.34;59.34;59.34;59.34;;;-1.38%
28/08/2009;59.34;59.34;59.34;59.34;;;0.00%
31/08/2009;60.99;60.99;60.99;60.99;;;2.78%
01/09/2009;60.15;60.15;60.15;60.15;;;-1.38%
02/09/2009;60.98;60.98;60.98;60.98;;;1.38%
03/09/2009;59.02;59.02;59.02;59.02;;;-3.21%
04/09/2009;57.39;57.39;57.39;57.39;;;-2.76%
07/09/2009;57.74;57.74;57.74;57.74;;;0.61%
08/09/2009;57.74;57.74;57.74;57.74;;;0.00%
09/09/2009;56.09;56.09;56.09;56.09;;;-2.86%
10/09/2009;57.74;57.74;57.74;57.74;;;2.94%
11/09/2009;57.9;57.9;57.9;57.9;;;0.28%
14/09/2009;57.9;57.9;57.9;57.9;;;0.00%
15/09/2009;57.9;57.9;57.9;57.9;;;0.00%
16/09/2009;57.9;57.9;57.9;57.9;;;0.00%
18/09/2009;59.56;59.56;59.56;59.56;;;2.87%
21/09/2009;60.39;60.39;60.39;60.39;;;1.39%
22/09/2009;61.25;61.25;61.25;61.25;;;1.42%
23/09/2009;59.61;59.61;59.61;59.61;;;-2.68%
24/09/2009;57.6;57.6;57.6;57.6;;;-3.37%
25/09/2009;57.6;57.6;57.6;57.6;;;0.00%
28/09/2009;58.43;58.43;58.43;58.43;;;1.44%
29/09/2009;58.46;58.46;58.46;58.46;;;0.05%
30/09/2009;57.67;57.67;57.67;57.67;;;-1.35%
01/10/2009;57.66;57.66;57.66;57.66;;;-0.02%
02/10/2009;56.71;56.71;56.71;56.71;;;-1.65%
05/10/2009;57.55;57.55;57.55;57.55;;;1.48%
06/10/2009;56.64;56.64;56.64;56.64;;;-1.58%
07/10/2009;56.64;56.64;56.64;56.64;;;0.00%
08/10/2009;56.64;56.64;56.64;56.64;;;0.00%
09/10/2009;56.66;56.66;56.66;56.66;;;0.04%
12/10/2009;56.66;56.66;56.66;56.66;;;0.00%
13/10/2009;56.66;56.66;56.66;56.66;;;0.00%
14/10/2009;56.81;56.81;56.81;56.81;;;0.26%
15/10/2009;55.98;55.98;55.98;55.98;;;-1.46%
16/10/2009;56.81;56.81;56.81;56.81;;;1.48%
19/10/2009;57.02;57.02;57.02;57.02;;;0.37%
20/10/2009;57.02;57.02;57.02;57.02;;;0.00%
21/10/2009;57.02;57.02;57.02;57.02;;;0.00%
22/10/2009;57.85;57.85;57.85;57.85;;;1.46%
23/10/2009;57.85;57.85;57.85;57.85;;;0.00%
26/10/2009;57.85;57.85;57.85;57.85;;;0.00%
27/10/2009;57.85;57.85;57.85;57.85;;;0.00%
28/10/2009;57.85;57.85;57.85;57.85;;;0.00%
29/10/2009;57.85;57.85;57.85;57.85;;;0.00%
30/10/2009;57.85;57.85;57.85;57.85;;;0.00%
02/11/2009;57.85;57.85;57.85;57.85;;;0.00%
03/11/2009;57.02;57.02;57.02;57.02;;;-1.43%
04/11/2009;56.19;56.19;56.19;56.19;;;-1.46%
05/11/2009;57.02;57.02;57.02;57.02;;;1.48%
06/11/2009;56.61;56.61;56.61;56.61;;;-0.72%
09/11/2009;55.78;55.78;55.78;55.78;;;-1.47%
10/11/2009;55.78;55.78;55.78;55.78;;;0.00%
11/11/2009;53.29;53.29;53.29;53.29;;;-4.46%
12/11/2009;53.41;53.41;53.41;53.41;;;0.23%
13/11/2009;53.41;53.41;53.41;53.41;;;0.00%
16/11/2009;53.45;53.45;53.45;53.45;;;0.07%
17/11/2009;53.58;53.58;53.58;53.58;;;0.24%
18/11/2009;53.58;53.58;53.58;53.58;;;0.00%
19/11/2009;53.58;53.58;53.58;53.58;;;0.00%
20/11/2009;53.58;53.58;53.58;53.58;;;0.00%
23/11/2009;53.72;53.72;53.72;53.72;;;0.26%
24/11/2009;52.89;52.89;52.89;52.89;;;-1.55%
25/11/2009;52.89;52.89;52.89;52.89;;;0.00%
26/11/2009;52.89;52.89;52.89;52.89;;;0.00%
30/11/2009;52.89;52.89;52.89;52.89;;;0.00%
01/12/2009;52.73;52.73;52.73;52.73;;;-0.30%
02/12/2009;52.73;52.73;52.73;52.73;;;0.00%
03/12/2009;53.56;53.56;53.56;53.56;;;1.57%
04/12/2009;54.55;54.55;54.55;54.55;;;1.85%
07/12/2009;54.55;54.55;54.55;54.55;;;0.00%
08/12/2009;53.96;53.96;53.96;53.96;;;-1.08%
09/12/2009;53.54;53.54;53.54;53.54;;;-0.78%
10/12/2009;53.09;53.09;53.09;53.09;;;-0.84%
11/12/2009;53.09;53.09;53.09;53.09;;;0.00%
14/12/2009;53.92;53.92;53.92;53.92;;;1.56%
15/12/2009;53.99;53.99;53.99;53.99;;;0.13%
16/12/2009;53.24;53.24;53.24;53.24;;;-1.39%
17/12/2009;54.22;54.22;54.22;54.22;;;1.84%
18/12/2009;55.87;55.87;55.87;55.87;;;3.04%
21/12/2009;55.05;55.05;55.05;55.05;;;-1.47%
22/12/2009;54.89;54.89;54.89;54.89;;;-0.29%
23/12/2009;55.05;55.05;55.05;55.05;;;0.29%
24/12/2009;54.47;54.47;54.47;54.47;;;-1.05%
28/12/2009;54.47;54.47;54.47;54.47;;;0.00%
29/12/2009;54.58;54.58;54.58;54.58;;;0.20%
30/12/2009;54.12;54.12;54.12;54.12;;;-0.84%
31/12/2009;53.3;53.3;53.3;53.3;;;-1.52%
04/01/2010;54.12;54.12;54.12;54.12;;;1.54%
05/01/2010;53.46;53.46;53.46;53.46;;;-1.22%
06/01/2010;53.46;53.46;53.46;53.46;;;0.00%
07/01/2010;53.7;53.7;53.7;53.7;;;0.45%
08/01/2010;52.06;52.06;52.06;52.06;;;-3.05%
11/01/2010;53.03;53.03;53.03;53.03;;;1.86%
12/01/2010;53.03;53.03;53.03;53.03;;;0.00%
13/01/2010;54.59;54.59;54.59;54.59;;;2.94%
14/01/2010;53.46;53.46;53.46;53.46;;;-2.07%
15/01/2010;52.64;52.64;52.64;52.64;;;-1.53%
18/01/2010;54.28;54.28;54.28;54.28;;;3.12%
19/01/2010;53.63;53.63;53.63;53.63;;;-1.20%
20/01/2010;53.71;53.71;53.71;53.71;;;0.15%
21/01/2010;53.71;53.71;53.71;53.71;;;0.00%
22/01/2010;53.65;53.65;53.65;53.65;;;-0.11%
25/01/2010;53.65;53.65;53.65;53.65;;;0.00%
26/01/2010;53.72;53.72;53.72;53.72;;;0.13%
27/01/2010;53.72;53.72;53.72;53.72;;;0.00%
28/01/2010;54.54;54.54;54.54;54.54;;;1.53%
29/01/2010;54.54;54.54;54.54;54.54;;;0.00%
01/02/2010;54.54;54.54;54.54;54.54;;;0.00%
02/02/2010;55.25;55.25;55.25;55.25;;;1.30%
03/02/2010;55.19;55.19;55.19;55.19;;;-0.11%
04/02/2010;56.11;56.11;56.11;56.11;;;1.67%
05/02/2010;55.3;55.3;55.3;55.3;;;-1.44%
08/02/2010;54.51;54.51;54.51;54.51;;;-1.43%
09/02/2010;54.51;54.51;54.51;54.51;;;0.00%
10/02/2010;54.53;54.53;54.53;54.53;;;0.04%
11/02/2010;54.59;54.59;54.59;54.59;;;0.11%
12/02/2010;52.99;52.99;52.99;52.99;;;-2.93%
15/02/2010;54.67;54.67;54.67;54.67;;;3.17%
16/02/2010;54.75;54.75;54.75;54.75;;;0.15%
17/02/2010;54.75;54.75;54.75;54.75;;;0.00%
18/02/2010;54.75;54.75;54.75;54.75;;;0.00%
19/02/2010;54.23;54.23;54.23;54.23;;;-0.95%
22/02/2010;54.27;54.27;54.27;54.27;;;0.07%
23/02/2010;54.18;54.18;54.18;54.18;;;-0.17%
24/02/2010;54.18;54.18;54.18;54.18;;;0.00%
25/02/2010;54.27;54.27;54.27;54.27;;;0.17%
01/03/2010;54.27;54.27;54.27;54.27;;;0.00%
02/03/2010;54.32;54.32;54.32;54.32;;;0.09%
03/03/2010;55.14;55.14;55.14;55.14;;;1.51%
04/03/2010;55.96;55.96;55.96;55.96;;;1.49%
05/03/2010;55.96;55.96;55.96;55.96;;;0.00%
08/03/2010;55.93;55.93;55.93;55.93;;;-0.05%
09/03/2010;55.11;55.11;55.11;55.11;;;-1.47%
10/03/2010;54.29;54.29;54.29;54.29;;;-1.49%
11/03/2010;55.1;55.1;55.1;55.1;;;1.49%
12/03/2010;55.14;55.14;55.14;55.14;;;0.07%
15/03/2010;55.07;55.07;55.07;55.07;;;-0.13%
16/03/2010;55.07;55.07;55.07;55.07;;;0.00%
17/03/2010;56.16;56.16;56.16;56.16;;;1.98%
18/03/2010;56.16;56.16;56.16;56.16;;;0.00%
19/03/2010;56.24;56.24;56.24;56.24;;;0.14%
22/03/2010;56.24;56.24;56.24;56.24;;;0.00%
23/03/2010;57.1;57.1;57.1;57.1;;;1.53%
24/03/2010;57.96;57.96;57.96;57.96;;;1.51%
25/03/2010;57.96;57.96;57.96;57.96;;;0.00%
26/03/2010;58.18;58.18;58.18;58.18;;;0.38%
29/03/2010;59.9;59.9;59.9;59.9;;;2.96%
30/03/2010;58.42;58.42;58.42;58.42;;;-2.47%
31/03/2010;60.14;60.14;60.14;60.14;;;2.94%
01/04/2010;59.21;59.21;59.21;59.21;;;-1.55%
02/04/2010;58.85;58.85;58.85;58.85;;;-0.61%
06/04/2010;58.85;58.85;58.85;58.85;;;0.00%
07/04/2010;60.57;60.57;60.57;60.57;;;2.92%
08/04/2010;60.57;60.57;60.57;60.57;;;0.00%
09/04/2010;62.3;62.3;62.3;62.3;;;2.86%
12/04/2010;64.02;64.02;64.02;64.02;;;2.76%
13/04/2010;65.7;65.7;65.7;65.7;;;2.62%
14/04/2010;66.53;66.53;66.53;66.53;;;1.26%
15/04/2010;66.53;66.53;66.53;66.53;;;0.00%
16/04/2010;67.07;67.07;67.07;67.07;;;0.81%
19/04/2010;68.76;68.76;68.76;68.76;;;2.52%
20/04/2010;69.6;69.6;69.6;69.6;;;1.22%
21/04/2010;71.77;71.77;71.77;71.77;;;3.12%
22/04/2010;69.32;69.32;69.32;69.32;;;-3.41%
23/04/2010;69.39;69.39;69.39;69.39;;;0.10%
26/04/2010;67.71;67.71;67.71;67.71;;;-2.42%
27/04/2010;67.71;67.71;67.71;67.71;;;0.00%
28/04/2010;68.69;68.69;68.69;68.69;;;1.45%
29/04/2010;67.87;67.87;67.87;67.87;;;-1.19%
30/04/2010;67.03;67.03;67.03;67.03;;;-1.24%
03/05/2010;67.04;67.04;67.04;67.04;;;0.01%
04/05/2010;66.2;66.2;66.2;66.2;;;-1.25%
05/05/2010;66.2;66.2;66.2;66.2;;;0.00%
06/05/2010;66.34;66.34;66.34;66.34;;;0.21%
07/05/2010;66.27;66.27;66.27;66.27;;;-0.11%
10/05/2010;66.27;66.27;66.27;66.27;;;0.00%
11/05/2010;66.27;66.27;66.27;66.27;;;0.00%
12/05/2010;66.96;66.96;66.96;66.96;;;1.04%
14/05/2010;69.48;69.48;69.48;69.48;;;3.76%
17/05/2010;68.54;68.54;68.54;68.54;;;-1.35%
18/05/2010;67.7;67.7;67.7;67.7;;;-1.23%
19/05/2010;69.37;69.37;69.37;69.37;;;2.47%
20/05/2010;69.38;69.38;69.38;69.38;;;0.01%
21/05/2010;70.26;70.26;70.26;70.26;;;1.27%
25/05/2010;70.33;70.33;70.33;70.33;;;0.10%
26/05/2010;70.4;70.4;70.4;70.4;;;0.10%
27/05/2010;70.4;70.4;70.4;70.4;;;0.00%
28/05/2010;69.56;69.56;69.56;69.56;;;-1.19%
31/05/2010;70.76;70.76;70.76;70.76;;;1.73%
01/06/2010;71.02;71.02;71.02;71.02;;;0.37%
02/06/2010;71.02;71.02;71.02;71.02;;;0.00%
03/06/2010;71.91;71.91;71.91;71.91;;;1.25%
04/06/2010;73.5;73.5;73.5;73.5;;;2.21%
07/06/2010;71.82;71.82;71.82;71.82;;;-2.29%
08/06/2010;71.82;71.82;71.82;71.82;;;0.00%
09/06/2010;71.82;71.82;71.82;71.82;;;0.00%
10/06/2010;71.55;71.55;71.55;71.55;;;-0.38%
11/06/2010;70.71;70.71;70.71;70.71;;;-1.17%
14/06/2010;67.32;67.32;67.32;67.32;;;-4.79%
15/06/2010;67.32;67.32;67.32;67.32;;;0.00%
16/06/2010;69.06;69.06;69.06;69.06;;;2.58%
17/06/2010;68.99;68.99;68.99;68.99;;;-0.10%
18/06/2010;67.17;67.17;67.17;67.17;;;-2.64%
21/06/2010;65.49;65.49;65.49;65.49;;;-2.50%
22/06/2010;68.31;68.31;68.31;68.31;;;4.31%
23/06/2010;68.26;68.26;68.26;68.26;;;-0.07%
24/06/2010;67.56;67.56;67.56;67.56;;;-1.03%
25/06/2010;66.72;66.72;66.72;66.72;;;-1.24%
28/06/2010;65.06;65.06;65.06;65.06;;;-2.49%
29/06/2010;65.04;65.04;65.04;65.04;;;-0.03%
30/06/2010;63.27;63.27;63.27;63.27;;;-2.72%
01/07/2010;62.49;62.49;62.49;62.49;;;-1.23%
02/07/2010;60.79;60.79;60.79;60.79;;;-2.72%
05/07/2010;59.95;59.95;59.95;59.95;;;-1.38%
06/07/2010;57.62;57.62;57.62;57.62;;;-3.89%
07/07/2010;57.62;57.62;57.62;57.62;;;0.00%
08/07/2010;58.45;58.45;58.45;58.45;;;1.44%
09/07/2010;59.35;59.35;59.35;59.35;;;1.54%
12/07/2010;59.35;59.35;59.35;59.35;;;0.00%
13/07/2010;60.23;60.23;60.23;60.23;;;1.48%
14/07/2010;61.94;61.94;61.94;61.94;;;2.84%
15/07/2010;61.88;61.88;61.88;61.88;;;-0.10%
16/07/2010;61.95;61.95;61.95;61.95;;;0.11%
19/07/2010;64.52;64.52;64.52;64.52;;;4.15%
20/07/2010;63.69;63.69;63.69;63.69;;;-1.29%
21/07/2010;63.69;63.69;63.69;63.69;;;0.00%
22/07/2010;62.02;62.02;62.02;62.02;;;-2.62%
23/07/2010;62.14;62.14;62.14;62.14;;;0.19%
26/07/2010;62.36;62.36;62.36;62.36;;;0.35%
27/07/2010;63.42;63.42;63.42;63.42;;;1.70%
28/07/2010;63.29;63.29;63.29;63.29;;;-0.20%
29/07/2010;63.31;63.31;63.31;63.31;;;0.03%
30/07/2010;63.29;63.29;63.29;63.29;;;-0.03%
02/08/2010;63.37;63.37;63.37;63.37;;;0.13%
03/08/2010;63.29;63.29;63.29;63.29;;;-0.13%
04/08/2010;61.61;61.61;61.61;61.61;;;-2.65%
05/08/2010;63.28;63.28;63.28;63.28;;;2.71%
06/08/2010;62.44;62.44;62.44;62.44;;;-1.33%
09/08/2010;63.28;63.28;63.28;63.28;;;1.35%
10/08/2010;61.68;61.68;61.68;61.68;;;-2.53%
11/08/2010;61.68;61.68;61.68;61.68;;;0.00%
12/08/2010;61.68;61.68;61.68;61.68;;;0.00%
13/08/2010;61.68;61.68;61.68;61.68;;;0.00%
16/08/2010;61.73;61.73;61.73;61.73;;;0.08%
17/08/2010;63.4;63.4;63.4;63.4;;;2.71%
18/08/2010;62.51;62.51;62.51;62.51;;;-1.40%
19/08/2010;61.68;61.68;61.68;61.68;;;-1.33%
20/08/2010;61.7;61.7;61.7;61.7;;;0.03%
23/08/2010;61.69;61.69;61.69;61.69;;;-0.02%
24/08/2010;61.72;61.72;61.72;61.72;;;0.05%
25/08/2010;61.87;61.87;61.87;61.87;;;0.24%
26/08/2010;64.36;64.36;64.36;64.36;;;4.02%
27/08/2010;65.94;65.94;65.94;65.94;;;2.45%
30/08/2010;63.43;63.43;63.43;63.43;;;-3.81%
31/08/2010;63.43;63.43;63.43;63.43;;;0.00%
01/09/2010;64.98;64.98;64.98;64.98;;;2.44%
02/09/2010;63.32;63.32;63.32;63.32;;;-2.55%
03/09/2010;63.67;63.67;63.67;63.67;;;0.55%
07/09/2010;62.81;62.81;62.81;62.81;;;-1.35%
08/09/2010;63;63;63;63;;;0.30%
09/09/2010;63.84;63.84;63.84;63.84;;;1.33%
13/09/2010;63.01;63.01;63.01;63.01;;;-1.30%
14/09/2010;63.01;63.01;63.01;63.01;;;0.00%
15/09/2010;63.01;63.01;63.01;63.01;;;0.00%
16/09/2010;62.84;62.84;62.84;62.84;;;-0.27%
17/09/2010;62.1;62.1;62.1;62.1;;;-1.18%
20/09/2010;62.62;62.62;62.62;62.62;;;0.84%
21/09/2010;62.62;62.62;62.62;62.62;;;0.00%
22/09/2010;61.79;61.79;61.79;61.79;;;-1.33%
23/09/2010;62.62;62.62;62.62;62.62;;;1.34%
24/09/2010;62.34;62.34;62.34;62.34;;;-0.45%
27/09/2010;61.42;61.42;61.42;61.42;;;-1.48%
28/09/2010;61.74;61.74;61.74;61.74;;;0.52%
29/09/2010;61.48;61.48;61.48;61.48;;;-0.42%
30/09/2010;61.47;61.47;61.47;61.47;;;-0.02%
01/10/2010;61.45;61.45;61.45;61.45;;;-0.03%
04/10/2010;61.71;61.71;61.71;61.71;;;0.42%
05/10/2010;61.71;61.71;61.71;61.71;;;0.00%
06/10/2010;62.64;62.64;62.64;62.64;;;1.51%
07/10/2010;62.22;62.22;62.22;62.22;;;-0.67%
08/10/2010;61.82;61.82;61.82;61.82;;;-0.64%
11/10/2010;62.62;62.62;62.62;62.62;;;1.29%
12/10/2010;62.61;62.61;62.61;62.61;;;-0.02%
13/10/2010;61.71;61.71;61.71;61.71;;;-1.44%
14/10/2010;61.72;61.72;61.72;61.72;;;0.02%
15/10/2010;61.74;61.74;61.74;61.74;;;0.03%
18/10/2010;60.85;60.85;60.85;60.85;;;-1.44%
19/10/2010;60.02;60.02;60.02;60.02;;;-1.36%
20/10/2010;60.03;60.03;60.03;60.03;;;0.02%
21/10/2010;60.06;60.06;60.06;60.06;;;0.05%
22/10/2010;60.07;60.07;60.07;60.07;;;0.02%
25/10/2010;59.43;59.43;59.43;59.43;;;-1.07%
26/10/2010;60.25;60.25;60.25;60.25;;;1.38%
27/10/2010;60.38;60.38;60.38;60.38;;;0.22%
28/10/2010;61.24;61.24;61.24;61.24;;;1.42%
29/10/2010;61.26;61.26;61.26;61.26;;;0.03%
02/11/2010;61.29;61.29;61.29;61.29;;;0.05%
03/11/2010;62.12;62.12;62.12;62.12;;;1.35%
04/11/2010;62.13;62.13;62.13;62.13;;;0.02%
05/11/2010;62.95;62.95;62.95;62.95;;;1.32%
08/11/2010;63.77;63.77;63.77;63.77;;;1.30%
09/11/2010;62.11;62.11;62.11;62.11;;;-2.60%
10/11/2010;62.11;62.11;62.11;62.11;;;0.00%
11/11/2010;62.11;62.11;62.11;62.11;;;0.00%
12/11/2010;62.16;62.16;62.16;62.16;;;0.08%
17/11/2010;62.16;62.16;62.16;62.16;;;0.00%
18/11/2010;62.16;62.16;62.16;62.16;;;0.00%
19/11/2010;62.16;62.16;62.16;62.16;;;0.00%
22/11/2010;62.16;62.16;62.16;62.16;;;0.00%
23/11/2010;62.16;62.16;62.16;62.16;;;0.00%
24/11/2010;60.51;60.51;60.51;60.51;;;-2.65%
25/11/2010;62.12;62.12;62.12;62.12;;;2.66%
26/11/2010;62.13;62.13;62.13;62.13;;;0.02%
29/11/2010;62.13;62.13;62.13;62.13;;;0.00%
30/11/2010;62.11;62.11;62.11;62.11;;;-0.03%
01/12/2010;62.16;62.16;62.16;62.16;;;0.08%
02/12/2010;62.12;62.12;62.12;62.12;;;-0.06%
03/12/2010;62.12;62.12;62.12;62.12;;;0.00%
06/12/2010;62.12;62.12;62.12;62.12;;;0.00%
07/12/2010;59.63;59.63;59.63;59.63;;;-4.01%
08/12/2010;62.12;62.12;62.12;62.12;;;4.18%
09/12/2010;62.12;62.12;62.12;62.12;;;0.00%
10/12/2010;62.05;62.05;62.05;62.05;;;-0.11%
13/12/2010;62.1;62.1;62.1;62.1;;;0.08%
14/12/2010;62.04;62.04;62.04;62.04;;;-0.10%
15/12/2010;62.12;62.12;62.12;62.12;;;0.13%
16/12/2010;62.22;62.22;62.22;62.22;;;0.16%
17/12/2010;63.04;63.04;63.04;63.04;;;1.32%
20/12/2010;63.01;63.01;63.01;63.01;;;-0.05%
21/12/2010;63.01;63.01;63.01;63.01;;;0.00%
22/12/2010;62.55;62.55;62.55;62.55;;;-0.73%
23/12/2010;63.42;63.42;63.42;63.42;;;1.39%
24/12/2010;63.89;63.89;63.89;63.89;;;0.74%
27/12/2010;64.72;64.72;64.72;64.72;;;1.30%
28/12/2010;64.67;64.67;64.67;64.67;;;-0.08%
29/12/2010;64.67;64.67;64.67;64.67;;;0.00%
30/12/2010;64.18;64.18;64.18;64.18;;;-0.76%
31/12/2010;64.22;64.22;64.22;64.22;;;0.06%
03/01/2011;64.21;64.21;64.21;64.21;;;-0.02%
04/01/2011;64.29;64.29;64.29;64.29;;;0.12%
05/01/2011;64.29;64.29;64.29;64.29;;;0.00%
06/01/2011;65.26;65.26;65.26;65.26;;;1.51%
07/01/2011;65.28;65.28;65.28;65.28;;;0.03%
10/01/2011;65.24;65.24;65.24;65.24;;;-0.06%
11/01/2011;66.04;66.04;66.04;66.04;;;1.23%
12/01/2011;65.24;65.24;65.24;65.24;;;-1.21%
13/01/2011;65.24;65.24;65.24;65.24;;;0.00%
14/01/2011;67.29;67.29;67.29;67.29;;;3.14%
17/01/2011;65.81;65.81;65.81;65.81;;;-2.20%
18/01/2011;65.73;65.73;65.73;65.73;;;-0.12%
19/01/2011;65.77;65.77;65.77;65.77;;;0.06%
20/01/2011;65.7;65.7;65.7;65.7;;;-0.11%
21/01/2011;66.51;66.51;66.51;66.51;;;1.23%
24/01/2011;65.7;65.7;65.7;65.7;;;-1.22%
25/01/2011;65.19;65.19;65.19;65.19;;;-0.78%
26/01/2011;65.05;65.05;65.05;65.05;;;-0.21%
27/01/2011;64.29;64.29;64.29;64.29;;;-1.17%
28/01/2011;64.24;64.24;64.24;64.24;;;-0.08%
31/01/2011;64.64;64.64;64.64;64.64;;;0.62%
01/02/2011;63.83;63.83;63.83;63.83;;;-1.25%
02/02/2011;64.63;64.63;64.63;64.63;;;1.25%
03/02/2011;63.45;63.45;63.45;63.45;;;-1.83%
04/02/2011;63.66;63.66;63.66;63.66;;;0.33%
07/02/2011;63.66;63.66;63.66;63.66;;;0.00%
08/02/2011;62.84;62.84;62.84;62.84;;;-1.29%
10/02/2011;63.46;63.46;63.46;63.46;;;0.99%
11/02/2011;62.58;62.58;62.58;62.58;;;-1.39%
01/03/2011;62.56;62.56;62.56;62.56;;;-0.03%
02/03/2011;63.4;63.4;63.4;63.4;;;1.34%
03/03/2011;62.59;62.59;62.59;62.59;;;-1.28%
04/03/2011;62.59;62.59;62.59;62.59;;;0.00%
07/03/2011;62.75;62.75;62.75;62.75;;;0.26%
08/03/2011;62.75;62.75;62.75;62.75;;;0.00%
09/03/2011;62.75;62.75;62.75;62.75;;;0.00%
10/03/2011;62.69;62.69;62.69;62.69;;;-0.10%
11/03/2011;63.5;63.5;63.5;63.5;;;1.29%
14/03/2011;63.39;63.39;63.39;63.39;;;-0.17%
15/03/2011;62.58;62.58;62.58;62.58;;;-1.28%
16/03/2011;63.39;63.39;63.39;63.39;;;1.29%
17/03/2011;63.39;63.39;63.39;63.39;;;0.00%
18/03/2011;63.37;63.37;63.37;63.37;;;-0.03%
21/03/2011;62.56;62.56;62.56;62.56;;;-1.28%
22/03/2011;62.5;62.5;62.5;62.5;;;-0.10%
23/03/2011;61.74;61.74;61.74;61.74;;;-1.22%
24/03/2011;61.7;61.7;61.7;61.7;;;-0.06%
25/03/2011;62.51;62.51;62.51;62.51;;;1.31%
28/03/2011;62.51;62.51;62.51;62.51;;;0.00%
29/03/2011;62.51;62.51;62.51;62.51;;;0.00%
30/03/2011;61.7;61.7;61.7;61.7;;;-1.30%
31/03/2011;61.7;61.7;61.7;61.7;;;0.00%
01/04/2011;61.7;61.7;61.7;61.7;;;0.00%
04/04/2011;61.7;61.7;61.7;61.7;;;0.00%
05/04/2011;61.7;61.7;61.7;61.7;;;0.00%
06/04/2011;60.89;60.89;60.89;60.89;;;-1.31%
07/04/2011;60.89;60.89;60.89;60.89;;;0.00%
08/04/2011;60.89;60.89;60.89;60.89;;;0.00%
11/04/2011;60.89;60.89;60.89;60.89;;;0.00%
12/04/2011;60.08;60.08;60.08;60.08;;;-1.33%
13/04/2011;59.34;59.34;59.34;59.34;;;-1.23%
14/04/2011;58.61;58.61;58.61;58.61;;;-1.23%
15/04/2011;58.58;58.58;58.58;58.58;;;-0.05%
18/04/2011;59.39;59.39;59.39;59.39;;;1.38%
19/04/2011;60.2;60.2;60.2;60.2;;;1.36%
20/04/2011;58.53;58.53;58.53;58.53;;;-2.77%
21/04/2011;57.72;57.72;57.72;57.72;;;-1.38%
22/04/2011;57.72;57.72;57.72;57.72;;;0.00%
26/04/2011;58.53;58.53;58.53;58.53;;;1.40%
27/04/2011;57.72;57.72;57.72;57.72;;;-1.38%
28/04/2011;58.5;58.5;58.5;58.5;;;1.35%
29/04/2011;57.69;57.69;57.69;57.69;;;-1.38%
03/05/2011;57.69;57.69;57.69;57.69;;;0.00%
04/05/2011;57.67;57.67;57.67;57.67;;;-0.03%
05/05/2011;58.49;58.49;58.49;58.49;;;1.42%
06/05/2011;58.72;58.72;58.72;58.72;;;0.39%
09/05/2011;58.71;58.71;58.71;58.71;;;-0.02%
10/05/2011;58.77;58.77;58.77;58.77;;;0.10%
11/05/2011;58.71;58.71;58.71;58.71;;;-0.10%
12/05/2011;58.77;58.77;58.77;58.77;;;0.10%
13/05/2011;58.8;58.8;58.8;58.8;;;0.05%
16/05/2011;58.76;58.76;58.76;58.76;;;-0.07%
17/05/2011;58.85;58.85;58.85;58.85;;;0.15%
18/05/2011;58.96;58.96;58.96;58.96;;;0.19%
19/05/2011;59.76;59.76;59.76;59.76;;;1.36%
20/05/2011;59.77;59.77;59.77;59.77;;;0.02%
23/05/2011;59.77;59.77;59.77;59.77;;;0.00%
24/05/2011;58.16;58.16;58.16;58.16;;;-2.69%
25/05/2011;58.21;58.21;58.21;58.21;;;0.09%
26/05/2011;59.02;59.02;59.02;59.02;;;1.39%
27/05/2011;58.21;58.21;58.21;58.21;;;-1.37%
30/05/2011;59.14;59.14;59.14;59.14;;;1.60%
31/05/2011;59.95;59.95;59.95;59.95;;;1.37%
01/06/2011;58.69;58.69;58.69;58.69;;;-2.10%
03/06/2011;59.63;59.63;59.63;59.63;;;1.60%
06/06/2011;58.82;58.82;58.82;58.82;;;-1.36%
07/06/2011;61.16;61.16;61.16;61.16;;;3.98%
08/06/2011;61.15;61.15;61.15;61.15;;;-0.02%
09/06/2011;61.15;61.15;61.15;61.15;;;0.00%
10/06/2011;61.15;61.15;61.15;61.15;;;0.00%
14/06/2011;60.24;60.24;60.24;60.24;;;-1.49%
15/06/2011;60.27;60.27;60.27;60.27;;;0.05%
16/06/2011;59.08;59.08;59.08;59.08;;;-1.97%
17/06/2011;58.99;58.99;58.99;58.99;;;-0.15%
20/06/2011;59.8;59.8;59.8;59.8;;;1.37%
21/06/2011;59.85;59.85;59.85;59.85;;;0.08%
22/06/2011;59.05;59.05;59.05;59.05;;;-1.34%
23/06/2011;59.93;59.93;59.93;59.93;;;1.49%
24/06/2011;59.09;59.09;59.09;59.09;;;-1.40%
27/06/2011;58.21;58.21;58.21;58.21;;;-1.49%
28/06/2011;58.88;58.88;58.88;58.88;;;1.15%
29/06/2011;58.88;58.88;58.88;58.88;;;0.00%
30/06/2011;58.08;58.08;58.08;58.08;;;-1.36%
01/07/2011;58.31;58.31;58.31;58.31;;;0.40%
04/07/2011;57.58;57.58;57.58;57.58;;;-1.25%
05/07/2011;57.62;57.62;57.62;57.62;;;0.07%
06/07/2011;57.75;57.75;57.75;57.75;;;0.23%
07/07/2011;58.32;58.32;58.32;58.32;;;0.99%
08/07/2011;57.64;57.64;57.64;57.64;;;-1.17%
11/07/2011;57.64;57.64;57.64;57.64;;;0.00%
12/07/2011;55.9;55.9;55.9;55.9;;;-3.02%
13/07/2011;57.64;57.64;57.64;57.64;;;3.11%
14/07/2011;58.32;58.32;58.32;58.32;;;1.18%
15/07/2011;58.15;58.15;58.15;58.15;;;-0.29%
18/07/2011;56.77;56.77;56.77;56.77;;;-2.37%
19/07/2011;57.58;57.58;57.58;57.58;;;1.43%
20/07/2011;57.58;57.58;57.58;57.58;;;0.00%
21/07/2011;58.26;58.26;58.26;58.26;;;1.18%
22/07/2011;58.34;58.34;58.34;58.34;;;0.14%
25/07/2011;57.67;57.67;57.67;57.67;;;-1.15%
26/07/2011;57.67;57.67;57.67;57.67;;;0.00%
27/07/2011;57.67;57.67;57.67;57.67;;;0.00%
28/07/2011;57.95;57.95;57.95;57.95;;;0.49%
29/07/2011;57.56;57.56;57.56;57.56;;;-0.67%
01/08/2011;59.17;59.17;59.17;59.17;;;2.80%
02/08/2011;59.98;59.98;59.98;59.98;;;1.37%
03/08/2011;60.94;60.94;60.94;60.94;;;1.60%
04/08/2011;60.36;60.36;60.36;60.36;;;-0.95%
05/08/2011;61.17;61.17;61.17;61.17;;;1.34%
09/08/2011;60.44;60.44;60.44;60.44;;;-1.19%
10/08/2011;60.29;60.29;60.29;60.29;;;-0.25%
11/08/2011;59.97;59.97;59.97;59.97;;;-0.53%
12/08/2011;60.15;60.15;60.15;60.15;;;0.30%
16/08/2011;60.23;60.23;60.23;60.23;;;0.13%
17/08/2011;60.29;60.29;60.29;60.29;;;0.10%
18/08/2011;60.29;60.29;60.29;60.29;;;0.00%
19/08/2011;61.12;61.12;61.12;61.12;;;1.38%
22/08/2011;63.41;63.41;63.41;63.41;;;3.75%
23/08/2011;62.47;62.47;62.47;62.47;;;-1.48%
24/08/2011;61.79;61.79;61.79;61.79;;;-1.09%
25/08/2011;60.15;60.15;60.15;60.15;;;-2.65%
26/08/2011;62.57;62.57;62.57;62.57;;;4.02%
29/08/2011;62.54;62.54;62.54;62.54;;;-0.05%
31/08/2011;61.76;61.76;61.76;61.76;;;-1.25%
01/09/2011;62.9;62.9;62.9;62.9;;;1.85%
02/09/2011;61.97;61.97;61.97;61.97;;;-1.48%
05/09/2011;61.87;61.87;61.87;61.87;;;-0.16%
06/09/2011;61.06;61.06;61.06;61.06;;;-1.31%
07/09/2011;61.14;61.14;61.14;61.14;;;0.13%
08/09/2011;61.19;61.19;61.19;61.19;;;0.08%
09/09/2011;59.7;59.7;59.7;59.7;;;-2.44%
12/09/2011;58.92;58.92;58.92;58.92;;;-1.31%
13/09/2011;57.8;57.8;57.8;57.8;;;-1.90%
14/09/2011;57.8;57.8;57.8;57.8;;;0.00%
15/09/2011;56.66;56.66;56.66;56.66;;;-1.97%
16/09/2011;56.69;56.69;56.69;56.69;;;0.05%
19/09/2011;57.17;57.17;57.17;57.17;;;0.85%
20/09/2011;56.87;56.87;56.87;56.87;;;-0.52%
21/09/2011;57.67;57.67;57.67;57.67;;;1.41%
22/09/2011;58.47;58.47;58.47;58.47;;;1.39%
23/09/2011;61.16;61.16;61.16;61.16;;;4.60%
26/09/2011;58.74;58.74;58.74;58.74;;;-3.96%
27/09/2011;58.74;58.74;58.74;58.74;;;0.00%
28/09/2011;58.76;58.76;58.76;58.76;;;0.03%
29/09/2011;58.76;58.76;58.76;58.76;;;0.00%
30/09/2011;59.34;59.34;59.34;59.34;;;0.99%
03/10/2011;59.34;59.34;59.34;59.34;;;0.00%
04/10/2011;59.34;59.34;59.34;59.34;;;0.00%
05/10/2011;57.48;57.48;57.48;57.48;;;-3.13%
06/10/2011;56.17;56.17;56.17;56.17;;;-2.28%
07/10/2011;57.55;57.55;57.55;57.55;;;2.46%
10/10/2011;57.6;57.6;57.6;57.6;;;0.09%
11/10/2011;57.13;57.13;57.13;57.13;;;-0.82%
12/10/2011;57.14;57.14;57.14;57.14;;;0.02%
13/10/2011;57.12;57.12;57.12;57.12;;;-0.04%
14/10/2011;57.37;57.37;57.37;57.37;;;0.44%
17/10/2011;57.36;57.36;57.36;57.36;;;-0.02%
18/10/2011;57.36;57.36;57.36;57.36;;;0.00%
19/10/2011;56.51;56.51;56.51;56.51;;;-1.48%
20/10/2011;58.12;58.12;58.12;58.12;;;2.85%
21/10/2011;58.13;58.13;58.13;58.13;;;0.02%
24/10/2011;58.99;58.99;58.99;58.99;;;1.48%
25/10/2011;58.19;58.19;58.19;58.19;;;-1.36%
26/10/2011;58.26;58.26;58.26;58.26;;;0.12%
27/10/2011;57.5;57.5;57.5;57.5;;;-1.30%
28/10/2011;57.5;57.5;57.5;57.5;;;0.00%
31/10/2011;57.46;57.46;57.46;57.46;;;-0.07%
02/11/2011;57.46;57.46;57.46;57.46;;;0.00%
03/11/2011;57.55;57.55;57.55;57.55;;;0.16%
04/11/2011;57.3;57.3;57.3;57.3;;;-0.43%
08/11/2011;57.3;57.3;57.3;57.3;;;0.00%
09/11/2011;57.03;57.03;57.03;57.03;;;-0.47%
10/11/2011;56.52;56.52;56.52;56.52;;;-0.89%
11/11/2011;56.75;56.75;56.75;56.75;;;0.41%
14/11/2011;56.61;56.61;56.61;56.61;;;-0.25%
16/11/2011;56.61;56.61;56.61;56.61;;;0.00%
17/11/2011;55.53;55.53;55.53;55.53;;;-1.91%
18/11/2011;55.79;55.79;55.79;55.79;;;0.47%
21/11/2011;55.79;55.79;55.79;55.79;;;0.00%
22/11/2011;54.98;54.98;54.98;54.98;;;-1.45%
23/11/2011;55.59;55.59;55.59;55.59;;;1.11%
24/11/2011;54.73;54.73;54.73;54.73;;;-1.55%
25/11/2011;55.01;55.01;55.01;55.01;;;0.51%
28/11/2011;54.5;54.5;54.5;54.5;;;-0.93%
29/11/2011;54.5;54.5;54.5;54.5;;;0.00%
30/11/2011;53.7;53.7;53.7;53.7;;;-1.47%
01/12/2011;53.7;53.7;53.7;53.7;;;0.00%
02/12/2011;53.57;53.57;53.57;53.57;;;-0.24%
05/12/2011;53.44;53.44;53.44;53.44;;;-0.24%
06/12/2011;53.19;53.19;53.19;53.19;;;-0.47%
07/12/2011;52.53;52.53;52.53;52.53;;;-1.24%
08/12/2011;52.37;52.37;52.37;52.37;;;-0.30%
09/12/2011;52.32;52.32;52.32;52.32;;;-0.10%
12/12/2011;52.37;52.37;52.37;52.37;;;0.10%
13/12/2011;51.58;51.58;51.58;51.58;;;-1.51%
14/12/2011;51.56;51.56;51.56;51.56;;;-0.04%
15/12/2011;52.32;52.32;52.32;52.32;;;1.47%
16/12/2011;52;52;52;52;;;-0.61%
19/12/2011;52.25;52.25;52.25;52.25;;;0.48%
20/12/2011;52.32;52.32;52.32;52.32;;;0.13%
21/12/2011;52.4;52.4;52.4;52.4;;;0.15%
22/12/2011;52.47;52.47;52.47;52.47;;;0.13%
23/12/2011;52.47;52.47;52.47;52.47;;;0.00%
27/12/2011;52.52;52.52;52.52;52.52;;;0.10%
28/12/2011;52.5;52.5;52.5;52.5;;;-0.04%
29/12/2011;52.5;52.5;52.5;52.5;;;0.00%
30/12/2011;51.83;51.83;51.83;51.83;;;-1.28%
02/01/2012;52.86;52.86;52.86;52.86;;;1.99%
03/01/2012;53.77;53.77;53.77;53.77;;;1.72%
04/01/2012;53.39;53.39;53.39;53.39;;;-0.71%
05/01/2012;53.34;53.34;53.34;53.34;;;-0.09%
06/01/2012;53.39;53.39;53.39;53.39;;;0.09%
09/01/2012;53.39;53.39;53.39;53.39;;;0.00%
10/01/2012;53.39;53.39;53.39;53.39;;;0.00%
11/01/2012;53.28;53.28;53.28;53.28;;;-0.21%
12/01/2012;53.66;53.66;53.66;53.66;;;0.71%
13/01/2012;52.55;52.55;52.55;52.55;;;-2.07%
16/01/2012;53.45;53.45;53.45;53.45;;;1.71%
17/01/2012;52.59;52.59;52.59;52.59;;;-1.61%
18/01/2012;52.8;52.8;52.8;52.8;;;0.40%
19/01/2012;53.18;53.18;53.18;53.18;;;0.72%
20/01/2012;53.81;53.81;53.81;53.81;;;1.18%
23/01/2012;53.89;53.89;53.89;53.89;;;0.15%
24/01/2012;53.89;53.89;53.89;53.89;;;0.00%
25/01/2012;52.63;52.63;52.63;52.63;;;-2.34%
26/01/2012;53.09;53.09;53.09;53.09;;;0.87%
27/01/2012;52.46;52.46;52.46;52.46;;;-1.19%
30/01/2012;53.1;53.1;53.1;53.1;;;1.22%
31/01/2012;52.34;52.34;52.34;52.34;;;-1.43%
01/02/2012;52.48;52.48;52.48;52.48;;;0.27%
02/02/2012;53.36;53.36;53.36;53.36;;;1.68%
03/02/2012;52.52;52.52;52.52;52.52;;;-1.57%
06/02/2012;52.71;52.71;52.71;52.71;;;0.36%
07/02/2012;52.71;52.71;52.71;52.71;;;0.00%
08/02/2012;52.71;52.71;52.71;52.71;;;0.00%
09/02/2012;52.79;52.79;52.79;52.79;;;0.15%
10/02/2012;53.17;53.17;53.17;53.17;;;0.72%
14/02/2012;53.17;53.17;53.17;53.17;;;0.00%
15/02/2012;53.17;53.17;53.17;53.17;;;0.00%
16/02/2012;53.17;53.17;53.17;53.17;;;0.00%
17/02/2012;52.25;52.25;52.25;52.25;;;-1.73%
20/02/2012;52.14;52.14;52.14;52.14;;;-0.21%
21/02/2012;51.98;51.98;51.98;51.98;;;-0.31%
22/02/2012;51.98;51.98;51.98;51.98;;;0.00%
23/02/2012;51.98;51.98;51.98;51.98;;;0.00%
24/02/2012;51.94;51.94;51.94;51.94;;;-0.08%
27/02/2012;52.37;52.37;52.37;52.37;;;0.83%
28/02/2012;52.84;52.84;52.84;52.84;;;0.90%
29/02/2012;53.76;53.76;53.76;53.76;;;1.74%
01/03/2012;54.69;54.69;54.69;54.69;;;1.73%
02/03/2012;52.69;52.69;52.69;52.69;;;-3.66%
05/03/2012;53.59;53.59;53.59;53.59;;;1.71%
06/03/2012;53.48;53.48;53.48;53.48;;;-0.21%
07/03/2012;53.8;53.8;53.8;53.8;;;0.60%
08/03/2012;53.84;53.84;53.84;53.84;;;0.07%
09/03/2012;54.21;54.21;54.21;54.21;;;0.69%
12/03/2012;54.21;54.21;54.21;54.21;;;0.00%
13/03/2012;53.05;53.05;53.05;53.05;;;-2.14%
14/03/2012;53.73;53.73;53.73;53.73;;;1.28%
15/03/2012;53.74;53.74;53.74;53.74;;;0.02%
16/03/2012;53.74;53.74;53.74;53.74;;;0.00%
19/03/2012;55.03;55.03;55.03;55.03;;;2.40%
20/03/2012;55.04;55.04;55.04;55.04;;;0.02%
21/03/2012;55.04;55.04;55.04;55.04;;;0.00%
22/03/2012;56.83;56.83;56.83;56.83;;;3.25%
23/03/2012;56.62;56.62;56.62;56.62;;;-0.37%
26/03/2012;56.76;56.76;56.76;56.76;;;0.25%
27/03/2012;56.76;56.76;56.76;56.76;;;0.00%
28/03/2012;55.68;55.68;55.68;55.68;;;-1.90%
29/03/2012;55.78;55.78;55.78;55.78;;;0.18%
30/03/2012;56.81;56.81;56.81;56.81;;;1.85%
02/04/2012;59.31;59.31;59.31;59.31;;;4.40%
03/04/2012;59.23;59.23;59.23;59.23;;;-0.13%
04/04/2012;60.33;60.33;60.33;60.33;;;1.86%
05/04/2012;59.44;59.44;59.44;59.44;;;-1.48%
06/04/2012;61.21;61.21;61.21;61.21;;;2.98%
10/04/2012;61.21;61.21;61.21;61.21;;;0.00%
11/04/2012;61;61;61;61;;;-0.34%
12/04/2012;59.38;59.38;59.38;59.38;;;-2.66%
13/04/2012;59.5;59.5;59.5;59.5;;;0.20%
16/04/2012;60.39;60.39;60.39;60.39;;;1.50%
17/04/2012;60.38;60.38;60.38;60.38;;;-0.02%
18/04/2012;60.38;60.38;60.38;60.38;;;0.00%
19/04/2012;60.38;60.38;60.38;60.38;;;0.00%
20/04/2012;60.41;60.41;60.41;60.41;;;0.05%
23/04/2012;60.49;60.49;60.49;60.49;;;0.13%
24/04/2012;60.51;60.51;60.51;60.51;;;0.03%
25/04/2012;60.49;60.49;60.49;60.49;;;-0.03%
26/04/2012;60.38;60.38;60.38;60.38;;;-0.18%
27/04/2012;60.38;60.38;60.38;60.38;;;0.00%
30/04/2012;61.07;61.07;61.07;61.07;;;1.14%
02/05/2012;61.07;61.07;61.07;61.07;;;0.00%
03/05/2012;61.02;61.02;61.02;61.02;;;-0.08%
04/05/2012;61.02;61.02;61.02;61.02;;;0.00%
07/05/2012;60.94;60.94;60.94;60.94;;;-0.13%
08/05/2012;61.15;61.15;61.15;61.15;;;0.34%
09/05/2012;61.17;61.17;61.17;61.17;;;0.03%
10/05/2012;59.26;59.26;59.26;59.26;;;-3.12%
11/05/2012;59.46;59.46;59.46;59.46;;;0.34%
14/05/2012;59.55;59.55;59.55;59.55;;;0.15%
15/05/2012;57.76;57.76;57.76;57.76;;;-3.01%
16/05/2012;57.75;57.75;57.75;57.75;;;-0.02%
18/05/2012;57.55;57.55;57.55;57.55;;;-0.35%
21/05/2012;57.49;57.49;57.49;57.49;;;-0.10%
22/05/2012;55.63;55.63;55.63;55.63;;;-3.24%
23/05/2012;55.63;55.63;55.63;55.63;;;0.00%
24/05/2012;55.67;55.67;55.67;55.67;;;0.07%
25/05/2012;55.67;55.67;55.67;55.67;;;0.00%
29/05/2012;55.63;55.63;55.63;55.63;;;-0.07%
30/05/2012;55.65;55.65;55.65;55.65;;;0.04%
31/05/2012;55.65;55.65;55.65;55.65;;;0.00%
01/06/2012;55.65;55.65;55.65;55.65;;;0.00%
04/06/2012;55.65;55.65;55.65;55.65;;;0.00%
05/06/2012;55.76;55.76;55.76;55.76;;;0.20%
06/06/2012;55.77;55.77;55.77;55.77;;;0.02%
07/06/2012;55.81;55.81;55.81;55.81;;;0.07%
08/06/2012;55.81;55.81;55.81;55.81;;;0.00%
11/06/2012;57.74;57.74;57.74;57.74;;;3.46%
12/06/2012;57.76;57.76;57.76;57.76;;;0.03%
13/06/2012;57.76;57.76;57.76;57.76;;;0.00%
14/06/2012;58.43;58.43;58.43;58.43;;;1.16%
15/06/2012;58.5;58.5;58.5;58.5;;;0.12%
18/06/2012;60.16;60.16;60.16;60.16;;;2.84%
19/06/2012;58.53;58.53;58.53;58.53;;;-2.71%
20/06/2012;58.54;58.54;58.54;58.54;;;0.02%
21/06/2012;58.47;58.47;58.47;58.47;;;-0.12%
22/06/2012;58.58;58.58;58.58;58.58;;;0.19%
25/06/2012;60.13;60.13;60.13;60.13;;;2.65%
26/06/2012;60.08;60.08;60.08;60.08;;;-0.08%
27/06/2012;58.31;58.31;58.31;58.31;;;-2.95%
28/06/2012;58.32;58.32;58.32;58.32;;;0.02%
29/06/2012;58.32;58.32;58.32;58.32;;;0.00%
02/07/2012;59.21;59.21;59.21;59.21;;;1.53%
03/07/2012;58.27;58.27;58.27;58.27;;;-1.59%
04/07/2012;58.27;58.27;58.27;58.27;;;0.00%
05/07/2012;57.38;57.38;57.38;57.38;;;-1.53%
06/07/2012;57.58;57.58;57.58;57.58;;;0.35%
09/07/2012;58.27;58.27;58.27;58.27;;;1.20%
10/07/2012;57.4;57.4;57.4;57.4;;;-1.49%
11/07/2012;58.28;58.28;58.28;58.28;;;1.53%
12/07/2012;58.2;58.2;58.2;58.2;;;-0.14%
13/07/2012;56.87;56.87;56.87;56.87;;;-2.29%
16/07/2012;56.87;56.87;56.87;56.87;;;0.00%
17/07/2012;56.86;56.86;56.86;56.86;;;-0.02%
18/07/2012;56.86;56.86;56.86;56.86;;;0.00%
19/07/2012;57.35;57.35;57.35;57.35;;;0.86%
20/07/2012;57.49;57.49;57.49;57.49;;;0.24%
23/07/2012;57.56;57.56;57.56;57.56;;;0.12%
24/07/2012;57.52;57.52;57.52;57.52;;;-0.07%
25/07/2012;57.51;57.51;57.51;57.51;;;-0.02%
26/07/2012;57.44;57.44;57.44;57.44;;;-0.12%
27/07/2012;57.52;57.52;57.52;57.52;;;0.14%
30/07/2012;57.52;57.52;57.52;57.52;;;0.00%
31/07/2012;56.66;56.66;56.66;56.66;;;-1.50%
01/08/2012;56.66;56.66;56.66;56.66;;;0.00%
02/08/2012;58.39;58.39;58.39;58.39;;;3.05%
03/08/2012;57.51;57.51;57.51;57.51;;;-1.51%
08/08/2012;55.7;55.7;55.7;55.7;;;-3.15%
09/08/2012;55.78;55.78;55.78;55.78;;;0.14%
10/08/2012;54.78;54.78;54.78;54.78;;;-1.79%
13/08/2012;54.76;54.76;54.76;54.76;;;-0.04%
14/08/2012;55.39;55.39;55.39;55.39;;;1.15%
16/08/2012;56.45;56.45;56.45;56.45;;;1.91%
17/08/2012;56.21;56.21;56.21;56.21;;;-0.43%
21/08/2012;56.27;56.27;56.27;56.27;;;0.11%
22/08/2012;56.28;56.28;56.28;56.28;;;0.02%
23/08/2012;56.32;56.32;56.32;56.32;;;0.07%
24/08/2012;56.52;56.52;56.52;56.52;;;0.36%
27/08/2012;56.14;56.14;56.14;56.14;;;-0.67%
28/08/2012;56.05;56.05;56.05;56.05;;;-0.16%
29/08/2012;56.05;56.05;56.05;56.05;;;0.00%
30/08/2012;56.08;56.08;56.08;56.08;;;0.05%
31/08/2012;56.24;56.24;56.24;56.24;;;0.29%
03/09/2012;57.13;57.13;57.13;57.13;;;1.58%
04/09/2012;56.25;56.25;56.25;56.25;;;-1.54%
05/09/2012;56.64;56.64;56.64;56.64;;;0.69%
06/09/2012;56.64;56.64;56.64;56.64;;;0.00%
07/09/2012;56.72;56.72;56.72;56.72;;;0.14%
10/09/2012;56.25;56.25;56.25;56.25;;;-0.83%
11/09/2012;56.25;56.25;56.25;56.25;;;0.00%
12/09/2012;56.07;56.07;56.07;56.07;;;-0.32%
13/09/2012;56.03;56.03;56.03;56.03;;;-0.07%
14/09/2012;56.07;56.07;56.07;56.07;;;0.07%
17/09/2012;56.49;56.49;56.49;56.49;;;0.75%
18/09/2012;55.78;55.78;55.78;55.78;;;-1.26%
19/09/2012;55.78;55.78;55.78;55.78;;;0.00%
20/09/2012;55.49;55.49;55.49;55.49;;;-0.52%
21/09/2012;55.48;55.48;55.48;55.48;;;-0.02%
24/09/2012;55.48;55.48;55.48;55.48;;;0.00%
25/09/2012;55.5;55.5;55.5;55.5;;;0.04%
26/09/2012;55.47;55.47;55.47;55.47;;;-0.05%
27/09/2012;55.58;55.58;55.58;55.58;;;0.20%
28/09/2012;55.82;55.82;55.82;55.82;;;0.43%
01/10/2012;55.9;55.9;55.9;55.9;;;0.14%
02/10/2012;55.9;55.9;55.9;55.9;;;0.00%
03/10/2012;55.87;55.87;55.87;55.87;;;-0.05%
04/10/2012;55.87;55.87;55.87;55.87;;;0.00%
05/10/2012;55.87;55.87;55.87;55.87;;;0.00%
08/10/2012;55.73;55.73;55.73;55.73;;;-0.25%
09/10/2012;55.76;55.76;55.76;55.76;;;0.05%
10/10/2012;55.74;55.74;55.74;55.74;;;-0.04%
11/10/2012;54.98;54.98;54.98;54.98;;;-1.36%
12/10/2012;55.76;55.76;55.76;55.76;;;1.42%
15/10/2012;55.81;55.81;55.81;55.81;;;0.09%
16/10/2012;55.81;55.81;55.81;55.81;;;0.00%
17/10/2012;54.62;54.62;54.62;54.62;;;-2.13%
18/10/2012;54.62;54.62;54.62;54.62;;;0.00%
19/10/2012;52.68;52.68;52.68;52.68;;;-3.55%
22/10/2012;52.86;52.86;52.86;52.86;;;0.34%
23/10/2012;53.04;53.04;53.04;53.04;;;0.34%
24/10/2012;55;55;55;55;;;3.70%
25/10/2012;55.01;55.01;55.01;55.01;;;0.02%
29/10/2012;54.78;54.78;54.78;54.78;;;-0.42%
30/10/2012;54.88;54.88;54.88;54.88;;;0.18%
31/10/2012;54.88;54.88;54.88;54.88;;;0.00%
02/11/2012;55.86;55.86;55.86;55.86;;;1.79%
05/11/2012;56.11;56.11;56.11;56.11;;;0.45%
06/11/2012;56.08;56.08;56.08;56.08;;;-0.05%
07/11/2012;55.47;55.47;55.47;55.47;;;-1.09%
08/11/2012;56.47;56.47;56.47;56.47;;;1.80%
09/11/2012;56.52;56.52;56.52;56.52;;;0.09%
12/11/2012;57.19;57.19;57.19;57.19;;;1.19%
13/11/2012;57.19;57.19;57.19;57.19;;;0.00%
14/11/2012;57.91;57.91;57.91;57.91;;;1.26%
16/11/2012;58.68;58.68;58.68;58.68;;;1.33%
19/11/2012;58.33;58.33;58.33;58.33;;;-0.60%
20/11/2012;57.21;57.21;57.21;57.21;;;-1.92%
21/11/2012;58.19;58.19;58.19;58.19;;;1.71%
22/11/2012;57.4;57.4;57.4;57.4;;;-1.36%
23/11/2012;56.42;56.42;56.42;56.42;;;-1.71%
26/11/2012;56.6;56.6;56.6;56.6;;;0.32%
27/11/2012;57.59;57.59;57.59;57.59;;;1.75%
28/11/2012;56.84;56.84;56.84;56.84;;;-1.30%
29/11/2012;57.59;57.59;57.59;57.59;;;1.32%
30/11/2012;57.05;57.05;57.05;57.05;;;-0.94%
03/12/2012;57.16;57.16;57.16;57.16;;;0.19%
04/12/2012;57.71;57.71;57.71;57.71;;;0.96%
05/12/2012;56.43;56.43;56.43;56.43;;;-2.22%
06/12/2012;54.5;54.5;54.5;54.5;;;-3.42%
07/12/2012;54.5;54.5;54.5;54.5;;;0.00%
10/12/2012;57.21;57.21;57.21;57.21;;;4.97%
11/12/2012;57.37;57.37;57.37;57.37;;;0.28%
12/12/2012;56.29;56.29;56.29;56.29;;;-1.88%
13/12/2012;57.25;57.25;57.25;57.25;;;1.71%
14/12/2012;57.37;57.37;57.37;57.37;;;0.21%
17/12/2012;57.43;57.43;57.43;57.43;;;0.10%
18/12/2012;57.19;57.19;57.19;57.19;;;-0.42%
19/12/2012;56.67;56.67;56.67;56.67;;;-0.91%
20/12/2012;56.67;56.67;56.67;56.67;;;0.00%
21/12/2012;55.36;55.36;55.36;55.36;;;-2.31%
24/12/2012;57.35;57.35;57.35;57.35;;;3.59%
26/12/2012;54.83;54.83;54.83;54.83;;;-4.39%
27/12/2012;55.29;55.29;55.29;55.29;;;0.84%
28/12/2012;55.29;55.29;55.29;55.29;;;0.00%
31/12/2012;57.35;57.35;57.35;57.35;;;3.73%
02/01/2013;57.46;57.46;57.46;57.46;;;0.19%
03/01/2013;57.46;57.46;57.46;57.46;;;0.00%
04/01/2013;57.5;57.5;57.5;57.5;;;0.07%
07/01/2013;57.55;57.55;57.55;57.55;;;0.09%
08/01/2013;57.5;57.5;57.5;57.5;;;-0.09%
09/01/2013;55.55;55.55;55.55;55.55;;;-3.39%
10/01/2013;56.32;56.32;56.32;56.32;;;1.39%
11/01/2013;57.65;57.65;57.65;57.65;;;2.36%
14/01/2013;57.65;57.65;57.65;57.65;;;0.00%
15/01/2013;55.46;55.46;55.46;55.46;;;-3.80%
16/01/2013;55.55;55.55;55.55;55.55;;;0.16%
17/01/2013;55.71;55.71;55.71;55.71;;;0.29%
18/01/2013;55.56;55.56;55.56;55.56;;;-0.27%
21/01/2013;56.59;56.59;56.59;56.59;;;1.85%
22/01/2013;57.5;57.5;57.5;57.5;;;1.61%
23/01/2013;57.38;57.38;57.38;57.38;;;-0.21%
25/01/2013;57.5;57.5;57.5;57.5;;;0.21%
28/01/2013;57.51;57.51;57.51;57.51;;;0.02%
29/01/2013;57.53;57.53;57.53;57.53;;;0.03%
30/01/2013;58.05;58.05;58.05;58.05;;;0.90%
31/01/2013;57.86;57.86;57.86;57.86;;;-0.33%
01/02/2013;57.86;57.86;57.86;57.86;;;0.00%
04/02/2013;57.71;57.71;57.71;57.71;;;-0.26%
05/02/2013;57.77;57.77;57.77;57.77;;;0.10%
06/02/2013;57.95;57.95;57.95;57.95;;;0.31%
07/02/2013;58.78;58.78;58.78;58.78;;;1.43%
08/02/2013;58.55;58.55;58.55;58.55;;;-0.39%
11/02/2013;59.72;59.72;59.72;59.72;;;2.00%
12/02/2013;59.59;59.59;59.59;59.59;;;-0.22%
13/02/2013;59.9;59.9;59.9;59.9;;;0.52%
14/02/2013;59.9;59.9;59.9;59.9;;;0.00%
15/02/2013;60.65;60.65;60.65;60.65;;;1.25%
18/02/2013;61.7;61.7;61.7;61.7;;;1.73%
19/02/2013;63.93;63.93;63.93;63.93;;;3.61%
20/02/2013;65.95;65.95;65.95;65.95;;;3.16%
21/02/2013;66.97;66.97;66.97;66.97;;;1.55%
22/02/2013;66.98;66.98;66.98;66.98;;;0.01%
25/02/2013;70.03;70.03;70.03;70.03;;;4.55%
26/02/2013;73.08;73.08;73.08;73.08;;;4.36%
27/02/2013;75.91;75.91;75.91;75.91;;;3.87%
28/02/2013;78.94;78.94;78.94;78.94;;;3.99%
01/03/2013;78.07;78.07;78.07;78.07;;;-1.10%
04/03/2013;81.89;81.89;81.89;81.89;;;4.89%
05/03/2013;84.65;84.65;84.65;84.65;;;3.37%
06/03/2013;84.77;84.77;84.77;84.77;;;0.14%
07/03/2013;84.19;84.19;84.19;84.19;;;-0.68%
08/03/2013;82.87;82.87;82.87;82.87;;;-1.57%
11/03/2013;82.07;82.07;82.07;82.07;;;-0.97%
12/03/2013;78.74;78.74;78.74;78.74;;;-4.06%
13/03/2013;77.91;77.91;77.91;77.91;;;-1.05%
14/03/2013;78.05;78.05;78.05;78.05;;;0.18%
15/03/2013;77.47;77.47;77.47;77.47;;;-0.74%
18/03/2013;78;78;78;78;;;0.68%
19/03/2013;77.97;77.97;77.97;77.97;;;-0.04%
20/03/2013;78.14;78.14;78.14;78.14;;;0.22%
21/03/2013;74.21;74.21;74.21;74.21;;;-5.03%
22/03/2013;77.29;77.29;77.29;77.29;;;4.15%
25/03/2013;77.7;77.7;77.7;77.7;;;0.53%
26/03/2013;77.7;77.7;77.7;77.7;;;0.00%
27/03/2013;74.92;74.92;74.92;74.92;;;-3.58%
28/03/2013;75.2;75.2;75.2;75.2;;;0.37%
29/03/2013;75.25;75.25;75.25;75.25;;;0.07%
02/04/2013;75.23;75.23;75.23;75.23;;;-0.03%
03/04/2013;75.22;75.22;75.22;75.22;;;-0.01%
04/04/2013;75.12;75.12;75.12;75.12;;;-0.13%
05/04/2013;78.28;78.28;78.28;78.28;;;4.21%
08/04/2013;78.23;78.23;78.23;78.23;;;-0.06%
09/04/2013;78.23;78.23;78.23;78.23;;;0.00%
10/04/2013;76.96;76.96;76.96;76.96;;;-1.62%
11/04/2013;76.98;76.98;76.98;76.98;;;0.03%
12/04/2013;77.01;77.01;77.01;77.01;;;0.04%
15/04/2013;77.05;77.05;77.05;77.05;;;0.05%
16/04/2013;75.31;75.31;75.31;75.31;;;-2.26%
17/04/2013;77.42;77.42;77.42;77.42;;;2.80%
18/04/2013;77.45;77.45;77.45;77.45;;;0.04%
19/04/2013;76.97;76.97;76.97;76.97;;;-0.62%
22/04/2013;76.98;76.98;76.98;76.98;;;0.01%
23/04/2013;74.97;74.97;74.97;74.97;;;-2.61%
24/04/2013;75.04;75.04;75.04;75.04;;;0.09%
25/04/2013;75.04;75.04;75.04;75.04;;;0.00%
26/04/2013;75.04;75.04;75.04;75.04;;;0.00%
29/04/2013;75.04;75.04;75.04;75.04;;;0.00%
30/04/2013;75.04;75.04;75.04;75.04;;;0.00%
02/05/2013;75.81;75.81;75.81;75.81;;;1.03%
03/05/2013;75.7;75.7;75.7;75.7;;;-0.15%
06/05/2013;75.16;75.16;75.16;75.16;;;-0.71%
07/05/2013;75.25;75.25;75.25;75.25;;;0.12%
08/05/2013;78.45;78.45;78.45;78.45;;;4.25%
10/05/2013;79.46;79.46;79.46;79.46;;;1.29%
13/05/2013;80.47;80.47;80.47;80.47;;;1.27%
14/05/2013;82.3;82.3;82.3;82.3;;;2.27%
15/05/2013;81.68;81.68;81.68;81.68;;;-0.75%
16/05/2013;81.9;81.9;81.9;81.9;;;0.27%
17/05/2013;86.95;86.95;86.95;86.95;;;6.17%
21/05/2013;86.69;86.69;86.69;86.69;;;-0.30%
22/05/2013;86.66;86.66;86.66;86.66;;;-0.03%
23/05/2013;86.7;86.7;86.7;86.7;;;0.05%
24/05/2013;87.36;87.36;87.36;87.36;;;0.76%
27/05/2013;89.65;89.65;89.65;89.65;;;2.62%
28/05/2013;93.97;93.97;93.97;93.97;;;4.82%
29/05/2013;93.71;93.71;93.71;93.71;;;-0.28%
30/05/2013;93.71;93.71;93.71;93.71;;;0.00%
31/05/2013;95.71;95.71;95.71;95.71;;;2.13%
03/06/2013;97.45;97.45;97.45;97.45;;;1.82%
04/06/2013;101.97;101.97;101.97;101.97;;;4.64%
05/06/2013;97.28;97.28;97.28;97.28;;;-4.60%
06/06/2013;92.7;92.7;92.7;92.7;;;-4.71%
07/06/2013;89.57;89.57;89.57;89.57;;;-3.38%
10/06/2013;93.62;93.62;93.62;93.62;;;4.52%
11/06/2013;94.63;94.63;94.63;94.63;;;1.08%
12/06/2013;93.53;93.53;93.53;93.53;;;-1.16%
13/06/2013;89.62;89.62;89.62;89.62;;;-4.18%
14/06/2013;86.8;86.8;86.8;86.8;;;-3.15%
17/06/2013;82.95;82.95;82.95;82.95;;;-4.44%
18/06/2013;87.69;87.69;87.69;87.69;;;5.71%
19/06/2013;87.61;87.61;87.61;87.61;;;-0.09%
20/06/2013;86.69;86.69;86.69;86.69;;;-1.05%
21/06/2013;83.96;83.96;83.96;83.96;;;-3.15%
24/06/2013;83.87;83.87;83.87;83.87;;;-0.11%
25/06/2013;84.43;84.43;84.43;84.43;;;0.67%
26/06/2013;84.07;84.07;84.07;84.07;;;-0.43%
27/06/2013;87.12;87.12;87.12;87.12;;;3.63%
28/06/2013;87.14;87.14;87.14;87.14;;;0.02%
01/07/2013;82.99;82.99;82.99;82.99;;;-4.76%
02/07/2013;78.7;78.7;78.7;78.7;;;-5.17%
03/07/2013;79.97;79.97;79.97;79.97;;;1.61%
04/07/2013;83.02;83.02;83.02;83.02;;;3.81%
05/07/2013;87.08;87.08;87.08;87.08;;;4.89%
08/07/2013;88.23;88.23;88.23;88.23;;;1.32%
09/07/2013;87.39;87.39;87.39;87.39;;;-0.95%
10/07/2013;84.1;84.1;84.1;84.1;;;-3.76%
11/07/2013;83.66;83.66;83.66;83.66;;;-0.52%
12/07/2013;82.96;82.96;82.96;82.96;;;-0.84%
15/07/2013;83.05;83.05;83.05;83.05;;;0.11%
16/07/2013;83.14;83.14;83.14;83.14;;;0.11%
17/07/2013;83.09;83.09;83.09;83.09;;;-0.06%
18/07/2013;83.15;83.15;83.15;83.15;;;0.07%
19/07/2013;83.18;83.18;83.18;83.18;;;0.04%
22/07/2013;82.18;82.18;82.18;82.18;;;-1.20%
23/07/2013;83.21;83.21;83.21;83.21;;;1.25%
24/07/2013;83.23;83.23;83.23;83.23;;;0.02%
25/07/2013;83.23;83.23;83.23;83.23;;;0.00%
26/07/2013;83.24;83.24;83.24;83.24;;;0.01%
29/07/2013;83.24;83.24;83.24;83.24;;;0.00%
30/07/2013;83.2;83.2;83.2;83.2;;;-0.05%
31/07/2013;83.38;83.38;83.38;83.38;;;0.22%
01/08/2013;83.34;83.34;83.34;83.34;;;-0.05%
02/08/2013;83.38;83.38;83.38;83.38;;;0.05%
05/08/2013;87.46;87.46;87.46;87.46;;;4.89%
06/08/2013;87.59;87.59;87.59;87.59;;;0.15%
09/08/2013;86.75;86.75;86.75;86.75;;;-0.96%
12/08/2013;81.93;81.93;81.93;81.93;;;-5.56%
13/08/2013;86.54;86.54;86.54;86.54;;;5.63%
14/08/2013;86.61;86.61;86.61;86.61;;;0.08%
16/08/2013;83.49;83.49;83.49;83.49;;;-3.60%
19/08/2013;83.41;83.41;83.41;83.41;;;-0.10%
20/08/2013;83.37;83.37;83.37;83.37;;;-0.05%
21/08/2013;86.51;86.51;86.51;86.51;;;3.77%
22/08/2013;86.1;86.1;86.1;86.1;;;-0.47%
23/08/2013;82.95;82.95;82.95;82.95;;;-3.66%
26/08/2013;83.09;83.09;83.09;83.09;;;0.17%
27/08/2013;81.87;81.87;81.87;81.87;;;-1.47%
28/08/2013;81.76;81.76;81.76;81.76;;;-0.13%
29/08/2013;81.59;81.59;81.59;81.59;;;-0.21%
30/08/2013;81.5;81.5;81.5;81.5;;;-0.11%
02/09/2013;81.51;81.51;81.51;81.51;;;0.01%
03/09/2013;80.58;80.58;80.58;80.58;;;-1.14%
04/09/2013;80.28;80.28;80.28;80.28;;;-0.37%
05/09/2013;80.29;80.29;80.29;80.29;;;0.01%
06/09/2013;80.55;80.55;80.55;80.55;;;0.32%
09/09/2013;79.65;79.65;79.65;79.65;;;-1.12%
10/09/2013;78.64;78.64;78.64;78.64;;;-1.27%
11/09/2013;78.64;78.64;78.64;78.64;;;0.00%
12/09/2013;78.64;78.64;78.64;78.64;;;0.00%
13/09/2013;80.56;80.56;80.56;80.56;;;2.44%
16/09/2013;78.94;78.94;78.94;78.94;;;-2.01%
17/09/2013;78.64;78.64;78.64;78.64;;;-0.38%
18/09/2013;77.97;77.97;77.97;77.97;;;-0.85%
19/09/2013;78.04;78.04;78.04;78.04;;;0.09%
20/09/2013;77.13;77.13;77.13;77.13;;;-1.17%
23/09/2013;77.07;77.07;77.07;77.07;;;-0.08%
24/09/2013;77.11;77.11;77.11;77.11;;;0.05%
25/09/2013;77.24;77.24;77.24;77.24;;;0.17%
26/09/2013;77.32;77.32;77.32;77.32;;;0.10%
27/09/2013;76.54;76.54;76.54;76.54;;;-1.01%
30/09/2013;78.59;78.59;78.59;78.59;;;2.68%
01/10/2013;78.29;78.29;78.29;78.29;;;-0.38%
02/10/2013;81.63;81.63;81.63;81.63;;;4.27%
03/10/2013;79.22;79.22;79.22;79.22;;;-2.95%
04/10/2013;80.36;80.36;80.36;80.36;;;1.44%
07/10/2013;80.62;80.62;80.62;80.62;;;0.32%
08/10/2013;80.62;80.62;80.62;80.62;;;0.00%
09/10/2013;80.87;80.87;80.87;80.87;;;0.31%
10/10/2013;83.67;83.67;83.67;83.67;;;3.46%
11/10/2013;83.75;83.75;83.75;83.75;;;0.10%
14/10/2013;80.83;80.83;80.83;80.83;;;-3.49%
16/10/2013;79.81;79.81;79.81;79.81;;;-1.26%
17/10/2013;77.12;77.12;77.12;77.12;;;-3.37%
18/10/2013;79.82;79.82;79.82;79.82;;;3.50%
21/10/2013;77.87;77.87;77.87;77.87;;;-2.44%
22/10/2013;79.72;79.72;79.72;79.72;;;2.38%
23/10/2013;79.84;79.84;79.84;79.84;;;0.15%
24/10/2013;80.01;80.01;80.01;80.01;;;0.21%
25/10/2013;78.04;78.04;78.04;78.04;;;-2.46%
28/10/2013;79.15;79.15;79.15;79.15;;;1.42%
29/10/2013;77.71;77.71;77.71;77.71;;;-1.82%
30/10/2013;78.18;78.18;78.18;78.18;;;0.60%
31/10/2013;78.13;78.13;78.13;78.13;;;-0.06%
04/11/2013;78.77;78.77;78.77;78.77;;;0.82%
05/11/2013;80.99;80.99;80.99;80.99;;;2.82%
06/11/2013;81.12;81.12;81.12;81.12;;;0.16%
07/11/2013;82.19;82.19;82.19;82.19;;;1.32%
08/11/2013;82.9;82.9;82.9;82.9;;;0.86%
11/11/2013;82.36;82.36;82.36;82.36;;;-0.65%
12/11/2013;81.25;81.25;81.25;81.25;;;-1.35%
13/11/2013;79.33;79.33;79.33;79.33;;;-2.36%
14/11/2013;81.7;81.7;81.7;81.7;;;2.99%
18/11/2013;79.94;79.94;79.94;79.94;;;-2.15%
19/11/2013;79.95;79.95;79.95;79.95;;;0.01%
20/11/2013;79.85;79.85;79.85;79.85;;;-0.13%
21/11/2013;79.99;79.99;79.99;79.99;;;0.18%
22/11/2013;81.91;81.91;81.91;81.91;;;2.40%
25/11/2013;81.44;81.44;81.44;81.44;;;-0.57%
26/11/2013;80.99;80.99;80.99;80.99;;;-0.55%
27/11/2013;79.92;79.92;79.92;79.92;;;-1.32%
28/11/2013;79.84;79.84;79.84;79.84;;;-0.10%
29/11/2013;81.01;81.01;81.01;81.01;;;1.47%
02/12/2013;80.66;80.66;80.66;80.66;;;-0.43%
03/12/2013;80.66;80.66;80.66;80.66;;;0.00%
04/12/2013;82.34;82.34;82.34;82.34;;;2.08%
05/12/2013;82.34;82.34;82.34;82.34;;;0.00%
06/12/2013;81.28;81.28;81.28;81.28;;;-1.29%
09/12/2013;81.18;81.18;81.18;81.18;;;-0.12%
10/12/2013;81.3;81.3;81.3;81.3;;;0.15%
11/12/2013;81.41;81.41;81.41;81.41;;;0.14%
12/12/2013;81.58;81.58;81.58;81.58;;;0.21%
13/12/2013;82.45;82.45;82.45;82.45;;;1.07%
16/12/2013;82.58;82.58;82.58;82.58;;;0.16%
17/12/2013;81.49;81.49;81.49;81.49;;;-1.32%
18/12/2013;81.38;81.38;81.38;81.38;;;-0.13%
19/12/2013;81.3;81.3;81.3;81.3;;;-0.10%
20/12/2013;80.95;80.95;80.95;80.95;;;-0.43%
23/12/2013;80.6;80.6;80.6;80.6;;;-0.43%
24/12/2013;79.93;79.93;79.93;79.93;;;-0.83%
26/12/2013;79.66;79.66;79.66;79.66;;;-0.34%
27/12/2013;79.88;79.88;79.88;79.88;;;0.28%
30/12/2013;80.41;80.41;80.41;80.41;;;0.66%
31/12/2013;82.04;82.04;82.04;82.04;;;2.03%
02/01/2014;81.75;81.75;81.75;81.75;;;-0.35%
03/01/2014;80.99;80.99;80.99;80.99;;;-0.93%
06/01/2014;81.09;81.09;81.09;81.09;;;0.12%
07/01/2014;81.11;81.11;81.11;81.11;;;0.02%
08/01/2014;80.45;80.45;80.45;80.45;;;-0.81%
09/01/2014;81.37;81.37;81.37;81.37;;;1.14%
10/01/2014;82.36;82.36;82.36;82.36;;;1.22%
14/01/2014;81.29;81.29;81.29;81.29;;;-1.30%
15/01/2014;82.37;82.37;82.37;82.37;;;1.33%
16/01/2014;82.42;82.42;82.42;82.42;;;0.06%
17/01/2014;82.28;82.28;82.28;82.28;;;-0.17%
20/01/2014;83.28;83.28;83.28;83.28;;;1.22%
21/01/2014;82.73;82.73;82.73;82.73;;;-0.66%
22/01/2014;82.94;82.94;82.94;82.94;;;0.25%
23/01/2014;82;82;82;82;;;-1.13%
24/01/2014;83.05;83.05;83.05;83.05;;;1.28%
27/01/2014;83.06;83.06;83.06;83.06;;;0.01%
28/01/2014;81.66;81.66;81.66;81.66;;;-1.69%
29/01/2014;82.66;82.66;82.66;82.66;;;1.22%
30/01/2014;83.09;83.09;83.09;83.09;;;0.52%
31/01/2014;83.18;83.18;83.18;83.18;;;0.11%
03/02/2014;82.63;82.63;82.63;82.63;;;-0.66%
04/02/2014;83.05;83.05;83.05;83.05;;;0.51%
05/02/2014;83.03;83.03;83.03;83.03;;;-0.02%
06/02/2014;84.23;84.23;84.23;84.23;;;1.45%
07/02/2014;83.08;83.08;83.08;83.08;;;-1.37%
10/02/2014;83.04;83.04;83.04;83.04;;;-0.05%
11/02/2014;84.09;84.09;84.09;84.09;;;1.26%
12/02/2014;84;84;84;84;;;-0.11%
13/02/2014;84.07;84.07;84.07;84.07;;;0.08%
14/02/2014;83.81;83.81;83.81;83.81;;;-0.31%
17/02/2014;83.77;83.77;83.77;83.77;;;-0.05%
18/02/2014;84.28;84.28;84.28;84.28;;;0.61%
19/02/2014;84.28;84.28;84.28;84.28;;;0.00%
20/02/2014;84.66;84.66;84.66;84.66;;;0.45%
21/02/2014;83.23;83.23;83.23;83.23;;;-1.69%
24/02/2014;84.21;84.21;84.21;84.21;;;1.18%
25/02/2014;83.46;83.46;83.46;83.46;;;-0.89%
26/02/2014;83.12;83.12;83.12;83.12;;;-0.41%
27/02/2014;84.04;84.04;84.04;84.04;;;1.11%
28/02/2014;82.28;82.28;82.28;82.28;;;-2.09%
03/03/2014;83.32;83.32;83.32;83.32;;;1.26%
04/03/2014;84.27;84.27;84.27;84.27;;;1.14%
05/03/2014;84.27;84.27;84.27;84.27;;;0.00%
06/03/2014;84.27;84.27;84.27;84.27;;;0.00%
07/03/2014;85.96;85.96;85.96;85.96;;;2.01%
10/03/2014;84.72;84.72;84.72;84.72;;;-1.44%
11/03/2014;83.94;83.94;83.94;83.94;;;-0.92%
12/03/2014;83.19;83.19;83.19;83.19;;;-0.89%
13/03/2014;83.22;83.22;83.22;83.22;;;0.04%
14/03/2014;83.04;83.04;83.04;83.04;;;-0.22%
17/03/2014;82.63;82.63;82.63;82.63;;;-0.49%
18/03/2014;82.58;82.58;82.58;82.58;;;-0.06%
19/03/2014;81.36;81.36;81.36;81.36;;;-1.48%
20/03/2014;82.18;82.18;82.18;82.18;;;1.01%
21/03/2014;82.42;82.42;82.42;82.42;;;0.29%
24/03/2014;81.29;81.29;81.29;81.29;;;-1.37%
25/03/2014;81.93;81.93;81.93;81.93;;;0.79%
26/03/2014;82.8;82.8;82.8;82.8;;;1.06%
27/03/2014;82.77;82.77;82.77;82.77;;;-0.04%
28/03/2014;82.65;82.65;82.65;82.65;;;-0.14%
31/03/2014;82.68;82.68;82.68;82.68;;;0.04%
01/04/2014;82.99;82.99;82.99;82.99;;;0.37%
02/04/2014;82.05;82.05;82.05;82.05;;;-1.13%
03/04/2014;82.14;82.14;82.14;82.14;;;0.11%
04/04/2014;82.12;82.12;82.12;82.12;;;-0.02%
07/04/2014;82.12;82.12;82.12;82.12;;;0.00%
08/04/2014;81.13;81.13;81.13;81.13;;;-1.21%
09/04/2014;81.57;81.57;81.57;81.57;;;0.54%
10/04/2014;81.51;81.51;81.51;81.51;;;-0.07%
11/04/2014;81.58;81.58;81.58;81.58;;;0.09%
14/04/2014;81.78;81.78;81.78;81.78;;;0.25%
15/04/2014;80.67;80.67;80.67;80.67;;;-1.36%
16/04/2014;80.5;80.5;80.5;80.5;;;-0.21%
17/04/2014;80.78;80.78;80.78;80.78;;;0.35%
18/04/2014;80.78;80.78;80.78;80.78;;;0.00%
22/04/2014;80.24;80.24;80.24;80.24;;;-0.67%
23/04/2014;80.34;80.34;80.34;80.34;;;0.12%
24/04/2014;78.25;78.25;78.25;78.25;;;-2.60%
25/04/2014;77.43;77.43;77.43;77.43;;;-1.05%
28/04/2014;76.39;76.39;76.39;76.39;;;-1.34%
29/04/2014;76.44;76.44;76.44;76.44;;;0.07%
30/04/2014;77;77;77;77;;;0.73%
02/05/2014;75.12;75.12;75.12;75.12;;;-2.44%
05/05/2014;72.26;72.26;72.26;72.26;;;-3.81%
06/05/2014;71.22;71.22;71.22;71.22;;;-1.44%
07/05/2014;72.06;72.06;72.06;72.06;;;1.18%
08/05/2014;72;72;72;72;;;-0.08%
09/05/2014;73.2;73.2;73.2;73.2;;;1.67%
12/05/2014;75.19;75.19;75.19;75.19;;;2.72%
13/05/2014;74.82;74.82;74.82;74.82;;;-0.49%
14/05/2014;73.81;73.81;73.81;73.81;;;-1.35%
15/05/2014;75.23;75.23;75.23;75.23;;;1.92%
16/05/2014;74.25;74.25;74.25;74.25;;;-1.30%
19/05/2014;74.13;74.13;74.13;74.13;;;-0.16%
20/05/2014;75.08;75.08;75.08;75.08;;;1.28%
21/05/2014;74.06;74.06;74.06;74.06;;;-1.36%
22/05/2014;74.11;74.11;74.11;74.11;;;0.07%
23/05/2014;76;76;76;76;;;2.55%
26/05/2014;76.09;76.09;76.09;76.09;;;0.12%
27/05/2014;75.03;75.03;75.03;75.03;;;-1.39%
28/05/2014;76.03;76.03;76.03;76.03;;;1.33%
30/05/2014;75.92;75.92;75.92;75.92;;;-0.14%
02/06/2014;74.94;74.94;74.94;74.94;;;-1.29%
03/06/2014;75.35;75.35;75.35;75.35;;;0.55%
04/06/2014;75.24;75.24;75.24;75.24;;;-0.15%
05/06/2014;74.99;74.99;74.99;74.99;;;-0.33%
06/06/2014;74.26;74.26;74.26;74.26;;;-0.97%
10/06/2014;75.38;75.38;75.38;75.38;;;1.51%
11/06/2014;74.54;74.54;74.54;74.54;;;-1.11%
12/06/2014;75.78;75.78;75.78;75.78;;;1.66%
13/06/2014;75.08;75.08;75.08;75.08;;;-0.92%
16/06/2014;76.21;76.21;76.21;76.21;;;1.51%
17/06/2014;76.72;76.72;76.72;76.72;;;0.67%
18/06/2014;76.78;76.78;76.78;76.78;;;0.08%
19/06/2014;75.85;75.85;75.85;75.85;;;-1.21%
20/06/2014;76.67;76.67;76.67;76.67;;;1.08%
23/06/2014;76.6;76.6;76.6;76.6;;;-0.09%
24/06/2014;76.62;76.62;76.62;76.62;;;0.03%
25/06/2014;77.64;77.64;77.64;77.64;;;1.33%
26/06/2014;76.64;76.64;76.64;76.64;;;-1.29%
27/06/2014;79.74;79.74;79.74;79.74;;;4.04%
30/06/2014;82.55;82.55;82.55;82.55;;;3.52%
01/07/2014;81.55;81.55;81.55;81.55;;;-1.21%
02/07/2014;80.23;80.23;80.23;80.23;;;-1.62%
03/07/2014;79.4;79.4;79.4;79.4;;;-1.03%
04/07/2014;79.16;79.16;79.16;79.16;;;-0.30%
07/07/2014;79.34;79.34;79.34;79.34;;;0.23%
08/07/2014;78.07;78.07;78.07;78.07;;;-1.60%
09/07/2014;77.2;77.2;77.2;77.2;;;-1.11%
10/07/2014;79.02;79.02;79.02;79.02;;;2.36%
11/07/2014;79.13;79.13;79.13;79.13;;;0.14%
14/07/2014;80.02;80.02;80.02;80.02;;;1.12%
15/07/2014;80;80;80;80;;;-0.02%
16/07/2014;79.83;79.83;79.83;79.83;;;-0.21%
17/07/2014;81.36;81.36;81.36;81.36;;;1.92%
18/07/2014;80.41;80.41;80.41;80.41;;;-1.17%
21/07/2014;80.73;80.73;80.73;80.73;;;0.40%
22/07/2014;80.71;80.71;80.71;80.71;;;-0.02%
23/07/2014;81.62;81.62;81.62;81.62;;;1.13%
25/07/2014;80.59;80.59;80.59;80.59;;;-1.26%
29/07/2014;80.29;80.29;80.29;80.29;;;-0.37%
30/07/2014;79.93;79.93;79.93;79.93;;;-0.45%
31/07/2014;80.3;80.3;80.3;80.3;;;0.46%
01/08/2014;80.22;80.22;80.22;80.22;;;-0.10%
04/08/2014;81.16;81.16;81.16;81.16;;;1.17%
05/08/2014;80.21;80.21;80.21;80.21;;;-1.17%
06/08/2014;81.1;81.1;81.1;81.1;;;1.11%
08/08/2014;81.1;81.1;81.1;81.1;;;0.00%
11/08/2014;82.65;82.65;82.65;82.65;;;1.91%
12/08/2014;83.28;83.28;83.28;83.28;;;0.76%
13/08/2014;82.36;82.36;82.36;82.36;;;-1.10%
14/08/2014;81.5;81.5;81.5;81.5;;;-1.04%
18/08/2014;81.5;81.5;81.5;81.5;;;0.00%
19/08/2014;81.49;81.49;81.49;81.49;;;-0.01%
20/08/2014;81.9;81.9;81.9;81.9;;;0.50%
21/08/2014;83.54;83.54;83.54;83.54;;;2.00%
22/08/2014;84.78;84.78;84.78;84.78;;;1.48%
25/08/2014;84.07;84.07;84.07;84.07;;;-0.84%
26/08/2014;84.37;84.37;84.37;84.37;;;0.36%
27/08/2014;83.41;83.41;83.41;83.41;;;-1.14%
28/08/2014;84.1;84.1;84.1;84.1;;;0.83%
29/08/2014;83.74;83.74;83.74;83.74;;;-0.43%
01/09/2014;84.08;84.08;84.08;84.08;;;0.41%
02/09/2014;84.26;84.26;84.26;84.26;;;0.21%
03/09/2014;84.41;84.41;84.41;84.41;;;0.18%
04/09/2014;85.58;85.58;85.58;85.58;;;1.39%
05/09/2014;85.38;85.38;85.38;85.38;;;-0.23%
08/09/2014;87.17;87.17;87.17;87.17;;;2.10%
09/09/2014;87.37;87.37;87.37;87.37;;;0.23%
10/09/2014;86.67;86.67;86.67;86.67;;;-0.80%
11/09/2014;87.84;87.84;87.84;87.84;;;1.35%
12/09/2014;86.58;86.58;86.58;86.58;;;-1.43%
15/09/2014;89.21;89.21;89.21;89.21;;;3.04%
16/09/2014;94.13;94.13;94.13;94.13;;;5.52%
17/09/2014;96.1;96.1;96.1;96.1;;;2.09%
18/09/2014;98.25;98.25;98.25;98.25;;;2.24%
19/09/2014;99.31;99.31;99.31;99.31;;;1.08%
22/09/2014;99.02;99.02;99.02;99.02;;;-0.29%
23/09/2014;97.77;97.77;97.77;97.77;;;-1.26%
24/09/2014;98.24;98.24;98.24;98.24;;;0.48%
25/09/2014;98.64;98.64;98.64;98.64;;;0.41%
26/09/2014;98.86;98.86;98.86;98.86;;;0.22%
29/09/2014;98.12;98.12;98.12;98.12;;;-0.75%
30/09/2014;98.65;98.65;98.65;98.65;;;0.54%
01/10/2014;100.06;100.06;100.06;100.06;;;1.43%
02/10/2014;98.57;98.57;98.57;98.57;;;-1.49%
03/10/2014;97.77;97.77;97.77;97.77;;;-0.81%
06/10/2014;99.93;99.93;99.93;99.93;;;2.21%
07/10/2014;99.96;99.96;99.96;99.96;;;0.03%
08/10/2014;98.26;98.26;98.26;98.26;;;-1.70%
09/10/2014;97.9;97.9;97.9;97.9;;;-0.37%
10/10/2014;97.08;97.08;97.08;97.08;;;-0.84%
13/10/2014;95.2;95.2;95.2;95.2;;;-1.94%
14/10/2014;98.22;98.22;98.22;98.22;;;3.17%
15/10/2014;94.71;94.71;94.71;94.71;;;-3.57%
16/10/2014;94.93;94.93;94.93;94.93;;;0.23%
17/10/2014;94.23;94.23;94.23;94.23;;;-0.74%
20/10/2014;91.56;91.56;91.56;91.56;;;-2.83%
21/10/2014;90.69;90.69;90.69;90.69;;;-0.95%
22/10/2014;90.54;90.54;90.54;90.54;;;-0.17%
23/10/2014;91.02;91.02;91.02;91.02;;;0.53%
24/10/2014;90.18;90.18;90.18;90.18;;;-0.92%
27/10/2014;91.59;91.59;91.59;91.59;;;1.56%
28/10/2014;90.74;90.74;90.74;90.74;;;-0.93%
29/10/2014;91.5;91.5;91.5;91.5;;;0.84%
30/10/2014;91.55;91.55;91.55;91.55;;;0.05%
31/10/2014;92.05;92.05;92.05;92.05;;;0.55%
03/11/2014;92.41;92.41;92.41;92.41;;;0.39%
04/11/2014;91.2;91.2;91.2;91.2;;;-1.31%
05/11/2014;92.26;92.26;92.26;92.26;;;1.16%
06/11/2014;92.65;92.65;92.65;92.65;;;0.42%
07/11/2014;92.22;92.22;92.22;92.22;;;-0.46%
10/11/2014;92.61;92.61;92.61;92.61;;;0.42%
11/11/2014;90.84;90.84;90.84;90.84;;;-1.91%
12/11/2014;91.92;91.92;91.92;91.92;;;1.19%
13/11/2014;91.98;91.98;91.98;91.98;;;0.07%
14/11/2014;92.31;92.31;92.31;92.31;;;0.36%
17/11/2014;92.31;92.31;92.31;92.31;;;0.00%
18/11/2014;91.76;91.76;91.76;91.76;;;-0.60%
19/11/2014;92.77;92.77;92.77;92.77;;;1.10%
20/11/2014;91.88;91.88;91.88;91.88;;;-0.96%
21/11/2014;91.83;91.83;91.83;91.83;;;-0.05%
24/11/2014;90.88;90.88;90.88;90.88;;;-1.03%
25/11/2014;92.05;92.05;92.05;92.05;;;1.29%
26/11/2014;90.18;90.18;90.18;90.18;;;-2.03%
27/11/2014;90.26;90.26;90.26;90.26;;;0.09%
28/11/2014;90.28;90.28;90.28;90.28;;;0.02%
01/12/2014;90.45;90.45;90.45;90.45;;;0.19%
02/12/2014;90.03;90.03;90.03;90.03;;;-0.46%
03/12/2014;90.55;90.55;90.55;90.55;;;0.58%
04/12/2014;88.68;88.68;88.68;88.68;;;-2.07%
05/12/2014;87.15;87.15;87.15;87.15;;;-1.73%
08/12/2014;87.36;87.36;87.36;87.36;;;0.24%
09/12/2014;89.34;89.34;89.34;89.34;;;2.27%
10/12/2014;88.77;88.77;88.77;88.77;;;-0.64%
11/12/2014;89.07;89.07;89.07;89.07;;;0.34%
12/12/2014;90.22;90.22;90.22;90.22;;;1.29%
15/12/2014;90.55;90.55;90.55;90.55;;;0.37%
16/12/2014;90.78;90.78;90.78;90.78;;;0.25%
17/12/2014;91.25;91.25;91.25;91.25;;;0.52%
18/12/2014;90.57;90.57;90.57;90.57;;;-0.75%
19/12/2014;91.31;91.31;91.31;91.31;;;0.82%
22/12/2014;89.9;89.9;89.9;89.9;;;-1.54%
23/12/2014;90.37;90.37;90.37;90.37;;;0.52%
24/12/2014;91.23;91.23;91.23;91.23;;;0.95%
26/12/2014;91.1;91.1;91.1;91.1;;;-0.14%
29/12/2014;89.9;89.9;89.9;89.9;;;-1.32%
30/12/2014;93.1;93.1;93.1;93.1;;;3.56%
31/12/2014;93.48;93.48;93.48;93.48;;;0.41%
02/01/2015;93.89;93.89;93.89;93.89;;;0.44%
05/01/2015;92.92;92.92;92.92;92.92;;;-1.03%
06/01/2015;92.79;92.79;92.79;92.79;;;-0.14%
07/01/2015;91.6;91.6;91.6;91.6;;;-1.28%
08/01/2015;90.99;90.99;90.99;90.99;;;-0.67%
09/01/2015;92.08;92.08;92.08;92.08;;;1.20%
12/01/2015;92.09;92.09;92.09;92.09;;;0.01%
13/01/2015;91.78;91.78;91.78;91.78;;;-0.34%
14/01/2015;92.9;92.9;92.9;92.9;;;1.22%
15/01/2015;91.4;91.4;91.4;91.4;;;-1.61%
16/01/2015;90.44;90.44;90.44;90.44;;;-1.05%
19/01/2015;91.15;91.15;91.15;91.15;;;0.79%
20/01/2015;90.62;90.62;90.62;90.62;;;-0.58%
21/01/2015;90.77;90.77;90.77;90.77;;;0.17%
22/01/2015;90.92;90.92;90.92;90.92;;;0.17%
23/01/2015;91.6;91.6;91.6;91.6;;;0.75%
26/01/2015;92.46;92.46;92.46;92.46;;;0.94%
27/01/2015;91.27;91.27;91.27;91.27;;;-1.29%
28/01/2015;92.6;92.6;92.6;92.6;;;1.46%
29/01/2015;92.8;92.8;92.8;92.8;;;0.22%
30/01/2015;93.52;93.52;93.52;93.52;;;0.78%
02/02/2015;93.21;93.21;93.21;93.21;;;-0.33%
03/02/2015;92.25;92.25;92.25;92.25;;;-1.03%
04/02/2015;93.7;93.7;93.7;93.7;;;1.57%
05/02/2015;91.8;91.8;91.8;91.8;;;-2.03%
06/02/2015;92.02;92.02;92.02;92.02;;;0.24%
10/02/2015;91.75;91.75;91.75;91.75;;;-0.29%
11/02/2015;93.03;93.03;93.03;93.03;;;1.40%
12/02/2015;92.5;92.5;92.5;92.5;;;-0.57%
13/02/2015;93.29;93.29;93.29;93.29;;;0.85%
16/02/2015;92.48;92.48;92.48;92.48;;;-0.87%
17/02/2015;92.23;92.23;92.23;92.23;;;-0.27%
18/02/2015;91.35;91.35;91.35;91.35;;;-0.95%
19/02/2015;92.23;92.23;92.23;92.23;;;0.96%
20/02/2015;92.07;92.07;92.07;92.07;;;-0.17%
23/02/2015;92.14;92.14;92.14;92.14;;;0.08%
24/02/2015;91.37;91.37;91.37;91.37;;;-0.84%
25/02/2015;92.82;92.82;92.82;92.82;;;1.59%
26/02/2015;90.25;90.25;90.25;90.25;;;-2.77%
27/02/2015;91.9;91.9;91.9;91.9;;;1.83%
02/03/2015;91.26;91.26;91.26;91.26;;;-0.70%
03/03/2015;91.41;91.41;91.41;91.41;;;0.16%
04/03/2015;90.39;90.39;90.39;90.39;;;-1.12%
05/03/2015;89.77;89.77;89.77;89.77;;;-0.69%
06/03/2015;90.69;90.69;90.69;90.69;;;1.02%
09/03/2015;89.89;89.89;89.89;89.89;;;-0.88%
10/03/2015;92.45;92.45;92.45;92.45;;;2.85%
11/03/2015;92.7;92.7;92.7;92.7;;;0.27%
12/03/2015;92.09;92.09;92.09;92.09;;;-0.66%
13/03/2015;92.33;92.33;92.33;92.33;;;0.26%
16/03/2015;92.14;92.14;92.14;92.14;;;-0.21%
17/03/2015;91.69;91.69;91.69;91.69;;;-0.49%
18/03/2015;92.02;92.02;92.02;92.02;;;0.36%
19/03/2015;92.73;92.73;92.73;92.73;;;0.77%
20/03/2015;92.6;92.6;92.6;92.6;;;-0.14%
23/03/2015;92.64;92.64;92.64;92.64;;;0.04%
24/03/2015;92.57;92.57;92.57;92.57;;;-0.08%
25/03/2015;93.57;93.57;93.57;93.57;;;1.08%
26/03/2015;93.74;93.74;93.74;93.74;;;0.18%
27/03/2015;93.75;93.75;93.75;93.75;;;0.01%
30/03/2015;93.59;93.59;93.59;93.59;;;-0.17%
31/03/2015;94.27;94.27;94.27;94.27;;;0.73%
01/04/2015;95.45;95.45;95.45;95.45;;;1.25%
02/04/2015;96.42;96.42;96.42;96.42;;;1.02%
03/04/2015;97.33;97.33;97.33;97.33;;;0.94%
07/04/2015;97.26;97.26;97.26;97.26;;;-0.07%
08/04/2015;96.3;96.3;96.3;96.3;;;-0.99%
09/04/2015;96.15;96.15;96.15;96.15;;;-0.16%
10/04/2015;94.49;94.49;94.49;94.49;;;-1.73%
13/04/2015;95.37;95.37;95.37;95.37;;;0.93%
14/04/2015;95.66;95.66;95.66;95.66;;;0.30%
15/04/2015;95.93;95.93;95.93;95.93;;;0.28%
16/04/2015;98.37;98.37;98.37;98.37;;;2.54%
17/04/2015;98.98;98.98;98.98;98.98;;;0.62%
20/04/2015;98.87;98.87;98.87;98.87;;;-0.11%
21/04/2015;99.87;99.87;99.87;99.87;;;1.01%
22/04/2015;102.57;102.57;102.57;102.57;;;2.70%
23/04/2015;102.81;102.81;102.81;102.81;;;0.23%
24/04/2015;103.69;103.69;103.69;103.69;;;0.86%
27/04/2015;102.09;102.09;102.09;102.09;;;-1.54%
28/04/2015;103.48;103.48;103.48;103.48;;;1.36%
29/04/2015;102.82;102.82;102.82;102.82;;;-0.64%
30/04/2015;102.55;102.55;102.55;102.55;;;-0.26%
04/05/2015;102.24;102.24;102.24;102.24;;;-0.30%
05/05/2015;104.07;104.07;104.07;104.07;;;1.79%
06/05/2015;103.06;103.06;103.06;103.06;;;-0.97%
07/05/2015;101.72;101.72;101.72;101.72;;;-1.30%
08/05/2015;101.98;101.98;101.98;101.98;;;0.26%
11/05/2015;102;102;102;102;;;0.02%
12/05/2015;102.7;102.7;102.7;102.7;;;0.69%
13/05/2015;102.74;102.74;102.74;102.74;;;0.04%
15/05/2015;101.54;101.54;101.54;101.54;;;-1.17%
18/05/2015;102.96;102.96;102.96;102.96;;;1.40%
19/05/2015;101.9;101.9;101.9;101.9;;;-1.03%
20/05/2015;102.76;102.76;102.76;102.76;;;0.84%
21/05/2015;101.82;101.82;101.82;101.82;;;-0.91%
22/05/2015;102.89;102.89;102.89;102.89;;;1.05%
26/05/2015;103.01;103.01;103.01;103.01;;;0.12%
27/05/2015;103.22;103.22;103.22;103.22;;;0.20%
28/05/2015;102.52;102.52;102.52;102.52;;;-0.68%
29/05/2015;101.84;101.84;101.84;101.84;;;-0.66%
01/06/2015;102.24;102.24;102.24;102.24;;;0.39%
02/06/2015;102.23;102.23;102.23;102.23;;;-0.01%
03/06/2015;101.27;101.27;101.27;101.27;;;-0.94%
04/06/2015;101.86;101.86;101.86;101.86;;;0.58%
05/06/2015;101.01;101.01;101.01;101.01;;;-0.83%
08/06/2015;99.47;99.47;99.47;99.47;;;-1.52%
09/06/2015;102.55;102.55;102.55;102.55;;;3.10%
10/06/2015;99.63;99.63;99.63;99.63;;;-2.85%
11/06/2015;100.41;100.41;100.41;100.41;;;0.78%
12/06/2015;100.41;100.41;100.41;100.41;;;0.00%
15/06/2015;99.27;99.27;99.27;99.27;;;-1.14%
16/06/2015;99.34;99.34;99.34;99.34;;;0.07%
17/06/2015;101.35;101.35;101.35;101.35;;;2.02%
18/06/2015;100.83;100.83;100.83;100.83;;;-0.51%
19/06/2015;100.47;100.47;100.47;100.47;;;-0.36%
22/06/2015;101.06;101.06;101.06;101.06;;;0.59%
23/06/2015;101.31;101.31;101.31;101.31;;;0.25%
24/06/2015;101.71;101.71;101.71;101.71;;;0.39%
25/06/2015;101.81;101.81;101.81;101.81;;;0.10%
26/06/2015;100.82;100.82;100.82;100.82;;;-0.97%
29/06/2015;102.27;102.27;102.27;102.27;;;1.44%
30/06/2015;103.73;103.73;103.73;103.73;;;1.43%
01/07/2015;102.59;102.59;102.59;102.59;;;-1.10%
02/07/2015;102.79;102.79;102.79;102.79;;;0.19%
03/07/2015;102.35;102.35;102.35;102.35;;;-0.43%
06/07/2015;101.72;101.72;101.72;101.72;;;-0.62%
07/07/2015;102.66;102.66;102.66;102.66;;;0.92%
08/07/2015;105.69;105.69;105.69;105.69;;;2.95%
09/07/2015;107.73;107.73;107.73;107.73;;;1.93%
10/07/2015;108.1;108.1;108.1;108.1;;;0.34%
13/07/2015;108.81;108.81;108.81;108.81;;;0.66%
15/07/2015;112.45;112.45;112.45;112.45;;;3.35%
16/07/2015;112.96;112.96;112.96;112.96;;;0.45%
20/07/2015;112.49;112.49;112.49;112.49;;;-0.42%
21/07/2015;113.46;113.46;113.46;113.46;;;0.86%
22/07/2015;112.21;112.21;112.21;112.21;;;-1.10%
23/07/2015;111.25;111.25;111.25;111.25;;;-0.86%
24/07/2015;110.13;110.13;110.13;110.13;;;-1.01%
27/07/2015;105.56;105.56;105.56;105.56;;;-4.15%
28/07/2015;103.49;103.49;103.49;103.49;;;-1.96%
29/07/2015;102.41;102.41;102.41;102.41;;;-1.04%
30/07/2015;102.73;102.73;102.73;102.73;;;0.31%
31/07/2015;103.66;103.66;103.66;103.66;;;0.91%
03/08/2015;104.72;104.72;104.72;104.72;;;1.02%
04/08/2015;105.72;105.72;105.72;105.72;;;0.95%
05/08/2015;108.64;108.64;108.64;108.64;;;2.76%
06/08/2015;104.95;104.95;104.95;104.95;;;-3.40%
10/08/2015;106.95;106.95;106.95;106.95;;;1.91%
11/08/2015;107.71;107.71;107.71;107.71;;;0.71%
12/08/2015;107.69;107.69;107.69;107.69;;;-0.02%
13/08/2015;109.08;109.08;109.08;109.08;;;1.29%
14/08/2015;110.39;110.39;110.39;110.39;;;1.20%
17/08/2015;109.57;109.57;109.57;109.57;;;-0.74%
18/08/2015;108.99;108.99;108.99;108.99;;;-0.53%
19/08/2015;110.11;110.11;110.11;110.11;;;1.03%
20/08/2015;108.66;108.66;108.66;108.66;;;-1.32%
21/08/2015;108.57;108.57;108.57;108.57;;;-0.08%
24/08/2015;106.87;106.87;106.87;106.87;;;-1.57%
25/08/2015;108.85;108.85;108.85;108.85;;;1.85%
26/08/2015;107.02;107.02;107.02;107.02;;;-1.68%
27/08/2015;107.09;107.09;107.09;107.09;;;0.07%
28/08/2015;109.1;109.1;109.1;109.1;;;1.88%
31/08/2015;109.63;109.63;109.63;109.63;;;0.49%
01/09/2015;109.07;109.07;109.07;109.07;;;-0.51%
02/09/2015;109.08;109.08;109.08;109.08;;;0.01%
03/09/2015;107.81;107.81;107.81;107.81;;;-1.16%
04/09/2015;108.03;108.03;108.03;108.03;;;0.20%
07/09/2015;109.01;109.01;109.01;109.01;;;0.91%
08/09/2015;108.1;108.1;108.1;108.1;;;-0.83%
09/09/2015;108.45;108.45;108.45;108.45;;;0.32%
10/09/2015;107.63;107.63;107.63;107.63;;;-0.76%
11/09/2015;106.81;106.81;106.81;106.81;;;-0.76%
14/09/2015;108.33;108.33;108.33;108.33;;;1.42%
15/09/2015;107.55;107.55;107.55;107.55;;;-0.72%
16/09/2015;108.59;108.59;108.59;108.59;;;0.97%
17/09/2015;107.35;107.35;107.35;107.35;;;-1.14%
18/09/2015;108.37;108.37;108.37;108.37;;;0.95%
21/09/2015;107.47;107.47;107.47;107.47;;;-0.83%
22/09/2015;108.24;108.24;108.24;108.24;;;0.72%
23/09/2015;108.24;108.24;108.24;108.24;;;0.00%
25/09/2015;108.26;108.26;108.26;108.26;;;0.02%
28/09/2015;107.54;107.54;107.54;107.54;;;-0.67%
29/09/2015;108.06;108.06;108.06;108.06;;;0.48%
30/09/2015;108.1;108.1;108.1;108.1;;;0.04%
01/10/2015;108.58;108.58;108.58;108.58;;;0.44%
02/10/2015;108.36;108.36;108.36;108.36;;;-0.20%
05/10/2015;109.25;109.25;109.25;109.25;;;0.82%
06/10/2015;110.82;110.82;110.82;110.82;;;1.44%
07/10/2015;109.99;109.99;109.99;109.99;;;-0.75%
08/10/2015;109.78;109.78;109.78;109.78;;;-0.19%
09/10/2015;109.88;109.88;109.88;109.88;;;0.09%
12/10/2015;109.45;109.45;109.45;109.45;;;-0.39%
13/10/2015;110.8;110.8;110.8;110.8;;;1.23%
14/10/2015;110.86;110.86;110.86;110.86;;;0.05%
15/10/2015;110.9;110.9;110.9;110.9;;;0.04%
16/10/2015;109.87;109.87;109.87;109.87;;;-0.93%
19/10/2015;110.07;110.07;110.07;110.07;;;0.18%
20/10/2015;109.86;109.86;109.86;109.86;;;-0.19%
21/10/2015;110.77;110.77;110.77;110.77;;;0.83%
22/10/2015;111.55;111.55;111.55;111.55;;;0.70%
23/10/2015;110.57;110.57;110.57;110.57;;;-0.88%
26/10/2015;112.23;112.23;112.23;112.23;;;1.50%
27/10/2015;113.13;113.13;113.13;113.13;;;0.80%
28/10/2015;111.37;111.37;111.37;111.37;;;-1.56%
29/10/2015;111.01;111.01;111.01;111.01;;;-0.32%
30/10/2015;109.32;109.32;109.32;109.32;;;-1.52%
02/11/2015;110.56;110.56;110.56;110.56;;;1.13%
03/11/2015;109.79;109.79;109.79;109.79;;;-0.70%
04/11/2015;108.49;108.49;108.49;108.49;;;-1.18%
05/11/2015;108.01;108.01;108.01;108.01;;;-0.44%
06/11/2015;106.88;106.88;106.88;106.88;;;-1.05%
09/11/2015;107.74;107.74;107.74;107.74;;;0.80%
10/11/2015;106.79;106.79;106.79;106.79;;;-0.88%
11/11/2015;107.85;107.85;107.85;107.85;;;0.99%
12/11/2015;107.9;107.9;107.9;107.9;;;0.05%
13/11/2015;106.73;106.73;106.73;106.73;;;-1.08%
16/11/2015;106.81;106.81;106.81;106.81;;;0.07%
17/11/2015;106.5;106.5;106.5;106.5;;;-0.29%
18/11/2015;106.25;106.25;106.25;106.25;;;-0.23%
19/11/2015;105.06;105.06;105.06;105.06;;;-1.12%
20/11/2015;105.41;105.41;105.41;105.41;;;0.33%
23/11/2015;104.51;104.51;104.51;104.51;;;-0.85%
24/11/2015;105.21;105.21;105.21;105.21;;;0.67%
25/11/2015;105.75;105.75;105.75;105.75;;;0.51%
26/11/2015;105.82;105.82;105.82;105.82;;;0.07%
27/11/2015;105.86;105.86;105.86;105.86;;;0.04%
30/11/2015;105.78;105.78;105.78;105.78;;;-0.08%
01/12/2015;104.34;104.34;104.34;104.34;;;-1.36%
02/12/2015;105.95;105.95;105.95;105.95;;;1.54%
03/12/2015;104.26;104.26;104.26;104.26;;;-1.60%
04/12/2015;104.87;104.87;104.87;104.87;;;0.59%
07/12/2015;106.04;106.04;106.04;106.04;;;1.12%
08/12/2015;105.57;105.57;105.57;105.57;;;-0.44%
09/12/2015;104.57;104.57;104.57;104.57;;;-0.95%
10/12/2015;103.08;103.08;103.08;103.08;;;-1.42%
11/12/2015;103.58;103.58;103.58;103.58;;;0.49%
14/12/2015;102.58;102.58;102.58;102.58;;;-0.97%
15/12/2015;101.23;101.23;101.23;101.23;;;-1.32%
16/12/2015;100.83;100.83;100.83;100.83;;;-0.40%
17/12/2015;100.7;100.7;100.7;100.7;;;-0.13%
18/12/2015;99.34;99.34;99.34;99.34;;;-1.35%
21/12/2015;100.68;100.68;100.68;100.68;;;1.35%
22/12/2015;102.38;102.38;102.38;102.38;;;1.69%
23/12/2015;101.96;101.96;101.96;101.96;;;-0.41%
28/12/2015;102.74;102.74;102.74;102.74;;;0.77%
29/12/2015;103.94;103.94;103.94;103.94;;;1.17%
30/12/2015;105;105;105;105;;;1.02%
31/12/2015;106.5;106.5;106.5;106.5;;;1.43%
04/01/2016;104.97;104.97;104.97;104.97;;;-1.44%
05/01/2016;104.46;104.46;104.46;104.46;;;-0.49%
06/01/2016;103.93;103.93;103.93;103.93;;;-0.51%
07/01/2016;103.8;103.8;103.8;103.8;;;-0.13%
08/01/2016;103.68;103.68;103.68;103.68;;;-0.12%
11/01/2016;102.7;102.7;102.7;102.7;;;-0.95%
12/01/2016;105.13;105.13;105.13;105.13;;;2.37%
13/01/2016;103.49;103.49;103.49;103.49;;;-1.56%
14/01/2016;106.05;106.05;106.05;106.05;;;2.47%
15/01/2016;105.22;105.22;105.22;105.22;;;-0.78%
18/01/2016;104.67;104.67;104.67;104.67;;;-0.52%
19/01/2016;105.19;105.19;105.19;105.19;;;0.50%
20/01/2016;105.66;105.66;105.66;105.66;;;0.45%
21/01/2016;104.26;104.26;104.26;104.26;;;-1.33%
22/01/2016;105.02;105.02;105.02;105.02;;;0.73%
25/01/2016;102.25;102.25;102.25;102.25;;;-2.64%
26/01/2016;103.21;103.21;103.21;103.21;;;0.94%
27/01/2016;102.69;102.69;102.69;102.69;;;-0.50%
28/01/2016;103.51;103.51;103.51;103.51;;;0.80%
29/01/2016;104.11;104.11;104.11;104.11;;;0.58%
01/02/2016;103.8;103.8;103.8;103.8;;;-0.30%
02/02/2016;104.17;104.17;104.17;104.17;;;0.36%
03/02/2016;104.41;104.41;104.41;104.41;;;0.23%
04/02/2016;104.7;104.7;104.7;104.7;;;0.28%
05/02/2016;103.72;103.72;103.72;103.72;;;-0.94%
08/02/2016;103.32;103.32;103.32;103.32;;;-0.39%
09/02/2016;104.43;104.43;104.43;104.43;;;1.07%
10/02/2016;103.69;103.69;103.69;103.69;;;-0.71%
11/02/2016;104.79;104.79;104.79;104.79;;;1.06%
12/02/2016;104.98;104.98;104.98;104.98;;;0.18%
15/02/2016;102.9;102.9;102.9;102.9;;;-1.98%
16/02/2016;104.45;104.45;104.45;104.45;;;1.51%
17/02/2016;102.49;102.49;102.49;102.49;;;-1.88%
18/02/2016;103.6;103.6;103.6;103.6;;;1.08%
19/02/2016;103.81;103.81;103.81;103.81;;;0.20%
22/02/2016;105.74;105.74;105.74;105.74;;;1.86%
23/02/2016;105.58;105.58;105.58;105.58;;;-0.15%
24/02/2016;108.08;108.08;108.08;108.08;;;2.37%
25/02/2016;107.5;107.5;107.5;107.5;;;-0.54%
26/02/2016;108.78;108.78;108.78;108.78;;;1.19%
29/02/2016;108.52;108.52;108.52;108.52;;;-0.24%
01/03/2016;108.72;108.72;108.72;108.72;;;0.18%
02/03/2016;108.59;108.59;108.59;108.59;;;-0.12%
03/03/2016;111.53;111.53;111.53;111.53;;;2.71%
04/03/2016;112.25;112.25;112.25;112.25;;;0.65%
07/03/2016;116.96;116.96;116.96;116.96;;;4.20%
08/03/2016;118.17;118.17;118.17;118.17;;;1.03%
09/03/2016;122.32;122.32;122.32;122.32;;;3.51%
10/03/2016;123.29;123.29;123.29;123.29;;;0.79%
11/03/2016;120.24;120.24;120.24;120.24;;;-2.47%
14/03/2016;120;120;120;120;;;-0.20%
15/03/2016;117.89;117.89;117.89;117.89;;;-1.76%
16/03/2016;112.56;112.56;112.56;112.56;;;-4.52%
17/03/2016;107.88;107.88;107.88;107.88;;;-4.16%
18/03/2016;107.38;107.38;107.38;107.38;;;-0.46%
21/03/2016;108.55;108.55;108.55;108.55;;;1.09%
22/03/2016;108.39;108.39;108.39;108.39;;;-0.15%
23/03/2016;109.12;109.12;109.12;109.12;;;0.67%
24/03/2016;108.54;108.54;108.54;108.54;;;-0.53%
25/03/2016;109.2;109.2;109.2;109.2;;;0.61%
29/03/2016;111.12;111.12;111.12;111.12;;;1.76%
30/03/2016;111.32;111.32;111.32;111.32;;;0.18%
31/03/2016;110.47;110.47;110.47;110.47;;;-0.76%
01/04/2016;109.99;109.99;109.99;109.99;;;-0.43%
04/04/2016;109.58;109.58;109.58;109.58;;;-0.37%
05/04/2016;108.14;108.14;108.14;108.14;;;-1.31%
06/04/2016;108.17;108.17;108.17;108.17;;;0.03%
07/04/2016;108.78;108.78;108.78;108.78;;;0.56%
08/04/2016;109.06;109.06;109.06;109.06;;;0.26%
11/04/2016;106.53;106.53;106.53;106.53;;;-2.32%
12/04/2016;107.31;107.31;107.31;107.31;;;0.73%
13/04/2016;108.94;108.94;108.94;108.94;;;1.52%
14/04/2016;106.57;106.57;106.57;106.57;;;-2.18%
15/04/2016;106.27;106.27;106.27;106.27;;;-0.28%
18/04/2016;107.41;107.41;107.41;107.41;;;1.07%
19/04/2016;108.08;108.08;108.08;108.08;;;0.62%
20/04/2016;107.38;107.38;107.38;107.38;;;-0.65%
21/04/2016;108.58;108.58;108.58;108.58;;;1.12%
22/04/2016;111.11;111.11;111.11;111.11;;;2.33%
25/04/2016;109.29;109.29;109.29;109.29;;;-1.64%
26/04/2016;109.42;109.42;109.42;109.42;;;0.12%
27/04/2016;108.06;108.06;108.06;108.06;;;-1.24%
28/04/2016;108.26;108.26;108.26;108.26;;;0.19%
29/04/2016;107.87;107.87;107.87;107.87;;;-0.36%
03/05/2016;106.82;106.82;106.82;106.82;;;-0.97%
04/05/2016;106.23;106.23;106.23;106.23;;;-0.55%
06/05/2016;107.2;107.2;107.2;107.2;;;0.91%
09/05/2016;106.34;106.34;106.34;106.34;;;-0.80%
10/05/2016;107.9;107.9;107.9;107.9;;;1.47%
11/05/2016;105.99;105.99;105.99;105.99;;;-1.77%
12/05/2016;104.1;104.1;104.1;104.1;;;-1.78%
13/05/2016;106.14;106.14;106.14;106.14;;;1.96%
17/05/2016;106.31;106.31;106.31;106.31;;;0.16%
18/05/2016;109.54;109.54;109.54;109.54;;;3.04%
19/05/2016;110.02;110.02;110.02;110.02;;;0.44%
20/05/2016;109.03;109.03;109.03;109.03;;;-0.90%
23/05/2016;106.16;106.16;106.16;106.16;;;-2.63%
24/05/2016;105.61;105.61;105.61;105.61;;;-0.52%
25/05/2016;106.67;106.67;106.67;106.67;;;1.00%
26/05/2016;106.82;106.82;106.82;106.82;;;0.14%
27/05/2016;107.02;107.02;107.02;107.02;;;0.19%
30/05/2016;107.86;107.86;107.86;107.86;;;0.78%
31/05/2016;106.02;106.02;106.02;106.02;;;-1.71%
01/06/2016;108.69;108.69;108.69;108.69;;;2.52%
02/06/2016;106.96;106.96;106.96;106.96;;;-1.59%
03/06/2016;106.35;106.35;106.35;106.35;;;-0.57%
06/06/2016;106.89;106.89;106.89;106.89;;;0.51%
07/06/2016;106.55;106.55;106.55;106.55;;;-0.32%
08/06/2016;106.26;106.26;106.26;106.26;;;-0.27%
09/06/2016;107.11;107.11;107.11;107.11;;;0.80%
10/06/2016;109.18;109.18;109.18;109.18;;;1.93%
13/06/2016;109.25;109.25;109.25;109.25;;;0.06%
14/06/2016;109.37;109.37;109.37;109.37;;;0.11%
15/06/2016;108.54;108.54;108.54;108.54;;;-0.76%
16/06/2016;109.14;109.14;109.14;109.14;;;0.55%
17/06/2016;108.5;108.5;108.5;108.5;;;-0.59%
20/06/2016;110.85;110.85;110.85;110.85;;;2.17%
21/06/2016;110.08;110.08;110.08;110.08;;;-0.69%
22/06/2016;107.29;107.29;107.29;107.29;;;-2.53%
23/06/2016;107.58;107.58;107.58;107.58;;;0.27%
24/06/2016;107.09;107.09;107.09;107.09;;;-0.46%
27/06/2016;107.87;107.87;107.87;107.87;;;0.73%
28/06/2016;107.43;107.43;107.43;107.43;;;-0.41%
29/06/2016;106.34;106.34;106.34;106.34;;;-1.01%
30/06/2016;106.08;106.08;106.08;106.08;;;-0.24%
01/07/2016;103.35;103.35;103.35;103.35;;;-2.57%
04/07/2016;103.21;103.21;103.21;103.21;;;-0.14%
05/07/2016;103.47;103.47;103.47;103.47;;;0.25%
07/07/2016;103.92;103.92;103.92;103.92;;;0.43%
08/07/2016;104.53;104.53;104.53;104.53;;;0.59%
11/07/2016;103.07;103.07;103.07;103.07;;;-1.40%
12/07/2016;102.69;102.69;102.69;102.69;;;-0.37%
13/07/2016;102.61;102.61;102.61;102.61;;;-0.08%
14/07/2016;102.08;102.08;102.08;102.08;;;-0.52%
15/07/2016;102.06;102.06;102.06;102.06;;;-0.02%
18/07/2016;100.12;100.12;100.12;100.12;;;-1.90%
19/07/2016;99.54;99.54;99.54;99.54;;;-0.58%
20/07/2016;97.26;97.26;97.26;97.26;;;-2.29%
21/07/2016;95.94;95.94;95.94;95.94;;;-1.36%
22/07/2016;96.32;96.32;96.32;96.32;;;0.40%
25/07/2016;97.02;97.02;97.02;97.02;;;0.73%
26/07/2016;96.45;96.45;96.45;96.45;;;-0.59%
27/07/2016;97.07;97.07;97.07;97.07;;;0.64%
28/07/2016;96.15;96.15;96.15;96.15;;;-0.95%
29/07/2016;96.94;96.94;96.94;96.94;;;0.82%
01/08/2016;96.32;96.32;96.32;96.32;;;-0.64%
02/08/2016;96.66;96.66;96.66;96.66;;;0.35%
03/08/2016;96.55;96.55;96.55;96.55;;;-0.11%
04/08/2016;96.4;96.4;96.4;96.4;;;-0.16%
05/08/2016;95.14;95.14;95.14;95.14;;;-1.31%
09/08/2016;94.14;94.14;94.14;94.14;;;-1.05%
10/08/2016;93.02;93.02;93.02;93.02;;;-1.19%
11/08/2016;92.98;92.98;92.98;92.98;;;-0.04%
12/08/2016;91.99;91.99;91.99;91.99;;;-1.06%
16/08/2016;91.25;91.25;91.25;91.25;;;-0.80%
17/08/2016;90.27;90.27;90.27;90.27;;;-1.07%
18/08/2016;88.78;88.78;88.78;88.78;;;-1.65%
19/08/2016;89.06;89.06;89.06;89.06;;;0.32%
22/08/2016;90.46;90.46;90.46;90.46;;;1.57%
23/08/2016;91.14;91.14;91.14;91.14;;;0.75%
24/08/2016;93.08;93.08;93.08;93.08;;;2.13%
25/08/2016;93.95;93.95;93.95;93.95;;;0.93%
26/08/2016;94.77;94.77;94.77;94.77;;;0.87%
29/08/2016;94.98;94.98;94.98;94.98;;;0.22%
30/08/2016;95.61;95.61;95.61;95.61;;;0.66%
31/08/2016;97.45;97.45;97.45;97.45;;;1.92%
01/09/2016;97.89;97.89;97.89;97.89;;;0.45%
02/09/2016;97.97;97.97;97.97;97.97;;;0.08%
05/09/2016;98.91;98.91;98.91;98.91;;;0.96%
06/09/2016;100.37;100.37;100.37;100.37;;;1.48%
07/09/2016;101.92;101.92;101.92;101.92;;;1.54%
08/09/2016;101.61;101.61;101.61;101.61;;;-0.30%
09/09/2016;100.49;100.49;100.49;100.49;;;-1.10%
13/09/2016;98.77;98.77;98.77;98.77;;;-1.71%
14/09/2016;96.9;96.9;96.9;96.9;;;-1.89%
15/09/2016;100.34;100.34;100.34;100.34;;;3.55%
16/09/2016;96.91;96.91;96.91;96.91;;;-3.42%
19/09/2016;95.88;95.88;95.88;95.88;;;-1.06%
20/09/2016;96.98;96.98;96.98;96.98;;;1.15%
21/09/2016;94.88;94.88;94.88;94.88;;;-2.17%
22/09/2016;94.23;94.23;94.23;94.23;;;-0.69%
23/09/2016;93.78;93.78;93.78;93.78;;;-0.48%
26/09/2016;91.29;91.29;91.29;91.29;;;-2.66%
27/09/2016;92.99;92.99;92.99;92.99;;;1.86%
28/09/2016;92.18;92.18;92.18;92.18;;;-0.87%
29/09/2016;92.1;92.1;92.1;92.1;;;-0.09%
30/09/2016;93.94;93.94;93.94;93.94;;;2.00%
03/10/2016;91.62;91.62;91.62;91.62;;;-2.47%
04/10/2016;92.53;92.53;92.53;92.53;;;0.99%
05/10/2016;92.11;92.11;92.11;92.11;;;-0.45%
06/10/2016;92.69;92.69;92.69;92.69;;;0.63%
07/10/2016;91.81;91.81;91.81;91.81;;;-0.95%
10/10/2016;92.54;92.54;92.54;92.54;;;0.80%
11/10/2016;91.45;91.45;91.45;91.45;;;-1.18%
12/10/2016;90.4;90.4;90.4;90.4;;;-1.15%
13/10/2016;89.39;89.39;89.39;89.39;;;-1.12%
14/10/2016;90.22;90.22;90.22;90.22;;;0.93%
17/10/2016;88.42;88.42;88.42;88.42;;;-2.00%
18/10/2016;89.54;89.54;89.54;89.54;;;1.27%
19/10/2016;87.63;87.63;87.63;87.63;;;-2.13%
20/10/2016;87.41;87.41;87.41;87.41;;;-0.25%
21/10/2016;88.65;88.65;88.65;88.65;;;1.42%
24/10/2016;88.33;88.33;88.33;88.33;;;-0.36%
25/10/2016;87.14;87.14;87.14;87.14;;;-1.35%
26/10/2016;86.76;86.76;86.76;86.76;;;-0.44%
27/10/2016;88.24;88.24;88.24;88.24;;;1.71%
28/10/2016;89.86;89.86;89.86;89.86;;;1.84%
31/10/2016;91.49;91.49;91.49;91.49;;;1.81%
02/11/2016;93.83;93.83;93.83;93.83;;;2.56%
03/11/2016;93.36;93.36;93.36;93.36;;;-0.50%
04/11/2016;93.65;93.65;93.65;93.65;;;0.31%
07/11/2016;91.62;91.62;91.62;91.62;;;-2.17%
08/11/2016;94.34;94.34;94.34;94.34;;;2.97%
09/11/2016;97.98;97.98;97.98;97.98;;;3.86%
10/11/2016;93.39;93.39;93.39;93.39;;;-4.68%
11/11/2016;93.91;93.91;93.91;93.91;;;0.56%
14/11/2016;94.02;94.02;94.02;94.02;;;0.12%
16/11/2016;94.31;94.31;94.31;94.31;;;0.31%
17/11/2016;93;93;93;93;;;-1.39%
18/11/2016;91.62;91.62;91.62;91.62;;;-1.48%
21/11/2016;90.31;90.31;90.31;90.31;;;-1.43%
22/11/2016;91.26;91.26;91.26;91.26;;;1.05%
23/11/2016;92.82;92.82;92.82;92.82;;;1.71%
24/11/2016;90.96;90.96;90.96;90.96;;;-2.00%
25/11/2016;91.67;91.67;91.67;91.67;;;0.78%
28/11/2016;91.51;91.51;91.51;91.51;;;-0.17%
29/11/2016;91.34;91.34;91.34;91.34;;;-0.19%
30/11/2016;93.99;93.99;93.99;93.99;;;2.90%
01/12/2016;93.2;93.2;93.2;93.2;;;-0.84%
02/12/2016;94.41;94.41;94.41;94.41;;;1.30%
05/12/2016;92.91;92.91;92.91;92.91;;;-1.59%
06/12/2016;92.79;92.79;92.79;92.79;;;-0.13%
07/12/2016;93.81;93.81;93.81;93.81;;;1.10%
08/12/2016;91.16;91.16;91.16;91.16;;;-2.82%
09/12/2016;92.78;92.78;92.78;92.78;;;1.78%
13/12/2016;91.42;91.42;91.42;91.42;;;-1.47%
14/12/2016;93.32;93.32;93.32;93.32;;;2.08%
15/12/2016;92.95;92.95;92.95;92.95;;;-0.40%
16/12/2016;91.94;91.94;91.94;91.94;;;-1.09%
19/12/2016;91.56;91.56;91.56;91.56;;;-0.41%
20/12/2016;92.3;92.3;92.3;92.3;;;0.81%
21/12/2016;93.4;93.4;93.4;93.4;;;1.19%
22/12/2016;92.55;92.55;92.55;92.55;;;-0.91%
23/12/2016;93.76;93.76;93.76;93.76;;;1.31%
27/12/2016;93.14;93.14;93.14;93.14;;;-0.66%
28/12/2016;94.57;94.57;94.57;94.57;;;1.54%
29/12/2016;94.48;94.48;94.48;94.48;;;-0.10%
30/12/2016;97.79;97.79;97.79;97.79;;;3.50%
02/01/2017;95;95;95;95;;;-2.85%
03/01/2017;95.72;95.72;95.72;95.72;;;0.76%
04/01/2017;95.79;95.79;95.79;95.79;;;0.07%
05/01/2017;95.92;95.92;95.92;95.92;;;0.14%
06/01/2017;95.94;95.94;95.94;95.94;;;0.02%
09/01/2017;96.57;96.57;96.57;96.57;;;0.66%
10/01/2017;95.56;95.56;95.56;95.56;;;-1.05%
11/01/2017;95.85;95.85;95.85;95.85;;;0.30%
12/01/2017;95.61;95.61;95.61;95.61;;;-0.25%
13/01/2017;95.75;95.75;95.75;95.75;;;0.15%
16/01/2017;95.89;95.89;95.89;95.89;;;0.15%
17/01/2017;95.72;95.72;95.72;95.72;;;-0.18%
18/01/2017;95.8;95.8;95.8;95.8;;;0.08%
19/01/2017;96.73;96.73;96.73;96.73;;;0.97%
20/01/2017;97.27;97.27;97.27;97.27;;;0.56%
23/01/2017;96.5;96.5;96.5;96.5;;;-0.79%
24/01/2017;96.58;96.58;96.58;96.58;;;0.08%
25/01/2017;96.45;96.45;96.45;96.45;;;-0.13%
26/01/2017;97.1;97.1;97.1;97.1;;;0.67%
27/01/2017;96.83;96.83;96.83;96.83;;;-0.28%
30/01/2017;97.5;97.5;97.5;97.5;;;0.69%
31/01/2017;98.27;98.27;98.27;98.27;;;0.79%
01/02/2017;97.51;97.51;97.51;97.51;;;-0.77%
02/02/2017;97.45;97.45;97.45;97.45;;;-0.06%
03/02/2017;98.23;98.23;98.23;98.23;;;0.80%
06/02/2017;97.72;97.72;97.72;97.72;;;-0.52%
07/02/2017;98.53;98.53;98.53;98.53;;;0.83%
08/02/2017;97.38;97.38;97.38;97.38;;;-1.17%
09/02/2017;98.61;98.61;98.61;98.61;;;1.26%
10/02/2017;99.7;99.7;99.7;99.7;;;1.11%
13/02/2017;99.42;99.42;99.42;99.42;;;-0.28%
14/02/2017;98.95;98.95;98.95;98.95;;;-0.47%
15/02/2017;98.56;98.56;98.56;98.56;;;-0.39%
16/02/2017;99.39;99.39;99.39;99.39;;;0.84%
17/02/2017;99.37;99.37;99.37;99.37;;;-0.02%
20/02/2017;99.08;99.08;99.08;99.08;;;-0.29%
21/02/2017;98.09;98.09;98.09;98.09;;;-1.00%
22/02/2017;99.77;99.77;99.77;99.77;;;1.71%
23/02/2017;101.08;101.08;101.08;101.08;;;1.31%
24/02/2017;104.89;104.89;104.89;104.89;;;3.77%
27/02/2017;106.65;106.65;106.65;106.65;;;1.68%
28/02/2017;106.63;106.63;106.63;106.63;;;-0.02%
01/03/2017;108.89;108.89;108.89;108.89;;;2.12%
02/03/2017;105.79;105.79;105.79;105.79;;;-2.85%
03/03/2017;105.99;105.99;105.99;105.99;;;0.19%
06/03/2017;105.38;105.38;105.38;105.38;;;-0.58%
07/03/2017;105.03;105.03;105.03;105.03;;;-0.33%
08/03/2017;104.56;104.56;104.56;104.56;;;-0.45%
09/03/2017;103.25;103.25;103.25;103.25;;;-1.25%
10/03/2017;103.8;103.8;103.8;103.8;;;0.53%
13/03/2017;103.46;103.46;103.46;103.46;;;-0.33%
14/03/2017;105.12;105.12;105.12;105.12;;;1.60%
15/03/2017;105.92;105.92;105.92;105.92;;;0.76%
16/03/2017;107.04;107.04;107.04;107.04;;;1.06%
17/03/2017;107;107;107;107;;;-0.04%
20/03/2017;106.41;106.41;106.41;106.41;;;-0.55%
21/03/2017;106.62;106.62;106.62;106.62;;;0.20%
22/03/2017;108.68;108.68;108.68;108.68;;;1.93%
23/03/2017;110.06;110.06;110.06;110.06;;;1.27%
24/03/2017;109.18;109.18;109.18;109.18;;;-0.80%
27/03/2017;108.3;108.3;108.3;108.3;;;-0.81%
28/03/2017;107.71;107.71;107.71;107.71;;;-0.54%
29/03/2017;108.16;108.16;108.16;108.16;;;0.42%
30/03/2017;107.55;107.55;107.55;107.55;;;-0.56%
31/03/2017;109.54;109.54;109.54;109.54;;;1.85%
03/04/2017;109.24;109.24;109.24;109.24;;;-0.27%
04/04/2017;109.36;109.36;109.36;109.36;;;0.11%
05/04/2017;109.03;109.03;109.03;109.03;;;-0.30%
06/04/2017;109.5;109.5;109.5;109.5;;;0.43%
07/04/2017;108.79;108.79;108.79;108.79;;;-0.65%
10/04/2017;109.16;109.16;109.16;109.16;;;0.34%
11/04/2017;109.09;109.09;109.09;109.09;;;-0.06%
12/04/2017;107.01;107.01;107.01;107.01;;;-1.91%
13/04/2017;106.78;106.78;106.78;106.78;;;-0.21%
14/04/2017;106.75;106.75;106.75;106.75;;;-0.03%
18/04/2017;106.35;106.35;106.35;106.35;;;-0.37%
19/04/2017;105.2;105.2;105.2;105.2;;;-1.08%
20/04/2017;104.81;104.81;104.81;104.81;;;-0.37%
21/04/2017;104.81;104.81;104.81;104.81;;;0.00%
24/04/2017;105.6;105.6;105.6;105.6;;;0.75%
25/04/2017;106.81;106.81;106.81;106.81;;;1.15%
26/04/2017;106.88;106.88;106.88;106.88;;;0.07%
27/04/2017;106.61;106.61;106.61;106.61;;;-0.25%
28/04/2017;105.8;105.8;105.8;105.8;;;-0.76%
02/05/2017;104.19;104.19;104.19;104.19;;;-1.52%
03/05/2017;104.39;104.39;104.39;104.39;;;0.19%
04/05/2017;104.1;104.1;104.1;104.1;;;-0.28%
05/05/2017;104.75;104.75;104.75;104.75;;;0.62%
08/05/2017;103.81;103.81;103.81;103.81;;;-0.90%
09/05/2017;104.24;104.24;104.24;104.24;;;0.41%
10/05/2017;104.31;104.31;104.31;104.31;;;0.07%
11/05/2017;104.17;104.17;104.17;104.17;;;-0.13%
12/05/2017;104.25;104.25;104.25;104.25;;;0.08%
15/05/2017;103.38;103.38;103.38;103.38;;;-0.83%
16/05/2017;104.05;104.05;104.05;104.05;;;0.65%
17/05/2017;103.46;103.46;103.46;103.46;;;-0.57%
18/05/2017;103.81;103.81;103.81;103.81;;;0.34%
19/05/2017;102.74;102.74;102.74;102.74;;;-1.03%
22/05/2017;102.56;102.56;102.56;102.56;;;-0.18%
23/05/2017;101.46;101.46;101.46;101.46;;;-1.07%
24/05/2017;103.79;103.79;103.79;103.79;;;2.30%
26/05/2017;102.97;102.97;102.97;102.97;;;-0.79%
29/05/2017;102.65;102.65;102.65;102.65;;;-0.31%
30/05/2017;102.42;102.42;102.42;102.42;;;-0.22%
31/05/2017;103.84;103.84;103.84;103.84;;;1.39%
01/06/2017;101.4;101.4;101.4;101.4;;;-2.35%
02/06/2017;101.13;101.13;101.13;101.13;;;-0.27%
06/06/2017;99.4;99.4;99.4;99.4;;;-1.71%
07/06/2017;100.62;100.62;100.62;100.62;;;1.23%
08/06/2017;98.88;98.88;98.88;98.88;;;-1.73%
09/06/2017;99.1;99.1;99.1;99.1;;;0.22%
12/06/2017;100.06;100.06;100.06;100.06;;;0.97%
13/06/2017;99.28;99.28;99.28;99.28;;;-0.78%
14/06/2017;101.73;101.73;101.73;101.73;;;2.47%
15/06/2017;99.78;99.78;99.78;99.78;;;-1.92%
16/06/2017;99.84;99.84;99.84;99.84;;;0.06%
19/06/2017;98.49;98.49;98.49;98.49;;;-1.35%
20/06/2017;92.31;92.31;92.31;92.31;;;-6.27%
21/06/2017;91.95;91.95;91.95;91.95;;;-0.39%
23/06/2017;98.06;98.06;98.06;98.06;;;6.64%
27/06/2017;98.74;98.74;98.74;98.74;;;0.69%
28/06/2017;100.82;100.82;100.82;100.82;;;2.11%
29/06/2017;97.9;97.9;97.9;97.9;;;-2.90%
30/06/2017;98.51;98.51;98.51;98.51;;;0.62%
03/07/2017;95.3;95.3;95.3;95.3;;;-3.26%
04/07/2017;95.5;95.5;95.5;95.5;;;0.21%
05/07/2017;98.75;98.75;98.75;98.75;;;3.40%
06/07/2017;96;96;96;96;;;-2.78%
07/07/2017;95.77;95.77;95.77;95.77;;;-0.24%
10/07/2017;94.43;94.43;94.43;94.43;;;-1.40%
11/07/2017;95.95;95.95;95.95;95.95;;;1.61%
12/07/2017;97.06;97.06;97.06;97.06;;;1.16%
13/07/2017;94.8;94.8;94.8;94.8;;;-2.33%
14/07/2017;92.83;92.83;92.83;92.83;;;-2.08%
17/07/2017;90.14;90.14;90.14;90.14;;;-2.90%
18/07/2017;90.2;90.2;90.2;90.2;;;0.07%
19/07/2017;92.16;92.16;92.16;92.16;;;2.17%
20/07/2017;90.7;90.7;90.7;90.7;;;-1.58%
21/07/2017;90.08;90.08;90.08;90.08;;;-0.68%
24/07/2017;90.07;90.07;90.07;90.07;;;-0.01%
25/07/2017;91.64;91.64;91.64;91.64;;;1.74%
26/07/2017;91.71;91.71;91.71;91.71;;;0.08%
27/07/2017;90.61;90.61;90.61;90.61;;;-1.20%
28/07/2017;91.76;91.76;91.76;91.76;;;1.27%
31/07/2017;92.15;92.15;92.15;92.15;;;0.43%
01/08/2017;91.64;91.64;91.64;91.64;;;-0.55%
02/08/2017;92.14;92.14;92.14;92.14;;;0.55%
03/08/2017;91.54;91.54;91.54;91.54;;;-0.65%
04/08/2017;90.85;90.85;90.85;90.85;;;-0.75%
08/08/2017;91.19;91.19;91.19;91.19;;;0.37%
09/08/2017;90.63;90.63;90.63;90.63;;;-0.61%
10/08/2017;90.93;90.93;90.93;90.93;;;0.33%
11/08/2017;90;90;90;90;;;-1.02%
14/08/2017;90.02;90.02;90.02;90.02;;;0.02%
16/08/2017;91.65;91.65;91.65;91.65;;;1.81%
17/08/2017;89.18;89.18;89.18;89.18;;;-2.70%
18/08/2017;90.34;90.34;90.34;90.34;;;1.30%
21/08/2017;90.02;90.02;90.02;90.02;;;-0.35%
22/08/2017;90.95;90.95;90.95;90.95;;;1.03%
23/08/2017;91.43;91.43;91.43;91.43;;;0.53%
24/08/2017;89.83;89.83;89.83;89.83;;;-1.75%
25/08/2017;89.56;89.56;89.56;89.56;;;-0.30%
28/08/2017;87.31;87.31;87.31;87.31;;;-2.51%
29/08/2017;88.08;88.08;88.08;88.08;;;0.88%
30/08/2017;87.44;87.44;87.44;87.44;;;-0.73%
31/08/2017;86.8;86.8;86.8;86.8;;;-0.73%
04/09/2017;87.09;87.09;87.09;87.09;;;0.33%
05/09/2017;86.57;86.57;86.57;86.57;;;-0.60%
06/09/2017;85.52;85.52;85.52;85.52;;;-1.21%
07/09/2017;85.23;85.23;85.23;85.23;;;-0.34%
08/09/2017;85.27;85.27;85.27;85.27;;;0.05%
11/09/2017;86.43;86.43;86.43;86.43;;;1.36%
12/09/2017;86.04;86.04;86.04;86.04;;;-0.45%
13/09/2017;86.46;86.46;86.46;86.46;;;0.49%
14/09/2017;85.65;85.65;85.65;85.65;;;-0.94%
15/09/2017;85.84;85.84;85.84;85.84;;;0.22%
18/09/2017;85.37;85.37;85.37;85.37;;;-0.55%
19/09/2017;84.66;84.66;84.66;84.66;;;-0.83%
20/09/2017;83.38;83.38;83.38;83.38;;;-1.51%
21/09/2017;84.16;84.16;84.16;84.16;;;0.94%
22/09/2017;83.79;83.79;83.79;83.79;;;-0.44%
25/09/2017;83.98;83.98;83.98;83.98;;;0.23%
26/09/2017;83.28;83.28;83.28;83.28;;;-0.83%
27/09/2017;83.95;83.95;83.95;83.95;;;0.80%
28/09/2017;83.92;83.92;83.92;83.92;;;-0.04%
29/09/2017;84.87;84.87;84.87;84.87;;;1.13%
02/10/2017;83.72;83.72;83.72;83.72;;;-1.36%
03/10/2017;84.09;84.09;84.09;84.09;;;0.44%
04/10/2017;85.75;85.75;85.75;85.75;;;1.97%
05/10/2017;85.25;85.25;85.25;85.25;;;-0.58%
06/10/2017;86.57;86.57;86.57;86.57;;;1.55%
09/10/2017;85.63;85.63;85.63;85.63;;;-1.09%
10/10/2017;86.39;86.39;86.39;86.39;;;0.89%
11/10/2017;87.16;87.16;87.16;87.16;;;0.89%
12/10/2017;85.68;85.68;85.68;85.68;;;-1.70%
13/10/2017;85.33;85.33;85.33;85.33;;;-0.41%
16/10/2017;83.8;83.8;83.8;83.8;;;-1.79%
17/10/2017;84.3;84.3;84.3;84.3;;;0.60%
18/10/2017;83.97;83.97;83.97;83.97;;;-0.39%
19/10/2017;82.37;82.37;82.37;82.37;;;-1.91%
20/10/2017;83.45;83.45;83.45;83.45;;;1.31%
23/10/2017;83.01;83.01;83.01;83.01;;;-0.53%
24/10/2017;84.61;84.61;84.61;84.61;;;1.93%
25/10/2017;85.09;85.09;85.09;85.09;;;0.57%
26/10/2017;84.29;84.29;84.29;84.29;;;-0.94%
27/10/2017;82.22;82.22;82.22;82.22;;;-2.46%
30/10/2017;82.86;82.86;82.86;82.86;;;0.78%
31/10/2017;82.49;82.49;82.49;82.49;;;-0.45%
02/11/2017;83.16;83.16;83.16;83.16;;;0.81%
03/11/2017;81.3;81.3;81.3;81.3;;;-2.24%
06/11/2017;81.29;81.29;81.29;81.29;;;-0.01%
07/11/2017;80.47;80.47;80.47;80.47;;;-1.01%
08/11/2017;81.57;81.57;81.57;81.57;;;1.37%
09/11/2017;80.8;80.8;80.8;80.8;;;-0.94%
10/11/2017;80.91;80.91;80.91;80.91;;;0.14%
13/11/2017;81.86;81.86;81.86;81.86;;;1.17%
14/11/2017;80.67;80.67;80.67;80.67;;;-1.45%
16/11/2017;80.73;80.73;80.73;80.73;;;0.07%
17/11/2017;80.92;80.92;80.92;80.92;;;0.24%
20/11/2017;81.42;81.42;81.42;81.42;;;0.62%
21/11/2017;80.7;80.7;80.7;80.7;;;-0.88%
22/11/2017;82.06;82.06;82.06;82.06;;;1.69%
23/11/2017;81.86;81.86;81.86;81.86;;;-0.24%
24/11/2017;82.12;82.12;82.12;82.12;;;0.32%
27/11/2017;81.09;81.09;81.09;81.09;;;-1.25%
28/11/2017;81.53;81.53;81.53;81.53;;;0.54%
29/11/2017;81.96;81.96;81.96;81.96;;;0.53%
30/11/2017;81.86;81.86;81.86;81.86;;;-0.12%
04/12/2017;80.86;80.86;80.86;80.86;;;-1.22%
05/12/2017;80.74;80.74;80.74;80.74;;;-0.15%
06/12/2017;81.63;81.63;81.63;81.63;;;1.10%
07/12/2017;80.92;80.92;80.92;80.92;;;-0.87%
08/12/2017;80.97;80.97;80.97;80.97;;;0.06%
11/12/2017;80.83;80.83;80.83;80.83;;;-0.17%
12/12/2017;81.43;81.43;81.43;81.43;;;0.74%
13/12/2017;81.26;81.26;81.26;81.26;;;-0.21%
14/12/2017;82.41;82.41;82.41;82.41;;;1.42%
15/12/2017;83.29;83.29;83.29;83.29;;;1.07%
18/12/2017;84.24;84.24;84.24;84.24;;;1.14%
19/12/2017;85.22;85.22;85.22;85.22;;;1.16%
20/12/2017;84.65;84.65;84.65;84.65;;;-0.67%
21/12/2017;85.7;85.7;85.7;85.7;;;1.24%
22/12/2017;84.99;84.99;84.99;84.99;;;-0.83%
26/12/2017;85.83;85.83;85.83;85.83;;;0.99%
27/12/2017;86.01;86.01;86.01;86.01;;;0.21%
28/12/2017;86.14;86.14;86.14;86.14;;;0.15%
29/12/2017;87.56;87.56;87.56;87.56;;;1.65%
02/01/2018;86.35;86.35;86.35;86.35;;;-1.38%
03/01/2018;85.8;85.8;85.8;85.8;;;-0.64%
04/01/2018;85.26;85.26;85.26;85.26;;;-0.63%
05/01/2018;85.37;85.37;85.37;85.37;;;0.13%
08/01/2018;84.69;84.69;84.69;84.69;;;-0.80%
09/01/2018;83.63;83.63;83.63;83.63;;;-1.25%
10/01/2018;84.33;84.33;84.33;84.33;;;0.84%
11/01/2018;83.71;83.71;83.71;83.71;;;-0.74%
12/01/2018;83.64;83.64;83.64;83.64;;;-0.08%
15/01/2018;83.46;83.46;83.46;83.46;;;-0.22%
16/01/2018;83.29;83.29;83.29;83.29;;;-0.20%
17/01/2018;83.98;83.98;83.98;83.98;;;0.83%
18/01/2018;82.93;82.93;82.93;82.93;;;-1.25%
19/01/2018;83.77;83.77;83.77;83.77;;;1.01%
22/01/2018;82.84;82.84;82.84;82.84;;;-1.11%
23/01/2018;82.78;82.78;82.78;82.78;;;-0.07%
24/01/2018;82.91;82.91;82.91;82.91;;;0.16%
25/01/2018;83.54;83.54;83.54;83.54;;;0.76%
26/01/2018;82.45;82.45;82.45;82.45;;;-1.30%
29/01/2018;82.35;82.35;82.35;82.35;;;-0.12%
30/01/2018;81.94;81.94;81.94;81.94;;;-0.50%
31/01/2018;82.2;82.2;82.2;82.2;;;0.32%
01/02/2018;83.03;83.03;83.03;83.03;;;1.01%
02/02/2018;83.17;83.17;83.17;83.17;;;0.17%
03/06/2019;58.45;58.45;58.45;58.45;;;-29.72%
05/06/2019;58.49;58.49;58.49;58.49;;;0.07%
06/06/2019;58.2;58.2;58.2;58.2;;;-0.50%
07/06/2019;58.94;58.94;58.94;58.94;;;1.27%
11/06/2019;58.25;58.25;58.25;58.25;;;-1.17%
12/06/2019;58.6;58.6;58.6;58.6;;;0.60%
13/06/2019;58.55;58.55;58.55;58.55;;;-0.09%
14/06/2019;58.91;58.91;58.91;58.91;;;0.61%
17/06/2019;58.26;58.26;58.26;58.26;;;-1.10%
18/06/2019;58.25;58.25;58.25;58.25;;;-0.02%
19/06/2019;58.05;58.05;58.05;58.05;;;-0.34%
20/06/2019;58.19;58.19;58.19;58.19;;;0.24%
21/06/2019;58.34;58.34;58.34;58.34;;;0.26%
24/06/2019;58.64;58.64;58.64;58.64;;;0.51%
25/06/2019;57.51;57.51;57.51;57.51;;;-1.93%
26/06/2019;58.8;58.8;58.8;58.8;;;2.24%
27/06/2019;58.55;58.55;58.55;58.55;;;-0.43%
28/06/2019;58.68;58.68;58.68;58.68;;;0.22%
01/07/2019;58.85;58.85;58.85;58.85;;;0.29%
02/07/2019;58.94;58.94;58.94;58.94;;;0.15%
03/07/2019;58.32;58.32;58.32;58.32;;;-1.05%
04/07/2019;58.18;58.18;58.18;58.18;;;-0.24%
05/07/2019;58.29;58.29;58.29;58.29;;;0.19%
08/07/2019;58.22;58.22;58.22;58.22;;;-0.12%
09/07/2019;58.11;58.11;58.11;58.11;;;-0.19%
10/07/2019;58.1;58.1;58.1;58.1;;;-0.02%
11/07/2019;57.98;57.98;57.98;57.98;;;-0.21%
12/07/2019;57.96;57.96;57.96;57.96;;;-0.03%
15/07/2019;57.75;57.75;57.75;57.75;;;-0.36%
16/07/2019;57.64;57.64;57.64;57.64;;;-0.19%
17/07/2019;57.03;57.03;57.03;57.03;;;-1.06%
18/07/2019;57.64;57.64;57.64;57.64;;;1.07%
19/07/2019;58.57;58.57;58.57;58.57;;;1.61%
22/07/2019;58.03;58.03;58.03;58.03;;;-0.92%
23/07/2019;57.31;57.31;57.31;57.31;;;-1.24%
24/07/2019;57.37;57.37;57.37;57.37;;;0.10%
25/07/2019;57.56;57.56;57.56;57.56;;;0.33%
26/07/2019;57.28;57.28;57.28;57.28;;;-0.49%
29/07/2019;57.18;57.18;57.18;57.18;;;-0.17%
30/07/2019;57.31;57.31;57.31;57.31;;;0.23%
31/07/2019;57.66;57.66;57.66;57.66;;;0.61%
01/08/2019;57.13;57.13;57.13;57.13;;;-0.92%
02/08/2019;56.56;56.56;56.56;56.56;;;-1.00%
05/08/2019;56.43;56.43;56.43;56.43;;;-0.23%
06/08/2019;56.36;56.36;56.36;56.36;;;-0.12%
07/08/2019;56.36;56.36;56.36;56.36;;;0.00%
08/08/2019;56.26;56.26;56.26;56.26;;;-0.18%
09/08/2019;57.16;57.16;57.16;57.16;;;1.60%
12/08/2019;57.16;57.16;57.16;57.16;;;0.00%
13/08/2019;56.42;56.42;56.42;56.42;;;-1.29%
14/08/2019;56.17;56.17;56.17;56.17;;;-0.44%
15/08/2019;56.17;56.17;56.17;56.17;;;0.00%
16/08/2019;55.84;55.84;55.84;55.84;;;-0.59%
19/08/2019;55.88;55.88;55.88;55.88;;;0.07%
20/08/2019;55.87;55.87;55.87;55.87;;;-0.02%
21/08/2019;55.55;55.55;55.55;55.55;;;-0.57%
22/08/2019;55.82;55.82;55.82;55.82;;;0.49%
23/08/2019;55.72;55.72;55.72;55.72;;;-0.18%
26/08/2019;55.87;55.87;55.87;55.87;;;0.27%
27/08/2019;56.15;56.15;56.15;56.15;;;0.50%
28/08/2019;55.69;55.69;55.69;55.69;;;-0.82%
29/08/2019;56;56;56;56;;;0.56%
30/08/2019;56.06;56.06;56.06;56.06;;;0.11%
02/09/2019;55.08;55.08;55.08;55.08;;;-1.75%
03/09/2019;55.65;55.65;55.65;55.65;;;1.03%
04/09/2019;55.62;55.62;55.62;55.62;;;-0.05%
05/09/2019;56.36;56.36;56.36;56.36;;;1.33%
06/09/2019;55.94;55.94;55.94;55.94;;;-0.75%
09/09/2019;55.53;55.53;55.53;55.53;;;-0.73%
10/09/2019;55.27;55.27;55.27;55.27;;;-0.47%
11/09/2019;55.37;55.37;55.37;55.37;;;0.18%
12/09/2019;55.05;55.05;55.05;55.05;;;-0.58%
13/09/2019;55.56;55.56;55.56;55.56;;;0.93%
16/09/2019;56;56;56;56;;;0.79%
17/09/2019;55.66;55.66;55.66;55.66;;;-0.61%
18/09/2019;54.92;54.92;54.92;54.92;;;-1.33%
19/09/2019;54.73;54.73;54.73;54.73;;;-0.35%
20/09/2019;55.54;55.54;55.54;55.54;;;1.48%
23/09/2019;55.24;55.24;55.24;55.24;;;-0.54%
24/09/2019;54.51;54.51;54.51;54.51;;;-1.32%
25/09/2019;54.76;54.76;54.76;54.76;;;0.46%
26/09/2019;53.82;53.82;53.82;53.82;;;-1.72%
27/09/2019;54.38;54.38;54.38;54.38;;;1.04%
30/09/2019;54.44;54.44;54.44;54.44;;;0.11%
01/10/2019;54.04;54.04;54.04;54.04;;;-0.73%
02/10/2019;53.81;53.81;53.81;53.81;;;-0.43%
03/10/2019;54.07;54.07;54.07;54.07;;;0.48%
04/10/2019;54.4;54.4;54.4;54.4;;;0.61%
07/10/2019;54.08;54.08;54.08;54.08;;;-0.59%
08/10/2019;53.45;53.45;53.45;53.45;;;-1.16%
09/10/2019;53.04;53.04;53.04;53.04;;;-0.77%
10/10/2019;53.79;53.79;53.79;53.79;;;1.41%
11/10/2019;53.9;53.9;53.9;53.9;;;0.20%
14/10/2019;53.8;53.8;53.8;53.8;;;-0.19%
15/10/2019;53.88;53.88;53.88;53.88;;;0.15%
16/10/2019;54.15;54.15;54.15;54.15;;;0.50%
17/10/2019;53.69;53.69;53.69;53.69;;;-0.85%
18/10/2019;54.45;54.45;54.45;54.45;;;1.42%
21/10/2019;54.7;54.7;54.7;54.7;;;0.46%
22/10/2019;54.84;54.84;54.84;54.84;;;0.26%
23/10/2019;54.67;54.67;54.67;54.67;;;-0.31%
24/10/2019;54.69;54.69;54.69;54.69;;;0.04%
25/10/2019;54.65;54.65;54.65;54.65;;;-0.07%
28/10/2019;54.8;54.8;54.8;54.8;;;0.27%
29/10/2019;54.64;54.64;54.64;54.64;;;-0.29%
30/10/2019;54.59;54.59;54.59;54.59;;;-0.09%
31/10/2019;54.59;54.59;54.59;54.59;;;0.00%
01/11/2019;54.59;54.59;54.59;54.59;;;0.00%
04/11/2019;53.75;53.75;53.75;53.75;;;-1.54%
05/11/2019;53.65;53.65;53.65;53.65;;;-0.19%
06/11/2019;55.11;55.11;55.11;55.11;;;2.72%
07/11/2019;55.2;55.2;55.2;55.2;;;0.16%
08/11/2019;54.72;54.72;54.72;54.72;;;-0.87%
11/11/2019;54.73;54.73;54.73;54.73;;;0.02%
12/11/2019;54.54;54.54;54.54;54.54;;;-0.35%
13/11/2019;53.63;53.63;53.63;53.63;;;-1.67%
14/11/2019;53.91;53.91;53.91;53.91;;;0.52%
18/11/2019;53.48;53.48;53.48;53.48;;;-0.80%
19/11/2019;53.31;53.31;53.31;53.31;;;-0.32%
20/11/2019;53.44;53.44;53.44;53.44;;;0.24%
21/11/2019;53.23;53.23;53.23;53.23;;;-0.39%
22/11/2019;54.09;54.09;54.09;54.09;;;1.62%
25/11/2019;54.25;54.25;54.25;54.25;;;0.30%
26/11/2019;54.83;54.83;54.83;54.83;;;1.07%
27/11/2019;55.05;55.05;55.05;55.05;;;0.40%
28/11/2019;55.14;55.14;55.14;55.14;;;0.16%
29/11/2019;55.49;55.49;55.49;55.49;;;0.63%
02/12/2019;55.55;55.55;55.55;55.55;;;0.11%
03/12/2019;55.39;55.39;55.39;55.39;;;-0.29%
04/12/2019;56.14;56.14;56.14;56.14;;;1.35%
05/12/2019;55.91;55.91;55.91;55.91;;;-0.41%
06/12/2019;56.38;56.38;56.38;56.38;;;0.84%
09/12/2019;55.9;55.9;55.9;55.9;;;-0.85%
10/12/2019;56.37;56.37;56.37;56.37;;;0.84%
11/12/2019;57.11;57.11;57.11;57.11;;;1.31%
12/12/2019;56.84;56.84;56.84;56.84;;;-0.47%
13/12/2019;56.87;56.87;56.87;56.87;;;0.05%
16/12/2019;57.62;57.62;57.62;57.62;;;1.32%
17/12/2019;57.44;57.44;57.44;57.44;;;-0.31%
18/12/2019;57.31;57.31;57.31;57.31;;;-0.23%
19/12/2019;57.67;57.67;57.67;57.67;;;0.63%
20/12/2019;58.04;58.04;58.04;58.04;;;0.64%
23/12/2019;58.1;58.1;58.1;58.1;;;0.10%
24/12/2019;59.38;59.38;59.38;59.38;;;2.20%
25/12/2019;59.38;59.38;59.38;59.38;;;0.00%
26/12/2019;59.74;59.74;59.74;59.74;;;0.61%
27/12/2019;60.33;60.33;60.33;60.33;;;0.99%
30/12/2019;60.28;60.28;60.28;60.28;;;-0.08%
31/12/2019;60.99;60.99;60.99;60.99;;;1.18%
01/01/2020;60.99;60.99;60.99;60.99;;;0.00%
02/01/2020;59.74;59.74;59.74;59.74;;;-2.05%
03/01/2020;59.42;59.42;59.42;59.42;;;-0.54%
06/01/2020;58.87;58.87;58.87;58.87;;;-0.93%
07/01/2020;57.74;57.74;57.74;57.74;;;-1.92%
08/01/2020;58.3;58.3;58.3;58.3;;;0.97%
09/01/2020;57.98;57.98;57.98;57.98;;;-0.55%
10/01/2020;57.33;57.33;57.33;57.33;;;-1.12%
13/01/2020;57.22;57.22;57.22;57.22;;;-0.19%
14/01/2020;56.83;56.83;56.83;56.83;;;-0.68%
15/01/2020;57.99;57.99;57.99;57.99;;;2.04%
16/01/2020;57.16;57.16;57.16;57.16;;;-1.43%
17/01/2020;57.76;57.76;57.76;57.76;;;1.05%
20/01/2020;58.11;58.11;58.11;58.11;;;0.61%
21/01/2020;57.6;57.6;57.6;57.6;;;-0.88%
22/01/2020;58.04;58.04;58.04;58.04;;;0.76%
23/01/2020;58.14;58.14;58.14;58.14;;;0.17%
24/01/2020;59.11;59.11;59.11;59.11;;;1.67%
27/01/2020;58.59;58.59;58.59;58.59;;;-0.88%
28/01/2020;58.47;58.47;58.47;58.47;;;-0.20%
29/01/2020;58.33;58.33;58.33;58.33;;;-0.24%
30/01/2020;58.48;58.48;58.48;58.48;;;0.26%
31/01/2020;58.58;58.58;58.58;58.58;;;0.17%
03/02/2020;57.7;57.7;57.7;57.7;;;-1.50%
04/02/2020;58.48;58.48;58.48;58.48;;;1.35%
05/02/2020;58.14;58.14;58.14;58.14;;;-0.58%
06/02/2020;57.51;57.51;57.51;57.51;;;-1.08%
07/02/2020;57.13;57.13;57.13;57.13;;;-0.66%
10/02/2020;56.65;56.65;56.65;56.65;;;-0.84%
11/02/2020;56.16;56.16;56.16;56.16;;;-0.86%
12/02/2020;56.16;56.16;56.16;56.16;;;0.00%
13/02/2020;55.96;55.96;55.96;55.96;;;-0.36%
14/02/2020;55.53;55.53;55.53;55.53;;;-0.77%
17/02/2020;55.74;55.74;55.74;55.74;;;0.38%
18/02/2020;55.54;55.54;55.54;55.54;;;-0.36%
19/02/2020;55.68;55.68;55.68;55.68;;;0.25%
20/02/2020;55.43;55.43;55.43;55.43;;;-0.45%
21/02/2020;55.6;55.6;55.6;55.6;;;0.31%
24/02/2020;55.11;55.11;55.11;55.11;;;-0.88%
25/02/2020;55.18;55.18;55.18;55.18;;;0.13%
26/02/2020;55.01;55.01;55.01;55.01;;;-0.31%
27/02/2020;54.99;54.99;54.99;54.99;;;-0.04%
28/02/2020;55.42;55.42;55.42;55.42;;;0.78%
02/03/2020;55.61;55.61;55.61;55.61;;;0.34%
03/03/2020;55.52;55.52;55.52;55.52;;;-0.16%
04/03/2020;55.4;55.4;55.4;55.4;;;-0.22%
05/03/2020;55.13;55.13;55.13;55.13;;;-0.49%
06/03/2020;55.58;55.58;55.58;55.58;;;0.82%
09/03/2020;55.66;55.66;55.66;55.66;;;0.14%
10/03/2020;55.63;55.63;55.63;55.63;;;-0.05%
11/03/2020;55.61;55.61;55.61;55.61;;;-0.04%
12/03/2020;55.32;55.32;55.32;55.32;;;-0.52%
13/03/2020;55.32;55.32;55.32;55.32;;;0.00%
16/03/2020;55.05;55.05;55.05;55.05;;;-0.49%
17/03/2020;54.97;54.97;54.97;54.97;;;-0.15%
18/03/2020;55.05;55.05;55.05;55.05;;;0.15%
19/03/2020;54.92;54.92;54.92;54.92;;;-0.24%
20/03/2020;54.85;54.85;54.85;54.85;;;-0.13%
23/03/2020;54.45;54.45;54.45;54.45;;;-0.73%
24/03/2020;54.31;54.31;54.31;54.31;;;-0.26%
25/03/2020;54.02;54.02;54.02;54.02;;;-0.53%
26/03/2020;53.96;53.96;53.96;53.96;;;-0.11%
27/03/2020;53.55;53.55;53.55;53.55;;;-0.76%
30/03/2020;53.24;53.24;53.24;53.24;;;-0.58%
31/03/2020;52.94;52.94;52.94;52.94;;;-0.56%
01/04/2020;53.24;53.24;53.24;53.24;;;0.57%
02/04/2020;53.13;53.13;53.13;53.13;;;-0.21%
03/04/2020;52.65;52.65;52.65;52.65;;;-0.90%
06/04/2020;52.49;52.49;52.49;52.49;;;-0.30%
07/04/2020;52.41;52.41;52.41;52.41;;;-0.15%
08/04/2020;52.29;52.29;52.29;52.29;;;-0.23%
09/04/2020;52.46;52.46;52.46;52.46;;;0.33%
10/04/2020;52.47;52.47;52.47;52.47;;;0.02%
13/04/2020;52.47;52.47;52.47;52.47;;;0.00%
14/04/2020;52.9;52.9;52.9;52.9;;;0.82%
15/04/2020;53.05;53.05;53.05;53.05;;;0.28%
16/04/2020;52.66;52.66;52.66;52.66;;;-0.74%
17/04/2020;53.1;53.1;53.1;53.1;;;0.84%
24/04/2020;53.14;53.14;53.14;53.14;;;0.08%
27/04/2020;53.11;53.11;53.11;53.11;;;-0.06%
28/04/2020;53.2;53.2;53.2;53.2;;;0.17%
29/04/2020;53;53;53;53;;;-0.38%
30/04/2020;53.21;53.21;53.21;53.21;;;0.40%
01/05/2020;53.21;53.21;53.21;53.21;;;0.00%
04/05/2020;53.12;53.12;53.12;53.12;;;-0.17%
05/05/2020;53.22;53.22;53.22;53.22;;;0.19%
06/05/2020;53.51;53.51;53.51;53.51;;;0.54%
07/05/2020;53.17;53.17;53.17;53.17;;;-0.64%
08/05/2020;53.72;53.72;53.72;53.72;;;1.03%
11/05/2020;53;53;53;53;;;-1.34%
12/05/2020;53.04;53.04;53.04;53.04;;;0.08%
13/05/2020;52.86;52.86;52.86;52.86;;;-0.34%
14/05/2020;52.42;52.42;52.42;52.42;;;-0.83%
15/05/2020;52.48;52.48;52.48;52.48;;;0.11%
18/05/2020;52.15;52.15;52.15;52.15;;;-0.63%
19/05/2020;52.39;52.39;52.39;52.39;;;0.46%
22/05/2020;52.41;52.41;52.41;52.41;;;0.04%
25/05/2020;52.22;52.22;52.22;52.22;;;-0.36%
26/05/2020;52.16;52.16;52.16;52.16;;;-0.11%
27/05/2020;52.43;52.43;52.43;52.43;;;0.52%
28/05/2020;52.6;52.6;52.6;52.6;;;0.32%
29/05/2020;52.49;52.49;52.49;52.49;;;-0.21%
01/06/2020;52.49;52.49;52.49;52.49;;;0.00%
02/06/2020;52.79;52.79;52.79;52.79;;;0.57%
03/06/2020;53.07;53.07;53.07;53.07;;;0.53%
04/06/2020;53.65;53.65;53.65;53.65;;;1.09%
05/06/2020;53.95;53.95;53.95;53.95;;;0.56%
08/06/2020;54.08;54.08;54.08;54.08;;;0.24%
09/06/2020;54.55;54.55;54.55;54.55;;;0.87%
10/06/2020;54.56;54.56;54.56;54.56;;;0.02%
11/06/2020;54.51;54.51;54.51;54.51;;;-0.09%
12/06/2020;54.9;54.9;54.9;54.9;;;0.72%
15/06/2020;54.61;54.61;54.61;54.61;;;-0.53%
16/06/2020;54.44;54.44;54.44;54.44;;;-0.31%
17/06/2020;54.17;54.17;54.17;54.17;;;-0.50%
18/06/2020;54.47;54.47;54.47;54.47;;;0.55%
19/06/2020;54.65;54.65;54.65;54.65;;;0.33%
22/06/2020;54.66;54.66;54.66;54.66;;;0.02%
23/06/2020;54.41;54.41;54.41;54.41;;;-0.46%
24/06/2020;54.27;54.27;54.27;54.27;;;-0.26%
25/06/2020;53.79;53.79;53.79;53.79;;;-0.88%
26/06/2020;53.79;53.79;53.79;53.79;;;0.00%
29/06/2020;54.3;54.3;54.3;54.3;;;0.95%
30/06/2020;54.19;54.19;54.19;54.19;;;-0.20%
01/07/2020;54.03;54.03;54.03;54.03;;;-0.30%
02/07/2020;53.97;53.97;53.97;53.97;;;-0.11%
03/07/2020;53.75;53.75;53.75;53.75;;;-0.41%
06/07/2020;53.26;53.26;53.26;53.26;;;-0.91%
07/07/2020;53;53;53;53;;;-0.49%
08/07/2020;53.05;53.05;53.05;53.05;;;0.09%
09/07/2020;52.83;52.83;52.83;52.83;;;-0.41%
10/07/2020;52.72;52.72;52.72;52.72;;;-0.21%
13/07/2020;52.88;52.88;52.88;52.88;;;0.30%
14/07/2020;52.86;52.86;52.86;52.86;;;-0.04%
15/07/2020;52.5;52.5;52.5;52.5;;;-0.68%
16/07/2020;52.29;52.29;52.29;52.29;;;-0.40%
17/07/2020;52.62;52.62;52.62;52.62;;;0.63%
20/07/2020;52.3;52.3;52.3;52.3;;;-0.61%
21/07/2020;52.2;52.2;52.2;52.2;;;-0.19%
22/07/2020;51.8;51.8;51.8;51.8;;;-0.77%
23/07/2020;51.76;51.76;51.76;51.76;;;-0.08%
24/07/2020;51.85;51.85;51.85;51.85;;;0.17%
27/07/2020;51.6;51.6;51.6;51.6;;;-0.48%
28/07/2020;51.93;51.93;51.93;51.93;;;0.64%
29/07/2020;52.15;52.15;52.15;52.15;;;0.42%
30/07/2020;52.39;52.39;52.39;52.39;;;0.46%
31/07/2020;52.39;52.39;52.39;52.39;;;0.00%
03/08/2020;51.69;51.69;51.69;51.69;;;-1.34%
04/08/2020;52.08;52.08;52.08;52.08;;;0.75%
05/08/2020;51.95;51.95;51.95;51.95;;;-0.25%
06/08/2020;51.68;51.68;51.68;51.68;;;-0.52%
07/08/2020;51.68;51.68;51.68;51.68;;;0.00%
10/08/2020;51.95;51.95;51.95;51.95;;;0.52%
11/08/2020;51.94;51.94;51.94;51.94;;;-0.02%
12/08/2020;51.9;51.9;51.9;51.9;;;-0.08%
13/08/2020;51.73;51.73;51.73;51.73;;;-0.33%
14/08/2020;51.81;51.81;51.81;51.81;;;0.15%
17/08/2020;51.52;51.52;51.52;51.52;;;-0.56%
18/08/2020;51.59;51.59;51.59;51.59;;;0.14%
21/08/2020;51.45;51.45;51.45;51.45;;;-0.27%
24/08/2020;51.2;51.2;51.2;51.2;;;-0.49%
25/08/2020;51.21;51.21;51.21;51.21;;;0.02%
26/08/2020;51.75;51.75;51.75;51.75;;;1.05%
27/08/2020;51.59;51.59;51.59;51.59;;;-0.31%
28/08/2020;51.89;51.89;51.89;51.89;;;0.58%
31/08/2020;52.62;52.62;52.62;52.62;;;1.41%
01/09/2020;52.73;52.73;52.73;52.73;;;0.21%
02/09/2020;51.84;51.84;51.84;51.84;;;-1.69%
03/09/2020;51.71;51.71;51.71;51.71;;;-0.25%
04/09/2020;52.09;52.09;52.09;52.09;;;0.73%
07/09/2020;51.98;51.98;51.98;51.98;;;-0.21%
08/09/2020;51.67;51.67;51.67;51.67;;;-0.60%
09/09/2020;51.41;51.41;51.41;51.41;;;-0.50%
10/09/2020;51.54;51.54;51.54;51.54;;;0.25%
11/09/2020;51.83;51.83;51.83;51.83;;;0.56%
14/09/2020;51.75;51.75;51.75;51.75;;;-0.15%
15/09/2020;51.83;51.83;51.83;51.83;;;0.15%
16/09/2020;51.81;51.81;51.81;51.81;;;-0.04%
17/09/2020;51.98;51.98;51.98;51.98;;;0.33%
18/09/2020;51.53;51.53;51.53;51.53;;;-0.87%
21/09/2020;51.22;51.22;51.22;51.22;;;-0.60%
22/09/2020;51.6;51.6;51.6;51.6;;;0.74%
23/09/2020;51.6;51.6;51.6;51.6;;;0.00%
24/09/2020;51.6;51.6;51.6;51.6;;;0.00%
25/09/2020;51.6;51.6;51.6;51.6;;;0.00%
28/09/2020;51.89;51.89;51.89;51.89;;;0.56%
29/09/2020;51.76;51.76;51.76;51.76;;;-0.25%
30/09/2020;52.48;52.48;52.48;52.48;;;1.39%
01/10/2020;51.84;51.84;51.84;51.84;;;-1.22%
02/10/2020;51.42;51.42;51.42;51.42;;;-0.81%
05/10/2020;51.17;51.17;51.17;51.17;;;-0.49%
06/10/2020;50.92;50.92;50.92;50.92;;;-0.49%
07/10/2020;51.44;51.44;51.44;51.44;;;1.02%
08/10/2020;50.38;50.38;50.38;50.38;;;-2.06%
09/10/2020;51.51;51.51;51.51;51.51;;;2.24%
12/10/2020;51.06;51.06;51.06;51.06;;;-0.87%
13/10/2020;50.63;50.63;50.63;50.63;;;-0.84%
14/10/2020;50.75;50.75;50.75;50.75;;;0.24%
15/10/2020;50.76;50.76;50.76;50.76;;;0.02%
16/10/2020;51.11;51.11;51.11;51.11;;;0.69%
19/10/2020;51.33;51.33;51.33;51.33;;;0.43%
20/10/2020;51.84;51.84;51.84;51.84;;;0.99%
21/10/2020;52;52;52;52;;;0.31%
22/10/2020;52.06;52.06;52.06;52.06;;;0.12%
23/10/2020;52.21;52.21;52.21;52.21;;;0.29%
26/10/2020;52.17;52.17;52.17;52.17;;;-0.08%
27/10/2020;52.46;52.46;52.46;52.46;;;0.56%
28/10/2020;53.06;53.06;53.06;53.06;;;1.14%
29/10/2020;53.06;53.06;53.06;53.06;;;0.00%
30/10/2020;53.62;53.62;53.62;53.62;;;1.06%
02/11/2020;53.62;53.62;53.62;53.62;;;0.00%
03/11/2020;52.85;52.85;52.85;52.85;;;-1.44%
04/11/2020;52.57;52.57;52.57;52.57;;;-0.53%
05/11/2020;53.46;53.46;53.46;53.46;;;1.69%
06/11/2020;53.75;53.75;53.75;53.75;;;0.54%
09/11/2020;54.37;54.37;54.37;54.37;;;1.15%
10/11/2020;54.43;54.43;54.43;54.43;;;0.11%
11/11/2020;54.27;54.27;54.27;54.27;;;-0.29%
12/11/2020;54;54;54;54;;;-0.50%
13/11/2020;53.77;53.77;53.77;53.77;;;-0.43%
16/11/2020;53.98;53.98;53.98;53.98;;;0.39%
17/11/2020;54.22;54.22;54.22;54.22;;;0.44%
18/11/2020;54.24;54.24;54.24;54.24;;;0.04%
19/11/2020;53.9;53.9;53.9;53.9;;;-0.63%
20/11/2020;53.77;53.77;53.77;53.77;;;-0.24%
23/11/2020;55.06;55.06;55.06;55.06;;;2.40%
24/11/2020;54.9;54.9;54.9;54.9;;;-0.29%
25/11/2020;55.5;55.5;55.5;55.5;;;1.09%
26/11/2020;55.69;55.69;55.69;55.69;;;0.34%
27/11/2020;56.15;56.15;56.15;56.15;;;0.83%
30/11/2020;56.63;56.63;56.63;56.63;;;0.85%
01/12/2020;57.53;57.53;57.53;57.53;;;1.59%
02/12/2020;57.05;57.05;57.05;57.05;;;-0.83%
03/12/2020;57.06;57.06;57.06;57.06;;;0.02%
04/12/2020;56.13;56.13;56.13;56.13;;;-1.63%
07/12/2020;56.03;56.03;56.03;56.03;;;-0.18%
08/12/2020;56.6;56.6;56.6;56.6;;;1.02%
09/12/2020;56.34;56.34;56.34;56.34;;;-0.46%
10/12/2020;56.67;56.67;56.67;56.67;;;0.59%
11/12/2020;56.84;56.84;56.84;56.84;;;0.30%
14/12/2020;56.69;56.69;56.69;56.69;;;-0.26%
15/12/2020;56.49;56.49;56.49;56.49;;;-0.35%
16/12/2020;56.63;56.63;56.63;56.63;;;0.25%
17/12/2020;56.96;56.96;56.96;56.96;;;0.58%
18/12/2020;57.62;57.62;57.62;57.62;;;1.16%
21/12/2020;57.77;57.77;57.77;57.77;;;0.26%
22/12/2020;57.41;57.41;57.41;57.41;;;-0.62%
23/12/2020;58.12;58.12;58.12;58.12;;;1.24%
24/12/2020;58.11;58.11;58.11;58.11;;;-0.02%
25/12/2020;58.11;58.11;58.11;58.11;;;0.00%
28/12/2020;58.27;58.27;58.27;58.27;;;0.28%
29/12/2020;58.16;58.16;58.16;58.16;;;-0.19%
30/12/2020;58.82;58.82;58.82;58.82;;;1.13%
31/12/2020;59.99;59.99;59.99;59.99;;;1.99%
04/01/2021;58.31;58.31;58.31;58.31;;;-2.80%
05/01/2021;57.43;57.43;57.43;57.43;;;-1.51%
06/01/2021;56.93;56.93;56.93;56.93;;;-0.87%
07/01/2021;56.49;56.49;56.49;56.49;;;-0.77%
08/01/2021;55.72;55.72;55.72;55.72;;;-1.36%
11/01/2021;55.66;55.66;55.66;55.66;;;-0.11%
12/01/2021;55.07;55.07;55.07;55.07;;;-1.06%
13/01/2021;54.73;54.73;54.73;54.73;;;-0.62%
14/01/2021;54.53;54.53;54.53;54.53;;;-0.37%
15/01/2021;53.91;53.91;53.91;53.91;;;-1.14%
18/01/2021;53.92;53.92;53.92;53.92;;;0.02%
19/01/2021;53.93;53.93;53.93;53.93;;;0.02%
20/01/2021;53.84;53.84;53.84;53.84;;;-0.17%
21/01/2021;54.2;54.2;54.2;54.2;;;0.67%
22/01/2021;54.54;54.54;54.54;54.54;;;0.63%
25/01/2021;55.03;55.03;55.03;55.03;;;0.90%
26/01/2021;55.12;55.12;55.12;55.12;;;0.16%
27/01/2021;55.56;55.56;55.56;55.56;;;0.80%
28/01/2021;55.55;55.55;55.55;55.55;;;-0.02%
29/01/2021;56.48;56.48;56.48;56.48;;;1.67%
01/02/2021;56.54;56.54;56.54;56.54;;;0.11%
02/02/2021;56.52;56.52;56.52;56.52;;;-0.04%
03/02/2021;57.4;57.4;57.4;57.4;;;1.56%
04/02/2021;57.45;57.45;57.45;57.45;;;0.09%
05/02/2021;57.39;57.39;57.39;57.39;;;-0.10%
08/02/2021;57.11;57.11;57.11;57.11;;;-0.49%
09/02/2021;56.34;56.34;56.34;56.34;;;-1.35%
10/02/2021;55.64;55.64;55.64;55.64;;;-1.24%
11/02/2021;54.9;54.9;54.9;54.9;;;-1.33%
12/02/2021;55.15;55.15;55.15;55.15;;;0.46%
15/02/2021;55.64;55.64;55.64;55.64;;;0.89%
16/02/2021;55.29;55.29;55.29;55.29;;;-0.63%
17/02/2021;54.98;54.98;54.98;54.98;;;-0.56%
18/02/2021;55.02;55.02;55.02;55.02;;;0.07%
19/02/2021;54.88;54.88;54.88;54.88;;;-0.25%
22/02/2021;54.02;54.02;54.02;54.02;;;-1.57%
23/02/2021;54.58;54.58;54.58;54.58;;;1.04%
24/02/2021;54.83;54.83;54.83;54.83;;;0.46%
25/02/2021;54.9;54.9;54.9;54.9;;;0.13%
26/02/2021;54.97;54.97;54.97;54.97;;;0.13%
01/03/2021;55.85;55.85;55.85;55.85;;;1.60%
02/03/2021;54.88;54.88;54.88;54.88;;;-1.74%
03/03/2021;54.84;54.84;54.84;54.84;;;-0.07%
04/03/2021;54.96;54.96;54.96;54.96;;;0.22%
05/03/2021;55.12;55.12;55.12;55.12;;;0.29%
08/03/2021;56.01;56.01;56.01;56.01;;;1.61%
09/03/2021;56.08;56.08;56.08;56.08;;;0.12%
10/03/2021;55.85;55.85;55.85;55.85;;;-0.41%
11/03/2021;56.16;56.16;56.16;56.16;;;0.56%
12/03/2021;55.67;55.67;55.67;55.67;;;-0.87%
15/03/2021;55.65;55.65;55.65;55.65;;;-0.04%
16/03/2021;55.6;55.6;55.6;55.6;;;-0.09%
17/03/2021;55.78;55.78;55.78;55.78;;;0.32%
18/03/2021;55.83;55.83;55.83;55.83;;;0.09%
19/03/2021;55.94;55.94;55.94;55.94;;;0.20%
22/03/2021;56.33;56.33;56.33;56.33;;;0.70%
23/03/2021;56.25;56.25;56.25;56.25;;;-0.14%
24/03/2021;56.11;56.11;56.11;56.11;;;-0.25%
25/03/2021;56.18;56.18;56.18;56.18;;;0.12%
26/03/2021;55.55;55.55;55.55;55.55;;;-1.12%
29/03/2021;55.82;55.82;55.82;55.82;;;0.49%
30/03/2021;56.07;56.07;56.07;56.07;;;0.45%
31/03/2021;55.67;55.67;55.67;55.67;;;-0.71%
01/04/2021;56.17;56.17;56.17;56.17;;;0.90%
02/04/2021;56.25;56.25;56.25;56.25;;;0.14%
05/04/2021;56.25;56.25;56.25;56.25;;;0.00%
06/04/2021;55.79;55.79;55.79;55.79;;;-0.82%
07/04/2021;56.52;56.52;56.52;56.52;;;1.31%
08/04/2021;56.6;56.6;56.6;56.6;;;0.14%
09/04/2021;56.43;56.43;56.43;56.43;;;-0.30%
12/04/2021;55.91;55.91;55.91;55.91;;;-0.92%
13/04/2021;56.01;56.01;56.01;56.01;;;0.18%
14/04/2021;55.87;55.87;55.87;55.87;;;-0.25%
15/04/2021;56.19;56.19;56.19;56.19;;;0.57%
16/04/2021;56.15;56.15;56.15;56.15;;;-0.07%
19/04/2021;56.11;56.11;56.11;56.11;;;-0.07%
20/04/2021;56.56;56.56;56.56;56.56;;;0.80%
21/04/2021;56.84;56.84;56.84;56.84;;;0.50%
22/04/2021;57.47;57.47;57.47;57.47;;;1.11%
23/04/2021;57.55;57.55;57.55;57.55;;;0.14%
26/04/2021;57.6;57.6;57.6;57.6;;;0.09%
27/04/2021;57.78;57.78;57.78;57.78;;;0.31%
28/04/2021;58.32;58.32;58.32;58.32;;;0.93%
29/04/2021;57.9;57.9;57.9;57.9;;;-0.72%
30/04/2021;58.36;58.36;58.36;58.36;;;0.79%
03/05/2021;58.77;58.77;58.77;58.77;;;0.70%
04/05/2021;58.39;58.39;58.39;58.39;;;-0.65%
05/05/2021;58.95;58.95;58.95;58.95;;;0.96%
06/05/2021;58.03;58.03;58.03;58.03;;;-1.56%
07/05/2021;58.67;58.67;58.67;58.67;;;1.10%
10/05/2021;57.04;57.04;57.04;57.04;;;-2.78%
11/05/2021;57.17;57.17;57.17;57.17;;;0.23%
12/05/2021;57.17;57.17;57.17;57.17;;;0.00%
14/05/2021;56.92;56.92;56.92;56.92;;;-0.44%
17/05/2021;57.17;57.17;57.17;57.17;;;0.44%
18/05/2021;57.64;57.64;57.64;57.64;;;0.82%
19/05/2021;56.97;56.97;56.97;56.97;;;-1.16%
20/05/2021;57.41;57.41;57.41;57.41;;;0.77%
21/05/2021;56.88;56.88;56.88;56.88;;;-0.92%
24/05/2021;56.88;56.88;56.88;56.88;;;0.00%
25/05/2021;57.38;57.38;57.38;57.38;;;0.88%
26/05/2021;57.8;57.8;57.8;57.8;;;0.73%
27/05/2021;58.41;58.41;58.41;58.41;;;1.06%
28/05/2021;58.17;58.17;58.17;58.17;;;-0.41%
31/05/2021;58.94;58.94;58.94;58.94;;;1.32%
01/06/2021;58.68;58.68;58.68;58.68;;;-0.44%
02/06/2021;58.28;58.28;58.28;58.28;;;-0.68%
03/06/2021;58.36;58.36;58.36;58.36;;;0.14%
04/06/2021;58.5;58.5;58.5;58.5;;;0.24%
07/06/2021;58.92;58.92;58.92;58.92;;;0.72%
08/06/2021;58.75;58.75;58.75;58.75;;;-0.29%
09/06/2021;59.24;59.24;59.24;59.24;;;0.83%
10/06/2021;59.13;59.13;59.13;59.13;;;-0.19%
11/06/2021;59.09;59.09;59.09;59.09;;;-0.07%
14/06/2021;59.16;59.16;59.16;59.16;;;0.12%
15/06/2021;59.35;59.35;59.35;59.35;;;0.32%
16/06/2021;58.99;58.99;58.99;58.99;;;-0.61%
17/06/2021;58.76;58.76;58.76;58.76;;;-0.39%
18/06/2021;59.28;59.28;59.28;59.28;;;0.88%
21/06/2021;59.76;59.76;59.76;59.76;;;0.81%
22/06/2021;59.66;59.66;59.66;59.66;;;-0.17%
23/06/2021;59.59;59.59;59.59;59.59;;;-0.12%
24/06/2021;59.65;59.65;59.65;59.65;;;0.10%
25/06/2021;59.69;59.69;59.69;59.69;;;0.07%
28/06/2021;58.94;58.94;58.94;58.94;;;-1.26%
29/06/2021;59.61;59.61;59.61;59.61;;;1.14%
30/06/2021;59.7;59.7;59.7;59.7;;;0.15%
01/07/2021;59.25;59.25;59.25;59.25;;;-0.75%
02/07/2021;59.32;59.32;59.32;59.32;;;0.12%
05/07/2021;59.31;59.31;59.31;59.31;;;-0.02%
06/07/2021;59.16;59.16;59.16;59.16;;;-0.25%
07/07/2021;59.88;59.88;59.88;59.88;;;1.22%
08/07/2021;59.86;59.86;59.86;59.86;;;-0.03%
09/07/2021;59.8;59.8;59.8;59.8;;;-0.10%
12/07/2021;59.37;59.37;59.37;59.37;;;-0.72%
13/07/2021;58.82;58.82;58.82;58.82;;;-0.93%
14/07/2021;59.42;59.42;59.42;59.42;;;1.02%
15/07/2021;59.89;59.89;59.89;59.89;;;0.79%
16/07/2021;59.27;59.27;59.27;59.27;;;-1.04%
19/07/2021;60.09;60.09;60.09;60.09;;;1.38%
20/07/2021;60.09;60.09;60.09;60.09;;;0.00%
21/07/2021;59.75;59.75;59.75;59.75;;;-0.57%
22/07/2021;60.14;60.14;60.14;60.14;;;0.65%
23/07/2021;60.57;60.57;60.57;60.57;;;0.71%
26/07/2021;60.29;60.29;60.29;60.29;;;-0.46%
27/07/2021;60.55;60.55;60.55;60.55;;;0.43%
28/07/2021;60.91;60.91;60.91;60.91;;;0.59%
29/07/2021;61.15;61.15;61.15;61.15;;;0.39%
30/07/2021;60.84;60.84;60.84;60.84;;;-0.51%
02/08/2021;60.81;60.81;60.81;60.81;;;-0.05%
03/08/2021;60.76;60.76;60.76;60.76;;;-0.08%
04/08/2021;61.07;61.07;61.07;61.07;;;0.51%
05/08/2021;60.95;60.95;60.95;60.95;;;-0.20%
06/08/2021;61.33;61.33;61.33;61.33;;;0.62%
09/08/2021;61.15;61.15;61.15;61.15;;;-0.29%
10/08/2021;61.31;61.31;61.31;61.31;;;0.26%
11/08/2021;61.78;61.78;61.78;61.78;;;0.77%
12/08/2021;61.62;61.62;61.62;61.62;;;-0.26%
13/08/2021;61.51;61.51;61.51;61.51;;;-0.18%
16/08/2021;61.68;61.68;61.68;61.68;;;0.28%
17/08/2021;62.35;62.35;62.35;62.35;;;1.09%
18/08/2021;62.9;62.9;62.9;62.9;;;0.88%
19/08/2021;63.02;63.02;63.02;63.02;;;0.19%
20/08/2021;63.21;63.21;63.21;63.21;;;0.30%
23/08/2021;63.62;63.62;63.62;63.62;;;0.65%
24/08/2021;64.73;64.73;64.73;64.73;;;1.74%
25/08/2021;64;64;64;64;;;-1.13%
26/08/2021;63.98;63.98;63.98;63.98;;;-0.03%
27/08/2021;64.03;64.03;64.03;64.03;;;0.08%
30/08/2021;64.13;64.13;64.13;64.13;;;0.16%
31/08/2021;64.91;64.91;64.91;64.91;;;1.22%
01/09/2021;64.61;64.61;64.61;64.61;;;-0.46%
02/09/2021;64.77;64.77;64.77;64.77;;;0.25%
03/09/2021;64.77;64.77;64.77;64.77;;;0.00%
06/09/2021;64.7;64.7;64.7;64.7;;;-0.11%
07/09/2021;64.96;64.96;64.96;64.96;;;0.40%
08/09/2021;65.63;65.63;65.63;65.63;;;1.03%
09/09/2021;66.09;66.09;66.09;66.09;;;0.70%
10/09/2021;66.1;66.1;66.1;66.1;;;0.02%
13/09/2021;65.86;65.86;65.86;65.86;;;-0.36%
14/09/2021;66.68;66.68;66.68;66.68;;;1.25%
15/09/2021;67.25;67.25;67.25;67.25;;;0.85%
16/09/2021;67.31;67.31;67.31;67.31;;;0.09%
17/09/2021;67.57;67.57;67.57;67.57;;;0.39%
20/09/2021;68.41;68.41;68.41;68.41;;;1.24%
21/09/2021;68.69;68.69;68.69;68.69;;;0.41%
22/09/2021;69.28;69.28;69.28;69.28;;;0.86%
23/09/2021;69.81;69.81;69.81;69.81;;;0.77%
24/09/2021;70.55;70.55;70.55;70.55;;;1.06%
27/09/2021;69.83;69.83;69.83;69.83;;;-1.02%
28/09/2021;70.27;70.27;70.27;70.27;;;0.63%
29/09/2021;70.42;70.42;70.42;70.42;;;0.21%
30/09/2021;70.61;70.61;70.61;70.61;;;0.27%
01/10/2021;70.38;70.38;70.38;70.38;;;-0.33%
04/10/2021;70.46;70.46;70.46;70.46;;;0.11%
05/10/2021;70.92;70.92;70.92;70.92;;;0.65%
06/10/2021;70.8;70.8;70.8;70.8;;;-0.17%
07/10/2021;71.28;71.28;71.28;71.28;;;0.68%
08/10/2021;70.96;70.96;70.96;70.96;;;-0.45%
11/10/2021;71.09;71.09;71.09;71.09;;;0.18%
12/10/2021;70.86;70.86;70.86;70.86;;;-0.32%
13/10/2021;70.48;70.48;70.48;70.48;;;-0.54%
14/10/2021;70.98;70.98;70.98;70.98;;;0.71%
15/10/2021;70.67;70.67;70.67;70.67;;;-0.44%
18/10/2021;70.67;70.67;70.67;70.67;;;0.00%
19/10/2021;70.25;70.25;70.25;70.25;;;-0.59%
20/10/2021;70.6;70.6;70.6;70.6;;;0.50%
21/10/2021;70.45;70.45;70.45;70.45;;;-0.21%
22/10/2021;70.17;70.17;70.17;70.17;;;-0.40%
25/10/2021;70.19;70.19;70.19;70.19;;;0.03%
26/10/2021;70.16;70.16;70.16;70.16;;;-0.04%
27/10/2021;70.16;70.16;70.16;70.16;;;0.00%
28/10/2021;70.48;70.48;70.48;70.48;;;0.46%
29/10/2021;71.54;71.54;71.54;71.54;;;1.50%
01/11/2021;71.54;71.54;71.54;71.54;;;0.00%
02/11/2021;71.71;71.71;71.71;71.71;;;0.24%
03/11/2021;71.6;71.6;71.6;71.6;;;-0.15%
04/11/2021;71.64;71.64;71.64;71.64;;;0.06%
05/11/2021;70.57;70.57;70.57;70.57;;;-1.49%
08/11/2021;70.33;70.33;70.33;70.33;;;-0.34%
09/11/2021;69.61;69.61;69.61;69.61;;;-1.02%
10/11/2021;69.85;69.85;69.85;69.85;;;0.34%
11/11/2021;70.01;70.01;70.01;70.01;;;0.23%
12/11/2021;70.17;70.17;70.17;70.17;;;0.23%
15/11/2021;70.17;70.17;70.17;70.17;;;0.00%
16/11/2021;69.78;69.78;69.78;69.78;;;-0.56%
17/11/2021;70.48;70.48;70.48;70.48;;;1.00%
18/11/2021;70.88;70.88;70.88;70.88;;;0.57%
19/11/2021;71.31;71.31;71.31;71.31;;;0.61%
22/11/2021;71.02;71.02;71.02;71.02;;;-0.41%
23/11/2021;71.21;71.21;71.21;71.21;;;0.27%
24/11/2021;71.63;71.63;71.63;71.63;;;0.59%
25/11/2021;72.31;72.31;72.31;72.31;;;0.95%
26/11/2021;73.26;73.26;73.26;73.26;;;1.31%
29/11/2021;72.99;72.99;72.99;72.99;;;-0.37%
30/11/2021;73.12;73.12;73.12;73.12;;;0.18%
01/12/2021;72.73;72.73;72.73;72.73;;;-0.53%
02/12/2021;72.49;72.49;72.49;72.49;;;-0.33%
03/12/2021;72.94;72.94;72.94;72.94;;;0.62%
06/12/2021;72.33;72.33;72.33;72.33;;;-0.84%
07/12/2021;72.67;72.67;72.67;72.67;;;0.47%
08/12/2021;73;73;73;73;;;0.45%
09/12/2021;73;73;73;73;;;0.00%
10/12/2021;72.88;72.88;72.88;72.88;;;-0.16%
13/12/2021;71.94;71.94;71.94;71.94;;;-1.29%
14/12/2021;72.65;72.65;72.65;72.65;;;0.99%
15/12/2021;72.98;72.98;72.98;72.98;;;0.45%
16/12/2021;73.83;73.83;73.83;73.83;;;1.16%
17/12/2021;73.27;73.27;73.27;73.27;;;-0.76%
20/12/2021;73.86;73.86;73.86;73.86;;;0.81%
21/12/2021;73.27;73.27;73.27;73.27;;;-0.80%
22/12/2021;74.37;74.37;74.37;74.37;;;1.50%
23/12/2021;74.05;74.05;74.05;74.05;;;-0.43%
24/12/2021;74.55;74.55;74.55;74.55;;;0.68%
27/12/2021;73.96;73.96;73.96;73.96;;;-0.79%
28/12/2021;74.82;74.82;74.82;74.82;;;1.16%
29/12/2021;75;75;75;75;;;0.24%
30/12/2021;76.6;76.6;76.6;76.6;;;2.13%
31/12/2021;77.13;77.13;77.13;77.13;;;0.69%
03/01/2022;77.92;77.92;77.92;77.92;;;1.02%
04/01/2022;77.63;77.63;77.63;77.63;;;-0.37%
05/01/2022;76.77;76.77;76.77;76.77;;;-1.11%
06/01/2022;77.7;77.7;77.7;77.7;;;1.21%
07/01/2022;77.73;77.73;77.73;77.73;;;0.04%
10/01/2022;78.83;78.83;78.83;78.83;;;1.42%
11/01/2022;79.47;79.47;79.47;79.47;;;0.81%
12/01/2022;79.65;79.65;79.65;79.65;;;0.23%
13/01/2022;79.26;79.26;79.26;79.26;;;-0.49%
14/01/2022;79.03;79.03;79.03;79.03;;;-0.29%
17/01/2022;77.92;77.92;77.92;77.92;;;-1.40%
18/01/2022;77.67;77.67;77.67;77.67;;;-0.32%
19/01/2022;77.41;77.41;77.41;77.41;;;-0.33%
20/01/2022;77.79;77.79;77.79;77.79;;;0.49%
21/01/2022;76.89;76.89;76.89;76.89;;;-1.16%
24/01/2022;75.83;75.83;75.83;75.83;;;-1.38%
25/01/2022;75.14;75.14;75.14;75.14;;;-0.91%
26/01/2022;75.6;75.6;75.6;75.6;;;0.61%
27/01/2022;75.68;75.68;75.68;75.68;;;0.11%
28/01/2022;76.3;76.3;76.3;76.3;;;0.82%
31/01/2022;76.96;76.96;76.96;76.96;;;0.87%
01/02/2022;77.71;77.71;77.71;77.71;;;0.97%
02/02/2022;76.73;76.73;76.73;76.73;;;-1.26%
03/02/2022;76.36;76.36;76.36;76.36;;;-0.48%
04/02/2022;75.66;75.66;75.66;75.66;;;-0.92%
07/02/2022;75.75;75.75;75.75;75.75;;;0.12%
08/02/2022;76.48;76.48;76.48;76.48;;;0.96%
09/02/2022;77.52;77.52;77.52;77.52;;;1.36%
10/02/2022;77.12;77.12;77.12;77.12;;;-0.52%
11/02/2022;78.17;78.17;78.17;78.17;;;1.36%
14/02/2022;79.41;79.41;79.41;79.41;;;1.59%
15/02/2022;78.84;78.84;78.84;78.84;;;-0.72%
16/02/2022;78.39;78.39;78.39;78.39;;;-0.57%
17/02/2022;80.29;80.29;80.29;80.29;;;2.42%
18/02/2022;80.07;80.07;80.07;80.07;;;-0.27%
21/02/2022;80.05;80.05;80.05;80.05;;;-0.02%
22/02/2022;79.35;79.35;79.35;79.35;;;-0.87%
23/02/2022;79.63;79.63;79.63;79.63;;;0.35%
24/02/2022;79.49;79.49;79.49;79.49;;;-0.18%
25/02/2022;79.43;79.43;79.43;79.43;;;-0.08%
28/02/2022;79.76;79.76;79.76;79.76;;;0.42%
01/03/2022;78.88;78.88;78.88;78.88;;;-1.10%
02/03/2022;78.21;78.21;78.21;78.21;;;-0.85%
03/03/2022;78.47;78.47;78.47;78.47;;;0.33%
04/03/2022;77.85;77.85;77.85;77.85;;;-0.79%
07/03/2022;77.65;77.65;77.65;77.65;;;-0.26%
08/03/2022;77.42;77.42;77.42;77.42;;;-0.30%
09/03/2022;77.68;77.68;77.68;77.68;;;0.34%
10/03/2022;77.16;77.16;77.16;77.16;;;-0.67%
11/03/2022;78.15;78.15;78.15;78.15;;;1.28%
14/03/2022;77.68;77.68;77.68;77.68;;;-0.60%
15/03/2022;77.57;77.57;77.57;77.57;;;-0.14%
16/03/2022;77.1;77.1;77.1;77.1;;;-0.61%
17/03/2022;77.48;77.48;77.48;77.48;;;0.49%
18/03/2022;77.81;77.81;77.81;77.81;;;0.43%
21/03/2022;78.52;78.52;78.52;78.52;;;0.91%
22/03/2022;79.19;79.19;79.19;79.19;;;0.85%
23/03/2022;79.65;79.65;79.65;79.65;;;0.58%
24/03/2022;79.84;79.84;79.84;79.84;;;0.24%
25/03/2022;80.65;80.65;80.65;80.65;;;1.01%
28/03/2022;80.35;80.35;80.35;80.35;;;-0.37%
29/03/2022;79.8;79.8;79.8;79.8;;;-0.68%
30/03/2022;80.59;80.59;80.59;80.59;;;0.99%
31/03/2022;79.08;79.08;79.08;79.08;;;-1.87%
01/04/2022;79.35;79.35;79.35;79.35;;;0.34%
04/04/2022;78.96;78.96;78.96;78.96;;;-0.49%
05/04/2022;79.31;79.31;79.31;79.31;;;0.44%
06/04/2022;79.43;79.43;79.43;79.43;;;0.15%
07/04/2022;79.34;79.34;79.34;79.34;;;-0.11%
08/04/2022;79.2;79.2;79.2;79.2;;;-0.18%
11/04/2022;79.03;79.03;79.03;79.03;;;-0.21%
12/04/2022;78.98;78.98;78.98;78.98;;;-0.06%
13/04/2022;78.95;78.95;78.95;78.95;;;-0.04%
14/04/2022;79.25;79.25;79.25;79.25;;;0.38%
15/04/2022;80.1;80.1;80.1;80.1;;;1.07%
18/04/2022;80.1;80.1;80.1;80.1;;;0.00%
19/04/2022;80.13;80.13;80.13;80.13;;;0.04%
20/04/2022;79.48;79.48;79.48;79.48;;;-0.81%
21/04/2022;79.85;79.85;79.85;79.85;;;0.47%
22/04/2022;79.45;79.45;79.45;79.45;;;-0.50%
25/04/2022;79.78;79.78;79.78;79.78;;;0.42%
26/04/2022;78.38;78.38;78.38;78.38;;;-1.75%
27/04/2022;78.73;78.73;78.73;78.73;;;0.45%
28/04/2022;78.73;78.73;78.73;78.73;;;0.00%
29/04/2022;78.9;78.9;78.9;78.9;;;0.22%
02/05/2022;78.9;78.9;78.9;78.9;;;0.00%
03/05/2022;77.94;77.94;77.94;77.94;;;-1.22%
04/05/2022;78.5;78.5;78.5;78.5;;;0.72%
05/05/2022;78.04;78.04;78.04;78.04;;;-0.59%
06/05/2022;79.31;79.31;79.31;79.31;;;1.63%
09/05/2022;78.17;78.17;78.17;78.17;;;-1.44%
10/05/2022;77.14;77.14;77.14;77.14;;;-1.32%
11/05/2022;77.62;77.62;77.62;77.62;;;0.62%
12/05/2022;77.6;77.6;77.6;77.6;;;-0.03%
13/05/2022;77.93;77.93;77.93;77.93;;;0.43%
16/05/2022;77.2;77.2;77.2;77.2;;;-0.94%
17/05/2022;76.8;76.8;76.8;76.8;;;-0.52%
18/05/2022;76.97;76.97;76.97;76.97;;;0.22%
19/05/2022;76.71;76.71;76.71;76.71;;;-0.34%
20/05/2022;77.01;77.01;77.01;77.01;;;0.39%
23/05/2022;76.43;76.43;76.43;76.43;;;-0.75%
24/05/2022;75.83;75.83;75.83;75.83;;;-0.79%
25/05/2022;75.74;75.74;75.74;75.74;;;-0.12%
26/05/2022;75.74;75.74;75.74;75.74;;;0.00%
27/05/2022;76.68;76.68;76.68;76.68;;;1.24%
30/05/2022;77.13;77.13;77.13;77.13;;;0.59%
31/05/2022;78.09;78.09;78.09;78.09;;;1.24%
01/06/2022;78.11;78.11;78.11;78.11;;;0.03%
02/06/2022;77.69;77.69;77.69;77.69;;;-0.54%
03/06/2022;77.14;77.14;77.14;77.14;;;-0.71%
06/06/2022;77.14;77.14;77.14;77.14;;;0.00%
07/06/2022;77.2;77.2;77.2;77.2;;;0.08%
08/06/2022;77.07;77.07;77.07;77.07;;;-0.17%
09/06/2022;76.4;76.4;76.4;76.4;;;-0.87%
10/06/2022;76.65;76.65;76.65;76.65;;;0.33%
13/06/2022;76.1;76.1;76.1;76.1;;;-0.72%
14/06/2022;76.3;76.3;76.3;76.3;;;0.26%
15/06/2022;75.92;75.92;75.92;75.92;;;-0.50%
16/06/2022;76.5;76.5;76.5;76.5;;;0.76%
17/06/2022;77.37;77.37;77.37;77.37;;;1.14%
20/06/2022;78.15;78.15;78.15;78.15;;;1.01%
21/06/2022;77.6;77.6;77.6;77.6;;;-0.70%
22/06/2022;77.7;77.7;77.7;77.7;;;0.13%
23/06/2022;77.12;77.12;77.12;77.12;;;-0.75%
24/06/2022;77.06;77.06;77.06;77.06;;;-0.08%
27/06/2022;77.25;77.25;77.25;77.25;;;0.25%
28/06/2022;76.64;76.64;76.64;76.64;;;-0.79%
29/06/2022;76.37;76.37;76.37;76.37;;;-0.35%
30/06/2022;76.63;76.63;76.63;76.63;;;0.34%
01/07/2022;75.33;75.33;75.33;75.33;;;-1.70%
04/07/2022;76.09;76.09;76.09;76.09;;;1.01%
05/07/2022;76.43;76.43;76.43;76.43;;;0.45%
06/07/2022;76.44;76.44;76.44;76.44;;;0.01%
07/07/2022;77.15;77.15;77.15;77.15;;;0.93%
08/07/2022;76.26;76.26;76.26;76.26;;;-1.15%
11/07/2022;75.75;75.75;75.75;75.75;;;-0.67%
12/07/2022;76.35;76.35;76.35;76.35;;;0.79%
13/07/2022;76.27;76.27;76.27;76.27;;;-0.10%
14/07/2022;76.51;76.51;76.51;76.51;;;0.31%
15/07/2022;76.56;76.56;76.56;76.56;;;0.07%
18/07/2022;76.92;76.92;76.92;76.92;;;0.47%
19/07/2022;77.35;77.35;77.35;77.35;;;0.56%
20/07/2022;77.54;77.54;77.54;77.54;;;0.25%
21/07/2022;77.41;77.41;77.41;77.41;;;-0.17%
22/07/2022;77.4;77.4;77.4;77.4;;;-0.01%
25/07/2022;77.23;77.23;77.23;77.23;;;-0.22%
26/07/2022;76.89;76.89;76.89;76.89;;;-0.44%
27/07/2022;78.25;78.25;78.25;78.25;;;1.77%
28/07/2022;78.05;78.05;78.05;78.05;;;-0.26%
29/07/2022;78.56;78.56;78.56;78.56;;;0.65%
01/08/2022;79.09;79.09;79.09;79.09;;;0.67%
02/08/2022;78.9;78.9;78.9;78.9;;;-0.24%
03/08/2022;79.16;79.16;79.16;79.16;;;0.33%
04/08/2022;77.91;77.91;77.91;77.91;;;-1.58%
05/08/2022;78.67;78.67;78.67;78.67;;;0.98%
08/08/2022;78.67;78.67;78.67;78.67;;;0.00%
09/08/2022;78.44;78.44;78.44;78.44;;;-0.29%
10/08/2022;78.14;78.14;78.14;78.14;;;-0.38%
11/08/2022;78.16;78.16;78.16;78.16;;;0.03%
12/08/2022;78.34;78.34;78.34;78.34;;;0.23%
15/08/2022;78.34;78.34;78.34;78.34;;;0.00%
16/08/2022;78.08;78.08;78.08;78.08;;;-0.33%
17/08/2022;77.7;77.7;77.7;77.7;;;-0.49%
18/08/2022;78.1;78.1;78.1;78.1;;;0.51%
19/08/2022;78.08;78.08;78.08;78.08;;;-0.03%
22/08/2022;78.26;78.26;78.26;78.26;;;0.23%
23/08/2022;78.32;78.32;78.32;78.32;;;0.08%
24/08/2022;78.42;78.42;78.42;78.42;;;0.13%
25/08/2022;77.96;77.96;77.96;77.96;;;-0.59%
26/08/2022;78.01;78.01;78.01;78.01;;;0.06%
29/08/2022;78.68;78.68;78.68;78.68;;;0.86%
30/08/2022;78.56;78.56;78.56;78.56;;;-0.15%
31/08/2022;78.71;78.71;78.71;78.71;;;0.19%
01/09/2022;78;78;78;78;;;-0.90%
02/09/2022;77.31;77.31;77.31;77.31;;;-0.88%
05/09/2022;77.28;77.28;77.28;77.28;;;-0.04%
06/09/2022;77.42;77.42;77.42;77.42;;;0.18%
07/09/2022;77.29;77.29;77.29;77.29;;;-0.17%
08/09/2022;77.13;77.13;77.13;77.13;;;-0.21%
09/09/2022;77.25;77.25;77.25;77.25;;;0.16%
12/09/2022;77.47;77.47;77.47;77.47;;;0.28%
13/09/2022;77.11;77.11;77.11;77.11;;;-0.46%
14/09/2022;77.65;77.65;77.65;77.65;;;0.70%
15/09/2022;77.16;77.16;77.16;77.16;;;-0.63%
16/09/2022;79.78;79.78;79.78;79.78;;;3.40%
19/09/2022;79.26;79.26;79.26;79.26;;;-0.65%
20/09/2022;79.12;79.12;79.12;79.12;;;-0.18%
21/09/2022;78.39;78.39;78.39;78.39;;;-0.92%
22/09/2022;78.26;78.26;78.26;78.26;;;-0.17%
23/09/2022;78.42;78.42;78.42;78.42;;;0.20%
26/09/2022;77.77;77.77;77.77;77.77;;;-0.83%
27/09/2022;77.43;77.43;77.43;77.43;;;-0.44%
28/09/2022;77.24;77.24;77.24;77.24;;;-0.25%
29/09/2022;77.24;77.24;77.24;77.24;;;0.00%
30/09/2022;77.37;77.37;77.37;77.37;;;0.17%
03/10/2022;76.97;76.97;76.97;76.97;;;-0.52%
04/10/2022;76.73;76.73;76.73;76.73;;;-0.31%
05/10/2022;76.17;76.17;76.17;76.17;;;-0.73%
06/10/2022;76.37;76.37;76.37;76.37;;;0.26%
07/10/2022;76.6;76.6;76.6;76.6;;;0.30%
10/10/2022;75.72;75.72;75.72;75.72;;;-1.15%
11/10/2022;75.3;75.3;75.3;75.3;;;-0.55%
12/10/2022;74.38;74.38;74.38;74.38;;;-1.22%
13/10/2022;74.22;74.22;74.22;74.22;;;-0.22%
14/10/2022;74.3;74.3;74.3;74.3;;;0.11%
17/10/2022;74.67;74.67;74.67;74.67;;;0.50%
18/10/2022;74.5;74.5;74.5;74.5;;;-0.23%
19/10/2022;74.82;74.82;74.82;74.82;;;0.43%
20/10/2022;75.06;75.06;75.06;75.06;;;0.32%
21/10/2022;75.41;75.41;75.41;75.41;;;0.47%
24/10/2022;75.28;75.28;75.28;75.28;;;-0.17%
25/10/2022;75.16;75.16;75.16;75.16;;;-0.16%
26/10/2022;75.74;75.74;75.74;75.74;;;0.77%
27/10/2022;75.74;75.74;75.74;75.74;;;0.00%
28/10/2022;75.12;75.12;75.12;75.12;;;-0.82%
31/10/2022;75.12;75.12;75.12;75.12;;;0.00%
01/11/2022;75.2;75.2;75.2;75.2;;;0.11%
02/11/2022;73.4;73.4;73.4;73.4;;;-2.39%
03/11/2022;73.36;73.36;73.36;73.36;;;-0.05%
04/11/2022;73.14;73.14;73.14;73.14;;;-0.30%
07/11/2022;73.91;73.91;73.91;73.91;;;1.05%
08/11/2022;73.66;73.66;73.66;73.66;;;-0.34%
09/11/2022;72.66;72.66;72.66;72.66;;;-1.36%
10/11/2022;72.62;72.62;72.62;72.62;;;-0.06%
11/11/2022;72.82;72.82;72.82;72.82;;;0.28%
14/11/2022;71.96;71.96;71.96;71.96;;;-1.18%
15/11/2022;71.96;71.96;71.96;71.96;;;0.00%
16/11/2022;72.06;72.06;72.06;72.06;;;0.14%
17/11/2022;72.18;72.18;72.18;72.18;;;0.17%
18/11/2022;72.18;72.18;72.18;72.18;;;0.00%
21/11/2022;72.9;72.9;72.9;72.9;;;1.00%
22/11/2022;72.97;72.97;72.97;72.97;;;0.10%
23/11/2022;73.58;73.58;73.58;73.58;;;0.84%
24/11/2022;73.33;73.33;73.33;73.33;;;-0.34%
25/11/2022;73.02;73.02;73.02;73.02;;;-0.42%
28/11/2022;72.93;72.93;72.93;72.93;;;-0.12%
29/11/2022;71.92;71.92;71.92;71.92;;;-1.38%
30/11/2022;71.92;71.92;71.92;71.92;;;0.00%
01/12/2022;71.92;71.92;71.92;71.92;;;0.00%
02/12/2022;70.31;70.31;70.31;70.31;;;-2.24%
05/12/2022;71.09;71.09;71.09;71.09;;;1.11%
06/12/2022;71.76;71.76;71.76;71.76;;;0.94%
07/12/2022;71.7;71.7;71.7;71.7;;;-0.08%
08/12/2022;71.18;71.18;71.18;71.18;;;-0.73%
09/12/2022;71.76;71.76;71.76;71.76;;;0.81%
12/12/2022;73.83;73.83;73.83;73.83;;;2.88%
13/12/2022;74.31;74.31;74.31;74.31;;;0.65%
14/12/2022;74.21;74.21;74.21;74.21;;;-0.13%
15/12/2022;74.88;74.88;74.88;74.88;;;0.90%
16/12/2022;75.18;75.18;75.18;75.18;;;0.40%
19/12/2022;74.29;74.29;74.29;74.29;;;-1.18%
20/12/2022;74.89;74.89;74.89;74.89;;;0.81%
21/12/2022;74.64;74.64;74.64;74.64;;;-0.33%
22/12/2022;74.31;74.31;74.31;74.31;;;-0.44%
23/12/2022;75.59;75.59;75.59;75.59;;;1.72%
26/12/2022;75.59;75.59;75.59;75.59;;;0.00%
27/12/2022;76.29;76.29;76.29;76.29;;;0.93%
28/12/2022;76.18;76.18;76.18;76.18;;;-0.14%
29/12/2022;76.01;76.01;76.01;76.01;;;-0.22%
30/12/2022;75.51;75.51;75.51;75.51;;;-0.66%
02/01/2023;75.27;75.27;75.27;75.27;;;-0.32%
03/01/2023;75.1;75.1;75.1;75.1;;;-0.23%
04/01/2023;74.17;74.17;74.17;74.17;;;-1.24%
05/01/2023;73.97;73.97;73.97;73.97;;;-0.27%
06/01/2023;73.33;73.33;73.33;73.33;;;-0.87%
09/01/2023;72.52;72.52;72.52;72.52;;;-1.10%
10/01/2023;71.94;71.94;71.94;71.94;;;-0.80%
11/01/2023;72.22;72.22;72.22;72.22;;;0.39%
12/01/2023;72.46;72.46;72.46;72.46;;;0.33%
13/01/2023;71.75;71.75;71.75;71.75;;;-0.98%
16/01/2023;71.55;71.55;71.55;71.55;;;-0.28%
17/01/2023;72.15;72.15;72.15;72.15;;;0.84%
18/01/2023;72.8;72.8;72.8;72.8;;;0.90%
19/01/2023;73.24;73.24;73.24;73.24;;;0.60%
20/01/2023;73.48;73.48;73.48;73.48;;;0.33%
23/01/2023;72.66;72.66;72.66;72.66;;;-1.12%
24/01/2023;72.69;72.69;72.69;72.69;;;0.04%
25/01/2023;72.81;72.81;72.81;72.81;;;0.17%
26/01/2023;74.02;74.02;74.02;74.02;;;1.66%
27/01/2023;73.91;73.91;73.91;73.91;;;-0.15%
30/01/2023;74.32;74.32;74.32;74.32;;;0.55%
31/01/2023;73.77;73.77;73.77;73.77;;;-0.74%
01/02/2023;74.14;74.14;74.14;74.14;;;0.50%
02/02/2023;74.11;74.11;74.11;74.11;;;-0.04%
03/02/2023;74.06;74.06;74.06;74.06;;;-0.07%
06/02/2023;73.93;73.93;73.93;73.93;;;-0.18%
07/02/2023;73.56;73.56;73.56;73.56;;;-0.50%
08/02/2023;73.42;73.42;73.42;73.42;;;-0.19%
09/02/2023;74.11;74.11;74.11;74.11;;;0.94%
10/02/2023;74.38;74.38;74.38;74.38;;;0.36%
13/02/2023;75.29;75.29;75.29;75.29;;;1.22%
14/02/2023;76.34;76.34;76.34;76.34;;;1.39%
15/02/2023;76.99;76.99;76.99;76.99;;;0.85%
16/02/2023;77.73;77.73;77.73;77.73;;;0.96%
17/02/2023;77.48;77.48;77.48;77.48;;;-0.32%
20/02/2023;76.68;76.68;76.68;76.68;;;-1.03%
21/02/2023;77.32;77.32;77.32;77.32;;;0.83%
22/02/2023;76.57;76.57;76.57;76.57;;;-0.97%
23/02/2023;76.49;76.49;76.49;76.49;;;-0.10%
24/02/2023;76.71;76.71;76.71;76.71;;;0.29%
27/02/2023;76.96;76.96;76.96;76.96;;;0.33%
28/02/2023;76.7;76.7;76.7;76.7;;;-0.34%
01/03/2023;76.84;76.84;76.84;76.84;;;0.18%
02/03/2023;76.59;76.59;76.59;76.59;;;-0.33%
03/03/2023;77.07;77.07;77.07;77.07;;;0.63%
06/03/2023;77.4;77.4;77.4;77.4;;;0.43%
07/03/2023;77.8;77.8;77.8;77.8;;;0.52%
08/03/2023;77.67;77.67;77.67;77.67;;;-0.17%
09/03/2023;78.13;78.13;78.13;78.13;;;0.59%
10/03/2023;78.5;78.5;78.5;78.5;;;0.47%
13/03/2023;78.17;78.17;78.17;78.17;;;-0.42%
14/03/2023;78.32;78.32;78.32;78.32;;;0.19%
15/03/2023;78.35;78.35;78.35;78.35;;;0.04%
16/03/2023;77.83;77.83;77.83;77.83;;;-0.66%
17/03/2023;77.77;77.77;77.77;77.77;;;-0.08%
20/03/2023;77.68;77.68;77.68;77.68;;;-0.12%
21/03/2023;77.64;77.64;77.64;77.64;;;-0.05%
22/03/2023;77.26;77.26;77.26;77.26;;;-0.49%
23/03/2023;77.33;77.33;77.33;77.33;;;0.09%
24/03/2023;77.31;77.31;77.31;77.31;;;-0.03%
27/03/2023;77.22;77.22;77.22;77.22;;;-0.12%
28/03/2023;76.93;76.93;76.93;76.93;;;-0.38%
29/03/2023;76.26;76.26;76.26;76.26;;;-0.87%
30/03/2023;75.62;75.62;75.62;75.62;;;-0.84%
31/03/2023;75.02;75.02;75.02;75.02;;;-0.79%
03/04/2023;74.67;74.67;74.67;74.67;;;-0.47%
04/04/2023;74.52;74.52;74.52;74.52;;;-0.20%
05/04/2023;74.53;74.53;74.53;74.53;;;0.01%
06/04/2023;75.05;75.05;75.05;75.05;;;0.70%
07/04/2023;74.52;74.52;74.52;74.52;;;-0.71%
10/04/2023;74.52;74.52;74.52;74.52;;;0.00%
11/04/2023;74.93;74.93;74.93;74.93;;;0.55%
12/04/2023;75.36;75.36;75.36;75.36;;;0.57%
13/04/2023;74.94;74.94;74.94;74.94;;;-0.56%
14/04/2023;75.35;75.35;75.35;75.35;;;0.55%
17/04/2023;75.57;75.57;75.57;75.57;;;0.29%
18/04/2023;75.57;75.57;75.57;75.57;;;0.00%
19/04/2023;75.39;75.39;75.39;75.39;;;-0.24%
20/04/2023;75.24;75.24;75.24;75.24;;;-0.20%
21/04/2023;75.24;75.24;75.24;75.24;;;0.00%
24/04/2023;75.22;75.22;75.22;75.22;;;-0.03%
25/04/2023;75.6;75.6;75.6;75.6;;;0.51%
26/04/2023;75.25;75.25;75.25;75.25;;;-0.46%
27/04/2023;74.92;74.92;74.92;74.92;;;-0.44%
28/04/2023;75.41;75.41;75.41;75.41;;;0.65%
01/05/2023;75.41;75.41;75.41;75.41;;;0.00%
02/05/2023;75.2;75.2;75.2;75.2;;;-0.28%
03/05/2023;75.2;75.2;75.2;75.2;;;0.00%
04/05/2023;75.05;75.05;75.05;75.05;;;-0.20%
05/05/2023;74.85;74.85;74.85;74.85;;;-0.27%
08/05/2023;74.79;74.79;74.79;74.79;;;-0.08%
09/05/2023;75.11;75.11;75.11;75.11;;;0.43%
10/05/2023;74.62;74.62;74.62;74.62;;;-0.65%
11/05/2023;74.99;74.99;74.99;74.99;;;0.50%
12/05/2023;75.02;75.02;75.02;75.02;;;0.04%
15/05/2023;75.11;75.11;75.11;75.11;;;0.12%
16/05/2023;75.44;75.44;75.44;75.44;;;0.44%
17/05/2023;75.18;75.18;75.18;75.18;;;-0.34%
18/05/2023;75.18;75.18;75.18;75.18;;;0.00%
19/05/2023;76.11;76.11;76.11;76.11;;;1.24%
22/05/2023;76.36;76.36;76.36;76.36;;;0.33%
23/05/2023;76.17;76.17;76.17;76.17;;;-0.25%
24/05/2023;76.06;76.06;76.06;76.06;;;-0.14%
25/05/2023;75.48;75.48;75.48;75.48;;;-0.76%
26/05/2023;74.64;74.64;74.64;74.64;;;-1.11%
29/05/2023;74.64;74.64;74.64;74.64;;;0.00%
30/05/2023;75.15;75.15;75.15;75.15;;;0.68%
31/05/2023;74.6;74.6;74.6;74.6;;;-0.73%
01/06/2023;74.68;74.68;74.68;74.68;;;0.11%
02/06/2023;75.21;75.21;75.21;75.21;;;0.71%
05/06/2023;75.73;75.73;75.73;75.73;;;0.69%
06/06/2023;75.93;75.93;75.93;75.93;;;0.26%
07/06/2023;76.35;76.35;76.35;76.35;;;0.55%
08/06/2023;76.53;76.53;76.53;76.53;;;0.24%
09/06/2023;76.86;76.86;76.86;76.86;;;0.43%
12/06/2023;76.98;76.98;76.98;76.98;;;0.16%
13/06/2023;76.86;76.86;76.86;76.86;;;-0.16%
14/06/2023;76.43;76.43;76.43;76.43;;;-0.56%
15/06/2023;76.47;76.47;76.47;76.47;;;0.05%
16/06/2023;76.74;76.74;76.74;76.74;;;0.35%
19/06/2023;76.8;76.8;76.8;76.8;;;0.08%
20/06/2023;76.63;76.63;76.63;76.63;;;-0.22%
21/06/2023;76.77;76.77;76.77;76.77;;;0.18%
22/06/2023;77.41;77.41;77.41;77.41;;;0.83%
23/06/2023;76.57;76.57;76.57;76.57;;;-1.09%
26/06/2023;77.06;77.06;77.06;77.06;;;0.64%
27/06/2023;77.55;77.55;77.55;77.55;;;0.64%
28/06/2023;77.55;77.55;77.55;77.55;;;0.00%
29/06/2023;78;78;78;78;;;0.58%
30/06/2023;78.37;78.37;78.37;78.37;;;0.47%
03/07/2023;78.55;78.55;78.55;78.55;;;0.23%
04/07/2023;78.48;78.48;78.48;78.48;;;-0.09%
05/07/2023;78.97;78.97;78.97;78.97;;;0.62%
06/07/2023;78.61;78.61;78.61;78.61;;;-0.46%
07/07/2023;78.95;78.95;78.95;78.95;;;0.43%
10/07/2023;78.51;78.51;78.51;78.51;;;-0.56%
11/07/2023;79.12;79.12;79.12;79.12;;;0.78%
12/07/2023;78.88;78.88;78.88;78.88;;;-0.30%
13/07/2023;79.32;79.32;79.32;79.32;;;0.56%
14/07/2023;79.45;79.45;79.45;79.45;;;0.16%
17/07/2023;79.89;79.89;79.89;79.89;;;0.55%
18/07/2023;80.18;80.18;80.18;80.18;;;0.36%
19/07/2023;79.57;79.57;79.57;79.57;;;-0.76%
20/07/2023;79.61;79.61;79.61;79.61;;;0.05%
21/07/2023;80.05;80.05;80.05;80.05;;;0.55%
24/07/2023;79.78;79.78;79.78;79.78;;;-0.34%
25/07/2023;80.01;80.01;80.01;80.01;;;0.29%
26/07/2023;80.09;80.09;80.09;80.09;;;0.10%
27/07/2023;80.27;80.27;80.27;80.27;;;0.22%
28/07/2023;80.8;80.8;80.8;80.8;;;0.66%
31/07/2023;80.62;80.62;80.62;80.62;;;-0.22%
01/08/2023;81.42;81.42;81.42;81.42;;;0.99%
02/08/2023;81.37;81.37;81.37;81.37;;;-0.06%
03/08/2023;80.91;80.91;80.91;80.91;;;-0.57%
04/08/2023;80.96;80.96;80.96;80.96;;;0.06%
07/08/2023;80.96;80.96;80.96;80.96;;;0.00%
08/08/2023;81.03;81.03;81.03;81.03;;;0.09%
09/08/2023;80.09;80.09;80.09;80.09;;;-1.16%
10/08/2023;80.78;80.78;80.78;80.78;;;0.86%
11/08/2023;80.43;80.43;80.43;80.43;;;-0.43%
14/08/2023;80.52;80.52;80.52;80.52;;;0.11%
15/08/2023;80.52;80.52;80.52;80.52;;;0.00%
16/08/2023;80.94;80.94;80.94;80.94;;;0.52%
17/08/2023;80.36;80.36;80.36;80.36;;;-0.72%
18/08/2023;80.07;80.07;80.07;80.07;;;-0.36%
21/08/2023;79.86;79.86;79.86;79.86;;;-0.26%
22/08/2023;79.49;79.49;79.49;79.49;;;-0.46%
23/08/2023;80.44;80.44;80.44;80.44;;;1.20%
24/08/2023;80.53;80.53;80.53;80.53;;;0.11%
25/08/2023;80.99;80.99;80.99;80.99;;;0.57%
28/08/2023;80.33;80.33;80.33;80.33;;;-0.81%
29/08/2023;80.8;80.8;80.8;80.8;;;0.59%
30/08/2023;81.33;81.33;81.33;81.33;;;0.66%
31/08/2023;81.05;81.05;81.05;81.05;;;-0.34%
01/09/2023;82.31;82.31;82.31;82.31;;;1.55%
04/09/2023;82.38;82.38;82.38;82.38;;;0.09%
05/09/2023;82.52;82.52;82.52;82.52;;;0.17%
06/09/2023;83.24;83.24;83.24;83.24;;;0.87%
07/09/2023;83.71;83.71;83.71;83.71;;;0.56%
08/09/2023;84.61;84.61;84.61;84.61;;;1.08%
11/09/2023;84.1;84.1;84.1;84.1;;;-0.60%
12/09/2023;86.27;86.27;86.27;86.27;;;2.58%
13/09/2023;85.67;85.67;85.67;85.67;;;-0.70%
14/09/2023;86.07;86.07;86.07;86.07;;;0.47%
15/09/2023;86.01;86.01;86.01;86.01;;;-0.07%
18/09/2023;84.82;84.82;84.82;84.82;;;-1.38%
19/09/2023;84.69;84.69;84.69;84.69;;;-0.15%
20/09/2023;84.53;84.53;84.53;84.53;;;-0.19%
21/09/2023;84.29;84.29;84.29;84.29;;;-0.28%
22/09/2023;84.42;84.42;84.42;84.42;;;0.15%
25/09/2023;84.75;84.75;84.75;84.75;;;0.39%
26/09/2023;84.88;84.88;84.88;84.88;;;0.15%
27/09/2023;84.88;84.88;84.88;84.88;;;0.00%
28/09/2023;84.43;84.43;84.43;84.43;;;-0.53%
29/09/2023;84.22;84.22;84.22;84.22;;;-0.25%
02/10/2023;84.46;84.46;84.46;84.46;;;0.28%
03/10/2023;84.11;84.11;84.11;84.11;;;-0.41%
04/10/2023;84.78;84.78;84.78;84.78;;;0.80%
05/10/2023;84.71;84.71;84.71;84.71;;;-0.08%
06/10/2023;84.76;84.76;84.76;84.76;;;0.06%
09/10/2023;84.12;84.12;84.12;84.12;;;-0.76%
10/10/2023;84.41;84.41;84.41;84.41;;;0.34%
11/10/2023;84.31;84.31;84.31;84.31;;;-0.12%
12/10/2023;84.39;84.39;84.39;84.39;;;0.09%
13/10/2023;85.03;85.03;85.03;85.03;;;0.76%
16/10/2023;85.25;85.25;85.25;85.25;;;0.26%
17/10/2023;85.17;85.17;85.17;85.17;;;-0.09%
18/10/2023;84.44;84.44;84.44;84.44;;;-0.86%
19/10/2023;84.54;84.54;84.54;84.54;;;0.12%
20/10/2023;84.54;84.54;84.54;84.54;;;0.00%
23/10/2023;83.82;83.82;83.82;83.82;;;-0.85%
24/10/2023;84.82;84.82;84.82;84.82;;;1.19%
25/10/2023;85.15;85.15;85.15;85.15;;;0.39%
26/10/2023;84.51;84.51;84.51;84.51;;;-0.75%
27/10/2023;85.05;85.05;85.05;85.05;;;0.64%
30/10/2023;84.9;84.9;84.9;84.9;;;-0.18%
31/10/2023;84.38;84.38;84.38;84.38;;;-0.61%
01/11/2023;84.38;84.38;84.38;84.38;;;0.00%
02/11/2023;84.12;84.12;84.12;84.12;;;-0.31%
03/11/2023;84.67;84.67;84.67;84.67;;;0.65%
06/11/2023;85.63;85.63;85.63;85.63;;;1.13%
07/11/2023;85.53;85.53;85.53;85.53;;;-0.12%
08/11/2023;85.74;85.74;85.74;85.74;;;0.25%
09/11/2023;85.43;85.43;85.43;85.43;;;-0.36%
10/11/2023;86.41;86.41;86.41;86.41;;;1.15%
13/11/2023;85.62;85.62;85.62;85.62;;;-0.91%
14/11/2023;85.15;85.15;85.15;85.15;;;-0.55%
15/11/2023;85.15;85.15;85.15;85.15;;;0.00%
16/11/2023;84.74;84.74;84.74;84.74;;;-0.48%
17/11/2023;84.74;84.74;84.74;84.74;;;0.00%
20/11/2023;85.15;85.15;85.15;85.15;;;0.48%
21/11/2023;85.51;85.51;85.51;85.51;;;0.42%
22/11/2023;85.66;85.66;85.66;85.66;;;0.18%
23/11/2023;85.42;85.42;85.42;85.42;;;-0.28%
24/11/2023;85.14;85.14;85.14;85.14;;;-0.33%
27/11/2023;84.54;84.54;84.54;84.54;;;-0.70%
28/11/2023;84.69;84.69;84.69;84.69;;;0.18%
29/11/2023;84.94;84.94;84.94;84.94;;;0.30%
30/11/2023;84.49;84.49;84.49;84.49;;;-0.53%
01/12/2023;84.59;84.59;84.59;84.59;;;0.12%
04/12/2023;85.01;85.01;85.01;85.01;;;0.50%
05/12/2023;85.48;85.48;85.48;85.48;;;0.55%
06/12/2023;86.06;86.06;86.06;86.06;;;0.68%
07/12/2023;84.73;84.73;84.73;84.73;;;-1.55%
08/12/2023;85.83;85.83;85.83;85.83;;;1.30%
11/12/2023;85.92;85.92;85.92;85.92;;;0.10%
12/12/2023;85.68;85.68;85.68;85.68;;;-0.28%
13/12/2023;85.13;85.13;85.13;85.13;;;-0.64%
14/12/2023;85.28;85.28;85.28;85.28;;;0.18%
15/12/2023;85.66;85.66;85.66;85.66;;;0.45%
18/12/2023;85.21;85.21;85.21;85.21;;;-0.53%
19/12/2023;84.9;84.9;84.9;84.9;;;-0.36%
20/12/2023;85.41;85.41;85.41;85.41;;;0.60%
21/12/2023;85.16;85.16;85.16;85.16;;;-0.29%
22/12/2023;85.55;85.55;85.55;85.55;;;0.46%
25/12/2023;85.55;85.55;85.55;85.55;;;0.00%
26/12/2023;85.38;85.38;85.38;85.38;;;-0.20%
27/12/2023;84.61;84.61;84.61;84.61;;;-0.90%
28/12/2023;86.03;86.03;86.03;86.03;;;1.68%
29/12/2023;86.42;86.42;86.42;86.42;;;0.45%
01/01/2024;86.42;86.42;86.42;86.42;;;0.00%
02/01/2024;85.85;85.85;85.85;85.85;;;-0.66%
03/01/2024;86.5;86.5;86.5;86.5;;;0.76%
04/01/2024;85.53;85.53;85.53;85.53;;;-1.12%
05/01/2024;85.01;85.01;85.01;85.01;;;-0.61%
08/01/2024;84.21;84.21;84.21;84.21;;;-0.94%
09/01/2024;85.01;85.01;85.01;85.01;;;0.95%
10/01/2024;84.89;84.89;84.89;84.89;;;-0.14%
11/01/2024;84.89;84.89;84.89;84.89;;;0.00%
12/01/2024;85.49;85.49;85.49;85.49;;;0.71%
15/01/2024;85.35;85.35;85.35;85.35;;;-0.16%
16/01/2024;85.76;85.76;85.76;85.76;;;0.48%
17/01/2024;85.07;85.07;85.07;85.07;;;-0.80%
18/01/2024;84.72;84.72;84.72;84.72;;;-0.41%
19/01/2024;84.9;84.9;84.9;84.9;;;0.21%
22/01/2024;84.74;84.74;84.74;84.74;;;-0.19%
23/01/2024;84.83;84.83;84.83;84.83;;;0.11%
24/01/2024;84.19;84.19;84.19;84.19;;;-0.75%
25/01/2024;84.14;84.14;84.14;84.14;;;-0.06%
26/01/2024;84.37;84.37;84.37;84.37;;;0.27%
29/01/2024;84.17;84.17;84.17;84.17;;;-0.24%
30/01/2024;83.87;83.87;83.87;83.87;;;-0.36%
31/01/2024;84.24;84.24;84.24;84.24;;;0.44%
01/02/2024;83.64;83.64;83.64;83.64;;;-0.71%
02/02/2024;83.85;83.85;83.85;83.85;;;0.25%
05/02/2024;83.8;83.8;83.8;83.8;;;-0.06%
06/02/2024;84.04;84.04;84.04;84.04;;;0.29%
07/02/2024;84.01;84.01;84.01;84.01;;;-0.04%
08/02/2024;83.95;83.95;83.95;83.95;;;-0.07%
09/02/2024;83.92;83.92;83.92;83.92;;;-0.04%
12/02/2024;83.92;83.92;83.92;83.92;;;0.00%
13/02/2024;84.8;84.8;84.8;84.8;;;1.05%
14/02/2024;85.63;85.63;85.63;85.63;;;0.98%
15/02/2024;85.49;85.49;85.49;85.49;;;-0.16%
16/02/2024;85.5;85.5;85.5;85.5;;;0.01%
19/02/2024;84.67;84.67;84.67;84.67;;;-0.97%
20/02/2024;86;86;86;86;;;1.57%
21/02/2024;85.76;85.76;85.76;85.76;;;-0.28%
22/02/2024;86.58;86.58;86.58;86.58;;;0.96%
23/02/2024;86.06;86.06;86.06;86.06;;;-0.60%
26/02/2024;86.21;86.21;86.21;86.21;;;0.17%
27/02/2024;85.98;85.98;85.98;85.98;;;-0.27%
28/02/2024;86.21;86.21;86.21;86.21;;;0.27%
29/02/2024;86.2;86.2;86.2;86.2;;;-0.01%
01/03/2024;85.11;85.11;85.11;85.11;;;-1.26%
04/03/2024;85.94;85.94;85.94;85.94;;;0.98%
05/03/2024;85.28;85.28;85.28;85.28;;;-0.77%
06/03/2024;85.57;85.57;85.57;85.57;;;0.34%
07/03/2024;85.96;85.96;85.96;85.96;;;0.46%
08/03/2024;86.64;86.64;86.64;86.64;;;0.79%
11/03/2024;86.39;86.39;86.39;86.39;;;-0.29%
12/03/2024;86.7;86.7;86.7;86.7;;;0.36%
13/03/2024;86.41;86.41;86.41;86.41;;;-0.33%
14/03/2024;85.98;85.98;85.98;85.98;;;-0.50%
15/03/2024;86.52;86.52;86.52;86.52;;;0.63%
18/03/2024;86.91;86.91;86.91;86.91;;;0.45%
19/03/2024;86.74;86.74;86.74;86.74;;;-0.20%
20/03/2024;86.82;86.82;86.82;86.82;;;0.09%
21/03/2024;86.37;86.37;86.37;86.37;;;-0.52%
22/03/2024;87.23;87.23;87.23;87.23;;;1.00%
25/03/2024;87.03;87.03;87.03;87.03;;;-0.23%
26/03/2024;87.35;87.35;87.35;87.35;;;0.37%
27/03/2024;87.67;87.67;87.67;87.67;;;0.37%
28/03/2024;88.05;88.05;88.05;88.05;;;0.43%
29/03/2024;87.81;87.81;87.81;87.81;;;-0.27%
01/04/2024;87.81;87.81;87.81;87.81;;;0.00%
02/04/2024;88;88;88;88;;;0.22%
03/04/2024;87.6;87.6;87.6;87.6;;;-0.45%
04/04/2024;87.4;87.4;87.4;87.4;;;-0.23%
05/04/2024;87.49;87.49;87.49;87.49;;;0.10%
08/04/2024;87.38;87.38;87.38;87.38;;;-0.13%
09/04/2024;87.84;87.84;87.84;87.84;;;0.53%
10/04/2024;87.84;87.84;87.84;87.84;;;0.00%
11/04/2024;87.65;87.65;87.65;87.65;;;-0.22%
12/04/2024;87.62;87.62;87.62;87.62;;;-0.03%
15/04/2024;88.13;88.13;88.13;88.13;;;0.58%
16/04/2024;88.11;88.11;88.11;88.11;;;-0.02%
17/04/2024;88.45;88.45;88.45;88.45;;;0.39%
18/04/2024;89.02;89.02;89.02;89.02;;;0.64%
19/04/2024;88.42;88.42;88.42;88.42;;;-0.67%
22/04/2024;87.9;87.9;87.9;87.9;;;-0.59%
23/04/2024;88.55;88.55;88.55;88.55;;;0.74%
24/04/2024;88.68;88.68;88.68;88.68;;;0.15%
25/04/2024;88.91;88.91;88.91;88.91;;;0.26%
26/04/2024;88.68;88.68;88.68;88.68;;;-0.26%
29/04/2024;88.01;88.01;88.01;88.01;;;-0.76%
30/04/2024;88.64;88.64;88.64;88.64;;;0.72%
01/05/2024;88.64;88.64;88.64;88.64;;;0.00%
02/05/2024;87.48;87.48;87.48;87.48;;;-1.31%
03/05/2024;86.48;86.48;86.48;86.48;;;-1.14%
06/05/2024;87.07;87.07;87.07;87.07;;;0.68%
07/05/2024;86.47;86.47;86.47;86.47;;;-0.69%
08/05/2024;87.06;87.06;87.06;87.06;;;0.68%
09/05/2024;87.06;87.06;87.06;87.06;;;0.00%
10/05/2024;86.94;86.94;86.94;86.94;;;-0.14%
13/05/2024;86.65;86.65;86.65;86.65;;;-0.33%
14/05/2024;87.24;87.24;87.24;87.24;;;0.68%
15/05/2024;87.57;87.57;87.57;87.57;;;0.38%
16/05/2024;87.13;87.13;87.13;87.13;;;-0.50%
17/05/2024;88.41;88.41;88.41;88.41;;;1.47%
20/05/2024;88.41;88.41;88.41;88.41;;;0.00%
21/05/2024;87.71;87.71;87.71;87.71;;;-0.79%
22/05/2024;88.56;88.56;88.56;88.56;;;0.97%
23/05/2024;88.36;88.36;88.36;88.36;;;-0.23%
24/05/2024;90.44;90.44;90.44;90.44;;;2.35%
27/05/2024;90.73;90.73;90.73;90.73;;;0.32%
28/05/2024;90.37;90.37;90.37;90.37;;;-0.40%
29/05/2024;90.37;90.37;90.37;90.37;;;0.00%
30/05/2024;90.26;90.26;90.26;90.26;;;-0.12%
31/05/2024;90.96;90.96;90.96;90.96;;;0.78%
03/06/2024;91.57;91.57;91.57;91.57;;;0.67%
04/06/2024;91.78;91.78;91.78;91.78;;;0.23%
05/06/2024;92.99;92.99;92.99;92.99;;;1.32%
06/06/2024;92.56;92.56;92.56;92.56;;;-0.46%
07/06/2024;92.09;92.09;92.09;92.09;;;-0.51%
10/06/2024;92.95;92.95;92.95;92.95;;;0.93%
11/06/2024;92.89;92.89;92.89;92.89;;;-0.06%
12/06/2024;92.36;92.36;92.36;92.36;;;-0.57%
13/06/2024;92.45;92.45;92.45;92.45;;;0.10%
14/06/2024;92.82;92.82;92.82;92.82;;;0.40%
18/06/2024;93.11;93.11;93.11;93.11;;;0.31%
19/06/2024;92.51;92.51;92.51;92.51;;;-0.64%
20/06/2024;93.65;93.65;93.65;93.65;;;1.23%
21/06/2024;93.4;93.4;93.4;93.4;;;-0.27%
24/06/2024;92.31;92.31;92.31;92.31;;;-1.17%
25/06/2024;91.91;91.91;91.91;91.91;;;-0.43%
26/06/2024;92.59;92.59;92.59;92.59;;;0.74%
27/06/2024;92.25;92.25;92.25;92.25;;;-0.37%
28/06/2024;92.39;92.39;92.39;92.39;;;0.15%
01/07/2024;92.48;92.48;92.48;92.48;;;0.10%
02/07/2024;92.64;92.64;92.64;92.64;;;0.17%
03/07/2024;92.03;92.03;92.03;92.03;;;-0.66%
04/07/2024;91.95;91.95;91.95;91.95;;;-0.09%
05/07/2024;91.21;91.21;91.21;91.21;;;-0.80%
08/07/2024;91.28;91.28;91.28;91.28;;;0.08%
09/07/2024;91.47;91.47;91.47;91.47;;;0.21%
10/07/2024;92.26;92.26;92.26;92.26;;;0.86%
11/07/2024;92.97;92.97;92.97;92.97;;;0.77%
12/07/2024;92.69;92.69;92.69;92.69;;;-0.30%
15/07/2024;92.97;92.97;92.97;92.97;;;0.30%
16/07/2024;93.06;93.06;93.06;93.06;;;0.10%
17/07/2024;92.5;92.5;92.5;92.5;;;-0.60%
18/07/2024;93.16;93.16;93.16;93.16;;;0.71%
19/07/2024;93.65;93.65;93.65;93.65;;;0.53%
22/07/2024;93.38;93.38;93.38;93.38;;;-0.29%
23/07/2024;93.74;93.74;93.74;93.74;;;0.39%
24/07/2024;93.13;93.13;93.13;93.13;;;-0.65%
25/07/2024;93.03;93.03;93.03;93.03;;;-0.11%
26/07/2024;93.72;93.72;93.72;93.72;;;0.74%
29/07/2024;93.34;93.34;93.34;93.34;;;-0.41%
30/07/2024;93.55;93.55;93.55;93.55;;;0.22%
31/07/2024;94.76;94.76;94.76;94.76;;;1.29%
01/08/2024;94.65;94.65;94.65;94.65;;;-0.12%
02/08/2024;95.01;95.01;95.01;95.01;;;0.38%
05/08/2024;95.3;95.3;95.3;95.3;;;0.31%
06/08/2024;95.33;95.33;95.33;95.33;;;0.03%
07/08/2024;95.33;95.33;95.33;95.33;;;0.00%
08/08/2024;95.28;95.28;95.28;95.28;;;-0.05%
09/08/2024;95.75;95.75;95.75;95.75;;;0.49%
12/08/2024;95.04;95.04;95.04;95.04;;;-0.74%
13/08/2024;96.49;96.49;96.49;96.49;;;1.53%
14/08/2024;96.61;96.61;96.61;96.61;;;0.12%
15/08/2024;96.61;96.61;96.61;96.61;;;0.00%
16/08/2024;95.92;95.92;95.92;95.92;;;-0.71%
19/08/2024;95.12;95.12;95.12;95.12;;;-0.83%
20/08/2024;95.17;95.17;95.17;95.17;;;0.05%
21/08/2024;94.61;94.61;94.61;94.61;;;-0.59%
22/08/2024;94.49;94.49;94.49;94.49;;;-0.13%
23/08/2024;95.09;95.09;95.09;95.09;;;0.63%
26/08/2024;94.24;94.24;94.24;94.24;;;-0.89%
27/08/2024;94.92;94.92;94.92;94.92;;;0.72%
28/08/2024;95.16;95.16;95.16;95.16;;;0.25%
29/08/2024;95.06;95.06;95.06;95.06;;;-0.11%
30/08/2024;95.86;95.86;95.86;95.86;;;0.84%
02/09/2024;96.77;96.77;96.77;96.77;;;0.95%
03/09/2024;97.76;97.76;97.76;97.76;;;1.02%
04/09/2024;98.27;98.27;98.27;98.27;;;0.52%
05/09/2024;98.7;98.7;98.7;98.7;;;0.44%
06/09/2024;99.28;99.28;99.28;99.28;;;0.59%
09/09/2024;98.18;98.18;98.18;98.18;;;-1.11%
10/09/2024;99.13;99.13;99.13;99.13;;;0.97%
11/09/2024;98.1;98.1;98.1;98.1;;;-1.04%
12/09/2024;98.69;98.69;98.69;98.69;;;0.60%
13/09/2024;98.57;98.57;98.57;98.57;;;-0.12%
16/09/2024;99.16;99.16;99.16;99.16;;;0.60%
17/09/2024;99.1;99.1;99.1;99.1;;;-0.06%
18/09/2024;100.24;100.24;100.24;100.24;;;1.15%
19/09/2024;98.45;98.45;98.45;98.45;;;-1.79%
20/09/2024;99.22;99.22;99.22;99.22;;;0.78%
23/09/2024;98.84;98.84;98.84;98.84;;;-0.38%
24/09/2024;98.21;98.21;98.21;98.21;;;-0.64%
25/09/2024;98.48;98.48;98.48;98.48;;;0.27%
26/09/2024;98.15;98.15;98.15;98.15;;;-0.34%
27/09/2024;98.62;98.62;98.62;98.62;;;0.48%
30/09/2024;99.12;99.12;99.12;99.12;;;0.51%
01/10/2024;99.66;99.66;99.66;99.66;;;0.54%
02/10/2024;99.41;99.41;99.41;99.41;;;-0.25%
03/10/2024;99.77;99.77;99.77;99.77;;;0.36%
04/10/2024;99.9;99.9;99.9;99.9;;;0.13%
07/10/2024;101.2;101.2;101.2;101.2;;;1.30%
08/10/2024;101.17;101.17;101.17;101.17;;;-0.03%
09/10/2024;100.96;100.96;100.96;100.96;;;-0.21%
10/10/2024;100.4;100.4;100.4;100.4;;;-0.55%
11/10/2024;100.74;100.74;100.74;100.74;;;0.34%
14/10/2024;99.65;99.65;99.65;99.65;;;-1.08%
15/10/2024;99.21;99.21;99.21;99.21;;;-0.44%
16/10/2024;99.53;99.53;99.53;99.53;;;0.32%
17/10/2024;99.98;99.98;99.98;99.98;;;0.45%
18/10/2024;99.69;99.69;99.69;99.69;;;-0.29%
21/10/2024;99.44;99.44;99.44;99.44;;;-0.25%
22/10/2024;99.56;99.56;99.56;99.56;;;0.12%
23/10/2024;99.21;99.21;99.21;99.21;;;-0.35%
24/10/2024;100.03;100.03;100.03;100.03;;;0.83%
25/10/2024;100.51;100.51;100.51;100.51;;;0.48%
28/10/2024;100.82;100.82;100.82;100.82;;;0.31%
29/10/2024;100.82;100.82;100.82;100.82;;;0.00%
30/10/2024;101.39;101.39;101.39;101.39;;;0.57%
31/10/2024;102.05;102.05;102.05;102.05;;;0.65%
01/11/2024;102.05;102.05;102.05;102.05;;;0.00%
04/11/2024;102.06;102.06;102.06;102.06;;;0.01%
05/11/2024;101.88;101.88;101.88;101.88;;;-0.18%
06/11/2024;101.67;101.67;101.67;101.67;;;-0.21%
07/11/2024;101.27;101.27;101.27;101.27;;;-0.39%
08/11/2024;101.6;101.6;101.6;101.6;;;0.33%
11/11/2024;100.84;100.84;100.84;100.84;;;-0.75%
12/11/2024;100.86;100.86;100.86;100.86;;;0.02%
13/11/2024;101.21;101.21;101.21;101.21;;;0.35%
14/11/2024;99.94;99.94;99.94;99.94;;;-1.25%
15/11/2024;99.94;99.94;99.94;99.94;;;0.00%
18/11/2024;101.2;101.2;101.2;101.2;;;1.26%
19/11/2024;101.43;101.43;101.43;101.43;;;0.23%
20/11/2024;100.64;100.64;100.64;100.64;;;-0.78%
21/11/2024;99.94;99.94;99.94;99.94;;;-0.70%
22/11/2024;99.97;99.97;99.97;99.97;;;0.03%
25/11/2024;99.63;99.63;99.63;99.63;;;-0.34%
26/11/2024;99.59;99.59;99.59;99.59;;;-0.04%
27/11/2024;99.86;99.86;99.86;99.86;;;0.27%
28/11/2024;100.27;100.27;100.27;100.27;;;0.41%
29/11/2024;100.98;100.98;100.98;100.98;;;0.71%
02/12/2024;99.55;99.55;99.55;99.55;;;-1.42%
03/12/2024;99.64;99.64;99.64;99.64;;;0.09%
04/12/2024;99.18;99.18;99.18;99.18;;;-0.46%
05/12/2024;99.05;99.05;99.05;99.05;;;-0.13%
06/12/2024;99.91;99.91;99.91;99.91;;;0.87%
09/12/2024;99.76;99.76;99.76;99.76;;;-0.15%
10/12/2024;99.34;99.34;99.34;99.34;;;-0.42%
11/12/2024;99.48;99.48;99.48;99.48;;;0.14%
12/12/2024;100.03;100.03;100.03;100.03;;;0.55%
13/12/2024;100.55;100.55;100.55;100.55;;;0.52%
16/12/2024;100.83;100.83;100.83;100.83;;;0.28%
17/12/2024;99.78;99.78;99.78;99.78;;;-1.04%
18/12/2024;100.49;100.49;100.49;100.49;;;0.71%
19/12/2024;100.23;100.23;100.23;100.23;;;-0.26%
20/12/2024;100.77;100.77;100.77;100.77;;;0.54%
23/12/2024;100.69;100.69;100.69;100.69;;;-0.08%
24/12/2024;100.75;100.75;100.75;100.75;;;0.06%
25/12/2024;100.75;100.75;100.75;100.75;;;0.00%
26/12/2024;100.61;100.61;100.61;100.61;;;-0.14%
27/12/2024;100.68;100.68;100.68;100.68;;;0.07%
30/12/2024;100.62;100.62;100.62;100.62;;;-0.06%
02/01/2025;101.31;101.31;101.31;101.31;;;0.69%
03/01/2025;101.19;101.19;101.19;101.19;;;-0.12%
06/01/2025;100.72;100.72;100.72;100.72;;;-0.46%
07/01/2025;98.93;98.93;98.93;98.93;;;-1.78%
08/01/2025;99.52;99.52;99.52;99.52;;;0.60%
09/01/2025;97.75;97.75;97.75;97.75;;;-1.78%
10/01/2025;97.75;97.75;97.75;97.75;;;0.00%
13/01/2025;98.47;98.47;98.47;98.47;;;0.74%
14/01/2025;98.15;98.15;98.15;98.15;;;-0.32%
15/01/2025;97.74;97.74;97.74;97.74;;;-0.42%
16/01/2025;98.4;98.4;98.4;98.4;;;0.68%
17/01/2025;98.4;98.4;98.4;98.4;;;0.00%
20/01/2025;98.36;98.36;98.36;98.36;;;-0.04%
21/01/2025;97.81;97.81;97.81;97.81;;;-0.56%
22/01/2025;98.39;98.39;98.39;98.39;;;0.59%
23/01/2025;98.09;98.09;98.09;98.09;;;-0.30%
24/01/2025;98.61;98.61;98.61;98.61;;;0.53%
27/01/2025;98.93;98.93;98.93;98.93;;;0.32%
28/01/2025;99.12;99.12;99.12;99.12;;;0.19%
29/01/2025;99.84;99.84;99.84;99.84;;;0.73%
30/01/2025;99.08;99.08;99.08;99.08;;;-0.76%
31/01/2025;100.32;100.32;100.32;100.32;;;1.25%
03/02/2025;99.98;99.98;99.98;99.98;;;-0.34%
04/02/2025;101.33;101.33;101.33;101.33;;;1.35%
05/02/2025;101.25;101.25;101.25;101.25;;;-0.08%
06/02/2025;101.35;101.35;101.35;101.35;;;0.10%
07/02/2025;102.66;102.66;102.66;102.66;;;1.29%
10/02/2025;102.42;102.42;102.42;102.42;;;-0.23%
11/02/2025;101.81;101.81;101.81;101.81;;;-0.60%
12/02/2025;102.61;102.61;102.61;102.61;;;0.79%
13/02/2025;101.3;101.3;101.3;101.3;;;-1.28%
14/02/2025;102.56;102.56;102.56;102.56;;;1.24%
17/02/2025;104.37;104.37;104.37;104.37;;;1.76%
18/02/2025;104.86;104.86;104.86;104.86;;;0.47%
19/02/2025;104.91;104.91;104.91;104.91;;;0.05%
20/02/2025;105.86;105.86;105.86;105.86;;;0.91%
21/02/2025;106.49;106.49;106.49;106.49;;;0.60%
24/02/2025;107.36;107.36;107.36;107.36;;;0.82%
25/02/2025;106.96;106.96;106.96;106.96;;;-0.37%
26/02/2025;107.22;107.22;107.22;107.22;;;0.24%
27/02/2025;106.98;106.98;106.98;106.98;;;-0.22%
28/02/2025;107.43;107.43;107.43;107.43;;;0.42%
03/03/2025;107.99;107.99;107.99;107.99;;;0.52%
04/03/2025;107.95;107.95;107.95;107.95;;;-0.04%
05/03/2025;109.52;109.52;109.52;109.52;;;1.45%
06/03/2025;110.36;110.36;110.36;110.36;;;0.77%
07/03/2025;110.13;110.13;110.13;110.13;;;-0.21%
10/03/2025;110.93;110.93;110.93;110.93;;;0.73%
11/03/2025;110.99;110.99;110.99;110.99;;;0.05%
12/03/2025;111.26;111.26;111.26;111.26;;;0.24%
13/03/2025;111.63;111.63;111.63;111.63;;;0.33%
14/03/2025;111.8;111.8;111.8;111.8;;;0.15%
17/03/2025;111.7;111.7;111.7;111.7;;;-0.09%
18/03/2025;112.68;112.68;112.68;112.68;;;0.88%
19/03/2025;113.72;113.72;113.72;113.72;;;0.92%
20/03/2025;112.77;112.77;112.77;112.77;;;-0.84%
21/03/2025;115.16;115.16;115.16;115.16;;;2.12%
24/03/2025;115.38;115.38;115.38;115.38;;;0.19%
25/03/2025;115.67;115.67;115.67;115.67;;;0.25%
26/03/2025;114.94;114.94;114.94;114.94;;;-0.63%
27/03/2025;114.94;114.94;114.94;114.94;;;0.00%
28/03/2025;114.86;114.86;114.86;114.86;;;-0.07%
31/03/2025;114.86;114.86;114.86;114.86;;;0.00%
01/04/2025;113.51;113.51;113.51;113.51;;;-1.18%
02/04/2025;114.09;114.09;114.09;114.09;;;0.51%
03/04/2025;113.83;113.83;113.83;113.83;;;-0.23%
04/04/2025;113.43;113.43;113.43;113.43;;;-0.35%
07/04/2025;113.92;113.92;113.92;113.92;;;0.43%
08/04/2025;114.24;114.24;114.24;114.24;;;0.28%
09/04/2025;113.91;113.91;113.91;113.91;;;-0.29%
10/04/2025;115.08;115.08;115.08;115.08;;;1.03%
11/04/2025;114.01;114.01;114.01;114.01;;;-0.93%
14/04/2025;115.18;115.18;115.18;115.18;;;1.03%
15/04/2025;115.27;115.27;115.27;115.27;;;0.08%
16/04/2025;114.79;114.79;114.79;114.79;;;-0.42%
17/04/2025;115.24;115.24;115.24;115.24;;;0.39%
18/04/2025;114.58;114.58;114.58;114.58;;;-0.57%
21/04/2025;114.58;114.58;114.58;114.58;;;0.00%
22/04/2025;115.41;115.41;115.41;115.41;;;0.72%
23/04/2025;115.24;115.24;115.24;115.24;;;-0.15%
24/04/2025;115.64;115.64;115.64;115.64;;;0.35%
25/04/2025;115.37;115.37;115.37;115.37;;;-0.23%
28/04/2025;114.59;114.59;114.59;114.59;;;-0.68%
29/04/2025;114.15;114.15;114.15;114.15;;;-0.38%
30/04/2025;113.32;113.32;113.32;113.32;;;-0.73%
01/05/2025;113.32;113.32;113.32;113.32;;;0.00%
02/05/2025;113.84;113.84;113.84;113.84;;;0.46%
05/05/2025;112.66;112.66;112.66;112.66;;;-1.04%
06/05/2025;113.47;113.47;113.47;113.47;;;0.72%
07/05/2025;113.96;113.96;113.96;113.96;;;0.43%
08/05/2025;113.97;113.97;113.97;113.97;;;0.01%
09/05/2025;114.73;114.73;114.73;114.73;;;0.67%
12/05/2025;114.33;114.33;114.33;114.33;;;-0.35%
13/05/2025;114.32;114.32;114.32;114.32;;;-0.01%
14/05/2025;115.43;115.43;115.43;115.43;;;0.97%
15/05/2025;116.96;116.96;116.96;116.96;;;1.33%
16/05/2025;117.8;117.8;117.8;117.8;;;0.72%
19/05/2025;117.6;117.6;117.6;117.6;;;-0.17%
20/05/2025;119;119;119;119;;;1.19%
21/05/2025;117.88;117.88;117.88;117.88;;;-0.94%
22/05/2025;119.28;119.28;119.28;119.28;;;1.19%
23/05/2025;120.15;120.15;120.15;120.15;;;0.73%
26/05/2025;120.24;120.24;120.24;120.24;;;0.07%
27/05/2025;120.11;120.11;120.11;120.11;;;-0.11%
28/05/2025;118.86;118.86;118.86;118.86;;;-1.04%
29/05/2025;118.86;118.86;118.86;118.86;;;0.00%
30/05/2025;118.36;118.36;118.36;118.36;;;-0.42%
02/06/2025;117.58;117.58;117.58;117.58;;;-0.66%
03/06/2025;116.28;116.28;116.28;116.28;;;-1.11%
04/06/2025;117.5;117.5;117.5;117.5;;;1.05%
05/06/2025;117.56;117.56;117.56;117.56;;;0.05%
10/06/2025;118.96;118.96;118.96;118.96;;;1.19%
11/06/2025;120.37;120.37;120.37;120.37;;;1.19%
12/06/2025;119.84;119.84;119.84;119.84;;;-0.44%
13/06/2025;120.11;120.11;120.11;120.11;;;0.23%
16/06/2025;120.57;120.57;120.57;120.57;;;0.38%
17/06/2025;120.46;120.46;120.46;120.46;;;-0.09%
18/06/2025;120.94;120.94;120.94;120.94;;;0.40%
19/06/2025;122.61;122.61;122.61;122.61;;;1.38%
20/06/2025;123.16;123.16;123.16;123.16;;;0.45%
23/06/2025;124.56;124.56;124.56;124.56;;;1.14%
24/06/2025;123.32;123.32;123.32;123.32;;;-1.00%
25/06/2025;123.75;123.75;123.75;123.75;;;0.35%
26/06/2025;123.58;123.58;123.58;123.58;;;-0.14%
27/06/2025;123.18;123.18;123.18;123.18;;;-0.32%
30/06/2025;123.39;123.39;123.39;123.39;;;0.17%
01/07/2025;123.03;123.03;123.03;123.03;;;-0.29%
02/07/2025;122.09;122.09;122.09;122.09;;;-0.76%
03/07/2025;121.66;121.66;121.66;121.66;;;-0.35%
04/07/2025;122.75;122.75;122.75;122.75;;;0.90%
07/07/2025;122.2;122.2;122.2;122.2;;;-0.45%
08/07/2025;120.31;120.31;120.31;120.31;;;-1.55%
09/07/2025;120.74;120.74;120.74;120.74;;;0.36%
10/07/2025;121.75;121.75;121.75;121.75;;;0.84%
11/07/2025;122.78;122.78;122.78;122.78;;;0.85%
14/07/2025;122.53;122.53;122.53;122.53;;;-0.20%
15/07/2025;122.02;122.02;122.02;122.02;;;-0.42%
16/07/2025;122.95;122.95;122.95;122.95;;;0.76%
17/07/2025;122.27;122.27;122.27;122.27;;;-0.55%
18/07/2025;121.39;121.39;121.39;121.39;;;-0.72%
21/07/2025;122.39;122.39;122.39;122.39;;;0.82%
22/07/2025;122.66;122.66;122.66;122.66;;;0.22%
23/07/2025;123.03;123.03;123.03;123.03;;;0.30%
24/07/2025;123.48;123.48;123.48;123.48;;;0.37%
25/07/2025;122.93;122.93;122.93;122.93;;;-0.45%
28/07/2025;122.81;122.81;122.81;122.81;;;-0.10%
29/07/2025;122.52;122.52;122.52;122.52;;;-0.24%
30/07/2025;122.89;122.89;122.89;122.89;;;0.30%
31/07/2025;121.53;121.53;121.53;121.53;;;-1.11%
01/08/2025;121.93;121.93;121.93;121.93;;;0.33%
04/08/2025;120.6;120.6;120.6;120.6;;;-1.09%
05/08/2025;121.23;121.23;121.23;121.23;;;0.52%
06/08/2025;121.47;121.47;121.47;121.47;;;0.20%
07/08/2025;121.47;121.47;121.47;121.47;;;0.00%
08/08/2025;120.64;120.64;120.64;120.64;;;-0.68%
11/08/2025;121.3;121.3;121.3;121.3;;;0.55%
12/08/2025;121.75;121.75;121.75;121.75;;;0.37%
13/08/2025;122.29;122.29;122.29;122.29;;;0.44%
14/08/2025;122.1;122.1;122.1;122.1;;;-0.16%
15/08/2025;122.1;122.1;122.1;122.1;;;0.00%
18/08/2025;123.28;123.28;123.28;123.28;;;0.97%
19/08/2025;123.72;123.72;123.72;123.72;;;0.36%
20/08/2025;124.63;124.63;124.63;124.63;;;0.74%
21/08/2025;124.47;124.47;124.47;124.47;;;-0.13%
22/08/2025;124.83;124.83;124.83;124.83;;;0.29%
25/08/2025;123.95;123.95;123.95;123.95;;;-0.70%
26/08/2025;124.92;124.92;124.92;124.92;;;0.78%
27/08/2025;124.6;124.6;124.6;124.6;;;-0.26%
28/08/2025;124.36;124.36;124.36;124.36;;;-0.19%
29/08/2025;125.26;125.26;125.26;125.26;;;0.72%
01/09/2025;125.48;125.48;125.48;125.48;;;0.18%
02/09/2025;125.97;125.97;125.97;125.97;;;0.39%
03/09/2025;126.28;126.28;126.28;126.28;;;0.25%
04/09/2025;126.28;126.28;126.28;126.28;;;0.00%
05/09/2025;128.07;128.07;128.07;128.07;;;1.42%
08/09/2025;128.67;128.67;128.67;128.67;;;0.47%
09/09/2025;129.45;129.45;129.45;129.45;;;0.61%
10/09/2025;131;131;131;131;;;1.20%
11/09/2025;132.02;132.02;132.02;132.02;;;0.78%
12/09/2025;131.45;131.45;131.45;131.45;;;-0.43%
15/09/2025;132.33;132.33;132.33;132.33;;;0.67%
16/09/2025;132.18;132.18;132.18;132.18;;;-0.11%
17/09/2025;133.03;133.03;133.03;133.03;;;0.64%
18/09/2025;133.39;133.39;133.39;133.39;;;0.27%
19/09/2025;134.61;134.61;134.61;134.61;;;0.91%
22/09/2025;133.97;133.97;133.97;133.97;;;-0.48%
23/09/2025;133.99;133.99;133.99;133.99;;;0.01%
24/09/2025;134.51;134.51;134.51;134.51;;;0.39%
25/09/2025;135;135;135;135;;;0.36%
26/09/2025;135.66;135.66;135.66;135.66;;;0.49%
29/09/2025;135.25;135.25;135.25;135.25;;;-0.30%
30/09/2025;135.92;135.92;135.92;135.92;;;0.50%
01/10/2025;135.92;135.92;135.92;135.92;;;0.00%
02/10/2025;135.6;135.6;135.6;135.6;;;-0.24%
03/10/2025;135.67;135.67;135.67;135.67;;;0.05%
06/10/2025;135.15;135.15;135.15;135.15;;;-0.38%
07/10/2025;135.61;135.61;135.61;135.61;;;0.34%
08/10/2025;136.91;136.91;136.91;136.91;;;0.96%
09/10/2025;138.18;138.18;138.18;138.18;;;0.93%
10/10/2025;138.77;138.77;138.77;138.77;;;0.43%
13/10/2025;139.77;139.77;139.77;139.77;;;0.72%
14/10/2025;139.34;139.34;139.34;139.34;;;-0.31%
15/10/2025;141.49;141.49;141.49;141.49;;;1.54%
16/10/2025;139.43;139.43;139.43;139.43;;;-1.46%
17/10/2025;140.3;140.3;140.3;140.3;;;0.62%
20/10/2025;140.85;140.85;140.85;140.85;;;0.39%
21/10/2025;140.19;140.19;140.19;140.19;;;-0.47%
22/10/2025;141.43;141.43;141.43;141.43;;;0.88%
23/10/2025;141.63;141.63;141.63;141.63;;;0.14%
24/10/2025;141.96;141.96;141.96;141.96;;;0.23%
27/10/2025;143.73;143.73;143.73;143.73;;;1.25%
28/10/2025;143.16;143.16;143.16;143.16;;;-0.40%
29/10/2025;144.31;144.31;144.31;144.31;;;0.80%
30/10/2025;144.05;144.05;144.05;144.05;;;-0.18%
31/10/2025;143.59;143.59;143.59;143.59;;;-0.32%
03/11/2025;141.7;141.7;141.7;141.7;;;-1.32%
04/11/2025;141.89;141.89;141.89;141.89;;;0.13%
05/11/2025;141.46;141.46;141.46;141.46;;;-0.30%
06/11/2025;143.92;143.92;143.92;143.92;;;1.74%
07/11/2025;143.65;143.65;143.65;143.65;;;-0.19%
10/11/2025;143.6;143.6;143.6;143.6;;;-0.03%
11/11/2025;143.57;143.57;143.57;143.57;;;-0.02%
12/11/2025;143.22;143.22;143.22;143.22;;;-0.24%
13/11/2025;142.91;142.91;142.91;142.91;;;-0.22%
14/11/2025;142.95;142.95;142.95;142.95;;;0.03%
17/11/2025;144.87;144.87;144.87;144.87;;;1.34%
18/11/2025;144.9;144.9;144.9;144.9;;;0.02%
19/11/2025;145.93;145.93;145.93;145.93;;;0.71%
20/11/2025;145.65;145.65;145.65;145.65;;;-0.19%
21/11/2025;145.87;145.87;145.87;145.87;;;0.15%
24/11/2025;145.7;145.7;145.7;145.7;;;-0.12%
25/11/2025;145.58;145.58;145.58;145.58;;;-0.08%
26/11/2025;144.93;144.93;144.93;144.93;;;-0.45%
27/11/2025;144.82;144.82;144.82;144.82;;;-0.08%
28/11/2025;145.23;145.23;145.23;145.23;;;0.28%
01/12/2025;148.25;148.25;148.25;148.25;;;2.08%
02/12/2025;146.77;146.77;146.77;146.77;;;-1.00%
03/12/2025;148.41;148.41;148.41;148.41;;;1.12%
04/12/2025;150.14;150.14;150.14;150.14;;;1.17%
05/12/2025;149.52;149.52;149.52;149.52;;;-0.41%
08/12/2025;150.01;150.01;150.01;150.01;;;0.33%
09/12/2025;147.92;147.92;147.92;147.92;;;-1.39%
10/12/2025;147.03;147.03;147.03;147.03;;;-0.60%
11/12/2025;147.88;147.88;147.88;147.88;;;0.58%
12/12/2025;147.38;147.38;147.38;147.38;;;-0.34%
15/12/2025;147.41;147.41;147.41;147.41;;;0.02%
16/12/2025;147.37;147.37;147.37;147.37;;;-0.03%
17/12/2025;147.33;147.33;147.33;147.33;;;-0.03%
18/12/2025;146.37;146.37;146.37;146.37;;;-0.65%
19/12/2025;147.3;147.3;147.3;147.3;;;0.64%
22/12/2025;145.46;145.46;145.46;145.46;;;-1.25%
23/12/2025;145.2;145.2;145.2;145.2;;;-0.18%
24/12/2025;145;145;145;145;;;-0.14%
25/12/2025;145;145;145;145;;;0.00%
26/12/2025;145.91;145.91;145.91;145.91;;;0.63%
29/12/2025;146.08;146.08;146.08;146.08;;;0.12%
30/12/2025;147.59;147.59;147.59;147.59;;;1.03%
31/12/2025;148.41;148.41;148.41;148.41;;;0.56%
