Date;Clôture;Plus bas;Plus haut;Ouverture;Volume Titres;Volume FCFA;Variation %
04/01/2012;160;160;160;160;20;3 200;-3.03%
05/01/2012;160;160;160;160;126;20 160;0.00%
10/01/2012;165;165;165;165;100;16 500;3.13%
17/01/2012;160;160;160;160;13;2 080;-3.03%
18/01/2012;160;160;160;160;35;5 600;0.00%
24/01/2012;158;158;158;158;8;1 264;-1.25%
30/01/2012;158;158;158;158;3;474;0.00%
31/01/2012;148;148;148;148;50;7 400;-6.33%
01/02/2012;151;151;151;151;44;6 644;2.03%
08/02/2012;151;151;151;151;2;302;0.00%
09/02/2012;148;148;148;148;11;1 628;-1.99%
10/02/2012;148;148;148;148;1;148;0.00%
14/02/2012;140;140;140;140;18;2 520;-5.41%
22/02/2012;140;140;140;140;9;1 260;0.00%
23/02/2012;140;140;140;140;5;700;0.00%
29/02/2012;150;150;150;150;8;1 200;7.14%
02/03/2012;161;161;161;161;8;1 288;7.33%
05/03/2012;173;173;173;173;184;31 832;7.45%
06/03/2012;186;186;186;186;50;9 300;7.51%
13/03/2012;200;200;200;200;27;5 400;7.53%
14/03/2012;206;206;206;206;37;7 622;3.00%
22/03/2012;200;200;200;200;32;6 400;-2.91%
23/03/2012;200;200;200;200;28;5 600;0.00%
27/03/2012;200;200;200;200;8;1 600;0.00%
28/03/2012;200;200;200;200;1;200;0.00%
23/04/2012;200;200;200;200;49;9 800;0.00%
24/04/2012;200;200;200;200;81;16 200;0.00%
25/04/2012;200;200;200;200;85;17 000;0.00%
04/05/2012;200;200;200;200;3;600;0.00%
10/05/2012;190;190;190;190;16;3 040;-5.00%
11/05/2012;200;200;200;200;75;15 000;5.26%
15/05/2012;200;200;200;200;18;3 600;0.00%
25/05/2012;200;200;200;200;198;39 600;0.00%
29/05/2012;200;200;200;200;114;22 800;0.00%
07/06/2012;200;200;200;200;10;2 000;0.00%
21/06/2012;210;210;210;210;15;3 150;5.00%
22/06/2012;210;210;210;210;9;1 890;0.00%
03/07/2012;213;213;213;213;50;10 650;0.00%
06/07/2012;210;210;210;210;33;6 930;-1.41%
10/07/2012;210;210;210;210;7;1 470;0.00%
12/07/2012;220;220;220;220;67;14 740;4.76%
16/07/2012;220;220;220;220;210;46 200;0.00%
17/07/2012;220;220;220;220;42;9 240;0.00%
18/07/2012;220;220;220;220;30;6 600;0.00%
20/07/2012;220;220;220;220;95;20 900;0.00%
23/07/2012;215;215;215;215;20;4 300;-2.27%
30/07/2012;215;215;215;215;52;11 180;0.00%
01/08/2012;231;231;231;231;400;92 400;7.44%
08/08/2012;248;248;248;248;20;4 960;7.36%
09/08/2012;250;250;250;250;30;7 500;0.81%
10/08/2012;269;269;269;269;36;9 684;7.60%
13/08/2012;289;289;289;289;11;3 179;7.43%
14/08/2012;310;310;310;310;157;48 670;7.27%
16/08/2012;333;333;333;333;30;9 990;7.42%
17/08/2012;330;330;330;330;49;16 170;-0.90%
21/08/2012;330;330;330;330;13;4 290;0.00%
22/08/2012;330;330;330;330;250;82 500;0.00%
23/08/2012;355;355;355;355;157;55 735;7.58%
24/08/2012;381;381;381;381;10;3 810;7.32%
28/08/2012;410;410;410;410;25;10 250;7.61%
29/08/2012;385;385;385;385;208;80 080;-6.10%
30/08/2012;413;413;413;413;210;86 730;7.27%
31/08/2012;440;440;440;440;59;25 960;6.54%
03/09/2012;460;460;460;460;38;17 480;4.55%
04/09/2012;460;460;460;460;35;16 100;0.00%
06/09/2012;460;460;460;460;48;22 080;0.00%
07/09/2012;490;490;490;490;11;5 390;6.52%
10/09/2012;490;490;490;490;260;127 400;0.00%
11/09/2012;490;490;490;490;294;144 060;0.00%
12/09/2012;490;490;490;490;3;1 470;0.00%
13/09/2012;490;490;490;490;163;79 870;0.00%
14/09/2012;500;500;500;500;300;150 000;2.04%
17/09/2012;500;500;500;500;500;250 000;0.00%
18/09/2012;500;500;500;500;227;113 500;0.00%
19/09/2012;500;500;500;500;108;54 000;0.00%
20/09/2012;500;500;500;500;135;67 500;0.00%
21/09/2012;495;495;495;495;1 005;497 475;-1.00%
24/09/2012;490;490;490;490;1 010;494 900;-1.01%
25/09/2012;490;490;490;490;213;104 370;0.00%
11/10/2012;452;452;452;452;16;7 232;-7.57%
22/10/2012;450;450;450;450;275;123 750;-0.44%
23/10/2012;450;450;450;450;45;20 250;0.00%
30/10/2012;450;450;450;450;9;4 050;0.00%
31/10/2012;450;450;450;450;25;11 250;0.00%
05/11/2012;450;450;450;450;94;42 300;0.00%
06/11/2012;450;450;450;450;50;22 500;0.00%
07/11/2012;450;450;450;450;10;4 500;0.00%
08/11/2012;450;450;450;450;244;109 800;0.00%
09/11/2012;450;450;450;450;25;11 250;0.00%
12/11/2012;456;456;456;456;48;21 888;1.33%
13/11/2012;460;460;460;460;34;15 640;0.88%
14/11/2012;468;468;468;468;192;89 856;1.74%
16/11/2012;460;460;460;460;95;43 700;-1.71%
19/11/2012;460;460;460;460;25;11 500;0.00%
20/11/2012;460;460;460;460;1;460;0.00%
28/11/2012;460;460;460;460;19;8 740;0.00%
29/11/2012;460;460;460;460;43;19 780;0.00%
30/11/2012;460;460;460;460;8;3 680;0.00%
03/12/2012;460;460;460;460;3;1 380;0.00%
06/12/2012;450;450;450;450;421;189 450;-2.17%
12/12/2012;460;460;460;460;24;11 040;2.22%
14/12/2012;459;459;459;459;25;11 475;-0.22%
18/12/2012;460;460;460;460;18;8 280;0.22%
20/12/2012;460;460;460;460;19;8 740;0.00%
24/12/2012;460;460;460;460;6;2 760;0.00%
04/01/2013;460;460;460;460;22;10 120;0.00%
09/01/2013;460;460;460;460;143;65 780;0.00%
10/01/2013;460;460;460;460;70;32 200;0.00%
14/01/2013;460;460;460;460;10;4 600;0.00%
15/01/2013;460;460;460;460;12;5 520;0.00%
18/01/2013;460;460;460;460;25;11 500;0.00%
21/01/2013;460;460;460;460;111;51 060;0.00%
28/01/2013;460;460;460;460;138;63 480;0.00%
30/01/2013;460;460;460;460;12;5 520;0.00%
31/01/2013;470;470;470;470;38;17 860;2.17%
01/02/2013;470;470;470;470;32;15 040;0.00%
04/02/2013;470;470;470;470;35;16 450;0.00%
06/02/2013;470;470;470;470;10;4 700;0.00%
07/02/2013;470;470;470;470;95;44 650;0.00%
12/02/2013;470;470;470;470;51;23 970;0.00%
13/02/2013;470;470;470;470;108;50 760;0.00%
14/02/2013;470;470;470;470;33;15 510;0.00%
22/02/2013;470;470;470;470;20;9 400;0.00%
27/02/2013;473;473;473;473;114;53 922;0.64%
28/02/2013;471;471;471;471;20;9 420;-0.42%
01/03/2013;471;471;471;471;18;8 478;0.00%
05/03/2013;506;506;506;506;17;8 602;7.43%
11/03/2013;540;540;540;540;37;19 980;6.72%
20/03/2013;540;540;540;540;77;41 580;0.00%
03/04/2013;500;500;500;500;34;17 000;-7.41%
10/04/2013;470;470;470;470;46;21 620;-6.00%
12/04/2013;470;470;470;470;9;4 230;0.00%
15/04/2013;470;470;470;470;1;470;0.00%
17/04/2013;470;470;470;470;20;9 400;0.00%
18/04/2013;470;470;470;470;85;39 950;0.00%
23/04/2013;470;470;470;470;8;3 760;0.00%
02/05/2013;470;470;470;470;15;7 050;0.00%
06/05/2013;470;470;470;470;2;940;0.00%
07/05/2013;470;470;470;470;20;9 400;0.00%
08/05/2013;440;440;440;440;12;5 280;-6.38%
10/05/2013;440;440;440;440;2;880;0.00%
17/05/2013;440;440;440;440;1;440;0.00%
22/05/2013;407;407;407;407;103;41 921;-7.50%
29/05/2013;407;407;407;407;10;4 070;0.00%
31/05/2013;390;390;390;390;134;52 260;-4.18%
04/06/2013;410;410;410;410;10;4 100;5.13%
06/06/2013;410;410;410;410;25;10 250;0.00%
10/06/2013;401;401;401;401;8;3 208;-2.20%
14/06/2013;401;401;401;401;1;401;0.00%
18/06/2013;400;400;400;400;10;4 000;-0.25%
28/06/2013;355;355;355;355;18;6 390;0.00%
03/07/2013;360;360;360;360;10;3 600;1.41%
09/07/2013;360;360;360;360;170;61 200;0.00%
12/07/2013;370;370;370;370;34;12 580;2.78%
15/07/2013;370;370;370;370;21;7 770;0.00%
18/07/2013;370;370;370;370;17;6 290;0.00%
23/07/2013;370;370;370;370;1;370;0.00%
26/07/2013;370;370;370;370;1;370;0.00%
31/07/2013;370;370;370;370;1;370;0.00%
12/08/2013;370;370;370;370;114;42 180;0.00%
26/08/2013;370;370;370;370;24;8 880;0.00%
27/08/2013;370;370;370;370;1;370;0.00%
04/09/2013;398;398;398;398;15;5 970;7.57%
05/09/2013;428;428;428;428;15;6 420;7.54%
10/09/2013;428;428;428;428;4;1 712;0.00%
12/09/2013;428;428;428;428;6;2 568;0.00%
13/09/2013;428;428;428;428;2;856;0.00%
16/09/2013;430;430;430;430;22;9 460;0.47%
24/09/2013;425;425;425;425;11;4 675;6.78%
27/09/2013;430;430;430;430;85;36 550;1.18%
30/09/2013;430;430;430;430;57;24 510;0.00%
02/10/2013;398;398;398;398;2;796;-7.44%
03/10/2013;390;390;390;390;5;1 950;-2.01%
07/10/2013;390;390;390;390;6;2 340;0.00%
14/10/2013;390;390;390;390;8;3 120;0.00%
21/10/2013;390;390;390;390;25;9 750;0.00%
25/10/2013;390;390;390;390;43;16 770;0.00%
28/10/2013;390;390;390;390;142;55 380;0.00%
29/10/2013;390;390;390;390;2;780;0.00%
30/10/2013;390;390;390;390;4;1 560;0.00%
06/11/2013;419;419;419;419;5;2 095;7.44%
07/11/2013;420;420;420;420;8;3 360;0.24%
08/11/2013;450;450;450;450;4;1 800;7.14%
12/11/2013;450;450;450;450;5;2 250;0.00%
18/11/2013;420;420;420;420;253;106 260;-6.67%
20/11/2013;420;420;420;420;5;2 100;0.00%
25/11/2013;411;411;411;411;8;3 288;-2.14%
02/12/2013;411;411;411;411;1;411;0.00%
05/12/2013;390;390;390;390;10;3 900;-5.11%
09/12/2013;390;390;390;390;57;22 230;0.00%
16/12/2013;390;390;390;390;30;11 700;0.00%
20/12/2013;392;392;392;392;5;1 960;0.51%
27/12/2013;450;450;450;450;1;450;6.89%
30/12/2013;416;416;416;416;18;7 488;-7.56%
31/12/2013;392;392;392;392;13;5 096;-5.77%
06/01/2014;392;392;392;392;20;7 840;0.00%
07/01/2014;392;392;392;392;1;392;0.00%
08/01/2014;393;393;393;393;1;393;0.26%
10/01/2014;393;393;393;393;24;9 432;0.00%
16/01/2014;394;394;394;394;30;11 820;0.25%
22/01/2014;394;394;394;394;2;788;0.00%
24/01/2014;400;400;400;400;10;4 000;1.52%
29/01/2014;400;400;400;400;50;20 000;0.00%
04/02/2014;400;400;400;400;20;8 000;0.00%
06/02/2014;400;400;400;400;40;16 000;0.00%
11/02/2014;400;400;400;400;30;12 000;0.00%
13/02/2014;400;400;400;400;14;5 600;0.00%
20/02/2014;420;420;420;420;1;420;5.00%
24/02/2014;420;420;420;420;32;13 440;0.00%
26/02/2014;412;412;412;412;8;3 296;-1.90%
28/02/2014;410;410;410;410;29;11 890;-0.49%
03/03/2014;401;401;401;401;31;12 431;-2.20%
05/03/2014;410;410;410;410;14;5 740;2.24%
07/03/2014;410;410;410;410;13;5 330;0.00%
12/03/2014;400;400;400;400;1;400;-2.44%
18/03/2014;400;400;400;400;1;400;0.00%
08/04/2014;370;370;370;370;5;1 850;-7.50%
10/04/2014;370;370;370;370;3;1 110;0.00%
17/04/2014;390;390;390;390;2;780;5.41%
28/04/2014;390;390;390;390;25;9 750;0.00%
30/04/2014;400;400;400;400;144;57 600;2.56%
02/05/2014;400;400;400;400;2;800;0.00%
05/05/2014;400;400;400;400;42;16 800;0.00%
08/05/2014;400;400;400;400;8;3 200;0.00%
15/05/2014;400;400;400;400;4;1 600;0.00%
19/05/2014;400;400;400;400;15;6 000;0.00%
20/05/2014;392;392;392;392;10;3 920;-2.00%
21/05/2014;400;400;400;400;4;1 600;2.04%
26/05/2014;402;402;402;402;21;8 442;0.50%
27/05/2014;402;402;402;402;13;5 226;0.00%
30/05/2014;400;400;400;400;20;8 000;-0.50%
02/06/2014;410;410;410;410;29;11 890;2.50%
04/06/2014;430;430;430;430;3;1 290;4.88%
05/06/2014;430;430;430;430;8;3 440;0.00%
06/06/2014;459;459;459;459;2;918;6.74%
11/06/2014;425;425;425;425;1;425;-7.41%
12/06/2014;433;433;433;433;8;3 464;1.88%
13/06/2014;440;440;440;440;2;880;1.62%
17/06/2014;430;430;430;430;6;2 580;-2.27%
23/06/2014;430;430;430;430;40;17 200;0.00%
24/06/2014;430;430;430;430;16;6 880;0.00%
26/06/2014;450;450;450;450;39;17 550;4.65%
30/06/2014;450;450;450;450;6;2 700;0.00%
01/07/2014;450;450;450;450;7;3 150;0.00%
02/07/2014;450;450;450;450;20;9 000;0.00%
03/07/2014;440;440;440;440;12;5 280;-2.22%
09/07/2014;440;440;440;440;5;2 200;0.00%
10/07/2014;450;450;450;450;50;22 500;2.27%
11/07/2014;440;440;440;440;1;440;-2.22%
21/07/2014;435;435;435;435;26;11 310;-1.14%
22/07/2014;440;440;440;440;149;65 560;1.15%
23/07/2014;440;440;440;440;111;48 840;0.00%
25/07/2014;440;440;440;440;1;440;0.00%
29/07/2014;440;440;440;440;15;6 600;0.00%
30/07/2014;441;441;441;441;5;2 205;0.23%
31/07/2014;450;450;450;450;19;8 550;2.04%
04/08/2014;440;440;440;440;14;6 160;-2.22%
05/08/2014;440;440;440;440;7;3 080;0.00%
06/08/2014;450;450;450;450;43;19 350;2.27%
07/08/2014;450;450;450;450;4 300;1 935 000;0.00%
08/08/2014;470;470;470;470;145;68 150;4.44%
14/08/2014;460;460;460;460;15;6 900;-2.13%
18/08/2014;470;470;470;470;78;36 660;2.17%
19/08/2014;470;470;470;470;108;50 760;0.00%
20/08/2014;470;470;470;470;1;470;0.00%
25/08/2014;495;495;495;495;1 393;689 535;5.32%
28/08/2014;494;494;494;494;10;4 940;-0.20%
01/09/2014;495;495;495;495;99;49 005;0.20%
02/09/2014;495;495;495;495;52;25 740;0.00%
03/09/2014;500;500;500;500;35;17 500;1.01%
04/09/2014;500;500;500;500;10;5 000;0.00%
05/09/2014;500;500;500;500;5;2 500;0.00%
12/09/2014;500;500;500;500;83;41 500;0.00%
19/09/2014;500;500;500;500;4;2 000;0.00%
22/09/2014;500;500;500;500;1;500;0.00%
25/09/2014;485;485;485;485;45;21 825;-3.00%
29/09/2014;500;500;500;500;5;2 500;3.09%
30/09/2014;500;500;500;500;15;7 500;0.00%
02/10/2014;500;500;500;500;6;3 000;0.00%
03/10/2014;500;500;500;500;9;4 500;0.00%
06/10/2014;500;500;500;500;1;500;0.00%
07/10/2014;500;500;500;500;14;7 000;0.00%
09/10/2014;500;500;500;500;13;6 500;0.00%
16/10/2014;500;500;500;500;50;25 000;0.00%
17/10/2014;500;500;500;500;13;6 500;0.00%
20/10/2014;500;500;500;500;27;13 500;0.00%
21/10/2014;500;500;500;500;525;262 500;0.00%
27/10/2014;500;500;500;500;4;2 000;0.00%
28/10/2014;500;500;500;500;100;50 000;0.00%
29/10/2014;500;500;500;500;3;1 500;0.00%
30/10/2014;500;500;500;500;103;51 500;0.00%
03/11/2014;500;500;500;500;15;7 500;0.00%
05/11/2014;500;500;500;500;10;5 000;0.00%
10/11/2014;500;500;500;500;2;1 000;0.00%
11/11/2014;498;498;498;498;18;8 964;-0.40%
12/11/2014;498;498;498;498;22;10 956;0.00%
13/11/2014;498;498;498;498;150;74 700;0.00%
17/11/2014;500;500;500;500;2;1 000;0.40%
18/11/2014;500;500;500;500;1;500;0.00%
20/11/2014;500;500;500;500;19;9 500;0.00%
25/11/2014;500;500;500;500;5;2 500;0.00%
26/11/2014;500;500;500;500;10;5 000;0.00%
28/11/2014;500;500;500;500;40;20 000;0.00%
04/12/2014;500;500;500;500;3;1 500;0.00%
09/12/2014;480;480;480;480;54;25 920;-4.00%
10/12/2014;480;480;480;480;97;46 560;0.00%
11/12/2014;480;480;480;480;8;3 840;0.00%
15/12/2014;480;480;480;480;6;2 880;0.00%
17/12/2014;445;445;445;445;4;1 780;0.23%
18/12/2014;445;445;445;445;3;1 335;0.00%
19/12/2014;445;445;445;445;97;43 165;0.00%
22/12/2014;412;412;412;412;64;26 368;-7.42%
23/12/2014;412;412;412;412;100;41 200;0.00%
26/12/2014;390;390;390;390;459;179 010;-5.34%
29/12/2014;399;399;399;399;546;217 854;2.31%
30/12/2014;429;429;429;429;31;13 299;7.52%
31/12/2014;461;461;461;461;15;6 915;7.46%
02/01/2015;496;496;496;496;3;1 488;7.59%
05/01/2015;500;500;500;500;24;12 000;0.81%
06/01/2015;532;532;532;532;49;26 068;6.40%
07/01/2015;530;530;530;530;3;1 590;-0.38%
08/01/2015;501;501;501;501;27;13 527;-5.47%
09/01/2015;501;501;501;501;28;14 028;0.00%
12/01/2015;525;525;525;525;1;525;4.79%
13/01/2015;525;525;525;525;192;100 800;0.00%
14/01/2015;500;500;500;500;35;17 500;-4.76%
15/01/2015;500;500;500;500;15;7 500;0.00%
19/01/2015;500;500;500;500;21;10 500;0.00%
21/01/2015;500;500;500;500;38;19 000;0.00%
22/01/2015;499;499;499;499;37;18 463;-0.20%
23/01/2015;499;499;499;499;25;12 475;0.00%
27/01/2015;499;499;499;499;30;14 970;0.00%
28/01/2015;520;520;520;520;75;39 000;4.21%
29/01/2015;510;510;510;510;8;4 080;-1.92%
30/01/2015;520;520;520;520;13;6 760;1.96%
02/02/2015;520;520;520;520;27;14 040;0.00%
03/02/2015;525;525;525;525;103;54 075;0.96%
06/02/2015;530;530;530;530;22;11 660;0.95%
09/02/2015;530;530;530;530;2 200;1 166 000;0.00%
11/02/2015;530;530;530;530;135;71 550;0.00%
12/02/2015;530;530;530;530;26;13 780;0.00%
13/02/2015;501;501;501;501;11;5 511;-5.47%
16/02/2015;530;530;530;530;1;530;5.79%
18/02/2015;530;530;530;530;12;6 360;0.00%
20/02/2015;530;530;530;530;4;2 120;0.00%
23/02/2015;560;560;560;560;1;560;5.66%
25/02/2015;550;550;550;550;6;3 300;-1.79%
26/02/2015;550;550;550;550;47;25 850;0.00%
27/02/2015;550;550;550;550;4;2 200;0.00%
02/03/2015;550;550;550;550;7;3 850;0.00%
03/03/2015;560;560;560;560;3;1 680;1.82%
04/03/2015;530;530;530;530;208;110 240;-5.36%
06/03/2015;530;530;530;530;220;116 600;0.00%
09/03/2015;530;530;530;530;15;7 950;0.00%
12/03/2015;560;560;560;560;20;11 200;5.66%
13/03/2015;560;560;560;560;44;24 640;0.00%
17/03/2015;560;560;560;560;10;5 600;0.18%
19/03/2015;560;560;560;560;24;13 440;0.00%
20/03/2015;600;600;600;600;1;600;7.14%
23/03/2015;645;645;645;645;986;635 970;7.50%
24/03/2015;690;690;690;690;4;2 760;6.98%
25/03/2015;725;725;725;725;705;511 125;5.07%
26/03/2015;775;775;775;775;121;93 775;6.90%
27/03/2015;770;770;770;770;34;26 180;-0.65%
30/03/2015;820;820;820;820;60;49 200;6.49%
31/03/2015;770;770;770;770;39;30 030;-6.10%
01/04/2015;820;820;820;820;130;106 600;6.49%
02/04/2015;810;810;810;810;858;694 980;-1.22%
03/04/2015;750;750;750;750;272;204 000;-7.41%
06/04/2015;750;750;750;750;27 200;20 400 000;0.00%
07/04/2015;694;694;694;694;5;3 470;-7.47%
08/04/2015;642;642;642;642;13;8 346;-7.49%
09/04/2015;640;640;640;640;10;6 400;-0.31%
10/04/2015;688;688;688;688;8;5 504;7.50%
13/04/2015;688;688;688;688;11;7 568;0.00%
15/04/2015;700;700;700;700;3;2 100;1.74%
17/04/2015;700;700;700;700;41;28 700;0.00%
21/04/2015;648;648;648;648;50;32 400;-7.43%
28/04/2015;660;660;660;660;7;4 620;1.85%
29/04/2015;690;690;690;690;12;8 280;4.55%
04/05/2015;742;742;742;742;1;742;7.54%
05/05/2015;687;687;687;687;504;346 248;-7.41%
06/05/2015;685;685;685;685;5;3 425;-0.29%
11/05/2015;640;640;640;640;512;327 680;-6.57%
13/05/2015;640;640;640;640;10;6 400;0.00%
14/05/2015;640;640;640;640;1 000;640 000;0.00%
19/05/2015;640;640;640;640;270;172 800;0.00%
20/05/2015;640;640;640;640;4;2 560;0.00%
21/05/2015;640;640;640;640;24;15 360;0.00%
28/05/2015;653;653;653;653;1;653;2.03%
29/05/2015;660;660;660;660;2;1 320;1.07%
01/06/2015;650;650;650;650;1 041;676 650;-1.52%
03/06/2015;670;670;670;670;5;3 350;3.08%
04/06/2015;670;670;670;670;25;16 750;0.00%
08/06/2015;675;675;675;675;48;32 400;0.75%
10/06/2015;720;720;720;720;18;12 960;6.67%
12/06/2015;675;675;675;675;2;1 350;-6.25%
24/06/2015;640;640;640;640;4;2 560;-1.54%
25/06/2015;645;645;645;645;8;5 160;0.78%
26/06/2015;645;645;645;645;3;1 935;0.00%
29/06/2015;645;645;645;645;493;317 985;0.00%
30/06/2015;645;645;645;645;1;645;0.00%
01/07/2015;650;650;650;650;1;650;0.78%
16/07/2015;660;660;660;660;30;19 800;1.54%
17/07/2015;660;660;660;660;3 000;1 980 000;0.00%
20/07/2015;660;660;660;660;40;26 400;0.00%
27/07/2015;660;660;660;660;20;13 200;0.00%
31/07/2015;693;693;693;693;30;20 790;5.00%
03/08/2015;693;693;693;693;13;9 009;0.00%
10/08/2015;693;693;693;693;1;693;0.00%
13/08/2015;701;701;701;701;200;140 200;1.15%
18/08/2015;705;705;705;705;14;9 870;0.57%
19/08/2015;750;750;750;750;3;2 250;6.38%
20/08/2015;725;725;725;725;5;3 625;-3.33%
21/08/2015;702;702;702;702;1 758;1 234 116;-3.17%
24/08/2015;735;735;735;735;2 510;1 844 850;4.70%
25/08/2015;735;735;735;735;2;1 470;0.00%
26/08/2015;730;730;730;730;1 006;734 380;-0.68%
31/08/2015;725;725;725;725;2;1 450;-0.68%
01/09/2015;725;725;725;725;12;8 700;0.00%
02/09/2015;730;730;730;730;4;2 920;0.69%
08/09/2015;740;740;740;740;2;1 480;1.37%
09/09/2015;730;730;730;730;28;20 440;-1.35%
10/09/2015;730;730;730;730;12;8 760;0.00%
11/09/2015;730;730;730;730;22;16 060;0.00%
17/09/2015;700;700;700;700;10;7 000;-4.11%
23/09/2015;720;720;720;720;10;7 200;2.86%
24/09/2015;720;720;720;720;1 000;720 000;0.00%
28/09/2015;730;730;730;730;70;51 100;1.39%
29/09/2015;730;730;730;730;5;3 650;0.00%
30/09/2015;730;730;730;730;6;4 380;0.00%
01/10/2015;750;750;750;750;5;3 750;2.74%
02/10/2015;740;740;740;740;2;1 480;-1.33%
06/10/2015;750;750;750;750;10;7 500;1.35%
08/10/2015;751;751;751;751;5;3 755;0.13%
09/10/2015;751;751;751;751;8;6 008;0.00%
13/10/2015;807;807;807;807;2;1 614;7.46%
14/10/2015;868;868;868;868;2;1 736;7.56%
15/10/2015;880;880;880;880;4;3 520;1.38%
16/10/2015;880;880;880;880;1;880;0.00%
19/10/2015;900;900;900;900;10;9 000;2.27%
22/10/2015;900;900;900;900;2;1 800;0.00%
26/10/2015;900;900;900;900;136;122 400;0.00%
27/10/2015;900;900;900;900;22;19 800;0.00%
28/10/2015;900;900;900;900;6;5 400;0.00%
29/10/2015;900;900;900;900;3;2 700;0.00%
30/10/2015;900;900;900;900;7;6 300;0.00%
02/11/2015;900;900;900;900;1;900;0.00%
05/11/2015;905;905;905;905;5;4 525;0.56%
09/11/2015;905;905;905;905;33;29 865;0.00%
10/11/2015;906;906;906;906;9;8 154;0.11%
16/11/2015;910;910;910;910;29;26 390;0.44%
17/11/2015;906;906;906;906;1;906;-0.44%
18/11/2015;905;905;905;905;78;70 590;-0.11%
19/11/2015;905;905;905;905;10;9 050;0.00%
20/11/2015;900;900;900;900;255;229 500;-0.55%
23/11/2015;851;851;851;851;1;851;-5.44%
25/11/2015;900;900;900;900;2;1 800;5.76%
26/11/2015;905;905;905;905;6;5 430;0.56%
27/11/2015;905;905;905;905;11;9 955;0.00%
30/11/2015;905;905;905;905;2;1 810;0.00%
01/12/2015;905;905;905;905;4;3 620;0.00%
03/12/2015;905;905;905;905;4;3 620;0.00%
04/12/2015;905;905;905;905;1;905;0.00%
07/12/2015;906;906;906;906;1;906;0.11%
08/12/2015;910;910;910;910;13;11 830;0.44%
09/12/2015;906;906;906;906;3;2 718;-0.44%
10/12/2015;908;908;908;908;2;1 816;0.22%
14/12/2015;910;910;910;910;5;4 550;0.00%
15/12/2015;910;910;910;910;12;10 920;0.00%
16/12/2015;905;905;905;905;4;3 620;-0.55%
18/12/2015;910;910;910;910;12;10 920;0.55%
21/12/2015;910;910;910;910;18;16 380;0.00%
23/12/2015;910;910;910;910;5;4 550;0.00%
24/12/2015;910;910;910;910;500;455 000;0.00%
25/12/2015;910;910;910;910;500;455 000;0.00%
28/12/2015;900;900;900;900;2;1 800;-1.10%
30/12/2015;910;910;910;910;38;34 580;1.11%
04/01/2016;910;910;910;910;22;20 020;0.00%
05/01/2016;910;910;910;910;1;910;0.00%
06/01/2016;910;910;910;910;2;1 820;0.00%
07/01/2016;910;910;910;910;1;910;0.00%
08/01/2016;900;900;900;900;4;3 600;-1.10%
11/01/2016;910;910;910;910;1;910;1.11%
12/01/2016;910;910;910;910;1;910;0.00%
20/01/2016;920;920;920;920;6;5 520;1.10%
21/01/2016;920;920;920;920;7;6 440;0.00%
25/01/2016;920;920;920;920;3;2 760;0.00%
26/01/2016;925;925;925;925;10;9 250;0.54%
27/01/2016;910;910;910;910;25;22 750;-1.62%
28/01/2016;910;910;910;910;150;136 500;0.00%
02/02/2016;910;910;910;910;105;95 550;0.00%
03/02/2016;890;890;890;890;1 640;1 459 600;-2.20%
04/02/2016;910;910;910;910;50;45 500;2.25%
05/02/2016;910;910;910;910;50;45 500;0.00%
16/02/2016;950;950;950;950;97;92 150;4.40%
18/02/2016;978;978;978;978;3;2 934;2.95%
19/02/2016;955;955;955;955;70;66 850;-2.35%
23/02/2016;955;955;955;955;22;21 010;0.00%
24/02/2016;974;974;974;974;7;6 818;1.99%
26/02/2016;975;975;975;975;56;54 600;0.10%
29/02/2016;980;980;980;980;192;188 160;0.51%
02/03/2016;987;987;987;987;16;15 792;0.71%
07/03/2016;1 060;1 060;1 060;1 060;5;5 300;7.40%
08/03/2016;1 060;1 060;1 060;1 060;13;13 780;0.00%
09/03/2016;1 140;1 140;1 140;1 140;11;12 540;7.55%
11/03/2016;1 250;1 250;1 250;1 250;20;25 000;7.48%
14/03/2016;1 300;1 300;1 300;1 300;1;1 300;4.00%
15/03/2016;1 398;1 398;1 398;1 398;21;29 358;7.54%
16/03/2016;1 502;1 502;1 502;1 502;17;25 534;7.44%
17/03/2016;1 500;1 500;1 500;1 500;392;588 000;-0.13%
18/03/2016;1 500;1 500;1 500;1 500;73;109 500;0.00%
21/03/2016;1 500;1 500;1 500;1 500;168;252 000;0.00%
22/03/2016;1 505;1 505;1 505;1 505;13;19 565;0.33%
23/03/2016;1 580;1 580;1 580;1 580;82;129 560;4.98%
24/03/2016;1 600;1 600;1 600;1 600;73;116 800;1.27%
25/03/2016;1 560;1 560;1 560;1 560;14;21 840;-2.50%
28/03/2016;1 560;1 560;1 560;1 560;1 400;2 184 000;0.00%
29/03/2016;1 560;1 560;1 560;1 560;129;201 240;0.00%
31/03/2016;1 560;1 560;1 560;1 560;10;15 600;0.00%
01/04/2016;1 591;1 591;1 591;1 591;125;198 875;1.99%
05/04/2016;1 500;1 500;1 500;1 500;1;1 500;-5.72%
07/04/2016;1 450;1 450;1 450;1 450;5;7 250;-3.33%
08/04/2016;1 425;1 425;1 425;1 425;3;4 275;-1.72%
11/04/2016;1 318;1 318;1 318;1 318;2;2 636;-7.51%
12/04/2016;1 300;1 300;1 300;1 300;5;6 500;-1.37%
19/04/2016;1 203;1 203;1 203;1 203;1;1 203;-7.46%
21/04/2016;1 112;1 112;1 112;1 112;1;1 112;-7.56%
22/04/2016;1 030;1 030;1 030;1 030;10;10 300;-7.37%
25/04/2016;958;958;958;958;9;8 622;-6.99%
26/04/2016;1 020;1 020;1 020;1 020;61;62 220;6.47%
27/04/2016;1 050;1 050;1 050;1 050;5;5 250;2.94%
28/04/2016;1 055;1 055;1 055;1 055;5;5 275;0.48%
29/04/2016;1 076;1 076;1 076;1 076;42;45 192;1.99%
02/05/2016;1 076;1 076;1 076;1 076;4 200;4 519 620;0.01%
03/05/2016;1 157;1 157;1 157;1 157;10;11 570;7.52%
04/05/2016;1 110;1 110;1 110;1 110;4;4 440;-4.06%
05/05/2016;1 110;1 110;1 110;1 110;400;444 040;0.01%
06/05/2016;1 120;1 120;1 120;1 120;3;3 360;0.89%
09/05/2016;1 150;1 150;1 150;1 150;25;28 750;2.68%
10/05/2016;1 155;1 155;1 155;1 155;20;23 100;0.43%
12/05/2016;1 165;1 165;1 165;1 165;1;1 165;0.87%
13/05/2016;1 250;1 250;1 250;1 250;108;135 000;7.30%
16/05/2016;1 250;1 250;1 250;1 250;10 800;13 500 000;0.00%
17/05/2016;1 344;1 344;1 344;1 344;5;6 720;7.52%
18/05/2016;1 445;1 445;1 445;1 445;3;4 335;7.51%
19/05/2016;1 450;1 450;1 450;1 450;18;26 100;0.35%
20/05/2016;1 430;1 430;1 430;1 430;1;1 430;-1.38%
23/05/2016;1 350;1 350;1 350;1 350;3;4 050;-5.59%
25/05/2016;1 350;1 350;1 350;1 350;20;27 000;0.00%
26/05/2016;1 340;1 340;1 340;1 340;5;6 700;-0.74%
31/05/2016;1 340;1 340;1 340;1 340;5;6 700;0.00%
03/06/2016;1 240;1 240;1 240;1 240;11;13 640;-7.46%
06/06/2016;1 200;1 200;1 200;1 200;3;3 600;-3.23%
07/06/2016;1 170;1 170;1 170;1 170;37;43 290;-2.50%
09/06/2016;1 150;1 150;1 150;1 150;1;1 150;-1.71%
10/06/2016;1 150;1 150;1 150;1 150;12;13 800;0.00%
13/06/2016;1 150;1 150;1 150;1 150;104;119 600;0.00%
15/06/2016;1 150;1 150;1 150;1 150;5;5 750;0.00%
16/06/2016;1 160;1 160;1 160;1 160;15;17 400;0.87%
17/06/2016;1 170;1 170;1 170;1 170;35;40 950;0.86%
22/06/2016;1 255;1 255;1 255;1 255;1;1 255;7.26%
24/06/2016;1 180;1 180;1 180;1 180;2;2 360;-5.98%
27/06/2016;1 190;1 190;1 190;1 190;2;2 380;0.85%
28/06/2016;1 220;1 220;1 220;1 220;11;13 420;2.52%
30/06/2016;1 220;1 220;1 220;1 220;4;4 880;0.00%
01/07/2016;1 190;1 190;1 190;1 190;1;1 190;-2.46%
04/07/2016;1 190;1 190;1 190;1 190;18;21 420;0.00%
05/07/2016;1 190;1 190;1 190;1 190;1;1 190;0.00%
06/07/2016;1 190;1 190;1 190;1 190;100;119 000;0.00%
07/07/2016;1 152;1 152;1 152;1 152;7;8 064;-3.19%
08/07/2016;1 152;1 152;1 152;1 152;26;29 952;0.00%
11/07/2016;1 152;1 152;1 152;1 152;11;12 672;0.00%
14/07/2016;1 130;1 130;1 130;1 130;15;16 950;-1.91%
15/07/2016;1 130;1 130;1 130;1 130;10;11 300;0.00%
20/07/2016;1 100;1 100;1 100;1 100;10;11 000;-2.65%
25/07/2016;1 050;1 050;1 050;1 050;30;31 500;-4.55%
26/07/2016;1 050;1 050;1 050;1 050;8;8 400;0.00%
27/07/2016;1 050;1 050;1 050;1 050;10;10 500;0.00%
28/07/2016;1 050;1 050;1 050;1 050;17;17 850;0.00%
02/08/2016;1 050;1 050;1 050;1 050;71;74 550;0.00%
03/08/2016;1 050;1 050;1 050;1 050;6;6 300;0.00%
09/08/2016;1 050;1 050;1 050;1 050;35;36 750;0.00%
10/08/2016;1 055;1 055;1 055;1 055;1;1 055;0.48%
12/08/2016;1 050;1 050;1 050;1 050;1;1 050;-0.47%
15/08/2016;1 050;1 050;1 050;1 050;100;105 000;0.00%
16/08/2016;1 100;1 100;1 100;1 100;10;11 000;4.76%
18/08/2016;1 020;1 020;1 020;1 020;101;103 020;-7.27%
22/08/2016;1 000;1 000;1 000;1 000;50;50 000;-1.96%
23/08/2016;1 000;1 000;1 000;1 000;2;2 000;0.00%
24/08/2016;1 020;1 020;1 020;1 020;33;33 660;2.00%
25/08/2016;1 020;1 020;1 020;1 020;10;10 200;0.00%
30/08/2016;1 030;1 030;1 030;1 030;17;17 510;0.98%
31/08/2016;1 030;1 030;1 030;1 030;18;18 540;0.00%
01/09/2016;1 046;1 046;1 046;1 046;1;1 046;1.55%
02/09/2016;1 050;1 050;1 050;1 050;3;3 150;0.38%
05/09/2016;1 050;1 050;1 050;1 050;5;5 250;0.00%
07/09/2016;1 050;1 050;1 050;1 050;21;22 050;-0.10%
08/09/2016;1 051;1 051;1 051;1 051;4;4 204;0.10%
09/09/2016;1 060;1 060;1 060;1 060;7;7 420;0.86%
12/09/2016;1 060;1 060;1 060;1 060;700;742 000;0.00%
13/09/2016;1 050;1 050;1 050;1 050;10;10 500;-0.94%
14/09/2016;1 051;1 051;1 051;1 051;1;1 051;0.10%
15/09/2016;1 060;1 060;1 060;1 060;5;5 300;0.86%
16/09/2016;1 080;1 080;1 080;1 080;4;4 320;1.89%
19/09/2016;1 080;1 080;1 080;1 080;1;1 080;0.00%
20/09/2016;1 080;1 080;1 080;1 080;29;31 320;0.00%
22/09/2016;1 080;1 080;1 080;1 080;50;54 000;0.00%
23/09/2016;1 060;1 060;1 060;1 060;34;36 040;-1.85%
27/09/2016;1 060;1 060;1 060;1 060;13;13 780;0.00%
28/09/2016;1 030;1 030;1 030;1 030;84;86 520;-2.83%
29/09/2016;1 000;1 000;1 000;1 000;79;79 000;-2.91%
03/10/2016;1 000;1 000;1 000;1 000;111;111 000;0.00%
05/10/2016;1 000;1 000;1 000;1 000;10;10 000;0.00%
06/10/2016;1 000;1 000;1 000;1 000;3;3 000;0.00%
10/10/2016;1 000;1 000;1 000;1 000;10;10 000;0.00%
12/10/2016;1 000;1 000;1 000;1 000;3;3 000;0.00%
13/10/2016;1 000;1 000;1 000;1 000;1;1 000;0.00%
14/10/2016;1 000;1 000;1 000;1 000;6;6 000;0.00%
17/10/2016;950;950;950;950;3;2 850;-5.00%
18/10/2016;920;920;920;920;32;29 440;-3.16%
19/10/2016;851;851;851;851;4;3 404;-7.50%
21/10/2016;850;850;850;850;1;850;-0.12%
24/10/2016;851;851;851;851;3;2 553;0.12%
25/10/2016;851;851;851;851;1;851;0.00%
26/10/2016;800;800;800;800;13;10 400;-5.99%
31/10/2016;750;750;750;750;1;750;-6.25%
01/11/2016;750;750;750;750;100;75 005;0.01%
02/11/2016;750;750;750;750;7;5 250;-0.01%
03/11/2016;750;750;750;750;11;8 250;0.00%
08/11/2016;740;740;740;740;20;14 800;-1.33%
09/11/2016;694;694;694;694;21;14 574;-6.22%
14/11/2016;690;690;690;690;5;3 450;-0.58%
15/11/2016;690;690;690;690;500;345 000;0.00%
16/11/2016;676;676;676;676;6;4 056;-2.03%
17/11/2016;626;626;626;626;41;25 666;-7.40%
21/11/2016;600;600;600;600;3;1 800;-4.15%
22/11/2016;600;600;600;600;28;16 800;0.00%
23/11/2016;645;645;645;645;3;1 935;7.50%
24/11/2016;597;597;597;597;197;117 609;-7.44%
25/11/2016;620;620;620;620;70;43 400;3.85%
28/11/2016;619;619;619;619;45;27 855;-0.16%
29/11/2016;619;619;619;619;23;14 237;0.00%
30/11/2016;620;620;620;620;10;6 200;0.16%
01/12/2016;620;620;620;620;51;31 620;0.00%
02/12/2016;629;629;629;629;101;63 529;1.45%
07/12/2016;639;639;639;639;1;639;0.00%
08/12/2016;650;650;650;650;2;1 300;1.72%
09/12/2016;650;650;650;650;18;11 700;0.00%
12/12/2016;650;650;650;650;1 800;1 169 910;-0.01%
13/12/2016;650;650;650;650;3;1 950;0.01%
14/12/2016;650;650;650;650;8;5 200;0.00%
15/12/2016;650;650;650;650;1;650;0.00%
16/12/2016;640;640;640;640;10;6 400;-1.54%
19/12/2016;640;640;640;640;5;3 200;0.00%
20/12/2016;640;640;640;640;9;5 760;0.00%
21/12/2016;640;640;640;640;2;1 280;0.00%
22/12/2016;630;630;630;630;13;8 190;-1.56%
23/12/2016;630;630;630;630;1;630;0.00%
26/12/2016;630;630;630;630;100;63 000;0.00%
27/12/2016;625;625;625;625;41;25 625;-0.79%
29/12/2016;620;620;620;620;16;9 920;-0.80%
30/12/2016;620;620;620;620;1;620;0.00%
02/01/2017;600;600;600;600;1;600;-3.23%
03/01/2017;600;600;600;600;6;3 600;0.00%
04/01/2017;600;600;600;600;27;16 200;0.00%
10/01/2017;590;590;590;590;3;1 770;-1.67%
11/01/2017;590;590;590;590;15;8 850;0.00%
13/01/2017;590;590;590;590;4;2 360;0.00%
16/01/2017;590;590;590;590;17;10 030;0.00%
17/01/2017;590;590;590;590;4;2 360;0.00%
19/01/2017;570;570;570;570;36;20 520;-3.39%
20/01/2017;600;600;600;600;34;20 400;5.26%
23/01/2017;590;590;590;590;16;9 440;-1.67%
24/01/2017;580;580;580;580;49;28 420;-1.69%
25/01/2017;600;600;600;600;48;28 800;3.45%
26/01/2017;645;645;645;645;10;6 450;7.50%
27/01/2017;640;640;640;640;1;640;-0.78%
30/01/2017;605;605;605;605;7;4 235;-5.47%
01/02/2017;640;640;640;640;10;6 400;5.79%
02/02/2017;640;640;640;640;7;4 480;0.00%
03/02/2017;640;640;640;640;6;3 840;0.00%
07/02/2017;650;650;650;650;10;6 500;1.56%
10/02/2017;645;645;645;645;24;15 480;-0.77%
13/02/2017;640;640;640;640;40;25 600;-0.78%
14/02/2017;650;650;650;650;12;7 800;1.56%
15/02/2017;660;660;660;660;8;5 280;1.54%
16/02/2017;660;660;660;660;30;19 800;0.00%
17/02/2017;660;660;660;660;12;7 920;0.00%
20/02/2017;660;660;660;660;22;14 520;0.00%
21/02/2017;611;611;611;611;105;64 155;-7.42%
23/02/2017;600;600;600;600;24;14 400;-1.80%
24/02/2017;617;617;617;617;5;3 085;2.83%
27/02/2017;617;617;617;617;5;3 085;0.00%
28/02/2017;631;631;631;631;16;10 096;2.27%
01/03/2017;675;675;675;675;5;3 375;6.97%
02/03/2017;630;630;630;630;18;11 340;-6.67%
03/03/2017;635;635;635;635;129;81 915;0.79%
08/03/2017;645;645;645;645;19;12 255;0.78%
09/03/2017;635;635;635;635;60;38 100;-1.55%
10/03/2017;635;635;635;635;170;107 950;0.00%
15/03/2017;640;640;640;640;9;5 760;0.79%
16/03/2017;640;640;640;640;3;1 920;0.00%
17/03/2017;635;635;635;635;100;63 500;-0.78%
20/03/2017;635;635;635;635;13;8 255;0.00%
21/03/2017;640;640;640;640;136;87 040;0.79%
22/03/2017;635;635;635;635;8;5 080;-0.78%
23/03/2017;640;640;640;640;27;17 280;0.79%
24/03/2017;640;640;640;640;20;12 800;0.00%
27/03/2017;640;640;640;640;12;7 680;0.00%
28/03/2017;640;640;640;640;4;2 560;0.00%
29/03/2017;650;650;650;650;10;6 500;1.56%
31/03/2017;650;650;650;650;6;3 900;0.00%
03/04/2017;650;650;650;650;15;9 750;0.00%
04/04/2017;650;650;650;650;7;4 550;0.00%
06/04/2017;632;632;632;632;3;1 896;-2.77%
07/04/2017;632;632;632;632;32;20 224;0.00%
11/04/2017;618;618;618;618;24;14 832;-2.22%
12/04/2017;630;630;630;630;42;26 460;1.94%
13/04/2017;650;650;650;650;25;16 250;3.17%
18/04/2017;640;640;640;640;26;16 640;-1.54%
19/04/2017;640;640;640;640;60;38 400;0.00%
20/04/2017;640;640;640;640;7;4 480;0.00%
21/04/2017;640;640;640;640;1;640;0.00%
24/04/2017;640;640;640;640;2;1 280;0.00%
25/04/2017;640;640;640;640;105;67 200;0.00%
26/04/2017;675;675;675;675;85;57 375;5.47%
27/04/2017;675;675;675;675;3;2 025;0.00%
28/04/2017;675;675;675;675;2;1 350;0.00%
01/05/2017;675;675;675;675;200;134 980;-0.01%
02/05/2017;680;680;680;680;2;1 360;0.76%
03/05/2017;680;680;680;680;9;6 120;0.00%
04/05/2017;680;680;680;680;40;27 200;0.00%
08/05/2017;680;680;680;680;36;24 480;0.00%
09/05/2017;680;680;680;680;1;680;0.00%
10/05/2017;680;680;680;680;27;18 360;0.00%
12/05/2017;680;680;680;680;2;1 360;0.00%
15/05/2017;650;650;650;650;6;3 900;-4.41%
16/05/2017;650;650;650;650;14;9 100;0.00%
17/05/2017;650;650;650;650;60;39 000;0.00%
18/05/2017;650;650;650;650;1;650;0.00%
19/05/2017;650;650;650;650;1;650;0.00%
22/05/2017;650;650;650;650;8;5 200;0.00%
24/05/2017;650;650;650;650;4;2 600;0.00%
25/05/2017;650;650;650;650;400;260 000;0.00%
26/05/2017;613;613;613;613;46;28 198;-5.69%
29/05/2017;614;614;614;614;6;3 684;0.16%
31/05/2017;614;614;614;614;22;13 508;0.00%
01/06/2017;595;595;595;595;42;24 990;-3.09%
02/06/2017;600;600;600;600;23;13 800;0.84%
06/06/2017;610;610;610;610;5;3 050;1.67%
08/06/2017;564;564;564;564;16;9 024;-7.54%
09/06/2017;565;565;565;565;11;6 215;0.18%
12/06/2017;570;570;570;570;26;14 820;0.88%
13/06/2017;570;570;570;570;14;7 980;0.00%
15/06/2017;600;600;600;600;14;8 400;5.26%
16/06/2017;570;570;570;570;2;1 140;-5.00%
20/06/2017;580;580;580;580;1;580;1.75%
21/06/2017;570;570;570;570;65;37 050;-1.72%
22/06/2017;570;570;570;570;6 500;3 705 000;0.00%
23/06/2017;570;570;570;570;10;5 700;0.00%
27/06/2017;575;575;575;575;3;1 725;0.88%
28/06/2017;613;613;613;613;7;4 291;6.61%
29/06/2017;613;613;613;613;41;25 133;0.00%
30/06/2017;570;570;570;570;20;11 400;-7.01%
04/07/2017;560;560;560;560;13;7 280;-1.75%
05/07/2017;560;560;560;560;3;1 680;0.00%
10/07/2017;560;560;560;560;2;1 120;0.00%
11/07/2017;560;560;560;560;16;8 960;0.00%
18/07/2017;550;550;550;550;18;9 900;-1.79%
20/07/2017;530;530;530;530;3;1 590;-3.64%
21/07/2017;530;530;530;530;7;3 710;0.00%
28/07/2017;490;490;490;490;5;2 450;-7.55%
31/07/2017;478;478;478;478;3;1 434;-2.45%
02/08/2017;454;454;454;454;33;14 982;-5.02%
03/08/2017;454;454;454;454;34;15 436;0.00%
09/08/2017;455;455;455;455;1;455;0.22%
11/08/2017;440;440;440;440;5;2 200;-3.30%
16/08/2017;408;408;408;408;25;10 200;-7.27%
17/08/2017;399;399;399;399;12;4 788;-2.21%
21/08/2017;400;400;400;400;50;20 000;0.25%
22/08/2017;370;370;370;370;5;1 850;-7.50%
23/08/2017;398;398;398;398;3;1 194;7.57%
28/08/2017;368;368;368;368;4;1 472;-7.54%
29/08/2017;395;395;395;395;89;35 155;7.34%
30/08/2017;400;400;400;400;4;1 600;1.27%
06/09/2017;360;360;360;360;4;1 440;-5.26%
11/09/2017;360;360;360;360;3;1 080;0.00%
12/09/2017;350;350;350;350;84;29 400;-2.78%
13/09/2017;350;350;350;350;5;1 750;0.00%
14/09/2017;370;370;370;370;20;7 400;5.71%
15/09/2017;360;360;360;360;74;26 640;-2.70%
18/09/2017;370;370;370;370;5;1 850;2.78%
19/09/2017;360;360;360;360;41;14 760;-2.70%
20/09/2017;350;350;350;350;3;1 050;-2.78%
21/09/2017;350;350;350;350;4;1 400;0.00%
25/09/2017;350;350;350;350;1;350;0.00%
26/09/2017;340;340;340;340;107;36 380;-2.86%
27/09/2017;340;340;340;340;40;13 600;0.00%
28/09/2017;350;350;350;350;81;28 350;2.94%
29/09/2017;350;350;350;350;2;700;0.00%
05/10/2017;350;350;350;350;138;48 300;0.00%
06/10/2017;340;340;340;340;1;340;-2.86%
09/10/2017;360;360;360;360;2;720;5.88%
10/10/2017;370;370;370;370;2;740;2.78%
11/10/2017;370;370;370;370;1;370;0.00%
13/10/2017;350;350;350;350;18;6 300;-5.41%
17/10/2017;350;350;350;350;41;14 350;0.00%
18/10/2017;350;350;350;350;40;14 000;0.00%
20/10/2017;351;351;351;351;10;3 510;0.29%
24/10/2017;350;350;350;350;60;21 000;-0.28%
27/10/2017;371;371;371;371;10;3 710;6.00%
31/10/2017;371;371;371;371;3;1 113;0.00%
01/11/2017;371;371;371;371;300;111 330;0.03%
02/11/2017;370;370;370;370;129;47 730;-0.30%
07/11/2017;351;351;351;351;6;2 106;-5.14%
08/11/2017;351;351;351;351;18;6 318;0.00%
09/11/2017;351;351;351;351;14;4 914;0.00%
10/11/2017;355;355;355;355;2;710;1.14%
16/11/2017;355;355;355;355;2;710;0.00%
17/11/2017;355;355;355;355;2;710;0.00%
23/11/2017;382;382;382;382;1;382;7.61%
24/11/2017;382;382;382;382;1;382;0.00%
27/11/2017;400;400;400;400;2;800;4.71%
28/11/2017;370;370;370;370;4;1 480;-7.50%
01/12/2017;395;395;395;395;500;197 500;0.00%
04/12/2017;400;400;400;400;4;1 600;1.27%
05/12/2017;395;395;395;395;23;9 085;-1.25%
06/12/2017;390;390;390;390;4;1 560;-1.27%
07/12/2017;395;395;395;395;54;21 330;1.28%
08/12/2017;395;395;395;395;2;790;0.00%
11/12/2017;375;375;375;375;11;4 125;-5.06%
12/12/2017;375;375;375;375;30;11 250;0.00%
19/12/2017;400;400;400;400;4 400;1 760 000;6.67%
20/12/2017;400;400;400;400;2 260;904 000;0.00%
21/12/2017;430;430;430;430;94 043;40 438 490;7.50%
22/12/2017;415;415;415;415;3 118;1 293 970;-3.49%
25/12/2017;415;415;415;415;3 118;1 293 970;0.00%
26/12/2017;395;395;395;395;1 657;654 515;-4.82%
27/12/2017;400;400;400;400;307 050;122 820 000;1.27%
28/12/2017;400;400;400;400;2 908;1 163 200;0.00%
29/12/2017;395;395;395;395;6 261;2 473 095;-1.25%
02/01/2018;395;395;395;395;2 990;1 181 050;0.00%
03/01/2018;395;395;395;395;343;135 485;0.00%
04/01/2018;420;420;420;420;1 377;578 340;6.33%
05/01/2018;445;445;445;445;877;390 265;5.95%
08/01/2018;475;475;475;475;925;439 375;6.74%
09/01/2018;505;505;505;505;1 011;510 555;6.32%
10/01/2018;540;540;540;540;1 401;756 540;6.93%
11/01/2018;580;580;580;580;1 100;638 000;7.41%
12/01/2018;620;620;620;620;3 789;2 349 180;6.90%
15/01/2018;665;665;665;665;1 623;1 079 295;7.26%
16/01/2018;710;710;710;710;5 539;3 932 690;6.77%
17/01/2018;750;750;750;750;13 397;10 047 750;5.63%
18/01/2018;720;720;720;720;10 476;7 542 720;-4.00%
19/01/2018;710;710;710;710;1 325;940 750;-1.39%
22/01/2018;670;670;670;670;1 274;853 580;-5.63%
23/01/2018;620;620;620;620;793;491 660;-7.46%
24/01/2018;600;600;600;600;1 446;867 600;-3.23%
25/01/2018;555;555;555;555;5 195;2 883 225;-7.50%
26/01/2018;590;590;590;590;262;154 580;6.31%
29/01/2018;550;550;550;550;6 100;3 355 000;-6.78%
30/01/2018;550;550;550;550;1 611;886 050;0.00%
31/01/2018;510;510;510;510;380;193 800;-7.27%
01/02/2018;545;545;545;545;181;98 645;6.86%
02/02/2018;580;580;580;580;1 358;787 640;6.42%
05/02/2018;580;580;580;580;1 993;1 155 940;0.00%
06/02/2018;590;590;590;590;322;189 980;1.72%
07/02/2018;550;550;550;550;2 142;1 178 100;-6.78%
08/02/2018;580;580;580;580;480;278 400;5.45%
09/02/2018;575;575;575;575;7 760;4 462 000;-0.86%
12/02/2018;535;535;535;535;951;508 785;-6.96%
13/02/2018;570;570;570;570;930;530 100;6.54%
14/02/2018;565;565;565;565;1 259;711 335;-0.88%
15/02/2018;580;580;580;580;6 001;3 480 580;2.65%
16/02/2018;580;580;580;580;3 530;2 047 400;0.00%
19/02/2018;550;550;550;550;1 201;660 550;-5.17%
20/02/2018;580;580;580;580;2 215;1 284 700;5.45%
21/02/2018;575;575;575;575;1 640;943 000;-0.86%
22/02/2018;565;565;565;565;1 316;743 540;-1.74%
23/02/2018;575;575;575;575;2 968;1 706 600;1.77%
26/02/2018;580;580;580;580;728;422 240;0.87%
27/02/2018;590;590;590;590;721;425 390;1.72%
01/03/2018;615;615;615;615;1 756;1 079 940;0.00%
02/03/2018;660;660;660;660;1 733;1 143 780;7.32%
05/03/2018;660;660;660;660;963;635 580;0.00%
06/03/2018;615;615;615;615;4 503;2 769 345;-6.82%
07/03/2018;660;660;660;660;8 815;5 817 900;7.32%
08/03/2018;660;660;660;660;3 286;2 168 760;0.00%
09/03/2018;705;705;705;705;5 749;4 053 045;6.82%
12/03/2018;755;755;755;755;7 635;5 764 425;7.09%
13/03/2018;805;805;805;805;10 011;8 058 855;6.62%
14/03/2018;865;865;865;865;8 305;7 183 825;7.45%
15/03/2018;810;810;810;810;4 780;3 871 800;-6.36%
16/03/2018;800;800;800;800;2 898;2 318 400;-1.23%
19/03/2018;800;800;800;800;1 567;1 253 600;0.00%
20/03/2018;790;790;790;790;823;650 170;-1.25%
21/03/2018;790;790;790;790;190;150 100;0.00%
22/03/2018;780;780;780;780;307;239 460;-1.27%
23/03/2018;775;775;775;775;5 011;3 883 525;-0.64%
26/03/2018;720;720;720;720;289;208 080;-7.10%
27/03/2018;670;670;670;670;1 057;708 190;-6.94%
28/03/2018;620;620;620;620;2 559;1 586 580;-7.46%
29/03/2018;625;625;625;625;20 090;12 556 250;0.81%
30/03/2018;670;670;670;670;4 058;2 718 860;7.20%
02/04/2018;670;670;670;670;4 058;2 718 860;0.00%
03/04/2018;710;710;710;710;2 194;1 557 740;5.97%
04/04/2018;720;720;720;720;4 069;2 929 680;1.41%
05/04/2018;715;715;715;715;6 784;4 850 560;-0.69%
06/04/2018;715;715;715;715;8 175;5 845 125;0.00%
09/04/2018;745;745;745;745;2 750;2 048 750;4.20%
10/04/2018;745;745;745;745;2 445;1 821 525;0.00%
11/04/2018;735;735;735;735;838;615 930;-1.34%
12/04/2018;700;700;700;700;9 491;6 643 700;-4.76%
13/04/2018;700;700;700;700;12 034;8 423 800;0.00%
16/04/2018;740;740;740;740;184;136 160;5.71%
17/04/2018;700;700;700;700;2 861;2 002 700;-5.41%
18/04/2018;695;695;695;695;1 123;780 485;-0.71%
19/04/2018;650;650;650;650;1 187;771 550;-6.47%
20/04/2018;650;650;650;650;4 808;3 125 200;0.00%
23/04/2018;675;675;675;675;6 390;4 313 250;3.85%
24/04/2018;690;690;690;690;610;420 900;2.22%
25/04/2018;680;680;680;680;223;151 640;-1.45%
26/04/2018;685;685;685;685;680;465 800;0.74%
27/04/2018;700;700;700;700;455;318 500;2.19%
09/05/2018;675;675;675;675;1 887;1 273 725;-3.57%
10/05/2018;675;675;675;675;1 887;1 273 725;0.00%
11/05/2018;625;625;625;625;165;103 125;-7.41%
14/05/2018;670;670;670;670;110;73 700;7.20%
15/05/2018;630;630;630;630;820;516 600;-5.97%
16/05/2018;630;630;630;630;3 740;2 356 200;0.00%
17/05/2018;585;585;585;585;605;353 925;-7.14%
18/05/2018;555;555;555;555;18 869;10 472 295;-5.13%
21/05/2018;555;555;555;555;18 869;10 472 295;0.00%
22/05/2018;590;590;590;590;84;49 560;6.31%
23/05/2018;590;590;590;590;4 596;2 711 640;0.00%
24/05/2018;550;550;550;550;728;400 400;-6.78%
25/05/2018;590;590;590;590;2 147;1 266 730;7.27%
28/05/2018;630;630;630;630;10;6 300;6.78%
30/05/2018;590;590;590;590;530;312 700;-5.60%
31/05/2018;580;580;580;580;622;360 760;-1.69%
01/06/2018;580;580;580;580;471;273 180;0.00%
04/06/2018;590;590;590;590;1 781;1 050 790;1.72%
05/06/2018;590;590;590;590;793;467 870;0.00%
06/06/2018;580;580;580;580;180;104 400;-1.69%
07/06/2018;550;550;550;550;1 449;796 950;-5.17%
08/06/2018;585;585;585;585;557;325 845;6.36%
11/06/2018;585;585;585;585;557;325 845;0.00%
12/06/2018;585;585;585;585;707;413 595;0.00%
13/06/2018;590;590;590;590;1 823;1 075 570;0.85%
14/06/2018;590;590;590;590;1 823;1 075 570;0.00%
15/06/2018;580;580;580;580;1 330;771 400;-1.69%
18/06/2018;580;580;580;580;438;254 040;0.00%
19/06/2018;590;590;590;590;3 388;1 998 920;1.72%
20/06/2018;590;590;590;590;221;130 390;0.00%
21/06/2018;600;600;600;600;20;12 000;1.69%
28/06/2018;725;725;725;725;4 020;2 914 500;20.83%
29/06/2018;750;750;750;750;26 393;19 794 750;3.45%
02/07/2018;750;750;750;750;2 635;1 976 250;0.00%
03/07/2018;750;750;750;750;5 220;3 915 000;0.00%
04/07/2018;760;760;760;760;2 845;2 162 200;1.33%
05/07/2018;760;760;760;760;652;495 520;0.00%
06/07/2018;785;785;785;785;16 504;12 955 640;3.29%
09/07/2018;765;765;765;765;1 985;1 518 525;-2.55%
10/07/2018;750;750;750;750;1 645;1 233 750;-1.96%
11/07/2018;720;720;720;720;436;313 920;-4.00%
12/07/2018;700;700;700;700;240;168 000;-2.78%
13/07/2018;675;675;675;675;1 196;807 300;-3.57%
16/07/2018;635;635;635;635;3 170;2 012 950;-5.93%
17/07/2018;650;650;650;650;78;50 700;2.36%
18/07/2018;695;695;695;695;5;3 475;6.92%
19/07/2018;700;700;700;700;500;350 000;0.72%
20/07/2018;705;705;705;705;577;406 785;0.71%
23/07/2018;700;700;700;700;1 025;717 500;-0.71%
24/07/2018;700;700;700;700;119;83 300;0.00%
25/07/2018;695;695;695;695;229;159 155;-0.71%
26/07/2018;695;695;695;695;1 235;858 325;0.00%
30/07/2018;695;695;695;695;529;367 655;0.00%
01/08/2018;700;700;700;700;645;451 500;0.72%
02/08/2018;695;695;695;695;391;271 745;-0.71%
03/08/2018;680;680;680;680;623;423 640;-2.16%
06/08/2018;680;680;680;680;623;423 640;0.00%
07/08/2018;680;680;680;680;623;423 640;0.00%
08/08/2018;690;690;690;690;575;396 750;1.47%
09/08/2018;680;680;680;680;1 270;863 600;-1.45%
10/08/2018;630;630;630;630;1 913;1 205 190;-7.35%
13/08/2018;620;620;620;620;1 262;782 440;-1.59%
14/08/2018;620;620;620;620;295;182 900;0.00%
20/08/2018;610;610;610;610;209;127 490;-1.61%
21/08/2018;610;610;610;610;209;127 490;0.00%
22/08/2018;605;605;605;605;1 167;706 035;-0.82%
23/08/2018;590;590;590;590;153;90 270;-2.48%
24/08/2018;560;560;560;560;429;240 240;-5.08%
28/08/2018;600;600;600;600;7 529;4 517 400;6.19%
29/08/2018;615;615;615;615;921;566 415;2.50%
30/08/2018;615;615;615;615;480;295 200;0.00%
31/08/2018;610;610;610;610;216;131 760;-0.81%
03/09/2018;600;600;600;600;1 415;849 000;-1.64%
04/09/2018;595;595;595;595;1 302;774 690;-0.83%
05/09/2018;580;580;580;580;2 287;1 326 460;-2.52%
06/09/2018;580;580;580;580;368;213 440;0.00%
07/09/2018;575;575;575;575;4 795;2 757 125;-0.86%
10/09/2018;570;570;570;570;120;68 400;-0.87%
11/09/2018;580;580;580;580;1 811;1 050 380;1.75%
12/09/2018;575;575;575;575;244;140 300;-0.86%
13/09/2018;575;575;575;575;791;454 825;0.00%
14/09/2018;580;580;580;580;346;200 680;0.87%
17/09/2018;580;580;580;580;346;200 680;0.00%
18/09/2018;580;580;580;580;212;122 960;0.00%
19/09/2018;585;585;585;585;59;34 515;0.86%
20/09/2018;590;590;590;590;20;11 800;0.85%
21/09/2018;600;600;600;600;580;348 000;1.69%
24/09/2018;600;600;600;600;2 469;1 481 400;0.00%
25/09/2018;580;580;580;580;1 655;959 900;-3.33%
26/09/2018;595;595;595;595;2 699;1 605 905;2.59%
27/09/2018;600;600;600;600;1 565;939 000;0.84%
28/09/2018;595;595;595;595;3 326;1 978 970;-0.83%
01/10/2018;585;585;585;585;2 910;1 702 350;-1.68%
02/10/2018;600;600;600;600;875;525 000;2.56%
03/10/2018;600;600;600;600;4 284;2 570 400;0.00%
04/10/2018;600;600;600;600;1 043;625 800;0.00%
05/10/2018;600;600;600;600;273;163 800;0.00%
08/10/2018;580;580;580;580;3 193;1 851 940;-3.33%
09/10/2018;600;600;600;600;115;69 000;3.45%
10/10/2018;600;600;600;600;100;60 000;0.00%
11/10/2018;600;600;600;600;1 701;1 020 600;0.00%
12/10/2018;600;600;600;600;123;73 800;0.00%
16/10/2018;585;585;585;585;5 927;3 467 295;-2.50%
17/10/2018;600;600;600;600;98;58 800;2.56%
18/10/2018;600;600;600;600;7 980;4 788 000;0.00%
19/10/2018;625;625;625;625;10;6 250;4.17%
22/10/2018;600;600;600;600;17 274;10 364 400;-4.00%
23/10/2018;640;640;640;640;5 506;3 523 840;6.67%
24/10/2018;640;640;640;640;3 300;2 112 000;0.00%
25/10/2018;635;635;635;635;200;127 000;-0.78%
26/10/2018;600;600;600;600;1 300;780 000;-5.51%
29/10/2018;630;630;630;630;50;31 500;5.00%
30/10/2018;630;630;630;630;2 636;1 660 680;0.00%
31/10/2018;630;630;630;630;3 233;2 036 790;0.00%
01/11/2018;630;630;630;630;3 233;2 036 790;0.00%
02/11/2018;630;630;630;630;464;292 320;0.00%
05/11/2018;620;620;620;620;1 031;639 220;-1.59%
06/11/2018;620;620;620;620;392;243 040;0.00%
07/11/2018;630;630;630;630;95;59 850;1.61%
08/11/2018;620;620;620;620;110;68 200;-1.59%
09/11/2018;620;620;620;620;402;249 240;0.00%
12/11/2018;610;610;610;610;617;376 370;-1.61%
13/11/2018;595;595;595;595;779;463 505;-2.46%
14/11/2018;575;575;575;575;466;267 950;-3.36%
15/11/2018;575;575;575;575;466;267 950;0.00%
16/11/2018;545;545;545;545;107;58 315;-5.22%
19/11/2018;545;545;545;545;1 440;784 800;0.00%
20/11/2018;545;545;545;545;1 440;784 800;0.00%
21/11/2018;510;510;510;510;1 801;918 510;-6.42%
22/11/2018;500;500;500;500;3 030;1 515 000;-1.96%
23/11/2018;500;500;500;500;402;201 000;0.00%
27/11/2018;480;480;480;480;609;292 320;-4.00%
28/11/2018;480;480;480;480;305;146 400;0.00%
29/11/2018;445;445;445;445;1 400;623 000;-7.29%
30/11/2018;445;445;445;445;3 443;1 532 135;0.00%
03/12/2018;445;445;445;445;19;8 455;0.00%
06/12/2018;475;475;475;475;126;59 850;6.74%
07/12/2018;505;505;505;505;900;454 500;6.32%
10/12/2018;500;500;500;500;687;343 500;-0.99%
11/12/2018;515;515;515;515;10 448;5 380 720;3.00%
12/12/2018;515;515;515;515;481;247 715;0.00%
13/12/2018;550;550;550;550;1 344;739 200;6.80%
14/12/2018;590;590;590;590;2 149;1 267 910;7.27%
17/12/2018;610;610;610;610;2 400;1 464 000;3.39%
18/12/2018;610;610;610;610;655;399 550;0.00%
19/12/2018;640;640;640;640;18 200;11 648 000;4.92%
21/12/2018;635;635;635;635;7 009;4 450 715;-0.78%
24/12/2018;635;635;635;635;330;209 550;0.00%
25/12/2018;635;635;635;635;330;209 550;0.00%
26/12/2018;635;635;635;635;5 100;3 238 500;0.00%
27/12/2018;600;600;600;600;4 210;2 526 000;-5.51%
28/12/2018;600;600;600;600;450;270 000;0.00%
31/12/2018;640;640;640;640;1 519;972 160;6.67%
02/01/2019;635;635;635;635;470;298 450;-0.78%
03/01/2019;595;595;595;595;423;251 685;-6.30%
04/01/2019;635;635;635;635;185;117 475;6.72%
07/01/2019;635;635;635;635;20;12 700;0.00%
09/01/2019;600;600;600;600;1 599;959 400;-5.51%
10/01/2019;600;600;600;600;3;1 800;0.00%
11/01/2019;600;600;600;600;79;47 400;0.00%
14/01/2019;595;595;595;595;818;486 710;-0.83%
16/01/2019;590;590;590;590;130;76 700;-0.84%
17/01/2019;550;595;595;550;18;10 305;-6.78%
18/01/2019;550;550;550;550;35;19 250;0.00%
22/01/2019;540;550;550;540;250;136 250;-1.82%
23/01/2019;540;540;540;540;255;137 700;0.00%
24/01/2019;500;500;500;500;743;371 500;-7.41%
25/01/2019;500;500;500;500;810;405 000;0.00%
28/01/2019;490;490;490;490;450;220 500;-2.00%
29/01/2019;485;485;485;485;50;24 250;-1.02%
30/01/2019;450;450;450;450;655;294 750;-7.22%
31/01/2019;455;450;455;450;2 193;992 333;1.11%
01/02/2019;460;450;460;450;7 949;3 616 795;1.10%
04/02/2019;490;490;490;490;1 700;833 000;6.52%
05/02/2019;525;525;525;525;2 000;1 050 000;7.14%
06/02/2019;550;550;550;550;50;27 500;4.76%
07/02/2019;580;535;580;535;2 305;1 285 038;5.45%
08/02/2019;610;590;610;590;8 634;5 180 400;5.17%
11/02/2019;610;610;610;610;1 556;949 160;0.00%
12/02/2019;595;595;595;595;15;8 925;-2.46%
14/02/2019;590;590;590;590;130;76 700;-0.84%
15/02/2019;590;580;590;580;898;525 330;0.00%
18/02/2019;580;580;580;580;900;522 000;-1.69%
19/02/2019;580;580;580;580;795;461 100;0.00%
20/02/2019;550;550;550;550;11;6 050;-5.17%
21/02/2019;525;550;550;525;257;138 138;-4.55%
22/02/2019;525;525;525;525;85;44 625;0.00%
26/02/2019;530;515;530;515;30;15 675;2.91%
27/02/2019;540;540;540;540;70;37 800;1.89%
01/03/2019;535;515;535;515;102;53 550;-0.93%
04/03/2019;520;535;535;520;376;198 340;-2.80%
05/03/2019;515;520;520;515;467;241 673;-0.96%
06/03/2019;515;515;515;515;245;126 175;0.00%
07/03/2019;500;530;530;500;2 092;1 077 380;-2.91%
08/03/2019;520;530;530;520;305;160 125;4.00%
11/03/2019;520;520;520;520;10;5 200;0.00%
12/03/2019;515;515;515;515;20;10 300;-0.96%
13/03/2019;505;505;505;505;392;197 960;-1.94%
14/03/2019;500;505;505;500;407;204 518;-0.99%
15/03/2019;535;475;535;475;2 530;1 277 650;7.00%
18/03/2019;510;550;550;510;320;169 600;-4.67%
19/03/2019;510;510;510;510;200;102 000;0.00%
20/03/2019;510;510;510;510;159;81 090;0.00%
21/03/2019;545;510;545;510;2 211;1 166 303;6.86%
22/03/2019;545;545;545;545;5;2 725;0.00%
25/03/2019;545;545;545;545;150;81 750;0.00%
26/03/2019;545;545;545;545;255;138 975;0.00%
27/03/2019;545;545;545;545;50;27 250;0.00%
28/03/2019;520;535;535;520;850;448 375;-4.59%
29/03/2019;540;540;540;540;10;5 400;3.85%
01/04/2019;530;545;545;530;106;56 975;-1.85%
02/04/2019;515;530;530;515;924;482 790;-2.83%
03/04/2019;510;510;510;510;93;47 430;-0.97%
04/04/2019;510;510;510;510;217;110 670;0.00%
05/04/2019;530;510;530;510;535;278 200;3.92%
08/04/2019;530;530;530;530;2 900;1 537 000;0.00%
09/04/2019;510;530;530;510;3 609;1 876 680;-3.77%
10/04/2019;510;510;510;510;5 440;2 774 400;0.00%
11/04/2019;500;510;510;500;6 006;3 033 030;-1.96%
12/04/2019;510;470;510;470;14 065;6 891 850;2.00%
16/04/2019;510;510;510;510;10;5 100;0.00%
17/04/2019;510;510;510;510;1 160;591 600;0.00%
18/04/2019;510;510;510;510;937;477 870;0.00%
19/04/2019;510;510;510;510;850;433 500;0.00%
22/04/2019;510;510;510;510;850;433 500;0.00%
23/04/2019;545;520;545;520;1 006;535 695;6.86%
24/04/2019;545;545;545;545;176;95 920;0.00%
25/04/2019;540;540;540;540;50;27 000;-0.92%
26/04/2019;540;515;540;515;3 032;1 599 380;0.00%
29/04/2019;510;540;540;510;1 206;633 150;-5.56%
30/04/2019;540;540;540;540;5;2 700;5.88%
01/05/2019;540;540;540;540;5;2 700;0.00%
02/05/2019;540;510;540;510;177;92 925;0.00%
03/05/2019;540;540;540;540;1 055;569 700;0.00%
06/05/2019;535;510;535;510;130;67 925;-0.93%
07/05/2019;525;525;525;525;816;428 400;-1.87%
09/05/2019;510;520;520;510;5 096;2 624 440;-2.86%
10/05/2019;525;525;525;525;2;1 050;2.94%
13/05/2019;515;520;520;515;284;146 970;-1.90%
14/05/2019;525;515;525;515;567;294 840;1.94%
15/05/2019;525;545;545;525;1 152;616 320;0.00%
16/05/2019;545;525;545;525;1 658;887 030;3.81%
17/05/2019;580;550;580;550;90;50 850;6.42%
20/05/2019;585;580;585;580;515;299 988;0.86%
21/05/2019;565;565;565;565;40;22 600;-3.42%
22/05/2019;545;545;545;545;30;16 350;-3.54%
23/05/2019;545;545;545;545;261;142 245;0.00%
27/05/2019;560;525;560;525;1 766;958 055;6.67%
28/05/2019;565;575;575;565;20;11 400;0.89%
29/05/2019;560;565;565;560;20;11 250;-0.88%
30/05/2019;560;565;565;560;20;11 250;0.00%
31/05/2019;550;550;550;550;3;1 650;-1.79%
03/06/2019;540;540;540;540;50;27 000;-1.82%
06/06/2019;520;520;520;520;200;104 000;-3.70%
07/06/2019;520;520;520;520;626;325 520;0.00%
11/06/2019;520;530;530;520;134;70 350;0.00%
12/06/2019;520;525;525;520;368;192 280;0.00%
13/06/2019;500;520;520;500;2 069;1 055 190;-3.85%
14/06/2019;480;500;500;480;2 913;1 427 370;-4.00%
17/06/2019;470;480;480;470;5 710;2 712 250;-2.08%
18/06/2019;480;500;500;480;3 605;1 766 450;2.13%
19/06/2019;485;480;485;480;105;50 663;1.04%
20/06/2019;480;490;490;480;655;317 675;-1.03%
21/06/2019;475;475;475;475;158;75 050;-1.04%
24/06/2019;475;475;475;475;992;471 200;0.00%
25/06/2019;445;475;475;445;1 601;736 460;-6.32%
26/06/2019;415;445;445;415;1 360;584 800;-6.74%
27/06/2019;445;445;445;445;250;111 250;7.23%
28/06/2019;445;445;445;445;415;184 675;0.00%
01/07/2019;445;445;445;445;272;121 040;0.00%
02/07/2019;430;445;445;430;614;268 625;-3.37%
03/07/2019;430;425;430;425;539;230 423;0.00%
04/07/2019;415;430;430;415;1 231;520 098;-3.49%
05/07/2019;415;415;415;415;429;178 035;0.00%
08/07/2019;420;415;420;415;500;208 750;1.20%
09/07/2019;400;420;420;400;4 858;1 991 780;-4.76%
10/07/2019;400;400;400;400;211;84 400;0.00%
11/07/2019;430;405;430;405;1 927;804 523;7.50%
12/07/2019;430;430;430;430;1 974;848 820;0.00%
15/07/2019;430;430;430;430;590;253 700;0.00%
16/07/2019;415;430;430;415;1 000;422 500;-3.49%
17/07/2019;420;430;430;420;702;298 350;1.20%
18/07/2019;420;420;420;420;2 431;1 021 020;0.00%
19/07/2019;400;385;400;385;772;303 010;-4.76%
22/07/2019;385;400;400;385;876;343 830;-3.75%
23/07/2019;390;385;390;385;483;187 163;1.30%
24/07/2019;390;390;390;390;40;15 600;0.00%
25/07/2019;380;390;390;380;1 274;490 490;-2.56%
26/07/2019;390;390;390;390;35;13 650;2.63%
29/07/2019;400;390;400;390;406;160 370;2.56%
30/07/2019;400;400;400;400;2 746;1 098 400;0.00%
31/07/2019;430;430;430;430;30;12 900;7.50%
01/08/2019;460;430;460;430;90;40 050;6.98%
02/08/2019;475;475;475;475;85;40 375;3.26%
05/08/2019;475;475;475;475;230;109 250;0.00%
06/08/2019;505;475;505;475;534;261 660;6.32%
07/08/2019;505;475;505;475;534;261 660;0.00%
08/08/2019;475;500;500;475;3 664;1 786 200;-5.94%
09/08/2019;470;475;475;470;208;98 280;-1.05%
12/08/2019;470;475;475;470;208;98 280;0.00%
13/08/2019;495;440;495;440;91;42 543;5.32%
14/08/2019;465;500;500;465;30 247;14 594 178;-6.06%
15/08/2019;465;500;500;465;30 247;14 594 178;0.00%
16/08/2019;495;465;495;465;987;473 760;6.45%
19/08/2019;490;490;490;490;90;44 100;-1.01%
20/08/2019;455;495;495;455;183;86 925;-7.14%
21/08/2019;475;475;475;475;2;950;4.40%
23/08/2019;470;470;470;470;23;10 810;0.00%
26/08/2019;455;450;455;450;74;33 485;-3.19%
27/08/2019;430;430;430;430;1 148;493 640;-5.49%
28/08/2019;455;460;460;455;30;13 725;5.81%
29/08/2019;455;455;455;455;75;34 125;0.00%
30/08/2019;435;430;435;430;445;192 463;-4.40%
02/09/2019;420;445;445;420;147;63 578;-3.45%
03/09/2019;410;420;420;410;193;80 095;-2.38%
04/09/2019;410;410;410;410;1 183;485 030;0.00%
05/09/2019;395;400;400;395;606;240 885;-3.66%
06/09/2019;400;400;400;400;2 229;891 600;1.27%
09/09/2019;420;420;420;420;84;35 280;5.00%
10/09/2019;420;420;420;420;118;49 560;0.00%
11/09/2019;445;430;445;430;300;131 250;5.95%
12/09/2019;445;420;445;420;1 370;592 525;0.00%
13/09/2019;445;445;445;445;724;322 180;0.00%
16/09/2019;440;435;440;435;4 863;2 127 563;-1.12%
17/09/2019;415;440;440;415;1 393;595 508;-5.68%
18/09/2019;415;415;415;415;930;385 950;0.00%
19/09/2019;415;415;415;415;2 000;830 000;0.00%
20/09/2019;445;445;445;445;40;17 800;7.23%
23/09/2019;415;415;415;415;77;31 955;-6.74%
24/09/2019;430;410;430;410;1 184;497 280;3.61%
26/09/2019;400;425;425;400;668;275 550;-6.98%
27/09/2019;375;370;375;370;320;119 200;-6.25%
30/09/2019;395;400;400;395;13 254;5 268 465;5.33%
01/10/2019;395;395;395;395;39;15 405;0.00%
02/10/2019;420;420;420;420;5;2 100;6.33%
03/10/2019;425;425;425;425;67;28 475;1.19%
04/10/2019;425;420;425;420;504;212 940;0.00%
07/10/2019;425;395;425;395;1 579;647 390;0.00%
08/10/2019;400;400;400;400;1;400;-5.88%
09/10/2019;400;400;400;400;40;16 000;0.00%
10/10/2019;390;400;400;390;1 016;401 320;-2.50%
11/10/2019;400;390;400;390;135;53 325;2.56%
14/10/2019;420;370;420;370;488;192 760;5.00%
15/10/2019;420;420;420;420;75;31 500;0.00%
16/10/2019;420;425;425;420;145;61 263;0.00%
18/10/2019;445;425;445;425;802;348 870;5.95%
21/10/2019;420;420;420;420;108;45 360;-5.62%
22/10/2019;420;415;420;415;702;293 085;0.00%
23/10/2019;420;420;420;420;560;235 200;0.00%
24/10/2019;415;420;420;415;200;83 500;-1.19%
25/10/2019;440;420;440;420;210;90 300;6.02%
28/10/2019;440;440;440;440;1 085;477 400;0.00%
29/10/2019;435;435;435;435;30;13 050;-1.14%
30/10/2019;440;440;440;440;5;2 200;1.15%
31/10/2019;440;440;440;440;70;30 800;0.00%
01/11/2019;440;440;440;440;70;30 800;0.00%
04/11/2019;440;440;440;440;113;49 720;0.00%
05/11/2019;425;440;440;425;16;6 920;-3.41%
06/11/2019;400;430;430;400;192;79 680;-5.88%
08/11/2019;430;400;430;400;357;148 155;7.50%
11/11/2019;400;400;400;400;135;54 000;-6.98%
12/11/2019;400;400;400;400;465;186 000;0.00%
13/11/2019;400;400;400;400;857;342 800;0.00%
18/11/2019;430;430;430;430;23;9 890;7.50%
19/11/2019;430;430;430;430;367;157 810;0.00%
22/11/2019;430;430;430;430;122;52 460;0.00%
28/11/2019;430;430;430;430;2 250;967 500;0.00%
03/12/2019;425;425;425;425;1 003;426 275;-1.16%
04/12/2019;420;430;430;420;499;212 075;-1.18%
09/12/2019;420;420;420;420;87;36 540;0.00%
10/12/2019;415;420;420;415;1 456;607 880;-1.19%
11/12/2019;410;410;410;410;290;118 900;-1.20%
12/12/2019;410;410;410;410;1 312;537 920;0.00%
17/12/2019;410;410;410;410;30;12 300;0.00%
18/12/2019;410;410;410;410;2 175;891 750;0.00%
19/12/2019;410;410;410;410;600;246 000;0.00%
24/12/2019;405;410;410;405;435;177 263;-1.22%
25/12/2019;405;410;410;405;435;177 263;0.00%
26/12/2019;405;410;410;405;2 139;871 643;0.00%
27/12/2019;405;405;405;405;776;314 280;0.00%
31/12/2019;435;405;435;405;119 895;50 355 900;7.41%
01/01/2020;435;405;435;405;119 895;50 355 900;0.00%
03/01/2020;435;435;435;435;500;217 500;0.00%
06/01/2020;415;435;435;415;496;210 800;-4.60%
07/01/2020;415;430;430;415;1 269;536 153;0.00%
08/01/2020;405;415;415;405;750;307 500;-2.41%
09/01/2020;415;400;415;400;23 343;9 512 273;2.47%
14/01/2020;430;430;430;430;30 148;12 963 640;3.61%
15/01/2020;450;435;450;435;37;16 373;4.65%
16/01/2020;450;450;450;450;2 753;1 238 850;0.00%
17/01/2020;450;450;450;450;15;6 750;0.00%
20/01/2020;480;450;480;450;440;204 600;6.67%
21/01/2020;480;480;480;480;60;28 800;0.00%
22/01/2020;455;455;455;455;530;241 150;-5.21%
23/01/2020;470;470;470;470;2;940;3.30%
24/01/2020;460;470;470;460;805;374 325;-2.13%
27/01/2020;465;460;465;460;60;27 750;1.09%
28/01/2020;465;465;465;465;15;6 975;0.00%
29/01/2020;460;465;465;460;1 010;467 125;-1.08%
30/01/2020;460;460;460;460;20;9 200;0.00%
31/01/2020;465;465;465;465;490;227 850;1.09%
03/02/2020;450;495;495;450;1 857;877 433;-3.23%
04/02/2020;450;450;450;450;1 168;525 600;0.00%
05/02/2020;450;450;450;450;500;225 000;0.00%
06/02/2020;455;450;455;450;259;117 198;1.11%
07/02/2020;450;455;455;450;2 125;961 563;-1.10%
10/02/2020;450;455;455;450;385;174 213;0.00%
11/02/2020;450;450;450;450;38 202;17 190 900;0.00%
12/02/2020;450;450;450;450;38 202;17 190 900;0.00%
13/02/2020;445;450;450;445;1 000;447 500;-1.11%
14/02/2020;450;450;450;450;950;427 500;1.12%
17/02/2020;450;450;450;450;90;40 500;0.00%
18/02/2020;450;450;450;450;2 311;1 039 950;0.00%
20/02/2020;450;425;450;425;3 278;1 434 125;0.00%
21/02/2020;450;450;450;450;3 200;1 440 000;0.00%
24/02/2020;450;450;450;450;2 675;1 203 750;0.00%
26/02/2020;480;480;480;480;1;480;6.67%
27/02/2020;475;480;480;475;138;65 895;-1.04%
02/03/2020;495;475;495;475;256;124 160;4.21%
03/03/2020;460;460;460;460;7 957;3 660 220;-7.07%
04/03/2020;485;485;485;485;505;244 925;5.43%
06/03/2020;485;485;485;485;178;86 330;0.00%
09/03/2020;450;485;485;450;1 892;884 510;-7.22%
10/03/2020;455;455;455;455;400;182 000;1.11%
11/03/2020;455;460;460;455;700;320 250;0.00%
12/03/2020;455;460;460;455;20 000;9 150 000;0.00%
13/03/2020;465;465;465;465;15;6 975;2.20%
16/03/2020;465;465;465;465;19;8 835;0.00%
17/03/2020;465;465;465;465;76;35 340;0.00%
18/03/2020;465;465;465;465;6;2 790;0.00%
19/03/2020;450;450;450;450;150;67 500;-3.23%
20/03/2020;450;450;450;450;53;23 850;0.00%
23/03/2020;455;460;460;455;74;33 855;1.11%
24/03/2020;435;440;440;435;1 627;711 813;-4.40%
25/03/2020;435;435;435;435;73;31 755;0.00%
30/03/2020;425;425;425;425;285;121 125;-2.30%
31/03/2020;400;425;425;400;765;315 563;-5.88%
01/04/2020;400;400;400;400;4;1 600;0.00%
02/04/2020;410;425;425;410;5 664;2 364 720;2.50%
07/04/2020;410;410;410;410;4 659;1 910 190;0.00%
09/04/2020;410;410;410;410;32;13 120;0.00%
14/04/2020;405;405;405;405;10;4 050;-1.22%
17/04/2020;395;395;395;395;180;71 100;-2.47%
21/04/2020;395;395;395;395;170;67 150;0.00%
22/04/2020;395;400;400;395;110;43 725;0.00%
23/04/2020;400;395;400;395;1 927;765 983;1.27%
24/04/2020;400;410;410;400;3 070;1 243 350;0.00%
27/04/2020;400;400;400;400;5;2 000;0.00%
28/04/2020;370;400;400;370;1 520;585 200;-7.50%
30/04/2020;390;390;390;390;1 500;585 000;5.41%
01/05/2020;390;390;390;390;1 500;585 000;0.00%
04/05/2020;385;400;400;385;206;80 855;-1.28%
06/05/2020;385;385;385;385;11;4 235;0.00%
07/05/2020;375;375;375;375;475;178 125;-2.60%
08/05/2020;365;375;375;365;2 020;747 400;-2.67%
11/05/2020;350;350;350;350;300;105 000;-4.11%
12/05/2020;340;350;350;340;808;278 760;-2.86%
14/05/2020;340;340;340;340;11 495;3 908 300;0.00%
15/05/2020;365;365;365;365;100;36 500;7.35%
18/05/2020;375;365;375;365;1 162;429 940;2.74%
19/05/2020;370;370;370;370;8;2 960;-1.33%
22/05/2020;370;375;375;370;35;13 038;0.00%
25/05/2020;370;370;370;370;118;43 660;0.00%
26/05/2020;350;365;365;350;1 459;521 593;-5.41%
27/05/2020;370;370;370;370;230;85 100;5.71%
28/05/2020;390;380;390;380;150;57 750;5.41%
29/05/2020;410;390;410;390;25;10 000;5.13%
01/06/2020;410;390;410;390;25;10 000;0.00%
02/06/2020;390;400;400;390;672;265 440;-4.88%
03/06/2020;370;375;375;370;819;305 078;-5.13%
04/06/2020;375;375;375;375;161;60 375;1.35%
05/06/2020;390;370;390;370;198;75 240;4.00%
08/06/2020;390;365;390;365;339;127 973;0.00%
10/06/2020;410;395;410;395;36;14 490;5.13%
11/06/2020;400;400;400;400;100;40 000;-2.44%
12/06/2020;410;395;410;395;679;273 298;2.50%
15/06/2020;410;410;410;410;123;50 430;0.00%
16/06/2020;430;380;430;380;201;81 405;4.88%
17/06/2020;440;425;440;425;400;173 000;2.33%
18/06/2020;430;440;440;430;105;45 675;-2.27%
19/06/2020;430;430;430;430;280;120 400;0.00%
22/06/2020;430;430;430;430;30;12 900;0.00%
23/06/2020;420;420;420;420;300;126 000;-2.33%
24/06/2020;425;420;425;420;2 129;899 503;1.19%
25/06/2020;430;430;430;430;186;79 980;1.18%
26/06/2020;435;430;435;430;650;281 125;1.16%
29/06/2020;455;435;455;435;7 180;3 195 100;4.60%
30/06/2020;485;485;485;485;21 454;10 405 190;6.59%
01/07/2020;480;470;480;470;24;11 400;-1.03%
02/07/2020;455;480;480;455;145 858;68 188 615;-5.21%
03/07/2020;475;480;480;475;55;26 263;4.40%
06/07/2020;465;470;470;465;702;328 185;-2.11%
07/07/2020;470;470;470;470;70;32 900;1.08%
09/07/2020;450;470;470;450;673;309 580;-4.26%
10/07/2020;430;440;440;430;664;288 840;-4.44%
13/07/2020;425;425;425;425;10 560;4 488 000;-1.16%
14/07/2020;420;420;420;420;3 865;1 623 300;-1.18%
15/07/2020;390;420;420;390;910;368 550;-7.14%
16/07/2020;390;390;390;390;244;95 160;0.00%
17/07/2020;395;395;395;395;3;1 185;1.28%
20/07/2020;390;400;400;390;145;57 275;-1.27%
21/07/2020;390;390;390;390;12;4 680;0.00%
22/07/2020;390;390;390;390;28;10 920;0.00%
24/07/2020;390;390;390;390;10;3 900;0.00%
28/07/2020;380;390;390;380;65;25 025;-2.56%
29/07/2020;390;385;390;385;5 441;2 108 388;2.63%
03/08/2020;390;390;390;390;4;1 560;0.00%
04/08/2020;390;390;390;390;3;1 170;0.00%
05/08/2020;390;390;390;390;10;3 900;0.00%
06/08/2020;390;390;390;390;155;60 450;0.00%
07/08/2020;390;390;390;390;155;60 450;0.00%
10/08/2020;370;390;390;370;1 052;399 760;-5.13%
11/08/2020;370;370;370;370;1 111;411 070;0.00%
12/08/2020;385;370;385;370;535;201 963;4.05%
13/08/2020;390;390;390;390;9;3 510;1.30%
14/08/2020;400;395;400;395;18;7 155;2.56%
17/08/2020;370;390;390;370;5 186;1 970 680;-7.50%
21/08/2020;360;360;360;360;1;360;-2.70%
24/08/2020;360;365;365;360;273 320;99 078 500;0.00%
25/08/2020;365;365;365;365;645;235 425;1.39%
26/08/2020;390;365;390;365;480;181 200;6.85%
27/08/2020;370;370;370;370;134;49 580;-5.13%
28/08/2020;380;370;380;370;203;76 125;2.70%
01/09/2020;390;380;390;380;45;17 325;2.63%
03/09/2020;390;390;390;390;137;53 430;0.00%
04/09/2020;365;365;365;365;200;73 000;-6.41%
07/09/2020;370;360;370;360;1 387;506 255;1.37%
08/09/2020;360;365;365;360;1 382;500 975;-2.70%
09/09/2020;365;365;365;365;118;43 070;1.39%
10/09/2020;360;360;360;360;2;720;-1.37%
11/09/2020;365;365;365;365;7;2 555;1.39%
14/09/2020;360;360;360;360;27;9 720;-1.37%
15/09/2020;360;360;360;360;27;9 720;0.00%
16/09/2020;350;365;365;350;191;68 283;-2.78%
17/09/2020;355;355;355;355;100;35 500;1.43%
18/09/2020;340;350;350;340;400;138 000;-4.23%
21/09/2020;340;340;340;340;338;114 920;0.00%
22/09/2020;340;340;340;340;45;15 300;0.00%
23/09/2020;340;340;340;340;45;15 300;0.00%
24/09/2020;340;340;340;340;45;15 300;0.00%
25/09/2020;340;340;340;340;45;15 300;0.00%
30/09/2020;365;365;365;365;15;5 475;7.35%
01/10/2020;350;365;365;350;200;71 500;-4.11%
02/10/2020;340;340;340;340;2 660;904 400;-2.86%
05/10/2020;365;365;365;365;5;1 825;7.35%
06/10/2020;360;350;360;350;101;35 855;-1.37%
07/10/2020;360;360;360;360;26;9 360;0.00%
08/10/2020;360;360;360;360;1 100;396 000;0.00%
14/10/2020;360;360;360;360;105;37 800;0.00%
15/10/2020;360;360;360;360;77;27 720;0.00%
16/10/2020;360;360;360;360;9;3 240;0.00%
19/10/2020;365;360;365;360;83;30 088;1.39%
20/10/2020;365;365;365;365;20;7 300;0.00%
21/10/2020;365;365;365;365;120;43 800;0.00%
22/10/2020;365;365;365;365;33;12 045;0.00%
23/10/2020;365;365;365;365;150;54 750;0.00%
27/10/2020;360;360;360;360;358;128 880;-1.37%
28/10/2020;350;360;360;350;500;177 500;-2.78%
29/10/2020;350;360;360;350;500;177 500;0.00%
30/10/2020;350;350;350;350;12;4 200;0.00%
02/11/2020;350;345;350;345;293;101 818;0.00%
03/11/2020;350;350;350;350;69;24 150;0.00%
04/11/2020;350;350;350;350;120;42 000;0.00%
06/11/2020;340;350;350;340;1 528;527 160;-2.86%
09/11/2020;335;340;340;335;1 770;597 375;-1.47%
10/11/2020;335;335;335;335;55;18 425;0.00%
11/11/2020;350;335;350;335;470;160 975;4.48%
12/11/2020;350;350;350;350;23 216;8 125 600;0.00%
16/11/2020;370;350;370;350;71;25 560;5.71%
17/11/2020;375;370;375;370;538;200 405;1.35%
18/11/2020;380;375;380;375;200;75 500;1.33%
19/11/2020;380;380;380;380;20;7 600;0.00%
20/11/2020;380;380;380;380;5;1 900;0.00%
23/11/2020;400;375;400;375;152 232;58 989 900;5.26%
24/11/2020;370;370;370;370;10;3 700;-7.50%
25/11/2020;370;370;370;370;400;148 000;0.00%
26/11/2020;390;390;390;390;40;15 600;5.41%
27/11/2020;370;370;370;370;20;7 400;-5.13%
02/12/2020;350;370;370;350;1 652;594 720;-5.41%
03/12/2020;370;370;370;370;190;70 300;5.71%
04/12/2020;350;375;375;350;47;17 038;-5.41%
07/12/2020;360;360;360;360;50;18 000;2.86%
08/12/2020;385;360;385;360;173;64 443;6.94%
09/12/2020;385;385;385;385;130;50 050;0.00%
14/12/2020;385;360;385;360;9;3 353;0.00%
15/12/2020;380;360;380;360;381;140 970;-1.30%
16/12/2020;360;360;360;360;450;162 000;-5.26%
17/12/2020;385;350;385;350;1 891;694 943;6.94%
18/12/2020;385;385;385;385;17;6 545;0.00%
21/12/2020;385;385;385;385;100;38 500;0.00%
22/12/2020;380;380;380;380;285;108 300;-1.30%
23/12/2020;380;360;380;360;20 642;7 637 540;0.00%
24/12/2020;380;380;380;380;14;5 320;0.00%
25/12/2020;380;380;380;380;14;5 320;0.00%
28/12/2020;375;380;380;375;220;83 050;-1.32%
29/12/2020;360;360;360;360;510;183 600;-4.00%
31/12/2020;360;360;360;360;799;287 640;0.00%
04/01/2021;375;360;375;360;416;152 880;4.17%
05/01/2021;360;375;375;360;485;178 238;-4.00%
06/01/2021;360;360;360;360;150;54 000;0.00%
07/01/2021;360;365;365;360;2 354;853 325;0.00%
08/01/2021;360;360;360;360;4 928;1 774 080;0.00%
11/01/2021;350;360;360;350;1 283;455 465;-2.78%
12/01/2021;365;360;365;360;7 570;2 744 125;4.29%
13/01/2021;375;375;375;375;3 061;1 147 875;2.74%
14/01/2021;390;390;390;390;30 960;12 074 400;4.00%
15/01/2021;375;390;390;375;157;60 053;-3.85%
18/01/2021;375;375;375;375;15;5 625;0.00%
19/01/2021;395;395;395;395;360;142 200;5.33%
20/01/2021;375;400;400;375;1 145;443 688;-5.06%
21/01/2021;395;395;395;395;200;79 000;5.33%
22/01/2021;395;375;395;375;23;8 855;0.00%
25/01/2021;400;395;400;395;2 704;1 074 840;1.27%
26/01/2021;400;400;400;400;150;60 000;0.00%
27/01/2021;400;370;400;370;35 137;13 527 745;0.00%
28/01/2021;415;400;415;400;5 663;2 307 673;3.75%
29/01/2021;435;400;435;400;455;189 963;4.82%
01/02/2021;465;415;465;415;2 108;927 520;6.90%
02/02/2021;445;450;450;445;462;206 745;-4.30%
03/02/2021;475;445;475;445;3 333;1 533 180;6.74%
04/02/2021;475;470;475;470;5 850;2 764 125;0.00%
05/02/2021;475;475;475;475;1 056;501 600;0.00%
08/02/2021;500;440;500;440;73 825;34 697 750;5.26%
09/02/2021;470;475;475;470;778;367 605;-6.00%
10/02/2021;435;470;470;435;60;27 150;-7.45%
11/02/2021;435;440;440;435;195;85 313;0.00%
15/02/2021;405;405;405;405;181;73 305;-6.90%
16/02/2021;395;400;400;395;193;76 718;-2.47%
17/02/2021;395;395;395;395;65;25 675;0.00%
18/02/2021;380;380;380;380;5 630;2 139 400;-3.80%
19/02/2021;375;365;375;365;170;62 900;-1.32%
22/02/2021;370;370;370;370;658;243 460;-1.33%
23/02/2021;365;365;365;365;4 595;1 677 175;-1.35%
24/02/2021;370;365;370;365;561;206 168;1.37%
25/02/2021;370;370;370;370;943;348 910;0.00%
26/02/2021;395;370;395;370;110;42 075;6.76%
02/03/2021;390;390;390;390;500;195 000;-1.27%
03/03/2021;405;400;405;400;324;130 410;3.85%
04/03/2021;400;405;405;400;576;231 840;-1.23%
08/03/2021;395;395;395;395;115;45 425;-1.25%
09/03/2021;395;395;395;395;20;7 900;0.00%
10/03/2021;400;400;400;400;50;20 000;1.27%
11/03/2021;400;400;400;400;122;48 800;0.00%
12/03/2021;400;400;400;400;2 524;1 009 600;0.00%
15/03/2021;390;390;390;390;204;79 560;-2.50%
16/03/2021;400;405;405;400;265;106 663;2.56%
17/03/2021;390;400;400;390;141;55 695;-2.50%
18/03/2021;390;390;390;390;832;324 480;0.00%
23/03/2021;390;390;390;390;376;146 640;0.00%
24/03/2021;400;400;400;400;3 489;1 395 600;2.56%
25/03/2021;400;400;400;400;52;20 800;0.00%
26/03/2021;430;400;430;400;273;113 295;7.50%
30/03/2021;420;420;420;420;5;2 100;-2.33%
31/03/2021;420;420;420;420;50;21 000;0.00%
01/04/2021;415;410;415;410;545;224 813;-1.19%
02/04/2021;415;415;415;415;155;64 325;0.00%
05/04/2021;415;415;415;415;155;64 325;0.00%
06/04/2021;415;415;415;415;305;126 575;0.00%
07/04/2021;410;410;410;410;205;84 050;-1.20%
08/04/2021;410;390;410;390;160;64 000;0.00%
09/04/2021;410;390;410;390;87;34 800;0.00%
12/04/2021;415;415;415;415;500;207 500;1.22%
13/04/2021;430;410;430;410;1 030;432 600;3.61%
14/04/2021;430;430;430;430;3;1 290;0.00%
15/04/2021;410;430;430;410;1 088;456 960;-4.65%
20/04/2021;430;425;430;425;1 840;786 600;4.88%
21/04/2021;415;415;415;415;100;41 500;-3.49%
22/04/2021;435;430;435;430;2 265;979 613;4.82%
23/04/2021;435;435;435;435;150;65 250;0.00%
26/04/2021;435;435;435;435;473;205 755;0.00%
27/04/2021;430;430;430;430;497;213 710;-1.15%
28/04/2021;430;435;435;430;359;155 268;0.00%
29/04/2021;435;435;435;435;250;108 750;1.16%
03/05/2021;435;410;435;410;91;38 448;0.00%
04/05/2021;415;415;415;415;20;8 300;-4.60%
06/05/2021;430;430;430;430;50;21 500;3.61%
07/05/2021;440;435;440;435;2 119;927 063;2.33%
10/05/2021;440;435;440;435;291;127 313;0.00%
14/05/2021;440;440;440;440;2;880;0.00%
17/05/2021;435;435;435;435;1 959;852 165;-1.14%
18/05/2021;430;430;430;430;144;61 920;-1.15%
19/05/2021;425;430;430;425;118;50 445;-1.16%
20/05/2021;435;435;435;435;7;3 045;2.35%
21/05/2021;430;435;435;430;194;83 905;-1.15%
24/05/2021;430;435;435;430;194;83 905;0.00%
25/05/2021;400;440;440;400;2 965;1 245 300;-6.98%
26/05/2021;430;400;430;400;2 710;1 124 650;7.50%
27/05/2021;430;430;430;430;20;8 600;0.00%
28/05/2021;460;430;460;430;920;409 400;6.98%
31/05/2021;490;490;490;490;2 424;1 187 760;6.52%
01/06/2021;485;490;490;485;1 826;890 175;-1.02%
02/06/2021;500;490;500;490;2 564;1 269 180;3.09%
03/06/2021;535;500;535;500;4 321;2 236 118;7.00%
04/06/2021;575;575;575;575;1 548;890 100;7.48%
07/06/2021;615;600;615;600;1 625;987 188;6.96%
08/06/2021;660;660;660;660;2 981;1 967 460;7.32%
09/06/2021;705;705;705;705;4 011;2 827 755;6.82%
10/06/2021;755;755;755;755;3 173;2 395 615;7.09%
11/06/2021;810;810;810;810;4 731;3 832 110;7.28%
14/06/2021;750;820;820;750;5 674;4 454 090;-7.41%
15/06/2021;720;725;725;720;10 824;7 820 340;-4.00%
16/06/2021;720;715;720;715;34 461;24 725 768;0.00%
17/06/2021;700;700;700;700;10 543;7 380 100;-2.78%
18/06/2021;660;700;700;660;11 146;7 579 280;-5.71%
21/06/2021;650;670;670;650;762;502 920;-1.52%
22/06/2021;605;650;650;605;6 458;4 052 395;-6.92%
23/06/2021;605;605;605;605;4 626;2 798 730;0.00%
24/06/2021;650;575;650;575;2 454;1 503 075;7.44%
25/06/2021;645;645;645;645;221;142 545;-0.77%
28/06/2021;640;640;640;640;660;422 400;-0.78%
29/06/2021;610;610;610;610;7 154;4 363 940;-4.69%
30/06/2021;610;610;610;610;6 242;3 807 620;0.00%
01/07/2021;620;625;625;620;2 945;1 833 263;1.64%
02/07/2021;640;630;640;630;321;203 835;3.23%
05/07/2021;685;685;685;685;48;32 880;7.03%
06/07/2021;645;650;650;645;1 832;1 186 220;-5.84%
07/07/2021;650;650;650;650;1 518;986 700;0.78%
08/07/2021;645;650;650;645;105;67 988;-0.77%
09/07/2021;640;640;640;640;770;492 800;-0.78%
12/07/2021;645;645;645;645;1 605;1 035 225;0.78%
13/07/2021;650;650;650;650;2 251;1 463 150;0.78%
14/07/2021;680;655;680;655;7 285;4 862 738;4.62%
15/07/2021;670;660;670;660;726;482 790;-1.47%
16/07/2021;675;670;675;670;128;86 080;0.75%
19/07/2021;655;675;675;655;119;79 135;-2.96%
20/07/2021;655;675;675;655;119;79 135;0.00%
21/07/2021;665;660;665;660;238;157 675;1.53%
22/07/2021;660;655;660;655;1 118;735 085;-0.75%
23/07/2021;675;660;675;660;1 029;686 858;2.27%
26/07/2021;725;660;725;660;4 442;3 076 085;7.41%
27/07/2021;725;725;725;725;646;468 350;0.00%
28/07/2021;725;675;725;675;1 954;1 367 800;0.00%
29/07/2021;725;720;725;720;200;144 500;0.00%
30/07/2021;720;680;720;680;1 316;921 200;-0.69%
02/08/2021;720;720;720;720;326;234 720;0.00%
03/08/2021;720;700;720;700;202;143 420;0.00%
04/08/2021;715;715;715;715;1 430;1 022 450;-0.69%
05/08/2021;720;715;720;715;791;567 543;0.70%
06/08/2021;760;750;760;750;2 000;1 510 000;5.56%
09/08/2021;760;760;760;760;971;737 960;0.00%
10/08/2021;760;755;760;755;460;348 450;0.00%
11/08/2021;775;760;775;760;1 132;868 810;1.97%
12/08/2021;800;770;800;770;12 879;10 110 015;3.23%
13/08/2021;835;800;835;800;3 302;2 699 385;4.38%
16/08/2021;795;800;800;795;2 220;1 770 450;-4.79%
17/08/2021;795;795;795;795;140;111 300;0.00%
18/08/2021;825;775;825;775;1 348;1 078 400;3.77%
19/08/2021;805;820;820;805;382;310 375;-2.42%
20/08/2021;800;800;800;800;1 656;1 324 800;-0.62%
23/08/2021;825;825;825;825;1 832;1 511 400;3.13%
24/08/2021;820;810;820;810;952;775 880;-0.61%
25/08/2021;800;820;820;800;13 670;11 072 700;-2.44%
26/08/2021;800;800;800;800;379;303 200;0.00%
27/08/2021;800;800;800;800;285;228 000;0.00%
30/08/2021;825;800;825;800;700;568 750;3.13%
31/08/2021;815;815;815;815;221;180 115;-1.21%
01/09/2021;820;820;820;820;1 620;1 328 400;0.61%
02/09/2021;835;815;835;815;3 880;3 201 000;1.83%
03/09/2021;805;825;825;805;600;489 000;-3.59%
06/09/2021;800;810;810;800;1 520;1 223 600;-0.62%
07/09/2021;830;805;830;805;7 181;5 870 468;3.75%
08/09/2021;830;800;830;800;10 302;8 396 130;0.00%
09/09/2021;830;830;830;830;699;580 170;0.00%
10/09/2021;830;830;830;830;2 153;1 786 990;0.00%
13/09/2021;850;850;850;850;470;399 500;2.41%
14/09/2021;850;850;850;850;375;318 750;0.00%
15/09/2021;820;820;820;820;4 556;3 735 920;-3.53%
16/09/2021;850;850;850;850;280;238 000;3.66%
17/09/2021;850;835;850;835;2 530;2 131 525;0.00%
20/09/2021;850;850;850;850;37 755;32 091 750;0.00%
21/09/2021;850;820;850;820;8 646;7 219 410;0.00%
22/09/2021;835;830;835;830;5 372;4 472 190;-1.76%
23/09/2021;840;850;850;840;2 951;2 493 595;0.60%
24/09/2021;840;840;840;840;1 660;1 394 400;0.00%
27/09/2021;850;840;850;840;5 255;4 440 475;1.19%
28/09/2021;850;840;850;840;3 476;2 937 220;0.00%
29/09/2021;840;850;850;840;1 346;1 137 370;-1.18%
30/09/2021;840;850;850;840;800;676 000;0.00%
01/10/2021;850;845;850;845;186;157 635;1.19%
04/10/2021;850;850;850;850;1 521;1 292 850;0.00%
05/10/2021;850;850;850;850;120;102 000;0.00%
06/10/2021;850;850;850;850;253;215 050;0.00%
07/10/2021;840;850;850;840;1 842;1 556 490;-1.18%
08/10/2021;850;840;850;840;385;325 325;1.19%
11/10/2021;910;850;910;850;5 312;4 674 560;7.06%
12/10/2021;970;910;970;910;1 413;1 328 220;6.59%
13/10/2021;1 040;950;1 040;950;2 064;2 053 680;7.22%
14/10/2021;1 030;1 005;1 030;1 005;1 225;1 246 438;-0.96%
15/10/2021;1 105;1 030;1 105;1 030;3 640;3 885 700;7.28%
18/10/2021;1 105;1 030;1 105;1 030;3 640;3 885 700;0.00%
19/10/2021;1 025;1 105;1 105;1 025;516;549 540;-7.24%
20/10/2021;1 100;1 025;1 100;1 025;1 078;1 145 375;7.32%
21/10/2021;1 090;1 100;1 100;1 090;331;362 445;-0.91%
22/10/2021;1 050;1 090;1 090;1 050;970;1 037 900;-3.67%
25/10/2021;1 045;1 050;1 050;1 045;142;148 745;-0.48%
26/10/2021;1 040;1 045;1 045;1 040;15 065;15 705 263;-0.48%
27/10/2021;1 025;1 030;1 030;1 025;580;595 950;-1.44%
28/10/2021;1 040;1 025;1 040;1 025;2 121;2 189 933;1.46%
29/10/2021;1 115;1 045;1 115;1 045;4 835;5 221 800;7.21%
01/11/2021;1 115;1 045;1 115;1 045;4 835;5 221 800;0.00%
02/11/2021;1 185;1 140;1 185;1 140;5 256;6 110 100;6.28%
03/11/2021;1 200;1 215;1 215;1 200;1 525;1 841 438;1.27%
04/11/2021;1 200;1 250;1 250;1 200;2 842;3 481 450;0.00%
05/11/2021;1 150;1 150;1 150;1 150;15 946;18 337 900;-4.17%
08/11/2021;1 100;1 150;1 150;1 100;2 485;2 795 625;-4.35%
09/11/2021;1 020;1 115;1 115;1 020;842;898 835;-7.27%
10/11/2021;1 095;1 000;1 095;1 000;2 883;3 019 943;7.35%
11/11/2021;1 150;1 100;1 150;1 100;4 325;4 865 625;5.02%
12/11/2021;1 235;1 105;1 235;1 105;17 954;21 006 180;7.39%
15/11/2021;1 235;1 105;1 235;1 105;17 954;21 006 180;0.00%
16/11/2021;1 305;1 240;1 305;1 240;1 520;1 934 200;5.67%
17/11/2021;1 400;1 315;1 400;1 315;3 256;4 420 020;7.28%
18/11/2021;1 295;1 450;1 450;1 295;6 110;8 385 975;-7.50%
19/11/2021;1 300;1 295;1 300;1 295;8 853;11 486 768;0.39%
22/11/2021;1 215;1 300;1 300;1 215;503;632 523;-6.54%
23/11/2021;1 290;1 290;1 290;1 290;491;633 390;6.17%
24/11/2021;1 290;1 290;1 290;1 290;1 523;1 964 670;0.00%
25/11/2021;1 350;1 285;1 350;1 285;3 070;4 044 725;4.65%
26/11/2021;1 300;1 340;1 340;1 300;1 017;1 342 440;-3.70%
29/11/2021;1 300;1 305;1 305;1 300;1 351;1 759 678;0.00%
30/11/2021;1 395;1 345;1 395;1 345;1 376;1 885 120;7.31%
01/12/2021;1 300;1 310;1 310;1 300;1 524;1 988 820;-6.81%
02/12/2021;1 375;1 390;1 390;1 375;24;33 180;5.77%
03/12/2021;1 375;1 390;1 390;1 375;33;45 623;0.00%
06/12/2021;1 350;1 350;1 350;1 350;639;862 650;-1.82%
07/12/2021;1 345;1 350;1 350;1 345;30 351;40 897 973;-0.37%
08/12/2021;1 325;1 260;1 325;1 260;1 895;2 449 288;-1.49%
09/12/2021;1 325;1 325;1 325;1 325;51;67 575;0.00%
10/12/2021;1 325;1 325;1 325;1 325;4 415;5 849 875;0.00%
13/12/2021;1 295;1 325;1 325;1 295;625;818 750;-2.26%
14/12/2021;1 295;1 295;1 295;1 295;120;155 400;0.00%
15/12/2021;1 295;1 290;1 295;1 290;892;1 152 910;0.00%
16/12/2021;1 285;1 290;1 290;1 285;3 331;4 288 663;-0.77%
17/12/2021;1 285;1 250;1 285;1 250;13 021;16 504 118;0.00%
20/12/2021;1 255;1 250;1 255;1 250;1 465;1 834 913;-2.33%
21/12/2021;1 215;1 245;1 245;1 215;711;874 530;-3.19%
22/12/2021;1 245;1 215;1 245;1 215;370;455 100;2.47%
23/12/2021;1 260;1 245;1 260;1 245;2 839;3 555 848;1.20%
24/12/2021;1 215;1 260;1 260;1 215;325;402 188;-3.57%
27/12/2021;1 270;1 260;1 270;1 260;284;359 260;4.53%
28/12/2021;1 250;1 250;1 250;1 250;444;555 000;-1.57%
29/12/2021;1 250;1 200;1 250;1 200;82;100 450;0.00%
30/12/2021;1 245;1 250;1 250;1 245;409;510 228;-0.40%
31/12/2021;1 190;1 245;1 245;1 190;71;86 443;-4.42%
03/01/2022;1 105;1 190;1 190;1 105;3 140;3 603 150;-7.14%
04/01/2022;1 185;1 115;1 185;1 115;274;315 100;7.24%
05/01/2022;1 190;1 190;1 190;1 190;540;642 600;0.42%
06/01/2022;1 250;1 190;1 250;1 190;1 160;1 415 200;5.04%
07/01/2022;1 240;1 250;1 250;1 240;709;882 705;-0.80%
10/01/2022;1 200;1 150;1 200;1 150;369;433 575;-3.23%
11/01/2022;1 200;1 130;1 200;1 130;31;36 115;0.00%
12/01/2022;1 200;1 200;1 200;1 200;15;18 000;0.00%
13/01/2022;1 200;1 200;1 200;1 200;261;313 200;0.00%
14/01/2022;1 230;1 200;1 230;1 200;1 187;1 442 205;2.50%
17/01/2022;1 230;1 205;1 230;1 205;145;176 538;0.00%
18/01/2022;1 235;1 235;1 235;1 235;2 453;3 029 455;0.41%
19/01/2022;1 235;1 235;1 235;1 235;4;4 940;0.00%
20/01/2022;1 235;1 235;1 235;1 235;150;185 250;0.00%
21/01/2022;1 230;1 200;1 230;1 200;110;133 650;-0.40%
24/01/2022;1 140;1 200;1 200;1 140;5 181;6 061 770;-7.32%
25/01/2022;1 120;1 120;1 120;1 120;2 387;2 673 440;-1.75%
26/01/2022;1 125;1 125;1 125;1 125;78;87 750;0.45%
27/01/2022;1 200;1 120;1 200;1 120;1 200;1 392 000;6.67%
28/01/2022;1 250;1 130;1 250;1 130;757;900 830;4.17%
31/01/2022;1 250;1 245;1 250;1 245;282;351 795;0.00%
01/02/2022;1 200;1 220;1 220;1 200;564;682 440;-4.00%
02/02/2022;1 205;1 200;1 205;1 200;125;150 313;0.42%
03/02/2022;1 165;1 200;1 200;1 165;831;982 658;-3.32%
04/02/2022;1 150;1 150;1 150;1 150;432;496 800;-1.29%
07/02/2022;1 165;1 155;1 165;1 155;51;59 160;1.30%
08/02/2022;1 200;1 155;1 200;1 155;312;367 380;3.00%
09/02/2022;1 155;1 160;1 160;1 155;810;937 575;-3.75%
10/02/2022;1 155;1 160;1 160;1 155;2 072;2 398 340;0.00%
11/02/2022;1 155;1 125;1 155;1 125;1 572;1 792 080;0.00%
14/02/2022;1 195;1 155;1 195;1 155;1 831;2 151 425;3.46%
15/02/2022;1 195;1 195;1 195;1 195;1 118;1 336 010;0.00%
16/02/2022;1 190;1 160;1 190;1 160;852;1 001 100;-0.42%
17/02/2022;1 160;1 185;1 185;1 160;2 847;3 338 108;-2.52%
18/02/2022;1 155;1 160;1 160;1 155;1 079;1 248 943;-0.43%
21/02/2022;1 160;1 150;1 160;1 150;2 336;2 698 080;0.43%
22/02/2022;1 160;1 150;1 160;1 150;3 686;4 257 330;0.00%
23/02/2022;1 200;1 160;1 200;1 160;198;233 640;3.45%
24/02/2022;1 200;1 170;1 200;1 170;1 700;2 014 500;0.00%
25/02/2022;1 215;1 200;1 215;1 200;2 189;2 643 218;1.25%
28/02/2022;1 165;1 255;1 255;1 165;4 190;5 069 900;-4.12%
01/03/2022;1 200;1 200;1 200;1 200;1 300;1 560 000;3.00%
02/03/2022;1 200;1 165;1 200;1 165;351;415 058;0.00%
03/03/2022;1 200;1 175;1 200;1 175;1 126;1 337 125;0.00%
04/03/2022;1 200;1 200;1 200;1 200;283;339 600;0.00%
07/03/2022;1 200;1 170;1 200;1 170;748;886 380;0.00%
08/03/2022;1 180;1 180;1 180;1 180;970;1 144 600;-1.67%
09/03/2022;1 170;1 170;1 170;1 170;380;444 600;-0.85%
10/03/2022;1 170;1 160;1 170;1 160;1 538;1 791 770;0.00%
11/03/2022;1 180;1 175;1 180;1 175;395;465 113;0.85%
14/03/2022;1 165;1 175;1 175;1 165;985;1 152 450;-1.27%
15/03/2022;1 165;1 165;1 165;1 165;177;206 205;0.00%
16/03/2022;1 170;1 175;1 175;1 170;1 179;1 382 378;0.43%
17/03/2022;1 175;1 165;1 175;1 165;863;1 009 710;0.43%
18/03/2022;1 160;1 170;1 170;1 160;196;228 340;-1.28%
21/03/2022;1 175;1 160;1 175;1 160;535;624 613;1.29%
22/03/2022;1 195;1 175;1 195;1 175;1 095;1 297 575;1.70%
23/03/2022;1 190;1 195;1 195;1 190;12;14 310;-0.42%
24/03/2022;1 185;1 195;1 195;1 185;462;549 780;-0.42%
25/03/2022;1 190;1 180;1 190;1 180;1 530;1 813 050;0.42%
28/03/2022;1 195;1 195;1 195;1 195;1 281;1 530 795;0.42%
29/03/2022;1 190;1 195;1 195;1 190;8;9 540;-0.42%
30/03/2022;1 150;1 190;1 190;1 150;411;480 870;-3.36%
31/03/2022;1 150;1 150;1 150;1 150;194;223 100;0.00%
01/04/2022;1 145;1 120;1 145;1 120;1 265;1 432 613;-0.43%
04/04/2022;1 140;1 145;1 145;1 140;1 320;1 508 100;-0.44%
05/04/2022;1 120;1 140;1 140;1 120;1 644;1 857 720;-1.75%
06/04/2022;1 140;1 140;1 140;1 140;937;1 068 180;1.79%
07/04/2022;1 135;1 135;1 135;1 135;234;265 590;-0.44%
08/04/2022;1 135;1 135;1 135;1 135;223;253 105;0.00%
11/04/2022;1 140;1 135;1 140;1 135;1 007;1 145 463;0.44%
12/04/2022;1 150;1 060;1 150;1 060;1 966;2 172 430;0.88%
13/04/2022;1 150;1 150;1 150;1 150;409;470 350;0.00%
14/04/2022;1 070;1 150;1 150;1 070;1 773;1 968 030;-6.96%
15/04/2022;1 080;1 075;1 080;1 075;239;257 523;0.93%
19/04/2022;1 060;1 070;1 070;1 060;839;893 535;-1.85%
20/04/2022;1 060;1 070;1 070;1 060;449;478 185;0.00%
21/04/2022;1 060;1 060;1 060;1 060;422;447 320;0.00%
22/04/2022;1 060;1 060;1 060;1 060;2 188;2 319 280;0.00%
25/04/2022;1 080;1 060;1 080;1 060;14 744;15 776 080;1.89%
26/04/2022;1 085;1 085;1 085;1 085;186;201 810;0.46%
27/04/2022;1 145;1 150;1 150;1 145;730;837 675;5.53%
28/04/2022;1 145;1 150;1 150;1 145;730;837 675;0.00%
29/04/2022;1 145;1 145;1 145;1 145;3 927;4 496 415;0.00%
02/05/2022;1 145;1 145;1 145;1 145;3 927;4 496 415;0.00%
03/05/2022;1 145;1 145;1 145;1 145;187;214 115;0.00%
04/05/2022;1 100;1 080;1 100;1 080;2 331;2 540 790;-3.93%
05/05/2022;1 080;1 100;1 100;1 080;37 125;40 466 250;-1.82%
06/05/2022;1 080;1 100;1 100;1 080;160;174 400;0.00%
09/05/2022;1 055;1 135;1 135;1 055;260;284 700;-2.31%
10/05/2022;1 055;1 055;1 055;1 055;823;868 265;0.00%
11/05/2022;1 050;1 050;1 050;1 050;500;525 000;-0.47%
12/05/2022;1 050;1 050;1 050;1 050;500;525 000;0.00%
13/05/2022;1 005;1 050;1 050;1 005;1 350;1 387 125;-4.29%
16/05/2022;1 005;1 005;1 005;1 005;175;175 875;0.00%
17/05/2022;930;1 000;1 000;930;435;419 775;-7.46%
18/05/2022;865;930;930;865;2 998;2 690 705;-6.99%
19/05/2022;860;860;860;860;1 640;1 410 400;-0.58%
20/05/2022;865;860;865;860;1 553;1 339 463;0.58%
23/05/2022;865;865;865;865;155;134 075;0.00%
24/05/2022;860;860;860;860;569;489 340;-0.58%
25/05/2022;850;850;850;850;257;218 450;-1.16%
26/05/2022;850;850;850;850;257;218 450;0.00%
27/05/2022;800;790;800;790;1 117;888 015;-5.88%
30/05/2022;850;805;850;805;769;636 348;6.25%
31/05/2022;850;850;850;850;301;255 850;0.00%
01/06/2022;800;850;850;800;3 284;2 709 300;-5.88%
02/06/2022;795;800;800;795;2 053;1 637 268;-0.63%
03/06/2022;800;740;800;740;2 999;2 309 230;0.63%
06/06/2022;800;740;800;740;2 999;2 309 230;0.00%
07/06/2022;790;790;790;790;2 334;1 843 860;-1.25%
08/06/2022;735;800;800;735;53 735;41 241 613;-6.96%
09/06/2022;850;850;850;850;2 182;1 854 700;15.65%
10/06/2022;910;850;910;850;5 000;4 400 000;7.06%
13/06/2022;965;910;965;910;677;634 688;6.04%
14/06/2022;955;980;980;955;700;677 250;-1.04%
15/06/2022;950;950;950;950;1 592;1 512 400;-0.52%
16/06/2022;910;920;920;910;1 229;1 124 535;-4.21%
17/06/2022;910;910;910;910;704;640 640;0.00%
20/06/2022;900;900;900;900;1 680;1 512 000;-1.10%
21/06/2022;865;910;910;865;1 360;1 207 000;-3.89%
22/06/2022;900;900;900;900;22;19 800;4.05%
23/06/2022;885;895;895;885;1 374;1 222 860;-1.67%
24/06/2022;875;890;890;875;3 294;2 906 955;-1.13%
27/06/2022;890;870;890;870;1 616;1 422 080;1.71%
28/06/2022;880;895;895;880;3 008;2 669 600;-1.12%
29/06/2022;870;900;900;870;4 004;3 543 540;-1.14%
30/06/2022;880;870;880;870;1 130;988 750;1.15%
01/07/2022;865;870;870;865;2 799;2 428 133;-1.70%
04/07/2022;865;870;870;865;2 868;2 487 990;0.00%
05/07/2022;850;810;850;810;773;641 590;-1.73%
06/07/2022;850;870;870;850;2 243;1 928 980;0.00%
07/07/2022;850;860;860;850;26 807;22 919 985;0.00%
08/07/2022;850;865;865;850;465;398 738;0.00%
11/07/2022;860;850;860;850;92;78 660;1.18%
12/07/2022;850;850;850;850;342;290 700;-1.16%
13/07/2022;850;865;865;850;869;745 168;0.00%
14/07/2022;870;870;870;870;2 967;2 581 290;2.35%
15/07/2022;870;870;870;870;1 665;1 448 550;0.00%
18/07/2022;870;860;870;860;1 293;1 118 445;0.00%
19/07/2022;865;865;865;865;2 574;2 226 510;-0.57%
20/07/2022;870;865;870;865;697;604 648;0.58%
21/07/2022;870;870;870;870;723;629 010;0.00%
22/07/2022;870;870;870;870;658;572 460;0.00%
25/07/2022;870;870;870;870;7 401;6 438 870;0.00%
26/07/2022;870;870;870;870;4 900;4 263 000;0.00%
27/07/2022;855;870;870;855;957;825 413;-1.72%
28/07/2022;870;855;870;855;3 164;2 728 950;1.75%
29/07/2022;850;865;865;850;841;721 158;-2.30%
01/08/2022;850;850;850;850;852;724 200;0.00%
02/08/2022;835;850;850;835;324;272 970;-1.76%
03/08/2022;830;835;835;830;410;341 325;-0.60%
04/08/2022;850;835;850;835;734;618 395;2.41%
05/08/2022;830;850;850;830;1 404;1 179 360;-2.35%
08/08/2022;830;850;850;830;1 404;1 179 360;0.00%
09/08/2022;845;835;845;835;37 395;31 411 800;1.81%
10/08/2022;840;845;845;840;1 268;1 068 290;-0.59%
11/08/2022;840;840;840;840;3 647;3 063 480;0.00%
12/08/2022;850;850;850;850;54;45 900;1.19%
15/08/2022;850;850;850;850;54;45 900;0.00%
16/08/2022;845;840;845;840;1 576;1 327 780;-0.59%
17/08/2022;845;845;845;845;643;543 335;0.00%
18/08/2022;845;845;845;845;683;577 135;0.00%
19/08/2022;840;835;840;835;286;239 525;-0.59%
22/08/2022;850;850;850;850;563;478 550;1.19%
23/08/2022;850;845;850;845;328;277 980;0.00%
24/08/2022;850;850;850;850;234;198 900;0.00%
25/08/2022;840;840;840;840;1 774;1 490 160;-1.18%
26/08/2022;845;830;845;830;205;171 688;0.60%
29/08/2022;840;840;840;840;300;252 000;-0.59%
30/08/2022;850;840;850;840;1 017;859 365;1.19%
31/08/2022;850;850;850;850;2 249;1 911 650;0.00%
01/09/2022;845;845;845;845;320;270 400;-0.59%
02/09/2022;850;840;850;840;2 935;2 480 075;0.59%
05/09/2022;870;850;870;850;2 200;1 892 000;2.35%
06/09/2022;870;855;870;855;261;225 113;0.00%
07/09/2022;900;870;900;870;622;550 470;3.45%
08/09/2022;860;885;885;860;77;67 183;-4.44%
09/09/2022;895;900;900;895;24;21 540;4.07%
12/09/2022;895;895;895;895;461;412 595;0.00%
13/09/2022;895;885;895;885;720;640 800;0.00%
14/09/2022;870;900;900;870;500;442 500;-2.79%
15/09/2022;900;845;900;845;1 287;1 122 908;3.45%
16/09/2022;895;845;895;845;250;217 500;-0.56%
19/09/2022;880;880;880;880;95;83 600;-1.68%
20/09/2022;860;880;880;860;1 178;1 024 860;-2.27%
21/09/2022;860;855;860;855;602;516 215;0.00%
22/09/2022;895;850;895;850;189;164 903;4.07%
23/09/2022;830;860;860;830;1 194;1 008 930;-7.26%
26/09/2022;845;830;845;830;833;697 638;1.81%
27/09/2022;890;845;890;845;1 443;1 251 803;5.33%
28/09/2022;850;890;890;850;85;73 950;-4.49%
29/09/2022;850;845;850;845;952;806 820;0.00%
30/09/2022;850;850;850;850;68;57 800;0.00%
03/10/2022;830;850;850;830;1 127;946 680;-2.35%
04/10/2022;830;830;830;830;1 740;1 444 200;0.00%
05/10/2022;850;830;850;830;119;99 960;2.41%
06/10/2022;825;850;850;825;67;56 113;-2.94%
07/10/2022;850;850;850;850;2 251;1 913 350;3.03%
10/10/2022;805;850;850;805;1 690;1 398 475;-5.29%
11/10/2022;855;815;855;815;4 775;3 987 125;6.21%
12/10/2022;895;875;895;875;1 380;1 221 300;4.68%
13/10/2022;960;950;960;950;622;594 010;7.26%
14/10/2022;950;985;985;950;307;297 023;-1.04%
17/10/2022;925;925;925;925;488;451 400;-2.63%
18/10/2022;900;925;925;900;1 886;1 720 975;-2.70%
19/10/2022;900;935;935;900;936;858 780;0.00%
20/10/2022;965;920;965;920;2 430;2 290 275;7.22%
21/10/2022;960;965;965;960;158;152 075;-0.52%
24/10/2022;890;980;980;890;1 332;1 245 420;-7.29%
25/10/2022;895;890;895;890;739;659 558;0.56%
26/10/2022;895;895;895;895;130;116 350;0.00%
27/10/2022;925;925;925;925;16;14 800;3.35%
28/10/2022;925;990;990;925;2 048;1 960 960;0.00%
31/10/2022;925;990;990;925;2 048;1 960 960;0.00%
02/11/2022;920;925;925;920;421;388 373;-0.54%
03/11/2022;920;910;920;910;421;385 215;0.00%
04/11/2022;910;905;910;905;1 325;1 202 438;-1.09%
07/11/2022;905;905;905;905;2 013;1 821 765;-0.55%
08/11/2022;910;905;910;905;727;659 753;0.55%
09/11/2022;910;905;910;905;727;659 753;0.00%
10/11/2022;910;910;910;910;85;77 350;0.00%
11/11/2022;915;915;915;915;2 555;2 337 825;0.55%
14/11/2022;920;920;920;920;25;23 000;0.55%
15/11/2022;920;920;920;920;25;23 000;0.00%
16/11/2022;920;920;920;920;2 238;2 058 960;0.00%
17/11/2022;920;920;920;920;992;912 640;0.00%
18/11/2022;925;925;925;925;1 134;1 048 950;0.54%
21/11/2022;925;925;925;925;30;27 750;0.00%
22/11/2022;925;925;925;925;2 200;2 035 000;0.00%
23/11/2022;925;925;925;925;50;46 250;0.00%
24/11/2022;960;930;960;930;1 540;1 455 300;3.78%
25/11/2022;950;925;950;925;494;463 125;-1.04%
28/11/2022;925;925;925;925;500;462 500;-2.63%
29/11/2022;925;925;925;925;1 575;1 456 875;0.00%
30/11/2022;925;925;925;925;1 575;1 456 875;0.00%
01/12/2022;925;925;925;925;1 575;1 456 875;0.00%
02/12/2022;925;925;925;925;4 900;4 532 500;0.00%
05/12/2022;930;945;945;930;445;417 188;0.54%
06/12/2022;915;925;925;915;2 058;1 893 360;-1.61%
07/12/2022;920;920;920;920;109;100 280;0.55%
08/12/2022;925;920;925;920;200;184 500;0.54%
09/12/2022;925;945;945;925;1 757;1 642 795;0.00%
12/12/2022;930;925;930;925;105;97 388;0.54%
13/12/2022;915;925;925;915;10 575;9 729 000;-1.61%
14/12/2022;920;920;920;920;1 499;1 379 080;0.55%
15/12/2022;950;950;950;950;1 510;1 434 500;3.26%
16/12/2022;915;950;950;915;96;89 520;-3.68%
19/12/2022;915;975;975;915;1 689;1 596 105;0.00%
20/12/2022;925;950;950;925;230;215 625;1.09%
21/12/2022;930;930;930;930;501;465 930;0.54%
22/12/2022;930;935;935;930;50;46 625;0.00%
23/12/2022;930;930;930;930;80;74 400;0.00%
26/12/2022;930;930;930;930;80;74 400;0.00%
27/12/2022;930;930;930;930;6;5 580;0.00%
28/12/2022;930;950;950;930;34;31 960;0.00%
29/12/2022;930;930;930;930;1 037;964 410;0.00%
30/12/2022;930;930;930;930;506;470 580;0.00%
02/01/2023;925;925;925;925;1 273;1 177 525;-0.54%
03/01/2023;900;955;955;900;12 578;11 666 095;-2.70%
04/01/2023;900;900;900;900;71;63 900;0.00%
05/01/2023;920;900;920;900;90;81 900;2.22%
06/01/2023;920;920;920;920;75;69 000;0.00%
09/01/2023;915;915;915;915;149;136 335;-0.54%
10/01/2023;850;850;850;850;74;62 900;-7.10%
11/01/2023;900;850;900;850;5 201;4 550 875;5.88%
12/01/2023;900;900;900;900;327;294 300;0.00%
13/01/2023;880;885;885;880;579;510 968;-2.22%
16/01/2023;900;850;900;850;1 511;1 322 125;2.27%
17/01/2023;850;880;880;850;2 080;1 799 200;-5.56%
18/01/2023;845;845;845;845;867;732 615;-0.59%
19/01/2023;785;845;845;785;1 536;1 251 840;-7.10%
20/01/2023;775;770;775;770;2 524;1 949 790;-1.27%
23/01/2023;750;720;750;720;2 684;1 972 740;-3.23%
24/01/2023;750;750;750;750;1 050;787 500;0.00%
25/01/2023;785;750;785;750;4 904;3 763 820;4.67%
26/01/2023;785;785;785;785;110;86 350;0.00%
27/01/2023;785;785;785;785;487;382 295;0.00%
30/01/2023;780;785;785;780;180;140 850;-0.64%
31/01/2023;770;785;785;770;1 039;807 823;-1.28%
01/02/2023;740;770;770;740;1 304;984 520;-3.90%
02/02/2023;750;755;755;750;500;376 250;1.35%
03/02/2023;800;800;800;800;900;720 000;6.67%
06/02/2023;800;800;800;800;200;160 000;0.00%
07/02/2023;850;830;850;830;120;100 800;6.25%
08/02/2023;910;895;910;895;4 162;3 756 205;7.06%
09/02/2023;900;910;910;900;64;57 920;-1.10%
10/02/2023;900;910;910;900;64;57 920;0.00%
13/02/2023;885;910;910;885;502;450 545;-1.67%
14/02/2023;885;910;910;885;502;450 545;0.00%
15/02/2023;865;860;865;860;170;146 625;-2.26%
16/02/2023;900;865;900;865;12 362;10 909 465;4.05%
17/02/2023;900;900;900;900;765;688 500;0.00%
20/02/2023;900;900;900;900;108;97 200;0.00%
21/02/2023;860;900;900;860;340;299 200;-4.44%
22/02/2023;860;860;860;860;33;28 380;0.00%
23/02/2023;860;860;860;860;19;16 340;0.00%
24/02/2023;860;860;860;860;311;267 460;0.00%
27/02/2023;825;850;850;825;712;596 300;-4.07%
28/02/2023;845;770;845;770;299;241 443;2.42%
01/03/2023;840;845;845;840;251;211 468;-0.59%
02/03/2023;845;845;845;845;244;206 180;0.60%
03/03/2023;835;835;835;835;149;124 415;-1.18%
06/03/2023;845;775;845;775;614;497 340;1.20%
07/03/2023;840;845;845;840;21;17 693;-0.59%
08/03/2023;840;840;840;840;35;29 400;0.00%
09/03/2023;840;840;840;840;2;1 680;0.00%
10/03/2023;850;845;850;845;4 813;4 079 018;1.19%
13/03/2023;850;855;855;850;270;230 175;0.00%
14/03/2023;855;850;855;850;3 884;3 311 110;0.59%
15/03/2023;845;855;855;845;3 660;3 111 000;-1.17%
16/03/2023;860;855;860;855;2 486;2 131 745;1.78%
17/03/2023;845;845;845;845;1 340;1 132 300;-1.74%
20/03/2023;845;850;850;845;1 273;1 078 868;0.00%
21/03/2023;845;845;845;845;10;8 450;0.00%
22/03/2023;835;840;840;835;200;167 500;-1.18%
23/03/2023;840;840;840;840;60;50 400;0.60%
24/03/2023;840;840;840;840;75;63 000;0.00%
27/03/2023;805;840;840;805;232;190 820;-4.17%
28/03/2023;805;835;835;805;250;205 000;0.00%
29/03/2023;805;805;805;805;505;406 525;0.00%
30/03/2023;820;820;820;820;117;95 940;1.86%
31/03/2023;805;820;820;805;636;516 750;-1.83%
03/04/2023;780;780;780;780;171;133 380;-3.11%
04/04/2023;815;820;820;815;2 352;1 922 760;4.49%
05/04/2023;780;815;815;780;331;263 973;-4.29%
06/04/2023;780;780;780;780;380;296 400;0.00%
07/04/2023;780;780;780;780;380;296 400;0.00%
11/04/2023;820;780;820;780;661;528 800;5.13%
12/04/2023;815;815;815;815;282;229 830;-0.61%
13/04/2023;815;815;815;815;7;5 705;0.00%
14/04/2023;815;815;815;815;122;99 430;0.00%
17/04/2023;805;810;810;805;130;104 975;-1.23%
18/04/2023;805;810;810;805;130;104 975;0.00%
19/04/2023;800;805;805;800;724;581 010;-0.62%
20/04/2023;740;800;800;740;2 815;2 167 550;-7.50%
21/04/2023;740;800;800;740;2 815;2 167 550;0.00%
24/04/2023;740;740;740;740;132;97 680;0.00%
25/04/2023;750;750;750;750;2 095;1 571 250;1.35%
26/04/2023;785;805;805;785;630;500 850;4.67%
27/04/2023;800;780;800;780;1 698;1 341 420;1.91%
28/04/2023;785;800;800;785;237;187 823;-1.88%
01/05/2023;785;800;800;785;237;187 823;0.00%
02/05/2023;730;730;730;730;536;391 280;-7.01%
03/05/2023;730;730;730;730;536;391 280;0.00%
04/05/2023;730;730;730;730;381;278 130;0.00%
05/05/2023;735;730;735;730;459;336 218;0.68%
08/05/2023;790;785;790;785;350;275 625;7.48%
09/05/2023;790;780;790;780;960;753 600;0.00%
10/05/2023;785;785;785;785;934;733 190;-0.63%
11/05/2023;780;785;785;780;414;323 955;-0.64%
12/05/2023;780;780;780;780;46;35 880;0.00%
15/05/2023;780;785;785;780;226;176 845;0.00%
16/05/2023;785;780;785;780;140;109 550;0.64%
17/05/2023;775;785;785;775;337;262 860;-1.27%
18/05/2023;775;785;785;775;337;262 860;0.00%
19/05/2023;765;775;775;765;345;265 650;-1.29%
22/05/2023;760;765;765;760;34;25 925;-0.65%
23/05/2023;745;750;750;745;322;240 695;-1.97%
24/05/2023;740;745;745;740;524;389 070;-0.67%
25/05/2023;760;760;760;760;280;212 800;2.70%
26/05/2023;745;765;765;745;1 502;1 134 010;-1.97%
29/05/2023;745;765;765;745;1 502;1 134 010;0.00%
30/05/2023;780;745;780;745;684;521 550;4.70%
31/05/2023;770;785;785;770;995;773 613;-1.28%
01/06/2023;770;785;785;770;965;750 288;0.00%
02/06/2023;785;785;785;785;622;488 270;1.95%
05/06/2023;780;780;780;780;3 558;2 775 240;-0.64%
06/06/2023;780;785;785;780;643;503 148;0.00%
07/06/2023;785;785;785;785;72;56 520;0.64%
08/06/2023;785;785;785;785;750;588 750;0.00%
09/06/2023;790;785;790;785;963;758 363;0.64%
12/06/2023;790;790;790;790;159;125 610;0.00%
13/06/2023;750;705;750;705;1 895;1 378 613;-5.06%
14/06/2023;750;750;750;750;25;18 750;0.00%
15/06/2023;800;790;800;790;1 182;939 690;6.67%
16/06/2023;770;800;800;770;2 691;2 112 435;-3.75%
19/06/2023;810;785;810;785;208;165 880;5.19%
20/06/2023;805;810;810;805;653;527 298;-0.62%
21/06/2023;805;805;805;805;422;339 710;0.00%
22/06/2023;805;805;805;805;149;119 945;0.00%
23/06/2023;800;805;805;800;2 807;2 252 618;-0.62%
26/06/2023;805;805;805;805;227;182 735;0.63%
27/06/2023;805;805;805;805;1 997;1 607 585;0.00%
28/06/2023;805;805;805;805;1 997;1 607 585;0.00%
29/06/2023;810;805;810;805;1 905;1 538 288;0.62%
30/06/2023;810;805;810;805;1 905;1 538 288;0.00%
03/07/2023;820;810;820;810;7 333;5 976 395;1.23%
04/07/2023;805;820;820;805;24 982;20 297 875;-1.83%
05/07/2023;805;805;805;805;288;231 840;0.00%
06/07/2023;805;805;805;805;597;480 585;0.00%
07/07/2023;805;800;805;800;1 374;1 102 635;0.00%
10/07/2023;800;805;805;800;2 119;1 700 498;-0.62%
11/07/2023;815;815;815;815;255;207 825;1.88%
12/07/2023;815;815;815;815;159;129 585;0.00%
13/07/2023;815;815;815;815;73;59 495;0.00%
14/07/2023;845;815;845;815;373;309 590;3.68%
17/07/2023;845;845;845;845;100;84 500;0.00%
18/07/2023;860;845;860;845;309;263 423;1.78%
19/07/2023;850;860;860;850;3 965;3 390 075;-1.16%
20/07/2023;860;850;860;850;915;782 325;1.18%
21/07/2023;860;850;860;850;65;55 575;0.00%
24/07/2023;860;860;860;860;655;563 300;0.00%
25/07/2023;860;860;860;860;1 185;1 019 100;0.00%
26/07/2023;850;860;860;850;401;342 855;-1.16%
27/07/2023;860;850;860;850;583;498 465;1.18%
28/07/2023;860;855;860;855;963;825 773;0.00%
31/07/2023;900;860;900;860;198;174 240;4.65%
01/08/2023;870;900;900;870;1 138;1 007 130;-3.33%
02/08/2023;930;930;930;930;224;208 320;6.90%
03/08/2023;875;930;930;875;119;107 398;-5.91%
04/08/2023;930;885;930;885;632;573 540;6.29%
07/08/2023;930;885;930;885;632;573 540;0.00%
08/08/2023;930;930;930;930;904;840 720;0.00%
09/08/2023;910;930;930;910;337;310 040;-2.15%
10/08/2023;900;930;930;900;444;406 260;-1.10%
11/08/2023;920;930;930;920;7;6 475;2.22%
14/08/2023;930;930;930;930;472;438 960;1.09%
15/08/2023;930;930;930;930;472;438 960;0.00%
16/08/2023;900;930;930;900;4 104;3 755 160;-3.23%
17/08/2023;910;900;910;900;13 527;12 241 935;1.11%
18/08/2023;950;930;950;930;6 301;5 922 940;4.40%
21/08/2023;945;955;955;945;351;333 450;-0.53%
22/08/2023;950;940;950;940;933;881 685;0.53%
23/08/2023;950;950;950;950;343;325 850;0.00%
24/08/2023;940;950;950;940;639;603 855;-1.05%
25/08/2023;950;950;950;950;1 041;988 950;1.06%
28/08/2023;965;950;965;950;3 437;3 290 928;1.58%
29/08/2023;950;950;950;950;1 100;1 045 000;-1.55%
30/08/2023;945;950;950;945;71;67 273;-0.53%
31/08/2023;920;900;920;900;193;175 630;-2.65%
01/09/2023;920;950;950;920;11 769;11 004 015;0.00%
04/09/2023;900;920;920;900;210;191 100;-2.17%
05/09/2023;910;910;910;910;100;91 000;1.11%
06/09/2023;920;910;920;910;279;255 285;1.10%
07/09/2023;950;965;965;950;575;550 563;3.26%
08/09/2023;925;920;925;920;796;734 310;-2.63%
11/09/2023;920;920;920;920;163;149 960;-0.54%
12/09/2023;965;965;965;965;459;442 935;4.89%
13/09/2023;940;940;940;940;24;22 560;-2.59%
14/09/2023;905;920;920;905;885;807 563;-3.72%
15/09/2023;900;905;905;900;415;374 538;-0.55%
18/09/2023;895;895;895;895;202;180 790;-0.56%
19/09/2023;895;840;895;840;107;92 823;0.00%
20/09/2023;890;890;890;890;279;248 310;-0.56%
21/09/2023;885;885;885;885;342;302 670;-0.56%
22/09/2023;880;880;880;880;10;8 800;-0.56%
25/09/2023;850;870;870;850;708;608 880;-3.41%
26/09/2023;850;850;850;850;294;249 900;0.00%
27/09/2023;850;850;850;850;294;249 900;0.00%
28/09/2023;795;850;850;795;514;422 765;-6.47%
29/09/2023;845;845;845;845;12;10 140;6.29%
02/10/2023;845;845;845;845;345;291 525;0.00%
03/10/2023;785;845;845;785;2 190;1 784 850;-7.10%
04/10/2023;765;775;775;765;1 414;1 088 780;-2.55%
05/10/2023;760;775;775;760;5 733;4 400 078;-0.65%
06/10/2023;760;765;765;760;489;372 863;0.00%
09/10/2023;770;760;770;760;118;90 270;1.32%
10/10/2023;775;775;775;775;20;15 500;0.65%
11/10/2023;760;775;775;760;47 775;36 667 313;-1.94%
12/10/2023;760;765;765;760;602;459 025;0.00%
13/10/2023;760;760;760;760;239;181 640;0.00%
16/10/2023;815;790;815;790;795;637 988;7.24%
17/10/2023;815;820;820;815;2 697;2 204 798;0.00%
18/10/2023;820;820;820;820;604;495 280;0.61%
19/10/2023;820;820;820;820;68;55 760;0.00%
20/10/2023;820;820;820;820;1 138;933 160;0.00%
23/10/2023;820;820;820;820;252;206 640;0.00%
24/10/2023;815;820;820;815;670;547 725;-0.61%
25/10/2023;815;815;815;815;110;89 650;0.00%
26/10/2023;800;815;815;800;214;172 805;-1.84%
27/10/2023;790;800;800;790;558;443 610;-1.25%
30/10/2023;790;790;790;790;413;326 270;0.00%
31/10/2023;790;790;790;790;5;3 950;0.00%
01/11/2023;790;790;790;790;5;3 950;0.00%
02/11/2023;785;790;790;785;895;704 813;-0.63%
03/11/2023;790;790;790;790;483;381 570;0.64%
06/11/2023;825;790;825;790;605;488 538;4.43%
07/11/2023;820;825;825;820;149;122 553;-0.61%
08/11/2023;790;820;820;790;142;114 310;-3.66%
09/11/2023;820;820;820;820;12;9 840;3.80%
10/11/2023;820;800;820;800;123;99 630;0.00%
13/11/2023;815;820;820;815;67;54 773;-0.61%
14/11/2023;790;815;815;790;145;116 363;-3.07%
15/11/2023;790;815;815;790;145;116 363;0.00%
16/11/2023;845;845;845;845;460;388 700;6.96%
17/11/2023;905;895;905;895;14 426;12 983 400;7.10%
20/11/2023;900;900;900;900;15 067;13 560 300;-0.55%
21/11/2023;870;900;900;870;24 326;21 528 510;-3.33%
22/11/2023;870;870;870;870;3 198;2 782 260;0.00%
23/11/2023;895;870;895;870;1 469;1 296 393;2.87%
24/11/2023;895;895;895;895;21 111;18 894 345;0.00%
27/11/2023;860;895;895;860;2 163;1 898 033;-3.91%
28/11/2023;860;900;900;860;183;161 040;0.00%
29/11/2023;900;900;900;900;908;817 200;4.65%
30/11/2023;895;860;895;860;764;670 410;-0.56%
01/12/2023;845;895;895;845;1 610;1 400 700;-5.59%
04/12/2023;850;850;850;850;702;596 700;0.59%
05/12/2023;855;855;855;855;116;99 180;0.59%
06/12/2023;875;850;875;850;291;250 988;2.34%
07/12/2023;875;845;875;845;9 127;7 849 220;0.00%
08/12/2023;875;875;875;875;13;11 375;0.00%
11/12/2023;845;845;845;845;106;89 570;-3.43%
12/12/2023;870;870;870;870;385;334 950;2.96%
13/12/2023;875;875;875;875;166;145 250;0.57%
14/12/2023;870;870;870;870;25;21 750;-0.57%
15/12/2023;860;875;875;860;1 670;1 448 725;-1.15%
18/12/2023;800;860;860;800;251;208 330;-6.98%
19/12/2023;830;800;830;800;79;64 385;3.75%
20/12/2023;840;860;860;840;298;253 300;1.20%
21/12/2023;830;840;840;830;1 506;1 257 510;-1.19%
22/12/2023;875;840;875;840;300;257 250;5.42%
25/12/2023;875;840;875;840;300;257 250;0.00%
26/12/2023;875;875;875;875;342;299 250;0.00%
27/12/2023;865;870;870;865;20;17 350;-1.14%
28/12/2023;850;870;870;850;308;264 880;-1.73%
29/12/2023;840;840;840;840;8 725;7 329 000;-1.18%
01/01/2024;840;840;840;840;8 725;7 329 000;0.00%
02/01/2024;870;840;870;840;22;18 810;3.57%
03/01/2024;850;860;860;850;1 406;1 202 130;-2.30%
04/01/2024;790;790;790;790;892;704 680;-7.06%
05/01/2024;795;760;795;760;4 287;3 333 143;0.63%
08/01/2024;775;785;785;775;1 151;897 780;-2.52%
09/01/2024;785;785;785;785;220;172 700;1.29%
10/01/2024;785;785;785;785;772;606 020;0.00%
11/01/2024;785;780;785;780;1 866;1 460 145;0.00%
12/01/2024;750;750;750;750;2 403;1 802 250;-4.46%
15/01/2024;735;730;735;730;5 366;3 930 595;-2.00%
16/01/2024;735;735;735;735;307;225 645;0.00%
17/01/2024;740;735;740;735;754;556 075;0.68%
18/01/2024;785;745;785;745;2;1 530;6.08%
19/01/2024;785;785;785;785;577;452 945;0.00%
22/01/2024;785;780;785;780;521;407 683;0.00%
24/01/2024;780;785;785;780;135;105 638;-0.64%
25/01/2024;770;780;780;770;293;227 075;-1.28%
26/01/2024;750;750;750;750;258;193 500;-2.60%
29/01/2024;770;750;770;750;1 111;844 360;2.67%
30/01/2024;800;770;800;770;305;239 425;3.90%
31/01/2024;770;800;800;770;411;322 635;-3.75%
01/02/2024;780;795;795;780;195;153 563;1.30%
02/02/2024;770;780;780;770;291;225 525;-1.28%
05/02/2024;770;770;770;770;3 408;2 624 160;0.00%
06/02/2024;765;715;765;715;63;46 620;-0.65%
07/02/2024;740;740;740;740;282;208 680;-3.27%
08/02/2024;740;745;745;740;406;301 455;0.00%
09/02/2024;720;740;740;720;345;251 850;-2.70%
12/02/2024;720;740;740;720;345;251 850;0.00%
13/02/2024;745;745;745;745;2 667;1 986 915;3.47%
14/02/2024;745;745;745;745;1 448;1 078 760;0.00%
15/02/2024;740;740;740;740;38;28 120;-0.67%
16/02/2024;740;735;740;735;1 657;1 222 038;0.00%
19/02/2024;745;685;745;685;93;66 495;0.68%
20/02/2024;765;745;765;745;4 308;3 252 540;2.68%
21/02/2024;750;765;765;750;326;246 945;-1.96%
22/02/2024;770;765;770;765;1 447;1 110 573;2.67%
23/02/2024;800;765;800;765;981;767 633;3.90%
26/02/2024;800;800;800;800;80;64 000;0.00%
27/02/2024;800;800;800;800;130;104 000;0.00%
28/02/2024;790;790;790;790;80;63 200;-1.25%
29/02/2024;790;770;790;770;1 713;1 336 140;0.00%
04/03/2024;750;750;750;750;1 050;787 500;-5.06%
05/03/2024;790;755;790;755;449;346 853;5.33%
06/03/2024;755;755;755;755;2 445;1 845 975;-4.43%
07/03/2024;700;790;790;700;849;632 505;-7.28%
08/03/2024;725;725;725;725;130;94 250;3.57%
11/03/2024;775;725;775;725;81;60 750;6.90%
12/03/2024;770;770;770;770;6 470;4 981 900;-0.65%
13/03/2024;775;770;775;770;93;71 843;0.65%
14/03/2024;775;770;775;770;93;71 843;0.00%
15/03/2024;735;775;775;735;2 005;1 513 775;-5.16%
18/03/2024;790;775;790;775;10 446;8 173 995;7.48%
19/03/2024;790;790;790;790;1 377;1 087 830;0.00%
20/03/2024;800;790;800;790;618;491 310;1.27%
21/03/2024;800;800;800;800;47;37 600;0.00%
25/03/2024;790;850;850;790;3 946;3 235 720;-1.25%
26/03/2024;790;790;790;790;206;162 740;0.00%
27/03/2024;785;775;785;775;79;61 620;-0.63%
28/03/2024;790;785;790;785;1 456;1 146 600;0.64%
29/03/2024;795;790;795;790;2 144;1 699 120;0.63%
01/04/2024;795;790;795;790;2 144;1 699 120;0.00%
02/04/2024;790;795;795;790;3 242;2 569 285;-0.63%
03/04/2024;790;755;790;755;573;442 643;0.00%
04/04/2024;785;785;785;785;576;452 160;-0.63%
05/04/2024;760;785;785;760;444;342 990;-3.18%
08/04/2024;780;775;780;775;2 197;1 708 168;2.63%
09/04/2024;780;765;780;765;322;248 745;0.00%
10/04/2024;780;765;780;765;322;248 745;0.00%
11/04/2024;780;780;780;780;601;468 780;0.00%
12/04/2024;785;785;785;785;78;61 230;0.64%
15/04/2024;785;785;785;785;137;107 545;0.00%
16/04/2024;770;765;770;765;548;420 590;-1.91%
17/04/2024;785;785;785;785;143;112 255;1.95%
18/04/2024;780;785;785;780;7 577;5 929 003;-0.64%
19/04/2024;775;775;775;775;28;21 700;-0.64%
22/04/2024;760;760;760;760;786;597 360;-1.94%
23/04/2024;750;760;760;750;3 415;2 578 325;-1.32%
24/04/2024;750;750;750;750;117;87 750;0.00%
25/04/2024;750;750;750;750;660;495 000;0.00%
26/04/2024;750;745;750;745;271;202 573;0.00%
29/04/2024;750;750;750;750;1 446;1 084 500;0.00%
30/04/2024;755;750;755;750;127;95 568;0.67%
01/05/2024;755;750;755;750;127;95 568;0.00%
02/05/2024;740;750;750;740;4 224;3 146 880;-1.99%
03/05/2024;730;725;730;725;6 376;4 638 540;-1.35%
06/05/2024;730;730;730;730;2 286;1 668 780;0.00%
07/05/2024;755;730;755;730;174;129 195;3.42%
08/05/2024;750;720;750;720;128;94 080;-0.66%
09/05/2024;750;720;750;720;128;94 080;0.00%
10/05/2024;755;725;755;725;275;203 500;0.67%
13/05/2024;755;755;755;755;999;754 245;0.00%
14/05/2024;755;755;755;755;396;298 980;0.00%
15/05/2024;755;755;755;755;61;46 055;0.00%
16/05/2024;750;755;755;750;2 539;1 910 598;-0.66%
17/05/2024;745;745;745;745;424;315 880;-0.67%
20/05/2024;745;745;745;745;424;315 880;0.00%
21/05/2024;745;745;745;745;631;470 095;0.00%
22/05/2024;745;745;745;745;870;648 150;0.00%
23/05/2024;745;745;745;745;96;71 520;0.00%
24/05/2024;745;740;745;740;789;585 833;0.00%
27/05/2024;745;745;745;745;182;135 590;0.00%
28/05/2024;740;745;745;740;171;126 968;-0.67%
29/05/2024;700;740;740;700;5 012;3 608 640;-5.41%
30/05/2024;700;720;720;700;2 944;2 090 240;0.00%
31/05/2024;700;700;700;700;1 154;807 800;0.00%
03/06/2024;685;685;685;685;3 945;2 702 325;-2.14%
04/06/2024;685;680;685;680;1 933;1 319 273;0.00%
05/06/2024;685;685;685;685;1 316;901 460;0.00%
06/06/2024;685;685;685;685;475;325 375;0.00%
07/06/2024;685;685;685;685;853;584 305;0.00%
10/06/2024;685;685;685;685;172;117 820;0.00%
11/06/2024;690;685;690;685;3 111;2 138 813;0.73%
12/06/2024;705;690;705;690;1 827;1 274 333;2.17%
13/06/2024;740;705;740;705;105;75 863;4.96%
14/06/2024;700;730;730;700;4 536;3 243 240;-5.41%
18/06/2024;700;700;700;700;225;157 500;0.00%
19/06/2024;700;700;700;700;690;483 000;0.00%
20/06/2024;700;700;700;700;568;397 600;0.00%
21/06/2024;685;685;685;685;176;120 560;-2.14%
24/06/2024;700;700;700;700;153;107 100;2.19%
25/06/2024;700;700;700;700;4 821;3 374 700;0.00%
26/06/2024;670;650;670;650;3 566;2 353 560;-4.29%
27/06/2024;670;670;670;670;704;471 680;0.00%
28/06/2024;700;650;700;650;3 058;2 064 150;4.48%
01/07/2024;685;700;700;685;902;624 635;-2.14%
02/07/2024;685;685;685;685;432;295 920;0.00%
03/07/2024;685;685;685;685;678;464 430;0.00%
04/07/2024;685;685;685;685;264;180 840;0.00%
05/07/2024;685;680;685;680;1 703;1 162 298;0.00%
08/07/2024;685;650;685;650;239;159 533;0.00%
09/07/2024;685;685;685;685;943;645 955;0.00%
10/07/2024;685;685;685;685;262;179 470;0.00%
11/07/2024;680;685;685;680;1 317;898 853;-0.73%
12/07/2024;680;680;680;680;287;195 160;0.00%
15/07/2024;680;680;680;680;406;276 080;0.00%
16/07/2024;675;685;685;675;2 234;1 519 120;-0.74%
17/07/2024;685;680;685;680;975;665 438;1.48%
18/07/2024;695;685;695;685;2 849;1 965 810;1.46%
19/07/2024;700;685;700;685;1 402;970 885;0.72%
22/07/2024;685;695;695;685;503;347 070;-2.14%
23/07/2024;685;685;685;685;2 119;1 451 515;0.00%
24/07/2024;685;685;685;685;1 757;1 203 545;0.00%
25/07/2024;680;685;685;680;1 100;750 750;-0.73%
26/07/2024;680;680;680;680;1 197;813 960;0.00%
29/07/2024;685;675;685;675;2 075;1 411 000;0.74%
30/07/2024;680;680;680;680;252;171 360;-0.73%
31/07/2024;680;680;680;680;173;117 640;0.00%
01/08/2024;670;675;675;670;3 220;2 165 450;-1.47%
02/08/2024;680;670;680;670;2 270;1 532 250;1.49%
05/08/2024;655;680;680;655;3 407;2 274 173;-3.68%
06/08/2024;665;655;665;655;1 254;827 640;1.53%
07/08/2024;665;655;665;655;1 254;827 640;0.00%
08/08/2024;665;670;670;665;1 062;708 885;0.00%
09/08/2024;670;665;670;665;201;134 168;0.75%
12/08/2024;670;670;670;670;518;347 060;0.00%
13/08/2024;670;670;670;670;810;542 700;0.00%
14/08/2024;670;670;670;670;556;372 520;0.00%
15/08/2024;670;670;670;670;556;372 520;0.00%
16/08/2024;665;670;670;665;545;363 788;-0.75%
19/08/2024;660;670;670;660;453;301 245;-0.75%
20/08/2024;660;660;660;660;979;646 140;0.00%
21/08/2024;635;660;660;635;2 211;1 431 623;-3.79%
22/08/2024;660;640;660;640;780;507 000;3.94%
23/08/2024;660;660;660;660;1 029;679 140;0.00%
26/08/2024;660;660;660;660;1 488;982 080;0.00%
27/08/2024;655;660;660;655;101;66 408;-0.76%
28/08/2024;680;655;680;655;1 633;1 090 028;3.82%
29/08/2024;685;680;685;680;2 230;1 521 975;0.74%
30/08/2024;685;680;685;680;4 006;2 734 095;0.00%
02/09/2024;670;685;685;670;162;109 755;-2.19%
03/09/2024;640;665;665;640;8 365;5 458 163;-4.48%
04/09/2024;680;640;680;640;1 449;956 340;6.25%
05/09/2024;680;680;680;680;719;488 920;0.00%
06/09/2024;680;680;680;680;1 591;1 081 880;0.00%
09/09/2024;680;675;680;675;1 239;839 423;0.00%
10/09/2024;680;675;680;675;766;518 965;0.00%
11/09/2024;680;680;680;680;2 444;1 661 920;0.00%
12/09/2024;665;635;665;635;582;378 300;-2.21%
13/09/2024;675;665;675;665;5 024;3 366 080;1.50%
16/09/2024;675;675;675;675;1 176;793 800;0.00%
17/09/2024;675;675;675;675;1 571;1 060 425;0.00%
18/09/2024;645;680;680;645;471;312 038;-4.44%
19/09/2024;645;645;645;645;216;139 320;0.00%
20/09/2024;675;680;680;675;5 201;3 523 678;4.65%
23/09/2024;670;635;670;635;12 557;8 193 443;-0.74%
24/09/2024;630;670;670;630;592;384 800;-5.97%
25/09/2024;650;630;650;630;5 260;3 366 400;3.17%
26/09/2024;665;660;665;660;21 276;14 095 350;2.31%
27/09/2024;670;680;680;670;15 221;10 274 175;0.75%
30/09/2024;670;670;670;670;1 177;788 590;0.00%
01/10/2024;650;665;665;650;385;253 138;-2.99%
02/10/2024;635;640;640;635;1 009;643 238;-2.31%
03/10/2024;680;635;680;635;1 633;1 073 698;7.09%
04/10/2024;675;680;680;675;758;513 545;-0.74%
07/10/2024;675;675;675;675;30 076;20 301 300;0.00%
08/10/2024;675;635;675;635;1 262;826 610;0.00%
09/10/2024;675;675;675;675;1 456;982 800;0.00%
10/10/2024;640;675;675;640;1 515;996 113;-5.19%
11/10/2024;650;670;670;650;1 707;1 126 620;1.56%
14/10/2024;660;650;660;650;1 205;789 275;1.54%
15/10/2024;660;665;665;660;1 794;1 188 525;0.00%
16/10/2024;660;660;660;660;135;89 100;0.00%
17/10/2024;670;660;670;660;1 644;1 093 260;1.52%
18/10/2024;670;670;670;670;1 062;711 540;0.00%
21/10/2024;645;670;670;645;62;40 765;-3.73%
22/10/2024;650;670;670;650;2 339;1 543 740;0.78%
23/10/2024;670;650;670;650;4 778;3 153 480;3.08%
24/10/2024;660;665;665;660;703;465 738;-1.49%
25/10/2024;660;665;665;660;3 352;2 220 700;0.00%
28/10/2024;640;660;660;640;1 585;1 030 250;-3.03%
29/10/2024;635;645;645;635;46 236;29 591 040;-0.78%
30/10/2024;650;635;650;635;1 215;780 638;2.36%
31/10/2024;650;635;650;635;4 676;3 004 330;0.00%
01/11/2024;650;635;650;635;4 676;3 004 330;0.00%
04/11/2024;645;650;650;645;1 205;780 238;-0.77%
05/11/2024;635;640;640;635;5 035;3 209 813;-1.55%
06/11/2024;650;645;650;645;28 174;18 242 665;2.36%
07/11/2024;650;650;650;650;10 184;6 619 600;0.00%
08/11/2024;650;660;660;650;2 464;1 613 920;0.00%
11/11/2024;665;650;665;650;248;163 060;2.31%
12/11/2024;625;665;665;625;580;374 100;-6.02%
13/11/2024;625;670;670;625;2 050;1 327 375;0.00%
14/11/2024;670;625;670;625;634;410 515;7.20%
15/11/2024;670;625;670;625;634;410 515;0.00%
18/11/2024;645;670;670;645;1 689;1 110 518;-3.73%
19/11/2024;645;625;645;625;2 654;1 685 290;0.00%
20/11/2024;615;645;645;615;381;240 030;-4.65%
21/11/2024;650;640;650;640;216;139 320;5.69%
22/11/2024;640;640;640;640;1 921;1 229 440;-1.54%
25/11/2024;630;640;640;630;190;120 650;-1.56%
26/11/2024;630;640;640;630;176;111 760;0.00%
27/11/2024;630;630;630;630;169;106 470;0.00%
28/11/2024;650;630;650;630;586;375 040;3.17%
29/11/2024;635;650;650;635;2 641;1 696 843;-2.31%
02/12/2024;620;665;665;620;1 316;845 530;-2.36%
03/12/2024;605;620;620;605;1 152;705 600;-2.42%
04/12/2024;615;620;620;615;436;269 230;1.65%
05/12/2024;605;615;615;605;1 856;1 132 160;-1.63%
06/12/2024;615;615;615;615;408;250 920;1.65%
09/12/2024;600;615;615;600;546;331 695;-2.44%
10/12/2024;600;600;600;600;668;400 800;0.00%
11/12/2024;600;615;615;600;494;300 105;0.00%
12/12/2024;615;600;615;600;287;174 353;2.50%
13/12/2024;615;615;615;615;575;353 625;0.00%
16/12/2024;620;615;620;615;1 237;763 848;0.81%
17/12/2024;620;620;620;620;147;91 140;0.00%
18/12/2024;610;620;620;610;414;254 610;-1.61%
19/12/2024;600;620;620;600;3 319;2 024 590;-1.64%
20/12/2024;570;600;600;570;270;157 950;-5.00%
23/12/2024;605;600;605;600;183;110 258;6.14%
24/12/2024;605;605;605;605;161;97 405;0.00%
25/12/2024;605;600;605;600;161;97 003;0.00%
26/12/2024;605;605;605;605;1 557;941 985;0.00%
27/12/2024;605;605;605;605;31;18 755;0.00%
30/12/2024;600;605;605;600;183;110 258;-0.83%
31/12/2024;600;605;605;600;379;228 348;0.00%
01/01/2025;600;605;605;600;379;228 348;0.00%
02/01/2025;600;600;600;600;41;24 600;0.00%
03/01/2025;625;610;625;610;1 223;755 203;4.17%
06/01/2025;615;630;630;615;150;93 375;-1.60%
07/01/2025;580;615;615;580;4 230;2 527 425;-5.69%
08/01/2025;610;580;610;580;122;72 590;5.17%
09/01/2025;605;610;610;605;833;506 048;-0.82%
10/01/2025;600;605;605;600;550;331 375;-0.83%
13/01/2025;600;580;600;580;343;202 370;0.00%
14/01/2025;595;600;600;595;1 410;842 475;-0.83%
15/01/2025;570;595;595;570;470;273 775;-4.20%
16/01/2025;560;580;580;560;379;216 030;-1.75%
17/01/2025;550;550;550;550;822;452 100;-1.79%
20/01/2025;590;555;590;555;614;351 515;7.27%
21/01/2025;590;550;590;550;740;421 800;0.00%
22/01/2025;580;570;580;570;124;71 300;-1.69%
23/01/2025;580;580;580;580;864;501 120;0.00%
24/01/2025;560;560;560;560;316;176 960;-3.45%
27/01/2025;580;580;580;580;864;501 120;3.57%
28/01/2025;580;580;580;580;68;39 440;0.00%
29/01/2025;580;580;580;580;247;143 260;0.00%
30/01/2025;570;580;580;570;359;206 425;-1.72%
31/01/2025;570;560;570;560;5 456;3 082 640;0.00%
03/02/2025;550;560;560;550;2 168;1 203 240;-3.51%
04/02/2025;550;550;550;550;1 212;666 600;0.00%
05/02/2025;550;555;555;550;1 081;597 253;0.00%
06/02/2025;590;555;590;555;1 279;732 228;7.27%
07/02/2025;580;585;585;580;317;184 653;-1.69%
10/02/2025;580;580;580;580;729;422 820;0.00%
11/02/2025;560;590;590;560;1 321;759 575;-3.45%
12/02/2025;590;560;590;560;865;497 375;5.36%
13/02/2025;580;580;580;580;1 881;1 090 980;-1.69%
14/02/2025;560;580;580;560;2 166;1 234 620;-3.45%
17/02/2025;580;560;580;560;650;370 500;3.57%
18/02/2025;580;580;580;580;943;546 940;0.00%
19/02/2025;580;580;580;580;723;419 340;0.00%
20/02/2025;600;585;600;585;802;475 185;3.45%
21/02/2025;605;605;605;605;1 388;839 740;0.83%
24/02/2025;605;605;605;605;244;147 620;0.00%
25/02/2025;605;580;605;580;348;206 190;0.00%
26/02/2025;620;620;620;620;827;512 740;2.48%
28/02/2025;625;615;625;615;495;306 900;0.81%
03/03/2025;620;620;620;620;423;262 260;-0.80%
04/03/2025;615;615;615;615;476;292 740;-0.81%
05/03/2025;610;615;615;610;1 204;737 450;-0.81%
06/03/2025;610;615;615;610;560;343 000;0.00%
07/03/2025;610;610;610;610;869;530 090;0.00%
10/03/2025;605;610;610;605;1 850;1 123 875;-0.82%
11/03/2025;605;605;605;605;64;38 720;0.00%
12/03/2025;610;605;610;605;988;600 210;0.83%
13/03/2025;610;610;610;610;223;136 030;0.00%
14/03/2025;610;610;610;610;216;131 760;0.00%
17/03/2025;600;590;600;590;530;315 350;-1.64%
18/03/2025;610;610;610;610;3 969;2 421 090;1.67%
19/03/2025;610;615;615;610;1 555;952 438;0.00%
20/03/2025;610;610;610;610;89;54 290;0.00%
21/03/2025;570;610;610;570;310;182 900;-6.56%
24/03/2025;605;575;605;575;1 614;952 260;6.14%
25/03/2025;605;605;605;605;159;96 195;0.00%
26/03/2025;600;600;600;600;242;145 200;-0.83%
27/03/2025;600;600;600;600;242;145 200;0.00%
28/03/2025;615;605;615;605;10 375;6 328 750;2.50%
31/03/2025;615;605;615;605;10 375;6 328 750;0.00%
01/04/2025;615;615;615;615;169;103 935;0.00%
02/04/2025;610;615;615;610;117;71 663;-0.81%
03/04/2025;570;605;605;570;390;229 125;-6.56%
04/04/2025;575;600;600;575;942;553 425;0.88%
07/04/2025;610;600;610;600;128;77 440;6.09%
08/04/2025;605;610;610;605;625;379 688;-0.82%
09/04/2025;600;600;600;600;637;382 200;-0.83%
10/04/2025;605;590;605;590;3 227;1 928 133;0.83%
11/04/2025;605;605;605;605;10 289;6 224 845;0.00%
14/04/2025;610;605;610;605;685;416 138;0.83%
15/04/2025;610;610;610;610;127;77 470;0.00%
16/04/2025;570;610;610;570;4 025;2 374 750;-6.56%
17/04/2025;610;570;610;570;170;100 300;7.02%
18/04/2025;610;610;610;610;5;3 050;0.00%
21/04/2025;610;610;610;610;5;3 050;0.00%
22/04/2025;600;610;610;600;29;17 545;-1.64%
23/04/2025;600;600;600;600;316;189 600;0.00%
24/04/2025;610;610;610;610;987;602 070;1.67%
25/04/2025;570;615;615;570;363;215 078;-6.56%
28/04/2025;600;610;610;600;328;198 440;5.26%
29/04/2025;600;600;600;600;10 420;6 252 000;0.00%
30/04/2025;600;600;600;600;124;74 400;0.00%
01/05/2025;600;600;600;600;124;74 400;0.00%
02/05/2025;600;600;600;600;7 162;4 297 200;0.00%
05/05/2025;600;600;600;600;350;210 000;0.00%
06/05/2025;565;600;600;565;983;572 598;-5.83%
07/05/2025;600;600;600;600;1 326;795 600;6.19%
08/05/2025;600;600;600;600;1 639;983 400;0.00%
09/05/2025;605;600;605;600;4 005;2 413 013;0.83%
12/05/2025;600;605;605;600;10 692;6 441 930;-0.83%
13/05/2025;605;600;605;600;1 322;796 505;0.83%
14/05/2025;605;605;605;605;4 090;2 474 450;0.00%
15/05/2025;605;605;605;605;202;122 210;0.00%
16/05/2025;600;605;605;600;149;89 773;-0.83%
19/05/2025;645;645;645;645;2 848;1 836 960;7.50%
20/05/2025;690;690;690;690;2 893;1 996 170;6.98%
21/05/2025;700;740;740;700;9 288;6 687 360;1.45%
22/05/2025;700;740;740;700;2 533;1 823 760;0.00%
23/05/2025;690;700;700;690;899;624 805;-1.43%
26/05/2025;680;655;680;655;604;403 170;-1.45%
27/05/2025;655;670;670;655;3 152;2 088 200;-3.68%
28/05/2025;665;660;665;660;991;656 538;1.53%
29/05/2025;665;660;665;660;991;656 538;0.00%
30/05/2025;660;665;665;660;734;486 275;-0.75%
02/06/2025;655;625;655;625;1 072;686 080;-0.76%
03/06/2025;655;655;655;655;2 228;1 459 340;0.00%
04/06/2025;655;655;655;655;2 305;1 509 775;0.00%
05/06/2025;650;660;660;650;2 554;1 672 870;-0.76%
10/06/2025;675;655;675;655;17 733;11 792 445;3.85%
11/06/2025;660;680;680;660;4 993;3 345 310;-2.22%
12/06/2025;635;670;670;635;5 592;3 648 780;-3.79%
13/06/2025;680;645;680;645;5 756;3 813 350;7.09%
16/06/2025;680;680;680;680;1 003;682 040;0.00%
17/06/2025;660;680;680;660;2 270;1 520 900;-2.94%
18/06/2025;650;680;680;650;9 663;6 425 895;-1.52%
19/06/2025;680;670;680;670;3 243;2 189 025;4.62%
20/06/2025;665;680;680;665;699;470 078;-2.21%
23/06/2025;660;665;665;660;9 629;6 379 213;-0.75%
24/06/2025;680;680;680;680;1 013;688 840;3.03%
25/06/2025;660;680;680;660;477;319 590;-2.94%
26/06/2025;660;675;675;660;634;423 195;0.00%
27/06/2025;675;675;675;675;800;540 000;2.27%
30/06/2025;680;670;680;670;6 322;4 267 350;0.74%
01/07/2025;660;680;680;660;142;95 140;-2.94%
02/07/2025;680;665;680;665;9 041;6 080 073;3.03%
03/07/2025;680;700;700;680;6 012;4 148 280;0.00%
04/07/2025;665;685;685;665;1 236;834 300;-2.21%
07/07/2025;675;665;675;665;2 497;1 672 990;1.50%
08/07/2025;650;675;675;650;584;386 900;-3.70%
09/07/2025;665;675;675;665;77;51 590;2.31%
10/07/2025;655;675;675;655;5 631;3 744 615;-1.50%
11/07/2025;650;675;675;650;5 420;3 590 750;-0.76%
14/07/2025;675;680;680;675;1 403;950 533;3.85%
15/07/2025;685;670;685;670;636;430 890;1.48%
16/07/2025;680;685;685;680;933;636 773;-0.73%
17/07/2025;670;685;685;670;133;90 108;-1.47%
18/07/2025;650;680;680;650;1 800;1 197 000;-2.99%
21/07/2025;680;665;680;665;401;269 673;4.62%
22/07/2025;680;680;680;680;2 531;1 721 080;0.00%
23/07/2025;670;675;675;670;245;164 763;-1.47%
24/07/2025;670;645;670;645;1 022;671 965;0.00%
25/07/2025;675;670;675;670;2 294;1 542 715;0.75%
28/07/2025;670;650;670;650;45 950;30 327 000;-0.74%
29/07/2025;670;635;670;635;4 953;3 231 833;0.00%
30/07/2025;685;670;685;670;3 216;2 178 840;2.24%
31/07/2025;660;650;660;650;983;643 865;-3.65%
01/08/2025;655;655;655;655;2 393;1 567 415;-0.76%
04/08/2025;650;650;650;650;1 846;1 199 900;-0.76%
05/08/2025;650;650;650;650;675;438 750;0.00%
06/08/2025;650;645;650;645;590;382 025;0.00%
07/08/2025;650;645;650;645;590;382 025;0.00%
08/08/2025;650;650;650;650;328;213 200;0.00%
11/08/2025;635;630;635;630;584;369 380;-2.31%
12/08/2025;650;635;650;635;1 763;1 132 728;2.36%
13/08/2025;660;650;660;650;517;338 635;1.54%
14/08/2025;675;660;675;660;152;101 460;2.27%
15/08/2025;675;660;675;660;152;101 460;0.00%
18/08/2025;670;665;670;665;1 270;847 725;-0.74%
19/08/2025;675;650;675;650;2 213;1 466 113;0.75%
20/08/2025;680;675;680;675;5 736;3 886 140;0.74%
21/08/2025;665;665;665;665;9 120;6 064 800;-2.21%
22/08/2025;660;680;680;660;13 482;9 032 940;-0.75%
25/08/2025;660;665;665;660;34 277;22 708 513;0.00%
26/08/2025;675;665;675;665;1 727;1 157 090;2.27%
27/08/2025;690;680;690;680;8 390;5 747 150;2.22%
28/08/2025;740;690;740;690;18 575;13 281 125;7.25%
29/08/2025;795;795;795;795;13 210;10 501 950;7.43%
01/09/2025;850;850;850;850;12 258;10 419 300;6.92%
02/09/2025;910;910;910;910;26 194;23 836 540;7.06%
03/09/2025;965;975;975;965;24 489;23 754 330;6.04%
04/09/2025;965;975;975;965;24 489;23 754 330;0.00%
05/09/2025;905;960;960;905;14 775;13 777 688;-6.22%
08/09/2025;900;900;900;900;14 576;13 118 400;-0.55%
09/09/2025;910;900;910;900;6 744;6 103 320;1.11%
10/09/2025;910;905;910;905;8 740;7 931 550;0.00%
11/09/2025;910;925;925;910;14 708;13 494 590;0.00%
12/09/2025;920;915;920;915;2 164;1 985 470;1.10%
15/09/2025;945;920;945;920;2 228;2 077 610;2.72%
16/09/2025;950;950;950;950;5 316;5 050 200;0.53%
17/09/2025;940;950;950;940;810;765 450;-1.05%
18/09/2025;940;940;940;940;1 059;995 460;0.00%
19/09/2025;955;940;955;940;3 479;3 296 353;1.60%
22/09/2025;1 010;960;1 010;960;16 798;16 546 030;5.76%
23/09/2025;1 085;1 050;1 085;1 050;12 946;13 819 855;7.43%
24/09/2025;1 145;1 160;1 160;1 145;16 815;19 379 288;5.53%
25/09/2025;1 150;1 190;1 190;1 150;7 394;8 650 980;0.44%
26/09/2025;1 140;1 150;1 150;1 140;4 488;5 138 760;-0.87%
29/09/2025;1 125;1 135;1 135;1 125;670;757 100;-1.32%
30/09/2025;1 105;1 190;1 190;1 105;16 872;19 360 620;-1.78%
01/10/2025;1 140;1 100;1 140;1 100;2 618;2 932 160;3.17%
02/10/2025;1 225;1 225;1 225;1 225;5 899;7 226 275;7.46%
03/10/2025;1 315;1 315;1 315;1 315;42 129;55 399 635;7.35%
06/10/2025;1 410;1 410;1 410;1 410;9 262;13 059 420;7.22%
07/10/2025;1 415;1 515;1 515;1 415;16 989;24 888 885;0.35%
08/10/2025;1 500;1 500;1 500;1 500;3 892;5 838 000;6.01%
09/10/2025;1 500;1 500;1 500;1 500;6 657;9 985 500;0.00%
10/10/2025;1 585;1 500;1 585;1 500;6 212;9 582 010;5.67%
13/10/2025;1 700;1 600;1 700;1 600;7 675;12 663 750;7.26%
14/10/2025;1 825;1 825;1 825;1 825;2 357;4 301 525;7.35%
15/10/2025;1 690;1 690;1 690;1 690;8 491;14 349 790;-7.40%
16/10/2025;1 565;1 565;1 565;1 565;10 475;16 393 375;-7.40%
17/10/2025;1 475;1 450;1 475;1 450;33 353;48 778 763;-5.75%
20/10/2025;1 585;1 490;1 585;1 490;15 218;23 397 675;7.46%
21/10/2025;1 700;1 700;1 700;1 700;3 005;5 108 500;7.26%
22/10/2025;1 785;1 800;1 800;1 785;11 196;20 068 830;5.00%
23/10/2025;1 750;1 780;1 780;1 750;13 965;24 648 225;-1.96%
24/10/2025;1 880;1 800;1 880;1 800;20 783;38 240 720;7.43%
27/10/2025;2 020;1 900;2 020;1 900;10 130;19 854 800;7.45%
28/10/2025;2 170;2 150;2 170;2 150;7 372;15 923 520;7.43%
29/10/2025;2 330;2 245;2 330;2 245;16 153;36 949 988;7.37%
30/10/2025;2 495;2 330;2 495;2 330;8 809;21 251 713;7.08%
31/10/2025;2 310;2 310;2 310;2 310;6 118;14 132 580;-7.41%
03/11/2025;2 140;2 140;2 140;2 140;1 281;2 741 340;-7.36%
04/11/2025;1 980;1 980;1 980;1 980;1 745;3 455 100;-7.48%
05/11/2025;1 835;1 845;1 845;1 835;1 278;2 351 520;-7.32%
06/11/2025;1 700;1 700;1 700;1 700;1 525;2 592 500;-7.36%
07/11/2025;1 575;1 575;1 575;1 575;-;0;-7.35%
10/11/2025;1 460;1 460;1 460;1 460;14 232;20 778 720;-7.30%
11/11/2025;1 565;1 565;1 565;1 565;30 112;47 125 280;7.19%
12/11/2025;1 660;1 680;1 680;1 660;14 708;24 562 360;6.07%
13/11/2025;1 610;1 690;1 690;1 610;10 196;16 823 400;-3.01%
14/11/2025;1 530;1 595;1 595;1 530;3 006;4 696 875;-4.97%
17/11/2025;1 530;1 530;1 530;1 530;2 681;4 101 930;0.00%
18/11/2025;1 515;1 530;1 530;1 515;3 124;4 756 290;-0.98%
19/11/2025;1 515;1 515;1 515;1 515;1 747;2 646 705;0.00%
20/11/2025;1 515;1 530;1 530;1 515;5 822;8 863 995;0.00%
21/11/2025;1 480;1 500;1 500;1 480;3 416;5 089 840;-2.31%
24/11/2025;1 475;1 475;1 475;1 475;4 317;6 367 575;-0.34%
25/11/2025;1 505;1 485;1 505;1 485;7 559;11 300 705;2.03%
26/11/2025;1 580;1 550;1 580;1 550;9 749;15 257 185;4.98%
27/11/2025;1 695;1 585;1 695;1 585;4 564;7 484 960;7.28%
28/11/2025;1 690;1 690;1 690;1 690;3 833;6 477 770;-0.29%
01/12/2025;1 700;1 700;1 700;1 700;8 806;14 970 200;0.59%
02/12/2025;1 780;1 725;1 780;1 725;5 725;10 033 063;4.71%
03/12/2025;1 755;1 785;1 785;1 755;2 098;3 713 460;-1.40%
04/12/2025;1 735;1 755;1 755;1 735;1 463;2 552 935;-1.14%
05/12/2025;1 735;1 750;1 750;1 735;713;1 242 403;0.00%
08/12/2025;1 700;1 735;1 735;1 700;736;1 264 080;-2.02%
09/12/2025;1 575;1 700;1 700;1 575;7 937;12 996 838;-7.35%
10/12/2025;1 505;1 670;1 670;1 505;8 617;13 679 488;-4.44%
11/12/2025;1 515;1 600;1 600;1 515;3 478;5 416 985;0.66%
12/12/2025;1 425;1 620;1 620;1 425;15 003;22 842 068;-5.94%
15/12/2025;1 420;1 400;1 420;1 400;3 004;4 235 640;-0.35%
16/12/2025;1 440;1 430;1 440;1 430;1 472;2 112 320;1.41%
17/12/2025;1 445;1 540;1 540;1 445;4 712;7 032 660;0.35%
18/12/2025;1 450;1 445;1 450;1 445;5 754;8 328 915;0.35%
19/12/2025;1 455;1 520;1 520;1 455;2 268;3 373 650;0.34%
22/12/2025;1 450;1 535;1 535;1 450;2 630;3 925 275;-0.34%
23/12/2025;1 400;1 450;1 450;1 400;11 312;16 119 600;-3.45%
24/12/2025;1 445;1 300;1 445;1 300;4 047;5 554 508;3.21%
25/12/2025;1 445;1 300;1 445;1 300;4 047;5 554 508;0.00%
26/12/2025;1 460;1 445;1 460;1 445;2 804;4 072 810;1.04%
29/12/2025;1 460;1 450;1 460;1 450;2 125;3 091 875;0.00%
30/12/2025;1 450;1 450;1 450;1 450;2 481;3 597 450;-0.68%
31/12/2025;1 430;1 450;1 450;1 430;1 284;1 848 960;-1.38%
01/01/2026;1 430;1 450;1 450;1 430;1 284;1 848 960;0.00%
02/01/2026;1 395;1 355;1 395;1 355;2 776;3 817 000;-2.45%
05/01/2026;1 305;1 370;1 370;1 305;6 653;8 898 388;-6.45%
06/01/2026;1 250;1 305;1 305;1 250;9 269;11 841 148;-4.21%
07/01/2026;1 275;1 250;1 275;1 250;1 727;2 180 338;2.00%
08/01/2026;1 335;1 290;1 335;1 290;1 265;1 660 313;4.71%
09/01/2026;1 345;1 345;1 345;1 345;4 235;5 696 075;0.75%
12/01/2026;1 345;1 345;1 345;1 345;1 193;1 604 585;0.00%
13/01/2026;1 340;1 345;1 345;1 340;773;1 037 753;-0.37%
14/01/2026;1 390;1 345;1 390;1 345;3 501;4 787 618;3.73%
15/01/2026;1 455;1 390;1 455;1 390;5 203;7 401 268;4.68%
16/01/2026;1 450;1 455;1 455;1 450;976;1 417 640;-0.34%
19/01/2026;1 440;1 450;1 450;1 440;1 756;2 537 420;-0.69%
20/01/2026;1 400;1 450;1 450;1 400;2 199;3 133 575;-2.78%
21/01/2026;1 380;1 400;1 400;1 380;2 817;3 915 630;-1.43%
22/01/2026;1 390;1 440;1 440;1 390;1 221;1 727 715;0.72%
23/01/2026;1 490;1 395;1 490;1 395;9 058;13 066 165;7.19%
26/01/2026;1 520;1 495;1 520;1 495;9 763;14 717 723;2.01%
27/01/2026;1 525;1 585;1 585;1 525;6 434;10 004 870;0.33%
28/01/2026;1 520;1 575;1 575;1 520;3 379;5 229 003;-0.33%
29/01/2026;1 525;1 560;1 560;1 525;2 045;3 154 413;0.33%
30/01/2026;1 500;1 500;1 500;1 500;2 935;4 402 500;-1.64%
02/02/2026;1 495;1 500;1 500;1 495;5 816;8 709 460;-0.33%
03/02/2026;1 490;1 495;1 495;1 490;2 319;3 461 108;-0.33%
04/02/2026;1 500;1 490;1 500;1 490;3 547;5 302 765;0.67%
05/02/2026;1 500;1 500;1 500;1 500;4 125;6 187 500;0.00%
06/02/2026;1 590;1 500;1 590;1 500;2 601;4 018 545;6.00%
09/02/2026;1 580;1 585;1 585;1 580;6 110;9 669 075;-0.63%
10/02/2026;1 635;1 645;1 645;1 635;5 991;9 825 240;3.48%
11/02/2026;1 600;1 635;1 635;1 600;5 006;8 097 205;-2.14%
12/02/2026;1 595;1 605;1 605;1 595;4 201;6 721 600;-0.31%
13/02/2026;1 570;1 590;1 590;1 570;5 273;8 331 340;-1.57%
16/02/2026;1 560;1 570;1 570;1 560;16 913;26 468 845;-0.64%
17/02/2026;1 565;1 560;1 565;1 560;4 854;7 584 375;0.32%
18/02/2026;1 595;1 590;1 595;1 590;10 269;16 353 383;1.92%
19/02/2026;1 590;1 595;1 595;1 590;22 828;36 353 590;-0.31%
20/02/2026;1 630;1 690;1 690;1 630;4 163;6 910 580;2.52%
23/02/2026;1 675;1 560;1 675;1 560;16 133;26 095 128;2.76%
24/02/2026;1 695;1 680;1 695;1 680;12 862;21 704 625;1.19%
25/02/2026;1 750;1 700;1 750;1 700;7 539;13 004 775;3.24%
26/02/2026;1 790;1 755;1 790;1 755;6 785;12 026 413;2.29%
27/02/2026;1 790;1 755;1 790;1 755;21 570;38 232 825;0.00%
02/03/2026;1 700;1 785;1 785;1 700;4 769;8 309 983;-5.03%
03/03/2026;1 780;1 720;1 780;1 720;6 741;11 796 750;4.71%
04/03/2026;1 785;1 780;1 785;1 780;12 352;22 017 440;0.28%
05/03/2026;1 800;1 790;1 800;1 790;5 758;10 335 610;0.84%
06/03/2026;1 750;1 800;1 800;1 750;6 586;11 690 150;-2.78%
09/03/2026;1 730;1 750;1 750;1 730;8 619;14 997 060;-1.14%
10/03/2026;1 775;1 730;1 775;1 730;15 446;27 069 115;2.60%
11/03/2026;1 775;1 775;1 775;1 775;2 003;3 555 325;0.00%
12/03/2026;1 695;1 765;1 765;1 695;7 224;12 497 520;-4.51%
13/03/2026;1 650;1 650;1 650;1 650;2 678;4 418 700;-2.65%
16/03/2026;1 650;1 650;1 650;1 650;2 678;4 418 700;0.00%
17/03/2026;1 745;1 650;1 745;1 650;9 897;16 800 158;5.76%
18/03/2026;1 760;1 745;1 760;1 745;3 644;6 386 110;0.86%
19/03/2026;1 795;1 760;1 795;1 760;7 594;13 498 335;1.99%
20/03/2026;1 795;1 760;1 795;1 760;7 594;13 498 335;0.00%
23/03/2026;1 750;1 795;1 795;1 750;3 368;5 969 780;-2.51%
24/03/2026;1 675;1 620;1 675;1 620;2 272;3 743 120;-4.29%
25/03/2026;1 630;1 670;1 670;1 630;2 007;3 311 550;-2.69%
26/03/2026;1 640;1 630;1 640;1 630;1 685;2 754 975;0.61%
27/03/2026;1 630;1 630;1 630;1 630;2 239;3 649 570;-0.61%
30/03/2026;1 610;1 625;1 625;1 610;5 855;9 470 463;-1.23%
31/03/2026;1 620;1 600;1 620;1 600;1 727;2 780 470;0.62%
01/04/2026;1 620;1 640;1 640;1 620;1 249;2 035 870;0.00%
02/04/2026;1 605;1 615;1 615;1 605;1 090;1 754 900;-0.93%
03/04/2026;1 620;1 605;1 620;1 605;1 032;1 664 100;0.93%
06/04/2026;1 620;1 605;1 620;1 605;1 032;1 664 100;0.00%
07/04/2026;1 635;1 610;1 635;1 610;7 104;11 526 240;0.93%
08/04/2026;1 700;1 635;1 700;1 635;6 545;10 913 788;3.98%
09/04/2026;1 695;1 700;1 700;1 695;4 907;8 329 633;-0.29%
10/04/2026;1 640;1 695;1 695;1 640;491;818 743;-3.24%
13/04/2026;1 630;1 640;1 640;1 630;1 571;2 568 585;-0.61%
14/04/2026;1 600;1 640;1 640;1 600;1 814;2 938 680;-1.84%
15/04/2026;1 500;1 600;1 600;1 500;4 917;7 621 350;-6.25%
16/04/2026;1 550;1 500;1 550;1 500;2 386;3 638 650;3.33%
17/04/2026;1 545;1 550;1 550;1 545;3 325;5 145 438;-0.32%
20/04/2026;1 550;1 545;1 550;1 545;5 813;8 995 618;0.32%
21/04/2026;1 590;1 550;1 590;1 550;1 160;1 821 200;2.58%
22/04/2026;1 600;1 650;1 650;1 600;1 489;2 419 625;0.63%
23/04/2026;1 550;1 600;1 600;1 550;3 364;5 298 300;-3.13%
24/04/2026;1 595;1 530;1 595;1 530;1 888;2 950 000;2.90%
27/04/2026;1 590;1 600;1 600;1 590;2 218;3 537 710;-0.31%
28/04/2026;1 580;1 600;1 600;1 580;4 479;7 121 610;-0.63%
29/04/2026;1 530;1 575;1 575;1 530;1 725;2 678 063;-3.16%
30/04/2026;1 430;1 425;1 430;1 425;1 026;1 464 615;-6.54%
01/05/2026;1 430;1 425;1 430;1 425;1 026;1 464 615;0.00%
04/05/2026;1 430;1 430;1 430;1 430;4 899;7 005 570;0.00%
05/05/2026;1 325;1 400;1 400;1 325;10 165;13 849 813;-7.34%
06/05/2026;1 400;1 325;1 400;1 325;3 910;5 327 375;5.66%
07/05/2026;1 400;1 380;1 400;1 380;3 848;5 348 720;0.00%
08/05/2026;1 385;1 400;1 400;1 385;2 459;3 424 158;-1.07%
11/05/2026;1 380;1 385;1 385;1 380;1 550;2 142 875;-0.36%
12/05/2026;1 380;1 380;1 380;1 380;1 999;2 758 620;0.00%
13/05/2026;1 480;1 380;1 480;1 380;5 983;8 555 690;7.25%
14/05/2026;1 480;1 380;1 480;1 380;5 983;8 555 690;0.00%
15/05/2026;1 555;1 480;1 555;1 480;3 145;4 772 538;5.07%
18/05/2026;1 500;1 575;1 575;1 500;2 975;4 574 063;-3.54%
19/05/2026;1 500;1 500;1 500;1 500;1 615;2 422 500;0.00%
20/05/2026;1 480;1 495;1 495;1 480;1 858;2 763 775;-1.33%
21/05/2026;1 485;1 480;1 485;1 480;2 089;3 096 943;0.34%
22/05/2026;1 485;1 485;1 485;1 485;3 776;5 607 360;0.00%
25/05/2026;1 485;1 485;1 485;1 485;3 776;5 607 360;0.00%
26/05/2026;1 485;1 485;1 485;1 485;725;1 076 625;0.00%
27/05/2026;1 485;1 485;1 485;1 485;725;1 076 625;0.00%
28/05/2026;1 485;1 485;1 485;1 485;3 438;5 105 430;0.00%
29/05/2026;1 510;1 500;1 510;1 500;1 483;2 231 915;1.68%
01/06/2026;1 505;1 510;1 510;1 505;3 042;4 585 815;-0.33%
02/06/2026;1 530;1 505;1 530;1 505;1 931;2 930 293;1.66%
03/06/2026;1 545;1 540;1 545;1 540;1 629;2 512 733;0.98%
04/06/2026;1 570;1 575;1 575;1 570;1 287;2 023 808;1.62%
05/06/2026;1 580;1 570;1 580;1 570;2 693;4 241 475;0.64%
08/06/2026;1 570;1 580;1 580;1 570;2 137;3 365 775;-0.63%
09/06/2026;1 575;1 570;1 575;1 570;2 273;3 574 293;0.32%
10/06/2026;1 580;1 570;1 580;1 570;3 388;5 336 100;0.32%
11/06/2026;1 600;1 580;1 600;1 580;7 616;12 109 440;1.27%
12/06/2026;1 600;1 605;1 605;1 600;3 584;5 743 360;0.00%
15/06/2026;1 610;1 600;1 610;1 600;4 455;7 150 275;0.63%
16/06/2026;1 645;1 610;1 645;1 610;4 017;6 537 668;2.17%
17/06/2026;1 765;1 700;1 765;1 700;2 533;4 388 423;7.29%
18/06/2026;1 765;1 895;1 895;1 765;8 527;15 604 410;0.00%
19/06/2026;1 825;1 795;1 825;1 795;3 458;6 258 980;3.40%
22/06/2026;1 695;1 815;1 815;1 695;7 477;13 122 135;-7.12%
23/06/2026;1 675;1 695;1 695;1 675;4 477;7 543 745;-1.18%
24/06/2026;1 550;1 550;1 550;1 550;6 154;9 538 700;-7.46%
25/06/2026;1 665;1 560;1 665;1 560;1 408;2 270 400;7.42%
26/06/2026;1 775;1 785;1 785;1 775;6 056;10 779 680;6.61%
29/06/2026;1 750;1 775;1 775;1 750;8 797;15 504 713;-1.41%
30/06/2026;1 760;1 750;1 760;1 750;2 476;4 345 380;0.57%
01/07/2026;1 765;1 770;1 770;1 765;1 590;2 810 325;0.28%
02/07/2026;1 780;1 770;1 780;1 770;7 824;13 887 600;0.85%
03/07/2026;1 765;1 765;1 765;1 765;1 071;1 890 315;-0.84%
06/07/2026;1 725;1 760;1 760;1 725;10 498;18 292 765;-2.27%
07/07/2026;1 600;1 725;1 725;1 600;4 303;7 153 738;-7.25%
08/07/2026;1 620;1 600;1 620;1 600;5 978;9 624 580;1.25%
09/07/2026;1 575;1 620;1 620;1 575;2 620;4 185 450;-2.78%
10/07/2026;1 575;1 575;1 575;1 575;3 819;6 014 925;0.00%
13/07/2026;1 550;1 575;1 575;1 550;6 142;9 596 875;-1.59%
14/07/2026;1 605;1 600;1 605;1 600;10 990;17 611 475;3.55%
15/07/2026;1 560;1 600;1 600;1 560;5 912;9 340 960;-2.80%
16/07/2026;1 580;1 560;1 580;1 560;2 884;4 527 880;1.28%
17/07/2026;1 600;1 600;1 600;1 600;4 335;6 936 000;1.27%
20/07/2026;1 700;1 605;1 700;1 605;10 079;16 655 548;6.25%
21/07/2026;1 605;1 700;1 700;1 605;5 164;8 533 510;-5.59%
22/07/2026;1 695;1 700;1 700;1 695;2 615;4 438 963;5.61%
23/07/2026;1 695;1 695;1 695;1 695;1 038;1 759 410;0.00%
24/07/2026;1 680;1 695;1 695;1 680;2 056;3 469 500;-0.88%
27/07/2026;1 670;1 710;1 710;1 670;2 763;4 669 470;-0.60%
28/07/2026;1 660;1 670;1 670;1 660;968;1 611 720;-0.60%
29/07/2026;1 610;1 660;1 660;1 610;2 941;4 808 535;-3.01%
30/07/2026;1 660;1 660;1 660;1 660;947;1 572 020;3.11%
31/07/2026;1 665;1 660;1 665;1 660;2 926;4 864 475;0.30%
03/08/2026;1 695;1 695;1 695;1 695;2 656;4 501 920;1.80%
04/08/2026;1 690;1 695;1 695;1 690;3 139;5 312 758;-0.29%
05/08/2026;1 690;1 690;1 690;1 690;3 668;6 198 920;0.00%
06/08/2026;1 700;1 690;1 700;1 690;502;850 890;0.59%
07/08/2026;1 700;1 690;1 700;1 690;502;850 890;0.00%
10/08/2026;1 695;1 700;1 700;1 695;4 531;7 691 373;-0.29%
11/08/2026;1 695;1 705;1 705;1 695;1 920;3 264 000;0.00%
12/08/2026;1 695;1 650;1 695;1 650;2 847;4 761 608;0.00%
13/08/2026;1 600;1 690;1 690;1 600;4 738;7 794 010;-5.60%
14/08/2026;1 665;1 680;1 680;1 665;985;1 647 413;4.06%
17/08/2026;1 665;1 665;1 665;1 665;2 855;4 753 575;0.00%
18/08/2026;1 600;1 660;1 660;1 600;4 878;7 951 140;-3.90%
19/08/2026;1 630;1 625;1 630;1 625;1 989;3 237 098;1.88%
20/08/2026;1 680;1 640;1 680;1 640;3 629;6 024 140;3.07%
21/08/2026;1 740;1 715;1 740;1 715;4 497;7 768 568;3.57%
24/08/2026;1 765;1 730;1 765;1 730;4 499;7 862 003;1.44%
25/08/2026;1 765;1 730;1 765;1 730;4 499;7 862 003;0.00%
