Date;Clôture;Plus bas;Plus haut;Ouverture;Volume Titres;Volume FCFA;Variation %
25/10/2017;10 400;10 400;10 400;10 400;18 444;191 817 600;7.49%
26/10/2017;9 850;9 850;9 850;9 850;61 557;606 336 450;-5.29%
27/10/2017;9 115;9 115;9 115;9 115;18 294;166 749 810;-7.46%
30/10/2017;9 700;9 700;9 700;9 700;20 407;197 947 900;6.42%
31/10/2017;10 000;10 000;10 000;10 000;20 372;203 720 000;3.09%
02/11/2017;9 890;9 890;9 890;9 890;5 086;50 300 540;-1.10%
03/11/2017;9 435;9 435;9 435;9 435;20 610;194 455 350;-4.60%
06/11/2017;9 425;9 425;9 425;9 425;6 475;61 026 875;-0.11%
07/11/2017;9 400;9 400;9 400;9 400;13 465;126 571 000;-0.27%
08/11/2017;9 220;9 220;9 220;9 220;5 430;50 064 600;-1.91%
09/11/2017;9 340;9 340;9 340;9 340;43 287;404 300 580;1.30%
10/11/2017;9 200;9 200;9 200;9 200;5 214;47 968 800;-1.50%
13/11/2017;9 100;9 100;9 100;9 100;893;8 126 300;-1.09%
14/11/2017;9 145;9 145;9 145;9 145;14 580;133 334 100;0.49%
16/11/2017;9 090;9 090;9 090;9 090;7 229;65 711 610;-0.60%
17/11/2017;9 085;9 085;9 085;9 085;10 882;98 862 970;-0.06%
20/11/2017;9 075;9 075;9 075;9 075;1 021;9 265 575;-0.11%
21/11/2017;9 070;9 070;9 070;9 070;1 471;13 341 970;-0.06%
22/11/2017;9 050;9 050;9 050;9 050;60 790;550 149 500;-0.22%
23/11/2017;9 040;9 040;9 040;9 040;6 008;54 312 320;-0.11%
24/11/2017;9 040;9 040;9 040;9 040;4 162;37 624 480;0.00%
27/11/2017;9 035;9 035;9 035;9 035;1 718;15 522 130;-0.06%
28/11/2017;9 020;9 020;9 020;9 020;34 119;307 753 380;-0.17%
29/11/2017;9 005;9 005;9 005;9 005;1 343;12 093 715;-0.17%
04/12/2017;9 000;9 000;9 000;9 000;2 687;24 183 000;0.00%
05/12/2017;9 000;9 000;9 000;9 000;5 602;50 418 000;0.00%
06/12/2017;9 000;9 000;9 000;9 000;7 914;71 226 000;0.00%
07/12/2017;9 000;9 000;9 000;9 000;6 199;55 791 000;0.00%
08/12/2017;9 000;9 000;9 000;9 000;5 857;52 713 000;0.00%
11/12/2017;9 000;9 000;9 000;9 000;16 170;145 530 000;0.00%
12/12/2017;9 000;9 000;9 000;9 000;9 701;87 309 000;0.00%
13/12/2017;8 990;8 990;8 990;8 990;458;4 117 420;-0.11%
14/12/2017;8 900;8 900;8 900;8 900;3 294;29 316 600;-1.00%
15/12/2017;9 000;9 000;9 000;9 000;8 158;73 422 000;1.12%
18/12/2017;8 990;8 990;8 990;8 990;1 761;15 831 390;-0.11%
19/12/2017;8 950;8 950;8 950;8 950;4 937;44 186 150;-0.44%
20/12/2017;8 945;8 945;8 945;8 945;11 243;100 568 635;-0.06%
21/12/2017;8 795;8 795;8 795;8 795;1 706;15 004 270;-1.68%
22/12/2017;8 900;8 900;8 900;8 900;4 066;36 187 400;1.19%
26/12/2017;9 000;9 000;9 000;9 000;12 724;114 516 000;1.12%
27/12/2017;9 000;9 000;9 000;9 000;7 467;67 203 000;0.00%
28/12/2017;8 990;8 990;8 990;8 990;2 132;19 166 680;-0.11%
29/12/2017;9 660;9 660;9 660;9 660;99 390;960 107 400;7.45%
02/01/2018;9 000;9 000;9 000;9 000;145;1 305 000;-6.83%
03/01/2018;8 760;8 760;8 760;8 760;1 822;15 960 720;-2.67%
04/01/2018;8 900;8 900;8 900;8 900;2 381;21 190 900;1.60%
05/01/2018;8 880;8 880;8 880;8 880;3 297;29 277 360;-0.22%
08/01/2018;8 800;8 800;8 800;8 800;915;8 052 000;-0.90%
09/01/2018;8 750;8 750;8 750;8 750;655;5 731 250;-0.57%
10/01/2018;8 845;8 845;8 845;8 845;405;3 582 225;1.09%
11/01/2018;8 840;8 840;8 840;8 840;1 765;15 602 600;-0.06%
12/01/2018;8 700;8 700;8 700;8 700;1 272;11 066 400;-1.58%
15/01/2018;8 700;8 700;8 700;8 700;301;2 618 700;0.00%
16/01/2018;8 700;8 700;8 700;8 700;578;5 028 600;0.00%
17/01/2018;8 700;8 700;8 700;8 700;695;6 046 500;0.00%
18/01/2018;8 700;8 700;8 700;8 700;5 156;44 857 200;0.00%
19/01/2018;8 695;8 695;8 695;8 695;1 034;8 990 630;-0.06%
22/01/2018;8 500;8 500;8 500;8 500;418;3 553 000;-2.24%
23/01/2018;8 600;8 600;8 600;8 600;2 574;22 136 400;1.18%
24/01/2018;8 400;8 400;8 400;8 400;209;1 755 600;-2.33%
25/01/2018;8 400;8 400;8 400;8 400;4 343;36 481 200;0.00%
26/01/2018;8 400;8 400;8 400;8 400;530;4 452 000;0.00%
29/01/2018;8 300;8 300;8 300;8 300;974;8 084 200;-1.19%
30/01/2018;8 150;8 150;8 150;8 150;1 242;10 122 300;-1.81%
31/01/2018;8 400;8 400;8 400;8 400;6 666;55 994 400;3.07%
01/02/2018;8 800;8 800;8 800;8 800;17 336;152 556 800;4.76%
02/02/2018;8 800;8 800;8 800;8 800;4 911;43 216 800;0.00%
05/02/2018;8 400;8 400;8 400;8 400;302;2 536 800;-4.55%
06/02/2018;8 500;8 500;8 500;8 500;1 180;10 030 000;1.19%
07/02/2018;8 500;8 500;8 500;8 500;11 510;97 835 000;0.00%
08/02/2018;8 500;8 500;8 500;8 500;1 390;11 815 000;0.00%
09/02/2018;8 500;8 500;8 500;8 500;290;2 465 000;0.00%
12/02/2018;8 490;8 490;8 490;8 490;360;3 056 400;-0.12%
13/02/2018;8 450;8 450;8 450;8 450;780;6 591 000;-0.47%
14/02/2018;8 440;8 440;8 440;8 440;290;2 447 600;-0.12%
15/02/2018;8 450;8 450;8 450;8 450;1 600;13 520 000;0.12%
16/02/2018;8 445;8 445;8 445;8 445;1 140;9 627 300;-0.06%
19/02/2018;8 350;8 350;8 350;8 350;2 400;20 040 000;-1.12%
20/02/2018;8 400;8 400;8 400;8 400;2 720;22 848 000;0.60%
21/02/2018;8 400;8 400;8 400;8 400;1 500;12 600 000;0.00%
22/02/2018;8 400;8 400;8 400;8 400;600;5 040 000;0.00%
23/02/2018;8 400;8 400;8 400;8 400;1 060;8 904 000;0.00%
26/02/2018;8 395;8 395;8 395;8 395;1 490;12 508 550;-0.06%
27/02/2018;8 395;8 395;8 395;8 395;580;4 869 100;0.00%
01/03/2018;8 400;8 400;8 400;8 400;790;6 636 000;0.00%
02/03/2018;8 400;8 400;8 400;8 400;5 540;46 536 000;0.00%
05/03/2018;8 395;8 395;8 395;8 395;1 350;11 333 250;-0.06%
06/03/2018;8 390;8 390;8 390;8 390;3 800;31 882 000;-0.06%
07/03/2018;8 295;8 295;8 295;8 295;2 240;18 580 800;-1.13%
08/03/2018;8 295;8 295;8 295;8 295;470;3 898 650;0.00%
09/03/2018;8 300;8 300;8 300;8 300;690;5 727 000;0.06%
12/03/2018;8 295;8 295;8 295;8 295;1 190;9 871 050;-0.06%
13/03/2018;8 125;8 125;8 125;8 125;640;5 200 000;-2.05%
14/03/2018;8 295;8 295;8 295;8 295;2 140;17 751 300;2.09%
15/03/2018;8 295;8 295;8 295;8 295;3 360;27 871 200;0.00%
16/03/2018;8 295;8 295;8 295;8 295;560;4 645 200;0.00%
19/03/2018;8 290;8 290;8 290;8 290;240;1 989 600;-0.06%
20/03/2018;8 290;8 290;8 290;8 290;590;4 891 100;0.00%
21/03/2018;8 200;8 200;8 200;8 200;1 130;9 266 000;-1.09%
22/03/2018;8 200;8 200;8 200;8 200;2 790;22 878 000;0.00%
23/03/2018;8 240;8 240;8 240;8 240;2 060;16 974 400;0.49%
26/03/2018;8 200;8 200;8 200;8 200;7 000;57 400 000;-0.49%
27/03/2018;8 190;8 190;8 190;8 190;350;2 866 500;-0.12%
28/03/2018;8 180;8 180;8 180;8 180;2 180;17 832 400;-0.12%
29/03/2018;8 150;8 150;8 150;8 150;1 710;13 936 500;-0.37%
30/03/2018;8 200;8 200;8 200;8 200;1 940;15 908 000;0.61%
03/04/2018;8 200;8 200;8 200;8 200;1 810;14 842 000;0.00%
04/04/2018;8 150;8 150;8 150;8 150;63 290;515 813 500;-0.61%
05/04/2018;8 150;8 150;8 150;8 150;1 350;11 002 500;0.00%
06/04/2018;8 150;8 150;8 150;8 150;3 960;32 274 000;0.00%
09/04/2018;8 150;8 150;8 150;8 150;550;4 482 500;0.00%
10/04/2018;8 150;8 150;8 150;8 150;3 600;29 340 000;0.00%
11/04/2018;8 100;8 100;8 100;8 100;2 280;18 468 000;-0.61%
12/04/2018;8 100;8 100;8 100;8 100;5 720;46 332 000;0.00%
13/04/2018;8 100;8 100;8 100;8 100;18 400;149 040 000;0.00%
16/04/2018;8 100;8 100;8 100;8 100;10 670;86 427 000;0.00%
17/04/2018;8 000;8 000;8 000;8 000;790;6 320 000;-1.23%
18/04/2018;8 000;8 000;8 000;8 000;2 790;22 320 000;0.00%
19/04/2018;8 000;8 000;8 000;8 000;3 840;30 720 000;0.00%
20/04/2018;8 050;8 050;8 050;8 050;8 040;64 722 000;0.63%
23/04/2018;8 000;8 000;8 000;8 000;45 870;366 960 000;-0.62%
24/04/2018;8 000;8 000;8 000;8 000;8 560;68 480 000;0.00%
25/04/2018;8 080;8 080;8 080;8 080;15 940;128 795 200;1.00%
26/04/2018;8 000;8 000;8 000;8 000;1 950;15 600 000;-0.99%
27/04/2018;8 000;8 000;8 000;8 000;10;80 000;0.00%
30/04/2018;8 000;8 000;8 000;8 000;80;640 000;0.00%
02/05/2018;8 100;8 100;8 100;8 100;6 720;54 432 000;1.25%
03/05/2018;8 200;8 200;8 200;8 200;16 570;135 874 000;1.23%
04/05/2018;8 000;8 000;8 000;8 000;41 810;334 480 000;-2.44%
07/05/2018;8 400;8 400;8 400;8 400;11 370;95 508 000;5.00%
08/05/2018;8 500;8 500;8 500;8 500;8 310;70 635 000;1.19%
09/05/2018;8 500;8 500;8 500;8 500;1 510;12 835 000;0.00%
11/05/2018;8 900;8 900;8 900;8 900;81 380;724 282 000;4.71%
14/05/2018;8 900;8 900;8 900;8 900;1 580;14 062 000;0.00%
15/05/2018;8 900;8 900;8 900;8 900;1 230;10 947 000;0.00%
16/05/2018;8 900;8 900;8 900;8 900;28 340;252 226 000;0.00%
17/05/2018;8 900;8 900;8 900;8 900;1 420;12 638 000;0.00%
18/05/2018;8 900;8 900;8 900;8 900;63 220;562 658 000;0.00%
22/05/2018;8 900;8 900;8 900;8 900;920;8 188 000;0.00%
23/05/2018;8 850;8 850;8 850;8 850;800;7 080 000;-0.56%
24/05/2018;8 900;8 900;8 900;8 900;4 740;42 186 000;0.56%
25/05/2018;8 900;8 900;8 900;8 900;9 040;80 456 000;0.00%
28/05/2018;8 900;8 900;8 900;8 900;7 280;64 792 000;0.00%
30/05/2018;8 750;8 750;8 750;8 750;13 700;119 875 000;-1.69%
31/05/2018;8 900;8 900;8 900;8 900;4 490;39 961 000;1.71%
01/06/2018;8 900;8 900;8 900;8 900;7 660;68 174 000;0.00%
04/06/2018;8 900;8 900;8 900;8 900;850;7 565 000;0.00%
05/06/2018;8 900;8 900;8 900;8 900;45 800;407 620 000;0.00%
06/06/2018;8 900;8 900;8 900;8 900;1 470;13 083 000;0.00%
07/06/2018;8 900;8 900;8 900;8 900;2 420;21 538 000;0.00%
08/06/2018;8 900;8 900;8 900;8 900;4 320;38 448 000;0.00%
12/06/2018;9 000;9 000;9 000;9 000;4 110;36 990 000;1.12%
13/06/2018;9 000;9 000;9 000;9 000;1 260;11 340 000;0.00%
15/06/2018;9 200;9 200;9 200;9 200;10 340;95 128 000;2.22%
18/06/2018;9 200;9 200;9 200;9 200;3 800;34 960 000;0.00%
19/06/2018;9 300;9 300;9 300;9 300;19 330;179 769 000;1.09%
20/06/2018;9 500;9 500;9 500;9 500;107 930;1 025 335 000;2.15%
21/06/2018;8 800;8 800;8 800;8 800;200;1 760 000;-7.37%
22/06/2018;8 755;8 755;8 755;8 755;1 300;11 381 500;-0.51%
25/06/2018;8 690;8 690;8 690;8 690;90;782 100;-0.74%
26/06/2018;8 205;8 205;8 205;8 205;740;6 071 700;-5.58%
27/06/2018;8 400;8 400;8 400;8 400;1 130;9 492 000;2.38%
28/06/2018;8 300;8 300;8 300;8 300;1 710;14 193 000;-1.19%
29/06/2018;8 225;8 225;8 225;8 225;1 100;9 047 500;-0.90%
02/07/2018;8 300;8 300;8 300;8 300;1 080;8 964 000;0.91%
03/07/2018;8 300;8 300;8 300;8 300;7 780;64 574 000;0.00%
04/07/2018;8 200;8 200;8 200;8 200;170;1 394 000;-1.20%
05/07/2018;8 205;8 205;8 205;8 205;720;5 907 600;0.06%
06/07/2018;8 200;8 200;8 200;8 200;1 010;8 282 000;-0.06%
09/07/2018;8 235;8 235;8 235;8 235;680;5 599 800;0.43%
10/07/2018;8 005;8 005;8 005;8 005;1 000;8 005 000;-2.79%
11/07/2018;8 055;8 055;8 055;8 055;220;1 772 100;0.62%
12/07/2018;8 000;8 000;8 000;8 000;1 960;15 680 000;-0.68%
13/07/2018;8 055;8 055;8 055;8 055;580;4 671 900;0.69%
16/07/2018;8 300;8 300;8 300;8 300;1 590;13 197 000;3.04%
17/07/2018;8 105;8 105;8 105;8 105;460;3 728 300;-2.35%
18/07/2018;8 100;8 100;8 100;8 100;180;1 458 000;-0.06%
19/07/2018;8 010;8 010;8 010;8 010;1 490;11 934 900;-1.11%
20/07/2018;8 005;8 005;8 005;8 005;3 170;25 375 850;-0.06%
23/07/2018;8 150;8 150;8 150;8 150;560;4 564 000;1.81%
24/07/2018;8 000;8 000;8 000;8 000;100;800 000;-1.84%
25/07/2018;8 495;8 495;8 495;8 495;1 800;15 291 000;6.19%
26/07/2018;8 495;8 495;8 495;8 495;220;1 868 900;0.00%
27/07/2018;8 395;8 395;8 395;8 395;4 060;34 083 700;-1.18%
30/07/2018;8 000;8 000;8 000;8 000;850;6 800 000;-4.71%
31/07/2018;8 005;8 005;8 005;8 005;1 030;8 245 150;0.06%
01/08/2018;8 000;8 000;8 000;8 000;1 670;13 360 000;-0.06%
02/08/2018;7 990;7 990;7 990;7 990;4 480;35 795 200;-0.13%
03/08/2018;8 000;8 000;8 000;8 000;2 340;18 720 000;0.13%
08/08/2018;8 000;8 000;8 000;8 000;2 780;22 240 000;0.00%
09/08/2018;7 400;7 400;7 400;7 400;4 800;35 520 000;-7.50%
10/08/2018;7 955;7 955;7 955;7 955;10 050;79 947 750;7.50%
13/08/2018;8 000;8 000;8 000;8 000;2 130;17 040 000;0.57%
14/08/2018;8 000;8 000;8 000;8 000;1 440;11 520 000;0.00%
16/08/2018;8 000;8 000;8 000;8 000;3 400;27 200 000;0.00%
17/08/2018;8 000;8 000;8 000;8 000;1 810;14 480 000;0.00%
20/08/2018;7 995;7 995;7 995;7 995;110;879 450;-0.06%
22/08/2018;7 940;7 940;7 940;7 940;390;3 096 600;-0.69%
23/08/2018;8 000;8 000;8 000;8 000;7 450;59 600 000;0.76%
24/08/2018;7 950;7 950;7 950;7 950;220;1 749 000;-0.63%
28/08/2018;7 900;7 900;7 900;7 900;410;3 239 000;-0.50%
29/08/2018;7 900;7 900;7 900;7 900;240;1 896 000;0.00%
30/08/2018;7 800;7 800;7 800;7 800;860;6 708 000;-1.27%
31/08/2018;7 810;7 810;7 810;7 810;260;2 030 600;0.13%
03/09/2018;7 800;7 800;7 800;7 800;6 680;52 104 000;-0.13%
04/09/2018;7 800;7 800;7 800;7 800;1 350;10 530 000;0.00%
05/09/2018;7 800;7 800;7 800;7 800;990;7 722 000;0.00%
06/09/2018;7 795;7 795;7 795;7 795;5 260;41 001 700;-0.06%
07/09/2018;7 800;7 800;7 800;7 800;1 610;12 558 000;0.06%
10/09/2018;7 625;7 625;7 625;7 625;3 800;28 975 000;-2.24%
11/09/2018;7 600;7 600;7 600;7 600;2 960;22 496 000;-0.33%
12/09/2018;7 600;7 600;7 600;7 600;3 740;28 424 000;0.00%
13/09/2018;7 690;7 690;7 690;7 690;3 960;30 452 400;1.18%
14/09/2018;7 600;7 600;7 600;7 600;1 150;8 740 000;-1.17%
17/09/2018;7 600;7 600;7 600;7 600;620;4 712 000;0.00%
18/09/2018;7 595;7 595;7 595;7 595;2 380;18 076 100;-0.07%
19/09/2018;7 600;7 600;7 600;7 600;3 510;26 676 000;0.07%
20/09/2018;7 495;7 495;7 495;7 495;260;1 948 700;-1.38%
21/09/2018;7 450;7 450;7 450;7 450;110;819 500;-0.60%
24/09/2018;7 440;7 440;7 440;7 440;1 380;10 267 200;-0.13%
25/09/2018;7 395;7 395;7 395;7 395;870;6 433 650;-0.60%
26/09/2018;7 400;7 400;7 400;7 400;4 840;35 816 000;0.07%
28/09/2018;7 300;7 300;7 300;7 300;530;3 869 000;-1.35%
01/10/2018;7 290;7 290;7 290;7 290;980;7 144 200;-0.14%
02/10/2018;7 290;7 290;7 290;7 290;350;2 551 500;0.00%
03/10/2018;7 290;7 290;7 290;7 290;300;2 187 000;0.00%
04/10/2018;7 280;7 280;7 280;7 280;440;3 203 200;-0.14%
05/10/2018;7 280;7 280;7 280;7 280;7 660;55 764 800;0.00%
08/10/2018;7 280;7 280;7 280;7 280;190;1 383 200;0.00%
11/10/2018;7 200;7 200;7 200;7 200;940;6 768 000;-1.10%
12/10/2018;7 195;7 195;7 195;7 195;1 050;7 554 750;-0.07%
15/10/2018;7 185;7 185;7 185;7 185;170;1 221 450;-0.14%
17/10/2018;7 120;7 120;7 120;7 120;80;569 600;-0.90%
19/10/2018;7 000;7 000;7 000;7 000;60;420 000;-1.69%
22/10/2018;6 980;6 980;6 980;6 980;1 640;11 447 200;-0.29%
23/10/2018;6 990;6 990;6 990;6 990;11 230;78 497 700;0.14%
24/10/2018;7 000;7 000;7 000;7 000;2 630;18 410 000;0.14%
25/10/2018;6 985;6 985;6 985;6 985;350;2 444 750;-0.21%
26/10/2018;6 975;6 975;6 975;6 975;850;5 928 750;-0.14%
30/10/2018;6 975;6 975;6 975;6 975;320;2 232 000;0.00%
31/10/2018;7 000;7 000;7 000;7 000;11 250;78 750 000;0.36%
02/11/2018;6 890;6 890;6 890;6 890;1 370;9 439 300;-1.57%
05/11/2018;6 845;6 845;6 845;6 845;20;136 900;-0.65%
06/11/2018;6 870;6 870;6 870;6 870;3 020;20 747 400;0.37%
07/11/2018;6 840;6 840;6 840;6 840;340;2 325 600;-0.44%
08/11/2018;6 840;6 840;6 840;6 840;650;4 446 000;0.00%
14/11/2018;6 795;6 795;6 795;6 795;3 040;20 656 800;-0.66%
16/11/2018;6 290;6 290;6 290;6 290;6 180;38 872 200;-7.43%
19/11/2018;6 500;6 500;6 500;6 500;130;845 000;3.34%
21/11/2018;6 360;6 360;6 360;6 360;100;636 000;-2.15%
22/11/2018;6 300;6 300;6 300;6 300;320;2 016 000;-0.94%
23/11/2018;6 245;6 245;6 245;6 245;1 250;7 806 250;-0.87%
27/11/2018;6 200;6 200;6 200;6 200;520;3 224 000;0.00%
28/11/2018;6 175;6 175;6 175;6 175;100;617 500;-0.40%
29/11/2018;6 150;6 150;6 150;6 150;60;369 000;-0.40%
03/12/2018;6 000;6 000;6 000;6 000;220;1 320 000;-2.44%
06/12/2018;6 000;6 000;6 000;6 000;1 040;6 240 000;0.00%
10/12/2018;6 000;6 000;6 000;6 000;800;4 800 000;0.00%
11/12/2018;5 550;5 550;5 550;5 550;950;5 272 500;-7.50%
12/12/2018;5 965;5 965;5 965;5 965;110;656 150;7.48%
13/12/2018;5 955;5 955;5 955;5 955;80;476 400;-0.17%
14/12/2018;5 950;5 950;5 950;5 950;2 150;12 792 500;-0.08%
17/12/2018;5 950;5 950;5 950;5 950;10;59 500;0.00%
18/12/2018;5 900;5 900;5 900;5 900;240;1 416 000;-0.84%
19/12/2018;5 900;5 900;5 900;5 900;600;3 540 000;0.00%
20/12/2018;5 900;5 900;5 900;5 900;1 010;5 959 000;0.00%
21/12/2018;5 925;5 925;5 925;5 925;230;1 362 750;0.42%
24/12/2018;5 925;5 925;5 925;5 925;80;474 000;0.00%
25/12/2018;5 925;5 925;5 925;5 925;75;444 375;0.00%
26/12/2018;5 925;5 925;5 925;5 925;150;888 750;0.00%
27/12/2018;5 925;5 925;5 925;5 925;-;0;0.00%
28/12/2018;6 000;6 000;6 000;6 000;2 830;16 980 000;1.27%
02/01/2019;6 000;6 000;6 000;6 000;1 499;8 994 000;0.00%
03/01/2019;6 000;6 000;6 000;6 000;1 061;6 366 000;0.00%
04/01/2019;6 000;6 000;6 000;6 000;197;1 182 000;0.00%
07/01/2019;6 000;6 000;6 000;6 000;235;1 410 000;0.00%
08/01/2019;5 800;5 800;5 800;5 800;58;336 400;-3.33%
09/01/2019;5 785;5 785;5 785;5 785;1 102;6 375 070;-0.26%
10/01/2019;5 600;5 600;5 600;5 600;353;1 976 800;-3.20%
11/01/2019;5 550;5 550;5 550;5 550;149;826 950;-0.89%
14/01/2019;5 550;5 550;5 550;5 550;11;61 050;0.00%
15/01/2019;5 400;5 400;5 400;5 400;135;729 000;-2.70%
16/01/2019;5 500;5 395;5 500;5 395;151;822 573;1.85%
17/01/2019;5 150;5 150;5 150;5 150;16;82 400;-6.36%
18/01/2019;5 150;5 400;5 400;5 150;157;828 175;0.00%
21/01/2019;5 150;5 200;5 200;5 150;65;336 375;0.00%
22/01/2019;5 000;5 100;5 100;5 000;279;1 408 950;-2.91%
23/01/2019;5 000;5 000;5 000;5 000;43;215 000;0.00%
24/01/2019;5 005;5 010;5 010;5 005;537;2 689 028;0.10%
25/01/2019;5 005;5 005;5 005;5 005;41;205 205;0.00%
28/01/2019;4 700;5 000;5 000;4 700;221;1 071 850;-6.09%
29/01/2019;4 900;4 700;4 900;4 700;2 030;9 744 000;4.26%
30/01/2019;5 000;5 000;5 000;5 000;21;105 000;2.04%
31/01/2019;4 795;5 000;5 000;4 795;251;1 229 273;-4.10%
01/02/2019;4 750;4 795;4 795;4 750;234;1 116 765;-0.94%
04/02/2019;4 750;4 800;4 800;4 750;1 271;6 069 025;0.00%
05/02/2019;4 500;4 750;4 750;4 500;437;2 021 125;-5.26%
06/02/2019;4 485;4 500;4 500;4 485;119;534 608;-0.33%
07/02/2019;4 470;4 490;4 490;4 470;36;161 280;-0.33%
08/02/2019;4 480;4 300;4 480;4 300;426;1 870 140;0.22%
11/02/2019;4 400;4 400;4 400;4 400;668;2 939 200;-1.79%
12/02/2019;4 400;4 400;4 400;4 400;196;862 400;0.00%
13/02/2019;4 360;4 360;4 360;4 360;242;1 055 120;-0.91%
14/02/2019;4 350;4 360;4 360;4 350;214;931 970;-0.23%
15/02/2019;4 250;4 350;4 350;4 250;45;193 500;-2.30%
18/02/2019;4 250;4 250;4 250;4 250;373;1 585 250;0.00%
19/02/2019;3 935;4 250;4 250;3 935;4 949;20 253 783;-7.41%
20/02/2019;4 230;4 005;4 230;4 005;2 472;10 178 460;7.50%
21/02/2019;4 200;4 250;4 250;4 200;1 563;6 603 675;-0.71%
22/02/2019;4 450;4 400;4 450;4 400;2 788;12 336 900;5.95%
26/02/2019;4 500;4 500;4 500;4 500;390;1 755 000;0.00%
27/02/2019;4 800;4 500;4 800;4 500;102;474 300;6.67%
28/02/2019;4 450;4 800;4 800;4 450;48;222 000;-7.29%
01/03/2019;4 495;4 535;4 535;4 495;62;279 930;1.01%
04/03/2019;4 450;4 495;4 495;4 450;84;375 690;-1.00%
05/03/2019;4 495;4 495;4 495;4 495;74;332 630;1.01%
06/03/2019;4 500;4 495;4 500;4 495;250;1 124 375;0.11%
07/03/2019;4 250;4 450;4 450;4 250;363;1 579 050;-5.56%
08/03/2019;4 550;3 935;4 550;3 935;2 062;8 748 035;7.06%
12/03/2019;4 210;4 500;4 500;4 210;543;2 364 765;-7.47%
13/03/2019;4 095;4 210;4 210;4 095;1 295;5 377 488;-2.73%
14/03/2019;4 195;4 200;4 200;4 195;3 486;14 632 485;2.44%
15/03/2019;4 000;4 000;4 000;4 000;671;2 684 000;-4.65%
18/03/2019;3 995;4 000;4 000;3 995;906;3 621 735;-0.13%
19/03/2019;3 700;3 995;3 995;3 700;2 344;9 018 540;-7.38%
20/03/2019;3 700;3 755;3 755;3 700;2 175;8 107 313;0.00%
21/03/2019;3 695;3 695;3 695;3 695;100;369 500;-0.14%
22/03/2019;3 685;3 690;3 690;3 685;159;586 313;-0.27%
25/03/2019;3 500;3 685;3 685;3 500;367;1 318 448;-5.02%
26/03/2019;3 595;3 600;3 600;3 595;7 278;26 182 605;2.71%
27/03/2019;3 500;3 550;3 550;3 500;3 886;13 698 150;-2.64%
28/03/2019;3 500;3 595;3 595;3 500;280;993 300;0.00%
29/03/2019;3 600;3 500;3 600;3 500;4 542;16 124 100;2.86%
01/04/2019;3 700;3 600;3 700;3 600;154;562 100;2.78%
02/04/2019;3 915;3 775;3 915;3 775;748;2 876 060;5.81%
03/04/2019;4 000;3 950;4 000;3 950;320;1 272 000;2.17%
04/04/2019;3 950;3 920;3 950;3 920;720;2 833 200;-1.25%
05/04/2019;3 965;3 915;3 965;3 915;276;1 087 440;0.38%
08/04/2019;3 965;3 965;3 965;3 965;428;1 697 020;0.00%
09/04/2019;3 965;3 965;3 965;3 965;240;951 600;0.00%
10/04/2019;3 950;3 965;3 965;3 950;332;1 313 890;-0.38%
11/04/2019;3 950;3 930;3 950;3 930;55;216 700;0.00%
12/04/2019;3 950;3 950;3 950;3 950;108;426 600;0.00%
15/04/2019;3 950;3 950;3 950;3 950;218;861 100;0.00%
16/04/2019;3 950;3 950;3 950;3 950;50;197 500;0.00%
17/04/2019;3 950;3 950;3 950;3 950;295;1 165 250;0.00%
18/04/2019;3 900;3 945;3 945;3 900;90;353 025;-1.27%
19/04/2019;3 900;3 900;3 900;3 900;39;152 100;0.00%
22/04/2019;3 900;3 900;3 900;3 900;39;152 100;0.00%
23/04/2019;3 950;3 900;3 950;3 900;1 234;4 843 450;1.28%
24/04/2019;3 900;3 950;3 950;3 900;690;2 708 250;-1.27%
25/04/2019;4 000;3 900;4 000;3 900;4 344;17 158 800;2.56%
26/04/2019;3 990;4 000;4 000;3 990;436;1 741 820;-0.25%
29/04/2019;3 900;3 950;3 950;3 900;61;239 425;-2.26%
30/04/2019;3 900;3 900;3 900;3 900;330;1 287 000;0.00%
01/05/2019;3 900;3 900;3 900;3 900;330;1 287 000;0.00%
02/05/2019;3 800;3 900;3 900;3 800;1 678;6 460 300;-2.56%
03/05/2019;3 695;3 800;3 800;3 695;1 002;3 754 995;-2.76%
06/05/2019;3 585;3 600;3 600;3 585;1 412;5 072 610;-2.98%
07/05/2019;3 585;3 575;3 585;3 575;302;1 081 160;0.00%
08/05/2019;3 700;3 585;3 700;3 585;1 287;4 687 898;3.21%
09/05/2019;3 600;3 600;3 600;3 600;18;64 800;-2.70%
10/05/2019;3 600;3 700;3 700;3 600;11;40 150;0.00%
13/05/2019;3 700;3 650;3 700;3 650;151;554 925;2.78%
14/05/2019;3 800;3 695;3 800;3 695;235;880 663;2.70%
15/05/2019;3 800;3 800;3 800;3 800;59;224 200;0.00%
16/05/2019;3 710;3 800;3 800;3 710;305;1 145 275;-2.37%
17/05/2019;3 710;3 710;3 710;3 710;95;352 450;0.00%
20/05/2019;3 950;3 950;3 950;3 950;22;86 900;6.47%
21/05/2019;3 950;3 900;3 950;3 900;43;168 775;0.00%
23/05/2019;3 800;3 850;3 850;3 800;99;378 675;-3.80%
27/05/2019;3 800;3 800;3 800;3 800;113;429 400;1.33%
28/05/2019;3 715;3 750;3 750;3 715;17;63 453;-2.24%
29/05/2019;3 710;3 945;3 945;3 710;125;478 438;-0.13%
30/05/2019;3 710;3 945;3 945;3 710;125;478 438;0.00%
31/05/2019;3 800;3 725;3 800;3 725;116;436 450;2.43%
03/06/2019;3 800;3 800;3 800;3 800;270;1 026 000;0.00%
05/06/2019;3 800;3 800;3 800;3 800;518;1 968 400;0.00%
06/06/2019;3 795;3 790;3 795;3 790;170;644 725;-0.13%
07/06/2019;3 725;3 725;3 725;3 725;174;648 150;-1.84%
11/06/2019;3 725;3 785;3 785;3 725;930;3 492 150;0.00%
12/06/2019;3 725;3 710;3 725;3 710;213;791 828;0.00%
13/06/2019;3 725;3 780;3 780;3 725;327;1 227 068;0.00%
14/06/2019;3 710;3 725;3 725;3 710;100;371 750;-0.40%
17/06/2019;3 700;3 725;3 725;3 700;31;115 088;-0.27%
18/06/2019;3 700;3 725;3 725;3 700;1 054;3 912 975;0.00%
19/06/2019;3 495;3 680;3 680;3 495;1 365;4 896 938;-5.54%
20/06/2019;3 600;3 500;3 600;3 500;793;2 815 150;3.00%
21/06/2019;3 595;3 600;3 600;3 595;60;215 850;-0.14%
24/06/2019;3 600;3 600;3 600;3 600;24;86 400;0.14%
25/06/2019;3 500;3 405;3 500;3 405;124;428 110;-2.78%
27/06/2019;3 500;3 500;3 500;3 500;108;378 000;0.00%
28/06/2019;3 500;3 500;3 500;3 500;174;609 000;0.00%
01/07/2019;3 430;3 500;3 500;3 430;533;1 846 845;-2.00%
02/07/2019;3 435;3 500;3 500;3 435;202;700 435;0.15%
03/07/2019;3 440;3 495;3 495;3 440;87;301 673;0.15%
04/07/2019;3 440;3 440;3 440;3 440;209;718 960;0.00%
05/07/2019;3 430;3 490;3 490;3 430;65;224 900;-0.29%
08/07/2019;3 400;3 400;3 400;3 400;105;357 000;-0.87%
09/07/2019;3 400;3 335;3 400;3 335;254;855 345;0.00%
11/07/2019;3 390;3 390;3 390;3 390;2 846;9 647 940;-0.29%
12/07/2019;3 390;3 200;3 390;3 200;279;919 305;0.00%
15/07/2019;3 300;3 290;3 300;3 290;46;151 570;-2.65%
16/07/2019;3 300;3 300;3 300;3 300;2 873;9 480 900;0.00%
17/07/2019;3 250;3 300;3 300;3 250;138;451 950;-1.52%
18/07/2019;3 300;3 250;3 300;3 250;834;2 731 350;1.54%
19/07/2019;3 290;3 200;3 290;3 200;579;1 878 855;-0.30%
22/07/2019;3 300;3 290;3 300;3 290;1 726;5 687 170;0.30%
23/07/2019;3 300;3 310;3 310;3 300;66;218 130;0.00%
24/07/2019;3 300;3 300;3 300;3 300;203;669 900;0.00%
25/07/2019;3 300;3 300;3 300;3 300;361;1 191 300;0.00%
26/07/2019;3 350;3 350;3 350;3 350;116;388 600;1.52%
29/07/2019;3 300;3 350;3 350;3 300;349;1 160 425;-1.49%
30/07/2019;3 300;3 345;3 345;3 300;1 471;4 887 398;0.00%
31/07/2019;3 300;3 290;3 300;3 290;145;477 775;0.00%
01/08/2019;3 300;3 200;3 300;3 200;321;1 043 250;0.00%
02/08/2019;3 300;3 295;3 300;3 295;105;346 238;0.00%
05/08/2019;3 210;3 300;3 300;3 210;335;1 090 425;-2.73%
06/08/2019;3 215;3 225;3 225;3 215;61;196 420;0.16%
07/08/2019;3 215;3 225;3 225;3 215;61;196 420;0.00%
08/08/2019;3 290;3 295;3 295;3 290;25;82 313;2.33%
09/08/2019;3 290;3 290;3 290;3 290;203;667 870;0.00%
12/08/2019;3 290;3 290;3 290;3 290;203;667 870;0.00%
13/08/2019;3 250;3 290;3 290;3 250;241;788 070;-1.22%
14/08/2019;3 250;3 290;3 290;3 250;510;1 667 700;0.00%
15/08/2019;3 250;3 290;3 290;3 250;510;1 667 700;0.00%
16/08/2019;3 255;3 290;3 290;3 255;274;896 665;0.15%
19/08/2019;3 265;3 260;3 265;3 260;1 296;4 228 200;0.31%
20/08/2019;3 255;3 260;3 260;3 255;255;830 663;-0.31%
21/08/2019;3 255;3 225;3 255;3 225;508;1 645 920;0.00%
23/08/2019;3 250;3 255;3 255;3 250;430;1 398 575;-0.15%
26/08/2019;3 255;3 255;3 255;3 255;779;2 535 645;0.15%
27/08/2019;3 200;3 255;3 255;3 200;1 335;4 308 713;-1.69%
28/08/2019;3 230;3 245;3 245;3 230;2 110;6 831 125;0.94%
29/08/2019;3 200;3 200;3 200;3 200;405;1 296 000;-0.93%
30/08/2019;3 200;3 200;3 200;3 200;12;38 400;0.00%
02/09/2019;3 200;3 200;3 200;3 200;484;1 548 800;0.00%
03/09/2019;3 200;3 140;3 200;3 140;142;450 140;0.00%
04/09/2019;3 200;3 200;3 200;3 200;493;1 577 600;0.00%
05/09/2019;3 195;3 200;3 200;3 195;86;274 985;-0.16%
06/09/2019;3 230;3 200;3 230;3 200;587;1 887 205;1.10%
09/09/2019;3 200;3 100;3 200;3 100;148;466 200;-0.93%
10/09/2019;3 200;3 200;3 200;3 200;1 145;3 664 000;0.00%
11/09/2019;3 190;3 200;3 200;3 190;289;923 355;-0.31%
12/09/2019;3 180;3 195;3 195;3 180;28;89 250;-0.31%
13/09/2019;3 180;3 170;3 180;3 170;142;450 850;0.00%
16/09/2019;3 180;3 050;3 180;3 050;482;1 501 430;0.00%
17/09/2019;3 010;3 015;3 015;3 010;329;991 113;-5.35%
18/09/2019;3 180;3 010;3 180;3 010;148;458 060;5.65%
19/09/2019;3 180;3 180;3 180;3 180;10;31 800;0.00%
20/09/2019;3 180;3 010;3 180;3 010;51;157 845;0.00%
23/09/2019;3 180;3 180;3 180;3 180;1 743;5 542 740;0.00%
24/09/2019;3 180;3 180;3 180;3 180;20;63 600;0.00%
25/09/2019;3 165;3 010;3 165;3 010;757;2 337 238;-0.47%
26/09/2019;3 100;3 100;3 100;3 100;10;31 000;-2.05%
27/09/2019;3 095;3 040;3 095;3 040;207;634 973;-0.16%
30/09/2019;2 885;3 070;3 070;2 885;492;1 464 930;-6.79%
01/10/2019;2 890;3 000;3 000;2 890;2 806;8 263 670;0.17%
02/10/2019;3 000;2 890;3 000;2 890;48;141 360;3.81%
03/10/2019;3 000;2 890;3 000;2 890;72;212 040;0.00%
04/10/2019;2 890;2 980;2 980;2 890;7;20 545;-3.67%
07/10/2019;2 890;2 890;2 890;2 890;97;280 330;0.00%
08/10/2019;2 775;2 800;2 800;2 775;593;1 652 988;-3.98%
09/10/2019;2 940;2 775;2 940;2 775;588;1 680 210;5.95%
10/10/2019;2 960;2 930;2 960;2 930;100;294 500;0.68%
11/10/2019;2 960;2 960;2 960;2 960;196;580 160;0.00%
14/10/2019;3 060;2 960;3 060;2 960;1 125;3 386 250;3.38%
15/10/2019;3 225;3 060;3 225;3 060;79;248 258;5.39%
16/10/2019;3 200;3 200;3 200;3 200;22;70 400;-0.78%
17/10/2019;3 215;3 060;3 215;3 060;644;2 020 550;0.47%
21/10/2019;3 215;3 215;3 215;3 215;25;80 375;0.00%
22/10/2019;3 215;3 215;3 215;3 215;1 702;5 471 930;0.00%
23/10/2019;3 150;3 215;3 215;3 150;133;423 273;-2.02%
24/10/2019;3 195;3 100;3 195;3 100;15;47 213;1.43%
25/10/2019;3 135;3 150;3 150;3 135;947;2 975 948;-1.88%
28/10/2019;3 300;3 100;3 300;3 100;791;2 531 200;5.26%
30/10/2019;3 300;3 100;3 300;3 100;78;249 600;0.00%
31/10/2019;3 300;3 300;3 300;3 300;25;82 500;0.00%
01/11/2019;3 300;3 300;3 300;3 300;25;82 500;0.00%
04/11/2019;3 295;3 290;3 295;3 290;44;144 870;-0.15%
06/11/2019;3 430;3 120;3 430;3 120;1 023;3 350 325;4.10%
08/11/2019;3 400;3 420;3 420;3 400;19;64 790;-0.87%
11/11/2019;3 300;3 400;3 400;3 300;26;87 100;-2.94%
13/11/2019;3 190;3 190;3 190;3 190;133;424 270;-3.33%
14/11/2019;3 050;3 050;3 050;3 050;3 650;11 132 500;-4.39%
18/11/2019;3 070;3 070;3 070;3 070;92;282 440;0.66%
19/11/2019;3 000;3 070;3 070;3 000;360;1 092 600;-2.28%
21/11/2019;3 000;3 005;3 005;3 000;152;456 380;0.00%
22/11/2019;3 200;3 200;3 200;3 200;363;1 161 600;6.67%
25/11/2019;3 300;3 000;3 300;3 000;1 568;4 939 200;3.13%
26/11/2019;3 400;3 300;3 400;3 300;5 700;19 095 000;3.03%
27/11/2019;3 400;3 150;3 400;3 150;570;1 866 750;0.00%
28/11/2019;3 400;3 400;3 400;3 400;200;680 000;0.00%
29/11/2019;3 490;3 390;3 490;3 390;9 500;32 680 000;2.65%
02/12/2019;3 430;3 400;3 430;3 400;4 800;16 392 000;-1.72%
03/12/2019;3 500;3 300;3 500;3 300;162;550 800;2.04%
04/12/2019;3 490;3 490;3 490;3 490;10;34 900;-0.29%
05/12/2019;3 650;3 465;3 650;3 465;4 823;17 157 823;4.58%
06/12/2019;3 700;3 700;3 700;3 700;177;654 900;1.37%
09/12/2019;3 800;3 645;3 800;3 645;1 000;3 722 500;2.70%
10/12/2019;4 000;3 700;4 000;3 700;828;3 187 800;5.26%
11/12/2019;4 200;3 800;4 200;3 800;1 255;5 020 000;5.00%
12/12/2019;4 495;4 150;4 495;4 150;1 193;5 156 743;7.02%
13/12/2019;4 700;4 490;4 700;4 490;1 865;8 569 675;4.56%
16/12/2019;5 000;4 700;5 000;4 700;3 585;17 387 250;6.38%
17/12/2019;4 800;4 850;4 850;4 800;4 608;22 233 600;-4.00%
18/12/2019;4 705;4 645;4 705;4 645;1 496;6 993 800;-1.98%
20/12/2019;4 565;4 355;4 565;4 355;902;4 022 920;-2.98%
24/12/2019;4 905;4 905;4 905;4 905;25 380;124 488 900;7.45%
25/12/2019;4 905;4 905;4 905;4 905;25 380;124 488 900;0.00%
26/12/2019;5 270;4 950;5 270;4 950;5 034;25 723 740;7.44%
27/12/2019;5 600;5 600;5 600;5 600;5 100;28 560 000;6.26%
30/12/2019;6 020;5 290;6 020;5 290;23 112;130 698 360;7.50%
31/12/2019;6 470;5 660;6 470;5 660;33 106;200 787 890;7.48%
01/01/2020;6 470;5 660;6 470;5 660;33 106;200 787 890;0.00%
07/01/2020;5 995;5 995;5 995;5 995;17;101 915;-7.34%
09/01/2020;5 795;5 800;5 800;5 795;34;197 115;-3.34%
10/01/2020;5 700;5 700;5 700;5 700;5;28 500;-1.64%
14/01/2020;5 650;5 275;5 650;5 275;406;2 217 775;-0.88%
23/01/2020;5 700;5 230;5 700;5 230;3 376;18 449 840;0.88%
24/01/2020;5 650;5 275;5 650;5 275;11;60 088;-0.88%
27/01/2020;5 650;5 230;5 650;5 230;464;2 524 160;0.00%
05/02/2020;5 230;5 230;5 230;5 230;93;486 390;-7.43%
06/02/2020;4 840;4 840;4 840;4 840;15;72 600;-7.46%
07/02/2020;4 850;4 480;4 850;4 480;1 084;5 056 860;0.21%
11/02/2020;4 600;4 490;4 600;4 490;1 278;5 808 510;-5.15%
12/02/2020;4 600;4 490;4 600;4 490;1 278;5 808 510;0.00%
13/02/2020;4 600;4 500;4 600;4 500;393;1 788 150;0.00%
14/02/2020;4 500;4 500;4 500;4 500;660;2 970 000;-2.17%
17/02/2020;4 300;4 300;4 300;4 300;60;258 000;-4.44%
21/02/2020;3 970;3 995;3 995;3 970;20;79 650;-0.75%
25/02/2020;3 800;3 675;3 800;3 675;839;3 135 763;-4.28%
26/02/2020;3 790;3 750;3 790;3 750;525;1 979 250;-0.26%
27/02/2020;3 700;3 790;3 790;3 700;1 110;4 156 950;-2.37%
28/02/2020;3 695;3 695;3 695;3 695;35;129 325;-0.14%
02/03/2020;3 695;3 695;3 695;3 695;56;206 920;0.00%
03/03/2020;3 500;3 715;3 715;3 500;564;2 034 630;-5.28%
04/03/2020;3 405;3 490;3 490;3 405;7 033;24 246 268;-2.71%
05/03/2020;3 500;3 500;3 500;3 500;20;70 000;2.79%
06/03/2020;3 495;3 450;3 495;3 450;136;472 260;-0.14%
09/03/2020;3 405;3 500;3 500;3 405;709;2 447 823;-2.58%
10/03/2020;3 400;3 405;3 405;3 400;589;2 004 073;-0.15%
11/03/2020;3 400;3 405;3 405;3 400;315;1 071 788;0.00%
12/03/2020;3 405;3 405;3 405;3 405;187;636 735;0.15%
13/03/2020;3 405;3 400;3 405;3 400;1 254;4 266 735;0.00%
16/03/2020;3 405;3 405;3 405;3 405;907;3 088 335;0.00%
17/03/2020;3 500;3 405;3 500;3 405;87;300 368;2.79%
18/03/2020;3 415;3 415;3 415;3 415;2;6 830;-2.43%
19/03/2020;3 415;3 450;3 450;3 415;142;487 415;0.00%
20/03/2020;3 405;3 415;3 415;3 405;122;416 020;-0.29%
23/03/2020;3 400;3 400;3 400;3 400;67;227 800;-0.15%
24/03/2020;3 400;3 400;3 400;3 400;2;6 800;0.00%
25/03/2020;3 145;3 350;3 350;3 145;142;461 145;-7.50%
26/03/2020;3 010;3 010;3 010;3 010;842;2 534 420;-4.29%
27/03/2020;3 015;3 015;3 015;3 015;452;1 362 780;0.17%
30/03/2020;3 000;3 000;3 000;3 000;115;345 000;-0.50%
31/03/2020;3 000;3 015;3 015;3 000;435;1 308 263;0.00%
02/04/2020;3 000;3 100;3 100;3 000;1 653;5 041 650;0.00%
03/04/2020;3 100;2 800;3 100;2 800;578;1 705 100;3.33%
06/04/2020;3 100;3 100;3 100;3 100;13;40 300;0.00%
08/04/2020;3 100;3 150;3 150;3 100;203;634 375;0.00%
09/04/2020;3 105;3 100;3 105;3 100;428;1 327 870;0.16%
14/04/2020;3 000;3 000;3 000;3 000;9;27 000;-3.38%
15/04/2020;3 000;3 000;3 000;3 000;34;102 000;0.00%
16/04/2020;3 000;3 000;3 000;3 000;1 200;3 600 000;0.00%
17/04/2020;2 905;3 000;3 000;2 905;3 714;10 965 585;-3.17%
20/04/2020;3 000;3 000;3 000;3 000;2 342;7 026 000;3.27%
21/04/2020;3 105;3 100;3 105;3 100;60;186 150;3.50%
22/04/2020;3 105;3 105;3 105;3 105;18;55 890;0.00%
23/04/2020;3 105;3 105;3 105;3 105;1;3 105;0.00%
24/04/2020;3 105;3 010;3 105;3 010;335;1 024 263;0.00%
27/04/2020;3 105;3 105;3 105;3 105;140;434 700;0.00%
28/04/2020;3 095;3 105;3 105;3 095;172;533 200;-0.32%
29/04/2020;3 100;3 095;3 100;3 095;7;21 683;0.16%
30/04/2020;3 100;3 100;3 100;3 100;40;124 000;0.00%
01/05/2020;3 100;3 100;3 100;3 100;40;124 000;0.00%
04/05/2020;3 050;3 150;3 150;3 050;173;536 300;-1.61%
05/05/2020;3 100;3 100;3 100;3 100;184;570 400;1.64%
06/05/2020;3 330;3 330;3 330;3 330;1;3 330;7.42%
07/05/2020;3 330;3 200;3 330;3 200;16;52 240;0.00%
08/05/2020;3 300;3 300;3 300;3 300;10;33 000;-0.90%
11/05/2020;3 100;3 230;3 230;3 100;106;335 490;-6.06%
12/05/2020;3 200;3 100;3 200;3 100;226;711 900;3.23%
13/05/2020;3 110;3 235;3 235;3 110;94;298 215;-2.81%
14/05/2020;3 050;3 100;3 100;3 050;107;329 025;-1.93%
15/05/2020;3 000;3 045;3 045;3 000;235;710 288;-1.64%
18/05/2020;3 000;3 000;3 000;3 000;501;1 503 000;0.00%
19/05/2020;3 100;3 100;3 100;3 100;316;979 600;3.33%
22/05/2020;3 200;3 100;3 200;3 100;1 219;3 839 850;3.23%
25/05/2020;3 200;3 200;3 200;3 200;73;233 600;0.00%
26/05/2020;3 200;3 200;3 200;3 200;30;96 000;0.00%
27/05/2020;3 200;3 200;3 200;3 200;1 078;3 449 600;0.00%
28/05/2020;3 145;3 200;3 200;3 145;523;1 659 218;-1.72%
29/05/2020;3 200;3 200;3 200;3 200;30;96 000;1.75%
01/06/2020;3 200;3 200;3 200;3 200;30;96 000;0.00%
02/06/2020;3 300;3 250;3 300;3 250;773;2 531 575;3.13%
03/06/2020;3 500;3 400;3 500;3 400;1 547;5 337 150;6.06%
04/06/2020;3 700;3 600;3 700;3 600;70;255 500;5.71%
05/06/2020;3 500;3 660;3 660;3 500;355;1 270 900;-5.41%
08/06/2020;3 760;3 760;3 760;3 760;5;18 800;7.43%
09/06/2020;4 040;3 800;4 040;3 800;2 794;10 952 480;7.45%
10/06/2020;4 100;4 100;4 100;4 100;100;410 000;1.49%
11/06/2020;3 800;4 100;4 100;3 800;92;363 400;-7.32%
12/06/2020;3 850;3 850;3 850;3 850;2;7 700;1.32%
15/06/2020;3 700;3 850;3 850;3 700;115;434 125;-3.90%
16/06/2020;3 795;3 700;3 795;3 700;349;1 307 878;2.57%
17/06/2020;3 790;3 785;3 790;3 785;185;700 688;-0.13%
18/06/2020;3 800;3 800;3 800;3 800;30;114 000;0.26%
19/06/2020;4 000;3 800;4 000;3 800;242;943 800;5.26%
22/06/2020;3 950;3 925;3 950;3 925;70;275 625;-1.25%
23/06/2020;3 900;3 895;3 900;3 895;96;374 160;-1.27%
24/06/2020;3 800;3 890;3 890;3 800;247;949 715;-2.56%
25/06/2020;3 515;3 700;3 700;3 515;95;342 713;-7.50%
26/06/2020;3 700;3 700;3 700;3 700;1 536;5 683 200;5.26%
29/06/2020;3 700;3 600;3 700;3 600;65;237 250;0.00%
30/06/2020;3 700;3 700;3 700;3 700;3 174;11 743 800;0.00%
01/07/2020;3 600;3 690;3 690;3 600;51;185 895;-2.70%
02/07/2020;3 700;3 700;3 700;3 700;57;210 900;2.78%
03/07/2020;3 600;3 600;3 600;3 600;376;1 353 600;-2.70%
06/07/2020;3 400;3 400;3 400;3 400;37;125 800;-5.56%
07/07/2020;3 205;3 400;3 400;3 205;220;726 550;-5.74%
08/07/2020;3 395;3 395;3 395;3 395;338;1 147 510;5.93%
09/07/2020;3 200;3 250;3 250;3 200;295;951 375;-5.74%
10/07/2020;3 200;3 200;3 200;3 200;40;128 000;0.00%
13/07/2020;3 400;3 400;3 400;3 400;8;27 200;6.25%
14/07/2020;3 450;3 400;3 450;3 400;892;3 055 100;1.47%
15/07/2020;3 400;3 450;3 450;3 400;155;530 875;-1.45%
16/07/2020;3 655;3 400;3 655;3 400;255;899 513;7.50%
17/07/2020;3 655;3 395;3 655;3 395;1 978;6 972 450;0.00%
20/07/2020;3 385;3 385;3 385;3 385;312;1 056 120;-7.39%
21/07/2020;3 385;3 385;3 385;3 385;61;206 485;0.00%
22/07/2020;3 200;3 200;3 200;3 200;138;441 600;-5.47%
23/07/2020;3 250;3 355;3 355;3 250;1 237;4 085 193;1.56%
24/07/2020;3 250;3 200;3 250;3 200;230;741 750;0.00%
27/07/2020;3 345;3 300;3 345;3 300;262;870 495;2.92%
28/07/2020;3 435;3 300;3 435;3 300;1 124;3 785 070;2.69%
29/07/2020;3 400;3 300;3 400;3 300;420;1 407 000;-1.02%
30/07/2020;3 600;3 300;3 600;3 300;357;1 231 650;5.88%
31/07/2020;3 600;3 300;3 600;3 300;357;1 231 650;0.00%
03/08/2020;3 400;3 395;3 400;3 395;350;1 189 125;-5.56%
04/08/2020;3 400;3 450;3 450;3 400;35;119 875;0.00%
05/08/2020;3 200;3 390;3 390;3 200;288;948 960;-5.88%
10/08/2020;3 300;3 300;3 300;3 300;1 487;4 907 100;3.13%
11/08/2020;3 300;3 300;3 300;3 300;342;1 128 600;0.00%
12/08/2020;3 390;3 380;3 390;3 380;406;1 374 310;2.73%
13/08/2020;3 380;3 380;3 380;3 380;262;885 560;-0.29%
14/08/2020;3 380;3 380;3 380;3 380;847;2 862 860;0.00%
17/08/2020;3 380;3 380;3 380;3 380;72;243 360;0.00%
18/08/2020;3 370;3 370;3 370;3 370;55;185 350;-0.30%
21/08/2020;3 300;3 300;3 300;3 300;354;1 168 200;-2.08%
24/08/2020;3 250;3 295;3 295;3 250;5 031;16 463 948;-1.52%
26/08/2020;3 450;3 300;3 450;3 300;187;631 125;6.15%
27/08/2020;3 205;3 300;3 300;3 205;244;793 610;-7.10%
28/08/2020;3 390;3 210;3 390;3 210;3 005;9 916 500;5.77%
31/08/2020;3 450;3 390;3 450;3 390;3 185;10 892 700;1.77%
01/09/2020;3 195;3 195;3 195;3 195;2 189;6 993 855;-7.39%
02/09/2020;3 200;3 195;3 200;3 195;153;489 218;0.16%
03/09/2020;3 140;3 200;3 200;3 140;10 051;31 861 670;-1.88%
04/09/2020;3 155;3 105;3 155;3 105;285;892 050;0.48%
07/09/2020;3 205;3 205;3 205;3 205;29;92 945;1.58%
08/09/2020;3 210;3 200;3 210;3 200;308;987 140;0.16%
09/09/2020;3 200;3 210;3 210;3 200;149;477 545;-0.31%
10/09/2020;3 150;3 205;3 205;3 150;265;842 038;-1.56%
11/09/2020;3 200;3 115;3 200;3 115;123;388 373;1.59%
14/09/2020;3 250;3 115;3 250;3 115;191;607 858;1.56%
15/09/2020;3 250;3 245;3 250;3 245;35;113 663;0.00%
16/09/2020;3 300;3 200;3 300;3 200;876;2 847 000;1.54%
17/09/2020;3 350;3 235;3 350;3 235;11 551;38 031 668;1.52%
18/09/2020;3 200;3 285;3 285;3 200;73;236 703;-4.48%
21/09/2020;3 155;3 200;3 200;3 155;2 888;9 176 620;-1.41%
22/09/2020;3 280;3 160;3 280;3 160;106;341 320;3.96%
23/09/2020;3 280;3 160;3 280;3 160;106;341 320;0.00%
24/09/2020;3 280;3 160;3 280;3 160;106;341 320;0.00%
25/09/2020;3 280;3 160;3 280;3 160;106;341 320;0.00%
28/09/2020;3 390;3 300;3 390;3 300;225;752 625;3.35%
30/09/2020;3 390;3 160;3 390;3 160;118;386 450;0.00%
01/10/2020;3 200;3 320;3 320;3 200;229;746 540;-5.60%
02/10/2020;3 300;3 300;3 300;3 300;20;66 000;3.13%
05/10/2020;3 200;3 160;3 200;3 160;118;375 240;-3.03%
06/10/2020;3 150;3 200;3 200;3 150;195;619 125;-1.56%
07/10/2020;3 200;3 185;3 200;3 185;507;1 618 598;1.59%
08/10/2020;3 150;3 200;3 200;3 150;656;2 082 800;-1.56%
09/10/2020;3 150;3 115;3 150;3 115;76;238 070;0.00%
12/10/2020;3 200;3 150;3 200;3 150;122;387 350;1.59%
13/10/2020;3 150;3 200;3 200;3 150;30;95 250;-1.56%
14/10/2020;3 150;3 150;3 150;3 150;58;182 700;0.00%
15/10/2020;3 200;3 150;3 200;3 150;68;215 900;1.59%
16/10/2020;3 390;3 200;3 390;3 200;380;1 252 100;5.94%
19/10/2020;3 500;3 390;3 500;3 390;1 716;5 911 620;3.24%
20/10/2020;3 650;3 500;3 650;3 500;607;2 170 025;4.29%
21/10/2020;3 645;3 405;3 645;3 405;622;2 192 550;-0.14%
22/10/2020;3 800;3 600;3 800;3 600;1 275;4 717 500;4.25%
23/10/2020;4 000;3 600;4 000;3 600;2 626;9 978 800;5.26%
26/10/2020;4 000;3 900;4 000;3 900;3 553;14 034 350;0.00%
27/10/2020;3 995;3 905;3 995;3 905;490;1 935 500;-0.13%
28/10/2020;4 000;3 755;4 000;3 755;646;2 504 865;0.13%
29/10/2020;4 000;3 755;4 000;3 755;646;2 504 865;0.00%
30/10/2020;4 000;3 950;4 000;3 950;730;2 901 750;0.00%
02/11/2020;3 950;3 765;3 950;3 765;451;1 739 733;-1.25%
03/11/2020;3 700;3 745;3 745;3 700;1 530;5 695 425;-6.33%
04/11/2020;3 800;3 700;3 800;3 700;20;75 000;2.70%
05/11/2020;4 000;3 700;4 000;3 700;1 305;5 024 250;5.26%
06/11/2020;4 000;3 750;4 000;3 750;130;503 750;0.00%
09/11/2020;4 000;3 705;4 000;3 705;1 093;4 210 783;0.00%
10/11/2020;4 000;3 925;4 000;3 925;108;427 950;0.00%
11/11/2020;4 000;3 995;4 000;3 995;4 483;17 920 793;0.00%
12/11/2020;4 000;3 950;4 000;3 950;9 913;39 404 175;0.00%
13/11/2020;4 000;3 950;4 000;3 950;160;636 000;0.00%
16/11/2020;4 000;3 995;4 000;3 995;393;1 571 018;0.00%
17/11/2020;4 100;3 995;4 100;3 995;1 484;6 006 490;2.50%
18/11/2020;4 000;4 000;4 000;4 000;100;400 000;-2.44%
19/11/2020;4 100;4 000;4 100;4 000;33;133 650;2.50%
20/11/2020;4 300;4 100;4 300;4 100;5 016;21 067 200;4.88%
23/11/2020;4 620;4 295;4 620;4 295;278;1 239 185;7.44%
24/11/2020;4 965;4 620;4 965;4 620;1 056;5 060 880;7.47%
25/11/2020;5 335;4 955;5 335;4 955;4 067;20 924 715;7.45%
26/11/2020;5 300;5 200;5 300;5 200;1 484;7 791 000;-0.66%
27/11/2020;5 295;5 300;5 300;5 295;733;3 883 068;-0.09%
30/11/2020;5 300;5 295;5 300;5 295;1 810;9 588 475;0.09%
01/12/2020;5 500;5 000;5 500;5 000;3 678;19 309 500;3.77%
02/12/2020;5 295;5 245;5 295;5 245;5 804;30 587 080;-3.73%
03/12/2020;5 295;5 290;5 295;5 290;2 498;13 220 665;0.00%
04/12/2020;4 920;5 100;5 100;4 920;489;2 449 890;-7.08%
07/12/2020;5 100;4 950;5 100;4 950;1 207;6 065 175;3.66%
08/12/2020;5 480;5 100;5 480;5 100;1 197;6 332 130;7.45%
10/12/2020;5 500;5 250;5 500;5 250;751;4 036 625;0.36%
11/12/2020;5 500;5 150;5 500;5 150;1 481;7 886 325;0.00%
14/12/2020;5 300;5 090;5 300;5 090;1 902;9 880 890;-3.64%
15/12/2020;5 500;5 050;5 500;5 050;8 137;42 922 675;3.77%
16/12/2020;5 500;5 090;5 500;5 090;2 460;13 025 700;0.00%
17/12/2020;5 900;5 100;5 900;5 100;13 097;72 033 500;7.27%
18/12/2020;6 250;5 500;6 250;5 500;3 160;18 565 000;5.93%
21/12/2020;6 245;6 145;6 245;6 145;712;4 410 840;-0.08%
22/12/2020;6 080;5 780;6 080;5 780;378;2 241 540;-2.64%
23/12/2020;6 195;6 000;6 195;6 000;2 121;12 932 798;1.89%
24/12/2020;6 000;6 000;6 000;6 000;79;474 000;-3.15%
25/12/2020;6 000;6 000;6 000;6 000;79;474 000;0.00%
28/12/2020;5 900;5 625;5 900;5 625;1 866;10 752 825;-1.67%
29/12/2020;6 000;5 460;6 000;5 460;14 536;83 291 280;1.69%
30/12/2020;5 995;5 650;5 995;5 650;18 488;107 646 380;-0.08%
31/12/2020;6 000;6 000;6 000;6 000;10 000;60 000 000;0.08%
04/01/2021;5 550;5 550;5 550;5 550;41;227 550;-7.50%
05/01/2021;5 200;5 195;5 200;5 195;114;592 515;-6.31%
06/01/2021;5 100;4 850;5 100;4 850;154;766 150;-1.92%
07/01/2021;4 810;4 810;4 810;4 810;152;731 120;-5.69%
08/01/2021;4 810;4 810;4 810;4 810;13;62 530;0.00%
11/01/2021;4 470;4 475;4 475;4 470;105;469 613;-7.07%
12/01/2021;4 470;4 470;4 470;4 470;38;169 860;0.00%
13/01/2021;4 135;4 135;4 135;4 135;599;2 476 865;-7.49%
14/01/2021;4 135;4 165;4 165;4 135;296;1 228 400;0.00%
15/01/2021;4 095;4 160;4 160;4 095;56;231 140;-0.97%
18/01/2021;4 095;4 090;4 095;4 090;72;294 660;0.00%
19/01/2021;3 850;4 050;4 050;3 850;298;1 177 100;-5.98%
20/01/2021;3 590;3 850;3 850;3 590;57;212 040;-6.75%
21/01/2021;3 855;3 600;3 855;3 600;142;529 305;7.38%
22/01/2021;4 095;4 095;4 095;4 095;181;741 195;6.23%
25/01/2021;4 095;4 160;4 160;4 095;65;268 288;0.00%
26/01/2021;4 095;4 095;4 095;4 095;16;65 520;0.00%
27/01/2021;4 150;4 150;4 150;4 150;25;103 750;1.34%
28/01/2021;4 150;4 150;4 150;4 150;1;4 150;0.00%
29/01/2021;4 400;4 400;4 400;4 400;2;8 800;6.02%
01/02/2021;4 500;4 500;4 500;4 500;37;166 500;2.27%
02/02/2021;4 500;4 500;4 500;4 500;2 959;13 315 500;0.00%
03/02/2021;4 500;4 400;4 500;4 400;5 690;25 320 500;0.00%
04/02/2021;4 400;4 550;4 550;4 400;419;1 875 025;-2.22%
05/02/2021;4 400;4 500;4 500;4 400;19;84 550;0.00%
08/02/2021;4 400;4 400;4 400;4 400;16;70 400;0.00%
09/02/2021;4 550;4 400;4 550;4 400;193;863 675;3.41%
10/02/2021;4 445;4 445;4 445;4 445;10;44 450;-2.31%
11/02/2021;4 150;4 440;4 440;4 150;128;549 760;-6.64%
12/02/2021;4 095;4 100;4 100;4 095;47;192 583;-1.33%
15/02/2021;4 095;4 095;4 095;4 095;8;32 760;0.00%
16/02/2021;3 995;4 000;4 000;3 995;327;1 307 183;-2.44%
17/02/2021;3 855;3 900;3 900;3 855;6;23 265;-3.50%
18/02/2021;3 850;3 850;3 850;3 850;4;15 400;-0.13%
19/02/2021;3 565;3 645;3 645;3 565;112;403 760;-7.40%
22/02/2021;3 400;3 405;3 405;3 400;2 254;7 669 235;-4.63%
23/02/2021;3 400;3 200;3 400;3 200;1 181;3 897 300;0.00%
24/02/2021;3 500;3 475;3 500;3 475;426;1 485 675;2.94%
25/02/2021;3 600;3 500;3 600;3 500;61;216 550;2.86%
26/02/2021;3 500;3 500;3 500;3 500;675;2 362 500;-2.78%
01/03/2021;3 500;3 500;3 500;3 500;266;931 000;0.00%
02/03/2021;3 500;3 500;3 500;3 500;90;315 000;0.00%
03/03/2021;3 450;3 450;3 450;3 450;467;1 611 150;-1.43%
04/03/2021;3 450;3 490;3 490;3 450;80;277 600;0.00%
05/03/2021;3 495;3 495;3 495;3 495;271;947 145;1.30%
08/03/2021;3 755;3 755;3 755;3 755;227;852 385;7.44%
09/03/2021;3 890;3 790;3 890;3 790;816;3 133 440;3.60%
10/03/2021;3 800;3 755;3 800;3 755;3 034;11 460 935;-2.31%
11/03/2021;3 850;3 850;3 850;3 850;81;311 850;1.32%
12/03/2021;3 600;3 800;3 800;3 600;321;1 187 700;-6.49%
15/03/2021;3 600;3 600;3 600;3 600;183;658 800;0.00%
16/03/2021;3 650;3 600;3 650;3 600;203;735 875;1.39%
17/03/2021;3 650;3 650;3 650;3 650;114;416 100;0.00%
18/03/2021;3 700;3 800;3 800;3 700;530;1 987 500;1.37%
22/03/2021;3 795;3 700;3 795;3 700;52;194 870;2.57%
23/03/2021;3 515;3 750;3 750;3 515;7 280;26 444 600;-7.38%
24/03/2021;3 605;3 605;3 605;3 605;10;36 050;2.56%
25/03/2021;3 600;3 675;3 675;3 600;137;498 338;-0.14%
29/03/2021;3 600;3 600;3 600;3 600;56;201 600;0.00%
30/03/2021;3 525;3 525;3 525;3 525;79;278 475;-2.08%
31/03/2021;3 550;3 530;3 550;3 530;87;307 980;0.71%
01/04/2021;3 600;3 600;3 600;3 600;224;806 400;1.41%
02/04/2021;3 800;3 555;3 800;3 555;185;680 338;5.56%
05/04/2021;3 800;3 555;3 800;3 555;185;680 338;0.00%
06/04/2021;3 555;3 650;3 650;3 555;163;587 208;-6.45%
07/04/2021;3 800;3 600;3 800;3 600;179;662 300;6.89%
08/04/2021;3 750;3 795;3 795;3 750;1 149;4 334 603;-1.32%
09/04/2021;3 750;3 705;3 750;3 705;373;1 390 358;0.00%
12/04/2021;3 750;3 650;3 750;3 650;157;580 900;0.00%
13/04/2021;3 750;3 750;3 750;3 750;244;915 000;0.00%
14/04/2021;3 655;3 800;3 800;3 655;300;1 118 250;-2.53%
15/04/2021;3 655;3 700;3 700;3 655;15;55 163;0.00%
16/04/2021;3 700;3 655;3 700;3 655;4 028;14 812 970;1.23%
19/04/2021;3 750;3 750;3 750;3 750;167;626 250;1.35%
20/04/2021;3 620;3 800;3 800;3 620;95;352 450;-3.47%
21/04/2021;3 615;3 800;3 800;3 615;637;2 361 678;-0.14%
22/04/2021;3 850;3 615;3 850;3 615;163;608 398;6.50%
23/04/2021;3 605;3 700;3 700;3 605;152;555 180;-6.36%
26/04/2021;3 800;3 850;3 850;3 800;131;501 075;5.41%
27/04/2021;3 635;3 800;3 800;3 635;496;1 843 880;-4.34%
28/04/2021;3 800;3 800;3 800;3 800;100;380 000;4.54%
29/04/2021;3 995;3 800;3 995;3 800;587;2 287 833;5.13%
30/04/2021;3 995;3 900;3 995;3 900;7 117;28 094 358;0.00%
03/05/2021;4 150;3 995;4 150;3 995;4 426;18 024 885;3.88%
04/05/2021;4 150;4 195;4 195;4 150;321;1 339 373;0.00%
05/05/2021;4 150;4 150;4 150;4 150;2;8 300;0.00%
06/05/2021;4 200;4 100;4 200;4 100;2 100;8 715 000;1.20%
07/05/2021;4 195;4 200;4 200;4 195;991;4 159 723;-0.12%
10/05/2021;3 885;4 000;4 000;3 885;3 840;15 139 200;-7.39%
11/05/2021;3 885;3 700;3 885;3 700;702;2 662 335;0.00%
12/05/2021;3 885;3 700;3 885;3 700;702;2 662 335;0.00%
14/05/2021;3 800;3 705;3 800;3 705;147;551 618;-2.19%
17/05/2021;3 885;3 800;3 885;3 800;1 145;4 399 663;2.24%
18/05/2021;3 800;3 805;3 805;3 800;648;2 464 020;-2.19%
19/05/2021;4 085;3 805;4 085;3 805;52;205 140;7.50%
20/05/2021;3 820;3 900;3 900;3 820;139;536 540;-6.49%
21/05/2021;3 850;3 815;3 850;3 815;138;528 885;0.79%
24/05/2021;3 850;3 815;3 850;3 815;138;528 885;0.00%
25/05/2021;3 855;3 855;3 855;3 855;15;57 825;0.13%
26/05/2021;4 140;3 860;4 140;3 860;1 361;5 444 000;7.39%
27/05/2021;4 305;4 200;4 305;4 200;1 648;7 008 120;3.99%
28/05/2021;4 350;4 350;4 350;4 350;605;2 631 750;1.05%
31/05/2021;4 450;4 350;4 450;4 350;339;1 491 600;2.30%
01/06/2021;4 700;4 500;4 700;4 500;579;2 663 400;5.62%
02/06/2021;4 510;4 500;4 510;4 500;651;2 932 755;-4.04%
03/06/2021;4 700;4 550;4 700;4 550;30 154;139 462 250;4.21%
04/06/2021;4 800;4 650;4 800;4 650;89;420 525;2.13%
07/06/2021;4 900;4 900;4 900;4 900;35;171 500;2.08%
08/06/2021;4 800;4 810;4 810;4 800;84;403 620;-2.04%
09/06/2021;4 980;4 900;4 980;4 900;13 229;65 351 260;3.75%
10/06/2021;4 980;4 900;4 980;4 900;698;3 448 120;0.00%
11/06/2021;4 980;4 900;4 980;4 900;230;1 136 200;0.00%
14/06/2021;4 995;4 900;4 995;4 900;1 206;5 966 685;0.30%
15/06/2021;5 100;4 800;5 100;4 800;1 454;7 197 300;2.10%
16/06/2021;4 800;5 110;5 110;4 800;401;1 986 955;-5.88%
17/06/2021;5 000;4 950;5 000;4 950;3 610;17 959 750;4.17%
18/06/2021;5 300;4 625;5 300;4 625;1 924;9 547 850;6.00%
21/06/2021;5 600;5 300;5 600;5 300;249;1 357 050;5.66%
22/06/2021;5 500;5 495;5 500;5 495;3 472;19 087 320;-1.79%
23/06/2021;5 200;5 200;5 200;5 200;80;416 000;-5.45%
24/06/2021;5 200;5 200;5 200;5 200;581;3 021 200;0.00%
25/06/2021;5 200;5 000;5 200;5 000;410;2 091 000;0.00%
28/06/2021;5 200;5 195;5 200;5 195;650;3 378 375;0.00%
29/06/2021;5 195;5 155;5 195;5 155;254;1 314 450;-0.10%
30/06/2021;5 190;5 000;5 190;5 000;1 164;5 930 580;-0.10%
01/07/2021;5 000;5 190;5 190;5 000;279;1 421 505;-3.66%
02/07/2021;5 000;4 900;5 000;4 900;25;123 750;0.00%
05/07/2021;4 950;4 900;4 950;4 900;321;1 580 925;-1.00%
06/07/2021;4 950;4 950;4 950;4 950;13;64 350;0.00%
07/07/2021;4 950;4 870;4 950;4 870;730;3 584 300;0.00%
08/07/2021;4 900;4 950;4 950;4 900;100;492 500;-1.01%
09/07/2021;5 100;4 800;5 100;4 800;2 731;13 518 450;4.08%
12/07/2021;4 950;4 950;4 950;4 950;3;14 850;-2.94%
13/07/2021;4 900;4 655;4 900;4 655;121;578 078;-1.01%
14/07/2021;5 000;4 900;5 000;4 900;345;1 707 750;2.04%
15/07/2021;4 900;4 995;4 995;4 900;55;272 113;-2.00%
16/07/2021;4 800;4 900;4 900;4 800;63;305 550;-2.04%
21/07/2021;4 750;4 850;4 850;4 750;7 055;33 864 000;-1.04%
22/07/2021;4 700;4 750;4 750;4 700;4 826;22 802 850;-1.05%
23/07/2021;4 700;4 750;4 750;4 700;5 202;24 579 450;0.00%
26/07/2021;4 750;4 750;4 750;4 750;112;532 000;1.06%
27/07/2021;4 790;4 805;4 805;4 790;960;4 605 600;0.84%
28/07/2021;4 995;4 790;4 995;4 790;218;1 066 565;4.28%
29/07/2021;4 950;4 800;4 950;4 800;155;755 625;-0.90%
02/08/2021;5 000;5 000;5 000;5 000;265;1 325 000;1.01%
03/08/2021;5 000;5 000;5 000;5 000;3 396;16 980 000;0.00%
04/08/2021;5 005;5 100;5 100;5 005;13 071;66 041 228;0.10%
05/08/2021;4 900;5 005;5 005;4 900;7 289;36 098 773;-2.10%
06/08/2021;5 095;4 900;5 095;4 900;352;1 759 120;3.98%
09/08/2021;5 000;5 000;5 000;5 000;427;2 135 000;-1.86%
10/08/2021;4 995;5 000;5 000;4 995;5 681;28 390 798;-0.10%
11/08/2021;5 000;5 000;5 000;5 000;8 498;42 490 000;0.10%
12/08/2021;4 995;5 000;5 000;4 995;3 061;15 297 348;-0.10%
13/08/2021;5 000;5 000;5 000;5 000;2 676;13 380 000;0.10%
16/08/2021;4 995;4 995;4 995;4 995;49;244 755;-0.10%
17/08/2021;4 990;4 995;4 995;4 990;495;2 471 288;-0.10%
18/08/2021;5 100;4 990;5 100;4 990;740;3 733 300;2.20%
19/08/2021;5 090;5 000;5 090;5 000;297;1 498 365;-0.20%
20/08/2021;5 095;5 030;5 095;5 030;785;3 974 063;0.10%
23/08/2021;5 095;5 100;5 100;5 095;485;2 472 288;0.00%
24/08/2021;5 095;5 100;5 100;5 095;564;2 874 990;0.00%
25/08/2021;5 095;5 100;5 100;5 095;671;3 420 423;0.00%
26/08/2021;5 095;5 100;5 100;5 095;1 724;8 788 090;0.00%
27/08/2021;5 095;5 095;5 095;5 095;432;2 201 040;0.00%
30/08/2021;5 000;5 050;5 050;5 000;4 363;21 924 075;-1.86%
31/08/2021;5 000;5 100;5 100;5 000;1 851;9 347 550;0.00%
01/09/2021;5 000;5 000;5 000;5 000;962;4 810 000;0.00%
02/09/2021;4 990;5 000;5 000;4 990;558;2 787 210;-0.20%
03/09/2021;4 900;4 800;4 900;4 800;68;329 800;-1.80%
06/09/2021;5 000;4 990;5 000;4 990;920;4 595 400;2.04%
07/09/2021;5 375;5 010;5 375;5 010;9 609;49 894 733;7.50%
08/09/2021;5 775;5 775;5 775;5 775;325;1 876 875;7.44%
09/09/2021;6 205;6 205;6 205;6 205;913;5 665 165;7.45%
10/09/2021;6 200;6 605;6 605;6 200;8 250;52 820 625;-0.08%
13/09/2021;6 190;5 775;6 190;5 775;1 432;8 566 940;-0.16%
14/09/2021;6 150;5 935;6 150;5 935;410;2 477 425;-0.65%
15/09/2021;6 060;6 050;6 060;6 050;3 635;22 009 925;-1.46%
16/09/2021;6 100;6 100;6 100;6 100;1 259;7 679 900;0.66%
17/09/2021;6 060;6 100;6 100;6 060;785;4 772 800;-0.66%
20/09/2021;6 195;6 100;6 195;6 100;10 624;65 311 040;2.23%
21/09/2021;6 195;6 110;6 195;6 110;81;498 353;0.00%
22/09/2021;6 150;6 190;6 190;6 150;344;2 122 480;-0.73%
23/09/2021;6 155;6 150;6 155;6 150;1 358;8 355 095;0.08%
24/09/2021;6 115;6 155;6 155;6 115;2 534;15 546 090;-0.65%
27/09/2021;6 115;6 150;6 150;6 115;168;1 030 260;0.00%
28/09/2021;6 095;6 115;6 115;6 095;11 048;67 448 040;-0.33%
29/09/2021;5 920;6 000;6 000;5 920;119;709 240;-2.87%
30/09/2021;5 925;5 920;5 925;5 920;392;2 321 620;0.08%
01/10/2021;5 905;5 900;5 905;5 900;405;2 390 513;-0.34%
04/10/2021;6 000;5 905;6 000;5 905;569;3 386 973;1.61%
05/10/2021;5 995;5 995;5 995;5 995;463;2 775 685;-0.08%
06/10/2021;5 900;5 990;5 990;5 900;234;1 391 130;-1.58%
07/10/2021;5 900;5 900;5 900;5 900;2 215;13 068 500;0.00%
08/10/2021;5 755;5 800;5 800;5 755;113;652 858;-2.46%
11/10/2021;5 710;5 800;5 800;5 710;280;1 611 400;-0.78%
12/10/2021;5 800;5 800;5 800;5 800;2 926;16 970 800;1.58%
13/10/2021;5 980;5 900;5 980;5 900;14;83 160;3.10%
14/10/2021;5 920;5 960;5 960;5 920;110;653 400;-1.00%
15/10/2021;5 920;5 920;5 920;5 920;6 343;37 550 560;0.00%
18/10/2021;5 920;5 920;5 920;5 920;6 343;37 550 560;0.00%
19/10/2021;6 100;5 920;6 100;5 920;483;2 902 830;3.04%
20/10/2021;5 910;6 000;6 000;5 910;22;131 010;-3.11%
21/10/2021;5 905;5 905;5 905;5 905;832;4 912 960;-0.08%
22/10/2021;5 920;6 000;6 000;5 920;54;321 840;0.25%
25/10/2021;5 905;5 925;5 925;5 905;1 866;11 037 390;-0.25%
26/10/2021;6 000;5 920;6 000;5 920;88;524 480;1.61%
27/10/2021;6 010;6 000;6 010;6 000;1 227;7 368 135;0.17%
28/10/2021;6 010;6 150;6 150;6 010;671;4 079 680;0.00%
29/10/2021;6 400;6 200;6 400;6 200;2 963;18 666 900;6.49%
01/11/2021;6 400;6 200;6 400;6 200;2 963;18 666 900;0.00%
02/11/2021;6 300;6 300;6 300;6 300;407;2 564 100;-1.56%
03/11/2021;6 100;6 300;6 300;6 100;1 075;6 665 000;-3.17%
04/11/2021;6 100;6 185;6 185;6 100;1 064;6 535 620;0.00%
05/11/2021;6 020;6 100;6 100;6 020;756;4 581 360;-1.31%
08/11/2021;6 030;6 030;6 030;6 030;40;241 200;0.17%
09/11/2021;6 030;6 035;6 035;6 030;1 449;8 741 093;0.00%
10/11/2021;6 100;6 030;6 100;6 030;1 533;9 297 645;1.16%
11/11/2021;6 105;6 100;6 105;6 100;193;1 177 783;0.08%
12/11/2021;6 190;6 100;6 190;6 100;408;2 507 160;1.39%
15/11/2021;6 190;6 100;6 190;6 100;408;2 507 160;0.00%
16/11/2021;6 110;6 105;6 110;6 105;404;2 467 430;-1.29%
17/11/2021;6 190;6 105;6 190;6 105;5 404;33 221 090;1.31%
18/11/2021;6 200;6 185;6 200;6 185;537;3 325 373;0.16%
19/11/2021;6 200;6 125;6 200;6 125;884;5 447 650;0.00%
22/11/2021;6 150;6 200;6 200;6 150;327;2 019 225;-0.81%
23/11/2021;6 150;6 150;6 150;6 150;30;184 500;0.00%
24/11/2021;6 300;6 150;6 300;6 150;1 213;7 550 925;2.44%
25/11/2021;6 300;6 200;6 300;6 200;227;1 418 750;0.00%
26/11/2021;6 200;6 200;6 200;6 200;1 086;6 733 200;-1.59%
29/11/2021;6 160;6 200;6 200;6 160;1 368;8 454 240;-0.65%
30/11/2021;6 195;6 195;6 195;6 195;83;514 185;0.57%
01/12/2021;6 160;6 010;6 160;6 010;576;3 504 960;-0.56%
02/12/2021;6 250;6 195;6 250;6 195;560;3 484 600;1.46%
03/12/2021;6 500;6 250;6 500;6 250;6 187;39 442 125;4.00%
06/12/2021;6 250;6 500;6 500;6 250;2 865;18 264 375;-3.85%
07/12/2021;6 300;6 210;6 300;6 210;236;1 476 180;0.80%
08/12/2021;6 255;6 255;6 255;6 255;59;369 045;-0.71%
09/12/2021;6 495;6 250;6 495;6 250;290;1 848 025;3.84%
10/12/2021;6 210;6 450;6 450;6 210;311;1 968 630;-4.39%
13/12/2021;6 210;6 210;6 210;6 210;200;1 242 000;0.00%
14/12/2021;6 400;6 210;6 400;6 210;197;1 242 085;3.06%
15/12/2021;6 395;6 400;6 400;6 395;58;371 055;-0.08%
16/12/2021;6 395;6 200;6 395;6 200;898;5 655 155;0.00%
17/12/2021;6 200;6 200;6 200;6 200;15;93 000;-3.05%
20/12/2021;6 090;6 100;6 100;6 090;102;621 690;-1.77%
21/12/2021;5 995;6 090;6 090;5 995;200;1 208 500;-1.56%
22/12/2021;5 800;5 990;5 990;5 800;1 343;7 916 985;-3.25%
23/12/2021;6 200;5 700;6 200;5 700;1 212;7 211 400;6.90%
24/12/2021;6 195;5 735;6 195;5 735;52;310 180;-0.08%
27/12/2021;6 175;5 735;6 175;5 735;521;3 102 555;-0.32%
28/12/2021;6 250;6 095;6 250;6 095;2 803;17 301 518;1.21%
29/12/2021;6 150;5 800;6 150;5 800;1 657;9 900 575;-1.60%
30/12/2021;6 185;5 690;6 185;5 690;5 264;31 255 000;0.57%
31/12/2021;6 185;5 800;6 185;5 800;3 704;22 196 220;0.00%
03/01/2022;6 000;6 185;6 185;6 000;126;767 655;-2.99%
04/01/2022;5 900;6 000;6 000;5 900;224;1 332 800;-1.67%
05/01/2022;5 950;5 900;5 950;5 900;497;2 944 725;0.85%
06/01/2022;5 900;5 805;5 900;5 805;134;784 235;-0.84%
07/01/2022;5 800;5 805;5 805;5 800;2 235;12 968 588;-1.69%
10/01/2022;6 000;6 000;6 000;6 000;242;1 452 000;3.45%
11/01/2022;6 000;5 550;6 000;5 550;235;1 357 125;0.00%
12/01/2022;5 800;5 620;5 800;5 620;440;2 512 400;-3.33%
13/01/2022;5 740;5 795;5 795;5 740;202;1 165 035;-1.03%
14/01/2022;6 000;5 560;6 000;5 560;1 383;7 993 740;4.53%
17/01/2022;6 000;6 000;6 000;6 000;17;102 000;0.00%
18/01/2022;6 000;6 000;6 000;6 000;114;684 000;0.00%
19/01/2022;6 000;5 625;6 000;5 625;58;337 125;0.00%
20/01/2022;5 980;5 980;5 980;5 980;20;119 600;-0.33%
21/01/2022;5 980;5 980;5 980;5 980;37;221 260;0.00%
24/01/2022;5 980;5 980;5 980;5 980;153;914 940;0.00%
25/01/2022;6 000;5 550;6 000;5 550;163;941 325;0.33%
26/01/2022;5 995;6 000;6 000;5 995;73;437 818;-0.08%
27/01/2022;6 000;5 995;6 000;5 995;588;3 526 530;0.08%
28/01/2022;6 000;6 000;6 000;6 000;1 020;6 120 000;0.00%
31/01/2022;5 995;5 995;5 995;5 995;299;1 792 505;-0.08%
01/02/2022;5 995;5 755;5 995;5 755;68;399 500;0.00%
02/02/2022;5 800;5 990;5 990;5 800;468;2 758 860;-3.25%
03/02/2022;5 950;5 805;5 950;5 805;398;2 339 245;2.59%
04/02/2022;5 945;5 855;5 945;5 855;74;436 600;-0.08%
07/02/2022;5 750;5 800;5 800;5 750;338;1 951 950;-3.28%
08/02/2022;5 800;5 750;5 800;5 750;1 524;8 801 100;0.87%
09/02/2022;5 750;5 800;5 800;5 750;1 420;8 200 500;-0.86%
10/02/2022;5 750;5 755;5 755;5 750;848;4 878 120;0.00%
11/02/2022;5 750;5 745;5 750;5 745;405;2 327 738;0.00%
14/02/2022;5 750;5 750;5 750;5 750;282;1 621 500;0.00%
15/02/2022;5 650;5 750;5 750;5 650;882;5 027 400;-1.74%
16/02/2022;5 650;5 650;5 650;5 650;261;1 474 650;0.00%
17/02/2022;5 750;5 650;5 750;5 650;1 058;6 030 600;1.77%
18/02/2022;5 750;5 750;5 750;5 750;2 147;12 345 250;0.00%
21/02/2022;5 750;5 650;5 750;5 650;2 533;14 438 100;0.00%
22/02/2022;5 750;5 750;5 750;5 750;6 234;35 845 500;0.00%
23/02/2022;5 750;5 750;5 750;5 750;335;1 926 250;0.00%
24/02/2022;5 750;5 720;5 750;5 720;476;2 729 860;0.00%
25/02/2022;5 745;5 700;5 745;5 700;185;1 058 663;-0.09%
28/02/2022;5 650;5 750;5 750;5 650;1 484;8 458 800;-1.65%
01/03/2022;5 625;5 750;5 750;5 625;1 094;6 222 125;-0.44%
02/03/2022;5 625;5 645;5 645;5 625;315;1 775 025;0.00%
03/03/2022;5 550;5 505;5 550;5 505;3 813;21 076 358;-1.33%
04/03/2022;5 600;5 550;5 600;5 550;484;2 698 300;0.90%
07/03/2022;5 750;5 600;5 750;5 600;928;5 266 400;2.68%
08/03/2022;5 600;5 750;5 750;5 600;11 498;65 251 150;-2.61%
09/03/2022;5 700;5 700;5 700;5 700;1 676;9 553 200;1.79%
10/03/2022;5 700;5 700;5 700;5 700;300;1 710 000;0.00%
11/03/2022;6 000;5 745;6 000;5 745;1 538;9 031 905;5.26%
14/03/2022;5 900;5 800;5 900;5 800;232;1 357 200;-1.67%
15/03/2022;5 795;5 815;5 815;5 795;5 599;32 502 195;-1.78%
16/03/2022;5 650;5 795;5 795;5 650;1 359;7 776 878;-2.50%
17/03/2022;5 645;5 645;5 645;5 645;383;2 162 035;-0.09%
18/03/2022;5 550;5 600;5 600;5 550;371;2 068 325;-1.68%
21/03/2022;5 600;5 550;5 600;5 550;2 559;14 266 425;0.90%
22/03/2022;5 510;5 510;5 510;5 510;3 932;21 665 320;-1.61%
23/03/2022;5 740;5 550;5 740;5 550;2 490;14 056 050;4.17%
24/03/2022;5 735;5 600;5 735;5 600;222;1 258 185;-0.09%
25/03/2022;5 950;5 700;5 950;5 700;512;2 982 400;3.75%
28/03/2022;5 835;5 750;5 835;5 750;99;573 458;-1.93%
29/03/2022;5 900;5 940;5 940;5 900;680;4 025 600;1.11%
30/03/2022;5 895;5 900;5 900;5 895;828;4 883 130;-0.08%
31/03/2022;5 800;5 900;5 900;5 800;9 989;58 435 650;-1.61%
01/04/2022;5 800;5 800;5 800;5 800;48;278 400;0.00%
04/04/2022;5 885;5 800;5 885;5 800;1 395;8 150 288;1.47%
05/04/2022;5 890;5 900;5 900;5 890;1 372;8 087 940;0.08%
06/04/2022;5 655;5 655;5 655;5 655;25;141 375;-3.99%
07/04/2022;5 800;5 650;5 800;5 650;659;3 772 775;2.56%
08/04/2022;5 795;5 800;5 800;5 795;245;1 420 388;-0.09%
11/04/2022;5 795;5 795;5 795;5 795;107;620 065;0.00%
12/04/2022;5 785;5 795;5 795;5 785;525;3 039 750;-0.17%
13/04/2022;5 515;5 785;5 785;5 515;2 531;14 300 150;-4.67%
14/04/2022;5 800;5 555;5 800;5 555;35 044;198 962 310;5.17%
15/04/2022;5 700;5 800;5 800;5 700;187;1 075 250;-1.72%
19/04/2022;5 995;5 700;5 995;5 700;1 665;9 736 088;5.18%
20/04/2022;5 755;5 995;5 995;5 755;70;411 250;-4.00%
21/04/2022;5 980;5 750;5 980;5 750;1 380;8 093 700;3.91%
22/04/2022;5 800;5 800;5 800;5 800;2 031;11 779 800;-3.01%
25/04/2022;5 750;5 760;5 760;5 750;2 165;12 459 575;-0.86%
26/04/2022;5 760;5 760;5 760;5 760;358;2 062 080;0.17%
27/04/2022;5 970;5 805;5 970;5 805;60;353 250;3.65%
28/04/2022;5 970;5 805;5 970;5 805;60;353 250;0.00%
29/04/2022;5 850;5 850;5 850;5 850;121;707 850;-2.01%
02/05/2022;5 850;5 850;5 850;5 850;121;707 850;0.00%
03/05/2022;5 750;5 750;5 750;5 750;6 780;38 985 000;-1.71%
04/05/2022;5 850;5 750;5 850;5 750;349;2 024 200;1.74%
05/05/2022;5 750;5 750;5 750;5 750;6 256;35 972 000;-1.71%
06/05/2022;5 750;5 750;5 750;5 750;69;396 750;0.00%
09/05/2022;5 750;5 800;5 800;5 750;127;733 425;0.00%
10/05/2022;5 605;5 800;5 800;5 605;166;946 615;-2.52%
11/05/2022;5 510;5 405;5 510;5 405;102;556 665;-1.69%
12/05/2022;5 510;5 405;5 510;5 405;102;556 665;0.00%
13/05/2022;5 850;5 600;5 850;5 600;1 028;5 885 300;6.17%
16/05/2022;5 850;5 800;5 850;5 800;98;570 850;0.00%
17/05/2022;5 850;5 850;5 850;5 850;180;1 053 000;0.00%
18/05/2022;5 845;5 800;5 845;5 800;313;1 822 443;-0.09%
19/05/2022;5 840;5 840;5 840;5 840;161;940 240;-0.09%
20/05/2022;5 840;5 840;5 840;5 840;1 231;7 189 040;0.00%
23/05/2022;5 600;5 740;5 740;5 600;1 953;11 073 510;-4.11%
24/05/2022;5 300;5 595;5 595;5 300;2 230;12 147 925;-5.36%
25/05/2022;5 305;5 305;5 305;5 305;202;1 071 610;0.09%
26/05/2022;5 305;5 305;5 305;5 305;202;1 071 610;0.00%
27/05/2022;5 495;5 310;5 495;5 310;164;886 010;3.58%
30/05/2022;5 500;5 495;5 500;5 495;1 391;7 647 023;0.09%
31/05/2022;5 840;5 500;5 840;5 500;1 288;7 302 960;6.18%
01/06/2022;5 835;5 795;5 835;5 795;391;2 273 665;-0.09%
02/06/2022;5 750;5 405;5 750;5 405;9;50 198;-1.46%
03/06/2022;5 320;5 410;5 410;5 320;224;1 201 760;-7.48%
06/06/2022;5 320;5 410;5 410;5 320;224;1 201 760;0.00%
07/06/2022;5 200;5 200;5 200;5 200;1 073;5 579 600;-2.26%
08/06/2022;5 320;5 200;5 320;5 200;1 042;5 480 920;2.31%
09/06/2022;5 300;5 215;5 300;5 215;64;336 480;-0.38%
10/06/2022;5 220;5 300;5 300;5 220;2 026;10 656 760;-1.51%
13/06/2022;5 225;5 200;5 225;5 200;278;1 449 075;0.10%
14/06/2022;5 200;5 300;5 300;5 200;719;3 774 750;-0.48%
15/06/2022;5 200;5 200;5 200;5 200;45;234 000;0.00%
16/06/2022;5 200;5 200;5 200;5 200;242;1 258 400;0.00%
17/06/2022;5 300;5 250;5 300;5 250;3 511;18 520 525;1.92%
20/06/2022;5 585;5 585;5 585;5 585;166;927 110;5.38%
21/06/2022;5 580;5 400;5 580;5 400;446;2 448 540;-0.09%
22/06/2022;5 500;5 270;5 500;5 270;988;5 320 380;-1.43%
23/06/2022;5 500;5 500;5 500;5 500;272;1 496 000;0.00%
24/06/2022;5 700;5 585;5 700;5 585;1 425;8 040 563;3.64%
27/06/2022;5 750;5 700;5 750;5 700;741;4 242 225;0.88%
28/06/2022;5 850;5 750;5 850;5 750;4 595;26 651 000;1.74%
29/06/2022;5 850;5 800;5 850;5 800;5 641;32 858 825;0.00%
30/06/2022;5 850;5 850;5 850;5 850;614;3 591 900;0.00%
01/07/2022;5 850;5 850;5 850;5 850;614;3 591 900;0.00%
04/07/2022;5 650;5 650;5 650;5 650;131;740 150;-3.42%
05/07/2022;5 850;5 850;5 850;5 850;30;175 500;3.54%
06/07/2022;5 650;5 650;5 650;5 650;171;966 150;-3.42%
07/07/2022;5 700;5 700;5 700;5 700;115;655 500;0.88%
08/07/2022;5 800;5 610;5 800;5 610;1 181;6 737 605;1.75%
11/07/2022;5 700;5 800;5 800;5 700;375;2 156 250;-1.72%
12/07/2022;5 595;5 800;5 800;5 595;544;3 099 440;-1.84%
13/07/2022;5 580;5 590;5 590;5 580;130;726 050;-0.27%
14/07/2022;5 590;5 580;5 590;5 580;634;3 540 890;0.18%
15/07/2022;5 600;5 590;5 600;5 590;744;4 162 680;0.18%
18/07/2022;5 600;5 500;5 600;5 500;126;699 300;0.00%
19/07/2022;5 970;5 590;5 970;5 590;1 182;6 831 960;6.61%
20/07/2022;5 930;5 970;5 970;5 930;98;583 100;-0.67%
21/07/2022;5 915;5 920;5 920;5 915;108;639 090;-0.25%
22/07/2022;5 910;5 600;5 910;5 600;131;753 905;-0.08%
25/07/2022;5 890;5 900;5 900;5 890;292;1 721 340;-0.34%
26/07/2022;5 965;5 850;5 965;5 850;1 739;10 273 143;1.27%
27/07/2022;5 900;5 965;5 965;5 900;60;355 950;-1.09%
28/07/2022;5 600;5 800;5 800;5 600;187;1 065 900;-5.08%
29/07/2022;5 600;5 605;5 605;5 600;116;649 890;0.00%
01/08/2022;5 700;5 600;5 700;5 600;237;1 339 050;1.79%
02/08/2022;5 875;5 700;5 875;5 700;576;3 333 600;3.07%
03/08/2022;5 875;5 850;5 875;5 850;94;551 075;0.00%
04/08/2022;5 700;5 875;5 875;5 700;49;283 588;-2.98%
05/08/2022;5 275;5 700;5 700;5 275;695;3 813 813;-7.46%
08/08/2022;5 275;5 700;5 700;5 275;695;3 813 813;0.00%
09/08/2022;5 275;5 305;5 305;5 275;691;3 655 390;0.00%
10/08/2022;5 670;5 275;5 670;5 275;519;2 840 228;7.49%
11/08/2022;5 600;5 665;5 665;5 600;393;2 213 573;-1.23%
12/08/2022;5 670;5 600;5 670;5 600;232;1 307 320;1.25%
15/08/2022;5 670;5 600;5 670;5 600;232;1 307 320;0.00%
16/08/2022;5 670;5 600;5 670;5 600;232;1 307 320;0.00%
17/08/2022;5 670;5 650;5 670;5 650;100;566 000;0.00%
18/08/2022;5 655;5 665;5 665;5 655;627;3 548 820;-0.26%
19/08/2022;5 670;5 235;5 670;5 235;600;3 271 500;0.27%
22/08/2022;5 650;5 670;5 670;5 650;108;611 280;-0.35%
23/08/2022;5 955;5 600;5 955;5 600;1 377;7 955 618;5.40%
24/08/2022;5 600;5 600;5 600;5 600;1 089;6 098 400;-5.96%
25/08/2022;5 600;5 600;5 600;5 600;1 843;10 320 800;0.00%
26/08/2022;5 180;5 500;5 500;5 180;9 303;49 678 020;-7.50%
29/08/2022;5 350;5 000;5 350;5 000;232;1 200 600;3.28%
30/08/2022;5 650;5 350;5 650;5 350;1 705;9 377 500;5.61%
31/08/2022;5 595;5 615;5 615;5 595;2 225;12 471 125;-0.97%
01/09/2022;5 350;5 540;5 540;5 350;242;1 317 690;-4.38%
02/09/2022;5 350;5 350;5 350;5 350;408;2 182 800;0.00%
05/09/2022;5 600;5 350;5 600;5 350;169;925 275;4.67%
06/09/2022;5 600;5 605;5 605;5 600;1 844;10 331 010;0.00%
07/09/2022;5 500;5 400;5 500;5 400;328;1 787 600;-1.79%
08/09/2022;5 205;5 500;5 500;5 205;189;1 011 623;-5.36%
09/09/2022;5 395;5 400;5 400;5 395;491;2 650 173;3.65%
12/09/2022;5 600;5 500;5 600;5 500;727;4 034 850;3.80%
13/09/2022;5 400;5 400;5 400;5 400;1 308;7 063 200;-3.57%
14/09/2022;5 500;5 400;5 500;5 400;1 212;6 605 400;1.85%
15/09/2022;5 230;5 300;5 300;5 230;950;5 001 750;-4.91%
16/09/2022;5 230;5 230;5 230;5 230;2 363;12 358 490;0.00%
19/09/2022;5 230;5 250;5 250;5 230;647;3 390 280;0.00%
20/09/2022;5 395;5 250;5 395;5 250;869;4 625 253;3.15%
21/09/2022;5 350;5 235;5 350;5 235;4 352;23 032 960;-0.83%
22/09/2022;5 400;5 275;5 400;5 275;4 113;21 953 138;0.93%
23/09/2022;5 450;5 400;5 450;5 400;784;4 253 200;0.93%
26/09/2022;5 450;5 250;5 450;5 250;3 176;16 991 600;0.00%
27/09/2022;5 450;5 550;5 550;5 450;583;3 206 500;0.00%
28/09/2022;5 400;5 240;5 400;5 240;881;4 686 920;-0.92%
29/09/2022;5 400;5 390;5 400;5 390;24;129 480;0.00%
30/09/2022;5 300;5 400;5 400;5 300;805;4 306 750;-1.85%
03/10/2022;5 200;5 295;5 295;5 200;376;1 973 060;-1.89%
04/10/2022;5 220;5 200;5 220;5 200;1 811;9 435 310;0.38%
05/10/2022;5 225;5 220;5 225;5 220;697;3 640 083;0.10%
06/10/2022;5 160;5 200;5 200;5 160;532;2 755 760;-1.24%
07/10/2022;5 190;5 195;5 195;5 190;632;3 281 660;0.58%
10/10/2022;5 000;5 190;5 190;5 000;1 986;10 118 670;-3.66%
11/10/2022;5 000;5 000;5 000;5 000;1 560;7 800 000;0.00%
12/10/2022;4 900;5 000;5 000;4 900;46;227 700;-2.00%
13/10/2022;4 910;5 005;5 005;4 910;2 940;14 575 050;0.20%
14/10/2022;4 920;4 995;4 995;4 920;1 070;5 304 525;0.20%
17/10/2022;4 920;5 095;5 095;4 920;490;2 453 675;0.00%
18/10/2022;4 995;4 900;4 995;4 900;13 790;68 226 025;1.52%
19/10/2022;5 000;4 995;5 000;4 995;297;1 484 258;0.10%
20/10/2022;5 000;5 000;5 000;5 000;269;1 345 000;0.00%
21/10/2022;5 000;4 995;5 000;4 995;5 211;26 041 973;0.00%
24/10/2022;5 000;5 000;5 000;5 000;1 238;6 190 000;0.00%
25/10/2022;5 000;5 000;5 000;5 000;1 180;5 900 000;0.00%
26/10/2022;5 000;5 000;5 000;5 000;71;355 000;0.00%
27/10/2022;5 000;5 000;5 000;5 000;411;2 055 000;0.00%
28/10/2022;5 000;5 000;5 000;5 000;552;2 760 000;0.00%
31/10/2022;5 000;5 000;5 000;5 000;552;2 760 000;0.00%
01/11/2022;5 000;4 905;5 000;4 905;20;99 050;0.00%
02/11/2022;4 950;4 905;4 950;4 905;339;1 670 423;-1.00%
03/11/2022;4 900;4 580;4 900;4 580;461;2 185 140;-1.01%
04/11/2022;4 600;4 700;4 700;4 600;154;716 100;-6.12%
07/11/2022;4 895;4 585;4 895;4 585;1 145;5 427 300;6.41%
08/11/2022;4 895;4 895;4 895;4 895;689;3 372 655;0.00%
09/11/2022;5 000;4 700;5 000;4 700;961;4 660 850;2.15%
10/11/2022;5 000;4 650;5 000;4 650;216;1 042 200;0.00%
11/11/2022;5 000;4 900;5 000;4 900;96;475 200;0.00%
14/11/2022;4 805;5 000;5 000;4 805;67;328 468;-3.90%
15/11/2022;4 805;5 000;5 000;4 805;67;328 468;0.00%
16/11/2022;4 800;4 995;4 995;4 800;448;2 194 080;-0.10%
17/11/2022;4 700;4 500;4 700;4 500;2 865;13 179 000;-2.08%
18/11/2022;4 505;4 600;4 600;4 505;907;4 129 118;-4.15%
21/11/2022;4 750;4 595;4 750;4 595;850;3 971 625;5.44%
22/11/2022;4 600;4 600;4 600;4 600;2 628;12 088 800;-3.16%
23/11/2022;4 500;4 500;4 500;4 500;957;4 306 500;-2.17%
24/11/2022;4 450;4 520;4 520;4 450;651;2 919 735;-1.11%
25/11/2022;4 550;4 450;4 550;4 450;210;945 000;2.25%
28/11/2022;4 550;4 500;4 550;4 500;657;2 972 925;0.00%
29/11/2022;4 500;4 500;4 500;4 500;556;2 502 000;-1.10%
30/11/2022;4 500;4 500;4 500;4 500;556;2 502 000;0.00%
01/12/2022;4 500;4 500;4 500;4 500;556;2 502 000;0.00%
02/12/2022;4 245;4 205;4 245;4 205;729;3 080 025;-5.67%
05/12/2022;4 560;4 245;4 560;4 245;190;836 475;7.42%
06/12/2022;4 750;4 560;4 750;4 560;571;2 658 005;4.17%
07/12/2022;4 400;4 450;4 450;4 400;228;1 008 900;-7.37%
08/12/2022;4 500;4 400;4 500;4 400;72;320 400;2.27%
09/12/2022;4 750;4 400;4 750;4 400;233;1 065 975;5.56%
12/12/2022;5 000;4 750;5 000;4 750;1 268;6 181 500;5.26%
13/12/2022;5 000;4 745;5 000;4 745;38;185 155;0.00%
14/12/2022;5 300;4 900;5 300;4 900;5 454;27 815 400;6.00%
15/12/2022;5 695;5 270;5 695;5 270;21 106;115 713 645;7.45%
16/12/2022;5 900;5 600;5 900;5 600;10 352;59 524 000;3.60%
19/12/2022;5 895;5 590;5 895;5 590;6 797;39 031 773;-0.08%
20/12/2022;6 200;5 455;6 200;5 455;24 961;145 460 228;5.17%
21/12/2022;6 200;5 900;6 200;5 900;3 919;23 709 950;0.00%
22/12/2022;6 180;5 735;6 180;5 735;2 698;16 073 335;-0.32%
23/12/2022;6 100;6 060;6 100;6 060;306;1 860 480;-1.29%
26/12/2022;6 100;6 060;6 100;6 060;306;1 860 480;0.00%
27/12/2022;6 100;5 995;6 100;5 995;8 416;50 895 760;0.00%
28/12/2022;6 075;5 750;6 075;5 750;6 648;39 306 300;-0.41%
29/12/2022;6 000;5 620;6 000;5 620;756;4 392 360;-1.23%
30/12/2022;5 975;5 600;5 975;5 600;32 096;185 755 600;-0.42%
02/01/2023;5 975;5 600;5 975;5 600;32 096;185 755 600;0.00%
03/01/2023;5 890;5 890;5 890;5 890;9;53 010;-1.42%
04/01/2023;5 710;5 450;5 710;5 450;118;658 440;-3.06%
05/01/2023;5 495;5 510;5 510;5 495;19;104 548;-3.77%
06/01/2023;5 490;5 490;5 490;5 490;7;38 430;-0.09%
09/01/2023;5 490;5 480;5 490;5 480;111;608 835;0.00%
10/01/2023;5 400;5 445;5 445;5 400;89;482 603;-1.64%
11/01/2023;5 300;5 300;5 300;5 300;1;5 300;-1.85%
12/01/2023;5 200;5 300;5 300;5 200;116;609 000;-1.89%
13/01/2023;5 185;5 200;5 200;5 185;61;316 743;-0.29%
16/01/2023;4 800;5 180;5 180;4 800;147;733 530;-7.43%
17/01/2023;4 800;4 700;4 800;4 700;693;3 291 750;0.00%
18/01/2023;4 700;4 850;4 850;4 700;1 985;9 478 375;-2.08%
19/01/2023;4 700;4 700;4 700;4 700;373;1 753 100;0.00%
20/01/2023;4 995;4 995;4 995;4 995;14;69 930;6.28%
23/01/2023;5 000;4 995;5 000;4 995;58;289 855;0.10%
24/01/2023;5 000;4 995;5 000;4 995;58;289 855;0.00%
25/01/2023;4 995;4 900;4 995;4 900;220;1 088 450;-0.10%
26/01/2023;4 980;4 980;4 980;4 980;175;871 500;-0.30%
27/01/2023;4 980;4 725;4 980;4 725;121;587 153;0.00%
30/01/2023;4 980;4 725;4 980;4 725;121;587 153;0.00%
31/01/2023;4 975;4 720;4 975;4 720;17;82 408;-0.10%
01/02/2023;4 975;4 975;4 975;4 975;111;552 225;0.00%
02/02/2023;4 975;4 800;4 975;4 800;600;2 932 500;0.00%
03/02/2023;4 975;4 800;4 975;4 800;43;210 163;0.00%
06/02/2023;4 975;4 800;4 975;4 800;278;1 358 725;0.00%
07/02/2023;4 800;4 970;4 970;4 800;218;1 064 930;-3.52%
08/02/2023;4 800;4 805;4 805;4 800;349;1 676 073;0.00%
09/02/2023;4 900;4 800;4 900;4 800;607;2 943 950;2.08%
10/02/2023;4 900;4 900;4 900;4 900;465;2 278 500;0.00%
13/02/2023;4 900;4 900;4 900;4 900;181;886 900;0.00%
14/02/2023;4 755;4 980;4 980;4 755;3 611;17 576 543;-2.96%
15/02/2023;4 800;4 755;4 800;4 755;946;4 519 515;0.95%
16/02/2023;5 000;4 755;5 000;4 755;1 928;9 403 820;4.17%
17/02/2023;4 990;5 000;5 000;4 990;70;349 650;-0.20%
20/02/2023;4 900;4 990;4 990;4 900;162;801 090;-1.80%
21/02/2023;5 095;4 755;5 095;4 755;995;4 900 375;3.98%
22/02/2023;5 000;5 000;5 000;5 000;2 382;11 910 000;-1.86%
23/02/2023;5 000;5 000;5 000;5 000;10;50 000;0.00%
24/02/2023;5 000;4 995;5 000;4 995;134;669 665;0.00%
27/02/2023;4 990;4 985;4 990;4 985;100;498 750;-0.20%
28/02/2023;4 980;4 985;4 985;4 980;35;174 388;-0.20%
01/03/2023;4 980;4 985;4 985;4 980;35;174 388;0.00%
02/03/2023;4 750;4 800;4 800;4 750;10 225;48 824 375;-4.62%
03/03/2023;4 800;4 800;4 800;4 800;2 668;12 806 400;1.05%
06/03/2023;4 850;4 795;4 850;4 795;431;2 078 498;1.04%
07/03/2023;4 900;4 850;4 900;4 850;5 687;27 724 125;1.03%
08/03/2023;4 900;4 900;4 900;4 900;215;1 053 500;0.00%
09/03/2023;4 900;4 900;4 900;4 900;1 823;8 932 700;0.00%
10/03/2023;4 855;4 855;4 855;4 855;462;2 243 010;-0.92%
13/03/2023;4 800;4 865;4 865;4 800;414;2 000 655;-1.13%
14/03/2023;4 950;4 800;4 950;4 800;31;151 125;3.13%
15/03/2023;4 960;4 960;4 960;4 960;1 247;6 185 120;0.20%
16/03/2023;4 805;4 960;4 960;4 805;206;1 005 795;-3.13%
17/03/2023;4 960;4 960;4 960;4 960;323;1 602 080;3.23%
20/03/2023;5 000;4 960;5 000;4 960;2 437;12 136 260;0.81%
21/03/2023;5 000;4 960;5 000;4 960;1 130;5 627 400;0.00%
22/03/2023;5 000;5 000;5 000;5 000;2 241;11 205 000;0.00%
23/03/2023;4 960;4 960;4 960;4 960;470;2 331 200;-0.80%
24/03/2023;5 000;4 960;5 000;4 960;526;2 619 480;0.81%
27/03/2023;4 995;5 000;5 000;4 995;160;799 600;-0.10%
28/03/2023;4 995;4 995;4 995;4 995;82;409 590;0.00%
29/03/2023;5 000;4 995;5 000;4 995;839;4 192 903;0.10%
30/03/2023;4 995;5 000;5 000;4 995;1 297;6 481 758;-0.10%
31/03/2023;4 900;4 900;4 900;4 900;20;98 000;-1.90%
03/04/2023;4 990;4 900;4 990;4 900;709;3 506 005;1.84%
04/04/2023;5 000;4 950;5 000;4 950;2 198;10 935 050;0.20%
05/04/2023;5 000;5 000;5 000;5 000;116;580 000;0.00%
06/04/2023;5 000;5 000;5 000;5 000;70;350 000;0.00%
07/04/2023;5 000;5 000;5 000;5 000;99;495 000;0.00%
10/04/2023;5 000;5 000;5 000;5 000;99;495 000;0.00%
11/04/2023;4 800;4 990;4 990;4 800;76;372 020;-4.00%
12/04/2023;4 995;4 995;4 995;4 995;667;3 331 665;4.06%
13/04/2023;4 750;5 000;5 000;4 750;156;760 500;-4.90%
14/04/2023;5 000;4 755;5 000;4 755;189;921 848;5.26%
17/04/2023;4 995;4 750;4 995;4 750;119;579 828;-0.10%
18/04/2023;4 995;4 750;4 995;4 750;119;579 828;0.00%
19/04/2023;4 800;4 800;4 800;4 800;154;739 200;-3.90%
20/04/2023;4 705;4 750;4 750;4 705;220;1 040 050;-1.98%
21/04/2023;4 705;4 750;4 750;4 705;220;1 040 050;0.00%
24/04/2023;4 705;4 800;4 800;4 705;411;1 953 278;0.00%
25/04/2023;4 995;4 705;4 995;4 705;317;1 537 450;6.16%
26/04/2023;5 050;4 800;5 050;4 800;703;3 462 275;1.10%
27/04/2023;5 000;4 750;5 000;4 750;121;589 875;-0.99%
28/04/2023;5 000;4 980;5 000;4 980;80;399 200;0.00%
01/05/2023;5 000;4 980;5 000;4 980;80;399 200;0.00%
02/05/2023;5 005;4 900;5 005;4 900;300;1 485 750;0.10%
03/05/2023;5 005;4 900;5 005;4 900;300;1 485 750;0.00%
04/05/2023;5 000;5 010;5 010;5 000;222;1 111 110;-0.10%
05/05/2023;5 295;5 300;5 300;5 295;33;174 818;5.90%
08/05/2023;5 305;5 295;5 305;5 295;481;2 549 300;0.19%
09/05/2023;5 305;5 305;5 305;5 305;277;1 469 485;0.00%
10/05/2023;5 005;5 305;5 305;5 005;1 326;6 835 530;-5.66%
11/05/2023;5 005;5 300;5 300;5 005;282;1 453 005;0.00%
12/05/2023;5 105;5 105;5 105;5 105;327;1 669 335;2.00%
15/05/2023;5 100;5 000;5 100;5 000;184;929 200;-0.10%
16/05/2023;5 100;5 010;5 100;5 010;633;3 199 815;0.00%
17/05/2023;4 900;5 100;5 100;4 900;626;3 130 000;-3.92%
18/05/2023;4 900;5 100;5 100;4 900;626;3 130 000;0.00%
19/05/2023;5 100;4 900;5 100;4 900;31;155 000;4.08%
22/05/2023;5 100;5 150;5 150;5 100;266;1 363 250;0.00%
23/05/2023;5 005;5 100;5 100;5 005;295;1 490 488;-1.86%
24/05/2023;5 150;5 100;5 150;5 100;414;2 121 750;2.90%
25/05/2023;5 100;5 100;5 100;5 100;299;1 524 900;-0.97%
26/05/2023;5 000;5 105;5 105;5 000;847;4 279 468;-1.96%
29/05/2023;5 000;5 105;5 105;5 000;847;4 279 468;0.00%
30/05/2023;5 300;4 815;5 300;4 815;467;2 361 853;6.00%
31/05/2023;5 290;4 905;5 290;4 905;317;1 615 908;-0.19%
01/06/2023;5 290;5 000;5 290;5 000;106;545 370;0.00%
02/06/2023;5 290;5 290;5 290;5 290;359;1 899 110;0.00%
05/06/2023;5 290;5 000;5 290;5 000;1 418;7 295 610;0.00%
06/06/2023;5 295;5 000;5 295;5 000;321;1 652 348;0.09%
07/06/2023;5 290;5 295;5 295;5 290;92;486 910;-0.09%
08/06/2023;5 290;5 290;5 290;5 290;466;2 465 140;0.00%
09/06/2023;5 285;5 290;5 290;5 285;49;259 088;-0.09%
12/06/2023;5 280;5 280;5 280;5 280;10;52 800;-0.09%
13/06/2023;5 200;5 200;5 200;5 200;304;1 580 800;-1.52%
14/06/2023;5 180;5 195;5 195;5 180;211;1 094 563;-0.38%
15/06/2023;5 180;5 180;5 180;5 180;163;844 340;0.00%
16/06/2023;5 300;5 200;5 300;5 200;202;1 060 500;2.32%
19/06/2023;5 290;5 300;5 300;5 290;21;111 195;-0.19%
20/06/2023;5 300;5 290;5 300;5 290;313;1 657 335;0.19%
21/06/2023;5 200;5 290;5 290;5 200;427;2 239 615;-1.89%
22/06/2023;5 250;5 210;5 250;5 210;143;747 890;0.96%
23/06/2023;5 250;5 250;5 250;5 250;4 421;23 210 250;0.00%
26/06/2023;5 245;5 250;5 250;5 245;112;587 720;-0.10%
27/06/2023;5 250;5 150;5 250;5 150;487;2 532 400;0.10%
28/06/2023;5 250;5 150;5 250;5 150;487;2 532 400;0.00%
29/06/2023;5 250;5 250;5 250;5 250;4 607;24 186 750;0.00%
30/06/2023;5 245;5 245;5 245;5 245;788;4 133 060;-0.10%
03/07/2023;5 245;5 250;5 250;5 245;2 543;13 344 393;0.00%
04/07/2023;5 500;5 245;5 500;5 245;276;1 482 810;4.86%
05/07/2023;5 490;5 495;5 495;5 490;1 617;8 881 373;-0.18%
06/07/2023;5 480;5 490;5 490;5 480;786;4 311 210;-0.18%
07/07/2023;5 480;5 480;5 480;5 480;192;1 052 160;0.00%
10/07/2023;5 750;5 480;5 750;5 480;273;1 532 895;4.93%
11/07/2023;5 730;5 725;5 730;5 725;2 410;13 803 275;-0.35%
12/07/2023;5 695;5 730;5 730;5 695;82;468 425;-0.61%
13/07/2023;5 695;5 365;5 695;5 365;942;5 209 260;0.00%
14/07/2023;5 510;5 500;5 510;5 500;183;1 007 415;-3.25%
17/07/2023;5 900;5 900;5 900;5 900;3 126;18 443 400;7.08%
18/07/2023;5 895;5 510;5 895;5 510;62;353 555;-0.08%
19/07/2023;5 455;5 520;5 520;5 455;759;4 165 013;-7.46%
20/07/2023;5 400;5 420;5 420;5 400;577;3 121 570;-1.01%
21/07/2023;5 800;5 355;5 800;5 355;681;3 798 278;7.41%
24/07/2023;5 795;5 455;5 795;5 455;552;3 105 000;-0.09%
25/07/2023;5 700;5 700;5 700;5 700;4;22 800;-1.64%
26/07/2023;5 660;5 455;5 660;5 455;57;316 778;-0.70%
27/07/2023;5 685;5 690;5 690;5 685;39;221 813;0.44%
28/07/2023;5 685;5 675;5 685;5 675;339;1 925 520;0.00%
31/07/2023;5 700;5 685;5 700;5 685;66;375 705;0.26%
01/08/2023;5 695;5 695;5 695;5 695;998;5 683 610;-0.09%
02/08/2023;5 695;5 695;5 695;5 695;74;421 430;0.00%
03/08/2023;5 450;5 500;5 500;5 450;1 315;7 199 625;-4.30%
04/08/2023;5 555;5 500;5 555;5 500;196;1 083 390;1.93%
07/08/2023;5 555;5 500;5 555;5 500;196;1 083 390;0.00%
08/08/2023;5 555;5 555;5 555;5 555;528;2 933 040;0.00%
09/08/2023;5 460;5 555;5 555;5 460;1 072;5 904 040;-1.71%
10/08/2023;5 400;5 460;5 460;5 400;367;1 992 810;-1.10%
11/08/2023;5 500;5 500;5 500;5 500;2 170;11 935 000;1.85%
14/08/2023;5 460;5 795;5 795;5 460;21;118 178;-0.73%
15/08/2023;5 460;5 795;5 795;5 460;21;118 178;0.00%
16/08/2023;5 460;5 460;5 460;5 460;382;2 085 720;0.00%
17/08/2023;5 700;5 460;5 700;5 460;1 233;6 880 140;4.40%
18/08/2023;5 700;5 500;5 700;5 500;12;67 200;0.00%
21/08/2023;5 460;5 465;5 465;5 460;1 172;6 402 050;-4.21%
22/08/2023;5 500;5 470;5 500;5 470;134;734 990;0.73%
23/08/2023;5 500;5 495;5 500;5 495;916;5 035 710;0.00%
24/08/2023;5 785;5 500;5 785;5 500;691;3 898 968;5.18%
25/08/2023;5 770;5 785;5 785;5 770;1 622;9 371 105;-0.26%
28/08/2023;5 770;5 900;5 900;5 770;5 950;34 718 250;0.00%
29/08/2023;5 770;5 770;5 770;5 770;4 328;24 972 560;0.00%
30/08/2023;5 800;5 780;5 800;5 780;130;752 700;0.52%
31/08/2023;5 500;5 500;5 500;5 500;5 300;29 150 000;-5.17%
01/09/2023;5 910;5 610;5 910;5 610;138;794 880;7.45%
04/09/2023;5 900;5 700;5 900;5 700;119;690 200;-0.17%
05/09/2023;5 900;5 900;5 900;5 900;361;2 129 900;0.00%
06/09/2023;6 100;5 800;6 100;5 800;458;2 725 100;3.39%
07/09/2023;6 200;6 000;6 200;6 000;584;3 562 400;1.64%
08/09/2023;6 200;6 200;6 200;6 200;144;892 800;0.00%
11/09/2023;6 200;6 000;6 200;6 000;64;390 400;0.00%
12/09/2023;6 320;6 100;6 320;6 100;199;1 235 790;1.94%
13/09/2023;6 295;6 340;6 340;6 295;67;423 273;-0.40%
14/09/2023;6 295;6 295;6 295;6 295;789;4 966 755;0.00%
15/09/2023;6 350;6 290;6 350;6 290;676;4 272 320;0.87%
18/09/2023;6 105;6 345;6 345;6 105;212;1 319 700;-3.86%
19/09/2023;6 110;6 300;6 300;6 110;305;1 892 525;0.08%
20/09/2023;6 345;6 270;6 345;6 270;766;4 831 545;3.85%
21/09/2023;6 350;6 110;6 350;6 110;412;2 566 760;0.08%
22/09/2023;6 350;6 110;6 350;6 110;7;43 610;0.00%
25/09/2023;6 345;6 345;6 345;6 345;704;4 466 880;-0.08%
26/09/2023;6 345;6 110;6 345;6 110;114;709 935;0.00%
27/09/2023;6 345;6 110;6 345;6 110;114;709 935;0.00%
28/09/2023;6 310;6 100;6 310;6 100;338;2 097 290;-0.55%
29/09/2023;6 315;6 300;6 315;6 300;225;1 419 188;0.08%
02/10/2023;6 310;6 300;6 310;6 300;358;2 257 190;-0.08%
03/10/2023;6 200;6 310;6 310;6 200;14;87 570;-1.74%
04/10/2023;6 300;6 000;6 300;6 000;305;1 875 750;1.61%
05/10/2023;6 300;6 250;6 300;6 250;109;683 975;0.00%
06/10/2023;6 300;6 250;6 300;6 250;1 684;10 567 100;0.00%
09/10/2023;6 050;5 890;6 050;5 890;59;352 230;-3.97%
10/10/2023;6 300;6 055;6 300;6 055;15 472;95 578 280;4.13%
11/10/2023;6 300;6 300;6 300;6 300;141;888 300;0.00%
12/10/2023;6 250;6 300;6 300;6 250;4 556;28 588 900;-0.79%
13/10/2023;6 300;6 250;6 300;6 250;340;2 133 500;0.80%
16/10/2023;6 300;6 300;6 300;6 300;414;2 608 200;0.00%
17/10/2023;6 290;6 200;6 290;6 200;4 258;26 591 210;-0.16%
18/10/2023;6 005;6 300;6 300;6 005;340;2 091 850;-4.53%
19/10/2023;6 265;6 270;6 270;6 265;520;3 259 100;4.33%
20/10/2023;6 265;6 270;6 270;6 265;33;206 828;0.00%
23/10/2023;6 265;6 265;6 265;6 265;57;357 105;0.00%
24/10/2023;6 270;6 265;6 270;6 265;179;1 121 883;0.08%
25/10/2023;6 260;6 010;6 260;6 010;554;3 398 790;-0.16%
26/10/2023;6 260;6 260;6 260;6 260;443;2 773 180;0.00%
27/10/2023;6 260;6 005;6 260;6 005;188;1 152 910;0.00%
30/10/2023;6 195;6 260;6 260;6 195;229;1 426 098;-1.04%
31/10/2023;6 100;6 195;6 195;6 100;333;2 047 118;-1.53%
01/11/2023;6 100;6 195;6 195;6 100;333;2 047 118;0.00%
02/11/2023;6 010;6 080;6 080;6 010;95;574 275;-1.48%
06/11/2023;6 260;6 100;6 260;6 100;155;957 900;4.16%
07/11/2023;6 260;6 260;6 260;6 260;406;2 541 560;0.00%
08/11/2023;6 100;6 255;6 255;6 100;1 243;7 678 633;-2.56%
09/11/2023;6 100;6 090;6 100;6 090;1 181;7 198 195;0.00%
10/11/2023;6 255;6 125;6 255;6 125;62;383 780;2.54%
13/11/2023;6 255;6 125;6 255;6 125;546;3 379 740;0.00%
14/11/2023;6 255;6 250;6 255;6 250;103;644 008;0.00%
15/11/2023;6 255;6 250;6 255;6 250;103;644 008;0.00%
16/11/2023;6 100;6 100;6 100;6 100;159;969 900;-2.48%
17/11/2023;6 230;6 010;6 230;6 010;250;1 530 000;2.13%
20/11/2023;6 200;6 150;6 200;6 150;282;1 741 350;-0.48%
21/11/2023;6 200;6 050;6 200;6 050;5 529;33 865 125;0.00%
22/11/2023;6 200;6 050;6 200;6 050;127;777 875;0.00%
23/11/2023;6 200;6 095;6 200;6 095;299;1 838 103;0.00%
24/11/2023;6 200;6 005;6 200;6 005;82;500 405;0.00%
27/11/2023;6 005;6 090;6 090;6 005;2 739;16 564 103;-3.15%
28/11/2023;6 200;6 090;6 200;6 090;1 592;9 782 840;3.25%
29/11/2023;5 780;6 010;6 010;5 780;11 353;66 925 935;-6.77%
30/11/2023;5 800;5 780;5 800;5 780;7 635;44 206 650;0.35%
01/12/2023;5 800;5 800;5 800;5 800;2 856;16 564 800;0.00%
04/12/2023;5 785;5 800;5 800;5 785;1 181;6 840 943;-0.26%
05/12/2023;5 900;5 800;5 900;5 800;2 498;14 613 300;1.99%
06/12/2023;5 900;5 900;5 900;5 900;478;2 820 200;0.00%
07/12/2023;5 900;5 875;5 900;5 875;552;3 249 900;0.00%
08/12/2023;5 900;5 860;5 900;5 860;347;2 040 360;0.00%
11/12/2023;5 900;5 900;5 900;5 900;283;1 669 700;0.00%
12/12/2023;5 800;5 800;5 800;5 800;104;603 200;-1.69%
13/12/2023;5 800;5 800;5 800;5 800;1 285;7 453 000;0.00%
14/12/2023;5 800;5 800;5 800;5 800;973;5 643 400;0.00%
15/12/2023;5 800;5 800;5 800;5 800;155;899 000;0.00%
18/12/2023;5 795;5 800;5 800;5 795;58;336 255;-0.09%
19/12/2023;5 785;5 795;5 795;5 785;1 084;6 276 360;-0.17%
20/12/2023;5 795;5 780;5 795;5 780;1 173;6 788 738;0.17%
21/12/2023;5 700;5 800;5 800;5 700;342;1 966 500;-1.64%
22/12/2023;5 700;5 700;5 700;5 700;792;4 514 400;0.00%
25/12/2023;5 700;5 700;5 700;5 700;792;4 514 400;0.00%
26/12/2023;5 700;5 790;5 790;5 700;65;373 425;0.00%
27/12/2023;5 600;5 700;5 700;5 600;804;4 542 600;-1.75%
28/12/2023;6 020;5 700;6 020;5 700;24 864;145 703 040;7.50%
29/12/2023;6 000;6 000;6 000;6 000;4 131;24 786 000;-0.33%
01/01/2024;6 000;6 000;6 000;6 000;4 131;24 786 000;0.00%
02/01/2024;5 900;5 990;5 990;5 900;81;481 545;-1.67%
03/01/2024;5 895;5 900;5 900;5 895;1 108;6 534 430;-0.08%
04/01/2024;5 800;5 800;5 800;5 800;112;649 600;-1.61%
05/01/2024;5 795;5 800;5 800;5 795;850;4 927 875;-0.09%
08/01/2024;5 795;5 795;5 795;5 795;472;2 735 240;0.00%
09/01/2024;5 750;5 795;5 795;5 750;455;2 626 488;-0.78%
10/01/2024;5 690;5 750;5 750;5 690;281;1 607 320;-1.04%
11/01/2024;5 750;5 750;5 750;5 750;337;1 937 750;1.05%
12/01/2024;5 750;5 690;5 750;5 690;496;2 837 120;0.00%
15/01/2024;5 750;5 750;5 750;5 750;85;488 750;0.00%
16/01/2024;5 750;5 700;5 750;5 700;113;646 925;0.00%
17/01/2024;5 320;5 750;5 750;5 320;861;4 765 635;-7.48%
18/01/2024;5 700;5 500;5 700;5 500;63;352 800;7.14%
19/01/2024;5 745;5 360;5 745;5 360;3 929;21 815 773;0.79%
22/01/2024;5 400;5 320;5 400;5 320;56;300 160;-6.01%
23/01/2024;5 590;5 450;5 590;5 450;98;540 960;3.52%
24/01/2024;5 580;5 580;5 580;5 580;10;55 800;-0.18%
25/01/2024;5 560;5 400;5 560;5 400;21;115 080;-0.36%
26/01/2024;5 585;5 590;5 590;5 585;318;1 776 825;0.45%
29/01/2024;5 735;5 600;5 735;5 600;693;3 927 578;2.69%
30/01/2024;5 735;5 655;5 735;5 655;2 194;12 494 830;0.00%
31/01/2024;5 760;5 600;5 760;5 600;399;2 266 320;0.44%
01/02/2024;5 760;5 760;5 760;5 760;59;339 840;0.00%
02/02/2024;5 760;5 650;5 760;5 650;952;5 431 160;0.00%
05/02/2024;5 700;5 760;5 760;5 700;508;2 910 840;-1.04%
06/02/2024;5 800;5 700;5 800;5 700;409;2 351 750;1.75%
07/02/2024;5 800;5 750;5 800;5 750;85;490 875;0.00%
08/02/2024;5 800;5 700;5 800;5 700;146;839 500;0.00%
09/02/2024;5 790;5 800;5 800;5 790;239;1 385 005;-0.17%
12/02/2024;5 790;5 800;5 800;5 790;239;1 385 005;0.00%
13/02/2024;5 800;5 795;5 800;5 795;161;933 398;0.17%
14/02/2024;5 790;5 790;5 790;5 790;1 454;8 418 660;-0.17%
15/02/2024;5 800;5 650;5 800;5 650;449;2 570 525;0.17%
16/02/2024;5 750;5 800;5 800;5 750;64;369 600;-0.86%
19/02/2024;5 750;5 750;5 750;5 750;65;373 750;0.00%
20/02/2024;5 750;5 750;5 750;5 750;345;1 983 750;0.00%
21/02/2024;5 750;5 750;5 750;5 750;1 146;6 589 500;0.00%
22/02/2024;5 750;5 600;5 750;5 600;332;1 884 100;0.00%
23/02/2024;5 735;5 750;5 750;5 735;83;476 628;-0.26%
26/02/2024;5 750;5 560;5 750;5 560;197;1 114 035;0.26%
27/02/2024;5 700;5 455;5 700;5 455;97;541 018;-0.87%
28/02/2024;5 650;5 650;5 650;5 650;136;768 400;-0.88%
29/02/2024;5 750;5 600;5 750;5 600;8 502;48 248 850;1.77%
01/03/2024;5 745;5 745;5 745;5 745;8 143;46 781 535;-0.09%
04/03/2024;5 700;5 745;5 745;5 700;557;3 187 433;-0.78%
05/03/2024;5 695;5 675;5 695;5 675;416;2 364 960;-0.09%
06/03/2024;5 690;5 690;5 690;5 690;6 030;34 310 700;-0.09%
07/03/2024;5 600;5 495;5 600;5 495;76;421 610;-1.58%
08/03/2024;5 600;5 600;5 600;5 600;104;582 400;0.00%
11/03/2024;5 500;5 600;5 600;5 500;97;538 350;-1.79%
12/03/2024;5 500;5 450;5 500;5 450;300;1 642 500;0.00%
13/03/2024;5 600;5 505;5 600;5 505;396;2 198 790;1.82%
14/03/2024;5 400;5 400;5 400;5 400;150;810 000;-3.57%
15/03/2024;5 325;5 325;5 325;5 325;127;676 275;-1.39%
18/03/2024;5 600;5 320;5 600;5 320;76;414 960;5.16%
19/03/2024;5 600;5 590;5 600;5 590;87;486 765;0.00%
20/03/2024;5 600;5 370;5 600;5 370;622;3 411 670;0.00%
21/03/2024;5 400;5 350;5 400;5 350;745;4 004 375;-3.57%
22/03/2024;5 350;5 400;5 400;5 350;536;2 881 000;-0.93%
25/03/2024;5 600;5 320;5 600;5 320;3 213;17 542 980;4.67%
26/03/2024;5 600;5 600;5 600;5 600;121;677 600;0.00%
27/03/2024;5 600;5 600;5 600;5 600;7 387;41 367 200;0.00%
28/03/2024;5 690;5 595;5 690;5 595;281;1 585 543;1.61%
29/03/2024;5 690;5 695;5 695;5 690;902;5 134 635;0.00%
01/04/2024;5 690;5 695;5 695;5 690;902;5 134 635;0.00%
02/04/2024;5 600;5 650;5 650;5 600;211;1 186 875;-1.58%
03/04/2024;5 685;5 595;5 685;5 595;329;1 855 560;1.52%
04/04/2024;5 685;5 685;5 685;5 685;109;619 665;0.00%
05/04/2024;5 600;5 600;5 600;5 600;1 642;9 195 200;-1.50%
08/04/2024;5 600;5 600;5 600;5 600;904;5 062 400;0.00%
09/04/2024;5 550;5 600;5 600;5 550;52;289 900;-0.89%
10/04/2024;5 550;5 600;5 600;5 550;52;289 900;0.00%
11/04/2024;5 595;5 550;5 595;5 550;46;256 335;0.81%
12/04/2024;5 695;5 555;5 695;5 555;1 469;8 263 125;1.79%
15/04/2024;5 675;5 695;5 695;5 675;91;517 335;-0.35%
16/04/2024;5 500;5 560;5 560;5 500;5 363;29 657 390;-3.08%
17/04/2024;5 675;5 090;5 675;5 090;4 742;25 523 815;3.18%
18/04/2024;6 000;5 850;6 000;5 850;2 822;16 720 350;5.73%
19/04/2024;5 800;6 120;6 120;5 800;71;423 160;-3.33%
22/04/2024;5 795;5 800;5 800;5 795;140;811 650;-0.09%
23/04/2024;6 000;5 790;6 000;5 790;373;2 198 835;3.54%
24/04/2024;5 960;5 915;5 960;5 915;101;599 688;-0.67%
25/04/2024;6 000;5 960;6 000;5 960;238;1 423 240;0.67%
26/04/2024;5 800;6 000;6 000;5 800;1 219;7 192 100;-3.33%
29/04/2024;5 800;5 800;5 800;5 800;19;110 200;0.00%
30/04/2024;5 690;5 800;5 800;5 690;379;2 177 355;-1.90%
01/05/2024;5 690;5 800;5 800;5 690;379;2 177 355;0.00%
02/05/2024;5 800;5 800;5 800;5 800;357;2 070 600;1.93%
03/05/2024;5 800;5 795;5 800;5 795;1 166;6 759 885;0.00%
06/05/2024;5 800;5 700;5 800;5 700;250;1 437 500;0.00%
07/05/2024;5 800;5 800;5 800;5 800;308;1 786 400;0.00%
08/05/2024;5 800;5 695;5 800;5 695;165;948 338;0.00%
09/05/2024;5 800;5 695;5 800;5 695;165;948 338;0.00%
10/05/2024;5 715;5 690;5 715;5 690;1 016;5 793 740;-1.47%
13/05/2024;5 800;5 750;5 800;5 750;396;2 286 900;1.49%
14/05/2024;5 795;5 700;5 795;5 700;328;1 885 180;-0.09%
15/05/2024;5 795;5 800;5 800;5 795;222;1 287 045;0.00%
16/05/2024;5 795;5 800;5 800;5 795;1 669;9 676 028;0.00%
17/05/2024;5 800;5 800;5 800;5 800;711;4 123 800;0.09%
20/05/2024;5 800;5 800;5 800;5 800;711;4 123 800;0.00%
21/05/2024;5 800;5 800;5 800;5 800;526;3 050 800;0.00%
22/05/2024;5 800;5 800;5 800;5 800;931;5 399 800;0.00%
23/05/2024;5 800;5 800;5 800;5 800;962;5 579 600;0.00%
24/05/2024;6 000;5 800;6 000;5 800;794;4 684 600;3.45%
27/05/2024;6 000;6 000;6 000;6 000;645;3 870 000;0.00%
28/05/2024;6 000;6 000;6 000;6 000;182;1 092 000;0.00%
29/05/2024;6 000;6 000;6 000;6 000;2 503;15 018 000;0.00%
30/05/2024;6 000;6 000;6 000;6 000;485;2 910 000;0.00%
31/05/2024;5 995;6 000;6 000;5 995;100;599 750;-0.08%
03/06/2024;5 995;5 995;5 995;5 995;2 722;16 318 390;0.00%
04/06/2024;5 995;5 995;5 995;5 995;1 208;7 241 960;0.00%
05/06/2024;6 000;6 000;6 000;6 000;1 406;8 436 000;0.08%
06/06/2024;6 000;6 000;6 000;6 000;1 963;11 778 000;0.00%
07/06/2024;6 000;6 000;6 000;6 000;616;3 696 000;0.00%
10/06/2024;5 995;6 000;6 000;5 995;365;2 189 088;-0.08%
11/06/2024;6 300;6 300;6 300;6 300;373;2 349 900;5.09%
12/06/2024;6 250;6 300;6 300;6 250;801;5 026 275;-0.79%
13/06/2024;6 250;6 200;6 250;6 200;298;1 855 050;0.00%
14/06/2024;6 250;6 250;6 250;6 250;114;712 500;0.00%
18/06/2024;6 250;6 250;6 250;6 250;1 115;6 968 750;0.00%
19/06/2024;5 915;5 915;5 915;5 915;904;5 347 160;-5.36%
20/06/2024;6 230;6 235;6 235;6 230;590;3 677 175;5.33%
21/06/2024;6 250;6 200;6 250;6 200;1 083;6 741 675;0.32%
24/06/2024;6 230;6 250;6 250;6 230;881;5 497 440;-0.32%
25/06/2024;6 000;6 250;6 250;6 000;3 381;20 708 625;-3.69%
26/06/2024;6 300;6 000;6 300;6 000;2 048;12 595 200;5.00%
27/06/2024;6 295;6 300;6 300;6 295;112;705 320;-0.08%
28/06/2024;6 290;6 295;6 295;6 290;552;3 473 460;-0.08%
01/07/2024;6 295;6 295;6 295;6 295;3 868;24 349 060;0.08%
02/07/2024;6 300;6 300;6 300;6 300;1 091;6 873 300;0.08%
03/07/2024;6 300;6 300;6 300;6 300;2 364;14 893 200;0.00%
04/07/2024;6 285;6 100;6 285;6 100;740;4 582 450;-0.24%
05/07/2024;6 250;5 975;6 250;5 975;826;5 048 925;-0.56%
08/07/2024;6 150;6 250;6 250;6 150;21 014;130 286 800;-1.60%
09/07/2024;6 195;6 145;6 195;6 145;378;2 332 260;0.73%
10/07/2024;6 195;6 180;6 195;6 180;210;1 299 375;0.00%
11/07/2024;6 000;6 195;6 195;6 000;6 479;39 505 703;-3.15%
12/07/2024;5 995;6 000;6 000;5 995;524;3 142 690;-0.08%
15/07/2024;6 000;6 000;6 000;6 000;403;2 418 000;0.08%
16/07/2024;6 000;5 905;6 000;5 905;842;5 012 005;0.00%
17/07/2024;6 000;5 950;6 000;5 950;143;854 425;0.00%
18/07/2024;6 000;6 000;6 000;6 000;219;1 314 000;0.00%
19/07/2024;5 995;5 995;5 995;5 995;225;1 348 875;-0.08%
22/07/2024;6 000;5 910;6 000;5 910;247;1 470 885;0.08%
23/07/2024;5 925;6 000;6 000;5 925;115;685 688;-1.25%
24/07/2024;5 990;5 990;5 990;5 990;333;1 994 670;1.10%
25/07/2024;6 000;5 990;6 000;5 990;645;3 866 775;0.17%
26/07/2024;6 000;5 910;6 000;5 910;62;369 210;0.00%
29/07/2024;6 000;6 000;6 000;6 000;240;1 440 000;0.00%
30/07/2024;5 905;6 000;6 000;5 905;1 674;9 964 485;-1.58%
31/07/2024;5 995;5 905;5 995;5 905;850;5 057 500;1.52%
01/08/2024;5 995;5 950;5 995;5 950;538;3 213 205;0.00%
02/08/2024;5 980;5 880;5 980;5 880;750;4 447 500;-0.25%
05/08/2024;5 980;5 980;5 980;5 980;1 625;9 717 500;0.00%
06/08/2024;5 990;5 900;5 990;5 900;418;2 485 010;0.17%
07/08/2024;5 990;5 900;5 990;5 900;418;2 485 010;0.00%
08/08/2024;6 000;5 990;6 000;5 990;468;2 805 660;0.17%
09/08/2024;5 980;5 990;5 990;5 980;699;4 183 515;-0.33%
12/08/2024;5 950;5 980;5 980;5 950;987;5 887 455;-0.50%
13/08/2024;6 275;5 950;6 275;5 950;3 848;23 520 900;5.46%
14/08/2024;6 275;6 000;6 275;6 000;350;2 148 125;0.00%
15/08/2024;6 275;6 000;6 275;6 000;350;2 148 125;0.00%
16/08/2024;6 100;6 250;6 250;6 100;707;4 365 725;-2.79%
19/08/2024;5 990;6 000;6 000;5 990;452;2 709 740;-1.80%
20/08/2024;5 990;5 990;5 990;5 990;219;1 311 810;0.00%
21/08/2024;6 200;6 200;6 200;6 200;258;1 599 600;3.51%
22/08/2024;6 100;6 200;6 200;6 100;2 962;18 216 300;-1.61%
23/08/2024;6 200;6 100;6 200;6 100;638;3 923 700;1.64%
26/08/2024;6 400;6 200;6 400;6 200;6 748;42 512 400;3.23%
27/08/2024;6 495;6 400;6 495;6 400;3 023;19 490 793;1.48%
28/08/2024;6 500;6 500;6 500;6 500;1 829;11 888 500;0.08%
29/08/2024;6 500;6 500;6 500;6 500;2 232;14 508 000;0.00%
30/08/2024;6 495;6 500;6 500;6 495;755;4 905 613;-0.08%
02/09/2024;6 495;6 495;6 495;6 495;715;4 643 925;0.00%
03/09/2024;6 495;6 450;6 495;6 450;1 169;7 566 353;0.00%
04/09/2024;6 495;6 495;6 495;6 495;3 172;20 602 140;0.00%
05/09/2024;6 490;6 495;6 495;6 490;528;3 428 040;-0.08%
06/09/2024;6 490;6 495;6 495;6 490;1 073;6 966 453;0.00%
09/09/2024;6 490;6 495;6 495;6 490;2 239;14 536 708;0.00%
10/09/2024;6 455;6 450;6 455;6 450;1 471;9 491 628;-0.54%
11/09/2024;6 495;6 450;6 495;6 450;1 425;9 223 313;0.62%
12/09/2024;6 350;6 495;6 495;6 350;2 640;16 955 400;-2.23%
13/09/2024;6 455;6 350;6 455;6 350;493;3 156 433;1.65%
16/09/2024;6 300;6 455;6 455;6 300;2 515;16 039 413;-2.40%
17/09/2024;6 325;6 450;6 450;6 325;909;5 806 238;0.40%
18/09/2024;6 400;6 440;6 440;6 400;7 697;49 414 740;1.19%
19/09/2024;6 200;6 400;6 400;6 200;8 074;50 866 200;-3.13%
20/09/2024;6 395;6 200;6 395;6 200;3 528;22 217 580;3.15%
23/09/2024;6 395;6 400;6 400;6 395;2 192;14 023 320;0.00%
24/09/2024;6 385;6 300;6 385;6 300;6 763;42 894 328;-0.16%
25/09/2024;6 165;6 395;6 395;6 165;2 004;12 585 120;-3.45%
26/09/2024;6 200;6 165;6 200;6 165;569;3 517 843;0.57%
27/09/2024;6 300;6 200;6 300;6 200;1 036;6 475 000;1.61%
30/09/2024;6 300;6 280;6 300;6 280;864;5 434 560;0.00%
01/10/2024;6 400;6 300;6 400;6 300;1 118;7 099 300;1.59%
02/10/2024;6 400;6 400;6 400;6 400;1 828;11 699 200;0.00%
03/10/2024;6 350;6 400;6 400;6 350;1 628;10 378 500;-0.78%
04/10/2024;6 455;6 400;6 455;6 400;1 080;6 941 700;1.65%
07/10/2024;6 455;6 455;6 455;6 455;1 101;7 106 955;0.00%
08/10/2024;6 455;6 455;6 455;6 455;1 600;10 328 000;0.00%
09/10/2024;6 450;6 450;6 450;6 450;7 879;50 819 550;-0.08%
10/10/2024;6 440;6 445;6 445;6 440;679;4 374 458;-0.16%
11/10/2024;6 430;6 400;6 430;6 400;3 060;19 629 900;-0.16%
14/10/2024;6 410;6 430;6 430;6 410;688;4 416 960;-0.31%
15/10/2024;6 430;6 400;6 430;6 400;1 338;8 583 270;0.31%
16/10/2024;6 430;6 435;6 435;6 430;228;1 466 610;0.00%
17/10/2024;6 435;6 430;6 435;6 430;1 451;9 333 558;0.08%
18/10/2024;6 435;6 435;6 435;6 435;1 223;7 870 005;0.00%
21/10/2024;6 435;6 435;6 435;6 435;1 377;8 860 995;0.00%
22/10/2024;6 440;6 455;6 455;6 440;1 051;6 776 323;0.08%
23/10/2024;6 450;6 440;6 450;6 440;38;244 910;0.16%
24/10/2024;6 930;6 500;6 930;6 500;5 583;37 489 845;7.44%
25/10/2024;7 400;7 445;7 445;7 400;1 031;7 652 598;6.78%
28/10/2024;7 900;7 445;7 900;7 445;1 970;15 114 825;6.76%
29/10/2024;7 750;7 950;7 950;7 750;862;6 766 700;-1.90%
30/10/2024;7 805;7 750;7 805;7 750;276;2 146 590;0.71%
31/10/2024;7 805;7 805;7 805;7 805;508;3 964 940;0.00%
01/11/2024;7 805;7 805;7 805;7 805;508;3 964 940;0.00%
04/11/2024;7 505;7 805;7 805;7 505;1 517;11 612 635;-3.84%
05/11/2024;7 550;7 505;7 550;7 505;399;3 003 473;0.60%
06/11/2024;7 500;7 550;7 550;7 500;510;3 837 750;-0.66%
07/11/2024;7 350;7 200;7 350;7 200;1 289;9 377 475;-2.00%
08/11/2024;7 445;7 450;7 450;7 445;854;6 360 165;1.29%
11/11/2024;7 445;7 445;7 445;7 445;1 788;13 311 660;0.00%
12/11/2024;7 500;7 455;7 500;7 455;2 068;15 463 470;0.74%
13/11/2024;7 650;7 500;7 650;7 500;453;3 431 475;2.00%
14/11/2024;7 500;7 650;7 650;7 500;828;6 272 100;-1.96%
15/11/2024;7 500;7 650;7 650;7 500;828;6 272 100;0.00%
18/11/2024;7 500;7 500;7 500;7 500;1 040;7 800 000;0.00%
19/11/2024;7 600;7 400;7 600;7 400;1 991;14 932 500;1.33%
20/11/2024;7 500;7 600;7 600;7 500;4 582;34 594 100;-1.32%
21/11/2024;7 400;7 400;7 400;7 400;763;5 646 200;-1.33%
22/11/2024;7 300;7 400;7 400;7 300;5 790;42 556 500;-1.35%
25/11/2024;7 600;7 300;7 600;7 300;8 116;60 464 200;4.11%
26/11/2024;7 455;7 500;7 500;7 455;569;4 254 698;-1.91%
27/11/2024;7 500;7 450;7 500;7 450;535;3 999 125;0.60%
28/11/2024;7 590;7 580;7 590;7 580;385;2 920 225;1.20%
29/11/2024;7 580;7 460;7 580;7 460;247;1 857 440;-0.13%
02/12/2024;7 445;7 580;7 580;7 445;473;3 553 413;-1.78%
03/12/2024;7 430;7 445;7 445;7 430;558;4 150 125;-0.20%
04/12/2024;7 430;7 445;7 445;7 430;601;4 469 938;0.00%
05/12/2024;7 405;7 430;7 430;7 405;733;5 437 028;-0.34%
06/12/2024;7 440;7 405;7 440;7 405;441;3 273 323;0.47%
09/12/2024;7 445;7 405;7 445;7 405;198;1 470 150;0.07%
10/12/2024;7 405;7 440;7 440;7 405;725;5 381 313;-0.54%
11/12/2024;7 400;7 400;7 400;7 400;745;5 513 000;-0.07%
12/12/2024;7 400;7 400;7 400;7 400;178;1 317 200;0.00%
13/12/2024;7 400;7 360;7 400;7 360;3 233;23 859 540;0.00%
16/12/2024;7 390;7 400;7 400;7 390;1 287;9 517 365;-0.14%
17/12/2024;7 395;7 400;7 400;7 395;506;3 743 135;0.07%
18/12/2024;7 315;7 395;7 395;7 315;3 178;23 374 190;-1.08%
19/12/2024;7 300;7 345;7 345;7 300;1 737;12 719 183;-0.21%
20/12/2024;7 200;7 300;7 300;7 200;1 616;11 716 000;-1.37%
23/12/2024;7 300;7 200;7 300;7 200;1 289;9 345 250;1.39%
24/12/2024;7 200;7 200;7 200;7 200;964;6 940 800;-1.37%
25/12/2024;7 200;7 200;7 200;7 200;964;6 940 800;0.00%
26/12/2024;7 195;7 195;7 195;7 195;1 977;14 224 515;-0.07%
27/12/2024;7 150;7 150;7 150;7 150;1 097;7 843 550;-0.63%
30/12/2024;7 095;7 150;7 150;7 095;5 111;36 403 098;-0.77%
31/12/2024;7 090;7 095;7 095;7 090;562;3 985 985;-0.07%
01/01/2025;7 090;7 095;7 095;7 090;562;3 985 985;0.00%
02/01/2025;7 090;7 090;7 090;7 090;1 051;7 451 590;0.00%
03/01/2025;7 200;7 150;7 200;7 150;74;530 950;1.55%
06/01/2025;7 200;7 200;7 200;7 200;1 051;7 567 200;0.00%
07/01/2025;7 250;7 200;7 250;7 200;1 241;8 966 225;0.69%
08/01/2025;7 250;7 300;7 300;7 250;629;4 575 975;0.00%
09/01/2025;7 300;7 250;7 300;7 250;375;2 728 125;0.69%
10/01/2025;7 295;7 255;7 295;7 255;302;2 197 050;-0.07%
13/01/2025;7 350;7 205;7 350;7 205;7 047;51 284 543;0.75%
14/01/2025;7 295;7 300;7 300;7 295;5 382;39 275 145;-0.75%
15/01/2025;7 300;7 300;7 300;7 300;3 111;22 710 300;0.07%
16/01/2025;7 300;7 295;7 300;7 295;1 578;11 515 455;0.00%
17/01/2025;7 350;7 300;7 350;7 300;710;5 200 750;0.68%
20/01/2025;7 400;7 400;7 400;7 400;456;3 374 400;0.68%
21/01/2025;7 500;7 395;7 500;7 395;3 568;26 572 680;1.35%
22/01/2025;7 495;7 500;7 500;7 495;148;1 109 630;-0.07%
23/01/2025;7 600;7 550;7 600;7 550;121;916 575;1.40%
24/01/2025;7 650;7 595;7 650;7 595;688;5 244 280;0.66%
27/01/2025;7 550;7 600;7 600;7 550;1 031;7 809 825;-1.31%
28/01/2025;7 550;7 410;7 550;7 410;590;4 413 200;0.00%
29/01/2025;7 585;7 500;7 585;7 500;1 048;7 904 540;0.46%
30/01/2025;7 590;7 585;7 590;7 585;585;4 438 688;0.07%
31/01/2025;7 590;7 590;7 590;7 590;396;3 005 640;0.00%
03/02/2025;7 650;7 590;7 650;7 590;511;3 893 820;0.79%
04/02/2025;7 950;7 600;7 950;7 600;342;2 659 050;3.92%
05/02/2025;8 000;7 690;8 000;7 690;439;3 443 955;0.63%
06/02/2025;8 200;7 995;8 200;7 995;1 927;15 603 883;2.50%
07/02/2025;8 200;8 395;8 395;8 200;590;4 895 525;0.00%
10/02/2025;8 210;8 200;8 210;8 200;453;3 716 865;0.12%
11/02/2025;8 200;8 250;8 250;8 200;794;6 530 650;-0.12%
12/02/2025;8 200;8 200;8 200;8 200;2 217;18 179 400;0.00%
13/02/2025;8 245;8 200;8 245;8 200;1 407;11 569 058;0.55%
14/02/2025;8 400;8 250;8 400;8 250;485;4 037 625;1.88%
17/02/2025;8 620;8 400;8 620;8 400;479;4 076 290;2.62%
18/02/2025;9 095;8 995;9 095;8 995;939;8 493 255;5.51%
19/02/2025;9 000;9 085;9 085;9 000;2 999;27 118 458;-1.04%
20/02/2025;9 050;9 000;9 050;9 000;4 967;44 827 175;0.56%
21/02/2025;9 050;9 050;9 050;9 050;1 606;14 534 300;0.00%
24/02/2025;9 050;9 085;9 085;9 050;992;8 994 960;0.00%
25/02/2025;9 050;9 075;9 075;9 050;641;5 809 063;0.00%
26/02/2025;8 980;9 000;9 000;8 980;833;7 488 670;-0.77%
28/02/2025;8 620;8 820;8 820;8 620;1 241;10 821 520;-4.01%
03/03/2025;8 830;8 830;8 830;8 830;345;3 046 350;2.44%
04/03/2025;8 800;8 750;8 800;8 750;377;3 308 175;-0.34%
05/03/2025;8 800;8 700;8 800;8 700;1 191;10 421 250;0.00%
06/03/2025;8 800;8 800;8 800;8 800;537;4 725 600;0.00%
07/03/2025;8 800;8 800;8 800;8 800;6 587;57 965 600;0.00%
10/03/2025;8 900;8 700;8 900;8 700;2 551;22 448 800;1.14%
11/03/2025;9 000;8 950;9 000;8 950;3 909;35 083 275;1.12%
12/03/2025;8 995;8 900;8 995;8 900;579;5 180 603;-0.06%
13/03/2025;8 985;8 950;8 985;8 950;777;6 967 748;-0.11%
14/03/2025;8 985;8 980;8 985;8 980;449;4 033 143;0.00%
17/03/2025;8 800;8 990;8 990;8 800;4 678;41 610 810;-2.06%
18/03/2025;9 000;8 990;9 000;8 990;4 688;42 168 560;2.27%
19/03/2025;8 995;8 800;8 995;8 800;664;5 907 940;-0.06%
20/03/2025;8 900;9 000;9 000;8 900;3 112;27 852 400;-1.06%
21/03/2025;8 890;8 900;8 900;8 890;2 118;18 839 610;-0.11%
24/03/2025;8 890;8 890;8 890;8 890;2 051;18 233 390;0.00%
25/03/2025;8 850;8 890;8 890;8 850;1 846;16 374 020;-0.45%
26/03/2025;8 450;8 600;8 600;8 450;4 864;41 465 600;-4.52%
27/03/2025;8 450;8 600;8 600;8 450;4 864;41 465 600;0.00%
28/03/2025;8 400;8 450;8 450;8 400;4 372;36 834 100;-0.59%
31/03/2025;8 400;8 450;8 450;8 400;4 372;36 834 100;0.00%
01/04/2025;8 300;8 400;8 400;8 300;2 179;18 194 650;-1.19%
02/04/2025;8 250;8 250;8 250;8 250;7 417;61 190 250;-0.60%
03/04/2025;8 260;8 245;8 260;8 245;639;5 273 348;0.12%
04/04/2025;8 200;8 255;8 255;8 200;952;7 832 580;-0.73%
07/04/2025;8 250;8 200;8 250;8 200;772;6 349 700;0.61%
08/04/2025;8 205;8 200;8 205;8 200;544;4 462 160;-0.55%
09/04/2025;7 800;8 125;8 125;7 800;3 843;30 599 888;-4.94%
10/04/2025;8 000;7 800;8 000;7 800;576;4 550 400;2.56%
11/04/2025;8 000;8 000;8 000;8 000;2 343;18 744 000;0.00%
14/04/2025;8 100;8 095;8 100;8 095;888;7 190 580;1.25%
15/04/2025;8 200;8 100;8 200;8 100;657;5 354 550;1.23%
16/04/2025;8 190;8 200;8 200;8 190;494;4 048 330;-0.12%
17/04/2025;8 190;8 190;8 190;8 190;310;2 538 900;0.00%
18/04/2025;8 190;8 185;8 190;8 185;535;4 380 313;0.00%
21/04/2025;8 190;8 185;8 190;8 185;535;4 380 313;0.00%
22/04/2025;8 200;8 190;8 200;8 190;1 379;11 300 905;0.12%
23/04/2025;8 165;8 195;8 195;8 165;1 201;9 824 180;-0.43%
24/04/2025;8 190;8 010;8 190;8 010;666;5 394 600;0.31%
25/04/2025;8 195;8 195;8 195;8 195;535;4 384 325;0.06%
28/04/2025;8 110;8 130;8 130;8 110;754;6 122 480;-1.04%
29/04/2025;8 200;8 125;8 200;8 125;14 518;118 503 175;1.11%
30/04/2025;7 950;8 000;8 000;7 950;1 342;10 702 450;-3.05%
01/05/2025;7 950;8 000;8 000;7 950;1 342;10 702 450;0.00%
02/05/2025;8 095;7 955;8 095;7 955;387;3 105 675;1.82%
05/05/2025;8 200;8 095;8 200;8 095;517;4 212 258;1.30%
06/05/2025;8 310;8 215;8 310;8 215;728;6 015 100;1.34%
07/05/2025;8 450;8 400;8 450;8 400;844;7 110 700;1.68%
08/05/2025;8 635;8 450;8 635;8 450;564;4 817 970;2.19%
09/05/2025;8 655;8 635;8 655;8 635;938;8 109 010;0.23%
12/05/2025;8 690;8 650;8 690;8 650;669;5 800 230;0.40%
13/05/2025;8 695;8 700;8 700;8 695;2 022;17 586 345;0.06%
14/05/2025;8 610;8 695;8 695;8 610;1 856;16 059 040;-0.98%
15/05/2025;8 590;8 610;8 610;8 590;2 203;18 945 800;-0.23%
16/05/2025;8 610;8 760;8 760;8 610;4 673;40 585 005;0.23%
19/05/2025;8 500;8 600;8 600;8 500;2 803;23 965 650;-1.28%
20/05/2025;8 500;8 500;8 500;8 500;2 297;19 524 500;0.00%
21/05/2025;8 600;8 505;8 600;8 505;2 216;18 952 340;1.18%
22/05/2025;8 500;8 600;8 600;8 500;2 615;22 358 250;-1.16%
23/05/2025;8 600;8 500;8 600;8 500;7 007;59 909 850;1.18%
26/05/2025;8 585;8 600;8 600;8 585;3 718;31 946 915;-0.17%
27/05/2025;8 600;8 490;8 600;8 490;4 974;42 502 830;0.17%
28/05/2025;8 550;8 650;8 650;8 550;11 189;96 225 400;-0.58%
29/05/2025;8 550;8 650;8 650;8 550;11 189;96 225 400;0.00%
30/05/2025;8 650;8 600;8 650;8 600;4 195;36 181 875;1.17%
02/06/2025;8 985;8 800;8 985;8 800;913;8 118 853;3.87%
03/06/2025;9 000;8 985;9 000;8 985;1 341;12 058 943;0.17%
04/06/2025;9 000;9 000;9 000;9 000;1 241;11 169 000;0.00%
05/06/2025;8 985;8 995;8 995;8 985;492;4 423 080;-0.17%
10/06/2025;8 700;8 985;8 985;8 700;6 775;59 907 938;-3.17%
11/06/2025;8 995;8 700;8 995;8 700;2 196;19 429 110;3.39%
12/06/2025;8 800;8 995;8 995;8 800;1 707;15 188 033;-2.17%
13/06/2025;8 800;8 800;8 800;8 800;5 743;50 538 400;0.00%
16/06/2025;8 990;8 800;8 990;8 800;5 266;46 841 070;2.16%
17/06/2025;8 990;8 990;8 990;8 990;3 755;33 757 450;0.00%
18/06/2025;9 375;9 000;9 375;9 000;272;2 499 000;4.28%
19/06/2025;9 490;9 490;9 490;9 490;1 587;15 060 630;1.23%
20/06/2025;9 500;9 490;9 500;9 490;3 100;29 434 500;0.11%
23/06/2025;9 940;9 500;9 940;9 500;859;8 349 480;4.63%
24/06/2025;9 900;9 940;9 940;9 900;1 609;15 961 280;-0.40%
25/06/2025;10 200;9 900;10 200;9 900;1 642;16 502 100;3.03%
26/06/2025;10 200;9 890;10 200;9 890;4 601;46 217 045;0.00%
27/06/2025;10 400;10 200;10 400;10 200;862;8 878 600;1.96%
30/06/2025;10 210;10 205;10 210;10 205;3 240;33 072 300;-1.83%
01/07/2025;10 200;10 400;10 400;10 200;3 392;34 937 600;-0.10%
02/07/2025;10 200;10 200;10 200;10 200;1 522;15 524 400;0.00%
03/07/2025;10 200;9 510;10 200;9 510;1 865;18 379 575;0.00%
04/07/2025;10 200;10 200;10 200;10 200;4 234;43 186 800;0.00%
07/07/2025;9 850;10 000;10 000;9 850;873;8 664 525;-3.43%
08/07/2025;9 405;9 850;9 850;9 405;2 061;19 842 278;-4.52%
09/07/2025;9 650;9 405;9 650;9 405;619;5 897 523;2.60%
10/07/2025;9 650;9 695;9 695;9 650;1 832;17 720 020;0.00%
11/07/2025;9 550;9 650;9 650;9 550;474;4 550 400;-1.04%
14/07/2025;9 450;9 545;9 545;9 450;2 417;22 955 458;-1.05%
15/07/2025;9 680;9 450;9 680;9 450;1 049;10 033 685;2.43%
16/07/2025;9 750;9 680;9 750;9 680;749;7 276 535;0.72%
17/07/2025;9 900;9 750;9 900;9 750;1 147;11 269 275;1.54%
18/07/2025;9 900;9 900;9 900;9 900;1 377;13 632 300;0.00%
21/07/2025;9 900;9 500;9 900;9 500;372;3 608 400;0.00%
22/07/2025;9 890;9 900;9 900;9 890;782;7 737 890;-0.10%
23/07/2025;9 750;9 890;9 890;9 750;819;8 042 580;-1.42%
24/07/2025;9 505;9 750;9 750;9 505;954;9 184 635;-2.51%
25/07/2025;9 700;9 745;9 745;9 700;125;1 215 313;2.05%
28/07/2025;9 700;9 700;9 700;9 700;3 303;32 039 100;0.00%
29/07/2025;9 695;9 700;9 700;9 695;1 147;11 123 033;-0.05%
30/07/2025;9 690;9 690;9 690;9 690;863;8 362 470;-0.05%
31/07/2025;9 600;9 690;9 690;9 600;1 447;13 956 315;-0.93%
01/08/2025;9 600;9 500;9 600;9 500;1 750;16 712 500;0.00%
04/08/2025;9 680;9 655;9 680;9 655;394;3 808 995;0.83%
05/08/2025;9 680;9 695;9 695;9 680;1 006;9 745 625;0.00%
06/08/2025;9 695;9 500;9 695;9 500;2 854;27 391 265;0.15%
07/08/2025;9 695;9 500;9 695;9 500;2 854;27 391 265;0.00%
08/08/2025;9 600;9 600;9 600;9 600;18 715;179 664 000;-0.98%
11/08/2025;9 500;9 600;9 600;9 500;1 322;12 625 100;-1.04%
12/08/2025;9 310;9 450;9 450;9 310;1 443;13 535 340;-2.00%
13/08/2025;9 310;9 310;9 310;9 310;3 017;28 088 270;0.00%
14/08/2025;9 390;9 350;9 390;9 350;364;3 410 680;0.86%
15/08/2025;9 390;9 350;9 390;9 350;364;3 410 680;0.00%
18/08/2025;9 500;9 415;9 500;9 415;1 013;9 580 448;1.17%
19/08/2025;9 600;9 500;9 600;9 500;840;8 022 000;1.05%
20/08/2025;9 515;9 600;9 600;9 515;2 771;26 483 833;-0.89%
21/08/2025;9 500;9 600;9 600;9 500;3 107;29 671 850;-0.16%
22/08/2025;9 690;9 695;9 695;9 690;411;3 983 618;2.00%
25/08/2025;9 685;9 685;9 685;9 685;1 751;16 958 435;-0.05%
26/08/2025;9 760;9 705;9 760;9 705;8 299;80 770 018;0.77%
27/08/2025;9 900;9 775;9 900;9 775;1 154;11 352 475;1.43%
28/08/2025;9 895;9 900;9 900;9 895;540;5 344 650;-0.05%
29/08/2025;10 000;9 895;10 000;9 895;4 694;46 693 565;1.06%
01/09/2025;9 995;9 710;9 995;9 710;678;6 679 995;-0.05%
02/09/2025;9 950;9 995;9 995;9 950;1 213;12 096 643;-0.45%
03/09/2025;9 950;9 950;9 950;9 950;675;6 716 250;0.00%
04/09/2025;9 950;9 950;9 950;9 950;675;6 716 250;0.00%
05/09/2025;10 000;9 955;10 000;9 955;1 335;13 319 963;0.50%
08/09/2025;9 995;10 100;10 100;9 995;869;8 731 278;-0.05%
09/09/2025;10 200;10 005;10 200;10 005;3 743;37 813 658;2.05%
10/09/2025;10 200;10 200;10 200;10 200;2 383;24 306 600;0.00%
11/09/2025;10 200;10 200;10 200;10 200;1 572;16 034 400;0.00%
12/09/2025;10 180;10 210;10 210;10 180;1 912;19 492 840;-0.20%
15/09/2025;10 500;10 300;10 500;10 300;1 357;14 112 800;3.14%
16/09/2025;10 995;10 500;10 995;10 500;1 283;13 789 043;4.71%
17/09/2025;11 000;10 995;11 000;10 995;6 029;66 303 928;0.05%
18/09/2025;10 995;10 540;10 995;10 540;842;9 066 235;-0.05%
19/09/2025;11 815;10 550;11 815;10 550;5 903;66 010 298;7.46%
22/09/2025;11 465;11 795;11 795;11 465;760;8 838 800;-2.96%
23/09/2025;11 345;11 460;11 460;11 345;624;7 115 160;-1.05%
24/09/2025;11 250;11 345;11 345;11 250;693;7 829 168;-0.84%
25/09/2025;11 250;11 205;11 250;11 205;2 717;30 505 118;0.00%
26/09/2025;11 450;11 225;11 450;11 225;828;9 387 450;1.78%
29/09/2025;11 220;11 500;11 500;11 220;905;10 280 800;-2.01%
30/09/2025;11 500;11 250;11 500;11 250;865;9 839 375;2.50%
01/10/2025;11 445;11 450;11 450;11 445;486;5 563 485;-0.48%
02/10/2025;11 215;11 215;11 215;11 215;498;5 585 070;-2.01%
03/10/2025;11 205;11 205;11 205;11 205;845;9 468 225;-0.09%
06/10/2025;11 000;11 200;11 200;11 000;1 648;18 292 800;-1.83%
07/10/2025;10 985;11 000;11 000;10 985;1 206;13 256 955;-0.14%
08/10/2025;11 365;11 150;11 365;11 150;6 768;76 190 760;3.46%
09/10/2025;11 200;11 365;11 365;11 200;6 988;78 842 110;-1.45%
10/10/2025;11 450;11 200;11 450;11 200;458;5 186 850;2.23%
13/10/2025;11 300;11 000;11 300;11 000;338;3 768 700;-1.31%
14/10/2025;11 200;11 300;11 300;11 200;372;4 185 000;-0.88%
15/10/2025;11 250;11 250;11 250;11 250;599;6 738 750;0.45%
16/10/2025;11 200;11 250;11 250;11 200;815;9 148 375;-0.44%
17/10/2025;11 190;11 195;11 195;11 190;1 052;11 774 510;-0.09%
20/10/2025;11 200;11 190;11 200;11 190;2 083;23 319 185;0.09%
21/10/2025;11 100;11 200;11 200;11 100;802;8 942 300;-0.89%
22/10/2025;11 100;11 000;11 100;11 000;3 268;36 111 400;0.00%
23/10/2025;11 100;10 995;11 100;10 995;596;6 584 310;0.00%
24/10/2025;11 195;11 190;11 195;11 190;233;2 607 853;0.86%
27/10/2025;11 490;11 200;11 490;11 200;5 827;66 107 315;2.64%
28/10/2025;11 800;11 540;11 800;11 540;5 625;65 643 750;2.70%
29/10/2025;12 000;11 800;12 000;11 800;3 371;40 114 900;1.69%
30/10/2025;11 950;12 000;12 000;11 950;5 662;67 802 450;-0.42%
31/10/2025;12 000;11 950;12 000;11 950;1 764;21 123 900;0.42%
03/11/2025;11 300;11 490;11 490;11 300;1 907;21 730 265;-5.83%
04/11/2025;11 490;11 300;11 490;11 300;3 164;36 053 780;1.68%
05/11/2025;11 390;11 300;11 390;11 300;592;6 716 240;-0.87%
06/11/2025;11 995;11 490;11 995;11 490;1 056;12 400 080;5.31%
07/11/2025;11 800;11 800;11 800;11 800;-;0;-1.63%
10/11/2025;11 800;11 800;11 800;11 800;2 159;25 476 200;0.00%
11/11/2025;11 800;11 800;11 800;11 800;918;10 832 400;0.00%
12/11/2025;11 820;11 830;11 830;11 820;3 479;41 139 175;0.17%
13/11/2025;11 850;11 850;11 850;11 850;5 072;60 103 200;0.25%
14/11/2025;11 820;11 850;11 850;11 820;3 465;41 008 275;-0.25%
17/11/2025;11 900;11 820;11 900;11 820;749;8 883 140;0.68%
18/11/2025;11 805;11 900;11 900;11 805;2 478;29 370 495;-0.80%
19/11/2025;11 895;11 900;11 900;11 895;988;11 754 730;0.76%
20/11/2025;12 000;11 895;12 000;11 895;931;11 123 123;0.88%
21/11/2025;11 990;12 000;12 000;11 990;3 226;38 695 870;-0.08%
24/11/2025;11 955;11 990;11 990;11 955;261;3 124 823;-0.29%
25/11/2025;12 000;11 955;12 000;11 955;2 379;28 494 473;0.38%
26/11/2025;11 995;11 980;11 995;11 980;633;7 588 088;-0.04%
27/11/2025;11 990;11 995;11 995;11 990;1 738;20 842 965;-0.04%
28/11/2025;11 990;11 990;11 990;11 990;874;10 479 260;0.00%
01/12/2025;11 990;11 905;11 990;11 905;406;4 850 685;0.00%
02/12/2025;11 900;11 955;11 955;11 900;640;7 633 600;-0.75%
03/12/2025;11 990;11 505;11 990;11 505;1 012;11 888 470;0.76%
04/12/2025;11 985;11 985;11 985;11 985;989;11 853 165;-0.04%
05/12/2025;11 985;11 985;11 985;11 985;1 094;13 111 590;0.00%
08/12/2025;11 900;11 990;11 990;11 900;257;3 069 865;-0.71%
09/12/2025;11 980;11 880;11 980;11 880;702;8 374 860;0.67%
10/12/2025;11 900;11 900;11 900;11 900;440;5 236 000;-0.67%
11/12/2025;11 990;11 900;11 990;11 900;901;10 802 990;0,76%
12/12/2025;11 980;11 985;11 985;11 980;689;8 255 943;-0.08%
15/12/2025;11 940;11 900;11 940;11 900;564;6 722 880;-0.33%
16/12/2025;11 935;11 935;11 940;11 940;692;8 259 020;-0,04%
17/12/2025;11 915;11 915;11 935;11 935;841;10 020 515;-0,17%
18/12/2025;11 500;11 500;11 505;11 505;1 850;21 275 000;-3,48%
19/12/2025;11 500;11 500;11 500;11 500;891;10 246 500;0,00%
22/12/2025;11 400;11 500;11 500;11 400;757;8 667 650;-0.87%
23/12/2025;11 400;11 400;11 400;11 400;1 121;12 779 400;0.00%
24/12/2025;11 000;11 450;11 450;11 000;1 985;22 281 625;-3.51%
25/12/2025;11 000;11 000;11 450;11 450;1 985;21 835 000;0,00%
26/12/2025;11 450;11 010;11 450;11 010;1 970;22 123 100;4.09%
29/12/2025;11 350;11 450;11 450;11 350;785;8 949 000;-0.87%
30/12/2025;11 350;11 400;11 400;11 350;3 070;34 921 250;0.00%
31/12/2025;11 445;11 350;11 445;11 350;2 978;34 083 210;0,84%
01/01/2026;11 445;11 350;11 445;11 350;2 978;33 941 755;0.00%
02/01/2026;11 430;11 430;11 445;11 445;642;7 338 060;-0,13%
05/01/2026;11 400;11 400;11 400;11 400;2 029;23 130 600;-0,26%
06/01/2026;11 400;11 400;11 400;11 400;576;6 566 400;0,00%
07/01/2026;11 300;11 300;11 300;11 300;1 091;12 328 300;-0.88%
08/01/2026;11 200;11 300;11 300;11 200;1 271;14 298 750;-0.88%
09/01/2026;11 250;11 200;11 250;11 200;902;10 124 950;0.45%
12/01/2026;11 450;11 450;11 450;11 450;617;7 064 650;1,78%
13/01/2026;11 445;11 450;11 450;11 445;2 022;23 146 845;-0.04%
14/01/2026;11 445;11 445;11 445;11 445;733;8 389 185;0,00%
15/01/2026;11 155;11 445;11 445;11 155;2 376;26 848 800;-2.53%
16/01/2026;11 405;11 445;11 445;11 405;1 095;12 510 375;2.24%
19/01/2026;11 980;11 450;11 980;11 450;1 854;22 210 920;5,04%
20/01/2026;11 910;11 910;11 980;11 980;650;7 741 500;-0,58%
21/01/2026;11 975;11 975;11 975;11 975;587;7 029 325;0.55%
22/01/2026;12 000;11 980;12 000;11 980;1 677;20 107 230;0.21%
23/01/2026;12 115;12 115;12 195;12 195;337;4 082 755;0,96%
26/01/2026;12 100;12 050;12 100;12 050;737;8 899 275;-0.12%
27/01/2026;12 095;12 095;12 100;12 100;781;9 446 195;-0,04%
28/01/2026;12 095;12 095;12 100;12 100;833;10 075 135;0,00%
29/01/2026;12 200;12 195;12 200;12 195;1 611;19 650 173;0.87%
30/01/2026;12 395;12 355;12 395;12 355;336;4 164 720;1,60%
02/02/2026;12 495;12 400;12 495;12 400;1 096;13 694 520;0,81%
03/02/2026;12 535;12 480;12 535;12 480;1 337;16 759 295;0,32%
04/02/2026;12 795;12 550;12 795;12 550;1 306;16 710 270;2,07%
05/02/2026;12 850;12 790;12 850;12 790;1 015;13 042 750;0,43%
06/02/2026;12 860;12 860;12 900;12 900;284;3 652 240;0,08%
09/02/2026;13 190;12 860;13 190;12 860;1 691;22 304 290;2,57%
10/02/2026;12 995;12 995;13 250;13 250;3 669;47 678 655;-1,48%
11/02/2026;13 795;13 190;13 795;13 190;5 354;73 858 430;6,16%
12/02/2026;13 950;13 810;13 950;13 810;1 045;14 577 750;1,12%
13/02/2026;13 980;13 950;13 980;13 950;1 004;14 035 920;0,22%
16/02/2026;13 980;13 980;13 980;13 980;1 055;14 748 900;0,00%
17/02/2026;13 980;13 900;13 980;13 900;1 548;21 641 040;0,00%
18/02/2026;13 990;13 875;13 990;13 875;544;7 610 560;0,07%
19/02/2026;13 980;13 980;13 980;13 980;1 310;18 313 800;-0,07%
20/02/2026;14 000;13 980;14 000;13 980;5 666;79 324 000;0,14%
23/02/2026;14 795;14 000;14 795;14 000;2 178;32 223 510;5,68%
24/02/2026;14 795;14 795;14 795;14 795;890;13 167 550;0,00%
25/02/2026;14 700;14 700;14 795;14 795;1 462;21 491 400;-0,64%
26/02/2026;14 800;14 750;14 800;14 750;759;11 233 200;0,68%
27/02/2026;14 700;14 700;14 820;14 820;1 074;15 787 800;-0,68%
02/03/2026;14 735;14 735;14 805;14 805;1 106;16 296 910;0,24%
03/03/2026;14 890;14 735;14 890;14 735;2 887;42 987 430;1,05%
04/03/2026;14 600;14 700;14 700;14 600;1 086;15 909 900;-1.95%
05/03/2026;14 290;14 290;14 400;14 400;1 887;26 965 230;-0,76%
06/03/2026;13 900;14 290;14 290;13 900;5 278;74 393 410;-2.73%
09/03/2026;13 950;13 900;13 950;13 900;1 513;21 068 525;0.36%
10/03/2026;14 000;14 000;14 000;14 000;4 843;67 802 000;0.36%
11/03/2026;13 900;13 995;13 995;13 900;2 699;37 644 303;-0.71%
12/03/2026;13 900;13 900;13 900;13 900;9 413;130 840 700;0.00%
13/03/2026;14 200;13 800;14 200;13 800;1 829;25 971 800;2,16%
16/03/2026;14 200;13 800;14 200;13 800;1 829;25 971 800;0,00%
17/03/2026;14 200;14 200;14 200;14 200;2 615;37 133 000;0,00%
18/03/2026;14 000;14 000;14 200;14 200;741;10 374 000;-1,41%
19/03/2026;14 150;14 000;14 150;14 000;661;9 353 150;1,07%
20/03/2026;14 150;14 000;14 150;14 000;661;9 353 150;0,00%
23/03/2026;14 000;14 000;14 150;14 150;2 010;28 140 000;-1,06%
24/03/2026;14 000;14 000;14 000;14 000;911;12 754 000;0.00%
25/03/2026;14 000;14 000;14 000;14 000;3 266;45 724 000;0.00%
26/03/2026;14 095;13 900;14 095;13 900;626;8 762 435;0.68%
27/03/2026;14 145;14 095;14 145;14 095;976;13 781 120;0.35%
30/03/2026;14 095;14 100;14 100;14 095;2 982;42 038 745;-0.35%
31/03/2026;14 100;14 495;14 495;14 100;4 403;62 951 893;0.04%
01/04/2026;14 100;14 100;14 100;14 100;1 258;17 737 800;0.00%
02/04/2026;14 155;14 200;14 200;14 155;549;7 783 448;0.39%
03/04/2026;14 180;14 295;14 295;14 180;151;2 149 863;0.18%
06/04/2026;14 180;14 180;14 295;14 295;151;2 141 180;0,00%
07/04/2026;14 295;14 180;14 295;14 180;638;9 120 210;0,81%
08/04/2026;14 200;14 285;14 285;14 200;366;5 212 755;-0.66%
09/04/2026;14 245;14 200;14 245;14 200;905;12 871 363;0.32%
10/04/2026;14 200;14 200;14 240;14 240;185;2 627 000;-0,32%
13/04/2026;14 175;14 190;14 190;14 175;816;11 572 920;-0.18%
14/04/2026;14 100;14 050;14 100;14 050;1 372;19 310 900;-0.53%
15/04/2026;14 170;14 060;14 170;14 060;665;9 386 475;0.50%
16/04/2026;14 195;14 170;14 195;14 170;461;6 543 895;0,18%
17/04/2026;14 050;14 050;14 170;14 170;1 231;17 295 550;-1,02%
20/04/2026;14 100;14 100;14 200;14 200;564;7 952 400;0,36%
21/04/2026;14 105;14 100;14 105;14 100;512;7 221 760;0,04%
22/04/2026;13 900;13 900;14 050;14 050;15 479;215 158 100;-1,45%
23/04/2026;13 900;13 900;13 900;13 900;760;10 564 000;0,00%
24/04/2026;13 900;13 900;13 900;13 900;856;11 898 400;0,00%
27/04/2026;13 890;12 860;13 890;12 860;6 123;85 048 470;-0,07%
28/04/2026;13 995;14 000;14 000;13 995;1 139;15 943 153;0.76%
29/04/2026;13 900;13 990;13 990;13 900;665;9 273 425;-0.68%
30/04/2026;13 900;13 880;13 900;13 880;271;3 764 190;0.00%
01/05/2026;13 900;13 880;13 900;13 880;271;3 764 190;0.00%
04/05/2026;14 940;14 920;14 940;14 920;3 817;56 987 810;7.48%
05/05/2026;14 000;15 000;15 000;14 000;2 991;43 369 500;-6.29%
06/05/2026;14 010;14 300;14 300;14 010;1 993;28 210 915;0.07%
07/05/2026;14 000;14 010;14 010;14 000;2 216;31 035 080;-0.07%
08/05/2026;14 010;14 000;14 010;14 000;1 323;18 528 615;0.07%
11/05/2026;13 850;13 990;13 990;13 850;3 440;47 884 800;-1.14%
12/05/2026;13 810;13 850;13 850;13 810;1 964;27 162 120;-0.29%
13/05/2026;14 100;13 810;14 100;13 810;2 554;35 641 070;2.10%
14/05/2026;14 100;13 810;14 100;13 810;2 554;35 641 070;0.00%
15/05/2026;15 000;14 385;15 000;14 385;4 679;68 746 208;6.38%
18/05/2026;15 650;15 100;15 650;15 100;4 875;74 953 125;4.33%
19/05/2026;16 700;16 820;16 820;16 700;2 469;41 380 440;6.71%
20/05/2026;17 900;16 805;17 900;16 805;3 567;61 896 368;7.19%
21/05/2026;18 965;17 900;18 965;17 900;3 238;59 684 435;5.95%
22/05/2026;18 000;18 965;18 965;18 000;2 934;54 227 655;-5.09%
25/05/2026;18 000;18 965;18 965;18 000;2 934;54 227 655;0.00%
26/05/2026;18 000;18 005;18 005;18 000;1 697;30 550 243;0.00%
27/05/2026;18 000;18 005;18 005;18 000;1 697;30 550 243;0.00%
28/05/2026;17 980;18 000;18 000;17 980;1 397;25 132 030;-0.11%
29/05/2026;18 000;17 995;18 000;17 995;2 056;37 002 860;0.11%
01/06/2026;18 000;17 990;18 000;17 990;2 310;41 568 450;0.00%
02/06/2026;17 990;18 000;18 000;17 990;2 297;41 334 515;-0.06%
03/06/2026;18 645;17 995;18 645;17 995;1 754;32 133 280;3.64%
04/06/2026;18 995;18 645;18 995;18 645;1 613;30 356 660;1.88%
05/06/2026;19 150;19 075;19 150;19 075;7 227;138 126 038;0.82%
08/06/2026;19 250;19 150;19 250;19 150;1 219;23 404 800;0.52%
09/06/2026;19 250;19 250;19 250;19 250;1 445;27 816 250;0.00%
10/06/2026;19 000;19 150;19 150;19 000;2 514;47 954 550;-1.30%
11/06/2026;19 500;19 100;19 500;19 100;2 008;38 754 400;2.63%
12/06/2026;19 150;19 500;19 500;19 150;7 790;150 541 750;-1.79%
15/06/2026;19 120;19 300;19 300;19 120;1 526;29 314 460;-0.16%
16/06/2026;19 075;19 120;19 120;19 075;1 760;33 611 600;-0.24%
17/06/2026;18 950;19 000;19 000;18 950;1 925;36 526 875;-0.66%
18/06/2026;19 040;18 900;19 040;18 900;1 098;20 829 060;0.47%
19/06/2026;19 155;19 120;19 155;19 120;1 179;22 563 113;0.60%
22/06/2026;19 300;19 200;19 300;19 200;1 094;21 059 500;0.76%
23/06/2026;19 400;19 330;19 400;19 330;959;18 571 035;0.52%
24/06/2026;19 400;19 400;19 400;19 400;1 180;22 892 000;0.00%
25/06/2026;19 500;19 400;19 500;19 400;686;13 342 700;0.52%
26/06/2026;19 750;19 395;19 750;19 395;940;18 398 150;1.28%
29/06/2026;19 650;19 750;19 750;19 650;518;10 204 600;-0.51%
30/06/2026;19 650;19 650;19 650;19 650;1 403;27 568 950;0.00%
01/07/2026;19 995;19 655;19 995;19 655;578;11 458 850;1.76%
02/07/2026;19 990;20 000;20 000;19 990;660;13 196 700;-0.03%
03/07/2026;20 000;19 990;20 000;19 990;484;9 677 580;0.05%
06/07/2026;20 385;20 000;20 385;20 000;1 545;31 197 413;1.93%
07/07/2026;20 500;20 385;20 500;20 385;539;11 018 508;0.56%
08/07/2026;21 950;20 500;21 950;20 500;1 783;37 844 175;7.07%
09/07/2026;21 700;21 950;21 950;21 700;1 439;31 406 175;-1.14%
10/07/2026;21 695;21 695;21 695;21 695;489;10 608 855;-0.02%
13/07/2026;21 950;21 490;21 950;21 490;1 674;36 359 280;1.18%
14/07/2026;21 260;22 010;22 010;21 260;2 226;48 159 510;-3.14%
15/07/2026;21 000;21 000;21 000;21 000;1 750;36 750 000;-1.22%
16/07/2026;22 000;21 110;22 000;21 110;5 471;117 927 405;4.76%
17/07/2026;23 650;22 100;23 650;22 100;1 303;29 806 125;7.50%
20/07/2026;22 560;23 650;23 650;22 560;1 203;27 795 315;-4.61%
21/07/2026;22 000;23 995;23 995;22 000;1 158;26 631 105;-2.48%
22/07/2026;22 900;22 300;22 900;22 300;1 225;27 685 000;4.09%
23/07/2026;23 000;23 000;23 000;23 000;1 512;34 776 000;0.44%
24/07/2026;23 400;23 005;23 400;23 005;2 022;46 915 455;1.74%
27/07/2026;23 390;23 500;23 500;23 390;839;19 670 355;-0.04%
28/07/2026;23 390;23 015;23 390;23 015;390;9 048 975;0.00%
