Date;Clôture;Plus bas;Plus haut;Ouverture;Volume Titres;Volume FCFA;Variation %
22/03/2012;120;120;120;120;7;840;0.00%
23/05/2012;111;111;111;111;20;2 220;-7.50%
01/06/2012;111;111;111;111;1;111;0.00%
04/06/2012;111;111;111;111;1;111;0.00%
06/06/2012;111;111;111;111;3;333;0.00%
11/06/2012;111;111;111;111;10;1 110;0.00%
13/06/2012;111;111;111;111;1;111;0.00%
20/06/2012;111;111;111;111;4;444;0.00%
28/06/2012;111;111;111;111;3;333;0.00%
06/07/2012;111;111;111;111;48;5 328;6.73%
11/07/2012;111;111;111;111;50;5 550;0.00%
13/07/2012;111;111;111;111;25;2 775;0.00%
08/08/2012;111;111;111;111;14;1 554;0.00%
21/08/2012;111;111;111;111;10;1 110;0.00%
29/11/2012;111;111;111;111;8;888;0.00%
05/12/2012;103;103;103;103;40;4 120;-7.21%
12/04/2013;95;95;95;95;10;950;-7.77%
29/04/2013;95;95;95;95;4;380;0.00%
23/05/2013;88;88;88;88;42;3 696;-7.37%
29/05/2013;88;88;88;88;20;1 760;0.00%
03/06/2013;88;88;88;88;14;1 232;0.00%
07/06/2013;88;88;88;88;13;1 144;0.00%
12/06/2013;88;88;88;88;358;31 504;0.00%
14/06/2013;88;88;88;88;60;5 280;0.00%
08/07/2013;102;102;102;102;29;2 958;7.37%
24/07/2013;102;102;102;102;9;918;0.00%
30/07/2013;108;108;108;108;37;3 996;5.88%
13/08/2013;116;116;116;116;30;3 480;7.41%
19/08/2013;125;125;125;125;45;5 625;7.76%
22/08/2013;134;134;134;134;10;1 340;7.20%
26/08/2013;134;134;134;134;140;18 760;0.00%
02/09/2013;144;144;144;144;10;1 440;7.46%
03/09/2013;144;144;144;144;10;1 440;0.00%
06/09/2013;144;144;144;144;10;1 440;0.00%
10/09/2013;154;154;154;154;10;1 540;6.94%
12/09/2013;166;166;166;166;10;1 660;7.79%
13/09/2013;178;178;178;178;15;2 670;7.23%
16/09/2013;191;191;191;191;13;2 483;7.30%
17/09/2013;192;192;192;192;39;7 488;0.52%
19/09/2013;200;200;200;200;60;12 000;4.17%
20/09/2013;200;200;200;200;37;7 400;0.00%
24/09/2013;228;228;228;228;10;2 280;6.05%
25/09/2013;228;228;228;228;175;39 900;0.00%
30/09/2013;228;228;228;228;1;228;0.00%
01/10/2013;245;245;245;245;137;33 565;7.46%
02/10/2013;245;245;245;245;110;26 950;0.00%
03/10/2013;245;245;245;245;73;17 885;0.00%
04/10/2013;248;248;248;248;15;3 720;1.22%
14/10/2013;248;248;248;248;6;1 488;0.00%
17/10/2013;266;266;266;266;189;50 274;7.26%
30/10/2013;246;246;246;246;40;9 840;-7.52%
31/10/2013;240;240;240;240;45;10 800;-2.44%
21/11/2013;240;240;240;240;1;240;0.00%
25/11/2013;240;240;240;240;12;2 880;0.00%
14/01/2014;240;240;240;240;1;240;0.00%
21/01/2014;240;240;240;240;51;12 240;0.00%
24/01/2014;222;222;222;222;13;2 886;-7.50%
03/02/2014;205;205;205;205;30;6 150;-7.66%
04/02/2014;190;190;190;190;3;570;-7.32%
06/02/2014;200;200;200;200;10;2 000;5.26%
10/02/2014;185;185;185;185;7;1 295;-7.50%
12/02/2014;189;189;189;189;50;9 450;2.16%
20/02/2014;176;176;176;176;20;3 520;-6.88%
21/02/2014;176;176;176;176;30;5 280;0.00%
27/02/2014;180;180;180;180;1;180;2.27%
28/02/2014;180;180;180;180;201;36 180;0.00%
02/04/2014;179;179;179;179;2;358;0.00%
05/05/2014;166;166;166;166;10;1 660;-7.26%
07/05/2014;166;166;166;166;6;996;0.00%
08/05/2014;160;160;160;160;7;1 120;-3.61%
15/05/2014;148;148;148;148;1;148;-7.50%
16/05/2014;148;148;148;148;9;1 332;0.00%
20/05/2014;148;148;148;148;5;740;0.00%
22/05/2014;148;148;148;148;1;148;0.00%
26/05/2014;148;148;148;148;28;4 144;0.00%
28/05/2014;148;148;148;148;2;296;0.00%
03/06/2014;148;148;148;148;25;3 700;0.00%
05/06/2014;148;148;148;148;10;1 480;0.00%
06/06/2014;148;148;148;148;30;4 440;0.00%
10/06/2014;148;148;148;148;100;14 800;0.00%
11/06/2014;148;148;148;148;77;11 396;0.00%
16/06/2014;148;148;148;148;16;2 368;0.00%
17/06/2014;148;148;148;148;70;10 360;0.00%
18/06/2014;146;146;146;146;50;7 300;-1.35%
25/06/2014;144;144;144;144;7;1 008;0.00%
26/06/2014;147;147;147;147;21;3 087;2.08%
27/06/2014;148;148;148;148;522;77 256;0.68%
30/06/2014;142;142;142;142;39;5 538;-4.05%
01/07/2014;142;142;142;142;80;11 360;0.00%
07/07/2014;153;153;153;153;10;1 530;7.75%
08/07/2014;160;160;160;160;23;3 680;4.58%
09/07/2014;160;160;160;160;1;160;0.00%
14/07/2014;160;160;160;160;1;160;0.00%
21/07/2014;163;163;163;163;2;326;1.88%
23/07/2014;160;160;160;160;273;43 680;-1.84%
31/07/2014;160;160;160;160;12;1 920;0.00%
01/08/2014;160;160;160;160;40;6 400;0.00%
06/08/2014;160;160;160;160;1;160;0.00%
07/08/2014;160;160;160;160;25;4 000;0.00%
12/08/2014;160;160;160;160;20;3 200;0.00%
14/08/2014;160;160;160;160;6;960;0.00%
27/08/2014;160;160;160;160;2;320;0.00%
01/09/2014;148;148;148;148;30;4 440;-7.50%
02/09/2014;148;148;148;148;10;1 480;0.00%
05/09/2014;148;148;148;148;8;1 184;0.00%
08/09/2014;148;148;148;148;22;3 256;0.00%
10/09/2014;148;148;148;148;2;296;0.00%
12/09/2014;148;148;148;148;11;1 628;0.00%
25/09/2014;148;148;148;148;30;4 440;0.00%
30/09/2014;148;148;148;148;65;9 620;0.00%
03/10/2014;148;148;148;148;1;148;0.00%
13/10/2014;148;148;148;148;5;740;0.00%
16/10/2014;138;138;138;138;20;2 760;-6.76%
22/10/2014;138;138;138;138;13;1 794;0.00%
03/11/2014;138;138;138;138;100;13 800;0.00%
04/11/2014;138;138;138;138;5;690;0.00%
17/11/2014;138;138;138;138;10;1 380;0.00%
19/11/2014;138;138;138;138;66;9 108;0.00%
08/12/2014;148;148;148;148;2;296;7.25%
09/12/2014;159;159;159;159;1;159;7.43%
10/12/2014;160;160;160;160;2;320;0.63%
11/12/2014;160;160;160;160;31;4 960;0.00%
12/12/2014;160;160;160;160;40;6 400;0.00%
15/12/2014;160;160;160;160;35;5 600;0.00%
23/12/2014;160;160;160;160;3;480;0.00%
26/12/2014;160;160;160;160;30;4 800;0.00%
29/12/2014;160;160;160;160;33;5 280;0.00%
05/01/2015;160;160;160;160;3;480;0.00%
09/01/2015;160;160;160;160;30;4 800;0.00%
12/01/2015;160;160;160;160;100;16 000;0.00%
13/01/2015;148;148;148;148;7;1 036;-7.50%
19/01/2015;148;148;148;148;14;2 072;0.00%
02/02/2015;156;156;156;156;1;156;5.41%
06/02/2015;156;156;156;156;1;156;0.00%
09/02/2015;156;156;156;156;25;3 900;0.00%
13/02/2015;156;156;156;156;2;312;0.00%
23/02/2015;156;156;156;156;4;624;0.00%
24/02/2015;156;156;156;156;10;1 560;0.00%
27/02/2015;156;156;156;156;10;1 560;0.00%
02/03/2015;160;160;160;160;14;2 240;2.56%
03/03/2015;168;168;168;168;81;13 608;5.00%
04/03/2015;168;168;168;168;143;24 024;0.00%
05/03/2015;168;168;168;168;69;11 592;0.00%
10/03/2015;168;168;168;168;70;11 760;0.00%
12/03/2015;168;168;168;168;9;1 512;0.00%
01/04/2015;180;180;180;180;10;1 800;6.51%
02/04/2015;180;180;180;180;310;55 800;0.00%
15/04/2015;192;192;192;192;3;576;6.67%
22/04/2015;204;204;204;204;10;2 040;6.25%
05/05/2015;204;204;204;204;10;2 040;0.00%
07/05/2015;204;204;204;204;42;8 568;0.00%
19/05/2015;204;204;204;204;5;1 020;0.00%
20/05/2015;204;204;204;204;2;408;0.00%
21/05/2015;204;204;204;204;20;4 080;0.00%
27/05/2015;219;219;219;219;20;4 380;7.35%
08/06/2015;232;232;232;232;4;928;5.94%
09/06/2015;249;249;249;249;20;4 980;7.33%
10/06/2015;249;249;249;249;14;3 486;0.00%
12/06/2015;249;249;249;249;510;126 990;0.00%
19/06/2015;240;240;240;240;1;240;-1.64%
30/06/2015;240;240;240;240;1;240;0.00%
02/07/2015;222;222;222;222;32;7 104;-7.50%
03/07/2015;219;219;219;219;7;1 533;-1.35%
06/07/2015;222;222;222;222;2;444;1.37%
07/07/2015;222;222;222;222;1;222;0.00%
09/07/2015;205;205;205;205;2;410;-7.66%
13/07/2015;205;205;205;205;9;1 845;0.00%
14/07/2015;205;205;205;205;225;46 125;0.00%
21/07/2015;205;205;205;205;2;410;0.00%
22/07/2015;205;205;205;205;9;1 845;0.00%
24/07/2015;205;205;205;205;11;2 255;0.00%
28/07/2015;205;205;205;205;150;30 750;0.00%
29/07/2015;205;205;205;205;11;2 255;0.00%
30/07/2015;200;200;200;200;3 403;680 600;-2.44%
31/07/2015;200;200;200;200;5;1 000;0.00%
03/08/2015;200;200;200;200;12;2 400;0.00%
05/08/2015;205;205;205;205;147;30 135;2.50%
11/08/2015;202;202;202;202;1;202;-1.46%
14/08/2015;200;200;200;200;2;400;-0.99%
24/08/2015;200;200;200;200;3;600;0.00%
26/08/2015;200;200;200;200;79;15 800;0.00%
28/08/2015;200;200;200;200;4;800;0.00%
03/09/2015;200;200;200;200;3;600;0.00%
07/09/2015;200;200;200;200;1;200;0.00%
18/09/2015;180;180;180;180;10;1 800;-2.70%
22/09/2015;180;180;180;180;5;900;0.00%
29/09/2015;176;176;176;176;1;176;-2.22%
01/10/2015;172;172;172;172;48;8 256;-2.27%
02/10/2015;168;168;168;168;28;4 704;-2.33%
06/10/2015;180;180;180;180;102;18 360;7.14%
07/10/2015;180;180;180;180;63 318;11 397 240;0.00%
12/10/2015;180;180;180;180;6;1 080;0.00%
13/10/2015;180;180;180;180;5;900;0.00%
19/10/2015;168;168;168;168;12;2 016;-6.67%
20/10/2015;168;168;168;168;10;1 680;0.00%
22/10/2015;180;180;180;180;10;1 800;7.14%
29/10/2015;180;180;180;180;3;540;0.00%
05/11/2015;180;180;180;180;2;360;0.00%
10/11/2015;178;178;178;178;3;534;-1.11%
17/11/2015;165;165;165;165;17;2 805;-7.30%
23/11/2015;165;165;165;165;6;990;0.00%
30/11/2015;164;164;164;164;20;3 280;-0.61%
01/12/2015;164;164;164;164;1;164;0.00%
09/12/2015;168;168;168;168;1;168;2.44%
22/12/2015;168;168;168;168;20;3 360;0.00%
29/12/2015;168;168;168;168;5;840;0.00%
07/01/2016;168;168;168;168;2;336;0.00%
13/01/2016;164;164;164;164;3;492;-2.38%
02/02/2016;160;160;160;160;5;800;-2.44%
08/02/2016;160;160;160;160;1;160;0.00%
09/02/2016;160;160;160;160;1;160;0.00%
10/02/2016;160;160;160;160;1;160;0.00%
17/02/2016;152;152;152;152;1;152;-5.00%
18/02/2016;152;152;152;152;5;760;0.00%
19/02/2016;152;152;152;152;11;1 672;0.00%
24/02/2016;152;152;152;152;50;7 600;0.00%
26/02/2016;144;144;144;144;64;9 216;-5.26%
29/02/2016;144;144;144;144;4;576;0.00%
01/03/2016;144;144;144;144;32;4 608;0.00%
07/03/2016;144;144;144;144;3;432;0.00%
08/03/2016;144;144;144;144;1;144;0.00%
15/03/2016;144;144;144;144;188;27 072;0.00%
22/03/2016;144;144;144;144;213;30 672;0.00%
23/03/2016;144;144;144;144;80;11 520;0.00%
31/03/2016;144;144;144;144;8;1 152;0.00%
07/04/2016;152;152;152;152;6;912;5.56%
18/04/2016;163;163;163;163;3;489;7.24%
20/04/2016;163;163;163;163;14;2 282;0.00%
21/04/2016;160;160;160;160;9;1 440;-1.84%
25/04/2016;160;160;160;160;10;1 600;0.00%
27/04/2016;160;160;160;160;1;160;0.00%
06/05/2016;168;168;168;168;5;840;5.00%
09/05/2016;175;175;175;175;16;2 800;4.17%
18/05/2016;175;175;175;175;5;875;0.00%
24/05/2016;175;175;175;175;12;2 100;0.00%
27/05/2016;175;175;175;175;1;175;0.00%
10/06/2016;175;175;175;175;20;3 500;1.74%
13/06/2016;175;175;175;175;4;700;0.00%
14/06/2016;175;175;175;175;1;175;0.00%
15/06/2016;174;174;174;174;2;348;-0.57%
17/06/2016;175;175;175;175;2;350;0.57%
22/06/2016;175;175;175;175;9;1 575;0.00%
23/06/2016;175;175;175;175;2;350;0.00%
28/06/2016;168;168;168;168;20;3 360;-4.00%
30/06/2016;175;175;175;175;10;1 750;4.17%
01/07/2016;166;166;166;166;1;166;-5.14%
05/07/2016;166;166;166;166;12;1 992;0.00%
06/07/2016;166;166;166;166;300;49 800;0.00%
13/07/2016;162;162;162;162;5;810;-2.41%
15/07/2016;161;161;161;161;2;322;-0.62%
18/07/2016;149;149;149;149;3;447;-7.45%
22/07/2016;138;138;138;138;10;1 380;-7.38%
04/08/2016;138;138;138;138;21;2 898;0.00%
05/08/2016;138;138;138;138;40;5 520;0.00%
08/08/2016;138;138;138;138;1 000;138 200;0.14%
12/08/2016;138;138;138;138;63;8 694;-0.14%
15/08/2016;138;138;138;138;1 575;217 665;0.14%
18/08/2016;136;136;136;136;3;408;-1.59%
19/08/2016;138;138;138;138;21;2 898;1.47%
23/08/2016;136;136;136;136;5;680;-1.45%
30/08/2016;136;136;136;136;6;816;0.00%
01/09/2016;140;140;140;140;3;420;2.94%
05/09/2016;140;140;140;140;21;2 940;0.00%
20/09/2016;150;150;150;150;1;150;0.00%
21/09/2016;150;150;150;150;141;21 150;0.00%
26/09/2016;150;150;150;150;1;150;0.00%
27/09/2016;140;140;140;140;1;140;-6.67%
29/09/2016;140;140;140;140;4;560;0.00%
07/10/2016;150;150;150;150;14;2 100;7.14%
17/10/2016;140;140;140;140;7;980;-6.67%
19/10/2016;140;140;140;140;4;560;0.00%
20/10/2016;140;140;140;140;5;700;0.00%
24/10/2016;140;140;140;140;57;7 980;0.00%
25/10/2016;140;140;140;140;2;280;0.00%
03/11/2016;132;132;132;132;1;132;-5.71%
07/11/2016;130;130;130;130;5;650;-1.52%
11/11/2016;136;136;136;136;30;4 080;4.62%
19/12/2016;128;128;128;128;1;128;0.79%
20/12/2016;124;124;124;124;5;620;-3.13%
28/12/2016;124;124;124;124;10;1 240;0.00%
29/12/2016;120;120;120;120;95;11 400;-3.23%
02/01/2017;120;120;120;120;10;1 200;0.00%
04/01/2017;120;120;120;120;10;1 200;0.00%
05/01/2017;118;118;118;118;6;708;-1.67%
06/01/2017;120;120;120;120;10;1 200;1.69%
02/02/2017;128;128;128;128;8;1 024;6.67%
03/02/2017;128;128;128;128;10;1 280;0.00%
14/02/2017;121;121;121;121;9;1 089;-5.47%
16/02/2017;120;120;120;120;27;3 240;-0.83%
24/02/2017;120;120;120;120;10;1 200;0.00%
28/02/2017;120;120;120;120;94;11 280;0.00%
01/03/2017;120;120;120;120;23;2 760;0.00%
03/03/2017;120;120;120;120;83;9 960;0.00%
10/03/2017;111;111;111;111;1;111;-0.89%
14/03/2017;111;111;111;111;1;111;0.00%
16/03/2017;111;111;111;111;2;222;0.00%
21/03/2017;103;103;103;103;21;2 163;-7.21%
23/03/2017;95;95;95;95;6;570;-7.77%
24/03/2017;88;88;88;88;3;264;-7.37%
29/03/2017;82;82;82;82;3;246;-6.82%
30/03/2017;80;80;80;80;5;400;-2.44%
31/03/2017;74;74;74;74;2;148;-7.50%
07/04/2017;69;69;69;69;11;759;-6.76%
13/04/2017;70;70;70;70;3;210;1.45%
18/04/2017;68;68;68;68;10;680;-2.86%
19/04/2017;64;64;64;64;1;64;-5.88%
02/05/2017;60;60;60;60;1;60;-6.25%
05/05/2017;55;55;55;55;14;770;-8.33%
08/05/2017;55;55;55;55;12;660;0.00%
09/05/2017;55;55;55;55;15;825;0.00%
10/05/2017;51;51;51;51;112;5 712;-7.27%
19/05/2017;48;48;48;48;10;480;-5.88%
22/05/2017;48;48;48;48;20;960;0.00%
23/05/2017;51;51;51;51;10;510;6.25%
30/05/2017;51;51;51;51;2;102;0.00%
01/06/2017;51;51;51;51;2;102;0.00%
02/06/2017;48;48;48;48;10;480;-5.88%
06/06/2017;48;48;48;48;14;672;0.00%
08/06/2017;48;48;48;48;100;4 800;0.00%
09/06/2017;48;48;48;48;5;240;0.00%
15/06/2017;48;48;48;48;10;480;0.00%
16/06/2017;48;48;48;48;2;96;0.00%
19/06/2017;48;48;48;48;100;4 800;0.00%
30/06/2017;48;48;48;48;31;1 488;0.00%
06/07/2017;48;48;48;48;10;480;0.00%
10/07/2017;44;44;44;44;12;528;-8.33%
18/07/2017;44;44;44;44;10;440;0.00%
19/07/2017;44;44;44;44;25;1 100;0.00%
21/07/2017;44;44;44;44;2;88;0.00%
27/07/2017;44;44;44;44;1;44;0.00%
01/08/2017;44;44;44;44;200;8 800;0.00%
02/08/2017;44;44;44;44;22;968;0.00%
08/08/2017;44;44;44;44;2;88;0.00%
09/08/2017;44;44;44;44;2;88;0.00%
10/08/2017;44;44;44;44;135;5 940;0.00%
11/08/2017;44;44;44;44;100;4 400;0.00%
16/08/2017;47;47;47;47;160;7 520;6.82%
18/08/2017;48;48;48;48;16 120;773 760;2.13%
22/08/2017;46;46;46;46;393;18 078;-4.17%
23/08/2017;44;44;44;44;252;11 088;-4.35%
24/08/2017;45;45;45;45;2 758;124 110;2.27%
25/08/2017;46;46;46;46;1 164;53 544;2.22%
28/08/2017;48;48;48;48;194;9 312;4.35%
29/08/2017;46;46;46;46;685;31 510;-4.17%
30/08/2017;45;45;45;45;748;33 660;-2.17%
11/09/2017;48;48;48;48;400;19 200;6.67%
12/09/2017;46;46;46;46;100;4 600;-4.17%
15/09/2017;48;48;48;48;215;10 320;4.35%
18/09/2017;48;48;48;48;150;7 200;0.00%
19/09/2017;48;48;48;48;520;24 960;0.00%
20/09/2017;48;48;48;48;2;96;0.00%
22/09/2017;48;48;48;48;975;46 800;0.00%
25/09/2017;45;45;45;45;25;1 125;-6.25%
26/09/2017;48;48;48;48;619;29 712;6.67%
27/09/2017;48;48;48;48;856;41 088;0.00%
28/09/2017;48;48;48;48;100;4 800;0.00%
29/09/2017;48;48;48;48;2 200;105 600;0.00%
10/10/2017;47;47;47;47;100;4 700;-2.08%
11/10/2017;46;46;46;46;100;4 600;-2.13%
12/10/2017;46;46;46;46;100;4 600;0.00%
17/10/2017;47;47;47;47;100;4 700;2.17%
02/11/2017;45;45;45;45;537;24 165;-4.26%
07/11/2017;45;45;45;45;500;22 500;0.00%
08/11/2017;42;42;42;42;161;6 762;-6.67%
10/11/2017;42;42;42;42;765;32 130;0.00%
13/11/2017;40;40;40;40;200;8 000;-4.76%
14/12/2017;35;35;35;35;20;700;-5.41%
15/12/2017;35;35;35;35;30;1 050;0.00%
18/12/2017;35;35;35;35;600;21 000;0.00%
19/12/2017;37;37;37;37;372;13 764;5.71%
26/12/2017;37;37;37;37;8 928;330 336;0.00%
28/12/2017;37;37;37;37;45;1 665;0.00%
02/01/2018;37;37;37;37;2 500;92 500;0.00%
08/01/2018;39;39;39;39;1 280;49 920;5.41%
11/01/2018;37;37;37;37;610;22 570;-5.13%
16/01/2018;39;39;39;39;50;1 950;5.41%
17/01/2018;39;39;39;39;2 586;100 854;0.00%
18/01/2018;39;39;39;39;30;1 170;0.00%
19/01/2018;40;40;40;40;10;400;2.56%
22/01/2018;40;40;40;40;3 250;130 000;0.00%
23/01/2018;40;40;40;40;8;320;0.00%
24/01/2018;40;40;40;40;1 653;66 120;0.00%
25/01/2018;40;40;40;40;4 000;160 000;0.00%
30/01/2018;43;43;43;43;2 500;107 500;7.50%
31/01/2018;46;46;46;46;3;138;6.98%
01/02/2018;49;49;49;49;5 045;247 205;6.52%
02/02/2018;50;50;50;50;100;5 000;2.04%
06/02/2018;49;49;49;49;600;29 400;-2.00%
07/02/2018;51;51;51;51;2 420;123 420;4.08%
08/02/2018;52;52;52;52;5 000;260 000;1.96%
09/02/2018;55;55;55;55;5;275;5.77%
12/02/2018;59;59;59;59;1;59;7.27%
13/02/2018;63;63;63;63;101;6 363;6.78%
14/02/2018;67;67;67;67;101;6 767;6.35%
15/02/2018;72;72;72;72;901;64 872;7.46%
16/02/2018;77;77;77;77;1;77;6.94%
19/02/2018;82;82;82;82;1 000;82 000;6.49%
21/02/2018;88;88;88;88;105;9 240;7.32%
23/02/2018;94;94;94;94;300;28 200;6.82%
27/02/2018;100;100;100;100;1 125;112 500;6.38%
06/03/2018;110;110;110;110;50;5 500;4.76%
07/03/2018;115;115;115;115;1 170;134 550;4.55%
09/03/2018;120;120;120;120;2 076;249 120;4.35%
13/03/2018;125;125;125;125;150;18 750;4.17%
14/03/2018;130;130;130;130;400;52 000;4.00%
16/03/2018;135;135;135;135;31;4 185;3.85%
19/03/2018;145;145;145;145;275;39 875;7.41%
20/03/2018;155;155;155;155;10 555;1 636 025;6.90%
21/03/2018;165;165;165;165;5 000;825 000;6.45%
22/03/2018;175;175;175;175;2 000;350 000;6.06%
23/03/2018;185;185;185;185;3 108;574 980;5.71%
26/03/2018;195;195;195;195;1 625;316 875;5.41%
27/03/2018;205;205;205;205;4 851;994 455;5.13%
28/03/2018;220;220;220;220;3 615;795 300;7.32%
29/03/2018;235;235;235;235;1 900;446 500;6.82%
30/03/2018;250;250;250;250;150;37 500;6.38%
02/04/2018;250;250;250;250;150;37 500;0.00%
04/04/2018;265;265;265;265;1 180;312 700;6.00%
05/04/2018;280;280;280;280;11 220;3 141 600;5.66%
06/04/2018;300;300;300;300;5 495;1 648 500;7.14%
09/04/2018;310;310;310;310;3 112;964 720;3.33%
10/04/2018;320;320;320;320;1 680;537 600;3.23%
11/04/2018;340;340;340;340;506;172 040;6.25%
12/04/2018;365;365;365;365;2 065;753 725;7.35%
13/04/2018;390;390;390;390;2 480;967 200;6.85%
16/04/2018;415;415;415;415;3 965;1 645 475;6.41%
17/04/2018;445;445;445;445;7 611;3 386 895;7.23%
18/04/2018;475;475;475;475;4 000;1 900 000;6.74%
19/04/2018;510;510;510;510;9 035;4 607 850;7.37%
20/04/2018;545;545;545;545;1 840;1 002 800;6.86%
23/04/2018;585;585;585;585;1 705;997 425;7.34%
24/04/2018;625;625;625;625;210;131 250;6.84%
25/04/2018;670;670;670;670;219;146 730;7.20%
26/04/2018;720;720;720;720;13 223;9 520 560;7.46%
27/04/2018;770;770;770;770;3 100;2 387 000;6.94%
09/05/2018;835;835;835;835;159;132 765;8.44%
10/05/2018;835;835;835;835;159;132 765;0.00%
11/05/2018;775;775;775;775;465;360 375;-7.19%
14/05/2018;720;720;720;720;131;94 320;-7.10%
15/05/2018;670;670;670;670;22;14 740;-6.94%
16/05/2018;620;620;620;620;10;6 200;-7.46%
17/05/2018;575;575;575;575;50;28 750;-7.26%
18/05/2018;535;535;535;535;385;205 975;-6.96%
21/05/2018;535;535;535;535;385;205 975;0.00%
22/05/2018;495;495;495;495;1 815;898 425;-7.48%
24/05/2018;460;460;460;460;100;46 000;-7.07%
25/05/2018;430;430;430;430;100;43 000;-6.52%
28/05/2018;400;400;400;400;67;26 800;-6.98%
31/05/2018;345;345;345;345;205;70 725;-6.76%
01/06/2018;320;320;320;320;5;1 600;-7.25%
04/06/2018;310;310;310;310;300;93 000;-3.13%
05/06/2018;290;290;290;290;75;21 750;-6.45%
07/06/2018;270;270;270;270;28;7 560;-6.90%
08/06/2018;250;250;250;250;940;235 000;-7.41%
11/06/2018;250;250;250;250;940;235 000;0.00%
12/06/2018;235;235;235;235;40;9 400;-6.00%
13/06/2018;220;220;220;220;100;22 000;-6.38%
14/06/2018;220;220;220;220;100;22 000;0.00%
15/06/2018;205;205;205;205;7;1 435;-6.82%
18/06/2018;190;190;190;190;328;62 320;-7.32%
19/06/2018;180;180;180;180;405;72 900;-5.26%
21/06/2018;170;170;170;170;7 015;1 192 550;-5.56%
28/06/2018;170;170;170;170;269;45 730;0.00%
29/06/2018;160;160;160;160;371;59 360;-5.88%
02/07/2018;150;150;150;150;414;62 100;-6.25%
03/07/2018;145;145;145;145;411;59 595;-3.33%
04/07/2018;145;145;145;145;65;9 425;0.00%
05/07/2018;150;150;150;150;2 200;330 000;3.45%
06/07/2018;150;150;150;150;180;27 000;0.00%
09/07/2018;160;160;160;160;10;1 600;6.67%
10/07/2018;170;170;170;170;1;170;6.25%
11/07/2018;180;180;180;180;1 913;344 340;5.88%
12/07/2018;190;190;190;190;250;47 500;5.56%
13/07/2018;200;200;200;200;5 802;1 160 400;5.26%
16/07/2018;215;215;215;215;450;96 750;7.50%
17/07/2018;200;200;200;200;15 245;3 049 000;-6.98%
18/07/2018;210;210;210;210;3 350;703 500;5.00%
19/07/2018;195;195;195;195;3 972;774 540;-7.14%
20/07/2018;205;205;205;205;206;42 230;5.13%
23/07/2018;200;200;200;200;5 869;1 173 800;-2.44%
24/07/2018;190;190;190;190;1 719;326 610;-5.00%
25/07/2018;185;185;185;185;268;49 580;-2.63%
26/07/2018;190;190;190;190;1 521;288 990;2.70%
30/07/2018;190;190;190;190;3 644;692 360;0.00%
31/07/2018;200;200;200;200;70;14 000;5.26%
01/08/2018;200;200;200;200;3 053;610 600;0.00%
02/08/2018;200;200;200;200;240;48 000;0.00%
03/08/2018;200;200;200;200;260;52 000;0.00%
06/08/2018;200;200;200;200;260;52 000;0.00%
07/08/2018;200;200;200;200;260;52 000;0.00%
08/08/2018;200;200;200;200;496;99 200;0.00%
09/08/2018;185;185;185;185;1 643;303 955;-7.50%
10/08/2018;195;195;195;195;444;86 580;5.41%
13/08/2018;195;195;195;195;4 336;845 520;0.00%
14/08/2018;200;200;200;200;180;36 000;2.56%
22/08/2018;200;200;200;200;1 500;300 000;0.00%
23/08/2018;200;200;200;200;570;114 000;0.00%
24/08/2018;195;195;195;195;170;33 150;-2.50%
28/08/2018;185;185;185;185;207;38 295;-2.63%
29/08/2018;190;190;190;190;1 468;278 920;2.70%
30/08/2018;190;190;190;190;292;55 480;0.00%
31/08/2018;185;185;185;185;1 218;225 330;-2.63%
03/09/2018;185;185;185;185;67;12 395;0.00%
04/09/2018;190;190;190;190;19;3 610;2.70%
05/09/2018;185;185;185;185;300;55 500;-2.63%
06/09/2018;180;180;180;180;500;90 000;-2.70%
07/09/2018;170;170;170;170;1 109;188 530;-5.56%
10/09/2018;170;170;170;170;2 241;380 970;0.00%
11/09/2018;180;180;180;180;766;137 880;5.88%
13/09/2018;170;170;170;170;37;6 290;-5.56%
18/09/2018;180;180;180;180;100;18 000;5.88%
19/09/2018;180;180;180;180;20;3 600;0.00%
20/09/2018;180;180;180;180;201;36 180;0.00%
21/09/2018;170;170;170;170;140;23 800;-5.56%
24/09/2018;170;170;170;170;750;127 500;0.00%
25/09/2018;170;170;170;170;594;100 980;0.00%
28/09/2018;160;160;160;160;180;28 800;-5.88%
02/10/2018;160;160;160;160;35;5 600;0.00%
03/10/2018;160;160;160;160;50;8 000;0.00%
05/10/2018;150;150;150;150;315;47 250;-6.25%
11/10/2018;140;140;140;140;300;42 000;-6.67%
12/10/2018;130;130;130;130;2 715;352 950;-7.14%
16/10/2018;135;135;135;135;35;4 725;3.85%
18/10/2018;125;125;125;125;977;122 125;-7.41%
30/10/2018;130;130;130;130;1 600;208 000;4.00%
02/11/2018;130;130;130;130;9 195;1 195 350;0.00%
05/11/2018;125;125;125;125;176;22 000;-3.85%
06/11/2018;125;125;125;125;64;8 000;0.00%
07/11/2018;130;130;130;130;1 235;160 550;4.00%
08/11/2018;135;135;135;135;5 021;677 835;3.85%
09/11/2018;145;145;145;145;5 095;738 775;7.41%
12/11/2018;155;155;155;155;2 750;426 250;6.90%
13/11/2018;165;165;165;165;610;100 650;6.45%
16/11/2018;175;175;175;175;205;35 875;6.06%
19/11/2018;185;185;185;185;434;80 290;5.71%
20/11/2018;185;185;185;185;434;80 290;0.00%
21/11/2018;195;195;195;195;1 674;326 430;5.41%
22/11/2018;195;195;195;195;242;47 190;0.00%
23/11/2018;205;205;205;205;4 624;947 920;5.13%
27/11/2018;225;225;225;225;202;45 450;2.27%
28/11/2018;240;240;240;240;3 373;809 520;6.67%
29/11/2018;255;255;255;255;1 320;336 600;6.25%
30/11/2018;270;270;270;270;1 569;423 630;5.88%
03/12/2018;290;290;290;290;3 613;1 047 770;7.41%
04/12/2018;310;310;310;310;1 731;536 610;6.90%
05/12/2018;330;330;330;330;3 149;1 039 170;6.45%
06/12/2018;310;310;310;310;73;22 630;-6.06%
07/12/2018;290;290;290;290;2 000;580 000;-6.45%
11/12/2018;270;270;270;270;535;144 450;-6.90%
12/12/2018;250;250;250;250;7 003;1 750 750;-7.41%
13/12/2018;235;235;235;235;402;94 470;-6.00%
14/12/2018;230;230;230;230;1;230;-2.13%
17/12/2018;215;215;215;215;59;12 685;-6.52%
18/12/2018;200;200;200;200;720;144 000;-6.98%
19/12/2018;185;185;185;185;255;47 175;-7.50%
21/12/2018;185;185;185;185;622;115 070;0.00%
24/12/2018;175;175;175;175;479;83 825;-5.41%
25/12/2018;175;175;175;175;479;83 825;0.00%
26/12/2018;180;180;180;180;1 644;295 920;2.86%
27/12/2018;180;180;180;180;520;93 600;0.00%
28/12/2018;180;180;180;180;1 624;292 320;0.00%
31/12/2018;170;170;170;170;4 350;739 500;-5.56%
02/01/2019;180;180;180;180;100;18 000;5.88%
07/01/2019;180;180;180;180;1 000;180 000;0.00%
08/01/2019;185;185;185;185;35;6 475;2.78%
09/01/2019;190;190;190;190;1 500;285 000;2.70%
10/01/2019;200;200;200;200;725;145 000;5.26%
11/01/2019;215;215;215;215;825;177 375;7.50%
14/01/2019;230;230;230;230;81;18 630;6.98%
15/01/2019;245;245;245;245;70;17 150;6.52%
16/01/2019;260;260;260;260;2 824;734 240;6.12%
17/01/2019;250;275;275;250;244;64 050;-3.85%
18/01/2019;250;250;250;250;585;146 250;0.00%
21/01/2019;240;240;240;240;1 000;240 000;-4.00%
22/01/2019;230;230;230;230;85;19 550;-4.17%
25/01/2019;215;215;215;215;10;2 150;-6.52%
28/01/2019;210;210;210;210;110;23 100;-2.33%
30/01/2019;195;195;195;195;2 206;430 170;-7.14%
31/01/2019;195;195;195;195;2 315;451 425;0.00%
01/02/2019;195;195;195;195;232;45 240;0.00%
04/02/2019;205;195;205;195;1 000;200 000;5.13%
05/02/2019;200;200;200;200;2 565;513 000;-2.44%
06/02/2019;200;200;200;200;9;1 800;0.00%
07/02/2019;200;200;200;200;250;50 000;0.00%
08/02/2019;200;185;200;185;3 083;593 478;0.00%
11/02/2019;200;200;200;200;100;20 000;0.00%
13/02/2019;195;190;195;190;3 467;667 398;-2.50%
14/02/2019;190;195;195;190;590;113 575;-2.56%
18/02/2019;185;185;185;185;33;6 105;-2.63%
20/02/2019;190;190;190;190;9;1 710;2.70%
21/02/2019;190;190;190;190;35;6 650;0.00%
04/03/2019;200;200;200;200;10;2 000;5.26%
05/03/2019;215;215;215;215;6 000;1 290 000;7.50%
06/03/2019;230;215;230;215;249;55 403;6.98%
07/03/2019;245;245;245;245;2 094;513 030;6.52%
08/03/2019;255;260;260;255;14 685;3 781 388;4.08%
11/03/2019;270;255;270;255;20 916;5 490 450;5.88%
12/03/2019;290;270;290;270;9 919;2 777 320;7.41%
13/03/2019;310;300;310;300;9 905;3 021 025;6.90%
14/03/2019;325;310;325;310;21 590;6 854 825;4.84%
15/03/2019;330;330;330;330;11 910;3 930 300;1.54%
18/03/2019;350;330;350;330;4 047;1 375 980;6.06%
19/03/2019;375;355;375;355;1 482;540 930;7.14%
20/03/2019;400;400;400;400;4 585;1 834 000;6.67%
21/03/2019;430;420;430;420;4 507;1 915 475;7.50%
22/03/2019;460;460;460;460;6 420;2 953 200;6.98%
25/03/2019;430;450;450;430;7 377;3 245 880;-6.52%
26/03/2019;450;430;450;430;7 786;3 425 840;4.65%
27/03/2019;435;430;435;430;3 466;1 499 045;-3.33%
28/03/2019;465;430;465;430;14 322;6 409 095;6.90%
29/03/2019;490;460;490;460;7 365;3 498 375;5.38%
01/04/2019;490;490;490;490;380;186 200;0.00%
02/04/2019;490;490;490;490;329;161 210;0.00%
05/04/2019;465;460;465;460;67;30 988;-5.10%
11/04/2019;435;435;435;435;114;49 590;-6.45%
12/04/2019;405;405;405;405;50;20 250;-6.90%
15/04/2019;400;400;400;400;485;194 000;-1.23%
17/04/2019;370;395;395;370;4 449;1 701 743;-7.50%
23/04/2019;345;345;345;345;4 000;1 380 000;-6.76%
24/04/2019;320;320;320;320;30;9 600;-7.25%
25/04/2019;315;300;315;300;1 242;381 915;-1.56%
26/04/2019;295;295;295;295;12 900;3 805 500;-6.35%
29/04/2019;275;275;275;275;47;12 925;-6.78%
30/04/2019;275;275;275;275;157;43 175;0.00%
01/05/2019;275;275;275;275;157;43 175;0.00%
02/05/2019;270;275;275;270;857;233 533;-1.82%
03/05/2019;260;260;260;260;5;1 300;-3.70%
06/05/2019;270;275;275;270;327;89 108;3.85%
07/05/2019;270;270;270;270;378;102 060;0.00%
08/05/2019;270;250;270;250;1 030;267 800;0.00%
09/05/2019;265;265;265;265;20;5 300;-1.85%
13/05/2019;265;265;265;265;211;55 915;0.00%
14/05/2019;265;265;265;265;35;9 275;0.00%
15/05/2019;250;255;255;250;101;25 503;-5.66%
17/05/2019;245;245;245;245;500;122 500;-2.00%
21/05/2019;245;245;245;245;1 035;253 575;0.00%
22/05/2019;230;230;230;230;464;106 720;-6.12%
31/05/2019;240;240;240;240;370;88 800;4.35%
03/06/2019;240;240;240;240;105;25 200;0.00%
05/06/2019;245;225;245;225;2 504;588 440;2.08%
06/06/2019;230;230;230;230;575;132 250;-6.12%
07/06/2019;230;230;230;230;51;11 730;0.00%
11/06/2019;245;225;245;225;1 629;382 815;6.52%
12/06/2019;260;245;260;245;1 370;345 925;6.12%
13/06/2019;260;260;260;260;6 116;1 590 160;0.00%
14/06/2019;260;260;260;260;180;46 800;0.00%
17/06/2019;265;260;265;260;1 396;366 450;1.92%
18/06/2019;265;265;265;265;35;9 275;0.00%
19/06/2019;275;275;275;275;100;27 500;3.77%
20/06/2019;260;260;260;260;2 145;557 700;-5.45%
21/06/2019;260;260;260;260;200;52 000;0.00%
26/06/2019;260;260;260;260;10;2 600;0.00%
27/06/2019;275;260;275;260;26 500;7 088 750;5.77%
28/06/2019;295;295;295;295;230;67 850;7.27%
01/07/2019;295;295;295;295;2 740;808 300;0.00%
04/07/2019;275;275;275;275;30;8 250;-6.78%
10/07/2019;255;255;255;255;55;14 025;-7.27%
11/07/2019;245;245;245;245;20;4 900;-3.92%
12/07/2019;230;240;240;230;120;28 200;-6.12%
15/07/2019;245;230;245;230;370;87 875;6.52%
16/07/2019;230;250;250;230;1 161;278 640;-6.12%
17/07/2019;230;230;230;230;1 300;299 000;0.00%
18/07/2019;230;230;230;230;50;11 500;0.00%
19/07/2019;230;230;230;230;10;2 300;0.00%
22/07/2019;215;215;215;215;100;21 500;-6.52%
23/07/2019;200;200;200;200;2 240;448 000;-6.98%
24/07/2019;215;215;215;215;218;46 870;7.50%
25/07/2019;230;230;230;230;150;34 500;6.98%
26/07/2019;245;245;245;245;116;28 420;6.52%
29/07/2019;245;245;245;245;588;144 060;0.00%
30/07/2019;245;245;245;245;8;1 960;0.00%
01/08/2019;245;245;245;245;115;28 175;0.00%
02/08/2019;245;245;245;245;59;14 455;0.00%
05/08/2019;260;245;260;245;698;176 245;6.12%
08/08/2019;275;275;275;275;11;3 025;5.77%
09/08/2019;275;275;275;275;673;185 075;0.00%
12/08/2019;275;275;275;275;673;185 075;0.00%
19/08/2019;260;260;260;260;150;39 000;-5.45%
21/08/2019;255;255;255;255;37;9 435;-1.92%
28/08/2019;260;260;260;260;546;141 960;4.00%
29/08/2019;260;260;260;260;30;7 800;0.00%
05/09/2019;260;260;260;260;100;26 000;0.00%
09/09/2019;260;260;260;260;50;13 000;0.00%
10/09/2019;260;260;260;260;533;138 580;0.00%
13/09/2019;245;245;245;245;30;7 350;-5.77%
18/09/2019;250;250;250;250;100;25 000;2.04%
19/09/2019;255;255;255;255;120;30 600;2.00%
23/09/2019;255;250;255;250;2 465;622 413;0.00%
24/09/2019;255;255;255;255;250;63 750;0.00%
26/09/2019;255;255;255;255;202;51 510;0.00%
30/09/2019;260;255;260;255;2 888;743 660;1.96%
01/10/2019;275;270;275;270;1 083;295 118;5.77%
02/10/2019;255;255;255;255;144;36 720;-7.27%
03/10/2019;245;255;255;245;18 291;4 572 750;-3.92%
04/10/2019;240;240;240;240;21;5 040;-2.04%
16/10/2019;225;225;225;225;10;2 250;-6.25%
18/10/2019;210;210;210;210;25;5 250;-6.67%
21/10/2019;195;195;195;195;1 310;255 450;-7.14%
22/10/2019;185;195;195;185;1 540;292 600;-5.13%
23/10/2019;180;185;185;180;1 319;240 718;-2.70%
24/10/2019;170;180;180;170;260;45 500;-5.56%
25/10/2019;170;170;170;170;519;88 230;0.00%
28/10/2019;170;170;170;170;206;35 020;0.00%
29/10/2019;165;165;165;165;203;33 495;-2.94%
30/10/2019;160;165;165;160;1 012;164 450;-3.03%
31/10/2019;160;160;160;160;20;3 200;0.00%
01/11/2019;160;160;160;160;20;3 200;0.00%
04/11/2019;160;160;160;160;149;23 840;0.00%
05/11/2019;150;155;155;150;100;15 250;-6.25%
06/11/2019;150;150;150;150;401;60 150;0.00%
07/11/2019;160;160;160;160;567;90 720;6.67%
11/11/2019;160;160;160;160;33;5 280;0.00%
12/11/2019;160;160;160;160;150;24 000;0.00%
13/11/2019;160;160;160;160;2 010;321 600;0.00%
18/11/2019;160;160;160;160;50;8 000;0.00%
19/11/2019;160;160;160;160;50;8 000;0.00%
25/11/2019;160;165;165;160;1 200;195 000;0.00%
27/11/2019;160;160;160;160;4;640;0.00%
28/11/2019;160;160;160;160;2;320;0.00%
29/11/2019;160;160;160;160;1;160;0.00%
03/12/2019;150;150;150;150;200;30 000;-6.25%
05/12/2019;150;150;150;150;25;3 750;0.00%
06/12/2019;150;150;150;150;2;300;0.00%
10/12/2019;150;150;150;150;376;56 400;0.00%
12/12/2019;150;150;150;150;2 279;341 850;0.00%
13/12/2019;150;150;150;150;337;50 550;0.00%
17/12/2019;150;150;150;150;155;23 250;0.00%
18/12/2019;150;150;150;150;4;600;0.00%
19/12/2019;150;150;150;150;1 100;165 000;0.00%
20/12/2019;150;150;150;150;20;3 000;0.00%
23/12/2019;145;145;145;145;80;11 600;-3.33%
27/12/2019;140;140;140;140;175;24 500;-3.45%
02/01/2020;150;150;150;150;461;69 150;7.14%
03/01/2020;160;160;160;160;811;129 760;6.67%
07/01/2020;165;170;170;165;308;51 590;3.13%
09/01/2020;165;165;165;165;1 274;210 210;0.00%
15/01/2020;160;160;160;160;30;4 800;-3.03%
16/01/2020;160;160;160;160;1 539;246 240;0.00%
28/01/2020;165;165;165;165;175;28 875;3.13%
31/01/2020;160;160;160;160;1 017;162 720;-3.03%
04/02/2020;160;165;165;160;2 750;446 875;0.00%
05/02/2020;150;160;160;150;814;126 170;-6.25%
06/02/2020;145;145;145;145;2 150;311 750;-3.33%
07/02/2020;145;145;145;145;50;7 250;0.00%
10/02/2020;140;145;145;140;3 649;519 983;-3.45%
11/02/2020;140;145;145;140;1 002;142 785;0.00%
12/02/2020;140;145;145;140;1 002;142 785;0.00%
13/02/2020;140;140;140;140;1 000;140 000;0.00%
14/02/2020;150;150;150;150;1;150;7.14%
17/02/2020;150;150;150;150;600;90 000;0.00%
18/02/2020;150;150;150;150;234;35 100;0.00%
19/02/2020;140;150;150;140;575;83 375;-6.67%
20/02/2020;140;145;145;140;5 842;832 485;0.00%
24/02/2020;140;140;140;140;314;43 960;0.00%
27/02/2020;140;140;140;140;30;4 200;0.00%
28/02/2020;135;135;135;135;50;6 750;-3.57%
02/03/2020;135;135;135;135;1 225;165 375;0.00%
06/03/2020;140;140;140;140;600;84 000;3.70%
09/03/2020;140;140;140;140;4;560;0.00%
11/03/2020;140;140;140;140;100;14 000;0.00%
12/03/2020;140;140;140;140;2;280;0.00%
13/03/2020;140;140;140;140;1 000;140 000;0.00%
31/03/2020;140;140;140;140;75;10 500;0.00%
01/04/2020;130;140;140;130;100;13 500;-7.14%
07/04/2020;125;125;125;125;1 120;140 000;-3.85%
09/04/2020;125;125;125;125;1 112;139 000;0.00%
14/04/2020;120;120;120;120;600;72 000;-4.00%
15/04/2020;120;120;120;120;500;60 000;0.00%
21/04/2020;120;125;125;120;620;75 950;0.00%
22/04/2020;115;115;115;115;100;11 500;-4.17%
23/04/2020;120;120;120;120;10;1 200;4.35%
24/04/2020;120;120;120;120;20;2 400;0.00%
30/04/2020;120;120;120;120;15;1 800;0.00%
01/05/2020;120;120;120;120;15;1 800;0.00%
04/05/2020;115;115;115;115;705;81 075;-4.17%
08/05/2020;120;120;120;120;2;240;4.35%
11/05/2020;120;120;120;120;8;960;0.00%
12/05/2020;120;120;120;120;179;21 480;0.00%
13/05/2020;115;115;115;115;836;96 140;-4.17%
05/06/2020;120;120;120;120;2 075;249 000;4.35%
08/06/2020;115;120;120;115;51 947;6 103 773;-4.17%
12/06/2020;120;120;120;120;130;15 600;4.35%
18/06/2020;115;115;115;115;75;8 625;-4.17%
22/06/2020;120;120;120;120;180;21 600;4.35%
29/06/2020;125;125;125;125;1 030;128 750;4.17%
30/06/2020;130;125;130;125;5 765;735 038;4.00%
01/07/2020;135;130;135;130;68;9 010;3.85%
02/07/2020;140;140;140;140;1 234;172 760;3.70%
03/07/2020;135;130;135;130;201;26 633;-3.57%
06/07/2020;135;135;135;135;1 679;226 665;0.00%
07/07/2020;135;135;135;135;100;13 500;0.00%
09/07/2020;135;135;135;135;170;22 950;0.00%
10/07/2020;135;135;135;135;180;24 300;0.00%
13/07/2020;135;135;135;135;300;40 500;0.00%
15/07/2020;135;125;135;125;2 106;273 780;0.00%
17/07/2020;135;135;135;135;320;43 200;0.00%
20/07/2020;135;135;135;135;402;54 270;0.00%
21/07/2020;130;130;130;130;585;76 050;-3.70%
23/07/2020;135;135;135;135;5;675;3.85%
27/07/2020;130;135;135;130;15;1 988;-3.70%
29/07/2020;130;130;130;130;50;6 500;0.00%
30/07/2020;130;130;130;130;145;18 850;0.00%
31/07/2020;130;130;130;130;145;18 850;0.00%
03/08/2020;130;130;130;130;12;1 560;0.00%
05/08/2020;135;135;135;135;1 000;135 000;3.85%
06/08/2020;145;145;145;145;500;72 500;7.41%
07/08/2020;145;145;145;145;500;72 500;0.00%
10/08/2020;145;145;145;145;1 110;160 950;0.00%
13/08/2020;150;145;150;145;1 000;147 500;3.45%
14/08/2020;150;140;150;140;361;52 345;0.00%
17/08/2020;150;160;160;150;4 163;645 265;0.00%
21/08/2020;140;140;140;140;160;22 400;-6.67%
24/08/2020;130;140;140;130;1 026;138 510;-7.14%
25/08/2020;135;130;135;130;55;7 288;3.85%
26/08/2020;145;140;145;140;14;1 995;7.41%
27/08/2020;150;145;150;145;66;9 735;3.45%
01/09/2020;150;155;155;150;35;5 338;0.00%
02/09/2020;155;145;155;145;424;63 600;3.33%
07/09/2020;145;145;145;145;6;870;-6.45%
08/09/2020;135;135;135;135;5;675;-6.90%
09/09/2020;130;130;130;130;10;1 300;-3.70%
10/09/2020;130;130;130;130;989;128 570;0.00%
11/09/2020;130;130;130;130;11;1 430;0.00%
14/09/2020;125;125;125;125;130;16 250;-3.85%
15/09/2020;120;120;120;120;349;41 880;-4.00%
16/09/2020;125;125;125;125;5;625;4.17%
17/09/2020;130;130;130;130;5;650;4.00%
18/09/2020;135;135;135;135;5;675;3.85%
21/09/2020;135;135;135;135;8;1 080;0.00%
22/09/2020;135;135;135;135;142;19 170;0.00%
23/09/2020;135;135;135;135;142;19 170;0.00%
24/09/2020;135;135;135;135;142;19 170;0.00%
25/09/2020;135;135;135;135;142;19 170;0.00%
30/09/2020;150;150;150;150;350;52 500;11.11%
01/10/2020;150;150;150;150;1;150;0.00%
02/10/2020;150;150;150;150;200;30 000;0.00%
06/10/2020;140;140;140;140;5;700;-6.67%
07/10/2020;135;130;135;130;300;39 750;-3.57%
12/10/2020;135;135;135;135;22;2 970;0.00%
14/10/2020;130;130;130;130;1;130;-3.70%
15/10/2020;135;130;135;130;1 009;133 693;3.85%
19/10/2020;135;135;135;135;200;27 000;0.00%
20/10/2020;135;135;135;135;258;34 830;0.00%
26/10/2020;135;125;135;125;140;18 200;0.00%
27/10/2020;135;135;135;135;980;132 300;0.00%
28/10/2020;145;135;145;135;600;84 000;7.41%
29/10/2020;145;135;145;135;600;84 000;0.00%
30/10/2020;155;150;155;150;6 621;1 009 703;6.90%
02/11/2020;155;165;165;155;8 700;1 392 000;0.00%
03/11/2020;145;145;145;145;1;145;-6.45%
04/11/2020;135;155;155;135;601;87 145;-6.90%
05/11/2020;125;125;125;125;2 993;374 125;-7.41%
06/11/2020;130;130;130;130;400;52 000;4.00%
09/11/2020;135;135;135;135;17 515;2 364 525;3.85%
10/11/2020;135;145;145;135;19 100;2 674 000;0.00%
11/11/2020;135;135;135;135;2;270;0.00%
12/11/2020;145;125;145;125;285;38 475;7.41%
13/11/2020;135;135;135;135;2 056;277 560;-6.90%
16/11/2020;135;135;135;135;100;13 500;0.00%
17/11/2020;130;140;140;130;145;19 575;-3.70%
18/11/2020;125;125;125;125;30;3 750;-3.85%
19/11/2020;130;130;130;130;10;1 300;4.00%
23/11/2020;135;135;135;135;40;5 400;3.85%
24/11/2020;135;130;135;130;661;87 583;0.00%
30/11/2020;125;125;125;125;1 450;181 250;-7.41%
01/12/2020;130;125;130;125;2 340;298 350;4.00%
02/12/2020;135;130;135;130;4 900;649 250;3.85%
03/12/2020;140;140;140;140;3 000;420 000;3.70%
04/12/2020;150;140;150;140;741;107 445;7.14%
07/12/2020;160;140;160;140;35 300;5 295 000;6.67%
08/12/2020;155;150;155;150;1 520;231 800;-3.13%
09/12/2020;160;145;160;145;3 750;571 875;3.23%
10/12/2020;170;150;170;150;1 620;259 200;6.25%
11/12/2020;180;175;180;175;2 886;512 265;5.88%
14/12/2020;185;180;185;180;1 035;188 888;2.78%
15/12/2020;185;180;185;180;2 004;365 730;0.00%
16/12/2020;180;180;180;180;1 500;270 000;-2.70%
17/12/2020;190;175;190;175;7 000;1 277 500;5.56%
18/12/2020;180;180;180;180;1;180;-5.26%
21/12/2020;185;180;185;180;489;89 243;2.78%
22/12/2020;190;190;190;190;1 000;190 000;2.70%
23/12/2020;200;200;200;200;300;60 000;5.26%
24/12/2020;200;200;200;200;900;180 000;0.00%
25/12/2020;200;200;200;200;900;180 000;0.00%
29/12/2020;215;185;215;185;5 007;1 001 400;7.50%
30/12/2020;225;215;225;215;1 190;261 800;4.65%
31/12/2020;230;225;230;225;1 200;273 000;2.22%
05/01/2021;230;230;230;230;40;9 200;0.00%
07/01/2021;215;215;215;215;40;8 600;-6.52%
12/01/2021;200;200;200;200;20;4 000;-6.98%
13/01/2021;195;195;195;195;1 300;253 500;-2.50%
14/01/2021;195;195;195;195;25;4 875;0.00%
15/01/2021;190;190;190;190;50;9 500;-2.56%
18/01/2021;180;180;180;180;9 145;1 646 100;-5.26%
19/01/2021;180;180;180;180;27;4 860;0.00%
20/01/2021;180;180;180;180;18 000;3 240 000;0.00%
25/01/2021;190;180;190;180;1 022;189 070;5.56%
26/01/2021;190;190;190;190;876;166 440;0.00%
27/01/2021;200;190;200;190;1 400;273 000;5.26%
28/01/2021;200;200;200;200;200;40 000;0.00%
29/01/2021;215;215;215;215;2 850;612 750;7.50%
01/02/2021;215;215;215;215;60;12 900;0.00%
03/02/2021;215;215;215;215;967;207 905;0.00%
04/02/2021;215;215;215;215;1 854;398 610;0.00%
11/02/2021;215;215;215;215;20;4 300;0.00%
12/02/2021;215;215;215;215;25;5 375;0.00%
15/02/2021;215;215;215;215;81;17 415;0.00%
16/02/2021;215;215;215;215;15;3 225;0.00%
18/02/2021;210;210;210;210;40;8 400;-2.33%
22/02/2021;205;205;205;205;5;1 025;-2.38%
24/02/2021;205;205;205;205;90;18 450;0.00%
25/02/2021;205;205;205;205;176;36 080;0.00%
01/03/2021;205;205;205;205;70;14 350;0.00%
04/03/2021;195;195;195;195;1 800;351 000;-4.88%
05/03/2021;195;195;195;195;1 010;196 950;0.00%
09/03/2021;190;190;190;190;2 630;499 700;-2.56%
10/03/2021;190;190;190;190;2 800;532 000;0.00%
11/03/2021;190;190;190;190;30;5 700;0.00%
15/03/2021;190;190;190;190;5;950;0.00%
17/03/2021;190;190;190;190;3;570;0.00%
19/03/2021;190;190;190;190;8;1 520;0.00%
22/03/2021;180;180;180;180;8 550;1 539 000;-5.26%
23/03/2021;180;180;180;180;23;4 140;0.00%
24/03/2021;180;180;180;180;303;54 540;0.00%
25/03/2021;180;180;180;180;22;3 960;0.00%
26/03/2021;180;180;180;180;115;20 700;0.00%
01/04/2021;190;190;190;190;200;38 000;5.56%
02/04/2021;190;190;190;190;10;1 900;0.00%
05/04/2021;190;190;190;190;10;1 900;0.00%
06/04/2021;190;190;190;190;6;1 140;0.00%
07/04/2021;180;180;180;180;145;26 100;-5.26%
08/04/2021;170;190;190;170;1 305;234 900;-5.56%
09/04/2021;160;170;170;160;382;63 030;-5.88%
12/04/2021;155;160;160;155;2 010;316 575;-3.13%
13/04/2021;160;155;160;155;568;89 460;3.23%
14/04/2021;150;160;160;150;323;50 065;-6.25%
15/04/2021;155;155;155;155;900;139 500;3.33%
16/04/2021;150;160;160;150;577;89 435;-3.23%
20/04/2021;150;150;150;150;5 062;759 300;0.00%
21/04/2021;150;160;160;150;875;135 625;0.00%
22/04/2021;160;160;160;160;30 035;4 805 600;6.67%
23/04/2021;170;170;170;170;33;5 610;6.25%
26/04/2021;180;180;180;180;5;900;5.88%
27/04/2021;190;190;190;190;15;2 850;5.56%
28/04/2021;200;200;200;200;210;42 000;5.26%
29/04/2021;215;200;215;200;11;2 283;7.50%
30/04/2021;230;230;230;230;776;178 480;6.98%
03/05/2021;245;245;245;245;565;138 425;6.52%
04/05/2021;260;260;260;260;1 430;371 800;6.12%
05/05/2021;275;275;275;275;8 991;2 472 525;5.77%
06/05/2021;295;295;295;295;1 655;488 225;7.27%
07/05/2021;315;295;315;295;2 991;912 255;6.78%
10/05/2021;320;320;320;320;635;203 200;1.59%
11/05/2021;320;320;320;320;2 420;774 400;0.00%
12/05/2021;320;320;320;320;2 420;774 400;0.00%
14/05/2021;300;320;320;300;8 320;2 579 200;-6.25%
17/05/2021;320;305;320;305;3 219;1 005 938;6.67%
18/05/2021;320;320;320;320;2 104;673 280;0.00%
20/05/2021;300;310;310;300;265;80 825;-6.25%
21/05/2021;290;300;300;290;54;15 930;-3.33%
24/05/2021;290;300;300;290;54;15 930;0.00%
25/05/2021;300;300;300;300;610;183 000;3.45%
26/05/2021;300;300;300;300;398;119 400;0.00%
27/05/2021;300;280;300;280;11 452;3 321 080;0.00%
28/05/2021;300;300;300;300;40;12 000;0.00%
31/05/2021;300;300;300;300;78;23 400;0.00%
01/06/2021;300;300;300;300;1 501;450 300;0.00%
02/06/2021;290;285;290;285;1 120;322 000;-3.33%
03/06/2021;290;290;290;290;192;55 680;0.00%
04/06/2021;270;270;270;270;1 405;379 350;-6.90%
07/06/2021;250;250;250;250;5 796;1 449 000;-7.41%
08/06/2021;250;265;265;250;5 308;1 366 810;0.00%
09/06/2021;250;250;250;250;829;207 250;0.00%
10/06/2021;250;260;260;250;500;127 500;0.00%
11/06/2021;250;250;250;250;207;51 750;0.00%
14/06/2021;265;255;265;255;411;106 860;6.00%
15/06/2021;280;265;280;265;461;125 623;5.66%
16/06/2021;300;300;300;300;25;7 500;7.14%
17/06/2021;320;315;320;315;2 499;793 433;6.67%
18/06/2021;340;340;340;340;200;68 000;6.25%
21/06/2021;365;365;365;365;1 218;444 570;7.35%
22/06/2021;390;390;390;390;289;112 710;6.85%
23/06/2021;415;415;415;415;16 833;6 985 695;6.41%
24/06/2021;445;445;445;445;520;231 400;7.23%
25/06/2021;415;475;475;415;17 600;7 832 000;-6.74%
28/06/2021;440;420;440;420;1 518;652 740;6.02%
29/06/2021;435;440;440;435;4 467;1 954 313;-1.14%
30/06/2021;450;420;450;420;6 410;2 788 350;3.45%
01/07/2021;420;450;450;420;508;220 980;-6.67%
02/07/2021;400;420;420;400;741;303 810;-4.76%
05/07/2021;370;415;415;370;880;345 400;-7.50%
06/07/2021;345;365;365;345;645;228 975;-6.76%
07/07/2021;370;365;370;365;5 915;2 173 763;7.25%
08/07/2021;395;370;395;370;3 053;1 167 773;6.76%
09/07/2021;370;400;400;370;309;118 965;-6.33%
12/07/2021;370;370;370;370;20;7 400;0.00%
13/07/2021;395;395;395;395;121;47 795;6.76%
14/07/2021;420;400;420;400;1 951;799 910;6.33%
15/07/2021;420;420;420;420;3;1 260;0.00%
16/07/2021;420;420;420;420;310;130 200;0.00%
19/07/2021;430;415;430;415;251;106 048;2.38%
20/07/2021;430;415;430;415;251;106 048;0.00%
21/07/2021;420;420;420;420;330;138 600;-2.33%
22/07/2021;420;420;420;420;462;194 040;0.00%
23/07/2021;390;420;420;390;346;140 130;-7.14%
26/07/2021;370;365;370;365;924;339 570;-5.13%
27/07/2021;380;390;390;380;1 080;415 800;2.70%
28/07/2021;370;380;380;370;3 332;1 249 500;-2.63%
29/07/2021;345;390;390;345;10 791;3 965 693;-6.76%
30/07/2021;320;350;350;320;24 039;8 053 065;-7.25%
02/08/2021;300;300;300;300;7 330;2 199 000;-6.25%
03/08/2021;320;305;320;305;2 413;754 063;6.67%
04/08/2021;310;340;340;310;12 601;4 095 325;-3.13%
05/08/2021;310;305;310;305;7 991;2 457 233;0.00%
06/08/2021;330;315;330;315;1 124;362 490;6.45%
09/08/2021;330;350;350;330;4 227;1 437 180;0.00%
10/08/2021;345;350;350;345;6 786;2 358 135;4.55%
11/08/2021;320;360;360;320;11 737;3 990 580;-7.25%
12/08/2021;340;340;340;340;76 759;26 098 060;6.25%
13/08/2021;365;365;365;365;4 851;1 770 615;7.35%
16/08/2021;390;390;390;390;7 542;2 941 380;6.85%
17/08/2021;415;385;415;385;4 931;1 972 400;6.41%
18/08/2021;445;430;445;430;24 126;10 555 125;7.23%
19/08/2021;475;440;475;440;10 379;4 748 393;6.74%
20/08/2021;510;500;510;500;9 313;4 703 065;7.37%
23/08/2021;545;510;545;510;8 941;4 716 378;6.86%
24/08/2021;585;545;585;545;16 349;9 237 185;7.34%
25/08/2021;615;620;620;615;5 758;3 555 565;5.13%
26/08/2021;570;615;615;570;3 997;2 368 223;-7.32%
27/08/2021;530;545;545;530;1 119;601 463;-7.02%
30/08/2021;530;510;530;510;54 410;28 293 200;0.00%
31/08/2021;530;565;565;530;3 523;1 928 843;0.00%
01/09/2021;550;500;550;500;34 346;18 031 650;3.77%
02/09/2021;530;590;590;530;4 322;2 420 320;-3.64%
03/09/2021;565;530;565;530;610;333 975;6.60%
06/09/2021;560;565;565;560;1 324;744 750;-0.88%
07/09/2021;560;560;560;560;2 066;1 156 960;0.00%
08/09/2021;530;560;560;530;1 171;638 195;-5.36%
09/09/2021;530;515;530;515;1 812;946 770;0.00%
10/09/2021;525;525;525;525;948;497 700;-0.94%
13/09/2021;515;505;515;505;651;332 010;-1.90%
14/09/2021;525;510;525;510;4 135;2 139 863;1.94%
15/09/2021;525;525;525;525;274;143 850;0.00%
16/09/2021;530;520;530;520;4 086;2 145 150;0.95%
17/09/2021;525;530;530;525;500;263 750;-0.94%
20/09/2021;550;550;550;550;271;149 050;4.76%
21/09/2021;545;545;545;545;750;408 750;-0.91%
22/09/2021;540;540;540;540;20;10 800;-0.92%
23/09/2021;540;500;540;500;3 875;2 015 000;0.00%
24/09/2021;540;540;540;540;20 176;10 895 040;0.00%
27/09/2021;550;550;550;550;34 949;19 221 950;1.85%
28/09/2021;540;550;550;540;2 889;1 574 505;-1.82%
29/09/2021;540;555;555;540;22;12 045;0.00%
30/09/2021;500;520;520;500;35 502;18 106 020;-7.41%
01/10/2021;535;535;535;535;1;535;7.00%
04/10/2021;530;530;530;530;5;2 650;-0.93%
05/10/2021;515;525;525;515;317;164 840;-2.83%
06/10/2021;510;505;510;505;4 770;2 420 775;-0.97%
07/10/2021;525;515;525;515;77;40 040;2.94%
08/10/2021;500;525;525;500;8 580;4 397 250;-4.76%
11/10/2021;500;500;500;500;616;308 000;0.00%
12/10/2021;500;500;500;500;917;458 500;0.00%
13/10/2021;505;500;505;500;1 269;637 673;1.00%
14/10/2021;505;535;535;505;249;129 480;0.00%
15/10/2021;510;510;510;510;180;91 800;0.99%
18/10/2021;510;510;510;510;180;91 800;0.00%
19/10/2021;510;530;530;510;1 496;777 920;0.00%
20/10/2021;500;500;500;500;130;65 000;-1.96%
21/10/2021;495;505;505;495;3 280;1 640 000;-1.00%
22/10/2021;490;495;495;490;996;490 530;-1.01%
25/10/2021;490;490;490;490;100;49 000;0.00%
26/10/2021;525;490;525;490;315;159 863;7.14%
27/10/2021;500;490;500;490;4 050;2 004 750;-4.76%
28/10/2021;510;510;510;510;352;179 520;2.00%
29/10/2021;510;500;510;500;2 077;1 048 885;0.00%
01/11/2021;510;500;510;500;2 077;1 048 885;0.00%
02/11/2021;545;545;545;545;5 536;3 017 120;6.86%
03/11/2021;585;585;585;585;2 451;1 433 835;7.34%
04/11/2021;625;625;625;625;3 512;2 195 000;6.84%
05/11/2021;655;670;670;655;18 367;12 168 138;4.80%
08/11/2021;635;665;665;635;4 301;2 795 650;-3.05%
09/11/2021;625;635;635;625;2 939;1 851 570;-1.57%
10/11/2021;590;590;590;590;711;419 490;-5.60%
11/11/2021;590;590;590;590;734;433 060;0.00%
12/11/2021;590;590;590;590;548;323 320;0.00%
15/11/2021;590;590;590;590;548;323 320;0.00%
16/11/2021;550;550;550;550;1 470;808 500;-6.78%
17/11/2021;540;555;555;540;13 071;7 156 373;-1.82%
18/11/2021;540;525;540;525;23 680;12 609 600;0.00%
19/11/2021;540;530;540;530;7 553;4 040 855;0.00%
22/11/2021;580;515;580;515;584;319 740;7.41%
23/11/2021;575;580;580;575;116;66 990;-0.86%
24/11/2021;575;580;580;575;11;6 353;0.00%
25/11/2021;535;575;575;535;1 916;1 063 380;-6.96%
26/11/2021;535;535;535;535;635;339 725;0.00%
29/11/2021;575;535;575;535;2 253;1 250 415;7.48%
30/11/2021;575;580;580;575;588;339 570;0.00%
01/12/2021;575;575;575;575;470;270 250;0.00%
02/12/2021;575;575;575;575;2 606;1 498 450;0.00%
03/12/2021;550;575;575;550;461;259 313;-4.35%
06/12/2021;550;575;575;550;3 098;1 742 625;0.00%
07/12/2021;550;525;550;525;1 740;935 250;0.00%
08/12/2021;535;570;570;535;1 175;649 188;-2.73%
09/12/2021;535;565;565;535;15;8 250;0.00%
13/12/2021;535;535;535;535;202;108 070;0.00%
14/12/2021;575;535;575;535;2 113;1 172 715;7.48%
15/12/2021;575;575;575;575;260;149 500;0.00%
16/12/2021;575;575;575;575;1 841;1 058 575;0.00%
17/12/2021;570;575;575;570;5 179;2 964 978;-0.87%
20/12/2021;610;610;610;610;2 422;1 477 420;7.02%
21/12/2021;610;610;610;610;4 365;2 662 650;0.00%
22/12/2021;610;610;610;610;4 891;2 983 510;0.00%
23/12/2021;610;610;610;610;2 847;1 736 670;0.00%
24/12/2021;610;610;610;610;1 680;1 024 800;0.00%
27/12/2021;610;610;610;610;589;359 290;0.00%
28/12/2021;610;615;615;610;1 097;671 913;0.00%
29/12/2021;610;580;610;580;805;478 975;0.00%
30/12/2021;625;610;625;610;5 900;3 643 250;2.46%
31/12/2021;625;625;625;625;150;93 750;0.00%
03/01/2022;605;615;615;605;174;106 140;-3.20%
04/01/2022;565;605;605;565;967;565 695;-6.61%
05/01/2022;590;595;595;590;1 636;969 330;4.42%
06/01/2022;590;595;595;590;625;370 313;0.00%
10/01/2022;570;590;590;570;323;187 340;-3.39%
11/01/2022;575;590;590;575;431;251 058;0.88%
12/01/2022;570;590;590;570;4 008;2 324 640;-0.87%
13/01/2022;570;570;570;570;2 668;1 520 760;0.00%
14/01/2022;560;570;570;560;3 204;1 810 260;-1.75%
17/01/2022;570;570;570;570;1 549;882 930;1.79%
18/01/2022;575;580;580;575;1 870;1 079 925;0.88%
19/01/2022;595;595;595;595;674;401 030;3.48%
20/01/2022;595;595;595;595;50;29 750;0.00%
21/01/2022;590;590;590;590;377;222 430;-0.84%
24/01/2022;590;590;590;590;1 001;590 590;0.00%
25/01/2022;600;590;600;590;2 940;1 749 300;1.69%
26/01/2022;590;600;600;590;10 430;6 205 850;-1.67%
27/01/2022;600;595;600;595;130;77 675;1.69%
28/01/2022;605;600;605;600;918;553 095;0.83%
31/01/2022;625;605;625;605;5 840;3 591 600;3.31%
01/02/2022;605;600;605;600;2 630;1 584 575;-3.20%
02/02/2022;625;625;625;625;1 190;743 750;3.31%
03/02/2022;610;620;620;610;334;205 410;-2.40%
04/02/2022;650;610;650;610;4 153;2 616 390;6.56%
07/02/2022;650;650;650;650;2 316;1 505 400;0.00%
08/02/2022;680;695;695;680;2 746;1 887 875;4.62%
09/02/2022;690;680;690;680;5 291;3 624 335;1.47%
10/02/2022;740;740;740;740;4 356;3 223 440;7.25%
11/02/2022;750;760;760;750;7 377;5 569 635;1.35%
14/02/2022;760;800;800;760;1 684;1 313 520;1.33%
15/02/2022;770;790;790;770;6 724;5 244 720;1.32%
16/02/2022;805;770;805;770;6 353;5 002 988;4.55%
17/02/2022;850;810;850;810;8 219;6 821 770;5.59%
18/02/2022;890;850;890;850;2 381;2 071 470;4.71%
21/02/2022;950;890;950;890;2 218;2 040 560;6.74%
22/02/2022;880;900;900;880;5 456;4 855 840;-7.37%
23/02/2022;850;875;875;850;10 866;9 371 925;-3.41%
24/02/2022;805;820;820;805;9 555;7 763 438;-5.29%
25/02/2022;790;800;800;790;1 640;1 303 800;-1.86%
28/02/2022;780;780;780;780;5 825;4 543 500;-1.27%
01/03/2022;780;770;780;770;3 025;2 344 375;0.00%
02/03/2022;780;780;780;780;2 688;2 096 640;0.00%
03/03/2022;760;750;760;750;1 987;1 500 185;-2.56%
04/03/2022;760;775;775;760;1 854;1 422 945;0.00%
07/03/2022;740;710;740;710;952;690 200;-2.63%
08/03/2022;700;740;740;700;1 671;1 203 120;-5.41%
09/03/2022;650;700;700;650;2 294;1 548 450;-7.14%
10/03/2022;695;650;695;650;1 368;919 980;6.92%
11/03/2022;705;700;705;700;387;271 868;1.44%
14/03/2022;755;710;755;710;470;344 275;7.09%
15/03/2022;715;750;750;715;2 122;1 554 365;-5.30%
16/03/2022;740;740;740;740;1 248;923 520;3.50%
17/03/2022;740;740;740;740;355;262 700;0.00%
18/03/2022;745;740;745;740;3 847;2 856 398;0.68%
21/03/2022;755;770;770;755;602;459 025;1.34%
22/03/2022;775;750;775;750;1 474;1 123 925;2.65%
23/03/2022;760;770;770;760;2 439;1 865 835;-1.94%
24/03/2022;775;775;775;775;252;195 300;1.97%
25/03/2022;800;775;800;775;1 330;1 047 375;3.23%
28/03/2022;805;800;805;800;1 100;882 750;0.63%
29/03/2022;805;825;825;805;2 885;2 351 275;0.00%
30/03/2022;845;825;845;825;528;440 880;4.97%
31/03/2022;800;840;840;800;12 219;10 019 580;-5.33%
01/04/2022;810;800;810;800;777;625 485;1.25%
04/04/2022;770;770;770;770;1 132;871 640;-4.94%
05/04/2022;800;775;800;775;70;55 125;3.90%
06/04/2022;835;800;835;800;766;626 205;4.38%
07/04/2022;820;830;830;820;220;181 500;-1.80%
08/04/2022;800;800;800;800;412;329 600;-2.44%
11/04/2022;790;800;800;790;3 135;2 492 325;-1.25%
12/04/2022;820;790;820;790;6 446;5 189 030;3.80%
13/04/2022;820;815;820;815;7 108;5 810 790;0.00%
14/04/2022;800;815;815;800;852;687 990;-2.44%
15/04/2022;800;800;800;800;127;101 600;0.00%
19/04/2022;805;805;805;805;2 194;1 766 170;0.63%
20/04/2022;805;805;805;805;1 004;808 220;0.00%
21/04/2022;810;805;810;805;1 595;1 287 963;0.62%
22/04/2022;810;805;810;805;817;659 728;0.00%
25/04/2022;810;820;820;810;5 853;4 770 195;0.00%
26/04/2022;830;810;830;810;988;810 160;2.47%
27/04/2022;830;820;830;820;4 142;3 417 150;0.00%
28/04/2022;830;820;830;820;4 142;3 417 150;0.00%
29/04/2022;840;830;840;830;92;76 820;1.20%
02/05/2022;840;830;840;830;92;76 820;0.00%
03/05/2022;780;795;795;780;25 630;20 183 625;-7.14%
04/05/2022;725;725;725;725;2 013;1 459 425;-7.05%
05/05/2022;675;675;675;675;1 418;957 150;-6.90%
06/05/2022;625;625;625;625;2 806;1 753 750;-7.41%
09/05/2022;625;585;625;585;6 327;3 827 835;0.00%
10/05/2022;590;590;590;590;3 350;1 976 500;-5.60%
11/05/2022;590;590;590;590;1 668;984 120;0.00%
12/05/2022;590;590;590;590;105;61 950;0.00%
13/05/2022;590;625;625;590;1 997;1 213 178;0.00%
16/05/2022;630;625;630;625;2 719;1 706 173;6.78%
17/05/2022;655;630;655;630;4 068;2 613 690;3.97%
18/05/2022;625;625;625;625;479;299 375;-4.58%
19/05/2022;630;625;630;625;2 264;1 420 660;0.80%
20/05/2022;655;630;655;630;300;192 750;3.97%
23/05/2022;655;625;655;625;488;312 320;0.00%
24/05/2022;655;655;655;655;845;553 475;0.00%
25/05/2022;650;650;650;650;69;44 850;-0.76%
26/05/2022;650;650;650;650;69;44 850;0.00%
27/05/2022;645;650;650;645;790;511 525;-0.77%
30/05/2022;655;605;655;605;11 391;7 176 330;1.55%
31/05/2022;655;655;655;655;6 069;3 975 195;0.00%
01/06/2022;655;655;655;655;253;165 715;0.00%
02/06/2022;655;655;655;655;10;6 550;0.00%
03/06/2022;655;655;655;655;10;6 550;0.00%
07/06/2022;645;645;645;645;335;216 075;-1.53%
08/06/2022;630;600;630;600;313;192 495;-2.33%
09/06/2022;630;630;630;630;98;61 740;0.00%
10/06/2022;645;645;645;645;1;645;2.38%
13/06/2022;640;645;645;640;88;56 540;-0.78%
14/06/2022;640;640;640;640;120;76 800;0.00%
15/06/2022;630;630;630;630;50;31 500;-1.56%
16/06/2022;645;630;645;630;699;445 613;2.38%
17/06/2022;645;645;645;645;1;645;0.00%
20/06/2022;645;655;655;645;4 046;2 629 900;0.00%
21/06/2022;640;640;640;640;5;3 200;-0.78%
22/06/2022;645;645;645;645;20;12 900;0.78%
23/06/2022;640;640;640;640;155;99 200;-0.78%
24/06/2022;645;640;645;640;20;12 850;0.78%
27/06/2022;645;655;655;645;49;31 850;0.00%
28/06/2022;645;645;645;645;20;12 900;0.00%
29/06/2022;645;630;645;630;246;156 825;0.00%
30/06/2022;625;645;645;625;1 013;643 255;-3.10%
01/07/2022;625;645;645;625;1 013;643 255;0.00%
04/07/2022;620;625;625;620;469;291 953;-0.80%
05/07/2022;645;645;645;645;5;3 225;4.03%
06/07/2022;645;645;645;645;30;19 350;0.00%
07/07/2022;645;610;645;610;255;160 013;0.00%
08/07/2022;645;645;645;645;386;248 970;0.00%
11/07/2022;670;645;670;645;301;197 908;3.88%
12/07/2022;645;645;645;645;441;284 445;-3.73%
13/07/2022;640;645;645;640;223;143 278;-0.78%
14/07/2022;640;640;640;640;15;9 600;0.00%
15/07/2022;640;640;640;640;40;25 600;0.00%
18/07/2022;670;640;670;640;385;252 175;4.69%
19/07/2022;710;670;710;670;49;33 810;5.97%
20/07/2022;710;710;710;710;895;635 450;0.00%
21/07/2022;710;700;710;700;501;353 205;0.00%
22/07/2022;725;700;725;700;348;247 950;2.11%
25/07/2022;725;680;725;680;561;394 103;0.00%
26/07/2022;720;725;725;720;200;144 500;-0.69%
27/07/2022;720;710;720;710;193;137 995;0.00%
28/07/2022;720;720;720;720;1;720;0.00%
29/07/2022;720;720;720;720;172;123 840;0.00%
01/08/2022;715;720;720;715;580;416 150;-0.69%
02/08/2022;715;720;720;715;580;416 150;0.00%
03/08/2022;710;670;710;670;1 076;742 440;-0.70%
04/08/2022;710;660;710;660;1 101;754 185;0.00%
05/08/2022;700;710;710;700;64;45 120;-1.41%
08/08/2022;700;710;710;700;64;45 120;0.00%
09/08/2022;665;695;695;665;1 326;901 680;-5.00%
10/08/2022;690;700;700;690;23;15 985;3.76%
11/08/2022;690;685;690;685;4 181;2 874 438;0.00%
12/08/2022;700;660;700;660;1 781;1 211 080;1.45%
15/08/2022;700;660;700;660;1 781;1 211 080;0.00%
16/08/2022;695;685;695;685;1 290;890 100;-0.71%
17/08/2022;645;645;645;645;100;64 500;-7.19%
18/08/2022;690;690;690;690;1 416;977 040;6.98%
19/08/2022;690;690;690;690;70;48 300;0.00%
22/08/2022;700;685;700;685;6 064;4 199 320;1.45%
23/08/2022;710;695;710;695;4 115;2 890 788;1.43%
24/08/2022;710;715;715;710;353;251 513;0.00%
25/08/2022;710;710;710;710;20;14 200;0.00%
26/08/2022;710;710;710;710;288;204 480;0.00%
29/08/2022;710;710;710;710;80;56 800;0.00%
30/08/2022;710;710;710;710;26;18 460;0.00%
31/08/2022;725;710;725;710;5 661;4 061 768;2.11%
01/09/2022;680;725;725;680;65;45 663;-6.21%
02/09/2022;680;725;725;680;65;45 663;0.00%
05/09/2022;680;680;680;680;214;145 520;0.00%
06/09/2022;680;680;680;680;165;112 200;0.00%
07/09/2022;680;640;680;640;100;66 000;0.00%
08/09/2022;680;715;715;680;280;195 300;0.00%
09/09/2022;680;680;680;680;105;71 400;0.00%
12/09/2022;635;680;680;635;208;136 760;-6.62%
13/09/2022;665;605;665;605;1 332;845 820;4.72%
14/09/2022;660;660;660;660;41;27 060;-0.75%
15/09/2022;660;660;660;660;1 249;824 340;0.00%
16/09/2022;660;660;660;660;161;106 260;0.00%
19/09/2022;660;660;660;660;91;60 060;0.00%
20/09/2022;680;660;680;660;2 196;1 471 320;3.03%
21/09/2022;715;630;715;630;2 151;1 446 548;5.15%
22/09/2022;715;715;715;715;18;12 870;0.00%
23/09/2022;705;710;710;705;564;399 030;-1.40%
26/09/2022;700;700;700;700;35;24 500;-0.71%
27/09/2022;700;700;700;700;4;2 800;0.00%
28/09/2022;700;700;700;700;20;14 000;0.00%
29/09/2022;700;695;700;695;104;72 540;0.00%
30/09/2022;695;700;700;695;67;46 733;-0.71%
03/10/2022;695;700;700;695;30;20 925;0.00%
04/10/2022;695;645;695;645;473;316 910;0.00%
05/10/2022;650;695;695;650;151;101 548;-6.47%
06/10/2022;650;650;650;650;60;39 000;0.00%
07/10/2022;650;660;660;650;44;28 820;0.00%
10/10/2022;695;650;695;650;192;129 120;6.92%
11/10/2022;650;690;690;650;131;87 770;-6.47%
12/10/2022;650;645;650;645;20 220;13 092 450;0.00%
13/10/2022;650;650;650;650;7 558;4 912 700;0.00%
14/10/2022;650;650;650;650;10;6 500;0.00%
17/10/2022;650;650;650;650;5;3 250;0.00%
18/10/2022;650;650;650;650;231;150 150;0.00%
19/10/2022;650;650;650;650;1 275;828 750;0.00%
20/10/2022;695;650;695;650;10 212;6 867 570;6.92%
21/10/2022;715;695;715;695;5 006;3 529 230;2.88%
24/10/2022;715;715;715;715;25;17 875;0.00%
25/10/2022;710;710;710;710;1;710;-0.70%
26/10/2022;720;710;720;710;10 745;7 682 675;1.41%
27/10/2022;725;670;725;670;170;118 575;0.69%
28/10/2022;760;720;760;720;14 138;10 462 120;4.83%
31/10/2022;760;720;760;720;14 138;10 462 120;0.00%
01/11/2022;760;760;760;760;7;5 320;0.00%
02/11/2022;795;805;805;795;2 083;1 666 400;4.61%
03/11/2022;795;805;805;795;2 083;1 666 400;0.00%
04/11/2022;780;750;780;750;111;84 915;-1.89%
07/11/2022;795;780;795;780;4 370;3 441 375;1.92%
08/11/2022;780;795;795;780;257;202 388;-1.89%
09/11/2022;780;780;780;780;600;468 000;0.00%
10/11/2022;780;780;780;780;600;468 000;0.00%
14/11/2022;780;780;780;780;3 616;2 820 480;0.00%
15/11/2022;780;780;780;780;3 616;2 820 480;0.00%
16/11/2022;780;780;780;780;3 616;2 820 480;0.00%
18/11/2022;725;725;725;725;22;15 950;-7.05%
21/11/2022;725;725;725;725;22;15 950;0.00%
23/11/2022;725;725;725;725;3;2 175;0.00%
24/11/2022;725;675;725;675;70;49 000;0.00%
25/11/2022;725;725;725;725;6;4 350;0.00%
28/11/2022;720;720;720;720;10;7 200;-0.69%
29/11/2022;720;720;720;720;10;7 200;0.00%
30/11/2022;720;720;720;720;10;7 200;0.00%
01/12/2022;720;720;720;720;10;7 200;0.00%
02/12/2022;720;720;720;720;10;7 200;0.00%
05/12/2022;710;665;710;665;1 039;714 313;-1.39%
06/12/2022;725;710;725;710;4 354;3 123 995;2.11%
07/12/2022;725;710;725;710;4 354;3 123 995;0.00%
09/12/2022;775;720;775;720;1 411;1 054 723;6.90%
12/12/2022;800;770;800;770;921;722 985;3.23%
13/12/2022;800;795;800;795;25;19 938;0.00%
14/12/2022;800;795;800;795;25;19 938;0.00%
15/12/2022;795;795;795;795;25;19 875;-0.63%
16/12/2022;795;795;795;795;5;3 975;0.00%
19/12/2022;740;740;740;740;8;5 920;-6.92%
20/12/2022;750;685;750;685;155;111 213;1.35%
21/12/2022;750;745;750;745;150;112 125;0.00%
22/12/2022;700;750;750;700;23;16 675;-6.67%
23/12/2022;750;700;750;700;82;59 450;7.14%
26/12/2022;750;700;750;700;82;59 450;0.00%
27/12/2022;795;800;800;795;684;545 490;6.00%
28/12/2022;790;790;790;790;500;395 000;-0.63%
29/12/2022;790;790;790;790;500;395 000;0.00%
30/12/2022;800;790;800;790;1 348;1 071 660;1.27%
02/01/2023;800;790;800;790;1 348;1 071 660;0.00%
04/01/2023;740;750;750;740;4;2 980;-7.50%
05/01/2023;750;750;750;750;30;22 500;1.35%
06/01/2023;695;750;750;695;91;65 748;-7.33%
09/01/2023;690;690;690;690;99;68 310;-0.72%
10/01/2023;640;645;645;640;165;106 013;-7.25%
11/01/2023;640;635;640;635;64;40 800;0.00%
12/01/2023;640;640;640;640;27;17 280;0.00%
13/01/2023;635;635;635;635;890;565 150;-0.78%
16/01/2023;635;640;640;635;282;179 775;0.00%
17/01/2023;635;600;635;600;900;555 750;0.00%
18/01/2023;635;600;635;600;900;555 750;0.00%
19/01/2023;640;640;640;640;1;640;0.79%
20/01/2023;640;640;640;640;1;640;0.00%
24/01/2023;640;640;640;640;100;64 000;0.00%
25/01/2023;685;650;685;650;31;20 693;7.03%
26/01/2023;685;685;685;685;106;72 610;0.00%
27/01/2023;700;685;700;685;1 004;695 270;2.19%
30/01/2023;700;685;700;685;1 004;695 270;0.00%
31/01/2023;700;700;700;700;8;5 600;0.00%
01/02/2023;700;700;700;700;30;21 000;0.00%
02/02/2023;695;695;695;695;60;41 700;-0.71%
03/02/2023;695;695;695;695;60;41 700;0.00%
06/02/2023;695;695;695;695;155;107 725;0.00%
07/02/2023;645;645;645;645;134;86 430;-7.19%
08/02/2023;650;650;650;650;220;143 000;0.78%
09/02/2023;610;610;610;610;19;11 590;-6.15%
10/02/2023;650;650;650;650;3 602;2 341 300;6.56%
13/02/2023;650;650;650;650;3 602;2 341 300;0.00%
14/02/2023;695;650;695;650;3 030;2 037 675;6.92%
15/02/2023;695;695;695;695;50;34 750;0.00%
16/02/2023;695;695;695;695;50;34 750;0.00%
23/02/2023;650;695;695;650;59;39 678;-6.47%
24/02/2023;695;650;695;650;70;47 075;6.92%
27/02/2023;685;685;685;685;3;2 055;-1.44%
28/02/2023;695;635;695;635;170;113 050;1.46%
01/03/2023;695;695;695;695;10;6 950;0.00%
02/03/2023;695;695;695;695;10;6 950;0.00%
07/03/2023;690;690;690;690;20;13 800;-0.72%
08/03/2023;650;650;650;650;200;130 000;-5.80%
09/03/2023;690;650;690;650;85;56 950;6.15%
10/03/2023;690;690;690;690;71;48 990;0.00%
13/03/2023;680;680;680;680;40;27 200;-1.45%
14/03/2023;690;680;690;680;110;75 350;1.47%
15/03/2023;690;690;690;690;280;193 200;0.00%
16/03/2023;690;690;690;690;280;193 200;0.00%
17/03/2023;690;650;690;650;254;170 180;0.00%
20/03/2023;685;685;685;685;55;37 675;-0.72%
21/03/2023;635;635;635;635;10;6 350;-7.30%
22/03/2023;610;610;610;610;1 575;960 750;-3.94%
23/03/2023;645;640;645;640;80;51 400;5.74%
24/03/2023;690;690;690;690;51;35 190;6.98%
27/03/2023;690;690;690;690;5;3 450;0.00%
28/03/2023;690;690;690;690;5;3 450;0.00%
29/03/2023;690;640;690;640;2 470;1 642 550;0.00%
30/03/2023;690;690;690;690;35;24 150;0.00%
31/03/2023;680;680;680;680;35;23 800;-1.45%
03/04/2023;680;680;680;680;391;265 880;0.00%
04/04/2023;680;680;680;680;391;265 880;0.00%
12/04/2023;680;680;680;680;70;47 600;0.00%
13/04/2023;680;680;680;680;435;295 800;0.00%
14/04/2023;680;680;680;680;12;8 160;0.00%
17/04/2023;675;630;675;630;88;57 420;-0.74%
18/04/2023;675;630;675;630;88;57 420;0.00%
19/04/2023;675;665;675;665;100;67 000;0.00%
20/04/2023;675;665;675;665;100;67 000;0.00%
24/04/2023;670;670;670;670;325;217 750;-0.74%
25/04/2023;670;670;670;670;200;134 000;0.00%
26/04/2023;670;670;670;670;161;107 870;0.00%
27/04/2023;670;670;670;670;315;211 050;0.00%
28/04/2023;665;670;670;665;2 335;1 558 613;-0.75%
01/05/2023;665;670;670;665;2 335;1 558 613;0.00%
02/05/2023;665;670;670;665;2 335;1 558 613;0.00%
04/05/2023;665;650;665;650;689;453 018;0.00%
05/05/2023;665;665;665;665;10;6 650;0.00%
08/05/2023;650;620;650;620;257;163 195;-2.26%
09/05/2023;650;620;650;620;257;163 195;0.00%
10/05/2023;605;620;620;605;250;153 125;-6.92%
11/05/2023;650;650;650;650;5;3 250;7.44%
12/05/2023;650;650;650;650;5;3 250;0.00%
15/05/2023;605;690;690;605;1 460;945 350;-6.92%
16/05/2023;620;615;620;615;46;28 405;2.48%
17/05/2023;660;660;660;660;30;19 800;6.45%
18/05/2023;660;660;660;660;30;19 800;0.00%
19/05/2023;670;670;670;670;67;44 890;1.52%
22/05/2023;670;670;670;670;30;20 100;0.00%
23/05/2023;660;660;660;660;45;29 700;-1.49%
24/05/2023;660;650;660;650;243;159 165;0.00%
25/05/2023;660;660;660;660;40;26 400;0.00%
26/05/2023;670;655;670;655;988;654 550;1.52%
29/05/2023;670;655;670;655;988;654 550;0.00%
30/05/2023;690;660;690;660;2 190;1 478 250;2.99%
31/05/2023;680;680;680;680;65;44 200;-1.45%
01/06/2023;680;680;680;680;89;60 520;0.00%
02/06/2023;680;680;680;680;89;60 520;0.00%
05/06/2023;680;630;680;630;126;82 530;0.00%
06/06/2023;680;630;680;630;218;142 790;0.00%
07/06/2023;680;680;680;680;111;75 480;0.00%
08/06/2023;680;680;680;680;394;267 920;0.00%
09/06/2023;680;680;680;680;95;64 600;0.00%
12/06/2023;680;680;680;680;95;64 600;0.00%
15/06/2023;675;675;675;675;145;97 875;-0.74%
16/06/2023;675;675;675;675;25;16 875;0.00%
19/06/2023;675;680;680;675;45;30 488;0.00%
20/06/2023;680;645;680;645;310;205 375;0.74%
21/06/2023;680;680;680;680;115;78 200;0.00%
22/06/2023;680;680;680;680;15;10 200;0.00%
23/06/2023;680;680;680;680;15;10 200;0.00%
27/06/2023;680;680;680;680;38;25 840;0.00%
28/06/2023;680;680;680;680;38;25 840;0.00%
29/06/2023;695;680;695;680;6 188;4 254 250;2.21%
30/06/2023;695;695;695;695;2;1 390;0.00%
03/07/2023;695;695;695;695;4 753;3 303 335;0.00%
04/07/2023;695;695;695;695;4 753;3 303 335;0.00%
05/07/2023;695;695;695;695;15;10 425;0.00%
06/07/2023;695;695;695;695;209;145 255;0.00%
07/07/2023;695;695;695;695;209;145 255;0.00%
10/07/2023;700;700;700;700;10;7 000;0.72%
11/07/2023;700;700;700;700;10;7 000;0.00%
12/07/2023;695;695;695;695;141;97 995;-0.71%
13/07/2023;690;695;695;690;471;326 168;-0.72%
14/07/2023;690;695;695;690;471;326 168;0.00%
17/07/2023;690;690;690;690;200;138 000;0.00%
18/07/2023;690;685;690;685;363;249 563;0.00%
19/07/2023;690;690;690;690;15;10 350;0.00%
20/07/2023;690;690;690;690;55;37 950;0.00%
21/07/2023;690;690;690;690;157;108 330;0.00%
24/07/2023;690;690;690;690;157;108 330;0.00%
26/07/2023;690;690;690;690;42;28 980;0.00%
27/07/2023;685;685;685;685;502;343 870;-0.72%
28/07/2023;700;685;700;685;914;632 945;2.19%
31/07/2023;700;700;700;700;110;77 000;0.00%
01/08/2023;700;700;700;700;110;77 000;0.00%
02/08/2023;700;700;700;700;173;121 100;0.00%
03/08/2023;685;685;685;685;71;48 635;-2.14%
04/08/2023;700;635;700;635;2 730;1 822 275;2.19%
07/08/2023;700;635;700;635;2 730;1 822 275;0.00%
08/08/2023;700;700;700;700;3;2 100;0.00%
09/08/2023;700;700;700;700;10;7 000;0.00%
10/08/2023;680;650;680;650;79;52 535;-2.86%
11/08/2023;680;650;680;650;79;52 535;0.00%
17/08/2023;675;675;675;675;190;128 250;-0.74%
18/08/2023;675;675;675;675;300;202 500;0.00%
21/08/2023;675;675;675;675;300;202 500;0.00%
22/08/2023;660;660;660;660;35;23 100;-2.22%
23/08/2023;650;650;650;650;225;146 250;-1.52%
24/08/2023;645;645;645;645;95;61 275;-0.77%
25/08/2023;645;645;645;645;35;22 575;0.00%
28/08/2023;650;650;650;650;71;46 150;0.78%
29/08/2023;630;605;630;605;425;262 438;-3.08%
30/08/2023;630;630;630;630;386;243 180;0.00%
31/08/2023;630;630;630;630;41;25 830;0.00%
01/09/2023;610;630;630;610;130;80 600;-3.17%
04/09/2023;610;630;630;610;599;371 380;0.00%
05/09/2023;630;610;630;610;96;59 520;3.28%
06/09/2023;630;610;630;610;400;248 000;0.00%
07/09/2023;630;630;630;630;22;13 860;0.00%
08/09/2023;630;630;630;630;484;304 920;0.00%
11/09/2023;630;630;630;630;150;94 500;0.00%
12/09/2023;630;630;630;630;75;47 250;0.00%
13/09/2023;670;630;670;630;1 958;1 272 700;6.35%
14/09/2023;665;675;675;665;127;85 090;-0.75%
15/09/2023;665;665;665;665;3;1 995;0.00%
18/09/2023;660;660;660;660;2;1 320;-0.75%
19/09/2023;655;660;660;655;211;138 733;-0.76%
20/09/2023;650;620;650;620;485;307 975;-0.76%
21/09/2023;650;620;650;620;485;307 975;0.00%
22/09/2023;650;650;650;650;60;39 000;0.00%
25/09/2023;645;645;645;645;4;2 580;-0.77%
26/09/2023;645;645;645;645;48;30 960;0.00%
27/09/2023;645;645;645;645;48;30 960;0.00%
28/09/2023;640;645;645;640;407;261 498;-0.78%
29/09/2023;640;645;645;640;407;261 498;0.00%
02/10/2023;635;635;635;635;26;16 510;-0.78%
03/10/2023;635;635;635;635;58;36 830;0.00%
04/10/2023;640;635;640;635;1 209;770 738;0.79%
05/10/2023;625;640;640;625;270;170 775;-2.34%
06/10/2023;640;625;640;625;1 829;1 156 843;2.40%
09/10/2023;640;640;640;640;19;12 160;0.00%
10/10/2023;640;645;645;640;100;64 250;0.00%
11/10/2023;635;635;635;635;32;20 320;-0.78%
12/10/2023;610;610;610;610;193;117 730;-3.94%
13/10/2023;635;610;635;610;50;31 125;4.10%
16/10/2023;635;635;635;635;103;65 405;0.00%
17/10/2023;635;635;635;635;103;65 405;0.00%
18/10/2023;615;635;635;615;34;21 250;-3.15%
19/10/2023;625;615;625;615;19;11 780;1.63%
20/10/2023;625;625;625;625;6;3 750;0.00%
23/10/2023;620;620;620;620;24;14 880;-0.80%
24/10/2023;615;620;620;615;21;12 968;-0.81%
25/10/2023;610;615;615;610;83;50 838;-0.81%
26/10/2023;615;615;615;615;5;3 075;0.82%
27/10/2023;620;620;620;620;150;93 000;0.81%
30/10/2023;615;615;615;615;104;63 960;-0.81%
31/10/2023;600;615;615;600;224;136 080;-2.44%
01/11/2023;600;615;615;600;224;136 080;0.00%
02/11/2023;590;580;590;580;666;389 610;-1.67%
03/11/2023;590;555;590;555;593;339 493;0.00%
06/11/2023;630;590;630;590;955;582 550;6.78%
07/11/2023;600;590;600;590;941;559 895;-4.76%
08/11/2023;600;600;600;600;228;136 800;0.00%
09/11/2023;600;600;600;600;29;17 400;0.00%
10/11/2023;600;600;600;600;303;181 800;0.00%
13/11/2023;600;600;600;600;25;15 000;0.00%
14/11/2023;600;600;600;600;102;61 200;0.00%
15/11/2023;600;600;600;600;102;61 200;0.00%
16/11/2023;600;600;600;600;74;44 400;0.00%
17/11/2023;600;600;600;600;3;1 800;0.00%
20/11/2023;595;600;600;595;239;142 803;-0.83%
21/11/2023;595;595;595;595;196;116 620;0.00%
22/11/2023;630;590;630;590;2 679;1 634 190;5.88%
23/11/2023;660;630;660;630;1 550;999 750;4.76%
24/11/2023;640;650;650;640;170;109 650;-3.03%
27/11/2023;635;595;635;595;5 940;3 653 100;-0.78%
29/11/2023;625;630;630;625;1 119;702 173;-1.57%
01/12/2023;615;620;620;615;16;9 880;-1.60%
04/12/2023;615;615;615;615;227;139 605;0.00%
05/12/2023;615;615;615;615;1 047;643 905;0.00%
06/12/2023;660;615;660;615;221;140 888;7.32%
07/12/2023;660;615;660;615;12;7 650;0.00%
11/12/2023;690;690;690;690;3 155;2 176 950;4.55%
12/12/2023;660;660;660;660;2;1 320;-4.35%
15/12/2023;705;615;705;615;4 858;3 206 280;6.82%
18/12/2023;680;700;700;680;49;33 810;-3.55%
19/12/2023;680;630;680;630;617;404 135;0.00%
21/12/2023;680;630;680;630;5 951;3 897 905;0.00%
22/12/2023;730;670;730;670;6 100;4 270 000;7.35%
25/12/2023;730;670;730;670;6 100;4 270 000;0.00%
26/12/2023;750;700;750;700;646;468 350;2.74%
27/12/2023;745;700;745;700;2 615;1 889 338;-0.67%
28/12/2023;750;745;750;745;2 432;1 817 920;0.67%
29/12/2023;725;725;725;725;57;41 325;-3.33%
01/01/2024;725;725;725;725;57;41 325;0.00%
02/01/2024;740;725;740;725;400;293 000;2.07%
03/01/2024;725;725;725;725;9;6 525;-2.03%
04/01/2024;700;700;700;700;15;10 500;-3.45%
05/01/2024;740;700;740;700;60 171;43 323 120;5.71%
08/01/2024;685;685;685;685;72;49 320;-7.43%
09/01/2024;730;685;730;685;159;112 493;6.57%
10/01/2024;720;680;720;680;84;58 800;-1.37%
11/01/2024;670;670;670;670;50;33 500;-6.94%
15/01/2024;670;670;670;670;136;91 120;0.00%
16/01/2024;670;670;670;670;81;54 270;0.00%
17/01/2024;670;670;670;670;10;6 700;0.00%
19/01/2024;650;650;650;650;7;4 550;-2.99%
22/01/2024;605;605;605;605;228;137 940;-6.92%
23/01/2024;600;605;605;600;662;398 855;-0.83%
24/01/2024;600;590;600;590;89;52 955;0.00%
25/01/2024;600;600;600;600;325;195 000;0.00%
26/01/2024;595;600;600;595;317;189 408;-0.83%
29/01/2024;635;595;635;595;4 033;2 480 295;6.72%
30/01/2024;680;590;680;590;6 815;4 327 525;7.09%
31/01/2024;650;650;650;650;3;1 950;-4.41%
01/02/2024;650;650;650;650;80;52 000;0.00%
02/02/2024;630;630;630;630;53;33 390;-3.08%
05/02/2024;630;630;630;630;5;3 150;0.00%
06/02/2024;590;600;600;590;2 317;1 378 615;-6.35%
07/02/2024;585;590;590;585;87;51 113;-0.85%
08/02/2024;585;585;585;585;1 047;612 495;0.00%
09/02/2024;590;590;590;590;124;73 160;0.85%
12/02/2024;590;590;590;590;124;73 160;0.00%
13/02/2024;625;600;625;600;2 187;1 339 538;5.93%
14/02/2024;625;625;625;625;35;21 875;0.00%
15/02/2024;625;625;625;625;1;625;0.00%
16/02/2024;625;585;625;585;643;389 015;0.00%
19/02/2024;670;590;670;590;672;423 360;7.20%
20/02/2024;670;620;670;620;1 156;745 620;0.00%
21/02/2024;680;670;680;670;565;381 375;1.49%
22/02/2024;690;680;690;680;1 680;1 150 800;1.47%
23/02/2024;690;680;690;680;563;385 655;0.00%
26/02/2024;700;690;700;690;592;411 440;1.45%
27/02/2024;700;690;700;690;130;90 350;0.00%
28/02/2024;750;695;750;695;1 853;1 338 793;7.14%
04/03/2024;720;720;720;720;28;20 160;-4.00%
05/03/2024;690;690;690;690;1 562;1 077 780;-4.17%
06/03/2024;685;685;685;685;101;69 185;-0.72%
07/03/2024;685;680;685;680;2 023;1 380 698;0.00%
11/03/2024;680;635;680;635;260;170 950;-0.73%
12/03/2024;675;675;675;675;10;6 750;-0.74%
13/03/2024;675;625;675;625;104;67 600;0.00%
14/03/2024;675;625;675;625;104;67 600;0.00%
19/03/2024;655;625;655;625;455;291 200;-2.96%
20/03/2024;670;610;670;610;2 938;1 880 320;2.29%
21/03/2024;670;620;670;620;458;295 410;0.00%
26/03/2024;665;670;670;665;246;164 205;-0.75%
27/03/2024;660;655;660;655;355;233 413;-0.75%
28/03/2024;665;650;665;650;125;82 188;0.76%
29/03/2024;660;620;660;620;113;72 320;-0.75%
01/04/2024;660;620;660;620;113;72 320;0.00%
02/04/2024;645;650;650;645;65;42 088;-2.27%
03/04/2024;660;610;660;610;394;250 190;2.33%
04/04/2024;675;660;675;660;432;288 360;2.27%
05/04/2024;675;660;675;660;432;288 360;0.00%
08/04/2024;665;665;665;665;10;6 650;-1.48%
09/04/2024;665;620;665;620;447;287 198;0.00%
10/04/2024;665;620;665;620;447;287 198;0.00%
11/04/2024;665;645;665;645;251;164 405;0.00%
12/04/2024;660;660;660;660;21;13 860;-0.75%
15/04/2024;645;615;645;615;1 723;1 085 490;-2.27%
16/04/2024;660;600;660;600;637;401 310;2.33%
17/04/2024;655;655;655;655;2;1 310;-0.76%
18/04/2024;650;650;650;650;1;650;-0.76%
19/04/2024;650;650;650;650;1;650;0.00%
22/04/2024;650;610;650;610;264;166 320;0.00%
23/04/2024;695;695;695;695;9 333;6 486 435;6.92%
24/04/2024;745;745;745;745;4 502;3 353 990;7.19%
25/04/2024;765;750;765;750;3 948;2 990 610;2.68%
26/04/2024;745;750;750;745;4 364;3 262 090;-2.61%
29/04/2024;740;740;740;740;2 050;1 517 000;-0.67%
30/04/2024;760;740;760;740;3 050;2 287 500;2.70%
01/05/2024;760;740;760;740;3 050;2 287 500;0.00%
02/05/2024;765;765;765;765;7 416;5 673 240;0.66%
03/05/2024;765;765;765;765;811;620 415;0.00%
06/05/2024;760;750;760;750;193;145 715;-0.65%
07/05/2024;755;750;755;750;1 066;802 165;-0.66%
08/05/2024;755;755;755;755;656;495 280;0.00%
09/05/2024;755;755;755;755;656;495 280;0.00%
10/05/2024;755;755;755;755;5 531;4 175 905;0.00%
13/05/2024;750;755;755;750;1 640;1 234 100;-0.66%
14/05/2024;745;745;745;745;25;18 625;-0.67%
15/05/2024;745;745;745;745;343;255 535;0.00%
16/05/2024;745;745;745;745;343;255 535;0.00%
17/05/2024;750;720;750;720;2 038;1 497 930;0.67%
20/05/2024;750;720;750;720;2 038;1 497 930;0.00%
21/05/2024;735;750;750;735;147;109 148;-2.00%
22/05/2024;745;735;745;735;1 233;912 420;1.36%
23/05/2024;745;745;745;745;135;100 575;0.00%
24/05/2024;745;745;745;745;38;28 310;0.00%
27/05/2024;765;745;765;745;1 359;1 026 045;2.68%
28/05/2024;750;750;750;750;2 773;2 079 750;-1.96%
29/05/2024;800;750;800;750;16 102;12 479 050;6.67%
30/05/2024;845;860;860;845;1 238;1 055 395;5.63%
31/05/2024;845;785;845;785;1 005;819 075;0.00%
03/06/2024;830;830;830;830;658;546 140;-1.78%
04/06/2024;825;830;830;825;406;335 965;-0.60%
05/06/2024;840;800;840;800;1 151;943 820;1.82%
06/06/2024;845;840;845;840;588;495 390;0.60%
07/06/2024;835;845;845;835;1 013;850 920;-1.18%
10/06/2024;835;840;840;835;657;550 238;0.00%
11/06/2024;835;835;835;835;719;600 365;0.00%
12/06/2024;835;835;835;835;4 342;3 625 570;0.00%
13/06/2024;870;890;890;870;1 867;1 642 960;4.19%
14/06/2024;870;870;870;870;320;278 400;0.00%
18/06/2024;870;870;870;870;765;665 550;0.00%
19/06/2024;880;815;880;815;881;746 648;1.15%
20/06/2024;880;880;880;880;850;748 000;0.00%
21/06/2024;850;835;850;835;214;180 295;-3.41%
24/06/2024;840;850;850;840;116;98 020;-1.18%
25/06/2024;815;835;835;815;331;273 075;-2.98%
26/06/2024;795;800;800;795;921;734 498;-2.45%
27/06/2024;795;745;795;745;856;659 120;0.00%
28/06/2024;845;740;845;740;3 574;2 832 395;6.29%
01/07/2024;795;840;840;795;1 249;1 021 058;-5.92%
02/07/2024;810;795;810;795;275;220 688;1.89%
03/07/2024;785;790;790;785;349;274 838;-3.09%
04/07/2024;775;785;785;775;184;143 520;-1.27%
05/07/2024;770;760;770;760;230;175 950;-0.65%
08/07/2024;795;720;795;720;915;693 113;3.25%
09/07/2024;790;795;795;790;950;752 875;-0.63%
10/07/2024;790;790;790;790;83;65 570;0.00%
11/07/2024;785;790;790;785;13;10 238;-0.63%
12/07/2024;790;790;790;790;105;82 950;0.64%
15/07/2024;790;790;790;790;13;10 270;0.00%
16/07/2024;780;785;785;780;31;24 258;-1.27%
17/07/2024;775;775;775;775;30;23 250;-0.64%
18/07/2024;770;770;770;770;156;120 120;-0.65%
19/07/2024;770;770;770;770;155;119 350;0.00%
22/07/2024;770;745;770;745;988;748 410;0.00%
23/07/2024;785;770;785;770;490;380 975;1.95%
24/07/2024;775;770;775;770;465;359 213;-1.27%
25/07/2024;780;720;780;720;52;39 000;0.65%
26/07/2024;780;780;780;780;56;43 680;0.00%
29/07/2024;775;765;775;765;348;267 960;-0.64%
30/07/2024;780;775;780;775;53;41 208;0.65%
31/07/2024;775;780;780;775;1 041;809 378;-0.64%
01/08/2024;775;775;775;775;878;680 450;0.00%
02/08/2024;770;775;775;770;23;17 768;-0.65%
05/08/2024;770;775;775;770;366;282 735;0.00%
06/08/2024;770;770;770;770;24;18 480;0.00%
07/08/2024;770;770;770;770;24;18 480;0.00%
08/08/2024;765;770;770;765;537;412 148;-0.65%
09/08/2024;765;760;765;760;626;477 325;0.00%
12/08/2024;765;715;765;715;107;79 180;0.00%
13/08/2024;770;765;770;765;678;520 365;0.65%
14/08/2024;770;765;770;765;630;483 525;0.00%
15/08/2024;770;765;770;765;630;483 525;0.00%
16/08/2024;765;770;770;765;157;120 498;-0.65%
19/08/2024;770;770;770;770;76;58 520;0.65%
20/08/2024;720;770;770;720;343;255 535;-6.49%
21/08/2024;770;715;770;715;500;371 250;6.94%
22/08/2024;770;770;770;770;33;25 410;0.00%
23/08/2024;765;770;770;765;217;166 548;-0.65%
26/08/2024;770;765;770;765;38 986;29 921 755;0.65%
27/08/2024;785;770;785;770;502;390 305;1.95%
28/08/2024;780;785;785;780;12;9 390;-0.64%
29/08/2024;785;785;785;785;200;157 000;0.64%
30/08/2024;785;785;785;785;302;237 070;0.00%
02/09/2024;730;785;785;730;1 321;1 000 658;-7.01%
03/09/2024;740;740;740;740;1 036;766 640;1.37%
04/09/2024;785;740;785;740;1 668;1 271 850;6.08%
05/09/2024;785;785;785;785;1 349;1 058 965;0.00%
06/09/2024;780;785;785;780;2 194;1 716 805;-0.64%
09/09/2024;780;735;780;735;56;42 420;0.00%
10/09/2024;785;725;785;725;408;308 040;0.64%
11/09/2024;775;735;775;735;30;22 650;-1.27%
12/09/2024;770;770;770;770;12;9 240;-0.65%
13/09/2024;720;715;720;715;685;491 488;-6.49%
16/09/2024;770;720;770;720;180;134 100;6.94%
17/09/2024;770;770;770;770;28;21 560;0.00%
18/09/2024;720;715;720;715;582;417 585;-6.49%
19/09/2024;770;725;770;725;113;84 468;6.94%
20/09/2024;785;765;785;765;154 452;119 700 300;1.95%
23/09/2024;775;770;775;770;149;115 103;-1.27%
24/09/2024;770;770;770;770;302;232 540;-0.65%
25/09/2024;775;770;775;770;382;295 095;0.65%
26/09/2024;775;775;775;775;1 020;790 500;0.00%
27/09/2024;775;720;775;720;6 353;4 748 868;0.00%
30/09/2024;780;775;780;775;234;181 935;0.65%
01/10/2024;780;785;785;780;31;24 258;0.00%
02/10/2024;770;770;770;770;71;54 670;-1.28%
03/10/2024;770;770;770;770;100;77 000;0.00%
04/10/2024;765;770;770;765;514;394 495;-0.65%
07/10/2024;765;765;765;765;171;130 815;0.00%
08/10/2024;765;715;765;715;32 803;24 274 220;0.00%
09/10/2024;765;710;765;710;601;443 238;0.00%
10/10/2024;765;765;765;765;7 134;5 457 510;0.00%
11/10/2024;765;765;765;765;261;199 665;0.00%
14/10/2024;765;765;765;765;22;16 830;0.00%
15/10/2024;760;760;760;760;2;1 520;-0.65%
16/10/2024;815;765;815;765;11 093;8 763 470;7.24%
17/10/2024;815;815;815;815;470;383 050;0.00%
18/10/2024;800;800;800;800;3 669;2 935 200;-1.84%
21/10/2024;800;800;800;800;34;27 200;0.00%
22/10/2024;800;780;800;780;25;19 750;0.00%
23/10/2024;800;800;800;800;85;68 000;0.00%
24/10/2024;745;800;800;745;1 484;1 146 390;-6.88%
25/10/2024;740;735;740;735;557;410 788;-0.67%
28/10/2024;740;740;740;740;443;327 820;0.00%
29/10/2024;740;740;740;740;781;577 940;0.00%
30/10/2024;790;710;790;710;3 666;2 749 500;6.76%
31/10/2024;790;790;790;790;381;300 990;0.00%
01/11/2024;790;790;790;790;381;300 990;0.00%
04/11/2024;815;815;815;815;1 000;815 000;3.16%
05/11/2024;790;800;800;790;45;35 775;-3.07%
06/11/2024;750;785;785;750;129;99 008;-5.06%
07/11/2024;780;710;780;710;129;96 105;4.00%
08/11/2024;780;780;780;780;9;7 020;0.00%
11/11/2024;780;780;780;780;20;15 600;0.00%
12/11/2024;780;740;780;740;688;522 880;0.00%
13/11/2024;780;780;780;780;21;16 380;0.00%
14/11/2024;780;725;780;725;322;242 305;0.00%
15/11/2024;780;725;780;725;322;242 305;0.00%
18/11/2024;765;765;765;765;810;619 650;-1.92%
19/11/2024;775;765;775;765;4 441;3 419 570;1.31%
20/11/2024;765;780;780;765;189;146 003;-1.29%
21/11/2024;765;715;765;715;151;111 740;0.00%
22/11/2024;765;765;765;765;18;13 770;0.00%
25/11/2024;765;720;765;720;489;363 083;0.00%
26/11/2024;765;765;765;765;5;3 825;0.00%
27/11/2024;760;765;765;760;176;134 200;-0.65%
28/11/2024;780;760;780;760;848;652 960;2.63%
29/11/2024;780;740;780;740;2 064;1 568 640;0.00%
02/12/2024;780;780;780;780;10;7 800;0.00%
03/12/2024;775;725;775;725;405;303 750;-0.64%
04/12/2024;770;770;770;770;19;14 630;-0.65%
05/12/2024;770;770;770;770;3;2 310;0.00%
06/12/2024;770;770;770;770;15;11 550;0.00%
09/12/2024;770;770;770;770;32;24 640;0.00%
10/12/2024;760;760;760;760;21;15 960;-1.30%
11/12/2024;760;760;760;760;1 745;1 326 200;0.00%
12/12/2024;760;760;760;760;789;599 640;0.00%
13/12/2024;750;755;755;750;20;15 050;-1.32%
16/12/2024;740;750;750;740;39;29 055;-1.33%
17/12/2024;740;740;740;740;4;2 960;0.00%
18/12/2024;740;710;740;710;36;26 100;0.00%
19/12/2024;740;740;740;740;450;333 000;0.00%
20/12/2024;750;685;750;685;610;437 675;1.35%
23/12/2024;750;750;750;750;9;6 750;0.00%
27/12/2024;750;750;750;750;177;132 750;0.00%
30/12/2024;750;750;750;750;220;165 000;0.00%
31/12/2024;750;750;750;750;9;6 750;0.00%
01/01/2025;750;750;750;750;9;6 750;0.00%
02/01/2025;750;750;750;750;5;3 750;0.00%
03/01/2025;750;750;750;750;12;9 000;0.00%
06/01/2025;720;720;720;720;21;15 120;-4.00%
07/01/2025;720;720;720;720;389;280 080;0.00%
08/01/2025;700;720;720;700;47;33 370;-2.78%
09/01/2025;675;700;700;675;190;130 625;-3.57%
10/01/2025;720;675;720;675;1 114;777 015;6.67%
13/01/2025;710;710;710;710;1;710;-1.39%
14/01/2025;710;670;710;670;13;8 970;0.00%
16/01/2025;670;700;700;670;11;7 535;-5.63%
17/01/2025;695;620;695;620;408;268 260;3.73%
20/01/2025;690;645;690;645;626;417 855;-0.72%
21/01/2025;690;690;690;690;248;171 120;0.00%
22/01/2025;710;690;710;690;32 873;23 011 100;2.90%
23/01/2025;710;710;710;710;176;124 960;0.00%
24/01/2025;750;730;750;730;26;19 240;5.63%
27/01/2025;745;745;745;745;40;29 800;-0.67%
28/01/2025;745;745;745;745;58;43 210;0.00%
29/01/2025;745;710;745;710;85;61 838;0.00%
30/01/2025;745;745;745;745;58;43 210;0.00%
31/01/2025;740;740;740;740;2;1 480;-0.67%
03/02/2025;745;745;745;745;25;18 625;0.68%
05/02/2025;740;745;745;740;95;70 538;-0.67%
06/02/2025;710;710;710;710;33;23 430;-4.05%
07/02/2025;740;710;740;710;485;351 625;4.23%
10/02/2025;735;740;740;735;260;191 750;-0.68%
11/02/2025;725;735;735;725;393;286 890;-1.36%
12/02/2025;700;730;730;700;216;154 440;-3.45%
13/02/2025;730;700;730;700;23;16 445;4.29%
14/02/2025;730;730;730;730;245;178 850;0.00%
17/02/2025;725;730;730;725;18;13 095;-0.68%
18/02/2025;730;720;730;720;992;719 200;0.69%
19/02/2025;730;730;730;730;308;224 840;0.00%
20/02/2025;730;730;730;730;14;10 220;0.00%
21/02/2025;730;725;730;725;1 744;1 268 760;0.00%
24/02/2025;740;730;740;730;606;445 410;1.37%
25/02/2025;730;730;730;730;1 287;939 510;-1.35%
26/02/2025;730;730;730;730;105;76 650;0.00%
28/02/2025;730;730;730;730;1;730;0.00%
03/03/2025;740;740;740;740;89;65 860;1.37%
04/03/2025;740;740;740;740;451;333 740;0.00%
05/03/2025;735;690;735;690;1 461;1 040 963;-0.68%
06/03/2025;735;735;735;735;25;18 375;0.00%
07/03/2025;730;730;730;730;20;14 600;-0.68%
10/03/2025;685;735;735;685;19;13 490;-6.16%
11/03/2025;715;680;715;680;433;302 018;4.38%
12/03/2025;720;730;730;720;410;297 250;0.70%
13/03/2025;680;715;715;680;102;71 145;-5.56%
14/03/2025;680;680;680;680;1 255;853 400;0.00%
17/03/2025;720;725;725;720;74;53 465;5.88%
18/03/2025;720;720;720;720;323;232 560;0.00%
19/03/2025;725;715;725;715;1 198;862 560;0.69%
20/03/2025;725;725;725;725;10;7 250;0.00%
21/03/2025;730;730;730;730;6;4 380;0.69%
24/03/2025;730;730;730;730;776;566 480;0.00%
25/03/2025;730;730;730;730;4 522;3 301 060;0.00%
28/03/2025;730;720;730;720;789;572 025;0.00%
31/03/2025;730;720;730;720;789;572 025;0.00%
01/04/2025;730;730;730;730;88;64 240;0.00%
02/04/2025;730;730;730;730;1;730;0.00%
03/04/2025;730;730;730;730;13;9 490;0.00%
04/04/2025;720;720;720;720;47;33 840;-1.37%
07/04/2025;720;720;720;720;277;199 440;0.00%
08/04/2025;720;680;720;680;914;639 800;0.00%
09/04/2025;720;680;720;680;2 658;1 860 600;0.00%
10/04/2025;670;670;670;670;1 208;809 360;-6.94%
11/04/2025;620;620;620;620;821;509 020;-7.46%
14/04/2025;620;600;620;600;2 763;1 685 430;0.00%
15/04/2025;575;620;620;575;1 776;1 061 160;-7.26%
16/04/2025;615;540;615;540;2 205;1 273 388;6.96%
17/04/2025;615;615;615;615;12 966;7 974 090;0.00%
18/04/2025;615;615;615;615;104;63 960;0.00%
21/04/2025;615;615;615;615;104;63 960;0.00%
22/04/2025;605;615;615;605;1 595;972 950;-1.63%
24/04/2025;605;600;605;600;121;72 903;0.00%
25/04/2025;600;605;605;600;237;142 793;-0.83%
28/04/2025;600;565;600;565;93;54 173;0.00%
29/04/2025;595;600;600;595;781;466 648;-0.83%
30/04/2025;595;595;595;595;300;178 500;0.00%
01/05/2025;595;595;595;595;300;178 500;0.00%
02/05/2025;595;595;595;595;6 969;4 146 555;0.00%
05/05/2025;585;590;590;585;849;498 788;-1.68%
06/05/2025;550;585;585;550;13 853;7 861 578;-5.98%
07/05/2025;580;550;580;550;1 619;914 735;5.45%
08/05/2025;560;560;560;560;2 378;1 331 680;-3.45%
09/05/2025;540;560;560;540;2 590;1 424 500;-3.57%
12/05/2025;560;515;560;515;1 454;781 525;3.70%
13/05/2025;560;550;560;550;641;355 755;0.00%
14/05/2025;600;560;600;560;2 642;1 532 360;7.14%
15/05/2025;580;590;590;580;2 594;1 517 490;-3.33%
16/05/2025;575;580;580;575;521;300 878;-0.86%
19/05/2025;570;570;570;570;1 364;777 480;-0.87%
20/05/2025;560;565;565;560;1 220;686 250;-1.75%
21/05/2025;560;540;560;540;1 518;834 900;0.00%
22/05/2025;550;555;555;550;1 200;663 000;-1.79%
23/05/2025;545;550;550;545;36 423;19 941 593;-0.91%
26/05/2025;545;540;545;540;12 841;6 966 243;0.00%
27/05/2025;540;545;545;540;199;107 958;-0.92%
28/05/2025;540;530;540;530;1 866;998 310;0.00%
29/05/2025;540;530;540;530;1 866;998 310;0.00%
30/05/2025;555;540;555;540;608;332 880;2.78%
02/06/2025;550;555;555;550;247;136 468;-0.90%
03/06/2025;540;550;550;540;251;136 795;-1.82%
04/06/2025;545;540;545;540;590;320 075;0.93%
05/06/2025;555;555;555;555;2 523;1 400 265;1.83%
10/06/2025;560;555;560;555;7 660;4 270 450;0.90%
11/06/2025;560;560;560;560;734;411 040;0.00%
12/06/2025;555;560;560;555;3 601;2 007 558;-0.89%
13/06/2025;555;555;555;555;201;111 555;0.00%
16/06/2025;590;565;590;565;1 954;1 128 435;6.31%
17/06/2025;580;590;590;580;7 650;4 475 250;-1.69%
18/06/2025;595;580;595;580;244;143 350;2.59%
19/06/2025;600;595;600;595;597;356 708;0.84%
20/06/2025;585;600;600;585;1 471;871 568;-2.50%
23/06/2025;585;585;585;585;1 800;1 053 000;0.00%
24/06/2025;595;585;595;585;4 765;2 811 350;1.71%
25/06/2025;595;595;595;595;358;213 010;0.00%
26/06/2025;590;595;595;590;117;69 323;-0.84%
27/06/2025;600;595;600;595;308;184 030;1.69%
30/06/2025;595;600;600;595;231;138 023;-0.83%
01/07/2025;595;595;595;595;86;51 170;0.00%
02/07/2025;600;595;600;595;652;389 570;0.84%
03/07/2025;600;575;600;575;44;25 850;0.00%
04/07/2025;580;600;600;580;67;39 530;-3.33%
07/07/2025;595;580;595;580;3 295;1 935 813;2.59%
08/07/2025;595;600;600;595;642;383 595;0.00%
09/07/2025;595;595;595;595;29;17 255;0.00%
10/07/2025;595;595;595;595;639;380 205;0.00%
11/07/2025;590;595;595;590;167;98 948;-0.84%
14/07/2025;590;590;590;590;194;114 460;0.00%
15/07/2025;580;590;590;580;12;7 020;-1.69%
16/07/2025;590;590;590;590;231;136 290;1.72%
17/07/2025;590;590;590;590;109;64 310;0.00%
18/07/2025;580;600;600;580;89;52 510;-1.69%
21/07/2025;595;590;595;590;158;93 615;2.59%
22/07/2025;595;590;595;590;67;39 698;0.00%
23/07/2025;585;590;590;585;178;104 575;-1.68%
24/07/2025;590;595;595;590;88;52 140;0.85%
25/07/2025;590;595;595;590;23;13 628;0.00%
28/07/2025;590;590;590;590;2 748;1 621 320;0.00%
29/07/2025;585;550;585;550;1 641;931 268;-0.85%
30/07/2025;585;590;590;585;4;2 350;0.00%
31/07/2025;595;565;595;565;453;262 740;1.71%
01/08/2025;590;595;595;590;85;50 363;-0.84%
04/08/2025;600;590;600;590;252;149 940;1.69%
05/08/2025;595;595;595;595;513;305 235;-0.83%
06/08/2025;595;595;595;595;195;116 025;0.00%
07/08/2025;595;595;595;595;195;116 025;0.00%
08/08/2025;595;595;595;595;1 715;1 020 425;0.00%
11/08/2025;595;595;595;595;58;34 510;0.00%
12/08/2025;590;600;600;590;209;124 355;-0.84%
13/08/2025;590;595;595;590;336;199 080;0.00%
14/08/2025;595;595;595;595;82;48 790;0.85%
15/08/2025;595;595;595;595;82;48 790;0.00%
18/08/2025;595;555;595;555;501;288 075;0.00%
19/08/2025;595;600;600;595;626;374 035;0.00%
20/08/2025;600;595;600;595;164;97 990;0.84%
21/08/2025;600;600;600;600;1 299;779 400;0.00%
22/08/2025;560;600;600;560;5 886;3 413 880;-6.67%
25/08/2025;600;560;600;560;897;520 260;7.14%
26/08/2025;620;620;620;620;998;618 760;3.33%
27/08/2025;600;620;620;600;482;294 020;-3.23%
28/08/2025;625;600;625;600;301;184 363;4.17%
29/08/2025;630;625;630;625;277;173 818;0.80%
01/09/2025;645;635;645;635;1 087;695 680;2.38%
02/09/2025;690;645;690;645;738;492 615;6.98%
03/09/2025;680;655;680;655;396;264 330;-1.45%
04/09/2025;680;655;680;655;396;264 330;0.00%
05/09/2025;675;680;680;675;1 929;1 306 898;-0.74%
08/09/2025;660;685;685;660;2 605;1 751 863;-2.22%
09/09/2025;665;660;665;660;1 597;1 058 013;0.76%
10/09/2025;660;660;660;660;257;169 620;-0.75%
11/09/2025;660;655;660;655;1 362;895 515;0.00%
12/09/2025;665;660;665;660;561;371 663;0.76%
15/09/2025;665;665;665;665;202;134 330;0.00%
16/09/2025;665;665;665;665;5 954;3 959 410;0.00%
17/09/2025;665;665;665;665;65;43 225;0.00%
18/09/2025;660;660;660;660;413;272 580;-0.75%
19/09/2025;665;655;665;655;301;198 660;0.76%
22/09/2025;685;690;690;685;460;316 250;3.01%
23/09/2025;645;685;685;645;880;585 200;-5.84%
24/09/2025;655;685;685;655;1 674;1 121 580;1.55%
25/09/2025;680;665;680;665;929;624 753;3.82%
26/09/2025;680;680;680;680;764;519 520;0.00%
29/09/2025;680;655;680;655;1 162;775 635;0.00%
30/09/2025;680;660;680;660;1 608;1 077 360;0.00%
01/10/2025;660;680;680;660;693;464 310;-2.94%
02/10/2025;685;685;685;685;1 936;1 326 160;3.79%
03/10/2025;685;690;690;685;207;142 313;0.00%
06/10/2025;660;680;680;660;1 588;1 063 960;-3.65%
07/10/2025;655;655;655;655;1 160;759 800;-0.76%
08/10/2025;685;655;685;655;702;470 340;4.58%
09/10/2025;685;690;690;685;763;524 563;0.00%
10/10/2025;690;685;690;685;1 125;773 438;0.73%
13/10/2025;670;690;690;670;6 200;4 216 000;-2.90%
14/10/2025;680;670;680;670;430;290 250;1.49%
15/10/2025;690;680;690;680;3 393;2 324 205;1.47%
16/10/2025;700;700;700;700;2 584;1 808 800;1.45%
17/10/2025;700;725;725;700;1 843;1 313 138;0.00%
20/10/2025;700;715;715;700;1 210;856 075;0.00%
21/10/2025;690;700;700;690;447;310 665;-1.43%
22/10/2025;690;680;690;680;293;200 705;0.00%
23/10/2025;685;690;690;685;1 009;693 688;-0.72%
24/10/2025;685;685;685;685;756;517 860;0.00%
27/10/2025;700;685;700;685;4 875;3 375 938;2.19%
28/10/2025;720;695;720;695;14 983;10 600 473;2.86%
29/10/2025;720;725;725;720;15 504;11 201 640;0.00%
30/10/2025;770;735;770;735;3 623;2 726 308;6.94%
31/10/2025;825;770;825;770;20 917;16 681 308;7.14%
03/11/2025;885;885;885;885;13 787;12 201 495;7.27%
04/11/2025;950;890;950;890;10 482;9 643 440;7.34%
05/11/2025;1 020;1 020;1 020;1 020;6 079;6 200 580;7.37%
06/11/2025;1 095;1 095;1 095;1 095;7 594;8 315 430;7.35%
07/11/2025;1 015;1 015;1 015;1 015;-;0;-7.31%
10/11/2025;940;940;940;940;2 007;1 886 580;-7.39%
11/11/2025;1 000;955;1 000;955;5 946;5 812 215;6.38%
12/11/2025;995;1 000;1 000;995;2 233;2 227 418;-0.50%
13/11/2025;985;930;985;930;2 323;2 224 273;-1.01%
14/11/2025;995;985;995;985;441;436 590;1.02%
17/11/2025;990;995;995;990;2 589;2 569 583;-0.50%
18/11/2025;920;985;985;920;1 510;1 438 275;-7.07%
19/11/2025;975;930;975;930;1 839;1 751 648;5.98%
20/11/2025;945;975;975;945;467;448 320;-3.08%
21/11/2025;945;945;945;945;545;515 025;0.00%
24/11/2025;940;945;945;940;1 408;1 327 040;-0.53%
25/11/2025;940;940;940;940;2 512;2 361 280;0.00%
26/11/2025;900;900;900;900;1 180;1 062 000;-4.26%
27/11/2025;925;900;925;900;1 069;975 463;2.78%
28/11/2025;905;930;930;905;857;786 298;-2.16%
01/12/2025;900;905;905;900;2 136;1 927 740;-0.55%
02/12/2025;905;900;905;900;520;469 300;0.56%
03/12/2025;950;945;950;945;885;838 538;4.97%
04/12/2025;950;950;950;950;252;239 400;0.00%
05/12/2025;950;905;950;905;170;157 675;0.00%
08/12/2025;945;950;950;945;444;420 690;-0.53%
09/12/2025;940;915;940;915;2 618;2 428 195;-0.53%
10/12/2025;935;940;940;935;260;243 750;-0.53%
11/12/2025;945;945;945;945;445;420 525;1.07%
12/12/2025;945;945;945;945;536;506 520;0.00%
15/12/2025;935;900;935;900;1 428;1 310 190;-1.06%
16/12/2025;945;935;945;935;979;920 260;1.07%
17/12/2025;940;935;940;935;1 275;1 195 313;-0.53%
18/12/2025;900;930;930;900;9 874;9 034 710;-4.26%
19/12/2025;900;895;900;895;9 135;8 198 663;0.00%
22/12/2025;945;900;945;900;1 128;1 040 580;5.00%
23/12/2025;990;945;990;945;1 550;1 499 625;4.76%
24/12/2025;980;990;990;980;1 412;1 390 820;-1.01%
25/12/2025;980;990;990;980;1 412;1 390 820;0.00%
26/12/2025;1 040;980;1 040;980;14 167;14 308 670;6.12%
29/12/2025;1 110;1 115;1 115;1 110;8 177;9 096 913;6.73%
30/12/2025;1 190;1 115;1 190;1 115;6 354;7 322 985;7.21%
31/12/2025;1 200;1 190;1 200;1 190;4 986;5 958 270;0.84%
01/01/2026;1 200;1 190;1 200;1 190;4 986;5 958 270;0.00%
02/01/2026;1 110;1 190;1 190;1 110;1 381;1 588 150;-7.50%
05/01/2026;1 030;1 030;1 030;1 030;1 153;1 187 590;-7.21%
06/01/2026;1 000;1 010;1 010;1 000;4 354;4 375 770;-2.91%
07/01/2026;1 005;980;1 005;980;773;767 203;0.50%
08/01/2026;1 080;1 065;1 080;1 065;904;969 540;7.46%
09/01/2026;1 150;1 095;1 150;1 095;4 412;4 952 470;6.48%
12/01/2026;1 200;1 200;1 200;1 200;4 080;4 896 000;4.35%
13/01/2026;1 150;1 205;1 205;1 150;21 045;24 780 488;-4.17%
14/01/2026;1 175;1 180;1 180;1 175;7 485;8 813 588;2.17%
15/01/2026;1 125;1 200;1 200;1 125;38 005;44 180 813;-4.26%
16/01/2026;1 135;1 200;1 200;1 135;9 622;11 233 685;0.89%
19/01/2026;1 130;1 205;1 205;1 130;23 924;27 931 270;-0.44%
20/01/2026;1 160;1 130;1 160;1 130;9 805;11 226 725;2.65%
21/01/2026;1 175;1 170;1 175;1 170;7 896;9 258 060;1.29%
22/01/2026;1 175;1 195;1 195;1 175;2 836;3 360 660;0.00%
23/01/2026;1 155;1 175;1 175;1 155;4 427;5 157 455;-1.70%
26/01/2026;1 155;1 155;1 155;1 155;3 650;4 215 750;0.00%
27/01/2026;1 175;1 165;1 175;1 165;4 248;4 970 160;1.73%
28/01/2026;1 170;1 175;1 175;1 170;2 783;3 263 068;-0.43%
29/01/2026;1 200;1 175;1 200;1 175;11 611;13 788 063;2.56%
30/01/2026;1 205;1 200;1 205;1 200;1 213;1 458 633;0.42%
02/02/2026;1 275;1 205;1 275;1 205;1 805;2 238 200;5.81%
03/02/2026;1 290;1 280;1 290;1 280;12 725;16 351 625;1.18%
04/02/2026;1 250;1 290;1 290;1 250;8 445;10 725 150;-3.10%
05/02/2026;1 335;1 295;1 335;1 295;17 231;22 658 765;6.80%
06/02/2026;1 235;1 335;1 335;1 235;5 908;7 591 780;-7.49%
09/02/2026;1 255;1 255;1 255;1 255;3 924;4 924 620;1.62%
10/02/2026;1 280;1 300;1 300;1 280;4 257;5 491 530;1.99%
11/02/2026;1 335;1 300;1 335;1 300;8 118;10 695 465;4.30%
12/02/2026;1 320;1 330;1 330;1 320;7 206;9 547 950;-1.12%
13/02/2026;1 300;1 320;1 320;1 300;2 154;2 821 740;-1.52%
16/02/2026;1 300;1 290;1 300;1 290;4 289;5 554 255;0.00%
17/02/2026;1 390;1 300;1 390;1 300;7 611;10 236 795;6.92%
18/02/2026;1 425;1 390;1 425;1 390;8 992;12 656 240;2.52%
19/02/2026;1 515;1 425;1 515;1 425;7 038;10 345 860;6.32%
20/02/2026;1 510;1 580;1 580;1 510;10 839;16 746 255;-0.33%
23/02/2026;1 480;1 475;1 480;1 475;4 500;6 648 750;-1.99%
24/02/2026;1 485;1 480;1 485;1 480;9 232;13 686 440;0.34%
25/02/2026;1 460;1 490;1 490;1 460;4 323;6 376 425;-1.68%
26/02/2026;1 470;1 495;1 495;1 470;5 875;8 709 688;0.68%
27/02/2026;1 450;1 470;1 470;1 450;3 009;4 393 140;-1.36%
02/03/2026;1 460;1 450;1 460;1 450;1 002;1 457 910;0.69%
03/03/2026;1 460;1 465;1 465;1 460;1 028;1 503 450;0.00%
04/03/2026;1 460;1 460;1 460;1 460;469;684 740;0.00%
05/03/2026;1 390;1 405;1 405;1 390;2 875;4 017 813;-0.71%
06/03/2026;1 390;1 400;1 400;1 390;1 908;2 661 660;0.00%
09/03/2026;1 400;1 390;1 400;1 390;4 317;6 022 215;0.72%
10/03/2026;1 425;1 395;1 425;1 395;4 160;5 865 600;1.79%
11/03/2026;1 400;1 330;1 400;1 330;3 308;4 515 420;-1.75%
12/03/2026;1 415;1 415;1 415;1 415;2 631;3 722 865;1.07%
13/03/2026;1 420;1 420;1 420;1 420;93;132 060;0.35%
16/03/2026;1 420;1 420;1 420;1 420;93;132 060;0.00%
17/03/2026;1 410;1 420;1 420;1 410;1 669;2 361 635;-0.70%
18/03/2026;1 410;1 410;1 410;1 410;1 689;2 381 490;0.00%
19/03/2026;1 410;1 410;1 410;1 410;2 278;3 211 980;0.00%
20/03/2026;1 410;1 410;1 410;1 410;2 278;3 211 980;0.00%
23/03/2026;1 380;1 400;1 400;1 380;6 467;8 989 130;-2.13%
24/03/2026;1 350;1 380;1 380;1 350;1 518;2 072 070;-2.17%
25/03/2026;1 400;1 350;1 400;1 350;3 697;5 083 375;3.70%
26/03/2026;1 430;1 405;1 430;1 405;6 226;8 825 355;2.14%
27/03/2026;1 430;1 450;1 450;1 430;3 833;5 519 520;0.00%
30/03/2026;1 430;1 400;1 430;1 400;553;782 495;0.00%
31/03/2026;1 405;1 430;1 430;1 405;986;1 397 655;-1.75%
01/04/2026;1 405;1 405;1 405;1 405;8 446;11 866 630;0.00%
02/04/2026;1 395;1 400;1 400;1 395;420;586 950;-0.71%
03/04/2026;1 400;1 395;1 400;1 395;349;487 728;0.36%
06/04/2026;1 400;1 395;1 400;1 395;349;487 728;0.00%
07/04/2026;1 380;1 380;1 380;1 380;6 482;8 945 160;-1.43%
08/04/2026;1 380;1 395;1 395;1 380;1 584;2 197 800;0.00%
09/04/2026;1 365;1 380;1 380;1 365;9 578;13 145 805;-1.09%
10/04/2026;1 370;1 365;1 370;1 365;741;1 013 318;0.37%
13/04/2026;1 405;1 370;1 405;1 370;14 443;20 039 663;2.55%
14/04/2026;1 400;1 400;1 400;1 400;7 228;10 119 200;-0.36%
15/04/2026;1 385;1 390;1 390;1 385;1 560;2 164 500;-1.07%
16/04/2026;1 380;1 385;1 385;1 380;4 334;5 991 755;-0.36%
17/04/2026;1 370;1 375;1 375;1 370;818;1 122 705;-0.72%
20/04/2026;1 380;1 375;1 380;1 375;8 680;11 956 700;0.73%
21/04/2026;1 380;1 380;1 380;1 380;3 243;4 475 340;0.00%
22/04/2026;1 370;1 380;1 380;1 370;3 890;5 348 750;-0.72%
23/04/2026;1 470;1 395;1 470;1 395;125 597;179 917 703;7.30%
24/04/2026;1 580;1 580;1 580;1 580;5 717;9 032 860;7.48%
27/04/2026;1 695;1 695;1 695;1 695;34 954;59 247 030;7.28%
28/04/2026;1 820;1 815;1 820;1 815;34 843;63 327 153;7.37%
29/04/2026;1 890;1 830;1 890;1 830;30 135;56 051 100;3.85%
30/04/2026;1 900;1 945;1 945;1 900;2 940;5 652 150;0.53%
01/05/2026;1 900;1 945;1 945;1 900;2 940;5 652 150;0.00%
04/05/2026;1 760;1 880;1 880;1 760;8 572;15 601 040;-7.37%
05/05/2026;1 790;1 775;1 790;1 775;6 389;11 388 393;1.70%
06/05/2026;1 715;1 790;1 790;1 715;6 595;11 557 738;-4.19%
07/05/2026;1 745;1 715;1 745;1 715;8 176;14 144 480;1.75%
08/05/2026;1 745;1 740;1 745;1 740;5 933;10 338 253;0.00%
11/05/2026;1 850;1 745;1 850;1 745;5 054;9 084 565;6.02%
12/05/2026;1 890;1 840;1 890;1 840;12 358;23 047 670;2.16%
13/05/2026;1 990;1 890;1 990;1 890;11 437;22 187 780;5.29%
14/05/2026;1 990;1 890;1 990;1 890;11 437;22 187 780;0.00%
15/05/2026;1 920;1 890;1 920;1 890;2 448;4 663 440;-3.52%
18/05/2026;1 940;1 945;1 945;1 940;1 369;2 659 283;1.04%
19/05/2026;1 940;1 940;1 940;1 940;5 138;9 967 720;0.00%
20/05/2026;1 900;1 940;1 940;1 900;1 805;3 465 600;-2.06%
21/05/2026;1 935;1 900;1 935;1 900;3 049;5 846 458;1.84%
22/05/2026;1 990;1 900;1 990;1 900;4 147;8 065 915;2.84%
25/05/2026;1 990;1 900;1 990;1 900;4 147;8 065 915;0.00%
26/05/2026;1 900;1 990;1 990;1 900;1 725;3 355 125;-4.52%
27/05/2026;1 900;1 990;1 990;1 900;1 725;3 355 125;0.00%
28/05/2026;1 900;1 900;1 900;1 900;527;1 001 300;0.00%
29/05/2026;1 950;1 995;1 995;1 950;1 247;2 459 708;2.63%
01/06/2026;1 990;1 980;1 990;1 980;1 661;3 297 085;2.05%
02/06/2026;1 995;1 990;1 995;1 990;4 482;8 930 385;0.25%
03/06/2026;1 990;1 995;1 995;1 990;3 430;6 834 275;-0.25%
04/06/2026;1 990;1 990;1 990;1 990;1 265;2 517 350;0.00%
05/06/2026;1 995;1 990;1 995;1 990;5 535;11 028 488;0.25%
08/06/2026;1 995;1 990;1 995;1 990;3 145;6 266 413;0.00%
09/06/2026;1 960;1 995;1 995;1 960;1 349;2 667 648;-1.75%
10/06/2026;1 990;1 960;1 990;1 960;2 212;4 368 700;1.53%
11/06/2026;2 025;1 965;2 025;1 965;5 553;11 078 235;1.76%
12/06/2026;2 115;2 015;2 115;2 015;3 956;8 169 140;4.44%
15/06/2026;2 230;2 115;2 230;2 115;3 898;8 468 405;5.44%
16/06/2026;2 345;2 230;2 345;2 230;2 212;5 059 950;5.16%
17/06/2026;2 385;2 345;2 385;2 345;1 998;4 725 270;1.71%
18/06/2026;2 300;2 375;2 375;2 300;4 708;11 004 950;-3.56%
19/06/2026;2 375;2 300;2 375;2 300;2 053;4 798 888;3.26%
22/06/2026;2 350;2 375;2 375;2 350;1 301;3 073 613;-1.05%
23/06/2026;2 340;2 350;2 350;2 340;300;703 500;-0.43%
24/06/2026;2 300;2 320;2 320;2 300;921;2 127 510;-1.71%
25/06/2026;2 285;2 300;2 300;2 285;6 286;14 410 655;-0.65%
26/06/2026;2 400;2 300;2 400;2 300;414;972 900;5.03%
