Date;Clôture;Plus bas;Plus haut;Ouverture;Volume Titres;Volume FCFA;Variation %
12/01/2012;1 860;1 860;1 860;1 860;18;33 480;0.54%
13/01/2012;1 900;1 900;1 900;1 900;17;32 300;2.15%
16/01/2012;1 900;1 900;1 900;1 900;10;19 000;0.00%
17/01/2012;1 900;1 900;1 900;1 900;29;55 100;0.00%
20/01/2012;1 911;1 911;1 911;1 911;30;57 330;0.58%
26/01/2012;2 208;2 208;2 208;2 208;412;909 696;15.54%
01/02/2012;2 200;2 200;2 200;2 200;60;132 000;-0.36%
02/02/2012;2 200;2 200;2 200;2 200;20;44 000;0.00%
03/02/2012;2 035;2 035;2 035;2 035;31;63 085;-7.50%
06/02/2012;1 950;1 950;1 950;1 950;29;56 550;-4.18%
07/02/2012;1 950;1 950;1 950;1 950;30;58 500;0.00%
08/02/2012;1 951;1 951;1 951;1 951;13;25 363;0.05%
10/02/2012;1 951;1 951;1 951;1 951;51;99 501;0.00%
14/02/2012;1 952;1 952;1 952;1 952;125;244 000;0.05%
15/02/2012;1 960;1 960;1 960;1 960;55;107 800;0.41%
16/02/2012;2 050;2 050;2 050;2 050;50;102 500;4.59%
17/02/2012;2 204;2 204;2 204;2 204;65;143 260;7.51%
20/02/2012;2 211;2 211;2 211;2 211;39;86 229;0.32%
21/02/2012;2 374;2 374;2 374;2 374;85;201 790;7.37%
22/02/2012;2 552;2 552;2 552;2 552;30;76 560;7.50%
23/02/2012;2 700;2 700;2 700;2 700;135;364 500;5.80%
24/02/2012;2 898;2 898;2 898;2 898;45;130 410;7.33%
27/02/2012;2 898;2 898;2 898;2 898;51;147 798;0.00%
28/02/2012;2 681;2 681;2 681;2 681;30;80 430;-7.49%
29/02/2012;2 600;2 600;2 600;2 600;135;351 000;-3.02%
01/03/2012;2 600;2 600;2 600;2 600;21;54 600;0.00%
02/03/2012;2 600;2 600;2 600;2 600;36;93 600;0.00%
06/03/2012;2 600;2 600;2 600;2 600;264;686 400;0.00%
09/03/2012;2 600;2 600;2 600;2 600;144;374 400;0.00%
13/03/2012;2 450;2 450;2 450;2 450;503;1 232 350;-5.77%
14/03/2012;2 500;2 500;2 500;2 500;45;112 500;2.04%
15/03/2012;2 500;2 500;2 500;2 500;75;187 500;0.00%
16/03/2012;2 400;2 400;2 400;2 400;9;21 600;-4.00%
20/03/2012;2 405;2 405;2 405;2 405;52;125 060;0.21%
23/03/2012;2 406;2 406;2 406;2 406;58;139 548;0.04%
26/03/2012;2 407;2 407;2 407;2 407;10;24 070;0.04%
27/03/2012;2 412;2 412;2 412;2 412;194;467 928;0.21%
04/04/2012;2 592;2 592;2 592;2 592;25;64 800;0.00%
05/04/2012;2 592;2 592;2 592;2 592;25;64 800;0.00%
11/04/2012;2 592;2 592;2 592;2 592;1;2 592;0.00%
12/04/2012;2 593;2 593;2 593;2 593;51;132 243;0.04%
16/04/2012;2 550;2 550;2 550;2 550;105;267 750;-1.66%
19/04/2012;2 601;2 601;2 601;2 601;10;26 010;2.00%
20/04/2012;2 601;2 601;2 601;2 601;41;106 641;0.00%
24/04/2012;2 601;2 601;2 601;2 601;15;39 015;0.00%
30/04/2012;2 650;2 650;2 650;2 650;40;106 000;1.88%
08/05/2012;2 750;2 750;2 750;2 750;12;33 000;3.77%
09/05/2012;2 750;2 750;2 750;2 750;2;5 500;0.00%
10/05/2012;2 800;2 800;2 800;2 800;158;442 400;1.82%
11/05/2012;2 800;2 800;2 800;2 800;35;98 000;0.00%
14/05/2012;2 800;2 800;2 800;2 800;23;64 400;0.00%
15/05/2012;2 800;2 800;2 800;2 800;8;22 400;0.00%
18/05/2012;2 800;2 800;2 800;2 800;75;210 000;0.00%
21/05/2012;2 820;2 820;2 820;2 820;37;104 340;0.71%
25/05/2012;2 800;2 800;2 800;2 800;176;492 800;-0.71%
31/05/2012;2 440;2 440;2 440;2 440;19;46 360;-12.86%
01/06/2012;2 400;2 400;2 400;2 400;8;19 200;-1.64%
04/06/2012;2 300;2 300;2 300;2 300;63;144 900;-4.17%
05/06/2012;2 300;2 300;2 300;2 300;48;110 400;0.00%
06/06/2012;2 300;2 300;2 300;2 300;124;285 200;0.00%
08/06/2012;2 300;2 300;2 300;2 300;40;92 000;0.00%
11/06/2012;2 320;2 320;2 320;2 320;15;34 800;0.87%
14/06/2012;2 301;2 301;2 301;2 301;10;23 010;-0.82%
15/06/2012;2 311;2 311;2 311;2 311;13;30 043;0.43%
25/06/2012;2 311;2 311;2 311;2 311;8;18 488;0.00%
26/06/2012;2 311;2 311;2 311;2 311;11;25 421;0.00%
10/07/2012;2 500;2 500;2 500;2 500;240;600 000;0.64%
11/07/2012;2 601;2 601;2 601;2 601;309;803 709;4.04%
16/07/2012;2 601;2 601;2 601;2 601;15;39 015;0.00%
17/07/2012;2 700;2 700;2 700;2 700;10;27 000;3.81%
18/07/2012;2 700;2 700;2 700;2 700;15;40 500;0.00%
19/07/2012;2 500;2 500;2 500;2 500;34;85 000;-7.41%
27/07/2012;2 650;2 650;2 650;2 650;36;95 400;6.00%
31/07/2012;2 650;2 650;2 650;2 650;2;5 300;0.00%
03/08/2012;2 650;2 650;2 650;2 650;5;13 250;0.00%
17/08/2012;2 849;2 849;2 849;2 849;13;37 037;7.51%
21/08/2012;2 651;2 651;2 651;2 651;13;34 463;-6.95%
23/08/2012;2 849;2 849;2 849;2 849;54;153 846;7.47%
27/08/2012;2 650;2 650;2 650;2 650;8;21 200;-6.98%
28/08/2012;2 650;2 650;2 650;2 650;8;21 200;0.00%
30/08/2012;2 700;2 700;2 700;2 700;27;72 900;1.89%
31/08/2012;2 700;2 700;2 700;2 700;10;27 000;0.00%
03/09/2012;2 651;2 651;2 651;2 651;91;241 241;-1.81%
04/09/2012;2 651;2 651;2 651;2 651;225;596 475;0.00%
06/09/2012;2 660;2 660;2 660;2 660;2 209;5 875 940;0.34%
07/09/2012;2 700;2 700;2 700;2 700;16;43 200;1.50%
10/09/2012;2 700;2 700;2 700;2 700;1;2 700;0.00%
11/09/2012;2 680;2 680;2 680;2 680;51;136 680;-0.74%
13/09/2012;2 700;2 700;2 700;2 700;52;140 400;0.75%
17/09/2012;2 900;2 900;2 900;2 900;10;29 000;7.41%
18/09/2012;2 900;2 900;2 900;2 900;24;69 600;0.00%
19/09/2012;2 900;2 900;2 900;2 900;50;145 000;0.00%
21/09/2012;2 900;2 900;2 900;2 900;73;211 700;0.00%
24/09/2012;3 090;3 090;3 090;3 090;98;302 820;6.55%
04/10/2012;3 091;3 091;3 091;3 091;21;64 911;0.03%
05/10/2012;3 300;3 300;3 300;3 300;500;1 650 000;6.76%
08/10/2012;3 300;3 300;3 300;3 300;303;999 900;0.00%
09/10/2012;3 300;3 300;3 300;3 300;9;29 700;0.00%
12/10/2012;3 295;3 295;3 295;3 295;175;576 625;-0.15%
15/10/2012;3 300;3 300;3 300;3 300;1 541;5 085 300;0.15%
17/10/2012;3 110;3 110;3 110;3 110;10;31 100;-5.76%
18/10/2012;3 300;3 300;3 300;3 300;339;1 118 700;6.11%
19/10/2012;3 300;3 300;3 300;3 300;40;132 000;0.00%
23/10/2012;3 300;3 300;3 300;3 300;500;1 650 000;0.00%
24/10/2012;3 300;3 300;3 300;3 300;1 129;3 725 700;0.00%
25/10/2012;3 300;3 300;3 300;3 300;530;1 749 000;0.00%
29/10/2012;3 290;3 290;3 290;3 290;500;1 645 000;-0.30%
30/10/2012;3 300;3 300;3 300;3 300;720;2 376 000;0.30%
02/11/2012;3 302;3 302;3 302;3 302;341;1 125 982;0.06%
06/11/2012;3 301;3 301;3 301;3 301;70;231 070;-0.03%
09/11/2012;3 302;3 302;3 302;3 302;20;66 040;0.03%
13/11/2012;3 510;3 510;3 510;3 510;13;45 630;6.30%
16/11/2012;3 773;3 773;3 773;3 773;108;407 484;7.49%
19/11/2012;4 000;4 000;4 000;4 000;216;864 000;6.02%
21/11/2012;4 000;4 000;4 000;4 000;20;80 000;0.00%
22/11/2012;4 001;4 001;4 001;4 001;103;412 103;0.03%
23/11/2012;4 000;4 000;4 000;4 000;20;80 000;-0.02%
27/11/2012;4 001;4 001;4 001;4 001;98;392 098;0.03%
29/11/2012;4 300;4 300;4 300;4 300;27;116 100;7.47%
30/11/2012;4 000;4 000;4 000;4 000;344;1 376 000;-6.98%
03/12/2012;4 000;4 000;4 000;4 000;162;648 000;0.00%
04/12/2012;4 000;4 000;4 000;4 000;537;2 148 000;0.00%
06/12/2012;4 300;4 300;4 300;4 300;9;38 700;7.50%
12/12/2012;4 000;4 000;4 000;4 000;131;524 000;-6.98%
13/12/2012;4 000;4 000;4 000;4 000;5;20 000;0.00%
17/12/2012;4 000;4 000;4 000;4 000;9;36 000;0.00%
18/12/2012;4 000;4 000;4 000;4 000;10;40 000;0.00%
19/12/2012;4 200;4 200;4 200;4 200;28;117 600;5.00%
20/12/2012;4 000;4 000;4 000;4 000;130;520 000;-4.76%
21/12/2012;4 000;4 000;4 000;4 000;115;460 000;0.00%
24/12/2012;4 000;4 000;4 000;4 000;75;300 000;0.00%
28/12/2012;4 200;4 200;4 200;4 200;173;726 600;5.00%
04/01/2013;4 200;4 200;4 200;4 200;28;117 600;0.00%
08/01/2013;4 200;4 200;4 200;4 200;89;373 800;0.00%
09/01/2013;4 200;4 200;4 200;4 200;22;92 400;0.00%
10/01/2013;4 200;4 200;4 200;4 200;33;138 600;0.00%
11/01/2013;4 001;4 001;4 001;4 001;193;772 193;-4.74%
14/01/2013;4 000;4 000;4 000;4 000;213;852 000;-0.02%
15/01/2013;4 000;4 000;4 000;4 000;34;136 000;0.00%
17/01/2013;4 050;4 050;4 050;4 050;13;52 650;1.25%
18/01/2013;4 000;4 000;4 000;4 000;25;100 000;-1.23%
22/01/2013;4 010;4 010;4 010;4 010;14;56 140;0.25%
23/01/2013;4 100;4 100;4 100;4 100;39;159 900;2.24%
25/01/2013;4 100;4 100;4 100;4 100;24;98 400;0.00%
28/01/2013;4 150;4 150;4 150;4 150;10;41 500;1.22%
29/01/2013;4 150;4 150;4 150;4 150;5;20 750;0.00%
30/01/2013;4 100;4 100;4 100;4 100;290;1 189 000;-1.20%
31/01/2013;4 100;4 100;4 100;4 100;1 000;4 100 000;0.00%
01/02/2013;4 100;4 100;4 100;4 100;4;16 400;0.00%
05/02/2013;4 100;4 100;4 100;4 100;9;36 900;0.00%
07/02/2013;4 200;4 200;4 200;4 200;10;42 000;2.44%
08/02/2013;4 200;4 200;4 200;4 200;1;4 200;0.00%
11/02/2013;4 200;4 200;4 200;4 200;95;399 000;0.00%
12/02/2013;4 200;4 200;4 200;4 200;16;67 200;0.00%
15/02/2013;4 200;4 200;4 200;4 200;812;3 410 400;0.00%
19/02/2013;4 200;4 200;4 200;4 200;5;21 000;0.00%
20/02/2013;4 200;4 200;4 200;4 200;5;21 000;0.00%
22/02/2013;4 200;4 200;4 200;4 200;942;3 956 400;0.00%
25/02/2013;4 200;4 200;4 200;4 200;63;264 600;0.00%
26/02/2013;4 201;4 201;4 201;4 201;315;1 323 315;0.02%
04/03/2013;4 202;4 202;4 202;4 202;91;382 382;0.02%
05/03/2013;4 201;4 201;4 201;4 201;10;42 010;-0.02%
08/03/2013;4 200;4 200;4 200;4 200;13;54 600;-0.02%
13/03/2013;4 200;4 200;4 200;4 200;217;911 400;0.00%
20/03/2013;4 201;4 201;4 201;4 201;211;886 411;0.02%
29/03/2013;4 500;4 500;4 500;4 500;628;2 826 000;6.86%
03/04/2013;4 500;4 500;4 500;4 500;136;612 000;0.00%
04/04/2013;4 300;4 300;4 300;4 300;717;3 083 100;-4.44%
05/04/2013;4 300;4 300;4 300;4 300;6;25 800;0.00%
08/04/2013;4 301;4 301;4 301;4 301;10;43 010;0.02%
12/04/2013;4 623;4 623;4 623;4 623;10;46 230;7.49%
16/04/2013;4 400;4 400;4 400;4 400;25;110 000;-4.82%
17/04/2013;4 400;4 400;4 400;4 400;3;13 200;0.00%
22/04/2013;4 400;4 400;4 400;4 400;811;3 568 400;0.00%
23/04/2013;4 500;4 500;4 500;4 500;45;202 500;2.27%
24/04/2013;4 500;4 500;4 500;4 500;10;45 000;0.00%
25/04/2013;4 500;4 500;4 500;4 500;27;121 500;0.00%
29/04/2013;4 500;4 500;4 500;4 500;3;13 500;0.00%
30/04/2013;4 500;4 500;4 500;4 500;26;117 000;0.00%
02/05/2013;4 500;4 500;4 500;4 500;11;49 500;0.00%
07/05/2013;4 500;4 500;4 500;4 500;3;13 500;0.00%
14/05/2013;4 600;4 600;4 600;4 600;10;46 000;2.22%
21/05/2013;4 945;4 945;4 945;4 945;11;54 395;7.50%
22/05/2013;4 600;4 600;4 600;4 600;52;239 200;-6.98%
28/05/2013;4 945;4 945;4 945;4 945;10;49 450;7.50%
29/05/2013;4 600;4 600;4 600;4 600;6 103;28 073 800;-6.98%
03/06/2013;4 551;4 551;4 551;4 551;15;68 265;-1.07%
04/06/2013;4 600;4 600;4 600;4 600;25;115 000;1.08%
06/06/2013;4 600;4 600;4 600;4 600;25;115 000;0.00%
11/06/2013;4 600;4 600;4 600;4 600;16;73 600;0.00%
12/06/2013;4 590;4 590;4 590;4 590;103;472 770;-0.22%
14/06/2013;4 590;4 590;4 590;4 590;32;146 880;0.00%
17/06/2013;4 600;4 600;4 600;4 600;25;115 000;0.22%
18/06/2013;4 255;4 255;4 255;4 255;19;80 845;-7.50%
19/06/2013;3 936;3 936;3 936;3 936;167;657 312;-7.50%
28/06/2013;4 301;4 301;4 301;4 301;10;43 010;7.50%
01/07/2013;4 301;4 301;4 301;4 301;5;21 505;0.00%
03/07/2013;4 623;4 623;4 623;4 623;9;41 607;7.49%
04/07/2013;4 600;4 600;4 600;4 600;17;78 200;-0.50%
05/07/2013;4 600;4 600;4 600;4 600;272;1 251 200;0.00%
08/07/2013;4 600;4 600;4 600;4 600;27;124 200;0.00%
10/07/2013;4 500;4 500;4 500;4 500;13;58 500;-2.17%
12/07/2013;4 600;4 600;4 600;4 600;47;216 200;2.22%
16/07/2013;4 601;4 601;4 601;4 601;126;579 726;0.02%
19/07/2013;4 601;4 601;4 601;4 601;156;717 756;0.00%
23/07/2013;4 900;4 900;4 900;4 900;10;49 000;6.50%
26/07/2013;4 620;4 620;4 620;4 620;70;323 400;-5.71%
29/07/2013;4 900;4 900;4 900;4 900;113;553 700;6.06%
06/08/2013;4 900;4 900;4 900;4 900;203;994 700;0.00%
09/08/2013;4 900;4 900;4 900;4 900;52;254 800;0.00%
13/08/2013;4 900;4 900;4 900;4 900;36;176 400;0.00%
14/08/2013;4 900;4 900;4 900;4 900;50;245 000;0.00%
16/08/2013;4 900;4 900;4 900;4 900;503;2 464 700;0.00%
19/08/2013;4 900;4 900;4 900;4 900;17;83 300;0.00%
20/08/2013;4 900;4 900;4 900;4 900;141;690 900;0.00%
21/08/2013;4 900;4 900;4 900;4 900;54;264 600;0.00%
23/08/2013;4 900;4 900;4 900;4 900;9;44 100;0.00%
26/08/2013;4 600;4 600;4 600;4 600;129;593 400;-6.12%
27/08/2013;4 600;4 600;4 600;4 600;84;386 400;0.00%
28/08/2013;4 600;4 600;4 600;4 600;93;427 800;0.00%
29/08/2013;4 600;4 600;4 600;4 600;43;197 800;0.00%
30/08/2013;4 600;4 600;4 600;4 600;1 408;6 476 800;0.00%
02/09/2013;4 600;4 600;4 600;4 600;195;897 000;0.00%
03/09/2013;4 500;4 500;4 500;4 500;178;801 000;-2.17%
05/09/2013;4 500;4 500;4 500;4 500;2;9 000;0.00%
06/09/2013;4 500;4 500;4 500;4 500;109;490 500;0.00%
09/09/2013;4 500;4 500;4 500;4 500;257;1 156 500;0.00%
10/09/2013;4 500;4 500;4 500;4 500;100;450 000;0.00%
11/09/2013;4 500;4 500;4 500;4 500;94;423 000;0.00%
12/09/2013;4 500;4 500;4 500;4 500;53;238 500;0.00%
16/09/2013;4 600;4 600;4 600;4 600;235;1 081 000;2.22%
17/09/2013;4 500;4 500;4 500;4 500;303;1 363 500;-2.17%
18/09/2013;4 600;4 600;4 600;4 600;766;3 523 600;2.22%
19/09/2013;4 600;4 600;4 600;4 600;3;13 800;0.00%
24/09/2013;4 621;4 621;4 621;4 621;5;23 105;-1.68%
25/09/2013;4 701;4 701;4 701;4 701;71;333 771;1.73%
26/09/2013;4 701;4 701;4 701;4 701;20;94 020;0.00%
27/09/2013;4 701;4 701;4 701;4 701;13;61 113;0.00%
30/09/2013;4 701;4 701;4 701;4 701;21;98 721;0.00%
01/10/2013;4 800;4 800;4 800;4 800;4;19 200;2.11%
03/10/2013;4 702;4 702;4 702;4 702;15;70 530;-2.04%
04/10/2013;4 700;4 700;4 700;4 700;12;56 400;-0.04%
07/10/2013;5 053;5 053;5 053;5 053;61;308 233;7.51%
09/10/2013;5 400;5 400;5 400;5 400;78;421 200;6.87%
10/10/2013;4 995;4 995;4 995;4 995;11;54 945;-7.50%
11/10/2013;4 900;4 900;4 900;4 900;7;34 300;-1.90%
14/10/2013;5 268;5 268;5 268;5 268;16;84 288;7.51%
16/10/2013;5 268;5 268;5 268;5 268;12;63 216;0.00%
18/10/2013;4 880;4 880;4 880;4 880;49;239 120;-7.37%
21/10/2013;4 900;4 900;4 900;4 900;59;289 100;0.41%
22/10/2013;4 920;4 920;4 920;4 920;47;231 240;0.41%
24/10/2013;4 900;4 900;4 900;4 900;15;73 500;-0.41%
25/10/2013;5 000;5 000;5 000;5 000;24;120 000;2.04%
28/10/2013;5 350;5 350;5 350;5 350;62;331 700;7.00%
29/10/2013;5 350;5 350;5 350;5 350;77;411 950;0.00%
31/10/2013;5 350;5 350;5 350;5 350;66;353 100;0.00%
04/11/2013;5 350;5 350;5 350;5 350;459;2 455 650;0.00%
05/11/2013;5 400;5 400;5 400;5 400;13;70 200;0.93%
06/11/2013;5 400;5 400;5 400;5 400;3;16 200;0.00%
07/11/2013;5 330;5 330;5 330;5 330;3;15 990;-1.30%
08/11/2013;5 330;5 330;5 330;5 330;1;5 330;0.00%
11/11/2013;5 400;5 400;5 400;5 400;1 515;8 181 000;1.31%
14/11/2013;5 400;5 400;5 400;5 400;21;113 400;0.00%
18/11/2013;5 700;5 700;5 700;5 700;70;399 000;5.56%
19/11/2013;5 400;5 400;5 400;5 400;2;10 800;-5.26%
20/11/2013;5 700;5 700;5 700;5 700;19;108 300;5.56%
21/11/2013;5 800;5 800;5 800;5 800;56;324 800;1.75%
25/11/2013;5 800;5 800;5 800;5 800;5;29 000;0.00%
27/11/2013;5 801;5 801;5 801;5 801;143;829 543;0.02%
28/11/2013;5 900;5 900;5 900;5 900;204;1 203 600;1.71%
02/12/2013;5 900;5 900;5 900;5 900;489;2 885 100;0.00%
03/12/2013;5 900;5 900;5 900;5 900;30;177 000;0.00%
04/12/2013;6 000;6 000;6 000;6 000;169;1 014 000;1.69%
05/12/2013;6 000;6 000;6 000;6 000;5;30 000;0.00%
09/12/2013;6 250;6 250;6 250;6 250;10;62 500;4.17%
10/12/2013;6 250;6 250;6 250;6 250;51;318 750;0.00%
11/12/2013;6 718;6 718;6 718;6 718;411;2 761 098;7.49%
12/12/2013;7 222;7 222;7 222;7 222;167;1 206 074;7.50%
13/12/2013;7 763;7 763;7 763;7 763;21;163 023;7.49%
16/12/2013;7 600;7 600;7 600;7 600;119;904 400;-2.10%
17/12/2013;7 763;7 763;7 763;7 763;487;3 780 581;2.14%
18/12/2013;7 763;7 763;7 763;7 763;50;388 150;0.00%
20/12/2013;7 780;7 780;7 780;7 780;23;178 940;0.22%
24/12/2013;8 346;8 346;8 346;8 346;152;1 268 592;7.50%
30/12/2013;7 720;7 720;7 720;7 720;27;208 440;-7.50%
31/12/2013;8 160;8 160;8 160;8 160;180;1 468 800;5.70%
03/01/2014;8 000;8 000;8 000;8 000;6;48 000;-1.96%
07/01/2014;7 850;7 850;7 850;7 850;3;23 550;-1.88%
15/01/2014;7 262;7 262;7 262;7 262;100;726 200;-7.49%
17/01/2014;6 718;6 718;6 718;6 718;5;33 590;-7.49%
20/01/2014;6 215;6 215;6 215;6 215;9;55 935;-7.49%
22/01/2014;6 250;6 250;6 250;6 250;18;112 500;0.56%
23/01/2014;6 250;6 250;6 250;6 250;23;143 750;0.00%
24/01/2014;5 800;5 800;5 800;5 800;50;290 000;-7.20%
28/01/2014;5 400;5 400;5 400;5 400;84;453 600;-6.90%
29/01/2014;5 400;5 400;5 400;5 400;61;329 400;0.00%
30/01/2014;5 400;5 400;5 400;5 400;128;691 200;0.00%
04/02/2014;5 600;5 600;5 600;5 600;77;431 200;3.70%
05/02/2014;5 552;5 552;5 552;5 552;3;16 656;-0.86%
10/02/2014;5 800;5 800;5 800;5 800;10;58 000;4.47%
11/02/2014;6 200;6 200;6 200;6 200;13;80 600;6.90%
12/02/2014;5 800;5 800;5 800;5 800;7;40 600;-6.45%
13/02/2014;5 800;5 800;5 800;5 800;480;2 784 000;0.00%
14/02/2014;5 780;5 780;5 780;5 780;21;121 380;-0.34%
17/02/2014;5 700;5 700;5 700;5 700;44;250 800;-1.38%
18/02/2014;5 700;5 700;5 700;5 700;168;957 600;0.00%
19/02/2014;5 700;5 700;5 700;5 700;74;421 800;0.00%
20/02/2014;5 700;5 700;5 700;5 700;24;136 800;0.00%
21/02/2014;5 700;5 700;5 700;5 700;18;102 600;0.00%
24/02/2014;5 610;5 610;5 610;5 610;28;157 080;-1.58%
25/02/2014;5 610;5 610;5 610;5 610;265;1 486 650;0.00%
28/02/2014;6 031;6 031;6 031;6 031;20;120 620;7.50%
04/03/2014;6 483;6 483;6 483;6 483;25;162 075;7.49%
05/03/2014;6 031;6 031;6 031;6 031;5;30 155;-6.97%
07/03/2014;6 031;6 031;6 031;6 031;2;12 062;0.00%
10/03/2014;6 031;6 031;6 031;6 031;20;120 620;0.00%
12/03/2014;5 810;5 810;5 810;5 810;4;23 240;-3.66%
14/03/2014;5 810;5 810;5 810;5 810;350;2 033 500;0.00%
17/03/2014;6 246;6 246;6 246;6 246;10;62 460;7.50%
19/03/2014;6 714;6 714;6 714;6 714;490;3 289 860;7.49%
24/03/2014;6 714;6 714;6 714;6 714;12;80 568;-3.60%
25/03/2014;6 965;6 965;6 965;6 965;3;20 895;3.74%
26/03/2014;7 200;7 200;7 200;7 200;1 205;8 676 000;3.37%
27/03/2014;7 200;7 200;7 200;7 200;4;28 800;0.00%
28/03/2014;7 700;7 700;7 700;7 700;200;1 540 000;6.94%
01/04/2014;7 700;7 700;7 700;7 700;27;207 900;0.00%
04/04/2014;7 500;7 500;7 500;7 500;2;15 000;-2.60%
07/04/2014;7 500;7 500;7 500;7 500;34;255 000;0.00%
08/04/2014;7 500;7 500;7 500;7 500;19;142 500;0.00%
09/04/2014;7 500;7 500;7 500;7 500;30;225 000;0.00%
11/04/2014;7 400;7 400;7 400;7 400;8;59 200;-1.33%
29/04/2014;6 845;6 845;6 845;6 845;5;34 225;-7.50%
30/04/2014;6 332;6 332;6 332;6 332;18;113 976;-7.49%
02/05/2014;5 858;5 858;5 858;5 858;3;17 574;-7.49%
05/05/2014;5 419;5 419;5 419;5 419;1;5 419;-7.49%
07/05/2014;5 013;5 013;5 013;5 013;5;25 065;-7.49%
08/05/2014;5 389;5 389;5 389;5 389;5;26 945;7.50%
09/05/2014;4 990;4 990;4 990;4 990;2;9 980;-7.40%
13/05/2014;5 000;5 000;5 000;5 000;2;10 000;0.20%
15/05/2014;5 375;5 375;5 375;5 375;25;134 375;7.50%
20/05/2014;5 375;5 375;5 375;5 375;57;306 375;0.00%
21/05/2014;5 400;5 400;5 400;5 400;288;1 555 200;0.47%
22/05/2014;5 200;5 200;5 200;5 200;9;46 800;-3.70%
23/05/2014;5 201;5 201;5 201;5 201;29;150 829;0.02%
26/05/2014;5 305;5 305;5 305;5 305;122;647 210;2.00%
27/05/2014;5 100;5 100;5 100;5 100;200;1 020 000;-3.86%
28/05/2014;5 305;5 305;5 305;5 305;4;21 220;4.02%
30/05/2014;5 100;5 100;5 100;5 100;11;56 100;-3.86%
02/06/2014;5 101;5 101;5 101;5 101;48;244 848;0.02%
03/06/2014;5 300;5 300;5 300;5 300;12;63 600;3.90%
04/06/2014;5 300;5 300;5 300;5 300;65;344 500;0.00%
05/06/2014;5 300;5 300;5 300;5 300;3;15 900;0.00%
06/06/2014;5 300;5 300;5 300;5 300;6;31 800;0.00%
10/06/2014;5 300;5 300;5 300;5 300;4;21 200;0.00%
11/06/2014;5 300;5 300;5 300;5 300;277;1 468 100;0.00%
12/06/2014;5 250;5 250;5 250;5 250;12;63 000;-0.94%
13/06/2014;5 250;5 250;5 250;5 250;121;635 250;0.00%
16/06/2014;5 200;5 200;5 200;5 200;258;1 341 600;-0.95%
17/06/2014;5 200;5 200;5 200;5 200;506;2 631 200;0.00%
18/06/2014;5 200;5 200;5 200;5 200;17;88 400;0.00%
20/06/2014;4 902;4 902;4 902;4 902;10;49 020;0.04%
24/06/2014;4 902;4 902;4 902;4 902;101;495 102;0.00%
26/06/2014;4 910;4 910;4 910;4 910;60;294 600;0.16%
27/06/2014;5 278;5 278;5 278;5 278;10;52 780;7.49%
01/07/2014;4 900;4 900;4 900;4 900;15 010;73 549 000;-7.16%
02/07/2014;5 000;5 000;5 000;5 000;40;200 000;2.04%
03/07/2014;5 000;5 000;5 000;5 000;100;500 000;0.00%
04/07/2014;5 000;5 000;5 000;5 000;124;620 000;0.00%
07/07/2014;4 900;4 900;4 900;4 900;5 412;26 518 800;-2.00%
09/07/2014;5 000;5 000;5 000;5 000;131;655 000;2.04%
10/07/2014;4 951;4 951;4 951;4 951;143;707 993;-0.98%
14/07/2014;5 000;5 000;5 000;5 000;4;20 000;0.99%
15/07/2014;5 000;5 000;5 000;5 000;33;165 000;0.00%
17/07/2014;5 000;5 000;5 000;5 000;20;100 000;0.00%
18/07/2014;5 000;5 000;5 000;5 000;50;250 000;0.00%
21/07/2014;5 000;5 000;5 000;5 000;8;40 000;0.00%
22/07/2014;5 000;5 000;5 000;5 000;76;380 000;0.00%
25/07/2014;5 000;5 000;5 000;5 000;20;100 000;0.00%
31/07/2014;4 910;4 910;4 910;4 910;200;982 000;-1.80%
01/08/2014;4 911;4 911;4 911;4 911;11;54 021;0.02%
04/08/2014;5 000;5 000;5 000;5 000;489;2 445 000;1.81%
06/08/2014;5 000;5 000;5 000;5 000;527;2 635 000;0.00%
07/08/2014;5 000;5 000;5 000;5 000;5 270;26 350 000;0.00%
11/08/2014;5 200;5 200;5 200;5 200;1 371;7 129 200;4.00%
12/08/2014;5 000;5 000;5 000;5 000;5;25 000;-3.85%
18/08/2014;5 070;5 070;5 070;5 070;727;3 685 890;1.40%
19/08/2014;5 450;5 450;5 450;5 450;150;817 500;7.50%
20/08/2014;5 450;5 450;5 450;5 450;5;27 250;0.00%
21/08/2014;5 450;5 450;5 450;5 450;54;294 300;0.00%
22/08/2014;5 450;5 450;5 450;5 450;5;27 250;0.00%
25/08/2014;5 450;5 450;5 450;5 450;860;4 687 000;0.00%
26/08/2014;5 730;5 730;5 730;5 730;6;34 380;5.14%
28/08/2014;5 800;5 800;5 800;5 800;63;365 400;1.22%
29/08/2014;5 501;5 501;5 501;5 501;174;957 174;-5.16%
01/09/2014;5 353;5 353;5 353;5 353;5;26 765;-2.69%
02/09/2014;5 401;5 401;5 401;5 401;6;32 406;0.90%
04/09/2014;5 501;5 501;5 501;5 501;394;2 167 394;1.85%
05/09/2014;5 501;5 501;5 501;5 501;1;5 501;0.00%
08/09/2014;5 505;5 505;5 505;5 505;1;5 505;0.07%
09/09/2014;5 505;5 505;5 505;5 505;6;33 030;0.00%
10/09/2014;5 750;5 750;5 750;5 750;1;5 750;4.45%
11/09/2014;5 800;5 800;5 800;5 800;89;516 200;0.87%
12/09/2014;5 510;5 510;5 510;5 510;100;551 000;-5.00%
15/09/2014;5 600;5 600;5 600;5 600;5;28 000;1.63%
16/09/2014;5 505;5 505;5 505;5 505;47;258 735;-1.70%
24/09/2014;6 000;6 000;6 000;6 000;205;1 230 000;3.09%
26/09/2014;6 100;6 100;6 100;6 100;48;292 800;1.67%
29/09/2014;6 250;6 250;6 250;6 250;552;3 450 000;2.46%
01/10/2014;6 250;6 250;6 250;6 250;24;150 000;0.00%
02/10/2014;6 200;6 200;6 200;6 200;72;446 400;-0.80%
08/10/2014;5 800;5 800;5 800;5 800;5;29 000;-6.45%
10/10/2014;5 500;5 500;5 500;5 500;106;583 000;-5.17%
13/10/2014;5 550;5 550;5 550;5 550;2;11 100;0.91%
14/10/2014;5 550;5 550;5 550;5 550;11;61 050;0.00%
15/10/2014;5 550;5 550;5 550;5 550;18;99 900;0.00%
16/10/2014;5 550;5 550;5 550;5 550;15 957;88 561 350;0.00%
17/10/2014;5 550;5 550;5 550;5 550;141;782 550;0.00%
20/10/2014;5 800;5 800;5 800;5 800;2;11 600;4.50%
22/10/2014;5 800;5 800;5 800;5 800;1 510;8 758 000;0.00%
23/10/2014;5 900;5 900;5 900;5 900;100;590 000;1.72%
24/10/2014;6 343;6 343;6 343;6 343;150;951 450;7.51%
29/10/2014;6 000;6 000;6 000;6 000;5 000;30 000 000;-5.41%
30/10/2014;6 000;6 000;6 000;6 000;7;42 000;0.00%
31/10/2014;6 000;6 000;6 000;6 000;100;600 000;0.00%
03/11/2014;6 000;6 000;6 000;6 000;44;264 000;0.00%
05/11/2014;5 880;5 880;5 880;5 880;1;5 880;-2.00%
06/11/2014;6 000;6 000;6 000;6 000;108;648 000;2.04%
07/11/2014;6 000;6 000;6 000;6 000;127;762 000;0.00%
10/11/2014;6 000;6 000;6 000;6 000;2;12 000;0.00%
11/11/2014;6 000;6 000;6 000;6 000;8;48 000;0.00%
12/11/2014;6 000;6 000;6 000;6 000;665;3 990 000;0.00%
13/11/2014;6 000;6 000;6 000;6 000;10;60 000;0.00%
14/11/2014;6 100;6 100;6 100;6 100;3;18 300;1.67%
18/11/2014;6 000;6 000;6 000;6 000;655;3 930 000;-1.64%
20/11/2014;6 300;6 300;6 300;6 300;230;1 449 000;5.00%
24/11/2014;6 300;6 300;6 300;6 300;109;686 700;0.00%
25/11/2014;6 300;6 300;6 300;6 300;161;1 014 300;0.00%
26/11/2014;6 300;6 300;6 300;6 300;470;2 961 000;0.00%
27/11/2014;6 300;6 300;6 300;6 300;679;4 277 700;0.00%
28/11/2014;6 300;6 300;6 300;6 300;101;636 300;0.00%
02/12/2014;6 715;6 715;6 715;6 715;5 230;35 119 450;6.59%
03/12/2014;6 850;6 850;6 850;6 850;113;774 050;2.01%
04/12/2014;7 000;7 000;7 000;7 000;270;1 890 000;2.19%
05/12/2014;6 730;6 730;6 730;6 730;1 500;10 095 000;-3.86%
08/12/2014;6 600;6 600;6 600;6 600;304;2 006 400;-1.93%
09/12/2014;6 600;6 600;6 600;6 600;1;6 600;0.00%
10/12/2014;6 500;6 500;6 500;6 500;160;1 040 000;-1.52%
11/12/2014;6 500;6 500;6 500;6 500;100;650 000;0.00%
12/12/2014;6 500;6 500;6 500;6 500;4;26 000;0.00%
15/12/2014;6 500;6 500;6 500;6 500;635;4 127 500;0.00%
17/12/2014;6 700;6 700;6 700;6 700;120;804 000;3.40%
18/12/2014;6 900;6 900;6 900;6 900;3 104;21 417 600;2.99%
19/12/2014;7 400;7 400;7 400;7 400;938;6 941 200;7.25%
22/12/2014;7 400;7 400;7 400;7 400;202;1 494 800;0.00%
23/12/2014;7 400;7 400;7 400;7 400;456;3 374 400;0.00%
24/12/2014;7 500;7 500;7 500;7 500;1 059;7 942 500;1.35%
25/12/2014;7 500;7 500;7 500;7 500;10 590;79 425 000;0.00%
26/12/2014;7 950;7 950;7 950;7 950;1 831;14 556 450;6.00%
29/12/2014;8 500;8 500;8 500;8 500;31;263 500;6.92%
30/12/2014;9 000;9 000;9 000;9 000;152;1 368 000;5.88%
31/12/2014;9 130;9 130;9 130;9 130;623;5 687 990;1.44%
02/01/2015;9 000;9 000;9 000;9 000;1;9 000;-1.42%
05/01/2015;8 446;8 446;8 446;8 446;9;76 014;-6.16%
06/01/2015;8 300;8 300;8 300;8 300;96;796 800;-1.73%
12/01/2015;7 813;7 813;7 813;7 813;6;46 878;-5.87%
13/01/2015;7 813;7 813;7 813;7 813;2;15 626;0.00%
14/01/2015;7 813;7 813;7 813;7 813;10;78 130;0.00%
15/01/2015;7 500;7 500;7 500;7 500;23;172 500;-4.01%
19/01/2015;7 500;7 500;7 500;7 500;4;30 000;0.00%
20/01/2015;7 699;7 699;7 699;7 699;24;184 776;2.65%
22/01/2015;7 699;7 699;7 699;7 699;1;7 699;0.00%
23/01/2015;7 598;7 598;7 598;7 598;30;227 940;-1.31%
26/01/2015;7 490;7 490;7 490;7 490;13;97 370;-1.42%
27/01/2015;7 000;7 000;7 000;7 000;16;112 000;-6.54%
28/01/2015;7 300;7 300;7 300;7 300;19;138 700;4.29%
29/01/2015;7 000;7 000;7 000;7 000;659;4 613 000;-4.11%
30/01/2015;7 000;7 000;7 000;7 000;1;7 000;0.00%
02/02/2015;6 550;6 550;6 550;6 550;27;176 850;-6.43%
03/02/2015;6 600;6 600;6 600;6 600;56;369 600;0.76%
04/02/2015;7 000;7 000;7 000;7 000;12;84 000;6.06%
05/02/2015;6 501;6 501;6 501;6 501;5 010;32 570 010;-7.13%
10/02/2015;6 500;6 500;6 500;6 500;236;1 534 000;-0.02%
11/02/2015;6 500;6 500;6 500;6 500;5;32 500;0.00%
12/02/2015;6 500;6 500;6 500;6 500;350;2 275 000;0.00%
13/02/2015;6 450;6 450;6 450;6 450;19;122 550;-0.77%
17/02/2015;6 500;6 500;6 500;6 500;23;149 500;0.78%
18/02/2015;6 500;6 500;6 500;6 500;40;260 000;0.00%
19/02/2015;6 500;6 500;6 500;6 500;39;253 500;0.00%
20/02/2015;6 450;6 450;6 450;6 450;14;90 300;-0.77%
23/02/2015;6 500;6 500;6 500;6 500;42;273 000;0.78%
24/02/2015;6 500;6 500;6 500;6 500;28;182 000;0.00%
25/02/2015;6 988;6 988;6 988;6 988;28;195 664;7.51%
27/02/2015;6 980;6 980;6 980;6 980;14;97 720;-0.11%
02/03/2015;6 980;6 980;6 980;6 980;16;111 680;0.00%
03/03/2015;6 980;6 980;6 980;6 980;6;41 880;0.00%
04/03/2015;7 500;7 500;7 500;7 500;64;480 000;7.45%
05/03/2015;7 400;7 400;7 400;7 400;6;44 400;-1.33%
06/03/2015;7 400;7 400;7 400;7 400;19;140 600;0.00%
09/03/2015;7 000;7 000;7 000;7 000;527;3 689 000;-5.41%
10/03/2015;6 900;6 900;6 900;6 900;4;27 600;-1.43%
11/03/2015;6 750;6 750;6 750;6 750;116;783 000;-2.17%
12/03/2015;6 850;6 850;6 850;6 850;194;1 328 900;1.48%
13/03/2015;6 700;6 700;6 700;6 700;515;3 450 500;-2.19%
17/03/2015;6 600;6 600;6 600;6 600;116;765 600;0.00%
18/03/2015;6 600;6 600;6 600;6 600;2;13 200;0.00%
19/03/2015;6 600;6 600;6 600;6 600;631;4 164 600;0.00%
20/03/2015;6 600;6 600;6 600;6 600;51;336 600;0.00%
23/03/2015;6 600;6 600;6 600;6 600;30;198 000;0.00%
24/03/2015;6 600;6 600;6 600;6 600;69;455 400;0.00%
25/03/2015;6 600;6 600;6 600;6 600;109;719 400;0.00%
26/03/2015;6 600;6 600;6 600;6 600;32;211 200;0.00%
27/03/2015;6 600;6 600;6 600;6 600;20;132 000;0.00%
30/03/2015;6 500;6 500;6 500;6 500;222;1 443 000;-1.52%
31/03/2015;6 500;6 500;6 500;6 500;26;169 000;0.00%
02/04/2015;6 500;6 500;6 500;6 500;7;45 500;0.00%
03/04/2015;6 600;6 600;6 600;6 600;50;330 000;1.54%
06/04/2015;6 600;6 600;6 600;6 600;500;3 300 000;0.00%
07/04/2015;6 600;6 600;6 600;6 600;57;376 200;0.00%
08/04/2015;6 600;6 600;6 600;6 600;10;66 000;0.00%
09/04/2015;6 294;6 294;6 294;6 294;50;314 700;-4.64%
13/04/2015;6 600;6 600;6 600;6 600;72;475 200;4.86%
14/04/2015;6 600;6 600;6 600;6 600;63;415 800;0.00%
15/04/2015;6 590;6 590;6 590;6 590;1 005;6 622 950;-0.15%
17/04/2015;6 295;6 295;6 295;6 295;61;383 995;-4.48%
20/04/2015;6 550;6 550;6 550;6 550;5;32 750;4.05%
21/04/2015;6 490;6 490;6 490;6 490;710;4 607 900;-0.92%
22/04/2015;6 490;6 490;6 490;6 490;50;324 500;0.00%
27/04/2015;6 400;6 400;6 400;6 400;608;3 891 200;-1.39%
28/04/2015;6 350;6 350;6 350;6 350;298;1 892 300;-0.78%
29/04/2015;6 350;6 350;6 350;6 350;25;158 750;0.00%
30/04/2015;6 294;6 294;6 294;6 294;1;6 294;-0.88%
04/05/2015;5 822;5 822;5 822;5 822;2;11 644;-7.50%
05/05/2015;5 500;5 500;5 500;5 500;12;66 000;-5.53%
06/05/2015;5 900;5 900;5 900;5 900;4;23 600;7.27%
07/05/2015;5 500;5 500;5 500;5 500;10;55 000;-6.78%
08/05/2015;5 500;5 500;5 500;5 500;5;27 500;0.00%
11/05/2015;5 500;5 500;5 500;5 500;47;258 500;0.00%
12/05/2015;5 500;5 500;5 500;5 500;796;4 378 000;0.00%
13/05/2015;5 610;5 610;5 610;5 610;622;3 489 420;2.00%
14/05/2015;5 610;5 610;5 610;5 610;6 220;34 894 200;0.00%
18/05/2015;6 031;6 031;6 031;6 031;10;60 310;7.50%
20/05/2015;6 483;6 483;6 483;6 483;143;927 069;7.49%
21/05/2015;6 500;6 500;6 500;6 500;2 725;17 712 500;0.26%
22/05/2015;6 900;6 900;6 900;6 900;31;213 900;6.15%
25/05/2015;6 900;6 900;6 900;6 900;310;2 139 000;0.00%
26/05/2015;6 890;6 890;6 890;6 890;25;172 250;-0.14%
27/05/2015;6 888;6 888;6 888;6 888;116;799 008;-0.03%
28/05/2015;6 500;6 500;6 500;6 500;30;195 000;-5.63%
29/05/2015;6 889;6 889;6 889;6 889;15;103 335;5.98%
01/06/2015;6 901;6 901;6 901;6 901;48;331 248;0.17%
02/06/2015;6 900;6 900;6 900;6 900;3;20 700;-0.01%
04/06/2015;6 900;6 900;6 900;6 900;11;75 900;0.00%
05/06/2015;6 900;6 900;6 900;6 900;7;48 300;0.00%
10/06/2015;6 950;6 950;6 950;6 950;12;83 400;0.72%
11/06/2015;7 090;7 090;7 090;7 090;20;141 800;2.01%
12/06/2015;7 090;7 090;7 090;7 090;10;70 900;0.00%
17/06/2015;7 620;7 620;7 620;7 620;1;7 620;0.00%
18/06/2015;7 049;7 049;7 049;7 049;2 699;19 025 251;-7.49%
22/06/2015;7 100;7 100;7 100;7 100;28;198 800;0.72%
23/06/2015;7 100;7 100;7 100;7 100;115;816 500;0.00%
25/06/2015;7 000;7 000;7 000;7 000;8;56 000;-1.41%
26/06/2015;7 000;7 000;7 000;7 000;1;7 000;0.00%
30/06/2015;7 010;7 010;7 010;7 010;3;21 030;0.14%
02/07/2015;7 000;7 000;7 000;7 000;5;35 000;-0.14%
03/07/2015;7 001;7 001;7 001;7 001;6;42 006;0.01%
06/07/2015;7 500;7 500;7 500;7 500;84;630 000;7.13%
08/07/2015;7 620;7 620;7 620;7 620;360;2 743 200;1.60%
09/07/2015;7 600;7 600;7 600;7 600;140;1 064 000;-0.26%
10/07/2015;7 600;7 600;7 600;7 600;5;38 000;0.00%
13/07/2015;8 150;8 150;8 150;8 150;550;4 482 500;7.24%
14/07/2015;8 150;8 150;8 150;8 150;5 500;44 825 000;0.00%
20/07/2015;8 000;8 000;8 000;8 000;4;32 000;-1.84%
22/07/2015;8 000;8 000;8 000;8 000;5;40 000;0.00%
23/07/2015;8 000;8 000;8 000;8 000;5;40 000;0.00%
24/07/2015;7 400;7 400;7 400;7 400;91;673 400;-7.50%
27/07/2015;7 000;7 000;7 000;7 000;35;245 000;-5.41%
28/07/2015;7 000;7 000;7 000;7 000;200;1 400 000;0.00%
29/07/2015;7 001;7 001;7 001;7 001;576;4 032 576;0.01%
30/07/2015;7 001;7 001;7 001;7 001;2;14 002;0.00%
31/07/2015;7 200;7 200;7 200;7 200;11;79 200;2.84%
03/08/2015;7 200;7 200;7 200;7 200;13;93 600;0.00%
04/08/2015;7 740;7 740;7 740;7 740;354;2 739 960;7.50%
10/08/2015;8 000;8 000;8 000;8 000;68;544 000;3.36%
11/08/2015;8 150;8 150;8 150;8 150;34;277 100;1.88%
12/08/2015;8 100;8 100;8 100;8 100;29;234 900;-0.61%
13/08/2015;8 000;8 000;8 000;8 000;128;1 024 000;-1.23%
14/08/2015;8 000;8 000;8 000;8 000;10;80 000;0.00%
17/08/2015;7 800;7 800;7 800;7 800;7;54 600;-2.50%
18/08/2015;7 800;7 800;7 800;7 800;2 632;20 529 600;0.00%
19/08/2015;7 900;7 900;7 900;7 900;13;102 700;1.28%
20/08/2015;7 900;7 900;7 900;7 900;28;221 200;0.00%
21/08/2015;7 900;7 900;7 900;7 900;61;481 900;0.00%
24/08/2015;8 000;8 000;8 000;8 000;364;2 912 000;1.27%
25/08/2015;8 000;8 000;8 000;8 000;51;408 000;0.00%
26/08/2015;8 100;8 100;8 100;8 100;60;486 000;1.25%
27/08/2015;8 150;8 150;8 150;8 150;590;4 808 500;0.62%
31/08/2015;8 150;8 150;8 150;8 150;214;1 744 100;0.00%
01/09/2015;8 100;8 100;8 100;8 100;1;8 100;-0.61%
02/09/2015;8 200;8 200;8 200;8 200;55;451 000;1.23%
03/09/2015;8 200;8 200;8 200;8 200;703;5 764 600;0.00%
04/09/2015;8 000;8 000;8 000;8 000;566;4 528 000;-2.44%
07/09/2015;8 000;8 000;8 000;8 000;295;2 360 000;0.00%
08/09/2015;8 100;8 100;8 100;8 100;6;48 600;1.25%
09/09/2015;8 000;8 000;8 000;8 000;75;600 000;-1.23%
10/09/2015;8 000;8 000;8 000;8 000;57;456 000;0.00%
11/09/2015;8 200;8 200;8 200;8 200;100;820 000;2.50%
15/09/2015;8 100;8 100;8 100;8 100;3;24 300;-1.22%
17/09/2015;8 000;8 000;8 000;8 000;34;272 000;-1.23%
18/09/2015;8 200;8 200;8 200;8 200;1;8 200;2.50%
21/09/2015;8 000;8 000;8 000;8 000;77;616 000;-2.44%
22/09/2015;8 050;8 050;8 050;8 050;15;120 750;0.63%
23/09/2015;8 100;8 100;8 100;8 100;2 198;17 803 800;0.62%
24/09/2015;8 100;8 100;8 100;8 100;21 980;178 038 000;0.00%
25/09/2015;8 000;8 000;8 000;8 000;83;664 000;-1.23%
28/09/2015;8 140;8 140;8 140;8 140;800;6 512 000;1.75%
29/09/2015;8 050;8 050;8 050;8 050;22;177 100;-1.11%
30/09/2015;8 150;8 150;8 150;8 150;329;2 681 350;1.24%
01/10/2015;8 151;8 151;8 151;8 151;288;2 347 488;0.01%
02/10/2015;8 200;8 200;8 200;8 200;24;196 800;0.60%
05/10/2015;8 151;8 151;8 151;8 151;69;562 419;-0.60%
06/10/2015;8 200;8 200;8 200;8 200;671;5 502 200;0.60%
07/10/2015;8 200;8 200;8 200;8 200;94;770 800;0.00%
08/10/2015;8 201;8 201;8 201;8 201;2 000;16 402 000;0.01%
09/10/2015;8 201;8 201;8 201;8 201;5 419;44 441 219;0.00%
12/10/2015;8 200;8 200;8 200;8 200;28;229 600;-0.01%
13/10/2015;8 300;8 300;8 300;8 300;66;547 800;1.22%
14/10/2015;8 151;8 151;8 151;8 151;2 621;21 363 771;-1.80%
15/10/2015;8 200;8 200;8 200;8 200;3;24 600;0.60%
16/10/2015;8 201;8 201;8 201;8 201;3;24 603;0.01%
19/10/2015;8 200;8 200;8 200;8 200;3;24 600;-0.01%
20/10/2015;8 200;8 200;8 200;8 200;13;106 600;0.00%
21/10/2015;8 200;8 200;8 200;8 200;5 105;41 861 000;0.00%
22/10/2015;8 201;8 201;8 201;8 201;5;41 005;0.01%
23/10/2015;8 250;8 250;8 250;8 250;232;1 914 000;0.60%
29/10/2015;8 251;8 251;8 251;8 251;121;998 371;0.01%
30/10/2015;8 212;8 212;8 212;8 212;7;57 484;-0.47%
02/11/2015;8 250;8 250;8 250;8 250;52;429 000;0.46%
04/11/2015;8 250;8 250;8 250;8 250;20;165 000;0.00%
06/11/2015;8 250;8 250;8 250;8 250;2;16 500;0.00%
09/11/2015;8 250;8 250;8 250;8 250;308;2 541 000;0.00%
10/11/2015;8 250;8 250;8 250;8 250;2;16 500;0.00%
11/11/2015;8 490;8 490;8 490;8 490;12 500;106 125 000;2.91%
12/11/2015;8 550;8 550;8 550;8 550;12 685;108 456 750;0.71%
13/11/2015;8 200;8 200;8 200;8 200;42;344 400;-4.09%
16/11/2015;8 230;8 230;8 230;8 230;41;337 430;0.37%
17/11/2015;8 250;8 250;8 250;8 250;18;148 500;0.24%
18/11/2015;8 400;8 400;8 400;8 400;2;16 800;1.82%
19/11/2015;8 565;8 565;8 565;8 565;32;274 080;1.96%
20/11/2015;8 650;8 650;8 650;8 650;25;216 250;0.99%
23/11/2015;9 100;9 100;9 100;9 100;34;309 400;5.20%
24/11/2015;9 100;9 100;9 100;9 100;507;4 613 700;0.00%
25/11/2015;9 300;9 300;9 300;9 300;3 735;34 735 500;2.20%
26/11/2015;9 500;9 500;9 500;9 500;128;1 216 000;2.15%
27/11/2015;9 900;9 900;9 900;9 900;15;148 500;4.21%
30/11/2015;9 500;9 500;9 500;9 500;263;2 498 500;-4.04%
01/12/2015;9 500;9 500;9 500;9 500;11;104 500;0.00%
02/12/2015;9 850;9 850;9 850;9 850;51;502 350;3.68%
03/12/2015;9 800;9 800;9 800;9 800;144;1 411 200;-0.51%
07/12/2015;9 311;9 311;9 311;9 311;334;3 109 874;-4.99%
08/12/2015;9 800;9 800;9 800;9 800;13;127 400;5.25%
09/12/2015;9 700;9 700;9 700;9 700;25;242 500;-1.02%
14/12/2015;8 900;8 900;8 900;8 900;77;685 300;-7.29%
15/12/2015;8 800;8 800;8 800;8 800;27;237 600;-1.12%
16/12/2015;9 410;9 410;9 410;9 410;76;715 160;6.93%
17/12/2015;9 410;9 410;9 410;9 410;28;263 480;0.00%
18/12/2015;9 410;9 410;9 410;9 410;20;188 200;0.00%
22/12/2015;9 300;9 300;9 300;9 300;142;1 320 600;-1.17%
23/12/2015;9 990;9 990;9 990;9 990;1 525;15 234 750;7.42%
24/12/2015;9 990;9 990;9 990;9 990;2 130;21 278 700;0.00%
25/12/2015;9 990;9 990;9 990;9 990;2 130;21 278 700;0.00%
28/12/2015;10 500;10 500;10 500;10 500;559;5 869 500;5.11%
30/12/2015;10 400;10 400;10 400;10 400;1 197;12 448 800;-0.95%
04/01/2016;10 400;10 400;10 400;10 400;30;312 000;0.00%
05/01/2016;9 850;9 850;9 850;9 850;6;59 100;-5.29%
06/01/2016;9 800;9 800;9 800;9 800;4;39 200;-0.51%
07/01/2016;9 850;9 850;9 850;9 850;9;88 650;0.51%
08/01/2016;9 800;9 800;9 800;9 800;1;9 800;-0.51%
11/01/2016;9 400;9 400;9 400;9 400;16;150 400;-4.08%
13/01/2016;9 550;9 550;9 550;9 550;188;1 795 400;1.60%
14/01/2016;9 080;9 080;9 080;9 080;2 208;20 048 640;-4.92%
15/01/2016;8 900;8 900;8 900;8 900;2;17 800;-1.98%
18/01/2016;9 300;9 300;9 300;9 300;28;260 400;4.49%
19/01/2016;9 300;9 300;9 300;9 300;194;1 804 200;0.00%
21/01/2016;9 050;9 050;9 050;9 050;51;461 550;-2.69%
22/01/2016;8 900;8 900;8 900;8 900;4;35 600;-1.66%
25/01/2016;8 900;8 900;8 900;8 900;64;569 600;0.00%
26/01/2016;9 000;9 000;9 000;9 000;11;99 000;1.12%
27/01/2016;9 100;9 100;9 100;9 100;75;682 500;1.11%
28/01/2016;9 200;9 200;9 200;9 200;19;174 800;1.10%
29/01/2016;9 890;9 890;9 890;9 890;515;5 093 350;7.50%
01/02/2016;9 700;9 700;9 700;9 700;37;358 900;-1.92%
02/02/2016;9 500;9 500;9 500;9 500;189;1 795 500;-2.06%
03/02/2016;9 700;9 700;9 700;9 700;5 325;51 652 500;2.11%
04/02/2016;9 550;9 550;9 550;9 550;5 627;53 737 850;-1.55%
08/02/2016;9 150;9 150;9 150;9 150;466;4 263 900;-4.19%
09/02/2016;9 150;9 150;9 150;9 150;21;192 150;0.00%
10/02/2016;9 150;9 150;9 150;9 150;2 000;18 300 000;0.00%
11/02/2016;9 150;9 150;9 150;9 150;1;9 150;0.00%
12/02/2016;9 150;9 150;9 150;9 150;118;1 079 700;0.00%
15/02/2016;9 550;9 550;9 550;9 550;2;19 100;4.37%
16/02/2016;9 500;9 500;9 500;9 500;20;190 000;-0.52%
17/02/2016;9 550;9 550;9 550;9 550;835;7 974 250;0.53%
18/02/2016;9 500;9 500;9 500;9 500;31;294 500;-0.52%
19/02/2016;9 540;9 540;9 540;9 540;555;5 294 700;0.42%
22/02/2016;9 000;9 000;9 000;9 000;765;6 885 000;-5.66%
23/02/2016;9 000;9 000;9 000;9 000;152;1 368 000;0.00%
25/02/2016;9 675;9 675;9 675;9 675;7;67 725;7.50%
26/02/2016;9 051;9 051;9 051;9 051;11;99 561;-6.45%
29/02/2016;9 500;9 500;9 500;9 500;75;712 500;4.96%
01/03/2016;9 501;9 501;9 501;9 501;29;275 529;0.01%
03/03/2016;9 500;9 500;9 500;9 500;4;38 000;-0.01%
04/03/2016;9 675;9 675;9 675;9 675;6 840;66 177 000;1.84%
07/03/2016;9 601;9 601;9 601;9 601;14;134 414;-0.76%
08/03/2016;9 601;9 601;9 601;9 601;6;57 606;0.00%
09/03/2016;9 675;9 675;9 675;9 675;56;541 800;0.77%
11/03/2016;9 701;9 701;9 701;9 701;3 010;29 200 010;0.01%
14/03/2016;9 700;9 700;9 700;9 700;1 018;9 874 600;-0.01%
15/03/2016;9 700;9 700;9 700;9 700;143;1 387 100;0.00%
16/03/2016;9 800;9 800;9 800;9 800;19;186 200;1.03%
17/03/2016;9 500;9 500;9 500;9 500;27;256 500;-3.06%
18/03/2016;9 700;9 700;9 700;9 700;4;38 800;2.11%
21/03/2016;9 650;9 650;9 650;9 650;18;173 700;-0.52%
22/03/2016;9 650;9 650;9 650;9 650;73;704 450;0.00%
23/03/2016;9 600;9 600;9 600;9 600;83;796 800;-0.52%
24/03/2016;9 600;9 600;9 600;9 600;171;1 641 600;0.00%
29/03/2016;9 700;9 700;9 700;9 700;204;1 978 800;1.04%
30/03/2016;9 600;9 600;9 600;9 600;61;585 600;-1.03%
31/03/2016;10 320;10 320;10 320;10 320;2 186;22 559 520;7.50%
04/04/2016;9 701;9 701;9 701;9 701;350;3 395 350;-6.00%
05/04/2016;9 801;9 801;9 801;9 801;27;264 627;1.03%
08/04/2016;10 000;10 000;10 000;10 000;4;40 000;2.03%
11/04/2016;9 801;9 801;9 801;9 801;66;646 866;-1.99%
12/04/2016;10 000;10 000;10 000;10 000;37;370 000;2.03%
13/04/2016;10 000;10 000;10 000;10 000;6;60 000;0.00%
14/04/2016;10 400;10 400;10 400;10 400;722;7 508 800;4.00%
18/04/2016;9 620;9 620;9 620;9 620;1;9 620;-7.50%
19/04/2016;10 200;10 200;10 200;10 200;1 019;10 393 800;6.03%
20/04/2016;10 000;10 000;10 000;10 000;4;40 000;-1.96%
22/04/2016;10 400;10 400;10 400;10 400;1 161;12 074 400;4.00%
25/04/2016;10 400;10 400;10 400;10 400;1;10 400;0.00%
26/04/2016;10 300;10 300;10 300;10 300;86;885 800;-0.96%
27/04/2016;10 000;10 000;10 000;10 000;2;20 000;-2.91%
28/04/2016;9 700;9 700;9 700;9 700;41;397 700;-3.00%
29/04/2016;9 620;9 620;9 620;9 620;3;28 860;-0.82%
02/05/2016;9 620;9 620;9 620;9 620;30;288 600;0.00%
03/05/2016;9 700;9 700;9 700;9 700;902;8 749 400;0.83%
04/05/2016;9 700;9 700;9 700;9 700;96;931 200;0.00%
05/05/2016;9 700;9 700;9 700;9 700;960;9 312 000;0.00%
06/05/2016;9 651;9 651;9 651;9 651;128;1 235 328;-0.51%
09/05/2016;9 651;9 651;9 651;9 651;49;472 899;0.00%
10/05/2016;9 500;9 500;9 500;9 500;233;2 213 500;-1.56%
11/05/2016;9 500;9 500;9 500;9 500;106;1 007 000;0.00%
12/05/2016;9 700;9 700;9 700;9 700;10;97 000;2.11%
13/05/2016;9 501;9 501;9 501;9 501;78;741 078;-2.05%
16/05/2016;9 501;9 501;9 501;9 501;780;7 410 390;-0.01%
17/05/2016;9 600;9 600;9 600;9 600;16;153 600;1.05%
18/05/2016;10 300;10 300;10 300;10 300;1;10 300;7.29%
19/05/2016;10 300;10 300;10 300;10 300;6;61 800;0.00%
20/05/2016;10 100;10 100;10 100;10 100;44;444 400;-1.94%
23/05/2016;10 000;10 000;10 000;10 000;6;60 000;-0.99%
24/05/2016;9 900;9 900;9 900;9 900;2;19 800;-1.00%
25/05/2016;9 700;9 700;9 700;9 700;7;67 900;-2.02%
26/05/2016;9 200;9 200;9 200;9 200;90;828 000;-5.15%
27/05/2016;9 300;9 300;9 300;9 300;5;46 500;1.09%
30/05/2016;9 100;9 100;9 100;9 100;39;354 900;-2.15%
31/05/2016;9 100;9 100;9 100;9 100;42;382 200;0.00%
01/06/2016;9 100;9 100;9 100;9 100;117;1 064 700;0.00%
02/06/2016;9 101;9 101;9 101;9 101;1;9 101;0.01%
03/06/2016;9 500;9 500;9 500;9 500;1;9 500;4.38%
06/06/2016;9 500;9 500;9 500;9 500;10;95 000;0.00%
07/06/2016;9 200;9 200;9 200;9 200;55;506 000;-3.16%
09/06/2016;9 200;9 200;9 200;9 200;42;386 400;-1.60%
10/06/2016;9 201;9 201;9 201;9 201;19;174 819;0.01%
13/06/2016;9 210;9 210;9 210;9 210;5;46 050;0.10%
14/06/2016;9 201;9 201;9 201;9 201;4;36 804;-0.10%
15/06/2016;9 200;9 200;9 200;9 200;137;1 260 400;-0.01%
16/06/2016;9 201;9 201;9 201;9 201;64;588 864;0.01%
17/06/2016;9 201;9 201;9 201;9 201;60;552 060;0.00%
21/06/2016;9 200;9 200;9 200;9 200;329;3 026 800;-0.01%
22/06/2016;9 201;9 201;9 201;9 201;27;248 427;0.01%
23/06/2016;9 800;9 800;9 800;9 800;947;9 280 600;6.51%
27/06/2016;9 800;9 800;9 800;9 800;3;29 400;0.00%
28/06/2016;9 604;9 604;9 604;9 604;103;989 212;-2.00%
29/06/2016;9 210;9 210;9 210;9 210;8;73 680;-4.10%
30/06/2016;9 200;9 200;9 200;9 200;25;230 000;-0.11%
01/07/2016;9 000;9 000;9 000;9 000;52;468 000;-2.17%
04/07/2016;8 500;8 500;8 500;8 500;349;2 966 500;-5.56%
07/07/2016;8 200;8 200;8 200;8 200;165;1 353 000;-3.53%
08/07/2016;8 400;8 400;8 400;8 400;16;134 400;2.44%
12/07/2016;8 232;8 232;8 232;8 232;304;2 502 528;-2.00%
13/07/2016;8 500;8 500;8 500;8 500;10;85 000;3.26%
14/07/2016;8 500;8 500;8 500;8 500;28;238 000;0.00%
15/07/2016;8 200;8 200;8 200;8 200;1 007;8 257 400;-3.53%
19/07/2016;8 100;8 100;8 100;8 100;64;518 400;-1.22%
20/07/2016;7 801;7 801;7 801;7 801;1 021;7 964 821;-3.69%
21/07/2016;7 801;7 801;7 801;7 801;35;273 035;0.00%
22/07/2016;8 200;8 200;8 200;8 200;2 039;16 719 800;5.11%
25/07/2016;8 300;8 300;8 300;8 300;37;307 100;1.22%
26/07/2016;8 000;8 000;8 000;8 000;246;1 968 000;-3.61%
27/07/2016;8 000;8 000;8 000;8 000;40;320 000;0.00%
29/07/2016;7 850;7 850;7 850;7 850;185;1 452 250;-1.88%
01/08/2016;7 810;7 810;7 810;7 810;43;335 830;-0.51%
02/08/2016;7 810;7 810;7 810;7 810;59;460 790;0.00%
03/08/2016;7 800;7 800;7 800;7 800;338;2 636 400;-0.13%
04/08/2016;7 800;7 800;7 800;7 800;1;7 800;0.00%
05/08/2016;7 810;7 810;7 810;7 810;186;1 452 660;0.13%
08/08/2016;7 810;7 810;7 810;7 810;1 860;14 526 600;0.00%
09/08/2016;8 396;8 396;8 396;8 396;44;369 424;7.50%
10/08/2016;8 500;8 500;8 500;8 500;7;59 500;1.24%
11/08/2016;8 000;8 000;8 000;8 000;1;8 000;-5.88%
12/08/2016;8 001;8 001;8 001;8 001;12;96 012;0.01%
15/08/2016;8 001;8 001;8 001;8 001;120;960 060;-0.01%
16/08/2016;8 001;8 001;8 001;8 001;17;136 017;0.01%
17/08/2016;8 001;8 001;8 001;8 001;1;8 001;0.00%
18/08/2016;8 001;8 001;8 001;8 001;2;16 002;0.00%
19/08/2016;8 100;8 100;8 100;8 100;4;32 400;1.24%
22/08/2016;8 300;8 300;8 300;8 300;11;91 300;2.47%
23/08/2016;8 051;8 051;8 051;8 051;24;193 224;-3.00%
25/08/2016;8 051;8 051;8 051;8 051;2;16 102;0.00%
26/08/2016;8 101;8 101;8 101;8 101;1;8 101;0.62%
29/08/2016;8 500;8 500;8 500;8 500;307;2 609 500;4.93%
30/08/2016;8 500;8 500;8 500;8 500;8;68 000;0.00%
31/08/2016;8 500;8 500;8 500;8 500;1;8 500;0.00%
01/09/2016;8 300;8 300;8 300;8 300;29;240 700;-2.35%
02/09/2016;8 101;8 101;8 101;8 101;14;113 414;-2.40%
05/09/2016;8 000;8 000;8 000;8 000;302;2 416 000;-1.25%
07/09/2016;8 100;8 100;8 100;8 100;17;137 700;-0.01%
08/09/2016;8 100;8 100;8 100;8 100;85;688 500;0.00%
13/09/2016;8 400;8 400;8 400;8 400;11;92 400;3.70%
14/09/2016;8 500;8 500;8 500;8 500;9;76 500;1.19%
15/09/2016;8 500;8 500;8 500;8 500;33;280 500;0.00%
19/09/2016;8 600;8 600;8 600;8 600;2;17 200;1.18%
20/09/2016;8 550;8 550;8 550;8 550;72;615 600;-0.58%
21/09/2016;8 550;8 550;8 550;8 550;46;393 300;0.00%
26/09/2016;8 450;8 450;8 450;8 450;20;169 000;-1.17%
27/09/2016;8 450;8 450;8 450;8 450;15;126 750;0.00%
28/09/2016;8 450;8 450;8 450;8 450;52;439 400;0.00%
29/09/2016;8 450;8 450;8 450;8 450;22;185 900;0.00%
30/09/2016;8 450;8 450;8 450;8 450;5;42 250;0.00%
04/10/2016;8 551;8 551;8 551;8 551;6;51 306;1.20%
05/10/2016;8 555;8 555;8 555;8 555;102;872 610;0.05%
06/10/2016;8 400;8 400;8 400;8 400;682;5 728 800;-1.81%
07/10/2016;8 400;8 400;8 400;8 400;9;75 600;0.00%
11/10/2016;8 400;8 400;8 400;8 400;29;243 600;0.00%
12/10/2016;8 100;8 100;8 100;8 100;404;3 272 400;-3.57%
13/10/2016;8 100;8 100;8 100;8 100;252;2 041 200;0.00%
14/10/2016;8 200;8 200;8 200;8 200;25;205 000;1.23%
17/10/2016;8 100;8 100;8 100;8 100;75;607 500;-1.22%
19/10/2016;8 100;8 100;8 100;8 100;55;445 500;0.00%
20/10/2016;8 000;8 000;8 000;8 000;4;32 000;-1.23%
21/10/2016;7 950;7 950;7 950;7 950;19;151 050;-0.63%
25/10/2016;8 000;8 000;8 000;8 000;255;2 040 000;0.63%
26/10/2016;7 500;7 500;7 500;7 500;29;217 500;-6.25%
27/10/2016;7 500;7 500;7 500;7 500;3;22 500;0.00%
28/10/2016;7 500;7 500;7 500;7 500;2;15 000;0.00%
31/10/2016;7 300;7 300;7 300;7 300;14;102 200;-2.67%
01/11/2016;7 300;7 300;7 300;7 300;140;1 022 000;0.00%
02/11/2016;7 000;7 000;7 000;7 000;18;126 000;-4.11%
03/11/2016;7 000;7 000;7 000;7 000;4;28 000;0.00%
04/11/2016;7 000;7 000;7 000;7 000;5;35 000;0.00%
07/11/2016;7 000;7 000;7 000;7 000;2;14 000;0.00%
08/11/2016;6 900;6 900;6 900;6 900;3;20 700;-1.43%
09/11/2016;6 900;6 900;6 900;6 900;3;20 700;0.00%
10/11/2016;6 800;6 800;6 800;6 800;53;360 400;-1.45%
11/11/2016;7 000;7 000;7 000;7 000;16;112 000;2.94%
14/11/2016;7 000;7 000;7 000;7 000;12;84 000;0.00%
15/11/2016;7 000;7 000;7 000;7 000;120;839 940;-0.01%
16/11/2016;6 500;6 500;6 500;6 500;23;149 500;-7.14%
17/11/2016;6 500;6 500;6 500;6 500;247;1 605 500;0.00%
18/11/2016;6 900;6 900;6 900;6 900;47;324 300;6.15%
22/11/2016;7 200;7 200;7 200;7 200;156;1 123 200;4.35%
23/11/2016;7 000;7 000;7 000;7 000;57;399 000;-2.78%
24/11/2016;7 190;7 190;7 190;7 190;59;424 210;2.71%
25/11/2016;7 300;7 300;7 300;7 300;97;708 100;1.53%
28/11/2016;7 780;7 780;7 780;7 780;13;101 140;6.58%
29/11/2016;7 790;7 790;7 790;7 790;41;319 390;0.13%
30/11/2016;7 300;7 300;7 300;7 300;315;2 299 500;-6.29%
02/12/2016;7 790;7 790;7 790;7 790;29;225 910;6.71%
06/12/2016;7 900;7 900;7 900;7 900;30;237 000;-1.25%
08/12/2016;7 800;7 800;7 800;7 800;3;23 400;-1.27%
09/12/2016;7 800;7 800;7 800;7 800;17;132 600;0.00%
12/12/2016;7 800;7 800;7 800;7 800;170;1 326 000;0.00%
14/12/2016;7 700;7 700;7 700;7 700;2;15 400;-1.28%
19/12/2016;7 300;7 300;7 300;7 300;2;14 600;-5.19%
21/12/2016;7 279;7 279;7 279;7 279;20;145 580;-0.29%
23/12/2016;7 270;7 270;7 270;7 270;13;94 510;-0.12%
26/12/2016;7 270;7 270;7 270;7 270;130;945 100;0.00%
27/12/2016;7 815;7 815;7 815;7 815;146;1 140 990;7.50%
29/12/2016;8 000;8 000;8 000;8 000;287;2 296 000;2.37%
30/12/2016;8 450;8 450;8 450;8 450;49;414 050;5.63%
04/01/2017;7 817;7 817;7 817;7 817;26;203 242;-7.49%
05/01/2017;7 300;7 300;7 300;7 300;5;36 500;-6.61%
09/01/2017;7 000;7 000;7 000;7 000;10;70 000;-4.11%
10/01/2017;7 100;7 100;7 100;7 100;1;7 100;1.43%
11/01/2017;7 000;7 000;7 000;7 000;21;147 000;-1.41%
12/01/2017;7 000;7 000;7 000;7 000;4;28 000;0.00%
13/01/2017;6 475;6 475;6 475;6 475;21;135 975;-7.50%
16/01/2017;6 961;6 961;6 961;6 961;5;34 805;7.51%
17/01/2017;7 000;7 000;7 000;7 000;10;70 000;0.56%
18/01/2017;7 000;7 000;7 000;7 000;1;7 000;0.00%
19/01/2017;6 850;6 850;6 850;6 850;48;328 800;-2.14%
20/01/2017;6 930;6 930;6 930;6 930;39;270 270;1.17%
23/01/2017;6 930;6 930;6 930;6 930;26;180 180;0.00%
24/01/2017;6 850;6 850;6 850;6 850;10;68 500;-1.15%
25/01/2017;6 800;6 800;6 800;6 800;21;142 800;-0.73%
26/01/2017;6 475;6 475;6 475;6 475;41;265 475;-4.78%
27/01/2017;6 600;6 600;6 600;6 600;8;52 800;1.93%
30/01/2017;6 930;6 930;6 930;6 930;40;277 200;5.00%
01/02/2017;6 500;6 500;6 500;6 500;5;32 500;-6.20%
03/02/2017;6 555;6 555;6 555;6 555;13;85 215;0.85%
08/02/2017;7 000;7 000;7 000;7 000;39;273 000;6.79%
10/02/2017;7 010;7 010;7 010;7 010;16;112 160;0.14%
13/02/2017;7 500;7 500;7 500;7 500;7;52 500;6.99%
16/02/2017;7 450;7 450;7 450;7 450;5;37 250;-0.67%
17/02/2017;7 400;7 400;7 400;7 400;4;29 600;-0.67%
20/02/2017;7 150;7 150;7 150;7 150;45;321 750;-3.38%
21/02/2017;7 150;7 150;7 150;7 150;281;2 009 150;0.00%
22/02/2017;7 400;7 400;7 400;7 400;45;333 000;3.50%
23/02/2017;7 400;7 400;7 400;7 400;38;281 200;0.00%
24/02/2017;7 400;7 400;7 400;7 400;5;37 000;0.00%
27/02/2017;7 400;7 400;7 400;7 400;5;37 000;0.00%
28/02/2017;7 400;7 400;7 400;7 400;200;1 480 000;0.00%
01/03/2017;7 400;7 400;7 400;7 400;40;296 000;0.00%
02/03/2017;7 500;7 500;7 500;7 500;93;697 500;1.35%
03/03/2017;7 400;7 400;7 400;7 400;263;1 946 200;-1.33%
07/03/2017;7 150;7 150;7 150;7 150;15;107 250;0.69%
08/03/2017;7 101;7 101;7 101;7 101;4;28 404;-0.69%
09/03/2017;7 100;7 100;7 100;7 100;7;49 700;-0.01%
10/03/2017;7 050;7 050;7 050;7 050;11;77 550;-0.70%
13/03/2017;6 950;6 950;6 950;6 950;152;1 056 400;-1.42%
14/03/2017;7 350;7 350;7 350;7 350;80;588 000;5.76%
15/03/2017;7 300;7 300;7 300;7 300;12;87 600;-0.68%
20/03/2017;7 100;7 100;7 100;7 100;60;426 000;-2.74%
21/03/2017;6 690;6 690;6 690;6 690;13;86 970;-5.77%
22/03/2017;6 189;6 189;6 189;6 189;40;247 560;-7.49%
23/03/2017;6 250;6 250;6 250;6 250;25;156 250;0.99%
24/03/2017;6 700;6 700;6 700;6 700;5;33 500;7.20%
27/03/2017;6 500;6 500;6 500;6 500;23;149 500;-2.99%
28/03/2017;6 500;6 500;6 500;6 500;3;19 500;0.00%
29/03/2017;6 200;6 200;6 200;6 200;51;316 200;-4.62%
30/03/2017;6 600;6 600;6 600;6 600;37;244 200;6.45%
31/03/2017;6 700;6 700;6 700;6 700;23;154 100;1.52%
03/04/2017;6 750;6 750;6 750;6 750;8;54 000;0.75%
04/04/2017;6 750;6 750;6 750;6 750;1;6 750;0.00%
05/04/2017;6 500;6 500;6 500;6 500;29;188 500;-3.70%
06/04/2017;6 750;6 750;6 750;6 750;1;6 750;3.85%
07/04/2017;6 500;6 500;6 500;6 500;96;624 000;-3.70%
10/04/2017;6 500;6 500;6 500;6 500;102;663 000;0.00%
11/04/2017;6 500;6 500;6 500;6 500;20;130 000;0.00%
12/04/2017;6 750;6 750;6 750;6 750;5;33 750;3.85%
13/04/2017;6 901;6 901;6 901;6 901;27;186 327;2.24%
14/04/2017;6 900;6 900;6 900;6 900;62;427 800;-0.01%
18/04/2017;6 870;6 870;6 870;6 870;26;178 620;-0.43%
19/04/2017;7 000;7 000;7 000;7 000;5;35 000;1.89%
20/04/2017;6 801;6 801;6 801;6 801;20;136 020;-2.84%
21/04/2017;7 000;7 000;7 000;7 000;40;280 000;2.93%
24/04/2017;6 850;6 850;6 850;6 850;11;75 350;-2.14%
25/04/2017;6 500;6 500;6 500;6 500;73;474 500;-5.11%
26/04/2017;6 400;6 400;6 400;6 400;28;179 200;-1.54%
27/04/2017;6 500;6 500;6 500;6 500;3;19 500;1.56%
28/04/2017;6 500;6 500;6 500;6 500;3;19 500;0.00%
01/05/2017;6 500;6 500;6 500;6 500;30;195 000;0.00%
02/05/2017;6 700;6 700;6 700;6 700;40;268 000;3.08%
03/05/2017;6 700;6 700;6 700;6 700;245;1 641 500;0.00%
04/05/2017;6 300;6 300;6 300;6 300;150;945 000;-5.97%
05/05/2017;6 300;6 300;6 300;6 300;69;434 700;0.00%
08/05/2017;6 300;6 300;6 300;6 300;21;132 300;0.00%
09/05/2017;6 300;6 300;6 300;6 300;148;932 400;0.00%
11/05/2017;6 250;6 250;6 250;6 250;3;18 750;-0.79%
12/05/2017;6 719;6 719;6 719;6 719;23;154 537;7.50%
16/05/2017;6 300;6 300;6 300;6 300;91;573 300;-6.24%
17/05/2017;6 300;6 300;6 300;6 300;67;422 100;0.00%
18/05/2017;6 200;6 200;6 200;6 200;27;167 400;-1.59%
19/05/2017;6 000;6 000;6 000;6 000;227;1 362 000;-3.23%
22/05/2017;6 000;6 000;6 000;6 000;85;510 000;0.00%
23/05/2017;6 450;6 450;6 450;6 450;74;477 300;7.50%
24/05/2017;6 000;6 000;6 000;6 000;126;756 000;-6.98%
25/05/2017;6 000;6 000;6 000;6 000;1 260;7 560 000;0.00%
26/05/2017;6 000;6 000;6 000;6 000;187;1 122 000;0.00%
29/05/2017;6 000;6 000;6 000;6 000;163;978 000;0.00%
30/05/2017;5 550;5 550;5 550;5 550;170;943 500;-7.50%
01/06/2017;5 550;5 550;5 550;5 550;25;138 750;0.00%
02/06/2017;5 300;5 300;5 300;5 300;74;392 200;-4.50%
06/06/2017;5 500;5 500;5 500;5 500;10;55 000;3.77%
07/06/2017;5 500;5 500;5 500;5 500;14;77 000;0.00%
08/06/2017;5 306;5 306;5 306;5 306;147;779 982;-3.53%
12/06/2017;5 400;5 400;5 400;5 400;2;10 800;1.77%
13/06/2017;5 805;5 805;5 805;5 805;18;104 490;7.50%
14/06/2017;5 900;5 900;5 900;5 900;26;153 400;1.64%
15/06/2017;5 500;5 500;5 500;5 500;597;3 283 500;-6.78%
16/06/2017;5 500;5 500;5 500;5 500;605;3 327 500;0.00%
19/06/2017;5 501;5 501;5 501;5 501;168;924 168;0.02%
20/06/2017;5 500;5 500;5 500;5 500;71;390 500;-0.02%
21/06/2017;5 601;5 601;5 601;5 601;23;128 823;1.84%
22/06/2017;5 601;5 601;5 601;5 601;230;1 288 115;-0.01%
23/06/2017;5 620;5 620;5 620;5 620;216;1 213 920;0.35%
27/06/2017;6 000;6 000;6 000;6 000;161;966 000;6.76%
28/06/2017;6 400;6 400;6 400;6 400;54;345 600;6.67%
29/06/2017;5 920;5 920;5 920;5 920;65;384 800;-7.50%
30/06/2017;6 300;6 300;6 300;6 300;127;800 100;6.42%
03/07/2017;6 300;6 300;6 300;6 300;10;63 000;0.00%
04/07/2017;6 000;6 000;6 000;6 000;5;30 000;-4.76%
05/07/2017;6 000;6 000;6 000;6 000;71;426 000;0.00%
06/07/2017;6 000;6 000;6 000;6 000;35;210 000;0.00%
10/07/2017;6 000;6 000;6 000;6 000;50;300 000;0.00%
11/07/2017;5 800;5 800;5 800;5 800;10;58 000;-3.33%
12/07/2017;5 500;5 500;5 500;5 500;238;1 309 000;-5.17%
13/07/2017;5 800;5 800;5 800;5 800;11;63 800;5.45%
14/07/2017;6 200;6 200;6 200;6 200;111;688 200;6.90%
17/07/2017;6 400;6 400;6 400;6 400;3;19 200;3.23%
18/07/2017;6 400;6 400;6 400;6 400;45;288 000;0.00%
19/07/2017;6 400;6 400;6 400;6 400;2;12 800;0.00%
20/07/2017;6 350;6 350;6 350;6 350;5;31 750;-0.78%
24/07/2017;6 350;6 350;6 350;6 350;5;31 750;0.00%
25/07/2017;6 300;6 300;6 300;6 300;2;12 600;-0.79%
26/07/2017;6 200;6 200;6 200;6 200;12;74 400;-1.59%
28/07/2017;6 000;6 000;6 000;6 000;20;120 000;-3.23%
31/07/2017;6 000;6 000;6 000;6 000;13;78 000;0.00%
01/08/2017;6 000;6 000;6 000;6 000;18;108 000;0.00%
02/08/2017;6 250;6 250;6 250;6 250;203;1 268 750;4.17%
03/08/2017;6 000;6 000;6 000;6 000;7;42 000;-4.00%
04/08/2017;6 000;6 000;6 000;6 000;10;60 000;0.00%
07/08/2017;6 000;6 000;6 000;6 000;100;600 000;0.00%
08/08/2017;6 001;6 001;6 001;6 001;52;312 052;0.02%
09/08/2017;6 000;6 000;6 000;6 000;226;1 356 000;-0.02%
10/08/2017;6 200;6 200;6 200;6 200;1 949;12 083 800;3.33%
11/08/2017;6 050;6 050;6 050;6 050;78;471 900;-2.42%
14/08/2017;5 597;5 597;5 597;5 597;3;16 791;-7.49%
15/08/2017;5 597;5 597;5 597;5 597;30;167 895;-0.01%
16/08/2017;5 601;5 601;5 601;5 601;20;112 020;0.08%
17/08/2017;6 020;6 020;6 020;6 020;65;391 300;7.48%
18/08/2017;5 600;5 600;5 600;5 600;152;851 200;-6.98%
21/08/2017;6 000;6 000;6 000;6 000;202;1 212 000;7.14%
22/08/2017;6 000;6 000;6 000;6 000;4;24 000;0.00%
23/08/2017;6 200;6 200;6 200;6 200;284;1 760 800;3.33%
31/08/2017;6 190;6 190;6 190;6 190;32;198 080;-0.16%
04/09/2017;6 000;6 000;6 000;6 000;15;90 000;-3.07%
05/09/2017;5 700;5 700;5 700;5 700;57;324 900;-5.00%
06/09/2017;6 000;6 000;6 000;6 000;6;36 000;5.26%
07/09/2017;5 990;5 990;5 990;5 990;3;17 970;-0.17%
11/09/2017;5 990;5 990;5 990;5 990;2;11 980;0.00%
12/09/2017;6 000;6 000;6 000;6 000;110;660 000;0.17%
13/09/2017;6 000;6 000;6 000;6 000;16;96 000;0.00%
14/09/2017;6 000;6 000;6 000;6 000;14;84 000;0.00%
15/09/2017;6 000;6 000;6 000;6 000;5;30 000;0.00%
20/09/2017;5 880;5 880;5 880;5 880;275;1 617 000;-2.00%
21/09/2017;5 880;5 880;5 880;5 880;47;276 360;0.00%
22/09/2017;6 000;6 000;6 000;6 000;3;18 000;2.04%
27/09/2017;5 900;5 900;5 900;5 900;2;11 800;-1.67%
28/09/2017;6 000;6 000;6 000;6 000;39;234 000;1.69%
29/09/2017;6 450;6 450;6 450;6 450;102;657 900;7.50%
02/10/2017;6 100;6 100;6 100;6 100;20;122 000;-5.43%
03/10/2017;6 000;6 000;6 000;6 000;114;684 000;-1.64%
06/10/2017;5 900;5 900;5 900;5 900;13;76 700;-1.67%
09/10/2017;5 600;5 600;5 600;5 600;100;560 000;-5.08%
11/10/2017;5 900;5 900;5 900;5 900;1 247;7 357 300;5.36%
12/10/2017;5 458;5 458;5 458;5 458;27;147 366;-7.49%
13/10/2017;5 600;5 600;5 600;5 600;1 251;7 005 600;2.60%
16/10/2017;5 550;5 550;5 550;5 550;100;555 000;-0.89%
17/10/2017;5 550;5 550;5 550;5 550;48;266 400;0.00%
18/10/2017;5 550;5 550;5 550;5 550;2;11 100;0.00%
19/10/2017;5 550;5 550;5 550;5 550;35;194 250;0.00%
20/10/2017;5 550;5 550;5 550;5 550;4;22 200;0.00%
23/10/2017;5 550;5 550;5 550;5 550;3;16 650;0.00%
26/10/2017;5 500;5 500;5 500;5 500;4;22 000;-0.90%
30/10/2017;5 088;5 088;5 088;5 088;4;20 352;-7.49%
31/10/2017;4 706;4 706;4 706;4 706;4;18 824;-7.51%
01/11/2017;4 706;4 706;4 706;4 706;40;188 240;0.00%
02/11/2017;4 706;4 706;4 706;4 706;32;150 592;0.00%
03/11/2017;4 706;4 706;4 706;4 706;17;80 002;0.00%
07/11/2017;4 600;4 600;4 600;4 600;48;220 800;-2.25%
08/11/2017;4 350;4 350;4 350;4 350;12;52 200;-5.43%
10/11/2017;4 350;4 350;4 350;4 350;8;34 800;0.00%
14/11/2017;4 330;4 330;4 330;4 330;10;43 300;-0.46%
15/11/2017;4 330;4 330;4 330;4 330;100;433 000;0.00%
21/11/2017;4 008;4 008;4 008;4 008;1;4 008;-7.44%
22/11/2017;3 709;3 709;3 709;3 709;13;48 217;-7.46%
23/11/2017;3 432;3 432;3 432;3 432;5;17 160;-7.47%
24/11/2017;3 175;3 175;3 175;3 175;6;19 050;-7.49%
27/11/2017;3 000;3 000;3 000;3 000;41;123 000;-5.51%
28/11/2017;3 000;3 000;3 000;3 000;10;30 000;0.00%
29/11/2017;3 000;3 000;3 000;3 000;42;126 000;0.00%
01/12/2017;3 000;3 000;3 000;3 000;710;2 130 000;0.00%
04/12/2017;2 900;2 900;2 900;2 900;69;200 100;-3.33%
05/12/2017;2 899;2 899;2 899;2 899;52;150 748;-0.03%
07/12/2017;2 897;2 897;2 897;2 897;90;260 730;-0.07%
08/12/2017;3 114;3 114;3 114;3 114;168;523 152;7.49%
11/12/2017;3 300;3 300;3 300;3 300;10;33 000;5.97%
12/12/2017;3 300;3 300;3 300;3 300;429;1 415 700;0.00%
13/12/2017;3 500;3 500;3 500;3 500;27;94 500;6.06%
14/12/2017;3 763;3 763;3 763;3 763;10;37 630;7.51%
15/12/2017;4 045;4 045;4 045;4 045;90;364 050;7.49%
18/12/2017;4 300;4 300;4 300;4 300;95;408 500;6.30%
19/12/2017;4 300;4 300;4 300;4 300;100;430 000;0.00%
20/12/2017;4 600;4 600;4 600;4 600;10;46 000;6.98%
21/12/2017;4 850;4 850;4 850;4 850;26;126 100;5.43%
22/12/2017;5 210;5 210;5 210;5 210;15;78 150;7.42%
25/12/2017;5 210;5 210;5 210;5 210;150;781 500;0.00%
26/12/2017;5 200;5 200;5 200;5 200;36;187 200;-0.19%
27/12/2017;5 200;5 200;5 200;5 200;58;301 600;0.00%
28/12/2017;5 500;5 500;5 500;5 500;1 889;10 389 500;5.77%
29/12/2017;5 910;5 910;5 910;5 910;979;5 785 890;7.45%
02/01/2018;5 800;5 800;5 800;5 800;75;435 000;-1.86%
03/01/2018;5 920;5 920;5 920;5 920;49;290 080;2.07%
04/01/2018;5 900;5 900;5 900;5 900;86;507 400;-0.34%
05/01/2018;5 900;5 900;5 900;5 900;477;2 814 300;0.00%
08/01/2018;5 850;5 850;5 850;5 850;550;3 217 500;-0.85%
09/01/2018;5 850;5 850;5 850;5 850;22;128 700;0.00%
10/01/2018;5 850;5 850;5 850;5 850;175;1 023 750;0.00%
11/01/2018;5 800;5 800;5 800;5 800;43;249 400;-0.85%
12/01/2018;5 800;5 800;5 800;5 800;137;794 600;0.00%
15/01/2018;5 365;5 365;5 365;5 365;77;413 105;-7.50%
16/01/2018;5 500;5 500;5 500;5 500;47;258 500;2.52%
17/01/2018;5 800;5 800;5 800;5 800;60;348 000;5.45%
18/01/2018;5 400;5 400;5 400;5 400;386;2 084 400;-6.90%
19/01/2018;5 300;5 300;5 300;5 300;54;286 200;-1.85%
22/01/2018;5 000;5 000;5 000;5 000;168;840 000;-5.66%
23/01/2018;4 950;4 950;4 950;4 950;31;153 450;-1.00%
24/01/2018;4 890;4 890;4 890;4 890;891;4 356 990;-1.21%
25/01/2018;4 600;4 600;4 600;4 600;76;349 600;-5.93%
26/01/2018;4 255;4 255;4 255;4 255;121;514 855;-7.50%
29/01/2018;4 000;4 000;4 000;4 000;700;2 800 000;-5.99%
30/01/2018;3 900;3 900;3 900;3 900;211;822 900;-2.50%
31/01/2018;3 700;3 700;3 700;3 700;237;876 900;-5.13%
01/02/2018;3 800;3 800;3 800;3 800;661;2 511 800;2.70%
02/02/2018;3 750;3 750;3 750;3 750;380;1 425 000;-1.32%
05/02/2018;3 690;3 690;3 690;3 690;682;2 516 580;-1.60%
06/02/2018;3 650;3 650;3 650;3 650;1 570;5 730 500;-1.08%
07/02/2018;3 650;3 650;3 650;3 650;460;1 679 000;0.00%
08/02/2018;3 700;3 700;3 700;3 700;1 000;3 700 000;1.37%
09/02/2018;3 700;3 700;3 700;3 700;35 755;132 293 500;0.00%
12/02/2018;3 800;3 800;3 800;3 800;194;737 200;2.70%
13/02/2018;3 800;3 800;3 800;3 800;315;1 197 000;0.00%
14/02/2018;3 800;3 800;3 800;3 800;541;2 055 800;0.00%
15/02/2018;3 800;3 800;3 800;3 800;2 290;8 702 000;0.00%
16/02/2018;3 750;3 750;3 750;3 750;607;2 276 250;-1.32%
19/02/2018;3 700;3 700;3 700;3 700;1 153;4 266 100;-1.33%
20/02/2018;3 700;3 700;3 700;3 700;1 177;4 354 900;0.00%
21/02/2018;3 750;3 750;3 750;3 750;1 018;3 817 500;1.35%
22/02/2018;3 725;3 725;3 725;3 725;67;249 575;-0.67%
23/02/2018;3 750;3 750;3 750;3 750;954;3 577 500;0.67%
26/02/2018;3 600;3 600;3 600;3 600;1 492;5 371 200;-4.00%
27/02/2018;3 795;3 795;3 795;3 795;1 132;4 295 940;5.42%
01/03/2018;3 795;3 795;3 795;3 795;652;2 474 340;2.57%
02/03/2018;3 795;3 795;3 795;3 795;580;2 201 100;0.00%
05/03/2018;3 995;3 995;3 995;3 995;414;1 653 930;5.27%
06/03/2018;4 075;4 075;4 075;4 075;242;986 150;2.00%
07/03/2018;4 075;4 075;4 075;4 075;71;289 325;0.00%
08/03/2018;4 075;4 075;4 075;4 075;32;130 400;0.00%
09/03/2018;4 380;4 380;4 380;4 380;141;617 580;7.48%
12/03/2018;4 700;4 700;4 700;4 700;197;925 900;7.31%
13/03/2018;4 610;4 610;4 610;4 610;765;3 526 650;-1.91%
14/03/2018;4 795;4 795;4 795;4 795;79;378 805;4.01%
15/03/2018;4 700;4 700;4 700;4 700;526;2 472 200;-1.98%
16/03/2018;4 615;4 615;4 615;4 615;41;189 215;-1.81%
19/03/2018;4 700;4 700;4 700;4 700;387;1 818 900;1.84%
20/03/2018;4 700;4 700;4 700;4 700;2 255;10 598 500;0.00%
21/03/2018;4 700;4 700;4 700;4 700;27 455;129 038 500;0.00%
22/03/2018;4 700;4 700;4 700;4 700;274;1 287 800;0.00%
23/03/2018;4 590;4 590;4 590;4 590;211;968 490;-2.34%
26/03/2018;4 570;4 570;4 570;4 570;145;662 650;-0.44%
27/03/2018;4 490;4 490;4 490;4 490;236;1 059 640;-1.75%
28/03/2018;4 450;4 450;4 450;4 450;446;1 984 700;-0.89%
29/03/2018;4 400;4 400;4 400;4 400;887;3 902 800;-1.12%
30/03/2018;4 070;4 070;4 070;4 070;343;1 396 010;-7.50%
02/04/2018;4 070;4 070;4 070;4 070;343;1 396 010;0.00%
03/04/2018;4 200;4 200;4 200;4 200;457;1 919 400;3.19%
04/04/2018;4 200;4 200;4 200;4 200;85;357 000;0.00%
05/04/2018;4 200;4 200;4 200;4 200;408;1 713 600;0.00%
06/04/2018;4 100;4 100;4 100;4 100;235;963 500;-2.38%
09/04/2018;4 000;4 000;4 000;4 000;18;72 000;-2.44%
10/04/2018;4 010;4 010;4 010;4 010;126;505 260;0.25%
12/04/2018;4 310;4 310;4 310;4 310;50;215 500;7.48%
13/04/2018;4 300;4 300;4 300;4 300;1 094;4 704 200;-0.23%
16/04/2018;4 560;4 560;4 560;4 560;226;1 030 560;6.05%
17/04/2018;4 450;4 450;4 450;4 450;63;280 350;-2.41%
18/04/2018;4 200;4 200;4 200;4 200;306;1 285 200;-5.62%
19/04/2018;4 100;4 100;4 100;4 100;85;348 500;-2.38%
20/04/2018;4 150;4 150;4 150;4 150;1 929;8 005 350;1.22%
23/04/2018;4 365;4 365;4 365;4 365;100;436 500;5.18%
24/04/2018;4 200;4 200;4 200;4 200;1 970;8 274 000;-3.78%
25/04/2018;4 150;4 150;4 150;4 150;1 505;6 245 750;-1.19%
26/04/2018;4 070;4 070;4 070;4 070;1 326;5 396 820;-1.93%
27/04/2018;4 100;4 100;4 100;4 100;175;717 500;0.74%
09/05/2018;3 900;3 900;3 900;3 900;41;159 900;-4.88%
10/05/2018;3 900;3 900;3 900;3 900;41;159 900;0.00%
11/05/2018;3 975;3 975;3 975;3 975;70;278 250;1.92%
14/05/2018;3 975;3 975;3 975;3 975;324;1 287 900;0.00%
15/05/2018;3 900;3 900;3 900;3 900;70;273 000;-1.89%
16/05/2018;3 750;3 750;3 750;3 750;2 160;8 100 000;-3.85%
17/05/2018;3 950;3 950;3 950;3 950;9 674;38 212 300;5.33%
18/05/2018;3 975;3 975;3 975;3 975;10 402;41 347 950;0.63%
21/05/2018;3 975;3 975;3 975;3 975;10 402;41 347 950;0.00%
22/05/2018;3 680;3 680;3 680;3 680;39;143 520;-7.42%
23/05/2018;3 900;3 900;3 900;3 900;351;1 368 900;5.98%
24/05/2018;3 900;3 900;3 900;3 900;10;39 000;0.00%
25/05/2018;3 885;3 885;3 885;3 885;890;3 457 650;-0.38%
28/05/2018;3 650;3 650;3 650;3 650;12 660;46 209 000;-6.05%
31/05/2018;3 895;3 895;3 895;3 895;140;545 300;6.71%
01/06/2018;3 800;3 800;3 800;3 800;281;1 067 800;-2.44%
04/06/2018;3 695;3 695;3 695;3 695;4 200;15 519 000;-2.76%
05/06/2018;3 700;3 700;3 700;3 700;146;540 200;0.14%
06/06/2018;3 975;3 975;3 975;3 975;625;2 484 375;7.43%
07/06/2018;3 975;3 975;3 975;3 975;15;59 625;0.00%
08/06/2018;3 995;3 995;3 995;3 995;111;443 445;0.50%
11/06/2018;3 995;3 995;3 995;3 995;111;443 445;0.00%
12/06/2018;3 995;3 995;3 995;3 995;133;531 335;0.00%
13/06/2018;4 000;4 000;4 000;4 000;111;444 000;0.13%
14/06/2018;4 000;4 000;4 000;4 000;111;444 000;0.00%
15/06/2018;3 900;3 900;3 900;3 900;1 005;3 919 500;-2.50%
18/06/2018;4 000;4 000;4 000;4 000;5;20 000;2.56%
19/06/2018;4 000;4 000;4 000;4 000;795;3 180 000;0.00%
20/06/2018;4 000;4 000;4 000;4 000;58;232 000;0.00%
21/06/2018;4 000;4 000;4 000;4 000;82;328 000;0.00%
28/06/2018;4 100;4 100;4 100;4 100;112;459 200;2.50%
29/06/2018;4 150;4 150;4 150;4 150;80;332 000;1.22%
02/07/2018;4 200;4 200;4 200;4 200;57;239 400;1.20%
03/07/2018;4 500;4 500;4 500;4 500;535;2 407 500;7.14%
05/07/2018;4 445;4 445;4 445;4 445;63;280 035;-1.22%
06/07/2018;4 445;4 445;4 445;4 445;15;66 675;0.00%
09/07/2018;4 445;4 445;4 445;4 445;65;288 925;0.00%
10/07/2018;4 415;4 415;4 415;4 415;36;158 940;-0.67%
11/07/2018;4 150;4 150;4 150;4 150;612;2 539 800;-6.00%
12/07/2018;4 100;4 100;4 100;4 100;181;742 100;-1.20%
13/07/2018;4 050;4 050;4 050;4 050;20;81 000;-1.22%
16/07/2018;4 000;4 000;4 000;4 000;82;328 000;-1.23%
17/07/2018;4 000;4 000;4 000;4 000;60;240 000;0.00%
18/07/2018;3 900;3 900;3 900;3 900;42;163 800;-2.50%
19/07/2018;3 995;3 995;3 995;3 995;2 442;9 755 790;2.44%
20/07/2018;4 100;4 100;4 100;4 100;2 057;8 433 700;2.63%
23/07/2018;4 025;4 025;4 025;4 025;39;156 975;-1.83%
24/07/2018;4 000;4 000;4 000;4 000;15;60 000;-0.62%
25/07/2018;4 000;4 000;4 000;4 000;190;760 000;0.00%
26/07/2018;4 000;4 000;4 000;4 000;65;260 000;0.00%
30/07/2018;3 800;3 800;3 800;3 800;137;520 600;-5.00%
31/07/2018;3 805;3 805;3 805;3 805;266;1 012 130;0.13%
01/08/2018;3 850;3 850;3 850;3 850;19;73 150;1.18%
02/08/2018;3 900;3 900;3 900;3 900;160;624 000;1.30%
03/08/2018;3 895;3 895;3 895;3 895;470;1 830 650;-0.13%
06/08/2018;3 895;3 895;3 895;3 895;470;1 830 650;0.00%
07/08/2018;3 895;3 895;3 895;3 895;470;1 830 650;0.00%
08/08/2018;3 900;3 900;3 900;3 900;80;312 000;0.13%
09/08/2018;3 895;3 895;3 895;3 895;215;837 425;-0.13%
10/08/2018;3 895;3 895;3 895;3 895;1 076;4 191 020;0.00%
13/08/2018;3 800;3 800;3 800;3 800;238;904 400;-2.44%
14/08/2018;3 800;3 800;3 800;3 800;1 402;5 327 600;0.00%
20/08/2018;3 800;3 800;3 800;3 800;4 281;16 267 800;0.00%
21/08/2018;3 800;3 800;3 800;3 800;4 281;16 267 800;0.00%
22/08/2018;3 900;3 900;3 900;3 900;100;390 000;2.63%
23/08/2018;4 150;4 150;4 150;4 150;221;917 150;6.41%
24/08/2018;4 150;4 150;4 150;4 150;10;41 500;0.00%
28/08/2018;4 150;4 150;4 150;4 150;281;1 166 150;-0.48%
29/08/2018;4 130;4 130;4 130;4 130;81;334 530;-0.48%
30/08/2018;4 130;4 130;4 130;4 130;5;20 650;0.00%
04/09/2018;4 000;4 000;4 000;4 000;1 947;7 788 000;-3.15%
05/09/2018;4 000;4 000;4 000;4 000;100;400 000;0.00%
06/09/2018;4 000;4 000;4 000;4 000;13;52 000;0.00%
07/09/2018;3 990;3 990;3 990;3 990;46;183 540;-0.25%
10/09/2018;3 945;3 945;3 945;3 945;10;39 450;-1.13%
13/09/2018;3 650;3 650;3 650;3 650;40;146 000;-7.48%
14/09/2018;3 605;3 605;3 605;3 605;257;926 485;-1.23%
17/09/2018;3 605;3 605;3 605;3 605;257;926 485;0.00%
18/09/2018;3 600;3 600;3 600;3 600;702;2 527 200;-0.14%
19/09/2018;3 600;3 600;3 600;3 600;321;1 155 600;0.00%
21/09/2018;3 700;3 700;3 700;3 700;5;18 500;2.78%
24/09/2018;3 750;3 750;3 750;3 750;20;75 000;1.35%
25/09/2018;3 700;3 700;3 700;3 700;110;407 000;-1.33%
26/09/2018;3 600;3 600;3 600;3 600;580;2 088 000;-2.70%
27/09/2018;3 600;3 600;3 600;3 600;7;25 200;0.00%
28/09/2018;3 645;3 645;3 645;3 645;184;670 680;1.25%
02/10/2018;3 645;3 645;3 645;3 645;46;167 670;0.00%
03/10/2018;3 645;3 645;3 645;3 645;75;273 375;0.00%
04/10/2018;3 645;3 645;3 645;3 645;1 402;5 110 290;0.00%
05/10/2018;3 600;3 600;3 600;3 600;135;486 000;-1.23%
08/10/2018;3 500;3 500;3 500;3 500;293;1 025 500;-2.78%
09/10/2018;3 450;3 450;3 450;3 450;150;517 500;-1.43%
10/10/2018;3 195;3 195;3 195;3 195;72;230 040;-7.39%
11/10/2018;3 300;3 300;3 300;3 300;65;214 500;3.29%
15/10/2018;3 200;3 200;3 200;3 200;420;1 344 000;-3.03%
16/10/2018;3 400;3 400;3 400;3 400;2 438;8 289 200;6.25%
17/10/2018;3 335;3 335;3 335;3 335;22;73 370;-1.91%
18/10/2018;3 200;3 200;3 200;3 200;30;96 000;-4.05%
19/10/2018;3 250;3 250;3 250;3 250;29;94 250;1.56%
22/10/2018;3 210;3 210;3 210;3 210;6;19 260;-1.23%
23/10/2018;3 210;3 210;3 210;3 210;80;256 800;0.00%
24/10/2018;3 195;3 195;3 195;3 195;18 682;59 688 990;-0.47%
26/10/2018;3 195;3 195;3 195;3 195;35;111 825;0.00%
29/10/2018;3 195;3 195;3 195;3 195;29;92 655;0.00%
30/10/2018;3 200;3 200;3 200;3 200;162;518 400;0.16%
31/10/2018;3 200;3 200;3 200;3 200;30;96 000;0.00%
01/11/2018;3 200;3 200;3 200;3 200;30;96 000;0.00%
02/11/2018;3 200;3 200;3 200;3 200;17;54 400;0.00%
05/11/2018;3 210;3 210;3 210;3 210;5 235;16 804 350;0.31%
06/11/2018;3 450;3 450;3 450;3 450;701;2 418 450;7.48%
07/11/2018;3 450;3 450;3 450;3 450;20;69 000;0.00%
08/11/2018;3 450;3 450;3 450;3 450;4;13 800;0.00%
12/11/2018;3 600;3 600;3 600;3 600;803;2 890 800;4.35%
13/11/2018;3 515;3 515;3 515;3 515;3 009;10 576 635;-2.36%
14/11/2018;3 515;3 515;3 515;3 515;90;316 350;0.00%
15/11/2018;3 515;3 515;3 515;3 515;90;316 350;0.00%
16/11/2018;3 700;3 700;3 700;3 700;254;939 800;5.26%
19/11/2018;3 800;3 800;3 800;3 800;37;140 600;2.70%
20/11/2018;3 800;3 800;3 800;3 800;37;140 600;0.00%
21/11/2018;3 750;3 750;3 750;3 750;73;273 750;-1.32%
22/11/2018;3 750;3 750;3 750;3 750;5;18 750;0.00%
23/11/2018;4 000;4 000;4 000;4 000;749;2 996 000;6.67%
27/11/2018;4 000;4 000;4 000;4 000;10;40 000;0.00%
28/11/2018;4 000;4 000;4 000;4 000;507;2 028 000;0.00%
29/11/2018;4 000;4 000;4 000;4 000;5;20 000;0.00%
04/12/2018;3 895;3 895;3 895;3 895;22;85 690;-2.63%
05/12/2018;3 900;3 900;3 900;3 900;203;791 700;0.13%
07/12/2018;3 900;3 900;3 900;3 900;67;261 300;0.00%
10/12/2018;3 900;3 900;3 900;3 900;45;175 500;0.00%
12/12/2018;3 845;3 845;3 845;3 845;1;3 845;-1.41%
13/12/2018;3 800;3 800;3 800;3 800;65;247 000;-1.17%
14/12/2018;3 590;3 590;3 590;3 590;156;560 040;-5.53%
17/12/2018;3 500;3 500;3 500;3 500;50;175 000;-2.51%
18/12/2018;3 430;3 430;3 430;3 430;62;212 660;-2.00%
19/12/2018;3 400;3 400;3 400;3 400;21 017;71 457 800;-0.87%
20/12/2018;3 425;3 425;3 425;3 425;2 737;9 374 225;0.74%
21/12/2018;3 680;3 680;3 680;3 680;137;504 160;7.45%
24/12/2018;3 900;3 900;3 900;3 900;170;663 000;5.98%
25/12/2018;3 900;3 900;3 900;3 900;170;663 000;0.00%
26/12/2018;3 995;3 995;3 995;3 995;150;599 250;2.44%
28/12/2018;3 900;3 900;3 900;3 900;632;2 464 800;-2.38%
31/12/2018;3 885;3 885;3 885;3 885;1;3 885;-0.38%
02/01/2019;3 885;3 885;3 885;3 885;40;155 400;0.00%
03/01/2019;3 700;3 700;3 700;3 700;4 020;14 874 000;-4.76%
04/01/2019;3 850;3 850;3 850;3 850;124;477 400;4.05%
07/01/2019;3 850;3 850;3 850;3 850;247;950 950;0.00%
08/01/2019;3 650;3 650;3 650;3 650;45;164 250;-5.19%
09/01/2019;3 500;3 500;3 500;3 500;105;367 500;-4.11%
11/01/2019;3 500;3 500;3 500;3 500;73;255 500;0.00%
14/01/2019;3 425;3 425;3 425;3 425;228;780 900;-2.14%
16/01/2019;3 400;3 420;3 420;3 400;35;119 350;-0.73%
17/01/2019;3 400;3 400;3 400;3 400;269;914 600;0.00%
21/01/2019;3 595;3 145;3 595;3 145;161;542 570;5.74%
22/01/2019;3 600;3 600;3 600;3 600;86;309 600;0.14%
23/01/2019;3 400;3 400;3 400;3 400;33;112 200;-5.56%
24/01/2019;3 245;3 300;3 300;3 245;207;677 408;-4.56%
25/01/2019;3 100;3 100;3 100;3 100;126;390 600;-4.47%
28/01/2019;3 150;3 150;3 150;3 150;5;15 750;1.61%
29/01/2019;3 000;3 200;3 200;3 000;2 197;6 810 700;-4.76%
30/01/2019;3 200;3 200;3 200;3 200;1;3 200;6.67%
31/01/2019;3 000;3 215;3 215;3 000;132;410 190;-6.25%
01/02/2019;3 000;3 200;3 200;3 000;11;34 100;0.00%
05/02/2019;3 225;3 050;3 225;3 050;752;2 359 400;7.50%
06/02/2019;3 200;3 200;3 200;3 200;54;172 800;-0.78%
07/02/2019;3 200;3 200;3 200;3 200;14;44 800;0.00%
08/02/2019;3 200;3 200;3 200;3 200;25;80 000;0.00%
11/02/2019;3 200;3 200;3 200;3 200;33;105 600;0.00%
12/02/2019;3 100;3 200;3 200;3 100;115;362 250;-3.13%
13/02/2019;3 200;3 200;3 200;3 200;8;25 600;3.23%
14/02/2019;3 200;3 200;3 200;3 200;140;448 000;0.00%
15/02/2019;3 200;3 200;3 200;3 200;5;16 000;0.00%
18/02/2019;3 200;3 200;3 200;3 200;100;320 000;0.00%
19/02/2019;3 200;3 200;3 200;3 200;23;73 600;0.00%
20/02/2019;3 000;3 195;3 195;3 000;120;371 700;-6.25%
21/02/2019;3 000;3 005;3 005;3 000;30;90 075;0.00%
22/02/2019;3 100;3 200;3 200;3 100;179;563 850;3.33%
26/02/2019;3 000;3 050;3 050;3 000;313;946 825;0.00%
27/02/2019;3 000;3 000;3 000;3 000;202;606 000;0.00%
28/02/2019;3 000;3 000;3 000;3 000;220;660 000;0.00%
01/03/2019;3 000;3 000;3 000;3 000;426;1 278 000;0.00%
04/03/2019;3 000;3 000;3 000;3 000;49;147 000;0.00%
05/03/2019;3 000;3 000;3 000;3 000;50;150 000;0.00%
06/03/2019;3 000;3 000;3 000;3 000;1 057;3 171 000;0.00%
07/03/2019;3 000;3 000;3 000;3 000;1 173;3 519 000;0.00%
11/03/2019;3 000;3 000;3 000;3 000;286;858 000;0.00%
12/03/2019;2 990;2 990;2 990;2 990;359;1 073 410;-0.33%
13/03/2019;2 990;2 990;2 990;2 990;805;2 406 950;0.00%
14/03/2019;2 995;2 995;2 995;2 995;16;47 920;0.17%
15/03/2019;2 990;2 990;2 990;2 990;36;107 640;-0.17%
18/03/2019;2 985;2 990;2 990;2 985;13;38 838;-0.17%
19/03/2019;2 900;2 900;2 900;2 900;28;81 200;-2.85%
20/03/2019;2 990;2 900;2 990;2 900;2 061;6 069 645;3.10%
21/03/2019;2 900;2 900;2 900;2 900;54;156 600;-3.01%
22/03/2019;2 900;2 900;2 900;2 900;353;1 023 700;0.00%
25/03/2019;2 890;2 900;2 900;2 890;445;1 288 275;-0.34%
26/03/2019;2 880;2 880;2 880;2 880;64;184 320;-0.35%
27/03/2019;2 850;2 880;2 880;2 850;51;146 115;-1.04%
28/03/2019;2 850;2 850;2 850;2 850;19;54 150;0.00%
29/03/2019;2 890;2 875;2 890;2 875;1 160;3 343 700;1.40%
01/04/2019;2 885;2 890;2 890;2 885;76;219 450;-0.17%
02/04/2019;2 880;2 850;2 880;2 850;200;573 000;-0.17%
03/04/2019;2 800;2 800;2 800;2 800;10;28 000;-2.78%
04/04/2019;2 880;2 880;2 880;2 880;25;72 000;2.86%
05/04/2019;2 880;2 880;2 880;2 880;11;31 680;0.00%
08/04/2019;2 770;2 800;2 800;2 770;340;946 900;-3.82%
09/04/2019;2 750;2 715;2 750;2 715;57;155 753;-0.72%
10/04/2019;2 700;2 705;2 705;2 700;89;240 523;-1.82%
11/04/2019;2 750;2 690;2 750;2 690;1 571;4 273 120;1.85%
12/04/2019;2 700;2 750;2 750;2 700;452;1 231 700;-1.82%
15/04/2019;2 800;2 800;2 800;2 800;10;28 000;3.70%
16/04/2019;2 800;2 800;2 800;2 800;55;154 000;0.00%
17/04/2019;2 800;2 800;2 800;2 800;101;282 800;0.00%
23/04/2019;2 800;2 790;2 800;2 790;850;2 375 750;0.00%
24/04/2019;2 900;2 880;2 900;2 880;178;514 420;3.57%
25/04/2019;3 000;3 000;3 000;3 000;293;879 000;3.45%
26/04/2019;3 000;3 150;3 150;3 000;145;445 875;0.00%
29/04/2019;3 195;3 005;3 195;3 005;618;1 915 800;6.50%
30/04/2019;3 195;3 195;3 195;3 195;9;28 755;0.00%
01/05/2019;3 195;3 195;3 195;3 195;9;28 755;0.00%
02/05/2019;3 195;3 195;3 195;3 195;125;399 375;0.00%
03/05/2019;3 180;3 180;3 180;3 180;170;540 600;-0.47%
06/05/2019;3 100;3 180;3 180;3 100;22;69 080;-2.52%
07/05/2019;3 100;3 100;3 100;3 100;11;34 100;0.00%
08/05/2019;3 180;3 100;3 180;3 100;261;819 540;2.58%
09/05/2019;3 180;3 175;3 180;3 175;390;1 239 225;0.00%
10/05/2019;3 050;3 100;3 100;3 050;332;1 020 900;-4.09%
13/05/2019;3 030;3 050;3 050;3 030;324;984 960;-0.66%
14/05/2019;3 050;3 050;3 050;3 050;60;183 000;0.66%
15/05/2019;3 050;3 050;3 050;3 050;100;305 000;0.00%
16/05/2019;3 005;3 050;3 050;3 005;631;1 910 353;-1.48%
17/05/2019;3 100;3 010;3 100;3 010;186;568 230;3.16%
20/05/2019;3 180;3 180;3 180;3 180;2;6 360;2.58%
22/05/2019;3 195;3 195;3 195;3 195;230;734 850;0.47%
23/05/2019;3 100;3 295;3 295;3 100;42;134 295;-2.97%
27/05/2019;3 000;3 190;3 190;3 000;200;619 000;-5.96%
28/05/2019;3 180;3 170;3 180;3 170;127;403 225;6.00%
29/05/2019;3 180;3 180;3 180;3 180;45;143 100;0.00%
30/05/2019;3 180;3 180;3 180;3 180;45;143 100;0.00%
31/05/2019;3 180;3 180;3 180;3 180;31;98 580;0.00%
03/06/2019;3 180;3 180;3 180;3 180;40;127 200;0.00%
05/06/2019;3 100;3 170;3 170;3 100;2 028;6 357 780;-2.52%
06/06/2019;3 180;3 000;3 180;3 000;120;370 800;2.58%
07/06/2019;3 240;3 170;3 240;3 170;1 510;4 839 550;1.89%
12/06/2019;3 260;3 200;3 260;3 200;163;526 490;0.62%
13/06/2019;3 200;3 265;3 265;3 200;4 761;15 389 933;-1.84%
14/06/2019;3 200;3 260;3 260;3 200;5 432;17 545 360;0.00%
17/06/2019;3 100;3 195;3 195;3 100;30;94 425;-3.13%
18/06/2019;3 100;3 100;3 100;3 100;11;34 100;0.00%
19/06/2019;3 100;3 100;3 100;3 100;517;1 602 700;0.00%
20/06/2019;3 100;3 100;3 100;3 100;10;31 000;0.00%
21/06/2019;3 100;3 100;3 100;3 100;1 538;4 767 800;0.00%
24/06/2019;3 050;3 050;3 050;3 050;10 100;30 805 000;-1.61%
25/06/2019;3 020;3 050;3 050;3 020;94;285 290;-0.98%
26/06/2019;3 020;3 000;3 020;3 000;761;2 290 610;0.00%
27/06/2019;3 020;3 020;3 020;3 020;23;69 460;0.00%
28/06/2019;3 050;3 050;3 050;3 050;80;244 000;0.99%
01/07/2019;3 020;3 020;3 020;3 020;2;6 040;-0.98%
02/07/2019;3 100;3 030;3 100;3 030;80;245 200;2.65%
03/07/2019;3 000;3 050;3 050;3 000;587;1 775 675;-3.23%
04/07/2019;3 050;3 000;3 050;3 000;174;526 350;1.67%
05/07/2019;3 100;3 100;3 100;3 100;66;204 600;1.64%
08/07/2019;3 100;3 100;3 100;3 100;2 088;6 472 800;0.00%
09/07/2019;3 050;3 200;3 200;3 050;128;400 000;-1.61%
10/07/2019;3 050;3 050;3 050;3 050;37;112 850;0.00%
11/07/2019;3 100;3 100;3 100;3 100;125;387 500;1.64%
12/07/2019;3 000;3 050;3 050;3 000;124;375 100;-3.23%
15/07/2019;3 100;3 100;3 100;3 100;430;1 333 000;3.33%
16/07/2019;3 100;3 100;3 100;3 100;10;31 000;0.00%
17/07/2019;3 150;3 150;3 150;3 150;10;31 500;1.61%
22/07/2019;3 100;3 385;3 385;3 100;265;859 263;-1.59%
24/07/2019;3 330;3 330;3 330;3 330;70;233 100;7.42%
25/07/2019;3 300;3 250;3 300;3 250;38;124 450;-0.90%
29/07/2019;3 300;3 400;3 400;3 300;90;301 500;0.00%
30/07/2019;3 500;3 500;3 500;3 500;393;1 375 500;6.06%
31/07/2019;3 250;3 495;3 495;3 250;60;202 350;-7.14%
01/08/2019;3 250;3 260;3 260;3 250;2 863;9 319 065;0.00%
02/08/2019;3 245;3 245;3 245;3 245;10;32 450;-0.15%
05/08/2019;3 245;3 245;3 245;3 245;5;16 225;0.00%
06/08/2019;3 300;3 160;3 300;3 160;557;1 799 110;1.69%
07/08/2019;3 300;3 160;3 300;3 160;557;1 799 110;0.00%
08/08/2019;3 300;3 300;3 300;3 300;10;33 000;0.00%
09/08/2019;3 300;3 300;3 300;3 300;20;66 000;0.00%
12/08/2019;3 300;3 300;3 300;3 300;20;66 000;0.00%
13/08/2019;3 160;3 300;3 300;3 160;43;138 890;-4.24%
14/08/2019;3 300;3 300;3 300;3 300;29;95 700;4.43%
15/08/2019;3 300;3 300;3 300;3 300;29;95 700;0.00%
16/08/2019;3 150;3 150;3 150;3 150;12;37 800;-4.55%
19/08/2019;3 150;3 150;3 150;3 150;166;522 900;0.00%
20/08/2019;3 200;3 150;3 200;3 150;161;511 175;1.59%
21/08/2019;3 000;3 145;3 145;3 000;814;2 501 015;-6.25%
23/08/2019;3 145;3 145;3 145;3 145;11;34 595;0.00%
26/08/2019;3 050;3 050;3 050;3 050;40;122 000;-3.02%
27/08/2019;3 050;3 050;3 050;3 050;547;1 668 350;0.00%
28/08/2019;3 140;3 140;3 140;3 140;14;43 960;2.95%
29/08/2019;3 000;3 000;3 000;3 000;9;27 000;-4.46%
02/09/2019;3 000;3 050;3 050;3 000;62;187 550;0.00%
03/09/2019;3 000;3 000;3 000;3 000;84;252 000;0.00%
04/09/2019;3 000;3 000;3 000;3 000;230;690 000;0.00%
09/09/2019;3 000;3 045;3 045;3 000;12;36 270;0.00%
10/09/2019;3 150;3 145;3 150;3 145;184;579 140;5.00%
11/09/2019;3 155;3 225;3 225;3 155;252;803 880;0.16%
12/09/2019;3 100;3 155;3 155;3 100;302;944 505;-1.74%
13/09/2019;3 100;3 100;3 100;3 100;3;9 300;0.00%
16/09/2019;3 100;3 100;3 100;3 100;80 057;248 176 700;0.00%
17/09/2019;3 100;3 100;3 100;3 100;25;77 500;0.00%
18/09/2019;2 870;2 950;2 950;2 870;162;471 420;-7.42%
19/09/2019;3 000;3 000;3 000;3 000;145;435 000;4.53%
20/09/2019;3 000;3 000;3 000;3 000;10;30 000;0.00%
23/09/2019;2 785;2 870;2 870;2 785;690;1 950 975;-7.17%
24/09/2019;2 800;2 800;2 800;2 800;35;98 000;0.54%
25/09/2019;2 850;3 000;3 000;2 850;72;210 600;1.79%
26/09/2019;2 800;2 800;2 800;2 800;20;56 000;-1.75%
27/09/2019;2 800;2 800;2 800;2 800;79;221 200;0.00%
30/09/2019;2 800;2 800;2 800;2 800;200;560 000;0.00%
02/10/2019;2 990;2 990;2 990;2 990;50;149 500;6.79%
03/10/2019;2 990;2 990;2 990;2 990;2;5 980;0.00%
04/10/2019;2 995;3 200;3 200;2 995;1 042;3 227 595;0.17%
08/10/2019;2 800;3 010;3 010;2 800;468;1 359 540;-6.51%
09/10/2019;2 850;2 855;2 855;2 850;100;285 250;1.79%
11/10/2019;2 995;3 000;3 000;2 995;173;518 568;5.09%
14/10/2019;3 215;3 000;3 215;3 000;198;615 285;7.35%
15/10/2019;3 000;3 000;3 000;3 000;78;234 000;-6.69%
17/10/2019;3 000;3 000;3 000;3 000;94;282 000;0.00%
18/10/2019;2 900;3 060;3 060;2 900;1 800;5 364 000;-3.33%
21/10/2019;2 900;2 925;2 925;2 900;486;1 415 475;0.00%
22/10/2019;2 900;3 000;3 000;2 900;3 417;10 080 150;0.00%
24/10/2019;2 895;2 900;2 900;2 895;1 091;3 161 173;-0.17%
28/10/2019;2 820;2 820;2 820;2 820;2 686;7 574 520;-2.59%
29/10/2019;2 835;2 835;2 835;2 835;906;2 568 510;0.53%
30/10/2019;2 800;2 880;2 880;2 800;583;1 655 720;-1.23%
31/10/2019;2 850;2 850;2 850;2 850;7;19 950;1.79%
01/11/2019;2 850;2 850;2 850;2 850;7;19 950;0.00%
04/11/2019;2 850;2 850;2 850;2 850;5;14 250;0.00%
05/11/2019;2 850;2 850;2 850;2 850;4;11 400;0.00%
06/11/2019;2 800;2 850;2 850;2 800;1 155;3 262 875;-1.75%
07/11/2019;2 800;2 800;2 800;2 800;62;173 600;0.00%
08/11/2019;2 800;2 800;2 800;2 800;34;95 200;0.00%
11/11/2019;2 850;2 850;2 850;2 850;1 743;4 967 550;1.79%
12/11/2019;2 810;2 825;2 825;2 810;730;2 056 775;-1.40%
13/11/2019;2 850;2 850;2 850;2 850;175;498 750;1.42%
14/11/2019;2 810;2 855;2 855;2 810;114;322 905;-1.40%
18/11/2019;2 810;2 810;2 810;2 810;10;28 100;0.00%
19/11/2019;2 800;2 800;2 800;2 800;74;207 200;-0.36%
21/11/2019;2 800;2 800;2 800;2 800;63;176 400;0.00%
22/11/2019;2 700;2 700;2 700;2 700;302;815 400;-3.57%
25/11/2019;2 785;2 785;2 785;2 785;10;27 850;3.15%
26/11/2019;2 780;2 785;2 785;2 780;125;347 813;-0.18%
27/11/2019;2 700;2 785;2 785;2 700;236;647 230;-2.88%
28/11/2019;2 700;2 700;2 700;2 700;337;909 900;0.00%
29/11/2019;2 850;2 800;2 850;2 800;1 000;2 825 000;5.56%
02/12/2019;2 700;2 850;2 850;2 700;1 322;3 668 550;-5.26%
03/12/2019;2 700;2 700;2 700;2 700;1 928;5 205 600;0.00%
04/12/2019;2 700;2 700;2 700;2 700;354;955 800;0.00%
05/12/2019;2 700;2 700;2 700;2 700;137;369 900;0.00%
06/12/2019;2 600;2 700;2 700;2 600;6 961;18 446 650;-3.70%
09/12/2019;2 600;2 600;2 600;2 600;3 222;8 377 200;0.00%
10/12/2019;2 700;2 655;2 700;2 655;2 341;6 268 028;3.85%
11/12/2019;2 700;2 700;2 700;2 700;1 629;4 398 300;0.00%
12/12/2019;2 800;2 750;2 800;2 750;302;838 050;3.70%
13/12/2019;2 755;2 895;2 895;2 755;1 910;5 395 750;-1.61%
16/12/2019;2 755;2 755;2 755;2 755;101;278 255;0.00%
17/12/2019;2 890;2 755;2 890;2 755;1 035;2 921 288;4.90%
18/12/2019;2 890;2 850;2 890;2 850;128;367 360;0.00%
19/12/2019;2 895;2 895;2 895;2 895;159;460 305;0.17%
20/12/2019;2 810;2 895;2 895;2 810;5 043;14 385 158;-2.94%
23/12/2019;2 800;2 810;2 810;2 800;190;532 950;-0.36%
24/12/2019;2 795;2 795;2 795;2 795;127;354 965;-0.18%
25/12/2019;2 795;2 795;2 795;2 795;127;354 965;0.00%
26/12/2019;2 795;2 795;2 795;2 795;941;2 630 095;0.00%
27/12/2019;2 795;2 795;2 795;2 795;814;2 275 130;0.00%
30/12/2019;2 800;2 795;2 800;2 795;22 413;62 700 368;0.18%
31/12/2019;2 800;2 800;2 800;2 800;5;14 000;0.00%
01/01/2020;2 800;2 800;2 800;2 800;5;14 000;0.00%
02/01/2020;2 685;2 700;2 700;2 685;465;1 252 013;-4.11%
03/01/2020;2 695;2 700;2 700;2 695;180;485 550;0.37%
06/01/2020;2 700;2 685;2 700;2 685;5 980;16 101 150;0.19%
07/01/2020;2 700;2 705;2 705;2 700;833;2 251 183;0.00%
08/01/2020;2 700;2 750;2 750;2 700;300;817 500;0.00%
09/01/2020;2 800;2 705;2 800;2 705;1 703;4 687 508;3.70%
10/01/2020;2 705;2 800;2 800;2 705;269;740 423;-3.39%
13/01/2020;2 800;2 705;2 800;2 705;337;927 593;3.51%
14/01/2020;2 790;2 790;2 790;2 790;252;703 080;-0.36%
15/01/2020;2 800;2 705;2 800;2 705;639;1 758 848;0.36%
16/01/2020;3 000;3 000;3 000;3 000;142;426 000;7.14%
17/01/2020;2 995;3 000;3 000;2 995;35;104 913;-0.17%
20/01/2020;3 000;2 995;3 000;2 995;522;1 564 695;0.17%
21/01/2020;3 000;3 000;3 000;3 000;1 251;3 753 000;0.00%
22/01/2020;3 000;3 200;3 200;3 000;265;821 500;0.00%
23/01/2020;3 000;3 000;3 000;3 000;1 135;3 405 000;0.00%
24/01/2020;3 100;3 000;3 100;3 000;391;1 192 550;3.33%
27/01/2020;3 100;3 100;3 100;3 100;4 183;12 967 300;0.00%
28/01/2020;3 195;3 100;3 195;3 100;1 788;5 627 730;3.06%
29/01/2020;3 200;3 255;3 255;3 200;141;455 078;0.16%
30/01/2020;3 200;3 195;3 200;3 195;40;127 900;0.00%
31/01/2020;3 200;3 200;3 200;3 200;347;1 110 400;0.00%
03/02/2020;3 205;3 205;3 205;3 205;47;150 635;0.16%
04/02/2020;3 215;3 210;3 215;3 210;33;106 013;0.31%
06/02/2020;3 210;3 225;3 225;3 210;440;1 415 700;-0.16%
07/02/2020;3 215;3 215;3 215;3 215;5;16 075;0.16%
10/02/2020;3 205;3 210;3 210;3 205;334;1 071 305;-0.31%
11/02/2020;3 215;3 200;3 215;3 200;251;805 083;0.31%
12/02/2020;3 215;3 200;3 215;3 200;251;805 083;0.00%
13/02/2020;2 820;2 800;2 820;2 800;78;219 180;-12.29%
14/02/2020;2 985;2 985;2 985;2 985;10;29 850;5.85%
18/02/2020;2 985;3 195;3 195;2 985;30;92 700;0.00%
19/02/2020;2 985;2 985;2 985;2 985;12;35 820;0.00%
20/02/2020;2 980;2 985;2 985;2 980;57;170 003;-0.17%
24/02/2020;2 800;2 985;2 985;2 800;84;242 970;-6.04%
25/02/2020;2 980;2 985;2 985;2 980;35;104 388;6.43%
26/02/2020;2 900;2 900;2 900;2 900;90;261 000;-2.68%
27/02/2020;2 800;3 000;3 000;2 800;109;316 100;-3.45%
28/02/2020;2 800;2 800;2 800;2 800;769;2 153 200;0.00%
02/03/2020;2 905;2 905;2 905;2 905;6;17 430;3.75%
03/03/2020;2 800;2 900;2 900;2 800;1 840;5 244 000;-3.61%
04/03/2020;2 800;2 750;2 800;2 750;139;385 725;0.00%
05/03/2020;2 790;2 800;2 800;2 790;95;265 525;-0.36%
06/03/2020;2 700;2 755;2 755;2 700;1 097;2 992 068;-3.23%
09/03/2020;2 700;2 700;2 700;2 700;1 127;3 042 900;0.00%
10/03/2020;2 750;2 750;2 750;2 750;40;110 000;1.85%
11/03/2020;2 800;2 800;2 800;2 800;359;1 005 200;1.82%
12/03/2020;2 800;2 800;2 800;2 800;639;1 789 200;0.00%
13/03/2020;2 800;2 800;2 800;2 800;110;308 000;0.00%
16/03/2020;2 800;2 755;2 800;2 755;999;2 774 723;0.00%
17/03/2020;2 800;2 800;2 800;2 800;102;285 600;0.00%
18/03/2020;2 800;2 800;2 800;2 800;70;196 000;0.00%
19/03/2020;2 800;2 800;2 800;2 800;644;1 803 200;0.00%
20/03/2020;2 800;2 800;2 800;2 800;733;2 052 400;0.00%
23/03/2020;2 800;2 800;2 800;2 800;211;590 800;0.00%
24/03/2020;2 755;2 800;2 800;2 755;7 922;22 003 355;-1.61%
25/03/2020;2 800;2 800;2 800;2 800;20;56 000;1.63%
26/03/2020;3 000;2 800;3 000;2 800;433;1 255 700;7.14%
27/03/2020;2 950;3 000;3 000;2 950;212;630 700;-1.67%
30/03/2020;2 850;2 940;2 940;2 850;123;356 085;-3.39%
31/03/2020;2 755;2 840;2 840;2 755;70;195 825;-3.33%
01/04/2020;2 755;2 755;2 755;2 755;502;1 383 010;0.00%
02/04/2020;2 790;2 790;2 790;2 790;89;248 310;1.27%
03/04/2020;2 790;2 790;2 790;2 790;812;2 265 480;0.00%
06/04/2020;2 800;2 785;2 800;2 785;851;2 376 418;0.36%
07/04/2020;2 650;2 990;2 990;2 650;202;569 640;-5.36%
08/04/2020;2 800;2 650;2 800;2 650;110;299 750;5.66%
09/04/2020;2 795;2 795;2 795;2 795;157;438 815;-0.18%
10/04/2020;2 790;2 790;2 790;2 790;1 578;4 402 620;-0.18%
13/04/2020;2 790;2 790;2 790;2 790;1 578;4 402 620;0.00%
14/04/2020;2 930;2 795;2 930;2 795;14 169;40 558 763;5.02%
16/04/2020;2 850;2 800;2 850;2 800;1 690;4 774 250;-2.73%
20/04/2020;2 800;2 870;2 870;2 800;172;487 620;-1.75%
21/04/2020;2 900;2 900;2 900;2 900;2;5 800;3.57%
22/04/2020;2 800;2 800;2 800;2 800;1 390;3 892 000;-3.45%
23/04/2020;2 800;2 800;2 800;2 800;50;140 000;0.00%
24/04/2020;2 800;2 800;2 800;2 800;257;719 600;0.00%
28/04/2020;2 800;2 800;2 800;2 800;27;75 600;0.00%
29/04/2020;2 750;2 800;2 800;2 750;199;552 225;-1.79%
05/05/2020;2 800;2 800;2 800;2 800;20;56 000;1.82%
06/05/2020;3 000;2 800;3 000;2 800;1 062;3 079 800;7.14%
07/05/2020;2 975;3 000;3 000;2 975;160;478 000;-0.83%
08/05/2020;2 950;2 755;2 950;2 755;298;850 045;-0.84%
11/05/2020;2 750;2 950;2 950;2 750;375;1 068 750;-6.78%
12/05/2020;2 750;2 705;2 750;2 705;970;2 645 675;0.00%
13/05/2020;2 950;2 755;2 950;2 755;989;2 821 123;7.27%
14/05/2020;2 950;2 900;2 950;2 900;72;210 600;0.00%
15/05/2020;2 950;2 950;2 950;2 950;15;44 250;0.00%
22/05/2020;2 950;2 900;2 950;2 900;305;892 125;0.00%
25/05/2020;2 945;2 950;2 950;2 945;20;58 950;-0.17%
26/05/2020;2 945;2 945;2 945;2 945;10;29 450;0.00%
27/05/2020;2 945;2 945;2 945;2 945;388;1 142 660;0.00%
28/05/2020;2 945;2 900;2 945;2 900;128;374 080;0.00%
29/05/2020;2 945;2 945;2 945;2 945;4;11 780;0.00%
01/06/2020;2 945;2 945;2 945;2 945;4;11 780;0.00%
02/06/2020;2 945;2 945;2 945;2 945;210;618 450;0.00%
03/06/2020;2 945;2 950;2 950;2 945;530;1 562 175;0.00%
04/06/2020;2 945;2 850;2 945;2 850;72;208 620;0.00%
05/06/2020;3 000;2 945;3 000;2 945;882;2 621 745;1.87%
08/06/2020;2 855;3 000;3 000;2 855;2 025;5 928 188;-4.83%
09/06/2020;3 000;3 000;3 000;3 000;200;600 000;5.08%
10/06/2020;3 000;2 995;3 000;2 995;55;164 863;0.00%
11/06/2020;3 000;3 000;3 000;3 000;263;789 000;0.00%
12/06/2020;2 850;3 000;3 000;2 850;2 074;6 066 450;-5.00%
15/06/2020;2 900;2 900;2 900;2 900;5;14 500;1.75%
16/06/2020;2 850;2 900;2 900;2 850;484;1 391 500;-1.72%
17/06/2020;2 850;2 850;2 850;2 850;2 565;7 310 250;0.00%
18/06/2020;2 850;2 850;2 850;2 850;9 223;26 285 550;0.00%
19/06/2020;2 850;2 850;2 850;2 850;866;2 468 100;0.00%
22/06/2020;3 050;3 050;3 050;3 050;1 000;3 050 000;7.02%
23/06/2020;3 040;3 040;3 040;3 040;50;152 000;-0.33%
24/06/2020;3 000;3 040;3 040;3 000;92;277 840;-1.32%
25/06/2020;3 000;2 995;3 000;2 995;40;119 900;0.00%
29/06/2020;3 200;3 050;3 200;3 050;640;2 000 000;6.67%
30/06/2020;3 395;3 100;3 395;3 100;1 259;4 088 603;6.09%
01/07/2020;3 400;3 395;3 400;3 395;367;1 246 883;0.15%
02/07/2020;3 150;3 300;3 300;3 150;31;99 975;-7.35%
03/07/2020;3 145;3 110;3 145;3 110;429;1 341 698;-0.16%
06/07/2020;3 000;3 000;3 000;3 000;622;1 866 000;-4.61%
07/07/2020;3 000;2 995;3 000;2 995;50;149 875;0.00%
08/07/2020;3 000;3 000;3 000;3 000;15;45 000;0.00%
09/07/2020;3 200;2 900;3 200;2 900;4 198;12 803 900;6.67%
10/07/2020;3 200;3 200;3 200;3 200;37;118 400;0.00%
13/07/2020;3 000;3 200;3 200;3 000;810;2 511 000;-6.25%
14/07/2020;2 900;3 000;3 000;2 900;844;2 489 800;-3.33%
15/07/2020;2 900;2 900;2 900;2 900;293;849 700;0.00%
16/07/2020;2 900;2 900;2 900;2 900;214;620 600;0.00%
17/07/2020;2 900;2 900;2 900;2 900;610;1 769 000;0.00%
20/07/2020;2 900;2 850;2 900;2 850;208;598 000;0.00%
21/07/2020;2 900;2 900;2 900;2 900;93;269 700;0.00%
22/07/2020;2 900;2 900;2 900;2 900;133;385 700;0.00%
23/07/2020;2 900;2 860;2 900;2 860;220;633 600;0.00%
24/07/2020;3 000;2 900;3 000;2 900;130;383 500;3.45%
27/07/2020;3 000;3 000;3 000;3 000;139;417 000;0.00%
29/07/2020;2 900;3 000;3 000;2 900;34;100 300;-3.33%
03/08/2020;2 995;2 995;2 995;2 995;177;530 115;3.28%
04/08/2020;2 900;2 950;2 950;2 900;216;631 800;-3.17%
05/08/2020;2 900;2 900;2 900;2 900;152;440 800;0.00%
10/08/2020;2 835;2 900;2 900;2 835;611;1 752 043;-2.24%
11/08/2020;2 850;2 850;2 850;2 850;6;17 100;0.53%
12/08/2020;2 650;2 855;2 855;2 650;1 760;4 844 400;-7.02%
13/08/2020;2 800;2 700;2 800;2 700;3 507;9 644 250;5.66%
14/08/2020;2 800;2 800;2 800;2 800;39;109 200;0.00%
17/08/2020;2 750;2 800;2 800;2 750;1 034;2 869 350;-1.79%
18/08/2020;2 700;2 955;2 955;2 700;1 012;2 861 430;-1.82%
21/08/2020;2 850;2 900;2 900;2 850;36;103 500;5.56%
24/08/2020;2 850;2 850;2 850;2 850;5;14 250;0.00%
25/08/2020;2 840;2 840;2 840;2 840;237;673 080;-0.35%
26/08/2020;2 800;2 840;2 840;2 800;418;1 178 760;-1.41%
27/08/2020;2 800;2 850;2 850;2 800;4 641;13 110 825;0.00%
28/08/2020;2 800;2 800;2 800;2 800;2 268;6 350 400;0.00%
31/08/2020;3 010;2 800;3 010;2 800;181;525 805;7.50%
01/09/2020;2 800;2 800;2 800;2 800;35;98 000;-6.98%
02/09/2020;2 840;2 810;2 840;2 810;712;2 011 400;1.43%
03/09/2020;2 840;2 840;2 840;2 840;1 172;3 328 480;0.00%
04/09/2020;2 800;2 840;2 840;2 800;230;648 600;-1.41%
07/09/2020;2 600;2 840;2 840;2 600;1 845;5 018 400;-7.14%
08/09/2020;2 795;2 605;2 795;2 605;1 901;5 132 700;7.50%
09/09/2020;2 840;2 840;2 840;2 840;1 115;3 166 600;1.61%
10/09/2020;2 840;2 840;2 840;2 840;78 656;223 383 040;0.00%
11/09/2020;3 000;2 990;3 000;2 990;906;2 713 470;5.63%
14/09/2020;3 100;3 100;3 100;3 100;113;350 300;3.33%
15/09/2020;3 095;3 100;3 100;3 095;181;560 648;-0.16%
16/09/2020;2 980;3 000;3 000;2 980;142;424 580;-3.72%
17/09/2020;2 840;3 000;3 000;2 840;540;1 576 800;-4.70%
18/09/2020;2 950;2 840;2 950;2 840;80;231 600;3.87%
21/09/2020;3 000;3 000;3 000;3 000;81;243 000;1.69%
22/09/2020;2 940;2 935;2 940;2 935;5 682;16 690 875;-2.00%
23/09/2020;2 940;2 935;2 940;2 935;5 682;16 690 875;0.00%
24/09/2020;2 940;2 935;2 940;2 935;5 682;16 690 875;0.00%
25/09/2020;2 940;2 935;2 940;2 935;5 682;16 690 875;0.00%
28/09/2020;2 800;2 830;2 830;2 800;62;174 530;-4.76%
29/09/2020;2 895;2 795;2 895;2 795;1 778;5 058 410;3.39%
30/09/2020;2 795;2 800;2 800;2 795;41;114 698;-3.45%
01/10/2020;2 790;2 795;2 795;2 790;78;217 815;-0.18%
02/10/2020;2 600;2 750;2 750;2 600;62;165 850;-6.81%
05/10/2020;2 790;2 700;2 790;2 700;251;688 995;7.31%
06/10/2020;2 600;2 690;2 690;2 600;275;727 375;-6.81%
07/10/2020;2 790;2 790;2 790;2 790;5;13 950;7.31%
09/10/2020;2 780;2 780;2 780;2 780;51;141 780;-0.36%
12/10/2020;2 780;2 780;2 780;2 780;8;22 240;0.00%
13/10/2020;2 780;2 780;2 780;2 780;10;27 800;0.00%
14/10/2020;2 700;2 750;2 750;2 700;277;754 825;-2.88%
15/10/2020;2 695;2 655;2 695;2 655;122;326 350;-0.19%
16/10/2020;2 775;2 695;2 775;2 695;460;1 258 100;2.97%
19/10/2020;2 770;2 770;2 770;2 770;10;27 700;-0.18%
20/10/2020;2 780;2 775;2 780;2 775;100;277 750;0.36%
21/10/2020;2 700;2 700;2 700;2 700;59;159 300;-2.88%
22/10/2020;2 700;2 700;2 700;2 700;27;72 900;0.00%
23/10/2020;2 700;2 700;2 700;2 700;704;1 900 800;0.00%
26/10/2020;2 700;2 700;2 700;2 700;1 429;3 858 300;0.00%
27/10/2020;2 700;2 700;2 700;2 700;15;40 500;0.00%
28/10/2020;2 700;2 700;2 700;2 700;8 865;23 935 500;0.00%
29/10/2020;2 700;2 700;2 700;2 700;8 865;23 935 500;0.00%
30/10/2020;2 700;2 700;2 700;2 700;6 298;17 004 600;0.00%
02/11/2020;2 700;2 700;2 700;2 700;275;742 500;0.00%
03/11/2020;2 700;2 700;2 700;2 700;26;70 200;0.00%
04/11/2020;2 785;2 790;2 790;2 785;2 702;7 531 825;3.15%
05/11/2020;2 790;2 785;2 790;2 785;430;1 198 625;0.18%
06/11/2020;2 840;2 840;2 840;2 840;300;852 000;1.79%
09/11/2020;2 835;2 835;2 835;2 835;1;2 835;-0.18%
10/11/2020;2 700;2 825;2 825;2 700;697;1 925 463;-4.76%
11/11/2020;2 700;2 705;2 705;2 700;280;756 700;0.00%
12/11/2020;2 700;2 700;2 700;2 700;3 308;8 931 600;0.00%
13/11/2020;2 700;2 705;2 705;2 700;536;1 448 540;0.00%
17/11/2020;2 695;2 695;2 695;2 695;58;156 310;-0.19%
18/11/2020;2 700;2 695;2 700;2 695;494;1 332 565;0.19%
19/11/2020;2 700;2 700;2 700;2 700;20 046;54 124 200;0.00%
20/11/2020;2 700;2 700;2 700;2 700;435;1 174 500;0.00%
23/11/2020;2 700;2 700;2 700;2 700;1 372;3 704 400;0.00%
24/11/2020;2 850;2 700;2 850;2 700;1 223;3 393 825;5.56%
25/11/2020;2 800;2 800;2 800;2 800;1 489;4 169 200;-1.75%
26/11/2020;2 800;2 795;2 800;2 795;850;2 377 875;0.00%
27/11/2020;2 700;2 700;2 700;2 700;4 961;13 394 700;-3.57%
30/11/2020;2 700;2 700;2 700;2 700;385;1 039 500;0.00%
01/12/2020;2 700;2 700;2 700;2 700;12 992;35 078 400;0.00%
02/12/2020;2 690;2 700;2 700;2 690;5 611;15 121 645;-0.37%
03/12/2020;2 700;2 705;2 705;2 700;2 410;6 513 025;0.37%
04/12/2020;2 700;2 700;2 700;2 700;342;923 400;0.00%
07/12/2020;2 680;2 700;2 700;2 680;1 255;3 375 950;-0.74%
08/12/2020;2 700;2 695;2 700;2 695;2 607;7 032 383;0.75%
09/12/2020;2 700;2 700;2 700;2 700;2 102;5 675 400;0.00%
10/12/2020;2 700;2 695;2 700;2 695;831;2 241 623;0.00%
11/12/2020;2 700;2 700;2 700;2 700;5 759;15 549 300;0.00%
14/12/2020;2 850;2 700;2 850;2 700;913;2 533 575;5.56%
15/12/2020;2 995;2 850;2 995;2 850;1 876;5 482 610;5.09%
16/12/2020;2 995;2 995;2 995;2 995;255;763 725;0.00%
17/12/2020;2 985;2 995;2 995;2 985;303;905 970;-0.33%
18/12/2020;2 800;2 800;2 800;2 800;505;1 414 000;-6.20%
21/12/2020;2 900;2 985;2 985;2 900;253;744 453;3.57%
22/12/2020;2 900;2 700;2 900;2 700;511;1 430 800;0.00%
23/12/2020;2 995;2 900;2 995;2 900;357;1 052 258;3.28%
24/12/2020;2 895;2 895;2 895;2 895;15;43 425;-3.34%
25/12/2020;2 895;2 895;2 895;2 895;15;43 425;0.00%
28/12/2020;2 800;2 895;2 895;2 800;167;475 533;-3.28%
29/12/2020;2 800;3 000;3 000;2 800;15 276;44 300 400;0.00%
30/12/2020;2 945;2 800;2 945;2 800;143;410 768;5.18%
31/12/2020;2 990;2 990;2 990;2 990;2 000;5 980 000;1.53%
04/01/2021;2 800;2 900;2 900;2 800;1 040;2 964 000;-6.35%
06/01/2021;2 900;2 800;2 900;2 800;503;1 433 550;3.57%
07/01/2021;2 800;2 800;2 800;2 800;2 167;6 067 600;-3.45%
08/01/2021;2 800;2 800;2 800;2 800;7 594;21 263 200;0.00%
11/01/2021;2 900;2 900;2 900;2 900;360;1 044 000;3.57%
12/01/2021;2 890;2 890;2 890;2 890;41;118 490;-0.34%
13/01/2021;2 900;2 900;2 900;2 900;60;174 000;0.35%
14/01/2021;2 890;2 900;2 900;2 890;952;2 756 040;-0.34%
15/01/2021;2 885;2 800;2 885;2 800;150;426 375;-0.17%
18/01/2021;2 830;2 885;2 885;2 830;51;145 733;-1.91%
19/01/2021;2 885;2 875;2 885;2 875;492;1 416 960;1.94%
20/01/2021;2 980;2 880;2 980;2 880;922;2 701 460;3.29%
21/01/2021;2 900;2 975;2 975;2 900;21;61 688;-2.68%
22/01/2021;2 975;2 900;2 975;2 900;61;179 188;2.59%
25/01/2021;2 975;2 975;2 975;2 975;223;663 425;0.00%
26/01/2021;2 990;2 975;2 990;2 975;1 283;3 826 548;0.50%
27/01/2021;2 995;2 985;2 995;2 985;1 222;3 653 780;0.17%
28/01/2021;2 990;2 995;2 995;2 990;416;1 244 880;-0.17%
29/01/2021;3 000;2 980;3 000;2 980;874;2 613 260;0.33%
01/02/2021;3 000;3 000;3 000;3 000;335;1 005 000;0.00%
02/02/2021;3 000;3 085;3 085;3 000;32;97 360;0.00%
03/02/2021;3 000;3 000;3 000;3 000;627;1 881 000;0.00%
04/02/2021;2 995;2 900;2 995;2 900;99;291 803;-0.17%
05/02/2021;2 990;2 900;2 990;2 900;60;176 700;-0.17%
08/02/2021;2 990;2 990;2 990;2 990;50;149 500;0.00%
09/02/2021;2 900;2 990;2 990;2 900;100;294 500;-3.01%
10/02/2021;2 990;2 995;2 995;2 990;5;14 963;3.10%
11/02/2021;2 990;2 990;2 990;2 990;21;62 790;0.00%
12/02/2021;2 995;2 995;2 995;2 995;164;491 180;0.17%
15/02/2021;2 995;2 995;2 995;2 995;95;284 525;0.00%
16/02/2021;3 000;2 995;3 000;2 995;666;1 996 335;0.17%
17/02/2021;2 995;2 950;2 995;2 950;205;609 363;-0.17%
18/02/2021;3 000;2 995;3 000;2 995;1 097;3 288 258;0.17%
19/02/2021;2 995;3 000;3 000;2 995;1 220;3 656 950;-0.17%
22/02/2021;3 050;3 000;3 050;3 000;5 410;16 365 250;1.84%
23/02/2021;3 050;3 000;3 050;3 000;54;163 350;0.00%
24/02/2021;3 050;3 050;3 050;3 050;55;167 750;0.00%
25/02/2021;3 075;3 050;3 075;3 050;20 550;62 934 375;0.82%
26/02/2021;3 150;3 075;3 150;3 075;670;2 085 375;2.44%
01/03/2021;3 150;3 200;3 200;3 150;99;314 325;0.00%
02/03/2021;3 150;3 005;3 150;3 005;425;1 307 938;0.00%
03/03/2021;3 100;3 145;3 145;3 100;175;546 438;-1.59%
04/03/2021;3 100;3 105;3 105;3 100;78;241 995;0.00%
05/03/2021;3 000;3 150;3 150;3 000;375;1 153 125;-3.23%
09/03/2021;3 140;3 050;3 140;3 050;1 959;6 063 105;4.67%
10/03/2021;3 140;3 140;3 140;3 140;1 318;4 138 520;0.00%
11/03/2021;3 145;3 100;3 145;3 100;470;1 467 575;0.16%
12/03/2021;3 145;3 150;3 150;3 145;13 752;43 284 420;0.00%
15/03/2021;3 145;3 145;3 145;3 145;76;239 020;0.00%
16/03/2021;3 150;3 145;3 150;3 145;617;1 942 008;0.16%
17/03/2021;3 150;3 145;3 150;3 145;402;1 265 295;0.00%
18/03/2021;3 150;3 150;3 150;3 150;263;828 450;0.00%
19/03/2021;3 100;3 140;3 140;3 100;431;1 344 720;-1.59%
22/03/2021;3 150;3 150;3 150;3 150;629;1 981 350;1.61%
23/03/2021;3 145;3 135;3 145;3 135;2 825;8 870 500;-0.16%
24/03/2021;3 150;3 145;3 150;3 145;188;591 730;0.16%
25/03/2021;3 050;3 145;3 145;3 050;713;2 208 518;-3.17%
26/03/2021;3 175;3 140;3 175;3 140;8 209;25 919 918;4.10%
29/03/2021;3 300;3 000;3 300;3 000;552;1 738 800;3.94%
30/03/2021;3 400;3 300;3 400;3 300;1 740;5 829 000;3.03%
31/03/2021;3 650;3 350;3 650;3 350;9 067;31 734 500;7.35%
01/04/2021;3 400;3 460;3 460;3 400;284;974 120;-6.85%
02/04/2021;3 400;3 400;3 400;3 400;715;2 431 000;0.00%
05/04/2021;3 400;3 400;3 400;3 400;715;2 431 000;0.00%
06/04/2021;3 220;3 400;3 400;3 220;67;221 770;-5.29%
07/04/2021;3 400;3 295;3 400;3 295;2 134;7 143 565;5.59%
08/04/2021;3 400;3 400;3 400;3 400;1 536;5 222 400;0.00%
09/04/2021;3 495;3 400;3 495;3 400;850;2 930 375;2.79%
12/04/2021;3 235;3 300;3 300;3 235;365;1 192 638;-7.44%
13/04/2021;3 395;3 235;3 395;3 235;267;885 105;4.95%
14/04/2021;3 300;3 400;3 400;3 300;141;472 350;-2.80%
15/04/2021;3 400;3 395;3 400;3 395;454;1 542 465;3.03%
16/04/2021;3 395;3 400;3 400;3 395;86;292 185;-0.15%
19/04/2021;3 395;3 390;3 395;3 390;48;162 840;0.00%
20/04/2021;3 445;3 400;3 445;3 400;1 859;6 362 428;1.47%
21/04/2021;3 445;3 300;3 445;3 300;1 821;6 141 323;0.00%
22/04/2021;3 440;3 435;3 440;3 435;1 879;6 459 063;-0.15%
23/04/2021;3 440;3 400;3 440;3 400;3 110;10 636 200;0.00%
26/04/2021;3 450;3 440;3 450;3 440;462;1 591 590;0.29%
28/04/2021;3 395;3 220;3 395;3 220;355;1 174 163;-1.59%
29/04/2021;3 395;3 395;3 395;3 395;261;886 095;0.00%
30/04/2021;3 400;3 395;3 400;3 395;200;679 500;0.15%
03/05/2021;3 300;3 400;3 400;3 300;551;1 845 850;-2.94%
04/05/2021;3 300;3 300;3 300;3 300;352;1 161 600;0.00%
05/05/2021;3 300;3 300;3 300;3 300;581;1 917 300;0.00%
06/05/2021;3 250;3 300;3 300;3 250;149;487 975;-1.52%
07/05/2021;3 300;3 300;3 300;3 300;4 931;16 272 300;1.54%
10/05/2021;3 250;3 250;3 250;3 250;113;367 250;-1.52%
11/05/2021;3 250;3 250;3 250;3 250;3 229;10 494 250;0.00%
12/05/2021;3 250;3 250;3 250;3 250;3 229;10 494 250;0.00%
14/05/2021;3 300;3 300;3 300;3 300;131;432 300;1.54%
17/05/2021;3 300;3 300;3 300;3 300;1 145;3 778 500;0.00%
18/05/2021;3 300;3 300;3 300;3 300;7 168;23 654 400;0.00%
19/05/2021;3 300;3 300;3 300;3 300;269;887 700;0.00%
20/05/2021;3 200;3 300;3 300;3 200;325;1 056 250;-3.03%
21/05/2021;3 300;3 440;3 440;3 300;1 155;3 892 350;3.13%
24/05/2021;3 300;3 440;3 440;3 300;1 155;3 892 350;0.00%
25/05/2021;3 440;3 440;3 440;3 440;97;333 680;4.24%
26/05/2021;3 600;3 435;3 600;3 435;1 631;5 737 043;4.65%
27/05/2021;3 640;3 605;3 640;3 605;715;2 590 088;1.11%
28/05/2021;3 900;3 640;3 900;3 640;495;1 866 150;7.14%
31/05/2021;4 100;3 890;4 100;3 890;2 000;7 990 000;5.13%
01/06/2021;4 005;4 005;4 005;4 005;50;200 250;-2.32%
02/06/2021;3 900;3 990;3 990;3 900;121;477 345;-2.62%
03/06/2021;3 900;3 895;3 900;3 895;3 301;12 865 648;0.00%
04/06/2021;3 900;3 750;3 900;3 750;113;432 225;0.00%
07/06/2021;3 900;3 895;3 900;3 895;1 418;5 526 655;0.00%
08/06/2021;3 900;3 850;3 900;3 850;2 530;9 803 750;0.00%
09/06/2021;3 900;3 900;3 900;3 900;27;105 300;0.00%
10/06/2021;3 950;3 900;3 950;3 900;8 590;33 715 750;1.28%
11/06/2021;3 945;3 900;3 945;3 900;85;333 413;-0.13%
14/06/2021;3 950;3 935;3 950;3 935;276;1 088 130;0.13%
15/06/2021;3 945;3 945;3 945;3 945;61;240 645;-0.13%
16/06/2021;3 940;3 940;3 940;3 940;18;70 920;-0.13%
17/06/2021;3 940;3 940;3 940;3 940;417;1 642 980;0.00%
18/06/2021;4 100;3 940;4 100;3 940;4 828;19 408 560;4.06%
21/06/2021;4 100;4 100;4 100;4 100;157;643 700;0.00%
22/06/2021;4 300;4 055;4 300;4 055;754;3 149 835;4.88%
23/06/2021;4 300;4 300;4 300;4 300;911;3 917 300;0.00%
24/06/2021;4 290;4 290;4 290;4 290;7;30 030;-0.23%
25/06/2021;4 245;4 245;4 245;4 245;10;42 450;-1.05%
28/06/2021;4 100;4 245;4 245;4 100;116;484 010;-3.42%
29/06/2021;4 400;4 230;4 400;4 230;3 520;15 188 800;7.32%
30/06/2021;4 500;4 400;4 500;4 400;762;3 390 900;2.27%
01/07/2021;4 500;4 500;4 500;4 500;236;1 062 000;0.00%
02/07/2021;4 450;4 495;4 495;4 450;122;545 645;-1.11%
05/07/2021;4 450;4 450;4 450;4 450;202;898 900;0.00%
06/07/2021;4 445;4 300;4 445;4 300;310;1 355 475;-0.11%
07/07/2021;4 230;4 300;4 300;4 230;2 980;12 709 700;-4.84%
08/07/2021;4 195;4 220;4 220;4 195;156;656 370;-0.83%
09/07/2021;4 100;4 100;4 100;4 100;75 073;307 799 300;-2.26%
12/07/2021;3 950;4 100;4 100;3 950;72 384;291 345 600;-3.66%
13/07/2021;3 710;3 950;3 950;3 710;702;2 688 660;-6.08%
14/07/2021;3 875;3 500;3 875;3 500;4 106;15 140 875;4.45%
15/07/2021;3 625;3 650;3 650;3 625;3 402;12 374 775;-6.45%
16/07/2021;3 875;3 585;3 875;3 585;7 405;27 620 650;6.90%
19/07/2021;4 100;3 875;4 100;3 875;59;235 263;5.81%
20/07/2021;4 100;3 875;4 100;3 875;59;235 263;0.00%
21/07/2021;4 190;4 150;4 190;4 150;112;467 040;2.20%
22/07/2021;4 195;4 190;4 195;4 190;1 969;8 255 033;0.12%
23/07/2021;4 145;3 900;4 145;3 900;1 550;6 234 875;-1.19%
26/07/2021;4 455;4 445;4 455;4 445;813;3 617 850;7.48%
27/07/2021;4 300;4 465;4 465;4 300;13 232;57 989 240;-3.48%
28/07/2021;4 000;4 300;4 300;4 000;5 448;22 609 200;-6.98%
29/07/2021;4 300;3 995;4 300;3 995;49 196;204 040 410;7.50%
30/07/2021;4 605;4 300;4 605;4 300;3 222;14 345 955;7.09%
02/08/2021;4 695;4 300;4 695;4 300;2 605;11 715 988;1.95%
03/08/2021;4 595;4 600;4 600;4 595;141;648 248;-2.13%
04/08/2021;4 500;4 305;4 500;4 305;376;1 655 340;-2.07%
05/08/2021;4 480;4 500;4 500;4 480;182;817 180;-0.44%
06/08/2021;4 350;4 400;4 400;4 350;1 941;8 491 875;-2.90%
09/08/2021;4 495;4 300;4 495;4 300;1 259;5 536 453;3.33%
10/08/2021;4 495;4 495;4 495;4 495;467;2 099 165;0.00%
11/08/2021;4 495;4 495;4 495;4 495;224;1 006 880;0.00%
12/08/2021;4 495;4 495;4 495;4 495;340;1 528 300;0.00%
13/08/2021;4 500;4 495;4 500;4 495;637;2 864 908;0.11%
16/08/2021;4 500;4 495;4 500;4 495;524;2 356 690;0.00%
17/08/2021;4 500;4 500;4 500;4 500;220;990 000;0.00%
18/08/2021;4 480;4 480;4 480;4 480;507;2 271 360;-0.44%
19/08/2021;4 450;4 495;4 495;4 450;221;988 423;-0.67%
20/08/2021;4 450;4 480;4 480;4 450;1 227;5 478 555;0.00%
23/08/2021;4 500;4 500;4 500;4 500;352;1 584 000;1.12%
24/08/2021;4 300;4 500;4 500;4 300;3 379;14 867 600;-4.44%
25/08/2021;4 400;4 300;4 400;4 300;595;2 588 250;2.33%
26/08/2021;4 400;4 400;4 400;4 400;22;96 800;0.00%
27/08/2021;4 350;4 350;4 350;4 350;544;2 366 400;-1.14%
30/08/2021;4 400;4 300;4 400;4 300;314;1 365 900;1.15%
31/08/2021;4 400;4 355;4 400;4 355;88;385 220;0.00%
01/09/2021;4 395;4 350;4 395;4 350;515;2 251 838;-0.11%
02/09/2021;4 300;4 400;4 400;4 300;22;95 700;-2.16%
03/09/2021;4 300;4 300;4 300;4 300;22;94 600;0.00%
06/09/2021;4 300;4 300;4 300;4 300;5 278;22 695 400;0.00%
07/09/2021;4 300;4 000;4 300;4 000;526;2 182 900;0.00%
08/09/2021;4 200;4 500;4 500;4 200;1 182;5 141 700;-2.33%
09/09/2021;4 500;4 205;4 500;4 205;35;152 338;7.14%
10/09/2021;4 200;4 495;4 495;4 200;50;217 375;-6.67%
13/09/2021;4 200;4 200;4 200;4 200;93;390 600;0.00%
14/09/2021;4 200;4 200;4 200;4 200;885;3 717 000;0.00%
15/09/2021;4 200;4 250;4 250;4 200;5 289;22 346 025;0.00%
16/09/2021;4 300;4 300;4 300;4 300;150;645 000;2.38%
17/09/2021;4 200;4 200;4 200;4 200;530;2 226 000;-2.33%
20/09/2021;4 200;4 250;4 250;4 200;3 114;13 156 650;0.00%
21/09/2021;4 200;4 250;4 250;4 200;8 331;35 198 475;0.00%
22/09/2021;4 200;4 200;4 200;4 200;511;2 146 200;0.00%
23/09/2021;4 200;4 205;4 205;4 200;170;714 425;0.00%
24/09/2021;4 200;4 300;4 300;4 200;3 437;14 607 250;0.00%
27/09/2021;4 250;4 200;4 250;4 200;1 649;6 967 025;1.19%
28/09/2021;4 205;4 400;4 400;4 205;58;249 545;-1.06%
29/09/2021;4 320;4 010;4 320;4 010;92;383 180;2.73%
30/09/2021;4 200;4 325;4 325;4 200;4 767;20 319 338;-2.78%
01/10/2021;4 400;4 210;4 400;4 210;191;822 255;4.76%
04/10/2021;4 495;4 400;4 495;4 400;44 074;196 019 115;2.16%
05/10/2021;4 495;4 495;4 495;4 495;53;238 235;0.00%
06/10/2021;4 395;4 400;4 400;4 395;67;294 633;-2.22%
07/10/2021;4 400;4 395;4 400;4 395;368;1 618 280;0.11%
08/10/2021;4 400;4 400;4 400;4 400;284;1 249 600;0.00%
11/10/2021;4 500;4 495;4 500;4 495;1 650;7 420 875;2.27%
12/10/2021;4 500;4 500;4 500;4 500;78;351 000;0.00%
13/10/2021;4 500;4 450;4 500;4 450;543;2 429 925;0.00%
14/10/2021;4 500;4 500;4 500;4 500;785;3 532 500;0.00%
15/10/2021;4 495;4 495;4 495;4 495;59;265 205;-0.11%
18/10/2021;4 495;4 495;4 495;4 495;59;265 205;0.00%
19/10/2021;4 450;4 495;4 495;4 450;55;245 988;-1.00%
20/10/2021;4 500;4 450;4 500;4 450;4 530;20 271 750;1.12%
21/10/2021;4 500;4 500;4 500;4 500;1 229;5 530 500;0.00%
22/10/2021;4 500;4 500;4 500;4 500;3 976;17 892 000;0.00%
25/10/2021;4 500;4 165;4 500;4 165;3 262;14 132 615;0.00%
26/10/2021;4 500;4 185;4 500;4 185;51;221 468;0.00%
27/10/2021;4 495;4 165;4 495;4 165;1 402;6 070 660;-0.11%
28/10/2021;4 175;4 490;4 490;4 175;891;3 860 258;-7.12%
29/10/2021;4 175;4 485;4 485;4 175;2 350;10 175 500;0.00%
01/11/2021;4 175;4 485;4 485;4 175;2 350;10 175 500;0.00%
02/11/2021;4 480;4 480;4 480;4 480;21;94 080;7.31%
03/11/2021;4 480;4 395;4 480;4 395;291;1 291 313;0.00%
04/11/2021;4 450;4 450;4 450;4 450;203;903 350;-0.67%
05/11/2021;4 500;4 500;4 500;4 500;76;342 000;1.12%
08/11/2021;4 450;4 450;4 450;4 450;418;1 860 100;-1.11%
09/11/2021;4 445;4 450;4 450;4 445;70;311 325;-0.11%
10/11/2021;4 395;4 400;4 400;4 395;580;2 550 550;-1.12%
11/11/2021;4 450;4 450;4 450;4 450;179;796 550;1.25%
12/11/2021;4 450;4 450;4 450;4 450;25;111 250;0.00%
15/11/2021;4 450;4 450;4 450;4 450;25;111 250;0.00%
16/11/2021;4 450;4 450;4 450;4 450;75;333 750;0.00%
17/11/2021;4 450;4 500;4 500;4 450;10;44 750;0.00%
18/11/2021;4 495;4 495;4 495;4 495;100;449 500;1.01%
19/11/2021;4 200;4 200;4 200;4 200;2 122;8 912 400;-6.56%
22/11/2021;4 200;4 200;4 200;4 200;115;483 000;0.00%
23/11/2021;4 200;4 200;4 200;4 200;1 107;4 649 400;0.00%
24/11/2021;4 400;4 250;4 400;4 250;401;1 734 325;4.76%
25/11/2021;4 400;4 180;4 400;4 180;53;227 370;0.00%
26/11/2021;4 200;4 200;4 200;4 200;34;142 800;-4.55%
29/11/2021;4 400;4 350;4 400;4 350;13;56 875;4.76%
30/11/2021;4 590;4 495;4 590;4 495;529;2 402 983;4.32%
01/12/2021;4 500;4 500;4 500;4 500;102;459 000;-1.96%
02/12/2021;4 500;4 205;4 500;4 205;224;974 960;0.00%
03/12/2021;4 300;4 205;4 300;4 205;105;446 513;-4.44%
06/12/2021;4 490;4 300;4 490;4 300;134;588 930;4.42%
07/12/2021;4 300;4 490;4 490;4 300;4 030;17 711 850;-4.23%
08/12/2021;4 200;4 200;4 200;4 200;242;1 016 400;-2.33%
09/12/2021;4 450;4 450;4 450;4 450;78;347 100;5.95%
10/12/2021;4 350;4 350;4 350;4 350;40;174 000;-2.25%
13/12/2021;4 200;4 350;4 350;4 200;516;2 205 900;-3.45%
14/12/2021;4 370;4 200;4 370;4 200;80;342 800;4.05%
15/12/2021;4 370;4 370;4 370;4 370;163;712 310;0.00%
16/12/2021;4 400;4 300;4 400;4 300;53;230 550;0.69%
17/12/2021;4 440;4 400;4 440;4 400;11;48 620;0.91%
20/12/2021;4 440;4 400;4 440;4 400;106;468 520;0.00%
21/12/2021;4 450;4 450;4 450;4 450;77;342 650;0.23%
22/12/2021;4 450;4 445;4 450;4 445;97;431 408;0.00%
23/12/2021;4 450;4 450;4 450;4 450;85;378 250;0.00%
24/12/2021;4 550;4 450;4 550;4 450;261;1 174 500;2.25%
27/12/2021;4 500;4 500;4 500;4 500;32;144 000;-1.10%
28/12/2021;4 500;4 400;4 500;4 400;141;627 450;0.00%
29/12/2021;4 250;4 200;4 250;4 200;123;519 675;-5.56%
30/12/2021;4 385;4 210;4 385;4 210;397;1 706 108;3.18%
31/12/2021;4 295;4 200;4 295;4 200;827;3 512 683;-2.05%
03/01/2022;4 500;4 500;4 500;4 500;65;292 500;4.77%
04/01/2022;4 450;4 450;4 450;4 450;45;200 250;-1.11%
05/01/2022;4 440;4 440;4 440;4 440;2;8 880;-0.22%
06/01/2022;4 350;4 400;4 400;4 350;144;630 000;-2.03%
07/01/2022;4 350;4 200;4 350;4 200;235;1 004 625;0.00%
10/01/2022;4 350;4 325;4 350;4 325;85;368 688;0.00%
11/01/2022;4 350;4 350;4 350;4 350;45;195 750;0.00%
12/01/2022;4 400;4 350;4 400;4 350;394;1 723 750;1.15%
13/01/2022;4 400;4 350;4 400;4 350;54;236 250;0.00%
14/01/2022;4 485;4 465;4 485;4 465;155;693 625;1.93%
17/01/2022;4 480;4 480;4 480;4 480;198;887 040;-0.11%
18/01/2022;4 450;4 400;4 450;4 400;104;460 200;-0.67%
19/01/2022;4 495;4 450;4 495;4 450;122;545 645;1.01%
20/01/2022;4 450;4 450;4 450;4 450;405;1 802 250;-1.00%
21/01/2022;4 450;4 450;4 450;4 450;1;4 450;0.00%
24/01/2022;4 450;4 450;4 450;4 450;210;934 500;0.00%
25/01/2022;4 450;4 450;4 450;4 450;515;2 291 750;0.00%
26/01/2022;4 400;4 400;4 400;4 400;46;202 400;-1.12%
27/01/2022;4 400;4 200;4 400;4 200;233;1 001 900;0.00%
28/01/2022;4 400;4 400;4 400;4 400;4 549;20 015 600;0.00%
31/01/2022;4 400;4 400;4 400;4 400;143;629 200;0.00%
01/02/2022;4 275;4 275;4 275;4 275;40;171 000;-2.84%
02/02/2022;4 300;4 275;4 300;4 275;70;300 125;0.58%
03/02/2022;4 300;4 300;4 300;4 300;1 829;7 864 700;0.00%
04/02/2022;4 400;4 300;4 400;4 300;107;465 450;2.33%
07/02/2022;4 400;4 400;4 400;4 400;2 056;9 046 400;0.00%
08/02/2022;4 345;4 400;4 400;4 345;3 520;15 391 200;-1.25%
09/02/2022;4 450;4 150;4 450;4 150;2 691;11 571 300;2.42%
10/02/2022;4 450;4 450;4 450;4 450;277;1 232 650;0.00%
11/02/2022;4 400;4 440;4 440;4 400;618;2 731 560;-1.12%
14/02/2022;4 400;4 400;4 400;4 400;1 141;5 020 400;0.00%
15/02/2022;4 300;4 325;4 325;4 300;632;2 725 500;-2.27%
16/02/2022;4 325;4 325;4 325;4 325;231;999 075;0.58%
17/02/2022;4 240;4 350;4 350;4 240;831;3 569 145;-1.97%
18/02/2022;4 100;4 240;4 240;4 100;3 775;15 741 750;-3.30%
21/02/2022;4 050;4 100;4 100;4 050;12 603;51 357 225;-1.22%
22/02/2022;3 750;4 100;4 100;3 750;7 468;29 311 900;-7.41%
23/02/2022;4 030;3 750;4 030;3 750;1 285;4 998 650;7.47%
24/02/2022;4 030;4 050;4 050;4 030;4 618;18 656 720;0.00%
25/02/2022;4 095;4 095;4 095;4 095;1 674;6 855 030;1.61%
28/02/2022;4 100;4 100;4 100;4 100;7 856;32 209 600;0.12%
01/03/2022;4 275;4 100;4 275;4 100;1 569;6 570 188;4.27%
02/03/2022;4 385;4 250;4 385;4 250;330;1 424 775;2.57%
03/03/2022;4 380;4 380;4 380;4 380;89;389 820;-0.11%
04/03/2022;4 350;4 385;4 385;4 350;253;1 104 978;-0.68%
07/03/2022;4 340;4 350;4 350;4 340;705;3 063 225;-0.23%
08/03/2022;4 325;4 325;4 325;4 325;634;2 742 050;-0.35%
09/03/2022;4 435;4 330;4 435;4 330;557;2 441 053;2.54%
10/03/2022;4 300;4 405;4 405;4 300;1 466;6 380 765;-3.04%
11/03/2022;4 300;4 300;4 300;4 300;10 306;44 315 800;0.00%
14/03/2022;4 300;4 300;4 300;4 300;605;2 601 500;0.00%
15/03/2022;4 300;4 300;4 300;4 300;2 375;10 212 500;0.00%
16/03/2022;4 300;4 255;4 300;4 255;11 492;49 157 030;0.00%
18/03/2022;4 300;4 300;4 300;4 300;863;3 710 900;0.00%
21/03/2022;4 450;4 350;4 450;4 350;136;598 400;3.49%
22/03/2022;4 350;4 445;4 445;4 350;202;888 295;-2.25%
23/03/2022;4 355;4 350;4 355;4 350;209;909 673;0.11%
24/03/2022;4 445;4 445;4 445;4 445;4;17 780;2.07%
25/03/2022;4 440;4 440;4 440;4 440;141;626 040;-0.11%
28/03/2022;4 440;4 440;4 440;4 440;304;1 349 760;0.00%
29/03/2022;4 440;4 400;4 440;4 400;203;897 260;0.00%
30/03/2022;4 355;4 390;4 390;4 355;228;996 930;-1.91%
31/03/2022;4 495;4 355;4 495;4 355;216;955 800;3.21%
01/04/2022;4 400;4 375;4 400;4 375;398;1 746 225;-2.11%
04/04/2022;4 350;4 400;4 400;4 350;690;3 018 750;-1.14%
05/04/2022;4 400;4 300;4 400;4 300;251;1 091 850;1.15%
06/04/2022;4 350;4 400;4 400;4 350;1 307;5 718 125;-1.14%
07/04/2022;4 400;4 400;4 400;4 400;44;193 600;1.15%
08/04/2022;4 400;4 400;4 400;4 400;67;294 800;0.00%
11/04/2022;4 300;4 400;4 400;4 300;76;330 600;-2.27%
12/04/2022;4 400;4 400;4 400;4 400;60;264 000;2.33%
13/04/2022;4 450;4 400;4 450;4 400;78;345 150;1.14%
14/04/2022;4 355;4 450;4 450;4 355;79;347 798;-2.13%
15/04/2022;4 355;4 450;4 450;4 355;79;347 798;0.00%
19/04/2022;4 450;4 455;4 455;4 450;455;2 025 888;2.18%
20/04/2022;4 450;4 455;4 455;4 450;147;654 518;0.00%
21/04/2022;4 480;4 485;4 485;4 480;246;1 102 695;0.67%
22/04/2022;4 480;4 485;4 485;4 480;59;264 468;0.00%
25/04/2022;4 400;4 485;4 485;4 400;735;3 265 238;-1.79%
26/04/2022;4 255;4 300;4 300;4 255;133;568 908;-3.30%
27/04/2022;4 550;4 490;4 550;4 490;24 200;109 384 000;6.93%
28/04/2022;4 550;4 490;4 550;4 490;24 200;109 384 000;0.00%
29/04/2022;4 885;4 890;4 890;4 885;1 075;5 254 063;7.36%
02/05/2022;4 885;4 890;4 890;4 885;1 075;5 254 063;0.00%
03/05/2022;4 700;4 885;4 885;4 700;170;814 725;-3.79%
04/05/2022;4 600;4 550;4 600;4 550;502;2 296 650;-2.13%
05/05/2022;4 880;4 600;4 880;4 600;2 448;11 603 520;6.09%
06/05/2022;4 880;4 880;4 880;4 880;173;844 240;0.00%
09/05/2022;4 870;4 880;4 880;4 870;47;229 125;-0.20%
10/05/2022;4 855;4 850;4 855;4 850;151;732 728;-0.31%
11/05/2022;4 870;4 870;4 870;4 870;592;2 883 040;0.31%
12/05/2022;4 885;4 885;4 885;4 885;38;185 630;0.31%
13/05/2022;4 800;4 885;4 885;4 800;1 070;5 181 475;-1.74%
16/05/2022;4 795;4 795;4 795;4 795;381;1 826 895;-0.10%
17/05/2022;4 750;4 795;4 795;4 750;2 546;12 150 785;-0.94%
18/05/2022;4 850;4 740;4 850;4 740;5 944;28 501 480;2.11%
19/05/2022;4 555;4 850;4 850;4 555;513;2 412 383;-6.08%
20/05/2022;4 875;4 600;4 875;4 600;1 013;4 799 088;7.03%
23/05/2022;4 890;4 800;4 890;4 800;420;2 034 900;0.31%
24/05/2022;4 680;4 890;4 890;4 680;138;660 330;-4.29%
25/05/2022;4 890;4 890;4 890;4 890;316;1 545 240;4.49%
26/05/2022;4 890;4 890;4 890;4 890;316;1 545 240;0.00%
27/05/2022;4 800;4 890;4 890;4 800;335;1 623 075;-1.84%
30/05/2022;5 160;4 885;5 160;4 885;503;2 526 318;7.50%
31/05/2022;5 160;5 000;5 160;5 000;153;777 240;0.00%
01/06/2022;5 400;5 160;5 400;5 160;5 618;29 663 040;4.65%
02/06/2022;5 400;5 400;5 400;5 400;96;518 400;0.00%
03/06/2022;5 400;5 400;5 400;5 400;271;1 463 400;0.00%
06/06/2022;5 400;5 400;5 400;5 400;271;1 463 400;0.00%
07/06/2022;5 300;5 400;5 400;5 300;131;700 850;-1.85%
08/06/2022;5 300;5 300;5 300;5 300;102;540 600;0.00%
09/06/2022;5 200;5 300;5 300;5 200;214;1 123 500;-1.89%
10/06/2022;5 200;5 200;5 200;5 200;55;286 000;0.00%
13/06/2022;5 375;5 200;5 375;5 200;135;713 813;3.37%
14/06/2022;5 370;5 370;5 370;5 370;241;1 294 170;-0.09%
15/06/2022;5 350;5 350;5 350;5 350;198;1 059 300;-0.37%
16/06/2022;5 350;5 350;5 350;5 350;136;727 600;0.00%
17/06/2022;5 350;5 350;5 350;5 350;86;460 100;0.00%
20/06/2022;5 350;5 350;5 350;5 350;332;1 776 200;0.00%
21/06/2022;5 300;5 005;5 300;5 005;42;216 405;-0.93%
22/06/2022;5 300;5 300;5 300;5 300;476;2 522 800;0.00%
23/06/2022;5 300;5 300;5 300;5 300;74;392 200;0.00%
24/06/2022;5 300;5 300;5 300;5 300;144;763 200;0.00%
27/06/2022;5 300;5 300;5 300;5 300;3 425;18 152 500;0.00%
28/06/2022;5 000;5 250;5 250;5 000;961;4 925 125;-5.66%
29/06/2022;5 260;5 000;5 260;5 000;923;4 734 990;5.20%
30/06/2022;5 260;5 260;5 260;5 260;78;410 280;0.00%
01/07/2022;5 000;5 260;5 260;5 000;57;292 410;-4.94%
04/07/2022;5 260;5 260;5 260;5 260;160;841 600;5.20%
05/07/2022;5 100;4 980;5 100;4 980;2 898;14 605 920;-3.04%
06/07/2022;5 300;5 200;5 300;5 200;151;792 750;3.92%
07/07/2022;5 300;5 300;5 300;5 300;25;132 500;0.00%
08/07/2022;5 295;5 300;5 300;5 295;60;317 850;-0.09%
11/07/2022;5 295;5 295;5 295;5 295;3;15 885;0.00%
12/07/2022;5 295;5 295;5 295;5 295;93;492 435;0.00%
13/07/2022;5 150;5 150;5 150;5 150;20;103 000;-2.74%
14/07/2022;5 155;5 300;5 300;5 155;2 098;10 967 295;0.10%
15/07/2022;5 150;5 155;5 155;5 150;270;1 391 175;-0.10%
18/07/2022;5 150;5 150;5 150;5 150;60;309 000;0.00%
19/07/2022;5 150;5 150;5 150;5 150;15;77 250;0.00%
20/07/2022;5 100;5 150;5 150;5 100;109;558 625;-0.97%
21/07/2022;5 150;5 150;5 150;5 150;166;854 900;0.98%
22/07/2022;5 150;5 100;5 150;5 100;130;666 250;0.00%
25/07/2022;5 150;5 150;5 150;5 150;53;272 950;0.00%
26/07/2022;5 145;5 150;5 150;5 145;1 086;5 590 185;-0.10%
27/07/2022;5 150;5 150;5 150;5 150;9 080;46 762 000;0.10%
28/07/2022;5 150;5 150;5 150;5 150;9;46 350;0.00%
29/07/2022;5 200;5 005;5 200;5 005;150;765 375;0.97%
01/08/2022;5 200;5 200;5 200;5 200;135;702 000;0.00%
02/08/2022;5 300;5 200;5 300;5 200;263;1 380 750;1.92%
03/08/2022;5 200;5 300;5 300;5 200;778;4 084 500;-1.89%
04/08/2022;5 200;5 200;5 200;5 200;161;837 200;0.00%
05/08/2022;5 200;5 200;5 200;5 200;282;1 466 400;0.00%
08/08/2022;5 200;5 200;5 200;5 200;282;1 466 400;0.00%
09/08/2022;5 200;5 200;5 200;5 200;152;790 400;0.00%
10/08/2022;5 195;5 200;5 200;5 195;41;213 098;-0.10%
11/08/2022;5 300;5 200;5 300;5 200;360;1 890 000;2.02%
12/08/2022;5 350;5 200;5 350;5 200;177;933 675;0.94%
15/08/2022;5 350;5 200;5 350;5 200;177;933 675;0.00%
16/08/2022;5 295;5 295;5 295;5 295;15;79 425;-1.03%
17/08/2022;5 010;5 250;5 250;5 010;345;1 769 850;-5.38%
18/08/2022;5 190;5 190;5 190;5 190;20;103 800;3.59%
19/08/2022;5 190;5 190;5 190;5 190;279;1 448 010;0.00%
22/08/2022;5 190;5 190;5 190;5 190;2 312;11 999 280;0.00%
23/08/2022;5 190;5 190;5 190;5 190;40;207 600;0.00%
24/08/2022;5 190;5 190;5 190;5 190;1 284;6 663 960;0.00%
25/08/2022;5 195;5 185;5 195;5 185;2 458;12 757 020;0.10%
26/08/2022;5 195;5 195;5 195;5 195;1 591;8 265 245;0.00%
29/08/2022;5 195;5 190;5 195;5 190;25;129 813;0.00%
30/08/2022;5 195;5 190;5 195;5 190;3 026;15 712 505;0.00%
31/08/2022;5 490;5 190;5 490;5 190;12 615;67 364 100;5.68%
01/09/2022;5 450;5 500;5 500;5 450;45;246 375;-0.73%
02/09/2022;5 400;5 450;5 450;5 400;127;688 975;-0.92%
05/09/2022;5 400;5 400;5 400;5 400;184;993 600;0.00%
06/09/2022;5 400;5 405;5 405;5 400;1 027;5 548 368;0.00%
07/09/2022;5 400;5 200;5 400;5 200;3 394;17 988 200;0.00%
08/09/2022;5 400;5 395;5 400;5 395;616;3 324 860;0.00%
09/09/2022;5 450;5 400;5 450;5 400;117;634 725;0.93%
12/09/2022;5 400;5 205;5 400;5 205;60;318 150;-0.92%
13/09/2022;5 400;5 200;5 400;5 200;190;1 007 000;0.00%
14/09/2022;5 500;5 400;5 500;5 400;131;713 950;1.85%
15/09/2022;5 400;5 400;5 400;5 400;207;1 117 800;-1.82%
16/09/2022;5 500;5 400;5 500;5 400;224;1 220 800;1.85%
19/09/2022;5 700;5 300;5 700;5 300;150;825 000;3.64%
20/09/2022;5 350;5 690;5 690;5 350;2 414;13 325 280;-6.14%
21/09/2022;5 400;5 350;5 400;5 350;58;311 750;0.93%
22/09/2022;5 500;5 350;5 500;5 350;1 418;7 692 650;1.85%
23/09/2022;5 395;5 400;5 400;5 395;1 048;5 656 580;-1.91%
26/09/2022;5 350;5 305;5 350;5 305;206;1 097 465;-0.83%
27/09/2022;5 350;5 350;5 350;5 350;11;58 850;0.00%
28/09/2022;5 350;5 350;5 350;5 350;54;288 900;0.00%
29/09/2022;5 300;5 350;5 350;5 300;46;244 950;-0.93%
30/09/2022;5 500;5 300;5 500;5 300;1 025;5 535 000;3.77%
03/10/2022;5 445;5 495;5 495;5 445;25;136 750;-1.00%
04/10/2022;5 440;5 210;5 440;5 210;314;1 672 050;-0.09%
05/10/2022;5 440;5 440;5 440;5 440;106;576 640;0.00%
06/10/2022;5 400;5 210;5 400;5 210;2 502;13 273 110;-0.74%
07/10/2022;5 325;5 400;5 400;5 325;285;1 528 313;-1.39%
10/10/2022;5 200;5 690;5 690;5 200;2 538;13 819 410;-2.35%
11/10/2022;5 075;5 200;5 200;5 075;4 409;22 651 238;-2.40%
12/10/2022;5 200;5 200;5 200;5 200;95;494 000;2.46%
13/10/2022;5 200;5 590;5 590;5 200;310;1 672 450;0.00%
14/10/2022;5 400;5 400;5 400;5 400;6;32 400;3.85%
17/10/2022;5 150;5 400;5 400;5 150;2 854;15 054 850;-4.63%
18/10/2022;5 500;5 150;5 500;5 150;2 491;13 264 575;6.80%
19/10/2022;5 150;5 155;5 155;5 150;27;139 118;-6.36%
20/10/2022;5 100;5 150;5 150;5 100;40 245;206 255 625;-0.97%
21/10/2022;5 200;5 100;5 200;5 100;353;1 817 950;1.96%
24/10/2022;5 245;5 200;5 245;5 200;464;2 423 240;0.87%
25/10/2022;5 245;5 200;5 245;5 200;210;1 096 725;0.00%
26/10/2022;5 200;5 245;5 245;5 200;114;595 365;-0.86%
27/10/2022;5 200;5 200;5 200;5 200;18;93 600;0.00%
28/10/2022;5 425;5 195;5 425;5 195;876;4 651 560;4.33%
31/10/2022;5 425;5 195;5 425;5 195;876;4 651 560;0.00%
01/11/2022;5 450;5 450;5 450;5 450;9;49 050;0.46%
02/11/2022;5 415;5 430;5 430;5 415;627;3 399 908;-0.64%
03/11/2022;5 400;5 415;5 415;5 400;35;189 263;-0.28%
04/11/2022;5 395;5 400;5 400;5 395;291;1 570 673;-0.09%
07/11/2022;5 300;5 200;5 300;5 200;340;1 785 000;-1.76%
08/11/2022;5 195;5 300;5 300;5 195;1 370;7 189 075;-1.98%
09/11/2022;4 995;5 200;5 200;4 995;3 237;16 500 608;-3.85%
10/11/2022;5 000;5 000;5 000;5 000;143;715 000;0.10%
11/11/2022;4 800;5 000;5 000;4 800;201;984 900;-4.00%
14/11/2022;4 800;5 000;5 000;4 800;23;112 700;0.00%
15/11/2022;4 800;5 000;5 000;4 800;23;112 700;0.00%
16/11/2022;4 700;4 800;4 800;4 700;282;1 339 500;-2.08%
17/11/2022;4 750;4 700;4 750;4 700;120;567 000;1.06%
18/11/2022;4 750;4 750;4 750;4 750;321;1 524 750;0.00%
21/11/2022;4 750;4 750;4 750;4 750;306;1 453 500;0.00%
22/11/2022;4 750;4 750;4 750;4 750;856;4 066 000;0.00%
23/11/2022;4 750;4 750;4 750;4 750;467;2 218 250;0.00%
24/11/2022;4 730;4 750;4 750;4 730;186;881 640;-0.42%
25/11/2022;4 730;4 520;4 730;4 520;159;735 375;0.00%
28/11/2022;4 700;4 730;4 730;4 700;809;3 814 435;-0.63%
29/11/2022;4 700;4 700;4 700;4 700;140;658 000;0.00%
30/11/2022;4 700;4 700;4 700;4 700;140;658 000;0.00%
01/12/2022;4 700;4 700;4 700;4 700;140;658 000;0.00%
02/12/2022;4 650;4 530;4 650;4 530;426;1 955 340;-1.06%
05/12/2022;4 650;4 505;4 650;4 505;50;228 875;0.00%
06/12/2022;4 750;4 600;4 750;4 600;155;724 625;2.15%
07/12/2022;4 750;4 750;4 750;4 750;1 867;8 868 250;0.00%
08/12/2022;4 700;4 750;4 750;4 700;35;165 375;-1.05%
09/12/2022;5 000;4 750;5 000;4 750;1 126;5 489 250;6.38%
12/12/2022;5 300;4 800;5 300;4 800;910;4 595 500;6.00%
13/12/2022;5 195;5 195;5 195;5 195;103;535 085;-1.98%
14/12/2022;5 450;5 195;5 450;5 195;26 045;138 624 513;4.91%
15/12/2022;5 505;5 450;5 505;5 450;823;4 507 983;1.01%
16/12/2022;5 475;5 505;5 505;5 475;33;181 170;-0.54%
19/12/2022;5 350;5 450;5 450;5 350;303;1 636 200;-2.28%
20/12/2022;5 545;5 350;5 545;5 350;291;1 585 223;3.64%
21/12/2022;5 500;5 400;5 500;5 400;52;283 400;-0.81%
22/12/2022;5 480;5 400;5 480;5 400;583;3 171 520;-0.36%
23/12/2022;5 495;5 450;5 495;5 450;1 216;6 654 560;0.27%
26/12/2022;5 495;5 450;5 495;5 450;1 216;6 654 560;0.00%
27/12/2022;5 465;5 475;5 475;5 465;1 584;8 664 480;-0.55%
28/12/2022;5 465;5 475;5 475;5 465;164;897 080;0.00%
29/12/2022;5 465;5 465;5 465;5 465;8;43 720;0.00%
30/12/2022;5 465;5 465;5 465;5 465;130;710 450;0.00%
02/01/2023;5 465;5 465;5 465;5 465;51;278 715;0.00%
03/01/2023;5 400;5 400;5 400;5 400;23;124 200;-1.19%
04/01/2023;5 400;5 110;5 400;5 110;56;294 280;0.00%
05/01/2023;5 350;5 110;5 350;5 110;36;188 280;-0.93%
06/01/2023;5 350;5 350;5 350;5 350;98;524 300;0.00%
09/01/2023;5 350;5 300;5 350;5 300;122;649 650;0.00%
10/01/2023;5 350;5 350;5 350;5 350;90;481 500;0.00%
11/01/2023;5 100;5 110;5 110;5 100;136;694 280;-4.67%
12/01/2023;5 100;5 300;5 300;5 100;1 881;9 781 200;0.00%
13/01/2023;5 100;5 095;5 100;5 095;1 557;7 936 808;0.00%
16/01/2023;4 750;5 100;5 100;4 750;142;699 350;-6.86%
17/01/2023;5 100;4 755;5 100;4 755;5 040;24 834 600;7.37%
18/01/2023;4 990;4 990;4 990;4 990;5 835;29 116 650;-2.16%
19/01/2023;4 990;4 990;4 990;4 990;292;1 457 080;0.00%
20/01/2023;5 295;4 950;5 295;4 950;1 477;7 565 933;6.11%
23/01/2023;5 075;5 075;5 075;5 075;2;10 150;-4.15%
24/01/2023;5 000;5 075;5 075;5 000;163;821 113;-1.48%
25/01/2023;5 075;5 000;5 075;5 000;346;1 742 975;1.50%
26/01/2023;5 295;5 000;5 295;5 000;2 140;11 015 650;4.33%
27/01/2023;5 350;5 070;5 350;5 070;1 406;7 325 260;1.04%
30/01/2023;5 345;5 325;5 345;5 325;5;26 675;-0.09%
31/01/2023;5 340;5 340;5 340;5 340;16;85 440;-0.09%
01/02/2023;5 000;5 340;5 340;5 000;2 110;10 908 700;-6.37%
02/02/2023;5 330;5 000;5 330;5 000;1 829;9 446 785;6.60%
03/02/2023;5 320;5 320;5 320;5 320;16;85 120;-0.19%
06/02/2023;5 325;5 345;5 345;5 325;359;1 915 265;0.09%
07/02/2023;5 315;5 315;5 315;5 315;58;308 270;-0.19%
08/02/2023;5 295;5 320;5 320;5 295;198;1 050 885;-0.38%
09/02/2023;5 300;5 300;5 300;5 300;249;1 319 700;0.09%
10/02/2023;5 000;5 300;5 300;5 000;3 495;17 999 250;-5.66%
13/02/2023;5 290;5 300;5 300;5 290;1 070;5 665 650;5.80%
14/02/2023;5 290;5 305;5 305;5 290;128;678 080;0.00%
15/02/2023;5 290;5 295;5 295;5 290;110;582 175;0.00%
16/02/2023;5 195;5 200;5 200;5 195;527;2 739 083;-1.80%
17/02/2023;5 350;5 005;5 350;5 005;1 798;9 309 145;2.98%
20/02/2023;5 200;5 350;5 350;5 200;554;2 922 350;-2.80%
21/02/2023;5 200;5 295;5 295;5 200;3 665;19 232 088;0.00%
22/02/2023;5 350;5 200;5 350;5 200;4 743;25 019 325;2.88%
23/02/2023;5 350;5 200;5 350;5 200;225;1 186 875;0.00%
24/02/2023;5 300;5 000;5 300;5 000;16 450;84 717 500;-0.93%
27/02/2023;5 000;5 300;5 300;5 000;251;1 292 650;-5.66%
28/02/2023;5 200;5 200;5 200;5 200;1 835;9 542 000;4.00%
01/03/2023;5 290;5 200;5 290;5 200;141;739 545;1.73%
02/03/2023;5 200;5 295;5 295;5 200;221;1 159 698;-1.70%
03/03/2023;5 195;5 000;5 195;5 000;16;81 560;-0.10%
06/03/2023;5 350;5 195;5 350;5 195;70;369 075;2.98%
07/03/2023;5 340;5 350;5 350;5 340;52;277 940;-0.19%
08/03/2023;5 350;5 335;5 350;5 335;2 780;14 852 150;0.19%
09/03/2023;5 350;5 340;5 350;5 340;387;2 068 515;0.00%
10/03/2023;5 350;5 330;5 350;5 330;467;2 493 780;0.00%
13/03/2023;5 340;5 350;5 350;5 340;222;1 186 590;-0.19%
14/03/2023;5 325;5 340;5 340;5 325;93;495 923;-0.28%
15/03/2023;5 200;5 325;5 325;5 200;368;1 936 600;-2.35%
16/03/2023;5 200;5 200;5 200;5 200;77;400 400;0.00%
17/03/2023;5 300;5 200;5 300;5 200;875;4 593 750;1.92%
20/03/2023;5 250;5 150;5 250;5 150;123;639 600;-0.94%
21/03/2023;5 250;5 150;5 250;5 150;261;1 357 200;0.00%
22/03/2023;5 250;4 910;5 250;4 910;2 877;14 615 160;0.00%
23/03/2023;5 250;5 250;5 250;5 250;65;341 250;0.00%
24/03/2023;5 245;5 205;5 245;5 205;425;2 220 625;-0.10%
27/03/2023;5 200;5 245;5 245;5 200;1 256;6 559 460;-0.86%
28/03/2023;5 200;5 195;5 200;5 195;1 246;6 476 085;0.00%
29/03/2023;5 235;5 240;5 240;5 235;46;240 925;0.67%
30/03/2023;5 235;5 190;5 235;5 190;346;1 803 525;0.00%
31/03/2023;5 200;5 200;5 200;5 200;2 338;12 157 600;-0.67%
03/04/2023;4 960;5 100;5 100;4 960;286;1 438 580;-4.62%
04/04/2023;4 960;4 960;4 960;4 960;161;798 560;0.00%
05/04/2023;5 090;5 000;5 090;5 000;261;1 316 745;2.62%
06/04/2023;5 200;5 100;5 200;5 100;331;1 704 650;2.16%
07/04/2023;5 195;5 100;5 195;5 100;80;411 800;-0.10%
10/04/2023;5 195;5 100;5 195;5 100;80;411 800;0.00%
11/04/2023;5 195;5 150;5 195;5 150;157;812 083;0.00%
12/04/2023;5 190;5 150;5 190;5 150;408;2 109 360;-0.10%
13/04/2023;5 195;5 190;5 195;5 190;37;192 123;0.10%
14/04/2023;5 190;5 195;5 195;5 190;18;93 465;-0.10%
17/04/2023;5 190;5 190;5 190;5 190;45;233 550;0.00%
18/04/2023;5 190;5 190;5 190;5 190;45;233 550;0.00%
19/04/2023;5 170;5 175;5 175;5 170;198;1 024 155;-0.39%
20/04/2023;5 150;5 000;5 150;5 000;140;710 500;-0.39%
21/04/2023;5 150;5 000;5 150;5 000;140;710 500;0.00%
24/04/2023;5 145;5 145;5 145;5 145;20;102 900;-0.10%
25/04/2023;5 150;5 145;5 150;5 145;512;2 635 520;0.10%
26/04/2023;5 150;5 150;5 150;5 150;60;309 000;0.00%
27/04/2023;5 150;4 900;5 150;4 900;1 186;5 959 650;0.00%
28/04/2023;5 090;5 100;5 100;5 090;275;1 401 125;-1.17%
01/05/2023;5 090;5 100;5 100;5 090;275;1 401 125;0.00%
02/05/2023;5 150;5 090;5 150;5 090;268;1 372 160;1.18%
03/05/2023;5 150;5 090;5 150;5 090;268;1 372 160;0.00%
04/05/2023;5 150;5 090;5 150;5 090;420;2 150 400;0.00%
05/05/2023;5 145;5 150;5 150;5 145;272;1 400 120;-0.10%
08/05/2023;5 125;5 150;5 150;5 125;588;3 020 850;-0.39%
09/05/2023;5 100;5 000;5 100;5 000;51;257 550;-0.49%
10/05/2023;5 095;5 095;5 095;5 095;237;1 207 515;-0.10%
11/05/2023;5 090;5 000;5 090;5 000;71;358 195;-0.10%
12/05/2023;5 090;5 090;5 090;5 090;4;20 360;0.00%
15/05/2023;5 090;5 090;5 090;5 090;135;687 150;0.00%
16/05/2023;5 090;5 000;5 090;5 000;230;1 160 350;0.00%
17/05/2023;4 850;5 090;5 090;4 850;300;1 491 000;-4.72%
18/05/2023;4 850;5 090;5 090;4 850;300;1 491 000;0.00%
19/05/2023;4 780;5 090;5 090;4 780;1 677;8 275 995;-1.44%
22/05/2023;4 800;5 095;5 095;4 800;238;1 177 505;0.42%
23/05/2023;5 125;4 810;5 125;4 810;396;1 967 130;6.77%
24/05/2023;5 125;5 090;5 125;5 090;892;4 555 890;0.00%
25/05/2023;5 120;5 125;5 125;5 120;894;4 579 515;-0.10%
26/05/2023;5 000;5 120;5 120;5 000;2 080;10 524 800;-2.34%
29/05/2023;5 000;5 120;5 120;5 000;2 080;10 524 800;0.00%
30/05/2023;5 000;5 000;5 000;5 000;174;870 000;0.00%
31/05/2023;5 000;5 000;5 000;5 000;535;2 675 000;0.00%
01/06/2023;5 000;5 000;5 000;5 000;201;1 005 000;0.00%
02/06/2023;4 950;5 000;5 000;4 950;103;512 425;-1.00%
05/06/2023;4 990;4 990;4 990;4 990;449;2 240 510;0.81%
06/06/2023;4 950;4 895;4 950;4 895;714;3 514 665;-0.80%
07/06/2023;4 950;4 950;4 950;4 950;490;2 425 500;0.00%
08/06/2023;4 950;4 950;4 950;4 950;672;3 326 400;0.00%
09/06/2023;4 950;4 950;4 950;4 950;527;2 608 650;0.00%
12/06/2023;4 900;4 925;4 925;4 900;420;2 063 250;-1.01%
13/06/2023;4 895;4 760;4 895;4 760;34;164 135;-0.10%
14/06/2023;4 785;4 805;4 805;4 785;294;1 409 730;-2.25%
15/06/2023;4 795;4 790;4 795;4 790;1 290;6 182 325;0.21%
16/06/2023;4 800;4 795;4 800;4 795;2 987;14 330 133;0.10%
19/06/2023;4 800;4 800;4 800;4 800;1 840;8 832 000;0.00%
20/06/2023;4 795;4 800;4 800;4 795;735;3 526 163;-0.10%
21/06/2023;4 795;4 795;4 795;4 795;5 441;26 089 595;0.00%
22/06/2023;4 990;4 800;4 990;4 800;1 406;6 882 370;4.07%
23/06/2023;4 995;4 795;4 995;4 795;310;1 517 450;0.10%
26/06/2023;4 795;4 995;4 995;4 795;1 596;7 812 420;-4.00%
27/06/2023;4 790;4 795;4 795;4 790;1 378;6 604 065;-0.10%
28/06/2023;4 790;4 795;4 795;4 790;1 378;6 604 065;0.00%
29/06/2023;4 990;4 790;4 990;4 790;906;4 430 340;4.18%
30/06/2023;4 990;4 760;4 990;4 760;320;1 560 000;0.00%
03/07/2023;4 990;4 990;4 990;4 990;358;1 786 420;0.00%
04/07/2023;4 985;4 990;4 990;4 985;375;1 870 313;-0.10%
05/07/2023;4 985;4 990;4 990;4 985;36 179;180 442 763;0.00%
06/07/2023;4 975;4 950;4 975;4 950;297;1 473 863;-0.20%
07/07/2023;4 950;4 975;4 975;4 950;926;4 595 275;-0.50%
10/07/2023;4 950;4 975;4 975;4 950;1 377;6 833 363;0.00%
11/07/2023;4 800;4 910;4 910;4 800;1 906;9 253 630;-3.03%
12/07/2023;4 950;4 800;4 950;4 800;766;3 734 250;3.13%
13/07/2023;4 950;4 900;4 950;4 900;3 491;17 193 175;0.00%
14/07/2023;4 950;4 950;4 950;4 950;1 418;7 019 100;0.00%
17/07/2023;4 960;4 950;4 960;4 950;2 302;11 406 410;0.20%
18/07/2023;4 975;4 975;4 975;4 975;37 185;184 995 375;0.30%
19/07/2023;4 975;4 975;4 975;4 975;653;3 248 675;0.00%
20/07/2023;4 970;4 965;4 970;4 965;44 565;221 376 638;-0.10%
21/07/2023;4 970;4 970;4 970;4 970;8 216;40 833 520;0.00%
24/07/2023;4 965;4 960;4 965;4 960;6 753;33 511 763;-0.10%
25/07/2023;5 000;4 965;5 000;4 965;1 635;8 146 388;0.70%
26/07/2023;5 000;5 000;5 000;5 000;644;3 220 000;0.00%
27/07/2023;5 000;5 000;5 000;5 000;581;2 905 000;0.00%
28/07/2023;5 300;5 000;5 300;5 000;3 099;15 959 850;6.00%
31/07/2023;5 370;5 005;5 370;5 005;136;705 500;1.32%
01/08/2023;5 360;5 360;5 360;5 360;5;26 800;-0.19%
02/08/2023;5 300;5 300;5 300;5 300;157;832 100;-1.12%
03/08/2023;5 300;5 295;5 300;5 295;67;354 933;0.00%
04/08/2023;5 290;5 285;5 290;5 285;375;1 982 813;-0.19%
07/08/2023;5 290;5 285;5 290;5 285;375;1 982 813;0.00%
08/08/2023;5 290;5 285;5 290;5 285;336;1 776 600;0.00%
09/08/2023;5 200;5 290;5 290;5 200;1 394;7 311 530;-1.70%
10/08/2023;5 105;5 200;5 200;5 105;528;2 720 520;-1.83%
11/08/2023;5 115;5 105;5 115;5 105;502;2 565 220;0.20%
14/08/2023;5 200;5 200;5 200;5 200;514;2 672 800;1.66%
15/08/2023;5 200;5 200;5 200;5 200;514;2 672 800;0.00%
16/08/2023;5 200;5 120;5 200;5 120;202;1 042 320;0.00%
17/08/2023;5 225;5 150;5 225;5 150;2 247;11 656 313;0.48%
18/08/2023;5 225;5 225;5 225;5 225;685;3 579 125;0.00%
21/08/2023;5 225;5 225;5 225;5 225;1 054;5 507 150;0.00%
22/08/2023;5 250;5 225;5 250;5 225;928;4 860 400;0.48%
23/08/2023;5 250;5 250;5 250;5 250;422;2 215 500;0.00%
24/08/2023;5 000;5 200;5 200;5 000;7 671;39 122 100;-4.76%
25/08/2023;5 250;5 250;5 250;5 250;1 631;8 562 750;5.00%
28/08/2023;5 000;5 250;5 250;5 000;18 315;93 864 375;-4.76%
29/08/2023;5 100;5 000;5 100;5 000;9 353;47 232 650;2.00%
30/08/2023;5 100;5 250;5 250;5 100;963;4 983 525;0.00%
31/08/2023;5 250;5 250;5 250;5 250;6 064;31 836 000;2.94%
01/09/2023;5 280;5 250;5 280;5 250;731;3 848 715;0.57%
04/09/2023;5 300;5 300;5 300;5 300;786;4 165 800;0.38%
05/09/2023;5 300;5 300;5 300;5 300;1 777;9 418 100;0.00%
06/09/2023;5 355;5 305;5 355;5 305;1 848;9 849 840;1.04%
07/09/2023;5 355;5 360;5 360;5 355;1 181;6 327 208;0.00%
08/09/2023;5 350;5 355;5 355;5 350;2 371;12 690 778;-0.09%
11/09/2023;5 395;5 355;5 395;5 355;679;3 649 625;0.84%
12/09/2023;5 300;5 450;5 450;5 300;8 335;44 800 625;-1.76%
13/09/2023;4 950;5 150;5 150;4 950;4 628;23 371 400;-6.60%
14/09/2023;4 940;4 955;4 955;4 940;1 189;5 882 578;-0.20%
15/09/2023;4 900;4 945;4 945;4 900;1 490;7 334 525;-0.81%
18/09/2023;4 900;4 915;4 915;4 900;1 478;7 253 285;0.00%
19/09/2023;4 900;4 950;4 950;4 900;640;3 152 000;0.00%
20/09/2023;4 895;4 900;4 900;4 895;385;1 885 538;-0.10%
21/09/2023;4 800;4 895;4 895;4 800;4 335;21 013 913;-1.94%
22/09/2023;4 700;4 800;4 800;4 700;8 515;40 446 250;-2.08%
25/09/2023;4 895;4 750;4 895;4 750;2 327;11 221 958;4.15%
26/09/2023;4 850;4 950;4 950;4 850;335;1 641 500;-0.92%
27/09/2023;4 850;4 950;4 950;4 850;335;1 641 500;0.00%
28/09/2023;4 845;4 800;4 845;4 800;2 673;12 890 543;-0.10%
29/09/2023;4 845;4 800;4 845;4 800;2 673;12 890 543;0.00%
02/10/2023;4 845;4 845;4 845;4 845;292;1 414 740;0.00%
03/10/2023;4 845;4 845;4 845;4 845;2 647;12 824 715;0.00%
04/10/2023;4 800;4 840;4 840;4 800;2 277;10 975 140;-0.93%
05/10/2023;4 800;4 800;4 800;4 800;1 134;5 443 200;0.00%
06/10/2023;4 800;4 790;4 800;4 790;438;2 100 210;0.00%
09/10/2023;4 800;4 800;4 800;4 800;2 071;9 940 800;0.00%
10/10/2023;4 795;4 900;4 900;4 795;2 135;10 349 413;-0.10%
11/10/2023;4 790;4 795;4 795;4 790;1 041;4 988 993;-0.10%
12/10/2023;4 790;4 790;4 790;4 790;1 361;6 519 190;0.00%
13/10/2023;4 790;4 780;4 790;4 780;458;2 191 530;0.00%
16/10/2023;4 790;4 790;4 790;4 790;1 414;6 773 060;0.00%
17/10/2023;4 790;4 790;4 790;4 790;558;2 672 820;0.00%
18/10/2023;4 790;4 790;4 790;4 790;305;1 460 950;0.00%
19/10/2023;4 790;4 790;4 790;4 790;493;2 361 470;0.00%
20/10/2023;4 900;4 790;4 900;4 790;560;2 713 200;2.30%
23/10/2023;4 800;4 945;4 945;4 800;489;2 382 653;-2.04%
24/10/2023;4 800;4 795;4 800;4 795;315;1 511 213;0.00%
25/10/2023;4 500;4 765;4 765;4 500;22 222;102 943 415;-6.25%
26/10/2023;4 550;4 440;4 550;4 440;1 143;5 137 785;1.11%
27/10/2023;4 545;4 500;4 545;4 500;979;4 427 528;-0.11%
30/10/2023;4 545;4 510;4 545;4 510;471;2 132 453;0.00%
31/10/2023;4 500;4 500;4 500;4 500;904;4 068 000;-0.99%
01/11/2023;4 500;4 500;4 500;4 500;904;4 068 000;0.00%
02/11/2023;4 455;4 500;4 500;4 455;1 486;6 653 565;-1.00%
03/11/2023;4 400;4 455;4 455;4 400;2 823;12 498 833;-1.23%
06/11/2023;4 490;4 445;4 490;4 445;445;1 988 038;2.05%
07/11/2023;4 475;4 490;4 490;4 475;667;2 989 828;-0.33%
08/11/2023;4 400;4 475;4 475;4 400;336;1 491 000;-1.68%
09/11/2023;4 400;4 400;4 400;4 400;408;1 795 200;0.00%
10/11/2023;4 400;4 400;4 400;4 400;296;1 302 400;0.00%
13/11/2023;4 395;4 400;4 400;4 395;682;2 999 095;-0.11%
14/11/2023;4 300;4 395;4 395;4 300;27;117 383;-2.16%
15/11/2023;4 300;4 395;4 395;4 300;27;117 383;0.00%
16/11/2023;4 300;4 290;4 300;4 290;8 577;36 838 215;0.00%
17/11/2023;4 500;4 390;4 500;4 390;1 449;6 440 805;4.65%
20/11/2023;4 500;4 500;4 500;4 500;368;1 656 000;0.00%
21/11/2023;4 485;4 485;4 485;4 485;817;3 664 245;-0.33%
22/11/2023;4 500;4 400;4 500;4 400;3 133;13 941 850;0.33%
23/11/2023;4 300;4 450;4 450;4 300;459;2 008 125;-4.44%
24/11/2023;4 500;4 315;4 500;4 315;1 969;8 678 368;4.65%
27/11/2023;4 600;4 450;4 600;4 450;912;4 126 800;2.22%
28/11/2023;4 945;4 400;4 945;4 400;1 266;5 915 385;7.50%
29/11/2023;4 880;4 900;4 900;4 880;42;205 380;-1.31%
30/11/2023;4 825;4 835;4 835;4 825;161;777 630;-1.13%
01/12/2023;4 800;4 910;4 910;4 800;663;3 218 865;-0.52%
04/12/2023;4 785;4 800;4 800;4 785;1 195;5 727 038;-0.31%
05/12/2023;4 750;4 750;4 750;4 750;1 581;7 509 750;-0.73%
06/12/2023;4 745;4 500;4 745;4 500;461;2 130 973;-0.11%
07/12/2023;4 745;4 400;4 745;4 400;792;3 621 420;0.00%
08/12/2023;4 700;4 745;4 745;4 700;189;892 553;-0.95%
11/12/2023;4 695;4 695;4 695;4 695;373;1 751 235;-0.11%
12/12/2023;4 695;4 695;4 695;4 695;465;2 183 175;0.00%
13/12/2023;4 695;4 695;4 695;4 695;299;1 403 805;0.00%
14/12/2023;4 680;4 695;4 695;4 680;528;2 475 000;-0.32%
15/12/2023;4 680;4 680;4 680;4 680;102;477 360;0.00%
18/12/2023;4 645;4 650;4 650;4 645;998;4 638 205;-0.75%
19/12/2023;4 620;4 650;4 650;4 620;121;560 835;-0.54%
20/12/2023;4 525;4 600;4 600;4 525;170;775 625;-2.06%
21/12/2023;4 525;4 525;4 525;4 525;134;606 350;0.00%
22/12/2023;4 550;4 525;4 550;4 525;121;549 038;0.55%
25/12/2023;4 550;4 525;4 550;4 525;121;549 038;0.00%
26/12/2023;4 545;4 500;4 545;4 500;484;2 188 890;-0.11%
27/12/2023;4 550;4 550;4 550;4 550;1 277;5 810 350;0.11%
28/12/2023;4 785;4 450;4 785;4 450;1 577;7 281 798;5.16%
29/12/2023;4 770;4 725;4 770;4 725;472;2 240 820;-0.31%
01/01/2024;4 770;4 725;4 770;4 725;472;2 240 820;0.00%
02/01/2024;4 715;4 750;4 750;4 715;32;151 440;-1.15%
03/01/2024;4 735;4 710;4 735;4 710;87;410 858;0.42%
04/01/2024;4 700;4 715;4 715;4 700;52;244 790;-0.74%
05/01/2024;4 700;4 700;4 700;4 700;155;728 500;0.00%
08/01/2024;4 700;4 700;4 700;4 700;278;1 306 600;0.00%
09/01/2024;4 700;4 700;4 700;4 700;66;310 200;0.00%
10/01/2024;4 550;4 700;4 700;4 550;421;1 947 125;-3.19%
11/01/2024;4 710;4 550;4 710;4 550;821;3 801 230;3.52%
12/01/2024;4 360;4 700;4 700;4 360;579;2 622 870;-7.43%
15/01/2024;4 395;4 500;4 500;4 395;325;1 445 438;0.80%
16/01/2024;4 400;4 400;4 400;4 400;803;3 533 200;0.11%
17/01/2024;4 400;4 400;4 400;4 400;172;756 800;0.00%
18/01/2024;4 400;4 400;4 400;4 400;192;844 800;0.00%
19/01/2024;4 390;4 400;4 400;4 390;435;1 911 825;-0.23%
22/01/2024;4 390;4 395;4 395;4 390;97;426 073;0.00%
23/01/2024;4 390;4 390;4 390;4 390;210;921 900;0.00%
24/01/2024;4 390;4 390;4 390;4 390;80;351 200;0.00%
25/01/2024;4 385;4 390;4 390;4 385;84;368 550;-0.11%
26/01/2024;4 380;4 390;4 390;4 380;138;605 130;-0.11%
29/01/2024;4 380;4 305;4 380;4 305;378;1 641 465;0.00%
30/01/2024;4 390;4 380;4 390;4 380;359;1 574 215;0.23%
31/01/2024;4 380;4 380;4 380;4 380;439;1 922 820;-0.23%
01/02/2024;4 400;4 380;4 400;4 380;551;2 418 890;0.46%
02/02/2024;4 385;4 400;4 400;4 385;427;1 875 598;-0.34%
05/02/2024;4 350;4 300;4 350;4 300;823;3 559 475;-0.80%
06/02/2024;4 350;4 350;4 350;4 350;135;587 250;0.00%
07/02/2024;4 320;4 350;4 350;4 320;117;507 195;-0.69%
08/02/2024;4 350;4 320;4 350;4 320;394;1 707 990;0.69%
09/02/2024;4 350;4 350;4 350;4 350;248;1 078 800;0.00%
12/02/2024;4 350;4 350;4 350;4 350;248;1 078 800;0.00%
13/02/2024;4 250;4 350;4 350;4 250;444;1 909 200;-2.30%
14/02/2024;4 250;4 250;4 250;4 250;298;1 266 500;0.00%
15/02/2024;4 500;4 240;4 500;4 240;1 365;5 965 050;5.88%
16/02/2024;4 695;4 250;4 695;4 250;346;1 547 485;4.33%
19/02/2024;4 645;4 645;4 645;4 645;215;998 675;-1.06%
20/02/2024;4 550;4 645;4 645;4 550;419;1 926 353;-2.05%
21/02/2024;4 635;4 490;4 635;4 490;1 357;6 191 313;1.87%
22/02/2024;4 635;4 545;4 635;4 545;400;1 836 000;0.00%
23/02/2024;4 600;4 640;4 640;4 600;65;300 300;-0.76%
26/02/2024;4 500;4 450;4 500;4 450;203;908 425;-2.17%
27/02/2024;4 495;4 500;4 500;4 495;405;1 821 488;-0.11%
28/02/2024;4 495;4 500;4 500;4 495;878;3 948 805;0.00%
29/02/2024;4 490;4 470;4 490;4 470;95;425 600;-0.11%
01/03/2024;4 490;4 400;4 490;4 400;53;235 585;0.00%
04/03/2024;4 490;4 490;4 490;4 490;84;377 160;0.00%
05/03/2024;4 300;4 465;4 465;4 300;288;1 262 160;-4.23%
06/03/2024;4 250;4 300;4 300;4 250;611;2 612 025;-1.16%
07/03/2024;4 300;4 250;4 300;4 250;108;461 700;1.18%
08/03/2024;4 295;4 300;4 300;4 295;361;1 551 398;-0.12%
11/03/2024;4 490;4 275;4 490;4 275;816;3 576 120;4.54%
12/03/2024;4 450;4 490;4 490;4 450;81;362 070;-0.89%
13/03/2024;4 395;4 400;4 400;4 395;266;1 169 735;-1.24%
14/03/2024;4 395;4 395;4 395;4 395;30;131 850;0.00%
15/03/2024;4 390;4 395;4 395;4 390;49;215 233;-0.11%
18/03/2024;4 400;4 395;4 400;4 395;3 509;15 430 828;0.23%
19/03/2024;4 400;4 395;4 400;4 395;38;167 105;0.00%
20/03/2024;4 395;4 400;4 400;4 395;342;1 503 945;-0.11%
21/03/2024;4 395;4 395;4 395;4 395;137;602 115;0.00%
22/03/2024;4 350;4 395;4 395;4 350;179;782 678;-1.02%
25/03/2024;4 350;4 350;4 350;4 350;1 694;7 368 900;0.00%
26/03/2024;4 350;4 395;4 395;4 350;536;2 343 660;0.00%
27/03/2024;4 495;4 350;4 495;4 350;706;3 122 285;3.33%
28/03/2024;4 500;4 495;4 500;4 495;168;755 580;0.11%
29/03/2024;4 500;4 495;4 500;4 495;26;116 935;0.00%
01/04/2024;4 500;4 495;4 500;4 495;26;116 935;0.00%
02/04/2024;4 495;4 500;4 500;4 495;495;2 226 263;-0.11%
03/04/2024;4 490;4 300;4 490;4 300;178;782 310;-0.11%
04/04/2024;4 450;4 425;4 450;4 425;658;2 919 875;-0.89%
05/04/2024;4 205;4 205;4 205;4 205;194;815 770;-5.51%
08/04/2024;4 495;4 450;4 495;4 450;2 323;10 389 618;6.90%
09/04/2024;4 495;4 490;4 495;4 490;278;1 248 915;0.00%
10/04/2024;4 495;4 490;4 495;4 490;278;1 248 915;0.00%
11/04/2024;4 480;4 480;4 480;4 480;114;510 720;-0.33%
12/04/2024;4 450;4 300;4 450;4 300;77;336 875;-0.67%
15/04/2024;4 450;4 450;4 450;4 450;4 258;18 948 100;0.00%
16/04/2024;4 400;4 400;4 400;4 400;328;1 443 200;-1.12%
17/04/2024;4 450;4 400;4 450;4 400;272;1 203 600;1.14%
18/04/2024;4 445;4 450;4 450;4 445;475;2 112 563;-0.11%
19/04/2024;4 400;4 445;4 445;4 400;25;110 563;-1.01%
22/04/2024;4 390;4 400;4 400;4 390;20 672;90 853 440;-0.23%
23/04/2024;4 445;4 390;4 445;4 390;795;3 511 913;1.25%
24/04/2024;4 380;4 380;4 380;4 380;370;1 620 600;-1.46%
25/04/2024;4 380;4 215;4 380;4 215;383;1 645 943;0.00%
26/04/2024;4 375;4 380;4 380;4 375;296;1 295 740;-0.11%
29/04/2024;4 375;4 375;4 375;4 375;291;1 273 125;0.00%
30/04/2024;4 370;4 375;4 375;4 370;104;454 740;-0.11%
01/05/2024;4 370;4 375;4 375;4 370;104;454 740;0.00%
02/05/2024;4 695;4 500;4 695;4 500;3 432;15 778 620;7.44%
03/05/2024;5 000;4 900;5 000;4 900;2 471;12 231 450;6.50%
06/05/2024;4 985;5 000;5 000;4 985;453;2 261 603;-0.30%
07/05/2024;4 950;4 755;4 950;4 755;427;2 072 018;-0.70%
08/05/2024;4 930;4 900;4 930;4 900;5 698;28 005 670;-0.40%
09/05/2024;4 930;4 900;4 930;4 900;5 698;28 005 670;0.00%
10/05/2024;4 790;4 930;4 930;4 790;761;3 698 460;-2.84%
13/05/2024;4 785;4 790;4 790;4 785;1 484;7 104 650;-0.10%
14/05/2024;4 700;4 785;4 785;4 700;2 821;13 378 593;-1.78%
15/05/2024;4 950;4 695;4 950;4 695;6 132;29 571 570;5.32%
16/05/2024;4 940;4 950;4 950;4 940;172;850 540;-0.20%
17/05/2024;5 145;5 250;5 250;5 145;2 354;12 234 915;4.15%
20/05/2024;5 145;5 250;5 250;5 145;2 354;12 234 915;0.00%
21/05/2024;5 000;5 130;5 130;5 000;287;1 453 655;-2.82%
22/05/2024;5 145;5 000;5 145;5 000;349;1 770 303;2.90%
23/05/2024;5 145;5 135;5 145;5 135;131;673 340;0.00%
24/05/2024;5 145;5 010;5 145;5 010;1 014;5 148 585;0.00%
27/05/2024;5 130;5 145;5 145;5 130;400;2 055 000;-0.29%
28/05/2024;5 130;5 130;5 130;5 130;743;3 811 590;0.00%
29/05/2024;5 130;5 130;5 130;5 130;563;2 888 190;0.00%
30/05/2024;5 130;5 130;5 130;5 130;637;3 267 810;0.00%
31/05/2024;5 140;5 130;5 140;5 130;484;2 485 340;0.19%
03/06/2024;5 140;5 140;5 140;5 140;417;2 143 380;0.00%
04/06/2024;5 250;5 100;5 250;5 100;16 294;84 321 450;2.14%
05/06/2024;5 240;5 250;5 250;5 240;5 924;31 071 380;-0.19%
06/06/2024;5 250;5 250;5 250;5 250;763;4 005 750;0.19%
07/06/2024;5 240;5 250;5 250;5 240;8 699;45 626 255;-0.19%
10/06/2024;5 250;4 965;5 250;4 965;287;1 465 853;0.19%
11/06/2024;5 200;5 240;5 240;5 200;235;1 226 700;-0.95%
12/06/2024;5 200;5 200;5 200;5 200;140;728 000;0.00%
13/06/2024;5 140;5 200;5 200;5 140;193;997 810;-1.15%
14/06/2024;5 200;5 200;5 200;5 200;237;1 232 400;1.17%
18/06/2024;5 235;5 200;5 235;5 200;1 211;6 318 393;0.67%
19/06/2024;5 225;5 200;5 225;5 200;2 564;13 364 850;-0.19%
20/06/2024;5 240;5 240;5 240;5 240;902;4 726 480;0.29%
21/06/2024;5 340;5 250;5 340;5 250;1 002;5 305 590;1.91%
24/06/2024;5 340;5 340;5 340;5 340;186;993 240;0.00%
25/06/2024;5 335;5 050;5 335;5 050;1 427;7 409 698;-0.09%
26/06/2024;5 335;5 335;5 335;5 335;291;1 552 485;0.00%
27/06/2024;5 330;5 330;5 330;5 330;6 553;34 927 490;-0.09%
28/06/2024;5 325;5 330;5 330;5 325;234;1 246 635;-0.09%
01/07/2024;5 330;5 325;5 330;5 325;145;772 488;0.09%
02/07/2024;5 325;5 325;5 325;5 325;157;836 025;-0.09%
03/07/2024;5 325;5 325;5 325;5 325;8 535;45 448 875;0.00%
04/07/2024;5 250;5 325;5 325;5 250;295;1 559 813;-1.41%
05/07/2024;5 250;5 260;5 260;5 250;337;1 770 935;0.00%
08/07/2024;5 330;5 340;5 340;5 330;1 258;6 711 430;1.52%
09/07/2024;5 430;5 440;5 440;5 430;239;1 298 965;1.88%
10/07/2024;5 425;5 430;5 430;5 425;49;265 948;-0.09%
11/07/2024;5 425;5 425;5 425;5 425;1 708;9 265 900;0.00%
12/07/2024;5 425;5 425;5 425;5 425;829;4 497 325;0.00%
15/07/2024;5 415;5 420;5 420;5 415;3 803;20 602 753;-0.18%
16/07/2024;5 415;5 420;5 420;5 415;1 377;7 459 898;0.00%
17/07/2024;5 430;5 415;5 430;5 415;11 442;62 044 245;0.28%
18/07/2024;5 425;5 430;5 430;5 425;437;2 371 818;-0.09%
19/07/2024;5 425;5 420;5 425;5 420;390;2 114 775;0.00%
22/07/2024;5 425;5 425;5 425;5 425;1 271;6 895 175;0.00%
23/07/2024;5 420;5 420;5 420;5 420;1 210;6 558 200;-0.09%
24/07/2024;5 420;5 420;5 420;5 420;648;3 512 160;0.00%
25/07/2024;5 400;5 420;5 420;5 400;339;1 833 990;-0.37%
26/07/2024;5 400;5 400;5 400;5 400;2 119;11 442 600;0.00%
29/07/2024;5 395;5 400;5 400;5 395;681;3 675 698;-0.09%
30/07/2024;5 400;5 395;5 400;5 395;1 022;5 516 245;0.09%
31/07/2024;5 400;5 400;5 400;5 400;1 210;6 534 000;0.00%
01/08/2024;5 200;5 400;5 400;5 200;8 778;46 523 400;-3.70%
02/08/2024;5 400;5 400;5 400;5 400;2 690;14 526 000;3.85%
05/08/2024;5 550;5 415;5 550;5 415;3 297;18 075 803;2.78%
06/08/2024;5 400;5 550;5 550;5 400;1 747;9 564 825;-2.70%
07/08/2024;5 400;5 550;5 550;5 400;1 747;9 564 825;0.00%
08/08/2024;5 520;5 320;5 520;5 320;2 874;15 577 080;2.22%
09/08/2024;5 500;5 510;5 510;5 500;1 293;7 117 965;-0.36%
12/08/2024;5 455;5 500;5 500;5 455;1 703;9 328 183;-0.82%
13/08/2024;5 500;5 500;5 500;5 500;1 703;9 366 500;0.82%
14/08/2024;5 525;5 500;5 525;5 500;1 572;8 665 650;0.45%
15/08/2024;5 525;5 500;5 525;5 500;1 572;8 665 650;0.00%
16/08/2024;5 525;5 500;5 525;5 500;1 499;8 263 238;0.00%
19/08/2024;5 595;5 525;5 595;5 525;1 428;7 939 680;1.27%
20/08/2024;5 600;5 590;5 600;5 590;1 939;10 848 705;0.09%
21/08/2024;5 590;5 600;5 600;5 590;1 308;7 318 260;-0.18%
22/08/2024;5 595;5 590;5 595;5 590;1 142;6 386 635;0.09%
23/08/2024;5 600;5 595;5 600;5 595;1 977;11 066 258;0.09%
26/08/2024;5 600;5 600;5 600;5 600;1 464;8 198 400;0.00%
27/08/2024;6 000;5 600;6 000;5 600;492;2 853 600;7.14%
28/08/2024;5 985;5 950;5 985;5 950;1 559;9 303 333;-0.25%
29/08/2024;5 970;5 985;5 985;5 970;738;4 411 395;-0.25%
30/08/2024;5 970;5 985;5 985;5 970;1 255;7 501 763;0.00%
02/09/2024;5 965;5 970;5 970;5 965;1 188;7 089 390;-0.08%
03/09/2024;5 965;5 965;5 965;5 965;1 060;6 322 900;0.00%
04/09/2024;5 970;5 965;5 970;5 965;5 530;33 000 275;0.08%
05/09/2024;5 950;5 970;5 970;5 950;399;2 378 040;-0.34%
06/09/2024;5 965;5 950;5 965;5 950;3 825;22 787 438;0.25%
09/09/2024;5 950;5 965;5 965;5 950;856;5 099 620;-0.25%
10/09/2024;6 000;5 950;6 000;5 950;1 351;8 072 225;0.84%
11/09/2024;6 000;6 000;6 000;6 000;1 155;6 930 000;0.00%
12/09/2024;5 950;6 000;6 000;5 950;516;3 083 100;-0.83%
13/09/2024;5 975;5 950;5 975;5 950;355;2 116 688;0.42%
16/09/2024;6 000;6 000;6 000;6 000;2 366;14 196 000;0.42%
17/09/2024;6 000;6 000;6 000;6 000;499;2 994 000;0.00%
18/09/2024;5 950;6 000;6 000;5 950;1 949;11 645 275;-0.83%
19/09/2024;5 950;5 950;5 950;5 950;1 114;6 628 300;0.00%
20/09/2024;5 950;5 950;5 950;5 950;549;3 266 550;0.00%
23/09/2024;5 835;5 875;5 875;5 835;824;4 824 520;-1.93%
24/09/2024;5 750;5 830;5 830;5 750;11 921;69 022 590;-1.46%
25/09/2024;5 600;5 500;5 600;5 500;482;2 675 100;-2.61%
26/09/2024;5 500;5 500;5 500;5 500;4 546;25 003 000;-1.79%
27/09/2024;5 750;5 500;5 750;5 500;2 241;12 605 625;4.55%
30/09/2024;5 720;5 500;5 720;5 500;3 586;20 117 460;-0.52%
01/10/2024;5 500;5 300;5 500;5 300;686;3 704 400;-3.85%
02/10/2024;5 500;5 595;5 595;5 500;1 685;9 347 538;0.00%
03/10/2024;5 590;5 590;5 590;5 590;320;1 788 800;1.64%
04/10/2024;5 585;5 500;5 585;5 500;941;5 215 493;-0.09%
07/10/2024;5 400;5 450;5 450;5 400;1 093;5 929 525;-3.31%
08/10/2024;5 400;5 350;5 400;5 350;821;4 412 875;0.00%
09/10/2024;5 495;5 400;5 495;5 400;1 557;8 481 758;1.76%
10/10/2024;5 395;5 300;5 395;5 300;592;3 165 720;-1.82%
11/10/2024;5 400;5 390;5 400;5 390;1 721;9 284 795;0.09%
14/10/2024;5 425;5 400;5 425;5 400;2 026;10 965 725;0.46%
15/10/2024;5 400;5 400;5 400;5 400;283;1 528 200;-0.46%
16/10/2024;5 400;5 385;5 400;5 385;2 748;14 818 590;0.00%
17/10/2024;5 420;5 400;5 420;5 400;56 540;305 881 400;0.37%
18/10/2024;5 425;5 420;5 425;5 420;38 242;207 367 245;0.09%
21/10/2024;5 425;5 425;5 425;5 425;445;2 414 125;0.00%
22/10/2024;5 400;5 425;5 425;5 400;512;2 771 200;-0.46%
23/10/2024;5 420;5 425;5 425;5 420;604;3 275 190;0.37%
24/10/2024;5 420;5 425;5 425;5 420;802;4 348 845;0.00%
25/10/2024;5 415;5 420;5 420;5 415;415;2 248 263;-0.09%
28/10/2024;5 405;5 415;5 415;5 405;1 075;5 815 750;-0.18%
29/10/2024;5 445;5 400;5 445;5 400;827;4 484 408;0.74%
30/10/2024;5 500;5 445;5 500;5 445;784;4 290 440;1.01%
31/10/2024;5 500;5 500;5 500;5 500;260;1 430 000;0.00%
01/11/2024;5 500;5 500;5 500;5 500;260;1 430 000;0.00%
04/11/2024;5 445;5 495;5 495;5 445;775;4 239 250;-1.00%
05/11/2024;5 040;5 450;5 450;5 040;14 170;74 321 650;-7.44%
06/11/2024;5 350;5 040;5 350;5 040;329;1 709 155;6.15%
07/11/2024;5 350;5 350;5 350;5 350;419;2 241 650;0.00%
08/11/2024;5 350;5 300;5 350;5 300;1 112;5 921 400;0.00%
11/11/2024;5 300;5 360;5 360;5 300;4 937;26 314 210;-0.93%
12/11/2024;5 450;5 300;5 450;5 300;179;962 125;2.83%
13/11/2024;5 315;5 450;5 450;5 315;1 034;5 565 505;-2.48%
14/11/2024;5 450;5 300;5 450;5 300;122;655 750;2.54%
15/11/2024;5 450;5 300;5 450;5 300;122;655 750;0.00%
18/11/2024;5 450;5 450;5 450;5 450;637;3 471 650;0.00%
19/11/2024;5 400;5 450;5 450;5 400;1 021;5 538 925;-0.92%
20/11/2024;5 400;5 450;5 450;5 400;626;3 396 050;0.00%
21/11/2024;5 350;5 400;5 400;5 350;357;1 918 875;-0.93%
22/11/2024;5 400;5 350;5 400;5 350;360;1 935 000;0.93%
25/11/2024;5 450;5 400;5 450;5 400;1 206;6 542 550;0.93%
26/11/2024;5 450;5 450;5 450;5 450;1 231;6 708 950;0.00%
27/11/2024;5 500;5 450;5 500;5 450;651;3 564 225;0.92%
28/11/2024;5 450;5 500;5 500;5 450;4 927;26 975 325;-0.91%
29/11/2024;5 500;5 500;5 500;5 500;1 058;5 819 000;0.92%
02/12/2024;5 890;5 500;5 890;5 500;2 664;15 171 480;7.09%
03/12/2024;5 700;5 885;5 885;5 700;1 174;6 800 395;-3.23%
04/12/2024;5 695;5 700;5 700;5 695;314;1 789 015;-0.09%
05/12/2024;5 695;5 695;5 695;5 695;475;2 705 125;0.00%
06/12/2024;5 600;5 700;5 700;5 600;706;3 988 900;-1.67%
09/12/2024;5 810;5 600;5 810;5 600;12 649;72 162 545;3.75%
10/12/2024;5 780;5 810;5 810;5 780;729;4 224 555;-0.52%
11/12/2024;5 595;5 780;5 780;5 595;705;4 009 688;-3.20%
12/12/2024;5 775;5 780;5 780;5 775;2 012;11 624 330;3.22%
13/12/2024;5 775;5 775;5 775;5 775;131;756 525;0.00%
16/12/2024;5 770;5 775;5 775;5 770;1 015;5 859 088;-0.09%
17/12/2024;5 765;5 770;5 770;5 765;478;2 756 865;-0.09%
18/12/2024;5 695;5 760;5 760;5 695;719;4 118 073;-1.21%
19/12/2024;5 690;5 695;5 695;5 690;460;2 618 550;-0.09%
20/12/2024;5 685;5 695;5 695;5 685;733;4 170 770;-0.09%
23/12/2024;5 680;5 600;5 680;5 600;591;3 333 240;-0.09%
24/12/2024;5 675;5 675;5 675;5 675;358;2 031 650;-0.09%
25/12/2024;5 675;5 675;5 675;5 675;358;2 031 650;0.00%
26/12/2024;5 690;5 690;5 690;5 690;491;2 793 790;0.26%
27/12/2024;5 690;5 690;5 690;5 690;948;5 394 120;0.00%
30/12/2024;5 690;5 690;5 690;5 690;159;904 710;0.00%
31/12/2024;5 685;5 690;5 690;5 685;313;1 780 188;-0.09%
01/01/2025;5 685;5 690;5 690;5 685;313;1 780 188;0.00%
02/01/2025;5 690;5 690;5 690;5 690;178;1 012 820;0.09%
03/01/2025;5 650;5 685;5 685;5 650;1 007;5 707 173;-0.70%
06/01/2025;5 700;5 650;5 700;5 650;310;1 759 250;0.88%
07/01/2025;5 700;5 685;5 700;5 685;702;3 996 135;0.00%
08/01/2025;5 550;5 600;5 600;5 550;1 540;8 585 500;-2.63%
09/01/2025;5 650;5 700;5 700;5 650;910;5 164 250;1.80%
10/01/2025;5 690;5 650;5 690;5 650;446;2 528 820;0.71%
13/01/2025;5 630;5 690;5 690;5 630;701;3 967 660;-1.05%
14/01/2025;5 595;5 640;5 640;5 595;472;2 651 460;-0.62%
15/01/2025;5 595;5 625;5 625;5 595;1 234;6 922 740;0.00%
16/01/2025;5 550;5 595;5 595;5 550;497;2 769 533;-0.80%
17/01/2025;5 550;5 500;5 550;5 500;903;4 989 075;0.00%
20/01/2025;5 580;5 550;5 580;5 550;302;1 680 630;0.54%
21/01/2025;5 550;5 595;5 595;5 550;805;4 485 863;-0.54%
22/01/2025;5 550;5 600;5 600;5 550;494;2 754 050;0.00%
23/01/2025;5 540;5 550;5 550;5 540;827;4 585 715;-0.18%
24/01/2025;5 600;5 540;5 600;5 540;347;1 932 790;1.08%
27/01/2025;5 600;5 650;5 650;5 600;3 589;20 188 125;0.00%
28/01/2025;5 800;5 800;5 800;5 800;377;2 186 600;3.57%
29/01/2025;5 700;5 800;5 800;5 700;967;5 560 250;-1.72%
30/01/2025;5 900;5 800;5 900;5 800;2 735;15 999 750;3.51%
31/01/2025;5 800;5 895;5 895;5 800;1 068;6 245 130;-1.69%
03/02/2025;5 950;5 845;5 950;5 845;9 300;54 846 750;2.59%
04/02/2025;5 985;5 925;5 985;5 925;5 232;31 156 560;0.59%
05/02/2025;5 990;5 985;5 990;5 985;895;5 358 813;0.08%
06/02/2025;5 990;5 990;5 990;5 990;574;3 438 260;0.00%
07/02/2025;5 995;5 995;5 995;5 995;178;1 067 110;0.08%
10/02/2025;5 985;5 995;5 995;5 985;313;1 874 870;-0.17%
11/02/2025;5 950;5 990;5 990;5 950;624;3 725 280;-0.58%
12/02/2025;5 945;5 945;5 945;5 945;127;755 015;-0.08%
13/02/2025;5 950;5 935;5 950;5 935;647;3 844 798;0.08%
14/02/2025;5 970;5 965;5 970;5 965;545;3 252 288;0.34%
17/02/2025;5 995;5 970;5 995;5 970;1 382;8 267 815;0.42%
18/02/2025;5 995;5 995;5 995;5 995;249;1 492 755;0.00%
19/02/2025;5 995;6 000;6 000;5 995;1 206;7 232 985;0.00%
20/02/2025;6 100;5 995;6 100;5 995;1 787;10 806 883;1.75%
21/02/2025;6 100;6 090;6 100;6 090;316;1 926 020;0.00%
24/02/2025;6 100;6 100;6 100;6 100;759;4 629 900;0.00%
25/02/2025;6 090;6 095;6 095;6 090;841;5 123 793;-0.16%
26/02/2025;6 020;6 100;6 100;6 020;1 234;7 478 040;-1.15%
28/02/2025;6 010;6 105;6 105;6 010;3 447;20 880 203;-0.17%
03/03/2025;6 195;6 010;6 195;6 010;542;3 307 555;3.08%
04/03/2025;6 210;6 200;6 210;6 200;612;3 797 460;0.24%
05/03/2025;6 400;6 450;6 450;6 400;297;1 908 225;3.06%
06/03/2025;6 445;6 400;6 445;6 400;1 645;10 565 013;0.70%
07/03/2025;6 400;6 445;6 445;6 400;5 696;36 582 560;-0.70%
10/03/2025;6 450;6 450;6 450;6 450;985;6 353 250;0.78%
11/03/2025;6 500;6 500;6 500;6 500;693;4 504 500;0.78%
12/03/2025;6 590;6 500;6 590;6 500;497;3 252 865;1.38%
13/03/2025;6 585;6 590;6 590;6 585;222;1 462 425;-0.08%
14/03/2025;6 580;6 590;6 590;6 580;11 033;72 652 305;-0.08%
17/03/2025;6 600;6 580;6 600;6 580;1 779;11 723 610;0.30%
18/03/2025;6 600;6 400;6 600;6 400;882;5 733 000;0.00%
19/03/2025;6 500;6 405;6 500;6 405;2 091;13 492 178;-1.52%
20/03/2025;6 500;6 500;6 500;6 500;804;5 226 000;0.00%
21/03/2025;6 450;6 450;6 450;6 450;1 329;8 572 050;-0.77%
24/03/2025;6 550;6 450;6 550;6 450;443;2 879 500;1.55%
25/03/2025;6 550;6 600;6 600;6 550;2 241;14 734 575;0.00%
26/03/2025;6 545;6 550;6 550;6 545;198;1 296 405;-0.08%
27/03/2025;6 545;6 550;6 550;6 545;198;1 296 405;0.00%
28/03/2025;6 580;6 550;6 580;6 550;904;5 934 760;0.53%
31/03/2025;6 580;6 550;6 580;6 550;904;5 934 760;0.00%
01/04/2025;6 600;6 580;6 600;6 580;1 698;11 189 820;0.30%
02/04/2025;6 570;6 600;6 600;6 570;628;4 135 380;-0.45%
03/04/2025;6 450;6 595;6 595;6 450;1 677;10 938 233;-1.83%
04/04/2025;6 400;6 600;6 600;6 400;610;3 965 000;-0.78%
07/04/2025;6 495;6 400;6 495;6 400;244;1 573 190;1.48%
08/04/2025;6 480;6 400;6 480;6 400;305;1 964 200;-0.23%
09/04/2025;6 320;6 480;6 480;6 320;833;5 331 200;-2.47%
10/04/2025;6 300;6 440;6 440;6 300;388;2 471 560;-0.32%
11/04/2025;6 300;6 300;6 300;6 300;422;2 658 600;0.00%
14/04/2025;6 200;6 025;6 200;6 025;507;3 099 038;-1.59%
15/04/2025;6 300;6 200;6 300;6 200;447;2 793 750;1.61%
16/04/2025;6 000;6 300;6 300;6 000;1 008;6 199 200;-4.76%
17/04/2025;6 200;6 300;6 300;6 200;437;2 731 250;3.33%
18/04/2025;6 250;6 200;6 250;6 200;209;1 301 025;0.81%
21/04/2025;6 250;6 200;6 250;6 200;209;1 301 025;0.00%
22/04/2025;6 210;6 250;6 250;6 210;3 433;21 387 590;-0.64%
23/04/2025;6 200;6 210;6 210;6 200;179;1 110 695;-0.16%
24/04/2025;6 275;6 150;6 275;6 150;509;3 162 163;1.21%
25/04/2025;6 290;6 250;6 290;6 250;1 046;6 558 420;0.24%
28/04/2025;6 395;6 400;6 400;6 395;187;1 196 333;1.67%
29/04/2025;6 395;6 395;6 395;6 395;226;1 445 270;0.00%
30/04/2025;6 400;6 400;6 400;6 400;1 227;7 852 800;0.08%
01/05/2025;6 400;6 400;6 400;6 400;1 227;7 852 800;0.00%
02/05/2025;6 270;5 920;6 270;5 920;9 129;55 641 255;-2.03%
05/05/2025;6 000;5 950;6 000;5 950;599;3 579 025;-4.31%
06/05/2025;6 100;5 900;6 100;5 900;565;3 390 000;1.67%
07/05/2025;6 130;5 900;6 130;5 900;1 695;10 195 425;0.49%
08/05/2025;6 050;6 100;6 100;6 050;8 588;52 172 100;-1.31%
09/05/2025;6 090;6 040;6 090;6 040;687;4 166 655;0.66%
12/05/2025;6 100;6 085;6 100;6 085;927;5 647 748;0.16%
13/05/2025;6 130;5 850;6 130;5 850;1 399;8 380 010;0.49%
14/05/2025;6 130;6 130;6 130;6 130;389;2 384 570;0.00%
15/05/2025;6 130;6 130;6 130;6 130;120;735 600;0.00%
16/05/2025;6 200;6 125;6 200;6 125;1 602;9 872 325;1.14%
19/05/2025;6 200;6 180;6 200;6 180;155;959 450;0.00%
20/05/2025;5 865;6 200;6 200;5 865;570;3 438 525;-5.40%
21/05/2025;6 250;6 200;6 250;6 200;292;1 817 700;6.56%
22/05/2025;6 300;6 200;6 300;6 200;373;2 331 250;0.80%
23/05/2025;6 400;6 300;6 400;6 300;3 253;20 656 550;1.59%
26/05/2025;6 400;5 990;6 400;5 990;549;3 401 055;0.00%
27/05/2025;6 400;6 000;6 400;6 000;328;2 033 600;0.00%
28/05/2025;6 300;6 350;6 350;6 300;156;986 700;-1.56%
29/05/2025;6 300;6 350;6 350;6 300;156;986 700;0.00%
30/05/2025;6 350;6 300;6 350;6 300;284;1 796 300;0.79%
02/06/2025;6 300;6 350;6 350;6 300;528;3 339 600;-0.79%
03/06/2025;6 350;6 300;6 350;6 300;774;4 895 550;0.79%
04/06/2025;6 345;6 000;6 345;6 000;3 583;22 116 068;-0.08%
05/06/2025;6 350;6 350;6 350;6 350;141;895 350;0.08%
10/06/2025;6 395;6 350;6 395;6 350;771;4 913 198;0.71%
11/06/2025;6 395;6 395;6 395;6 395;933;5 966 535;0.00%
12/06/2025;6 395;6 390;6 395;6 390;670;4 282 975;0.00%
13/06/2025;6 390;6 350;6 390;6 350;943;6 006 910;-0.08%
16/06/2025;6 300;6 390;6 390;6 300;549;3 483 405;-1.41%
17/06/2025;6 300;6 300;6 300;6 300;2 029;12 782 700;0.00%
18/06/2025;6 300;6 300;6 300;6 300;195;1 228 500;0.00%
19/06/2025;6 290;6 290;6 290;6 290;257;1 616 530;-0.16%
20/06/2025;6 290;6 300;6 300;6 290;95;598 025;0.00%
23/06/2025;6 300;6 290;6 300;6 290;521;3 279 695;0.16%
24/06/2025;6 295;6 300;6 300;6 295;120;755 700;-0.08%
25/06/2025;5 955;6 295;6 295;5 955;307;1 880 375;-5.40%
26/06/2025;6 100;6 100;6 100;6 100;296;1 805 600;2.43%
27/06/2025;6 000;6 200;6 200;6 000;1 062;6 478 200;-1.64%
30/06/2025;6 000;6 000;6 000;6 000;1 368;8 208 000;0.00%
01/07/2025;6 100;6 000;6 100;6 000;287;1 736 350;1.67%
02/07/2025;6 050;6 085;6 085;6 050;64;388 320;-0.82%
03/07/2025;6 065;6 100;6 100;6 065;662;4 026 615;0.25%
04/07/2025;6 000;6 000;6 000;6 000;149;894 000;-1.07%
07/07/2025;6 100;5 695;6 100;5 695;693;4 086 968;1.67%
08/07/2025;6 050;6 100;6 100;6 050;223;1 354 725;-0.82%
09/07/2025;5 805;6 050;6 050;5 805;255;1 511 513;-4.05%
10/07/2025;6 000;6 000;6 000;6 000;287;1 722 000;3.36%
11/07/2025;6 050;6 000;6 050;6 000;613;3 693 325;0.83%
14/07/2025;5 910;6 050;6 050;5 910;286;1 710 280;-2.31%
15/07/2025;5 910;6 000;6 000;5 910;258;1 536 390;0.00%
16/07/2025;6 050;5 950;6 050;5 950;574;3 444 000;2.37%
17/07/2025;5 650;6 080;6 080;5 650;6 311;37 014 015;-6.61%
18/07/2025;6 060;5 900;6 060;5 900;311;1 859 780;7.26%
21/07/2025;6 050;6 095;6 095;6 050;199;1 208 428;-0.17%
22/07/2025;6 045;6 050;6 050;6 045;115;695 463;-0.08%
23/07/2025;6 050;6 050;6 050;6 050;415;2 510 750;0.08%
24/07/2025;6 050;6 050;6 050;6 050;375;2 268 750;0.00%
25/07/2025;6 000;6 050;6 050;6 000;523;3 151 075;-0.83%
28/07/2025;6 000;5 995;6 000;5 995;963;5 775 593;0.00%
29/07/2025;5 995;5 990;5 995;5 990;200;1 198 500;-0.08%
30/07/2025;5 995;5 995;5 995;5 995;90;539 550;0.00%
31/07/2025;5 900;5 995;5 995;5 900;328;1 950 780;-1.58%
01/08/2025;6 000;6 000;6 000;6 000;260;1 560 000;1.69%
04/08/2025;5 885;5 855;5 885;5 855;1 404;8 241 480;-1.92%
05/08/2025;6 000;5 885;6 000;5 885;1 190;7 071 575;1.95%
06/08/2025;6 100;6 050;6 100;6 050;504;3 061 800;1.67%
07/08/2025;6 100;6 050;6 100;6 050;504;3 061 800;0.00%
08/08/2025;6 000;5 890;6 000;5 890;1 772;10 534 540;-1.64%
11/08/2025;5 975;6 000;6 000;5 975;592;3 544 600;-0.42%
12/08/2025;6 000;5 975;6 000;5 975;507;3 035 663;0.42%
13/08/2025;6 000;6 000;6 000;6 000;422;2 532 000;0.00%
14/08/2025;5 900;5 900;5 900;5 900;267;1 575 300;-1.67%
15/08/2025;5 900;5 900;5 900;5 900;267;1 575 300;0.00%
18/08/2025;6 000;5 900;6 000;5 900;558;3 320 100;1.69%
19/08/2025;6 000;6 000;6 000;6 000;437;2 622 000;0.00%
20/08/2025;6 000;6 000;6 000;6 000;345;2 070 000;0.00%
21/08/2025;6 000;6 000;6 000;6 000;327;1 962 000;0.00%
22/08/2025;6 000;6 095;6 095;6 000;1 594;9 639 715;0.00%
25/08/2025;6 090;6 000;6 090;6 000;750;4 533 750;1.50%
26/08/2025;6 100;6 095;6 100;6 095;983;5 993 843;0.16%
27/08/2025;6 170;6 100;6 170;6 100;816;5 006 160;1.15%
28/08/2025;6 025;6 190;6 190;6 025;912;5 570 040;-2.35%
29/08/2025;6 100;6 100;6 100;6 100;229;1 396 900;1.24%
01/09/2025;6 190;6 150;6 190;6 150;584;3 603 280;1.48%
02/09/2025;6 185;6 190;6 190;6 185;364;2 252 250;-0.08%
03/09/2025;6 210;6 185;6 210;6 185;1 409;8 732 278;0.40%
04/09/2025;6 210;6 185;6 210;6 185;1 409;8 732 278;0.00%
05/09/2025;6 210;6 190;6 210;6 190;903;5 598 600;0.00%
08/09/2025;6 225;6 250;6 250;6 225;5 624;35 079 700;0.24%
09/09/2025;6 200;6 220;6 220;6 200;895;5 557 950;-0.40%
10/09/2025;6 235;6 200;6 235;6 200;755;4 694 213;0.56%
11/09/2025;6 205;6 300;6 300;6 205;4 207;26 304 268;-0.48%
12/09/2025;6 250;6 205;6 250;6 205;444;2 765 010;0.73%
15/09/2025;6 250;6 250;6 250;6 250;768;4 800 000;0.00%
16/09/2025;6 235;6 250;6 250;6 235;536;3 345 980;-0.24%
17/09/2025;6 250;6 235;6 250;6 235;377;2 353 423;0.24%
18/09/2025;6 205;6 250;6 250;6 205;248;1 544 420;-0.72%
19/09/2025;6 245;6 250;6 250;6 245;3 682;23 003 295;0.64%
22/09/2025;6 230;6 245;6 245;6 230;1 221;7 615 988;-0.24%
23/09/2025;6 205;6 225;6 225;6 205;335;2 082 025;-0.40%
24/09/2025;6 190;6 205;6 205;6 190;355;2 200 113;-0.24%
25/09/2025;6 100;6 190;6 190;6 100;684;4 203 180;-1.45%
26/09/2025;6 000;6 065;6 065;6 000;508;3 064 510;-1.64%
29/09/2025;5 900;5 995;5 995;5 900;207;1 231 133;-1.67%
30/09/2025;5 850;5 675;5 850;5 675;2 601;14 988 263;-0.85%
01/10/2025;5 830;5 900;5 900;5 830;156;914 940;-0.34%
02/10/2025;5 850;5 835;5 850;5 835;834;4 872 645;0.34%
03/10/2025;5 855;5 855;5 855;5 855;540;3 161 700;0.09%
06/10/2025;5 860;5 855;5 860;5 855;1 996;11 691 570;0.09%
07/10/2025;5 890;5 860;5 890;5 860;652;3 830 500;0.51%
08/10/2025;5 895;5 890;5 895;5 890;343;2 021 128;0.08%
09/10/2025;5 990;5 895;5 990;5 895;2 257;13 412 223;1.61%
10/10/2025;6 035;5 990;6 035;5 990;1 830;11 002 875;0.75%
13/10/2025;6 030;6 030;6 030;6 030;468;2 822 040;-0.08%
14/10/2025;6 015;6 025;6 025;6 015;3 597;21 653 940;-0.25%
15/10/2025;6 085;6 015;6 085;6 015;527;3 188 350;1.16%
16/10/2025;6 050;6 015;6 050;6 015;249;1 502 093;-0.58%
17/10/2025;6 075;6 025;6 075;6 025;1 800;10 890 000;0.41%
20/10/2025;6 020;6 075;6 075;6 020;707;4 275 583;-0.91%
21/10/2025;6 150;6 095;6 150;6 095;1 277;7 818 433;2.16%
22/10/2025;6 195;6 150;6 195;6 150;1 224;7 555 140;0.73%
23/10/2025;6 245;6 200;6 245;6 200;175;1 088 938;0.81%
24/10/2025;6 195;6 215;6 215;6 195;548;3 400 340;-0.80%
27/10/2025;6 180;6 020;6 180;6 020;334;2 037 400;-0.24%
28/10/2025;6 180;6 180;6 180;6 180;534;3 300 120;0.00%
29/10/2025;6 100;6 180;6 180;6 100;372;2 284 080;-1.29%
30/10/2025;6 100;6 030;6 100;6 030;329;1 995 385;0.00%
31/10/2025;6 145;6 020;6 145;6 020;340;2 068 050;0.74%
03/11/2025;6 045;5 900;6 045;5 900;10 391;62 060 248;-1.63%
04/11/2025;5 900;5 945;5 945;5 900;1 523;9 019 968;-2.40%
05/11/2025;5 950;5 950;5 950;5 950;1 587;9 442 650;0.85%
06/11/2025;5 945;5 955;5 955;5 945;499;2 969 050;-0.08%
07/11/2025;6 000;6 000;6 000;6 000;-;0;0.93%
10/11/2025;6 000;6 140;6 140;6 000;1 121;6 804 470;0.00%
11/11/2025;6 100;6 000;6 100;6 000;270;1 633 500;1.67%
12/11/2025;6 100;6 100;6 100;6 100;690;4 209 000;0.00%
13/11/2025;6 130;6 000;6 130;6 000;69;418 485;0.49%
14/11/2025;6 130;6 000;6 130;6 000;751;4 554 815;0.00%
17/11/2025;6 130;6 130;6 130;6 130;324;1 986 120;0.00%
18/11/2025;6 130;6 130;6 130;6 130;352;2 157 760;0.00%
19/11/2025;6 100;6 140;6 140;6 100;910;5 569 200;-0.49%
20/11/2025;6 000;6 140;6 140;6 000;188;1 141 160;-1.64%
21/11/2025;6 105;6 100;6 105;6 100;3 326;20 296 915;1.75%
24/11/2025;6 100;6 100;6 100;6 100;1 435;8 753 500;-0.08%
25/11/2025;6 100;6 100;6 100;6 100;3 591;21 905 100;0.00%
26/11/2025;6 120;5 995;6 120;5 995;115;696 613;0.33%
27/11/2025;6 100;6 120;6 120;6 100;292;1 784 120;-0.33%
28/11/2025;6 095;6 100;6 100;6 095;287;1 749 983;-0.08%
01/12/2025;6 095;6 095;6 095;6 095;1 670;10 178 650;0.00%
02/12/2025;6 100;6 095;6 100;6 095;359;2 189 003;0.08%
03/12/2025;6 100;6 100;6 100;6 100;247;1 506 700;0.00%
04/12/2025;6 100;6 100;6 100;6 100;1 645;10 034 500;0.00%
05/12/2025;6 100;6 100;6 100;6 100;304;1 854 400;0.00%
08/12/2025;6 100;6 080;6 100;6 080;546;3 325 140;0.00%
09/12/2025;6 100;6 100;6 100;6 100;185;1 128 500;0.00%
10/12/2025;6 100;6 100;6 100;6 100;1 536;9 369 600;0.00%
11/12/2025;6 100;6 115;6 115;6 100;237;1 447 478;0.00%
12/12/2025;6 110;6 100;6 110;6 100;180;1 098 900;0.16%
15/12/2025;6 110;6 110;6 110;6 110;808;4 936 880;0.00%
16/12/2025;6 110;6 110;6 110;6 110;291;1 778 010;0.00%
17/12/2025;6 050;6 105;6 105;6 050;150;911 625;-0.98%
18/12/2025;6 045;5 605;6 045;5 605;464;2 702 800;-0.08%
19/12/2025;6 100;6 050;6 100;6 050;375;2 278 125;0.91%
22/12/2025;5 800;6 100;6 100;5 800;561;3 337 950;-4.92%
23/12/2025;5 800;5 800;5 800;5 800;761;4 413 800;0.00%
24/12/2025;5 750;5 800;5 800;5 750;377;2 177 175;-0.86%
25/12/2025;5 750;5 800;5 800;5 750;377;2 177 175;0.00%
26/12/2025;5 800;5 800;5 800;5 800;704;4 083 200;0.87%
29/12/2025;5 800;5 800;5 800;5 800;307;1 780 600;0.00%
30/12/2025;5 800;5 800;5 800;5 800;458;2 656 400;0.00%
31/12/2025;5 800;5 800;5 800;5 800;989;5 736 200;0.00%
01/01/2026;5 800;5 800;5 800;5 800;989;5 736 200;0.00%
02/01/2026;5 800;5 800;5 800;5 800;381;2 209 800;0.00%
05/01/2026;5 755;5 800;5 800;5 755;382;2 207 005;-0.78%
06/01/2026;5 800;5 755;5 800;5 755;980;5 661 950;0.78%
07/01/2026;5 800;5 800;5 800;5 800;714;4 141 200;0.00%
08/01/2026;5 800;5 800;5 800;5 800;80;464 000;0.00%
09/01/2026;5 795;5 800;5 800;5 795;242;1 402 995;-0.09%
12/01/2026;5 795;5 795;5 795;5 795;312;1 808 040;0.00%
13/01/2026;5 800;5 800;5 800;5 800;344;1 995 200;0.09%
14/01/2026;5 800;5 800;5 800;5 800;1 657;9 610 600;0.00%
15/01/2026;5 800;5 800;5 800;5 800;2 154;12 493 200;0.00%
16/01/2026;5 800;5 800;5 800;5 800;1 825;10 585 000;0.00%
19/01/2026;5 805;5 800;5 805;5 800;436;2 529 890;0.09%
20/01/2026;5 900;5 950;5 950;5 900;179;1 060 575;1.64%
21/01/2026;5 900;5 900;5 900;5 900;228;1 345 200;0.00%
22/01/2026;6 005;5 900;6 005;5 900;410;2 440 525;1.78%
23/01/2026;6 015;6 005;6 015;6 005;188;1 129 880;0.17%
26/01/2026;6 010;6 025;6 025;6 010;963;5 794 853;-0.08%
27/01/2026;6 120;6 010;6 120;6 010;591;3 584 415;1.83%
28/01/2026;6 120;6 120;6 120;6 120;579;3 543 480;0.00%
29/01/2026;6 150;6 140;6 150;6 140;445;2 734 525;0.49%
30/01/2026;6 200;6 155;6 200;6 155;358;2 211 545;0.81%
02/02/2026;6 205;6 200;6 205;6 200;370;2 294 925;0.08%
03/02/2026;6 250;6 350;6 350;6 250;826;5 203 800;0.73%
04/02/2026;5 950;6 250;6 250;5 950;1 774;10 821 400;-4.80%
05/02/2026;6 390;6 350;6 390;6 350;350;2 229 500;7.39%
06/02/2026;5 950;6 400;6 400;5 950;8 368;51 672 400;-6.89%
09/02/2026;6 395;5 950;6 395;5 950;2 401;14 820 173;7.48%
10/02/2026;6 410;6 395;6 410;6 395;3 243;20 763 308;0.23%
11/02/2026;6 400;6 400;6 400;6 400;1 255;8 032 000;-0.16%
12/02/2026;6 300;6 350;6 350;6 300;3 211;20 309 575;-1.56%
13/02/2026;6 400;6 300;6 400;6 300;227;1 441 450;1.59%
16/02/2026;6 300;5 935;6 300;5 935;644;3 939 670;-1.56%
17/02/2026;6 290;6 295;6 295;6 290;403;2 535 878;-0.16%
18/02/2026;6 300;6 295;6 300;6 295;678;4 269 705;0.16%
19/02/2026;6 295;6 300;6 300;6 295;582;3 665 145;-0.08%
20/02/2026;6 450;6 295;6 450;6 295;4 723;30 097 318;2.46%
23/02/2026;6 005;6 500;6 500;6 005;4 611;28 830 278;-6.90%
24/02/2026;6 405;6 405;6 405;6 405;488;3 125 640;6.66%
25/02/2026;6 700;6 405;6 700;6 405;8 651;56 685 678;4.61%
26/02/2026;7 150;7 000;7 150;7 000;1 749;12 374 175;6.72%
27/02/2026;7 685;7 150;7 685;7 150;3 313;24 574 178;7.48%
02/03/2026;7 550;7 685;7 685;7 550;625;4 760 938;-1.76%
03/03/2026;8 110;7 590;8 110;7 590;790;6 201 500;7.42%
04/03/2026;8 110;7 700;8 110;7 700;13 201;104 353 905;0.00%
05/03/2026;7 750;7 700;7 750;7 700;1 023;7 902 675;-4.44%
06/03/2026;7 745;7 750;7 750;7 745;3 215;24 908 213;-0.06%
09/03/2026;7 750;7 745;7 750;7 745;606;4 694 985;0.06%
10/03/2026;7 760;7 750;7 760;7 750;1 325;10 275 375;0.13%
11/03/2026;7 845;7 760;7 845;7 760;558;4 353 795;1.10%
12/03/2026;7 800;7 795;7 800;7 795;6 292;49 061 870;-0.57%
13/03/2026;7 735;7 700;7 735;7 700;763;5 888 453;-0.83%
16/03/2026;7 735;7 700;7 735;7 700;763;5 888 453;0.00%
17/03/2026;7 800;7 740;7 800;7 740;4 378;34 017 060;0.84%
18/03/2026;7 790;7 800;7 800;7 790;149;1 161 455;-0.13%
19/03/2026;7 700;7 400;7 700;7 400;313;2 363 150;-1.16%
20/03/2026;7 700;7 400;7 700;7 400;313;2 363 150;0.00%
23/03/2026;7 700;7 785;7 785;7 700;425;3 290 563;0.00%
24/03/2026;7 500;7 695;7 695;7 500;192;1 458 720;-2.60%
25/03/2026;7 500;7 500;7 500;7 500;496;3 720 000;0.00%
26/03/2026;7 300;7 300;7 300;7 300;690;5 037 000;-2.67%
27/03/2026;7 350;7 300;7 350;7 300;228;1 670 100;0.68%
30/03/2026;7 400;7 450;7 450;7 400;863;6 407 775;0.68%
31/03/2026;7 500;7 700;7 700;7 500;5 328;40 492 800;1.35%
01/04/2026;7 400;7 500;7 500;7 400;199;1 482 550;-1.33%
02/04/2026;7 400;7 400;7 400;7 400;195;1 443 000;0.00%
03/04/2026;7 400;7 400;7 400;7 400;149;1 102 600;0.00%
06/04/2026;7 400;7 400;7 400;7 400;149;1 102 600;0.00%
07/04/2026;7 500;7 400;7 500;7 400;502;3 739 900;1.35%
08/04/2026;7 300;7 200;7 300;7 200;283;2 051 750;-2.67%
09/04/2026;7 200;7 300;7 300;7 200;442;3 204 500;-1.37%
10/04/2026;7 250;7 300;7 300;7 250;173;1 258 575;0.69%
13/04/2026;7 150;7 250;7 250;7 150;318;2 289 600;-1.38%
14/04/2026;7 150;7 150;7 150;7 150;414;2 960 100;0.00%
15/04/2026;7 150;6 620;7 150;6 620;716;4 929 660;0.00%
16/04/2026;7 140;6 625;7 140;6 625;402;2 766 765;-0.14%
17/04/2026;7 140;7 140;7 140;7 140;139;992 460;0.00%
20/04/2026;7 200;7 250;7 250;7 200;506;3 655 850;0.84%
21/04/2026;7 485;7 200;7 485;7 200;288;2 114 640;3.96%
22/04/2026;7 400;7 480;7 480;7 400;163;1 212 720;-1.14%
23/04/2026;7 300;7 400;7 400;7 300;163;1 198 050;-1.35%
24/04/2026;7 200;7 290;7 290;7 200;122;883 890;-1.37%
27/04/2026;7 250;7 290;7 290;7 250;135;981 450;0.69%
28/04/2026;7 790;7 790;7 790;7 790;755;5 881 450;7.45%
29/04/2026;8 370;8 325;8 370;8 325;713;5 951 768;7.45%
30/04/2026;8 995;8 950;8 995;8 950;364;3 265 990;7.47%
01/05/2026;8 995;8 950;8 995;8 950;364;3 265 990;0.00%
04/05/2026;9 400;9 665;9 665;9 400;2 465;23 497 613;4.50%
05/05/2026;9 090;9 400;9 400;9 090;1 131;10 456 095;-3.30%
06/05/2026;9 000;8 950;9 000;8 950;1 087;9 755 825;-0.99%
07/05/2026;8 900;9 000;9 000;8 900;1 124;10 059 800;-1.11%
08/05/2026;9 095;8 900;9 095;8 900;582;5 236 545;2.19%
11/05/2026;9 095;9 095;9 095;9 095;527;4 793 065;0.00%
12/05/2026;9 395;9 100;9 395;9 100;1 414;13 075 965;3.30%
13/05/2026;9 505;9 395;9 505;9 395;821;7 758 450;1.17%
14/05/2026;9 505;9 395;9 505;9 395;821;7 758 450;0.00%
15/05/2026;9 900;9 515;9 900;9 515;770;7 474 775;4.16%
18/05/2026;10 640;10 640;10 640;10 640;454;4 830 560;7.47%
19/05/2026;11 000;10 640;11 000;10 640;863;9 337 660;3.38%
20/05/2026;11 200;11 150;11 200;11 150;1 510;16 874 250;1.82%
21/05/2026;11 100;11 200;11 200;11 100;838;9 343 700;-0.89%
22/05/2026;11 095;11 200;11 200;11 095;654;7 290 465;-0.05%
25/05/2026;11 095;11 200;11 200;11 095;654;7 290 465;0.00%
26/05/2026;11 105;11 000;11 105;11 000;367;4 056 268;0.09%
27/05/2026;11 105;11 000;11 105;11 000;367;4 056 268;0.00%
28/05/2026;11 050;11 095;11 095;11 050;741;8 204 723;-0.50%
29/05/2026;11 025;11 050;11 050;11 025;575;6 346 563;-0.23%
01/06/2026;11 025;11 025;11 025;11 025;380;4 189 500;0.00%
02/06/2026;11 000;11 025;11 025;11 000;1 450;15 968 125;-0.23%
03/06/2026;11 000;11 050;11 050;11 000;572;6 306 300;0.00%
04/06/2026;11 050;11 050;11 050;11 050;897;9 911 850;0.45%
05/06/2026;11 100;11 095;11 100;11 095;628;6 969 230;0.45%
08/06/2026;11 700;11 100;11 700;11 100;961;10 955 400;5.41%
09/06/2026;12 000;12 275;12 275;12 000;1 204;14 613 550;2.56%
10/06/2026;11 950;12 000;12 000;11 950;377;4 514 575;-0.42%
11/06/2026;12 100;11 950;12 100;11 950;522;6 277 050;1.26%
12/06/2026;12 195;12 100;12 195;12 100;398;4 834 705;0.79%
15/06/2026;12 050;12 000;12 050;12 000;194;2 332 850;-1.19%
16/06/2026;12 005;12 050;12 050;12 005;1 559;18 750 873;-0.37%
17/06/2026;11 900;12 005;12 005;11 900;922;11 020 205;-0.87%
