Date;Clôture;Plus bas;Plus haut;Ouverture;Volume Titres;Volume FCFA;Variation %
05/01/2012;253;253;253;253;10;2 530;1.20%
11/01/2012;256;256;256;256;11;2 816;1.19%
12/01/2012;256;256;256;256;10;2 560;0.00%
17/01/2012;251;251;251;251;60;15 060;-1.95%
18/01/2012;256;256;256;256;20;5 120;1.99%
20/01/2012;256;256;256;256;22;5 632;0.00%
23/01/2012;256;256;256;256;20;5 120;0.00%
27/01/2012;260;260;260;260;50;13 000;1.56%
30/01/2012;260;260;260;260;12;3 120;0.00%
02/02/2012;260;260;260;260;9;2 340;0.00%
03/02/2012;260;260;260;260;8;2 080;0.00%
06/02/2012;260;260;260;260;14;3 640;0.00%
07/02/2012;260;260;260;260;15;3 900;0.00%
10/02/2012;251;251;251;251;50;12 550;-3.46%
17/02/2012;250;250;250;250;60;15 000;-0.40%
22/02/2012;251;251;251;251;22;5 522;0.40%
24/02/2012;270;270;270;270;840 016;226 804 320;7.57%
27/02/2012;250;250;250;250;12;3 000;-7.41%
29/02/2012;252;252;252;252;53;13 356;0.80%
01/03/2012;260;260;260;260;200;52 000;3.17%
02/03/2012;260;260;260;260;50;13 000;0.00%
07/03/2012;270;270;270;270;216;58 320;3.85%
08/03/2012;270;270;270;270;98;26 460;0.00%
12/03/2012;276;276;276;276;67;18 492;2.22%
13/03/2012;276;276;276;276;159;43 884;0.00%
14/03/2012;280;280;280;280;15;4 200;1.45%
15/03/2012;294;294;294;294;20;5 880;5.00%
16/03/2012;316;316;316;316;132;41 712;7.48%
20/03/2012;316;316;316;316;55;17 380;0.00%
21/03/2012;316;316;316;316;810;255 960;0.00%
22/03/2012;318;318;318;318;112;35 616;0.63%
23/03/2012;320;320;320;320;127;40 640;0.63%
27/03/2012;344;344;344;344;30;10 320;7.50%
29/03/2012;396;396;396;396;48;19 008;15.12%
30/03/2012;396;396;396;396;11;4 356;0.00%
03/04/2012;396;396;396;396;278;110 088;0.00%
04/04/2012;396;396;396;396;110;43 560;0.00%
05/04/2012;396;396;396;396;253;100 188;0.00%
06/04/2012;380;380;380;380;28;10 640;-4.04%
10/04/2012;370;370;370;370;46;17 020;-2.63%
12/04/2012;340;340;340;340;10;3 400;-8.11%
13/04/2012;340;340;340;340;51;17 340;0.00%
16/04/2012;328;328;328;328;28;9 184;-3.53%
17/04/2012;316;316;316;316;14;4 424;-3.66%
19/04/2012;316;316;316;316;116;36 656;0.00%
20/04/2012;316;316;316;316;54;17 064;0.00%
23/04/2012;316;316;316;316;50;15 800;0.00%
24/04/2012;316;316;316;316;121;38 236;0.00%
26/04/2012;330;330;330;330;10;3 300;4.43%
27/04/2012;320;320;320;320;16;5 120;-3.03%
30/04/2012;320;320;320;320;3;960;0.00%
02/05/2012;320;320;320;320;16;5 120;0.00%
03/05/2012;320;320;320;320;16;5 120;0.00%
07/05/2012;330;330;330;330;10;3 300;3.13%
08/05/2012;330;330;330;330;47;15 510;0.00%
09/05/2012;330;330;330;330;33;10 890;0.00%
10/05/2012;340;340;340;340;48;16 320;3.03%
11/05/2012;340;340;340;340;5;1 700;0.00%
15/05/2012;340;340;340;340;15;5 100;0.00%
18/05/2012;340;340;340;340;29;9 860;0.00%
21/05/2012;340;340;340;340;39;13 260;0.00%
22/05/2012;330;330;330;330;40;13 200;-2.94%
23/05/2012;330;330;330;330;84;27 720;0.00%
24/05/2012;330;330;330;330;7;2 310;0.00%
29/05/2012;330;330;330;330;24;7 920;0.00%
30/05/2012;330;330;330;330;12;3 960;0.00%
31/05/2012;330;330;330;330;19;6 270;0.00%
01/06/2012;330;330;330;330;15;4 950;0.00%
04/06/2012;330;330;330;330;84;27 720;0.00%
05/06/2012;330;330;330;330;41;13 530;0.00%
07/06/2012;330;330;330;330;65;21 450;0.00%
08/06/2012;340;340;340;340;50;17 000;3.03%
11/06/2012;360;360;360;360;110;39 600;5.88%
12/06/2012;380;380;380;380;74;28 120;5.56%
13/06/2012;380;380;380;380;139;52 820;0.00%
14/06/2012;370;370;370;370;18;6 660;-2.63%
15/06/2012;380;380;380;380;317;120 460;2.70%
18/06/2012;390;390;390;390;88;34 320;2.63%
20/06/2012;400;400;400;400;10;4 000;2.56%
21/06/2012;390;390;390;390;14;5 460;-2.50%
25/06/2012;400;400;400;400;196;78 400;2.56%
26/06/2012;420;420;420;420;158;66 360;5.00%
27/06/2012;420;420;420;420;13;5 460;0.00%
28/06/2012;420;420;420;420;43;18 060;0.00%
02/07/2012;420;420;420;420;15;6 300;0.00%
03/07/2012;390;390;390;390;40;15 600;-7.14%
04/07/2012;390;390;390;390;336;131 040;0.00%
05/07/2012;390;390;390;390;680;265 200;0.00%
09/07/2012;400;400;400;400;16;6 400;2.56%
11/07/2012;400;400;400;400;31;12 400;0.00%
16/07/2012;400;400;400;400;15;6 000;0.00%
24/07/2012;400;400;400;400;13;5 200;0.00%
25/07/2012;380;380;380;380;19;7 220;-5.00%
31/07/2012;400;400;400;400;108;43 200;5.26%
02/08/2012;400;400;400;400;10;4 000;0.00%
09/08/2012;428;428;428;428;15;6 420;7.00%
10/08/2012;400;400;400;400;106;42 400;-6.54%
13/08/2012;430;430;430;430;101;43 430;7.50%
14/08/2012;430;430;430;430;6;2 580;0.00%
17/08/2012;430;430;430;430;6;2 580;0.00%
21/08/2012;430;430;430;430;50;21 500;0.00%
22/08/2012;430;430;430;430;259;111 370;0.00%
23/08/2012;430;430;430;430;18;7 740;0.00%
24/08/2012;430;430;430;430;2;860;0.00%
27/08/2012;430;430;430;430;10;4 300;0.00%
30/08/2012;440;440;440;440;33;14 520;2.33%
31/08/2012;440;440;440;440;480;211 200;0.00%
03/09/2012;440;440;440;440;230;101 200;0.00%
04/09/2012;473;473;473;473;20;9 460;7.50%
05/09/2012;473;473;473;473;106;50 138;0.00%
07/09/2012;480;480;480;480;12;5 760;1.48%
10/09/2012;508;508;508;508;74;37 592;5.83%
11/09/2012;546;546;546;546;126;68 796;7.48%
12/09/2012;546;546;546;546;280;152 880;0.00%
13/09/2012;540;540;540;540;329;177 660;-1.10%
14/09/2012;530;530;530;530;76;40 280;-1.85%
17/09/2012;520;520;520;520;30;15 600;-1.89%
18/09/2012;500;500;500;500;140;70 000;-3.85%
19/09/2012;500;500;500;500;4;2 000;0.00%
20/09/2012;500;500;500;500;3;1 500;0.00%
21/09/2012;500;500;500;500;41;20 500;0.00%
24/09/2012;530;530;530;530;1 127;597 310;6.00%
25/09/2012;530;530;530;530;1 559;826 270;0.00%
26/09/2012;530;530;530;530;193;102 290;0.00%
28/09/2012;542;542;542;542;37;20 054;0.00%
01/10/2012;560;560;560;560;75;42 000;3.32%
02/10/2012;560;560;560;560;236;132 160;0.00%
03/10/2012;560;560;560;560;11;6 160;0.00%
04/10/2012;560;560;560;560;90;50 400;0.00%
05/10/2012;560;560;560;560;259;145 040;0.00%
08/10/2012;560;560;560;560;41;22 960;0.00%
09/10/2012;550;550;550;550;339;186 450;-1.79%
10/10/2012;556;556;556;556;100;55 600;1.09%
11/10/2012;560;560;560;560;65;36 400;0.72%
12/10/2012;560;560;560;560;10;5 600;0.00%
15/10/2012;540;540;540;540;1 026;554 040;-3.57%
17/10/2012;500;500;500;500;15;7 500;-7.41%
18/10/2012;530;530;530;530;100;53 000;6.00%
19/10/2012;530;530;530;530;22;11 660;0.00%
22/10/2012;510;510;510;510;50;25 500;-3.77%
23/10/2012;520;520;520;520;700;364 000;1.96%
25/10/2012;482;482;482;482;2 203;1 061 846;-7.31%
30/10/2012;482;482;482;482;40;19 280;0.00%
31/10/2012;500;500;500;500;27;13 500;3.73%
02/11/2012;510;510;510;510;105;53 550;2.00%
05/11/2012;480;480;480;480;115;55 200;-5.88%
07/11/2012;516;516;516;516;510;263 160;7.50%
09/11/2012;482;482;482;482;458;220 756;-6.59%
12/11/2012;516;516;516;516;391;201 756;7.05%
13/11/2012;550;550;550;550;19;10 450;6.59%
14/11/2012;550;550;550;550;3;1 650;0.00%
19/11/2012;540;540;540;540;1 284;693 360;-1.82%
20/11/2012;540;540;540;540;31;16 740;0.00%
21/11/2012;540;540;540;540;143;77 220;0.00%
23/11/2012;540;540;540;540;194;104 760;0.00%
26/11/2012;540;540;540;540;35;18 900;0.00%
27/11/2012;520;520;520;520;128;66 560;-3.70%
29/11/2012;520;520;520;520;230;119 600;0.00%
30/11/2012;520;520;520;520;152;79 040;0.00%
03/12/2012;520;520;520;520;59;30 680;0.00%
04/12/2012;500;500;500;500;231;115 500;-3.85%
05/12/2012;500;500;500;500;50;25 000;0.00%
06/12/2012;500;500;500;500;28;14 000;0.00%
07/12/2012;480;480;480;480;52;24 960;-4.00%
10/12/2012;480;480;480;480;100;48 000;0.00%
12/12/2012;444;444;444;444;8;3 552;-7.50%
13/12/2012;444;444;444;444;10;4 440;0.00%
14/12/2012;411;411;411;411;180;73 980;-7.43%
17/12/2012;400;400;400;400;203;81 200;-2.68%
18/12/2012;411;411;411;411;266;109 326;2.75%
19/12/2012;411;411;411;411;26;10 686;0.00%
20/12/2012;411;411;411;411;848;348 528;0.00%
21/12/2012;400;400;400;400;168;67 200;-2.68%
24/12/2012;411;411;411;411;504;207 144;2.75%
27/12/2012;473;473;473;473;8;3 784;7.50%
28/12/2012;508;508;508;508;130;66 040;7.40%
31/12/2012;546;546;546;546;20;10 920;7.48%
02/01/2013;546;546;546;546;15;8 190;0.00%
03/01/2013;580;580;580;580;100;58 000;6.23%
07/01/2013;580;580;580;580;30;17 400;0.00%
08/01/2013;580;580;580;580;24;13 920;0.00%
10/01/2013;570;570;570;570;11;6 270;-1.72%
11/01/2013;527;527;527;527;55;28 985;-7.54%
15/01/2013;524;524;524;524;275;144 100;-0.57%
16/01/2013;520;520;520;520;1 058;550 160;-0.76%
17/01/2013;520;520;520;520;120;62 400;0.00%
18/01/2013;520;520;520;520;14;7 280;0.00%
21/01/2013;520;520;520;520;34;17 680;0.00%
22/01/2013;520;520;520;520;90;46 800;0.00%
25/01/2013;520;520;520;520;39;20 280;0.00%
28/01/2013;520;520;520;520;264;137 280;0.00%
29/01/2013;520;520;520;520;20;10 400;0.00%
01/02/2013;520;520;520;520;62;32 240;0.00%
05/02/2013;524;524;524;524;463;242 612;0.77%
06/02/2013;524;524;524;524;25;13 100;0.00%
07/02/2013;560;560;560;560;25;14 000;6.87%
08/02/2013;602;602;602;602;23;13 846;7.50%
11/02/2013;602;602;602;602;117;70 434;0.00%
15/02/2013;590;590;590;590;325;191 750;-1.99%
18/02/2013;584;584;584;584;35;20 440;-1.02%
19/02/2013;584;584;584;584;28;16 352;0.00%
20/02/2013;580;580;580;580;122;70 760;-0.68%
21/02/2013;580;580;580;580;100;58 000;0.00%
22/02/2013;600;600;600;600;120;72 000;3.45%
25/02/2013;580;580;580;580;110;63 800;-3.33%
27/02/2013;580;580;580;580;10;5 800;0.00%
28/02/2013;580;580;580;580;117;67 860;0.00%
05/03/2013;580;580;580;580;123;71 340;0.00%
06/03/2013;600;600;600;600;275;165 000;3.45%
07/03/2013;645;645;645;645;35;22 575;7.50%
08/03/2013;620;620;620;620;26;16 120;-3.88%
11/03/2013;580;580;580;580;137;79 460;-6.45%
14/03/2013;600;600;600;600;22;13 200;3.45%
15/03/2013;580;580;580;580;41;23 780;-3.33%
19/03/2013;580;580;580;580;2;1 160;0.00%
20/03/2013;580;580;580;580;12;6 960;0.00%
21/03/2013;582;582;582;582;236;137 352;0.34%
22/03/2013;580;580;580;580;81;46 980;-0.34%
25/03/2013;582;582;582;582;27;15 714;0.34%
28/03/2013;582;582;582;582;25;14 550;0.34%
29/03/2013;582;582;582;582;15;8 730;0.00%
02/04/2013;582;582;582;582;3;1 746;0.00%
03/04/2013;580;580;580;580;112;64 960;-0.34%
08/04/2013;580;580;580;580;36;20 880;0.00%
09/04/2013;598;598;598;598;47;28 106;3.10%
10/04/2013;598;598;598;598;74;44 252;0.00%
11/04/2013;600;600;600;600;85;51 000;0.33%
12/04/2013;622;622;622;622;128;79 616;3.67%
17/04/2013;640;640;640;640;14;8 960;2.89%
18/04/2013;640;640;640;640;3;1 920;0.00%
22/04/2013;650;650;650;650;25;16 250;1.56%
23/04/2013;640;640;640;640;1 474;943 360;-1.54%
24/04/2013;640;640;640;640;251;160 640;0.00%
25/04/2013;640;640;640;640;150;96 000;0.00%
26/04/2013;600;600;600;600;45;27 000;-6.25%
29/04/2013;640;640;640;640;35;22 400;6.67%
30/04/2013;600;600;600;600;15;9 000;-6.25%
02/05/2013;640;640;640;640;100;64 000;6.67%
03/05/2013;603;603;603;603;11;6 633;-5.78%
06/05/2013;603;603;603;603;50;30 150;0.00%
07/05/2013;600;600;600;600;119;71 400;-0.50%
14/05/2013;600;600;600;600;35;21 000;0.00%
15/05/2013;600;600;600;600;11;6 600;0.00%
16/05/2013;600;600;600;600;6;3 600;0.00%
21/05/2013;630;630;630;630;10;6 300;5.00%
22/05/2013;630;630;630;630;127;80 010;0.00%
24/05/2013;640;640;640;640;10;6 400;1.59%
27/05/2013;641;641;641;641;37;23 717;0.16%
28/05/2013;640;640;640;640;20;12 800;-0.16%
29/05/2013;640;640;640;640;456;291 840;0.00%
03/06/2013;640;640;640;640;10;6 400;0.00%
04/06/2013;640;640;640;640;15;9 600;0.00%
05/06/2013;610;610;610;610;357;217 770;-4.69%
06/06/2013;610;610;610;610;213;129 930;0.00%
10/06/2013;620;620;620;620;302;187 240;1.64%
11/06/2013;593;593;593;593;600;355 800;-4.35%
12/06/2013;593;593;593;593;139;82 427;0.00%
13/06/2013;600;600;600;600;418;250 800;1.18%
14/06/2013;600;600;600;600;159;95 400;0.00%
17/06/2013;620;620;620;620;83;51 460;3.33%
18/06/2013;620;620;620;620;58;35 960;0.00%
20/06/2013;620;620;620;620;54;33 480;0.00%
26/06/2013;621;621;621;621;230;142 830;0.16%
27/06/2013;630;630;630;630;57;35 910;1.45%
28/06/2013;677;677;677;677;262;177 374;7.46%
01/07/2013;726;726;726;726;43;31 218;7.24%
02/07/2013;780;780;780;780;318;248 040;7.44%
03/07/2013;780;780;780;780;100;78 000;0.00%
05/07/2013;780;780;780;780;305;237 900;0.00%
08/07/2013;780;780;780;780;19;14 820;0.00%
09/07/2013;780;780;780;780;96;74 880;0.00%
10/07/2013;839;839;839;839;42;35 238;7.56%
12/07/2013;800;800;800;800;71;56 800;-4.65%
15/07/2013;800;800;800;800;50;40 000;0.00%
16/07/2013;800;800;800;800;22;17 600;0.00%
17/07/2013;800;800;800;800;10;8 000;0.00%
18/07/2013;820;820;820;820;60;49 200;2.50%
19/07/2013;830;830;830;830;66;54 780;1.22%
22/07/2013;830;830;830;830;70;58 100;0.00%
24/07/2013;830;830;830;830;167;138 610;0.00%
25/07/2013;780;780;780;780;8;6 240;-6.02%
26/07/2013;820;820;820;820;120;98 400;5.13%
29/07/2013;882;882;882;882;50;44 100;7.56%
02/08/2013;820;820;820;820;185;151 700;-7.03%
05/08/2013;880;880;880;880;224;197 120;7.32%
13/08/2013;880;880;880;880;36;31 680;0.00%
14/08/2013;814;814;814;814;29;23 606;-7.50%
19/08/2013;820;820;820;820;240;196 800;0.74%
20/08/2013;860;860;860;860;100;86 000;4.88%
21/08/2013;925;925;925;925;248;229 400;7.56%
22/08/2013;940;940;940;940;104;97 760;1.62%
23/08/2013;940;940;940;940;30;28 200;0.00%
26/08/2013;940;940;940;940;53;49 820;0.00%
27/08/2013;946;946;946;946;312;295 152;0.64%
29/08/2013;900;900;900;900;9;8 100;-4.86%
30/08/2013;900;900;900;900;48;43 200;0.00%
02/09/2013;900;900;900;900;21;18 900;0.00%
06/09/2013;900;900;900;900;118;106 200;0.00%
09/09/2013;900;900;900;900;30;27 000;0.00%
11/09/2013;900;900;900;900;10;9 000;0.00%
12/09/2013;900;900;900;900;243;218 700;0.00%
13/09/2013;900;900;900;900;40;36 000;0.00%
16/09/2013;900;900;900;900;138;124 200;0.00%
17/09/2013;900;900;900;900;472;424 800;0.00%
18/09/2013;833;833;833;833;177;147 441;-7.44%
19/09/2013;833;833;833;833;6;4 998;0.00%
20/09/2013;880;880;880;880;130;114 400;5.64%
24/09/2013;850;850;850;850;338;287 300;-3.41%
25/09/2013;840;840;840;840;175;147 000;-1.18%
26/09/2013;780;780;780;780;99;77 220;-7.14%
30/09/2013;790;790;790;790;10;7 900;1.28%
01/10/2013;800;800;800;800;112;89 600;1.27%
03/10/2013;839;839;839;839;750;629 250;4.88%
04/10/2013;840;840;840;840;22;18 480;0.12%
07/10/2013;840;840;840;840;87;73 080;0.00%
08/10/2013;840;840;840;840;45;37 800;0.00%
09/10/2013;840;840;840;840;3;2 520;0.00%
10/10/2013;840;840;840;840;30;25 200;0.00%
14/10/2013;890;890;890;890;30;26 700;5.95%
16/10/2013;860;860;860;860;30;25 800;-3.37%
18/10/2013;865;865;865;865;100;86 500;0.58%
21/10/2013;880;880;880;880;7;6 160;1.73%
22/10/2013;880;880;880;880;50;44 000;0.00%
24/10/2013;902;902;902;902;28;25 256;2.50%
25/10/2013;902;902;902;902;35;31 570;0.00%
28/10/2013;900;900;900;900;600;540 000;-0.22%
29/10/2013;840;840;840;840;305;256 200;-6.67%
31/10/2013;796;796;796;796;186;148 056;-5.24%
04/11/2013;840;840;840;840;1 502;1 261 680;5.53%
05/11/2013;860;860;860;860;18;15 480;2.38%
06/11/2013;860;860;860;860;18;15 480;0.00%
07/11/2013;860;860;860;860;49;42 140;0.00%
11/11/2013;900;900;900;900;64;57 600;4.65%
12/11/2013;900;900;900;900;26;23 400;0.00%
13/11/2013;910;910;910;910;9;8 190;1.11%
18/11/2013;914;914;914;914;12;10 968;0.44%
19/11/2013;914;914;914;914;103;94 142;0.00%
20/11/2013;920;920;920;920;223;205 160;0.66%
22/11/2013;922;922;922;922;15;13 830;0.22%
25/11/2013;923;923;923;923;19;17 537;0.11%
26/11/2013;930;930;930;930;51;47 430;0.76%
27/11/2013;930;930;930;930;301;279 930;0.00%
29/11/2013;922;922;922;922;6;5 532;-0.86%
02/12/2013;920;920;920;920;107;98 440;-0.22%
03/12/2013;920;920;920;920;16;14 720;0.00%
04/12/2013;920;920;920;920;195;179 400;0.00%
05/12/2013;900;900;900;900;104;93 600;-2.17%
06/12/2013;840;840;840;840;20;16 800;-6.67%
09/12/2013;900;900;900;900;585;526 500;7.14%
11/12/2013;968;968;968;968;31;30 008;7.56%
12/12/2013;1 040;1 040;1 040;1 040;450;468 000;7.44%
16/12/2013;1 040;1 040;1 040;1 040;115;119 600;0.00%
17/12/2013;1 040;1 040;1 040;1 040;6;6 240;0.00%
18/12/2013;1 118;1 118;1 118;1 118;5;5 590;7.50%
19/12/2013;1 118;1 118;1 118;1 118;107;119 626;0.00%
20/12/2013;1 120;1 120;1 120;1 120;13;14 560;0.18%
24/12/2013;1 204;1 204;1 204;1 204;5;6 020;7.50%
26/12/2013;1 204;1 204;1 204;1 204;125;150 500;0.00%
27/12/2013;1 204;1 204;1 204;1 204;617;742 868;0.00%
30/12/2013;1 204;1 204;1 204;1 204;15;18 060;0.00%
31/12/2013;1 204;1 204;1 204;1 204;39;46 956;0.00%
02/01/2014;1 220;1 220;1 220;1 220;25;30 500;1.33%
03/01/2014;1 220;1 220;1 220;1 220;8;9 760;0.00%
06/01/2014;1 312;1 312;1 312;1 312;16;20 992;7.54%
07/01/2014;1 312;1 312;1 312;1 312;28;36 736;0.00%
08/01/2014;1 312;1 312;1 312;1 312;2;2 624;0.00%
09/01/2014;1 260;1 260;1 260;1 260;20;25 200;-3.96%
14/01/2014;1 210;1 210;1 210;1 210;45;54 450;-3.97%
15/01/2014;1 210;1 210;1 210;1 210;22;26 620;0.00%
16/01/2014;1 200;1 200;1 200;1 200;60;72 000;-0.83%
17/01/2014;1 210;1 210;1 210;1 210;3;3 630;0.83%
20/01/2014;1 200;1 200;1 200;1 200;3;3 600;-0.83%
21/01/2014;1 200;1 200;1 200;1 200;40;48 000;0.00%
22/01/2014;1 142;1 142;1 142;1 142;4;4 568;-4.83%
23/01/2014;1 160;1 160;1 160;1 160;62;71 920;1.58%
24/01/2014;1 190;1 190;1 190;1 190;2;2 380;2.59%
27/01/2014;1 160;1 160;1 160;1 160;45;52 200;-2.52%
28/01/2014;1 149;1 149;1 149;1 149;3;3 447;-0.95%
29/01/2014;1 120;1 120;1 120;1 120;13;14 560;-2.52%
30/01/2014;1 140;1 140;1 140;1 140;41;46 740;1.79%
03/02/2014;1 120;1 120;1 120;1 120;10;11 200;-1.75%
06/02/2014;1 120;1 120;1 120;1 120;30;33 600;0.00%
07/02/2014;1 190;1 190;1 190;1 190;96;114 240;6.25%
10/02/2014;1 279;1 279;1 279;1 279;162;207 198;7.48%
13/02/2014;1 240;1 240;1 240;1 240;95;117 800;-3.05%
14/02/2014;1 240;1 240;1 240;1 240;66;81 840;0.00%
17/02/2014;1 200;1 200;1 200;1 200;45;54 000;-3.23%
20/02/2014;1 200;1 200;1 200;1 200;3;3 600;0.00%
21/02/2014;1 200;1 200;1 200;1 200;15;18 000;0.00%
24/02/2014;1 160;1 160;1 160;1 160;9;10 440;-3.33%
25/02/2014;1 180;1 180;1 180;1 180;12;14 160;1.72%
26/02/2014;1 140;1 140;1 140;1 140;16;18 240;-3.39%
28/02/2014;1 140;1 140;1 140;1 140;37;42 180;0.00%
03/03/2014;1 120;1 120;1 120;1 120;67;75 040;-1.75%
04/03/2014;1 140;1 140;1 140;1 140;76;86 640;1.79%
05/03/2014;1 120;1 120;1 120;1 120;78;87 360;-1.75%
06/03/2014;1 140;1 140;1 140;1 140;186;212 040;1.79%
07/03/2014;1 120;1 120;1 120;1 120;102;114 240;-1.75%
10/03/2014;1 120;1 120;1 120;1 120;65;72 800;0.00%
11/03/2014;1 120;1 120;1 120;1 120;179;200 480;0.00%
12/03/2014;1 120;1 120;1 120;1 120;82;91 840;0.00%
14/03/2014;1 060;1 060;1 060;1 060;165;174 900;-5.36%
17/03/2014;1 080;1 080;1 080;1 080;34;36 720;1.89%
18/03/2014;1 040;1 040;1 040;1 040;10;10 400;-3.70%
19/03/2014;1 040;1 040;1 040;1 040;63;65 520;0.00%
20/03/2014;1 040;1 040;1 040;1 040;3;3 120;0.00%
24/03/2014;1 080;1 080;1 080;1 080;77;83 160;0.00%
25/03/2014;1 080;1 080;1 080;1 080;8;8 640;0.00%
27/03/2014;1 120;1 120;1 120;1 120;26;29 120;3.70%
31/03/2014;1 130;1 130;1 130;1 130;60;67 800;0.89%
01/04/2014;1 120;1 120;1 120;1 120;10;11 200;-0.88%
02/04/2014;1 120;1 120;1 120;1 120;32;35 840;0.00%
03/04/2014;1 120;1 120;1 120;1 120;8;8 960;0.00%
04/04/2014;1 140;1 140;1 140;1 140;31;35 340;1.79%
07/04/2014;1 200;1 200;1 200;1 200;23;27 600;5.26%
08/04/2014;1 200;1 200;1 200;1 200;4;4 800;0.00%
09/04/2014;1 160;1 160;1 160;1 160;8;9 280;-3.33%
10/04/2014;1 160;1 160;1 160;1 160;65;75 400;0.00%
11/04/2014;1 160;1 160;1 160;1 160;39;45 240;0.00%
14/04/2014;1 160;1 160;1 160;1 160;40;46 400;0.00%
15/04/2014;1 140;1 140;1 140;1 140;37;42 180;-1.72%
16/04/2014;1 100;1 100;1 100;1 100;56;61 600;-3.51%
17/04/2014;1 100;1 100;1 100;1 100;10;11 000;0.00%
18/04/2014;1 090;1 090;1 090;1 090;7;7 630;-0.91%
22/04/2014;1 100;1 100;1 100;1 100;3;3 300;0.92%
23/04/2014;1 100;1 100;1 100;1 100;14;15 400;0.00%
24/04/2014;1 100;1 100;1 100;1 100;2;2 200;0.00%
25/04/2014;1 080;1 080;1 080;1 080;24;25 920;-1.82%
28/04/2014;1 080;1 080;1 080;1 080;3;3 240;0.00%
29/04/2014;1 050;1 050;1 050;1 050;17;17 850;-2.78%
30/04/2014;1 090;1 090;1 090;1 090;33;35 970;3.81%
02/05/2014;1 090;1 090;1 090;1 090;20;21 800;0.00%
05/05/2014;1 090;1 090;1 090;1 090;11;11 990;0.00%
07/05/2014;1 060;1 060;1 060;1 060;25;26 500;-2.75%
08/05/2014;1 000;1 000;1 000;1 000;20;20 000;-5.66%
09/05/2014;1 000;1 000;1 000;1 000;1;1 000;0.00%
12/05/2014;980;980;980;980;13;12 740;-2.00%
13/05/2014;1 000;1 000;1 000;1 000;15;15 000;2.04%
15/05/2014;1 000;1 000;1 000;1 000;2;2 000;0.00%
16/05/2014;1 000;1 000;1 000;1 000;8;8 000;0.00%
19/05/2014;1 000;1 000;1 000;1 000;305;305 000;0.00%
20/05/2014;1 010;1 010;1 010;1 010;9;9 090;1.00%
21/05/2014;940;940;940;940;53;49 820;-6.93%
23/05/2014;940;940;940;940;30;28 200;0.00%
26/05/2014;940;940;940;940;10;9 400;0.00%
27/05/2014;940;940;940;940;131;123 140;0.00%
28/05/2014;940;940;940;940;22;20 680;0.00%
30/05/2014;940;940;940;940;8;7 520;0.00%
02/06/2014;940;940;940;940;141;132 540;0.00%
03/06/2014;900;900;900;900;59;53 100;-4.26%
04/06/2014;900;900;900;900;26;23 400;0.00%
05/06/2014;900;900;900;900;25;22 500;0.00%
06/06/2014;920;920;920;920;26;23 920;2.22%
11/06/2014;940;940;940;940;32;30 080;2.17%
12/06/2014;960;960;960;960;31;29 760;2.13%
13/06/2014;944;944;944;944;76;71 744;-1.67%
16/06/2014;944;944;944;944;35;33 040;0.00%
18/06/2014;940;940;940;940;3;2 820;-0.42%
23/06/2014;920;920;920;920;29;26 680;0.00%
24/06/2014;940;940;940;940;76;71 440;2.17%
25/06/2014;920;920;920;920;20;18 400;-2.13%
26/06/2014;960;960;960;960;17;16 320;4.35%
01/07/2014;980;980;980;980;68;66 640;2.08%
02/07/2014;1 000;1 000;1 000;1 000;1;1 000;2.04%
04/07/2014;970;970;970;970;86;83 420;-3.00%
07/07/2014;960;960;960;960;2;1 920;-1.03%
08/07/2014;960;960;960;960;7;6 720;0.00%
09/07/2014;960;960;960;960;8;7 680;0.00%
10/07/2014;921;921;921;921;294;270 774;-4.06%
17/07/2014;940;940;940;940;25;23 500;2.06%
18/07/2014;940;940;940;940;500;470 000;0.00%
21/07/2014;940;940;940;940;185;173 900;0.00%
22/07/2014;980;980;980;980;221;216 580;4.26%
23/07/2014;960;960;960;960;9;8 640;-2.04%
25/07/2014;940;940;940;940;103;96 820;-2.08%
29/07/2014;940;940;940;940;21;19 740;0.00%
31/07/2014;980;980;980;980;159;155 820;4.26%
01/08/2014;944;944;944;944;20;18 880;-3.67%
04/08/2014;944;944;944;944;65;61 360;0.00%
05/08/2014;970;970;970;970;13;12 610;2.75%
06/08/2014;944;944;944;944;25;23 600;-2.68%
07/08/2014;944;944;944;944;1 250;1 180 000;0.00%
08/08/2014;1 000;1 000;1 000;1 000;830;830 000;5.93%
11/08/2014;1 000;1 000;1 000;1 000;255;255 000;0.00%
12/08/2014;1 040;1 040;1 040;1 040;10;10 400;4.00%
13/08/2014;1 040;1 040;1 040;1 040;5;5 200;0.00%
14/08/2014;1 000;1 000;1 000;1 000;62;62 000;-3.85%
18/08/2014;1 000;1 000;1 000;1 000;3;3 000;0.00%
19/08/2014;1 000;1 000;1 000;1 000;7;7 000;0.00%
20/08/2014;1 000;1 000;1 000;1 000;136;136 000;0.00%
22/08/2014;1 000;1 000;1 000;1 000;16;16 000;0.00%
25/08/2014;1 000;1 000;1 000;1 000;34;34 000;0.00%
26/08/2014;1 000;1 000;1 000;1 000;1;1 000;0.00%
27/08/2014;1 040;1 040;1 040;1 040;49;50 960;4.00%
28/08/2014;1 040;1 040;1 040;1 040;16;16 640;0.00%
29/08/2014;1 060;1 060;1 060;1 060;28;29 680;1.92%
01/09/2014;1 000;1 000;1 000;1 000;13;13 000;-5.66%
02/09/2014;1 000;1 000;1 000;1 000;234;234 000;0.00%
03/09/2014;1 000;1 000;1 000;1 000;96;96 000;0.00%
04/09/2014;970;970;970;970;30;29 100;-3.00%
05/09/2014;1 020;1 020;1 020;1 020;24;24 480;5.15%
08/09/2014;1 000;1 000;1 000;1 000;65;65 000;-1.96%
09/09/2014;1 000;1 000;1 000;1 000;8;8 000;0.00%
10/09/2014;1 000;1 000;1 000;1 000;9;9 000;0.00%
12/09/2014;1 004;1 004;1 004;1 004;168;168 672;0.40%
16/09/2014;1 000;1 000;1 000;1 000;8;8 000;-0.40%
19/09/2014;1 060;1 060;1 060;1 060;4;4 240;0.00%
23/09/2014;1 001;1 001;1 001;1 001;21;21 021;-5.57%
24/09/2014;1 001;1 001;1 001;1 001;84;84 084;0.00%
25/09/2014;1 054;1 054;1 054;1 054;82;86 428;5.29%
26/09/2014;1 050;1 050;1 050;1 050;6;6 300;-0.38%
29/09/2014;1 054;1 054;1 054;1 054;41;43 214;0.38%
30/09/2014;1 060;1 060;1 060;1 060;54;57 240;0.57%
01/10/2014;1 100;1 100;1 100;1 100;45;49 500;3.77%
02/10/2014;1 100;1 100;1 100;1 100;6;6 600;0.00%
06/10/2014;1 134;1 134;1 134;1 134;5;5 670;3.09%
08/10/2014;1 110;1 110;1 110;1 110;20;22 200;-2.12%
09/10/2014;1 110;1 110;1 110;1 110;271;300 810;0.00%
13/10/2014;1 110;1 110;1 110;1 110;212;235 320;0.00%
14/10/2014;1 100;1 100;1 100;1 100;50;55 000;-0.90%
15/10/2014;1 110;1 110;1 110;1 110;100;111 000;0.91%
16/10/2014;1 110;1 110;1 110;1 110;33;36 630;0.00%
17/10/2014;1 120;1 120;1 120;1 120;3;3 360;0.90%
20/10/2014;1 120;1 120;1 120;1 120;209;234 080;0.00%
21/10/2014;1 120;1 120;1 120;1 120;21;23 520;0.00%
22/10/2014;1 110;1 110;1 110;1 110;56;62 160;-0.89%
23/10/2014;1 110;1 110;1 110;1 110;107;118 770;0.00%
24/10/2014;1 110;1 110;1 110;1 110;27;29 970;0.00%
27/10/2014;1 110;1 110;1 110;1 110;3;3 330;0.00%
28/10/2014;1 120;1 120;1 120;1 120;57;63 840;0.90%
29/10/2014;1 111;1 111;1 111;1 111;45;49 995;-0.80%
30/10/2014;1 111;1 111;1 111;1 111;1;1 111;0.00%
31/10/2014;1 110;1 110;1 110;1 110;7;7 770;-0.09%
03/11/2014;1 110;1 110;1 110;1 110;62;68 820;0.00%
04/11/2014;1 110;1 110;1 110;1 110;2;2 220;0.00%
06/11/2014;1 160;1 160;1 160;1 160;30;34 800;4.50%
10/11/2014;1 100;1 100;1 100;1 100;3;3 300;-5.17%
12/11/2014;1 110;1 110;1 110;1 110;40;44 400;0.91%
13/11/2014;1 120;1 120;1 120;1 120;33;36 960;0.90%
14/11/2014;1 120;1 120;1 120;1 120;34;38 080;0.00%
18/11/2014;1 200;1 200;1 200;1 200;63;75 600;7.14%
20/11/2014;1 120;1 120;1 120;1 120;35;39 200;-6.67%
21/11/2014;1 120;1 120;1 120;1 120;85;95 200;0.00%
26/11/2014;1 120;1 120;1 120;1 120;27;30 240;0.00%
27/11/2014;1 110;1 110;1 110;1 110;40;44 400;-0.89%
28/11/2014;1 110;1 110;1 110;1 110;2;2 220;0.00%
01/12/2014;1 111;1 111;1 111;1 111;53;58 883;0.09%
02/12/2014;1 110;1 110;1 110;1 110;140;155 400;-0.09%
08/12/2014;1 110;1 110;1 110;1 110;262;290 820;0.00%
09/12/2014;1 120;1 120;1 120;1 120;3;3 360;0.90%
10/12/2014;1 110;1 110;1 110;1 110;18;19 980;-0.89%
11/12/2014;1 110;1 110;1 110;1 110;10;11 100;0.00%
12/12/2014;1 110;1 110;1 110;1 110;1;1 110;0.00%
15/12/2014;1 110;1 110;1 110;1 110;3;3 330;0.00%
18/12/2014;1 120;1 120;1 120;1 120;138;154 560;0.90%
19/12/2014;1 200;1 200;1 200;1 200;170;204 000;7.14%
22/12/2014;1 200;1 200;1 200;1 200;60;72 000;0.00%
23/12/2014;1 214;1 214;1 214;1 214;101;122 614;1.17%
26/12/2014;1 200;1 200;1 200;1 200;16;19 200;-1.15%
29/12/2014;1 200;1 200;1 200;1 200;39;46 800;0.00%
30/12/2014;1 200;1 200;1 200;1 200;10;12 000;0.00%
31/12/2014;1 200;1 200;1 200;1 200;10;12 000;0.00%
08/01/2015;1 198;1 198;1 198;1 198;14;16 772;-0.17%
12/01/2015;1 110;1 110;1 110;1 110;4;4 440;-7.35%
13/01/2015;1 110;1 110;1 110;1 110;13;14 430;0.00%
14/01/2015;1 110;1 110;1 110;1 110;54;59 940;0.00%
15/01/2015;1 084;1 084;1 084;1 084;132;143 088;-2.34%
20/01/2015;1 084;1 084;1 084;1 084;93;100 812;0.00%
21/01/2015;1 084;1 084;1 084;1 084;20;21 680;0.00%
22/01/2015;1 108;1 108;1 108;1 108;21;23 268;2.21%
23/01/2015;1 110;1 110;1 110;1 110;185;205 350;0.18%
26/01/2015;1 084;1 084;1 084;1 084;75;81 300;-2.34%
27/01/2015;1 100;1 100;1 100;1 100;146;160 600;1.48%
28/01/2015;1 110;1 110;1 110;1 110;28;31 080;0.91%
29/01/2015;1 192;1 192;1 192;1 192;9;10 728;7.39%
30/01/2015;1 198;1 198;1 198;1 198;5;5 990;0.50%
04/02/2015;1 198;1 198;1 198;1 198;2;2 396;0.00%
06/02/2015;1 160;1 160;1 160;1 160;5;5 800;-3.17%
09/02/2015;1 160;1 160;1 160;1 160;250;290 000;0.00%
11/02/2015;1 160;1 160;1 160;1 160;11;12 760;0.00%
12/02/2015;1 160;1 160;1 160;1 160;85;98 600;0.00%
16/02/2015;1 160;1 160;1 160;1 160;61;70 760;0.00%
19/02/2015;1 180;1 180;1 180;1 180;24;28 320;1.72%
20/02/2015;1 160;1 160;1 160;1 160;7;8 120;-1.69%
24/02/2015;1 100;1 100;1 100;1 100;4;4 400;-5.17%
25/02/2015;1 100;1 100;1 100;1 100;29;31 900;0.00%
26/02/2015;1 140;1 140;1 140;1 140;21;23 940;3.64%
27/02/2015;1 140;1 140;1 140;1 140;28;31 920;0.00%
02/03/2015;1 226;1 226;1 226;1 226;10;12 260;7.54%
03/03/2015;1 300;1 300;1 300;1 300;156;202 800;6.04%
04/03/2015;1 300;1 300;1 300;1 300;18;23 400;0.00%
05/03/2015;1 300;1 300;1 300;1 300;46;59 800;0.00%
06/03/2015;1 300;1 300;1 300;1 300;125;162 500;0.00%
09/03/2015;1 300;1 300;1 300;1 300;762;990 600;0.00%
11/03/2015;1 203;1 203;1 203;1 203;2;2 406;-7.46%
12/03/2015;1 180;1 180;1 180;1 180;310;365 800;-1.91%
13/03/2015;1 180;1 180;1 180;1 180;30;35 400;0.00%
18/03/2015;1 180;1 180;1 180;1 180;12;14 160;-6.65%
19/03/2015;1 269;1 269;1 269;1 269;5;6 345;7.54%
20/03/2015;1 300;1 300;1 300;1 300;5;6 500;2.44%
24/03/2015;1 300;1 300;1 300;1 300;15;19 500;0.00%
26/03/2015;1 260;1 260;1 260;1 260;50;63 000;-3.08%
27/03/2015;1 260;1 260;1 260;1 260;59;74 340;0.00%
30/03/2015;1 200;1 200;1 200;1 200;376;451 200;-4.76%
31/03/2015;1 200;1 200;1 200;1 200;10;12 000;0.00%
01/04/2015;1 200;1 200;1 200;1 200;5;6 000;0.00%
02/04/2015;1 200;1 200;1 200;1 200;13;15 600;0.00%
03/04/2015;1 190;1 190;1 190;1 190;5;5 950;-0.83%
06/04/2015;1 190;1 190;1 190;1 190;250;297 500;0.00%
07/04/2015;1 180;1 180;1 180;1 180;13;15 340;-0.84%
09/04/2015;1 140;1 140;1 140;1 140;79;90 060;-3.39%
10/04/2015;1 100;1 100;1 100;1 100;36;39 600;-3.51%
13/04/2015;1 100;1 100;1 100;1 100;8;8 800;0.00%
14/04/2015;1 180;1 180;1 180;1 180;119;140 420;7.27%
15/04/2015;1 260;1 260;1 260;1 260;6;7 560;6.78%
17/04/2015;1 190;1 190;1 190;1 190;13;15 470;-5.56%
20/04/2015;1 190;1 190;1 190;1 190;153;182 070;0.00%
21/04/2015;1 180;1 180;1 180;1 180;15;17 700;-0.84%
22/04/2015;1 180;1 180;1 180;1 180;35;41 300;0.00%
23/04/2015;1 178;1 178;1 178;1 178;6;7 068;-0.17%
24/04/2015;1 178;1 178;1 178;1 178;5;5 890;0.00%
28/04/2015;1 160;1 160;1 160;1 160;13;15 080;-1.53%
04/05/2015;1 130;1 130;1 130;1 130;3;3 390;-2.59%
06/05/2015;1 128;1 128;1 128;1 128;17;19 176;-0.18%
11/05/2015;1 140;1 140;1 140;1 140;307;349 980;1.06%
12/05/2015;1 140;1 140;1 140;1 140;8;9 120;0.00%
13/05/2015;1 140;1 140;1 140;1 140;5;5 700;0.00%
14/05/2015;1 140;1 140;1 140;1 140;250;285 000;0.00%
15/05/2015;1 140;1 140;1 140;1 140;5;5 700;0.00%
18/05/2015;1 140;1 140;1 140;1 140;32;36 480;0.00%
19/05/2015;1 140;1 140;1 140;1 140;11;12 540;0.00%
21/05/2015;1 150;1 150;1 150;1 150;25;28 750;0.88%
22/05/2015;1 140;1 140;1 140;1 140;50;57 000;-0.87%
25/05/2015;1 140;1 140;1 140;1 140;2 500;2 850 000;0.00%
26/05/2015;1 140;1 140;1 140;1 140;15;17 100;0.00%
27/05/2015;1 100;1 100;1 100;1 100;13;14 300;-3.51%
28/05/2015;1 140;1 140;1 140;1 140;29;33 060;3.64%
29/05/2015;1 140;1 140;1 140;1 140;194;221 160;0.00%
01/06/2015;1 140;1 140;1 140;1 140;60;68 400;0.00%
02/06/2015;1 140;1 140;1 140;1 140;62;70 680;0.00%
03/06/2015;1 140;1 140;1 140;1 140;12;13 680;0.00%
04/06/2015;1 140;1 140;1 140;1 140;6;6 840;0.00%
05/06/2015;1 140;1 140;1 140;1 140;2;2 280;0.00%
08/06/2015;1 120;1 120;1 120;1 120;87;97 440;-1.75%
09/06/2015;1 140;1 140;1 140;1 140;3;3 420;1.79%
10/06/2015;1 140;1 140;1 140;1 140;60;68 400;0.00%
11/06/2015;1 140;1 140;1 140;1 140;6;6 840;0.00%
12/06/2015;1 160;1 160;1 160;1 160;24;27 840;1.75%
16/06/2015;1 160;1 160;1 160;1 160;127;147 320;0.00%
17/06/2015;1 180;1 180;1 180;1 180;3;3 540;1.72%
19/06/2015;1 180;1 180;1 180;1 180;146;172 280;0.00%
22/06/2015;1 180;1 180;1 180;1 180;13;15 340;0.00%
23/06/2015;1 180;1 180;1 180;1 180;2;2 360;0.00%
24/06/2015;1 182;1 182;1 182;1 182;7;8 274;0.17%
25/06/2015;1 200;1 200;1 200;1 200;67;80 400;1.52%
26/06/2015;1 200;1 200;1 200;1 200;3;3 600;0.00%
29/06/2015;1 202;1 202;1 202;1 202;5;6 010;0.17%
30/06/2015;1 202;1 202;1 202;1 202;162;194 724;0.00%
02/07/2015;1 240;1 240;1 240;1 240;3;3 720;3.16%
03/07/2015;1 300;1 300;1 300;1 300;341;443 300;4.84%
06/07/2015;1 300;1 300;1 300;1 300;2 137;2 778 100;0.00%
07/07/2015;1 300;1 300;1 300;1 300;74;96 200;0.00%
08/07/2015;1 300;1 300;1 300;1 300;19;24 700;0.00%
09/07/2015;1 300;1 300;1 300;1 300;35;45 500;0.00%
13/07/2015;1 310;1 310;1 310;1 310;94;123 140;0.77%
14/07/2015;1 310;1 310;1 310;1 310;4 700;6 157 000;0.00%
15/07/2015;1 310;1 310;1 310;1 310;141;184 710;0.00%
16/07/2015;1 330;1 330;1 330;1 330;89;118 370;1.53%
17/07/2015;1 330;1 330;1 330;1 330;4 450;5 918 500;0.00%
20/07/2015;1 330;1 330;1 330;1 330;30;39 900;0.00%
21/07/2015;1 330;1 330;1 330;1 330;11;14 630;0.00%
22/07/2015;1 330;1 330;1 330;1 330;35;46 550;0.00%
23/07/2015;1 307;1 307;1 307;1 307;70;91 490;-1.73%
24/07/2015;1 330;1 330;1 330;1 330;292;388 360;1.76%
27/07/2015;1 330;1 330;1 330;1 330;11;14 630;0.00%
28/07/2015;1 330;1 330;1 330;1 330;24;31 920;0.00%
29/07/2015;1 340;1 340;1 340;1 340;120;160 800;0.75%
30/07/2015;1 340;1 340;1 340;1 340;94;125 960;0.00%
31/07/2015;1 370;1 370;1 370;1 370;13;17 810;2.24%
03/08/2015;1 340;1 340;1 340;1 340;159;213 060;-2.19%
04/08/2015;1 340;1 340;1 340;1 340;61;81 740;0.00%
05/08/2015;1 330;1 330;1 330;1 330;19;25 270;-0.75%
06/08/2015;1 340;1 340;1 340;1 340;213;285 420;0.75%
07/08/2015;1 340;1 340;1 340;1 340;10 650;14 271 000;0.00%
10/08/2015;1 350;1 350;1 350;1 350;44;59 400;0.75%
11/08/2015;1 360;1 360;1 360;1 360;5;6 800;0.74%
12/08/2015;1 380;1 380;1 380;1 380;58;80 040;1.47%
13/08/2015;1 400;1 400;1 400;1 400;30;42 000;1.45%
14/08/2015;1 400;1 400;1 400;1 400;14;19 600;0.00%
17/08/2015;1 380;1 380;1 380;1 380;12;16 560;-1.43%
18/08/2015;1 360;1 360;1 360;1 360;1 219;1 657 840;-1.45%
19/08/2015;1 380;1 380;1 380;1 380;10;13 800;1.47%
20/08/2015;1 380;1 380;1 380;1 380;3;4 140;0.00%
21/08/2015;1 330;1 330;1 330;1 330;51;67 830;-3.62%
24/08/2015;1 350;1 350;1 350;1 350;13;17 550;1.50%
25/08/2015;1 350;1 350;1 350;1 350;59;79 650;0.00%
26/08/2015;1 360;1 360;1 360;1 360;163;221 680;0.74%
27/08/2015;1 360;1 360;1 360;1 360;1 148;1 561 280;0.00%
28/08/2015;1 352;1 352;1 352;1 352;11;14 872;-0.59%
31/08/2015;1 420;1 420;1 420;1 420;2 267;3 219 140;5.03%
01/09/2015;1 420;1 420;1 420;1 420;403;572 260;0.00%
02/09/2015;1 460;1 460;1 460;1 460;870;1 270 200;2.82%
03/09/2015;1 430;1 430;1 430;1 430;1 265;1 808 950;-2.05%
07/09/2015;1 430;1 430;1 430;1 430;90;128 700;0.00%
08/09/2015;1 420;1 420;1 420;1 420;4;5 680;-0.70%
09/09/2015;1 400;1 400;1 400;1 400;34;47 600;-1.41%
10/09/2015;1 410;1 410;1 410;1 410;109;153 690;0.71%
11/09/2015;1 428;1 428;1 428;1 428;106;151 368;1.28%
15/09/2015;1 428;1 428;1 428;1 428;6;8 568;-2.19%
16/09/2015;1 430;1 430;1 430;1 430;50;71 500;0.14%
17/09/2015;1 460;1 460;1 460;1 460;44;64 240;2.10%
18/09/2015;1 460;1 460;1 460;1 460;34;49 640;0.00%
21/09/2015;1 440;1 440;1 440;1 440;5;7 200;-1.37%
22/09/2015;1 440;1 440;1 440;1 440;49;70 560;0.00%
25/09/2015;1 440;1 440;1 440;1 440;60;86 400;0.00%
28/09/2015;1 440;1 440;1 440;1 440;1;1 440;0.00%
29/09/2015;1 440;1 440;1 440;1 440;32;46 080;0.00%
30/09/2015;1 440;1 440;1 440;1 440;13;18 720;0.00%
01/10/2015;1 402;1 402;1 402;1 402;78;109 356;-2.64%
02/10/2015;1 420;1 420;1 420;1 420;354;502 680;1.28%
05/10/2015;1 421;1 421;1 421;1 421;15;21 315;0.07%
06/10/2015;1 450;1 450;1 450;1 450;16;23 200;2.04%
07/10/2015;1 450;1 450;1 450;1 450;315;456 750;0.00%
09/10/2015;1 420;1 420;1 420;1 420;5;7 100;-2.07%
12/10/2015;1 440;1 440;1 440;1 440;4;5 760;1.41%
13/10/2015;1 430;1 430;1 430;1 430;32;45 760;-0.69%
14/10/2015;1 420;1 420;1 420;1 420;43;61 060;-0.70%
15/10/2015;1 450;1 450;1 450;1 450;2 057;2 982 650;2.11%
16/10/2015;1 420;1 420;1 420;1 420;76;107 920;-2.07%
19/10/2015;1 420;1 420;1 420;1 420;5;7 100;0.00%
20/10/2015;1 420;1 420;1 420;1 420;20;28 400;0.00%
21/10/2015;1 420;1 420;1 420;1 420;42;59 640;0.00%
22/10/2015;1 421;1 421;1 421;1 421;6;8 526;0.07%
23/10/2015;1 430;1 430;1 430;1 430;50;71 500;0.63%
26/10/2015;1 421;1 421;1 421;1 421;5;7 105;-0.63%
27/10/2015;1 420;1 420;1 420;1 420;35;49 700;-0.07%
28/10/2015;1 420;1 420;1 420;1 420;12;17 040;0.00%
29/10/2015;1 450;1 450;1 450;1 450;1 492;2 163 400;2.11%
30/10/2015;1 450;1 450;1 450;1 450;7;10 150;0.00%
02/11/2015;1 500;1 500;1 500;1 500;129;193 500;3.45%
03/11/2015;1 500;1 500;1 500;1 500;17;25 500;0.00%
04/11/2015;1 500;1 500;1 500;1 500;225;337 500;0.00%
05/11/2015;1 548;1 548;1 548;1 548;26;40 248;3.20%
09/11/2015;1 548;1 548;1 548;1 548;282;436 536;0.00%
11/11/2015;1 548;1 548;1 548;1 548;918;1 421 064;0.00%
12/11/2015;1 500;1 500;1 500;1 500;31;46 500;-3.10%
16/11/2015;1 548;1 548;1 548;1 548;58;89 784;3.20%
17/11/2015;1 503;1 503;1 503;1 503;510;766 530;-2.91%
18/11/2015;1 500;1 500;1 500;1 500;15;22 500;-0.20%
19/11/2015;1 504;1 504;1 504;1 504;1;1 504;0.27%
20/11/2015;1 520;1 520;1 520;1 520;50;76 000;1.06%
23/11/2015;1 504;1 504;1 504;1 504;10;15 040;-1.05%
24/11/2015;1 530;1 530;1 530;1 530;25;38 250;1.73%
25/11/2015;1 510;1 510;1 510;1 510;13;19 630;-1.31%
27/11/2015;1 512;1 512;1 512;1 512;5;7 560;0.13%
01/12/2015;1 514;1 514;1 514;1 514;3;4 542;0.13%
02/12/2015;1 540;1 540;1 540;1 540;9;13 860;1.72%
03/12/2015;1 500;1 500;1 500;1 500;52;78 000;-2.60%
04/12/2015;1 500;1 500;1 500;1 500;27;40 500;0.00%
07/12/2015;1 613;1 613;1 613;1 613;1;1 613;7.53%
08/12/2015;1 720;1 720;1 720;1 720;62;106 640;6.63%
10/12/2015;1 710;1 710;1 710;1 710;34;58 140;-0.58%
18/12/2015;1 582;1 582;1 582;1 582;5;7 910;-7.49%
22/12/2015;1 500;1 500;1 500;1 500;2;3 000;-5.18%
23/12/2015;1 388;1 388;1 388;1 388;23;31 924;-7.47%
24/12/2015;1 388;1 388;1 388;1 388;1 150;1 595 625;-0.04%
25/12/2015;1 388;1 388;1 388;1 388;1 150;1 595 625;0.00%
28/12/2015;1 370;1 370;1 370;1 370;20;27 400;-1.26%
29/12/2015;1 388;1 388;1 388;1 388;50;69 400;1.31%
05/01/2016;1 284;1 284;1 284;1 284;7;8 988;-7.49%
06/01/2016;1 300;1 300;1 300;1 300;1;1 300;1.25%
07/01/2016;1 320;1 320;1 320;1 320;26;34 320;1.54%
08/01/2016;1 380;1 380;1 380;1 380;36;49 680;4.55%
11/01/2016;1 322;1 322;1 322;1 322;153;202 266;-4.20%
12/01/2016;1 380;1 380;1 380;1 380;12;16 560;4.39%
13/01/2016;1 380;1 380;1 380;1 380;47;64 860;0.00%
14/01/2016;1 320;1 320;1 320;1 320;590;778 800;-4.35%
19/01/2016;1 320;1 320;1 320;1 320;65;85 800;0.00%
20/01/2016;1 350;1 350;1 350;1 350;5;6 750;2.27%
21/01/2016;1 350;1 350;1 350;1 350;5;6 750;0.00%
22/01/2016;1 380;1 380;1 380;1 380;16;22 080;2.22%
25/01/2016;1 380;1 380;1 380;1 380;21;28 980;0.00%
26/01/2016;1 350;1 350;1 350;1 350;72;97 200;-2.17%
27/01/2016;1 380;1 380;1 380;1 380;38;52 440;2.22%
28/01/2016;1 380;1 380;1 380;1 380;55;75 900;0.00%
29/01/2016;1 380;1 380;1 380;1 380;71;97 980;0.00%
01/02/2016;1 390;1 390;1 390;1 390;65;90 350;0.72%
03/02/2016;1 380;1 380;1 380;1 380;15;20 700;-0.72%
04/02/2016;1 482;1 482;1 482;1 482;35;51 870;7.39%
05/02/2016;1 482;1 482;1 482;1 482;330;489 060;0.00%
08/02/2016;1 460;1 460;1 460;1 460;1;1 460;-1.48%
10/02/2016;1 440;1 440;1 440;1 440;1;1 440;-1.37%
11/02/2016;1 380;1 380;1 380;1 380;24;33 120;-4.17%
12/02/2016;1 380;1 380;1 380;1 380;63;86 940;0.00%
15/02/2016;1 380;1 380;1 380;1 380;52;71 760;0.00%
16/02/2016;1 440;1 440;1 440;1 440;223;321 120;4.35%
18/02/2016;1 500;1 500;1 500;1 500;19;28 500;4.17%
19/02/2016;1 500;1 500;1 500;1 500;98;147 000;0.00%
22/02/2016;1 520;1 520;1 520;1 520;35;53 200;1.33%
23/02/2016;1 600;1 600;1 600;1 600;100;160 000;5.26%
24/02/2016;1 720;1 720;1 720;1 720;263;452 360;7.50%
25/02/2016;1 720;1 720;1 720;1 720;147;252 840;0.00%
26/02/2016;1 720;1 720;1 720;1 720;60;103 200;0.00%
29/02/2016;1 849;1 849;1 849;1 849;1 130;2 089 370;7.50%
01/03/2016;1 840;1 840;1 840;1 840;6;11 040;-0.49%
02/03/2016;1 978;1 978;1 978;1 978;587;1 161 086;7.50%
03/03/2016;1 940;1 940;1 940;1 940;135;261 900;-1.92%
04/03/2016;2 000;2 000;2 000;2 000;36;72 000;3.09%
07/03/2016;2 150;2 150;2 150;2 150;9;19 350;7.50%
08/03/2016;2 311;2 311;2 311;2 311;36;83 196;7.49%
09/03/2016;2 485;2 485;2 485;2 485;1 120;2 783 200;7.53%
11/03/2016;2 500;2 500;2 500;2 500;10;25 000;-2.34%
14/03/2016;2 400;2 400;2 400;2 400;17;40 800;-4.00%
31/03/2016;2 220;2 220;2 220;2 220;135;299 700;-7.50%
01/04/2016;2 264;2 264;2 264;2 264;100;226 400;1.98%
04/04/2016;2 400;2 400;2 400;2 400;1;2 400;6.01%
05/04/2016;2 220;2 220;2 220;2 220;136;301 920;-7.50%
06/04/2016;2 054;2 054;2 054;2 054;11;22 594;-7.48%
08/04/2016;1 900;1 900;1 900;1 900;401;761 900;-7.50%
11/04/2016;1 760;1 760;1 760;1 760;527;927 520;-7.37%
12/04/2016;1 760;1 760;1 760;1 760;17;29 920;0.00%
13/04/2016;1 628;1 628;1 628;1 628;16;26 048;-7.50%
14/04/2016;1 640;1 640;1 640;1 640;5;8 200;0.74%
15/04/2016;1 636;1 636;1 636;1 636;9;14 724;-0.24%
19/04/2016;1 759;1 759;1 759;1 759;50;87 950;7.52%
20/04/2016;1 700;1 700;1 700;1 700;13;22 100;-3.35%
21/04/2016;1 800;1 800;1 800;1 800;154;277 200;5.88%
22/04/2016;1 920;1 920;1 920;1 920;180;345 600;6.67%
25/04/2016;2 040;2 040;2 040;2 040;52;106 080;6.25%
26/04/2016;2 040;2 040;2 040;2 040;125;255 000;0.00%
27/04/2016;2 040;2 040;2 040;2 040;13;26 520;0.00%
28/04/2016;2 000;2 000;2 000;2 000;138;276 000;-1.96%
29/04/2016;2 002;2 002;2 002;2 002;48;96 096;0.10%
02/05/2016;2 002;2 002;2 002;2 002;2 400;4 804 800;0.00%
03/05/2016;2 030;2 030;2 030;2 030;133;269 990;1.40%
04/05/2016;2 040;2 040;2 040;2 040;28;57 120;0.49%
05/05/2016;2 040;2 040;2 040;2 040;1 400;2 856 000;0.00%
06/05/2016;2 120;2 120;2 120;2 120;28;59 360;3.92%
09/05/2016;2 080;2 080;2 080;2 080;30;62 400;-1.89%
10/05/2016;2 000;2 000;2 000;2 000;48;96 000;-3.85%
11/05/2016;2 000;2 000;2 000;2 000;7;14 000;0.00%
12/05/2016;2 000;2 000;2 000;2 000;29;58 000;0.00%
13/05/2016;2 000;2 000;2 000;2 000;52;104 000;0.00%
16/05/2016;2 000;2 000;2 000;2 000;2 600;5 200 000;0.00%
17/05/2016;2 000;2 000;2 000;2 000;11;22 000;0.00%
18/05/2016;2 000;2 000;2 000;2 000;4;8 000;0.00%
19/05/2016;2 120;2 120;2 120;2 120;4;8 480;6.00%
20/05/2016;2 000;2 000;2 000;2 000;197;394 000;-5.66%
23/05/2016;2 080;2 080;2 080;2 080;121;251 680;4.00%
24/05/2016;2 236;2 236;2 236;2 236;31;69 316;7.50%
25/05/2016;2 260;2 260;2 260;2 260;145;327 700;1.07%
26/05/2016;2 300;2 300;2 300;2 300;286;657 800;1.77%
27/05/2016;2 300;2 300;2 300;2 300;7;16 100;0.00%
30/05/2016;2 380;2 380;2 380;2 380;1 176;2 798 880;3.48%
31/05/2016;2 398;2 398;2 398;2 398;3;7 194;0.76%
01/06/2016;2 400;2 400;2 400;2 400;8;19 200;0.08%
02/06/2016;2 580;2 580;2 580;2 580;5;12 900;7.50%
03/06/2016;2 774;2 774;2 774;2 774;25;69 350;7.52%
06/06/2016;2 982;2 982;2 982;2 982;124;369 768;7.50%
07/06/2016;3 205;3 205;3 205;3 205;3;9 615;7.48%
09/06/2016;3 704;3 704;3 704;3 704;1 737;6 433 848;7.52%
10/06/2016;3 700;3 700;3 700;3 700;36;133 200;-0.11%
13/06/2016;3 430;3 430;3 430;3 430;22;75 460;-7.30%
15/06/2016;3 398;3 398;3 398;3 398;9;30 582;-0.93%
16/06/2016;3 143;3 143;3 143;3 143;76;238 868;-7.50%
17/06/2016;3 060;3 060;3 060;3 060;69;211 140;-2.64%
20/06/2016;3 000;3 000;3 000;3 000;247;741 000;-1.96%
21/06/2016;2 980;2 980;2 980;2 980;49;146 020;-0.67%
22/06/2016;2 980;2 980;2 980;2 980;10;29 800;0.00%
23/06/2016;3 120;3 120;3 120;3 120;40;124 800;4.70%
24/06/2016;3 354;3 354;3 354;3 354;101;338 754;7.50%
27/06/2016;3 606;3 606;3 606;3 606;747;2 693 682;7.51%
28/06/2016;3 876;3 876;3 876;3 876;30;116 280;7.49%
29/06/2016;4 167;4 167;4 167;4 167;402;1 675 134;7.51%
30/06/2016;4 400;4 400;4 400;4 400;783;3 445 200;5.59%
01/07/2016;4 070;4 070;4 070;4 070;15;61 050;-7.50%
04/07/2016;3 765;3 765;3 765;3 765;39;146 835;-7.49%
05/07/2016;3 483;3 483;3 483;3 483;74;257 742;-7.49%
06/07/2016;3 483;3 483;3 483;3 483;3 700;12 885 250;-0.01%
07/07/2016;3 221;3 221;3 221;3 221;15;48 315;-7.51%
08/07/2016;2 980;2 980;2 980;2 980;54;160 920;-7.48%
11/07/2016;2 760;2 760;2 760;2 760;4;11 040;-7.38%
12/07/2016;2 600;2 600;2 600;2 600;54;140 400;-5.80%
13/07/2016;2 760;2 760;2 760;2 760;89;245 640;6.15%
14/07/2016;2 967;2 967;2 967;2 967;74;219 558;7.50%
15/07/2016;3 190;3 190;3 190;3 190;48;153 120;7.52%
18/07/2016;3 429;3 429;3 429;3 429;4;13 716;7.49%
19/07/2016;3 686;3 686;3 686;3 686;40;147 440;7.49%
20/07/2016;3 962;3 962;3 962;3 962;60;237 720;7.49%
21/07/2016;3 665;3 665;3 665;3 665;41;150 265;-7.50%
22/07/2016;3 400;3 400;3 400;3 400;71;241 400;-7.23%
25/07/2016;3 200;3 200;3 200;3 200;117;374 400;-5.88%
26/07/2016;3 070;3 070;3 070;3 070;18;55 260;-4.06%
27/07/2016;3 080;3 080;3 080;3 080;127;391 160;0.33%
28/07/2016;3 300;3 300;3 300;3 300;108;356 400;7.14%
29/07/2016;3 200;3 200;3 200;3 200;117;374 400;-3.03%
01/08/2016;3 200;3 200;3 200;3 200;21;67 200;0.00%
02/08/2016;3 102;3 102;3 102;3 102;29;89 958;-3.06%
03/08/2016;3 082;3 082;3 082;3 082;81;249 642;-0.64%
04/08/2016;3 000;3 000;3 000;3 000;65;195 000;-2.66%
05/08/2016;3 050;3 050;3 050;3 050;3;9 150;1.67%
08/08/2016;3 050;3 050;3 050;3 050;150;457 500;0.00%
09/08/2016;3 098;3 098;3 098;3 098;102;315 996;1.57%
10/08/2016;3 200;3 200;3 200;3 200;76;243 200;3.29%
11/08/2016;3 200;3 200;3 200;3 200;15;48 000;0.00%
12/08/2016;3 200;3 200;3 200;3 200;52;166 400;0.00%
15/08/2016;3 200;3 200;3 200;3 200;2 600;8 320 520;0.01%
16/08/2016;3 240;3 240;3 240;3 240;2;6 480;1.24%
17/08/2016;3 260;3 260;3 260;3 260;6;19 560;0.62%
18/08/2016;3 100;3 100;3 100;3 100;89;275 900;-4.91%
19/08/2016;3 260;3 260;3 260;3 260;145;472 700;5.16%
22/08/2016;3 260;3 260;3 260;3 260;45;146 700;0.00%
23/08/2016;3 200;3 200;3 200;3 200;110;352 000;-1.84%
24/08/2016;3 330;3 330;3 330;3 330;22;73 260;4.06%
25/08/2016;3 200;3 200;3 200;3 200;176;563 200;-3.90%
26/08/2016;3 300;3 300;3 300;3 300;299;986 700;3.13%
29/08/2016;3 200;3 200;3 200;3 200;26;83 200;-3.03%
30/08/2016;3 240;3 240;3 240;3 240;30;97 200;1.25%
31/08/2016;3 240;3 240;3 240;3 240;236;764 640;0.00%
01/09/2016;3 300;3 300;3 300;3 300;142;468 600;1.85%
02/09/2016;3 240;3 240;3 240;3 240;252;816 480;-1.82%
05/09/2016;3 290;3 290;3 290;3 290;1;3 290;1.54%
07/09/2016;3 300;3 300;3 300;3 300;6;19 800;0.00%
08/09/2016;3 260;3 260;3 260;3 260;40;130 400;-1.21%
09/09/2016;3 240;3 240;3 240;3 240;138;447 120;-0.61%
12/09/2016;3 240;3 240;3 240;3 240;6 900;22 356 000;0.00%
13/09/2016;3 240;3 240;3 240;3 240;15;48 600;0.00%
14/09/2016;3 240;3 240;3 240;3 240;176;570 240;0.00%
15/09/2016;3 360;3 360;3 360;3 360;5;16 800;3.70%
16/09/2016;3 240;3 240;3 240;3 240;47;152 280;-3.57%
19/09/2016;3 260;3 260;3 260;3 260;110;358 600;0.62%
20/09/2016;3 300;3 300;3 300;3 300;310;1 023 000;1.23%
21/09/2016;3 400;3 400;3 400;3 400;195;663 000;3.03%
22/09/2016;3 440;3 440;3 440;3 440;1;3 440;1.18%
23/09/2016;3 698;3 698;3 698;3 698;823;3 043 454;7.50%
26/09/2016;3 898;3 898;3 898;3 898;249;970 602;5.41%
27/09/2016;3 898;3 898;3 898;3 898;28;109 144;0.00%
28/09/2016;3 840;3 840;3 840;3 840;295;1 132 800;-1.49%
29/09/2016;3 838;3 838;3 838;3 838;64;245 632;-0.05%
03/10/2016;3 600;3 600;3 600;3 600;202;727 200;-6.20%
04/10/2016;3 500;3 500;3 500;3 500;16;56 000;-2.78%
05/10/2016;3 420;3 420;3 420;3 420;23;78 660;-2.29%
06/10/2016;3 300;3 300;3 300;3 300;19;62 700;-3.51%
07/10/2016;3 300;3 300;3 300;3 300;7;23 100;0.00%
10/10/2016;3 400;3 400;3 400;3 400;47;159 800;3.03%
11/10/2016;3 300;3 300;3 300;3 300;1;3 300;-2.94%
12/10/2016;3 400;3 400;3 400;3 400;362;1 230 800;3.03%
13/10/2016;3 260;3 260;3 260;3 260;12;39 120;-4.12%
14/10/2016;3 200;3 200;3 200;3 200;13;41 600;-1.84%
17/10/2016;3 200;3 200;3 200;3 200;7;22 400;0.00%
18/10/2016;3 104;3 104;3 104;3 104;25;77 600;-3.00%
19/10/2016;3 104;3 104;3 104;3 104;6;18 624;0.00%
20/10/2016;3 000;3 000;3 000;3 000;7;21 000;-3.35%
21/10/2016;3 100;3 100;3 100;3 100;461;1 429 100;3.33%
24/10/2016;3 100;3 100;3 100;3 100;101;313 100;0.00%
25/10/2016;3 100;3 100;3 100;3 100;43;133 300;0.00%
26/10/2016;2 900;2 900;2 900;2 900;30;87 000;-6.45%
27/10/2016;2 900;2 900;2 900;2 900;3;8 700;0.00%
28/10/2016;2 683;2 683;2 683;2 683;46;123 418;-7.48%
31/10/2016;2 680;2 680;2 680;2 680;53;142 040;-0.11%
01/11/2016;2 680;2 680;2 680;2 680;2 650;7 101 735;-0.00%
02/11/2016;2 620;2 620;2 620;2 620;15;39 300;-2.24%
03/11/2016;2 600;2 600;2 600;2 600;26;67 600;-0.76%
04/11/2016;2 700;2 700;2 700;2 700;4 200;11 340 000;3.85%
07/11/2016;2 900;2 900;2 900;2 900;8 104;23 501 600;7.41%
08/11/2016;2 900;2 900;2 900;2 900;9 123;26 456 700;0.00%
09/11/2016;3 100;3 100;3 100;3 100;6 954;21 557 400;6.90%
10/11/2016;3 330;3 330;3 330;3 330;5 370;17 882 100;7.42%
11/11/2016;3 350;3 350;3 350;3 350;9 989;33 463 150;0.60%
14/11/2016;3 590;3 590;3 590;3 590;3 433;12 324 470;7.16%
15/11/2016;3 590;3 590;3 590;3 590;3 433;12 324 470;0.00%
16/11/2016;3 600;3 600;3 600;3 600;11 816;42 537 600;0.28%
17/11/2016;3 570;3 570;3 570;3 570;7 193;25 679 010;-0.83%
18/11/2016;3 600;3 600;3 600;3 600;3 314;11 930 400;0.84%
21/11/2016;3 500;3 500;3 500;3 500;2 406;8 421 000;-2.78%
22/11/2016;3 500;3 500;3 500;3 500;16 201;56 703 500;0.00%
23/11/2016;3 300;3 300;3 300;3 300;1 304;4 303 200;-5.71%
24/11/2016;3 330;3 330;3 330;3 330;18 223;60 682 590;0.91%
25/11/2016;3 300;3 300;3 300;3 300;7 708;25 436 400;-0.90%
28/11/2016;3 300;3 300;3 300;3 300;1 826;6 025 800;0.00%
29/11/2016;3 345;3 345;3 345;3 345;1 216;4 067 520;1.36%
30/11/2016;3 225;3 225;3 225;3 225;2 189;7 059 525;-3.59%
01/12/2016;3 100;3 100;3 100;3 100;3 539;10 970 900;-3.88%
02/12/2016;3 300;3 300;3 300;3 300;2 213;7 302 900;6.45%
06/12/2016;3 100;3 100;3 100;3 100;961;2 979 100;-3.73%
07/12/2016;3 250;3 250;3 250;3 250;2 787;9 057 750;4.84%
08/12/2016;3 200;3 200;3 200;3 200;2 348;7 513 600;-1.54%
09/12/2016;3 205;3 205;3 205;3 205;1 127;3 612 035;0.16%
12/12/2016;3 205;3 205;3 205;3 205;1 127;3 612 035;0.00%
13/12/2016;3 200;3 200;3 200;3 200;759;2 428 800;-0.16%
14/12/2016;3 400;3 400;3 400;3 400;1 545;5 253 000;6.25%
15/12/2016;3 300;3 300;3 300;3 300;851;2 808 300;-2.94%
16/12/2016;3 195;3 195;3 195;3 195;6 428;20 537 460;-3.18%
19/12/2016;3 095;3 095;3 095;3 095;4 637;14 351 515;-3.13%
20/12/2016;3 100;3 100;3 100;3 100;1 838;5 697 800;0.16%
21/12/2016;3 020;3 020;3 020;3 020;1 186;3 581 720;-2.58%
22/12/2016;3 165;3 165;3 165;3 165;1 235;3 908 775;4.80%
23/12/2016;3 100;3 100;3 100;3 100;1 718;5 325 800;-2.05%
26/12/2016;3 100;3 100;3 100;3 100;1 718;5 325 800;0.00%
27/12/2016;3 100;3 100;3 100;3 100;1 845;5 719 500;0.00%
28/12/2016;3 000;3 000;3 000;3 000;2 279;6 837 000;-3.23%
29/12/2016;2 990;2 990;2 990;2 990;4 035;12 064 650;-0.33%
30/12/2016;3 000;3 000;3 000;3 000;3 334;10 002 000;0.33%
02/01/2017;2 900;2 900;2 900;2 900;3 138;9 100 200;-3.33%
03/01/2017;2 800;2 800;2 800;2 800;2 439;6 829 200;-3.45%
04/01/2017;2 800;2 800;2 800;2 800;3 215;9 002 000;0.00%
05/01/2017;2 700;2 700;2 700;2 700;3 425;9 247 500;-3.57%
06/01/2017;2 695;2 695;2 695;2 695;3 521;9 489 095;-0.19%
09/01/2017;2 695;2 695;2 695;2 695;1 828;4 926 460;0.00%
10/01/2017;2 645;2 645;2 645;2 645;6 823;18 046 835;-1.86%
11/01/2017;2 550;2 550;2 550;2 550;2 669;6 805 950;-3.59%
12/01/2017;2 655;2 655;2 655;2 655;13 217;35 091 135;4.12%
13/01/2017;2 800;2 800;2 800;2 800;13 527;37 875 600;5.46%
16/01/2017;3 000;3 000;3 000;3 000;1 694;5 082 000;7.14%
17/01/2017;3 000;3 000;3 000;3 000;3 300;9 900 000;0.00%
18/01/2017;2 850;2 850;2 850;2 850;2 547;7 258 950;-5.00%
19/01/2017;2 995;2 995;2 995;2 995;1 435;4 297 825;5.09%
20/01/2017;3 100;3 100;3 100;3 100;3 636;11 271 600;3.51%
23/01/2017;3 000;3 000;3 000;3 000;2 914;8 742 000;-3.23%
24/01/2017;3 000;3 000;3 000;3 000;1 831;5 493 000;0.00%
25/01/2017;3 000;3 000;3 000;3 000;2 867;8 601 000;0.00%
26/01/2017;2 790;2 790;2 790;2 790;2 968;8 280 720;-7.00%
27/01/2017;2 900;2 900;2 900;2 900;6 488;18 815 200;3.94%
30/01/2017;2 705;2 705;2 705;2 705;2 206;5 967 230;-6.72%
31/01/2017;2 600;2 600;2 600;2 600;9 370;24 362 000;-3.88%
01/02/2017;2 600;2 600;2 600;2 600;81 196;211 109 600;0.00%
02/02/2017;2 500;2 500;2 500;2 500;5 077;12 692 500;-3.85%
03/02/2017;2 600;2 600;2 600;2 600;3 500;9 100 000;4.00%
06/02/2017;2 500;2 500;2 500;2 500;13 190;32 975 000;-3.85%
07/02/2017;2 500;2 500;2 500;2 500;4 525;11 312 500;0.00%
08/02/2017;2 500;2 500;2 500;2 500;3 076;7 690 000;0.00%
09/02/2017;2 500;2 500;2 500;2 500;1 255;3 137 500;0.00%
10/02/2017;2 685;2 685;2 685;2 685;1 405;3 772 425;7.40%
13/02/2017;2 500;2 500;2 500;2 500;6 896;17 240 000;-6.89%
14/02/2017;2 680;2 680;2 680;2 680;3 110;8 334 800;7.20%
15/02/2017;2 500;2 500;2 500;2 500;7 654;19 135 000;-6.72%
16/02/2017;2 600;2 600;2 600;2 600;1 289;3 351 400;4.00%
17/02/2017;2 405;2 405;2 405;2 405;2 705;6 505 525;-7.50%
20/02/2017;2 585;2 585;2 585;2 585;523;1 351 955;7.48%
21/02/2017;2 505;2 505;2 505;2 505;54 648;136 893 240;-3.09%
22/02/2017;2 500;2 500;2 500;2 500;2 728;6 820 000;-0.20%
23/02/2017;2 485;2 485;2 485;2 485;6 254;15 541 190;-0.60%
24/02/2017;2 500;2 500;2 500;2 500;2 604;6 510 000;0.60%
27/02/2017;2 315;2 315;2 315;2 315;2 015;4 664 725;-7.40%
28/02/2017;2 145;2 145;2 145;2 145;5 942;12 745 590;-7.34%
01/03/2017;2 100;2 100;2 100;2 100;5 499;11 547 900;-2.10%
02/03/2017;2 000;2 000;2 000;2 000;3 605;7 210 000;-4.76%
03/03/2017;1 985;1 985;1 985;1 985;4 514;8 960 290;-0.75%
07/03/2017;1 985;1 985;1 985;1 985;3 415;6 778 775;-0.75%
08/03/2017;1 990;1 990;1 990;1 990;2 667;5 307 330;0.25%
09/03/2017;1 985;1 985;1 985;1 985;2 149;4 265 765;-0.25%
10/03/2017;1 840;1 840;1 840;1 840;34 740;63 921 600;-7.30%
13/03/2017;1 900;1 900;1 900;1 900;3 162;6 007 800;3.26%
14/03/2017;2 040;2 040;2 040;2 040;24 595;50 173 800;7.37%
15/03/2017;2 150;2 150;2 150;2 150;1 349;2 900 350;5.39%
16/03/2017;2 250;2 250;2 250;2 250;3 340;7 515 000;4.65%
17/03/2017;2 085;2 085;2 085;2 085;2 921;6 090 285;-7.33%
20/03/2017;2 000;2 000;2 000;2 000;9 851;19 702 000;-4.08%
21/03/2017;1 900;1 900;1 900;1 900;1 107;2 103 300;-5.00%
22/03/2017;1 900;1 900;1 900;1 900;16 684;31 699 600;0.00%
23/03/2017;2 000;2 000;2 000;2 000;3 874;7 748 000;5.26%
24/03/2017;2 000;2 000;2 000;2 000;2 087;4 174 000;0.00%
27/03/2017;2 090;2 090;2 090;2 090;3 682;7 695 380;4.50%
28/03/2017;2 005;2 005;2 005;2 005;409;820 045;-4.07%
29/03/2017;2 000;2 000;2 000;2 000;3 687;7 374 000;-0.25%
30/03/2017;2 085;2 085;2 085;2 085;1 703;3 550 755;4.25%
31/03/2017;2 000;2 000;2 000;2 000;4 145;8 290 000;-4.08%
03/04/2017;1 995;1 995;1 995;1 995;7 613;15 187 935;-0.25%
04/04/2017;1 990;1 990;1 990;1 990;4 988;9 926 120;-0.25%
05/04/2017;1 960;1 960;1 960;1 960;1 220;2 391 200;-1.51%
06/04/2017;2 000;2 000;2 000;2 000;3 067;6 134 000;2.04%
07/04/2017;1 995;1 995;1 995;1 995;874;1 743 630;-0.25%
10/04/2017;1 950;1 950;1 950;1 950;1 587;3 094 650;-2.26%
11/04/2017;1 915;1 915;1 915;1 915;1 491;2 855 265;-1.79%
12/04/2017;1 845;1 845;1 845;1 845;2 048;3 778 560;-3.66%
13/04/2017;1 895;1 895;1 895;1 895;655;1 241 225;2.71%
14/04/2017;2 000;2 000;2 000;2 000;7 662;15 324 000;5.54%
18/04/2017;2 000;2 000;2 000;2 000;2 904;5 808 000;0.00%
19/04/2017;1 850;1 850;1 850;1 850;3 778;6 989 300;-7.50%
20/04/2017;1 850;1 850;1 850;1 850;3 402;6 293 700;0.00%
21/04/2017;1 800;1 800;1 800;1 800;2 777;4 998 600;-2.70%
24/04/2017;1 800;1 800;1 800;1 800;2 706;4 870 800;0.00%
25/04/2017;1 800;1 800;1 800;1 800;4 775;8 595 000;0.00%
26/04/2017;1 750;1 750;1 750;1 750;4 825;8 443 750;-2.78%
27/04/2017;1 800;1 800;1 800;1 800;2 099;3 778 200;2.86%
28/04/2017;1 900;1 900;1 900;1 900;265;503 500;5.56%
01/05/2017;1 900;1 900;1 900;1 900;265;503 500;0.00%
02/05/2017;1 850;1 850;1 850;1 850;2 200;4 070 000;-2.63%
03/05/2017;1 750;1 750;1 750;1 750;2 222;3 888 500;-5.41%
04/05/2017;1 800;1 800;1 800;1 800;1 205;2 169 000;2.86%
05/05/2017;1 800;1 800;1 800;1 800;1 995;3 591 000;0.00%
08/05/2017;1 800;1 800;1 800;1 800;561;1 009 800;0.00%
09/05/2017;1 800;1 800;1 800;1 800;3 345;6 021 000;0.00%
10/05/2017;1 760;1 760;1 760;1 760;551;969 760;-2.22%
11/05/2017;1 770;1 770;1 770;1 770;406;718 620;0.57%
12/05/2017;1 750;1 750;1 750;1 750;1 037;1 814 750;-1.13%
15/05/2017;1 725;1 725;1 725;1 725;77;132 825;-1.43%
16/05/2017;1 700;1 700;1 700;1 700;2 452;4 168 400;-1.45%
17/05/2017;1 700;1 700;1 700;1 700;1 345;2 286 500;0.00%
18/05/2017;1 700;1 700;1 700;1 700;3 324;5 650 800;0.00%
19/05/2017;1 700;1 700;1 700;1 700;1 916;3 257 200;0.00%
22/05/2017;1 575;1 575;1 575;1 575;1 252;1 971 900;-7.35%
23/05/2017;1 600;1 600;1 600;1 600;1 638;2 620 800;1.59%
24/05/2017;1 600;1 600;1 600;1 600;302;483 200;0.00%
25/05/2017;1 600;1 600;1 600;1 600;302;483 200;0.00%
26/05/2017;1 500;1 500;1 500;1 500;5 181;7 771 500;-6.25%
29/05/2017;1 500;1 500;1 500;1 500;748;1 122 000;0.00%
30/05/2017;1 600;1 600;1 600;1 600;815;1 304 000;6.67%
31/05/2017;1 720;1 720;1 720;1 720;1 027;1 766 440;7.50%
01/06/2017;1 800;1 800;1 800;1 800;378;680 400;4.65%
02/06/2017;1 800;1 800;1 800;1 800;1 786;3 214 800;0.00%
06/06/2017;1 670;1 670;1 670;1 670;3 508;5 858 360;-7.22%
07/06/2017;1 595;1 595;1 595;1 595;12 811;20 433 545;-4.49%
08/06/2017;1 680;1 680;1 680;1 680;750;1 260 000;5.33%
09/06/2017;1 695;1 695;1 695;1 695;446;755 970;0.89%
12/06/2017;1 700;1 700;1 700;1 700;1 935;3 289 500;0.29%
13/06/2017;1 600;1 600;1 600;1 600;1 312;2 099 200;-5.88%
14/06/2017;1 575;1 575;1 575;1 575;1 129;1 778 175;-1.56%
15/06/2017;1 690;1 690;1 690;1 690;3 383;5 717 270;7.30%
16/06/2017;1 570;1 570;1 570;1 570;2 133;3 348 810;-7.10%
19/06/2017;1 500;1 500;1 500;1 500;2 273;3 409 500;-4.46%
20/06/2017;1 600;1 600;1 600;1 600;325;520 000;6.67%
21/06/2017;1 500;1 500;1 500;1 500;2 070;3 105 000;-6.25%
22/06/2017;1 500;1 500;1 500;1 500;2 070;3 105 000;0.00%
23/06/2017;1 390;1 390;1 390;1 390;4 213;5 856 070;-7.33%
27/06/2017;1 490;1 490;1 490;1 490;701;1 044 490;7.19%
28/06/2017;1 400;1 400;1 400;1 400;3 779;5 290 600;-6.04%
29/06/2017;1 500;1 500;1 500;1 500;2 384;3 576 000;7.14%
30/06/2017;1 495;1 495;1 495;1 495;1 474;2 203 630;-0.33%
03/07/2017;1 495;1 495;1 495;1 495;1 071;1 601 145;0.00%
04/07/2017;1 495;1 495;1 495;1 495;969;1 448 655;0.00%
05/07/2017;1 475;1 475;1 475;1 475;975;1 438 125;-1.34%
06/07/2017;1 485;1 485;1 485;1 485;1 835;2 724 975;0.68%
07/07/2017;1 400;1 400;1 400;1 400;1 646;2 304 400;-5.72%
10/07/2017;1 395;1 395;1 395;1 395;1 674;2 335 230;-0.36%
11/07/2017;1 380;1 380;1 380;1 380;3 699;5 104 620;-1.08%
12/07/2017;1 380;1 380;1 380;1 380;3 766;5 197 080;0.00%
13/07/2017;1 350;1 350;1 350;1 350;836;1 128 600;-2.17%
14/07/2017;1 400;1 400;1 400;1 400;4 263;5 968 200;3.70%
17/07/2017;1 450;1 450;1 450;1 450;933;1 352 850;3.57%
18/07/2017;1 450;1 450;1 450;1 450;3 325;4 821 250;0.00%
19/07/2017;1 395;1 395;1 395;1 395;576;803 520;-3.79%
20/07/2017;1 375;1 375;1 375;1 375;2 623;3 606 625;-1.43%
21/07/2017;1 275;1 275;1 275;1 275;964;1 229 100;-7.27%
24/07/2017;1 300;1 300;1 300;1 300;1 655;2 151 500;1.96%
25/07/2017;1 200;1 200;1 200;1 200;1 331;1 597 200;-7.69%
26/07/2017;1 110;1 110;1 110;1 110;2 713;3 011 430;-7.50%
27/07/2017;1 050;1 050;1 050;1 050;7 882;8 276 100;-5.41%
28/07/2017;1 125;1 125;1 125;1 125;3 609;4 060 125;7.14%
31/07/2017;1 145;1 145;1 145;1 145;560;641 200;1.78%
01/08/2017;1 200;1 200;1 200;1 200;1 747;2 096 400;4.80%
02/08/2017;1 175;1 175;1 175;1 175;3 231;3 796 425;-2.08%
03/08/2017;1 145;1 145;1 145;1 145;1 853;2 121 685;-2.55%
04/08/2017;1 145;1 145;1 145;1 145;871;997 295;0.00%
07/08/2017;1 145;1 145;1 145;1 145;871;997 295;0.00%
08/08/2017;1 145;1 145;1 145;1 145;2 012;2 303 740;0.00%
09/08/2017;1 145;1 145;1 145;1 145;1 640;1 877 800;0.00%
10/08/2017;1 200;1 200;1 200;1 200;3 346;4 015 200;4.80%
11/08/2017;1 250;1 250;1 250;1 250;4 055;5 068 750;4.17%
14/08/2017;1 315;1 315;1 315;1 315;2 090;2 748 350;5.20%
15/08/2017;1 315;1 315;1 315;1 315;2 090;2 748 350;0.00%
16/08/2017;1 400;1 400;1 400;1 400;45 518;63 725 200;6.46%
17/08/2017;1 300;1 300;1 300;1 300;5 560;7 228 000;-7.14%
18/08/2017;1 205;1 205;1 205;1 205;1 439;1 733 995;-7.31%
21/08/2017;1 295;1 295;1 295;1 295;1 185;1 534 575;7.47%
22/08/2017;1 200;1 200;1 200;1 200;910;1 092 000;-7.34%
23/08/2017;1 200;1 200;1 200;1 200;644;772 800;0.00%
24/08/2017;1 245;1 245;1 245;1 245;1 546;1 924 770;3.75%
25/08/2017;1 230;1 230;1 230;1 230;125;153 750;-1.20%
28/08/2017;1 205;1 205;1 205;1 205;191;230 155;-2.03%
29/08/2017;1 115;1 115;1 115;1 115;35 143;39 184 445;-7.47%
30/08/2017;1 100;1 100;1 100;1 100;7 575;8 332 500;-1.35%
31/08/2017;1 100;1 100;1 100;1 100;2 167;2 383 700;0.00%
04/09/2017;1 100;1 100;1 100;1 100;724;796 400;0.00%
05/09/2017;1 130;1 130;1 130;1 130;455;514 150;2.73%
06/09/2017;1 130;1 130;1 130;1 130;147;166 110;0.00%
07/09/2017;1 130;1 130;1 130;1 130;2 590;2 926 700;0.00%
08/09/2017;1 125;1 125;1 125;1 125;640;720 000;-0.44%
11/09/2017;1 130;1 130;1 130;1 130;815;920 950;0.44%
12/09/2017;1 125;1 125;1 125;1 125;971;1 092 375;-0.44%
13/09/2017;1 125;1 125;1 125;1 125;618;695 250;0.00%
14/09/2017;1 115;1 115;1 115;1 115;719;801 685;-0.89%
15/09/2017;1 035;1 035;1 035;1 035;703;727 605;-7.17%
18/09/2017;1 035;1 035;1 035;1 035;383;396 405;0.00%
19/09/2017;1 000;1 000;1 000;1 000;1 270;1 270 000;-3.38%
20/09/2017;995;995;995;995;1 051;1 045 745;-0.50%
21/09/2017;925;925;925;925;4 556;4 214 300;-7.04%
22/09/2017;950;950;950;950;1 040;988 000;2.70%
25/09/2017;955;955;955;955;507;484 185;0.53%
26/09/2017;950;950;950;950;1 244;1 181 800;-0.52%
27/09/2017;925;925;925;925;3 094;2 861 950;-2.63%
28/09/2017;960;960;960;960;304;291 840;3.78%
29/09/2017;1 000;1 000;1 000;1 000;996;996 000;4.17%
02/10/2017;950;950;950;950;470;446 500;-5.00%
03/10/2017;925;925;925;925;3 486;3 224 550;-2.63%
04/10/2017;990;990;990;990;1 479;1 464 210;7.03%
05/10/2017;995;995;995;995;491;488 545;0.51%
06/10/2017;960;960;960;960;414;397 440;-3.52%
09/10/2017;965;965;965;965;438;422 670;0.52%
10/10/2017;960;960;960;960;1 174;1 127 040;-0.52%
11/10/2017;990;990;990;990;1 805;1 786 950;3.13%
12/10/2017;1 000;1 000;1 000;1 000;5 099;5 099 000;1.01%
13/10/2017;1 000;1 000;1 000;1 000;7 383;7 383 000;0.00%
16/10/2017;925;925;925;925;1 155;1 068 375;-7.50%
17/10/2017;990;990;990;990;2 394;2 370 060;7.03%
18/10/2017;990;990;990;990;345;341 550;0.00%
19/10/2017;920;920;920;920;6 419;5 905 480;-7.07%
20/10/2017;855;855;855;855;2 112;1 805 760;-7.07%
23/10/2017;860;860;860;860;317;272 620;0.58%
24/10/2017;920;920;920;920;60;55 200;6.98%
25/10/2017;985;985;985;985;1 027;1 011 595;7.07%
26/10/2017;980;980;980;980;545;534 100;-0.51%
27/10/2017;930;930;930;930;84;78 120;-5.10%
30/10/2017;905;905;905;905;17 473;15 813 065;-2.69%
31/10/2017;930;930;930;930;598;556 140;2.76%
01/11/2017;930;930;930;930;598;556 140;0.00%
02/11/2017;985;985;985;985;325;320 125;5.91%
03/11/2017;970;970;970;970;180;174 600;-1.52%
06/11/2017;980;980;980;980;3 320;3 253 600;1.03%
07/11/2017;985;985;985;985;4 483;4 415 755;0.51%
08/11/2017;975;975;975;975;609;593 775;-1.02%
09/11/2017;970;970;970;970;142;137 740;-0.51%
10/11/2017;935;935;935;935;392;366 520;-3.61%
13/11/2017;985;985;985;985;1 681;1 655 785;5.35%
14/11/2017;935;935;935;935;12;11 220;-5.08%
15/11/2017;935;935;935;935;12;11 220;0.00%
16/11/2017;945;945;945;945;898;848 610;1.07%
17/11/2017;960;960;960;960;447;429 120;1.59%
20/11/2017;900;900;900;900;6 770;6 093 000;-6.25%
21/11/2017;910;910;910;910;47;42 770;1.11%
22/11/2017;900;900;900;900;614;552 600;-1.10%
23/11/2017;900;900;900;900;417;375 300;0.00%
24/11/2017;860;860;860;860;546;469 560;-4.44%
27/11/2017;860;860;860;860;573;492 780;0.00%
28/11/2017;800;800;800;800;2 087;1 669 600;-6.98%
29/11/2017;800;800;800;800;11 252;9 001 600;0.00%
01/12/2017;800;800;800;800;660;528 000;0.00%
04/12/2017;800;800;800;800;11 930;9 544 000;0.00%
05/12/2017;740;740;740;740;7 013;5 189 620;-7.50%
06/12/2017;795;795;795;795;416;330 720;7.43%
07/12/2017;800;800;800;800;1 143;914 400;0.63%
08/12/2017;800;800;800;800;1 220;976 000;0.00%
11/12/2017;800;800;800;800;655;524 000;0.00%
12/12/2017;800;800;800;800;2 877;2 301 600;0.00%
13/12/2017;800;800;800;800;1 289;1 031 200;0.00%
14/12/2017;795;795;795;795;1 031;819 645;-0.63%
15/12/2017;795;795;795;795;322;255 990;0.00%
18/12/2017;795;795;795;795;834;663 030;0.00%
19/12/2017;795;795;795;795;457;363 315;0.00%
20/12/2017;800;800;800;800;848;678 400;0.63%
21/12/2017;800;800;800;800;822;657 600;0.00%
22/12/2017;800;800;800;800;4 893;3 914 400;0.00%
25/12/2017;800;800;800;800;4 893;3 914 400;0.00%
26/12/2017;805;805;805;805;924;743 820;0.63%
27/12/2017;805;805;805;805;1 402;1 128 610;0.00%
28/12/2017;850;850;850;850;1 455;1 236 750;5.59%
29/12/2017;900;900;900;900;287;258 300;5.88%
02/01/2018;860;860;860;860;8 667;7 453 620;-4.44%
03/01/2018;845;845;845;845;2 177;1 839 565;-1.74%
04/01/2018;840;840;840;840;1 730;1 453 200;-0.59%
05/01/2018;845;845;845;845;1 202;1 015 690;0.60%
08/01/2018;800;800;800;800;963;770 400;-5.33%
09/01/2018;800;800;800;800;3 548;2 838 400;0.00%
10/01/2018;800;800;800;800;1 260;1 008 000;0.00%
11/01/2018;800;800;800;800;830;664 000;0.00%
12/01/2018;800;800;800;800;842;673 600;0.00%
15/01/2018;840;840;840;840;45;37 800;5.00%
16/01/2018;835;835;835;835;369;308 115;-0.60%
17/01/2018;850;850;850;850;590;501 500;1.80%
18/01/2018;860;860;860;860;1 782;1 532 520;1.18%
19/01/2018;860;860;860;860;2 363;2 032 180;0.00%
22/01/2018;860;860;860;860;10;8 600;0.00%
23/01/2018;860;860;860;860;3 131;2 692 660;0.00%
24/01/2018;860;860;860;860;345;296 700;0.00%
25/01/2018;860;860;860;860;1 374;1 181 640;0.00%
26/01/2018;900;900;900;900;1 115;1 003 500;4.65%
29/01/2018;900;900;900;900;1 645;1 480 500;0.00%
30/01/2018;895;895;895;895;1 122;1 004 190;-0.56%
31/01/2018;900;900;900;900;345;310 500;0.56%
01/02/2018;900;900;900;900;7 840;7 056 000;0.00%
02/02/2018;895;895;895;895;338;302 510;-0.56%
05/02/2018;895;895;895;895;1 034;925 430;0.00%
06/02/2018;885;885;885;885;1 738;1 538 130;-1.12%
07/02/2018;885;885;885;885;795;703 575;0.00%
08/02/2018;865;865;865;865;270;233 550;-2.26%
09/02/2018;885;885;885;885;454;401 790;2.31%
12/02/2018;855;855;855;855;841;719 055;-3.39%
13/02/2018;885;885;885;885;507;448 695;3.51%
14/02/2018;895;895;895;895;1 584;1 417 680;1.13%
15/02/2018;880;880;880;880;2 068;1 819 840;-1.68%
16/02/2018;910;910;910;910;5 828;5 303 480;3.41%
19/02/2018;910;910;910;910;3 147;2 863 770;0.00%
20/02/2018;925;925;925;925;1 826;1 689 050;1.65%
21/02/2018;920;920;920;920;708;651 360;-0.54%
22/02/2018;950;950;950;950;45 820;43 529 000;3.26%
23/02/2018;1 000;1 000;1 000;1 000;3 320;3 320 000;5.26%
26/02/2018;1 075;1 075;1 075;1 075;100;107 500;7.50%
27/02/2018;1 155;1 155;1 155;1 155;220;254 100;7.44%
01/03/2018;1 330;1 330;1 330;1 330;2 060;2 739 800;7.26%
02/03/2018;1 425;1 425;1 425;1 425;1 487;2 118 975;7.14%
05/03/2018;1 530;1 530;1 530;1 530;2 283;3 492 990;7.37%
06/03/2018;1 600;1 600;1 600;1 600;8 416;13 465 600;4.58%
07/03/2018;1 580;1 580;1 580;1 580;6 261;9 892 380;-1.25%
08/03/2018;1 465;1 465;1 465;1 465;1 312;1 922 080;-7.28%
09/03/2018;1 360;1 360;1 360;1 360;3 331;4 530 160;-7.17%
12/03/2018;1 450;1 450;1 450;1 450;4 566;6 620 700;6.62%
13/03/2018;1 490;1 490;1 490;1 490;890;1 326 100;2.76%
14/03/2018;1 450;1 450;1 450;1 450;167;242 150;-2.68%
15/03/2018;1 345;1 345;1 345;1 345;890;1 197 050;-7.24%
16/03/2018;1 395;1 395;1 395;1 395;2 811;3 921 345;3.72%
19/03/2018;1 400;1 400;1 400;1 400;316;442 400;0.36%
20/03/2018;1 395;1 395;1 395;1 395;490;683 550;-0.36%
21/03/2018;1 300;1 300;1 300;1 300;6 223;8 089 900;-6.81%
22/03/2018;1 325;1 325;1 325;1 325;100;132 500;1.92%
23/03/2018;1 400;1 400;1 400;1 400;1 585;2 219 000;5.66%
26/03/2018;1 335;1 335;1 335;1 335;241;321 735;-4.64%
27/03/2018;1 300;1 300;1 300;1 300;347;451 100;-2.62%
28/03/2018;1 395;1 395;1 395;1 395;1 342;1 872 090;7.31%
29/03/2018;1 490;1 490;1 490;1 490;5 403;8 050 470;6.81%
30/03/2018;1 400;1 400;1 400;1 400;227;317 800;-6.04%
02/04/2018;1 400;1 400;1 400;1 400;227;317 800;0.00%
03/04/2018;1 495;1 495;1 495;1 495;1 847;2 761 265;6.79%
04/04/2018;1 500;1 500;1 500;1 500;9 087;13 630 500;0.33%
05/04/2018;1 390;1 390;1 390;1 390;3 200;4 448 000;-7.33%
06/04/2018;1 490;1 490;1 490;1 490;81;120 690;7.19%
09/04/2018;1 380;1 380;1 380;1 380;360;496 800;-7.38%
10/04/2018;1 280;1 280;1 280;1 280;2 750;3 520 000;-7.25%
11/04/2018;1 280;1 280;1 280;1 280;3 903;4 995 840;0.00%
12/04/2018;1 280;1 280;1 280;1 280;889;1 137 920;0.00%
13/04/2018;1 225;1 225;1 225;1 225;336;411 600;-4.30%
16/04/2018;1 200;1 200;1 200;1 200;2 431;2 917 200;-2.04%
17/04/2018;1 200;1 200;1 200;1 200;4 580;5 496 000;0.00%
18/04/2018;1 195;1 195;1 195;1 195;797;952 415;-0.42%
19/04/2018;1 110;1 110;1 110;1 110;139;154 290;-7.11%
20/04/2018;1 190;1 190;1 190;1 190;420;499 800;7.21%
23/04/2018;1 200;1 200;1 200;1 200;3 310;3 972 000;0.84%
24/04/2018;1 220;1 220;1 220;1 220;2 795;3 409 900;1.67%
25/04/2018;1 190;1 190;1 190;1 190;1 888;2 246 720;-2.46%
26/04/2018;1 180;1 180;1 180;1 180;207;244 260;-0.84%
27/04/2018;1 190;1 190;1 190;1 190;3 765;4 480 350;0.85%
09/05/2018;1 100;1 100;1 100;1 100;837;920 700;-7.56%
10/05/2018;1 100;1 100;1 100;1 100;837;920 700;0.00%
11/05/2018;1 050;1 050;1 050;1 050;2 787;2 926 350;-4.55%
14/05/2018;1 000;1 000;1 000;1 000;791;791 000;-4.76%
15/05/2018;1 000;1 000;1 000;1 000;440;440 000;0.00%
16/05/2018;925;925;925;925;1 502;1 389 350;-7.50%
17/05/2018;920;920;920;920;1 172;1 078 240;-0.54%
18/05/2018;915;915;915;915;3 281;3 002 115;-0.54%
21/05/2018;915;915;915;915;3 281;3 002 115;0.00%
22/05/2018;915;915;915;915;1 619;1 481 385;0.00%
23/05/2018;915;915;915;915;801;732 915;0.00%
24/05/2018;915;915;915;915;742;678 930;0.00%
25/05/2018;915;915;915;915;15 472;14 156 880;0.00%
28/05/2018;915;915;915;915;510;466 650;0.00%
30/05/2018;910;910;910;910;1 696;1 543 360;-0.55%
31/05/2018;910;910;910;910;8 880;8 080 800;0.00%
01/06/2018;900;900;900;900;2 900;2 610 000;-1.10%
04/06/2018;900;900;900;900;447;402 300;0.00%
05/06/2018;900;900;900;900;1 307;1 176 300;0.00%
06/06/2018;905;905;905;905;643;581 915;0.56%
07/06/2018;910;910;910;910;1 189;1 081 990;0.55%
08/06/2018;915;915;915;915;797;729 255;0.55%
11/06/2018;915;915;915;915;797;729 255;0.00%
12/06/2018;915;915;915;915;1 406;1 286 490;0.00%
13/06/2018;980;980;980;980;1 229;1 204 420;7.10%
14/06/2018;980;980;980;980;1 229;1 204 420;0.00%
15/06/2018;1 000;1 000;1 000;1 000;2 208;2 208 000;2.04%
18/06/2018;1 050;1 050;1 050;1 050;581;610 050;5.00%
19/06/2018;1 000;1 000;1 000;1 000;6 168;6 168 000;-4.76%
20/06/2018;1 005;1 005;1 005;1 005;1 190;1 195 950;0.50%
21/06/2018;1 000;1 000;1 000;1 000;1 507;1 507 000;-0.50%
28/06/2018;1 085;1 085;1 085;1 085;352;381 920;8.50%
29/06/2018;1 100;1 100;1 100;1 100;600;660 000;1.38%
02/07/2018;1 150;1 150;1 150;1 150;5 839;6 714 850;4.55%
03/07/2018;1 180;1 180;1 180;1 180;1 934;2 282 120;2.61%
04/07/2018;1 180;1 180;1 180;1 180;605;713 900;0.00%
05/07/2018;1 160;1 160;1 160;1 160;510;591 600;-1.69%
06/07/2018;1 120;1 120;1 120;1 120;756;846 720;-3.45%
09/07/2018;1 120;1 120;1 120;1 120;2 569;2 877 280;0.00%
10/07/2018;1 150;1 150;1 150;1 150;714;821 100;2.68%
11/07/2018;1 100;1 100;1 100;1 100;1 430;1 573 000;-4.35%
12/07/2018;1 150;1 150;1 150;1 150;290;333 500;4.55%
13/07/2018;1 165;1 165;1 165;1 165;689;802 685;1.30%
16/07/2018;1 130;1 130;1 130;1 130;400;452 000;-3.00%
17/07/2018;1 050;1 050;1 050;1 050;581;610 050;-7.08%
18/07/2018;1 100;1 100;1 100;1 100;189;207 900;4.76%
19/07/2018;1 115;1 115;1 115;1 115;325;362 375;1.36%
20/07/2018;1 095;1 095;1 095;1 095;834;913 230;-1.79%
23/07/2018;1 050;1 050;1 050;1 050;358;375 900;-4.11%
24/07/2018;1 050;1 050;1 050;1 050;1 232;1 293 600;0.00%
25/07/2018;1 000;1 000;1 000;1 000;1 446;1 446 000;-4.76%
26/07/2018;1 000;1 000;1 000;1 000;510;510 000;0.00%
30/07/2018;980;980;980;980;1 062;1 040 760;-2.00%
31/07/2018;980;980;980;980;70;68 600;0.00%
01/08/2018;1 005;1 005;1 005;1 005;4 698;4 721 490;2.55%
02/08/2018;1 075;1 075;1 075;1 075;184;197 800;6.97%
03/08/2018;1 000;1 000;1 000;1 000;1 314;1 314 000;-6.98%
06/08/2018;1 000;1 000;1 000;1 000;1 314;1 314 000;0.00%
07/08/2018;1 000;1 000;1 000;1 000;1 314;1 314 000;0.00%
08/08/2018;1 065;1 065;1 065;1 065;1 173;1 249 245;6.50%
09/08/2018;1 000;1 000;1 000;1 000;5 514;5 514 000;-6.10%
10/08/2018;1 000;1 000;1 000;1 000;11 955;11 955 000;0.00%
13/08/2018;1 000;1 000;1 000;1 000;2 005;2 005 000;0.00%
14/08/2018;995;995;995;995;3 176;3 160 120;-0.50%
20/08/2018;1 000;1 000;1 000;1 000;2 248;2 248 000;0.50%
21/08/2018;1 000;1 000;1 000;1 000;2 248;2 248 000;0.00%
22/08/2018;985;985;985;985;140;137 900;-1.50%
23/08/2018;990;990;990;990;9 072;8 981 280;0.51%
24/08/2018;980;980;980;980;2 298;2 252 040;-1.01%
28/08/2018;950;950;950;950;4 834;4 592 300;-5.00%
29/08/2018;940;940;940;940;1 670;1 569 800;-1.05%
30/08/2018;940;940;940;940;1 088;1 022 720;0.00%
31/08/2018;915;915;915;915;1 650;1 509 750;-2.66%
03/09/2018;915;915;915;915;3 490;3 193 350;0.00%
04/09/2018;915;915;915;915;2 664;2 437 560;0.00%
05/09/2018;915;915;915;915;1 580;1 445 700;0.00%
06/09/2018;945;945;945;945;580;548 100;3.28%
07/09/2018;930;930;930;930;50;46 500;-1.59%
10/09/2018;940;940;940;940;27;25 380;1.08%
11/09/2018;940;940;940;940;30;28 200;0.00%
12/09/2018;940;940;940;940;280;263 200;0.00%
13/09/2018;935;935;935;935;196;183 260;-0.53%
14/09/2018;905;905;905;905;755;683 275;-3.21%
17/09/2018;905;905;905;905;755;683 275;0.00%
18/09/2018;915;915;915;915;2 909;2 661 735;1.10%
19/09/2018;915;915;915;915;513;469 395;0.00%
20/09/2018;915;915;915;915;288;263 520;0.00%
21/09/2018;900;900;900;900;1 345;1 210 500;-1.64%
24/09/2018;900;900;900;900;320;288 000;0.00%
25/09/2018;890;890;890;890;531;472 590;-1.11%
26/09/2018;855;855;855;855;1 090;931 950;-3.93%
27/09/2018;900;900;900;900;33 566;30 209 400;5.26%
28/09/2018;900;900;900;900;2 192;1 972 800;0.00%
01/10/2018;900;900;900;900;1 508;1 357 200;0.00%
02/10/2018;895;895;895;895;2 324;2 079 980;-0.56%
03/10/2018;875;875;875;875;1 462;1 279 250;-2.23%
04/10/2018;850;850;850;850;630;535 500;-2.86%
05/10/2018;800;800;800;800;1 940;1 552 000;-5.88%
08/10/2018;800;800;800;800;3 087;2 469 600;0.00%
09/10/2018;850;850;850;850;1 478;1 256 300;6.25%
10/10/2018;845;845;845;845;2 553;2 157 285;-0.59%
11/10/2018;840;840;840;840;729;612 360;-0.59%
12/10/2018;875;875;875;875;2 675;2 340 625;4.17%
15/10/2018;870;870;870;870;175;152 250;-0.57%
16/10/2018;860;860;860;860;3 780;3 250 800;-1.15%
17/10/2018;800;800;800;800;10 151;8 120 800;-6.98%
18/10/2018;800;800;800;800;1 318;1 054 400;0.00%
19/10/2018;800;800;800;800;685;548 000;0.00%
22/10/2018;800;800;800;800;2 055;1 644 000;0.00%
23/10/2018;800;800;800;800;2 744;2 195 200;0.00%
24/10/2018;800;800;800;800;46 216;36 972 800;0.00%
25/10/2018;805;805;805;805;652;524 860;0.63%
26/10/2018;825;825;825;825;2 365;1 951 125;2.48%
29/10/2018;865;865;865;865;21 296;18 421 040;4.85%
30/10/2018;925;925;925;925;2 711;2 507 675;6.94%
31/10/2018;990;990;990;990;2 684;2 657 160;7.03%
01/11/2018;990;990;990;990;2 684;2 657 160;0.00%
02/11/2018;1 000;1 000;1 000;1 000;675;675 000;1.01%
05/11/2018;950;950;950;950;2 522;2 395 900;-5.00%
06/11/2018;900;900;900;900;175;157 500;-5.26%
07/11/2018;900;900;900;900;66;59 400;0.00%
08/11/2018;875;875;875;875;440;385 000;-2.78%
09/11/2018;870;870;870;870;157;136 590;-0.57%
12/11/2018;865;865;865;865;1 693;1 464 445;-0.57%
13/11/2018;865;865;865;865;320;276 800;0.00%
14/11/2018;850;850;850;850;378;321 300;-1.73%
15/11/2018;850;850;850;850;378;321 300;0.00%
16/11/2018;845;845;845;845;1 365;1 153 425;-0.59%
19/11/2018;860;860;860;860;588;505 680;1.78%
20/11/2018;860;860;860;860;588;505 680;0.00%
21/11/2018;860;860;860;860;83;71 380;0.00%
22/11/2018;870;870;870;870;405;352 350;1.16%
23/11/2018;925;925;925;925;2 029;1 876 825;6.32%
27/11/2018;945;945;945;945;2 124;2 007 180;3.28%
28/11/2018;945;945;945;945;30;28 350;0.00%
29/11/2018;1 000;1 000;1 000;1 000;2 933;2 933 000;5.82%
30/11/2018;1 000;1 000;1 000;1 000;2;2 000;0.00%
03/12/2018;995;995;995;995;610;606 950;-0.50%
04/12/2018;990;990;990;990;57;56 430;-0.50%
05/12/2018;995;995;995;995;120;119 400;0.51%
06/12/2018;960;960;960;960;210;201 600;-3.52%
07/12/2018;950;950;950;950;245;232 750;-1.04%
10/12/2018;915;915;915;915;110;100 650;-3.68%
11/12/2018;915;915;915;915;387;354 105;0.00%
12/12/2018;900;900;900;900;1 326;1 193 400;-1.64%
13/12/2018;900;900;900;900;4 082;3 673 800;0.00%
14/12/2018;850;850;850;850;952;809 200;-5.56%
17/12/2018;840;840;840;840;1 789;1 502 760;-1.18%
18/12/2018;900;900;900;900;4 002;3 601 800;7.14%
19/12/2018;900;900;900;900;3 176;2 858 400;0.00%
20/12/2018;920;920;920;920;1 869;1 719 480;2.22%
21/12/2018;900;900;900;900;750;675 000;-2.17%
24/12/2018;905;905;905;905;100;90 500;0.56%
25/12/2018;905;905;905;905;100;90 500;0.00%
26/12/2018;970;970;970;970;601;582 970;7.18%
27/12/2018;975;975;975;975;783;763 425;0.52%
28/12/2018;945;945;945;945;181;171 045;-3.08%
31/12/2018;945;945;945;945;30;28 350;0.00%
02/01/2019;945;945;945;945;855;807 975;0.00%
03/01/2019;900;900;900;900;2 168;1 951 200;-4.76%
04/01/2019;895;895;895;895;153;136 935;-0.56%
07/01/2019;890;890;890;890;2 478;2 205 420;-0.56%
08/01/2019;900;900;900;900;5 254;4 728 600;1.12%
09/01/2019;900;900;900;900;465;418 500;0.00%
10/01/2019;935;935;935;935;714;667 590;3.89%
11/01/2019;930;930;930;930;163;151 590;-0.53%
14/01/2019;930;930;930;930;9 752;9 069 360;0.00%
15/01/2019;915;915;915;915;11 060;10 119 900;-1.61%
16/01/2019;915;900;915;900;1 512;1 372 140;0.00%
17/01/2019;915;915;915;915;51;46 665;0.00%
18/01/2019;900;900;900;900;908;817 200;-1.64%
21/01/2019;895;900;900;895;1 170;1 050 075;-0.56%
22/01/2019;910;895;910;895;3 029;2 733 673;1.68%
23/01/2019;900;900;900;900;6 556;5 900 400;-1.10%
24/01/2019;900;900;900;900;1 000;900 000;0.00%
25/01/2019;850;915;915;850;7 335;6 473 138;-5.56%
28/01/2019;850;850;850;850;191;162 350;0.00%
29/01/2019;845;835;845;835;1 004;843 360;-0.59%
30/01/2019;890;845;890;845;14 724;12 773 070;5.33%
31/01/2019;850;870;870;850;863;742 180;-4.49%
01/02/2019;800;850;850;800;13 116;10 820 700;-5.88%
04/02/2019;805;815;815;805;622;503 820;0.63%
05/02/2019;865;805;865;805;2 245;1 874 575;7.45%
06/02/2019;870;860;870;860;2 770;2 396 050;0.58%
07/02/2019;900;900;900;900;13 096;11 786 400;3.45%
08/02/2019;890;890;890;890;10 820;9 629 800;-1.11%
11/02/2019;895;835;895;835;196;169 540;0.56%
12/02/2019;925;840;925;840;3 345;2 951 963;3.35%
13/02/2019;930;925;930;925;586;543 515;0.54%
14/02/2019;925;925;925;925;2 515;2 326 375;-0.54%
15/02/2019;945;925;945;925;353;330 055;2.16%
19/02/2019;900;940;940;900;5 694;5 238 480;-4.76%
20/02/2019;900;940;940;900;9 327;8 580 840;0.00%
21/02/2019;900;900;900;900;6 114;5 502 600;0.00%
22/02/2019;895;900;900;895;3 836;3 442 810;-0.56%
26/02/2019;900;900;900;900;123;110 700;1.12%
27/02/2019;875;870;875;870;580;506 050;-2.78%
28/02/2019;895;875;895;875;280;247 800;2.29%
01/03/2019;900;875;900;875;470;417 125;0.56%
04/03/2019;900;900;900;900;74;66 600;0.00%
05/03/2019;895;900;900;895;281;252 198;-0.56%
06/03/2019;900;890;900;890;2 067;1 849 965;0.56%
07/03/2019;900;895;900;895;824;739 540;0.00%
08/03/2019;880;900;900;880;460;409 400;-2.22%
11/03/2019;900;900;900;900;20;18 000;2.27%
12/03/2019;890;900;900;890;305;272 975;-1.11%
13/03/2019;890;885;890;885;871;773 013;0.00%
14/03/2019;890;890;890;890;60;53 400;0.00%
15/03/2019;850;885;885;850;2 157;1 871 198;-4.49%
18/03/2019;885;880;885;880;30;26 475;4.12%
19/03/2019;920;885;920;885;626;564 965;3.95%
20/03/2019;935;920;935;920;280;259 700;1.63%
21/03/2019;935;930;935;930;50;46 625;0.00%
22/03/2019;935;885;935;885;11;10 010;0.00%
25/03/2019;935;930;935;930;1 312;1 223 440;0.00%
26/03/2019;945;940;945;940;572;539 110;1.07%
27/03/2019;945;945;945;945;102;96 390;0.00%
28/03/2019;940;945;945;940;345;325 163;-0.53%
29/03/2019;920;920;920;920;400;368 000;-2.13%
01/04/2019;890;890;890;890;2 253;2 005 170;-3.26%
02/04/2019;890;890;890;890;3 356;2 986 840;0.00%
03/04/2019;920;885;920;885;1 078;972 895;3.37%
04/04/2019;900;920;920;900;125;113 750;-2.17%
05/04/2019;900;920;920;900;160;145 600;0.00%
08/04/2019;920;920;920;920;287;264 040;2.22%
09/04/2019;910;965;965;910;430;403 125;-1.09%
10/04/2019;905;910;910;905;580;526 350;-0.55%
11/04/2019;920;920;920;920;250;230 000;1.66%
12/04/2019;910;925;925;910;845;775 288;-1.09%
15/04/2019;900;910;910;900;5 400;4 887 000;-1.10%
17/04/2019;900;900;900;900;126;113 400;0.00%
18/04/2019;920;900;920;900;298;271 180;2.22%
19/04/2019;900;905;905;900;1 181;1 065 853;-2.17%
22/04/2019;900;905;905;900;1 181;1 065 853;0.00%
23/04/2019;950;900;950;900;1 208;1 117 400;5.56%
24/04/2019;1 020;965;1 020;965;9 838;9 764 215;7.37%
25/04/2019;1 095;1 025;1 095;1 025;3 190;3 381 400;7.35%
26/04/2019;1 100;1 100;1 100;1 100;5 175;5 692 500;0.46%
29/04/2019;1 050;1 100;1 100;1 050;5 729;6 158 675;-4.55%
30/04/2019;1 045;1 025;1 045;1 025;144;149 040;-0.48%
01/05/2019;1 045;1 025;1 045;1 025;144;149 040;0.00%
02/05/2019;1 025;1 025;1 025;1 025;1 452;1 488 300;-1.91%
03/05/2019;1 025;1 025;1 025;1 025;300;307 500;0.00%
06/05/2019;1 000;1 025;1 025;1 000;1 593;1 612 913;-2.44%
07/05/2019;1 000;1 000;1 000;1 000;192;192 000;0.00%
08/05/2019;1 000;1 000;1 000;1 000;4 443;4 443 000;0.00%
09/05/2019;960;990;990;960;932;908 700;-4.00%
10/05/2019;1 000;1 000;1 000;1 000;262;262 000;4.17%
13/05/2019;995;1 000;1 000;995;3 905;3 895 238;-0.50%
14/05/2019;980;980;980;980;60;58 800;-1.51%
15/05/2019;955;965;965;955;1 460;1 401 600;-2.55%
16/05/2019;970;970;970;970;400;388 000;1.57%
17/05/2019;945;980;980;945;825;794 063;-2.58%
20/05/2019;940;940;940;940;61;57 340;-0.53%
21/05/2019;930;935;935;930;698;650 885;-1.06%
22/05/2019;920;920;920;920;2 378;2 187 760;-1.08%
23/05/2019;985;940;985;940;443;426 388;7.07%
27/05/2019;930;930;930;930;300;279 000;0.00%
28/05/2019;940;940;940;940;52;48 880;1.08%
29/05/2019;930;930;930;930;75;69 750;-1.06%
30/05/2019;930;930;930;930;75;69 750;0.00%
31/05/2019;925;940;940;925;68;63 410;-0.54%
03/06/2019;900;930;930;900;311;284 565;-2.70%
05/06/2019;835;880;880;835;5 955;5 106 413;-7.22%
06/06/2019;810;895;895;810;5 182;4 417 655;-2.99%
07/06/2019;850;835;850;835;1 100;926 750;4.94%
11/06/2019;850;850;850;850;4 949;4 206 650;0.00%
12/06/2019;845;850;850;845;848;718 680;-0.59%
13/06/2019;850;850;850;850;8 554;7 270 900;0.59%
14/06/2019;875;875;875;875;3 140;2 747 500;2.94%
17/06/2019;885;900;900;885;1 227;1 095 098;1.14%
18/06/2019;940;885;940;885;652;594 950;6.21%
19/06/2019;875;905;905;875;11 472;10 210 080;-6.91%
20/06/2019;855;940;940;855;3 011;2 702 373;-2.29%
21/06/2019;900;875;900;875;370;328 375;5.26%
24/06/2019;900;900;900;900;21;18 900;0.00%
25/06/2019;880;900;900;880;248;220 720;-2.22%
26/06/2019;895;895;895;895;20;17 900;1.70%
27/06/2019;875;885;885;875;991;872 080;-2.23%
28/06/2019;885;885;885;885;216;191 160;1.14%
01/07/2019;835;880;880;835;2 926;2 509 045;-5.65%
02/07/2019;875;835;875;835;4 192;3 584 160;4.79%
03/07/2019;875;835;875;835;845;722 475;0.00%
04/07/2019;885;885;885;885;1 040;920 400;1.14%
05/07/2019;885;880;885;880;261;230 333;0.00%
08/07/2019;875;880;880;875;281;246 578;-1.13%
09/07/2019;875;880;880;875;421;369 428;0.00%
10/07/2019;865;865;865;865;100;86 500;-1.14%
11/07/2019;850;875;875;850;1 162;1 002 225;-1.73%
12/07/2019;850;860;860;850;600;513 000;0.00%
15/07/2019;870;860;870;860;657;568 305;2.35%
16/07/2019;840;870;870;840;1 846;1 578 330;-3.45%
17/07/2019;850;850;850;850;1 846;1 569 100;1.19%
18/07/2019;850;850;850;850;820;697 000;0.00%
19/07/2019;855;865;865;855;1 053;905 580;0.59%
22/07/2019;855;855;855;855;320;273 600;0.00%
23/07/2019;855;855;855;855;561;479 655;0.00%
24/07/2019;870;865;870;865;1 393;1 208 428;1.75%
25/07/2019;870;870;870;870;806;701 220;0.00%
26/07/2019;870;870;870;870;309;268 830;0.00%
29/07/2019;870;870;870;870;357;310 590;0.00%
30/07/2019;875;875;875;875;679;594 125;0.57%
31/07/2019;850;820;850;820;115;96 025;-2.86%
01/08/2019;840;895;895;840;144;124 920;-1.18%
02/08/2019;835;800;835;800;3 000;2 452 500;-0.60%
05/08/2019;840;840;840;840;410;344 400;0.60%
06/08/2019;840;840;840;840;20;16 800;0.00%
07/08/2019;840;840;840;840;20;16 800;0.00%
08/08/2019;840;840;840;840;518;435 120;0.00%
09/08/2019;830;830;830;830;1 109;920 470;-1.19%
12/08/2019;830;830;830;830;1 109;920 470;0.00%
13/08/2019;830;830;830;830;188;156 040;0.00%
14/08/2019;820;830;830;820;372;306 900;-1.20%
15/08/2019;820;830;830;820;372;306 900;0.00%
16/08/2019;840;820;840;820;1 311;1 088 130;2.44%
19/08/2019;830;825;830;825;217;179 568;-1.19%
20/08/2019;830;830;830;830;173;143 590;0.00%
21/08/2019;825;840;840;825;794;661 005;-0.60%
23/08/2019;825;840;840;825;155;129 038;-1.20%
26/08/2019;825;835;835;825;450;373 500;0.00%
27/08/2019;835;835;835;835;23 441;19 573 235;1.21%
28/08/2019;830;835;835;830;1 434;1 193 805;-0.60%
29/08/2019;805;830;830;805;1 462;1 195 185;-3.01%
30/08/2019;835;805;835;805;308;252 560;3.73%
02/09/2019;805;835;835;805;506;414 920;-3.59%
03/09/2019;805;830;830;805;807;659 723;0.00%
04/09/2019;805;805;805;805;2 747;2 211 335;0.00%
05/09/2019;805;805;805;805;101;81 305;0.00%
06/09/2019;805;805;805;805;82;66 010;0.00%
09/09/2019;805;805;805;805;96;77 280;0.00%
10/09/2019;805;805;805;805;437;351 785;0.00%
11/09/2019;830;830;830;830;154;127 820;3.11%
12/09/2019;820;830;830;820;388;320 100;-1.20%
13/09/2019;820;820;820;820;177;145 140;0.00%
16/09/2019;825;830;830;825;3 320;2 747 300;0.61%
17/09/2019;825;825;825;825;321;264 825;0.00%
18/09/2019;810;820;820;810;652;531 380;-1.82%
19/09/2019;800;820;820;800;2 626;2 127 060;-1.23%
20/09/2019;790;815;815;790;178;142 845;-1.25%
23/09/2019;800;800;800;800;635;508 000;1.27%
24/09/2019;790;800;800;790;952;756 840;-1.25%
25/09/2019;775;780;780;775;398;309 445;-1.90%
26/09/2019;775;775;775;775;78;60 450;0.00%
27/09/2019;765;775;775;765;556;428 120;-1.29%
30/09/2019;775;775;775;775;155;120 125;1.31%
01/10/2019;765;775;775;765;660;508 200;-1.29%
02/10/2019;780;750;780;750;1 740;1 331 100;1.96%
03/10/2019;800;775;800;775;973;766 238;2.56%
04/10/2019;830;830;830;830;12;9 960;3.75%
07/10/2019;800;830;830;800;313;255 095;-3.61%
08/10/2019;815;815;815;815;257;209 455;1.88%
09/10/2019;830;815;830;815;210;172 725;1.84%
10/10/2019;775;825;825;775;1 476;1 180 800;-6.63%
11/10/2019;800;775;800;775;68;53 550;3.23%
14/10/2019;780;800;800;780;241;190 390;-2.50%
15/10/2019;780;780;780;780;570;444 600;0.00%
16/10/2019;770;780;780;770;395;306 125;-1.28%
17/10/2019;750;770;770;750;1 573;1 195 480;-2.60%
18/10/2019;770;740;770;740;680;513 400;2.67%
21/10/2019;755;720;755;720;1 742;1 284 725;-1.95%
22/10/2019;750;760;760;750;470;354 850;-0.66%
23/10/2019;750;720;750;720;1 115;819 525;0.00%
24/10/2019;750;750;750;750;1 220;915 000;0.00%
25/10/2019;710;750;750;710;334;243 820;-5.33%
28/10/2019;710;710;710;710;6 309;4 479 390;0.00%
29/10/2019;720;710;720;710;317;226 655;1.41%
30/10/2019;740;725;740;725;331;242 458;2.78%
31/10/2019;750;740;750;740;1 470;1 095 150;1.35%
01/11/2019;750;740;750;740;1 470;1 095 150;0.00%
04/11/2019;750;750;750;750;549;411 750;0.00%
05/11/2019;745;750;750;745;27;20 183;-0.67%
06/11/2019;740;740;740;740;297;219 780;-0.67%
07/11/2019;750;750;750;750;20;15 000;1.35%
08/11/2019;750;740;750;740;149;111 005;0.00%
11/11/2019;740;750;750;740;1 542;1 148 790;-1.33%
12/11/2019;750;740;750;740;2 893;2 155 285;1.35%
13/11/2019;710;740;740;710;4 422;3 205 950;-5.33%
14/11/2019;750;710;750;710;93 200;68 036 000;5.63%
18/11/2019;800;800;800;800;25;20 000;6.67%
19/11/2019;795;795;795;795;752;597 840;-0.63%
21/11/2019;750;795;795;750;456;352 260;-5.66%
22/11/2019;750;800;800;750;235;182 125;0.00%
25/11/2019;715;740;740;715;3 212;2 336 730;-4.67%
26/11/2019;700;730;730;700;919;657 085;-2.10%
27/11/2019;750;700;750;700;338;245 050;7.14%
28/11/2019;750;750;750;750;110;82 500;0.00%
29/11/2019;700;745;745;700;1 744;1 260 040;-6.67%
02/12/2019;745;745;745;745;272;202 640;6.43%
03/12/2019;700;740;740;700;2 140;1 540 800;-6.04%
04/12/2019;700;700;700;700;1 085;759 500;0.00%
05/12/2019;720;720;720;720;226;162 720;2.86%
06/12/2019;720;730;730;720;327;237 075;0.00%
09/12/2019;730;720;730;720;133;96 425;1.39%
10/12/2019;725;730;730;725;736;535 440;-0.68%
11/12/2019;730;730;730;730;203;148 190;0.69%
12/12/2019;700;730;730;700;3 021;2 160 015;-4.11%
13/12/2019;730;730;730;730;50;36 500;4.29%
16/12/2019;725;725;725;725;572;414 700;-0.68%
17/12/2019;730;725;730;725;513;373 208;0.69%
18/12/2019;730;725;730;725;1 643;1 195 283;0.00%
19/12/2019;730;730;730;730;575;419 750;0.00%
20/12/2019;725;730;730;725;728;529 620;-0.68%
23/12/2019;730;725;730;725;360;261 900;0.69%
24/12/2019;745;730;745;730;131;96 613;2.05%
25/12/2019;745;730;745;730;131;96 613;0.00%
26/12/2019;745;745;745;745;20;14 900;0.00%
27/12/2019;745;750;750;745;314;234 715;0.00%
30/12/2019;745;745;745;745;26 660;19 861 700;0.00%
31/12/2019;800;745;800;745;12 861;9 935 123;7.38%
01/01/2020;800;745;800;745;12 861;9 935 123;0.00%
02/01/2020;850;850;850;850;75;63 750;6.25%
03/01/2020;900;850;900;850;1 133;991 375;5.88%
06/01/2020;900;895;900;895;1 231;1 104 823;0.00%
07/01/2020;890;900;900;890;710;635 450;-1.11%
08/01/2020;840;850;850;840;99;83 655;-5.62%
09/01/2020;780;860;860;780;1 503;1 232 460;-7.14%
10/01/2020;790;795;795;790;1 139;902 658;1.28%
13/01/2020;775;800;800;775;244;192 150;-1.90%
14/01/2020;750;775;775;750;1 112;847 900;-3.23%
15/01/2020;805;805;805;805;17;13 685;7.33%
16/01/2020;850;850;850;850;185;157 250;5.59%
17/01/2020;850;850;850;850;90;76 500;0.00%
20/01/2020;850;840;850;840;694;586 430;0.00%
21/01/2020;890;850;890;850;37;32 190;4.71%
22/01/2020;890;890;890;890;154;137 060;0.00%
23/01/2020;890;870;890;870;1 175;1 034 000;0.00%
24/01/2020;880;880;880;880;151;132 880;-1.12%
27/01/2020;860;880;880;860;406;353 220;-2.27%
28/01/2020;860;860;860;860;567;487 620;0.00%
29/01/2020;860;850;860;850;547;467 685;0.00%
30/01/2020;860;850;860;850;682;583 110;0.00%
31/01/2020;885;860;885;860;692;603 770;2.91%
03/02/2020;860;880;880;860;5 349;4 653 630;-2.82%
04/02/2020;860;860;860;860;1 788;1 537 680;0.00%
05/02/2020;885;880;885;880;34 047;30 046 478;2.91%
06/02/2020;885;885;885;885;4 128;3 653 280;0.00%
07/02/2020;850;895;895;850;2 549;2 224 003;-3.95%
10/02/2020;805;860;860;805;8 230;6 851 475;-5.29%
11/02/2020;815;850;850;815;18 358;15 283 035;1.24%
12/02/2020;815;850;850;815;18 358;15 283 035;0.00%
13/02/2020;800;815;815;800;425;343 188;-1.84%
14/02/2020;800;800;800;800;937;749 600;0.00%
17/02/2020;800;800;800;800;2 126;1 700 800;0.00%
18/02/2020;800;800;800;800;94;75 200;0.00%
19/02/2020;790;800;800;790;186;147 870;-1.25%
20/02/2020;790;800;800;790;207;164 565;0.00%
21/02/2020;790;790;790;790;2 468;1 949 720;0.00%
24/02/2020;815;780;815;780;3 662;2 920 445;3.16%
25/02/2020;810;810;810;810;652;528 120;-0.61%
26/02/2020;810;810;810;810;270;218 700;0.00%
27/02/2020;810;810;810;810;522;422 820;0.00%
28/02/2020;810;805;810;805;93;75 098;0.00%
02/03/2020;810;810;810;810;337;272 970;0.00%
03/03/2020;810;810;810;810;2 184;1 769 040;0.00%
04/03/2020;810;810;810;810;495;400 950;0.00%
05/03/2020;815;815;815;815;55;44 825;0.62%
06/03/2020;800;815;815;800;1 413;1 140 998;-1.84%
09/03/2020;800;815;815;800;686;553 945;0.00%
10/03/2020;800;800;800;800;1 849;1 479 200;0.00%
11/03/2020;800;805;805;800;2 470;1 982 175;0.00%
12/03/2020;830;800;830;800;1 858;1 514 270;3.75%
13/03/2020;815;830;830;815;127;104 458;-1.81%
16/03/2020;800;815;815;800;621;501 458;-1.84%
17/03/2020;795;800;800;795;378;301 455;-0.63%
18/03/2020;795;800;800;795;139;110 853;0.00%
19/03/2020;795;795;795;795;546;434 070;0.00%
20/03/2020;770;795;795;770;208;162 760;-3.14%
23/03/2020;750;790;790;750;2 388;1 838 760;-2.60%
24/03/2020;800;770;800;770;9;7 065;6.67%
26/03/2020;795;795;795;795;385;306 075;-0.63%
27/03/2020;740;740;740;740;892;660 080;-6.92%
30/03/2020;740;785;785;740;590;449 875;0.00%
31/03/2020;750;750;750;750;50;37 500;1.35%
01/04/2020;735;755;755;735;2 782;2 072 590;-2.00%
02/04/2020;700;750;750;700;5 527;4 007 075;-4.76%
03/04/2020;700;700;700;700;475;332 500;0.00%
06/04/2020;700;700;700;700;375;262 500;0.00%
07/04/2020;700;700;700;700;6 633;4 643 100;0.00%
08/04/2020;700;700;700;700;1 309;916 300;0.00%
09/04/2020;700;700;700;700;231;161 700;0.00%
10/04/2020;695;700;700;695;228;159 030;-0.71%
13/04/2020;695;700;700;695;228;159 030;0.00%
14/04/2020;695;700;700;695;2 475;1 726 313;0.00%
15/04/2020;700;700;700;700;150;105 000;0.72%
16/04/2020;700;695;700;695;1 474;1 028 115;0.00%
17/04/2020;675;700;700;675;789;542 438;-3.57%
20/04/2020;700;675;700;675;508;349 250;3.70%
21/04/2020;675;700;700;675;2 841;1 953 188;-3.57%
22/04/2020;650;695;695;650;598;402 155;-3.70%
23/04/2020;650;650;650;650;2;1 300;0.00%
24/04/2020;635;680;680;635;4 929;3 240 818;-2.31%
27/04/2020;635;635;635;635;4 417;2 804 795;0.00%
28/04/2020;645;645;645;645;1 610;1 038 450;1.57%
29/04/2020;645;650;650;645;695;450 013;0.00%
30/04/2020;600;640;640;600;6 104;3 784 480;-6.98%
01/05/2020;600;640;640;600;6 104;3 784 480;0.00%
04/05/2020;600;600;600;600;3 300;1 980 000;0.00%
05/05/2020;600;645;645;600;3 610;2 247 225;0.00%
06/05/2020;600;600;600;600;4 282;2 569 200;0.00%
07/05/2020;600;645;645;600;1 475;918 188;0.00%
08/05/2020;600;605;605;600;3 087;1 859 918;0.00%
11/05/2020;600;600;600;600;5 899;3 539 400;0.00%
12/05/2020;600;600;600;600;6 078;3 646 800;0.00%
13/05/2020;625;625;625;625;3 154;1 971 250;4.17%
14/05/2020;600;625;625;600;7 242;4 435 725;-4.00%
15/05/2020;640;625;640;625;605;382 663;6.67%
18/05/2020;630;625;630;625;2 132;1 337 830;-1.56%
19/05/2020;600;635;635;600;4 568;2 820 740;-4.76%
22/05/2020;630;630;630;630;1 181;744 030;5.00%
25/05/2020;635;600;635;600;1 977;1 220 798;0.79%
26/05/2020;590;640;640;590;2 125;1 306 875;-7.09%
27/05/2020;605;605;605;605;3 167;1 916 035;2.54%
28/05/2020;600;630;630;600;3 407;2 095 305;-0.83%
29/05/2020;600;580;600;580;18 541;10 939 190;0.00%
01/06/2020;600;580;600;580;18 541;10 939 190;0.00%
02/06/2020;600;635;635;600;3 550;2 192 125;0.00%
03/06/2020;605;630;630;605;4 801;2 964 618;0.83%
04/06/2020;610;605;610;605;62;37 665;0.83%
05/06/2020;620;630;630;620;1 792;1 120 000;1.64%
08/06/2020;640;640;640;640;1 122;718 080;3.23%
09/06/2020;640;650;650;640;1 751;1 129 395;0.00%
10/06/2020;640;640;640;640;219;140 160;0.00%
11/06/2020;685;625;685;625;11 036;7 228 580;7.03%
12/06/2020;685;685;685;685;2 131;1 459 735;0.00%
15/06/2020;695;655;695;655;3 241;2 187 675;1.46%
16/06/2020;685;695;695;685;189;130 410;-1.44%
17/06/2020;685;685;685;685;163;111 655;0.00%
18/06/2020;680;685;685;680;2 144;1 463 280;-0.73%
19/06/2020;675;655;675;655;848;563 920;-0.74%
22/06/2020;670;675;675;670;711;478 148;-0.74%
23/06/2020;665;670;670;665;236;157 530;-0.75%
24/06/2020;660;665;665;660;983;651 238;-0.75%
25/06/2020;655;665;665;655;1 013;668 580;-0.76%
26/06/2020;670;655;670;655;760;503 500;2.29%
29/06/2020;660;660;660;660;1 192;786 720;-1.49%
30/06/2020;650;650;650;650;5 105;3 318 250;-1.52%
01/07/2020;640;645;645;640;420;269 850;-1.54%
02/07/2020;645;640;645;640;639;410 558;0.78%
03/07/2020;640;645;645;640;993;638 003;-0.78%
06/07/2020;650;635;650;635;1 627;1 045 348;1.56%
07/07/2020;650;655;655;650;135;88 088;0.00%
08/07/2020;660;645;660;645;750;489 375;1.54%
09/07/2020;660;660;660;660;14;9 240;0.00%
10/07/2020;660;660;660;660;1 679;1 108 140;0.00%
13/07/2020;660;675;675;660;558;372 465;0.00%
14/07/2020;645;650;650;645;575;372 313;-2.27%
15/07/2020;645;645;645;645;347;223 815;0.00%
16/07/2020;605;645;645;605;3 358;2 098 750;-6.20%
17/07/2020;605;580;605;580;1 834;1 086 645;0.00%
20/07/2020;605;600;605;600;1 150;692 875;0.00%
21/07/2020;605;610;610;605;100;60 750;0.00%
22/07/2020;610;610;610;610;20 632;12 585 520;0.83%
23/07/2020;610;640;640;610;35;21 875;0.00%
24/07/2020;610;610;610;610;5 267;3 212 870;0.00%
27/07/2020;610;610;610;610;123;75 030;0.00%
28/07/2020;610;610;610;610;408;248 880;0.00%
29/07/2020;610;610;610;610;679;414 190;0.00%
30/07/2020;610;610;610;610;532;324 520;0.00%
31/07/2020;610;610;610;610;532;324 520;0.00%
03/08/2020;565;615;615;565;2 083;1 228 970;-7.38%
04/08/2020;565;565;565;565;2 000;1 130 000;0.00%
05/08/2020;565;565;565;565;2 935;1 658 275;0.00%
06/08/2020;560;560;560;560;513;287 280;-0.88%
07/08/2020;560;560;560;560;513;287 280;0.00%
10/08/2020;580;560;580;560;40 370;23 010 900;3.57%
11/08/2020;600;600;600;600;477;286 200;3.45%
12/08/2020;590;590;590;590;1 184;698 560;-1.67%
13/08/2020;585;600;600;585;3 354;1 987 245;-0.85%
14/08/2020;590;585;590;585;708;415 950;0.85%
17/08/2020;610;600;610;600;70;42 350;3.39%
18/08/2020;590;600;600;590;143;85 085;-3.28%
21/08/2020;570;575;575;570;3 736;2 138 860;-3.39%
24/08/2020;575;575;575;575;30 090;17 301 750;0.88%
25/08/2020;570;575;575;570;902;516 395;-0.87%
26/08/2020;575;570;575;570;3 554;2 034 665;0.88%
27/08/2020;570;575;575;570;10 084;5 773 090;-0.87%
28/08/2020;570;610;610;570;2 160;1 274 400;0.00%
31/08/2020;590;560;590;560;4 011;2 306 325;3.51%
01/09/2020;600;575;600;575;9 299;5 463 163;1.69%
02/09/2020;600;600;600;600;265;159 000;0.00%
03/09/2020;570;600;600;570;5 243;3 067 155;-5.00%
04/09/2020;610;610;610;610;9 885;6 029 850;7.02%
07/09/2020;605;610;610;605;3 864;2 347 380;-0.82%
08/09/2020;610;605;610;605;198;120 285;0.83%
09/09/2020;655;610;655;610;221;139 783;7.38%
10/09/2020;650;650;650;650;80;52 000;-0.76%
11/09/2020;645;645;645;645;247;159 315;-0.77%
15/09/2020;640;640;640;640;40 620;25 996 800;-0.78%
16/09/2020;610;630;630;610;715;443 300;-4.69%
17/09/2020;620;625;625;620;3 152;1 962 120;1.64%
18/09/2020;620;600;620;600;2 311;1 409 710;0.00%
21/09/2020;620;620;620;620;509;315 580;0.00%
22/09/2020;615;615;615;615;152;93 480;-0.81%
23/09/2020;615;615;615;615;152;93 480;0.00%
24/09/2020;615;615;615;615;152;93 480;0.00%
25/09/2020;615;615;615;615;152;93 480;0.00%
28/09/2020;590;600;600;590;1 576;937 720;-4.07%
29/09/2020;600;590;600;590;3 972;2 363 340;1.69%
30/09/2020;600;590;600;590;590;351 050;0.00%
01/10/2020;590;590;590;590;1 502;886 180;-1.67%
02/10/2020;590;590;590;590;18 944;11 176 960;0.00%
05/10/2020;585;600;600;585;7 295;4 322 288;-0.85%
06/10/2020;585;590;590;585;570;334 875;0.00%
07/10/2020;595;590;595;590;84;49 770;1.71%
08/10/2020;600;600;600;600;1 351;810 600;0.84%
09/10/2020;615;615;615;615;1;615;2.50%
12/10/2020;615;615;615;615;670;412 050;0.00%
13/10/2020;615;615;615;615;1 012;622 380;0.00%
14/10/2020;630;600;630;600;1 422;874 530;2.44%
15/10/2020;625;615;625;615;5 789;3 589 180;-0.79%
16/10/2020;625;625;625;625;70;43 750;0.00%
19/10/2020;625;630;630;625;32 221;20 218 678;0.00%
20/10/2020;620;620;620;620;234;145 080;-0.80%
21/10/2020;620;625;625;620;5 576;3 471 060;0.00%
22/10/2020;620;620;620;620;1 265;784 300;0.00%
23/10/2020;620;620;620;620;1 105;685 100;0.00%
26/10/2020;610;615;615;610;57;34 913;-1.61%
27/10/2020;610;615;615;610;1 150;704 375;0.00%
28/10/2020;610;600;610;600;190;114 950;0.00%
29/10/2020;610;600;610;600;190;114 950;0.00%
30/10/2020;610;600;610;600;349;211 145;0.00%
02/11/2020;600;610;610;600;47 242;28 581 410;-1.64%
03/11/2020;600;600;600;600;230;138 000;0.00%
04/11/2020;600;600;600;600;820;492 000;0.00%
05/11/2020;595;595;595;595;184;109 480;-0.83%
06/11/2020;600;590;600;590;736;437 920;0.84%
09/11/2020;590;600;600;590;1 006;598 570;-1.67%
10/11/2020;595;590;595;590;913;540 953;0.85%
11/11/2020;600;595;600;595;350;209 125;0.84%
12/11/2020;600;600;600;600;9 633;5 779 800;0.00%
13/11/2020;600;595;600;595;2 529;1 511 078;0.00%
16/11/2020;645;645;645;645;2 931;1 890 495;7.50%
17/11/2020;680;645;680;645;2 005;1 328 313;5.43%
18/11/2020;675;675;675;675;670;452 250;-0.74%
19/11/2020;665;670;670;665;1 248;833 040;-1.48%
20/11/2020;665;660;665;660;5 499;3 643 088;0.00%
23/11/2020;650;665;665;650;3 062;2 013 265;-2.26%
24/11/2020;630;600;630;600;1 596;981 540;-3.08%
25/11/2020;605;605;605;605;460;278 300;-3.97%
26/11/2020;605;600;605;600;75;45 188;0.00%
27/11/2020;600;600;600;600;5 694;3 416 400;-0.83%
30/11/2020;600;600;600;600;796;477 600;0.00%
01/12/2020;600;600;600;600;6 840;4 104 000;0.00%
02/12/2020;600;600;600;600;2 785;1 671 000;0.00%
03/12/2020;630;600;630;600;650;399 750;5.00%
04/12/2020;600;630;630;600;1 411;867 765;-4.76%
07/12/2020;600;600;600;600;488;292 800;0.00%
08/12/2020;600;600;600;600;333;199 800;0.00%
09/12/2020;630;605;630;605;101;62 368;5.00%
10/12/2020;620;620;620;620;400;248 000;-1.59%
11/12/2020;620;600;620;600;4 237;2 584 570;0.00%
14/12/2020;630;630;630;630;272;171 360;1.61%
15/12/2020;620;635;635;620;386;242 215;-1.59%
16/12/2020;620;635;635;620;713;447 408;0.00%
17/12/2020;620;620;620;620;8;4 960;0.00%
18/12/2020;620;630;630;620;290;181 250;0.00%
21/12/2020;640;625;640;625;4 576;2 894 320;3.23%
22/12/2020;650;640;650;640;33 634;21 693 930;1.56%
23/12/2020;650;650;650;650;5 134;3 337 100;0.00%
24/12/2020;650;650;650;650;6 403;4 161 950;0.00%
25/12/2020;650;650;650;650;6 403;4 161 950;0.00%
28/12/2020;645;650;650;645;268;173 530;-0.77%
29/12/2020;645;625;645;625;1 479;939 165;0.00%
30/12/2020;630;645;645;630;308;196 350;-2.33%
31/12/2020;600;600;600;600;1 725;1 035 000;-4.76%
04/01/2021;615;625;625;615;375;232 500;2.50%
05/01/2021;615;615;615;615;1 286;790 890;0.00%
06/01/2021;640;600;640;600;1 019;631 780;4.07%
07/01/2021;640;640;640;640;1 102;705 280;0.00%
08/01/2021;630;640;640;630;1 047;664 845;-1.56%
11/01/2021;630;630;630;630;741;466 830;0.00%
12/01/2021;640;625;640;625;650;411 125;1.59%
13/01/2021;640;640;640;640;608;389 120;0.00%
14/01/2021;620;640;640;620;30;18 900;-3.13%
15/01/2021;620;640;640;620;1 673;1 053 990;0.00%
18/01/2021;620;650;650;620;658;417 830;0.00%
19/01/2021;650;660;660;650;1 280;838 400;4.84%
20/01/2021;650;660;660;650;1 913;1 253 015;0.00%
21/01/2021;650;650;650;650;261;169 650;0.00%
22/01/2021;650;650;650;650;30;19 500;0.00%
25/01/2021;650;650;650;650;182;118 300;0.00%
26/01/2021;645;650;650;645;524;339 290;-0.77%
27/01/2021;645;650;650;645;182;117 845;0.00%
28/01/2021;645;645;645;645;317;204 465;0.00%
29/01/2021;645;645;645;645;220;141 900;0.00%
01/02/2021;645;645;645;645;1 479;953 955;0.00%
02/02/2021;600;645;645;600;6 682;4 159 545;-6.98%
03/02/2021;600;600;600;600;11 755;7 053 000;0.00%
04/02/2021;600;600;600;600;2 004;1 202 400;0.00%
05/02/2021;600;600;600;600;1 445;867 000;0.00%
08/02/2021;600;595;600;595;3 019;1 803 853;0.00%
09/02/2021;590;600;600;590;3 286;1 955 170;-1.67%
10/02/2021;590;585;590;585;3 566;2 095 025;0.00%
11/02/2021;580;595;595;580;6 028;3 541 450;-1.69%
12/02/2021;580;580;580;580;1 707;990 060;0.00%
15/02/2021;580;600;600;580;222;130 980;0.00%
16/02/2021;580;585;585;580;1 785;1 039 763;0.00%
17/02/2021;590;595;595;590;2 071;1 227 068;1.72%
18/02/2021;590;590;590;590;659;388 810;0.00%
19/02/2021;595;595;595;595;2 974;1 769 530;0.85%
22/02/2021;590;595;595;590;4 080;2 417 400;-0.84%
23/02/2021;595;595;595;595;1 272;756 840;0.85%
24/02/2021;585;595;595;585;1 260;743 400;-1.68%
25/02/2021;585;585;585;585;1 974;1 154 790;0.00%
26/02/2021;585;585;585;585;255;149 175;0.00%
01/03/2021;580;585;585;580;6 377;3 714 603;-0.85%
02/03/2021;585;585;585;585;3 621;2 118 285;0.86%
03/03/2021;585;585;585;585;740;432 900;0.00%
04/03/2021;590;590;590;590;1 151;679 090;0.85%
05/03/2021;590;590;590;590;1 515;893 850;0.00%
08/03/2021;590;590;590;590;585;345 150;0.00%
09/03/2021;590;590;590;590;1 615;952 850;0.00%
10/03/2021;595;590;595;590;23 675;14 027 438;0.85%
11/03/2021;595;590;595;590;1 260;746 550;0.00%
12/03/2021;595;595;595;595;1 326;788 970;0.00%
15/03/2021;600;590;600;590;9 032;5 374 040;0.84%
16/03/2021;595;595;595;595;7 943;4 726 085;-0.83%
17/03/2021;595;595;595;595;3 507;2 086 665;0.00%
18/03/2021;595;595;595;595;153;91 035;0.00%
19/03/2021;595;595;595;595;3 725;2 216 375;0.00%
22/03/2021;590;595;595;590;285;168 863;-0.84%
23/03/2021;595;595;595;595;1 079;642 005;0.85%
24/03/2021;590;595;595;590;3 240;1 919 700;-0.84%
25/03/2021;595;600;600;595;595;355 513;0.85%
26/03/2021;595;595;595;595;2 536;1 508 920;0.00%
29/03/2021;595;595;595;595;105;62 475;0.00%
30/03/2021;595;590;595;590;635;376 238;0.00%
31/03/2021;600;595;600;595;15 484;9 251 690;0.84%
01/04/2021;600;600;600;600;450;270 000;0.00%
02/04/2021;600;600;600;600;108;64 800;0.00%
05/04/2021;600;600;600;600;108;64 800;0.00%
06/04/2021;595;600;600;595;4 071;2 432 423;-0.83%
07/04/2021;595;595;595;595;578;343 910;0.00%
08/04/2021;590;595;595;590;2 378;1 408 965;-0.84%
09/04/2021;590;590;590;590;512;302 080;0.00%
12/04/2021;580;590;590;580;1 344;786 240;-1.69%
13/04/2021;585;585;585;585;2 724;1 593 540;0.86%
14/04/2021;590;590;590;590;2 515;1 483 850;0.85%
15/04/2021;585;585;585;585;1 311;766 935;-0.85%
16/04/2021;580;600;600;580;14 161;8 354 990;-0.85%
19/04/2021;580;585;585;580;946;551 045;0.00%
20/04/2021;580;580;580;580;957;555 060;0.00%
21/04/2021;580;580;580;580;1 896;1 099 680;0.00%
22/04/2021;585;580;585;580;2 977;1 734 103;0.86%
23/04/2021;585;585;585;585;4 996;2 922 660;0.00%
26/04/2021;590;585;590;585;1 357;797 238;0.85%
27/04/2021;590;590;590;590;2 755;1 625 450;0.00%
28/04/2021;590;590;590;590;2 257;1 331 630;0.00%
29/04/2021;580;590;590;580;1 387;811 395;-1.69%
30/04/2021;590;580;590;580;592;346 320;1.72%
03/05/2021;585;590;590;585;1 700;998 750;-0.85%
04/05/2021;580;580;580;580;8 708;5 050 640;-0.85%
05/05/2021;560;570;570;560;6 620;3 740 300;-3.45%
06/05/2021;560;520;560;520;4 444;2 399 760;0.00%
07/05/2021;580;570;580;570;5 654;3 251 050;3.57%
10/05/2021;580;580;580;580;5 336;3 094 880;0.00%
11/05/2021;585;590;590;585;11 157;6 554 738;0.86%
12/05/2021;585;590;590;585;11 157;6 554 738;0.00%
14/05/2021;585;590;590;585;3 330;1 956 375;0.00%
17/05/2021;585;585;585;585;10 865;6 356 025;0.00%
18/05/2021;590;585;590;585;8 360;4 911 500;0.85%
19/05/2021;590;590;590;590;2 420;1 427 800;0.00%
20/05/2021;590;590;590;590;2 923;1 724 570;0.00%
21/05/2021;585;590;590;585;11 669;6 855 538;-0.85%
24/05/2021;585;590;590;585;11 669;6 855 538;0.00%
25/05/2021;590;585;590;585;9 598;5 638 825;0.85%
26/05/2021;600;590;600;590;9 780;5 819 100;1.69%
27/05/2021;605;590;605;590;900;537 750;0.83%
28/05/2021;610;600;610;600;251;151 855;0.83%
31/05/2021;600;605;605;600;4 498;2 710 045;-1.64%
01/06/2021;600;600;600;600;2 680;1 608 000;0.00%
02/06/2021;595;600;600;595;3 161;1 888 698;-0.83%
03/06/2021;595;595;595;595;1 811;1 077 545;0.00%
04/06/2021;600;595;600;595;12 530;7 486 675;0.84%
07/06/2021;610;595;610;595;3 627;2 185 268;1.67%
08/06/2021;605;600;605;600;27 352;16 479 580;-0.82%
09/06/2021;630;630;630;630;13 578;8 554 140;4.13%
10/06/2021;625;625;625;625;7 093;4 433 125;-0.79%
11/06/2021;620;625;625;620;8 884;5 530 290;-0.80%
14/06/2021;620;625;625;620;2 208;1 374 480;0.00%
15/06/2021;625;625;625;625;2 886;1 803 750;0.81%
16/06/2021;630;625;630;625;2 238;1 404 345;0.80%
17/06/2021;630;630;630;630;2 975;1 874 250;0.00%
18/06/2021;630;625;630;625;738;463 095;0.00%
21/06/2021;645;650;650;645;2 200;1 424 500;2.38%
22/06/2021;645;645;645;645;545;351 525;0.00%
23/06/2021;645;645;645;645;239;154 155;0.00%
24/06/2021;645;645;645;645;2 987;1 926 615;0.00%
25/06/2021;690;630;690;630;2 179;1 438 140;6.98%
28/06/2021;740;690;740;690;3 182;2 275 130;7.25%
29/06/2021;795;795;795;795;8 723;6 934 785;7.43%
30/06/2021;780;800;800;780;2 232;1 763 280;-1.89%
01/07/2021;725;765;765;725;389;289 805;-7.05%
02/07/2021;720;725;725;720;583;421 218;-0.69%
05/07/2021;700;720;720;700;5 018;3 562 780;-2.78%
06/07/2021;700;700;700;700;965;675 500;0.00%
07/07/2021;710;710;710;710;1 810;1 285 100;1.43%
08/07/2021;740;715;740;715;1 165;847 538;4.23%
09/07/2021;715;715;715;715;1 093;781 495;-3.38%
12/07/2021;720;710;720;710;15;10 725;0.70%
13/07/2021;740;720;740;720;575;419 750;2.78%
14/07/2021;730;700;730;700;1 611;1 151 865;-1.35%
15/07/2021;730;730;730;730;1 103;805 190;0.00%
16/07/2021;725;730;730;725;392;285 180;-0.68%
19/07/2021;750;730;750;730;6 135;4 539 900;3.45%
20/07/2021;750;730;750;730;6 135;4 539 900;0.00%
21/07/2021;750;770;770;750;2 301;1 748 760;0.00%
22/07/2021;710;750;750;710;1 676;1 223 480;-5.33%
23/07/2021;700;710;710;700;1 131;797 355;-1.41%
26/07/2021;700;710;710;700;2 036;1 435 380;0.00%
27/07/2021;700;705;705;700;1 828;1 284 170;0.00%
28/07/2021;745;750;750;745;1 441;1 077 148;6.43%
29/07/2021;710;745;745;710;1 006;731 865;-4.70%
30/07/2021;710;745;745;710;245;178 238;0.00%
02/08/2021;710;750;750;710;1 038;757 740;0.00%
03/08/2021;715;745;745;715;208;151 840;0.70%
04/08/2021;745;715;745;715;5 130;3 744 900;4.20%
05/08/2021;715;745;745;715;1 325;967 250;-4.03%
06/08/2021;740;740;740;740;60;44 400;3.50%
09/08/2021;715;715;715;715;2 546;1 820 390;-3.38%
10/08/2021;720;715;720;715;280;200 900;0.70%
11/08/2021;710;720;720;710;368;263 120;-1.39%
12/08/2021;710;710;710;710;4 877;3 462 670;0.00%
13/08/2021;730;715;730;715;3 042;2 197 845;2.82%
16/08/2021;745;730;745;730;648;477 900;2.05%
17/08/2021;725;745;745;725;2 884;2 119 740;-2.68%
18/08/2021;725;725;725;725;725;525 625;0.00%
19/08/2021;715;725;725;715;781;562 320;-1.38%
20/08/2021;715;745;745;715;3 352;2 446 960;0.00%
23/08/2021;720;745;745;720;1 004;735 430;0.70%
24/08/2021;735;730;735;730;404;295 930;2.08%
25/08/2021;750;735;750;735;2 367;1 757 498;2.04%
26/08/2021;765;750;765;750;3 227;2 444 453;2.00%
27/08/2021;765;765;765;765;2 281;1 744 965;0.00%
30/08/2021;775;765;775;765;3 128;2 408 560;1.31%
31/08/2021;775;775;775;775;1 893;1 467 075;0.00%
01/09/2021;780;775;780;775;3 320;2 581 300;0.65%
02/09/2021;805;790;805;790;770;614 075;3.21%
03/09/2021;805;830;830;805;466;380 955;0.00%
06/09/2021;835;805;835;805;687;563 340;3.73%
07/09/2021;835;835;835;835;2 431;2 029 885;0.00%
08/09/2021;835;835;835;835;2 566;2 142 610;0.00%
09/09/2021;870;835;870;835;20 170;17 194 925;4.19%
10/09/2021;870;870;870;870;1 289;1 121 430;0.00%
13/09/2021;870;870;870;870;420;365 400;0.00%
14/09/2021;865;840;865;840;21 584;18 400 360;-0.57%
15/09/2021;870;870;870;870;4 557;3 964 590;0.58%
16/09/2021;840;870;870;840;509;435 195;-3.45%
17/09/2021;850;850;850;850;5 330;4 530 500;1.19%
20/09/2021;855;845;855;845;920;782 000;0.59%
21/09/2021;870;870;870;870;6 903;6 005 610;1.75%
22/09/2021;875;875;875;875;4 245;3 714 375;0.57%
23/09/2021;895;850;895;850;18 620;16 245 950;2.29%
24/09/2021;895;895;895;895;889;795 655;0.00%
27/09/2021;910;895;910;895;4 606;4 156 915;1.68%
28/09/2021;930;920;930;920;1 706;1 578 050;2.20%
29/09/2021;920;920;920;920;3 254;2 993 680;-1.08%
30/09/2021;890;905;905;890;2 327;2 088 483;-3.26%
01/10/2021;875;890;890;875;4 304;3 798 280;-1.69%
04/10/2021;880;895;895;880;1 454;1 290 425;0.57%
05/10/2021;875;880;880;875;8 727;7 657 943;-0.57%
06/10/2021;835;845;845;835;2 253;1 892 520;-4.57%
07/10/2021;845;845;845;845;791;668 395;1.20%
08/10/2021;845;845;845;845;1 564;1 321 580;0.00%
11/10/2021;875;850;875;850;1 337;1 153 163;3.55%
12/10/2021;900;850;900;850;6 288;5 502 000;2.86%
13/10/2021;920;930;930;920;9 604;8 883 700;2.22%
14/10/2021;950;915;950;915;4 122;3 843 765;3.26%
15/10/2021;915;950;950;915;3 496;3 260 020;-3.68%
18/10/2021;915;950;950;915;3 496;3 260 020;0.00%
19/10/2021;950;915;950;915;4 134;3 854 955;3.83%
20/10/2021;1 010;915;1 010;915;9 047;8 707 738;6.32%
21/10/2021;1 060;1 060;1 060;1 060;3 719;3 942 140;4.95%
22/10/2021;1 060;1 060;1 060;1 060;1 154;1 223 240;0.00%
25/10/2021;1 050;1 055;1 055;1 050;1 977;2 080 793;-0.94%
26/10/2021;1 000;1 000;1 000;1 000;8 988;8 988 000;-4.76%
27/10/2021;1 035;1 000;1 035;1 000;1 002;1 019 535;3.50%
28/10/2021;1 035;1 000;1 035;1 000;7 561;7 693 318;0.00%
29/10/2021;1 035;1 040;1 040;1 035;8 732;9 059 450;0.00%
01/11/2021;1 035;1 040;1 040;1 035;8 732;9 059 450;0.00%
02/11/2021;960;960;960;960;411;394 560;-7.25%
03/11/2021;890;900;900;890;1 559;1 395 305;-7.29%
04/11/2021;840;840;840;840;6 903;5 798 520;-5.62%
05/11/2021;825;825;825;825;6 248;5 154 600;-1.79%
08/11/2021;800;835;835;800;4 338;3 546 315;-3.03%
09/11/2021;790;800;800;790;2 519;2 002 605;-1.25%
10/11/2021;800;790;800;790;1 889;1 501 755;1.27%
11/11/2021;840;800;840;800;1 421;1 165 220;5.00%
12/11/2021;840;840;840;840;4 837;4 063 080;0.00%
15/11/2021;840;840;840;840;4 837;4 063 080;0.00%
16/11/2021;900;840;900;840;1 346;1 171 020;7.14%
17/11/2021;900;835;900;835;2 570;2 229 475;0.00%
18/11/2021;895;900;900;895;1 151;1 033 023;-0.56%
19/11/2021;890;850;890;850;5 119;4 453 530;-0.56%
22/11/2021;890;850;890;850;447;388 890;0.00%
23/11/2021;870;890;890;870;1 221;1 074 480;-2.25%
24/11/2021;850;870;870;850;2 193;1 885 980;-2.30%
25/11/2021;850;850;850;850;2 394;2 034 900;0.00%
26/11/2021;845;825;845;825;338;282 230;-0.59%
29/11/2021;830;850;850;830;2 658;2 232 720;-1.78%
30/11/2021;880;850;880;850;4 242;3 669 330;6.02%
01/12/2021;895;890;895;890;2 468;2 202 690;1.70%
02/12/2021;850;880;880;850;3 098;2 679 770;-5.03%
03/12/2021;900;855;900;855;7 111;6 239 903;5.88%
06/12/2021;900;900;900;900;3 808;3 427 200;0.00%
07/12/2021;850;900;900;850;4 592;4 018 000;-5.56%
08/12/2021;830;850;850;830;1 713;1 438 920;-2.35%
09/12/2021;835;830;835;830;2 786;2 319 345;0.60%
10/12/2021;830;835;835;830;470;391 275;-0.60%
13/12/2021;825;830;830;825;1 112;920 180;-0.60%
14/12/2021;800;830;830;800;4 769;3 886 735;-3.03%
15/12/2021;825;800;825;800;4 726;3 839 875;3.13%
16/12/2021;885;825;885;825;2 509;2 145 195;7.27%
17/12/2021;845;845;845;845;1 022;863 590;-4.52%
20/12/2021;885;840;885;840;10 134;8 740 575;4.73%
21/12/2021;830;830;830;830;191;158 530;-6.21%
22/12/2021;885;830;885;830;2 081;1 784 458;6.63%
23/12/2021;870;850;870;850;527;453 220;-1.69%
24/12/2021;880;880;880;880;995;875 600;1.15%
27/12/2021;865;880;880;865;2 120;1 849 700;-1.70%
28/12/2021;860;865;865;860;2 726;2 351 175;-0.58%
29/12/2021;880;850;880;850;433;374 545;2.33%
30/12/2021;860;875;875;860;451;391 243;-2.27%
31/12/2021;860;860;860;860;64;55 040;0.00%
03/01/2022;860;860;860;860;122;104 920;0.00%
04/01/2022;845;850;850;845;6 725;5 699 438;-1.74%
05/01/2022;865;895;895;865;1 153;1 014 640;2.37%
06/01/2022;865;865;865;865;350;302 750;0.00%
07/01/2022;845;865;865;845;1 074;918 270;-2.31%
10/01/2022;845;845;845;845;3 059;2 584 855;0.00%
11/01/2022;835;845;845;835;56;47 040;-1.18%
12/01/2022;890;890;890;890;1 345;1 197 050;6.59%
13/01/2022;830;845;845;830;10 804;9 048 350;-6.74%
14/01/2022;870;845;870;845;688;589 960;4.82%
17/01/2022;845;845;845;845;1 150;971 750;-2.87%
18/01/2022;830;845;845;830;1 447;1 211 863;-1.78%
19/01/2022;830;830;830;830;308;255 640;0.00%
20/01/2022;850;830;850;830;3 306;2 777 040;2.41%
21/01/2022;845;845;845;845;2 472;2 088 840;-0.59%
24/01/2022;835;840;840;835;834;698 475;-1.18%
25/01/2022;835;835;835;835;3 086;2 576 810;0.00%
26/01/2022;845;850;850;845;317;268 658;1.20%
27/01/2022;860;840;860;840;17 291;14 697 350;1.78%
28/01/2022;860;860;860;860;13 033;11 208 380;0.00%
31/01/2022;860;865;865;860;2 745;2 367 563;0.00%
01/02/2022;895;860;895;860;2 519;2 210 423;4.07%
02/02/2022;890;860;890;860;1 384;1 211 000;-0.56%
03/02/2022;900;880;900;880;6 947;6 182 830;1.12%
04/02/2022;940;900;940;900;6 948;6 392 160;4.44%
07/02/2022;920;900;920;900;6 122;5 571 020;-2.13%
08/02/2022;985;950;985;950;30 328;29 342 340;7.07%
09/02/2022;950;980;980;950;3 760;3 628 400;-3.55%
10/02/2022;950;980;980;950;4 822;4 653 230;0.00%
11/02/2022;950;940;950;940;7 351;6 946 695;0.00%
14/02/2022;935;950;950;935;1 820;1 715 350;-1.58%
15/02/2022;945;935;945;935;1 530;1 438 200;1.07%
16/02/2022;945;945;945;945;1 867;1 764 315;0.00%
17/02/2022;945;910;945;910;1 917;1 778 018;0.00%
18/02/2022;945;945;945;945;1 843;1 741 635;0.00%
21/02/2022;930;945;945;930;717;672 188;-1.59%
22/02/2022;925;930;930;925;2 436;2 259 390;-0.54%
23/02/2022;940;925;940;925;158;147 335;1.62%
24/02/2022;935;935;935;935;970;906 950;-0.53%
25/02/2022;935;930;935;930;1 603;1 494 798;0.00%
28/02/2022;930;935;935;930;1 120;1 044 400;-0.53%
01/03/2022;915;930;930;915;2 163;1 995 368;-1.61%
02/03/2022;910;915;915;910;2 272;2 073 200;-0.55%
03/03/2022;915;910;915;910;11 506;10 499 225;0.55%
04/03/2022;905;935;935;905;22 931;21 096 520;-1.09%
07/03/2022;930;915;930;915;2 258;2 083 005;2.76%
08/03/2022;930;930;930;930;6 137;5 707 410;0.00%
09/03/2022;945;945;945;945;2 788;2 634 660;1.61%
10/03/2022;930;945;945;930;1 485;1 392 188;-1.59%
11/03/2022;945;930;945;930;1 669;1 564 688;1.61%
14/03/2022;945;945;945;945;780;737 100;0.00%
15/03/2022;935;945;945;935;358;336 520;-1.06%
16/03/2022;945;945;945;945;3 621;3 421 845;1.07%
17/03/2022;935;945;945;935;2 434;2 287 960;-1.06%
18/03/2022;940;935;940;935;1 057;990 938;0.53%
21/03/2022;930;935;935;930;1 175;1 095 688;-1.06%
22/03/2022;935;930;935;930;902;841 115;0.54%
23/03/2022;930;910;930;910;190;174 800;-0.53%
24/03/2022;935;935;935;935;1 650;1 542 750;0.54%
25/03/2022;935;935;935;935;50;46 750;0.00%
28/03/2022;930;940;940;930;1 148;1 073 380;-0.53%
29/03/2022;930;930;930;930;841;782 130;0.00%
30/03/2022;925;930;930;925;1 011;937 703;-0.54%
31/03/2022;925;925;925;925;1 420;1 313 500;0.00%
01/04/2022;920;925;925;920;3 480;3 210 300;-0.54%
04/04/2022;900;905;905;900;3 841;3 466 503;-2.17%
05/04/2022;900;900;900;900;5 870;5 283 000;0.00%
06/04/2022;895;900;900;895;1 898;1 703 455;-0.56%
07/04/2022;900;900;900;900;116;104 400;0.56%
08/04/2022;890;895;895;890;6 787;6 057 398;-1.11%
11/04/2022;900;880;900;880;5 014;4 462 460;1.12%
12/04/2022;895;900;900;895;239;214 503;-0.56%
13/04/2022;900;870;900;870;2 968;2 626 680;0.56%
14/04/2022;920;900;920;900;7 741;7 044 310;2.22%
15/04/2022;920;920;920;920;849;781 080;0.00%
19/04/2022;920;920;920;920;410;377 200;0.00%
20/04/2022;910;915;915;910;1 664;1 518 400;-1.09%
21/04/2022;910;920;920;910;243;222 345;0.00%
22/04/2022;905;910;910;905;3 331;3 022 883;-0.55%
25/04/2022;905;905;905;905;548;495 940;0.00%
26/04/2022;900;905;905;900;494;445 835;-0.55%
27/04/2022;900;900;900;900;2 934;2 640 600;0.00%
28/04/2022;900;900;900;900;2 934;2 640 600;0.00%
29/04/2022;900;900;900;900;51;45 900;0.00%
02/05/2022;900;900;900;900;51;45 900;0.00%
03/05/2022;880;895;895;880;161;142 888;-2.22%
04/05/2022;870;840;870;840;8 179;6 993 045;-1.14%
05/05/2022;850;860;860;850;135;115 425;-2.30%
06/05/2022;855;855;855;855;74;63 270;0.59%
09/05/2022;835;850;850;835;914;770 045;-2.34%
10/05/2022;790;775;790;775;1 651;1 291 908;-5.39%
11/05/2022;790;790;790;790;93;73 470;0.00%
12/05/2022;780;780;780;780;191;148 980;-1.27%
13/05/2022;790;790;790;790;281;221 990;1.28%
16/05/2022;830;790;830;790;515;417 150;5.06%
17/05/2022;815;825;825;815;768;629 760;-1.81%
18/05/2022;825;840;840;825;1 669;1 389 443;1.23%
19/05/2022;860;860;860;860;973;836 780;4.24%
20/05/2022;860;860;860;860;236;202 960;0.00%
23/05/2022;860;850;860;850;207;176 985;0.00%
24/05/2022;815;855;855;815;1 198;1 000 330;-5.23%
25/05/2022;815;815;815;815;163;132 845;0.00%
26/05/2022;815;815;815;815;163;132 845;0.00%
27/05/2022;815;835;835;815;480;396 000;0.00%
30/05/2022;810;815;815;810;208;169 000;-0.61%
31/05/2022;830;810;830;810;142;116 440;2.47%
01/06/2022;850;815;850;815;726;604 395;2.41%
02/06/2022;850;850;850;850;134;113 900;0.00%
03/06/2022;810;810;810;810;652;528 120;-4.71%
06/06/2022;810;810;810;810;652;528 120;0.00%
07/06/2022;850;850;850;850;10;8 500;4.94%
08/06/2022;850;830;850;830;95;79 800;0.00%
09/06/2022;860;850;860;850;2 770;2 368 350;1.18%
10/06/2022;860;860;860;860;200;172 000;0.00%
13/06/2022;860;860;860;860;1 044;897 840;0.00%
14/06/2022;865;855;865;855;1 679;1 443 940;0.58%
15/06/2022;815;860;860;815;582;487 425;-5.78%
16/06/2022;865;865;865;865;1 216;1 051 840;6.13%
17/06/2022;860;865;865;860;681;587 363;-0.58%
20/06/2022;850;850;850;850;227;192 950;-1.16%
21/06/2022;850;850;850;850;200;170 000;0.00%
22/06/2022;850;850;850;850;3 767;3 201 950;0.00%
23/06/2022;840;850;850;840;1 496;1 264 120;-1.18%
24/06/2022;860;860;860;860;75;64 500;2.38%
27/06/2022;810;860;860;810;683;570 305;-5.81%
28/06/2022;820;810;820;810;773;629 995;1.23%
29/06/2022;820;810;820;810;773;629 995;0.00%
30/06/2022;840;820;840;820;26;21 580;2.44%
01/07/2022;850;830;850;830;308;258 720;1.19%
04/07/2022;850;810;850;810;611;507 130;0.00%
05/07/2022;900;850;900;850;176;154 000;5.88%
06/07/2022;850;900;900;850;218;190 750;-5.56%
07/07/2022;900;900;900;900;44;39 600;5.88%
08/07/2022;900;900;900;900;296;266 400;0.00%
11/07/2022;895;900;900;895;305;273 738;-0.56%
12/07/2022;895;900;900;895;353;316 818;0.00%
13/07/2022;860;895;895;860;546;479 115;-3.91%
14/07/2022;880;860;880;860;522;454 140;2.33%
15/07/2022;895;880;895;880;894;793 425;1.70%
18/07/2022;895;900;900;895;834;748 515;0.00%
19/07/2022;880;850;880;850;1 055;912 575;-1.68%
20/07/2022;850;880;880;850;317;274 205;-3.41%
21/07/2022;895;895;895;895;851;761 645;5.29%
22/07/2022;895;895;895;895;756;676 620;0.00%
25/07/2022;895;895;895;895;9 912;8 871 240;0.00%
26/07/2022;850;895;895;850;803;700 618;-5.03%
27/07/2022;855;895;895;855;61;53 375;0.59%
28/07/2022;890;890;890;890;5 527;4 919 030;4.09%
29/07/2022;890;895;895;890;1 154;1 029 945;0.00%
01/08/2022;890;895;895;890;481;429 293;0.00%
02/08/2022;890;890;890;890;658;585 620;0.00%
03/08/2022;890;890;890;890;191;169 990;0.00%
04/08/2022;890;890;890;890;519;461 910;0.00%
05/08/2022;895;890;895;890;184;164 220;0.56%
08/08/2022;895;890;895;890;184;164 220;0.00%
09/08/2022;855;895;895;855;1 001;875 875;-4.47%
10/08/2022;850;895;895;850;884;771 290;-0.58%
11/08/2022;850;880;880;850;137;118 505;0.00%
12/08/2022;865;880;880;865;355;309 738;1.76%
15/08/2022;865;880;880;865;355;309 738;0.00%
16/08/2022;865;865;865;865;96;83 040;0.00%
17/08/2022;865;865;865;865;98;84 770;0.00%
18/08/2022;895;860;895;860;4 150;3 641 625;3.47%
19/08/2022;850;895;895;850;1 080;942 300;-5.03%
22/08/2022;875;850;875;850;432;372 600;2.94%
23/08/2022;895;850;895;850;2 172;1 895 070;2.29%
24/08/2022;890;895;895;890;261;232 943;-0.56%
25/08/2022;850;850;850;850;120;102 000;-4.49%
26/08/2022;850;850;850;850;499;424 150;0.00%
29/08/2022;850;875;875;850;586;505 425;0.00%
30/08/2022;830;850;850;830;946;794 640;-2.35%
31/08/2022;850;835;850;835;1 250;1 053 125;2.41%
01/09/2022;820;850;850;820;491;409 985;-3.53%
02/09/2022;840;825;840;825;247;205 628;2.44%
05/09/2022;875;850;875;850;4 568;3 939 900;4.17%
06/09/2022;875;890;890;875;604;533 030;0.00%
07/09/2022;890;895;895;890;758;676 515;1.71%
08/09/2022;885;895;895;885;2 385;2 122 650;-0.56%
09/09/2022;895;890;895;890;1 318;1 176 315;1.13%
12/09/2022;895;895;895;895;310;277 450;0.00%
13/09/2022;890;880;890;880;920;814 200;-0.56%
14/09/2022;880;890;890;880;741;655 785;-1.12%
15/09/2022;885;885;885;885;442;391 170;0.57%
16/09/2022;885;885;885;885;84;74 340;0.00%
19/09/2022;885;870;885;870;412;361 530;0.00%
20/09/2022;885;885;885;885;258;228 330;0.00%
21/09/2022;885;860;885;860;832;725 920;0.00%
22/09/2022;885;885;885;885;182;161 070;0.00%
23/09/2022;885;860;885;860;2 292;1 999 770;0.00%
26/09/2022;885;885;885;885;280;247 800;0.00%
27/09/2022;870;885;885;870;446;391 365;-1.69%
28/09/2022;830;885;885;830;1 047;897 803;-4.60%
29/09/2022;880;880;880;880;862;758 560;6.02%
30/09/2022;875;880;880;875;163;143 033;-0.57%
03/10/2022;875;870;875;870;1 832;1 598 420;0.00%
04/10/2022;865;875;875;865;362;314 940;-1.14%
05/10/2022;825;855;855;825;1 156;971 040;-4.62%
06/10/2022;825;825;825;825;3 551;2 929 575;0.00%
07/10/2022;870;830;870;830;133;113 050;5.45%
10/10/2022;830;870;870;830;1 256;1 067 600;-4.60%
11/10/2022;870;830;870;830;231;196 350;4.82%
12/10/2022;860;850;860;850;120;102 600;-1.15%
13/10/2022;840;850;850;840;908;767 260;-2.33%
14/10/2022;860;860;860;860;1 823;1 567 780;2.38%
17/10/2022;850;850;850;850;252;214 200;-1.16%
18/10/2022;865;860;865;860;3 628;3 129 150;1.76%
19/10/2022;890;890;890;890;164;145 960;2.89%
20/10/2022;880;890;890;880;624;552 240;-1.12%
21/10/2022;865;880;880;865;1 318;1 149 955;-1.70%
24/10/2022;875;880;880;875;2 557;2 243 768;1.16%
25/10/2022;880;880;880;880;449;395 120;0.57%
26/10/2022;880;880;880;880;10;8 800;0.00%
27/10/2022;865;885;885;865;50;43 750;-1.70%
28/10/2022;875;885;885;875;940;827 200;1.16%
31/10/2022;875;885;885;875;940;827 200;0.00%
01/11/2022;870;870;870;870;50;43 500;-0.57%
02/11/2022;850;865;865;850;23 734;20 351 905;-2.30%
03/11/2022;850;865;865;850;164;140 630;0.00%
04/11/2022;850;850;850;850;14 146;12 024 100;0.00%
07/11/2022;820;800;820;800;528;427 680;-3.53%
08/11/2022;840;820;840;820;412;341 960;2.44%
09/11/2022;820;830;830;820;219;180 675;-2.38%
10/11/2022;800;820;820;800;123;99 630;-2.44%
11/11/2022;800;820;820;800;1 143;925 830;0.00%
14/11/2022;800;750;800;750;316;244 900;0.00%
15/11/2022;800;750;800;750;316;244 900;0.00%
16/11/2022;800;800;800;800;842;673 600;0.00%
17/11/2022;820;800;820;800;3 808;3 084 480;2.50%
18/11/2022;820;830;830;820;1 264;1 042 800;0.00%
21/11/2022;830;830;830;830;491;407 530;1.22%
22/11/2022;780;830;830;780;479;385 595;-6.02%
23/11/2022;780;785;785;780;1 186;928 045;0.00%
24/11/2022;780;785;785;780;351;274 658;0.00%
25/11/2022;770;775;775;770;621;479 723;-1.28%
28/11/2022;770;770;770;770;262;201 740;0.00%
29/11/2022;780;780;780;780;191;148 980;1.30%
30/11/2022;780;780;780;780;191;148 980;0.00%
01/12/2022;780;780;780;780;191;148 980;0.00%
02/12/2022;710;710;710;710;374;265 540;-8.97%
05/12/2022;700;700;700;700;212;148 400;-1.41%
06/12/2022;700;710;710;700;1 441;1 015 905;0.00%
07/12/2022;675;700;700;675;254;174 625;-3.57%
08/12/2022;675;700;700;675;413;283 938;0.00%
09/12/2022;725;700;725;700;4 588;3 268 950;7.41%
12/12/2022;730;755;755;730;763;566 528;0.69%
13/12/2022;765;730;765;730;2 201;1 645 248;4.79%
14/12/2022;770;770;770;770;2 015;1 551 550;0.65%
15/12/2022;760;770;770;760;2 158;1 650 870;-1.30%
16/12/2022;760;755;760;755;552;418 140;0.00%
19/12/2022;760;760;760;760;284;215 840;0.00%
20/12/2022;760;760;760;760;797;605 720;0.00%
21/12/2022;755;735;755;735;270;201 150;-0.66%
22/12/2022;800;755;800;755;1 471;1 143 703;5.96%
23/12/2022;795;795;795;795;162;128 790;-0.63%
26/12/2022;795;795;795;795;162;128 790;0.00%
27/12/2022;790;795;795;790;110;87 175;-0.63%
28/12/2022;780;790;790;780;39;30 615;-1.27%
29/12/2022;775;775;775;775;570;441 750;-0.64%
30/12/2022;750;775;775;750;1 328;1 012 600;-3.23%
02/01/2023;750;750;750;750;768;576 000;0.00%
03/01/2023;750;750;750;750;1 057;792 750;0.00%
04/01/2023;710;770;770;710;411;304 140;-5.33%
05/01/2023;760;750;760;750;50;37 750;7.04%
06/01/2023;760;760;760;760;779;592 040;0.00%
09/01/2023;800;800;800;800;3 151;2 520 800;5.26%
10/01/2023;800;800;800;800;1 164;931 200;0.00%
11/01/2023;800;800;800;800;1 447;1 157 600;0.00%
12/01/2023;785;800;800;785;247;195 748;-1.88%
13/01/2023;750;775;775;750;440;335 500;-4.46%
16/01/2023;740;750;750;740;445;331 525;-1.33%
17/01/2023;740;740;740;740;1 157;856 180;0.00%
18/01/2023;750;705;750;705;216;157 140;1.35%
19/01/2023;740;745;745;740;1 129;838 283;-1.33%
20/01/2023;750;740;750;740;466;347 170;1.35%
23/01/2023;745;745;745;745;450;335 250;-0.67%
24/01/2023;750;745;750;745;3 631;2 714 173;0.67%
25/01/2023;780;750;780;750;130;99 450;4.00%
26/01/2023;780;780;780;780;755;588 900;0.00%
27/01/2023;795;780;795;780;3 328;2 620 800;1.92%
30/01/2023;795;795;795;795;450;357 750;0.00%
31/01/2023;750;750;750;750;1 176;882 000;-5.66%
01/02/2023;750;750;750;750;489;366 750;0.00%
02/02/2023;750;750;750;750;480;360 000;0.00%
03/02/2023;780;780;780;780;202;157 560;4.00%
06/02/2023;790;780;790;780;840;659 400;1.28%
07/02/2023;790;790;790;790;489;386 310;0.00%
08/02/2023;790;790;790;790;408;322 320;0.00%
09/02/2023;790;800;800;790;833;662 235;0.00%
10/02/2023;795;790;795;790;748;592 790;0.63%
13/02/2023;810;755;810;755;1 763;1 379 548;1.89%
14/02/2023;810;810;810;810;170;137 700;0.00%
15/02/2023;800;800;800;800;1 152;921 600;-1.23%
16/02/2023;800;805;805;800;400;321 000;0.00%
17/02/2023;800;800;800;800;1 942;1 553 600;0.00%
20/02/2023;805;805;805;805;547;440 335;0.63%
21/02/2023;805;800;805;800;475;381 188;0.00%
22/02/2023;800;805;805;800;2 991;2 400 278;-0.62%
23/02/2023;800;800;800;800;1 157;925 600;0.00%
24/02/2023;800;800;800;800;179;143 200;0.00%
27/02/2023;800;800;800;800;492;393 600;0.00%
28/02/2023;750;800;800;750;857;664 175;-6.25%
01/03/2023;760;760;760;760;377;286 520;1.33%
02/03/2023;795;800;800;795;204;162 690;4.61%
03/03/2023;795;795;795;795;610;484 950;0.00%
06/03/2023;790;790;790;790;180;142 200;-0.63%
07/03/2023;785;790;790;785;50;39 375;-0.63%
08/03/2023;790;785;790;785;2 019;1 589 963;0.64%
09/03/2023;780;780;780;780;218;170 040;-1.27%
10/03/2023;800;780;800;780;1 055;833 450;2.56%
13/03/2023;800;800;800;800;588;470 400;0.00%
14/03/2023;795;790;795;790;2 840;2 250 700;-0.63%
15/03/2023;795;795;795;795;3 375;2 683 125;0.00%
16/03/2023;795;795;795;795;3 680;2 925 600;0.00%
17/03/2023;830;795;830;795;1 688;1 371 500;4.40%
20/03/2023;830;830;830;830;250;207 500;0.00%
21/03/2023;800;830;830;800;1 265;1 030 975;-3.61%
22/03/2023;790;800;800;790;135;107 325;-1.25%
23/03/2023;800;800;800;800;1 231;984 800;1.27%
24/03/2023;800;800;800;800;748;598 400;0.00%
27/03/2023;790;800;800;790;428;340 260;-1.25%
28/03/2023;785;790;790;785;439;345 713;-0.63%
29/03/2023;755;755;755;755;23;17 365;-3.82%
30/03/2023;790;760;790;760;1 300;1 007 500;4.64%
31/03/2023;790;790;790;790;931;735 490;0.00%
03/04/2023;770;790;790;770;75;58 500;-2.53%
04/04/2023;750;770;770;750;219;166 440;-2.60%
05/04/2023;750;735;750;735;738;547 965;0.00%
06/04/2023;750;750;750;750;72;54 000;0.00%
07/04/2023;740;750;750;740;283;210 835;-1.33%
10/04/2023;740;750;750;740;283;210 835;0.00%
11/04/2023;740;750;750;740;283;210 835;0.00%
12/04/2023;730;730;730;730;7 036;5 136 280;-1.35%
13/04/2023;700;730;730;700;2 063;1 475 045;-4.11%
14/04/2023;730;730;730;730;354;258 420;4.29%
17/04/2023;730;710;730;710;137;98 640;0.00%
18/04/2023;730;710;730;710;137;98 640;0.00%
19/04/2023;705;730;730;705;716;513 730;-3.42%
20/04/2023;705;705;705;705;987;695 835;0.00%
21/04/2023;705;705;705;705;987;695 835;0.00%
24/04/2023;690;705;705;690;2 188;1 526 130;-2.13%
25/04/2023;690;695;695;690;2 511;1 738 868;0.00%
26/04/2023;705;700;705;700;12 656;8 890 840;2.17%
27/04/2023;660;705;705;660;2 097;1 431 203;-6.38%
28/04/2023;650;650;650;650;3 644;2 368 600;-1.52%
01/05/2023;650;650;650;650;3 644;2 368 600;0.00%
02/05/2023;650;650;650;650;1 270;825 500;0.00%
03/05/2023;650;650;650;650;1 270;825 500;0.00%
04/05/2023;670;650;670;650;327;215 820;3.08%
05/05/2023;695;690;695;690;3 251;2 251 318;3.73%
08/05/2023;705;705;705;705;3 652;2 574 660;1.44%
09/05/2023;700;705;705;700;1 423;999 658;-0.71%
10/05/2023;695;700;700;695;1 359;947 903;-0.71%
11/05/2023;695;700;700;695;545;380 138;0.00%
12/05/2023;700;695;700;695;1 774;1 237 365;0.72%
15/05/2023;695;705;705;695;2 600;1 820 000;-0.71%
16/05/2023;695;695;695;695;746;518 470;0.00%
17/05/2023;680;695;695;680;866;595 375;-2.16%
18/05/2023;680;695;695;680;866;595 375;0.00%
19/05/2023;685;685;685;685;744;509 640;0.74%
22/05/2023;690;690;690;690;3 943;2 720 670;0.73%
23/05/2023;660;690;690;660;1 112;750 600;-4.35%
24/05/2023;685;685;685;685;1 161;795 285;3.79%
25/05/2023;675;685;685;675;1 508;1 025 440;-1.46%
26/05/2023;650;675;675;650;14 154;9 377 025;-3.70%
29/05/2023;650;675;675;650;14 154;9 377 025;0.00%
30/05/2023;675;675;675;675;1 447;976 725;3.85%
31/05/2023;665;675;675;665;4 823;3 231 410;-1.48%
01/06/2023;640;660;660;640;15 219;9 892 350;-3.76%
02/06/2023;660;645;660;645;2 548;1 662 570;3.13%
05/06/2023;680;690;690;680;5 531;3 788 735;3.03%
06/06/2023;680;690;690;680;4 171;2 857 135;0.00%
07/06/2023;695;690;695;690;4 845;3 355 163;2.21%
08/06/2023;685;685;685;685;1 229;841 865;-1.44%
09/06/2023;690;695;695;690;1 350;934 875;0.73%
12/06/2023;690;690;690;690;826;569 940;0.00%
13/06/2023;700;690;700;690;262;182 090;1.45%
14/06/2023;705;690;705;690;9 481;6 612 998;0.71%
15/06/2023;755;700;755;700;4 148;3 017 670;7.09%
16/06/2023;790;795;795;790;495;392 288;4.64%
19/06/2023;780;770;780;770;1 613;1 250 075;-1.27%
20/06/2023;755;770;770;755;3 579;2 728 988;-3.21%
21/06/2023;765;790;790;765;2 299;1 787 473;1.32%
22/06/2023;790;770;790;770;869;677 820;3.27%
23/06/2023;790;790;790;790;256;202 240;0.00%
26/06/2023;785;800;800;785;1 725;1 367 063;-0.63%
27/06/2023;770;785;785;770;3 084;2 397 810;-1.91%
28/06/2023;770;785;785;770;3 084;2 397 810;0.00%
29/06/2023;715;765;765;715;3 107;2 299 180;-7.14%
30/06/2023;755;755;755;755;40;30 200;5.59%
03/07/2023;755;755;755;755;10 197;7 698 735;0.00%
04/07/2023;770;755;770;755;623;475 038;1.99%
05/07/2023;770;770;770;770;2 797;2 153 690;0.00%
06/07/2023;770;760;770;760;501;383 265;0.00%
07/07/2023;760;760;760;760;279;212 040;-1.30%
10/07/2023;775;760;775;760;1 478;1 134 365;1.97%
11/07/2023;760;770;770;760;1 668;1 276 020;-1.94%
12/07/2023;765;755;765;755;6 882;5 230 320;0.66%
13/07/2023;790;790;790;790;10 600;8 374 000;3.27%
14/07/2023;780;750;780;750;11 463;8 769 195;-1.27%
17/07/2023;795;780;795;780;929;731 588;1.92%
18/07/2023;770;795;795;770;4 458;3 488 385;-3.14%
19/07/2023;775;780;780;775;150;116 625;0.65%
20/07/2023;790;770;790;770;434;338 520;1.94%
21/07/2023;780;790;790;780;361;283 385;-1.27%
24/07/2023;775;780;780;775;1 815;1 411 163;-0.64%
25/07/2023;770;775;775;770;11 206;8 656 635;-0.65%
26/07/2023;775;770;775;770;1 193;921 593;0.65%
27/07/2023;775;775;775;775;2 257;1 749 175;0.00%
28/07/2023;770;775;775;770;410;316 725;-0.65%
31/07/2023;770;765;770;765;821;630 118;0.00%
01/08/2023;800;770;800;770;3 806;2 987 710;3.90%
02/08/2023;840;800;840;800;6 427;5 270 140;5.00%
03/08/2023;780;800;800;780;317;250 430;-7.14%
04/08/2023;750;780;780;750;1 276;976 140;-3.85%
07/08/2023;750;780;780;750;1 276;976 140;0.00%
08/08/2023;780;750;780;750;3 971;3 037 815;4.00%
09/08/2023;780;780;780;780;380;296 400;0.00%
10/08/2023;780;780;780;780;628;489 840;0.00%
11/08/2023;780;775;780;775;3 377;2 625 618;0.00%
14/08/2023;780;780;780;780;424;330 720;0.00%
15/08/2023;780;780;780;780;424;330 720;0.00%
16/08/2023;760;780;780;760;732;563 640;-2.56%
17/08/2023;755;750;755;750;7 043;5 299 858;-0.66%
18/08/2023;770;760;770;760;620;474 300;1.99%
21/08/2023;775;775;775;775;893;692 075;0.65%
22/08/2023;770;775;775;770;513;396 293;-0.65%
23/08/2023;770;765;770;765;1 163;892 603;0.00%
24/08/2023;755;770;770;755;644;491 050;-1.95%
25/08/2023;765;755;765;755;5 395;4 100 200;1.32%
28/08/2023;760;765;765;760;2 582;1 968 775;-0.65%
29/08/2023;770;755;770;755;652;497 150;1.32%
30/08/2023;770;770;770;770;1 037;798 490;0.00%
31/08/2023;760;785;785;760;329;254 153;-1.30%
01/09/2023;775;770;775;770;535;413 288;1.97%
04/09/2023;790;790;790;790;252;199 080;1.94%
05/09/2023;785;785;785;785;523;410 555;-0.63%
06/09/2023;785;770;785;770;2 283;1 775 033;0.00%
07/09/2023;795;785;795;785;1 148;906 920;1.27%
08/09/2023;795;785;795;785;1 217;961 430;0.00%
11/09/2023;840;795;840;795;2 591;2 118 143;5.66%
12/09/2023;835;830;835;830;868;722 610;-0.60%
13/09/2023;835;835;835;835;601;501 835;0.00%
14/09/2023;810;835;835;810;679;558 478;-2.99%
15/09/2023;810;825;825;810;629;514 208;0.00%
18/09/2023;770;810;810;770;779;615 410;-4.94%
19/09/2023;800;775;800;775;801;630 788;3.90%
20/09/2023;800;775;800;775;6 675;5 256 563;0.00%
21/09/2023;820;800;820;800;392;317 520;2.50%
22/09/2023;815;820;820;815;152;124 260;-0.61%
25/09/2023;775;815;815;775;11 385;9 051 075;-4.91%
26/09/2023;775;830;830;775;6 932;5 562 930;0.00%
27/09/2023;775;830;830;775;6 932;5 562 930;0.00%
28/09/2023;790;775;790;775;909;711 293;1.94%
29/09/2023;845;805;845;805;509;419 925;6.96%
02/10/2023;785;800;800;785;166;131 555;-7.10%
03/10/2023;835;835;835;835;6;5 010;6.37%
04/10/2023;835;835;835;835;776;647 960;0.00%
05/10/2023;830;835;835;830;565;470 363;-0.60%
06/10/2023;840;840;840;840;377;316 680;1.20%
09/10/2023;845;845;845;845;415;350 675;0.60%
10/10/2023;830;850;850;830;671;563 640;-1.78%
11/10/2023;840;830;840;830;5 973;4 987 455;1.20%
12/10/2023;810;840;840;810;1 258;1 037 850;-3.57%
13/10/2023;800;810;810;800;146;117 530;-1.23%
16/10/2023;845;800;845;800;2 100;1 727 250;5.63%
17/10/2023;810;810;810;810;3 363;2 724 030;-4.14%
18/10/2023;820;810;820;810;766;624 290;1.23%
19/10/2023;810;820;820;810;1 807;1 472 705;-1.22%
20/10/2023;820;820;820;820;1 420;1 164 400;1.23%
23/10/2023;830;820;830;820;5 298;4 370 850;1.22%
24/10/2023;830;830;830;830;95;78 850;0.00%
25/10/2023;820;830;830;820;181;149 325;-1.20%
26/10/2023;820;820;820;820;85;69 700;0.00%
27/10/2023;815;820;820;815;595;486 413;-0.61%
30/10/2023;805;830;830;805;4 902;4 007 385;-1.23%
31/10/2023;815;820;820;815;236;192 930;1.24%
01/11/2023;815;820;820;815;236;192 930;0.00%
02/11/2023;820;805;820;805;326;264 875;0.61%
03/11/2023;815;805;815;805;735;595 350;-0.61%
06/11/2023;810;805;810;805;290;234 175;-0.61%
07/11/2023;805;805;805;805;228;183 540;-0.62%
08/11/2023;805;805;805;805;2 219;1 786 295;0.00%
09/11/2023;805;805;805;805;13 912;11 199 160;0.00%
10/11/2023;805;805;805;805;6 192;4 984 560;0.00%
13/11/2023;835;805;835;805;126;103 320;3.73%
14/11/2023;835;835;835;835;294;245 490;0.00%
15/11/2023;835;835;835;835;294;245 490;0.00%
16/11/2023;810;810;810;810;264;213 840;-2.99%
17/11/2023;805;810;810;805;380;306 850;-0.62%
20/11/2023;805;810;810;805;191;154 233;0.00%
21/11/2023;835;835;835;835;161;134 435;3.73%
22/11/2023;835;815;835;815;301;248 325;0.00%
23/11/2023;830;835;835;830;376;313 020;-0.60%
24/11/2023;830;840;840;830;350;292 250;0.00%
27/11/2023;830;830;830;830;581;482 230;0.00%
28/11/2023;830;830;830;830;121;100 430;0.00%
29/11/2023;820;820;820;820;5;4 100;-1.20%
30/11/2023;810;810;810;810;223;180 630;-1.22%
01/12/2023;830;805;830;805;811;662 993;2.47%
04/12/2023;810;810;810;810;20;16 200;-2.41%
05/12/2023;810;810;810;810;3 206;2 596 860;0.00%
06/12/2023;805;825;825;805;227;185 005;-0.62%
07/12/2023;805;805;805;805;710;571 550;0.00%
08/12/2023;815;805;815;805;2 786;2 256 660;1.24%
11/12/2023;815;815;815;815;3 868;3 152 420;0.00%
12/12/2023;805;805;805;805;1 861;1 498 105;-1.23%
13/12/2023;810;810;810;810;414;335 340;0.62%
14/12/2023;810;805;810;805;3 287;2 654 253;0.00%
15/12/2023;810;810;810;810;279;225 990;0.00%
18/12/2023;815;810;815;810;65;52 813;0.62%
19/12/2023;810;810;810;810;810;656 100;-0.61%
20/12/2023;830;825;830;825;481;398 028;2.47%
21/12/2023;830;830;830;830;728;604 240;0.00%
22/12/2023;800;820;820;800;65;52 650;-3.61%
25/12/2023;800;820;820;800;65;52 650;0.00%
26/12/2023;760;695;760;695;2 043;1 486 283;-5.00%
27/12/2023;760;760;760;760;325;247 000;0.00%
28/12/2023;745;760;760;745;2 776;2 088 940;-1.97%
29/12/2023;790;795;795;790;1 707;1 352 798;6.04%
01/01/2024;790;795;795;790;1 707;1 352 798;0.00%
02/01/2024;790;790;790;790;770;608 300;0.00%
03/01/2024;790;755;790;755;160;123 600;0.00%
04/01/2024;790;795;795;790;267;211 598;0.00%
05/01/2024;785;790;790;785;346;272 475;-0.63%
08/01/2024;755;785;785;755;506;389 620;-3.82%
09/01/2024;755;755;755;755;200;151 000;0.00%
10/01/2024;755;790;790;755;251;193 898;0.00%
11/01/2024;750;755;755;750;20 233;15 225 333;-0.66%
12/01/2024;755;750;755;750;211;158 778;0.67%
15/01/2024;710;755;755;710;1 641;1 202 033;-5.96%
16/01/2024;750;710;750;710;589;429 970;5.63%
17/01/2024;750;730;750;730;538;398 120;0.00%
18/01/2024;750;700;750;700;718;520 550;0.00%
19/01/2024;750;750;750;750;130;97 500;0.00%
22/01/2024;780;755;780;755;282;216 435;4.00%
23/01/2024;780;785;785;780;354;277 005;0.00%
24/01/2024;790;785;790;785;415;326 813;1.28%
25/01/2024;790;790;790;790;311;245 690;0.00%
26/01/2024;795;790;795;790;356;282 130;0.63%
29/01/2024;795;790;795;790;287;227 448;0.00%
30/01/2024;795;790;795;790;754;597 545;0.00%
31/01/2024;800;795;800;795;182;145 145;0.63%
01/02/2024;800;800;800;800;211;168 800;0.00%
02/02/2024;800;800;800;800;337;269 600;0.00%
05/02/2024;805;810;810;805;288;232 560;0.63%
06/02/2024;810;805;810;805;1 015;819 613;0.62%
07/02/2024;800;805;805;800;913;732 683;-1.23%
08/02/2024;810;800;810;800;1 110;893 550;1.25%
09/02/2024;755;800;800;755;5 795;4 505 613;-6.79%
12/02/2024;755;800;800;755;5 795;4 505 613;0.00%
13/02/2024;805;765;805;765;190;149 150;6.62%
14/02/2024;805;805;805;805;2;1 610;0.00%
15/02/2024;780;805;805;780;618;489 765;-3.11%
16/02/2024;780;780;780;780;557;434 460;0.00%
19/02/2024;780;760;780;760;1 090;839 300;0.00%
20/02/2024;780;780;780;780;612;477 360;0.00%
21/02/2024;800;780;800;780;2 696;2 129 840;2.56%
22/02/2024;785;780;785;780;50;39 125;-1.88%
23/02/2024;730;785;785;730;1 206;913 545;-7.01%
26/02/2024;780;780;780;780;5;3 900;6.85%
27/02/2024;775;750;775;750;160;122 000;-0.64%
28/02/2024;755;770;770;755;175;133 438;-2.58%
29/02/2024;755;755;755;755;20;15 100;0.00%
01/03/2024;770;770;770;770;30;23 100;1.99%
04/03/2024;770;770;770;770;62;47 740;0.00%
05/03/2024;770;770;770;770;347;267 190;0.00%
06/03/2024;770;770;770;770;1 572;1 210 440;0.00%
07/03/2024;740;770;770;740;2 066;1 559 830;-3.90%
08/03/2024;765;740;765;740;140;105 350;3.38%
11/03/2024;765;715;765;715;3 326;2 461 240;0.00%
12/03/2024;720;715;720;715;34 571;24 804 693;-5.88%
13/03/2024;765;765;765;765;63;48 195;6.25%
14/03/2024;715;715;715;715;140;100 100;-6.54%
15/03/2024;765;725;765;725;130;96 850;6.99%
18/03/2024;760;765;765;760;31 795;24 243 688;-0.65%
19/03/2024;765;765;765;765;114;87 210;0.66%
20/03/2024;770;765;770;765;514;394 495;0.65%
21/03/2024;800;770;800;770;3 336;2 618 760;3.90%
22/03/2024;800;800;800;800;313;250 400;0.00%
25/03/2024;775;795;795;775;358;281 030;-3.13%
26/03/2024;775;770;775;770;7 282;5 625 345;0.00%
27/03/2024;775;775;775;775;256;198 400;0.00%
28/03/2024;775;775;775;775;451;349 525;0.00%
29/03/2024;795;765;795;765;2 100;1 638 000;2.58%
01/04/2024;795;765;795;765;2 100;1 638 000;0.00%
02/04/2024;795;795;795;795;1 436;1 141 620;0.00%
03/04/2024;765;795;795;765;190;148 200;-3.77%
04/04/2024;800;765;800;765;302;236 315;4.58%
05/04/2024;775;795;795;775;10 818;8 492 130;-3.13%
08/04/2024;765;765;765;765;26 321;20 135 565;-1.29%
09/04/2024;770;790;790;770;370;288 600;0.65%
10/04/2024;770;790;790;770;370;288 600;0.00%
11/04/2024;780;770;780;770;2 096;1 624 400;1.30%
12/04/2024;780;780;780;780;246;191 880;0.00%
15/04/2024;765;755;765;755;329;250 040;-1.92%
16/04/2024;780;780;780;780;260;202 800;1.96%
17/04/2024;780;780;780;780;10 455;8 154 900;0.00%
18/04/2024;750;780;780;750;10 074;7 706 610;-3.85%
19/04/2024;770;770;770;770;8 040;6 190 800;2.67%
22/04/2024;770;770;770;770;918;706 860;0.00%
23/04/2024;770;770;770;770;397;305 690;0.00%
24/04/2024;740;770;770;740;490;369 950;-3.90%
25/04/2024;770;735;770;735;611;459 778;4.05%
26/04/2024;770;770;770;770;400;308 000;0.00%
29/04/2024;765;740;765;740;301;226 503;-0.65%
30/04/2024;760;765;765;760;72;54 900;-0.65%
01/05/2024;760;765;765;760;72;54 900;0.00%
02/05/2024;760;760;760;760;571;433 960;0.00%
03/05/2024;760;740;760;740;203;152 250;0.00%
06/05/2024;765;760;765;760;2 588;1 973 350;0.66%
07/05/2024;780;770;780;770;1 621;1 256 275;1.96%
08/05/2024;770;785;785;770;1 646;1 279 765;-1.28%
09/05/2024;770;785;785;770;1 646;1 279 765;0.00%
10/05/2024;760;760;760;760;1 141;867 160;-1.30%
13/05/2024;760;760;760;760;520;395 200;0.00%
14/05/2024;770;760;770;760;809;618 885;1.32%
15/05/2024;775;770;775;770;685;529 163;0.65%
16/05/2024;780;780;780;780;254;198 120;0.65%
17/05/2024;780;780;780;780;2 784;2 171 520;0.00%
20/05/2024;780;780;780;780;2 784;2 171 520;0.00%
21/05/2024;780;780;780;780;522;407 160;0.00%
22/05/2024;785;780;785;780;599;468 718;0.64%
23/05/2024;795;785;795;785;6 631;5 238 490;1.27%
24/05/2024;790;795;795;790;494;391 495;-0.63%
27/05/2024;785;790;790;785;38;29 925;-0.63%
28/05/2024;780;780;780;780;130;101 400;-0.64%
29/05/2024;730;780;780;730;6 320;4 771 600;-6.41%
30/05/2024;735;780;780;735;4 385;3 321 638;0.68%
31/05/2024;775;790;790;775;872;682 340;5.44%
03/06/2024;740;740;740;740;2 352;1 740 480;-4.52%
04/06/2024;750;745;750;745;770;575 575;1.35%
05/06/2024;750;750;750;750;6 220;4 665 000;0.00%
06/06/2024;750;750;750;750;246;184 500;0.00%
07/06/2024;730;730;730;730;2 300;1 679 000;-2.67%
10/06/2024;730;730;730;730;1 217;888 410;0.00%
11/06/2024;775;740;775;740;4 507;3 414 053;6.16%
12/06/2024;800;795;800;795;2 303;1 836 643;3.23%
13/06/2024;775;800;800;775;2 530;1 992 375;-3.13%
14/06/2024;775;775;775;775;3 143;2 435 825;0.00%
18/06/2024;820;795;820;795;87 094;70 328 405;5.81%
19/06/2024;820;830;830;820;1 453;1 198 725;0.00%
20/06/2024;800;820;820;800;4 225;3 422 250;-2.44%
21/06/2024;810;790;810;790;9 721;7 776 800;1.25%
24/06/2024;820;815;820;815;1 541;1 259 768;1.23%
25/06/2024;820;820;820;820;24 339;19 957 980;0.00%
26/06/2024;830;820;830;820;1 128;930 600;1.22%
27/06/2024;840;850;850;840;1 064;899 080;1.20%
28/06/2024;850;840;850;840;811;685 295;1.19%
01/07/2024;860;850;860;850;1 382;1 181 610;1.18%
02/07/2024;885;860;885;860;1 623;1 416 068;2.91%
03/07/2024;850;875;875;850;2 387;2 058 788;-3.95%
04/07/2024;875;870;875;870;923;805 318;2.94%
05/07/2024;850;875;875;850;1 782;1 536 975;-2.86%
08/07/2024;890;895;895;890;2 304;2 056 320;4.71%
09/07/2024;880;890;890;880;1 447;1 280 595;-1.12%
10/07/2024;880;880;880;880;281;247 280;0.00%
11/07/2024;890;880;890;880;3 456;3 058 560;1.14%
12/07/2024;885;880;885;880;763;673 348;-0.56%
15/07/2024;890;890;890;890;1 099;978 110;0.56%
16/07/2024;875;835;875;835;1 048;896 040;-1.69%
17/07/2024;855;875;875;855;580;501 700;-2.29%
18/07/2024;870;875;875;870;3 250;2 835 625;1.75%
19/07/2024;875;870;875;870;29;25 303;0.57%
22/07/2024;855;875;875;855;729;630 585;-2.29%
23/07/2024;860;875;875;860;599;519 633;0.58%
24/07/2024;865;860;865;860;1 988;1 714 650;0.58%
25/07/2024;875;850;875;850;1 381;1 191 113;1.16%
26/07/2024;865;865;865;865;334;288 910;-1.14%
29/07/2024;850;865;865;850;452;387 590;-1.73%
30/07/2024;850;860;860;850;1 772;1 515 060;0.00%
31/07/2024;850;850;850;850;1 219;1 036 150;0.00%
01/08/2024;810;850;850;810;984;816 720;-4.71%
02/08/2024;810;810;810;810;18 925;15 329 250;0.00%
05/08/2024;870;870;870;870;16 841;14 651 670;7.41%
06/08/2024;935;935;935;935;24 440;22 851 400;7.47%
07/08/2024;935;935;935;935;24 440;22 851 400;0.00%
08/08/2024;965;935;965;935;5 348;5 080 600;3.21%
09/08/2024;955;960;960;955;2 007;1 921 703;-1.04%
12/08/2024;940;900;940;900;4 183;3 848 360;-1.57%
13/08/2024;925;940;940;925;583;543 648;-1.60%
14/08/2024;910;935;935;910;1 638;1 511 055;-1.62%
15/08/2024;910;935;935;910;1 638;1 511 055;0.00%
16/08/2024;905;910;910;905;1 860;1 687 950;-0.55%
19/08/2024;915;905;915;905;719;654 290;1.10%
20/08/2024;900;910;910;900;2 507;2 268 835;-1.64%
21/08/2024;905;900;905;900;11 693;10 552 933;0.56%
22/08/2024;905;905;905;905;353;319 465;0.00%
23/08/2024;905;900;905;900;240;216 600;0.00%
26/08/2024;900;910;910;900;870;787 350;-0.55%
27/08/2024;905;910;910;905;889;806 768;0.56%
28/08/2024;910;905;910;905;271;245 933;0.55%
29/08/2024;910;905;910;905;567;514 553;0.00%
30/08/2024;910;910;910;910;376;342 160;0.00%
02/09/2024;910;910;910;910;356;323 960;0.00%
03/09/2024;905;910;910;905;308;279 510;-0.55%
04/09/2024;910;905;910;905;4 131;3 748 883;0.55%
05/09/2024;905;905;905;905;4 423;4 002 815;-0.55%
06/09/2024;915;910;915;910;959;875 088;1.10%
09/09/2024;915;905;915;905;5 624;5 117 840;0.00%
10/09/2024;925;920;925;920;7 491;6 910 448;1.09%
11/09/2024;920;925;925;920;1 336;1 232 460;-0.54%
12/09/2024;940;920;940;920;7 274;6 764 820;2.17%
13/09/2024;940;920;940;920;2 715;2 524 950;0.00%
16/09/2024;940;940;940;940;54 990;51 690 600;0.00%
17/09/2024;920;940;940;920;1 378;1 281 540;-2.13%
18/09/2024;900;900;900;900;1 553;1 397 700;-2.17%
19/09/2024;915;915;915;915;741;678 015;1.67%
20/09/2024;900;915;915;900;2 103;1 908 473;-1.64%
23/09/2024;890;900;900;890;1 703;1 524 185;-1.11%
24/09/2024;890;880;890;880;3 273;2 896 605;0.00%
25/09/2024;860;890;890;860;1 356;1 186 500;-3.37%
26/09/2024;805;860;860;805;325;270 563;-6.40%
27/09/2024;850;815;850;815;595;495 338;5.59%
30/09/2024;850;850;850;850;2 326;1 977 100;0.00%
01/10/2024;850;850;850;850;73 513;62 486 050;0.00%
02/10/2024;845;850;850;845;13 344;11 309 040;-0.59%
03/10/2024;890;850;890;850;11 235;9 774 450;5.33%
04/10/2024;850;890;890;850;17 737;15 431 190;-4.49%
07/10/2024;890;850;890;850;1 797;1 563 390;4.71%
08/10/2024;875;885;885;875;1 122;987 360;-1.69%
09/10/2024;875;875;875;875;25 226;22 072 750;0.00%
10/10/2024;830;875;875;830;2 532;2 158 530;-5.14%
11/10/2024;885;845;885;845;901;779 365;6.63%
14/10/2024;890;885;890;885;2 204;1 956 050;0.56%
15/10/2024;895;890;895;890;155 347;138 647 198;0.56%
16/10/2024;885;895;895;885;537;477 930;-1.12%
17/10/2024;880;885;885;880;31 969;28 212 643;-0.56%
18/10/2024;880;860;880;860;1 322;1 150 140;0.00%
21/10/2024;880;880;880;880;684;601 920;0.00%
22/10/2024;885;895;895;885;11 956;10 640 840;0.57%
23/10/2024;875;890;890;875;879;775 718;-1.13%
24/10/2024;890;885;890;885;6 229;5 528 238;1.71%
25/10/2024;885;890;890;885;6 489;5 758 988;-0.56%
28/10/2024;880;890;890;880;1 805;1 597 425;-0.56%
29/10/2024;880;880;880;880;1 816;1 598 080;0.00%
30/10/2024;880;890;890;880;1 782;1 577 070;0.00%
31/10/2024;895;890;895;890;1 145;1 021 913;1.70%
01/11/2024;895;890;895;890;1 145;1 021 913;0.00%
04/11/2024;875;890;890;875;6 984;6 163 380;-2.23%
05/11/2024;885;890;890;885;3 931;3 488 763;1.14%
06/11/2024;895;890;895;890;1 563;1 394 978;1.13%
07/11/2024;890;895;895;890;2 712;2 420 460;-0.56%
08/11/2024;880;890;890;880;15 549;13 760 865;-1.12%
11/11/2024;860;885;885;860;2 923;2 550 318;-2.27%
12/11/2024;855;880;880;855;6 829;5 924 158;-0.58%
13/11/2024;875;885;885;875;1 618;1 423 840;2.34%
14/11/2024;860;870;870;860;4 165;3 602 725;-1.71%
15/11/2024;860;870;870;860;4 165;3 602 725;0.00%
18/11/2024;850;855;855;850;3 533;3 011 883;-1.16%
19/11/2024;910;890;910;890;8 985;8 086 500;7.06%
20/11/2024;910;940;940;910;2 506;2 318 050;0.00%
21/11/2024;900;910;910;900;617;558 385;-1.10%
22/11/2024;900;900;900;900;719;647 100;0.00%
25/11/2024;900;900;900;900;5 770;5 193 000;0.00%
26/11/2024;900;900;900;900;5 838;5 254 200;0.00%
27/11/2024;905;900;905;900;20 707;18 688 068;0.56%
28/11/2024;900;905;905;900;5 237;4 726 393;-0.55%
29/11/2024;900;900;900;900;1 422;1 279 800;0.00%
02/12/2024;855;900;900;855;2 231;1 957 703;-5.00%
03/12/2024;900;895;900;895;24 714;22 180 815;5.26%
04/12/2024;895;895;895;895;517;462 715;-0.56%
05/12/2024;900;895;900;895;24 681;22 151 198;0.56%
06/12/2024;900;895;900;895;1 431;1 284 323;0.00%
09/12/2024;900;900;900;900;698;628 200;0.00%
10/12/2024;880;885;885;880;2 693;2 376 573;-2.22%
11/12/2024;880;880;880;880;1 826;1 606 880;0.00%
12/12/2024;870;880;880;870;1 454;1 272 250;-1.14%
13/12/2024;850;870;870;850;11 453;9 849 580;-2.30%
16/12/2024;850;900;900;850;2 998;2 623 250;0.00%
17/12/2024;895;850;895;850;6 272;5 472 320;5.29%
18/12/2024;850;895;895;850;639;557 528;-5.03%
19/12/2024;880;860;880;860;18 199;15 833 130;3.53%
20/12/2024;875;880;880;875;3 461;3 037 028;-0.57%
23/12/2024;850;875;875;850;160;138 000;-2.86%
24/12/2024;850;850;850;850;351;298 350;0.00%
25/12/2024;850;875;875;850;351;302 738;0.00%
26/12/2024;860;860;860;860;4 567;3 927 620;1.18%
27/12/2024;850;850;850;850;739;628 150;-1.16%
30/12/2024;850;860;860;850;716;612 180;0.00%
31/12/2024;880;845;880;845;11 763;10 145 588;3.53%
01/01/2025;880;845;880;845;11 763;10 145 588;0.00%
02/01/2025;880;880;880;880;14 281;12 567 280;0.00%
03/01/2025;845;895;895;845;1 233;1 072 710;-3.98%
06/01/2025;860;845;860;845;463;394 708;1.78%
07/01/2025;850;895;895;850;2 098;1 830 505;-1.16%
08/01/2025;840;845;845;840;4 373;3 684 253;-1.18%
09/01/2025;850;850;850;850;3 576;3 039 600;1.19%
10/01/2025;850;850;850;850;483;410 550;0.00%
13/01/2025;850;845;850;845;323;273 743;0.00%
14/01/2025;840;850;850;840;704;594 880;-1.18%
15/01/2025;840;840;840;840;1 251;1 050 840;0.00%
16/01/2025;840;845;845;840;1 461;1 230 893;0.00%
17/01/2025;850;835;850;835;392;330 260;1.19%
20/01/2025;870;870;870;870;674;586 380;2.35%
21/01/2025;850;860;860;850;326;278 730;-2.30%
22/01/2025;850;850;850;850;508;431 800;0.00%
23/01/2025;850;850;850;850;883;750 550;0.00%
24/01/2025;860;850;860;850;567;484 785;1.18%
27/01/2025;860;860;860;860;1 405;1 208 300;0.00%
28/01/2025;865;860;865;860;1 124;969 450;0.58%
29/01/2025;870;850;870;850;3 271;2 813 060;0.58%
30/01/2025;875;850;875;850;1 009;870 263;0.57%
31/01/2025;890;875;890;875;2 599;2 293 618;1.71%
03/02/2025;870;900;900;870;760;672 600;-2.25%
04/02/2025;865;870;870;865;944;818 920;-0.57%
05/02/2025;880;865;880;865;2 830;2 469 175;1.73%
06/02/2025;880;870;880;870;961;840 875;0.00%
07/02/2025;890;880;890;880;721;638 085;1.14%
10/02/2025;890;895;895;890;613;547 103;0.00%
11/02/2025;875;890;890;875;811;715 708;-1.69%
12/02/2025;880;880;880;880;1 661;1 461 680;0.57%
13/02/2025;880;880;880;880;2 500;2 200 000;0.00%
14/02/2025;895;880;895;880;6 336;5 623 200;1.70%
17/02/2025;880;895;895;880;810;718 875;-1.68%
18/02/2025;895;890;895;890;1 358;1 212 015;1.70%
19/02/2025;890;900;900;890;820;733 900;-0.56%
20/02/2025;895;895;895;895;280;250 600;0.56%
21/02/2025;895;900;900;895;1 278;1 147 005;0.00%
24/02/2025;905;895;905;895;3 932;3 538 800;1.12%
25/02/2025;905;905;905;905;1 007;911 335;0.00%
26/02/2025;905;905;905;905;3 902;3 531 310;0.00%
28/02/2025;905;905;905;905;2 309;2 089 645;0.00%
03/03/2025;905;905;905;905;5 847;5 291 535;0.00%
04/03/2025;930;905;930;905;637;584 448;2.76%
05/03/2025;950;930;950;930;2 584;2 428 960;2.15%
06/03/2025;955;950;955;950;5 379;5 123 498;0.53%
07/03/2025;1 005;955;1 005;955;9 771;9 575 580;5.24%
10/03/2025;995;1 010;1 010;995;11 058;11 085 645;-1.00%
11/03/2025;1 020;1 000;1 020;1 000;5 571;5 626 710;2.51%
12/03/2025;1 020;1 025;1 025;1 020;1 347;1 377 308;0.00%
13/03/2025;1 015;1 020;1 020;1 015;5 957;6 061 248;-0.49%
14/03/2025;1 015;1 000;1 015;1 000;9 053;9 120 898;0.00%
17/03/2025;980;1 000;1 000;980;41 969;41 549 310;-3.45%
18/03/2025;1 000;1 010;1 010;1 000;1 019;1 024 095;2.04%
19/03/2025;1 000;995;1 000;995;2 951;2 943 623;0.00%
20/03/2025;1 000;1 000;1 000;1 000;2 797;2 797 000;0.00%
21/03/2025;990;1 000;1 000;990;2 175;2 164 125;-1.00%
24/03/2025;965;990;990;965;1 461;1 428 128;-2.53%
25/03/2025;965;985;985;965;1 257;1 225 575;0.00%
26/03/2025;965;960;965;960;2 328;2 240 700;0.00%
27/03/2025;965;960;965;960;2 328;2 240 700;0.00%
28/03/2025;975;960;975;960;5 613;5 430 578;1.04%
31/03/2025;975;960;975;960;5 613;5 430 578;0.00%
01/04/2025;950;975;975;950;988;950 950;-2.56%
02/04/2025;950;975;975;950;1 056;1 016 400;0.00%
03/04/2025;975;950;975;950;1 120;1 078 000;2.63%
04/04/2025;955;970;970;955;1 988;1 913 450;-2.05%
07/04/2025;955;955;955;955;1 174;1 121 170;0.00%
08/04/2025;950;955;955;950;8 120;7 734 300;-0.52%
09/04/2025;910;950;950;910;1 657;1 541 010;-4.21%
10/04/2025;910;905;910;905;1 133;1 028 198;0.00%
11/04/2025;925;905;925;905;3 934;3 599 610;1.65%
14/04/2025;925;900;925;900;2 186;1 994 725;0.00%
15/04/2025;900;905;905;900;5 138;4 637 045;-2.70%
16/04/2025;925;905;925;905;463;423 645;2.78%
17/04/2025;920;925;925;920;2 152;1 985 220;-0.54%
18/04/2025;920;905;920;905;1 486;1 355 975;0.00%
21/04/2025;920;905;920;905;1 486;1 355 975;0.00%
22/04/2025;910;920;920;910;3 654;3 343 410;-1.09%
23/04/2025;925;910;925;910;4 202;3 855 335;1.65%
24/04/2025;910;925;925;910;649;595 458;-1.62%
25/04/2025;910;925;925;910;2 107;1 933 173;0.00%
28/04/2025;930;920;930;920;1 584;1 465 200;2.20%
29/04/2025;950;930;950;930;2 478;2 329 320;2.15%
30/04/2025;930;940;940;930;1 203;1 124 805;-2.11%
01/05/2025;930;940;940;930;1 203;1 124 805;0.00%
02/05/2025;930;930;930;930;881;819 330;0.00%
05/05/2025;925;930;930;925;1 420;1 317 050;-0.54%
06/05/2025;920;925;925;920;35 808;33 032 880;-0.54%
07/05/2025;920;935;935;920;1 014;940 485;0.00%
08/05/2025;925;925;925;925;3 738;3 457 650;0.54%
09/05/2025;940;930;940;930;1 288;1 204 280;1.62%
12/05/2025;945;940;945;940;5 612;5 289 310;0.53%
13/05/2025;945;915;945;915;2 847;2 647 710;0.00%
14/05/2025;925;945;945;925;2 498;2 335 630;-2.12%
15/05/2025;950;925;950;925;3 102;2 908 125;2.70%
16/05/2025;950;950;950;950;820;779 000;0.00%
19/05/2025;960;960;960;960;11 667;11 200 320;1.05%
20/05/2025;995;960;995;960;9 151;8 945 103;3.65%
21/05/2025;960;995;995;960;2 022;1 976 505;-3.52%
22/05/2025;950;960;960;950;1 822;1 740 010;-1.04%
23/05/2025;950;950;950;950;6 879;6 535 050;0.00%
26/05/2025;980;950;980;950;9 635;9 297 775;3.16%
27/05/2025;970;990;990;970;3 910;3 831 800;-1.02%
28/05/2025;975;970;975;970;4 168;4 053 380;0.52%
29/05/2025;975;970;975;970;4 168;4 053 380;0.00%
30/05/2025;970;970;970;970;4 125;4 001 250;-0.51%
02/06/2025;970;970;970;970;5 833;5 658 010;0.00%
03/06/2025;960;975;975;960;2 174;2 103 345;-1.03%
04/06/2025;980;975;980;975;3 226;3 153 415;2.08%
05/06/2025;980;980;980;980;630;617 400;0.00%
10/06/2025;980;975;980;975;16 233;15 867 758;0.00%
11/06/2025;980;980;980;980;13 991;13 711 180;0.00%
12/06/2025;990;980;990;980;2 807;2 764 895;1.02%
13/06/2025;995;995;995;995;5 405;5 377 975;0.51%
16/06/2025;1 000;1 000;1 000;1 000;1 815;1 815 000;0.50%
17/06/2025;1 000;1 000;1 000;1 000;6 119;6 119 000;0.00%
18/06/2025;1 075;1 050;1 075;1 050;2 960;3 145 000;7.50%
19/06/2025;1 090;1 075;1 090;1 075;3 023;3 272 398;1.40%
20/06/2025;1 090;1 085;1 090;1 085;1 536;1 670 400;0.00%
23/06/2025;1 090;1 090;1 090;1 090;1 487;1 620 830;0.00%
24/06/2025;1 055;1 090;1 090;1 055;2 526;2 709 135;-3.21%
25/06/2025;1 015;1 080;1 080;1 015;1 945;2 037 388;-3.79%
26/06/2025;1 060;1 015;1 060;1 015;1 134;1 176 525;4.43%
27/06/2025;1 065;1 065;1 065;1 065;5 599;5 962 935;0.47%
30/06/2025;1 065;1 065;1 065;1 065;4 117;4 384 605;0.00%
01/07/2025;1 075;1 065;1 075;1 065;5 627;6 020 890;0.94%
02/07/2025;1 075;1 080;1 080;1 075;1 342;1 446 005;0.00%
03/07/2025;1 065;1 065;1 065;1 065;1 671;1 779 615;-0.93%
04/07/2025;1 065;1 065;1 065;1 065;652;694 380;0.00%
07/07/2025;1 045;1 005;1 045;1 005;1 201;1 231 025;-1.88%
08/07/2025;1 030;1 000;1 030;1 000;14 641;14 860 615;-1.44%
09/07/2025;1 065;1 030;1 065;1 030;5 871;6 149 873;3.40%
10/07/2025;1 040;1 065;1 065;1 040;5 538;5 828 745;-2.35%
11/07/2025;1 045;1 060;1 060;1 045;6 053;6 370 783;0.48%
14/07/2025;1 045;1 045;1 045;1 045;2 149;2 245 705;0.00%
15/07/2025;1 045;1 040;1 045;1 040;2 561;2 669 843;0.00%
16/07/2025;1 040;1 045;1 045;1 040;2 800;2 919 000;-0.48%
17/07/2025;1 040;1 040;1 040;1 040;1 007;1 047 280;0.00%
18/07/2025;1 015;1 040;1 040;1 015;630;647 325;-2.40%
21/07/2025;1 010;1 015;1 015;1 010;6 094;6 170 175;-0.49%
22/07/2025;990;1 010;1 010;990;9 322;9 322 000;-1.98%
23/07/2025;1 015;990;1 015;990;6 297;6 312 743;2.53%
24/07/2025;1 000;1 000;1 000;1 000;11 247;11 247 000;-1.48%
25/07/2025;1 000;1 000;1 000;1 000;3 937;3 937 000;0.00%
28/07/2025;1 000;1 000;1 000;1 000;20 205;20 205 000;0.00%
29/07/2025;980;1 000;1 000;980;19 498;19 303 020;-2.00%
30/07/2025;1 010;1 000;1 010;1 000;2 188;2 198 940;3.06%
31/07/2025;1 035;1 010;1 035;1 010;1 890;1 932 525;2.48%
01/08/2025;1 035;1 035;1 035;1 035;4 270;4 419 450;0.00%
04/08/2025;1 045;1 040;1 045;1 040;6 181;6 443 693;0.97%
05/08/2025;1 045;1 045;1 045;1 045;11 684;12 209 780;0.00%
06/08/2025;1 080;1 045;1 080;1 045;2 814;2 989 875;3.35%
07/08/2025;1 080;1 045;1 080;1 045;2 814;2 989 875;0.00%
08/08/2025;1 135;1 080;1 135;1 080;11 776;13 041 920;5.09%
11/08/2025;1 135;1 140;1 140;1 135;12 963;14 745 413;0.00%
12/08/2025;1 135;1 115;1 135;1 115;10 343;11 635 875;0.00%
13/08/2025;1 200;1 140;1 200;1 140;7 999;9 358 830;5.73%
14/08/2025;1 190;1 200;1 200;1 190;5 306;6 340 670;-0.83%
15/08/2025;1 190;1 200;1 200;1 190;5 306;6 340 670;0.00%
18/08/2025;1 185;1 185;1 185;1 185;7 469;8 850 765;-0.42%
19/08/2025;1 155;1 175;1 175;1 155;5 684;6 621 860;-2.53%
20/08/2025;1 155;1 155;1 155;1 155;1 255;1 449 525;0.00%
21/08/2025;1 150;1 150;1 150;1 150;4 011;4 612 650;-0.43%
22/08/2025;1 175;1 165;1 175;1 165;1 394;1 630 980;2.17%
25/08/2025;1 150;1 175;1 175;1 150;5 363;6 234 488;-2.13%
26/08/2025;1 150;1 175;1 175;1 150;8 046;9 353 475;0.00%
27/08/2025;1 150;1 150;1 150;1 150;4 535;5 215 250;0.00%
28/08/2025;1 150;1 150;1 150;1 150;2 493;2 866 950;0.00%
29/08/2025;1 150;1 150;1 150;1 150;15 021;17 274 150;0.00%
01/09/2025;1 135;1 140;1 140;1 135;2 519;2 865 363;-1.30%
02/09/2025;1 135;1 135;1 135;1 135;8 894;10 094 690;0.00%
03/09/2025;1 120;1 135;1 135;1 120;4 244;4 785 110;-1.32%
04/09/2025;1 120;1 135;1 135;1 120;4 244;4 785 110;0.00%
05/09/2025;1 120;1 125;1 125;1 120;7 301;8 195 373;0.00%
08/09/2025;1 150;1 120;1 150;1 120;5 729;6 502 415;2.68%
09/09/2025;1 150;1 125;1 150;1 125;2 815;3 202 063;0.00%
10/09/2025;1 150;1 150;1 150;1 150;11 850;13 627 500;0.00%
11/09/2025;1 140;1 150;1 150;1 140;25 116;28 757 820;-0.87%
12/09/2025;1 180;1 190;1 190;1 180;591;700 335;3.51%
15/09/2025;1 180;1 180;1 180;1 180;1 462;1 725 160;0.00%
16/09/2025;1 180;1 180;1 180;1 180;1 231;1 452 580;0.00%
17/09/2025;1 180;1 180;1 180;1 180;2 928;3 455 040;0.00%
18/09/2025;1 180;1 180;1 180;1 180;1 793;2 115 740;0.00%
19/09/2025;1 180;1 175;1 180;1 175;2 346;2 762 415;0.00%
22/09/2025;1 175;1 170;1 175;1 170;10 038;11 769 555;-0.42%
23/09/2025;1 180;1 175;1 180;1 175;6 961;8 196 578;0.43%
24/09/2025;1 175;1 180;1 180;1 175;7 540;8 878 350;-0.42%
25/09/2025;1 175;1 180;1 180;1 175;8 266;9 733 215;0.00%
26/09/2025;1 180;1 175;1 180;1 175;12 035;14 171 213;0.43%
29/09/2025;1 195;1 180;1 195;1 180;3 772;4 479 250;1.27%
30/09/2025;1 200;1 195;1 200;1 195;20 006;23 957 185;0.42%
01/10/2025;1 235;1 245;1 245;1 235;4 351;5 395 240;2.92%
02/10/2025;1 245;1 245;1 245;1 245;4 814;5 993 430;0.81%
03/10/2025;1 245;1 250;1 250;1 245;3 086;3 849 785;0.00%
06/10/2025;1 275;1 245;1 275;1 245;4 062;5 118 120;2.41%
07/10/2025;1 280;1 250;1 280;1 250;17 470;22 099 550;0.39%
08/10/2025;1 275;1 295;1 295;1 275;1 750;2 248 750;-0.39%
09/10/2025;1 290;1 280;1 290;1 280;6 941;8 919 185;1.18%
10/10/2025;1 285;1 290;1 290;1 285;2 661;3 426 038;-0.39%
13/10/2025;1 300;1 285;1 300;1 285;3 187;4 119 198;1.17%
14/10/2025;1 285;1 300;1 300;1 285;6 528;8 437 440;-1.15%
15/10/2025;1 375;1 380;1 380;1 375;4 150;5 716 625;7.00%
16/10/2025;1 380;1 395;1 395;1 380;2 800;3 885 000;0.36%
17/10/2025;1 330;1 375;1 375;1 330;40 893;55 307 783;-3.62%
20/10/2025;1 230;1 295;1 295;1 230;3 890;4 911 125;-7.52%
21/10/2025;1 250;1 245;1 250;1 245;2 514;3 136 215;1.63%
22/10/2025;1 260;1 260;1 260;1 260;1 685;2 123 100;0.80%
23/10/2025;1 250;1 250;1 250;1 250;5 263;6 578 750;-0.79%
24/10/2025;1 190;1 230;1 230;1 190;4 462;5 399 020;-4.80%
27/10/2025;1 185;1 190;1 190;1 185;8 870;10 533 125;-0.42%
28/10/2025;1 190;1 185;1 190;1 185;3 624;4 303 500;0.42%
29/10/2025;1 190;1 190;1 190;1 190;1 928;2 294 320;0.00%
30/10/2025;1 200;1 200;1 200;1 200;6 632;7 958 400;0.84%
31/10/2025;1 200;1 200;1 200;1 200;2 289;2 746 800;0.00%
03/11/2025;1 190;1 200;1 200;1 190;7 476;8 933 820;-0.83%
04/11/2025;1 180;1 180;1 180;1 180;9 420;11 115 600;-0.84%
05/11/2025;1 095;1 095;1 095;1 095;7 358;8 057 010;-7.20%
06/11/2025;1 090;1 070;1 090;1 070;4 771;5 152 680;-0.46%
07/11/2025;1 170;1 170;1 170;1 170;-;0;7.34%
10/11/2025;1 230;1 180;1 230;1 180;6 961;8 388 005;5.13%
11/11/2025;1 240;1 230;1 240;1 230;2 849;3 518 515;0.81%
12/11/2025;1 235;1 210;1 235;1 210;3 775;4 614 938;-0.40%
13/11/2025;1 235;1 230;1 235;1 230;10 612;13 079 290;0.00%
14/11/2025;1 235;1 235;1 235;1 235;3 511;4 336 085;0.00%
17/11/2025;1 290;1 230;1 290;1 230;5 191;6 540 660;4.45%
18/11/2025;1 305;1 295;1 305;1 295;2 327;3 025 100;1.16%
19/11/2025;1 310;1 305;1 310;1 305;2 454;3 208 605;0.38%
20/11/2025;1 405;1 310;1 405;1 310;29 389;39 895 568;7.25%
21/11/2025;1 510;1 510;1 510;1 510;12 693;19 166 430;7.47%
24/11/2025;1 570;1 620;1 620;1 570;23 187;36 983 265;3.97%
25/11/2025;1 510;1 565;1 565;1 510;12 820;19 710 750;-3.82%
26/11/2025;1 530;1 505;1 530;1 505;9 605;14 575 588;1.32%
27/11/2025;1 545;1 535;1 545;1 535;4 808;7 404 320;0.98%
28/11/2025;1 520;1 530;1 530;1 520;2 454;3 742 350;-1.62%
01/12/2025;1 550;1 510;1 550;1 510;3 662;5 602 860;1.97%
02/12/2025;1 520;1 510;1 520;1 510;2 295;3 476 925;-1.94%
03/12/2025;1 540;1 520;1 540;1 520;3 422;5 235 660;1.32%
04/12/2025;1 565;1 595;1 595;1 565;4 570;7 220 600;1.62%
05/12/2025;1 540;1 565;1 565;1 540;2 075;3 221 438;-1.60%
08/12/2025;1 550;1 565;1 565;1 550;4 809;7 490 018;0.65%
09/12/2025;1 555;1 550;1 555;1 550;9 271;14 393 228;0.32%
10/12/2025;1 565;1 560;1 565;1 560;806;1 259 375;0.64%
11/12/2025;1 550;1 570;1 570;1 550;4 756;7 419 360;-0.96%
12/12/2025;1 550;1 565;1 565;1 550;990;1 541 925;0.00%
15/12/2025;1 560;1 550;1 560;1 550;9 638;14 987 090;0.65%
16/12/2025;1 500;1 560;1 560;1 500;1 456;2 227 680;-3.85%
17/12/2025;1 500;1 495;1 500;1 495;2 903;4 347 243;0.00%
18/12/2025;1 500;1 500;1 500;1 500;2 703;4 054 500;0.00%
19/12/2025;1 490;1 500;1 500;1 490;498;744 510;-0.67%
22/12/2025;1 410;1 450;1 450;1 410;1 761;2 518 230;-5.37%
23/12/2025;1 315;1 410;1 410;1 315;2 891;3 938 988;-6.74%
24/12/2025;1 350;1 315;1 350;1 315;2 386;3 179 345;2.66%
25/12/2025;1 350;1 315;1 350;1 315;2 386;3 179 345;0.00%
26/12/2025;1 350;1 350;1 350;1 350;2 314;3 123 900;0.00%
29/12/2025;1 400;1 360;1 400;1 360;7 945;10 964 100;3.70%
30/12/2025;1 445;1 425;1 445;1 425;12 615;18 102 525;3.21%
31/12/2025;1 445;1 445;1 445;1 445;2 042;2 950 690;0.00%
01/01/2026;1 445;1 445;1 445;1 445;2 042;2 950 690;0.00%
02/01/2026;1 435;1 440;1 440;1 435;1 304;1 874 500;-0.69%
05/01/2026;1 410;1 435;1 435;1 410;2 441;3 472 323;-1.74%
06/01/2026;1 480;1 450;1 480;1 450;771;1 129 515;4.96%
07/01/2026;1 550;1 480;1 550;1 480;4 020;6 090 300;4.73%
08/01/2026;1 550;1 545;1 550;1 545;4 267;6 603 183;0.00%
09/01/2026;1 545;1 550;1 550;1 545;2 586;4 001 835;-0.32%
12/01/2026;1 525;1 540;1 540;1 525;1 889;2 894 893;-1.29%
13/01/2026;1 520;1 525;1 525;1 520;2 706;4 119 885;-0.33%
14/01/2026;1 545;1 525;1 545;1 525;3 705;5 687 175;1.64%
15/01/2026;1 545;1 545;1 545;1 545;1 552;2 397 840;0.00%
16/01/2026;1 545;1 540;1 545;1 540;4 321;6 665 143;0.00%
19/01/2026;1 545;1 545;1 545;1 545;1 961;3 029 745;0.00%
20/01/2026;1 545;1 550;1 550;1 545;3 182;4 924 145;0.00%
21/01/2026;1 570;1 570;1 570;1 570;3 515;5 518 550;1.62%
22/01/2026;1 640;1 575;1 640;1 575;3 929;6 315 868;4.46%
23/01/2026;1 600;1 620;1 620;1 600;3 627;5 839 470;-2.44%
26/01/2026;1 585;1 600;1 600;1 585;5 505;8 766 713;-0.94%
27/01/2026;1 560;1 590;1 590;1 560;22 603;35 599 725;-1.58%
28/01/2026;1 575;1 575;1 575;1 575;3 800;5 985 000;0.96%
29/01/2026;1 595;1 575;1 595;1 575;11 740;18 607 900;1.27%
30/01/2026;1 665;1 600;1 665;1 600;7 609;12 421 693;4.39%
02/02/2026;1 630;1 660;1 660;1 630;5 288;8 698 760;-2.10%
03/02/2026;1 630;1 630;1 630;1 630;3 376;5 502 880;0.00%
04/02/2026;1 660;1 630;1 660;1 630;2 698;4 438 210;1.84%
05/02/2026;1 700;1 670;1 700;1 670;4 820;8 121 700;2.41%
06/02/2026;1 740;1 700;1 740;1 700;7 020;12 074 400;2.35%
09/02/2026;1 800;1 745;1 800;1 745;4 187;7 421 458;3.45%
10/02/2026;1 750;1 800;1 800;1 750;7 394;13 124 350;-2.78%
11/02/2026;1 760;1 760;1 760;1 760;3 518;6 191 680;0.57%
12/02/2026;1 720;1 755;1 755;1 720;19 483;33 851 713;-2.27%
13/02/2026;1 700;1 700;1 700;1 700;5 077;8 630 900;-1.16%
16/02/2026;1 730;1 690;1 730;1 690;13 050;22 315 500;1.76%
17/02/2026;1 725;1 730;1 730;1 725;3 116;5 382 890;-0.29%
18/02/2026;1 725;1 725;1 725;1 725;4 874;8 407 650;0.00%
19/02/2026;1 760;1 730;1 760;1 730;3 214;5 608 430;2.03%
20/02/2026;1 760;1 750;1 760;1 750;13 025;22 858 875;0.00%
23/02/2026;1 880;1 760;1 880;1 760;22 896;41 670 720;6.82%
24/02/2026;1 880;1 880;1 880;1 880;13 191;24 799 080;0.00%
25/02/2026;1 920;1 890;1 920;1 890;14 021;26 710 005;2.13%
26/02/2026;1 940;1 915;1 940;1 915;5 454;10 512 585;1.04%
27/02/2026;2 025;1 960;2 025;1 960;10 893;21 704 303;4.38%
02/03/2026;2 175;2 175;2 175;2 175;19 611;42 653 925;7.41%
03/03/2026;2 335;2 335;2 335;2 335;8 154;19 039 590;7.36%
04/03/2026;2 510;2 510;2 510;2 510;28 022;70 335 220;7.49%
05/03/2026;2 325;2 600;2 600;2 325;28 404;69 944 850;-7.37%
06/03/2026;2 240;2 325;2 325;2 240;20 217;46 145 303;-3.66%
09/03/2026;2 240;2 240;2 240;2 240;14 056;31 485 440;0.00%
10/03/2026;2 250;2 240;2 250;2 240;28 882;64 840 090;0.45%
11/03/2026;2 250;2 290;2 290;2 250;6 749;15 320 230;0.00%
12/03/2026;2 200;2 240;2 240;2 200;6 138;13 626 360;-2.22%
13/03/2026;2 200;2 200;2 200;2 200;7 429;16 343 800;0.00%
16/03/2026;2 200;2 200;2 200;2 200;7 429;16 343 800;0.00%
17/03/2026;2 195;2 210;2 210;2 195;10 456;23 029 340;-0.23%
18/03/2026;2 190;2 190;2 190;2 190;2 172;4 756 680;-0.23%
19/03/2026;2 200;2 190;2 200;2 190;4 517;9 914 815;0.46%
20/03/2026;2 200;2 190;2 200;2 190;4 517;9 914 815;0.00%
23/03/2026;2 150;2 200;2 200;2 150;2 180;4 741 500;-2.27%
24/03/2026;2 175;2 150;2 175;2 150;3 513;7 596 863;1.16%
25/03/2026;2 200;2 200;2 200;2 200;4 290;9 438 000;1.15%
26/03/2026;2 235;2 200;2 235;2 200;1 904;4 222 120;1.59%
27/03/2026;2 170;2 250;2 250;2 170;4 966;10 974 860;-2.91%
30/03/2026;2 200;2 185;2 200;2 185;6 790;14 887 075;1.38%
31/03/2026;2 190;2 200;2 200;2 190;2 734;6 001 130;-0.45%
01/04/2026;2 185;2 195;2 195;2 185;8 217;17 995 230;-0.23%
02/04/2026;2 170;2 175;2 175;2 170;2 255;4 898 988;-0.69%
03/04/2026;2 200;2 170;2 200;2 170;1 819;3 974 515;1.38%
06/04/2026;2 200;2 170;2 200;2 170;1 819;3 974 515;0.00%
07/04/2026;2 190;2 200;2 200;2 190;3 009;6 604 755;-0.45%
08/04/2026;2 185;2 190;2 190;2 185;2 057;4 499 688;-0.23%
09/04/2026;2 185;2 185;2 185;2 185;2 962;6 471 970;0.00%
10/04/2026;2 190;2 185;2 190;2 185;7 963;17 419 063;0.23%
13/04/2026;2 150;2 190;2 190;2 150;4 690;10 177 300;-1.83%
14/04/2026;2 050;2 180;2 180;2 050;4 748;10 042 020;-4.65%
15/04/2026;2 000;2 050;2 050;2 000;6 324;12 806 100;-2.44%
16/04/2026;1 990;1 995;1 995;1 990;10 063;20 050 528;-0.50%
17/04/2026;1 890;1 990;1 990;1 890;4 722;9 160 680;-5.03%
20/04/2026;1 895;1 890;1 895;1 890;5 347;10 119 198;0.26%
21/04/2026;2 000;1 900;2 000;1 900;3 336;6 505 200;5.54%
22/04/2026;1 945;1 900;1 945;1 900;13 395;25 751 888;-2.75%
23/04/2026;1 940;1 945;1 945;1 940;2 330;4 526 025;-0.26%
24/04/2026;1 940;1 940;1 940;1 940;3 538;6 863 720;0.00%
27/04/2026;1 950;1 950;1 950;1 950;5 499;10 723 050;0.52%
28/04/2026;1 950;1 950;1 950;1 950;3 984;7 768 800;0.00%
29/04/2026;1 950;2 000;2 000;1 950;1 691;3 339 725;0.00%
30/04/2026;1 970;1 950;1 970;1 950;964;1 889 440;1.03%
01/05/2026;1 970;1 950;1 970;1 950;964;1 889 440;0.00%
04/05/2026;2 000;2 000;2 000;2 000;3 463;6 926 000;1.52%
05/05/2026;1 850;2 000;2 000;1 850;4 112;7 915 600;-7.50%
06/05/2026;1 840;1 850;1 850;1 840;6 988;12 892 860;-0.54%
07/05/2026;1 895;1 840;1 895;1 840;2 043;3 815 303;2.99%
08/05/2026;1 945;1 895;1 945;1 895;4 166;7 998 720;2.64%
11/05/2026;2 000;1 950;2 000;1 950;10 403;20 545 925;2.83%
12/05/2026;1 940;2 000;2 000;1 940;3 609;7 109 730;-3.00%
13/05/2026;2 000;1 910;2 000;1 910;4 436;8 672 380;3.09%
14/05/2026;2 000;1 910;2 000;1 910;4 436;8 672 380;0.00%
15/05/2026;1 980;1 955;1 980;1 955;3 053;6 006 778;-1.00%
18/05/2026;1 975;1 970;1 975;1 970;4 339;8 558 678;-0.25%
19/05/2026;1 975;1 975;1 975;1 975;3 708;7 323 300;0.00%
20/05/2026;1 945;1 975;1 975;1 945;6 176;12 104 960;-1.52%
21/05/2026;1 900;1 900;1 900;1 900;4 616;8 770 400;-2.31%
22/05/2026;1 935;1 890;1 935;1 890;1 980;3 786 750;1.84%
25/05/2026;1 935;1 890;1 935;1 890;1 980;3 786 750;0.00%
26/05/2026;1 910;1 935;1 935;1 910;1 531;2 943 348;-1.29%
27/05/2026;1 910;1 935;1 935;1 910;1 531;2 943 348;0.00%
28/05/2026;1 915;1 910;1 915;1 910;3 399;6 500 588;0.26%
29/05/2026;1 915;1 910;1 915;1 910;3 969;7 590 713;0.00%
01/06/2026;1 915;1 925;1 925;1 915;3 514;6 746 880;0.00%
02/06/2026;2 000;1 925;2 000;1 925;7 486;14 691 275;4.44%
03/06/2026;2 095;2 000;2 095;2 000;3 085;6 316 538;4.75%
04/06/2026;2 075;2 020;2 075;2 020;6 068;12 424 230;-0.95%
05/06/2026;2 035;2 075;2 075;2 035;2 700;5 548 500;-1.93%
08/06/2026;2 075;2 035;2 075;2 035;10 521;21 620 655;1.97%
09/06/2026;2 075;2 070;2 075;2 070;4 007;8 304 508;0.00%
10/06/2026;2 055;2 080;2 080;2 055;2 916;6 028 830;-0.96%
11/06/2026;2 075;2 055;2 075;2 055;5 582;11 526 830;0.97%
12/06/2026;2 080;2 085;2 085;2 080;1 908;3 973 410;0.24%
15/06/2026;2 080;2 080;2 080;2 080;1 990;4 139 200;0.00%
16/06/2026;2 040;2 080;2 080;2 040;4 606;9 488 360;-1.92%
17/06/2026;2 085;2 050;2 085;2 050;1 011;2 090 243;2.21%
18/06/2026;2 100;2 085;2 100;2 085;1 275;2 667 938;0.72%
19/06/2026;2 170;2 200;2 200;2 170;2 656;5 803 360;3.33%
22/06/2026;2 170;2 170;2 170;2 170;2 680;5 815 600;0.00%
23/06/2026;2 160;2 140;2 160;2 140;3 168;6 811 200;-0.46%
24/06/2026;2 160;2 160;2 160;2 160;2 884;6 229 440;0.00%
25/06/2026;2 165;2 160;2 165;2 160;2 364;5 112 150;0.23%
26/06/2026;2 105;2 165;2 165;2 105;3 188;6 806 380;-2.77%
29/06/2026;2 170;2 105;2 170;2 105;5 380;11 499 750;3.09%
30/06/2026;2 165;2 170;2 170;2 165;9 371;20 311 643;-0.23%
01/07/2026;2 190;2 180;2 190;2 180;2 147;4 691 195;1.15%
02/07/2026;2 200;2 180;2 200;2 180;2 207;4 833 330;0.46%
03/07/2026;2 195;2 200;2 200;2 195;1 670;3 669 825;-0.23%
06/07/2026;2 200;2 200;2 200;2 200;3 698;8 135 600;0.23%
07/07/2026;2 265;2 200;2 265;2 200;9 066;20 239 845;2.95%
08/07/2026;2 200;2 265;2 265;2 200;4 455;9 945 788;-2.87%
09/07/2026;2 200;2 200;2 200;2 200;7 403;16 286 600;0.00%
10/07/2026;2 205;2 200;2 205;2 200;7 716;16 994 490;0.23%
13/07/2026;2 200;2 205;2 205;2 200;3 227;7 107 468;-0.23%
14/07/2026;2 200;2 155;2 200;2 155;6 802;14 811 355;0.00%
15/07/2026;2 170;2 200;2 200;2 170;3 390;7 407 150;-1.36%
