Date;Clôture;Plus bas;Plus haut;Ouverture;Volume Titres;Volume FCFA;Variation %
05/01/2012;950;950;950;950;21;19 950;49.37%
11/01/2012;898;898;898;898;8;7 184;-5.47%
13/01/2012;840;840;840;840;36;30 240;-6.46%
16/01/2012;840;840;840;840;24;20 160;0.00%
17/01/2012;840;840;840;840;65;54 600;0.00%
23/01/2012;800;800;800;800;8;6 400;-4.76%
25/01/2012;806;806;806;806;30;24 180;0.75%
26/01/2012;806;806;806;806;12;9 672;0.00%
27/01/2012;802;802;802;802;58;46 516;-0.50%
31/01/2012;802;802;802;802;100;80 200;0.00%
02/02/2012;802;802;802;802;20;16 040;0.00%
06/02/2012;802;802;802;802;20;16 040;0.00%
09/02/2012;802;802;802;802;5;4 010;0.00%
14/02/2012;802;802;802;802;51;40 902;0.00%
15/02/2012;802;802;802;802;143;114 686;0.00%
16/02/2012;800;800;800;800;28;22 400;-0.25%
17/02/2012;800;800;800;800;43;34 400;0.00%
20/02/2012;802;802;802;802;53;42 506;0.25%
21/02/2012;800;800;800;800;12;9 600;-0.25%
22/02/2012;800;800;800;800;78;62 400;0.00%
23/02/2012;800;800;800;800;2;1 600;0.00%
24/02/2012;800;800;800;800;102;81 600;0.00%
27/02/2012;800;800;800;800;39;31 200;0.00%
28/02/2012;800;800;800;800;52;41 600;0.00%
29/02/2012;800;800;800;800;10;8 000;0.00%
02/03/2012;800;800;800;800;34;27 200;0.00%
06/03/2012;800;800;800;800;49;39 200;0.00%
07/03/2012;800;800;800;800;41;32 800;0.00%
14/03/2012;798;798;798;798;73;58 254;-0.25%
15/03/2012;800;800;800;800;50;40 000;0.25%
16/03/2012;804;804;804;804;49;39 396;0.50%
19/03/2012;804;804;804;804;35;28 140;0.00%
20/03/2012;804;804;804;804;35;28 140;0.00%
27/03/2012;820;820;820;820;15;12 300;1.99%
28/03/2012;864;864;864;864;31;26 784;5.37%
30/03/2012;870;870;870;870;48;41 760;0.69%
05/04/2012;860;860;860;860;13;11 180;-1.15%
10/04/2012;870;870;870;870;14;12 180;1.16%
12/04/2012;910;910;910;910;33;30 030;4.60%
13/04/2012;910;910;910;910;31;28 210;0.00%
16/04/2012;910;910;910;910;28;25 480;0.00%
18/04/2012;960;960;960;960;63;60 480;5.49%
23/04/2012;960;960;960;960;125;120 000;0.00%
24/04/2012;958;958;958;958;33;31 614;-0.21%
26/04/2012;958;958;958;958;3;2 874;0.00%
30/04/2012;958;958;958;958;37;35 446;0.00%
03/05/2012;958;958;958;958;10;9 580;0.00%
10/05/2012;958;958;958;958;47;45 026;0.00%
11/05/2012;958;958;958;958;27;25 866;0.00%
14/05/2012;960;960;960;960;15;14 400;0.21%
15/05/2012;960;960;960;960;11;10 560;0.00%
18/05/2012;960;960;960;960;8;7 680;0.00%
21/05/2012;920;920;920;920;27;24 840;-4.17%
25/05/2012;800;800;800;800;44;35 200;-13.04%
29/05/2012;810;810;810;810;17;13 770;1.25%
30/05/2012;820;820;820;820;8;6 560;1.23%
31/05/2012;820;820;820;820;12;9 840;0.00%
01/06/2012;800;800;800;800;137;109 600;-2.44%
04/06/2012;800;800;800;800;311;248 800;0.00%
06/06/2012;860;860;860;860;15;12 900;7.50%
08/06/2012;924;924;924;924;122;112 728;7.44%
11/06/2012;993;993;993;993;114;113 202;7.47%
15/06/2012;980;980;980;980;30;29 400;-1.31%
19/06/2012;907;907;907;907;12;10 884;-7.45%
22/06/2012;920;920;920;920;10;9 200;1.43%
27/06/2012;920;920;920;920;40;36 800;0.00%
04/07/2012;960;960;960;960;12;11 520;4.35%
05/07/2012;920;920;920;920;43;39 560;-4.17%
06/07/2012;920;920;920;920;24;22 080;0.00%
09/07/2012;920;920;920;920;30;27 600;0.00%
16/07/2012;930;930;930;930;8;7 440;1.09%
17/07/2012;930;930;930;930;5;4 650;0.00%
19/07/2012;960;960;960;960;10;9 600;3.23%
20/07/2012;960;960;960;960;10;9 600;0.00%
24/07/2012;930;930;930;930;9;8 370;-3.13%
26/07/2012;930;930;930;930;9;8 370;0.00%
30/07/2012;940;940;940;940;50;47 000;1.08%
03/08/2012;960;960;960;960;30;28 800;2.13%
09/08/2012;940;940;940;940;283;266 020;-2.08%
10/08/2012;930;930;930;930;44;40 920;-1.06%
21/08/2012;960;960;960;960;82;78 720;3.23%
22/08/2012;930;930;930;930;11;10 230;-3.13%
24/08/2012;930;930;930;930;25;23 250;0.00%
27/08/2012;960;960;960;960;50;48 000;3.23%
30/08/2012;940;940;940;940;58;54 520;-2.08%
03/09/2012;940;940;940;940;221;207 740;0.00%
04/09/2012;940;940;940;940;17;15 980;0.00%
05/09/2012;960;960;960;960;21;20 160;2.13%
07/09/2012;960;960;960;960;26;24 960;0.00%
11/09/2012;940;940;940;940;10;9 400;-2.08%
12/09/2012;940;940;940;940;22;20 680;0.00%
14/09/2012;940;940;940;940;10;9 400;0.00%
17/09/2012;1 011;1 011;1 011;1 011;50;50 550;7.55%
18/09/2012;942;942;942;942;35;32 970;-6.82%
26/09/2012;950;950;950;950;45;42 750;0.85%
05/10/2012;960;960;960;960;10;9 600;1.05%
11/10/2012;960;960;960;960;73;70 080;0.00%
12/10/2012;970;970;970;970;13;12 610;1.04%
18/10/2012;970;970;970;970;550;533 500;0.00%
19/10/2012;1 043;1 043;1 043;1 043;338;352 534;7.53%
23/10/2012;1 060;1 060;1 060;1 060;8;8 480;1.63%
25/10/2012;1 080;1 080;1 080;1 080;10;10 800;1.89%
29/10/2012;1 080;1 080;1 080;1 080;7;7 560;0.00%
30/10/2012;1 160;1 160;1 160;1 160;54;62 640;7.41%
31/10/2012;1 247;1 247;1 247;1 247;13;16 211;7.50%
02/11/2012;1 260;1 260;1 260;1 260;8;10 080;1.04%
05/11/2012;1 350;1 350;1 350;1 350;22;29 700;7.14%
06/11/2012;1 260;1 260;1 260;1 260;91;114 660;-6.67%
07/11/2012;1 300;1 300;1 300;1 300;13;16 900;3.17%
08/11/2012;1 350;1 350;1 350;1 350;65;87 750;3.85%
09/11/2012;1 360;1 360;1 360;1 360;24;32 640;0.74%
12/11/2012;1 360;1 360;1 360;1 360;87;118 320;0.00%
13/11/2012;1 400;1 400;1 400;1 400;92;128 800;2.94%
14/11/2012;1 400;1 400;1 400;1 400;118;165 200;0.00%
16/11/2012;1 400;1 400;1 400;1 400;114;159 600;0.00%
19/11/2012;1 330;1 330;1 330;1 330;45;59 850;-5.00%
21/11/2012;1 370;1 370;1 370;1 370;156;213 720;3.01%
23/11/2012;1 370;1 370;1 370;1 370;20;27 400;0.00%
26/11/2012;1 370;1 370;1 370;1 370;34;46 580;0.00%
27/11/2012;1 300;1 300;1 300;1 300;20;26 000;-5.11%
28/11/2012;1 300;1 300;1 300;1 300;56;72 800;0.00%
29/11/2012;1 320;1 320;1 320;1 320;23;30 360;1.54%
04/12/2012;1 320;1 320;1 320;1 320;20;26 400;0.00%
05/12/2012;1 320;1 320;1 320;1 320;4;5 280;0.00%
06/12/2012;1 320;1 320;1 320;1 320;5;6 600;0.00%
10/12/2012;1 368;1 368;1 368;1 368;63;86 184;3.64%
11/12/2012;1 370;1 370;1 370;1 370;9;12 330;0.15%
12/12/2012;1 370;1 370;1 370;1 370;17;23 290;0.00%
13/12/2012;1 320;1 320;1 320;1 320;20;26 400;-3.65%
14/12/2012;1 370;1 370;1 370;1 370;60;82 200;3.79%
17/12/2012;1 360;1 360;1 360;1 360;29;39 440;-0.73%
18/12/2012;1 360;1 360;1 360;1 360;23;31 280;0.00%
19/12/2012;1 370;1 370;1 370;1 370;10;13 700;0.74%
20/12/2012;1 370;1 370;1 370;1 370;30;41 100;0.00%
21/12/2012;1 370;1 370;1 370;1 370;85;116 450;0.00%
24/12/2012;1 370;1 370;1 370;1 370;44;60 280;0.00%
27/12/2012;1 320;1 320;1 320;1 320;10;13 200;-2.94%
28/12/2012;1 360;1 360;1 360;1 360;15;20 400;3.03%
31/12/2012;1 400;1 400;1 400;1 400;15;21 000;2.94%
03/01/2013;1 400;1 400;1 400;1 400;1;1 400;0.00%
04/01/2013;1 400;1 400;1 400;1 400;30;42 000;0.00%
07/01/2013;1 400;1 400;1 400;1 400;23;32 200;0.00%
08/01/2013;1 400;1 400;1 400;1 400;51;71 400;0.00%
10/01/2013;1 400;1 400;1 400;1 400;30;42 000;0.00%
11/01/2013;1 400;1 400;1 400;1 400;25;35 000;0.00%
15/01/2013;1 400;1 400;1 400;1 400;13;18 200;0.00%
16/01/2013;1 360;1 360;1 360;1 360;20;27 200;-2.86%
17/01/2013;1 380;1 380;1 380;1 380;13;17 940;1.47%
18/01/2013;1 380;1 380;1 380;1 380;29;40 020;0.00%
21/01/2013;1 380;1 380;1 380;1 380;685;945 300;0.00%
22/01/2013;1 380;1 380;1 380;1 380;15;20 700;0.00%
23/01/2013;1 360;1 360;1 360;1 360;40;54 400;-1.45%
28/01/2013;1 360;1 360;1 360;1 360;27;36 720;0.00%
31/01/2013;1 400;1 400;1 400;1 400;21;29 400;2.94%
04/02/2013;1 400;1 400;1 400;1 400;64;89 600;0.00%
08/02/2013;1 505;1 505;1 505;1 505;20;30 100;7.50%
11/02/2013;1 600;1 600;1 600;1 600;535;856 000;6.31%
12/02/2013;1 560;1 560;1 560;1 560;75;117 000;-2.50%
14/02/2013;1 600;1 600;1 600;1 600;23;36 800;2.56%
19/02/2013;1 720;1 720;1 720;1 720;103;177 160;7.50%
20/02/2013;1 720;1 720;1 720;1 720;2;3 440;0.00%
21/02/2013;1 800;1 800;1 800;1 800;68;122 400;4.65%
22/02/2013;1 780;1 780;1 780;1 780;202;359 560;-1.11%
25/02/2013;1 780;1 780;1 780;1 780;49;87 220;0.00%
26/02/2013;1 780;1 780;1 780;1 780;203;361 340;0.00%
27/02/2013;1 780;1 780;1 780;1 780;5;8 900;0.00%
01/03/2013;1 660;1 660;1 660;1 660;16;26 560;-6.74%
05/03/2013;1 660;1 660;1 660;1 660;8;13 280;0.00%
06/03/2013;1 680;1 680;1 680;1 680;30;50 400;1.20%
08/03/2013;1 720;1 720;1 720;1 720;36;61 920;2.38%
12/03/2013;1 720;1 720;1 720;1 720;579;995 880;0.00%
13/03/2013;1 700;1 700;1 700;1 700;165;280 500;-1.16%
14/03/2013;1 600;1 600;1 600;1 600;10;16 000;-5.88%
15/03/2013;1 570;1 570;1 570;1 570;30;47 100;-1.88%
20/03/2013;1 688;1 688;1 688;1 688;9;15 192;7.52%
21/03/2013;1 700;1 700;1 700;1 700;102;173 400;0.71%
25/03/2013;1 700;1 700;1 700;1 700;107;181 900;0.00%
02/04/2013;1 720;1 720;1 720;1 720;16;27 520;1.18%
03/04/2013;1 720;1 720;1 720;1 720;27;46 440;0.00%
05/04/2013;1 700;1 700;1 700;1 700;25;42 500;-1.16%
08/04/2013;1 690;1 690;1 690;1 690;78;131 820;-0.59%
09/04/2013;1 690;1 690;1 690;1 690;51;86 190;0.00%
10/04/2013;1 690;1 690;1 690;1 690;4;6 760;0.00%
11/04/2013;1 740;1 740;1 740;1 740;12;20 880;2.96%
12/04/2013;1 710;1 710;1 710;1 710;19;32 490;-1.72%
18/04/2013;1 700;1 700;1 700;1 700;10;17 000;-0.58%
19/04/2013;1 800;1 800;1 800;1 800;15;27 000;5.88%
24/04/2013;1 800;1 800;1 800;1 800;23;41 400;0.00%
25/04/2013;1 800;1 800;1 800;1 800;100;180 000;0.00%
26/04/2013;1 740;1 740;1 740;1 740;23;40 020;-3.33%
29/04/2013;1 801;1 801;1 801;1 801;197;354 797;3.51%
30/04/2013;1 900;1 900;1 900;1 900;20;38 000;5.50%
02/05/2013;1 900;1 900;1 900;1 900;41;77 900;0.00%
06/05/2013;1 900;1 900;1 900;1 900;13;24 700;0.00%
07/05/2013;1 904;1 904;1 904;1 904;20;38 080;0.21%
08/05/2013;1 902;1 902;1 902;1 902;12;22 824;-0.11%
14/05/2013;2 000;2 000;2 000;2 000;23;46 000;5.15%
17/05/2013;2 000;2 000;2 000;2 000;1;2 000;0.00%
23/05/2013;2 000;2 000;2 000;2 000;261;522 000;0.00%
29/05/2013;2 000;2 000;2 000;2 000;652;1 304 000;0.00%
30/05/2013;2 000;2 000;2 000;2 000;30;60 000;0.00%
31/05/2013;2 000;2 000;2 000;2 000;386;772 000;0.00%
03/06/2013;2 000;2 000;2 000;2 000;85;170 000;0.00%
04/06/2013;1 980;1 980;1 980;1 980;26;51 480;-1.00%
05/06/2013;1 980;1 980;1 980;1 980;105;207 900;0.00%
06/06/2013;1 980;1 980;1 980;1 980;25;49 500;0.00%
10/06/2013;1 980;1 980;1 980;1 980;1;1 980;0.00%
11/06/2013;1 980;1 980;1 980;1 980;95;188 100;0.00%
12/06/2013;1 980;1 980;1 980;1 980;197;390 060;0.00%
13/06/2013;1 980;1 980;1 980;1 980;400;792 000;0.00%
18/06/2013;1 900;1 900;1 900;1 900;12;22 800;-4.04%
19/06/2013;1 904;1 904;1 904;1 904;12;22 848;0.21%
25/06/2013;2 001;2 001;2 001;2 001;200;400 200;0.05%
27/06/2013;2 000;2 000;2 000;2 000;10;20 000;-0.05%
28/06/2013;2 000;2 000;2 000;2 000;6;12 000;0.00%
03/07/2013;2 000;2 000;2 000;2 000;2;4 000;0.00%
04/07/2013;2 000;2 000;2 000;2 000;62;124 000;0.00%
05/07/2013;2 000;2 000;2 000;2 000;1;2 000;0.00%
09/07/2013;2 000;2 000;2 000;2 000;143;286 000;0.00%
11/07/2013;2 000;2 000;2 000;2 000;65;130 000;0.00%
12/07/2013;2 000;2 000;2 000;2 000;40;80 000;0.00%
15/07/2013;2 000;2 000;2 000;2 000;73;146 000;0.00%
16/07/2013;2 000;2 000;2 000;2 000;200;400 000;0.00%
17/07/2013;2 000;2 000;2 000;2 000;4;8 000;0.00%
18/07/2013;2 000;2 000;2 000;2 000;100;200 000;0.00%
19/07/2013;2 000;2 000;2 000;2 000;94;188 000;0.00%
22/07/2013;2 000;2 000;2 000;2 000;27;54 000;0.00%
30/07/2013;2 000;2 000;2 000;2 000;23;46 000;0.00%
01/08/2013;2 010;2 010;2 010;2 010;20;40 200;0.50%
02/08/2013;2 010;2 010;2 010;2 010;36;72 360;0.00%
05/08/2013;2 010;2 010;2 010;2 010;44;88 440;0.00%
09/08/2013;2 012;2 012;2 012;2 012;14;28 168;0.10%
12/08/2013;2 010;2 010;2 010;2 010;520;1 045 200;-0.10%
14/08/2013;2 010;2 010;2 010;2 010;502;1 009 020;0.00%
16/08/2013;2 010;2 010;2 010;2 010;100;201 000;0.00%
19/08/2013;2 010;2 010;2 010;2 010;440;884 400;0.00%
20/08/2013;2 010;2 010;2 010;2 010;5;10 050;0.00%
21/08/2013;2 010;2 010;2 010;2 010;175;351 750;0.00%
22/08/2013;2 010;2 010;2 010;2 010;6;12 060;0.00%
26/08/2013;2 010;2 010;2 010;2 010;1;2 010;0.00%
27/08/2013;2 010;2 010;2 010;2 010;2;4 020;0.00%
28/08/2013;2 010;2 010;2 010;2 010;32;64 320;0.00%
02/09/2013;2 010;2 010;2 010;2 010;2;4 020;0.00%
03/09/2013;2 161;2 161;2 161;2 161;10;21 610;7.51%
04/09/2013;2 000;2 000;2 000;2 000;10;20 000;-7.45%
05/09/2013;2 000;2 000;2 000;2 000;191;382 000;0.00%
06/09/2013;2 000;2 000;2 000;2 000;133;266 000;0.00%
09/09/2013;2 020;2 020;2 020;2 020;17;34 340;1.00%
11/09/2013;2 020;2 020;2 020;2 020;30;60 600;0.00%
16/09/2013;2 020;2 020;2 020;2 020;58;117 160;0.00%
18/09/2013;2 000;2 000;2 000;2 000;107;214 000;-0.99%
19/09/2013;2 000;2 000;2 000;2 000;9;18 000;0.00%
20/09/2013;2 000;2 000;2 000;2 000;59;118 000;0.00%
26/09/2013;2 000;2 000;2 000;2 000;17;34 000;0.00%
30/09/2013;2 020;2 020;2 020;2 020;1;2 020;1.00%
01/10/2013;2 020;2 020;2 020;2 020;81;163 620;0.00%
02/10/2013;2 002;2 002;2 002;2 002;20;40 040;-0.89%
03/10/2013;2 030;2 030;2 030;2 030;22;44 660;1.40%
09/10/2013;2 092;2 092;2 092;2 092;2;4 184;3.05%
10/10/2013;2 092;2 092;2 092;2 092;7;14 644;0.00%
11/10/2013;2 092;2 092;2 092;2 092;2;4 184;0.00%
14/10/2013;2 120;2 120;2 120;2 120;43;91 160;1.34%
16/10/2013;2 120;2 120;2 120;2 120;15;31 800;0.00%
17/10/2013;2 150;2 150;2 150;2 150;20;43 000;1.42%
18/10/2013;2 130;2 130;2 130;2 130;59;125 670;-0.93%
22/10/2013;2 130;2 130;2 130;2 130;51;108 630;0.00%
24/10/2013;2 132;2 132;2 132;2 132;3;6 396;0.09%
25/10/2013;2 160;2 160;2 160;2 160;9;19 440;1.31%
28/10/2013;2 160;2 160;2 160;2 160;16;34 560;0.00%
29/10/2013;2 160;2 160;2 160;2 160;2;4 320;0.00%
30/10/2013;2 160;2 160;2 160;2 160;3;6 480;0.00%
04/11/2013;2 320;2 320;2 320;2 320;20;46 400;7.41%
05/11/2013;2 170;2 170;2 170;2 170;18;39 060;-6.47%
06/11/2013;2 333;2 333;2 333;2 333;180;419 940;7.51%
07/11/2013;2 332;2 332;2 332;2 332;2;4 664;-0.04%
08/11/2013;2 360;2 360;2 360;2 360;52;122 720;1.20%
11/11/2013;2 520;2 520;2 520;2 520;119;299 880;6.78%
12/11/2013;2 600;2 600;2 600;2 600;30;78 000;3.17%
13/11/2013;2 780;2 780;2 780;2 780;55;152 900;6.92%
14/11/2013;2 980;2 980;2 980;2 980;115;342 700;7.19%
18/11/2013;2 780;2 780;2 780;2 780;405;1 125 900;-6.71%
19/11/2013;2 900;2 900;2 900;2 900;15;43 500;4.32%
20/11/2013;2 989;2 989;2 989;2 989;102;304 878;3.07%
22/11/2013;2 781;2 781;2 781;2 781;12;33 372;-6.96%
25/11/2013;2 800;2 800;2 800;2 800;72;201 600;0.68%
26/11/2013;2 900;2 900;2 900;2 900;2;5 800;3.57%
27/11/2013;2 900;2 900;2 900;2 900;27;78 300;0.00%
28/11/2013;2 900;2 900;2 900;2 900;40;116 000;0.00%
29/11/2013;2 900;2 900;2 900;2 900;70;203 000;0.00%
02/12/2013;2 780;2 780;2 780;2 780;56;155 680;-4.14%
06/12/2013;2 780;2 780;2 780;2 780;14;38 920;0.00%
09/12/2013;2 780;2 780;2 780;2 780;6;16 680;0.00%
10/12/2013;2 780;2 780;2 780;2 780;15;41 700;0.00%
11/12/2013;2 989;2 989;2 989;2 989;16;47 824;7.52%
13/12/2013;3 213;3 213;3 213;3 213;24;77 112;7.49%
16/12/2013;3 200;3 200;3 200;3 200;312;998 400;-0.40%
17/12/2013;3 200;3 200;3 200;3 200;101;323 200;0.00%
20/12/2013;3 200;3 200;3 200;3 200;4;12 800;0.00%
24/12/2013;2 990;2 990;2 990;2 990;13;38 870;0.00%
26/12/2013;3 200;3 200;3 200;3 200;5;16 000;7.02%
30/12/2013;3 200;3 200;3 200;3 200;26;83 200;0.00%
31/12/2013;3 200;3 200;3 200;3 200;10;32 000;0.00%
02/01/2014;3 200;3 200;3 200;3 200;28;89 600;0.00%
03/01/2014;3 200;3 200;3 200;3 200;1;3 200;0.00%
06/01/2014;3 210;3 210;3 210;3 210;1;3 210;0.31%
07/01/2014;3 200;3 200;3 200;3 200;10;32 000;-0.31%
08/01/2014;3 200;3 200;3 200;3 200;4;12 800;0.00%
09/01/2014;3 200;3 200;3 200;3 200;81;259 200;0.00%
10/01/2014;3 200;3 200;3 200;3 200;42;134 400;0.00%
16/01/2014;3 200;3 200;3 200;3 200;5;16 000;0.00%
17/01/2014;3 200;3 200;3 200;3 200;774;2 476 800;0.00%
21/01/2014;3 200;3 200;3 200;3 200;13;41 600;0.00%
22/01/2014;3 200;3 200;3 200;3 200;7;22 400;0.00%
24/01/2014;3 180;3 180;3 180;3 180;15;47 700;-0.63%
27/01/2014;3 180;3 180;3 180;3 180;21;66 780;0.00%
29/01/2014;3 200;3 200;3 200;3 200;66;211 200;0.63%
03/02/2014;3 200;3 200;3 200;3 200;1;3 200;0.00%
04/02/2014;3 300;3 300;3 300;3 300;2;6 600;3.13%
05/02/2014;3 200;3 200;3 200;3 200;8;25 600;-3.03%
06/02/2014;3 200;3 200;3 200;3 200;7;22 400;0.00%
10/02/2014;3 200;3 200;3 200;3 200;12;38 400;0.00%
12/02/2014;3 180;3 180;3 180;3 180;13;41 340;-0.63%
13/02/2014;3 180;3 180;3 180;3 180;17;54 060;0.00%
19/02/2014;2 942;2 942;2 942;2 942;520;1 529 840;-7.48%
20/02/2014;2 721;2 721;2 721;2 721;21;57 141;-7.51%
21/02/2014;2 926;2 926;2 926;2 926;254;743 204;7.53%
24/02/2014;3 145;3 145;3 145;3 145;8;25 160;7.48%
25/02/2014;3 380;3 380;3 380;3 380;106;358 280;7.47%
26/02/2014;3 380;3 380;3 380;3 380;173;584 740;0.00%
27/02/2014;3 430;3 430;3 430;3 430;52;178 360;1.48%
28/02/2014;3 429;3 429;3 429;3 429;6;20 574;-0.03%
03/03/2014;3 429;3 429;3 429;3 429;68;233 172;0.00%
04/03/2014;3 429;3 429;3 429;3 429;40;137 160;0.00%
05/03/2014;3 429;3 429;3 429;3 429;11;37 719;0.00%
06/03/2014;3 429;3 429;3 429;3 429;3;10 287;0.00%
10/03/2014;3 429;3 429;3 429;3 429;33;113 157;0.00%
11/03/2014;3 429;3 429;3 429;3 429;12;41 148;0.00%
12/03/2014;3 429;3 429;3 429;3 429;100;342 900;0.00%
13/03/2014;3 429;3 429;3 429;3 429;10;34 290;0.00%
19/03/2014;3 686;3 686;3 686;3 686;89;328 054;7.49%
24/03/2014;3 700;3 700;3 700;3 700;5;18 500;1.65%
26/03/2014;3 590;3 590;3 590;3 590;7;25 130;-2.97%
31/03/2014;3 590;3 590;3 590;3 590;89;319 510;0.00%
01/04/2014;3 590;3 590;3 590;3 590;2;7 180;0.00%
02/04/2014;3 590;3 590;3 590;3 590;43;154 370;0.00%
04/04/2014;3 700;3 700;3 700;3 700;97;358 900;3.06%
08/04/2014;3 590;3 590;3 590;3 590;13;46 670;-2.97%
10/04/2014;3 590;3 590;3 590;3 590;1;3 590;0.00%
14/04/2014;3 600;3 600;3 600;3 600;17;61 200;0.28%
16/04/2014;3 600;3 600;3 600;3 600;2;7 200;0.00%
18/04/2014;3 600;3 600;3 600;3 600;4;14 400;0.00%
22/04/2014;3 700;3 700;3 700;3 700;20;74 000;2.78%
24/04/2014;3 960;3 960;3 960;3 960;15;59 400;7.03%
25/04/2014;4 000;4 000;4 000;4 000;44;176 000;1.01%
07/05/2014;3 980;3 980;3 980;3 980;100;398 000;-0.50%
19/05/2014;3 682;3 682;3 682;3 682;38;139 916;-7.49%
20/05/2014;3 890;3 890;3 890;3 890;12;46 680;5.65%
21/05/2014;3 900;3 900;3 900;3 900;120;468 000;0.26%
22/05/2014;3 900;3 900;3 900;3 900;1;3 900;0.00%
26/05/2014;3 900;3 900;3 900;3 900;100;390 000;0.00%
27/05/2014;3 900;3 900;3 900;3 900;40;156 000;0.00%
30/05/2014;3 900;3 900;3 900;3 900;728;2 839 200;0.00%
05/06/2014;3 900;3 900;3 900;3 900;39;152 100;0.00%
11/06/2014;4 000;4 000;4 000;4 000;39;156 000;2.56%
16/06/2014;4 284;4 284;4 284;4 284;218;933 912;7.10%
23/06/2014;4 100;4 100;4 100;4 100;3 566;14 620 600;-4.30%
24/06/2014;4 100;4 100;4 100;4 100;15;61 500;0.00%
25/06/2014;4 100;4 100;4 100;4 100;501;2 054 100;0.00%
27/06/2014;4 090;4 090;4 090;4 090;20;81 800;-0.24%
08/07/2014;4 080;4 080;4 080;4 080;270;1 101 600;-0.24%
10/07/2014;3 900;3 900;3 900;3 900;86;335 400;-4.41%
14/07/2014;4 000;4 000;4 000;4 000;53;212 000;2.56%
15/07/2014;4 000;4 000;4 000;4 000;229;916 000;0.00%
17/07/2014;4 080;4 080;4 080;4 080;8;32 640;2.00%
25/07/2014;4 320;4 320;4 320;4 320;57;246 240;5.88%
04/08/2014;4 100;4 100;4 100;4 100;3;12 300;-5.09%
05/08/2014;4 000;4 000;4 000;4 000;1 400;5 600 000;-2.44%
06/08/2014;4 180;4 180;4 180;4 180;208;869 440;4.50%
07/08/2014;4 180;4 180;4 180;4 180;10 400;43 472 000;0.00%
11/08/2014;4 280;4 280;4 280;4 280;7;29 960;2.39%
13/08/2014;4 100;4 100;4 100;4 100;5;20 500;-4.21%
14/08/2014;4 100;4 100;4 100;4 100;10;41 000;0.00%
20/08/2014;4 040;4 040;4 040;4 040;5;20 200;-1.46%
22/08/2014;4 000;4 000;4 000;4 000;21;84 000;-0.99%
25/08/2014;4 000;4 000;4 000;4 000;38;152 000;0.00%
26/08/2014;4 080;4 080;4 080;4 080;63;257 040;2.00%
28/08/2014;4 080;4 080;4 080;4 080;3;12 240;0.00%
29/08/2014;4 000;4 000;4 000;4 000;40;160 000;-1.96%
01/09/2014;4 000;4 000;4 000;4 000;134;536 000;0.00%
02/09/2014;4 000;4 000;4 000;4 000;827;3 308 000;0.00%
03/09/2014;3 920;3 920;3 920;3 920;1;3 920;-2.00%
04/09/2014;4 000;4 000;4 000;4 000;70;280 000;2.04%
08/09/2014;3 940;3 940;3 940;3 940;4;15 760;-1.50%
11/09/2014;4 000;4 000;4 000;4 000;248;992 000;1.52%
12/09/2014;3 900;3 900;3 900;3 900;10;39 000;-2.50%
15/09/2014;3 900;3 900;3 900;3 900;5;19 500;0.00%
16/09/2014;3 900;3 900;3 900;3 900;342;1 333 800;0.00%
18/09/2014;3 840;3 840;3 840;3 840;6;23 040;-1.54%
22/09/2014;4 000;4 000;4 000;4 000;72;288 000;4.17%
23/09/2014;4 080;4 080;4 080;4 080;35;142 800;2.00%
29/09/2014;4 080;4 080;4 080;4 080;1;4 080;0.00%
30/09/2014;4 060;4 060;4 060;4 060;1;4 060;-0.49%
07/10/2014;4 020;4 020;4 020;4 020;2;8 040;-0.99%
20/10/2014;3 798;3 798;3 798;3 798;2;7 596;-5.52%
27/10/2014;3 513;3 513;3 513;3 513;7;24 591;-7.50%
28/10/2014;3 250;3 250;3 250;3 250;5;16 250;-7.49%
30/10/2014;3 006;3 006;3 006;3 006;105;315 630;-7.51%
31/10/2014;3 100;3 100;3 100;3 100;4;12 400;3.13%
03/11/2014;3 080;3 080;3 080;3 080;22;67 760;-0.65%
04/11/2014;2 849;2 849;2 849;2 849;18;51 282;-7.50%
05/11/2014;2 800;2 800;2 800;2 800;112;313 600;-1.72%
06/11/2014;2 590;2 590;2 590;2 590;18;46 620;-7.50%
07/11/2014;2 396;2 396;2 396;2 396;170;407 320;-7.49%
10/11/2014;2 576;2 576;2 576;2 576;1 494;3 848 544;7.51%
11/11/2014;2 768;2 768;2 768;2 768;14;38 752;7.45%
12/11/2014;2 976;2 976;2 976;2 976;302;898 752;7.51%
13/11/2014;3 035;3 035;3 035;3 035;10;30 350;1.98%
14/11/2014;3 263;3 263;3 263;3 263;17;55 471;7.51%
17/11/2014;3 400;3 400;3 400;3 400;20;68 000;4.20%
21/11/2014;3 378;3 378;3 378;3 378;42;141 876;-0.65%
25/11/2014;3 200;3 200;3 200;3 200;100;320 000;-5.27%
26/11/2014;3 360;3 360;3 360;3 360;270;907 200;5.00%
27/11/2014;3 350;3 350;3 350;3 350;280;938 000;-0.30%
01/12/2014;3 400;3 400;3 400;3 400;86;292 400;1.49%
04/12/2014;3 500;3 500;3 500;3 500;3;10 500;2.94%
05/12/2014;3 600;3 600;3 600;3 600;50;180 000;2.86%
08/12/2014;3 800;3 800;3 800;3 800;3;11 400;5.56%
12/12/2014;3 760;3 760;3 760;3 760;10;37 600;-1.05%
18/12/2014;4 300;4 300;4 300;4 300;7 237;31 119 100;7.50%
19/12/2014;4 600;4 600;4 600;4 600;9;41 400;6.98%
23/12/2014;4 600;4 600;4 600;4 600;7 346;33 791 600;0.00%
26/12/2014;4 692;4 692;4 692;4 692;650;3 049 800;2.00%
29/12/2014;4 786;4 786;4 786;4 786;241;1 153 426;2.00%
30/12/2014;4 882;4 882;4 882;4 882;97;473 554;2.01%
31/12/2014;4 979;4 979;4 979;4 979;83;413 257;1.99%
06/01/2015;4 620;4 620;4 620;4 620;12;55 440;-7.21%
08/01/2015;4 274;4 274;4 274;4 274;2;8 548;-7.49%
12/01/2015;3 953;3 953;3 953;3 953;20;79 060;-7.51%
13/01/2015;3 657;3 657;3 657;3 657;2;7 314;-7.49%
14/01/2015;3 382;3 382;3 382;3 382;25;84 550;-7.52%
15/01/2015;3 400;3 400;3 400;3 400;200;680 000;0.53%
19/01/2015;3 400;3 400;3 400;3 400;7;23 800;0.00%
20/01/2015;3 400;3 400;3 400;3 400;65;221 000;0.00%
21/01/2015;3 440;3 440;3 440;3 440;4;13 760;1.18%
22/01/2015;3 400;3 400;3 400;3 400;1 321;4 491 400;-1.16%
23/01/2015;3 400;3 400;3 400;3 400;6;20 400;0.00%
27/01/2015;3 442;3 442;3 442;3 442;9;30 978;1.24%
28/01/2015;3 500;3 500;3 500;3 500;27;94 500;1.69%
29/01/2015;3 440;3 440;3 440;3 440;10;34 400;-1.71%
03/02/2015;3 480;3 480;3 480;3 480;36;125 280;1.16%
04/02/2015;3 580;3 580;3 580;3 580;43;153 940;2.87%
05/02/2015;3 580;3 580;3 580;3 580;2;7 160;0.00%
10/02/2015;3 500;3 500;3 500;3 500;12;42 000;-2.23%
11/02/2015;3 500;3 500;3 500;3 500;10;35 000;0.00%
12/02/2015;3 500;3 500;3 500;3 500;14;49 000;0.00%
13/02/2015;3 500;3 500;3 500;3 500;5;17 500;0.00%
16/02/2015;3 480;3 480;3 480;3 480;2;6 960;-0.57%
17/02/2015;3 440;3 440;3 440;3 440;8;27 520;-1.15%
20/02/2015;3 400;3 400;3 400;3 400;2;6 800;-1.16%
24/02/2015;3 400;3 400;3 400;3 400;73;248 200;0.00%
25/02/2015;3 500;3 500;3 500;3 500;74;259 000;2.94%
26/02/2015;3 460;3 460;3 460;3 460;5;17 300;-1.14%
27/02/2015;3 500;3 500;3 500;3 500;30;105 000;1.16%
03/03/2015;3 450;3 450;3 450;3 450;10;34 500;-1.43%
04/03/2015;3 500;3 500;3 500;3 500;53;185 500;1.45%
06/03/2015;3 460;3 460;3 460;3 460;90;311 400;-1.14%
09/03/2015;3 460;3 460;3 460;3 460;2;6 920;0.00%
11/03/2015;3 460;3 460;3 460;3 460;9;31 140;0.00%
13/03/2015;3 500;3 500;3 500;3 500;21;73 500;1.16%
17/03/2015;3 480;3 480;3 480;3 480;1;3 480;-1.14%
18/03/2015;3 480;3 480;3 480;3 480;18;62 640;0.00%
19/03/2015;3 440;3 440;3 440;3 440;2;6 880;-1.15%
20/03/2015;3 380;3 380;3 380;3 380;10;33 800;-1.74%
26/03/2015;3 370;3 370;3 370;3 370;10;33 700;-0.30%
27/03/2015;3 360;3 360;3 360;3 360;4;13 440;-0.30%
31/03/2015;3 360;3 360;3 360;3 360;5;16 800;0.00%
01/04/2015;3 358;3 358;3 358;3 358;10;33 580;-0.06%
08/04/2015;3 106;3 106;3 106;3 106;499;1 549 894;-7.50%
09/04/2015;2 873;2 873;2 873;2 873;5;14 365;-7.50%
10/04/2015;2 900;2 900;2 900;2 900;18;52 200;0.94%
13/04/2015;2 880;2 880;2 880;2 880;13;37 440;-0.69%
14/04/2015;2 880;2 880;2 880;2 880;6;17 280;0.00%
15/04/2015;2 704;2 704;2 704;2 704;506;1 368 224;-6.11%
16/04/2015;2 660;2 660;2 660;2 660;99;263 340;-1.63%
17/04/2015;2 800;2 800;2 800;2 800;17;47 600;5.26%
20/04/2015;2 800;2 800;2 800;2 800;191;534 800;0.00%
21/04/2015;2 800;2 800;2 800;2 800;105;294 000;0.00%
22/04/2015;2 710;2 710;2 710;2 710;320;867 200;-3.21%
23/04/2015;2 800;2 800;2 800;2 800;26;72 800;3.32%
24/04/2015;2 780;2 780;2 780;2 780;98;272 440;-0.71%
27/04/2015;2 800;2 800;2 800;2 800;45;126 000;0.72%
28/04/2015;2 800;2 800;2 800;2 800;79;221 200;0.00%
29/04/2015;2 800;2 800;2 800;2 800;135;378 000;0.00%
30/04/2015;2 800;2 800;2 800;2 800;96;268 800;0.00%
04/05/2015;2 800;2 800;2 800;2 800;406;1 136 800;0.00%
05/05/2015;2 760;2 760;2 760;2 760;506;1 396 560;-1.43%
06/05/2015;2 761;2 761;2 761;2 761;30;82 830;0.04%
07/05/2015;2 761;2 761;2 761;2 761;712;1 965 832;0.00%
08/05/2015;2 800;2 800;2 800;2 800;29;81 200;1.41%
11/05/2015;2 800;2 800;2 800;2 800;312;873 600;0.00%
12/05/2015;2 800;2 800;2 800;2 800;9;25 200;0.00%
13/05/2015;2 800;2 800;2 800;2 800;176;492 800;0.00%
14/05/2015;2 800;2 800;2 800;2 800;8 800;24 640 000;0.00%
15/05/2015;2 800;2 800;2 800;2 800;14;39 200;0.00%
19/05/2015;2 800;2 800;2 800;2 800;112;313 600;0.00%
20/05/2015;2 820;2 820;2 820;2 820;20;56 400;0.71%
21/05/2015;2 940;2 940;2 940;2 940;8;23 520;4.26%
22/05/2015;3 000;3 000;3 000;3 000;1;3 000;2.04%
25/05/2015;3 000;3 000;3 000;3 000;50;150 000;0.00%
27/05/2015;3 000;3 000;3 000;3 000;11;33 000;0.00%
28/05/2015;3 020;3 020;3 020;3 020;6;18 120;0.67%
29/05/2015;3 220;3 220;3 220;3 220;55;177 100;6.62%
02/06/2015;3 300;3 300;3 300;3 300;6;19 800;2.48%
03/06/2015;3 540;3 540;3 540;3 540;150;531 000;7.27%
05/06/2015;3 560;3 560;3 560;3 560;23;81 880;0.56%
08/06/2015;3 600;3 600;3 600;3 600;34;122 400;1.12%
09/06/2015;3 870;3 870;3 870;3 870;30;116 100;7.50%
10/06/2015;3 870;3 870;3 870;3 870;20;77 400;0.00%
11/06/2015;3 870;3 870;3 870;3 870;21;81 270;0.00%
12/06/2015;3 960;3 960;3 960;3 960;76;300 960;2.33%
16/06/2015;4 040;4 040;4 040;4 040;175;707 000;-4.94%
17/06/2015;4 040;4 040;4 040;4 040;62;250 480;0.00%
19/06/2015;3 922;3 922;3 922;3 922;46;180 412;-2.92%
23/06/2015;3 934;3 934;3 934;3 934;1;3 934;0.31%
24/06/2015;3 464;3 464;3 464;3 464;20;69 280;-11.95%
26/06/2015;3 400;3 400;3 400;3 400;1;3 400;-1.85%
29/06/2015;3 420;3 420;3 420;3 420;2;6 840;0.59%
30/06/2015;3 677;3 677;3 677;3 677;84;308 868;7.51%
01/07/2015;3 900;3 900;3 900;3 900;20;78 000;6.06%
02/07/2015;4 000;4 000;4 000;4 000;110;440 000;2.56%
03/07/2015;4 000;4 000;4 000;4 000;7;28 000;0.00%
06/07/2015;3 998;3 998;3 998;3 998;5;19 990;-0.05%
07/07/2015;3 990;3 990;3 990;3 990;135;538 650;-0.20%
09/07/2015;3 960;3 960;3 960;3 960;6;23 760;-0.75%
10/07/2015;3 900;3 900;3 900;3 900;9;35 100;-1.52%
13/07/2015;3 900;3 900;3 900;3 900;51;198 900;0.00%
14/07/2015;3 900;3 900;3 900;3 900;2 550;9 945 000;0.00%
15/07/2015;3 800;3 800;3 800;3 800;66;250 800;-2.56%
16/07/2015;3 700;3 700;3 700;3 700;4;14 800;-2.63%
17/07/2015;3 700;3 700;3 700;3 700;200;740 020;0.00%
20/07/2015;3 710;3 710;3 710;3 710;194;719 740;0.27%
22/07/2015;3 710;3 710;3 710;3 710;24;89 040;0.00%
23/07/2015;3 710;3 710;3 710;3 710;2;7 420;0.00%
24/07/2015;3 960;3 960;3 960;3 960;83;328 680;6.74%
27/07/2015;3 700;3 700;3 700;3 700;1 282;4 743 400;-6.57%
30/07/2015;3 700;3 700;3 700;3 700;4 006;14 822 200;0.00%
31/07/2015;3 700;3 700;3 700;3 700;1;3 700;0.00%
03/08/2015;3 700;3 700;3 700;3 700;19;70 300;0.00%
05/08/2015;3 700;3 700;3 700;3 700;49;181 300;0.00%
06/08/2015;3 700;3 700;3 700;3 700;6;22 200;0.00%
07/08/2015;3 700;3 700;3 700;3 700;300;1 110 000;0.00%
10/08/2015;3 700;3 700;3 700;3 700;1;3 700;0.00%
11/08/2015;3 700;3 700;3 700;3 700;32;118 400;0.00%
12/08/2015;3 600;3 600;3 600;3 600;26;93 600;-2.70%
14/08/2015;3 700;3 700;3 700;3 700;15;55 500;2.78%
18/08/2015;3 960;3 960;3 960;3 960;63;249 480;7.03%
19/08/2015;3 700;3 700;3 700;3 700;2;7 400;-6.57%
20/08/2015;3 700;3 700;3 700;3 700;2;7 400;0.00%
21/08/2015;3 720;3 720;3 720;3 720;63;234 360;0.54%
24/08/2015;3 800;3 800;3 800;3 800;120;456 000;2.15%
25/08/2015;3 800;3 800;3 800;3 800;2;7 600;0.00%
26/08/2015;3 800;3 800;3 800;3 800;17;64 600;0.00%
28/08/2015;3 800;3 800;3 800;3 800;12;45 600;0.00%
31/08/2015;3 710;3 710;3 710;3 710;1 012;3 754 520;-2.37%
01/09/2015;3 800;3 800;3 800;3 800;1;3 800;2.43%
02/09/2015;3 800;3 800;3 800;3 800;30;114 000;0.00%
03/09/2015;3 800;3 800;3 800;3 800;18;68 400;0.00%
04/09/2015;3 800;3 800;3 800;3 800;3;11 400;0.00%
07/09/2015;3 800;3 800;3 800;3 800;269;1 022 200;0.00%
08/09/2015;3 710;3 710;3 710;3 710;3;11 130;-2.37%
09/09/2015;3 800;3 800;3 800;3 800;1 127;4 282 600;2.43%
10/09/2015;3 800;3 800;3 800;3 800;6;22 800;0.00%
11/09/2015;3 800;3 800;3 800;3 800;502;1 907 600;0.00%
15/09/2015;3 900;3 900;3 900;3 900;5;19 500;2.09%
16/09/2015;3 850;3 850;3 850;3 850;21;80 850;-1.28%
17/09/2015;3 860;3 860;3 860;3 860;6;23 160;0.26%
18/09/2015;3 900;3 900;3 900;3 900;698;2 722 200;1.04%
21/09/2015;3 900;3 900;3 900;3 900;1;3 900;0.00%
22/09/2015;3 900;3 900;3 900;3 900;10;39 000;0.00%
23/09/2015;3 900;3 900;3 900;3 900;300;1 170 000;0.00%
24/09/2015;3 900;3 900;3 900;3 900;15 000;58 503 000;0.01%
25/09/2015;3 900;3 900;3 900;3 900;28;109 200;-0.01%
28/09/2015;4 000;4 000;4 000;4 000;100;400 000;2.56%
29/09/2015;3 900;3 900;3 900;3 900;1;3 900;-2.50%
02/10/2015;3 900;3 900;3 900;3 900;143;557 700;0.00%
08/10/2015;3 920;3 920;3 920;3 920;635;2 489 200;0.51%
09/10/2015;3 900;3 900;3 900;3 900;623;2 429 700;-0.51%
12/10/2015;3 902;3 902;3 902;3 902;1 280;4 994 560;0.05%
13/10/2015;4 000;4 000;4 000;4 000;10;40 000;2.51%
14/10/2015;3 920;3 920;3 920;3 920;804;3 151 680;-2.00%
19/10/2015;4 180;4 180;4 180;4 180;1 086;4 539 480;6.63%
20/10/2015;4 440;4 440;4 440;4 440;5;22 200;6.22%
21/10/2015;4 200;4 200;4 200;4 200;10;42 000;-5.41%
22/10/2015;4 210;4 210;4 210;4 210;105;442 050;0.24%
23/10/2015;4 210;4 210;4 210;4 210;23;96 830;0.00%
26/10/2015;4 240;4 240;4 240;4 240;42;178 080;0.71%
27/10/2015;4 240;4 240;4 240;4 240;5;21 200;0.00%
28/10/2015;4 400;4 400;4 400;4 400;1;4 400;3.77%
29/10/2015;4 301;4 301;4 301;4 301;20;86 020;-2.25%
30/10/2015;4 360;4 360;4 360;4 360;29;126 440;1.37%
02/11/2015;4 501;4 501;4 501;4 501;696;3 132 696;3.23%
03/11/2015;4 670;4 670;4 670;4 670;397;1 853 990;3.75%
04/11/2015;4 600;4 600;4 600;4 600;3;13 800;-1.50%
05/11/2015;4 800;4 800;4 800;4 800;1 075;5 160 000;4.35%
06/11/2015;4 800;4 800;4 800;4 800;2;9 600;0.00%
09/11/2015;5 160;5 160;5 160;5 160;721;3 720 360;7.50%
10/11/2015;5 020;5 020;5 020;5 020;78;391 560;-2.71%
11/11/2015;5 150;5 150;5 150;5 150;3 035;15 630 250;2.59%
12/11/2015;5 156;5 156;5 156;5 156;3 082;15 890 792;0.12%
13/11/2015;5 130;5 130;5 130;5 130;9;46 170;-0.50%
16/11/2015;5 140;5 140;5 140;5 140;134;688 760;0.19%
17/11/2015;5 200;5 200;5 200;5 200;5;26 000;1.17%
18/11/2015;5 160;5 160;5 160;5 160;10;51 600;-0.77%
19/11/2015;5 300;5 300;5 300;5 300;23;121 900;2.71%
20/11/2015;5 200;5 200;5 200;5 200;1;5 200;-1.89%
24/11/2015;5 300;5 300;5 300;5 300;331;1 754 300;1.92%
26/11/2015;5 300;5 300;5 300;5 300;305;1 616 500;0.00%
30/11/2015;5 100;5 100;5 100;5 100;58;295 800;-3.77%
01/12/2015;5 200;5 200;5 200;5 200;88;457 600;1.96%
02/12/2015;5 540;5 540;5 540;5 540;40;221 600;6.54%
03/12/2015;5 400;5 400;5 400;5 400;11;59 400;-2.53%
07/12/2015;5 400;5 400;5 400;5 400;20;108 000;0.00%
08/12/2015;5 400;5 400;5 400;5 400;4;21 600;0.00%
10/12/2015;5 300;5 300;5 300;5 300;8;42 400;-1.85%
14/12/2015;5 000;5 000;5 000;5 000;7;35 000;-3.85%
15/12/2015;4 940;4 940;4 940;4 940;1;4 940;-1.20%
16/12/2015;5 200;5 200;5 200;5 200;154;800 800;5.26%
17/12/2015;5 390;5 390;5 390;5 390;50;269 500;3.65%
21/12/2015;5 400;5 400;5 400;5 400;51;275 400;0.19%
22/12/2015;5 400;5 400;5 400;5 400;234;1 263 600;0.00%
23/12/2015;5 560;5 560;5 560;5 560;45;250 200;2.96%
24/12/2015;5 560;5 560;5 560;5 560;2 250;12 509 775;-0.00%
25/12/2015;5 560;5 560;5 560;5 560;2 250;12 509 775;0.00%
28/12/2015;5 880;5 880;5 880;5 880;249;1 464 120;5.76%
29/12/2015;5 900;5 900;5 900;5 900;7;41 300;0.34%
30/12/2015;5 870;5 870;5 870;5 870;249;1 461 630;-0.51%
31/12/2015;6 310;6 310;6 310;6 310;236;1 489 160;7.50%
05/01/2016;5 837;5 837;5 837;5 837;3;17 511;-7.50%
06/01/2016;5 600;5 600;5 600;5 600;11;61 600;-4.06%
07/01/2016;5 540;5 540;5 540;5 540;23;127 420;-1.07%
11/01/2016;5 480;5 480;5 480;5 480;81;443 880;-1.08%
13/01/2016;5 400;5 400;5 400;5 400;4;21 600;-1.46%
14/01/2016;5 805;5 805;5 805;5 805;17;98 685;7.50%
15/01/2016;5 400;5 400;5 400;5 400;1;5 400;-6.98%
18/01/2016;5 400;5 400;5 400;5 400;2;10 800;0.00%
21/01/2016;5 400;5 400;5 400;5 400;32;172 800;0.00%
22/01/2016;5 340;5 340;5 340;5 340;1;5 340;-1.11%
25/01/2016;5 400;5 400;5 400;5 400;9;48 600;1.12%
26/01/2016;5 342;5 342;5 342;5 342;82;438 044;-1.07%
27/01/2016;5 342;5 342;5 342;5 342;13;69 446;0.00%
28/01/2016;5 342;5 342;5 342;5 342;2;10 684;0.00%
29/01/2016;5 340;5 340;5 340;5 340;43;229 620;-0.04%
01/02/2016;5 340;5 340;5 340;5 340;6;32 040;0.00%
02/02/2016;5 340;5 340;5 340;5 340;1;5 340;0.00%
03/02/2016;5 400;5 400;5 400;5 400;4;21 600;1.12%
04/02/2016;5 400;5 400;5 400;5 400;224;1 209 600;0.00%
08/02/2016;5 400;5 400;5 400;5 400;13;70 200;0.00%
09/02/2016;5 380;5 380;5 380;5 380;1 201;6 461 380;-0.37%
10/02/2016;5 400;5 400;5 400;5 400;47;253 800;0.37%
11/02/2016;5 320;5 320;5 320;5 320;89;473 480;-1.48%
12/02/2016;5 360;5 360;5 360;5 360;5;26 800;0.75%
16/02/2016;5 380;5 380;5 380;5 380;1 264;6 800 320;0.37%
17/02/2016;5 400;5 400;5 400;5 400;10;54 000;0.37%
18/02/2016;5 400;5 400;5 400;5 400;68;367 200;0.00%
19/02/2016;5 096;5 096;5 096;5 096;172;876 512;-5.63%
22/02/2016;5 400;5 400;5 400;5 400;51;275 400;5.97%
23/02/2016;5 400;5 400;5 400;5 400;113;610 200;0.00%
25/02/2016;5 540;5 540;5 540;5 540;219;1 213 260;2.59%
26/02/2016;5 429;5 429;5 429;5 429;292;1 585 268;-2.00%
29/02/2016;5 700;5 700;5 700;5 700;5 250;29 925 000;4.99%
02/03/2016;5 760;5 760;5 760;5 760;8 150;46 944 000;1.05%
03/03/2016;6 000;6 000;6 000;6 000;23 950;143 700 000;4.17%
04/03/2016;6 050;6 050;6 050;6 050;74 850;452 842 500;0.83%
07/03/2016;6 000;6 000;6 000;6 000;1 150;6 900 000;-0.83%
08/03/2016;6 000;6 000;6 000;6 000;1 450;8 700 000;0.00%
09/03/2016;6 000;6 000;6 000;6 000;350;2 100 000;0.00%
11/03/2016;5 900;5 900;5 900;5 900;950;5 605 000;-1.67%
14/03/2016;5 900;5 900;5 900;5 900;7 200;42 479 280;-0.00%
15/03/2016;5 710;5 710;5 710;5 710;200;1 142 000;-3.22%
16/03/2016;5 700;5 700;5 700;5 700;600;3 420 060;-0.17%
17/03/2016;5 700;5 700;5 700;5 700;75 550;430 635 000;-0.00%
18/03/2016;5 890;5 890;5 890;5 890;250;1 472 450;3.33%
21/03/2016;5 880;5 880;5 880;5 880;100;588 000;-0.17%
22/03/2016;5 880;5 880;5 880;5 880;100;588 000;0.00%
23/03/2016;5 890;5 890;5 890;5 890;20 950;123 395 500;0.17%
24/03/2016;5 900;5 900;5 900;5 900;16 500;97 350 000;0.17%
25/03/2016;5 870;5 870;5 870;5 870;100;587 010;-0.51%
28/03/2016;5 870;5 870;5 870;5 870;100;587 010;0.00%
29/03/2016;5 870;5 870;5 870;5 870;600;3 522 000;-0.00%
30/03/2016;5 800;5 800;5 800;5 800;5 000;29 000 000;-1.19%
31/03/2016;5 900;5 900;5 900;5 900;1 700;10 030 000;1.72%
01/04/2016;5 800;5 800;5 800;5 800;52 250;303 050 000;-1.69%
04/04/2016;5 840;5 840;5 840;5 840;2 900;16 936 000;0.69%
05/04/2016;5 800;5 800;5 800;5 800;550;3 190 000;-0.68%
06/04/2016;5 900;5 900;5 900;5 900;2 850;16 815 000;1.72%
08/04/2016;5 800;5 800;5 800;5 800;12 500;72 500 000;-1.69%
11/04/2016;5 800;5 800;5 800;5 800;1 250;7 250 000;0.00%
12/04/2016;5 800;5 800;5 800;5 800;1 300;7 540 000;0.00%
13/04/2016;5 820;5 820;5 820;5 820;250;1 455 000;0.34%
14/04/2016;5 800;5 800;5 800;5 800;5 000;29 000 000;-0.34%
15/04/2016;5 800;5 800;5 800;5 800;250;1 450 000;0.00%
18/04/2016;5 620;5 620;5 620;5 620;400;2 248 040;-3.10%
19/04/2016;5 900;5 900;5 900;5 900;500;2 950 000;4.98%
20/04/2016;5 802;5 802;5 802;5 802;2 100;12 184 200;-1.66%
21/04/2016;5 900;5 900;5 900;5 900;1 050;6 195 000;1.69%
22/04/2016;6 090;6 090;6 090;6 090;22 400;136 416 000;3.22%
26/04/2016;5 900;5 900;5 900;5 900;700;4 130 000;-3.12%
27/04/2016;6 000;6 000;6 000;6 000;75 500;453 000 000;1.69%
28/04/2016;6 200;6 200;6 200;6 200;37 750;234 050 000;3.33%
29/04/2016;6 200;6 200;6 200;6 200;1 500;9 300 000;0.00%
02/05/2016;6 200;6 200;6 200;6 200;1 500;9 300 000;0.00%
06/05/2016;5 800;5 800;5 800;5 800;4 100;23 780 000;-6.45%
09/05/2016;5 800;5 800;5 800;5 800;300;1 740 000;0.00%
10/05/2016;5 740;5 740;5 740;5 740;1 100;6 314 000;-1.03%
11/05/2016;5 900;5 900;5 900;5 900;4 750;28 025 000;2.79%
16/05/2016;5 900;5 900;5 900;5 900;2 900;17 110 580;0.00%
18/05/2016;6 080;6 080;6 080;6 080;32 000;194 556 800;3.05%
19/05/2016;5 900;5 900;5 900;5 900;400;2 360 000;-2.96%
20/05/2016;6 200;6 200;6 200;6 200;25 200;156 240 000;5.08%
23/05/2016;6 000;6 000;6 000;6 000;5 650;33 900 000;-3.23%
24/05/2016;6 000;6 000;6 000;6 000;1 600;9 600 000;0.00%
25/05/2016;6 100;6 100;6 100;6 100;23 650;144 265 000;1.67%
26/05/2016;6 000;6 000;6 000;6 000;1 850;11 100 000;-1.64%
30/05/2016;5 900;5 900;5 900;5 900;2 900;17 110 000;-1.67%
31/05/2016;6 200;6 200;6 200;6 200;3 650;22 630 000;5.08%
01/06/2016;6 200;6 200;6 200;6 200;40 300;249 860 000;0.00%
02/06/2016;6 200;6 200;6 200;6 200;500;3 100 000;0.00%
03/06/2016;6 100;6 100;6 100;6 100;350;2 135 000;-1.61%
06/06/2016;6 100;6 100;6 100;6 100;22 400;136 640 000;0.00%
07/06/2016;6 200;6 200;6 200;6 200;850;5 270 000;1.64%
09/06/2016;6 200;6 200;6 200;6 200;59 200;367 040 000;0.00%
13/06/2016;6 200;6 200;6 200;6 200;750;4 650 000;0.00%
14/06/2016;6 000;6 000;6 000;6 000;2 500;15 000 250;-3.22%
15/06/2016;6 100;6 100;6 100;6 100;500;3 050 000;1.66%
16/06/2016;6 200;6 200;6 200;6 200;200;1 239 980;1.64%
17/06/2016;6 100;6 100;6 100;6 100;200;1 220 000;-1.61%
21/06/2016;6 000;6 000;6 000;6 000;650;3 900 000;-1.64%
22/06/2016;6 000;6 000;6 000;6 000;2 650;15 900 000;0.00%
23/06/2016;6 000;6 000;6 000;6 000;2 100;12 600 000;0.00%
24/06/2016;6 000;6 000;6 000;6 000;1 650;9 900 000;0.00%
27/06/2016;6 000;6 000;6 000;6 000;2 200;13 200 000;0.00%
28/06/2016;5 910;5 910;5 910;5 910;1 100;6 501 330;-1.49%
29/06/2016;6 000;6 000;6 000;6 000;200;1 200 000;1.52%
30/06/2016;5 910;5 910;5 910;5 910;8 000;47 280 000;-1.50%
01/07/2016;5 800;5 800;5 800;5 800;1 550;8 990 155;-1.86%
04/07/2016;5 800;5 800;5 800;5 800;750;4 350 075;0.00%
05/07/2016;5 800;5 800;5 800;5 800;1 200;6 960 120;0.00%
06/07/2016;5 800;5 800;5 800;5 800;1 200;6 960 120;0.00%
07/07/2016;5 800;5 800;5 800;5 800;1 950;11 310 000;-0.00%
08/07/2016;5 800;5 800;5 800;5 800;800;4 640 000;0.00%
13/07/2016;5 200;5 200;5 200;5 200;650;3 380 000;-10.34%
14/07/2016;5 001;5 001;5 001;5 001;250;1 250 250;-3.83%
15/07/2016;5 020;5 020;5 020;5 020;400;2 008 000;0.38%
18/07/2016;5 020;5 020;5 020;5 020;250;1 255 000;0.00%
19/07/2016;5 300;5 300;5 300;5 300;50;265 000;5.58%
20/07/2016;5 220;5 220;5 220;5 220;1 450;7 569 145;-1.51%
21/07/2016;5 300;5 300;5 300;5 300;1 550;8 215 000;1.53%
22/07/2016;5 300;5 300;5 300;5 300;2 850;15 105 000;0.00%
25/07/2016;5 010;5 010;5 010;5 010;2 700;13 527 540;-5.47%
26/07/2016;5 300;5 300;5 300;5 300;3 200;16 960 000;5.78%
27/07/2016;5 200;5 200;5 200;5 200;13 500;70 200 000;-1.89%
28/07/2016;5 200;5 200;5 200;5 200;100;520 000;0.00%
29/07/2016;5 200;5 200;5 200;5 200;700;3 640 000;0.00%
02/08/2016;5 200;5 200;5 200;5 200;3 050;15 860 000;0.00%
03/08/2016;5 202;5 202;5 202;5 202;300;1 560 660;0.04%
04/08/2016;5 202;5 202;5 202;5 202;50;260 105;-0.00%
05/08/2016;5 200;5 200;5 200;5 200;200;1 040 060;-0.03%
08/08/2016;5 200;5 200;5 200;5 200;200;1 040 060;0.00%
09/08/2016;5 200;5 200;5 200;5 200;5 700;29 640 000;-0.01%
10/08/2016;5 300;5 300;5 300;5 300;750;3 975 000;1.92%
11/08/2016;5 200;5 200;5 200;5 200;500;2 600 000;-1.89%
12/08/2016;5 202;5 202;5 202;5 202;850;4 421 700;0.04%
15/08/2016;5 202;5 202;5 202;5 202;850;4 421 700;0.00%
16/08/2016;5 202;5 202;5 202;5 202;250;1 300 525;0.00%
17/08/2016;5 312;5 312;5 312;5 312;6 450;34 262 400;2.11%
18/08/2016;5 202;5 202;5 202;5 202;500;2 601 050;-2.07%
19/08/2016;5 312;5 312;5 312;5 312;6 500;34 529 950;2.12%
22/08/2016;5 200;5 200;5 200;5 200;20 200;105 040 000;-2.11%
01/09/2016;5 312;5 312;5 312;5 312;450;2 390 400;2.15%
05/09/2016;5 322;5 322;5 322;5 322;400;2 128 840;0.19%
07/09/2016;5 400;5 400;5 400;5 400;6 450;34 830 000;1.46%
08/09/2016;5 500;5 500;5 500;5 500;2 250;12 375 000;1.85%
13/09/2016;5 900;5 900;5 900;5 900;1 250;7 375 000;7.27%
15/09/2016;5 500;5 500;5 500;5 500;1 800;9 900 000;-6.78%
16/09/2016;5 093;5 093;5 093;5 093;150 100;764 459 300;-7.40%
19/09/2016;5 093;5 093;5 093;5 093;600;3 055 800;0.00%
20/09/2016;5 340;5 340;5 340;5 340;600;3 204 000;4.85%
26/09/2016;5 120;5 120;5 120;5 120;350;1 792 000;-4.12%
27/09/2016;5 100;5 100;5 100;5 100;1 350;6 885 000;-0.39%
28/09/2016;5 400;5 400;5 400;5 400;650;3 510 000;5.88%
29/09/2016;5 400;5 400;5 400;5 400;900;4 860 000;0.00%
30/09/2016;5 400;5 400;5 400;5 400;300;1 620 000;0.00%
03/10/2016;5 300;5 300;5 300;5 300;100;530 000;-1.85%
04/10/2016;5 120;5 120;5 120;5 120;2 250;11 520 450;-3.39%
05/10/2016;5 400;5 400;5 400;5 400;1 000;5 400 000;5.46%
06/10/2016;5 400;5 400;5 400;5 400;250;1 350 000;0.00%
07/10/2016;5 700;5 700;5 700;5 700;2 450;13 965 000;5.56%
10/10/2016;5 600;5 600;5 600;5 600;1 250;7 000 000;-1.75%
11/10/2016;5 600;5 600;5 600;5 600;6 500;36 400 000;0.00%
12/10/2016;5 440;5 440;5 440;5 440;40 350;219 504 000;-2.86%
13/10/2016;5 400;5 400;5 400;5 400;800;4 320 000;-0.74%
14/10/2016;5 400;5 400;5 400;5 400;100;540 000;0.00%
17/10/2016;5 400;5 400;5 400;5 400;150;810 000;0.00%
19/10/2016;5 400;5 400;5 400;5 400;12 500;67 500 000;0.00%
20/10/2016;5 380;5 380;5 380;5 380;150;807 000;-0.37%
21/10/2016;5 598;5 598;5 598;5 598;1 800;10 076 400;4.05%
24/10/2016;5 598;5 598;5 598;5 598;5 900;33 028 200;0.00%
25/10/2016;5 600;5 600;5 600;5 600;400;2 240 000;0.04%
28/10/2016;6 000;6 000;6 000;6 000;6 300;37 800 000;7.14%
08/11/2016;5 960;5 960;5 960;5 960;250;1 489 975;-0.67%
09/11/2016;5 550;5 550;5 550;5 550;50;277 500;-6.88%
10/11/2016;5 958;5 958;5 958;5 958;200;1 191 600;7.35%
11/11/2016;5 980;5 980;5 980;5 980;850;5 082 915;0.37%
22/11/2016;5 800;5 800;5 800;5 800;750;4 350 000;-3.01%
23/11/2016;5 800;5 800;5 800;5 800;13 100;75 980 000;0.00%
29/11/2016;5 700;5 700;5 700;5 700;1 500;8 550 000;-1.72%
30/11/2016;5 980;5 980;5 980;5 980;8 550;51 128 145;4.91%
01/12/2016;5 800;5 800;5 800;5 800;182 000;1 055 600 000;-3.01%
02/12/2016;5 980;5 980;5 980;5 980;5 950;35 580 405;3.10%
08/12/2016;5 700;5 700;5 700;5 700;400;2 280 000;-3.72%
09/12/2016;5 700;5 700;5 700;5 700;800;4 560 000;0.00%
12/12/2016;5 700;5 700;5 700;5 700;800;4 560 000;0.00%
14/12/2016;5 980;5 980;5 980;5 980;5 000;29 900 000;4.91%
15/12/2016;5 960;5 960;5 960;5 960;350;2 086 000;-0.33%
19/12/2016;5 540;5 540;5 540;5 540;400;2 216 000;-7.05%
20/12/2016;5 900;5 900;5 900;5 900;3 950;23 305 000;6.50%
21/12/2016;5 980;5 980;5 980;5 980;17 250;103 155 000;1.36%
22/12/2016;5 540;5 540;5 540;5 540;11 850;65 649 000;-7.36%
23/12/2016;5 700;5 700;5 700;5 700;250;1 425 000;2.89%
26/12/2016;5 700;5 700;5 700;5 700;250;1 425 000;0.00%
27/12/2016;5 700;5 700;5 700;5 700;350;1 994 965;-0.00%
28/12/2016;5 940;5 940;5 940;5 940;2 400;14 256 000;4.21%
12/01/2017;5 495;5 495;5 495;5 495;50;274 725;-7.50%
13/01/2017;5 083;5 083;5 083;5 083;750;3 811 875;-7.50%
23/01/2017;5 390;5 390;5 390;5 390;250;1 347 500;6.05%
24/01/2017;5 390;5 390;5 390;5 390;850;4 581 500;0.00%
27/01/2017;5 380;5 380;5 380;5 380;50;269 000;-0.19%
01/02/2017;5 160;5 160;5 160;5 160;2 700;13 932 000;-4.09%
02/02/2017;5 140;5 140;5 140;5 140;4 600;23 644 000;-0.39%
03/02/2017;5 160;5 160;5 160;5 160;950;4 902 000;0.39%
06/02/2017;5 160;5 160;5 160;5 160;400;2 064 000;0.00%
07/02/2017;5 160;5 160;5 160;5 160;900;4 644 000;0.00%
08/02/2017;5 156;5 156;5 156;5 156;1 100;5 671 600;-0.08%
10/02/2017;5 140;5 140;5 140;5 140;950;4 883 000;-0.31%
20/02/2017;5 000;5 000;5 000;5 000;50;249 980;-2.73%
21/02/2017;4 800;4 800;4 800;4 800;50;240 000;-3.99%
22/02/2017;4 800;4 800;4 800;4 800;4 400;21 120 000;0.00%
23/02/2017;4 700;4 700;4 700;4 700;350;1 645 000;-2.08%
24/02/2017;4 700;4 700;4 700;4 700;2 200;10 340 000;0.00%
27/02/2017;4 700;4 700;4 700;4 700;250;1 175 000;0.00%
28/02/2017;4 690;4 690;4 690;4 690;950;4 455 500;-0.21%
01/03/2017;4 600;4 600;4 600;4 600;1 850;8 509 815;-1.92%
03/03/2017;4 580;4 580;4 580;4 580;3 250;14 885 000;-0.43%
07/03/2017;4 690;4 690;4 690;4 690;100;469 000;0.00%
09/03/2017;4 680;4 680;4 680;4 680;300;1 404 000;-0.21%
10/03/2017;4 600;4 600;4 600;4 600;1 050;4 830 000;-1.71%
13/03/2017;4 560;4 560;4 560;4 560;150;684 000;-0.87%
14/03/2017;4 600;4 600;4 600;4 600;3 050;14 029 695;0.87%
15/03/2017;4 580;4 580;4 580;4 580;11 400;52 212 000;-0.43%
16/03/2017;4 400;4 400;4 400;4 400;2 500;11 000 000;-3.93%
17/03/2017;4 600;4 600;4 600;4 600;500;2 300 000;4.55%
21/03/2017;4 600;4 600;4 600;4 600;50;229 995;-0.00%
22/03/2017;4 600;4 600;4 600;4 600;50;230 000;0.00%
23/03/2017;4 560;4 560;4 560;4 560;2 150;9 803 785;-0.87%
24/03/2017;4 560;4 560;4 560;4 560;100;456 000;0.00%
27/03/2017;4 540;4 540;4 540;4 540;350;1 588 965;-0.44%
29/03/2017;4 400;4 400;4 400;4 400;4 500;19 800 000;-3.08%
30/03/2017;4 312;4 312;4 312;4 312;500;2 156 000;-2.00%
31/03/2017;4 600;4 600;4 600;4 600;6 250;28 750 000;6.68%
04/04/2017;4 400;4 400;4 400;4 400;5 600;24 638 880;-4.35%
05/04/2017;4 380;4 380;4 380;4 380;2 650;11 607 000;-0.45%
10/04/2017;4 200;4 200;4 200;4 200;50;210 000;-4.11%
11/04/2017;4 200;4 200;4 200;4 200;2 250;9 450 000;0.00%
12/04/2017;4 060;4 060;4 060;4 060;1 150;4 669 000;-3.33%
13/04/2017;4 060;4 060;4 060;4 060;250;1 015 000;0.00%
14/04/2017;4 040;4 040;4 040;4 040;850;3 434 000;-0.49%
19/04/2017;4 000;4 000;4 000;4 000;1 800;7 199 820;-0.99%
20/04/2017;4 000;4 000;4 000;4 000;800;3 200 000;0.00%
21/04/2017;4 180;4 180;4 180;4 180;900;3 762 000;4.50%
24/04/2017;4 160;4 160;4 160;4 160;500;2 080 000;-0.48%
25/04/2017;4 070;4 070;4 070;4 070;500;2 035 000;-2.16%
26/04/2017;4 070;4 070;4 070;4 070;100;407 000;0.00%
27/04/2017;4 060;4 060;4 060;4 060;250;1 014 975;-0.25%
28/04/2017;4 000;4 000;4 000;4 000;250;1 000 000;-1.48%
01/05/2017;4 000;4 000;4 000;4 000;250;1 000 000;0.00%
02/05/2017;4 100;4 100;4 100;4 100;3 850;15 785 770;2.50%
03/05/2017;4 110;4 110;4 110;4 110;800;3 288 080;0.24%
04/05/2017;4 000;4 000;4 000;4 000;1 450;5 800 000;-2.68%
05/05/2017;4 100;4 100;4 100;4 100;2 850;11 685 000;2.50%
08/05/2017;4 110;4 110;4 110;4 110;300;1 233 000;0.24%
10/05/2017;4 040;4 040;4 040;4 040;600;2 424 060;-1.70%
11/05/2017;4 340;4 340;4 340;4 340;750;3 255 000;7.42%
12/05/2017;4 380;4 380;4 380;4 380;2 950;12 921 000;0.92%
16/05/2017;4 340;4 340;4 340;4 340;2 600;11 284 000;-0.91%
17/05/2017;4 160;4 160;4 160;4 160;1 550;6 448 155;-4.15%
18/05/2017;4 160;4 160;4 160;4 160;250;1 040 000;-0.00%
22/05/2017;4 160;4 160;4 160;4 160;500;2 080 100;0.00%
23/05/2017;4 400;4 400;4 400;4 400;150;660 000;5.76%
26/05/2017;4 160;4 160;4 160;4 160;100;416 000;-5.45%
29/05/2017;4 160;4 160;4 160;4 160;2 000;8 320 000;0.00%
30/05/2017;4 160;4 160;4 160;4 160;300;1 248 000;0.00%
31/05/2017;4 420;4 420;4 420;4 420;950;4 199 000;6.25%
01/06/2017;4 160;4 160;4 160;4 160;250;1 040 000;-5.88%
02/06/2017;4 240;4 240;4 240;4 240;1 350;5 724 000;1.92%
07/06/2017;4 300;4 300;4 300;4 300;2 050;8 815 000;1.42%
09/06/2017;4 240;4 240;4 240;4 240;600;2 544 000;-1.40%
13/06/2017;4 200;4 200;4 200;4 200;400;1 680 000;-0.94%
14/06/2017;4 420;4 420;4 420;4 420;8 250;36 465 000;5.24%
19/06/2017;4 089;4 089;4 089;4 089;100;408 850;-7.50%
20/06/2017;4 380;4 380;4 380;4 380;5 350;23 433 000;7.13%
21/06/2017;4 420;4 420;4 420;4 420;5 600;24 752 000;0.91%
22/06/2017;4 420;4 420;4 420;4 420;5 600;24 752 000;0.00%
30/06/2017;4 300;4 300;4 300;4 300;200;859 980;-2.72%
03/07/2017;3 978;3 978;3 978;3 978;600;2 386 500;-7.50%
04/07/2017;4 000;4 000;4 000;4 000;200;800 000;0.57%
05/07/2017;3 980;3 980;3 980;3 980;1 800;7 163 640;-0.50%
06/07/2017;3 681;3 681;3 681;3 681;34 300;126 272 020;-7.50%
07/07/2017;3 950;3 950;3 950;3 950;10 000;39 499 000;7.29%
10/07/2017;3 871;3 871;3 871;3 871;1 000;3 871 000;-2.00%
11/07/2017;3 871;3 871;3 871;3 871;50;193 550;0.00%
13/07/2017;3 870;3 870;3 870;3 870;500;1 935 000;-0.03%
18/07/2017;3 730;3 730;3 730;3 730;1 350;5 035 500;-3.62%
19/07/2017;4 000;4 000;4 000;4 000;8 950;35 800 000;7.24%
20/07/2017;3 880;3 880;3 880;3 880;350;1 358 000;-3.00%
21/07/2017;3 860;3 860;3 860;3 860;300;1 158 000;-0.52%
25/07/2017;3 800;3 800;3 800;3 800;350;1 330 000;-1.55%
26/07/2017;3 780;3 780;3 780;3 780;700;2 646 000;-0.53%
27/07/2017;3 760;3 760;3 760;3 760;100;376 000;-0.53%
28/07/2017;3 700;3 700;3 700;3 700;850;3 145 000;-1.60%
31/07/2017;3 970;3 970;3 970;3 970;235;932 950;7.30%
01/08/2017;3 995;3 995;3 995;3 995;2 963;11 837 185;0.63%
02/08/2017;3 875;3 875;3 875;3 875;2 696;10 447 000;-3.00%
03/08/2017;3 900;3 900;3 900;3 900;1 421;5 541 900;0.65%
04/08/2017;4 150;4 150;4 150;4 150;525;2 178 750;6.41%
07/08/2017;4 150;4 150;4 150;4 150;525;2 178 750;0.00%
08/08/2017;4 200;4 200;4 200;4 200;1 382;5 804 400;1.20%
09/08/2017;4 200;4 200;4 200;4 200;5 561;23 356 200;0.00%
10/08/2017;4 400;4 400;4 400;4 400;2 893;12 729 200;4.76%
11/08/2017;4 450;4 450;4 450;4 450;24 278;108 037 100;1.14%
14/08/2017;4 400;4 400;4 400;4 400;2 939;12 931 600;-1.12%
15/08/2017;4 400;4 400;4 400;4 400;2 939;12 931 600;0.00%
16/08/2017;4 390;4 390;4 390;4 390;966;4 240 740;-0.23%
17/08/2017;4 390;4 390;4 390;4 390;1 531;6 721 090;0.00%
18/08/2017;4 390;4 390;4 390;4 390;2 575;11 304 250;0.00%
21/08/2017;4 300;4 300;4 300;4 300;1 633;7 021 900;-2.05%
22/08/2017;4 400;4 400;4 400;4 400;5 951;26 184 400;2.33%
23/08/2017;4 200;4 200;4 200;4 200;1 880;7 896 000;-4.55%
24/08/2017;4 200;4 200;4 200;4 200;568;2 385 600;0.00%
25/08/2017;4 000;4 000;4 000;4 000;5 570;22 280 000;-4.76%
28/08/2017;4 300;4 300;4 300;4 300;993;4 269 900;7.50%
29/08/2017;4 000;4 000;4 000;4 000;1 122;4 488 000;-6.98%
30/08/2017;4 300;4 300;4 300;4 300;1 085;4 665 500;7.50%
31/08/2017;4 300;4 300;4 300;4 300;425;1 827 500;0.00%
04/09/2017;4 300;4 300;4 300;4 300;1 141;4 906 300;0.00%
05/09/2017;4 300;4 300;4 300;4 300;155;666 500;0.00%
06/09/2017;3 980;3 980;3 980;3 980;1 099;4 374 020;-7.44%
07/09/2017;4 000;4 000;4 000;4 000;3 519;14 076 000;0.50%
08/09/2017;4 000;4 000;4 000;4 000;1 791;7 164 000;0.00%
11/09/2017;4 000;4 000;4 000;4 000;596;2 384 000;0.00%
12/09/2017;4 000;4 000;4 000;4 000;474;1 896 000;0.00%
13/09/2017;4 000;4 000;4 000;4 000;2 779;11 116 000;0.00%
14/09/2017;4 000;4 000;4 000;4 000;1 057;4 228 000;0.00%
15/09/2017;3 805;3 805;3 805;3 805;744;2 830 920;-4.88%
18/09/2017;3 795;3 795;3 795;3 795;581;2 204 895;-0.26%
19/09/2017;3 795;3 795;3 795;3 795;600;2 277 000;0.00%
20/09/2017;4 000;4 000;4 000;4 000;1 996;7 984 000;5.40%
21/09/2017;3 785;3 785;3 785;3 785;554;2 096 890;-5.38%
22/09/2017;3 990;3 990;3 990;3 990;1 054;4 205 460;5.42%
25/09/2017;3 700;3 700;3 700;3 700;667;2 467 900;-7.27%
26/09/2017;3 700;3 700;3 700;3 700;978;3 618 600;0.00%
27/09/2017;3 530;3 530;3 530;3 530;1 609;5 679 770;-4.59%
28/09/2017;3 500;3 500;3 500;3 500;1 274;4 459 000;-0.85%
29/09/2017;3 500;3 500;3 500;3 500;4 153;14 535 500;0.00%
02/10/2017;3 760;3 760;3 760;3 760;2 413;9 072 880;7.43%
03/10/2017;3 700;3 700;3 700;3 700;1 279;4 732 300;-1.60%
04/10/2017;3 700;3 700;3 700;3 700;297;1 098 900;0.00%
05/10/2017;3 700;3 700;3 700;3 700;432;1 598 400;0.00%
06/10/2017;3 600;3 600;3 600;3 600;1 598;5 752 800;-2.70%
09/10/2017;3 500;3 500;3 500;3 500;1 832;6 412 000;-2.78%
10/10/2017;3 750;3 750;3 750;3 750;919;3 446 250;7.14%
11/10/2017;4 000;4 000;4 000;4 000;603;2 412 000;6.67%
12/10/2017;3 700;3 700;3 700;3 700;630;2 331 000;-7.50%
13/10/2017;3 495;3 495;3 495;3 495;74 589;260 688 555;-5.54%
16/10/2017;3 430;3 430;3 430;3 430;2 721;9 333 030;-1.86%
17/10/2017;3 400;3 400;3 400;3 400;1 331;4 525 400;-0.87%
18/10/2017;3 500;3 500;3 500;3 500;5 314;18 599 000;2.94%
19/10/2017;3 760;3 760;3 760;3 760;469;1 763 440;7.43%
20/10/2017;3 480;3 480;3 480;3 480;698;2 429 040;-7.45%
23/10/2017;3 400;3 400;3 400;3 400;417;1 417 800;-2.30%
24/10/2017;3 150;3 150;3 150;3 150;3 878;12 215 700;-7.35%
25/10/2017;3 385;3 385;3 385;3 385;1 955;6 617 675;7.46%
26/10/2017;3 635;3 635;3 635;3 635;442;1 606 670;7.39%
27/10/2017;3 700;3 700;3 700;3 700;211;780 700;1.79%
30/10/2017;3 900;3 900;3 900;3 900;109;425 100;5.41%
31/10/2017;4 000;4 000;4 000;4 000;151;604 000;2.56%
01/11/2017;4 000;4 000;4 000;4 000;151;604 000;0.00%
02/11/2017;3 950;3 950;3 950;3 950;473;1 868 350;-1.25%
03/11/2017;3 900;3 900;3 900;3 900;332;1 294 800;-1.27%
06/11/2017;4 000;4 000;4 000;4 000;479;1 916 000;2.56%
07/11/2017;4 000;4 000;4 000;4 000;477;1 908 000;0.00%
08/11/2017;4 195;4 195;4 195;4 195;1 075;4 509 625;4.88%
09/11/2017;4 000;4 000;4 000;4 000;587;2 348 000;-4.65%
10/11/2017;3 900;3 900;3 900;3 900;958;3 736 200;-2.50%
13/11/2017;4 000;4 000;4 000;4 000;474;1 896 000;2.56%
14/11/2017;4 000;4 000;4 000;4 000;430;1 720 000;0.00%
15/11/2017;4 000;4 000;4 000;4 000;430;1 720 000;0.00%
16/11/2017;4 300;4 300;4 300;4 300;1 741;7 486 300;7.50%
17/11/2017;3 980;3 980;3 980;3 980;482;1 918 360;-7.44%
20/11/2017;3 800;3 800;3 800;3 800;816;3 100 800;-4.52%
21/11/2017;4 000;4 000;4 000;4 000;2 742;10 968 000;5.26%
22/11/2017;3 895;3 895;3 895;3 895;205;798 475;-2.63%
23/11/2017;3 700;3 700;3 700;3 700;272;1 006 400;-5.01%
24/11/2017;3 600;3 600;3 600;3 600;1 573;5 662 800;-2.70%
27/11/2017;3 700;3 700;3 700;3 700;1 709;6 323 300;2.78%
28/11/2017;3 650;3 650;3 650;3 650;1 686;6 153 900;-1.35%
29/11/2017;3 900;3 900;3 900;3 900;757;2 952 300;6.85%
01/12/2017;3 800;3 800;3 800;3 800;176;668 800;0.00%
04/12/2017;3 695;3 695;3 695;3 695;1 924;7 109 180;-2.76%
05/12/2017;3 900;3 900;3 900;3 900;4 118;16 060 200;5.55%
06/12/2017;4 190;4 190;4 190;4 190;6 621;27 741 990;7.44%
07/12/2017;4 095;4 095;4 095;4 095;1 157;4 737 915;-2.27%
08/12/2017;3 850;3 850;3 850;3 850;890;3 426 500;-5.98%
11/12/2017;3 990;3 990;3 990;3 990;3 435;13 705 650;3.64%
12/12/2017;4 100;4 100;4 100;4 100;2 810;11 521 000;2.76%
13/12/2017;4 350;4 350;4 350;4 350;6 269;27 270 150;6.10%
14/12/2017;4 295;4 295;4 295;4 295;13;55 835;-1.26%
15/12/2017;4 000;4 000;4 000;4 000;1 076;4 304 000;-6.87%
18/12/2017;4 250;4 250;4 250;4 250;100;425 000;6.25%
19/12/2017;4 300;4 300;4 300;4 300;4 779;20 549 700;1.18%
20/12/2017;4 400;4 400;4 400;4 400;1 945;8 558 000;2.33%
21/12/2017;4 395;4 395;4 395;4 395;786;3 454 470;-0.11%
22/12/2017;4 720;4 720;4 720;4 720;1 614;7 618 080;7.39%
25/12/2017;4 720;4 720;4 720;4 720;1 614;7 618 080;0.00%
26/12/2017;4 715;4 715;4 715;4 715;614;2 895 010;-0.11%
27/12/2017;4 695;4 695;4 695;4 695;6 937;32 569 215;-0.42%
28/12/2017;4 990;4 990;4 990;4 990;4 271;21 312 290;6.28%
29/12/2017;4 990;4 990;4 990;4 990;2 636;13 153 640;0.00%
02/01/2018;4 620;4 620;4 620;4 620;6 310;29 152 200;-7.41%
03/01/2018;4 950;4 950;4 950;4 950;887;4 390 650;7.14%
04/01/2018;4 895;4 895;4 895;4 895;233;1 140 535;-1.11%
05/01/2018;4 800;4 800;4 800;4 800;484;2 323 200;-1.94%
08/01/2018;4 695;4 695;4 695;4 695;168;788 760;-2.19%
09/01/2018;4 405;4 405;4 405;4 405;132;581 460;-6.18%
10/01/2018;4 600;4 600;4 600;4 600;786;3 615 600;4.43%
11/01/2018;4 600;4 600;4 600;4 600;428;1 968 800;0.00%
12/01/2018;4 600;4 600;4 600;4 600;907;4 172 200;0.00%
15/01/2018;4 405;4 405;4 405;4 405;1 861;8 197 705;-4.24%
16/01/2018;4 405;4 405;4 405;4 405;20;88 100;0.00%
17/01/2018;4 600;4 600;4 600;4 600;2 070;9 522 000;4.43%
18/01/2018;4 500;4 500;4 500;4 500;1 444;6 498 000;-2.17%
19/01/2018;4 405;4 405;4 405;4 405;499;2 198 095;-2.11%
22/01/2018;4 500;4 500;4 500;4 500;3 574;16 083 000;2.16%
23/01/2018;4 495;4 495;4 495;4 495;403;1 811 485;-0.11%
24/01/2018;4 485;4 485;4 485;4 485;1 052;4 718 220;-0.22%
25/01/2018;4 445;4 445;4 445;4 445;1 956;8 694 420;-0.89%
26/01/2018;4 360;4 360;4 360;4 360;240;1 046 400;-1.91%
29/01/2018;4 360;4 360;4 360;4 360;341;1 486 760;0.00%
30/01/2018;4 400;4 400;4 400;4 400;1 549;6 815 600;0.92%
31/01/2018;4 350;4 350;4 350;4 350;164;713 400;-1.14%
01/02/2018;4 150;4 150;4 150;4 150;710;2 946 500;-4.60%
02/02/2018;4 000;4 000;4 000;4 000;247;988 000;-3.61%
05/02/2018;4 060;4 060;4 060;4 060;1 686;6 845 160;1.50%
06/02/2018;4 250;4 250;4 250;4 250;777;3 302 250;4.68%
07/02/2018;4 400;4 400;4 400;4 400;10 478;46 103 200;3.53%
08/02/2018;4 395;4 395;4 395;4 395;533;2 342 535;-0.11%
09/02/2018;4 350;4 350;4 350;4 350;694;3 018 900;-1.02%
12/02/2018;4 250;4 250;4 250;4 250;280;1 190 000;-2.30%
13/02/2018;4 205;4 205;4 205;4 205;2 598;10 924 590;-1.06%
14/02/2018;4 495;4 495;4 495;4 495;4 621;20 771 395;6.90%
15/02/2018;4 300;4 300;4 300;4 300;894;3 844 200;-4.34%
16/02/2018;4 495;4 495;4 495;4 495;2 761;12 410 695;4.53%
19/02/2018;4 495;4 495;4 495;4 495;86;386 570;0.00%
20/02/2018;4 495;4 495;4 495;4 495;991;4 454 545;0.00%
21/02/2018;4 700;4 700;4 700;4 700;1 028;4 831 600;4.56%
22/02/2018;4 500;4 500;4 500;4 500;875;3 937 500;-4.26%
23/02/2018;4 500;4 500;4 500;4 500;2 111;9 499 500;0.00%
26/02/2018;4 500;4 500;4 500;4 500;102;459 000;0.00%
27/02/2018;4 500;4 500;4 500;4 500;2 299;10 345 500;0.00%
01/03/2018;4 300;4 300;4 300;4 300;258;1 109 400;-4.44%
02/03/2018;4 405;4 405;4 405;4 405;16 905;74 466 525;2.44%
05/03/2018;4 410;4 410;4 410;4 410;1 035;4 564 350;0.11%
06/03/2018;4 495;4 495;4 495;4 495;4 986;22 412 070;1.93%
07/03/2018;4 700;4 700;4 700;4 700;4 208;19 777 600;4.56%
08/03/2018;4 800;4 800;4 800;4 800;3 476;16 684 800;2.13%
09/03/2018;4 695;4 695;4 695;4 695;338;1 586 910;-2.19%
12/03/2018;4 690;4 690;4 690;4 690;376;1 763 440;-0.11%
13/03/2018;4 500;4 500;4 500;4 500;279;1 255 500;-4.05%
14/03/2018;4 800;4 800;4 800;4 800;2 225;10 680 000;6.67%
15/03/2018;4 770;4 770;4 770;4 770;611;2 914 470;-0.63%
16/03/2018;4 750;4 750;4 750;4 750;2 113;10 036 750;-0.42%
19/03/2018;4 700;4 700;4 700;4 700;291;1 367 700;-1.05%
20/03/2018;4 750;4 750;4 750;4 750;5 812;27 607 000;1.06%
21/03/2018;4 900;4 900;4 900;4 900;3 933;19 271 700;3.16%
22/03/2018;4 610;4 610;4 610;4 610;3 192;14 715 120;-5.92%
23/03/2018;4 500;4 500;4 500;4 500;989;4 450 500;-2.39%
26/03/2018;4 800;4 800;4 800;4 800;450;2 160 000;6.67%
27/03/2018;4 900;4 900;4 900;4 900;166;813 400;2.08%
28/03/2018;4 820;4 820;4 820;4 820;3 415;16 460 300;-1.63%
29/03/2018;4 775;4 775;4 775;4 775;493;2 354 075;-0.93%
30/03/2018;4 600;4 600;4 600;4 600;2 758;12 686 800;-3.66%
02/04/2018;4 600;4 600;4 600;4 600;2 758;12 686 800;0.00%
03/04/2018;4 600;4 600;4 600;4 600;662;3 045 200;0.00%
04/04/2018;4 600;4 600;4 600;4 600;657;3 022 200;0.00%
05/04/2018;4 450;4 450;4 450;4 450;1 460;6 497 000;-3.26%
06/04/2018;4 590;4 590;4 590;4 590;1 097;5 035 230;3.15%
09/04/2018;4 580;4 580;4 580;4 580;97;444 260;-0.22%
10/04/2018;4 600;4 600;4 600;4 600;596;2 741 600;0.44%
11/04/2018;4 600;4 600;4 600;4 600;270;1 242 000;0.00%
12/04/2018;4 570;4 570;4 570;4 570;173;790 610;-0.65%
13/04/2018;4 275;4 275;4 275;4 275;1 887;8 066 925;-6.46%
16/04/2018;4 495;4 495;4 495;4 495;952;4 279 240;5.15%
17/04/2018;4 495;4 495;4 495;4 495;1 052;4 728 740;0.00%
18/04/2018;4 250;4 250;4 250;4 250;2 513;10 680 250;-5.45%
19/04/2018;4 100;4 100;4 100;4 100;1 685;6 908 500;-3.53%
20/04/2018;4 315;4 315;4 315;4 315;5 930;25 587 950;5.24%
23/04/2018;4 395;4 395;4 395;4 395;51;224 145;1.85%
24/04/2018;4 200;4 200;4 200;4 200;865;3 633 000;-4.44%
25/04/2018;4 195;4 195;4 195;4 195;1 109;4 652 255;-0.12%
26/04/2018;4 000;4 000;4 000;4 000;2 658;10 632 000;-4.65%
27/04/2018;3 895;3 895;3 895;3 895;2 187;8 518 365;-2.63%
09/05/2018;3 700;3 700;3 700;3 700;2 469;9 135 300;-5.01%
10/05/2018;3 700;3 700;3 700;3 700;2 469;9 135 300;0.00%
11/05/2018;3 595;3 595;3 595;3 595;2 380;8 556 100;-2.84%
14/05/2018;3 450;3 450;3 450;3 450;3 190;11 005 500;-4.03%
15/05/2018;3 450;3 450;3 450;3 450;2 051;7 075 950;0.00%
16/05/2018;3 200;3 200;3 200;3 200;52;166 400;-7.25%
17/05/2018;3 100;3 100;3 100;3 100;407;1 261 700;-3.13%
18/05/2018;3 000;3 000;3 000;3 000;839;2 517 000;-3.23%
21/05/2018;3 000;3 000;3 000;3 000;839;2 517 000;0.00%
22/05/2018;3 225;3 225;3 225;3 225;17 585;56 711 625;7.50%
23/05/2018;3 250;3 250;3 250;3 250;5 616;18 252 000;0.78%
24/05/2018;3 250;3 250;3 250;3 250;41 876;136 097 000;0.00%
25/05/2018;3 300;3 300;3 300;3 300;34 340;113 322 000;1.54%
28/05/2018;3 295;3 295;3 295;3 295;697;2 296 615;-0.15%
30/05/2018;3 000;3 000;3 000;3 000;7 798;23 394 000;-6.83%
31/05/2018;3 200;3 200;3 200;3 200;1 571;5 027 200;6.67%
01/06/2018;3 100;3 100;3 100;3 100;110;341 000;-3.13%
04/06/2018;3 120;3 120;3 120;3 120;508;1 584 960;0.65%
05/06/2018;3 200;3 200;3 200;3 200;1 277;4 086 400;2.56%
06/06/2018;3 200;3 200;3 200;3 200;394;1 260 800;0.00%
07/06/2018;3 200;3 200;3 200;3 200;2 628;8 409 600;0.00%
08/06/2018;3 290;3 290;3 290;3 290;322;1 059 380;2.81%
11/06/2018;3 290;3 290;3 290;3 290;322;1 059 380;0.00%
12/06/2018;3 300;3 300;3 300;3 300;778;2 567 400;0.30%
13/06/2018;3 500;3 500;3 500;3 500;1 801;6 303 500;6.06%
14/06/2018;3 500;3 500;3 500;3 500;1 801;6 303 500;0.00%
15/06/2018;3 500;3 500;3 500;3 500;12;42 000;0.00%
18/06/2018;3 450;3 450;3 450;3 450;65;224 250;-1.43%
19/06/2018;3 500;3 500;3 500;3 500;141;493 500;1.45%
20/06/2018;3 550;3 550;3 550;3 550;715;2 538 250;1.43%
21/06/2018;3 500;3 500;3 500;3 500;120;420 000;-1.41%
28/06/2018;4 000;4 000;4 000;4 000;227;908 000;14.29%
29/06/2018;4 000;4 000;4 000;4 000;7 026;28 104 000;0.00%
02/07/2018;3 800;3 800;3 800;3 800;335;1 273 000;-5.00%
03/07/2018;3 800;3 800;3 800;3 800;359;1 364 200;0.00%
04/07/2018;3 800;3 800;3 800;3 800;431;1 637 800;0.00%
05/07/2018;3 800;3 800;3 800;3 800;19;72 200;0.00%
06/07/2018;3 750;3 750;3 750;3 750;315;1 181 250;-1.32%
09/07/2018;3 650;3 650;3 650;3 650;36;131 400;-2.67%
10/07/2018;3 600;3 600;3 600;3 600;228;820 800;-1.37%
11/07/2018;3 500;3 500;3 500;3 500;2 992;10 472 000;-2.78%
12/07/2018;3 285;3 285;3 285;3 285;73;239 805;-6.14%
13/07/2018;3 530;3 530;3 530;3 530;346;1 221 380;7.46%
16/07/2018;3 650;3 650;3 650;3 650;124;452 600;3.40%
17/07/2018;3 500;3 500;3 500;3 500;155;542 500;-4.11%
18/07/2018;3 500;3 500;3 500;3 500;819;2 866 500;0.00%
19/07/2018;3 400;3 400;3 400;3 400;120;408 000;-2.86%
20/07/2018;3 300;3 300;3 300;3 300;99;326 700;-2.94%
23/07/2018;3 300;3 300;3 300;3 300;600;1 980 000;0.00%
24/07/2018;3 250;3 250;3 250;3 250;277;900 250;-1.52%
25/07/2018;3 350;3 350;3 350;3 350;1 635;5 477 250;3.08%
26/07/2018;3 350;3 350;3 350;3 350;179;599 650;0.00%
30/07/2018;3 095;3 095;3 095;3 095;275;851 125;-7.61%
31/07/2018;3 300;3 300;3 300;3 300;9 552;31 521 600;6.62%
01/08/2018;3 200;3 200;3 200;3 200;1 125;3 600 000;-3.03%
02/08/2018;3 200;3 200;3 200;3 200;3 075;9 840 000;0.00%
03/08/2018;3 200;3 200;3 200;3 200;10;32 000;0.00%
06/08/2018;3 200;3 200;3 200;3 200;10;32 000;0.00%
07/08/2018;3 200;3 200;3 200;3 200;10;32 000;0.00%
08/08/2018;3 350;3 350;3 350;3 350;2 282;7 644 700;4.69%
09/08/2018;3 295;3 295;3 295;3 295;1 797;5 921 115;-1.64%
10/08/2018;3 250;3 250;3 250;3 250;1 320;4 290 000;-1.37%
13/08/2018;3 290;3 290;3 290;3 290;1 483;4 879 070;1.23%
14/08/2018;3 300;3 300;3 300;3 300;1 267;4 181 100;0.30%
20/08/2018;3 090;3 090;3 090;3 090;132;407 880;-6.36%
21/08/2018;3 090;3 090;3 090;3 090;132;407 880;0.00%
22/08/2018;3 000;3 000;3 000;3 000;803;2 409 000;-2.91%
23/08/2018;3 000;3 000;3 000;3 000;290;870 000;0.00%
24/08/2018;3 000;3 000;3 000;3 000;884;2 652 000;0.00%
28/08/2018;2 990;2 990;2 990;2 990;5 668;16 947 320;-0.17%
29/08/2018;3 000;3 000;3 000;3 000;2 918;8 754 000;0.33%
30/08/2018;3 090;3 090;3 090;3 090;1 515;4 681 350;3.00%
31/08/2018;3 075;3 075;3 075;3 075;5;15 375;-0.49%
03/09/2018;3 000;3 000;3 000;3 000;68;204 000;-2.44%
04/09/2018;3 000;3 000;3 000;3 000;211;633 000;0.00%
05/09/2018;3 075;3 075;3 075;3 075;457;1 405 275;2.50%
07/09/2018;3 000;3 000;3 000;3 000;1 066;3 198 000;-2.44%
10/09/2018;3 000;3 000;3 000;3 000;270;810 000;0.00%
11/09/2018;3 000;3 000;3 000;3 000;56;168 000;0.00%
12/09/2018;3 100;3 100;3 100;3 100;1 210;3 751 000;3.33%
13/09/2018;2 930;2 930;2 930;2 930;134;392 620;-5.48%
14/09/2018;2 900;2 900;2 900;2 900;153;443 700;-1.02%
17/09/2018;2 900;2 900;2 900;2 900;153;443 700;0.00%
18/09/2018;2 895;2 895;2 895;2 895;3 330;9 640 350;-0.17%
19/09/2018;2 900;2 900;2 900;2 900;57;165 300;0.17%
20/09/2018;2 900;2 900;2 900;2 900;198;574 200;0.00%
24/09/2018;2 900;2 900;2 900;2 900;360;1 044 000;0.00%
25/09/2018;2 890;2 890;2 890;2 890;74;213 860;-0.34%
26/09/2018;3 000;3 000;3 000;3 000;3 541;10 623 000;3.81%
27/09/2018;3 100;3 100;3 100;3 100;1 231;3 816 100;3.33%
28/09/2018;3 095;3 095;3 095;3 095;79;244 505;-0.16%
01/10/2018;3 100;3 100;3 100;3 100;5 177;16 048 700;0.16%
02/10/2018;3 000;3 000;3 000;3 000;2 158;6 474 000;-3.23%
03/10/2018;3 050;3 050;3 050;3 050;566;1 726 300;1.67%
04/10/2018;3 045;3 045;3 045;3 045;510;1 552 950;-0.16%
05/10/2018;3 000;3 000;3 000;3 000;528;1 584 000;-1.48%
08/10/2018;2 800;2 800;2 800;2 800;210;588 000;-6.67%
09/10/2018;2 985;2 985;2 985;2 985;891;2 659 635;6.61%
10/10/2018;2 890;2 890;2 890;2 890;263;760 070;-3.18%
11/10/2018;2 865;2 865;2 865;2 865;464;1 329 360;-0.87%
12/10/2018;2 655;2 655;2 655;2 655;1 191;3 162 105;-7.33%
15/10/2018;2 650;2 650;2 650;2 650;110;291 500;-0.19%
16/10/2018;2 600;2 600;2 600;2 600;36;93 600;-1.89%
17/10/2018;2 500;2 500;2 500;2 500;894;2 235 000;-3.85%
18/10/2018;2 485;2 485;2 485;2 485;85;211 225;-0.60%
19/10/2018;2 485;2 485;2 485;2 485;2;4 970;0.00%
22/10/2018;2 485;2 485;2 485;2 485;20;49 700;0.00%
23/10/2018;2 475;2 475;2 475;2 475;142;351 450;-0.40%
24/10/2018;2 470;2 470;2 470;2 470;1 221;3 015 870;-0.20%
25/10/2018;2 470;2 470;2 470;2 470;343;847 210;0.00%
26/10/2018;2 350;2 350;2 350;2 350;388;911 800;-4.86%
29/10/2018;2 350;2 350;2 350;2 350;203;477 050;0.00%
30/10/2018;2 440;2 440;2 440;2 440;1 087;2 652 280;3.83%
02/11/2018;2 445;2 445;2 445;2 445;2 672;6 533 040;0.20%
05/11/2018;2 400;2 400;2 400;2 400;161;386 400;-1.84%
06/11/2018;2 435;2 435;2 435;2 435;1 000;2 435 000;1.46%
07/11/2018;2 440;2 440;2 440;2 440;23;56 120;0.21%
08/11/2018;2 300;2 300;2 300;2 300;90;207 000;-5.74%
09/11/2018;2 380;2 380;2 380;2 380;46;109 480;3.48%
12/11/2018;2 360;2 360;2 360;2 360;42;99 120;-0.84%
13/11/2018;2 345;2 345;2 345;2 345;255;597 975;-0.64%
14/11/2018;2 345;2 345;2 345;2 345;65;152 425;0.00%
15/11/2018;2 345;2 345;2 345;2 345;65;152 425;0.00%
16/11/2018;2 340;2 340;2 340;2 340;67;156 780;-0.21%
19/11/2018;2 295;2 295;2 295;2 295;16;36 720;-1.92%
20/11/2018;2 295;2 295;2 295;2 295;16;36 720;0.00%
22/11/2018;2 270;2 270;2 270;2 270;50;113 500;-1.09%
23/11/2018;2 100;2 100;2 100;2 100;2 211;4 643 100;-7.49%
27/11/2018;1 990;1 990;1 990;1 990;165;328 350;-0.25%
28/11/2018;1 980;1 980;1 980;1 980;416;823 680;-0.50%
29/11/2018;1 980;1 980;1 980;1 980;87;172 260;0.00%
30/11/2018;1 960;1 960;1 960;1 960;451;883 960;-1.01%
03/12/2018;1 950;1 950;1 950;1 950;43;83 850;-0.51%
04/12/2018;1 950;1 950;1 950;1 950;52;101 400;0.00%
05/12/2018;1 950;1 950;1 950;1 950;4 683;9 131 850;0.00%
06/12/2018;1 805;1 805;1 805;1 805;3 883;7 008 815;-7.44%
07/12/2018;1 940;1 940;1 940;1 940;1 113;2 159 220;7.48%
11/12/2018;2 000;2 000;2 000;2 000;2 816;5 632 000;3.09%
12/12/2018;2 000;2 000;2 000;2 000;82;164 000;0.00%
13/12/2018;2 000;2 000;2 000;2 000;332;664 000;0.00%
14/12/2018;2 000;2 000;2 000;2 000;621;1 242 000;0.00%
17/12/2018;2 000;2 000;2 000;2 000;605;1 210 000;0.00%
18/12/2018;1 995;1 995;1 995;1 995;89;177 555;-0.25%
19/12/2018;1 995;1 995;1 995;1 995;1 835;3 660 825;0.00%
20/12/2018;2 000;2 000;2 000;2 000;10;20 000;0.25%
21/12/2018;2 000;2 000;2 000;2 000;228;456 000;0.00%
24/12/2018;2 000;2 000;2 000;2 000;10;20 000;0.00%
25/12/2018;2 000;2 000;2 000;2 000;10;20 000;0.00%
26/12/2018;1 990;1 990;1 990;1 990;948;1 886 520;-0.50%
27/12/2018;2 000;2 000;2 000;2 000;2 505;5 010 000;0.50%
28/12/2018;2 000;2 000;2 000;2 000;2 476;4 952 000;0.00%
31/12/2018;2 000;2 000;2 000;2 000;9 907;19 814 000;0.00%
02/01/2019;1 990;1 990;1 990;1 990;304;604 960;-0.50%
03/01/2019;1 985;1 985;1 985;1 985;2 275;4 515 875;-0.25%
04/01/2019;2 000;2 000;2 000;2 000;120;240 000;0.76%
07/01/2019;2 000;2 000;2 000;2 000;1 515;3 030 000;0.00%
08/01/2019;1 855;1 855;1 855;1 855;436;808 780;-7.25%
09/01/2019;1 890;1 890;1 890;1 890;1 950;3 685 500;1.89%
10/01/2019;2 000;2 000;2 000;2 000;5 319;10 638 000;5.82%
11/01/2019;2 150;2 150;2 150;2 150;4 047;8 701 050;7.50%
14/01/2019;2 290;2 290;2 290;2 290;2;4 580;6.51%
15/01/2019;2 120;2 120;2 120;2 120;5 000;10 600 000;-7.42%
16/01/2019;1 995;2 000;2 000;1 995;8 861;17 699 848;-5.90%
17/01/2019;1 990;1 990;1 990;1 990;2 765;5 502 350;-0.25%
18/01/2019;1 990;1 990;1 990;1 990;2 540;5 054 600;0.00%
21/01/2019;2 000;1 990;2 000;1 990;733;1 462 335;0.50%
22/01/2019;2 000;1 995;2 000;1 995;3 346;6 683 635;0.00%
23/01/2019;1 990;2 000;2 000;1 990;295;588 525;-0.50%
24/01/2019;1 990;2 000;2 000;1 990;2 050;4 089 750;0.00%
25/01/2019;2 000;1 995;2 000;1 995;2 030;4 054 925;0.50%
28/01/2019;1 995;1 990;1 995;1 990;191;380 568;-0.25%
29/01/2019;1 990;1 990;1 990;1 990;164;326 360;-0.25%
30/01/2019;1 990;1 975;1 990;1 975;528;1 046 760;0.00%
31/01/2019;1 990;1 990;1 990;1 990;2 368;4 712 320;0.00%
01/02/2019;1 900;1 990;1 990;1 900;3 705;7 206 225;-4.52%
04/02/2019;1 865;1 900;1 900;1 865;6 185;11 643 263;-1.84%
05/02/2019;1 860;1 860;1 860;1 860;3 434;6 387 240;-0.27%
06/02/2019;1 860;1 860;1 860;1 860;3 819;7 103 340;0.00%
07/02/2019;1 860;1 855;1 860;1 855;2 707;5 028 253;0.00%
08/02/2019;1 860;1 855;1 860;1 855;110;204 325;0.00%
11/02/2019;1 845;1 860;1 860;1 845;82;151 905;-0.81%
12/02/2019;1 860;1 845;1 860;1 845;1 778;3 293 745;0.81%
13/02/2019;1 890;1 860;1 890;1 860;1 910;3 581 250;1.61%
14/02/2019;1 860;1 860;1 860;1 860;2 680;4 984 800;-1.59%
15/02/2019;1 845;1 855;1 855;1 845;4 397;8 134 450;-0.81%
18/02/2019;1 750;1 750;1 750;1 750;6 683;11 695 250;-5.15%
19/02/2019;1 850;1 855;1 855;1 850;10 469;19 393 823;5.71%
20/02/2019;1 850;1 850;1 850;1 850;1 940;3 589 000;0.00%
21/02/2019;1 715;1 850;1 850;1 715;5 857;10 440 103;-7.30%
22/02/2019;1 825;1 590;1 825;1 590;6 179;10 550 643;6.41%
26/02/2019;1 950;1 865;1 950;1 865;2 790;5 321 925;2.63%
27/02/2019;1 900;1 900;1 900;1 900;170;323 000;-2.56%
28/02/2019;1 885;1 760;1 885;1 760;4 642;8 460 045;-0.79%
01/03/2019;1 875;1 885;1 885;1 875;650;1 222 000;-0.53%
04/03/2019;1 885;1 770;1 885;1 770;1 769;3 232 848;0.53%
05/03/2019;1 800;1 800;1 800;1 800;4 880;8 784 000;-4.51%
06/03/2019;1 775;1 780;1 780;1 775;890;1 581 975;-1.39%
07/03/2019;1 800;1 800;1 800;1 800;1 698;3 056 400;1.41%
08/03/2019;1 840;1 800;1 840;1 800;4 180;7 607 600;2.22%
11/03/2019;1 805;1 800;1 805;1 800;646;1 164 415;-1.90%
12/03/2019;1 800;1 750;1 800;1 750;3 321;5 894 775;-0.28%
13/03/2019;1 800;1 800;1 800;1 800;3 010;5 418 000;0.00%
14/03/2019;1 895;1 750;1 895;1 750;20 122;36 672 345;5.28%
15/03/2019;1 850;1 850;1 850;1 850;84;155 400;-2.37%
18/03/2019;1 850;1 850;1 850;1 850;1 696;3 137 600;0.00%
19/03/2019;1 850;1 850;1 850;1 850;12 002;22 203 700;0.00%
20/03/2019;1 850;1 850;1 850;1 850;617;1 141 450;0.00%
21/03/2019;1 895;1 850;1 895;1 850;1 021;1 911 823;2.43%
22/03/2019;1 850;1 850;1 850;1 850;40;74 000;-2.37%
25/03/2019;1 850;1 850;1 850;1 850;10 370;19 184 500;0.00%
26/03/2019;1 850;1 850;1 850;1 850;115;212 750;0.00%
27/03/2019;1 850;1 850;1 850;1 850;96;177 600;0.00%
28/03/2019;1 895;1 850;1 895;1 850;3 780;7 078 050;2.43%
29/03/2019;1 850;1 895;1 895;1 850;1 433;2 683 293;-2.37%
01/04/2019;1 850;1 850;1 850;1 850;120;222 000;0.00%
02/04/2019;1 850;1 850;1 850;1 850;248;458 800;0.00%
03/04/2019;1 805;1 800;1 805;1 800;2 133;3 844 733;-2.43%
04/04/2019;1 885;1 885;1 885;1 885;320;603 200;4.43%
05/04/2019;1 885;1 880;1 885;1 880;145;272 963;0.00%
08/04/2019;1 800;1 885;1 885;1 800;1 241;2 286 543;-4.51%
09/04/2019;1 710;1 805;1 805;1 710;2 173;3 819 048;-5.00%
10/04/2019;1 750;1 720;1 750;1 720;457;792 895;2.34%
11/04/2019;1 750;1 750;1 750;1 750;25;43 750;0.00%
12/04/2019;1 700;1 745;1 745;1 700;877;1 510 633;-2.86%
15/04/2019;1 705;1 745;1 745;1 705;1 266;2 183 850;0.29%
16/04/2019;1 750;1 705;1 750;1 705;101;174 478;2.64%
17/04/2019;1 700;1 700;1 700;1 700;1 310;2 227 000;-2.86%
18/04/2019;1 735;1 740;1 740;1 735;1 911;3 320 363;2.06%
19/04/2019;1 735;1 620;1 735;1 620;201;337 178;0.00%
22/04/2019;1 735;1 620;1 735;1 620;201;337 178;0.00%
23/04/2019;1 725;1 740;1 740;1 725;9 616;16 659 720;-0.58%
24/04/2019;1 800;1 725;1 800;1 725;7 563;13 329 788;4.35%
25/04/2019;1 800;1 835;1 835;1 800;7 167;13 026 023;0.00%
26/04/2019;1 830;1 835;1 835;1 830;10 533;19 301 723;1.67%
29/04/2019;1 780;1 780;1 780;1 780;4 648;8 273 440;-2.73%
30/04/2019;1 825;1 780;1 825;1 780;743;1 339 258;2.53%
01/05/2019;1 825;1 780;1 825;1 780;743;1 339 258;0.00%
02/05/2019;1 780;1 780;1 780;1 780;6 876;12 239 280;-2.47%
03/05/2019;1 780;1 800;1 800;1 780;3 080;5 513 200;0.00%
06/05/2019;1 770;1 780;1 780;1 770;3 759;6 672 225;-0.56%
07/05/2019;1 720;1 750;1 750;1 720;2 240;3 886 400;-2.82%
08/05/2019;1 740;1 735;1 740;1 735;562;976 475;1.16%
09/05/2019;1 730;1 735;1 735;1 730;8 006;13 870 395;-0.57%
10/05/2019;1 730;1 745;1 745;1 730;6 979;12 126 013;0.00%
13/05/2019;1 725;1 725;1 725;1 725;1 034;1 783 650;-0.29%
14/05/2019;1 725;1 720;1 725;1 720;2 788;4 802 330;0.00%
15/05/2019;1 725;1 725;1 725;1 725;376;648 600;0.00%
16/05/2019;1 800;1 725;1 800;1 725;27 085;47 737 313;4.35%
17/05/2019;1 800;1 800;1 800;1 800;15 221;27 397 800;0.00%
20/05/2019;1 850;1 805;1 850;1 805;2 388;4 364 070;2.78%
21/05/2019;1 900;1 880;1 900;1 880;2 794;5 280 660;2.70%
22/05/2019;1 900;1 900;1 900;1 900;181;343 900;0.00%
23/05/2019;1 875;1 875;1 875;1 875;5 030;9 431 250;-1.32%
27/05/2019;1 800;1 885;1 885;1 800;1 561;2 876 143;-4.76%
28/05/2019;1 860;1 805;1 860;1 805;206;377 495;3.33%
29/05/2019;1 850;1 860;1 860;1 850;15 522;28 793 310;-0.54%
30/05/2019;1 850;1 860;1 860;1 850;15 522;28 793 310;0.00%
31/05/2019;1 850;1 855;1 855;1 850;2 760;5 112 900;0.00%
03/06/2019;1 650;1 690;1 690;1 650;482;804 940;-10.81%
05/06/2019;1 680;1 650;1 680;1 650;2 046;3 406 590;1.82%
06/06/2019;1 695;1 680;1 695;1 680;812;1 370 250;0.89%
07/06/2019;1 695;1 695;1 695;1 695;25;42 375;0.00%
11/06/2019;1 760;1 695;1 760;1 695;87;150 293;3.83%
12/06/2019;1 760;1 750;1 760;1 750;854;1 498 770;0.00%
13/06/2019;1 680;1 760;1 760;1 680;794;1 365 680;-4.55%
14/06/2019;1 680;1 680;1 680;1 680;110;184 800;0.00%
17/06/2019;1 610;1 680;1 680;1 610;91;149 695;-4.17%
18/06/2019;1 600;1 660;1 660;1 600;697;1 136 110;-0.62%
19/06/2019;1 610;1 570;1 610;1 570;5 336;8 484 240;0.63%
20/06/2019;1 585;1 600;1 600;1 585;167;265 948;-1.55%
21/06/2019;1 570;1 580;1 580;1 570;494;778 050;-0.95%
24/06/2019;1 500;1 570;1 570;1 500;3 681;5 650 335;-4.46%
25/06/2019;1 470;1 500;1 500;1 470;501;743 985;-2.00%
26/06/2019;1 475;1 480;1 480;1 475;747;1 103 693;0.34%
27/06/2019;1 495;1 500;1 500;1 495;222;332 445;1.36%
28/06/2019;1 400;1 495;1 495;1 400;4 772;6 907 470;-6.35%
01/07/2019;1 470;1 450;1 470;1 450;75;109 500;5.00%
02/07/2019;1 400;1 470;1 470;1 400;2 244;3 220 140;-4.76%
03/07/2019;1 400;1 470;1 470;1 400;2 126;3 050 810;0.00%
04/07/2019;1 300;1 450;1 450;1 300;1 722;2 367 750;-7.14%
05/07/2019;1 350;1 295;1 350;1 295;6 985;9 237 663;3.85%
08/07/2019;1 350;1 350;1 350;1 350;464;626 400;0.00%
09/07/2019;1 350;1 350;1 350;1 350;1 973;2 663 550;0.00%
10/07/2019;1 350;1 350;1 350;1 350;83;112 050;0.00%
11/07/2019;1 325;1 350;1 350;1 325;1 075;1 437 813;-1.85%
12/07/2019;1 325;1 300;1 325;1 300;618;811 125;0.00%
15/07/2019;1 265;1 300;1 300;1 265;3 281;4 207 883;-4.53%
16/07/2019;1 280;1 300;1 300;1 280;317;408 930;1.19%
17/07/2019;1 300;1 280;1 300;1 280;1 413;1 822 770;1.56%
18/07/2019;1 275;1 270;1 275;1 270;2 194;2 791 865;-1.92%
19/07/2019;1 355;1 300;1 355;1 300;6 950;9 226 125;6.27%
22/07/2019;1 455;1 440;1 455;1 440;248;358 980;7.38%
23/07/2019;1 450;1 490;1 490;1 450;33;48 510;-0.34%
24/07/2019;1 400;1 400;1 400;1 400;222;310 800;-3.45%
25/07/2019;1 490;1 400;1 490;1 400;3 388;4 895 660;6.43%
26/07/2019;1 490;1 450;1 490;1 450;292;429 240;0.00%
29/07/2019;1 485;1 380;1 485;1 380;10;14 325;-0.34%
30/07/2019;1 450;1 485;1 485;1 450;77;112 998;-2.36%
31/07/2019;1 445;1 490;1 490;1 445;565;829 138;-0.34%
01/08/2019;1 445;1 400;1 445;1 400;536;762 460;0.00%
02/08/2019;1 445;1 445;1 445;1 445;262;378 590;0.00%
05/08/2019;1 450;1 400;1 450;1 400;1 365;1 945 125;0.35%
06/08/2019;1 445;1 400;1 445;1 400;101;143 673;-0.34%
07/08/2019;1 445;1 400;1 445;1 400;101;143 673;0.00%
08/08/2019;1 445;1 400;1 445;1 400;1 059;1 506 428;0.00%
09/08/2019;1 550;1 445;1 550;1 445;3 601;5 392 498;7.27%
12/08/2019;1 550;1 445;1 550;1 445;3 601;5 392 498;0.00%
13/08/2019;1 600;1 500;1 600;1 500;453;702 150;3.23%
14/08/2019;1 500;1 500;1 500;1 500;160;240 000;-6.25%
15/08/2019;1 500;1 500;1 500;1 500;160;240 000;0.00%
16/08/2019;1 445;1 495;1 495;1 445;586;861 420;-3.67%
19/08/2019;1 445;1 445;1 445;1 445;99;143 055;0.00%
20/08/2019;1 445;1 450;1 450;1 445;739;1 069 703;0.00%
21/08/2019;1 450;1 445;1 450;1 445;447;647 033;0.35%
23/08/2019;1 490;1 440;1 490;1 440;5 561;8 146 865;3.11%
26/08/2019;1 450;1 490;1 490;1 450;3 406;5 006 820;-2.68%
27/08/2019;1 500;1 450;1 500;1 450;1 586;2 339 350;3.45%
28/08/2019;1 500;1 525;1 525;1 500;750;1 134 375;0.00%
29/08/2019;1 550;1 505;1 550;1 505;5 760;8 798 400;3.33%
30/08/2019;1 500;1 500;1 500;1 500;50;75 000;-3.23%
02/09/2019;1 495;1 500;1 500;1 495;6;8 985;-0.33%
03/09/2019;1 495;1 495;1 495;1 495;561;838 695;0.00%
04/09/2019;1 495;1 490;1 495;1 490;216;322 380;0.00%
05/09/2019;1 500;1 495;1 500;1 495;1 618;2 422 955;0.33%
06/09/2019;1 500;1 500;1 500;1 500;70;105 000;0.00%
09/09/2019;1 500;1 510;1 510;1 500;1 480;2 227 400;0.00%
10/09/2019;1 500;1 510;1 510;1 500;353;531 265;0.00%
11/09/2019;1 510;1 500;1 510;1 500;334;502 670;0.67%
12/09/2019;1 500;1 495;1 500;1 495;2 494;3 734 765;-0.66%
13/09/2019;1 500;1 500;1 500;1 500;600;900 000;0.00%
16/09/2019;1 500;1 500;1 500;1 500;9 908;14 862 000;0.00%
17/09/2019;1 510;1 510;1 510;1 510;30;45 300;0.67%
18/09/2019;1 500;1 510;1 510;1 500;4 220;6 351 100;-0.66%
19/09/2019;1 500;1 500;1 500;1 500;2 370;3 555 000;0.00%
20/09/2019;1 500;1 500;1 500;1 500;38;57 000;0.00%
23/09/2019;1 390;1 400;1 400;1 390;1 370;1 911 150;-7.33%
24/09/2019;1 380;1 380;1 380;1 380;1 390;1 918 200;-0.72%
25/09/2019;1 350;1 380;1 380;1 350;148;202 020;-2.17%
26/09/2019;1 330;1 330;1 330;1 330;660;877 800;-1.48%
27/09/2019;1 425;1 425;1 425;1 425;718;1 023 150;7.14%
30/09/2019;1 400;1 400;1 400;1 400;390;546 000;-1.75%
01/10/2019;1 500;1 400;1 500;1 400;41;59 450;7.14%
02/10/2019;1 400;1 480;1 480;1 400;48;69 120;-6.67%
03/10/2019;1 495;1 495;1 495;1 495;62 986;94 164 070;6.79%
04/10/2019;1 450;1 450;1 450;1 450;61;88 450;-3.01%
07/10/2019;1 390;1 400;1 400;1 390;2 491;3 474 945;-4.14%
08/10/2019;1 390;1 390;1 390;1 390;253;351 670;0.00%
09/10/2019;1 490;1 390;1 490;1 390;188;270 720;7.19%
11/10/2019;1 400;1 400;1 400;1 400;120;168 000;-6.04%
14/10/2019;1 400;1 450;1 450;1 400;695;990 375;0.00%
15/10/2019;1 450;1 400;1 450;1 400;178;253 650;3.57%
16/10/2019;1 500;1 405;1 500;1 405;906;1 315 965;3.45%
17/10/2019;1 400;1 450;1 450;1 400;3 371;4 803 675;-6.67%
18/10/2019;1 400;1 390;1 400;1 390;1 778;2 480 310;0.00%
21/10/2019;1 355;1 400;1 400;1 355;646;889 865;-3.21%
22/10/2019;1 355;1 400;1 400;1 355;175;241 063;0.00%
23/10/2019;1 400;1 400;1 400;1 400;100;140 000;3.32%
24/10/2019;1 380;1 400;1 400;1 380;16 603;23 078 170;-1.43%
25/10/2019;1 400;1 375;1 400;1 375;2 001;2 776 388;1.45%
28/10/2019;1 400;1 400;1 400;1 400;320;448 000;0.00%
29/10/2019;1 395;1 395;1 395;1 395;202;281 790;-0.36%
30/10/2019;1 400;1 400;1 400;1 400;1 415;1 981 000;0.36%
31/10/2019;1 450;1 380;1 450;1 380;138;195 270;3.57%
01/11/2019;1 450;1 380;1 450;1 380;138;195 270;0.00%
04/11/2019;1 390;1 450;1 450;1 390;18 212;25 861 040;-4.14%
05/11/2019;1 390;1 380;1 390;1 380;970;1 343 450;0.00%
06/11/2019;1 355;1 390;1 390;1 355;1 197;1 642 883;-2.52%
07/11/2019;1 390;1 390;1 390;1 390;55;76 450;2.58%
08/11/2019;1 390;1 390;1 390;1 390;361;501 790;0.00%
11/11/2019;1 390;1 390;1 390;1 390;137;190 430;0.00%
12/11/2019;1 380;1 390;1 390;1 380;940;1 301 900;-0.72%
13/11/2019;1 370;1 370;1 370;1 370;1 783;2 442 710;-0.72%
14/11/2019;1 355;1 360;1 360;1 355;316;428 970;-1.09%
18/11/2019;1 300;1 380;1 380;1 300;4 035;5 406 900;-4.06%
19/11/2019;1 300;1 300;1 300;1 300;4 035;5 245 500;0.00%
21/11/2019;1 390;1 390;1 390;1 390;1 231;1 711 090;2.96%
22/11/2019;1 390;1 390;1 390;1 390;710;986 900;0.00%
25/11/2019;1 390;1 390;1 390;1 390;1 102;1 531 780;0.00%
26/11/2019;1 390;1 390;1 390;1 390;65;90 350;0.00%
27/11/2019;1 385;1 375;1 385;1 375;475;655 500;-0.36%
28/11/2019;1 390;1 385;1 390;1 385;395;548 063;0.36%
29/11/2019;1 390;1 390;1 390;1 390;1 619;2 250 410;0.00%
02/12/2019;1 390;1 385;1 390;1 385;1 708;2 369 850;0.00%
03/12/2019;1 390;1 390;1 390;1 390;250;347 500;0.00%
04/12/2019;1 410;1 390;1 410;1 390;3 698;5 177 200;1.44%
05/12/2019;1 500;1 410;1 500;1 410;230;334 650;6.38%
06/12/2019;1 610;1 500;1 610;1 500;310;482 050;7.33%
09/12/2019;1 605;1 600;1 605;1 600;388;621 770;-0.31%
10/12/2019;1 600;1 600;1 600;1 600;191;305 600;-0.31%
11/12/2019;1 595;1 600;1 600;1 595;145;231 638;-0.31%
12/12/2019;1 610;1 595;1 610;1 595;1 620;2 596 050;0.94%
13/12/2019;1 580;1 595;1 595;1 580;1 782;2 828 925;-1.86%
16/12/2019;1 500;1 500;1 500;1 500;266;399 000;-5.06%
17/12/2019;1 575;1 575;1 575;1 575;21;33 075;5.00%
18/12/2019;1 585;1 570;1 585;1 570;482;760 355;0.63%
19/12/2019;1 580;1 550;1 580;1 550;367;574 355;-0.32%
20/12/2019;1 490;1 500;1 500;1 490;2 126;3 178 370;-5.70%
23/12/2019;1 500;1 490;1 500;1 490;167;249 665;0.67%
24/12/2019;1 500;1 500;1 500;1 500;877;1 315 500;0.00%
25/12/2019;1 500;1 500;1 500;1 500;877;1 315 500;0.00%
26/12/2019;1 500;1 500;1 500;1 500;2 284;3 426 000;0.00%
27/12/2019;1 460;1 495;1 495;1 460;399;589 523;-2.67%
30/12/2019;1 495;1 460;1 495;1 460;4 900;7 239 750;2.40%
31/12/2019;1 500;1 400;1 500;1 400;8 503;12 329 350;0.33%
01/01/2020;1 500;1 400;1 500;1 400;8 503;12 329 350;0.00%
02/01/2020;1 500;1 500;1 500;1 500;478;717 000;0.00%
03/01/2020;1 500;1 500;1 500;1 500;2 139;3 208 500;0.00%
06/01/2020;1 495;1 500;1 500;1 495;1 104;1 653 240;-0.33%
07/01/2020;1 445;1 450;1 450;1 445;392;567 420;-3.34%
08/01/2020;1 445;1 445;1 445;1 445;90;130 050;0.00%
09/01/2020;1 495;1 445;1 495;1 445;1 981;2 912 070;3.46%
10/01/2020;1 500;1 495;1 500;1 495;945;1 415 138;0.33%
13/01/2020;1 495;1 495;1 495;1 495;1 188;1 776 060;-0.33%
14/01/2020;1 500;1 495;1 500;1 495;670;1 003 325;0.33%
15/01/2020;1 585;1 500;1 585;1 500;16 019;24 709 308;5.67%
16/01/2020;1 610;1 610;1 610;1 610;6 060;9 756 600;1.58%
17/01/2020;1 650;1 610;1 650;1 610;905;1 475 150;2.48%
20/01/2020;1 625;1 650;1 650;1 625;525;859 688;-1.52%
21/01/2020;1 655;1 645;1 655;1 645;796;1 313 400;1.85%
22/01/2020;1 700;1 655;1 700;1 655;3 492;5 857 830;2.72%
23/01/2020;1 800;1 700;1 800;1 700;5 170;9 047 500;5.88%
24/01/2020;1 800;1 800;1 800;1 800;1 056;1 900 800;0.00%
27/01/2020;1 875;1 900;1 900;1 875;5 629;10 624 738;4.17%
28/01/2020;1 900;1 870;1 900;1 870;16 248;30 627 480;1.33%
29/01/2020;1 910;1 905;1 910;1 905;1 677;3 198 878;0.53%
30/01/2020;1 900;1 910;1 910;1 900;24 471;46 617 255;-0.52%
31/01/2020;1 900;1 895;1 900;1 895;8 773;16 646 768;0.00%
03/02/2020;1 915;1 885;1 915;1 885;1 617;3 072 300;0.79%
04/02/2020;1 950;1 900;1 950;1 900;1 633;3 143 525;1.83%
05/02/2020;1 955;1 955;1 955;1 955;3 000;5 865 000;0.26%
06/02/2020;1 950;1 950;1 950;1 950;1 238;2 414 100;-0.26%
07/02/2020;1 900;1 900;1 900;1 900;7 150;13 585 000;-2.56%
10/02/2020;1 900;1 800;1 900;1 800;721;1 333 850;0.00%
11/02/2020;1 900;1 910;1 910;1 900;14 468;27 561 540;0.00%
12/02/2020;1 900;1 910;1 910;1 900;14 468;27 561 540;0.00%
13/02/2020;1 900;1 945;1 945;1 900;2 762;5 309 945;0.00%
14/02/2020;1 900;1 800;1 900;1 800;2 511;4 645 350;0.00%
17/02/2020;1 905;1 900;1 905;1 900;8 382;15 946 755;0.26%
18/02/2020;1 915;1 910;1 915;1 910;8 643;16 529 738;0.52%
19/02/2020;1 925;1 915;1 925;1 915;1 420;2 726 400;0.52%
20/02/2020;1 915;1 915;1 915;1 915;5 652;10 823 580;-0.52%
21/02/2020;1 930;1 915;1 930;1 915;609;1 170 803;0.78%
24/02/2020;1 915;1 930;1 930;1 915;2 139;4 112 228;-0.78%
25/02/2020;1 915;1 950;1 950;1 915;1 405;2 715 163;0.00%
26/02/2020;1 930;1 910;1 930;1 910;1 092;2 096 640;0.78%
27/02/2020;1 950;1 930;1 950;1 930;5 087;9 868 780;1.04%
28/02/2020;1 920;1 955;1 955;1 920;21 139;40 956 813;-1.54%
02/03/2020;1 910;1 920;1 920;1 910;6 310;12 083 650;-0.52%
03/03/2020;1 900;1 900;1 900;1 900;2 502;4 753 800;-0.52%
04/03/2020;1 900;1 900;1 900;1 900;30 210;57 399 000;0.00%
05/03/2020;1 900;1 900;1 900;1 900;4 867;9 247 300;0.00%
06/03/2020;1 900;1 900;1 900;1 900;150;285 000;0.00%
09/03/2020;1 895;1 900;1 900;1 895;200;379 500;-0.26%
10/03/2020;1 895;1 895;1 895;1 895;289;547 655;0.00%
11/03/2020;1 895;1 890;1 895;1 890;200;378 500;0.00%
12/03/2020;1 900;1 890;1 900;1 890;2 063;3 909 385;0.26%
13/03/2020;1 890;1 895;1 895;1 890;1 094;2 070 395;-0.53%
16/03/2020;1 860;1 860;1 860;1 860;18;33 480;-1.59%
17/03/2020;1 820;1 825;1 825;1 820;60;109 350;-2.15%
18/03/2020;1 780;1 800;1 800;1 780;102;182 580;-2.20%
19/03/2020;1 650;1 650;1 650;1 650;1 163;1 918 950;-7.30%
20/03/2020;1 625;1 645;1 645;1 625;360;588 600;-1.52%
23/03/2020;1 595;1 550;1 595;1 550;333;523 643;-1.85%
24/03/2020;1 480;1 495;1 495;1 480;506;752 675;-7.21%
25/03/2020;1 390;1 395;1 395;1 390;1 700;2 367 250;-6.08%
26/03/2020;1 400;1 395;1 400;1 395;2 139;2 989 253;0.72%
27/03/2020;1 450;1 455;1 455;1 450;1 940;2 817 850;3.57%
30/03/2020;1 400;1 450;1 450;1 400;910;1 296 750;-3.45%
31/03/2020;1 410;1 400;1 410;1 400;1 146;1 610 130;0.71%
01/04/2020;1 410;1 410;1 410;1 410;5;7 050;0.00%
02/04/2020;1 400;1 410;1 410;1 400;313;439 765;-0.71%
03/04/2020;1 400;1 400;1 400;1 400;270;378 000;0.00%
06/04/2020;1 400;1 350;1 400;1 350;285;391 875;0.00%
07/04/2020;1 400;1 400;1 400;1 400;292;408 800;0.00%
08/04/2020;1 355;1 400;1 400;1 355;1 200;1 653 000;-3.21%
09/04/2020;1 390;1 400;1 400;1 390;509;710 055;2.58%
10/04/2020;1 400;1 400;1 400;1 400;10;14 000;0.72%
13/04/2020;1 400;1 400;1 400;1 400;10;14 000;0.00%
14/04/2020;1 400;1 400;1 400;1 400;840;1 176 000;0.00%
15/04/2020;1 375;1 390;1 390;1 375;8 253;11 409 773;-1.79%
16/04/2020;1 350;1 355;1 355;1 350;2 616;3 538 140;-1.82%
17/04/2020;1 300;1 350;1 350;1 300;1 094;1 449 550;-3.70%
20/04/2020;1 300;1 300;1 300;1 300;1 943;2 525 900;0.00%
23/04/2020;1 395;1 315;1 395;1 315;1 301;1 762 855;7.31%
24/04/2020;1 495;1 495;1 495;1 495;109;162 955;7.17%
27/04/2020;1 600;1 600;1 600;1 600;30;48 000;7.02%
28/04/2020;1 670;1 670;1 670;1 670;1 101;1 838 670;4.38%
29/04/2020;1 670;1 670;1 670;1 670;73;121 910;0.00%
30/04/2020;1 670;1 670;1 670;1 670;340;567 800;0.00%
01/05/2020;1 670;1 670;1 670;1 670;340;567 800;0.00%
04/05/2020;1 670;1 670;1 670;1 670;400;668 000;0.00%
05/05/2020;1 670;1 670;1 670;1 670;1 420;2 371 400;0.00%
06/05/2020;1 665;1 670;1 670;1 665;1 062;1 770 885;-0.30%
07/05/2020;1 700;1 665;1 700;1 665;2 729;4 591 543;2.10%
08/05/2020;1 695;1 700;1 700;1 695;210;356 475;-0.29%
11/05/2020;1 695;1 695;1 695;1 695;85;144 075;0.00%
12/05/2020;1 570;1 570;1 570;1 570;1 551;2 435 070;-7.37%
13/05/2020;1 500;1 455;1 500;1 455;909;1 343 048;-4.46%
14/05/2020;1 390;1 390;1 390;1 390;1 745;2 425 550;-7.33%
15/05/2020;1 370;1 370;1 370;1 370;403;552 110;-1.44%
18/05/2020;1 370;1 370;1 370;1 370;212;290 440;0.00%
19/05/2020;1 390;1 385;1 390;1 385;58;80 475;1.46%
22/05/2020;1 385;1 400;1 400;1 385;1 952;2 718 160;-0.36%
25/05/2020;1 370;1 375;1 375;1 370;120;164 700;-1.08%
26/05/2020;1 370;1 345;1 370;1 345;273;370 598;0.00%
27/05/2020;1 370;1 360;1 370;1 360;5 191;7 085 715;0.00%
28/05/2020;1 360;1 370;1 370;1 360;99;135 135;-0.73%
29/05/2020;1 400;1 400;1 400;1 400;7;9 800;2.94%
01/06/2020;1 400;1 400;1 400;1 400;7;9 800;0.00%
02/06/2020;1 400;1 400;1 400;1 400;295;413 000;0.00%
03/06/2020;1 395;1 400;1 400;1 395;1 215;1 697 963;-0.36%
04/06/2020;1 300;1 395;1 395;1 300;458;617 155;-6.81%
05/06/2020;1 300;1 300;1 300;1 300;126;163 800;0.00%
08/06/2020;1 385;1 385;1 385;1 385;35;48 475;6.54%
09/06/2020;1 360;1 385;1 385;1 360;588;807 030;-1.81%
11/06/2020;1 365;1 390;1 390;1 365;296;407 740;0.37%
12/06/2020;1 390;1 365;1 390;1 365;511;703 903;1.83%
15/06/2020;1 390;1 390;1 390;1 390;97;134 830;0.00%
16/06/2020;1 390;1 390;1 390;1 390;118;164 020;0.00%
17/06/2020;1 395;1 390;1 395;1 390;5 036;7 012 630;0.36%
18/06/2020;1 390;1 400;1 400;1 390;2 300;3 208 500;-0.36%
19/06/2020;1 400;1 400;1 400;1 400;520;728 000;0.72%
22/06/2020;1 400;1 400;1 400;1 400;50;70 000;0.00%
23/06/2020;1 400;1 400;1 400;1 400;65;91 000;0.00%
24/06/2020;1 400;1 400;1 400;1 400;31;43 400;0.00%
25/06/2020;1 400;1 395;1 400;1 395;145;202 638;0.00%
26/06/2020;1 395;1 400;1 400;1 395;32;44 720;-0.36%
29/06/2020;1 320;1 390;1 390;1 320;2 923;3 960 665;-5.38%
30/06/2020;1 320;1 390;1 390;1 320;3 560;4 823 800;0.00%
01/07/2020;1 400;1 400;1 400;1 400;75;105 000;6.06%
02/07/2020;1 380;1 395;1 395;1 380;1 587;2 201 963;-1.43%
03/07/2020;1 380;1 380;1 380;1 380;143;197 340;0.00%
06/07/2020;1 380;1 380;1 380;1 380;442;609 960;0.00%
07/07/2020;1 310;1 380;1 380;1 310;9;12 105;-5.07%
08/07/2020;1 315;1 380;1 380;1 315;281;378 648;0.38%
09/07/2020;1 300;1 315;1 315;1 300;1 036;1 354 570;-1.14%
10/07/2020;1 395;1 300;1 395;1 300;753;1 014 668;7.31%
13/07/2020;1 380;1 400;1 400;1 380;6 067;8 433 130;-1.08%
15/07/2020;1 380;1 380;1 380;1 380;1 454;2 006 520;0.00%
16/07/2020;1 380;1 380;1 380;1 380;468;645 840;0.00%
17/07/2020;1 350;1 370;1 370;1 350;2 016;2 741 760;-2.17%
20/07/2020;1 345;1 350;1 350;1 345;277;373 258;-0.37%
21/07/2020;1 345;1 345;1 345;1 345;300;403 500;0.00%
22/07/2020;1 330;1 330;1 330;1 330;365;485 450;-1.12%
23/07/2020;1 300;1 300;1 300;1 300;755;981 500;-2.26%
24/07/2020;1 300;1 290;1 300;1 290;251;325 045;0.00%
27/07/2020;1 300;1 300;1 300;1 300;8 259;10 736 700;0.00%
28/07/2020;1 300;1 300;1 300;1 300;1 196;1 554 800;0.00%
29/07/2020;1 300;1 300;1 300;1 300;1 345;1 748 500;0.00%
30/07/2020;1 300;1 300;1 300;1 300;1 200;1 560 000;0.00%
31/07/2020;1 300;1 300;1 300;1 300;1 200;1 560 000;0.00%
03/08/2020;1 300;1 300;1 300;1 300;252;327 600;0.00%
04/08/2020;1 275;1 300;1 300;1 275;94;121 025;-1.92%
05/08/2020;1 205;1 300;1 300;1 205;4 062;5 087 655;-5.49%
06/08/2020;1 280;1 280;1 280;1 280;35;44 800;6.22%
07/08/2020;1 280;1 280;1 280;1 280;35;44 800;0.00%
10/08/2020;1 250;1 250;1 250;1 250;5;6 250;-2.34%
11/08/2020;1 240;1 210;1 240;1 210;372;455 700;-0.80%
12/08/2020;1 250;1 240;1 250;1 240;1 770;2 203 650;0.81%
13/08/2020;1 250;1 245;1 250;1 245;1 180;1 472 050;0.00%
14/08/2020;1 340;1 255;1 340;1 255;104;134 940;7.20%
17/08/2020;1 255;1 345;1 345;1 255;48;62 400;-6.34%
18/08/2020;1 210;1 255;1 255;1 210;5 308;6 542 110;-3.59%
21/08/2020;1 200;1 225;1 225;1 200;21 055;25 529 188;-0.83%
24/08/2020;1 290;1 200;1 290;1 200;4 008;4 989 960;7.50%
25/08/2020;1 290;1 290;1 290;1 290;232;299 280;0.00%
26/08/2020;1 385;1 290;1 385;1 290;1 351;1 806 963;7.36%
27/08/2020;1 340;1 350;1 350;1 340;621;835 245;-3.25%
28/08/2020;1 250;1 250;1 250;1 250;2 799;3 498 750;-6.72%
31/08/2020;1 340;1 335;1 340;1 335;3 820;5 109 250;7.20%
01/09/2020;1 380;1 240;1 380;1 240;276;361 560;2.99%
02/09/2020;1 280;1 280;1 280;1 280;85;108 800;-7.25%
03/09/2020;1 200;1 200;1 200;1 200;2 410;2 892 000;-6.25%
04/09/2020;1 280;1 280;1 280;1 280;5;6 400;6.67%
07/09/2020;1 200;1 280;1 280;1 200;2 984;3 700 160;-6.25%
08/09/2020;1 250;1 200;1 250;1 200;1 001;1 226 225;4.17%
09/09/2020;1 280;1 250;1 280;1 250;61;77 165;2.40%
10/09/2020;1 280;1 280;1 280;1 280;20;25 600;0.00%
11/09/2020;1 280;1 275;1 280;1 275;1 620;2 069 550;0.00%
14/09/2020;1 285;1 285;1 285;1 285;1 769;2 273 165;0.39%
15/09/2020;1 280;1 280;1 280;1 280;370;473 600;-0.39%
16/09/2020;1 280;1 270;1 280;1 270;628;800 700;0.00%
17/09/2020;1 280;1 200;1 280;1 200;2 776;3 442 240;0.00%
21/09/2020;1 250;1 255;1 255;1 250;426;533 565;-2.34%
22/09/2020;1 250;1 255;1 255;1 250;85;106 463;0.00%
23/09/2020;1 250;1 255;1 255;1 250;85;106 463;0.00%
24/09/2020;1 250;1 255;1 255;1 250;85;106 463;0.00%
25/09/2020;1 250;1 255;1 255;1 250;85;106 463;0.00%
29/09/2020;1 250;1 250;1 250;1 250;218;272 500;0.00%
30/09/2020;1 185;1 185;1 185;1 185;277;328 245;-5.20%
01/10/2020;1 185;1 190;1 190;1 185;9 245;10 978 438;0.00%
02/10/2020;1 260;1 260;1 260;1 260;44;55 440;6.33%
05/10/2020;1 260;1 275;1 275;1 260;405;513 338;0.00%
06/10/2020;1 260;1 190;1 260;1 190;1 181;1 446 725;0.00%
07/10/2020;1 260;1 260;1 260;1 260;1;1 260;0.00%
08/10/2020;1 260;1 260;1 260;1 260;2;2 520;0.00%
09/10/2020;1 260;1 260;1 260;1 260;122;153 720;0.00%
12/10/2020;1 255;1 255;1 255;1 255;3;3 765;-0.40%
13/10/2020;1 250;1 255;1 255;1 250;702;879 255;-0.40%
14/10/2020;1 185;1 240;1 240;1 185;1 006;1 219 775;-5.20%
15/10/2020;1 250;1 270;1 270;1 250;135;170 100;5.49%
16/10/2020;1 260;1 190;1 260;1 190;414;507 150;0.80%
19/10/2020;1 270;1 250;1 270;1 250;1 315;1 656 900;0.79%
20/10/2020;1 265;1 265;1 265;1 265;110;139 150;-0.39%
21/10/2020;1 260;1 260;1 260;1 260;55;69 300;-0.40%
23/10/2020;1 250;1 245;1 250;1 245;320;399 200;-0.79%
26/10/2020;1 260;1 260;1 260;1 260;50;63 000;0.80%
28/10/2020;1 270;1 245;1 270;1 245;3 635;4 571 013;0.79%
29/10/2020;1 270;1 245;1 270;1 245;3 635;4 571 013;0.00%
30/10/2020;1 270;1 270;1 270;1 270;1 987;2 523 490;0.00%
02/11/2020;1 240;1 270;1 270;1 240;470;589 850;-2.36%
03/11/2020;1 240;1 270;1 270;1 240;140;175 700;0.00%
04/11/2020;1 260;1 260;1 260;1 260;404;509 040;1.61%
05/11/2020;1 260;1 240;1 260;1 240;640;800 000;0.00%
06/11/2020;1 260;1 260;1 260;1 260;140;176 400;0.00%
09/11/2020;1 260;1 260;1 260;1 260;15;18 900;0.00%
10/11/2020;1 240;1 245;1 245;1 240;1 716;2 132 130;-1.59%
11/11/2020;1 260;1 260;1 260;1 260;900;1 134 000;1.61%
12/11/2020;1 260;1 240;1 260;1 240;115;143 750;0.00%
13/11/2020;1 210;1 250;1 250;1 210;36 703;45 144 690;-3.97%
16/11/2020;1 275;1 250;1 275;1 250;1 667;2 104 588;5.37%
18/11/2020;1 275;1 275;1 275;1 275;2;2 550;0.00%
19/11/2020;1 270;1 275;1 275;1 270;15 133;19 256 743;-0.39%
20/11/2020;1 275;1 260;1 275;1 260;1 010;1 280 175;0.39%
23/11/2020;1 345;1 275;1 345;1 275;243;318 330;5.49%
24/11/2020;1 300;1 370;1 370;1 300;40;53 400;-3.35%
25/11/2020;1 300;1 350;1 350;1 300;445;589 625;0.00%
26/11/2020;1 275;1 275;1 275;1 275;952;1 213 800;-1.92%
27/11/2020;1 275;1 270;1 275;1 270;43;54 718;0.00%
30/11/2020;1 275;1 275;1 275;1 275;2 037;2 597 175;0.00%
01/12/2020;1 200;1 270;1 270;1 200;1 493;1 843 855;-5.88%
02/12/2020;1 270;1 270;1 270;1 270;1 361;1 728 470;5.83%
03/12/2020;1 270;1 270;1 270;1 270;3 931;4 992 370;0.00%
04/12/2020;1 270;1 270;1 270;1 270;341;433 070;0.00%
07/12/2020;1 250;1 250;1 250;1 250;605;756 250;-1.57%
08/12/2020;1 250;1 250;1 250;1 250;525;656 250;0.00%
09/12/2020;1 240;1 250;1 250;1 240;3 237;4 030 065;-0.80%
11/12/2020;1 250;1 270;1 270;1 250;1 340;1 688 400;0.81%
14/12/2020;1 330;1 270;1 330;1 270;11 603;15 083 900;6.40%
15/12/2020;1 300;1 345;1 345;1 300;59 352;78 493 020;-2.26%
16/12/2020;1 220;1 200;1 220;1 200;679;821 590;-6.15%
17/12/2020;1 300;1 200;1 300;1 200;57 840;72 300 000;6.56%
18/12/2020;1 350;1 300;1 350;1 300;33 255;44 062 875;3.85%
21/12/2020;1 450;1 300;1 450;1 300;23 308;32 048 500;7.41%
22/12/2020;1 450;1 425;1 450;1 425;18 255;26 241 563;0.00%
23/12/2020;1 450;1 350;1 450;1 350;1 663;2 328 200;0.00%
24/12/2020;1 450;1 450;1 450;1 450;6 701;9 716 450;0.00%
25/12/2020;1 450;1 450;1 450;1 450;6 701;9 716 450;0.00%
28/12/2020;1 555;1 360;1 555;1 360;30 002;43 727 915;7.24%
29/12/2020;1 550;1 445;1 550;1 445;8 551;12 805 123;-0.32%
30/12/2020;1 540;1 545;1 545;1 540;210;323 925;-0.65%
31/12/2020;1 550;1 540;1 550;1 540;10 000;15 450 000;0.65%
04/01/2021;1 540;1 540;1 540;1 540;32;49 280;-0.65%
06/01/2021;1 515;1 500;1 515;1 500;277;417 578;-1.62%
07/01/2021;1 480;1 500;1 500;1 480;150;223 500;-2.31%
08/01/2021;1 480;1 480;1 480;1 480;459;679 320;0.00%
11/01/2021;1 435;1 480;1 480;1 435;108;157 410;-3.04%
12/01/2021;1 480;1 435;1 480;1 435;1 467;2 138 153;3.14%
13/01/2021;1 435;1 480;1 480;1 435;105;153 038;-3.04%
14/01/2021;1 495;1 500;1 500;1 495;1 038;1 554 405;4.18%
15/01/2021;1 480;1 500;1 500;1 480;1 333;1 986 170;-1.00%
18/01/2021;1 475;1 475;1 475;1 475;20;29 500;-0.34%
19/01/2021;1 475;1 475;1 475;1 475;80;118 000;0.00%
20/01/2021;1 475;1 475;1 475;1 475;410;604 750;0.00%
21/01/2021;1 470;1 375;1 470;1 375;1 002;1 425 345;-0.34%
22/01/2021;1 375;1 470;1 470;1 375;51;72 548;-6.46%
25/01/2021;1 350;1 375;1 375;1 350;199;271 138;-1.82%
26/01/2021;1 350;1 350;1 350;1 350;37;49 950;0.00%
27/01/2021;1 330;1 340;1 340;1 330;450;600 750;-1.48%
28/01/2021;1 330;1 330;1 330;1 330;1 166;1 550 780;0.00%
29/01/2021;1 325;1 330;1 330;1 325;884;1 173 510;-0.38%
01/02/2021;1 325;1 300;1 325;1 300;979;1 284 938;0.00%
02/02/2021;1 325;1 325;1 325;1 325;1 445;1 914 625;0.00%
03/02/2021;1 350;1 325;1 350;1 325;1 981;2 649 588;1.89%
04/02/2021;1 345;1 350;1 350;1 345;638;859 705;-0.37%
05/02/2021;1 345;1 350;1 350;1 345;962;1 296 295;0.00%
08/02/2021;1 350;1 350;1 350;1 350;429;579 150;0.37%
09/02/2021;1 350;1 350;1 350;1 350;1 664;2 246 400;0.00%
10/02/2021;1 400;1 350;1 400;1 350;8 689;11 947 375;3.70%
11/02/2021;1 410;1 460;1 460;1 410;1 902;2 729 370;0.71%
12/02/2021;1 400;1 400;1 400;1 400;29 652;41 512 800;-0.71%
15/02/2021;1 400;1 400;1 400;1 400;384;537 600;0.00%
16/02/2021;1 415;1 410;1 415;1 410;96;135 600;1.07%
17/02/2021;1 450;1 500;1 500;1 450;94;138 650;2.47%
18/02/2021;1 445;1 450;1 450;1 445;1 014;1 467 765;-0.34%
19/02/2021;1 445;1 420;1 445;1 420;706;1 011 345;0.00%
22/02/2021;1 450;1 450;1 450;1 450;2 259;3 275 550;0.35%
23/02/2021;1 450;1 450;1 450;1 450;150;217 500;0.00%
24/02/2021;1 400;1 445;1 445;1 400;474;674 265;-3.45%
25/02/2021;1 445;1 400;1 445;1 400;130;184 925;3.21%
26/02/2021;1 400;1 445;1 445;1 400;14;19 915;-3.11%
01/03/2021;1 400;1 395;1 400;1 395;860;1 201 850;0.00%
02/03/2021;1 400;1 430;1 430;1 400;403;570 245;0.00%
03/03/2021;1 400;1 400;1 400;1 400;589;824 600;0.00%
04/03/2021;1 410;1 400;1 410;1 400;208;292 240;0.71%
05/03/2021;1 410;1 410;1 410;1 410;20;28 200;0.00%
08/03/2021;1 410;1 400;1 410;1 400;920;1 292 600;0.00%
09/03/2021;1 410;1 400;1 410;1 400;472;663 160;0.00%
10/03/2021;1 450;1 410;1 450;1 410;1 507;2 155 010;2.84%
11/03/2021;1 450;1 450;1 450;1 450;360;522 000;0.00%
15/03/2021;1 450;1 450;1 450;1 450;212;307 400;0.00%
16/03/2021;1 450;1 450;1 450;1 450;160;232 000;0.00%
17/03/2021;1 450;1 450;1 450;1 450;310;449 500;0.00%
18/03/2021;1 450;1 455;1 455;1 450;38;55 195;0.00%
19/03/2021;1 450;1 450;1 450;1 450;49;71 050;0.00%
22/03/2021;1 450;1 410;1 450;1 410;72;102 960;0.00%
23/03/2021;1 410;1 450;1 450;1 410;596;852 280;-2.76%
24/03/2021;1 450;1 450;1 450;1 450;80;116 000;2.84%
25/03/2021;1 450;1 450;1 450;1 450;208;301 600;0.00%
26/03/2021;1 405;1 405;1 405;1 405;25;35 125;-3.10%
29/03/2021;1 470;1 470;1 470;1 470;200;294 000;4.63%
30/03/2021;1 405;1 430;1 430;1 405;290;411 075;-4.42%
31/03/2021;1 450;1 450;1 450;1 450;254;368 300;3.20%
01/04/2021;1 450;1 410;1 450;1 410;1 645;2 352 350;0.00%
02/04/2021;1 450;1 450;1 450;1 450;158;229 100;0.00%
05/04/2021;1 450;1 450;1 450;1 450;158;229 100;0.00%
06/04/2021;1 400;1 450;1 450;1 400;1 840;2 622 000;-3.45%
07/04/2021;1 430;1 400;1 430;1 400;2 294;3 246 010;2.14%
08/04/2021;1 395;1 410;1 410;1 395;4 499;6 309 848;-2.45%
09/04/2021;1 400;1 400;1 400;1 400;618;865 200;0.36%
12/04/2021;1 400;1 400;1 400;1 400;1 830;2 562 000;0.00%
13/04/2021;1 350;1 400;1 400;1 350;290;398 750;-3.57%
14/04/2021;1 400;1 400;1 400;1 400;1 810;2 534 000;3.70%
15/04/2021;1 450;1 350;1 450;1 350;2 506;3 508 400;3.57%
16/04/2021;1 445;1 450;1 450;1 445;1 369;1 981 628;-0.34%
19/04/2021;1 410;1 440;1 440;1 410;148;210 900;-2.42%
20/04/2021;1 405;1 450;1 450;1 405;986;1 407 515;-0.35%
21/04/2021;1 400;1 400;1 400;1 400;123;172 200;-0.36%
22/04/2021;1 400;1 400;1 400;1 400;4 057;5 679 800;0.00%
23/04/2021;1 385;1 400;1 400;1 385;1 210;1 684 925;-1.07%
26/04/2021;1 400;1 400;1 400;1 400;89;124 600;1.08%
28/04/2021;1 500;1 500;1 500;1 500;3 219;4 828 500;7.14%
29/04/2021;1 445;1 495;1 495;1 445;4 339;6 378 330;-3.67%
30/04/2021;1 350;1 435;1 435;1 350;551;767 268;-6.57%
03/05/2021;1 345;1 350;1 350;1 345;1 202;1 619 695;-0.37%
04/05/2021;1 350;1 300;1 350;1 300;1 039;1 376 675;0.37%
05/05/2021;1 435;1 350;1 435;1 350;174;242 295;6.30%
06/05/2021;1 435;1 435;1 435;1 435;1 105;1 585 675;0.00%
07/05/2021;1 490;1 435;1 490;1 435;1 827;2 671 988;3.83%
10/05/2021;1 490;1 490;1 490;1 490;5;7 450;0.00%
11/05/2021;1 495;1 490;1 495;1 490;241;359 693;0.34%
12/05/2021;1 495;1 490;1 495;1 490;241;359 693;0.00%
14/05/2021;1 440;1 490;1 490;1 440;213;312 045;-3.68%
17/05/2021;1 495;1 435;1 495;1 435;1 875;2 746 875;3.82%
18/05/2021;1 470;1 440;1 470;1 440;110;160 050;-1.67%
19/05/2021;1 470;1 475;1 475;1 470;1 000;1 472 500;0.00%
20/05/2021;1 405;1 465;1 465;1 405;1 921;2 756 635;-4.42%
21/05/2021;1 455;1 455;1 455;1 455;15;21 825;3.56%
24/05/2021;1 455;1 455;1 455;1 455;15;21 825;0.00%
25/05/2021;1 410;1 455;1 455;1 410;2 297;3 290 453;-3.09%
26/05/2021;1 425;1 425;1 425;1 425;150;213 750;1.06%
27/05/2021;1 420;1 455;1 455;1 420;1 020;1 466 250;-0.35%
28/05/2021;1 460;1 455;1 460;1 455;346;504 295;2.82%
31/05/2021;1 455;1 460;1 460;1 455;57;83 078;-0.34%
01/06/2021;1 460;1 460;1 460;1 460;479;699 340;0.34%
02/06/2021;1 490;1 460;1 490;1 460;887;1 308 325;2.05%
03/06/2021;1 555;1 440;1 555;1 440;7 434;11 132 415;4.36%
04/06/2021;1 670;1 555;1 670;1 555;12 113;19 532 213;7.40%
07/06/2021;1 790;1 795;1 795;1 790;2 425;4 346 813;7.19%
08/06/2021;1 785;1 675;1 785;1 675;4 291;7 423 430;-0.28%
09/06/2021;1 780;1 800;1 800;1 780;45 979;82 302 410;-0.28%
10/06/2021;1 810;1 710;1 810;1 710;10 737;18 897 120;1.69%
11/06/2021;1 810;1 810;1 810;1 810;6 029;10 912 490;0.00%
14/06/2021;1 810;1 810;1 810;1 810;10;18 100;0.00%
15/06/2021;1 800;1 800;1 800;1 800;64;115 200;-0.55%
16/06/2021;1 790;1 700;1 790;1 700;4 081;7 121 345;-0.56%
17/06/2021;1 785;1 785;1 785;1 785;133;237 405;-0.28%
18/06/2021;1 780;1 780;1 780;1 780;142;252 760;-0.28%
21/06/2021;1 750;1 785;1 785;1 750;4 832;8 540 560;-1.69%
22/06/2021;1 800;1 750;1 800;1 750;7 959;14 127 225;2.86%
23/06/2021;1 750;1 800;1 800;1 750;692;1 228 300;-2.78%
24/06/2021;1 800;1 620;1 800;1 620;501;856 710;2.86%
25/06/2021;1 790;1 670;1 790;1 670;275;475 750;-0.56%
28/06/2021;1 660;1 660;1 660;1 660;424;703 840;-7.26%
29/06/2021;1 615;1 620;1 620;1 615;293;473 928;-2.71%
30/06/2021;1 595;1 600;1 600;1 595;1 658;2 648 655;-1.24%
01/07/2021;1 595;1 500;1 595;1 500;637;985 758;0.00%
02/07/2021;1 595;1 590;1 595;1 590;412;656 110;0.00%
05/07/2021;1 710;1 595;1 710;1 595;2 585;4 271 713;7.21%
07/07/2021;1 650;1 710;1 710;1 650;2 650;4 452 000;-3.51%
08/07/2021;1 600;1 700;1 700;1 600;322;531 300;-3.03%
09/07/2021;1 715;1 650;1 715;1 650;71;119 458;7.19%
12/07/2021;1 710;1 710;1 710;1 710;20;34 200;-0.29%
13/07/2021;1 700;1 700;1 700;1 700;50;85 000;-0.58%
14/07/2021;1 700;1 700;1 700;1 700;20;34 000;0.00%
15/07/2021;1 670;1 680;1 680;1 670;535;896 125;-1.76%
16/07/2021;1 700;1 700;1 700;1 700;535;909 500;1.80%
19/07/2021;1 680;1 820;1 820;1 680;2 060;3 605 000;-1.18%
20/07/2021;1 680;1 820;1 820;1 680;2 060;3 605 000;0.00%
21/07/2021;1 800;1 705;1 800;1 705;216;378 540;7.14%
22/07/2021;1 705;1 795;1 795;1 705;109;190 750;-5.28%
23/07/2021;1 780;1 715;1 780;1 715;911;1 591 973;4.40%
26/07/2021;1 800;1 780;1 800;1 780;3 189;5 708 310;1.12%
27/07/2021;1 730;1 800;1 800;1 730;555;979 575;-3.89%
28/07/2021;1 835;1 800;1 835;1 800;735;1 335 863;6.07%
29/07/2021;1 875;1 865;1 875;1 865;2 443;4 568 410;2.18%
30/07/2021;1 875;1 890;1 890;1 875;113;212 723;0.00%
02/08/2021;1 875;1 875;1 875;1 875;6 748;12 652 500;0.00%
03/08/2021;1 850;1 900;1 900;1 850;12 097;22 681 875;-1.33%
04/08/2021;1 885;1 875;1 885;1 875;2 043;3 840 840;1.89%
05/08/2021;1 875;1 885;1 885;1 875;1 452;2 729 760;-0.53%
06/08/2021;1 945;1 950;1 950;1 945;955;1 859 863;3.73%
10/08/2021;1 900;1 875;1 900;1 875;2 653;5 007 538;-2.31%
11/08/2021;1 895;1 850;1 895;1 850;18 826;35 251 685;-0.26%
12/08/2021;1 860;1 895;1 895;1 860;60;112 650;-1.85%
13/08/2021;1 860;1 860;1 860;1 860;681;1 266 660;0.00%
16/08/2021;1 860;1 860;1 860;1 860;657;1 222 020;0.00%
17/08/2021;1 875;1 870;1 875;1 870;2 594;4 857 265;0.81%
18/08/2021;1 800;1 860;1 860;1 800;3 195;5 846 850;-4.00%
19/08/2021;1 800;1 800;1 800;1 800;216 436;389 584 800;0.00%
20/08/2021;1 870;1 875;1 875;1 870;567;1 061 708;3.89%
23/08/2021;1 870;1 870;1 870;1 870;702;1 312 740;0.00%
24/08/2021;1 870;1 865;1 870;1 865;6 330;11 821 275;0.00%
25/08/2021;1 870;1 865;1 870;1 865;1 267;2 366 123;0.00%
26/08/2021;1 870;1 870;1 870;1 870;416;777 920;0.00%
27/08/2021;2 005;1 870;2 005;1 870;6 551;12 692 563;7.22%
30/08/2021;2 155;2 005;2 155;2 005;3 559;7 402 720;7.48%
31/08/2021;2 315;2 160;2 315;2 160;8 173;18 287 088;7.42%
01/09/2021;2 315;2 155;2 315;2 155;2 918;6 521 730;0.00%
02/09/2021;2 395;2 145;2 395;2 145;605;1 373 350;3.46%
03/09/2021;2 400;2 395;2 400;2 395;3 460;8 295 350;0.21%
06/09/2021;2 395;2 400;2 400;2 395;359;860 703;-0.21%
07/09/2021;2 395;2 390;2 395;2 390;7 127;17 051 348;0.00%
08/09/2021;2 300;2 390;2 390;2 300;645;1 512 525;-3.97%
09/09/2021;2 230;2 230;2 230;2 230;632;1 409 360;-3.04%
10/09/2021;2 230;2 225;2 230;2 225;607;1 352 093;0.00%
13/09/2021;2 225;2 225;2 225;2 225;55;122 375;-0.22%
14/09/2021;2 225;2 150;2 225;2 150;841;1 839 688;0.00%
15/09/2021;2 190;2 220;2 220;2 190;2 885;6 361 425;-1.57%
16/09/2021;2 190;2 190;2 190;2 190;885;1 938 150;0.00%
17/09/2021;2 145;2 050;2 145;2 050;1 231;2 582 023;-2.05%
20/09/2021;2 100;2 100;2 100;2 100;2 335;4 903 500;-2.10%
21/09/2021;2 150;2 100;2 150;2 100;2 100;4 462 500;2.38%
22/09/2021;2 200;2 100;2 200;2 100;5 704;12 263 600;2.33%
23/09/2021;2 050;2 200;2 200;2 050;1 219;2 590 375;-6.82%
24/09/2021;2 100;2 010;2 100;2 010;6 943;14 267 865;2.44%
27/09/2021;2 050;2 100;2 100;2 050;122;253 150;-2.38%
28/09/2021;2 100;1 975;2 100;1 975;12 446;25 358 725;2.44%
29/09/2021;2 255;2 005;2 255;2 005;3 719;7 921 470;7.38%
30/09/2021;2 345;2 300;2 345;2 300;2 540;5 899 150;3.99%
01/10/2021;2 300;2 340;2 340;2 300;1 582;3 670 240;-1.92%
04/10/2021;2 290;2 295;2 295;2 290;333;763 403;-0.43%
05/10/2021;2 300;2 285;2 300;2 285;290;664 825;0.44%
06/10/2021;2 290;2 300;2 300;2 290;212;486 540;-0.43%
07/10/2021;2 290;2 290;2 290;2 290;469;1 074 010;0.00%
08/10/2021;2 290;2 290;2 290;2 290;222;508 380;0.00%
11/10/2021;2 290;2 290;2 290;2 290;6 024;13 794 960;0.00%
12/10/2021;2 280;2 200;2 280;2 200;123;275 520;-0.44%
13/10/2021;2 280;2 285;2 285;2 280;751;1 714 158;0.00%
14/10/2021;2 280;2 280;2 280;2 280;703;1 602 840;0.00%
15/10/2021;2 275;2 275;2 275;2 275;170;386 750;-0.22%
18/10/2021;2 275;2 275;2 275;2 275;170;386 750;0.00%
19/10/2021;2 445;2 120;2 445;2 120;5 508;12 572 010;7.47%
20/10/2021;2 440;2 445;2 445;2 440;232;566 660;-0.20%
21/10/2021;2 430;2 440;2 440;2 430;1 571;3 825 385;-0.41%
22/10/2021;2 430;2 280;2 430;2 280;4 105;9 667 275;0.00%
25/10/2021;2 420;2 415;2 420;2 415;757;1 830 048;-0.41%
26/10/2021;2 425;2 300;2 425;2 300;3 947;9 324 788;0.21%
27/10/2021;2 245;2 245;2 245;2 245;181;406 345;-7.42%
28/10/2021;2 300;2 100;2 300;2 100;13 866;30 505 200;2.45%
29/10/2021;2 300;2 250;2 300;2 250;180;409 500;0.00%
01/11/2021;2 300;2 250;2 300;2 250;180;409 500;0.00%
02/11/2021;2 250;2 250;2 250;2 250;20;45 000;-2.17%
03/11/2021;2 200;2 100;2 200;2 100;6 514;14 005 100;-2.22%
04/11/2021;2 200;2 200;2 200;2 200;467;1 027 400;0.00%
05/11/2021;2 050;2 050;2 050;2 050;878;1 799 900;-6.82%
08/11/2021;2 050;2 000;2 050;2 000;1 035;2 095 875;0.00%
09/11/2021;2 100;2 100;2 100;2 100;2 035;4 273 500;2.44%
10/11/2021;2 200;2 130;2 200;2 130;1 292;2 797 180;4.76%
11/11/2021;2 195;2 200;2 200;2 195;880;1 933 800;-0.23%
12/11/2021;2 200;2 190;2 200;2 190;601;1 319 195;0.23%
15/11/2021;2 200;2 190;2 200;2 190;601;1 319 195;0.00%
16/11/2021;2 280;2 100;2 280;2 100;3 348;7 332 120;3.64%
17/11/2021;2 410;2 300;2 410;2 300;5 398;12 712 290;5.70%
18/11/2021;2 350;2 350;2 350;2 350;1 212;2 848 200;-2.49%
19/11/2021;2 350;2 300;2 350;2 300;2 441;5 675 325;0.00%
22/11/2021;2 200;2 280;2 280;2 200;284;636 160;-6.38%
23/11/2021;2 340;2 175;2 340;2 175;5 805;13 104 788;6.36%
24/11/2021;2 430;2 340;2 430;2 340;3 485;8 311 725;3.85%
25/11/2021;2 430;2 400;2 430;2 400;146;352 590;0.00%
26/11/2021;2 430;2 425;2 430;2 425;1 115;2 706 663;0.00%
29/11/2021;2 500;2 400;2 500;2 400;14 341;35 135 450;2.88%
30/11/2021;2 450;2 500;2 500;2 450;3 229;7 991 775;-2.00%
01/12/2021;2 450;2 450;2 450;2 450;6 809;16 682 050;0.00%
02/12/2021;2 450;2 300;2 450;2 300;165;391 875;0.00%
03/12/2021;2 270;2 300;2 300;2 270;1 229;2 808 265;-7.35%
06/12/2021;2 390;2 270;2 390;2 270;891;2 076 030;5.29%
07/12/2021;2 300;2 350;2 350;2 300;1 203;2 796 975;-3.77%
08/12/2021;2 350;2 300;2 350;2 300;4 003;9 306 975;2.17%
09/12/2021;2 350;2 350;2 350;2 350;5 739;13 486 650;0.00%
10/12/2021;2 400;2 180;2 400;2 180;1 124;2 573 960;2.13%
13/12/2021;2 385;2 385;2 385;2 385;90;214 650;-0.63%
14/12/2021;2 385;2 385;2 385;2 385;34;81 090;0.00%
15/12/2021;2 450;2 385;2 450;2 385;5 344;12 919 120;2.73%
16/12/2021;2 445;2 350;2 445;2 350;1 074;2 574 915;-0.20%
17/12/2021;2 445;2 350;2 445;2 350;849;2 035 478;0.00%
20/12/2021;2 445;2 270;2 445;2 270;296;697 820;0.00%
21/12/2021;2 440;2 445;2 445;2 440;2 157;5 268 473;-0.20%
22/12/2021;2 445;2 440;2 445;2 440;1 394;3 404 845;0.20%
23/12/2021;2 435;2 300;2 435;2 300;169;400 108;-0.41%
24/12/2021;2 375;2 430;2 430;2 375;100;240 250;-2.46%
27/12/2021;2 400;2 375;2 400;2 375;139;331 863;1.05%
28/12/2021;2 440;2 355;2 440;2 355;7 595;18 209 013;1.67%
29/12/2021;2 440;2 300;2 440;2 300;1 063;2 519 310;0.00%
30/12/2021;2 395;2 300;2 395;2 300;3 703;8 692 793;-1.84%
31/12/2021;2 570;2 300;2 570;2 300;15 856;38 609 360;7.31%
03/01/2022;2 760;2 570;2 760;2 570;705;1 878 825;7.39%
04/01/2022;2 575;2 740;2 740;2 575;375;996 563;-6.70%
05/01/2022;2 565;2 575;2 575;2 565;220;565 400;-0.39%
06/01/2022;2 560;2 555;2 560;2 555;50;127 875;-0.19%
07/01/2022;2 370;2 525;2 525;2 370;333;815 018;-7.42%
10/01/2022;2 530;2 530;2 530;2 530;32;80 960;6.75%
11/01/2022;2 480;2 530;2 530;2 480;229;573 645;-1.98%
12/01/2022;2 475;2 325;2 475;2 325;535;1 284 000;-0.20%
13/01/2022;2 400;2 400;2 400;2 400;40;96 000;-3.03%
14/01/2022;2 345;2 280;2 345;2 280;936;2 164 500;-2.29%
17/01/2022;2 340;2 280;2 340;2 280;512;1 182 720;-0.21%
18/01/2022;2 300;2 340;2 340;2 300;134;310 880;-1.71%
19/01/2022;2 345;2 270;2 345;2 270;1 365;3 149 738;1.96%
20/01/2022;2 265;2 345;2 345;2 265;2 126;4 900 430;-3.41%
21/01/2022;2 100;2 180;2 180;2 100;224;479 360;-7.28%
24/01/2022;2 100;2 100;2 100;2 100;125;262 500;0.00%
25/01/2022;2 255;2 100;2 255;2 100;1 239;2 697 923;7.38%
26/01/2022;2 255;2 205;2 255;2 205;3 840;8 563 200;0.00%
27/01/2022;2 350;2 255;2 350;2 255;924;2 127 510;4.21%
28/01/2022;2 345;2 350;2 350;2 345;2 509;5 889 878;-0.21%
31/01/2022;2 300;2 295;2 300;2 295;1 760;4 043 600;-1.92%
01/02/2022;2 300;2 130;2 300;2 130;5 422;12 009 730;0.00%
02/02/2022;2 450;2 345;2 450;2 345;1 480;3 548 300;6.52%
03/02/2022;2 500;2 355;2 500;2 355;538;1 305 995;2.04%
04/02/2022;2 500;2 350;2 500;2 350;465;1 127 625;0.00%
08/02/2022;2 450;2 400;2 450;2 400;2 548;6 178 900;-2.00%
09/02/2022;2 575;2 450;2 575;2 450;16 950;42 586 875;5.10%
10/02/2022;2 550;2 500;2 550;2 500;63;159 075;-0.97%
11/02/2022;2 560;2 550;2 560;2 550;274;700 070;0.39%
14/02/2022;2 550;2 550;2 550;2 550;10 864;27 703 200;-0.39%
15/02/2022;2 550;2 500;2 550;2 500;61;154 025;0.00%
16/02/2022;2 550;2 550;2 550;2 550;8 250;21 037 500;0.00%
17/02/2022;2 550;2 550;2 550;2 550;2 019;5 148 450;0.00%
18/02/2022;2 560;2 560;2 560;2 560;205;524 800;0.39%
21/02/2022;2 500;2 500;2 500;2 500;679;1 697 500;-2.34%
22/02/2022;2 500;2 400;2 500;2 400;1 091;2 672 950;0.00%
23/02/2022;2 500;2 550;2 550;2 500;45;113 625;0.00%
24/02/2022;2 500;2 500;2 500;2 500;225;562 500;0.00%
25/02/2022;2 500;2 320;2 500;2 320;1 506;3 629 460;0.00%
28/02/2022;2 500;2 495;2 500;2 495;759;1 895 603;0.00%
01/03/2022;2 450;2 450;2 450;2 450;10;24 500;-2.00%
02/03/2022;2 400;2 450;2 450;2 400;106;257 050;-2.04%
03/03/2022;2 320;2 400;2 400;2 320;831;1 961 160;-3.33%
04/03/2022;2 155;2 320;2 320;2 155;145;324 438;-7.11%
07/03/2022;2 315;2 170;2 315;2 170;63;141 278;7.42%
08/03/2022;2 195;2 380;2 380;2 195;190;434 625;-5.18%
09/03/2022;2 350;2 350;2 350;2 350;5;11 750;7.06%
10/03/2022;2 450;2 250;2 450;2 250;486;1 142 100;4.26%
11/03/2022;2 435;2 450;2 450;2 435;324;791 370;-0.61%
14/03/2022;2 350;2 350;2 350;2 350;5;11 750;-3.49%
15/03/2022;2 400;2 365;2 400;2 365;362;862 465;2.13%
16/03/2022;2 370;2 400;2 400;2 370;2 777;6 623 145;-1.25%
17/03/2022;2 365;2 365;2 365;2 365;1 416;3 348 840;-0.21%
18/03/2022;2 200;2 365;2 365;2 200;605;1 380 913;-6.98%
21/03/2022;2 220;2 365;2 365;2 220;778;1 783 565;0.91%
22/03/2022;2 365;2 220;2 365;2 220;618;1 416 765;6.53%
23/03/2022;2 365;2 365;2 365;2 365;145;342 925;0.00%
24/03/2022;2 370;2 365;2 370;2 365;1 110;2 627 925;0.21%
25/03/2022;2 400;2 370;2 400;2 370;9 060;21 608 100;1.27%
28/03/2022;2 400;2 370;2 400;2 370;280;667 800;0.00%
29/03/2022;2 400;2 430;2 430;2 400;5 305;12 811 575;0.00%
30/03/2022;2 400;2 370;2 400;2 370;111;264 735;0.00%
31/03/2022;2 400;2 400;2 400;2 400;19 783;47 479 200;0.00%
01/04/2022;2 300;2 495;2 495;2 300;1 711;4 102 123;-4.17%
04/04/2022;2 200;2 300;2 300;2 200;1 745;3 926 250;-4.35%
05/04/2022;2 200;2 235;2 235;2 200;7 676;17 021 530;0.00%
06/04/2022;2 210;2 365;2 365;2 210;510;1 166 625;0.45%
07/04/2022;2 250;2 220;2 250;2 220;53 036;118 535 460;1.81%
08/04/2022;2 300;2 250;2 300;2 250;80;182 000;2.22%
11/04/2022;2 470;2 300;2 470;2 300;258;615 330;7.39%
12/04/2022;2 400;2 400;2 400;2 400;1 877;4 504 800;-2.83%
13/04/2022;2 380;2 220;2 380;2 220;556;1 278 800;-0.83%
14/04/2022;2 400;2 225;2 400;2 225;225;520 313;0.84%
15/04/2022;2 400;2 400;2 400;2 400;1;2 400;0.00%
19/04/2022;2 400;2 400;2 400;2 400;201;482 400;0.00%
20/04/2022;2 380;2 400;2 400;2 380;1 037;2 478 430;-0.83%
21/04/2022;2 400;2 400;2 400;2 400;10;24 000;0.84%
22/04/2022;2 400;2 400;2 400;2 400;1;2 400;0.00%
25/04/2022;2 390;2 385;2 390;2 385;136;324 700;-0.42%
26/04/2022;2 400;2 400;2 400;2 400;447;1 072 800;0.42%
27/04/2022;2 400;2 400;2 400;2 400;1 915;4 596 000;0.00%
28/04/2022;2 400;2 400;2 400;2 400;1 915;4 596 000;0.00%
29/04/2022;2 400;2 400;2 400;2 400;6 540;15 696 000;0.00%
02/05/2022;2 400;2 400;2 400;2 400;6 540;15 696 000;0.00%
03/05/2022;2 395;2 300;2 395;2 300;287;673 733;-0.21%
04/05/2022;2 250;2 280;2 280;2 250;112;253 680;-6.05%
05/05/2022;2 100;2 100;2 100;2 100;504;1 058 400;-6.67%
06/05/2022;2 100;2 100;2 100;2 100;292;613 200;0.00%
09/05/2022;2 100;2 060;2 100;2 060;525;1 092 000;0.00%
10/05/2022;2 050;2 060;2 060;2 050;114;234 270;-2.38%
11/05/2022;2 040;2 050;2 050;2 040;130;265 850;-0.49%
12/05/2022;2 040;2 050;2 050;2 040;130;265 850;0.00%
13/05/2022;2 030;2 040;2 040;2 030;25;50 875;-0.49%
16/05/2022;2 030;2 000;2 030;2 000;330;664 950;0.00%
17/05/2022;2 020;2 035;2 035;2 020;720;1 459 800;-0.49%
18/05/2022;2 020;2 020;2 020;2 020;100;202 000;0.00%
19/05/2022;1 870;1 955;1 955;1 870;607;1 160 888;-7.43%
20/05/2022;1 870;1 900;1 900;1 870;76;143 260;0.00%
23/05/2022;1 900;1 870;1 900;1 870;150;282 750;1.60%
24/05/2022;1 800;1 900;1 900;1 800;613;1 134 050;-5.26%
25/05/2022;1 665;1 700;1 700;1 665;1 617;2 720 603;-7.50%
26/05/2022;1 665;1 700;1 700;1 665;1 617;2 720 603;0.00%
27/05/2022;1 680;1 680;1 680;1 680;2 762;4 640 160;0.90%
30/05/2022;1 805;1 690;1 805;1 690;741;1 294 898;7.44%
31/05/2022;1 940;1 930;1 940;1 930;3 087;5 973 345;7.48%
01/06/2022;1 940;2 000;2 000;1 940;130;256 100;0.00%
02/06/2022;1 800;1 900;1 900;1 800;475;878 750;-7.22%
03/06/2022;1 670;1 800;1 800;1 670;1 173;2 035 155;-7.22%
06/06/2022;1 670;1 800;1 800;1 670;1 173;2 035 155;0.00%
07/06/2022;1 705;1 705;1 705;1 705;100;170 500;2.10%
08/06/2022;1 715;1 705;1 715;1 705;7;11 970;0.59%
09/06/2022;1 800;1 800;1 800;1 800;602;1 083 600;4.96%
10/06/2022;1 800;1 800;1 800;1 800;111;199 800;0.00%
13/06/2022;1 890;1 900;1 900;1 890;100;189 500;5.00%
14/06/2022;1 880;1 900;1 900;1 880;391;738 990;-0.53%
15/06/2022;1 880;1 880;1 880;1 880;499;938 120;0.00%
16/06/2022;1 900;1 880;1 900;1 880;127;240 030;1.06%
17/06/2022;1 895;1 900;1 900;1 895;68;129 030;-0.26%
20/06/2022;1 800;1 800;1 800;1 800;1 761;3 169 800;-5.01%
21/06/2022;1 795;1 795;1 795;1 795;103;184 885;-0.28%
22/06/2022;1 800;1 800;1 800;1 800;1 041;1 873 800;0.28%
23/06/2022;1 800;1 800;1 800;1 800;208;374 400;0.00%
24/06/2022;1 670;1 800;1 800;1 670;785;1 361 975;-7.22%
27/06/2022;1 700;1 670;1 700;1 670;144;242 640;1.80%
28/06/2022;1 700;1 800;1 800;1 700;274;479 500;0.00%
29/06/2022;1 665;1 700;1 700;1 665;953;1 603 423;-2.06%
30/06/2022;1 650;1 650;1 650;1 650;19 676;32 465 400;-0.90%
01/07/2022;1 645;1 650;1 650;1 645;803;1 322 943;-0.30%
04/07/2022;1 650;1 645;1 650;1 645;2 421;3 988 598;0.30%
05/07/2022;1 650;1 650;1 650;1 650;4;6 600;0.00%
06/07/2022;1 650;1 620;1 650;1 620;621;1 015 335;0.00%
07/07/2022;1 770;1 770;1 770;1 770;5;8 850;7.27%
08/07/2022;1 735;1 760;1 760;1 735;2 110;3 687 225;-1.98%
11/07/2022;1 735;1 735;1 735;1 735;658;1 141 630;0.00%
12/07/2022;1 740;1 735;1 740;1 735;3 092;5 372 350;0.29%
13/07/2022;1 710;1 710;1 710;1 710;604;1 032 840;-1.72%
14/07/2022;1 695;1 700;1 700;1 695;341;578 848;-0.88%
15/07/2022;1 695;1 695;1 695;1 695;115;194 925;0.00%
18/07/2022;1 695;1 695;1 695;1 695;276;467 820;0.00%
19/07/2022;1 690;1 690;1 690;1 690;257;434 330;-0.29%
20/07/2022;1 690;1 690;1 690;1 690;1 014;1 713 660;0.00%
21/07/2022;1 700;1 695;1 700;1 695;3 186;5 408 235;0.59%
22/07/2022;1 700;1 690;1 700;1 690;238;403 410;0.00%
25/07/2022;1 700;1 700;1 700;1 700;1 232;2 094 400;0.00%
26/07/2022;1 825;1 700;1 825;1 700;1 209;2 130 863;7.35%
27/07/2022;1 900;1 750;1 900;1 750;1 662;3 033 150;4.11%
28/07/2022;2 000;1 895;2 000;1 895;6 653;12 956 718;5.26%
29/07/2022;2 000;2 000;2 000;2 000;15 962;31 924 000;0.00%
01/08/2022;2 000;1 900;2 000;1 900;18 363;35 807 850;0.00%
02/08/2022;1 990;1 995;1 995;1 990;20 056;39 961 580;-0.50%
03/08/2022;1 975;1 990;1 990;1 975;79;156 618;-0.75%
04/08/2022;1 895;1 900;1 900;1 895;26;49 335;-4.05%
05/08/2022;1 900;1 825;1 900;1 825;269;501 013;0.26%
08/08/2022;1 900;1 825;1 900;1 825;269;501 013;0.00%
09/08/2022;1 900;1 900;1 900;1 900;343;651 700;0.00%
10/08/2022;1 900;1 800;1 900;1 800;354;654 900;0.00%
11/08/2022;1 900;1 760;1 900;1 760;8 843;16 182 690;0.00%
12/08/2022;1 900;1 900;1 900;1 900;121;229 900;0.00%
15/08/2022;1 900;1 900;1 900;1 900;121;229 900;0.00%
16/08/2022;1 895;1 895;1 895;1 895;15;28 425;-0.26%
17/08/2022;1 890;1 890;1 890;1 890;217;410 130;-0.26%
18/08/2022;1 800;1 880;1 880;1 800;245;450 800;-4.76%
19/08/2022;1 800;1 755;1 800;1 755;413;734 108;0.00%
22/08/2022;1 800;1 800;1 800;1 800;392;705 600;0.00%
23/08/2022;1 800;1 750;1 800;1 750;10 062;17 860 050;0.00%
24/08/2022;1 800;1 705;1 800;1 705;101;177 003;0.00%
25/08/2022;1 800;1 710;1 800;1 710;131;229 905;0.00%
26/08/2022;1 790;1 800;1 800;1 790;395;709 025;-0.56%
29/08/2022;1 775;1 780;1 780;1 775;675;1 199 813;-0.84%
30/08/2022;1 780;1 775;1 780;1 775;283;503 033;0.28%
31/08/2022;1 895;1 780;1 895;1 780;7 587;13 941 113;6.46%
01/09/2022;1 760;1 850;1 850;1 760;1 168;2 108 240;-7.12%
02/09/2022;1 760;1 750;1 760;1 750;139;243 945;0.00%
05/09/2022;1 760;1 765;1 765;1 760;1 138;2 005 725;0.00%
06/09/2022;1 870;1 875;1 875;1 870;105;196 613;6.25%
07/09/2022;1 870;1 870;1 870;1 870;205;383 350;0.00%
08/09/2022;1 765;1 760;1 765;1 760;105;185 063;-5.61%
09/09/2022;1 770;1 770;1 770;1 770;175;309 750;0.28%
12/09/2022;1 770;1 770;1 770;1 770;120;212 400;0.00%
13/09/2022;1 850;1 760;1 850;1 760;2 318;4 183 990;4.52%
14/09/2022;1 845;1 750;1 845;1 750;1 427;2 565 033;-0.27%
15/09/2022;1 765;1 765;1 765;1 765;2 450;4 324 250;-4.34%
16/09/2022;1 845;1 770;1 845;1 770;245;442 838;4.53%
19/09/2022;1 840;1 840;1 840;1 840;858;1 578 720;-0.27%
20/09/2022;1 845;1 770;1 845;1 770;1 970;3 560 775;0.27%
21/09/2022;1 845;1 845;1 845;1 845;20;36 900;0.00%
22/09/2022;1 845;1 845;1 845;1 845;645;1 190 025;0.00%
23/09/2022;1 845;1 845;1 845;1 845;73;134 685;0.00%
26/09/2022;1 845;1 750;1 845;1 750;605;1 087 488;0.00%
27/09/2022;1 735;1 845;1 845;1 735;341;610 390;-5.96%
28/09/2022;1 835;1 725;1 835;1 725;5 406;9 622 680;5.76%
29/09/2022;1 815;1 835;1 835;1 815;6 786;12 384 450;-1.09%
30/09/2022;1 815;1 810;1 815;1 810;1 763;3 195 438;0.00%
03/10/2022;1 810;1 815;1 815;1 810;66;119 625;-0.28%
04/10/2022;1 800;1 705;1 800;1 705;490;858 725;-0.55%
05/10/2022;1 750;1 750;1 750;1 750;8 446;14 780 500;-2.78%
06/10/2022;1 780;1 730;1 780;1 730;565;991 575;1.71%
07/10/2022;1 780;1 750;1 780;1 750;111;195 915;0.00%
10/10/2022;1 685;1 715;1 715;1 685;1 261;2 143 700;-5.34%
11/10/2022;1 685;1 685;1 685;1 685;6 017;10 138 645;0.00%
12/10/2022;1 560;1 680;1 680;1 560;2 814;4 558 680;-7.42%
13/10/2022;1 500;1 555;1 555;1 500;2 879;4 397 673;-3.85%
14/10/2022;1 600;1 495;1 600;1 495;10 228;15 827 830;6.67%
17/10/2022;1 600;1 600;1 600;1 600;10 543;16 868 800;0.00%
18/10/2022;1 490;1 600;1 600;1 490;6 760;10 444 200;-6.88%
19/10/2022;1 590;1 595;1 595;1 590;4 996;7 956 130;6.71%
20/10/2022;1 575;1 580;1 580;1 575;1 130;1 782 575;-0.94%
21/10/2022;1 500;1 550;1 550;1 500;21 026;32 064 650;-4.76%
24/10/2022;1 500;1 560;1 560;1 500;1 760;2 692 800;0.00%
25/10/2022;1 585;1 510;1 585;1 510;314;485 915;5.67%
26/10/2022;1 685;1 600;1 685;1 600;2 466;4 050 405;6.31%
27/10/2022;1 605;1 600;1 605;1 600;300;480 750;-4.75%
28/10/2022;1 715;1 600;1 715;1 600;5 141;8 521 208;6.85%
31/10/2022;1 715;1 600;1 715;1 600;5 141;8 521 208;0.00%
01/11/2022;1 720;1 720;1 720;1 720;35;60 200;0.29%
02/11/2022;1 700;1 720;1 720;1 700;313;535 230;-1.16%
03/11/2022;1 695;1 710;1 710;1 695;1 177;2 003 843;-0.29%
04/11/2022;1 600;1 605;1 605;1 600;2 947;4 722 568;-5.60%
07/11/2022;1 695;1 540;1 695;1 540;3 107;5 025 573;5.94%
08/11/2022;1 650;1 650;1 650;1 650;215;354 750;-2.65%
09/11/2022;1 600;1 600;1 600;1 600;130;208 000;-3.03%
10/11/2022;1 590;1 590;1 590;1 590;3 030;4 817 700;-0.63%
11/11/2022;1 590;1 515;1 590;1 515;560;869 400;0.00%
14/11/2022;1 590;1 515;1 590;1 515;560;869 400;0.00%
16/11/2022;1 545;1 550;1 550;1 545;4 302;6 657 345;-2.83%
17/11/2022;1 545;1 505;1 545;1 505;3 179;4 847 975;0.00%
18/11/2022;1 545;1 550;1 550;1 545;1 581;2 446 598;0.00%
21/11/2022;1 535;1 550;1 550;1 535;3 342;5 155 035;-0.65%
22/11/2022;1 500;1 500;1 500;1 500;795;1 192 500;-2.28%
23/11/2022;1 400;1 500;1 500;1 400;3 260;4 727 000;-6.67%
24/11/2022;1 395;1 400;1 400;1 395;5 120;7 155 200;-0.36%
25/11/2022;1 395;1 395;1 395;1 395;2 398;3 345 210;0.00%
28/11/2022;1 295;1 305;1 305;1 295;501;651 300;-7.17%
29/11/2022;1 250;1 250;1 250;1 250;4 457;5 571 250;-3.47%
30/11/2022;1 250;1 250;1 250;1 250;4 457;5 571 250;0.00%
01/12/2022;1 250;1 250;1 250;1 250;4 457;5 571 250;0.00%
02/12/2022;1 200;1 205;1 205;1 200;4 645;5 585 613;-4.00%
05/12/2022;1 240;1 240;1 240;1 240;12 525;15 531 000;3.33%
06/12/2022;1 300;1 240;1 300;1 240;19 365;24 593 550;4.84%
07/12/2022;1 245;1 270;1 270;1 245;2 607;3 278 303;-4.23%
08/12/2022;1 205;1 205;1 205;1 205;20;24 100;-3.21%
09/12/2022;1 295;1 245;1 295;1 245;3 723;4 728 210;7.47%
12/12/2022;1 390;1 295;1 390;1 295;6 125;8 222 813;7.34%
13/12/2022;1 490;1 400;1 490;1 400;2 840;4 103 800;7.19%
14/12/2022;1 485;1 490;1 490;1 485;414;615 825;-0.34%
15/12/2022;1 490;1 485;1 490;1 485;1 458;2 168 775;0.34%
16/12/2022;1 490;1 485;1 490;1 485;397;590 538;0.00%
19/12/2022;1 480;1 490;1 490;1 480;266;395 010;-0.67%
20/12/2022;1 470;1 475;1 475;1 470;168;247 380;-0.68%
21/12/2022;1 450;1 390;1 450;1 390;100;142 000;-1.36%
22/12/2022;1 440;1 445;1 445;1 440;33;47 603;-0.69%
23/12/2022;1 470;1 430;1 470;1 430;932;1 351 400;2.08%
26/12/2022;1 470;1 430;1 470;1 430;932;1 351 400;0.00%
27/12/2022;1 465;1 470;1 470;1 465;1 021;1 498 318;-0.34%
28/12/2022;1 400;1 440;1 440;1 400;571;810 820;-4.44%
29/12/2022;1 390;1 400;1 400;1 390;5 068;7 069 860;-0.71%
30/12/2022;1 395;1 295;1 395;1 295;10 656;14 332 320;0.36%
02/01/2023;1 390;1 395;1 395;1 390;243;338 378;-0.36%
03/01/2023;1 375;1 300;1 375;1 300;1 362;1 821 675;-1.08%
04/01/2023;1 295;1 390;1 390;1 295;45;60 413;-5.82%
05/01/2023;1 375;1 375;1 375;1 375;95;130 625;6.18%
06/01/2023;1 295;1 350;1 350;1 295;62;81 995;-5.82%
09/01/2023;1 345;1 300;1 345;1 300;1 746;2 309 085;3.86%
10/01/2023;1 295;1 345;1 345;1 295;1 101;1 453 320;-3.72%
11/01/2023;1 295;1 295;1 295;1 295;598;774 410;0.00%
12/01/2023;1 300;1 295;1 300;1 295;4 919;6 382 403;0.39%
13/01/2023;1 300;1 310;1 310;1 300;1 339;1 747 395;0.00%
16/01/2023;1 275;1 300;1 300;1 275;1 182;1 521 825;-1.92%
17/01/2023;1 275;1 275;1 275;1 275;3 786;4 827 150;0.00%
18/01/2023;1 300;1 300;1 300;1 300;1 222;1 588 600;1.96%
19/01/2023;1 300;1 310;1 310;1 300;1 530;1 996 650;0.00%
20/01/2023;1 345;1 300;1 345;1 300;881;1 165 123;3.46%
23/01/2023;1 300;1 345;1 345;1 300;6 805;8 999 613;-3.35%
24/01/2023;1 300;1 290;1 300;1 290;3 917;5 072 515;0.00%
25/01/2023;1 300;1 300;1 300;1 300;5 200;6 760 000;0.00%
26/01/2023;1 290;1 300;1 300;1 290;131;169 645;-0.77%
27/01/2023;1 295;1 300;1 300;1 295;1 432;1 858 020;0.39%
30/01/2023;1 290;1 245;1 290;1 245;10 127;12 835 973;-0.39%
31/01/2023;1 255;1 300;1 300;1 255;510;651 525;-2.71%
01/02/2023;1 295;1 250;1 295;1 250;136;173 060;3.19%
02/02/2023;1 350;1 295;1 350;1 295;316;417 910;4.25%
03/02/2023;1 350;1 350;1 350;1 350;386;521 100;0.00%
06/02/2023;1 350;1 350;1 350;1 350;502;677 700;0.00%
07/02/2023;1 345;1 345;1 345;1 345;22;29 590;-0.37%
08/02/2023;1 250;1 345;1 345;1 250;9 704;12 590 940;-7.06%
09/02/2023;1 250;1 260;1 260;1 250;21 210;26 618 550;0.00%
10/02/2023;1 250;1 250;1 250;1 250;15 035;18 793 750;0.00%
13/02/2023;1 250;1 250;1 250;1 250;19 155;23 943 750;0.00%
14/02/2023;1 340;1 250;1 340;1 250;25 980;33 644 100;7.20%
15/02/2023;1 250;1 350;1 350;1 250;358;465 400;-6.72%
16/02/2023;1 340;1 325;1 340;1 325;1 024;1 364 480;7.20%
17/02/2023;1 300;1 335;1 335;1 300;492;648 210;-2.99%
20/02/2023;1 345;1 300;1 345;1 300;1 459;1 929 528;3.46%
21/02/2023;1 340;1 345;1 345;1 340;4 269;5 731 133;-0.37%
22/02/2023;1 300;1 300;1 300;1 300;1 159;1 506 700;-2.99%
23/02/2023;1 340;1 300;1 340;1 300;913;1 205 160;3.08%
24/02/2023;1 345;1 340;1 345;1 340;4 081;5 478 743;0.37%
27/02/2023;1 300;1 345;1 345;1 300;1 231;1 627 998;-3.35%
28/02/2023;1 350;1 340;1 350;1 340;2 469;3 320 805;3.85%
01/03/2023;1 345;1 345;1 345;1 345;657;883 665;-0.37%
02/03/2023;1 350;1 350;1 350;1 350;163;220 050;0.37%
03/03/2023;1 350;1 345;1 350;1 345;256;344 960;0.00%
06/03/2023;1 340;1 340;1 340;1 340;20;26 800;-0.74%
07/03/2023;1 360;1 340;1 360;1 340;1 620;2 187 000;1.49%
08/03/2023;1 360;1 360;1 360;1 360;865;1 176 400;0.00%
09/03/2023;1 360;1 360;1 360;1 360;2 913;3 961 680;0.00%
10/03/2023;1 360;1 360;1 360;1 360;1 057;1 437 520;0.00%
13/03/2023;1 380;1 385;1 385;1 380;233;322 123;1.47%
14/03/2023;1 380;1 355;1 380;1 355;1 538;2 103 215;0.00%
15/03/2023;1 395;1 380;1 395;1 380;12 418;17 229 975;1.09%
16/03/2023;1 480;1 400;1 480;1 400;2 951;4 249 440;6.09%
17/03/2023;1 480;1 400;1 480;1 400;2 010;2 894 400;0.00%
20/03/2023;1 480;1 400;1 480;1 400;3 608;5 195 520;0.00%
21/03/2023;1 460;1 480;1 480;1 460;3 217;4 728 990;-1.35%
22/03/2023;1 460;1 400;1 460;1 400;649;928 070;0.00%
23/03/2023;1 460;1 460;1 460;1 460;2 696;3 936 160;0.00%
24/03/2023;1 455;1 460;1 460;1 455;6 880;10 027 600;-0.34%
27/03/2023;1 455;1 455;1 455;1 455;1 560;2 269 800;0.00%
28/03/2023;1 450;1 450;1 450;1 450;25;36 250;-0.34%
29/03/2023;1 360;1 450;1 450;1 360;2 907;4 084 335;-6.21%
30/03/2023;1 445;1 450;1 450;1 445;210;303 975;6.25%
31/03/2023;1 450;1 445;1 450;1 445;1 028;1 488 030;0.35%
03/04/2023;1 445;1 445;1 445;1 445;1 033;1 492 685;-0.34%
04/04/2023;1 430;1 450;1 450;1 430;55;79 200;-1.04%
05/04/2023;1 410;1 410;1 410;1 410;265;373 650;-1.40%
06/04/2023;1 455;1 410;1 455;1 410;1 165;1 668 863;3.19%
07/04/2023;1 400;1 405;1 405;1 400;560;785 400;-3.78%
10/04/2023;1 400;1 405;1 405;1 400;560;785 400;0.00%
11/04/2023;1 450;1 400;1 450;1 400;1 656;2 359 800;3.57%
12/04/2023;1 400;1 425;1 425;1 400;760;1 073 500;-3.45%
13/04/2023;1 400;1 400;1 400;1 400;1 190;1 666 000;0.00%
14/04/2023;1 395;1 395;1 395;1 395;1 324;1 846 980;-0.36%
17/04/2023;1 440;1 400;1 440;1 400;149;211 580;3.23%
18/04/2023;1 440;1 400;1 440;1 400;149;211 580;0.00%
19/04/2023;1 410;1 395;1 410;1 395;112;157 080;-2.08%
20/04/2023;1 400;1 395;1 400;1 395;1 360;1 900 600;-0.71%
21/04/2023;1 400;1 395;1 400;1 395;1 360;1 900 600;0.00%
24/04/2023;1 390;1 400;1 400;1 390;2 710;3 780 450;-0.71%
25/04/2023;1 395;1 390;1 395;1 390;320;445 600;0.36%
26/04/2023;1 395;1 355;1 395;1 355;1 400;1 925 000;0.00%
27/04/2023;1 370;1 355;1 370;1 355;10 545;14 367 563;-1.79%
28/04/2023;1 370;1 370;1 370;1 370;1 112;1 523 440;0.00%
01/05/2023;1 370;1 370;1 370;1 370;1 112;1 523 440;0.00%
02/05/2023;1 450;1 350;1 450;1 350;12 360;17 304 000;5.84%
03/05/2023;1 450;1 350;1 450;1 350;12 360;17 304 000;0.00%
04/05/2023;1 400;1 370;1 400;1 370;593;821 305;-3.45%
05/05/2023;1 400;1 325;1 400;1 325;267;363 788;0.00%
08/05/2023;1 400;1 400;1 400;1 400;797;1 115 800;0.00%
09/05/2023;1 395;1 400;1 400;1 395;388;542 230;-0.36%
10/05/2023;1 370;1 370;1 370;1 370;592;811 040;-1.79%
11/05/2023;1 370;1 375;1 375;1 370;1 602;2 198 745;0.00%
12/05/2023;1 350;1 360;1 360;1 350;2 836;3 842 780;-1.46%
15/05/2023;1 350;1 370;1 370;1 350;6 990;9 506 400;0.00%
16/05/2023;1 350;1 350;1 350;1 350;47;63 450;0.00%
17/05/2023;1 350;1 400;1 400;1 350;55;75 625;0.00%
18/05/2023;1 350;1 400;1 400;1 350;55;75 625;0.00%
19/05/2023;1 350;1 350;1 350;1 350;2 949;3 981 150;0.00%
22/05/2023;1 395;1 350;1 395;1 350;581;797 423;3.33%
23/05/2023;1 350;1 350;1 350;1 350;3 581;4 834 350;-3.23%
24/05/2023;1 395;1 350;1 395;1 350;2 868;3 936 330;3.33%
25/05/2023;1 395;1 395;1 395;1 395;291;405 945;0.00%
26/05/2023;1 400;1 400;1 400;1 400;170;238 000;0.36%
29/05/2023;1 400;1 400;1 400;1 400;170;238 000;0.00%
30/05/2023;1 350;1 395;1 395;1 350;10 762;14 770 845;-3.57%
31/05/2023;1 390;1 350;1 390;1 350;145;198 650;2.96%
01/06/2023;1 350;1 390;1 390;1 350;441;604 170;-2.88%
02/06/2023;1 350;1 345;1 350;1 345;540;727 650;0.00%
05/06/2023;1 330;1 350;1 350;1 330;2 450;3 283 000;-1.48%
06/06/2023;1 345;1 350;1 350;1 345;567;764 033;1.13%
07/06/2023;1 345;1 345;1 345;1 345;165;221 925;0.00%
08/06/2023;1 350;1 350;1 350;1 350;3 920;5 292 000;0.37%
09/06/2023;1 340;1 400;1 400;1 340;1 023;1 401 510;-0.74%
12/06/2023;1 325;1 300;1 325;1 300;2 374;3 115 875;-1.12%
13/06/2023;1 300;1 325;1 325;1 300;8 109;10 643 063;-1.89%
14/06/2023;1 320;1 300;1 320;1 300;300;393 000;1.54%
15/06/2023;1 280;1 300;1 300;1 280;1 938;2 500 020;-3.03%
16/06/2023;1 280;1 280;1 280;1 280;621;794 880;0.00%
19/06/2023;1 280;1 320;1 320;1 280;8 089;10 515 700;0.00%
20/06/2023;1 280;1 275;1 280;1 275;857;1 094 818;0.00%
21/06/2023;1 275;1 280;1 280;1 275;3 465;4 426 538;-0.39%
22/06/2023;1 315;1 245;1 315;1 245;2 373;3 037 440;3.14%
23/06/2023;1 340;1 315;1 340;1 315;101;134 078;1.90%
26/06/2023;1 350;1 340;1 350;1 340;413;555 485;0.75%
27/06/2023;1 345;1 350;1 350;1 345;72;97 020;-0.37%
28/06/2023;1 345;1 350;1 350;1 345;72;97 020;0.00%
29/06/2023;1 440;1 400;1 440;1 400;17 949;25 487 580;7.06%
30/06/2023;1 545;1 440;1 545;1 440;3 256;4 859 580;7.29%
03/07/2023;1 530;1 530;1 530;1 530;4 161;6 366 330;-0.97%
04/07/2023;1 515;1 445;1 515;1 445;4 463;6 605 240;-0.98%
05/07/2023;1 530;1 515;1 530;1 515;1 680;2 557 800;0.99%
06/07/2023;1 535;1 525;1 535;1 525;2 042;3 124 260;0.33%
07/07/2023;1 540;1 535;1 540;1 535;765;1 176 188;0.33%
10/07/2023;1 535;1 540;1 540;1 535;309;475 088;-0.32%
11/07/2023;1 550;1 535;1 550;1 535;3 219;4 965 308;0.98%
12/07/2023;1 520;1 530;1 530;1 520;54 227;82 696 175;-1.94%
13/07/2023;1 620;1 530;1 620;1 530;5 575;8 780 625;6.58%
14/07/2023;1 620;1 600;1 620;1 600;3 585;5 771 850;0.00%
17/07/2023;1 700;1 615;1 700;1 615;1 185;1 964 138;4.94%
18/07/2023;1 690;1 650;1 690;1 650;3 781;6 314 270;-0.59%
19/07/2023;1 565;1 585;1 585;1 565;254;400 050;-7.40%
20/07/2023;1 690;1 565;1 690;1 565;2 348;3 821 370;7.99%
21/07/2023;1 650;1 650;1 650;1 650;4 101;6 766 650;-2.37%
24/07/2023;1 595;1 615;1 615;1 595;2 089;3 352 845;-3.33%
25/07/2023;1 580;1 590;1 590;1 580;1 699;2 692 915;-0.94%
26/07/2023;1 645;1 465;1 645;1 465;6 863;10 671 965;4.11%
27/07/2023;1 600;1 600;1 600;1 600;3 340;5 344 000;-2.74%
28/07/2023;1 600;1 600;1 600;1 600;648;1 036 800;0.00%
31/07/2023;1 690;1 600;1 690;1 600;1 216;2 000 320;5.63%
01/08/2023;1 685;1 680;1 685;1 680;1 180;1 985 350;-0.30%
02/08/2023;1 645;1 650;1 650;1 645;1 710;2 817 225;-2.37%
03/08/2023;1 675;1 690;1 690;1 675;5 003;8 417 548;1.82%
04/08/2023;1 650;1 670;1 670;1 650;1 296;2 151 360;-1.49%
07/08/2023;1 650;1 670;1 670;1 650;1 296;2 151 360;0.00%
08/08/2023;1 650;1 650;1 650;1 650;1;1 650;0.00%
09/08/2023;1 595;1 595;1 595;1 595;518;826 210;-3.33%
10/08/2023;1 595;1 595;1 595;1 595;72;114 840;0.00%
11/08/2023;1 500;1 505;1 505;1 500;1 253;1 882 633;-5.96%
14/08/2023;1 550;1 500;1 550;1 500;1 954;2 979 850;3.33%
15/08/2023;1 550;1 500;1 550;1 500;1 954;2 979 850;0.00%
16/08/2023;1 555;1 595;1 595;1 555;105;165 375;0.32%
17/08/2023;1 545;1 550;1 550;1 545;48 193;74 578 668;-0.64%
18/08/2023;1 495;1 540;1 540;1 495;288;437 040;-3.24%
21/08/2023;1 495;1 450;1 495;1 450;4 381;6 451 023;0.00%
22/08/2023;1 550;1 490;1 550;1 490;4 666;7 092 320;3.68%
23/08/2023;1 545;1 545;1 545;1 545;1;1 545;-0.32%
24/08/2023;1 470;1 545;1 545;1 470;3 543;5 341 073;-4.85%
25/08/2023;1 500;1 545;1 545;1 500;101;153 773;2.04%
28/08/2023;1 540;1 455;1 540;1 455;11 780;17 640 550;2.67%
29/08/2023;1 540;1 455;1 540;1 455;11 780;17 640 550;0.00%
30/08/2023;1 450;1 530;1 530;1 450;1 571;2 340 790;-5.84%
31/08/2023;1 450;1 460;1 460;1 450;1 152;1 676 160;0.00%
01/09/2023;1 455;1 455;1 455;1 455;660;960 300;0.34%
04/09/2023;1 470;1 480;1 480;1 470;477;703 575;1.03%
05/09/2023;1 470;1 470;1 470;1 470;72;105 840;0.00%
06/09/2023;1 480;1 470;1 480;1 470;709;1 045 775;0.68%
07/09/2023;1 480;1 480;1 480;1 480;597;883 560;0.00%
08/09/2023;1 470;1 475;1 475;1 470;413;608 143;-0.68%
11/09/2023;1 475;1 480;1 480;1 475;1 842;2 721 555;0.34%
12/09/2023;1 480;1 480;1 480;1 480;1 765;2 612 200;0.34%
13/09/2023;1 480;1 450;1 480;1 450;3 932;5 760 380;0.00%
14/09/2023;1 470;1 480;1 480;1 470;5 158;7 608 050;-0.68%
15/09/2023;1 475;1 475;1 475;1 475;285;420 375;0.34%
18/09/2023;1 500;1 475;1 500;1 475;2 106;3 132 675;1.69%
19/09/2023;1 475;1 475;1 475;1 475;1 478;2 180 050;-1.67%
20/09/2023;1 470;1 475;1 475;1 470;801;1 179 473;-0.34%
21/09/2023;1 470;1 470;1 470;1 470;1 257;1 847 790;0.00%
22/09/2023;1 420;1 470;1 470;1 420;3 481;5 030 045;-3.40%
25/09/2023;1 450;1 425;1 450;1 425;416;598 000;2.11%
26/09/2023;1 470;1 475;1 475;1 470;675;993 938;1.38%
27/09/2023;1 470;1 475;1 475;1 470;675;993 938;0.00%
28/09/2023;1 500;1 475;1 500;1 475;646;960 925;2.04%
29/09/2023;1 610;1 430;1 610;1 430;5 471;8 315 920;7.33%
02/10/2023;1 590;1 500;1 590;1 500;170;262 650;-1.24%
03/10/2023;1 600;1 610;1 610;1 600;1 575;2 527 875;0.63%
04/10/2023;1 580;1 580;1 580;1 580;672;1 061 760;-1.25%
05/10/2023;1 550;1 570;1 570;1 550;136;212 160;-1.90%
06/10/2023;1 575;1 550;1 575;1 550;103;160 938;1.61%
09/10/2023;1 575;1 575;1 575;1 575;1 056;1 663 200;0.00%
10/10/2023;1 570;1 580;1 580;1 570;140;220 500;-0.32%
11/10/2023;1 565;1 560;1 565;1 560;9 215;14 398 438;-0.32%
12/10/2023;1 560;1 565;1 565;1 560;362;565 625;-0.32%
13/10/2023;1 560;1 550;1 560;1 550;424;659 320;0.00%
16/10/2023;1 560;1 550;1 560;1 550;418;649 990;0.00%
17/10/2023;1 500;1 550;1 550;1 500;256;390 400;-3.85%
18/10/2023;1 390;1 470;1 470;1 390;2 928;4 187 040;-7.33%
19/10/2023;1 490;1 400;1 490;1 400;1 129;1 631 405;7.19%
20/10/2023;1 490;1 550;1 550;1 490;32;48 640;0.00%
23/10/2023;1 490;1 490;1 490;1 490;64;95 360;0.00%
24/10/2023;1 480;1 480;1 480;1 480;57;84 360;-0.67%
25/10/2023;1 480;1 475;1 480;1 475;1 473;2 176 358;0.00%
26/10/2023;1 400;1 450;1 450;1 400;4 503;6 416 775;-5.41%
27/10/2023;1 390;1 395;1 395;1 390;1 334;1 857 595;-0.71%
30/10/2023;1 400;1 400;1 400;1 400;950;1 330 000;0.72%
31/10/2023;1 400;1 400;1 400;1 400;709;992 600;0.00%
01/11/2023;1 400;1 400;1 400;1 400;709;992 600;0.00%
02/11/2023;1 375;1 400;1 400;1 375;4 307;5 975 963;-1.79%
03/11/2023;1 400;1 300;1 400;1 300;180;243 000;1.82%
06/11/2023;1 400;1 355;1 400;1 355;2 551;3 514 003;0.00%
07/11/2023;1 395;1 375;1 395;1 375;1 458;2 019 330;-0.36%
08/11/2023;1 395;1 395;1 395;1 395;940;1 311 300;0.00%
09/11/2023;1 450;1 395;1 450;1 395;4 556;6 480 910;3.94%
10/11/2023;1 555;1 550;1 555;1 550;11 252;17 468 730;7.24%
13/11/2023;1 655;1 670;1 670;1 655;42 754;71 078 525;6.43%
14/11/2023;1 635;1 660;1 660;1 635;2 954;4 866 715;-1.21%
15/11/2023;1 635;1 660;1 660;1 635;2 954;4 866 715;0.00%
16/11/2023;1 595;1 600;1 600;1 595;2 566;4 099 185;-2.45%
17/11/2023;1 490;1 485;1 490;1 485;350;520 625;-6.58%
20/11/2023;1 600;1 595;1 600;1 595;2 894;4 623 165;7.38%
21/11/2023;1 480;1 595;1 595;1 480;6 018;9 252 675;-7.50%
22/11/2023;1 590;1 485;1 590;1 485;146;224 475;7.43%
23/11/2023;1 500;1 595;1 595;1 500;758;1 173 005;-5.66%
24/11/2023;1 500;1 500;1 500;1 500;9 342;14 013 000;0.00%
27/11/2023;1 520;1 500;1 520;1 500;26 892;40 606 920;1.33%
28/11/2023;1 485;1 500;1 500;1 485;7 161;10 687 793;-2.30%
29/11/2023;1 470;1 485;1 485;1 470;1 989;2 938 748;-1.01%
30/11/2023;1 500;1 475;1 500;1 475;5 259;7 822 763;2.04%
01/12/2023;1 500;1 445;1 500;1 445;894;1 316 415;0.00%
04/12/2023;1 490;1 510;1 510;1 490;14 357;21 535 500;-0.67%
05/12/2023;1 495;1 495;1 495;1 495;7 953;11 889 735;0.34%
06/12/2023;1 565;1 500;1 565;1 500;1 112;1 704 140;4.68%
07/12/2023;1 550;1 565;1 565;1 550;4 442;6 918 415;-0.96%
08/12/2023;1 500;1 500;1 500;1 500;10 400;15 600 000;-3.23%
11/12/2023;1 500;1 500;1 500;1 500;3 561;5 341 500;0.00%
12/12/2023;1 475;1 475;1 475;1 475;4 895;7 220 125;-1.67%
13/12/2023;1 495;1 495;1 495;1 495;1 386;2 072 070;1.36%
14/12/2023;1 495;1 490;1 495;1 490;15 827;23 621 798;0.00%
15/12/2023;1 490;1 495;1 495;1 490;1 726;2 576 055;-0.33%
18/12/2023;1 385;1 490;1 490;1 385;3 415;4 909 063;-7.05%
19/12/2023;1 485;1 400;1 485;1 400;22 836;32 940 930;7.22%
20/12/2023;1 400;1 485;1 485;1 400;90 973;131 228 553;-5.72%
21/12/2023;1 450;1 420;1 450;1 420;3 212;4 609 220;3.57%
22/12/2023;1 450;1 450;1 450;1 450;1 094;1 586 300;0.00%
25/12/2023;1 450;1 450;1 450;1 450;1 094;1 586 300;0.00%
26/12/2023;1 450;1 460;1 460;1 450;3 399;4 945 545;0.00%
27/12/2023;1 450;1 450;1 450;1 450;2 648;3 839 600;0.00%
28/12/2023;1 400;1 450;1 450;1 400;3 537;5 040 225;-3.45%
29/12/2023;1 350;1 400;1 400;1 350;9 357;12 865 875;-3.57%
01/01/2024;1 350;1 400;1 400;1 350;9 357;12 865 875;0.00%
02/01/2024;1 400;1 345;1 400;1 345;4 082;5 602 545;3.70%
03/01/2024;1 400;1 400;1 400;1 400;3 637;5 091 800;0.00%
04/01/2024;1 500;1 400;1 500;1 400;4 772;6 919 400;7.14%
05/01/2024;1 400;1 500;1 500;1 400;3 906;5 663 700;-6.67%
08/01/2024;1 375;1 395;1 395;1 375;42 588;58 984 380;-1.79%
09/01/2024;1 375;1 375;1 375;1 375;26 134;35 934 250;0.00%
10/01/2024;1 400;1 385;1 400;1 385;3 039;4 231 808;1.82%
11/01/2024;1 400;1 400;1 400;1 400;11 514;16 119 600;0.00%
12/01/2024;1 400;1 380;1 400;1 380;6 344;8 818 160;0.00%
15/01/2024;1 375;1 400;1 400;1 375;3 020;4 190 250;-1.79%
16/01/2024;1 375;1 375;1 375;1 375;4 307;5 922 125;0.00%
17/01/2024;1 375;1 375;1 375;1 375;45 681;62 811 375;0.00%
18/01/2024;1 365;1 365;1 365;1 365;10 323;14 090 895;-0.73%
19/01/2024;1 400;1 380;1 400;1 380;31 874;44 304 860;2.56%
22/01/2024;1 400;1 400;1 400;1 400;14 931;20 903 400;0.00%
23/01/2024;1 390;1 400;1 400;1 390;4 445;6 200 775;-0.71%
24/01/2024;1 390;1 390;1 390;1 390;5 237;7 279 430;0.00%
25/01/2024;1 400;1 390;1 400;1 390;6 730;9 388 350;0.72%
26/01/2024;1 395;1 400;1 400;1 395;3 166;4 424 485;-0.36%
29/01/2024;1 470;1 395;1 470;1 395;7 569;10 842 593;5.38%
30/01/2024;1 460;1 470;1 470;1 460;939;1 375 635;-0.68%
31/01/2024;1 460;1 460;1 460;1 460;437;638 020;0.00%
01/02/2024;1 460;1 450;1 460;1 450;3 333;4 849 515;0.00%
02/02/2024;1 460;1 470;1 470;1 460;3 779;5 536 235;0.00%
05/02/2024;1 455;1 450;1 455;1 450;4 124;5 990 110;-0.34%
06/02/2024;1 450;1 470;1 470;1 450;247;360 620;-0.34%
07/02/2024;1 470;1 450;1 470;1 450;14 191;20 718 860;1.38%
08/02/2024;1 470;1 450;1 470;1 450;565;824 900;0.00%
09/02/2024;1 470;1 470;1 470;1 470;1 787;2 626 890;0.00%
12/02/2024;1 470;1 470;1 470;1 470;1 787;2 626 890;0.00%
13/02/2024;1 490;1 490;1 490;1 490;1 593;2 373 570;1.36%
14/02/2024;1 495;1 490;1 495;1 490;2 651;3 956 618;0.34%
15/02/2024;1 495;1 495;1 495;1 495;719;1 074 905;0.00%
16/02/2024;1 545;1 495;1 545;1 495;2 855;4 339 600;3.34%
19/02/2024;1 500;1 540;1 540;1 500;31 849;48 410 480;-2.91%
20/02/2024;1 500;1 510;1 510;1 500;3 756;5 652 780;0.00%
21/02/2024;1 495;1 500;1 500;1 495;754;1 129 115;-0.33%
22/02/2024;1 495;1 495;1 495;1 495;15 549;23 245 755;0.00%
23/02/2024;1 475;1 500;1 500;1 475;1 267;1 884 663;-1.34%
26/02/2024;1 500;1 480;1 500;1 480;4 689;6 986 610;1.69%
27/02/2024;1 500;1 500;1 500;1 500;4 173;6 259 500;0.00%
28/02/2024;1 585;1 500;1 585;1 500;3 301;5 091 793;5.67%
29/02/2024;1 585;1 580;1 585;1 580;1 702;2 693 415;0.00%
01/03/2024;1 570;1 495;1 570;1 495;5 421;8 307 683;-0.95%
04/03/2024;1 545;1 550;1 550;1 545;4 619;7 147 903;-1.59%
05/03/2024;1 495;1 505;1 505;1 495;7 436;11 154 000;-3.24%
06/03/2024;1 530;1 505;1 530;1 505;5 279;8 010 883;2.34%
07/03/2024;1 485;1 540;1 540;1 485;9 919;15 002 488;-2.94%
08/03/2024;1 495;1 540;1 540;1 495;2 242;3 402 235;0.67%
11/03/2024;1 500;1 500;1 500;1 500;4 403;6 604 500;0.33%
12/03/2024;1 525;1 500;1 525;1 500;14 767;22 335 088;1.67%
13/03/2024;1 520;1 525;1 525;1 520;31 823;48 450 518;-0.33%
14/03/2024;1 500;1 505;1 505;1 500;7 253;10 897 633;-1.32%
15/03/2024;1 525;1 525;1 525;1 525;25;38 125;1.67%
18/03/2024;1 525;1 525;1 525;1 525;7 194;10 970 850;0.00%
19/03/2024;1 525;1 520;1 525;1 520;13 810;21 025 725;0.00%
20/03/2024;1 530;1 525;1 530;1 525;20 960;32 016 400;0.33%
21/03/2024;1 545;1 535;1 545;1 535;3 354;5 165 160;0.98%
22/03/2024;1 555;1 545;1 555;1 545;1 666;2 582 300;0.65%
25/03/2024;1 550;1 555;1 555;1 550;8 963;13 915 058;-0.32%
26/03/2024;1 540;1 550;1 550;1 540;3 457;5 341 065;-0.65%
27/03/2024;1 545;1 540;1 545;1 540;910;1 403 675;0.32%
28/03/2024;1 575;1 545;1 575;1 545;2 709;4 226 040;1.94%
29/03/2024;1 600;1 550;1 600;1 550;2 673;4 209 975;1.59%
01/04/2024;1 600;1 550;1 600;1 550;2 673;4 209 975;0.00%
02/04/2024;1 600;1 595;1 600;1 595;9 085;14 513 288;0.00%
03/04/2024;1 615;1 610;1 615;1 610;983;1 585 088;0.94%
04/04/2024;1 620;1 615;1 620;1 615;1 748;2 827 390;0.31%
05/04/2024;1 610;1 600;1 610;1 600;9 574;15 366 270;-0.62%
08/04/2024;1 615;1 610;1 615;1 610;2 703;4 358 588;0.31%
09/04/2024;1 600;1 610;1 610;1 600;2 316;3 717 180;-0.93%
10/04/2024;1 600;1 610;1 610;1 600;2 316;3 717 180;0.00%
11/04/2024;1 600;1 600;1 600;1 600;1 208;1 932 800;0.00%
12/04/2024;1 650;1 600;1 650;1 600;27 635;44 906 875;3.13%
15/04/2024;1 635;1 650;1 650;1 635;1 073;1 762 403;-0.91%
16/04/2024;1 635;1 635;1 635;1 635;2 742;4 483 170;0.00%
17/04/2024;1 635;1 605;1 635;1 605;628;1 017 360;0.00%
18/04/2024;1 600;1 635;1 635;1 600;12 174;19 691 445;-2.14%
19/04/2024;1 660;1 600;1 660;1 600;11 131;18 143 530;3.75%
22/04/2024;1 660;1 660;1 660;1 660;1 431;2 375 460;0.00%
23/04/2024;1 690;1 650;1 690;1 650;3 576;5 971 920;1.81%
24/04/2024;1 680;1 660;1 680;1 660;2 999;5 008 330;-0.59%
25/04/2024;1 685;1 680;1 685;1 680;1 745;2 935 963;0.30%
26/04/2024;1 640;1 685;1 685;1 640;2 113;3 512 863;-2.67%
29/04/2024;1 640;1 635;1 640;1 635;3 967;6 495 963;0.00%
30/04/2024;1 685;1 640;1 685;1 640;4 037;6 711 513;2.74%
01/05/2024;1 685;1 640;1 685;1 640;4 037;6 711 513;0.00%
02/05/2024;1 700;1 715;1 715;1 700;14 994;25 602 255;0.89%
03/05/2024;1 575;1 575;1 575;1 575;1 898;2 989 350;-7.35%
06/05/2024;1 460;1 460;1 460;1 460;6 876;10 038 960;-7.30%
07/05/2024;1 355;1 355;1 355;1 355;16 002;21 682 710;-7.19%
08/05/2024;1 455;1 255;1 455;1 255;52 241;70 786 555;7.38%
09/05/2024;1 455;1 255;1 455;1 255;52 241;70 786 555;0.00%
10/05/2024;1 440;1 455;1 455;1 440;2 286;3 308 985;-1.03%
13/05/2024;1 490;1 395;1 490;1 395;5 587;8 059 248;3.47%
14/05/2024;1 485;1 425;1 485;1 425;4 485;6 525 675;-0.34%
15/05/2024;1 480;1 490;1 490;1 480;340;504 900;-0.34%
16/05/2024;1 425;1 450;1 450;1 425;12 062;17 339 125;-3.72%
17/05/2024;1 400;1 320;1 400;1 320;19 697;26 787 920;-1.75%
20/05/2024;1 400;1 320;1 400;1 320;19 697;26 787 920;0.00%
21/05/2024;1 390;1 400;1 400;1 390;485;676 575;-0.71%
22/05/2024;1 390;1 360;1 390;1 360;1 805;2 481 875;0.00%
23/05/2024;1 385;1 390;1 390;1 385;2 311;3 206 513;-0.36%
24/05/2024;1 430;1 385;1 430;1 385;3 736;5 258 420;3.25%
27/05/2024;1 450;1 430;1 450;1 430;7 476;10 765 440;1.40%
28/05/2024;1 470;1 450;1 470;1 450;4 811;7 024 060;1.38%
29/05/2024;1 450;1 450;1 450;1 450;10 263;14 881 350;-1.36%
30/05/2024;1 440;1 430;1 440;1 430;2 224;3 191 440;-0.69%
31/05/2024;1 430;1 450;1 450;1 430;22 326;32 149 440;-0.69%
03/06/2024;1 350;1 350;1 350;1 350;15 671;21 155 850;-5.59%
04/06/2024;1 395;1 350;1 395;1 350;3 652;5 012 370;3.33%
05/06/2024;1 350;1 395;1 395;1 350;20 853;28 620 743;-3.23%
06/06/2024;1 350;1 390;1 390;1 350;7 487;10 257 190;0.00%
07/06/2024;1 375;1 350;1 375;1 350;7 607;10 364 538;1.85%
10/06/2024;1 350;1 375;1 375;1 350;1 864;2 539 700;-1.82%
11/06/2024;1 345;1 350;1 350;1 345;822;1 107 645;-0.37%
12/06/2024;1 375;1 350;1 375;1 350;4 288;5 842 400;2.23%
13/06/2024;1 390;1 375;1 390;1 375;2 585;3 573 763;1.09%
14/06/2024;1 350;1 300;1 350;1 300;21 624;28 651 800;-2.88%
18/06/2024;1 310;1 250;1 310;1 250;20 449;26 174 720;-2.96%
19/06/2024;1 285;1 230;1 285;1 230;4 139;5 204 793;-1.91%
20/06/2024;1 280;1 285;1 285;1 280;1 202;1 541 565;-0.39%
21/06/2024;1 275;1 280;1 280;1 275;4 171;5 328 453;-0.39%
24/06/2024;1 230;1 275;1 275;1 230;7 946;9 952 365;-3.53%
25/06/2024;1 265;1 230;1 265;1 230;9 813;12 241 718;2.85%
26/06/2024;1 265;1 240;1 265;1 240;7 123;8 921 558;0.00%
27/06/2024;1 265;1 275;1 275;1 265;2 741;3 481 070;0.00%
28/06/2024;1 275;1 265;1 275;1 265;26 740;33 959 800;0.79%
01/07/2024;1 275;1 275;1 275;1 275;6 255;7 975 125;0.00%
02/07/2024;1 260;1 265;1 265;1 260;6 211;7 841 388;-1.18%
03/07/2024;1 295;1 260;1 295;1 260;2 539;3 243 573;2.78%
04/07/2024;1 295;1 295;1 295;1 295;6 601;8 548 295;0.00%
05/07/2024;1 295;1 225;1 295;1 225;9 986;12 582 360;0.00%
08/07/2024;1 250;1 295;1 295;1 250;7 251;9 226 898;-3.47%
09/07/2024;1 250;1 250;1 250;1 250;3 874;4 842 500;0.00%
10/07/2024;1 300;1 250;1 300;1 250;3 909;4 983 975;4.00%
11/07/2024;1 280;1 295;1 295;1 280;759;977 213;-1.54%
12/07/2024;1 315;1 280;1 315;1 280;28 610;37 121 475;2.73%
15/07/2024;1 310;1 315;1 315;1 310;18 523;24 311 438;-0.38%
16/07/2024;1 300;1 310;1 310;1 300;12 534;16 356 870;-0.76%
17/07/2024;1 310;1 300;1 310;1 300;1 962;2 560 410;0.77%
18/07/2024;1 305;1 310;1 310;1 305;490;640 675;-0.38%
19/07/2024;1 290;1 305;1 305;1 290;2 592;3 363 120;-1.15%
22/07/2024;1 330;1 290;1 330;1 290;10 031;13 140 610;3.10%
23/07/2024;1 315;1 330;1 330;1 315;2 800;3 703 000;-1.13%
24/07/2024;1 320;1 280;1 320;1 280;1 175;1 527 500;0.38%
25/07/2024;1 310;1 320;1 320;1 310;324;426 060;-0.76%
26/07/2024;1 320;1 305;1 320;1 305;1 784;2 341 500;0.76%
29/07/2024;1 300;1 315;1 315;1 300;4 361;5 702 008;-1.52%
30/07/2024;1 300;1 300;1 300;1 300;1 398;1 817 400;0.00%
31/07/2024;1 300;1 300;1 300;1 300;11 470;14 911 000;0.00%
01/08/2024;1 295;1 300;1 300;1 295;8 452;10 966 470;-0.38%
02/08/2024;1 295;1 295;1 295;1 295;12 498;16 184 910;0.00%
05/08/2024;1 290;1 300;1 300;1 290;2 703;3 500 385;-0.39%
06/08/2024;1 290;1 290;1 290;1 290;5 632;7 265 280;0.00%
07/08/2024;1 290;1 290;1 290;1 290;5 632;7 265 280;0.00%
08/08/2024;1 265;1 265;1 265;1 265;13 421;16 977 565;-1.94%
09/08/2024;1 285;1 265;1 285;1 265;593;756 075;1.58%
12/08/2024;1 290;1 285;1 290;1 285;167;215 013;0.39%
13/08/2024;1 290;1 290;1 290;1 290;2 561;3 303 690;0.00%
14/08/2024;1 280;1 285;1 285;1 280;324;415 530;-0.78%
15/08/2024;1 280;1 285;1 285;1 280;324;415 530;0.00%
16/08/2024;1 320;1 290;1 320;1 290;13 983;18 247 815;3.13%
19/08/2024;1 315;1 320;1 320;1 315;687;905 123;-0.38%
20/08/2024;1 315;1 315;1 315;1 315;695;913 925;0.00%
21/08/2024;1 325;1 315;1 325;1 315;4 122;5 441 040;0.76%
22/08/2024;1 310;1 325;1 325;1 310;214;281 945;-1.13%
23/08/2024;1 315;1 315;1 315;1 315;1 738;2 285 470;0.38%
26/08/2024;1 320;1 315;1 320;1 315;220;289 850;0.38%
27/08/2024;1 305;1 320;1 320;1 305;3 475;4 560 938;-1.14%
28/08/2024;1 310;1 305;1 310;1 305;1 391;1 818 733;0.38%
29/08/2024;1 300;1 280;1 300;1 280;11 402;14 708 580;-0.76%
30/08/2024;1 385;1 300;1 385;1 300;2 050;2 752 125;6.54%
02/09/2024;1 390;1 385;1 390;1 385;832;1 154 400;0.36%
03/09/2024;1 390;1 320;1 390;1 320;583;789 965;0.00%
04/09/2024;1 415;1 390;1 415;1 390;4 334;6 078 435;1.80%
05/09/2024;1 395;1 400;1 400;1 395;3 240;4 527 900;-1.41%
06/09/2024;1 385;1 395;1 395;1 385;245;340 550;-0.72%
09/09/2024;1 375;1 400;1 400;1 375;1 491;2 068 763;-0.72%
10/09/2024;1 390;1 390;1 390;1 390;199;276 610;1.09%
11/09/2024;1 340;1 390;1 390;1 340;9 621;13 132 665;-3.60%
12/09/2024;1 390;1 340;1 390;1 340;1 064;1 452 360;3.73%
13/09/2024;1 320;1 390;1 390;1 320;177;239 835;-5.04%
16/09/2024;1 380;1 320;1 380;1 320;2 324;3 137 400;4.55%
17/09/2024;1 380;1 350;1 380;1 350;202;275 730;0.00%
18/09/2024;1 370;1 380;1 380;1 370;430;591 250;-0.72%
19/09/2024;1 370;1 370;1 370;1 370;8 654;11 855 980;0.00%
20/09/2024;1 370;1 370;1 370;1 370;162;221 940;0.00%
23/09/2024;1 350;1 310;1 350;1 310;1 976;2 628 080;-1.46%
24/09/2024;1 350;1 340;1 350;1 340;270;363 150;0.00%
25/09/2024;1 350;1 350;1 350;1 350;14 008;18 910 800;0.00%
26/09/2024;1 450;1 350;1 450;1 350;5 598;7 837 200;7.41%
27/09/2024;1 445;1 450;1 450;1 445;6 361;9 207 548;-0.34%
30/09/2024;1 485;1 400;1 485;1 400;3 519;5 076 158;2.77%
01/10/2024;1 490;1 375;1 490;1 375;2 851;4 084 058;0.34%
02/10/2024;1 495;1 485;1 495;1 485;15 190;22 633 100;0.34%
03/10/2024;1 505;1 440;1 505;1 440;13 197;19 432 583;0.67%
04/10/2024;1 505;1 495;1 505;1 495;696;1 044 000;0.00%
07/10/2024;1 455;1 505;1 505;1 455;10 639;15 745 720;-3.32%
08/10/2024;1 475;1 465;1 475;1 465;1 168;1 716 960;1.37%
09/10/2024;1 450;1 500;1 500;1 450;6 251;9 220 225;-1.69%
10/10/2024;1 450;1 450;1 450;1 450;4 038;5 855 100;0.00%
11/10/2024;1 500;1 455;1 500;1 455;9 803;14 483 933;3.45%
14/10/2024;1 450;1 500;1 500;1 450;2 075;3 060 625;-3.33%
15/10/2024;1 450;1 425;1 450;1 425;1 033;1 484 938;0.00%
16/10/2024;1 440;1 450;1 450;1 440;2 207;3 189 115;-0.69%
17/10/2024;1 445;1 450;1 450;1 445;8 720;12 622 200;0.35%
18/10/2024;1 445;1 445;1 445;1 445;890;1 286 050;0.00%
21/10/2024;1 445;1 440;1 445;1 440;2 483;3 581 728;0.00%
22/10/2024;1 445;1 355;1 445;1 355;399;558 600;0.00%
23/10/2024;1 440;1 420;1 440;1 420;6 944;9 929 920;-0.35%
24/10/2024;1 450;1 440;1 450;1 440;1 523;2 200 735;0.69%
25/10/2024;1 380;1 360;1 380;1 360;1 621;2 220 770;-4.83%
28/10/2024;1 440;1 425;1 440;1 425;2 335;3 344 888;4.35%
29/10/2024;1 440;1 440;1 440;1 440;6 947;10 003 680;0.00%
30/10/2024;1 400;1 400;1 400;1 400;1 270;1 778 000;-2.78%
31/10/2024;1 400;1 400;1 400;1 400;292;408 800;0.00%
01/11/2024;1 400;1 400;1 400;1 400;292;408 800;0.00%
04/11/2024;1 400;1 350;1 400;1 350;573;787 875;0.00%
05/11/2024;1 395;1 350;1 395;1 350;61 348;84 200 130;-0.36%
06/11/2024;1 400;1 385;1 400;1 385;6 554;9 126 445;0.36%
07/11/2024;1 435;1 400;1 435;1 400;3 046;4 317 705;2.50%
08/11/2024;1 400;1 435;1 435;1 400;2 023;2 867 603;-2.44%
11/11/2024;1 395;1 380;1 395;1 380;11 147;15 466 463;-0.36%
12/11/2024;1 345;1 390;1 390;1 345;80;109 400;-3.58%
13/11/2024;1 350;1 345;1 350;1 345;10 315;13 899 463;0.37%
14/11/2024;1 400;1 390;1 400;1 390;1 253;1 747 935;3.70%
15/11/2024;1 400;1 390;1 400;1 390;1 253;1 747 935;0.00%
18/11/2024;1 375;1 395;1 395;1 375;26;36 010;-1.79%
19/11/2024;1 370;1 285;1 370;1 285;2 441;3 240 428;-0.36%
20/11/2024;1 370;1 370;1 370;1 370;117;160 290;0.00%
21/11/2024;1 360;1 365;1 365;1 360;261;355 613;-0.73%
22/11/2024;1 320;1 360;1 360;1 320;2 216;2 969 440;-2.94%
25/11/2024;1 330;1 320;1 330;1 320;2 189;2 900 425;0.76%
26/11/2024;1 330;1 330;1 330;1 330;3 570;4 748 100;0.00%
27/11/2024;1 330;1 330;1 330;1 330;374;497 420;0.00%
28/11/2024;1 395;1 315;1 395;1 315;8 697;11 784 435;4.89%
29/11/2024;1 390;1 395;1 395;1 390;2 070;2 882 475;-0.36%
02/12/2024;1 385;1 390;1 390;1 385;2 327;3 228 713;-0.36%
03/12/2024;1 440;1 385;1 440;1 385;4 968;7 017 300;3.97%
04/12/2024;1 440;1 440;1 440;1 440;1 412;2 033 280;0.00%
05/12/2024;1 400;1 440;1 440;1 400;451;640 420;-2.78%
06/12/2024;1 400;1 400;1 400;1 400;3 155;4 417 000;0.00%
09/12/2024;1 400;1 400;1 400;1 400;3 131;4 383 400;0.00%
10/12/2024;1 340;1 350;1 350;1 340;3 025;4 068 625;-4.29%
11/12/2024;1 330;1 315;1 330;1 315;3 253;4 302 093;-0.75%
12/12/2024;1 325;1 325;1 325;1 325;3 226;4 274 450;-0.38%
13/12/2024;1 340;1 325;1 340;1 325;31 218;41 597 985;1.13%
16/12/2024;1 325;1 340;1 340;1 325;7 019;9 352 818;-1.12%
17/12/2024;1 255;1 330;1 330;1 255;2 388;3 086 490;-5.28%
18/12/2024;1 325;1 325;1 325;1 325;421;557 825;5.58%
19/12/2024;1 320;1 330;1 330;1 320;5 567;7 376 275;-0.38%
20/12/2024;1 320;1 325;1 325;1 320;859;1 136 028;0.00%
23/12/2024;1 300;1 315;1 315;1 300;1 519;1 986 093;-1.52%
24/12/2024;1 300;1 300;1 300;1 300;1 079;1 402 700;0.00%
25/12/2024;1 300;1 315;1 315;1 300;1 079;1 410 793;0.00%
26/12/2024;1 300;1 300;1 300;1 300;1 517;1 972 100;0.00%
27/12/2024;1 330;1 330;1 330;1 330;5 949;7 912 170;2.31%
30/12/2024;1 330;1 325;1 330;1 325;1 929;2 560 748;0.00%
31/12/2024;1 340;1 330;1 340;1 330;5 730;7 649 550;0.75%
01/01/2025;1 340;1 330;1 340;1 330;5 730;7 649 550;0.00%
02/01/2025;1 340;1 340;1 340;1 340;424;568 160;0.00%
03/01/2025;1 300;1 300;1 300;1 300;3 777;4 910 100;-2.99%
06/01/2025;1 335;1 335;1 335;1 335;124;165 540;2.69%
07/01/2025;1 300;1 335;1 335;1 300;445;586 288;-2.62%
08/01/2025;1 320;1 320;1 320;1 320;2 298;3 033 360;1.54%
09/01/2025;1 300;1 320;1 320;1 300;1 244;1 629 640;-1.52%
10/01/2025;1 315;1 300;1 315;1 300;2 841;3 714 608;1.15%
13/01/2025;1 300;1 315;1 315;1 300;63;82 373;-1.14%
14/01/2025;1 290;1 290;1 290;1 290;2 012;2 595 480;-0.77%
15/01/2025;1 275;1 290;1 290;1 275;4 741;6 080 333;-1.16%
16/01/2025;1 255;1 280;1 280;1 255;4 204;5 328 570;-1.57%
17/01/2025;1 300;1 250;1 300;1 250;8 523;10 866 825;3.59%
20/01/2025;1 300;1 280;1 300;1 280;2 486;3 206 940;0.00%
21/01/2025;1 300;1 300;1 300;1 300;573;744 900;0.00%
22/01/2025;1 300;1 290;1 300;1 290;653;845 635;0.00%
23/01/2025;1 300;1 315;1 315;1 300;482;630 215;0.00%
24/01/2025;1 300;1 300;1 300;1 300;471;612 300;0.00%
27/01/2025;1 300;1 300;1 300;1 300;126;163 800;0.00%
28/01/2025;1 255;1 260;1 260;1 255;5 338;6 712 535;-3.46%
29/01/2025;1 260;1 255;1 260;1 255;9 247;11 628 103;0.40%
30/01/2025;1 280;1 240;1 280;1 240;435;548 100;1.59%
31/01/2025;1 275;1 250;1 275;1 250;2 830;3 572 875;-0.39%
03/02/2025;1 270;1 275;1 275;1 270;1 444;1 837 490;-0.39%
04/02/2025;1 275;1 270;1 275;1 270;1 604;2 041 090;0.39%
05/02/2025;1 275;1 275;1 275;1 275;961;1 225 275;0.00%
06/02/2025;1 280;1 270;1 280;1 270;3 271;4 170 525;0.39%
07/02/2025;1 310;1 285;1 310;1 285;4 007;5 199 083;2.34%
10/02/2025;1 400;1 310;1 400;1 310;2 500;3 387 500;6.87%
11/02/2025;1 365;1 350;1 365;1 350;3 914;5 313 255;-2.50%
12/02/2025;1 375;1 295;1 375;1 295;6 518;8 701 530;0.73%
13/02/2025;1 375;1 375;1 375;1 375;116;159 500;0.00%
14/02/2025;1 360;1 305;1 360;1 305;10 177;13 560 853;-1.09%
17/02/2025;1 360;1 360;1 360;1 360;390;530 400;0.00%
18/02/2025;1 360;1 360;1 360;1 360;9 420;12 811 200;0.00%
19/02/2025;1 360;1 285;1 360;1 285;360;476 100;0.00%
20/02/2025;1 350;1 360;1 360;1 350;284;384 820;-0.74%
21/02/2025;1 345;1 290;1 345;1 290;9 817;12 933 898;-0.37%
24/02/2025;1 340;1 345;1 345;1 340;2 091;2 807 168;-0.37%
25/02/2025;1 340;1 300;1 340;1 300;1 110;1 465 200;0.00%
26/02/2025;1 300;1 300;1 300;1 300;3 823;4 969 900;-2.99%
28/02/2025;1 305;1 340;1 340;1 305;4 397;5 815 033;0.38%
03/03/2025;1 320;1 330;1 330;1 320;6 143;8 139 475;1.15%
04/03/2025;1 340;1 325;1 340;1 325;7 246;9 655 295;1.52%
05/03/2025;1 395;1 350;1 395;1 350;8 186;11 235 285;4.10%
06/03/2025;1 395;1 395;1 395;1 395;699;975 105;0.00%
07/03/2025;1 350;1 395;1 395;1 350;4 235;5 812 538;-3.23%
10/03/2025;1 345;1 350;1 350;1 345;36 798;49 585 305;-0.37%
11/03/2025;1 345;1 345;1 345;1 345;7 815;10 511 175;0.00%
12/03/2025;1 345;1 345;1 345;1 345;824;1 108 280;0.00%
13/03/2025;1 380;1 345;1 380;1 345;3 021;4 116 113;2.60%
14/03/2025;1 370;1 380;1 380;1 370;20 334;27 959 250;-0.72%
17/03/2025;1 370;1 365;1 370;1 365;728;995 540;0.00%
18/03/2025;1 370;1 370;1 370;1 370;7 460;10 220 200;0.00%
19/03/2025;1 385;1 390;1 390;1 385;28 089;38 973 488;1.09%
20/03/2025;1 385;1 385;1 385;1 385;1 800;2 493 000;0.00%
21/03/2025;1 390;1 385;1 390;1 385;7 019;9 738 863;0.36%
24/03/2025;1 375;1 390;1 390;1 375;795;1 099 088;-1.08%
25/03/2025;1 375;1 375;1 375;1 375;3 219;4 426 125;0.00%
26/03/2025;1 385;1 375;1 385;1 375;20 329;28 054 020;0.73%
27/03/2025;1 385;1 375;1 385;1 375;20 329;28 054 020;0.00%
28/03/2025;1 390;1 390;1 390;1 390;9 490;13 191 100;0.36%
31/03/2025;1 390;1 390;1 390;1 390;9 490;13 191 100;0.00%
01/04/2025;1 390;1 385;1 390;1 385;718;996 225;0.00%
02/04/2025;1 385;1 390;1 390;1 385;454;629 925;-0.36%
03/04/2025;1 380;1 380;1 380;1 380;3 353;4 627 140;-0.36%
04/04/2025;1 370;1 370;1 370;1 370;2 174;2 978 380;-0.72%
07/04/2025;1 370;1 370;1 370;1 370;1 925;2 637 250;0.00%
08/04/2025;1 350;1 370;1 370;1 350;599;814 640;-1.46%
09/04/2025;1 325;1 335;1 335;1 325;24 199;32 184 670;-1.85%
10/04/2025;1 305;1 325;1 325;1 305;1 401;1 842 315;-1.51%
11/04/2025;1 310;1 305;1 310;1 305;4 579;5 987 043;0.38%
14/04/2025;1 340;1 310;1 340;1 310;270;357 750;2.29%
15/04/2025;1 330;1 330;1 330;1 330;1 485;1 975 050;-0.75%
16/04/2025;1 340;1 325;1 340;1 325;7 028;9 364 810;0.75%
17/04/2025;1 340;1 320;1 340;1 320;1 327;1 764 910;0.00%
18/04/2025;1 330;1 340;1 340;1 330;178;237 630;-0.75%
21/04/2025;1 330;1 340;1 340;1 330;178;237 630;0.00%
22/04/2025;1 345;1 330;1 345;1 330;13 210;17 668 375;1.13%
23/04/2025;1 320;1 345;1 345;1 320;6 023;8 025 648;-1.86%
24/04/2025;1 340;1 315;1 340;1 315;690;915 975;1.52%
25/04/2025;1 320;1 340;1 340;1 320;10 632;14 140 560;-1.49%
28/04/2025;1 335;1 340;1 340;1 335;600;802 500;1.14%
29/04/2025;1 340;1 335;1 340;1 335;2 534;3 389 225;0.37%
30/04/2025;1 365;1 340;1 365;1 340;2 462;3 329 855;1.87%
01/05/2025;1 365;1 340;1 365;1 340;2 462;3 329 855;0.00%
02/05/2025;1 360;1 365;1 365;1 360;10 352;14 104 600;-0.37%
05/05/2025;1 365;1 360;1 365;1 360;2 411;3 284 988;0.37%
06/05/2025;1 450;1 370;1 450;1 370;8 035;11 329 350;6.23%
07/05/2025;1 410;1 450;1 450;1 410;3 291;4 706 130;-2.76%
08/05/2025;1 405;1 430;1 430;1 405;8 319;11 792 183;-0.35%
09/05/2025;1 420;1 410;1 420;1 410;7 215;10 209 225;1.07%
12/05/2025;1 430;1 420;1 430;1 420;5 177;7 377 225;0.70%
13/05/2025;1 420;1 430;1 430;1 420;3 121;4 447 425;-0.70%
14/05/2025;1 390;1 420;1 420;1 390;9 523;13 379 815;-2.11%
15/05/2025;1 415;1 390;1 415;1 390;4 274;5 994 285;1.80%
16/05/2025;1 490;1 520;1 520;1 490;12 543;18 877 215;5.30%
19/05/2025;1 500;1 500;1 500;1 500;6 279;9 418 500;0.67%
20/05/2025;1 490;1 500;1 500;1 490;2 478;3 704 610;-0.67%
21/05/2025;1 450;1 490;1 490;1 450;5 535;8 136 450;-2.68%
22/05/2025;1 480;1 445;1 480;1 445;10 480;15 327 000;2.07%
23/05/2025;1 475;1 480;1 480;1 475;9 303;13 745 183;-0.34%
26/05/2025;1 500;1 475;1 500;1 475;18 057;26 859 788;1.69%
27/05/2025;1 515;1 500;1 515;1 500;18 080;27 255 600;1.00%
28/05/2025;1 600;1 500;1 600;1 500;21 852;33 870 600;5.61%
29/05/2025;1 600;1 500;1 600;1 500;21 852;33 870 600;0.00%
30/05/2025;1 700;1 600;1 700;1 600;13 290;21 928 500;6.25%
02/06/2025;1 650;1 700;1 700;1 650;2 866;4 800 550;-2.94%
03/06/2025;1 650;1 650;1 650;1 650;2 094;3 455 100;0.00%
04/06/2025;1 595;1 645;1 645;1 595;4 099;6 640 380;-3.33%
05/06/2025;1 565;1 595;1 595;1 565;576;910 080;-1.88%
10/06/2025;1 595;1 565;1 595;1 565;5 000;7 900 000;1.92%
11/06/2025;1 600;1 595;1 600;1 595;2 352;3 757 320;0.31%
12/06/2025;1 600;1 600;1 600;1 600;1 886;3 017 600;0.00%
13/06/2025;1 670;1 600;1 670;1 600;8 301;13 572 135;4.38%
16/06/2025;1 640;1 600;1 640;1 600;13 443;21 777 660;-1.80%
17/06/2025;1 665;1 640;1 665;1 640;4 373;7 226 383;1.52%
18/06/2025;1 660;1 660;1 660;1 660;4 448;7 383 680;-0.30%
19/06/2025;1 600;1 650;1 650;1 600;4 333;7 041 125;-3.61%
20/06/2025;1 655;1 660;1 660;1 655;578;958 035;3.44%
23/06/2025;1 630;1 580;1 630;1 580;31 903;51 204 315;-1.51%
24/06/2025;1 565;1 600;1 600;1 565;10 899;17 247 668;-3.99%
25/06/2025;1 550;1 550;1 550;1 550;9 282;14 387 100;-0.96%
26/06/2025;1 435;1 500;1 500;1 435;138 621;203 426 318;-7.42%
27/06/2025;1 425;1 435;1 435;1 425;15 121;21 623 030;-0.70%
30/06/2025;1 425;1 415;1 425;1 415;15 350;21 797 000;0.00%
01/07/2025;1 435;1 425;1 435;1 425;6 504;9 300 720;0.70%
02/07/2025;1 430;1 390;1 430;1 390;2 862;4 035 420;-0.35%
03/07/2025;1 410;1 425;1 425;1 410;1 364;1 933 470;-1.40%
04/07/2025;1 430;1 420;1 430;1 420;1 086;1 547 550;1.42%
07/07/2025;1 425;1 430;1 430;1 425;4 185;5 974 088;-0.35%
08/07/2025;1 445;1 435;1 445;1 435;10 297;14 827 680;1.40%
09/07/2025;1 425;1 445;1 445;1 425;327;469 245;-1.38%
10/07/2025;1 395;1 425;1 425;1 395;4 035;5 689 350;-2.11%
11/07/2025;1 425;1 425;1 425;1 425;6 112;8 709 600;2.15%
14/07/2025;1 410;1 425;1 425;1 410;1 738;2 463 615;-1.05%
15/07/2025;1 420;1 425;1 425;1 420;301;428 173;0.71%
16/07/2025;1 445;1 420;1 445;1 420;4 179;5 986 418;1.76%
17/07/2025;1 445;1 445;1 445;1 445;520;751 400;0.00%
18/07/2025;1 425;1 445;1 445;1 425;1 779;2 552 865;-1.38%
21/07/2025;1 425;1 425;1 425;1 425;3 158;4 500 150;0.00%
22/07/2025;1 410;1 420;1 420;1 410;5 150;7 287 250;-1.05%
23/07/2025;1 410;1 425;1 425;1 410;4 467;6 331 973;0.00%
24/07/2025;1 420;1 405;1 420;1 405;4 466;6 308 225;0.71%
25/07/2025;1 410;1 415;1 415;1 410;2 376;3 356 100;-0.70%
28/07/2025;1 410;1 400;1 410;1 400;8 068;11 335 540;0.00%
29/07/2025;1 415;1 400;1 415;1 400;5 356;7 538 570;0.35%
30/07/2025;1 400;1 410;1 410;1 400;3 356;4 715 180;-1.06%
31/07/2025;1 440;1 400;1 440;1 400;1 200;1 704 000;2.86%
01/08/2025;1 440;1 440;1 440;1 440;1 532;2 206 080;0.00%
04/08/2025;1 410;1 415;1 415;1 410;1 102;1 556 575;-2.08%
05/08/2025;1 440;1 420;1 440;1 420;9 289;13 283 270;2.13%
06/08/2025;1 440;1 440;1 440;1 440;854;1 229 760;0.00%
07/08/2025;1 440;1 440;1 440;1 440;854;1 229 760;0.00%
08/08/2025;1 440;1 440;1 440;1 440;49 809;71 724 960;0.00%
11/08/2025;1 430;1 440;1 440;1 430;6 291;9 027 585;-0.69%
12/08/2025;1 405;1 410;1 410;1 405;12 359;17 395 293;-1.75%
13/08/2025;1 425;1 400;1 425;1 400;2 980;4 209 250;1.42%
14/08/2025;1 445;1 410;1 445;1 410;1 084;1 547 410;1.40%
15/08/2025;1 445;1 410;1 445;1 410;1 084;1 547 410;0.00%
18/08/2025;1 500;1 450;1 500;1 450;3 824;5 640 400;3.81%
19/08/2025;1 500;1 500;1 500;1 500;1 853;2 779 500;0.00%
20/08/2025;1 525;1 500;1 525;1 500;1 746;2 640 825;1.67%
21/08/2025;1 520;1 525;1 525;1 520;1 673;2 547 143;-0.33%
22/08/2025;1 535;1 525;1 535;1 525;5 697;8 716 410;0.99%
25/08/2025;1 540;1 535;1 540;1 535;6 290;9 670 875;0.33%
26/08/2025;1 500;1 535;1 535;1 500;4 366;6 625 405;-2.60%
27/08/2025;1 400;1 380;1 400;1 380;4 944;6 872 160;-6.67%
28/08/2025;1 415;1 400;1 415;1 400;3 017;4 246 428;1.07%
29/08/2025;1 400;1 415;1 415;1 400;3 444;4 847 430;-1.06%
01/09/2025;1 425;1 420;1 425;1 420;6 546;9 311 685;1.79%
02/09/2025;1 425;1 425;1 425;1 425;1 325;1 888 125;0.00%
03/09/2025;1 400;1 420;1 420;1 400;1 425;2 009 250;-1.75%
04/09/2025;1 400;1 420;1 420;1 400;1 425;2 009 250;0.00%
05/09/2025;1 425;1 405;1 425;1 405;1 139;1 611 685;1.79%
08/09/2025;1 425;1 425;1 425;1 425;3 843;5 476 275;0.00%
09/09/2025;1 420;1 425;1 425;1 420;1 614;2 295 915;-0.35%
10/09/2025;1 420;1 420;1 420;1 420;6 928;9 837 760;0.00%
11/09/2025;1 430;1 420;1 430;1 420;7 887;11 238 975;0.70%
12/09/2025;1 435;1 430;1 435;1 430;1 836;2 630 070;0.35%
15/09/2025;1 455;1 450;1 455;1 450;1 976;2 870 140;1.39%
16/09/2025;1 480;1 445;1 480;1 445;2 876;4 206 150;1.72%
17/09/2025;1 455;1 480;1 480;1 455;7 552;11 082 560;-1.69%
18/09/2025;1 480;1 475;1 480;1 475;4 556;6 731 490;1.72%
19/09/2025;1 490;1 480;1 490;1 480;10 668;15 841 980;0.68%
22/09/2025;1 500;1 495;1 500;1 495;26 384;39 510 040;0.67%
23/09/2025;1 510;1 500;1 510;1 500;5 853;8 808 765;0.67%
24/09/2025;1 500;1 510;1 510;1 500;4 070;6 125 350;-0.66%
25/09/2025;1 500;1 500;1 500;1 500;10 965;16 447 500;0.00%
26/09/2025;1 490;1 500;1 500;1 490;12 687;18 967 065;-0.67%
29/09/2025;1 480;1 500;1 500;1 480;7 090;10 564 100;-0.67%
30/09/2025;1 490;1 495;1 495;1 490;2 839;4 237 208;0.68%
01/10/2025;1 465;1 465;1 465;1 465;7 007;10 265 255;-1.68%
02/10/2025;1 470;1 450;1 470;1 450;2 586;3 775 560;0.34%
03/10/2025;1 455;1 480;1 480;1 455;4 910;7 205 425;-1.02%
06/10/2025;1 490;1 455;1 490;1 455;6 850;10 086 625;2.41%
07/10/2025;1 480;1 490;1 490;1 480;3 420;5 078 700;-0.67%
08/10/2025;1 465;1 490;1 490;1 465;3 962;5 853 855;-1.01%
09/10/2025;1 480;1 465;1 480;1 465;10 984;16 173 940;1.02%
10/10/2025;1 490;1 490;1 490;1 490;14 629;21 797 210;0.68%
13/10/2025;1 490;1 475;1 490;1 475;6 588;9 766 710;0.00%
14/10/2025;1 445;1 490;1 490;1 445;14 862;21 809 985;-3.02%
15/10/2025;1 480;1 490;1 490;1 480;22 693;33 699 105;2.42%
16/10/2025;1 450;1 490;1 490;1 450;64 617;94 986 990;-2.03%
17/10/2025;1 460;1 450;1 460;1 450;9 550;13 895 250;0.69%
20/10/2025;1 490;1 485;1 490;1 485;33 464;49 777 700;2.05%
21/10/2025;1 485;1 470;1 485;1 470;13 810;20 404 275;-0.34%
22/10/2025;1 490;1 460;1 490;1 460;27 384;40 391 400;0.34%
23/10/2025;1 450;1 490;1 490;1 450;22 193;32 623 710;-2.68%
24/10/2025;1 450;1 450;1 450;1 450;13 292;19 273 400;0.00%
27/10/2025;1 450;1 475;1 475;1 450;17 417;25 472 363;0.00%
28/10/2025;1 490;1 480;1 490;1 480;13 643;20 259 855;2.76%
29/10/2025;1 460;1 490;1 490;1 460;36 230;53 439 250;-2.01%
30/10/2025;1 450;1 480;1 480;1 450;8 395;12 298 675;-0.68%
31/10/2025;1 470;1 455;1 470;1 455;52 600;76 927 500;1.38%
03/11/2025;1 490;1 470;1 490;1 470;42 861;63 434 280;1.36%
04/11/2025;1 525;1 500;1 525;1 500;113 893;172 263 163;2.35%
05/11/2025;1 620;1 525;1 620;1 525;93 185;146 533 413;6.23%
06/11/2025;1 660;1 740;1 740;1 660;103 084;175 242 800;2.47%
07/11/2025;1 660;1 660;1 660;1 660;-;0;0.00%
10/11/2025;1 700;1 660;1 700;1 660;67 380;113 198 400;2.41%
11/11/2025;1 700;1 700;1 700;1 700;35 671;60 640 700;0.00%
12/11/2025;1 575;1 575;1 575;1 575;34 066;53 653 950;-7.35%
13/11/2025;1 460;1 460;1 460;1 460;64 925;94 790 500;-7.30%
14/11/2025;1 450;1 405;1 450;1 405;67 382;96 187 805;-0.68%
17/11/2025;1 480;1 495;1 495;1 480;71 038;105 669 025;2.07%
18/11/2025;1 450;1 480;1 480;1 450;42 598;62 406 070;-2.03%
19/11/2025;1 495;1 540;1 540;1 495;13 557;20 572 748;3.10%
20/11/2025;1 500;1 495;1 500;1 495;3 911;5 856 723;0.33%
21/11/2025;1 475;1 495;1 495;1 475;15 727;23 354 595;-1.67%
24/11/2025;1 490;1 445;1 490;1 445;4 211;6 179 643;1.02%
25/11/2025;1 475;1 490;1 490;1 475;14 240;21 110 800;-1.01%
26/11/2025;1 450;1 495;1 495;1 450;4 898;7 212 305;-1.69%
27/11/2025;1 480;1 455;1 480;1 455;12 164;17 850 670;2.07%
28/11/2025;1 470;1 450;1 470;1 450;7 438;10 859 480;-0.68%
01/12/2025;1 465;1 450;1 465;1 450;14 900;21 716 750;-0.34%
02/12/2025;1 440;1 450;1 450;1 440;4 080;5 895 600;-1.71%
03/12/2025;1 450;1 440;1 450;1 440;38 906;56 219 170;0.69%
04/12/2025;1 455;1 450;1 455;1 450;19 476;28 288 890;0.34%
05/12/2025;1 450;1 455;1 455;1 450;17 852;25 930 030;-0.34%
08/12/2025;1 400;1 345;1 400;1 345;121 907;167 317 358;-3.45%
09/12/2025;1 460;1 380;1 460;1 380;7 153;10 157 260;4.29%
10/12/2025;1 450;1 475;1 475;1 450;8 069;11 800 913;-0.68%
11/12/2025;1 480;1 450;1 480;1 450;2 817;4 126 905;2.07%
12/12/2025;1 475;1 455;1 475;1 455;2 073;3 036 945;-0.34%
15/12/2025;1 470;1 470;1 470;1 470;1 176;1 728 720;-0.34%
16/12/2025;1 450;1 465;1 465;1 450;7 528;10 972 060;-1.36%
17/12/2025;1 450;1 450;1 450;1 450;12 104;17 550 800;0.00%
18/12/2025;1 490;1 440;1 490;1 440;8 345;12 225 425;2.76%
19/12/2025;1 480;1 460;1 480;1 460;2 228;3 275 160;-0.67%
22/12/2025;1 420;1 450;1 450;1 420;7 686;11 029 410;-4.05%
23/12/2025;1 435;1 420;1 435;1 420;2 133;3 044 858;1.06%
24/12/2025;1 450;1 440;1 450;1 440;1 671;2 414 595;1.05%
25/12/2025;1 450;1 440;1 450;1 440;1 671;2 414 595;0.00%
26/12/2025;1 460;1 450;1 460;1 450;38 023;55 323 465;0.69%
29/12/2025;1 460;1 480;1 480;1 460;10 145;14 913 150;0.00%
30/12/2025;1 510;1 460;1 510;1 460;23 503;34 901 955;3.42%
31/12/2025;1 515;1 500;1 515;1 500;8 286;12 491 145;0.33%
01/01/2026;1 515;1 500;1 515;1 500;8 286;12 491 145;0.00%
02/01/2026;1 495;1 450;1 495;1 450;1 190;1 752 275;-1.32%
05/01/2026;1 455;1 430;1 455;1 430;5 201;7 502 443;-2.68%
06/01/2026;1 465;1 455;1 465;1 455;2 683;3 917 180;0.69%
07/01/2026;1 490;1 515;1 515;1 490;11 159;16 766 398;1.71%
08/01/2026;1 475;1 490;1 490;1 475;2 365;3 506 113;-1.01%
09/01/2026;1 490;1 500;1 500;1 490;1 792;2 679 040;1.02%
12/01/2026;1 480;1 495;1 495;1 480;5 784;8 603 700;-0.67%
13/01/2026;1 510;1 480;1 510;1 480;9 801;14 652 495;2.03%
14/01/2026;1 510;1 515;1 515;1 510;3 092;4 676 650;0.00%
15/01/2026;1 600;1 535;1 600;1 535;10 242;16 054 335;5.96%
16/01/2026;1 555;1 600;1 600;1 555;11 815;18 638 163;-2.81%
19/01/2026;1 510;1 565;1 565;1 510;9 811;15 084 413;-2.89%
20/01/2026;1 550;1 515;1 550;1 515;4 474;6 856 405;2.65%
21/01/2026;1 545;1 545;1 545;1 545;5 096;7 873 320;-0.32%
22/01/2026;1 540;1 545;1 545;1 540;3 030;4 673 775;-0.32%
23/01/2026;1 550;1 540;1 550;1 540;9 658;14 921 610;0.65%
26/01/2026;1 550;1 555;1 555;1 550;9 010;13 988 025;0.00%
27/01/2026;1 590;1 575;1 590;1 575;21 576;34 144 020;2.58%
28/01/2026;1 660;1 605;1 660;1 605;13 036;21 281 270;4.40%
29/01/2026;1 730;1 695;1 730;1 695;13 748;23 543 450;4.22%
30/01/2026;1 655;1 630;1 655;1 630;14 310;23 504 175;-4.34%
02/02/2026;1 645;1 655;1 655;1 645;7 835;12 927 750;-0.60%
03/02/2026;1 590;1 635;1 635;1 590;17 318;27 925 275;-3.34%
04/02/2026;1 630;1 600;1 630;1 600;6 063;9 791 745;2.52%
05/02/2026;1 640;1 635;1 640;1 635;6 272;10 270 400;0.61%
06/02/2026;1 700;1 640;1 700;1 640;9 739;16 264 130;3.66%
09/02/2026;1 680;1 690;1 690;1 680;2 676;4 509 060;-1.18%
10/02/2026;1 745;1 700;1 745;1 700;14 970;25 785 825;3.87%
11/02/2026;1 705;1 745;1 745;1 705;13 569;23 406 525;-2.29%
12/02/2026;1 720;1 680;1 720;1 680;18 987;32 277 900;0.88%
13/02/2026;1 725;1 705;1 725;1 705;9 667;16 578 905;0.29%
16/02/2026;1 800;1 745;1 800;1 745;10 067;17 843 758;4.35%
17/02/2026;1 900;1 810;1 900;1 810;18 198;33 757 290;5.56%
18/02/2026;2 000;1 900;2 000;1 900;32 688;63 741 600;5.26%
19/02/2026;2 100;2 000;2 100;2 000;18 791;38 521 550;5.00%
20/02/2026;2 090;2 105;2 105;2 090;23 750;49 815 625;-0.48%
23/02/2026;2 230;2 105;2 230;2 105;20 625;44 704 688;6.70%
24/02/2026;2 300;2 230;2 300;2 230;18 151;41 112 015;3.14%
25/02/2026;2 290;2 325;2 325;2 290;22 425;51 745 688;-0.43%
26/02/2026;2 200;2 290;2 290;2 200;10 850;24 358 250;-3.93%
27/02/2026;2 160;2 200;2 200;2 160;5 951;12 973 180;-1.82%
02/03/2026;2 100;2 100;2 185;2 185;7 183;15 084 300;-2,78%
03/03/2026;2 140;2 140;2 160;2 160;8 056;17 239 840;1,90%
04/03/2026;2 000;2 150;2 150;2 000;9 425;19 556 875;-6.54%
05/03/2026;1 950;2 000;2 000;1 950;10 954;21 634 150;-2.50%
06/03/2026;2 095;2 095;2 095;2 095;10 137;21 237 015;7.44%
09/03/2026;1 940;2 100;2 100;1 940;32 468;65 585 360;-7.40%
10/03/2026;2 080;1 940;2 080;1 940;9 887;19 872 870;7.22%
11/03/2026;1 980;2 100;2 100;1 980;12 125;24 735 000;-4.81%
12/03/2026;1 990;1 970;1 990;1 970;14 679;29 064 420;0.51%
13/03/2026;1 985;1 990;1 990;1 985;4 737;9 414 788;-0.25%
16/03/2026;1 985;1 990;1 990;1 985;4 737;9 414 788;0.00%
17/03/2026;1 965;1 985;1 985;1 965;6 815;13 459 625;-1.01%
18/03/2026;1 820;1 965;1 965;1 820;12 470;23 599 475;-7.38%
19/03/2026;1 700;1 820;1 820;1 700;11 729;20 643 040;-6.59%
20/03/2026;1 700;1 820;1 820;1 700;11 729;20 643 040;0.00%
23/03/2026;1 825;1 800;1 825;1 800;4 188;7 590 750;7.35%
24/03/2026;1 920;1 960;1 960;1 920;14 866;28 840 040;5.21%
25/03/2026;2 060;2 000;2 060;2 000;22 727;46 135 810;7.29%
26/03/2026;1 970;2 060;2 060;1 970;8 824;17 780 360;-4.37%
27/03/2026;1 995;2 000;2 000;1 995;9 373;18 722 568;1.27%
30/03/2026;1 945;1 990;1 990;1 945;2 649;5 211 908;-2.51%
31/03/2026;1 920;1 945;1 945;1 920;4 642;8 970 665;-1.29%
01/04/2026;1 925;1 920;1 925;1 920;3 767;7 242 058;0.26%
02/04/2026;1 855;1 925;1 925;1 855;6 807;12 865 230;-3.64%
03/04/2026;1 860;1 855;1 860;1 855;2 225;4 132 938;0.27%
06/04/2026;1 860;1 855;1 860;1 855;2 225;4 132 938;0.00%
07/04/2026;1 900;1 865;1 900;1 865;7 418;13 964 385;2.15%
08/04/2026;1 920;1 900;1 920;1 900;5 192;9 916 720;1.05%
09/04/2026;1 900;1 920;1 920;1 900;41 005;78 319 550;-1.04%
10/04/2026;1 895;1 920;1 920;1 895;3 470;6 619 025;-0.26%
13/04/2026;1 900;1 870;1 900;1 870;6 363;11 994 255;0.26%
14/04/2026;1 890;1 890;1 890;1 890;4 456;8 421 840;-0.53%
15/04/2026;1 875;1 870;1 875;1 870;5 634;10 549 665;-0.79%
16/04/2026;1 840;1 875;1 875;1 840;6 019;11 180 293;-1.87%
17/04/2026;1 785;1 820;1 820;1 785;6 094;10 984 435;-2.99%
20/04/2026;1 775;1 780;1 780;1 775;11 135;19 792 463;-0.56%
21/04/2026;1 805;1 775;1 805;1 775;23 600;42 244 000;1.69%
22/04/2026;1 810;1 850;1 850;1 810;4 775;8 738 250;0.28%
23/04/2026;1 870;1 825;1 870;1 825;19 593;36 198 068;3.31%
24/04/2026;1 840;1 870;1 870;1 840;21 051;39 049 605;-1.60%
27/04/2026;1 800;1 840;1 840;1 800;5 390;9 809 800;-2.17%
28/04/2026;1 790;1 800;1 800;1 790;1 550;2 782 250;-0.56%
29/04/2026;1 775;1 790;1 790;1 775;2 747;4 896 528;-0.84%
30/04/2026;1 775;1 780;1 780;1 775;4 838;8 599 545;0.00%
01/05/2026;1 775;1 780;1 780;1 775;4 838;8 599 545;0.00%
04/05/2026;1 680;1 775;1 775;1 680;16 001;27 641 728;-5.35%
05/05/2026;1 725;1 680;1 725;1 680;24 115;41 055 788;2.68%
06/05/2026;1 685;1 725;1 725;1 685;3 111;5 304 255;-2.32%
07/05/2026;1 800;1 685;1 800;1 685;12 180;21 223 650;6.82%
08/05/2026;1 745;1 800;1 800;1 745;109 506;194 099 385;-3.06%
11/05/2026;1 700;1 750;1 750;1 700;14 252;24 584 700;-2.58%
12/05/2026;1 745;1 710;1 745;1 710;12 445;21 498 738;2.65%
13/05/2026;1 785;1 750;1 785;1 750;4 814;8 508 745;2.29%
14/05/2026;1 785;1 750;1 785;1 750;4 814;8 508 745;0.00%
15/05/2026;1 750;1 780;1 780;1 750;6 580;11 613 700;-1.96%
18/05/2026;1 695;1 750;1 750;1 695;7 260;12 505 350;-3.14%
19/05/2026;1 710;1 695;1 710;1 695;2 698;4 593 345;0.88%
20/05/2026;1 650;1 700;1 700;1 650;12 802;21 443 350;-3.51%
21/05/2026;1 690;1 745;1 745;1 690;60 305;103 573 838;2.42%
22/05/2026;1 700;1 700;1 700;1 700;2 957;5 026 900;0.59%
25/05/2026;1 700;1 700;1 700;1 700;2 957;5 026 900;0.00%
26/05/2026;1 690;1 700;1 700;1 690;1 826;3 095 070;-0.59%
27/05/2026;1 690;1 700;1 700;1 690;1 826;3 095 070;0.00%
28/05/2026;1 750;1 690;1 750;1 690;15 541;26 730 520;3.55%
29/05/2026;1 810;1 750;1 810;1 750;18 204;32 403 120;3.43%
01/06/2026;1 880;1 845;1 880;1 845;7 636;14 222 050;3.87%
02/06/2026;1 920;1 890;1 920;1 890;13 953;26 580 465;2.13%
03/06/2026;1 950;1 925;1 950;1 925;11 565;22 407 188;1.56%
04/06/2026;2 080;1 995;2 080;1 995;36 309;73 979 588;6.67%
05/06/2026;2 055;2 085;2 085;2 055;32 866;68 032 620;-1.20%
08/06/2026;2 030;2 075;2 075;2 030;33 711;69 191 828;-1.22%
09/06/2026;2 000;2 050;2 050;2 000;9 550;19 338 750;-1.48%
10/06/2026;1 980;2 000;2 000;1 980;16 659;33 151 410;-1.00%
11/06/2026;1 990;1 980;1 990;1 980;9 855;19 562 175;0.51%
12/06/2026;1 980;1 980;1 980;1 980;32 057;63 472 860;-0.50%
15/06/2026;2 125;2 100;2 125;2 100;21 161;44 702 613;7.32%
16/06/2026;2 280;2 280;2 280;2 280;13 038;29 726 640;7.29%
17/06/2026;2 310;2 325;2 325;2 310;32 581;75 506 468;1.32%
18/06/2026;2 310;2 325;2 325;2 310;22 556;52 273 530;0.00%
19/06/2026;2 320;2 320;2 320;2 320;31 011;71 945 520;0.43%
22/06/2026;2 325;2 380;2 380;2 325;43 691;102 783 078;0.22%
23/06/2026;2 440;2 325;2 440;2 325;57 716;137 508 370;4.95%
