Date;Clôture;Plus bas;Plus haut;Ouverture;Volume Titres;Volume FCFA;Variation %
04/01/2012;5 599;5 599;5 599;5 599;40;223 960;1.78%
05/01/2012;5 600;5 600;5 600;5 600;69;386 400;0.02%
09/01/2012;5 600;5 600;5 600;5 600;31;173 600;0.00%
10/01/2012;5 200;5 200;5 200;5 200;279;1 450 800;-7.14%
12/01/2012;5 500;5 500;5 500;5 500;12;66 000;5.77%
13/01/2012;5 600;5 600;5 600;5 600;50;280 000;1.82%
16/01/2012;5 400;5 400;5 400;5 400;22;118 800;-3.57%
17/01/2012;5 600;5 600;5 600;5 600;30;168 000;3.70%
18/01/2012;5 500;5 500;5 500;5 500;301;1 655 500;-1.79%
19/01/2012;5 500;5 500;5 500;5 500;40;220 000;0.00%
20/01/2012;5 600;5 600;5 600;5 600;17;95 200;1.82%
24/01/2012;5 600;5 600;5 600;5 600;60;336 000;0.00%
25/01/2012;5 600;5 600;5 600;5 600;3;16 800;0.00%
26/01/2012;5 600;5 600;5 600;5 600;144;806 400;0.00%
27/01/2012;5 600;5 600;5 600;5 600;3 000;16 800 000;0.00%
30/01/2012;5 800;5 800;5 800;5 800;10;58 000;3.57%
31/01/2012;5 800;5 800;5 800;5 800;4;23 200;0.00%
01/02/2012;5 650;5 650;5 650;5 650;38;214 700;-2.59%
02/02/2012;5 800;5 800;5 800;5 800;110;638 000;2.65%
03/02/2012;5 800;5 800;5 800;5 800;66;382 800;0.00%
06/02/2012;5 800;5 800;5 800;5 800;10;58 000;0.00%
07/02/2012;5 650;5 650;5 650;5 650;10;56 500;-2.59%
08/02/2012;5 650;5 650;5 650;5 650;33;186 450;0.00%
09/02/2012;5 650;5 650;5 650;5 650;3;16 950;0.00%
10/02/2012;5 800;5 800;5 800;5 800;116;672 800;2.65%
15/02/2012;5 800;5 800;5 800;5 800;56;324 800;0.00%
16/02/2012;5 820;5 820;5 820;5 820;1 540;8 962 800;0.34%
17/02/2012;5 820;5 820;5 820;5 820;872;5 075 040;0.00%
20/02/2012;5 870;5 870;5 870;5 870;109;639 830;0.86%
21/02/2012;6 000;6 000;6 000;6 000;95;570 000;2.21%
22/02/2012;6 100;6 100;6 100;6 100;288;1 756 800;1.67%
23/02/2012;6 300;6 300;6 300;6 300;31;195 300;3.28%
24/02/2012;6 400;6 400;6 400;6 400;284;1 817 600;1.59%
27/02/2012;6 501;6 501;6 501;6 501;534;3 471 534;1.58%
28/02/2012;6 600;6 600;6 600;6 600;375;2 475 000;1.52%
29/02/2012;6 750;6 750;6 750;6 750;9;60 750;2.27%
01/03/2012;6 900;6 900;6 900;6 900;111;765 900;2.22%
02/03/2012;7 000;7 000;7 000;7 000;720;5 040 000;1.45%
05/03/2012;7 000;7 000;7 000;7 000;1 134;7 938 000;0.00%
06/03/2012;7 500;7 500;7 500;7 500;1 004;7 530 000;7.14%
07/03/2012;7 000;7 000;7 000;7 000;97;679 000;-6.67%
08/03/2012;7 000;7 000;7 000;7 000;319;2 233 000;0.00%
09/03/2012;7 400;7 400;7 400;7 400;109;806 600;5.71%
12/03/2012;7 650;7 650;7 650;7 650;75;573 750;3.38%
13/03/2012;7 503;7 503;7 503;7 503;320;2 400 960;-1.92%
14/03/2012;7 500;7 500;7 500;7 500;54;405 000;-0.04%
15/03/2012;7 650;7 650;7 650;7 650;145;1 109 250;2.00%
16/03/2012;7 700;7 700;7 700;7 700;208;1 601 600;0.65%
19/03/2012;7 920;7 920;7 920;7 920;38;300 960;2.86%
20/03/2012;7 940;7 940;7 940;7 940;29;230 260;0.25%
21/03/2012;7 900;7 900;7 900;7 900;119;940 100;-0.50%
26/03/2012;8 000;8 000;8 000;8 000;187;1 496 000;1.27%
27/03/2012;7 990;7 990;7 990;7 990;205;1 637 950;-0.13%
28/03/2012;7 850;7 850;7 850;7 850;271;2 127 350;-1.75%
29/03/2012;7 850;7 850;7 850;7 850;72;565 200;0.00%
30/03/2012;7 850;7 850;7 850;7 850;156;1 224 600;0.00%
03/04/2012;7 500;7 500;7 500;7 500;15;112 500;-3.85%
04/04/2012;7 500;7 500;7 500;7 500;38;285 000;0.00%
05/04/2012;7 500;7 500;7 500;7 500;880;6 600 000;0.00%
06/04/2012;7 500;7 500;7 500;7 500;178;1 335 000;0.00%
10/04/2012;7 500;7 500;7 500;7 500;1 305;9 787 500;0.00%
11/04/2012;7 500;7 500;7 500;7 500;272;2 040 000;0.00%
12/04/2012;7 500;7 500;7 500;7 500;14;105 000;0.00%
13/04/2012;7 500;7 500;7 500;7 500;210;1 575 000;0.00%
16/04/2012;7 500;7 500;7 500;7 500;395;2 962 500;0.00%
17/04/2012;7 500;7 500;7 500;7 500;2;15 000;0.00%
18/04/2012;8 063;8 063;8 063;8 063;8;64 504;7.51%
19/04/2012;7 500;7 500;7 500;7 500;50;375 000;-6.98%
20/04/2012;7 500;7 500;7 500;7 500;52;390 000;0.00%
24/04/2012;7 500;7 500;7 500;7 500;302;2 265 000;0.00%
25/04/2012;7 500;7 500;7 500;7 500;621;4 657 500;0.00%
26/04/2012;7 500;7 500;7 500;7 500;67;502 500;0.00%
30/04/2012;7 500;7 500;7 500;7 500;112;840 000;0.00%
02/05/2012;7 500;7 500;7 500;7 500;63;472 500;0.00%
03/05/2012;7 500;7 500;7 500;7 500;12;90 000;0.00%
04/05/2012;7 500;7 500;7 500;7 500;120;900 000;0.00%
07/05/2012;7 500;7 500;7 500;7 500;40;300 000;0.00%
08/05/2012;7 500;7 500;7 500;7 500;162;1 215 000;0.00%
09/05/2012;7 500;7 500;7 500;7 500;1;7 500;0.00%
11/05/2012;7 500;7 500;7 500;7 500;300;2 250 000;0.00%
14/05/2012;8 000;8 000;8 000;8 000;92;736 000;6.67%
15/05/2012;8 000;8 000;8 000;8 000;28;224 000;0.00%
16/05/2012;7 990;7 990;7 990;7 990;140;1 118 600;-0.13%
18/05/2012;7 990;7 990;7 990;7 990;395;3 156 050;0.00%
21/05/2012;7 900;7 900;7 900;7 900;120;948 000;-1.13%
22/05/2012;7 900;7 900;7 900;7 900;40;316 000;0.00%
23/05/2012;7 890;7 890;7 890;7 890;21;165 690;-0.13%
24/05/2012;7 900;7 900;7 900;7 900;35;276 500;0.13%
25/05/2012;7 890;7 890;7 890;7 890;26;205 140;-0.13%
29/05/2012;7 890;7 890;7 890;7 890;129;1 017 810;0.00%
30/05/2012;7 890;7 890;7 890;7 890;160;1 262 400;0.00%
31/05/2012;7 890;7 890;7 890;7 890;511;4 031 790;0.00%
04/06/2012;7 850;7 850;7 850;7 850;100;785 000;-0.51%
05/06/2012;7 500;7 500;7 500;7 500;218;1 635 000;-4.46%
07/06/2012;7 700;7 700;7 700;7 700;32;246 400;2.67%
08/06/2012;7 950;7 950;7 950;7 950;135;1 073 250;3.25%
11/06/2012;7 950;7 950;7 950;7 950;53;421 350;0.00%
12/06/2012;7 951;7 951;7 951;7 951;647;5 144 297;0.01%
13/06/2012;7 950;7 950;7 950;7 950;585;4 650 750;-0.01%
14/06/2012;7 600;7 600;7 600;7 600;44;334 400;-4.40%
18/06/2012;7 900;7 900;7 900;7 900;129;1 019 100;3.95%
19/06/2012;7 900;7 900;7 900;7 900;871;6 880 900;0.00%
20/06/2012;8 400;8 400;8 400;8 400;1 006;8 450 400;6.33%
21/06/2012;9 025;9 025;9 025;9 025;1 111;10 026 775;7.44%
22/06/2012;9 000;9 000;9 000;9 000;184;1 656 000;-0.28%
25/06/2012;8 400;8 400;8 400;8 400;567;4 762 800;-6.67%
26/06/2012;8 760;8 760;8 760;8 760;666;5 834 160;4.29%
27/06/2012;8 760;8 760;8 760;8 760;55;481 800;0.00%
28/06/2012;8 700;8 700;8 700;8 700;575;5 002 500;-0.68%
02/07/2012;8 250;8 250;8 250;8 250;29;239 250;-5.17%
03/07/2012;8 501;8 501;8 501;8 501;32;272 032;3.04%
04/07/2012;8 500;8 500;8 500;8 500;581;4 938 500;-0.01%
05/07/2012;8 500;8 500;8 500;8 500;242;2 057 000;0.00%
06/07/2012;8 400;8 400;8 400;8 400;811;6 812 400;-1.18%
09/07/2012;8 000;8 000;8 000;8 000;357;2 856 000;-4.76%
10/07/2012;8 000;8 000;8 000;8 000;353;2 824 000;0.00%
11/07/2012;8 000;8 000;8 000;8 000;55;440 000;0.00%
12/07/2012;7 500;7 500;7 500;7 500;168;1 260 000;-6.25%
13/07/2012;7 400;7 400;7 400;7 400;533;3 944 200;-1.33%
16/07/2012;7 400;7 400;7 400;7 400;10;74 000;0.00%
17/07/2012;7 950;7 950;7 950;7 950;173;1 375 350;7.43%
18/07/2012;7 601;7 601;7 601;7 601;203;1 543 003;-4.39%
19/07/2012;6 067;6 067;6 067;6 067;192;1 164 864;-20.18%
20/07/2012;5 615;5 615;5 615;5 615;199;1 117 385;-7.45%
23/07/2012;5 195;5 195;5 195;5 195;220;1 142 900;-7.48%
24/07/2012;4 805;4 805;4 805;4 805;100;480 500;-7.51%
25/07/2012;4 445;4 445;4 445;4 445;180;800 100;-7.49%
26/07/2012;4 778;4 778;4 778;4 778;166;793 148;7.49%
27/07/2012;5 136;5 136;5 136;5 136;19;97 584;7.49%
30/07/2012;5 500;5 500;5 500;5 500;47;258 500;7.09%
31/07/2012;5 900;5 900;5 900;5 900;544;3 209 600;7.27%
01/08/2012;6 200;6 200;6 200;6 200;115;713 000;5.08%
02/08/2012;6 600;6 600;6 600;6 600;253;1 669 800;6.45%
03/08/2012;7 095;7 095;7 095;7 095;1 216;8 627 520;7.50%
08/08/2012;6 600;6 600;6 600;6 600;694;4 580 400;-6.98%
09/08/2012;6 105;6 105;6 105;6 105;114;695 970;-7.50%
10/08/2012;5 648;5 648;5 648;5 648;59;333 232;-7.49%
13/08/2012;5 500;5 500;5 500;5 500;61;335 500;-2.62%
14/08/2012;5 500;5 500;5 500;5 500;68;374 000;0.00%
16/08/2012;5 500;5 500;5 500;5 500;132;726 000;0.00%
17/08/2012;5 500;5 500;5 500;5 500;6;33 000;0.00%
21/08/2012;5 500;5 500;5 500;5 500;13;71 500;0.00%
23/08/2012;5 500;5 500;5 500;5 500;111;610 500;0.00%
27/08/2012;5 550;5 550;5 550;5 550;14;77 700;0.91%
28/08/2012;5 560;5 560;5 560;5 560;20;111 200;0.18%
29/08/2012;5 970;5 970;5 970;5 970;72;429 840;7.37%
31/08/2012;5 970;5 970;5 970;5 970;79;471 630;0.00%
03/09/2012;5 550;5 550;5 550;5 550;166;921 300;-7.04%
04/09/2012;5 550;5 550;5 550;5 550;39;216 450;0.00%
06/09/2012;5 571;5 571;5 571;5 571;47;261 837;0.38%
07/09/2012;5 900;5 900;5 900;5 900;11;64 900;5.91%
10/09/2012;5 900;5 900;5 900;5 900;21;123 900;0.00%
11/09/2012;5 800;5 800;5 800;5 800;31;179 800;-1.69%
12/09/2012;5 900;5 900;5 900;5 900;8;47 200;1.72%
13/09/2012;5 900;5 900;5 900;5 900;13;76 700;0.00%
14/09/2012;6 300;6 300;6 300;6 300;20;126 000;6.78%
17/09/2012;6 300;6 300;6 300;6 300;32;201 600;0.00%
18/09/2012;6 300;6 300;6 300;6 300;39;245 700;0.00%
19/09/2012;6 300;6 300;6 300;6 300;35;220 500;0.00%
20/09/2012;6 300;6 300;6 300;6 300;38;239 400;0.00%
21/09/2012;6 490;6 490;6 490;6 490;150;973 500;3.02%
24/09/2012;6 300;6 300;6 300;6 300;13;81 900;-2.93%
26/09/2012;6 350;6 350;6 350;6 350;201;1 276 350;0.79%
01/10/2012;6 350;6 350;6 350;6 350;158;1 003 300;0.00%
02/10/2012;6 350;6 350;6 350;6 350;42;266 700;0.00%
03/10/2012;6 350;6 350;6 350;6 350;24;152 400;0.00%
04/10/2012;6 425;6 425;6 425;6 425;82;526 850;1.18%
05/10/2012;6 400;6 400;6 400;6 400;361;2 310 400;-0.39%
08/10/2012;6 300;6 300;6 300;6 300;26;163 800;-1.56%
09/10/2012;6 300;6 300;6 300;6 300;300;1 890 000;0.00%
11/10/2012;5 970;5 970;5 970;5 970;48;286 560;-5.24%
12/10/2012;6 000;6 000;6 000;6 000;10;60 000;0.50%
15/10/2012;6 000;6 000;6 000;6 000;114;684 000;0.00%
16/10/2012;6 000;6 000;6 000;6 000;17;102 000;0.00%
18/10/2012;6 000;6 000;6 000;6 000;114;684 000;0.00%
19/10/2012;6 000;6 000;6 000;6 000;66;396 000;0.00%
23/10/2012;6 000;6 000;6 000;6 000;30;180 000;0.00%
25/10/2012;5 550;5 550;5 550;5 550;42;233 100;-7.50%
29/10/2012;5 550;5 550;5 550;5 550;116;643 800;0.00%
31/10/2012;5 550;5 550;5 550;5 550;55;305 250;0.00%
02/11/2012;5 550;5 550;5 550;5 550;31;172 050;0.00%
05/11/2012;5 550;5 550;5 550;5 550;14;77 700;0.00%
06/11/2012;5 966;5 966;5 966;5 966;516;3 078 456;7.50%
08/11/2012;5 966;5 966;5 966;5 966;11;65 626;0.00%
09/11/2012;5 550;5 550;5 550;5 550;30;166 500;-6.97%
12/11/2012;5 550;5 550;5 550;5 550;248;1 376 400;0.00%
13/11/2012;5 600;5 600;5 600;5 600;111;621 600;0.90%
14/11/2012;5 800;5 800;5 800;5 800;29;168 200;3.57%
16/11/2012;5 800;5 800;5 800;5 800;104;603 200;0.00%
20/11/2012;5 800;5 800;5 800;5 800;39;226 200;0.00%
22/11/2012;5 600;5 600;5 600;5 600;18;100 800;-3.45%
23/11/2012;5 600;5 600;5 600;5 600;5;28 000;0.00%
26/11/2012;5 600;5 600;5 600;5 600;1 194;6 686 400;0.00%
27/11/2012;5 800;5 800;5 800;5 800;58;336 400;3.57%
28/11/2012;5 800;5 800;5 800;5 800;87;504 600;0.00%
30/11/2012;5 800;5 800;5 800;5 800;19;110 200;0.00%
03/12/2012;5 600;5 600;5 600;5 600;122;683 200;-3.45%
04/12/2012;5 500;5 500;5 500;5 500;119;654 500;-1.79%
05/12/2012;5 600;5 600;5 600;5 600;19;106 400;1.82%
06/12/2012;5 600;5 600;5 600;5 600;11;61 600;0.00%
07/12/2012;5 500;5 500;5 500;5 500;5 168;28 424 000;-1.79%
10/12/2012;5 800;5 800;5 800;5 800;56;324 800;5.45%
12/12/2012;5 800;5 800;5 800;5 800;653;3 787 400;0.00%
17/12/2012;5 800;5 800;5 800;5 800;3;17 400;0.00%
18/12/2012;5 700;5 700;5 700;5 700;55;313 500;-1.72%
19/12/2012;5 700;5 700;5 700;5 700;103;587 100;0.00%
20/12/2012;5 700;5 700;5 700;5 700;96;547 200;0.00%
21/12/2012;5 700;5 700;5 700;5 700;4;22 800;0.00%
24/12/2012;5 800;5 800;5 800;5 800;210;1 218 000;1.75%
27/12/2012;5 700;5 700;5 700;5 700;80;456 000;-5.00%
28/12/2012;6 128;6 128;6 128;6 128;235;1 440 080;7.51%
31/12/2012;6 500;6 500;6 500;6 500;355;2 307 500;6.07%
07/01/2013;6 500;6 500;6 500;6 500;59;383 500;0.00%
08/01/2013;6 400;6 400;6 400;6 400;1 534;9 817 600;-1.54%
10/01/2013;6 400;6 400;6 400;6 400;15;96 000;0.00%
14/01/2013;6 400;6 400;6 400;6 400;4;25 600;0.00%
16/01/2013;6 300;6 300;6 300;6 300;20;126 000;-1.56%
17/01/2013;5 900;5 900;5 900;5 900;27;159 300;-6.35%
18/01/2013;5 920;5 920;5 920;5 920;18;106 560;0.34%
21/01/2013;6 000;6 000;6 000;6 000;550;3 300 000;1.35%
22/01/2013;6 400;6 400;6 400;6 400;89;569 600;6.67%
23/01/2013;6 400;6 400;6 400;6 400;640;4 096 000;0.00%
28/01/2013;6 400;6 400;6 400;6 400;109;697 600;0.00%
29/01/2013;6 399;6 399;6 399;6 399;35;223 965;-0.02%
30/01/2013;6 399;6 399;6 399;6 399;80;511 920;0.00%
01/02/2013;6 399;6 399;6 399;6 399;22;140 778;0.00%
05/02/2013;6 401;6 401;6 401;6 401;181;1 158 581;0.03%
07/02/2013;6 411;6 411;6 411;6 411;122;782 142;0.16%
08/02/2013;6 411;6 411;6 411;6 411;100;641 100;0.00%
11/02/2013;6 892;6 892;6 892;6 892;350;2 412 200;7.50%
12/02/2013;7 400;7 400;7 400;7 400;650;4 810 000;7.37%
18/02/2013;6 845;6 845;6 845;6 845;48;328 560;-7.50%
19/02/2013;6 400;6 400;6 400;6 400;346;2 214 400;-6.50%
22/02/2013;6 800;6 800;6 800;6 800;10;68 000;6.25%
25/02/2013;7 000;7 000;7 000;7 000;30;210 000;2.94%
27/02/2013;6 990;6 990;6 990;6 990;160;1 118 400;-0.14%
28/02/2013;6 500;6 500;6 500;6 500;20;130 000;-7.01%
04/03/2013;6 500;6 500;6 500;6 500;2;13 000;0.00%
06/03/2013;6 500;6 500;6 500;6 500;10;65 000;0.00%
07/03/2013;6 500;6 500;6 500;6 500;55;357 500;0.00%
08/03/2013;6 400;6 400;6 400;6 400;151;966 400;-1.54%
12/03/2013;6 799;6 799;6 799;6 799;55;373 945;6.23%
14/03/2013;6 551;6 551;6 551;6 551;40;262 040;-3.65%
18/03/2013;6 500;6 500;6 500;6 500;34;221 000;-0.78%
19/03/2013;6 500;6 500;6 500;6 500;36;234 000;0.00%
20/03/2013;6 501;6 501;6 501;6 501;18;117 018;0.02%
22/03/2013;6 798;6 798;6 798;6 798;25;169 950;4.57%
25/03/2013;6 798;6 798;6 798;6 798;35;237 930;0.00%
27/03/2013;6 220;6 220;6 220;6 220;433;2 693 260;-4.31%
28/03/2013;6 501;6 501;6 501;6 501;75;487 575;4.52%
29/03/2013;6 800;6 800;6 800;6 800;30;204 000;4.60%
02/04/2013;6 798;6 798;6 798;6 798;55;373 890;-0.03%
03/04/2013;6 289;6 289;6 289;6 289;80;503 120;-7.49%
04/04/2013;6 000;6 000;6 000;6 000;3 185;19 110 000;-4.60%
05/04/2013;5 550;5 550;5 550;5 550;48;266 400;-7.50%
08/04/2013;5 134;5 134;5 134;5 134;420;2 156 280;-7.50%
09/04/2013;4 749;4 749;4 749;4 749;176;835 824;-7.50%
10/04/2013;4 740;4 740;4 740;4 740;1 097;5 199 780;-0.19%
11/04/2013;4 730;4 730;4 730;4 730;1 594;7 539 620;-0.21%
12/04/2013;4 730;4 730;4 730;4 730;3 005;14 213 650;0.00%
15/04/2013;5 080;5 080;5 080;5 080;16;81 280;7.40%
16/04/2013;5 080;5 080;5 080;5 080;31;157 480;0.00%
17/04/2013;5 200;5 200;5 200;5 200;48;249 600;2.36%
18/04/2013;5 300;5 300;5 300;5 300;20;106 000;1.92%
22/04/2013;5 200;5 200;5 200;5 200;101;525 200;-1.89%
23/04/2013;5 310;5 310;5 310;5 310;10;53 100;2.12%
24/04/2013;5 330;5 330;5 330;5 330;540;2 878 200;0.38%
26/04/2013;5 300;5 300;5 300;5 300;81;429 300;-0.56%
29/04/2013;5 300;5 300;5 300;5 300;213;1 128 900;0.00%
30/04/2013;5 000;5 000;5 000;5 000;234;1 170 000;-5.66%
02/05/2013;5 000;5 000;5 000;5 000;8;40 000;0.00%
03/05/2013;5 000;5 000;5 000;5 000;171;855 000;0.00%
06/05/2013;5 000;5 000;5 000;5 000;507;2 535 000;0.00%
07/05/2013;5 000;5 000;5 000;5 000;2 812;14 060 000;0.00%
08/05/2013;5 375;5 375;5 375;5 375;71;381 625;7.50%
10/05/2013;5 375;5 375;5 375;5 375;14;75 250;0.00%
13/05/2013;5 400;5 400;5 400;5 400;100;540 000;0.47%
15/05/2013;5 400;5 400;5 400;5 400;390;2 106 000;0.00%
17/05/2013;5 400;5 400;5 400;5 400;871;4 703 400;0.00%
21/05/2013;5 500;5 500;5 500;5 500;34;187 000;1.85%
22/05/2013;5 500;5 500;5 500;5 500;35;192 500;0.00%
23/05/2013;5 500;5 500;5 500;5 500;230;1 265 000;0.00%
28/05/2013;5 490;5 490;5 490;5 490;107;587 430;-0.18%
29/05/2013;5 400;5 400;5 400;5 400;780;4 212 000;-1.64%
30/05/2013;5 400;5 400;5 400;5 400;1 000;5 400 000;0.00%
31/05/2013;5 400;5 400;5 400;5 400;80;432 000;0.00%
03/06/2013;5 500;5 500;5 500;5 500;9;49 500;1.85%
04/06/2013;5 500;5 500;5 500;5 500;37;203 500;0.00%
05/06/2013;5 088;5 088;5 088;5 088;12;61 056;-7.49%
06/06/2013;5 400;5 400;5 400;5 400;165;891 000;6.13%
10/06/2013;5 088;5 088;5 088;5 088;14;71 232;-5.78%
13/06/2013;5 400;5 400;5 400;5 400;208;1 123 200;6.13%
14/06/2013;5 400;5 400;5 400;5 400;9;48 600;0.00%
18/06/2013;5 400;5 400;5 400;5 400;11;59 400;0.00%
21/06/2013;5 400;5 400;5 400;5 400;2;10 800;0.00%
25/06/2013;5 300;5 300;5 300;5 300;39;206 700;-1.85%
27/06/2013;5 088;5 088;5 088;5 088;66;335 808;-4.00%
02/07/2013;5 000;5 000;5 000;5 000;142;710 000;-1.73%
03/07/2013;5 000;5 000;5 000;5 000;18;90 000;0.00%
04/07/2013;5 000;5 000;5 000;5 000;46;230 000;0.00%
05/07/2013;5 000;5 000;5 000;5 000;120;600 000;0.00%
08/07/2013;5 000;5 000;5 000;5 000;101;505 000;0.00%
09/07/2013;5 000;5 000;5 000;5 000;1;5 000;0.00%
11/07/2013;5 200;5 200;5 200;5 200;309;1 606 800;4.00%
15/07/2013;5 350;5 350;5 350;5 350;13;69 550;2.88%
16/07/2013;5 200;5 200;5 200;5 200;68;353 600;-2.80%
18/07/2013;5 180;5 180;5 180;5 180;65;336 700;-0.38%
19/07/2013;5 200;5 200;5 200;5 200;219;1 138 800;0.39%
22/07/2013;5 400;5 400;5 400;5 400;15;81 000;3.85%
23/07/2013;5 390;5 390;5 390;5 390;8;43 120;-0.19%
25/07/2013;5 300;5 300;5 300;5 300;14;74 200;-1.67%
29/07/2013;5 000;5 000;5 000;5 000;302;1 510 000;-5.66%
02/08/2013;5 000;5 000;5 000;5 000;27;135 000;0.00%
05/08/2013;5 000;5 000;5 000;5 000;265;1 325 000;0.00%
06/08/2013;5 000;5 000;5 000;5 000;1 027;5 135 000;0.00%
09/08/2013;5 000;5 000;5 000;5 000;91;455 000;0.00%
13/08/2013;5 000;5 000;5 000;5 000;12;60 000;0.00%
16/08/2013;4 900;4 900;4 900;4 900;230;1 127 000;-2.00%
19/08/2013;4 900;4 900;4 900;4 900;132;646 800;0.00%
20/08/2013;4 900;4 900;4 900;4 900;87;426 300;0.00%
21/08/2013;4 900;4 900;4 900;4 900;17;83 300;0.00%
22/08/2013;4 533;4 533;4 533;4 533;335;1 518 555;-7.49%
23/08/2013;4 193;4 193;4 193;4 193;142;595 406;-7.50%
26/08/2013;4 193;4 193;4 193;4 193;185;775 705;0.00%
27/08/2013;4 193;4 193;4 193;4 193;783;3 283 119;0.00%
28/08/2013;3 879;3 879;3 879;3 879;9;34 911;-7.49%
29/08/2013;3 880;3 880;3 880;3 880;15;58 200;0.03%
05/09/2013;3 900;3 900;3 900;3 900;20;78 000;0.52%
06/09/2013;3 902;3 902;3 902;3 902;204;796 008;0.05%
09/09/2013;4 194;4 194;4 194;4 194;151;633 294;7.48%
11/09/2013;4 194;4 194;4 194;4 194;15;62 910;0.00%
12/09/2013;4 194;4 194;4 194;4 194;19;79 686;0.00%
13/09/2013;4 200;4 200;4 200;4 200;86;361 200;0.14%
16/09/2013;4 500;4 500;4 500;4 500;9;40 500;7.14%
17/09/2013;4 300;4 300;4 300;4 300;53;227 900;-4.44%
18/09/2013;4 500;4 500;4 500;4 500;423;1 903 500;4.65%
19/09/2013;4 500;4 500;4 500;4 500;20;90 000;0.00%
20/09/2013;4 700;4 700;4 700;4 700;2;9 400;4.44%
26/09/2013;4 700;4 700;4 700;4 700;13;61 100;4.44%
30/09/2013;4 700;4 700;4 700;4 700;20;94 000;0.00%
01/10/2013;4 700;4 700;4 700;4 700;356;1 673 200;0.00%
03/10/2013;4 550;4 550;4 550;4 550;73;332 150;-3.19%
07/10/2013;4 550;4 550;4 550;4 550;155;705 250;0.00%
08/10/2013;4 550;4 550;4 550;4 550;55;250 250;0.00%
09/10/2013;4 550;4 550;4 550;4 550;6;27 300;0.00%
11/10/2013;4 600;4 600;4 600;4 600;2;9 200;1.10%
14/10/2013;4 600;4 600;4 600;4 600;44;202 400;0.00%
16/10/2013;4 900;4 900;4 900;4 900;18;88 200;6.52%
17/10/2013;4 900;4 900;4 900;4 900;40;196 000;0.00%
18/10/2013;4 850;4 850;4 850;4 850;23;111 550;-1.02%
22/10/2013;4 800;4 800;4 800;4 800;23;110 400;-1.03%
24/10/2013;4 799;4 799;4 799;4 799;18;86 382;-0.02%
25/10/2013;4 750;4 750;4 750;4 750;5;23 750;-1.02%
28/10/2013;4 700;4 700;4 700;4 700;33;155 100;-1.05%
29/10/2013;4 600;4 600;4 600;4 600;80;368 000;-2.13%
30/10/2013;4 600;4 600;4 600;4 600;19;87 400;0.00%
31/10/2013;4 600;4 600;4 600;4 600;20;92 000;0.00%
04/11/2013;4 500;4 500;4 500;4 500;3;13 500;-2.17%
06/11/2013;4 550;4 550;4 550;4 550;154;700 700;1.11%
07/11/2013;4 495;4 495;4 495;4 495;79;355 105;-1.21%
08/11/2013;4 550;4 550;4 550;4 550;31;141 050;1.22%
11/11/2013;4 500;4 500;4 500;4 500;113;508 500;-1.10%
12/11/2013;4 550;4 550;4 550;4 550;105;477 750;1.11%
13/11/2013;4 550;4 550;4 550;4 550;265;1 205 750;0.00%
18/11/2013;4 500;4 500;4 500;4 500;727;3 271 500;-1.10%
19/11/2013;4 500;4 500;4 500;4 500;87;391 500;0.00%
21/11/2013;4 500;4 500;4 500;4 500;19;85 500;0.00%
22/11/2013;4 500;4 500;4 500;4 500;57;256 500;0.00%
25/11/2013;4 450;4 450;4 450;4 450;12;53 400;-1.11%
26/11/2013;4 420;4 420;4 420;4 420;47;207 740;-0.67%
28/11/2013;4 400;4 400;4 400;4 400;16;70 400;-0.45%
29/11/2013;4 300;4 300;4 300;4 300;15;64 500;-2.27%
03/12/2013;4 200;4 200;4 200;4 200;17;71 400;-2.33%
04/12/2013;4 200;4 200;4 200;4 200;9;37 800;0.00%
06/12/2013;4 200;4 200;4 200;4 200;418;1 755 600;0.00%
09/12/2013;4 150;4 150;4 150;4 150;100;415 000;-1.19%
10/12/2013;4 400;4 400;4 400;4 400;141;620 400;6.02%
11/12/2013;4 400;4 400;4 400;4 400;557;2 450 800;0.00%
12/12/2013;4 495;4 495;4 495;4 495;154;692 230;2.16%
13/12/2013;4 500;4 500;4 500;4 500;70;315 000;0.11%
16/12/2013;4 498;4 498;4 498;4 498;9;40 482;-0.04%
17/12/2013;4 600;4 600;4 600;4 600;515;2 369 000;2.27%
18/12/2013;4 850;4 850;4 850;4 850;4;19 400;5.43%
19/12/2013;4 990;4 990;4 990;4 990;1;4 990;2.89%
20/12/2013;4 900;4 900;4 900;4 900;29;142 100;-1.80%
26/12/2013;4 850;4 850;4 850;4 850;10;48 500;-1.02%
27/12/2013;5 000;5 000;5 000;5 000;211;1 055 000;3.09%
30/12/2013;5 000;5 000;5 000;5 000;175;875 000;0.00%
31/12/2013;5 350;5 350;5 350;5 350;1 115;5 965 250;7.00%
03/01/2014;5 345;5 345;5 345;5 345;75;400 875;-0.09%
09/01/2014;5 345;5 345;5 345;5 345;63;336 735;0.00%
15/01/2014;5 199;5 199;5 199;5 199;20;103 980;-2.73%
17/01/2014;5 185;5 185;5 185;5 185;28;145 180;-0.27%
20/01/2014;4 800;4 800;4 800;4 800;10;48 000;-7.43%
21/01/2014;4 800;4 800;4 800;4 800;46;220 800;0.00%
22/01/2014;4 800;4 800;4 800;4 800;2;9 600;0.00%
23/01/2014;4 800;4 800;4 800;4 800;26;124 800;0.00%
24/01/2014;4 750;4 750;4 750;4 750;10;47 500;-1.04%
27/01/2014;4 750;4 750;4 750;4 750;10;47 500;0.00%
28/01/2014;4 750;4 750;4 750;4 750;50;237 500;0.00%
29/01/2014;4 750;4 750;4 750;4 750;1;4 750;0.00%
31/01/2014;4 750;4 750;4 750;4 750;34;161 500;0.00%
04/02/2014;4 800;4 800;4 800;4 800;500;2 400 000;1.05%
05/02/2014;4 750;4 750;4 750;4 750;50;237 500;-1.04%
06/02/2014;5 100;5 100;5 100;5 100;6;30 600;7.37%
07/02/2014;4 750;4 750;4 750;4 750;33;156 750;-6.86%
10/02/2014;4 801;4 801;4 801;4 801;182;873 782;1.07%
11/02/2014;4 800;4 800;4 800;4 800;25;120 000;-0.02%
12/02/2014;4 700;4 700;4 700;4 700;51;239 700;-2.08%
13/02/2014;4 700;4 700;4 700;4 700;97;455 900;0.00%
14/02/2014;4 700;4 700;4 700;4 700;10;47 000;0.00%
17/02/2014;4 700;4 700;4 700;4 700;1;4 700;0.00%
18/02/2014;4 700;4 700;4 700;4 700;19;89 300;0.00%
19/02/2014;4 700;4 700;4 700;4 700;6;28 200;0.00%
20/02/2014;4 800;4 800;4 800;4 800;1;4 800;2.13%
21/02/2014;4 650;4 650;4 650;4 650;223;1 036 950;-3.13%
24/02/2014;4 302;4 302;4 302;4 302;30;129 060;-7.48%
26/02/2014;4 000;4 000;4 000;4 000;350;1 400 000;-7.02%
04/03/2014;4 001;4 001;4 001;4 001;126;504 126;0.03%
05/03/2014;4 050;4 050;4 050;4 050;50;202 500;1.22%
06/03/2014;4 301;4 301;4 301;4 301;231;993 531;6.20%
07/03/2014;4 300;4 300;4 300;4 300;50;215 000;-0.02%
10/03/2014;4 300;4 300;4 300;4 300;12;51 600;0.00%
11/03/2014;4 300;4 300;4 300;4 300;241;1 036 300;0.00%
12/03/2014;4 300;4 300;4 300;4 300;11;47 300;0.00%
14/03/2014;4 200;4 200;4 200;4 200;702;2 948 400;-2.33%
17/03/2014;4 250;4 250;4 250;4 250;15;63 750;1.19%
18/03/2014;4 200;4 200;4 200;4 200;32;134 400;-1.18%
19/03/2014;4 250;4 250;4 250;4 250;10;42 500;1.19%
20/03/2014;4 200;4 200;4 200;4 200;1;4 200;-1.18%
24/03/2014;3 594;3 594;3 594;3 594;62;222 828;-7.49%
25/03/2014;3 600;3 600;3 600;3 600;119;428 400;0.17%
28/03/2014;3 500;3 500;3 500;3 500;74;259 000;-2.78%
31/03/2014;3 500;3 500;3 500;3 500;29;101 500;0.00%
01/04/2014;3 500;3 500;3 500;3 500;20;70 000;0.00%
02/04/2014;3 500;3 500;3 500;3 500;61;213 500;0.00%
03/04/2014;3 500;3 500;3 500;3 500;2;7 000;0.00%
07/04/2014;3 495;3 495;3 495;3 495;28;97 860;-0.14%
09/04/2014;3 250;3 250;3 250;3 250;59;191 750;-7.01%
10/04/2014;3 490;3 490;3 490;3 490;361;1 259 890;7.38%
11/04/2014;3 495;3 495;3 495;3 495;3;10 485;0.14%
14/04/2014;3 495;3 495;3 495;3 495;1;3 495;0.00%
15/04/2014;3 500;3 500;3 500;3 500;21;73 500;0.14%
16/04/2014;3 700;3 700;3 700;3 700;93;344 100;5.71%
17/04/2014;3 500;3 500;3 500;3 500;44;154 000;-5.41%
23/04/2014;3 500;3 500;3 500;3 500;7;24 500;0.00%
24/04/2014;3 500;3 500;3 500;3 500;60;210 000;0.00%
25/04/2014;3 763;3 763;3 763;3 763;1;3 763;7.51%
28/04/2014;3 500;3 500;3 500;3 500;46;161 000;-6.99%
29/04/2014;3 763;3 763;3 763;3 763;5;18 815;7.51%
30/04/2014;3 800;3 800;3 800;3 800;30;114 000;0.98%
02/05/2014;3 800;3 800;3 800;3 800;12;45 600;0.00%
06/05/2014;3 515;3 515;3 515;3 515;1;3 515;-7.50%
07/05/2014;3 300;3 300;3 300;3 300;85;280 500;-6.12%
08/05/2014;3 300;3 300;3 300;3 300;55;181 500;0.00%
09/05/2014;3 300;3 300;3 300;3 300;41;135 300;0.00%
13/05/2014;3 500;3 500;3 500;3 500;38;133 000;6.06%
14/05/2014;3 500;3 500;3 500;3 500;14;49 000;0.00%
15/05/2014;3 500;3 500;3 500;3 500;103;360 500;0.00%
16/05/2014;3 500;3 500;3 500;3 500;483;1 690 500;0.00%
19/05/2014;3 500;3 500;3 500;3 500;27;94 500;0.00%
20/05/2014;3 500;3 500;3 500;3 500;25;87 500;0.00%
21/05/2014;3 515;3 515;3 515;3 515;104;365 560;0.43%
22/05/2014;3 500;3 500;3 500;3 500;570;1 995 000;-0.43%
28/05/2014;3 500;3 500;3 500;3 500;2 796;9 786 000;0.00%
30/05/2014;3 500;3 500;3 500;3 500;87;304 500;0.00%
02/06/2014;3 500;3 500;3 500;3 500;18;63 000;0.00%
03/06/2014;3 570;3 570;3 570;3 570;25;89 250;2.00%
04/06/2014;3 570;3 570;3 570;3 570;102;364 140;0.00%
05/06/2014;3 570;3 570;3 570;3 570;15;53 550;0.00%
06/06/2014;3 500;3 500;3 500;3 500;324;1 134 000;-1.96%
11/06/2014;3 500;3 500;3 500;3 500;40;140 000;0.00%
12/06/2014;3 500;3 500;3 500;3 500;1 676;5 866 000;0.00%
13/06/2014;3 500;3 500;3 500;3 500;23;80 500;0.00%
16/06/2014;3 450;3 450;3 450;3 450;30;103 500;-1.43%
17/06/2014;3 500;3 500;3 500;3 500;2;7 000;1.45%
18/06/2014;3 500;3 500;3 500;3 500;8;28 000;0.00%
24/06/2014;3 570;3 570;3 570;3 570;10;35 700;2.00%
25/06/2014;3 500;3 500;3 500;3 500;7;24 500;-1.96%
26/06/2014;3 500;3 500;3 500;3 500;28;98 000;0.00%
27/06/2014;3 500;3 500;3 500;3 500;25;87 500;0.00%
30/06/2014;3 400;3 400;3 400;3 400;1;3 400;-2.86%
01/07/2014;3 500;3 500;3 500;3 500;30;105 000;2.94%
02/07/2014;3 400;3 400;3 400;3 400;69;234 600;-2.86%
03/07/2014;3 400;3 400;3 400;3 400;10;34 000;0.00%
04/07/2014;3 401;3 401;3 401;3 401;13;44 213;0.03%
07/07/2014;3 400;3 400;3 400;3 400;29;98 600;-0.03%
08/07/2014;3 400;3 400;3 400;3 400;1;3 400;0.00%
09/07/2014;3 400;3 400;3 400;3 400;51;173 400;0.00%
10/07/2014;3 400;3 400;3 400;3 400;22;74 800;0.00%
14/07/2014;3 260;3 260;3 260;3 260;28;91 280;-4.12%
15/07/2014;3 400;3 400;3 400;3 400;5;17 000;4.29%
16/07/2014;3 400;3 400;3 400;3 400;25;85 000;0.00%
17/07/2014;3 400;3 400;3 400;3 400;12;40 800;0.00%
18/07/2014;3 325;3 325;3 325;3 325;34;113 050;-2.21%
21/07/2014;3 400;3 400;3 400;3 400;62;210 800;2.26%
22/07/2014;3 400;3 400;3 400;3 400;10;34 000;0.00%
23/07/2014;3 210;3 210;3 210;3 210;5;16 050;-5.59%
25/07/2014;3 250;3 250;3 250;3 250;2 006;6 519 500;1.25%
29/07/2014;3 221;3 221;3 221;3 221;52;167 492;-0.89%
30/07/2014;3 400;3 400;3 400;3 400;223;758 200;5.56%
31/07/2014;3 400;3 400;3 400;3 400;110;374 000;0.00%
01/08/2014;3 400;3 400;3 400;3 400;84;285 600;0.00%
04/08/2014;3 400;3 400;3 400;3 400;3;10 200;0.00%
05/08/2014;3 400;3 400;3 400;3 400;10 000;34 000 000;0.00%
06/08/2014;3 145;3 145;3 145;3 145;44;138 380;-7.50%
07/08/2014;3 145;3 145;3 145;3 145;440;1 383 800;0.00%
08/08/2014;3 145;3 145;3 145;3 145;187;588 115;0.00%
12/08/2014;3 140;3 140;3 140;3 140;5;15 700;-0.16%
13/08/2014;3 100;3 100;3 100;3 100;34;105 400;-1.27%
14/08/2014;3 100;3 100;3 100;3 100;39;120 900;0.00%
18/08/2014;3 100;3 100;3 100;3 100;5;15 500;0.00%
19/08/2014;3 100;3 100;3 100;3 100;45;139 500;0.00%
20/08/2014;3 100;3 100;3 100;3 100;11;34 100;0.00%
26/08/2014;3 100;3 100;3 100;3 100;25;77 500;0.00%
27/08/2014;3 100;3 100;3 100;3 100;635;1 968 500;0.00%
28/08/2014;3 140;3 140;3 140;3 140;39;122 460;1.29%
29/08/2014;3 140;3 140;3 140;3 140;5;15 700;0.00%
02/09/2014;3 140;3 140;3 140;3 140;1;3 140;0.00%
03/09/2014;3 140;3 140;3 140;3 140;23;72 220;0.00%
04/09/2014;3 140;3 140;3 140;3 140;46;144 440;0.00%
05/09/2014;3 140;3 140;3 140;3 140;81;254 340;0.00%
09/09/2014;3 140;3 140;3 140;3 140;10;31 400;0.00%
10/09/2014;3 140;3 140;3 140;3 140;53;166 420;0.00%
11/09/2014;3 131;3 131;3 131;3 131;30;93 930;-0.29%
12/09/2014;3 140;3 140;3 140;3 140;1;3 140;0.29%
16/09/2014;3 170;3 170;3 170;3 170;225;713 250;0.96%
18/09/2014;3 141;3 141;3 141;3 141;22;69 102;0.03%
19/09/2014;3 141;3 141;3 141;3 141;8;25 128;0.00%
22/09/2014;3 140;3 140;3 140;3 140;36;113 040;-0.03%
23/09/2014;3 140;3 140;3 140;3 140;25;78 500;0.00%
25/09/2014;3 140;3 140;3 140;3 140;57;178 980;0.00%
26/09/2014;3 140;3 140;3 140;3 140;69;216 660;0.00%
29/09/2014;3 102;3 102;3 102;3 102;6;18 612;-1.21%
30/09/2014;3 112;3 112;3 112;3 112;41;127 592;0.32%
01/10/2014;3 100;3 100;3 100;3 100;20;62 000;-0.39%
02/10/2014;3 100;3 100;3 100;3 100;40;124 000;0.00%
08/10/2014;3 050;3 050;3 050;3 050;5;15 250;-1.61%
10/10/2014;3 111;3 111;3 111;3 111;41;127 551;2.00%
14/10/2014;3 085;3 085;3 085;3 085;1 682;5 188 970;-0.84%
15/10/2014;3 080;3 080;3 080;3 080;32;98 560;-0.16%
22/10/2014;2 850;2 850;2 850;2 850;55;156 750;-7.47%
23/10/2014;2 640;2 640;2 640;2 640;2;5 280;-7.37%
27/10/2014;2 640;2 640;2 640;2 640;10;26 400;0.00%
29/10/2014;2 640;2 640;2 640;2 640;5;13 200;0.00%
30/10/2014;2 640;2 640;2 640;2 640;35;92 400;0.00%
31/10/2014;2 640;2 640;2 640;2 640;12;31 680;0.00%
03/11/2014;2 610;2 610;2 610;2 610;110;287 100;-1.14%
13/11/2014;2 500;2 500;2 500;2 500;21;52 500;-4.21%
14/11/2014;2 499;2 499;2 499;2 499;90;224 910;-0.04%
17/11/2014;2 499;2 499;2 499;2 499;248;619 752;0.00%
19/11/2014;2 549;2 549;2 549;2 549;10;25 490;2.00%
20/11/2014;2 610;2 610;2 610;2 610;84;219 240;2.39%
21/11/2014;2 800;2 800;2 800;2 800;426;1 192 800;7.28%
27/11/2014;2 590;2 590;2 590;2 590;51;132 090;-7.50%
28/11/2014;2 600;2 600;2 600;2 600;19;49 400;0.39%
01/12/2014;2 795;2 795;2 795;2 795;127;354 965;7.50%
02/12/2014;2 850;2 850;2 850;2 850;108;307 800;1.97%
03/12/2014;2 900;2 900;2 900;2 900;20;58 000;1.75%
04/12/2014;3 080;3 080;3 080;3 080;600;1 848 000;6.21%
08/12/2014;3 200;3 200;3 200;3 200;350;1 120 000;3.90%
10/12/2014;3 200;3 200;3 200;3 200;8;25 600;0.00%
11/12/2014;3 190;3 190;3 190;3 190;31;98 890;-0.31%
15/12/2014;3 200;3 200;3 200;3 200;42;134 400;0.31%
18/12/2014;3 195;3 195;3 195;3 195;1 162;3 712 590;0.16%
22/12/2014;3 180;3 180;3 180;3 180;10;31 800;-0.47%
23/12/2014;3 175;3 175;3 175;3 175;10;31 750;-0.16%
24/12/2014;3 200;3 200;3 200;3 200;110;352 000;0.79%
25/12/2014;3 200;3 200;3 200;3 200;1 100;3 520 000;0.00%
31/12/2014;3 190;3 190;3 190;3 190;203;647 570;-0.31%
05/01/2015;3 190;3 190;3 190;3 190;27;86 130;0.00%
07/01/2015;3 000;3 000;3 000;3 000;9;27 000;-5.96%
12/01/2015;2 950;2 950;2 950;2 950;15;44 250;-1.67%
13/01/2015;2 950;2 950;2 950;2 950;20;59 000;0.00%
14/01/2015;3 000;3 000;3 000;3 000;10;30 000;1.69%
19/01/2015;3 039;3 039;3 039;3 039;20;60 780;1.30%
21/01/2015;3 000;3 000;3 000;3 000;36;108 000;-1.28%
22/01/2015;3 000;3 000;3 000;3 000;14;42 000;0.00%
23/01/2015;2 900;2 900;2 900;2 900;50;145 000;-3.33%
26/01/2015;2 950;2 950;2 950;2 950;3;8 850;1.72%
27/01/2015;2 995;2 995;2 995;2 995;82;245 590;1.53%
29/01/2015;2 900;2 900;2 900;2 900;50;145 000;-3.17%
03/02/2015;2 900;2 900;2 900;2 900;50;145 000;0.00%
05/02/2015;2 900;2 900;2 900;2 900;26;75 400;0.00%
06/02/2015;2 900;2 900;2 900;2 900;4;11 600;0.00%
09/02/2015;2 900;2 900;2 900;2 900;40;116 000;0.00%
10/02/2015;2 900;2 900;2 900;2 900;1;2 900;0.00%
11/02/2015;2 900;2 900;2 900;2 900;6;17 400;0.00%
12/02/2015;2 683;2 683;2 683;2 683;6;16 098;-7.48%
13/02/2015;2 700;2 700;2 700;2 700;52;140 400;0.63%
17/02/2015;2 651;2 651;2 651;2 651;2;5 302;-1.81%
20/02/2015;2 650;2 650;2 650;2 650;15;39 750;-0.04%
23/02/2015;2 650;2 650;2 650;2 650;27;71 550;0.00%
24/02/2015;2 600;2 600;2 600;2 600;14;36 400;-1.89%
25/02/2015;2 600;2 600;2 600;2 600;4;10 400;0.00%
26/02/2015;2 600;2 600;2 600;2 600;15;39 000;0.00%
27/02/2015;2 700;2 700;2 700;2 700;18;48 600;3.85%
02/03/2015;2 700;2 700;2 700;2 700;7;18 900;0.00%
04/03/2015;2 600;2 600;2 600;2 600;74;192 400;-3.70%
05/03/2015;2 600;2 600;2 600;2 600;25;65 000;0.00%
06/03/2015;2 600;2 600;2 600;2 600;47;122 200;0.00%
09/03/2015;2 650;2 650;2 650;2 650;19;50 350;1.92%
10/03/2015;2 650;2 650;2 650;2 650;49;129 850;0.00%
12/03/2015;2 600;2 600;2 600;2 600;774;2 012 400;-1.89%
13/03/2015;2 600;2 600;2 600;2 600;24;62 400;0.00%
17/03/2015;2 405;2 405;2 405;2 405;25;60 125;-7.50%
18/03/2015;2 405;2 405;2 405;2 405;18;43 290;0.00%
19/03/2015;2 410;2 410;2 410;2 410;257;619 370;0.21%
20/03/2015;2 410;2 410;2 410;2 410;263;633 830;0.00%
23/03/2015;2 400;2 400;2 400;2 400;265;636 000;-0.41%
25/03/2015;2 400;2 400;2 400;2 400;55;132 000;0.00%
26/03/2015;2 400;2 400;2 400;2 400;69;165 600;0.00%
27/03/2015;2 300;2 300;2 300;2 300;9;20 700;-4.17%
30/03/2015;2 300;2 300;2 300;2 300;461;1 060 300;0.00%
31/03/2015;2 300;2 300;2 300;2 300;19;43 700;0.00%
01/04/2015;2 400;2 400;2 400;2 400;5;12 000;4.35%
03/04/2015;2 350;2 350;2 350;2 350;8;18 800;-2.08%
06/04/2015;2 350;2 350;2 350;2 350;80;188 000;0.00%
07/04/2015;2 400;2 400;2 400;2 400;26;62 400;2.13%
08/04/2015;2 400;2 400;2 400;2 400;100;240 000;0.00%
09/04/2015;2 350;2 350;2 350;2 350;7;16 450;-2.08%
13/04/2015;2 350;2 350;2 350;2 350;50;117 500;0.00%
15/04/2015;2 500;2 500;2 500;2 500;514;1 285 000;6.38%
16/04/2015;2 500;2 500;2 500;2 500;307;767 500;0.00%
17/04/2015;2 500;2 500;2 500;2 500;8;20 000;0.00%
20/04/2015;2 451;2 451;2 451;2 451;15;36 765;-1.96%
21/04/2015;2 500;2 500;2 500;2 500;404;1 010 000;2.00%
22/04/2015;2 500;2 500;2 500;2 500;150;375 000;0.00%
23/04/2015;2 451;2 451;2 451;2 451;22;53 922;-1.96%
24/04/2015;2 500;2 500;2 500;2 500;50;125 000;2.00%
27/04/2015;2 500;2 500;2 500;2 500;110;275 000;0.00%
28/04/2015;2 500;2 500;2 500;2 500;429;1 072 500;0.00%
29/04/2015;2 500;2 500;2 500;2 500;930;2 325 000;0.00%
04/05/2015;2 490;2 490;2 490;2 490;20;49 800;-0.40%
06/05/2015;2 490;2 490;2 490;2 490;1;2 490;0.00%
07/05/2015;2 677;2 677;2 677;2 677;1 674;4 481 298;7.51%
08/05/2015;2 800;2 800;2 800;2 800;1 613;4 516 400;4.59%
12/05/2015;2 800;2 800;2 800;2 800;222;621 600;0.00%
13/05/2015;2 800;2 800;2 800;2 800;443;1 240 400;0.00%
14/05/2015;2 800;2 800;2 800;2 800;4 430;12 404 000;0.00%
15/05/2015;2 800;2 800;2 800;2 800;40;112 000;0.00%
18/05/2015;2 750;2 750;2 750;2 750;85;233 750;-1.79%
19/05/2015;2 675;2 675;2 675;2 675;15 354;41 071 950;-2.73%
20/05/2015;2 700;2 700;2 700;2 700;290;783 000;0.93%
21/05/2015;2 700;2 700;2 700;2 700;15;40 500;0.00%
22/05/2015;2 700;2 700;2 700;2 700;75;202 500;0.00%
25/05/2015;2 700;2 700;2 700;2 700;750;2 025 000;0.00%
26/05/2015;2 698;2 698;2 698;2 698;30;80 940;-0.07%
27/05/2015;2 700;2 700;2 700;2 700;110;297 000;0.07%
28/05/2015;2 698;2 698;2 698;2 698;510;1 375 980;-0.07%
29/05/2015;2 698;2 698;2 698;2 698;250;674 500;0.00%
01/06/2015;2 900;2 900;2 900;2 900;239;693 100;7.49%
02/06/2015;2 916;2 916;2 916;2 916;59;172 044;0.55%
03/06/2015;2 900;2 900;2 900;2 900;2 420;7 018 000;-0.55%
08/06/2015;2 900;2 900;2 900;2 900;2 184;6 333 600;0.00%
09/06/2015;2 900;2 900;2 900;2 900;1;2 900;0.00%
10/06/2015;3 100;3 100;3 100;3 100;252;781 200;6.90%
11/06/2015;3 100;3 100;3 100;3 100;111;344 100;0.00%
12/06/2015;2 900;2 900;2 900;2 900;11 382;33 007 800;-6.45%
16/06/2015;2 900;2 900;2 900;2 900;2 095;6 075 500;-2.36%
17/06/2015;2 900;2 900;2 900;2 900;857;2 485 300;0.00%
18/06/2015;2 900;2 900;2 900;2 900;20;58 000;0.00%
22/06/2015;2 900;2 900;2 900;2 900;223;646 700;0.00%
23/06/2015;2 900;2 900;2 900;2 900;200;580 000;0.00%
25/06/2015;2 900;2 900;2 900;2 900;150;435 000;0.00%
26/06/2015;2 900;2 900;2 900;2 900;145;420 500;0.00%
29/06/2015;3 099;3 099;3 099;3 099;34;105 366;6.86%
30/06/2015;2 900;2 900;2 900;2 900;1 655;4 799 500;-6.42%
01/07/2015;3 050;3 050;3 050;3 050;7;21 350;5.17%
02/07/2015;3 050;3 050;3 050;3 050;12;36 600;0.00%
03/07/2015;3 000;3 000;3 000;3 000;298;894 000;-1.64%
06/07/2015;2 900;2 900;2 900;2 900;241;698 900;-3.33%
07/07/2015;2 950;2 950;2 950;2 950;42;123 900;1.72%
10/07/2015;3 050;3 050;3 050;3 050;123;375 150;3.39%
13/07/2015;3 000;3 000;3 000;3 000;45;135 000;-1.64%
14/07/2015;3 000;3 000;3 000;3 000;450;1 350 000;0.00%
15/07/2015;3 000;3 000;3 000;3 000;29;87 000;0.00%
16/07/2015;2 911;2 911;2 911;2 911;131;381 341;-2.97%
17/07/2015;2 911;2 911;2 911;2 911;1 310;3 812 755;-0.02%
21/07/2015;2 900;2 900;2 900;2 900;379;1 099 100;-0.36%
22/07/2015;2 980;2 980;2 980;2 980;227;676 460;2.76%
23/07/2015;2 900;2 900;2 900;2 900;50;145 000;-2.68%
24/07/2015;2 900;2 900;2 900;2 900;133;385 700;0.00%
27/07/2015;2 898;2 898;2 898;2 898;205;594 090;-0.07%
28/07/2015;2 900;2 900;2 900;2 900;366;1 061 400;0.07%
29/07/2015;2 850;2 850;2 850;2 850;20;57 000;-1.72%
30/07/2015;2 816;2 816;2 816;2 816;23;64 768;-1.19%
31/07/2015;2 816;2 816;2 816;2 816;12;33 792;0.00%
03/08/2015;2 816;2 816;2 816;2 816;71;199 936;0.00%
04/08/2015;2 800;2 800;2 800;2 800;39;109 200;-0.57%
06/08/2015;2 775;2 775;2 775;2 775;150;416 250;-0.89%
07/08/2015;2 775;2 775;2 775;2 775;1 500;4 162 500;0.00%
10/08/2015;2 800;2 800;2 800;2 800;15;42 000;0.90%
11/08/2015;2 800;2 800;2 800;2 800;50;140 000;0.00%
12/08/2015;2 775;2 775;2 775;2 775;135;374 625;-0.89%
13/08/2015;2 750;2 750;2 750;2 750;24;66 000;-0.90%
14/08/2015;2 601;2 601;2 601;2 601;73;189 873;-5.42%
17/08/2015;2 601;2 601;2 601;2 601;27;70 227;0.00%
19/08/2015;2 650;2 650;2 650;2 650;60;159 000;1.88%
20/08/2015;2 650;2 650;2 650;2 650;103;272 950;0.00%
21/08/2015;2 650;2 650;2 650;2 650;50;132 500;0.00%
24/08/2015;2 651;2 651;2 651;2 651;16;42 416;0.04%
25/08/2015;2 650;2 650;2 650;2 650;306;810 900;-0.04%
26/08/2015;2 650;2 650;2 650;2 650;10;26 500;0.00%
27/08/2015;2 795;2 795;2 795;2 795;208;581 360;5.47%
28/08/2015;2 650;2 650;2 650;2 650;5;13 250;-5.19%
31/08/2015;2 650;2 650;2 650;2 650;62;164 300;0.00%
01/09/2015;2 650;2 650;2 650;2 650;5;13 250;0.00%
02/09/2015;2 700;2 700;2 700;2 700;2;5 400;1.89%
07/09/2015;2 650;2 650;2 650;2 650;7;18 550;-1.85%
08/09/2015;2 650;2 650;2 650;2 650;27;71 550;0.00%
09/09/2015;2 700;2 700;2 700;2 700;18;48 600;1.89%
10/09/2015;2 699;2 699;2 699;2 699;42;113 358;-0.04%
11/09/2015;2 650;2 650;2 650;2 650;105;278 250;-1.82%
15/09/2015;2 601;2 601;2 601;2 601;4;10 404;-1.85%
16/09/2015;2 600;2 600;2 600;2 600;612;1 591 200;-0.04%
17/09/2015;2 600;2 600;2 600;2 600;120;312 000;0.00%
18/09/2015;2 600;2 600;2 600;2 600;500;1 300 000;0.00%
21/09/2015;2 600;2 600;2 600;2 600;37;96 200;0.00%
22/09/2015;2 550;2 550;2 550;2 550;281;716 550;-1.92%
23/09/2015;2 550;2 550;2 550;2 550;274;698 700;0.00%
24/09/2015;2 550;2 550;2 550;2 550;2 740;6 987 000;0.00%
25/09/2015;2 550;2 550;2 550;2 550;11;28 050;0.00%
28/09/2015;2 550;2 550;2 550;2 550;17;43 350;0.00%
29/09/2015;2 550;2 550;2 550;2 550;20;51 000;0.00%
30/09/2015;2 600;2 600;2 600;2 600;150;390 000;1.96%
01/10/2015;2 655;2 655;2 655;2 655;52;138 060;2.12%
02/10/2015;2 795;2 795;2 795;2 795;7;19 565;5.27%
05/10/2015;2 750;2 750;2 750;2 750;760;2 090 000;-1.61%
06/10/2015;2 750;2 750;2 750;2 750;350;962 500;0.00%
08/10/2015;2 600;2 600;2 600;2 600;725;1 885 000;-5.45%
09/10/2015;2 600;2 600;2 600;2 600;10;26 000;0.00%
12/10/2015;2 601;2 601;2 601;2 601;970;2 522 970;0.04%
13/10/2015;2 680;2 680;2 680;2 680;35;93 800;3.04%
14/10/2015;2 600;2 600;2 600;2 600;84;218 400;-2.99%
15/10/2015;2 600;2 600;2 600;2 600;202;525 200;0.00%
16/10/2015;2 601;2 601;2 601;2 601;25;65 025;0.04%
19/10/2015;2 600;2 600;2 600;2 600;342;889 200;-0.04%
20/10/2015;2 650;2 650;2 650;2 650;7;18 550;1.92%
21/10/2015;2 650;2 650;2 650;2 650;31;82 150;0.00%
26/10/2015;2 660;2 660;2 660;2 660;11;29 260;0.38%
27/10/2015;2 650;2 650;2 650;2 650;107;283 550;-0.38%
28/10/2015;2 675;2 675;2 675;2 675;283;757 025;0.94%
30/10/2015;2 700;2 700;2 700;2 700;5;13 500;0.93%
02/11/2015;2 670;2 670;2 670;2 670;16;42 720;-1.11%
03/11/2015;2 600;2 600;2 600;2 600;1 258;3 270 800;-2.62%
04/11/2015;2 640;2 640;2 640;2 640;175;462 000;1.54%
05/11/2015;2 649;2 649;2 649;2 649;12;31 788;0.34%
06/11/2015;2 650;2 650;2 650;2 650;53;140 450;0.04%
09/11/2015;2 650;2 650;2 650;2 650;221;585 650;0.00%
10/11/2015;2 630;2 630;2 630;2 630;5;13 150;-0.75%
11/11/2015;2 630;2 630;2 630;2 630;74;194 620;0.00%
12/11/2015;2 600;2 600;2 600;2 600;575;1 495 000;-1.14%
13/11/2015;2 599;2 599;2 599;2 599;105;272 895;-0.04%
18/11/2015;2 640;2 640;2 640;2 640;200;528 000;1.58%
19/11/2015;2 650;2 650;2 650;2 650;138;365 700;0.38%
20/11/2015;2 650;2 650;2 650;2 650;602;1 595 300;0.00%
23/11/2015;2 660;2 660;2 660;2 660;292;776 720;0.38%
24/11/2015;2 660;2 660;2 660;2 660;217;577 220;0.00%
30/11/2015;2 659;2 659;2 659;2 659;7;18 613;-0.04%
01/12/2015;2 660;2 660;2 660;2 660;351;933 660;0.04%
02/12/2015;2 690;2 690;2 690;2 690;300;807 000;1.13%
04/12/2015;2 730;2 730;2 730;2 730;116;316 680;1.49%
07/12/2015;2 700;2 700;2 700;2 700;17;45 900;-1.10%
10/12/2015;2 660;2 660;2 660;2 660;39;103 740;-1.48%
14/12/2015;2 660;2 660;2 660;2 660;109;289 940;-1.48%
15/12/2015;2 520;2 520;2 520;2 520;632;1 592 640;-5.26%
16/12/2015;2 520;2 520;2 520;2 520;15;37 800;0.00%
18/12/2015;2 570;2 570;2 570;2 570;15;38 550;1.98%
21/12/2015;2 550;2 550;2 550;2 550;35;89 250;-0.78%
22/12/2015;2 540;2 540;2 540;2 540;3;7 620;-0.39%
28/12/2015;2 550;2 550;2 550;2 550;6;15 300;0.39%
29/12/2015;2 551;2 551;2 551;2 551;55;140 305;0.04%
31/12/2015;2 560;2 560;2 560;2 560;268;686 080;0.35%
05/01/2016;2 600;2 600;2 600;2 600;2;5 200;1.56%
06/01/2016;2 600;2 600;2 600;2 600;235;611 000;0.00%
07/01/2016;2 550;2 550;2 550;2 550;1 000;2 550 000;-1.92%
08/01/2016;2 600;2 600;2 600;2 600;10;26 000;1.96%
12/01/2016;2 601;2 601;2 601;2 601;42;109 242;0.04%
13/01/2016;2 660;2 660;2 660;2 660;25;66 500;2.27%
14/01/2016;2 660;2 660;2 660;2 660;16;42 560;0.00%
15/01/2016;2 650;2 650;2 650;2 650;62;164 300;-0.38%
18/01/2016;2 649;2 649;2 649;2 649;3;7 947;-0.04%
19/01/2016;2 601;2 601;2 601;2 601;10;26 010;-1.81%
20/01/2016;2 601;2 601;2 601;2 601;9;23 409;0.00%
21/01/2016;2 649;2 649;2 649;2 649;370;980 130;1.85%
22/01/2016;2 649;2 649;2 649;2 649;5;13 245;0.00%
25/01/2016;2 660;2 660;2 660;2 660;150;399 000;0.42%
26/01/2016;2 650;2 650;2 650;2 650;30;79 500;-0.38%
28/01/2016;2 651;2 651;2 651;2 651;30;79 530;0.04%
02/02/2016;2 715;2 715;2 715;2 715;705;1 914 075;2.41%
03/02/2016;2 849;2 849;2 849;2 849;35;99 715;4.94%
04/02/2016;2 849;2 849;2 849;2 849;15;42 735;0.00%
08/02/2016;2 850;2 850;2 850;2 850;12;34 200;0.04%
09/02/2016;2 900;2 900;2 900;2 900;8;23 200;1.75%
10/02/2016;2 860;2 860;2 860;2 860;37;105 820;-1.38%
11/02/2016;2 849;2 849;2 849;2 849;17;48 433;-0.38%
12/02/2016;2 850;2 850;2 850;2 850;6;17 100;0.04%
16/02/2016;2 850;2 850;2 850;2 850;10;28 500;0.00%
18/02/2016;2 750;2 750;2 750;2 750;22;60 500;-3.51%
19/02/2016;2 750;2 750;2 750;2 750;561;1 542 750;0.00%
22/02/2016;2 700;2 700;2 700;2 700;60;162 000;-1.82%
23/02/2016;2 690;2 690;2 690;2 690;283;761 270;-0.37%
24/02/2016;2 700;2 700;2 700;2 700;126;340 200;0.37%
25/02/2016;2 620;2 620;2 620;2 620;27;70 740;-2.96%
29/02/2016;2 625;2 625;2 625;2 625;35;91 875;0.19%
01/03/2016;2 700;2 700;2 700;2 700;15;40 500;2.86%
02/03/2016;2 700;2 700;2 700;2 700;1;2 700;0.00%
03/03/2016;2 650;2 650;2 650;2 650;108;286 200;-1.85%
04/03/2016;2 700;2 700;2 700;2 700;12;32 400;1.89%
07/03/2016;2 700;2 700;2 700;2 700;3;8 100;0.00%
08/03/2016;2 700;2 700;2 700;2 700;15;40 500;0.00%
09/03/2016;2 800;2 800;2 800;2 800;63;176 400;3.70%
11/03/2016;2 800;2 800;2 800;2 800;121;338 800;0.00%
14/03/2016;2 800;2 800;2 800;2 800;406;1 136 800;0.00%
15/03/2016;2 800;2 800;2 800;2 800;74;207 200;0.00%
16/03/2016;2 900;2 900;2 900;2 900;1;2 900;3.57%
17/03/2016;2 850;2 850;2 850;2 850;4;11 400;-1.72%
18/03/2016;2 850;2 850;2 850;2 850;57;162 450;0.00%
22/03/2016;2 900;2 900;2 900;2 900;123;356 700;1.75%
23/03/2016;2 900;2 900;2 900;2 900;77;223 300;0.00%
24/03/2016;2 900;2 900;2 900;2 900;23;66 700;0.00%
25/03/2016;3 000;3 000;3 000;3 000;56;168 000;3.45%
28/03/2016;3 000;3 000;3 000;3 000;560;1 680 000;0.00%
29/03/2016;3 100;3 100;3 100;3 100;895;2 774 500;3.33%
30/03/2016;3 000;3 000;3 000;3 000;2 474;7 422 000;-3.23%
31/03/2016;3 000;3 000;3 000;3 000;643;1 929 000;0.00%
01/04/2016;2 860;2 860;2 860;2 860;59;168 740;-4.67%
04/04/2016;3 000;3 000;3 000;3 000;328;984 000;4.90%
05/04/2016;3 000;3 000;3 000;3 000;16;48 000;0.00%
06/04/2016;3 000;3 000;3 000;3 000;478;1 434 000;0.00%
07/04/2016;2 950;2 950;2 950;2 950;20;59 000;-1.67%
08/04/2016;3 000;3 000;3 000;3 000;50;150 000;1.69%
11/04/2016;3 000;3 000;3 000;3 000;40;120 000;0.00%
13/04/2016;3 050;3 050;3 050;3 050;1 224;3 733 200;1.67%
15/04/2016;3 100;3 100;3 100;3 100;15;46 500;1.64%
18/04/2016;3 100;3 100;3 100;3 100;27;83 700;0.00%
19/04/2016;3 100;3 100;3 100;3 100;40;124 000;0.00%
20/04/2016;3 050;3 050;3 050;3 050;74;225 700;-1.61%
21/04/2016;3 001;3 001;3 001;3 001;2 015;6 047 015;-1.61%
22/04/2016;3 100;3 100;3 100;3 100;50;155 000;3.30%
25/04/2016;3 101;3 101;3 101;3 101;15;46 515;0.03%
26/04/2016;3 150;3 150;3 150;3 150;20;63 000;1.58%
28/04/2016;3 153;3 153;3 153;3 153;230;725 190;0.10%
29/04/2016;3 389;3 389;3 389;3 389;924;3 131 436;7.48%
02/05/2016;3 389;3 389;3 389;3 389;9 240;31 314 360;0.00%
03/05/2016;3 500;3 500;3 500;3 500;765;2 677 500;3.28%
04/05/2016;3 700;3 700;3 700;3 700;91;336 700;5.71%
05/05/2016;3 700;3 700;3 700;3 700;910;3 367 000;0.00%
06/05/2016;3 700;3 700;3 700;3 700;92;340 400;0.00%
09/05/2016;3 800;3 800;3 800;3 800;212;805 600;2.70%
10/05/2016;3 590;3 590;3 590;3 590;15;53 850;-5.53%
11/05/2016;3 450;3 450;3 450;3 450;49;169 050;-3.90%
12/05/2016;3 450;3 450;3 450;3 450;236;814 200;0.00%
13/05/2016;3 461;3 461;3 461;3 461;10;34 610;0.32%
16/05/2016;3 461;3 461;3 461;3 461;100;346 050;-0.01%
17/05/2016;3 700;3 700;3 700;3 700;2;7 400;6.92%
18/05/2016;3 530;3 530;3 530;3 530;155;547 150;-4.59%
20/05/2016;3 550;3 550;3 550;3 550;210;745 500;0.57%
24/05/2016;3 501;3 501;3 501;3 501;213;745 713;-1.38%
25/05/2016;3 400;3 400;3 400;3 400;617;2 097 800;-2.88%
26/05/2016;3 300;3 300;3 300;3 300;49;161 700;-2.94%
27/05/2016;3 300;3 300;3 300;3 300;105;346 500;0.00%
30/05/2016;3 280;3 280;3 280;3 280;118;387 040;-0.61%
31/05/2016;3 400;3 400;3 400;3 400;66;224 400;3.66%
02/06/2016;3 350;3 350;3 350;3 350;78;261 300;-1.47%
06/06/2016;3 350;3 350;3 350;3 350;40;134 000;0.00%
07/06/2016;3 350;3 350;3 350;3 350;3;10 050;0.00%
09/06/2016;3 400;3 400;3 400;3 400;51;173 400;0.00%
10/06/2016;3 321;3 321;3 321;3 321;179;594 459;-2.32%
13/06/2016;3 399;3 399;3 399;3 399;24;81 576;2.35%
14/06/2016;3 400;3 400;3 400;3 400;181;615 400;0.03%
15/06/2016;3 400;3 400;3 400;3 400;6;20 400;0.00%
16/06/2016;3 400;3 400;3 400;3 400;158;537 200;0.00%
17/06/2016;3 398;3 398;3 398;3 398;51;173 298;-0.06%
20/06/2016;3 400;3 400;3 400;3 400;5;17 000;0.06%
21/06/2016;3 400;3 400;3 400;3 400;187;635 800;0.00%
22/06/2016;3 500;3 500;3 500;3 500;203;710 500;2.94%
23/06/2016;3 550;3 550;3 550;3 550;71;252 050;1.43%
24/06/2016;3 500;3 500;3 500;3 500;395;1 382 500;-1.41%
27/06/2016;3 600;3 600;3 600;3 600;42;151 200;2.86%
28/06/2016;3 600;3 600;3 600;3 600;70;252 000;0.00%
29/06/2016;3 600;3 600;3 600;3 600;117;421 200;0.00%
30/06/2016;3 601;3 601;3 601;3 601;576;2 074 176;0.03%
01/07/2016;3 800;3 800;3 800;3 800;327;1 242 600;5.53%
07/07/2016;3 750;3 750;3 750;3 750;192;720 000;-1.32%
08/07/2016;3 600;3 600;3 600;3 600;149;536 400;-4.00%
11/07/2016;3 400;3 400;3 400;3 400;102;346 800;-5.56%
12/07/2016;3 200;3 200;3 200;3 200;247;790 400;-5.88%
13/07/2016;3 320;3 320;3 320;3 320;60;199 200;3.75%
14/07/2016;3 290;3 290;3 290;3 290;146;480 340;-0.90%
15/07/2016;3 044;3 044;3 044;3 044;7;21 308;-7.48%
19/07/2016;3 200;3 200;3 200;3 200;88;281 600;5.12%
20/07/2016;3 355;3 355;3 355;3 355;25;83 875;4.84%
21/07/2016;3 230;3 230;3 230;3 230;84;271 320;-3.73%
22/07/2016;3 230;3 230;3 230;3 230;54;174 420;0.00%
27/07/2016;3 000;3 000;3 000;3 000;53;159 000;-7.12%
28/07/2016;3 000;3 000;3 000;3 000;20;60 000;0.00%
29/07/2016;3 000;3 000;3 000;3 000;65;195 000;0.00%
02/08/2016;3 100;3 100;3 100;3 100;11;34 100;3.33%
03/08/2016;3 100;3 100;3 100;3 100;15;46 500;0.00%
09/08/2016;3 101;3 101;3 101;3 101;21;65 121;0.03%
10/08/2016;3 101;3 101;3 101;3 101;1;3 101;0.00%
11/08/2016;3 110;3 110;3 110;3 110;4;12 440;0.29%
16/08/2016;3 200;3 200;3 200;3 200;14;44 800;2.89%
17/08/2016;3 210;3 210;3 210;3 210;1;3 210;0.31%
18/08/2016;3 300;3 300;3 300;3 300;47;155 100;2.80%
19/08/2016;3 200;3 200;3 200;3 200;27;86 400;-3.03%
22/08/2016;3 210;3 210;3 210;3 210;6;19 260;0.31%
23/08/2016;3 200;3 200;3 200;3 200;9;28 800;-0.31%
24/08/2016;3 340;3 340;3 340;3 340;7;23 380;4.38%
25/08/2016;3 340;3 340;3 340;3 340;1;3 340;0.00%
26/08/2016;3 201;3 201;3 201;3 201;219;701 019;-4.16%
29/08/2016;3 300;3 300;3 300;3 300;31;102 300;3.09%
30/08/2016;3 335;3 335;3 335;3 335;23;76 705;1.06%
31/08/2016;3 251;3 251;3 251;3 251;133;432 383;-2.52%
01/09/2016;3 300;3 300;3 300;3 300;74;244 200;1.51%
02/09/2016;3 301;3 301;3 301;3 301;2;6 602;0.03%
08/09/2016;3 281;3 281;3 281;3 281;18;59 058;-0.58%
09/09/2016;3 281;3 281;3 281;3 281;70;229 670;0.00%
12/09/2016;3 281;3 281;3 281;3 281;700;2 296 350;-0.02%
13/09/2016;3 300;3 300;3 300;3 300;46;151 800;0.59%
14/09/2016;3 300;3 300;3 300;3 300;19;62 700;0.00%
15/09/2016;3 300;3 300;3 300;3 300;57;188 100;0.00%
16/09/2016;3 250;3 250;3 250;3 250;6;19 500;-1.52%
19/09/2016;3 225;3 225;3 225;3 225;38;122 550;-0.77%
20/09/2016;3 250;3 250;3 250;3 250;109;354 250;0.78%
21/09/2016;3 250;3 250;3 250;3 250;152;494 000;0.00%
22/09/2016;3 200;3 200;3 200;3 200;118;377 600;-1.54%
23/09/2016;3 190;3 190;3 190;3 190;65;207 350;-0.31%
26/09/2016;3 200;3 200;3 200;3 200;55;176 000;0.31%
27/09/2016;3 225;3 225;3 225;3 225;1;3 225;0.78%
28/09/2016;3 300;3 300;3 300;3 300;162;534 600;2.33%
29/09/2016;3 300;3 300;3 300;3 300;2;6 600;0.00%
30/09/2016;3 199;3 199;3 199;3 199;3;9 597;-3.06%
03/10/2016;3 200;3 200;3 200;3 200;1;3 200;0.03%
04/10/2016;3 200;3 200;3 200;3 200;54;172 800;0.00%
05/10/2016;3 200;3 200;3 200;3 200;269;860 800;0.00%
06/10/2016;3 200;3 200;3 200;3 200;2;6 400;0.00%
07/10/2016;3 200;3 200;3 200;3 200;5;16 000;0.00%
10/10/2016;3 200;3 200;3 200;3 200;11;35 200;0.00%
13/10/2016;3 200;3 200;3 200;3 200;2;6 400;0.00%
14/10/2016;3 200;3 200;3 200;3 200;115;368 000;0.00%
17/10/2016;3 190;3 190;3 190;3 190;1;3 190;-0.31%
19/10/2016;3 000;3 000;3 000;3 000;1;3 000;-5.96%
21/10/2016;3 000;3 000;3 000;3 000;29;87 000;0.00%
24/10/2016;3 000;3 000;3 000;3 000;25;75 000;0.00%
28/10/2016;2 900;2 900;2 900;2 900;162;469 800;-3.33%
02/11/2016;2 850;2 850;2 850;2 850;27;76 950;-1.72%
04/11/2016;2 850;2 850;2 850;2 850;10;28 500;0.00%
07/11/2016;2 900;2 900;2 900;2 900;21;60 900;1.75%
09/11/2016;2 750;2 750;2 750;2 750;2;5 500;-5.17%
11/11/2016;2 750;2 750;2 750;2 750;25;68 750;0.00%
14/11/2016;2 750;2 750;2 750;2 750;2;5 500;0.00%
15/11/2016;2 750;2 750;2 750;2 750;20;55 000;0.00%
16/11/2016;2 750;2 750;2 750;2 750;5;13 750;0.00%
17/11/2016;2 750;2 750;2 750;2 750;65;178 750;0.00%
18/11/2016;2 750;2 750;2 750;2 750;44;121 000;0.00%
22/11/2016;2 700;2 700;2 700;2 700;187;504 900;-1.82%
23/11/2016;2 500;2 500;2 500;2 500;5;12 500;-7.41%
24/11/2016;2 688;2 688;2 688;2 688;1 085;2 916 480;7.52%
25/11/2016;2 650;2 650;2 650;2 650;20;53 000;-1.41%
28/11/2016;2 800;2 800;2 800;2 800;4;11 200;5.66%
29/11/2016;2 900;2 900;2 900;2 900;19;55 100;3.57%
30/11/2016;2 805;2 805;2 805;2 805;4;11 220;-3.28%
01/12/2016;2 750;2 750;2 750;2 750;2;5 500;-1.96%
08/12/2016;3 100;3 100;3 100;3 100;3;9 300;4.87%
09/12/2016;3 100;3 100;3 100;3 100;17;52 700;0.00%
12/12/2016;3 100;3 100;3 100;3 100;170;527 000;0.00%
13/12/2016;3 101;3 101;3 101;3 101;55;170 555;0.03%
14/12/2016;3 330;3 330;3 330;3 330;108;359 640;7.38%
15/12/2016;3 150;3 150;3 150;3 150;73;229 950;-5.41%
19/12/2016;3 200;3 200;3 200;3 200;63;201 600;1.59%
20/12/2016;3 200;3 200;3 200;3 200;20;64 000;0.00%
21/12/2016;3 200;3 200;3 200;3 200;1 158;3 705 600;0.00%
23/12/2016;3 200;3 200;3 200;3 200;43;137 600;0.00%
26/12/2016;3 200;3 200;3 200;3 200;430;1 376 000;0.00%
27/12/2016;3 230;3 230;3 230;3 230;431;1 392 130;0.94%
28/12/2016;3 200;3 200;3 200;3 200;155;496 000;-0.93%
29/12/2016;3 300;3 300;3 300;3 300;155;511 500;3.13%
02/01/2017;3 300;3 300;3 300;3 300;100;330 000;0.00%
03/01/2017;3 150;3 150;3 150;3 150;27;85 050;-4.55%
05/01/2017;3 190;3 190;3 190;3 190;25;79 750;1.27%
09/01/2017;3 180;3 180;3 180;3 180;132;419 760;-0.31%
10/01/2017;3 300;3 300;3 300;3 300;299;986 700;3.77%
11/01/2017;3 300;3 300;3 300;3 300;20;66 000;0.00%
12/01/2017;3 300;3 300;3 300;3 300;12;39 600;0.00%
13/01/2017;3 418;3 418;3 418;3 418;14;47 852;3.58%
16/01/2017;3 425;3 425;3 425;3 425;15;51 375;0.20%
17/01/2017;3 682;3 682;3 682;3 682;165;607 530;7.50%
18/01/2017;3 430;3 430;3 430;3 430;32;109 760;-6.84%
19/01/2017;3 410;3 410;3 410;3 410;274;934 340;-0.58%
20/01/2017;3 410;3 410;3 410;3 410;129;439 890;0.00%
23/01/2017;3 500;3 500;3 500;3 500;135;472 500;2.64%
24/01/2017;3 310;3 310;3 310;3 310;83;274 730;-5.43%
25/01/2017;3 310;3 310;3 310;3 310;498;1 648 380;0.00%
26/01/2017;3 250;3 250;3 250;3 250;140;455 000;-1.81%
27/01/2017;3 300;3 300;3 300;3 300;95;313 500;1.54%
30/01/2017;3 310;3 310;3 310;3 310;296;979 760;0.30%
31/01/2017;3 550;3 550;3 550;3 550;843;2 992 650;7.25%
01/02/2017;3 551;3 551;3 551;3 551;1 381;4 903 931;0.03%
02/02/2017;3 600;3 600;3 600;3 600;9;32 400;1.38%
03/02/2017;3 600;3 600;3 600;3 600;104;374 400;0.00%
06/02/2017;3 650;3 650;3 650;3 650;327;1 193 550;1.39%
07/02/2017;3 650;3 650;3 650;3 650;770;2 810 500;0.00%
08/02/2017;3 650;3 650;3 650;3 650;28;102 200;0.00%
09/02/2017;3 650;3 650;3 650;3 650;24;87 600;0.00%
10/02/2017;3 650;3 650;3 650;3 650;160;584 000;0.00%
13/02/2017;3 660;3 660;3 660;3 660;71;259 860;0.27%
14/02/2017;3 651;3 651;3 651;3 651;120;438 120;-0.25%
15/02/2017;3 680;3 680;3 680;3 680;82;301 760;0.79%
16/02/2017;3 660;3 660;3 660;3 660;19;69 540;-0.54%
17/02/2017;3 680;3 680;3 680;3 680;37;136 160;0.55%
20/02/2017;3 680;3 680;3 680;3 680;69;253 920;0.00%
21/02/2017;3 682;3 682;3 682;3 682;19;69 958;0.05%
22/02/2017;3 700;3 700;3 700;3 700;404;1 494 800;0.49%
23/02/2017;3 740;3 740;3 740;3 740;20;74 800;1.08%
24/02/2017;3 660;3 660;3 660;3 660;263;962 580;-2.14%
01/03/2017;3 660;3 660;3 660;3 660;1 255;4 593 300;0.00%
02/03/2017;3 500;3 500;3 500;3 500;2 020;7 070 000;-4.37%
03/03/2017;3 500;3 500;3 500;3 500;14;49 000;0.00%
07/03/2017;3 400;3 400;3 400;3 400;60;204 000;-2.86%
08/03/2017;3 400;3 400;3 400;3 400;211;717 400;0.00%
09/03/2017;3 400;3 400;3 400;3 400;89;302 600;0.00%
10/03/2017;3 400;3 400;3 400;3 400;270;918 000;0.00%
13/03/2017;3 500;3 500;3 500;3 500;908;3 178 000;2.94%
14/03/2017;3 400;3 400;3 400;3 400;116;394 400;-2.86%
15/03/2017;3 200;3 200;3 200;3 200;325;1 040 000;-5.88%
16/03/2017;3 200;3 200;3 200;3 200;96;307 200;0.00%
17/03/2017;3 200;3 200;3 200;3 200;43;137 600;0.00%
20/03/2017;3 150;3 150;3 150;3 150;305;960 750;-1.56%
21/03/2017;3 150;3 150;3 150;3 150;94;296 100;0.00%
22/03/2017;3 150;3 150;3 150;3 150;30;94 500;0.00%
23/03/2017;3 150;3 150;3 150;3 150;3;9 450;0.00%
24/03/2017;3 151;3 151;3 151;3 151;3;9 453;0.03%
27/03/2017;3 150;3 150;3 150;3 150;22;69 300;-0.03%
28/03/2017;3 200;3 200;3 200;3 200;15;48 000;1.59%
29/03/2017;3 150;3 150;3 150;3 150;107;337 050;-1.56%
30/03/2017;3 220;3 220;3 220;3 220;124;399 280;2.22%
31/03/2017;3 300;3 300;3 300;3 300;41;135 300;2.48%
03/04/2017;3 250;3 250;3 250;3 250;11;35 750;-1.52%
04/04/2017;3 250;3 250;3 250;3 250;16;52 000;0.00%
05/04/2017;3 250;3 250;3 250;3 250;64;208 000;0.00%
06/04/2017;3 250;3 250;3 250;3 250;3;9 750;0.00%
07/04/2017;3 251;3 251;3 251;3 251;39;126 789;0.03%
10/04/2017;3 251;3 251;3 251;3 251;1;3 251;0.00%
12/04/2017;3 450;3 450;3 450;3 450;301;1 038 450;6.12%
13/04/2017;3 709;3 709;3 709;3 709;3 320;12 313 880;7.51%
14/04/2017;3 987;3 987;3 987;3 987;608;2 424 096;7.50%
18/04/2017;4 285;4 285;4 285;4 285;3 477;14 898 945;7.47%
19/04/2017;4 606;4 606;4 606;4 606;6 550;30 169 300;7.49%
20/04/2017;4 900;4 900;4 900;4 900;1 882;9 221 800;6.38%
21/04/2017;4 950;4 950;4 950;4 950;830;4 108 500;1.02%
24/04/2017;4 950;4 950;4 950;4 950;1 184;5 860 800;0.00%
25/04/2017;4 851;4 851;4 851;4 851;210;1 018 710;-2.00%
26/04/2017;4 900;4 900;4 900;4 900;176;862 400;1.01%
27/04/2017;4 750;4 750;4 750;4 750;154;731 500;-3.06%
28/04/2017;4 750;4 750;4 750;4 750;342;1 624 500;0.00%
01/05/2017;4 750;4 750;4 750;4 750;3 420;16 245 000;0.00%
02/05/2017;4 750;4 750;4 750;4 750;91;432 250;0.00%
03/05/2017;4 700;4 700;4 700;4 700;56;263 200;-1.05%
04/05/2017;4 700;4 700;4 700;4 700;87;408 900;0.00%
05/05/2017;4 620;4 620;4 620;4 620;106;489 720;-1.70%
08/05/2017;4 540;4 540;4 540;4 540;508;2 306 320;-1.73%
09/05/2017;4 540;4 540;4 540;4 540;240;1 089 600;0.00%
10/05/2017;4 510;4 510;4 510;4 510;25;112 750;-0.66%
11/05/2017;4 510;4 510;4 510;4 510;56;252 560;0.00%
12/05/2017;4 500;4 500;4 500;4 500;5;22 500;-0.22%
16/05/2017;4 500;4 500;4 500;4 500;131;589 500;0.00%
17/05/2017;4 500;4 500;4 500;4 500;7;31 500;0.00%
18/05/2017;4 500;4 500;4 500;4 500;12;54 000;0.00%
19/05/2017;4 400;4 400;4 400;4 400;87;382 800;-2.22%
22/05/2017;4 400;4 400;4 400;4 400;136;598 400;0.00%
23/05/2017;4 210;4 210;4 210;4 210;30;126 300;-4.32%
24/05/2017;4 400;4 400;4 400;4 400;10;44 000;4.51%
25/05/2017;4 400;4 400;4 400;4 400;100;440 000;0.00%
26/05/2017;4 220;4 220;4 220;4 220;25;105 500;-4.09%
29/05/2017;4 200;4 200;4 200;4 200;30;126 000;-0.47%
31/05/2017;4 001;4 001;4 001;4 001;29;116 029;-4.74%
01/06/2017;4 100;4 100;4 100;4 100;138;565 800;2.47%
02/06/2017;4 000;4 000;4 000;4 000;253;1 012 000;-2.44%
06/06/2017;4 000;4 000;4 000;4 000;51;204 000;0.00%
07/06/2017;3 900;3 900;3 900;3 900;28;109 200;-2.50%
08/06/2017;3 999;3 999;3 999;3 999;108;431 892;2.54%
09/06/2017;3 950;3 950;3 950;3 950;161;635 950;-1.23%
12/06/2017;3 801;3 801;3 801;3 801;77;292 677;-3.77%
13/06/2017;3 851;3 851;3 851;3 851;22;84 722;1.32%
14/06/2017;3 950;3 950;3 950;3 950;77;304 150;2.57%
15/06/2017;3 950;3 950;3 950;3 950;2;7 900;0.00%
16/06/2017;3 801;3 801;3 801;3 801;444;1 687 644;-3.77%
19/06/2017;3 900;3 900;3 900;3 900;3;11 700;2.60%
20/06/2017;4 000;4 000;4 000;4 000;343;1 372 000;2.56%
21/06/2017;3 800;3 800;3 800;3 800;899;3 416 200;-5.00%
22/06/2017;3 800;3 800;3 800;3 800;8 990;34 157 505;-0.01%
23/06/2017;3 800;3 800;3 800;3 800;160;608 000;0.01%
27/06/2017;3 515;3 515;3 515;3 515;520;1 827 800;-7.50%
28/06/2017;3 600;3 600;3 600;3 600;64;230 400;2.42%
29/06/2017;3 611;3 611;3 611;3 611;283;1 021 913;0.31%
30/06/2017;3 881;3 881;3 881;3 881;217;842 177;7.48%
03/07/2017;4 000;4 000;4 000;4 000;21;84 000;3.07%
04/07/2017;4 000;4 000;4 000;4 000;7;28 000;0.00%
05/07/2017;3 800;3 800;3 800;3 800;142;539 600;-5.00%
06/07/2017;3 800;3 800;3 800;3 800;65;247 000;0.00%
07/07/2017;3 800;3 800;3 800;3 800;100;380 000;0.00%
10/07/2017;3 901;3 901;3 901;3 901;11;42 911;2.66%
11/07/2017;3 800;3 800;3 800;3 800;514;1 953 200;-2.59%
12/07/2017;3 800;3 800;3 800;3 800;370;1 406 000;0.00%
13/07/2017;3 800;3 800;3 800;3 800;64;243 200;0.00%
14/07/2017;3 850;3 850;3 850;3 850;60;231 000;1.32%
17/07/2017;3 850;3 850;3 850;3 850;37;142 450;0.00%
18/07/2017;3 875;3 875;3 875;3 875;18;69 750;0.65%
19/07/2017;4 100;4 100;4 100;4 100;565;2 316 500;5.81%
20/07/2017;4 001;4 001;4 001;4 001;44;176 044;-2.41%
21/07/2017;4 002;4 002;4 002;4 002;53;212 106;0.02%
24/07/2017;4 100;4 100;4 100;4 100;19;77 900;2.45%
25/07/2017;4 000;4 000;4 000;4 000;54;216 000;-2.44%
26/07/2017;4 000;4 000;4 000;4 000;94;376 000;0.00%
27/07/2017;3 800;3 800;3 800;3 800;42;159 600;-5.00%
28/07/2017;3 800;3 800;3 800;3 800;64;243 200;0.00%
31/07/2017;3 800;3 800;3 800;3 800;51;193 800;0.00%
01/08/2017;3 600;3 600;3 600;3 600;68;244 800;-5.26%
02/08/2017;3 550;3 550;3 550;3 550;38;134 900;-1.39%
03/08/2017;3 700;3 700;3 700;3 700;20;74 000;4.23%
04/08/2017;3 600;3 600;3 600;3 600;730;2 628 000;-2.70%
07/08/2017;3 600;3 600;3 600;3 600;7 300;26 280 000;0.00%
08/08/2017;3 800;3 800;3 800;3 800;239;908 200;5.56%
09/08/2017;3 800;3 800;3 800;3 800;7;26 600;0.00%
10/08/2017;3 700;3 700;3 700;3 700;299;1 106 300;-2.63%
11/08/2017;3 800;3 800;3 800;3 800;26;98 800;2.70%
14/08/2017;3 700;3 700;3 700;3 700;46;170 200;-2.63%
15/08/2017;3 700;3 700;3 700;3 700;460;1 702 000;0.00%
16/08/2017;3 701;3 701;3 701;3 701;60;222 060;0.03%
17/08/2017;3 700;3 700;3 700;3 700;3 280;12 136 000;-0.03%
21/08/2017;3 975;3 975;3 975;3 975;1 198;4 762 050;7.43%
22/08/2017;3 750;3 750;3 750;3 750;868;3 255 000;-5.66%
23/08/2017;3 700;3 700;3 700;3 700;26 016;96 259 200;-1.33%
24/08/2017;3 690;3 690;3 690;3 690;11 319;41 767 110;-0.27%
25/08/2017;3 690;3 690;3 690;3 690;96;354 240;0.00%
28/08/2017;3 750;3 750;3 750;3 750;1 129;4 233 750;1.63%
29/08/2017;3 600;3 600;3 600;3 600;232;835 200;-4.00%
30/08/2017;3 700;3 700;3 700;3 700;3 335;12 339 500;2.78%
31/08/2017;3 750;3 750;3 750;3 750;2 567;9 626 250;1.35%
04/09/2017;3 800;3 800;3 800;3 800;61;231 800;1.33%
05/09/2017;3 800;3 800;3 800;3 800;695;2 641 000;0.00%
06/09/2017;3 800;3 800;3 800;3 800;581;2 207 800;0.00%
07/09/2017;3 800;3 800;3 800;3 800;1 866;7 090 800;0.00%
08/09/2017;3 795;3 795;3 795;3 795;15 730;59 695 350;-0.13%
11/09/2017;3 800;3 800;3 800;3 800;1 582;6 011 600;0.13%
12/09/2017;3 800;3 800;3 800;3 800;1 156;4 392 800;0.00%
13/09/2017;3 800;3 800;3 800;3 800;940;3 572 000;0.00%
14/09/2017;3 800;3 800;3 800;3 800;495;1 881 000;0.00%
15/09/2017;3 600;3 600;3 600;3 600;295;1 062 000;-5.26%
18/09/2017;3 700;3 700;3 700;3 700;301;1 113 700;2.78%
19/09/2017;3 500;3 500;3 500;3 500;539;1 886 500;-5.41%
20/09/2017;3 500;3 500;3 500;3 500;712;2 492 000;0.00%
21/09/2017;3 700;3 700;3 700;3 700;883;3 267 100;5.71%
22/09/2017;3 550;3 550;3 550;3 550;4 998;17 742 900;-4.05%
25/09/2017;3 610;3 610;3 610;3 610;3 077;11 107 970;1.69%
26/09/2017;3 800;3 800;3 800;3 800;463;1 759 400;5.26%
27/09/2017;3 800;3 800;3 800;3 800;1 659;6 304 200;0.00%
28/09/2017;3 900;3 900;3 900;3 900;6 946;27 089 400;2.63%
29/09/2017;3 800;3 800;3 800;3 800;5 139;19 528 200;-2.56%
02/10/2017;3 750;3 750;3 750;3 750;1 778;6 667 500;-1.32%
03/10/2017;3 700;3 700;3 700;3 700;1 237;4 576 900;-1.33%
04/10/2017;3 800;3 800;3 800;3 800;525;1 995 000;2.70%
05/10/2017;4 000;4 000;4 000;4 000;1 699;6 796 000;5.26%
06/10/2017;4 000;4 000;4 000;4 000;4 391;17 564 000;0.00%
09/10/2017;4 000;4 000;4 000;4 000;848;3 392 000;0.00%
10/10/2017;4 000;4 000;4 000;4 000;4 617;18 468 000;0.00%
11/10/2017;3 700;3 700;3 700;3 700;8 083;29 907 100;-7.50%
12/10/2017;3 800;3 800;3 800;3 800;315;1 197 000;2.70%
13/10/2017;3 795;3 795;3 795;3 795;8 539;32 405 505;-0.13%
16/10/2017;3 750;3 750;3 750;3 750;2 438;9 142 500;-1.19%
17/10/2017;3 750;3 750;3 750;3 750;2 542;9 532 500;0.00%
18/10/2017;3 850;3 850;3 850;3 850;115;442 750;2.67%
19/10/2017;3 860;3 860;3 860;3 860;755;2 914 300;0.26%
20/10/2017;3 950;3 950;3 950;3 950;1 619;6 395 050;2.33%
23/10/2017;4 000;4 000;4 000;4 000;56;224 000;1.27%
24/10/2017;4 050;4 050;4 050;4 050;961;3 892 050;1.25%
25/10/2017;3 900;3 900;3 900;3 900;782;3 049 800;-3.70%
26/10/2017;3 855;3 855;3 855;3 855;1 898;7 316 790;-1.15%
27/10/2017;3 700;3 700;3 700;3 700;1 594;5 897 800;-4.02%
30/10/2017;3 705;3 705;3 705;3 705;706;2 615 730;0.14%
31/10/2017;3 700;3 700;3 700;3 700;1 435;5 309 500;-0.13%
01/11/2017;3 700;3 700;3 700;3 700;1 435;5 309 500;0.00%
02/11/2017;3 750;3 750;3 750;3 750;27 603;103 511 250;1.35%
03/11/2017;3 700;3 700;3 700;3 700;18 361;67 935 700;-1.33%
06/11/2017;3 900;3 900;3 900;3 900;5 619;21 914 100;5.41%
07/11/2017;3 900;3 900;3 900;3 900;268;1 045 200;0.00%
08/11/2017;3 610;3 610;3 610;3 610;1 968;7 104 480;-7.44%
09/11/2017;3 800;3 800;3 800;3 800;527;2 002 600;5.26%
10/11/2017;3 750;3 750;3 750;3 750;291;1 091 250;-1.32%
13/11/2017;3 850;3 850;3 850;3 850;73;281 050;2.67%
14/11/2017;3 850;3 850;3 850;3 850;1;3 850;0.00%
15/11/2017;3 850;3 850;3 850;3 850;1;3 850;0.00%
16/11/2017;4 000;4 000;4 000;4 000;6 085;24 340 000;3.90%
17/11/2017;4 100;4 100;4 100;4 100;17 898;73 381 800;2.50%
20/11/2017;4 100;4 100;4 100;4 100;2 868;11 758 800;0.00%
21/11/2017;4 100;4 100;4 100;4 100;891;3 653 100;0.00%
22/11/2017;4 200;4 200;4 200;4 200;82 267;345 521 400;2.44%
23/11/2017;4 100;4 100;4 100;4 100;598;2 451 800;-2.38%
24/11/2017;4 095;4 095;4 095;4 095;558;2 285 010;-0.12%
27/11/2017;4 000;4 000;4 000;4 000;602;2 408 000;-2.32%
28/11/2017;4 100;4 100;4 100;4 100;2 867;11 754 700;2.50%
29/11/2017;3 900;3 900;3 900;3 900;316;1 232 400;-4.88%
01/12/2017;4 005;4 005;4 005;4 005;5 024;20 121 120;0.00%
04/12/2017;4 000;4 000;4 000;4 000;363;1 452 000;-0.12%
05/12/2017;4 095;4 095;4 095;4 095;702;2 874 690;2.38%
06/12/2017;4 100;4 100;4 100;4 100;1 240;5 084 000;0.12%
07/12/2017;4 100;4 100;4 100;4 100;4 183;17 150 300;0.00%
08/12/2017;4 100;4 100;4 100;4 100;787;3 226 700;0.00%
11/12/2017;4 100;4 100;4 100;4 100;197;807 700;0.00%
12/12/2017;4 100;4 100;4 100;4 100;1 527;6 260 700;0.00%
13/12/2017;4 100;4 100;4 100;4 100;56 780;232 798 000;0.00%
14/12/2017;4 200;4 200;4 200;4 200;65 680;275 856 000;2.44%
15/12/2017;4 195;4 195;4 195;4 195;854;3 582 530;-0.12%
18/12/2017;4 100;4 100;4 100;4 100;177;725 700;-2.26%
19/12/2017;4 100;4 100;4 100;4 100;1 915;7 851 500;0.00%
20/12/2017;4 100;4 100;4 100;4 100;14 440;59 204 000;0.00%
21/12/2017;4 100;4 100;4 100;4 100;540;2 214 000;0.00%
22/12/2017;4 300;4 300;4 300;4 300;1 316;5 658 800;4.88%
25/12/2017;4 300;4 300;4 300;4 300;1 316;5 658 800;0.00%
26/12/2017;4 300;4 300;4 300;4 300;792;3 405 600;0.00%
27/12/2017;4 400;4 400;4 400;4 400;121 173;533 161 200;2.33%
28/12/2017;4 400;4 400;4 400;4 400;2 678;11 783 200;0.00%
29/12/2017;4 200;4 200;4 200;4 200;19 962;83 840 400;-4.55%
02/01/2018;4 200;4 200;4 200;4 200;461;1 936 200;0.00%
03/01/2018;4 395;4 395;4 395;4 395;662;2 909 490;4.64%
04/01/2018;4 395;4 395;4 395;4 395;974;4 280 730;0.00%
05/01/2018;4 395;4 395;4 395;4 395;5 215;22 919 925;0.00%
08/01/2018;4 185;4 185;4 185;4 185;254;1 062 990;-4.78%
09/01/2018;4 200;4 200;4 200;4 200;726;3 049 200;0.36%
10/01/2018;4 250;4 250;4 250;4 250;542;2 303 500;1.19%
11/01/2018;4 350;4 350;4 350;4 350;336;1 461 600;2.35%
12/01/2018;4 310;4 310;4 310;4 310;1 065;4 590 150;-0.92%
15/01/2018;4 370;4 370;4 370;4 370;1 867;8 158 790;1.39%
16/01/2018;4 400;4 400;4 400;4 400;2 365;10 406 000;0.69%
17/01/2018;4 445;4 445;4 445;4 445;1 432;6 365 240;1.02%
18/01/2018;4 430;4 430;4 430;4 430;2 630;11 650 900;-0.34%
19/01/2018;4 400;4 400;4 400;4 400;3 389;14 911 600;-0.68%
22/01/2018;4 400;4 400;4 400;4 400;3 908;17 195 200;0.00%
23/01/2018;4 400;4 400;4 400;4 400;7 519;33 083 600;0.00%
24/01/2018;4 400;4 400;4 400;4 400;2 829;12 447 600;0.00%
25/01/2018;4 395;4 395;4 395;4 395;2 481;10 903 995;-0.11%
26/01/2018;4 350;4 350;4 350;4 350;1 902;8 273 700;-1.02%
29/01/2018;4 300;4 300;4 300;4 300;1 706;7 335 800;-1.15%
30/01/2018;4 395;4 395;4 395;4 395;2 314;10 170 030;2.21%
31/01/2018;4 400;4 400;4 400;4 400;14 883;65 485 200;0.11%
01/02/2018;4 700;4 700;4 700;4 700;5 115;24 040 500;6.82%
02/02/2018;4 700;4 700;4 700;4 700;2 071;9 733 700;0.00%
05/02/2018;4 720;4 720;4 720;4 720;7 426;35 050 720;0.43%
06/02/2018;4 700;4 700;4 700;4 700;7 802;36 669 400;-0.42%
07/02/2018;4 700;4 700;4 700;4 700;645;3 031 500;0.00%
08/02/2018;4 690;4 690;4 690;4 690;40 691;190 840 790;-0.21%
09/02/2018;4 720;4 720;4 720;4 720;919;4 337 680;0.64%
12/02/2018;4 720;4 720;4 720;4 720;3 215;15 174 800;0.00%
13/02/2018;4 700;4 700;4 700;4 700;8 608;40 457 600;-0.42%
14/02/2018;4 690;4 690;4 690;4 690;3 321;15 575 490;-0.21%
15/02/2018;4 950;4 950;4 950;4 950;390;1 930 500;5.54%
16/02/2018;4 950;4 950;4 950;4 950;6 240;30 888 000;0.00%
19/02/2018;4 940;4 940;4 940;4 940;1 218;6 016 920;-0.20%
20/02/2018;4 930;4 930;4 930;4 930;2 889;14 242 770;-0.20%
21/02/2018;4 910;4 910;4 910;4 910;1 597;7 841 270;-0.41%
22/02/2018;4 950;4 950;4 950;4 950;3 290;16 285 500;0.81%
23/02/2018;4 945;4 945;4 945;4 945;523;2 586 235;-0.10%
26/02/2018;4 935;4 935;4 935;4 935;1 956;9 652 860;-0.20%
27/02/2018;4 950;4 950;4 950;4 950;8 687;43 000 650;0.30%
01/03/2018;5 295;5 295;5 295;5 295;5 168;27 364 560;1.83%
02/03/2018;5 570;5 570;5 570;5 570;7 341;40 889 370;5.19%
05/03/2018;5 500;5 500;5 500;5 500;9 629;52 959 500;-1.26%
06/03/2018;5 200;5 200;5 200;5 200;1 081;5 621 200;-5.45%
07/03/2018;5 200;5 200;5 200;5 200;1 481;7 701 200;0.00%
08/03/2018;5 225;5 225;5 225;5 225;3 764;19 666 900;0.48%
09/03/2018;5 225;5 225;5 225;5 225;902;4 712 950;0.00%
12/03/2018;5 100;5 100;5 100;5 100;5 186;26 448 600;-2.39%
13/03/2018;5 350;5 350;5 350;5 350;190;1 016 500;4.90%
14/03/2018;5 495;5 495;5 495;5 495;8 925;49 042 875;2.71%
15/03/2018;5 500;5 500;5 500;5 500;29 167;160 418 500;0.09%
16/03/2018;5 250;5 250;5 250;5 250;321;1 685 250;-4.55%
19/03/2018;5 300;5 300;5 300;5 300;775;4 107 500;0.95%
20/03/2018;5 200;5 200;5 200;5 200;5 017;26 088 400;-1.89%
21/03/2018;5 590;5 590;5 590;5 590;20 573;115 003 070;7.50%
22/03/2018;5 550;5 550;5 550;5 550;780;4 329 000;-0.72%
23/03/2018;5 135;5 135;5 135;5 135;5 337;27 405 495;-7.48%
26/03/2018;5 130;5 130;5 130;5 130;2 285;11 722 050;-0.10%
27/03/2018;4 905;4 905;4 905;4 905;3 402;16 686 810;-4.39%
28/03/2018;5 200;5 200;5 200;5 200;10 881;56 581 200;6.01%
29/03/2018;5 200;5 200;5 200;5 200;2 231;11 601 200;0.00%
30/03/2018;5 250;5 250;5 250;5 250;2 672;14 028 000;0.96%
02/04/2018;5 250;5 250;5 250;5 250;2 672;14 028 000;0.00%
03/04/2018;5 200;5 200;5 200;5 200;1 376;7 155 200;-0.95%
04/04/2018;5 490;5 490;5 490;5 490;15 571;85 484 790;5.58%
05/04/2018;5 395;5 395;5 395;5 395;2 085;11 248 575;-1.73%
06/04/2018;5 000;5 000;5 000;5 000;9 384;46 920 000;-7.32%
09/04/2018;4 625;4 625;4 625;4 625;3 144;14 541 000;-7.50%
10/04/2018;4 895;4 895;4 895;4 895;2 691;13 172 445;5.84%
11/04/2018;4 900;4 900;4 900;4 900;3 096;15 170 400;0.10%
12/04/2018;4 535;4 535;4 535;4 535;7 921;35 921 735;-7.45%
13/04/2018;4 590;4 590;4 590;4 590;2 658;12 200 220;1.21%
16/04/2018;4 500;4 500;4 500;4 500;2 958;13 311 000;-1.96%
17/04/2018;4 570;4 570;4 570;4 570;2 523;11 530 110;1.56%
18/04/2018;4 700;4 700;4 700;4 700;5 066;23 810 200;2.84%
19/04/2018;4 700;4 700;4 700;4 700;6 597;31 005 900;0.00%
20/04/2018;4 700;4 700;4 700;4 700;10 566;49 660 200;0.00%
23/04/2018;4 600;4 600;4 600;4 600;970;4 462 000;-2.13%
24/04/2018;4 595;4 595;4 595;4 595;2 978;13 683 910;-0.11%
25/04/2018;4 595;4 595;4 595;4 595;3 551;16 316 845;0.00%
26/04/2018;4 580;4 580;4 580;4 580;30 276;138 664 080;-0.33%
27/04/2018;4 300;4 300;4 300;4 300;3 204;13 777 200;-6.11%
09/05/2018;3 900;3 900;3 900;3 900;90;351 000;-9.30%
10/05/2018;3 900;3 900;3 900;3 900;90;351 000;0.00%
11/05/2018;3 895;3 895;3 895;3 895;1 724;6 714 980;-0.13%
14/05/2018;3 700;3 700;3 700;3 700;762;2 819 400;-5.01%
15/05/2018;3 640;3 640;3 640;3 640;821;2 988 440;-1.62%
16/05/2018;3 370;3 370;3 370;3 370;295;994 150;-7.42%
17/05/2018;3 120;3 120;3 120;3 120;1 337;4 171 440;-7.42%
18/05/2018;2 890;2 890;2 890;2 890;18 497;53 456 330;-7.37%
21/05/2018;2 890;2 890;2 890;2 890;18 497;53 456 330;0.00%
22/05/2018;3 000;3 000;3 000;3 000;480;1 440 000;3.81%
23/05/2018;3 200;3 200;3 200;3 200;1 093;3 497 600;6.67%
24/05/2018;3 000;3 000;3 000;3 000;23 513;70 539 000;-6.25%
25/05/2018;3 225;3 225;3 225;3 225;1 293;4 169 925;7.50%
28/05/2018;3 350;3 350;3 350;3 350;945;3 165 750;3.88%
30/05/2018;3 500;3 500;3 500;3 500;13 555;47 442 500;4.48%
31/05/2018;3 600;3 600;3 600;3 600;3 769;13 568 400;2.86%
01/06/2018;3 500;3 500;3 500;3 500;957;3 349 500;-2.78%
04/06/2018;3 650;3 650;3 650;3 650;448;1 635 200;4.29%
05/06/2018;3 650;3 650;3 650;3 650;1 536;5 606 400;0.00%
06/06/2018;3 600;3 600;3 600;3 600;737;2 653 200;-1.37%
07/06/2018;3 600;3 600;3 600;3 600;16 399;59 036 400;0.00%
08/06/2018;3 600;3 600;3 600;3 600;885;3 186 000;0.00%
11/06/2018;3 600;3 600;3 600;3 600;885;3 186 000;0.00%
12/06/2018;3 595;3 595;3 595;3 595;3 968;14 264 960;-0.14%
13/06/2018;3 600;3 600;3 600;3 600;1 056;3 801 600;0.14%
14/06/2018;3 600;3 600;3 600;3 600;1 056;3 801 600;0.00%
15/06/2018;3 600;3 600;3 600;3 600;172;619 200;0.00%
18/06/2018;3 700;3 700;3 700;3 700;764;2 826 800;2.78%
19/06/2018;3 700;3 700;3 700;3 700;269;995 300;0.00%
20/06/2018;3 790;3 790;3 790;3 790;835;3 164 650;2.43%
21/06/2018;3 780;3 780;3 780;3 780;5 975;22 585 500;-0.26%
28/06/2018;3 650;3 650;3 650;3 650;1 069;3 901 850;-3.44%
29/06/2018;3 790;3 790;3 790;3 790;5 969;22 622 510;3.84%
02/07/2018;3 800;3 800;3 800;3 800;7 894;29 997 200;0.26%
03/07/2018;3 800;3 800;3 800;3 800;5 681;21 587 800;0.00%
04/07/2018;3 800;3 800;3 800;3 800;2 424;9 211 200;0.00%
05/07/2018;3 800;3 800;3 800;3 800;22 261;84 591 800;0.00%
06/07/2018;3 800;3 800;3 800;3 800;7 197;27 348 600;0.00%
09/07/2018;3 795;3 795;3 795;3 795;21 632;82 093 440;-0.13%
10/07/2018;3 800;3 800;3 800;3 800;8 760;33 288 000;0.13%
11/07/2018;3 800;3 800;3 800;3 800;4 925;18 715 000;0.00%
12/07/2018;3 800;3 800;3 800;3 800;6 206;23 582 800;0.00%
13/07/2018;3 800;3 800;3 800;3 800;4 968;18 878 400;0.00%
16/07/2018;3 795;3 795;3 795;3 795;941;3 571 095;-0.13%
17/07/2018;3 800;3 800;3 800;3 800;5 325;20 235 000;0.13%
18/07/2018;3 800;3 800;3 800;3 800;7 597;28 868 600;0.00%
19/07/2018;3 500;3 500;3 500;3 500;965;3 377 500;-7.89%
20/07/2018;3 500;3 500;3 500;3 500;272;952 000;0.00%
23/07/2018;3 400;3 400;3 400;3 400;147;499 800;-2.86%
24/07/2018;3 250;3 250;3 250;3 250;398;1 293 500;-4.41%
25/07/2018;3 255;3 255;3 255;3 255;383;1 246 665;0.15%
26/07/2018;3 255;3 255;3 255;3 255;325;1 057 875;0.00%
30/07/2018;3 150;3 150;3 150;3 150;1 261;3 972 150;-3.23%
31/07/2018;3 145;3 145;3 145;3 145;581;1 827 245;-0.16%
01/08/2018;3 145;3 145;3 145;3 145;1 305;4 104 225;0.00%
02/08/2018;3 200;3 200;3 200;3 200;664;2 124 800;1.75%
03/08/2018;3 200;3 200;3 200;3 200;305;976 000;0.00%
06/08/2018;3 200;3 200;3 200;3 200;305;976 000;0.00%
07/08/2018;3 200;3 200;3 200;3 200;305;976 000;0.00%
08/08/2018;3 250;3 250;3 250;3 250;251;815 750;1.56%
09/08/2018;3 205;3 205;3 205;3 205;1 097;3 515 885;-1.38%
10/08/2018;3 205;3 205;3 205;3 205;543;1 740 315;0.00%
13/08/2018;3 300;3 300;3 300;3 300;1 351;4 458 300;2.96%
14/08/2018;3 350;3 350;3 350;3 350;45;150 750;1.52%
20/08/2018;3 305;3 305;3 305;3 305;203;670 915;-1.34%
21/08/2018;3 305;3 305;3 305;3 305;203;670 915;0.00%
22/08/2018;3 300;3 300;3 300;3 300;237;782 100;-0.15%
23/08/2018;3 300;3 300;3 300;3 300;1 752;5 781 600;0.00%
24/08/2018;3 200;3 200;3 200;3 200;1 526;4 883 200;-3.03%
28/08/2018;3 200;3 200;3 200;3 200;356;1 139 200;1.43%
29/08/2018;3 200;3 200;3 200;3 200;75;240 000;0.00%
30/08/2018;3 200;3 200;3 200;3 200;808;2 585 600;0.00%
31/08/2018;3 145;3 145;3 145;3 145;303;952 935;-1.72%
03/09/2018;3 000;3 000;3 000;3 000;1 684;5 052 000;-4.61%
04/09/2018;2 995;2 995;2 995;2 995;358;1 072 210;-0.17%
05/09/2018;3 000;3 000;3 000;3 000;763;2 289 000;0.17%
06/09/2018;3 000;3 000;3 000;3 000;279;837 000;0.00%
07/09/2018;3 000;3 000;3 000;3 000;1 673;5 019 000;0.00%
10/09/2018;2 900;2 900;2 900;2 900;642;1 861 800;-3.33%
11/09/2018;2 920;2 920;2 920;2 920;1 183;3 454 360;0.69%
12/09/2018;2 900;2 900;2 900;2 900;378;1 096 200;-0.68%
13/09/2018;2 905;2 905;2 905;2 905;8 086;23 489 830;0.17%
14/09/2018;2 895;2 895;2 895;2 895;123;356 085;-0.34%
17/09/2018;2 895;2 895;2 895;2 895;123;356 085;0.00%
18/09/2018;2 900;2 900;2 900;2 900;302;875 800;0.17%
19/09/2018;2 850;2 850;2 850;2 850;225;641 250;-1.72%
20/09/2018;2 845;2 845;2 845;2 845;1 087;3 092 515;-0.18%
21/09/2018;2 800;2 800;2 800;2 800;385;1 078 000;-1.58%
24/09/2018;2 635;2 635;2 635;2 635;7 043;18 558 305;-5.89%
25/09/2018;2 800;2 800;2 800;2 800;925;2 590 000;6.26%
26/09/2018;2 650;2 650;2 650;2 650;229;606 850;-5.36%
27/09/2018;2 820;2 820;2 820;2 820;2 100;5 922 000;6.42%
28/09/2018;3 000;3 000;3 000;3 000;6 161;18 483 000;6.38%
01/10/2018;2 900;2 900;2 900;2 900;358;1 038 200;-3.33%
02/10/2018;2 900;2 900;2 900;2 900;662;1 919 800;0.00%
03/10/2018;2 820;2 820;2 820;2 820;110;310 200;-2.76%
04/10/2018;2 755;2 755;2 755;2 755;5 795;15 965 225;-2.30%
05/10/2018;2 900;2 900;2 900;2 900;290;841 000;5.26%
08/10/2018;2 750;2 750;2 750;2 750;239;657 250;-5.17%
09/10/2018;2 745;2 745;2 745;2 745;97;266 265;-0.18%
10/10/2018;2 725;2 725;2 725;2 725;62;168 950;-0.73%
11/10/2018;2 750;2 750;2 750;2 750;1 025;2 818 750;0.92%
12/10/2018;2 750;2 750;2 750;2 750;2 062;5 670 500;0.00%
15/10/2018;2 650;2 650;2 650;2 650;200;530 000;-3.64%
16/10/2018;2 600;2 600;2 600;2 600;333;865 800;-1.89%
17/10/2018;2 600;2 600;2 600;2 600;7 615;19 799 000;0.00%
18/10/2018;2 550;2 550;2 550;2 550;10;25 500;-1.92%
19/10/2018;2 400;2 400;2 400;2 400;3 978;9 547 200;-5.88%
22/10/2018;2 400;2 400;2 400;2 400;40;96 000;0.00%
23/10/2018;2 400;2 400;2 400;2 400;229;549 600;0.00%
24/10/2018;2 450;2 450;2 450;2 450;621;1 521 450;2.08%
25/10/2018;2 300;2 300;2 300;2 300;814;1 872 200;-6.12%
26/10/2018;2 130;2 130;2 130;2 130;334;711 420;-7.39%
29/10/2018;1 985;1 985;1 985;1 985;1 059;2 102 115;-6.81%
30/10/2018;2 000;2 000;2 000;2 000;72;144 000;0.76%
31/10/2018;2 100;2 100;2 100;2 100;132;277 200;5.00%
01/11/2018;2 100;2 100;2 100;2 100;132;277 200;0.00%
02/11/2018;2 005;2 005;2 005;2 005;497;996 485;-4.52%
05/11/2018;2 100;2 100;2 100;2 100;186;390 600;4.74%
06/11/2018;2 200;2 200;2 200;2 200;1 746;3 841 200;4.76%
07/11/2018;2 250;2 250;2 250;2 250;2 048;4 608 000;2.27%
08/11/2018;2 350;2 350;2 350;2 350;1 568;3 684 800;4.44%
09/11/2018;2 500;2 500;2 500;2 500;4 214;10 535 000;6.38%
12/11/2018;2 400;2 400;2 400;2 400;331;794 400;-4.00%
13/11/2018;2 470;2 470;2 470;2 470;1 288;3 181 360;2.92%
16/11/2018;2 470;2 470;2 470;2 470;1 414;3 492 580;0.00%
21/11/2018;2 450;2 450;2 450;2 450;495;1 212 750;-0.81%
22/11/2018;2 275;2 275;2 275;2 275;60;136 500;-7.14%
23/11/2018;2 250;2 250;2 250;2 250;768;1 728 000;-1.10%
27/11/2018;2 100;2 100;2 100;2 100;40;84 000;0.00%
28/11/2018;2 100;2 100;2 100;2 100;50;105 000;0.00%
29/11/2018;2 000;2 000;2 000;2 000;6 057;12 114 000;-4.76%
30/11/2018;2 100;2 100;2 100;2 100;15;31 500;5.00%
04/12/2018;2 000;2 000;2 000;2 000;279;558 000;-4.76%
05/12/2018;2 000;2 000;2 000;2 000;3 972;7 944 000;0.00%
06/12/2018;2 005;2 005;2 005;2 005;285;571 425;0.25%
07/12/2018;2 100;2 100;2 100;2 100;512;1 075 200;4.74%
10/12/2018;2 250;2 250;2 250;2 250;1 108;2 493 000;7.14%
11/12/2018;2 250;2 250;2 250;2 250;50;112 500;0.00%
12/12/2018;2 250;2 250;2 250;2 250;2 486;5 593 500;0.00%
13/12/2018;2 220;2 220;2 220;2 220;243;539 460;-1.33%
14/12/2018;2 220;2 220;2 220;2 220;355;788 100;0.00%
17/12/2018;2 180;2 180;2 180;2 180;1 987;4 331 660;-1.80%
18/12/2018;2 200;2 200;2 200;2 200;763;1 678 600;0.92%
19/12/2018;2 200;2 200;2 200;2 200;151;332 200;0.00%
20/12/2018;2 200;2 200;2 200;2 200;120;264 000;0.00%
21/12/2018;2 200;2 200;2 200;2 200;1 017;2 237 400;0.00%
24/12/2018;2 225;2 225;2 225;2 225;500;1 112 500;1.14%
25/12/2018;2 225;2 225;2 225;2 225;500;1 112 500;0.00%
26/12/2018;2 225;2 225;2 225;2 225;661;1 470 725;0.00%
27/12/2018;2 250;2 250;2 250;2 250;3 070;6 907 500;1.12%
28/12/2018;2 285;2 285;2 285;2 285;3 144;7 184 040;1.56%
02/01/2019;2 225;2 225;2 225;2 225;7;15 575;-2.63%
03/01/2019;2 200;2 200;2 200;2 200;172;378 400;-1.12%
04/01/2019;2 200;2 200;2 200;2 200;1 004;2 208 800;0.00%
07/01/2019;2 200;2 200;2 200;2 200;160;352 000;0.00%
08/01/2019;2 040;2 040;2 040;2 040;133;271 320;-7.27%
09/01/2019;2 000;2 000;2 000;2 000;282;564 000;-1.96%
10/01/2019;1 975;1 975;1 975;1 975;230;454 250;-1.25%
11/01/2019;1 975;1 975;1 975;1 975;256;505 600;0.00%
14/01/2019;2 050;2 050;2 050;2 050;192;393 600;3.80%
15/01/2019;1 970;1 970;1 970;1 970;58;114 260;-3.90%
16/01/2019;1 950;1 950;1 950;1 950;367;715 650;-1.02%
17/01/2019;1 950;1 950;1 950;1 950;370;721 500;0.00%
18/01/2019;1 995;1 955;1 995;1 955;561;1 107 975;2.31%
21/01/2019;1 950;2 000;2 000;1 950;164;323 900;-2.26%
22/01/2019;1 950;1 835;1 950;1 835;369;698 333;0.00%
23/01/2019;1 950;1 950;1 950;1 950;99;193 050;0.00%
24/01/2019;1 950;1 950;1 950;1 950;1 008;1 965 600;0.00%
25/01/2019;2 000;1 950;2 000;1 950;49;96 775;2.56%
28/01/2019;1 850;2 000;2 000;1 850;1 012;1 948 100;-7.50%
29/01/2019;1 850;1 900;1 900;1 850;48;90 000;0.00%
30/01/2019;1 900;1 850;1 900;1 850;479;898 125;2.70%
31/01/2019;1 995;1 995;1 995;1 995;20;39 900;5.00%
01/02/2019;1 900;1 950;1 950;1 900;683;1 314 775;-4.76%
04/02/2019;1 850;1 900;1 900;1 850;4 516;8 467 500;-2.63%
05/02/2019;1 900;1 850;1 900;1 850;577;1 081 875;2.70%
06/02/2019;1 900;1 900;1 900;1 900;24;45 600;0.00%
07/02/2019;1 900;1 995;1 995;1 900;155;301 863;0.00%
08/02/2019;1 850;1 900;1 900;1 850;1 527;2 863 125;-2.63%
11/02/2019;1 950;1 850;1 950;1 850;1 045;1 985 500;5.41%
12/02/2019;2 000;1 960;2 000;1 960;1 625;3 217 500;2.56%
13/02/2019;1 950;1 995;1 995;1 950;1 288;2 540 580;-2.50%
14/02/2019;1 990;1 950;1 990;1 950;355;699 350;2.05%
15/02/2019;2 000;2 000;2 000;2 000;721;1 442 000;0.50%
18/02/2019;2 000;1 900;2 000;1 900;720;1 404 000;0.00%
19/02/2019;2 100;1 910;2 100;1 910;910;1 824 550;5.00%
20/02/2019;2 000;2 000;2 000;2 000;275;550 000;-4.76%
21/02/2019;1 910;1 910;1 910;1 910;95;181 450;-4.50%
22/02/2019;2 050;2 045;2 050;2 045;210;429 975;7.33%
26/02/2019;2 200;2 100;2 200;2 100;400;860 000;7.32%
27/02/2019;2 250;2 200;2 250;2 200;549;1 221 525;2.27%
28/02/2019;2 255;2 300;2 300;2 255;5 126;11 674 465;0.22%
01/03/2019;2 245;2 250;2 250;2 245;374;840 565;-0.44%
04/03/2019;2 200;2 245;2 245;2 200;668;1 484 630;-2.00%
05/03/2019;2 365;2 160;2 365;2 160;487;1 101 838;7.50%
06/03/2019;2 360;2 360;2 360;2 360;110;259 600;-0.21%
07/03/2019;2 255;2 255;2 255;2 255;335;755 425;-4.45%
08/03/2019;2 255;2 255;2 255;2 255;300;676 500;0.00%
11/03/2019;2 255;2 260;2 260;2 255;85;191 888;0.00%
12/03/2019;2 360;2 355;2 360;2 355;529;1 247 118;4.66%
13/03/2019;2 300;2 300;2 300;2 300;12;27 600;-2.54%
14/03/2019;2 245;2 300;2 300;2 245;4 972;11 298 870;-2.39%
18/03/2019;2 300;2 245;2 300;2 245;407;924 908;2.45%
19/03/2019;2 400;2 305;2 400;2 305;640;1 505 600;4.35%
20/03/2019;2 400;2 400;2 400;2 400;10;24 000;0.00%
21/03/2019;2 350;2 350;2 350;2 350;43;101 050;-2.08%
22/03/2019;2 400;2 300;2 400;2 300;631;1 482 850;2.13%
25/03/2019;2 580;2 400;2 580;2 400;1 411;3 513 390;7.50%
26/03/2019;2 580;2 580;2 580;2 580;190;490 200;0.00%
27/03/2019;2 450;2 450;2 450;2 450;30;73 500;-5.04%
28/03/2019;2 560;2 500;2 560;2 500;3 748;9 482 440;4.49%
29/03/2019;2 700;2 560;2 700;2 560;7 893;20 758 590;5.47%
01/04/2019;2 645;2 645;2 645;2 645;102;269 790;-2.04%
02/04/2019;2 555;2 500;2 555;2 500;4 005;10 122 638;-3.40%
03/04/2019;2 700;2 555;2 700;2 555;4 937;12 971 968;5.68%
04/04/2019;2 850;2 700;2 850;2 700;1 318;3 657 450;5.56%
08/04/2019;2 850;2 840;2 850;2 840;2 957;8 412 665;0.00%
09/04/2019;2 850;2 850;2 850;2 850;114;324 900;0.00%
10/04/2019;2 800;2 795;2 800;2 795;100;279 750;-1.75%
11/04/2019;2 600;2 745;2 745;2 600;26;69 485;-7.14%
12/04/2019;2 405;2 490;2 490;2 405;1 657;4 055 508;-7.50%
15/04/2019;2 255;2 300;2 300;2 255;1 619;3 687 273;-6.24%
16/04/2019;2 255;2 255;2 255;2 255;542;1 222 210;0.00%
17/04/2019;2 150;2 150;2 150;2 150;288;619 200;-4.66%
18/04/2019;2 150;2 150;2 150;2 150;5;10 750;0.00%
19/04/2019;2 100;2 155;2 155;2 100;96;204 240;-2.33%
22/04/2019;2 100;2 155;2 155;2 100;96;204 240;0.00%
24/04/2019;2 050;2 100;2 100;2 050;333;690 975;-2.38%
25/04/2019;2 055;2 055;2 055;2 055;104;213 720;0.24%
26/04/2019;2 200;2 055;2 200;2 055;1 206;2 565 765;7.06%
29/04/2019;2 205;2 200;2 205;2 200;663;1 460 258;0.23%
30/04/2019;2 370;2 370;2 370;2 370;1 597;3 784 890;7.48%
01/05/2019;2 370;2 370;2 370;2 370;1 597;3 784 890;0.00%
02/05/2019;2 370;2 350;2 370;2 350;7 500;17 700 000;0.00%
03/05/2019;2 370;2 370;2 370;2 370;5 810;13 769 700;0.00%
06/05/2019;2 205;2 370;2 370;2 205;795;1 818 563;-6.96%
07/05/2019;2 200;2 195;2 200;2 195;1 610;3 537 975;-0.23%
08/05/2019;2 200;2 190;2 200;2 190;110;241 450;0.00%
09/05/2019;2 100;2 105;2 105;2 100;2 042;4 293 305;-4.55%
10/05/2019;2 100;2 100;2 100;2 100;488;1 024 800;0.00%
13/05/2019;2 200;2 200;2 200;2 200;179;393 800;4.76%
14/05/2019;2 035;2 055;2 055;2 035;2 665;5 449 925;-7.50%
15/05/2019;2 000;2 000;2 000;2 000;1 826;3 652 000;-1.72%
16/05/2019;2 040;2 010;2 040;2 010;1 012;2 049 300;2.00%
17/05/2019;2 000;2 000;2 000;2 000;1 164;2 328 000;-1.96%
20/05/2019;2 000;2 000;2 000;2 000;462;924 000;0.00%
21/05/2019;2 000;2 000;2 000;2 000;7 568;15 136 000;0.00%
22/05/2019;1 960;2 000;2 000;1 960;609;1 205 820;-2.00%
23/05/2019;1 995;1 990;1 995;1 990;2 055;4 094 588;1.79%
27/05/2019;2 150;2 000;2 150;2 000;1 734;3 598 050;7.50%
28/05/2019;2 000;2 000;2 000;2 000;510;1 020 000;-6.98%
29/05/2019;2 000;2 150;2 150;2 000;209;433 675;0.00%
30/05/2019;2 000;2 150;2 150;2 000;209;433 675;0.00%
31/05/2019;2 000;2 000;2 000;2 000;579;1 158 000;0.00%
03/06/2019;1 960;2 000;2 000;1 960;787;1 558 260;-2.00%
05/06/2019;2 000;2 000;2 000;2 000;355;710 000;2.04%
06/06/2019;2 000;2 000;2 000;2 000;673;1 346 000;0.00%
07/06/2019;2 090;2 000;2 090;2 000;718;1 468 310;4.50%
11/06/2019;2 005;2 100;2 100;2 005;634;1 301 285;-4.07%
12/06/2019;2 005;2 000;2 005;2 000;310;620 775;0.00%
13/06/2019;2 010;2 095;2 095;2 010;255;523 388;0.25%
14/06/2019;2 020;2 020;2 020;2 020;107;216 140;0.50%
18/06/2019;2 020;2 095;2 095;2 020;213;438 248;0.00%
19/06/2019;2 100;2 050;2 100;2 050;107;222 025;3.96%
20/06/2019;2 100;2 100;2 100;2 100;235;493 500;0.00%
21/06/2019;2 100;2 100;2 100;2 100;185;388 500;0.00%
24/06/2019;2 050;2 100;2 100;2 050;106;219 950;-2.38%
25/06/2019;2 030;2 050;2 050;2 030;3 071;6 264 840;-0.98%
26/06/2019;2 020;2 020;2 020;2 020;23 686;47 845 720;-0.49%
27/06/2019;2 020;2 020;2 020;2 020;150;303 000;0.00%
28/06/2019;2 100;2 020;2 100;2 020;8 803;18 134 180;3.96%
01/07/2019;2 100;2 100;2 100;2 100;40;84 000;0.00%
02/07/2019;2 100;2 195;2 195;2 100;31;66 573;0.00%
03/07/2019;2 100;2 100;2 100;2 100;317;665 700;0.00%
04/07/2019;2 100;2 100;2 100;2 100;630;1 323 000;0.00%
05/07/2019;2 100;2 100;2 100;2 100;225;472 500;0.00%
08/07/2019;2 100;2 100;2 100;2 100;194;407 400;0.00%
09/07/2019;2 100;2 190;2 190;2 100;80;171 600;0.00%
10/07/2019;2 100;2 100;2 100;2 100;210;441 000;0.00%
11/07/2019;2 100;2 100;2 100;2 100;120;252 000;0.00%
12/07/2019;2 000;2 100;2 100;2 000;949;1 945 450;-4.76%
15/07/2019;2 075;2 000;2 075;2 000;3 991;8 131 663;3.75%
16/07/2019;2 020;2 020;2 020;2 020;60;121 200;-2.65%
17/07/2019;2 000;1 950;2 000;1 950;226;446 350;-0.99%
18/07/2019;2 020;2 020;2 020;2 020;50;101 000;1.00%
19/07/2019;2 000;2 020;2 020;2 000;374;751 740;-0.99%
22/07/2019;1 950;2 000;2 000;1 950;935;1 846 625;-2.50%
23/07/2019;1 945;1 940;1 945;1 940;797;1 548 173;-0.26%
24/07/2019;1 980;1 950;1 980;1 950;72;141 480;1.80%
25/07/2019;1 975;1 980;1 980;1 975;10;19 775;-0.25%
29/07/2019;1 945;1 950;1 950;1 945;119;231 753;-1.52%
30/07/2019;1 945;1 945;1 945;1 945;2;3 890;0.00%
31/07/2019;1 945;1 925;1 945;1 925;395;764 325;0.00%
01/08/2019;1 925;1 925;1 925;1 925;431;829 675;-1.03%
02/08/2019;1 920;1 925;1 925;1 920;105;201 863;-0.26%
05/08/2019;1 870;1 905;1 905;1 870;510;962 625;-2.60%
06/08/2019;1 920;1 900;1 920;1 900;508;970 280;2.67%
07/08/2019;1 920;1 900;1 920;1 900;508;970 280;0.00%
08/08/2019;1 900;1 900;1 900;1 900;292;554 800;-1.04%
09/08/2019;1 900;1 910;1 910;1 900;2 393;4 558 665;0.00%
12/08/2019;1 900;1 910;1 910;1 900;2 393;4 558 665;0.00%
13/08/2019;1 915;1 880;1 915;1 880;460;872 850;0.79%
14/08/2019;1 915;1 920;1 920;1 915;162;310 635;0.00%
15/08/2019;1 915;1 920;1 920;1 915;162;310 635;0.00%
16/08/2019;1 915;1 900;1 915;1 900;170;324 275;0.00%
19/08/2019;1 800;1 900;1 900;1 800;23;42 550;-6.01%
20/08/2019;1 800;1 900;1 900;1 800;510;943 500;0.00%
21/08/2019;1 850;1 850;1 850;1 850;100;185 000;2.78%
23/08/2019;1 800;1 800;1 800;1 800;585;1 053 000;-2.70%
26/08/2019;1 780;1 800;1 800;1 780;305;545 950;-1.11%
27/08/2019;1 800;1 780;1 800;1 780;60 561;108 404 190;1.12%
28/08/2019;1 900;1 900;1 900;1 900;401;761 900;5.56%
29/08/2019;1 900;1 900;1 900;1 900;138;262 200;0.00%
02/09/2019;1 800;1 800;1 800;1 800;310;558 000;-5.26%
03/09/2019;1 800;1 890;1 890;1 800;45;83 025;0.00%
04/09/2019;1 800;1 800;1 800;1 800;228;410 400;0.00%
05/09/2019;1 780;1 795;1 795;1 780;2 090;3 735 875;-1.11%
06/09/2019;1 780;1 780;1 780;1 780;13;23 140;0.00%
09/09/2019;1 745;1 775;1 775;1 745;47;82 720;-1.97%
10/09/2019;1 775;1 750;1 775;1 750;1 270;2 238 375;1.72%
11/09/2019;1 775;1 775;1 775;1 775;51;90 525;0.00%
12/09/2019;1 850;1 775;1 850;1 775;791;1 433 688;4.23%
13/09/2019;1 800;1 800;1 800;1 800;994;1 789 200;-2.70%
16/09/2019;1 750;1 750;1 750;1 750;30;52 500;-2.78%
17/09/2019;1 700;1 700;1 700;1 700;260;442 000;-2.86%
18/09/2019;1 650;1 675;1 675;1 650;400;665 000;-2.94%
19/09/2019;1 635;1 645;1 645;1 635;603;988 920;-0.91%
20/09/2019;1 600;1 600;1 600;1 600;200;320 000;-2.14%
23/09/2019;1 570;1 600;1 600;1 570;161;255 185;-1.88%
24/09/2019;1 555;1 570;1 570;1 555;281;439 063;-0.96%
25/09/2019;1 670;1 640;1 670;1 640;1 998;3 306 690;7.40%
26/09/2019;1 795;1 795;1 795;1 795;479;859 805;7.49%
27/09/2019;1 925;1 925;1 925;1 925;4 390;8 450 750;7.24%
30/09/2019;1 925;2 065;2 065;1 925;2 778;5 542 110;0.00%
01/10/2019;1 800;1 925;1 925;1 800;5 338;9 942 025;-6.49%
02/10/2019;1 900;1 900;1 900;1 900;11;20 900;5.56%
03/10/2019;1 810;1 800;1 810;1 800;34;61 370;-4.74%
04/10/2019;1 795;1 800;1 800;1 795;164;294 790;-0.83%
07/10/2019;1 895;1 795;1 895;1 795;4 000;7 380 000;5.57%
08/10/2019;1 900;1 900;1 900;1 900;943;1 791 700;0.26%
09/10/2019;1 850;1 900;1 900;1 850;15;28 125;-2.63%
10/10/2019;1 715;1 715;1 715;1 715;262;449 330;-7.30%
11/10/2019;1 825;1 700;1 825;1 700;1 014;1 787 175;6.41%
14/10/2019;1 800;1 800;1 800;1 800;315;567 000;-1.37%
15/10/2019;1 855;1 845;1 855;1 845;887;1 640 950;3.06%
16/10/2019;1 800;1 720;1 800;1 720;2 061;3 627 360;-2.96%
18/10/2019;1 725;1 795;1 795;1 725;171;300 960;-4.17%
21/10/2019;1 790;1 700;1 790;1 700;2 223;3 879 135;3.77%
22/10/2019;1 790;1 790;1 790;1 790;15;26 850;0.00%
23/10/2019;1 780;1 780;1 780;1 780;60;106 800;-0.56%
24/10/2019;1 910;1 910;1 910;1 910;1 707;3 260 370;7.30%
25/10/2019;2 050;2 050;2 050;2 050;7 315;14 995 750;7.33%
28/10/2019;1 960;2 090;2 090;1 960;1 041;2 108 025;-4.39%
29/10/2019;1 900;2 000;2 000;1 900;1 199;2 338 050;-3.06%
30/10/2019;1 960;1 960;1 960;1 960;15;29 400;3.16%
31/10/2019;1 850;1 850;1 850;1 850;10 000;18 500 000;-5.61%
01/11/2019;1 850;1 850;1 850;1 850;10 000;18 500 000;0.00%
04/11/2019;1 850;1 985;1 985;1 850;1 149;2 203 208;0.00%
06/11/2019;1 885;1 855;1 885;1 855;1 154;2 157 980;1.89%
08/11/2019;1 880;1 810;1 880;1 810;13 666;25 213 770;-0.27%
11/11/2019;1 850;1 880;1 880;1 850;925;1 725 125;-1.60%
12/11/2019;1 850;1 850;1 850;1 850;114;210 900;0.00%
13/11/2019;1 840;1 850;1 850;1 840;1 992;3 675 240;-0.54%
14/11/2019;1 800;1 810;1 810;1 800;1 247;2 250 835;-2.17%
18/11/2019;1 850;1 900;1 900;1 850;1 050;1 968 750;2.78%
19/11/2019;1 850;1 850;1 850;1 850;875;1 618 750;0.00%
21/11/2019;1 800;1 815;1 815;1 800;7 346;13 277 895;-2.70%
22/11/2019;1 850;1 800;1 850;1 800;2 012;3 671 900;2.78%
25/11/2019;1 800;1 850;1 850;1 800;6 429;11 732 925;-2.70%
26/11/2019;1 850;1 800;1 850;1 800;143;260 975;2.78%
27/11/2019;1 850;1 840;1 850;1 840;1 560;2 878 200;0.00%
28/11/2019;1 850;1 895;1 895;1 850;4 573;8 562 943;0.00%
29/11/2019;1 900;1 885;1 900;1 885;1 015;1 920 888;2.70%
02/12/2019;1 845;1 845;1 845;1 845;57;105 165;-2.89%
03/12/2019;1 845;1 845;1 845;1 845;300;553 500;0.00%
04/12/2019;1 845;1 850;1 850;1 845;1 853;3 423 418;0.00%
05/12/2019;1 890;1 850;1 890;1 850;3 915;7 321 050;2.44%
06/12/2019;1 900;1 850;1 900;1 850;1 074;2 013 750;0.53%
09/12/2019;1 850;1 850;1 850;1 850;563;1 041 550;-2.63%
10/12/2019;1 900;1 900;1 900;1 900;25;47 500;2.70%
12/12/2019;1 865;1 900;1 900;1 865;735;1 383 638;-1.84%
13/12/2019;1 900;1 865;1 900;1 865;245;461 213;1.88%
16/12/2019;1 900;1 900;1 900;1 900;1 120;2 128 000;0.00%
17/12/2019;2 000;1 915;2 000;1 915;2 829;5 537 768;5.26%
18/12/2019;2 100;2 050;2 100;2 050;2 529;5 247 675;5.00%
19/12/2019;2 245;2 100;2 245;2 100;701;1 522 923;6.90%
20/12/2019;2 250;2 245;2 250;2 245;4 434;9 965 415;0.22%
23/12/2019;2 200;2 200;2 200;2 200;495;1 089 000;-2.22%
24/12/2019;2 250;2 295;2 295;2 250;96;218 160;2.27%
25/12/2019;2 250;2 295;2 295;2 250;96;218 160;0.00%
26/12/2019;2 300;2 225;2 300;2 225;2 234;5 054 425;2.22%
27/12/2019;2 400;2 340;2 400;2 340;4 038;9 570 060;4.35%
30/12/2019;2 400;2 400;2 400;2 400;4 778;11 467 200;0.00%
31/12/2019;2 580;2 500;2 580;2 500;8 541;21 694 140;7.50%
01/01/2020;2 580;2 500;2 580;2 500;8 541;21 694 140;0.00%
02/01/2020;2 600;2 580;2 600;2 580;802;2 077 180;0.78%
03/01/2020;2 585;2 580;2 585;2 580;30;77 475;-0.58%
06/01/2020;2 400;2 415;2 415;2 400;1 082;2 604 915;-7.16%
07/01/2020;2 300;2 300;2 300;2 300;523;1 202 900;-4.17%
08/01/2020;2 300;2 300;2 300;2 300;1 592;3 661 600;0.00%
09/01/2020;2 295;2 260;2 295;2 260;658;1 498 595;-0.22%
10/01/2020;2 160;2 160;2 160;2 160;5 217;11 268 720;-5.88%
13/01/2020;2 160;2 160;2 160;2 160;4 002;8 644 320;0.00%
14/01/2020;2 170;2 185;2 185;2 170;2 700;5 879 250;0.46%
15/01/2020;2 210;2 210;2 210;2 210;160;353 600;1.84%
16/01/2020;2 345;2 300;2 345;2 300;4 079;9 473 478;6.11%
17/01/2020;2 350;2 350;2 350;2 350;482;1 132 700;0.21%
20/01/2020;2 500;2 450;2 500;2 450;423;1 046 925;6.38%
21/01/2020;2 675;2 600;2 675;2 600;427;1 126 213;7.00%
22/01/2020;2 870;2 680;2 870;2 680;3 396;9 423 900;7.29%
23/01/2020;2 855;2 855;2 855;2 855;10;28 550;-0.52%
24/01/2020;2 750;2 750;2 750;2 750;100;275 000;-3.68%
27/01/2020;2 600;2 680;2 680;2 600;1 918;5 063 520;-5.45%
28/01/2020;2 605;2 600;2 605;2 600;41;106 703;0.19%
29/01/2020;2 630;2 605;2 630;2 605;1 683;4 405 253;0.96%
30/01/2020;2 645;2 500;2 645;2 500;375;964 688;0.57%
31/01/2020;2 560;2 555;2 560;2 555;121;309 458;-3.21%
03/02/2020;2 400;2 550;2 550;2 400;1 637;4 051 575;-6.25%
04/02/2020;2 550;2 500;2 550;2 500;1 806;4 560 150;6.25%
05/02/2020;2 565;2 560;2 565;2 560;4 054;10 388 375;0.59%
06/02/2020;2 605;2 595;2 605;2 595;1 091;2 836 600;1.56%
07/02/2020;2 675;2 600;2 675;2 600;418;1 102 475;2.69%
10/02/2020;2 675;2 675;2 675;2 675;283;757 025;0.00%
11/02/2020;2 675;2 675;2 675;2 675;238;636 650;0.00%
12/02/2020;2 675;2 675;2 675;2 675;238;636 650;0.00%
13/02/2020;2 500;2 565;2 565;2 500;673;1 704 373;-6.54%
14/02/2020;2 395;2 410;2 410;2 395;545;1 309 363;-4.20%
18/02/2020;2 220;2 220;2 220;2 220;118;261 960;-7.31%
19/02/2020;2 220;2 350;2 350;2 220;64;146 240;0.00%
20/02/2020;2 300;2 225;2 300;2 225;71;160 638;3.60%
21/02/2020;2 250;2 250;2 250;2 250;229;515 250;-2.17%
24/02/2020;2 230;2 230;2 230;2 230;80;178 400;-0.89%
25/02/2020;2 100;2 230;2 230;2 100;845;1 829 425;-5.83%
26/02/2020;2 230;2 230;2 230;2 230;15 379;34 295 170;6.19%
27/02/2020;2 105;2 105;2 105;2 105;150;315 750;-5.61%
28/02/2020;2 105;2 220;2 220;2 105;77;166 513;0.00%
02/03/2020;2 105;2 105;2 105;2 105;27;56 835;0.00%
03/03/2020;2 210;2 220;2 220;2 210;439;972 385;4.99%
04/03/2020;2 210;2 205;2 210;2 205;70;154 525;0.00%
05/03/2020;2 220;2 200;2 220;2 200;225;497 250;0.45%
06/03/2020;2 220;2 220;2 220;2 220;40;88 800;0.00%
09/03/2020;2 200;2 200;2 200;2 200;557;1 225 400;-0.90%
10/03/2020;2 200;2 220;2 220;2 200;1 415;3 127 150;0.00%
11/03/2020;2 190;2 150;2 190;2 150;67;145 390;-0.45%
12/03/2020;2 030;2 190;2 190;2 030;6 150;12 976 500;-7.31%
13/03/2020;2 020;2 030;2 030;2 020;415;840 375;-0.49%
16/03/2020;2 020;2 020;2 020;2 020;518;1 046 360;0.00%
17/03/2020;2 000;2 020;2 020;2 000;75;150 750;-0.99%
18/03/2020;2 020;1 900;2 020;1 900;1 006;1 971 760;1.00%
19/03/2020;1 870;1 870;1 870;1 870;890;1 664 300;-7.43%
20/03/2020;2 000;1 890;2 000;1 890;10;19 450;6.95%
23/03/2020;2 000;2 000;2 000;2 000;350;700 000;0.00%
24/03/2020;2 000;1 990;2 000;1 990;50;99 750;0.00%
25/03/2020;1 900;1 900;1 900;1 900;22;41 800;-5.00%
26/03/2020;1 895;1 890;1 895;1 890;436;825 130;-0.26%
27/03/2020;1 870;1 890;1 890;1 870;259;486 920;-1.32%
30/03/2020;1 865;1 865;1 865;1 865;43;80 195;-0.27%
01/04/2020;1 800;1 800;1 800;1 800;414;745 200;-3.49%
02/04/2020;1 820;1 820;1 820;1 820;21;38 220;1.11%
03/04/2020;1 800;1 800;1 800;1 800;790;1 422 000;-1.10%
06/04/2020;1 750;1 755;1 755;1 750;404;708 010;-2.78%
07/04/2020;1 750;1 750;1 750;1 750;3 329;5 825 750;0.00%
08/04/2020;1 750;1 745;1 750;1 745;2 075;3 626 063;0.00%
09/04/2020;1 700;1 700;1 700;1 700;70;119 000;-2.86%
10/04/2020;1 745;1 745;1 745;1 745;560;977 200;2.65%
13/04/2020;1 745;1 745;1 745;1 745;560;977 200;0.00%
14/04/2020;1 700;1 700;1 700;1 700;20;34 000;-2.58%
15/04/2020;1 600;1 600;1 600;1 600;763;1 220 800;-5.88%
16/04/2020;1 550;1 590;1 590;1 550;3 171;4 978 470;-3.13%
17/04/2020;1 535;1 545;1 545;1 535;167;257 180;-0.97%
20/04/2020;1 420;1 510;1 510;1 420;2 168;3 176 120;-7.49%
21/04/2020;1 385;1 415;1 415;1 385;5 302;7 422 800;-2.46%
22/04/2020;1 365;1 385;1 385;1 365;404;555 500;-1.44%
23/04/2020;1 420;1 420;1 420;1 420;331;470 020;4.03%
24/04/2020;1 510;1 480;1 510;1 480;301;449 995;6.34%
27/04/2020;1 510;1 510;1 510;1 510;528;797 280;0.00%
28/04/2020;1 600;1 600;1 600;1 600;1 201;1 921 600;5.96%
29/04/2020;1 720;1 600;1 720;1 600;188;312 080;7.50%
30/04/2020;1 800;1 800;1 800;1 800;1 000;1 800 000;4.65%
01/05/2020;1 800;1 800;1 800;1 800;1 000;1 800 000;0.00%
04/05/2020;1 800;1 800;1 800;1 800;131;235 800;0.00%
05/05/2020;1 700;1 700;1 700;1 700;82;139 400;-5.56%
06/05/2020;1 700;1 700;1 700;1 700;118;200 600;0.00%
07/05/2020;1 800;1 800;1 800;1 800;700;1 260 000;5.88%
08/05/2020;1 700;1 795;1 795;1 700;286;499 785;-5.56%
11/05/2020;1 700;1 695;1 700;1 695;279;473 603;0.00%
12/05/2020;1 700;1 700;1 700;1 700;410;697 000;0.00%
13/05/2020;1 695;1 695;1 695;1 695;44;74 580;-0.29%
14/05/2020;1 695;1 695;1 695;1 695;20;33 900;0.00%
15/05/2020;1 610;1 690;1 690;1 610;127;209 550;-5.01%
18/05/2020;1 670;1 670;1 670;1 670;20;33 400;3.73%
19/05/2020;1 670;1 670;1 670;1 670;12;20 040;0.00%
22/05/2020;1 695;1 695;1 695;1 695;20;33 900;1.50%
26/05/2020;1 750;1 650;1 750;1 650;2 800;4 760 000;3.24%
27/05/2020;1 695;1 750;1 750;1 695;328;564 980;-3.14%
28/05/2020;1 750;1 700;1 750;1 700;1 088;1 876 800;3.24%
29/05/2020;1 695;1 790;1 790;1 695;138;240 465;-3.14%
01/06/2020;1 695;1 790;1 790;1 695;138;240 465;0.00%
02/06/2020;1 695;1 695;1 695;1 695;305;516 975;0.00%
04/06/2020;1 745;1 695;1 745;1 695;360;619 200;2.95%
05/06/2020;1 745;1 745;1 745;1 745;217;378 665;0.00%
08/06/2020;1 750;1 750;1 750;1 750;3 273;5 727 750;0.29%
09/06/2020;1 700;1 700;1 700;1 700;20;34 000;-2.86%
10/06/2020;1 710;1 710;1 710;1 710;8;13 680;0.59%
11/06/2020;1 750;1 745;1 750;1 745;450;786 375;2.34%
12/06/2020;1 750;1 750;1 750;1 750;547;957 250;0.00%
15/06/2020;1 795;1 750;1 795;1 750;291;515 798;2.57%
16/06/2020;1 795;1 795;1 795;1 795;23;41 285;0.00%
17/06/2020;1 750;1 895;1 895;1 750;1 618;2 948 805;-2.51%
18/06/2020;1 755;1 760;1 760;1 755;361;634 458;0.29%
19/06/2020;1 755;1 675;1 755;1 675;894;1 533 210;0.00%
22/06/2020;1 800;1 800;1 800;1 800;55;99 000;2.56%
23/06/2020;1 895;1 800;1 895;1 800;15;27 713;5.28%
24/06/2020;1 800;1 895;1 895;1 800;1 096;2 024 860;-5.01%
25/06/2020;1 760;1 760;1 760;1 760;481;846 560;-2.22%
26/06/2020;1 800;1 760;1 800;1 760;825;1 468 500;2.27%
30/06/2020;1 935;1 900;1 935;1 900;295;565 663;7.50%
01/07/2020;1 935;1 945;1 945;1 935;102;197 880;0.00%
03/07/2020;1 900;1 930;1 930;1 900;462;884 730;-1.81%
06/07/2020;1 870;1 900;1 900;1 870;690;1 300 650;-1.58%
07/07/2020;1 840;1 840;1 840;1 840;101;185 840;-1.60%
08/07/2020;1 835;1 835;1 835;1 835;957;1 756 095;-0.27%
09/07/2020;1 800;1 835;1 835;1 800;1 437;2 611 748;-1.91%
10/07/2020;1 760;1 800;1 800;1 760;391;695 980;-2.22%
13/07/2020;1 645;1 645;1 645;1 645;25;41 125;-6.53%
14/07/2020;1 705;1 705;1 705;1 705;15;25 575;3.65%
15/07/2020;1 700;1 700;1 700;1 700;15;25 500;-0.29%
16/07/2020;1 700;1 700;1 700;1 700;1;1 700;0.00%
17/07/2020;1 700;1 645;1 700;1 645;668;1 117 230;0.00%
20/07/2020;1 600;1 600;1 600;1 600;1 214;1 942 400;-5.88%
21/07/2020;1 600;1 600;1 600;1 600;10;16 000;0.00%
22/07/2020;1 695;1 695;1 695;1 695;150;254 250;5.94%
23/07/2020;1 685;1 685;1 685;1 685;20;33 700;-0.59%
24/07/2020;1 685;1 650;1 685;1 650;357;595 298;0.00%
28/07/2020;1 585;1 585;1 585;1 585;100;158 500;-5.93%
29/07/2020;1 500;1 550;1 550;1 500;956;1 457 900;-5.36%
30/07/2020;1 500;1 500;1 500;1 500;210;315 000;0.00%
31/07/2020;1 500;1 500;1 500;1 500;210;315 000;0.00%
03/08/2020;1 500;1 500;1 500;1 500;453;679 500;0.00%
04/08/2020;1 500;1 500;1 500;1 500;129;193 500;0.00%
05/08/2020;1 400;1 470;1 470;1 400;100;143 500;-6.67%
06/08/2020;1 450;1 400;1 450;1 400;156;222 300;3.57%
07/08/2020;1 450;1 400;1 450;1 400;156;222 300;0.00%
10/08/2020;1 450;1 500;1 500;1 450;21 253;31 348 175;0.00%
11/08/2020;1 500;1 470;1 500;1 470;135;200 475;3.45%
12/08/2020;1 580;1 505;1 580;1 505;5 631;8 685 818;5.33%
13/08/2020;1 580;1 580;1 580;1 580;604;954 320;0.00%
14/08/2020;1 600;1 600;1 600;1 600;6;9 600;1.27%
17/08/2020;1 600;1 600;1 600;1 600;424;678 400;0.00%
18/08/2020;1 700;1 600;1 700;1 600;1 999;3 298 350;6.25%
21/08/2020;1 700;1 700;1 700;1 700;722;1 227 400;0.00%
24/08/2020;1 695;1 695;1 695;1 695;232;393 240;-0.29%
25/08/2020;1 820;1 695;1 820;1 695;1 010;1 775 075;7.37%
26/08/2020;1 945;1 820;1 945;1 820;1 029;1 937 093;6.87%
27/08/2020;1 850;1 945;1 945;1 850;652;1 237 170;-4.88%
28/08/2020;1 850;1 850;1 850;1 850;34;62 900;0.00%
31/08/2020;1 750;1 860;1 860;1 750;1 409;2 543 245;-5.41%
01/09/2020;1 700;1 750;1 750;1 700;6 305;10 876 125;-2.86%
02/09/2020;1 800;1 700;1 800;1 700;352;616 000;5.88%
03/09/2020;1 695;1 785;1 785;1 695;9 012;15 680 880;-5.83%
04/09/2020;1 700;1 700;1 700;1 700;5;8 500;0.29%
07/09/2020;1 695;1 695;1 695;1 695;3 783;6 412 185;-0.29%
08/09/2020;1 800;1 670;1 800;1 670;710;1 231 850;6.19%
09/09/2020;1 800;1 800;1 800;1 800;235;423 000;0.00%
10/09/2020;1 850;1 850;1 850;1 850;2 423;4 482 550;2.78%
11/09/2020;1 880;1 845;1 880;1 845;40;74 500;1.62%
15/09/2020;1 840;1 850;1 850;1 840;61;112 545;-2.13%
16/09/2020;1 835;1 840;1 840;1 835;14;25 725;-0.27%
17/09/2020;1 850;1 830;1 850;1 830;808;1 486 720;0.82%
18/09/2020;1 825;1 840;1 840;1 825;437;800 803;-1.35%
21/09/2020;1 800;1 800;1 800;1 800;1 100;1 980 000;-1.37%
22/09/2020;1 800;1 800;1 800;1 800;355;639 000;0.00%
23/09/2020;1 800;1 800;1 800;1 800;355;639 000;0.00%
24/09/2020;1 800;1 800;1 800;1 800;355;639 000;0.00%
25/09/2020;1 800;1 800;1 800;1 800;355;639 000;0.00%
29/09/2020;1 750;1 745;1 750;1 745;777;1 357 808;-2.78%
30/09/2020;1 825;1 825;1 825;1 825;59;107 675;4.29%
02/10/2020;1 705;1 690;1 705;1 690;710;1 205 225;-6.58%
05/10/2020;1 825;1 700;1 825;1 700;500;881 250;7.04%
06/10/2020;1 800;1 690;1 800;1 690;638;1 113 310;-1.37%
08/10/2020;1 800;1 795;1 800;1 795;100;179 750;0.00%
09/10/2020;1 800;1 800;1 800;1 800;519;934 200;0.00%
12/10/2020;1 800;1 800;1 800;1 800;105;189 000;0.00%
14/10/2020;1 800;1 670;1 800;1 670;236;409 460;0.00%
15/10/2020;1 800;1 750;1 800;1 750;41;72 775;0.00%
16/10/2020;1 935;1 800;1 935;1 800;14 181;26 483 018;7.50%
19/10/2020;1 900;1 945;1 945;1 900;9 160;17 610 100;-1.81%
20/10/2020;1 920;1 900;1 920;1 900;4 278;8 170 980;1.05%
21/10/2020;1 900;1 920;1 920;1 900;647;1 235 770;-1.04%
22/10/2020;1 920;1 900;1 920;1 900;325;620 750;1.05%
23/10/2020;1 900;1 900;1 900;1 900;1;1 900;-1.04%
26/10/2020;1 920;1 920;1 920;1 920;136;261 120;1.05%
27/10/2020;1 920;1 920;1 920;1 920;1 614;3 098 880;0.00%
28/10/2020;2 000;1 920;2 000;1 920;6 617;12 969 320;4.17%
29/10/2020;2 000;1 920;2 000;1 920;6 617;12 969 320;0.00%
30/10/2020;2 150;1 900;2 150;1 900;1 083;2 193 075;7.50%
05/11/2020;2 090;2 000;2 090;2 000;805;1 646 225;-2.79%
06/11/2020;2 200;2 000;2 200;2 000;388;814 800;5.26%
09/11/2020;2 200;2 100;2 200;2 100;150;322 500;0.00%
10/11/2020;2 345;2 300;2 345;2 300;1 100;2 554 750;6.59%
11/11/2020;2 440;2 345;2 440;2 345;63;150 728;4.05%
12/11/2020;2 495;2 345;2 495;2 345;1 122;2 715 240;2.25%
17/11/2020;2 310;2 310;2 310;2 310;285;658 350;-7.41%
18/11/2020;2 305;2 305;2 305;2 305;10;23 050;-0.22%
19/11/2020;2 180;2 300;2 300;2 180;427;956 480;-5.42%
23/11/2020;2 175;2 175;2 175;2 175;55;119 625;-0.23%
24/11/2020;2 150;2 050;2 150;2 050;585;1 228 500;-1.15%
25/11/2020;2 180;2 050;2 180;2 050;8 598;18 184 770;1.40%
26/11/2020;2 180;2 150;2 180;2 150;2 381;5 154 865;0.00%
27/11/2020;2 180;2 055;2 180;2 055;1 755;3 716 213;0.00%
02/12/2020;2 300;2 180;2 300;2 180;6 323;14 163 520;5.50%
03/12/2020;2 445;2 300;2 445;2 300;4 317;10 242 083;6.30%
04/12/2020;2 445;2 300;2 445;2 300;26 117;61 962 583;0.00%
08/12/2020;2 395;2 265;2 395;2 265;164;382 120;-2.04%
09/12/2020;2 380;2 265;2 380;2 265;94;218 315;-0.63%
10/12/2020;2 380;2 300;2 380;2 300;286;669 240;0.00%
11/12/2020;2 350;2 300;2 350;2 300;1 470;3 417 750;-1.26%
14/12/2020;2 445;2 200;2 445;2 200;2 015;4 679 838;4.04%
15/12/2020;2 350;2 265;2 350;2 265;70;161 525;-3.89%
16/12/2020;2 350;2 230;2 350;2 230;560;1 282 400;0.00%
17/12/2020;2 345;2 350;2 350;2 345;55;129 113;-0.21%
18/12/2020;2 350;2 345;2 350;2 345;100;234 750;0.21%
21/12/2020;2 350;2 350;2 350;2 350;42;98 700;0.00%
22/12/2020;2 350;2 300;2 350;2 300;7 041;16 370 325;0.00%
23/12/2020;2 440;2 440;2 440;2 440;50;122 000;3.83%
24/12/2020;2 375;2 375;2 375;2 375;15;35 625;-2.66%
25/12/2020;2 375;2 375;2 375;2 375;15;35 625;0.00%
28/12/2020;2 300;2 300;2 300;2 300;99;227 700;-3.16%
29/12/2020;2 345;2 210;2 345;2 210;2 364;5 384 010;1.96%
30/12/2020;2 300;2 170;2 300;2 170;145;324 075;-1.92%
31/12/2020;2 350;2 345;2 350;2 345;5 015;11 772 713;2.17%
05/01/2021;2 350;2 300;2 350;2 300;200;465 000;0.00%
06/01/2021;2 300;2 300;2 300;2 300;26;59 800;-2.13%
07/01/2021;2 350;2 290;2 350;2 290;86;199 520;2.17%
08/01/2021;2 200;2 450;2 450;2 200;1 296;3 013 200;-6.38%
11/01/2021;2 180;2 365;2 365;2 180;1 160;2 636 100;-0.91%
12/01/2021;2 180;2 210;2 210;2 180;680;1 492 600;0.00%
13/01/2021;2 140;2 180;2 180;2 140;95;205 200;-1.83%
14/01/2021;2 140;2 180;2 180;2 140;1 554;3 356 640;0.00%
15/01/2021;2 245;2 300;2 300;2 245;6 704;15 234 840;4.91%
18/01/2021;2 410;2 200;2 410;2 200;105;242 025;7.35%
19/01/2021;2 350;2 250;2 350;2 250;1 203;2 766 900;-2.49%
20/01/2021;2 300;2 300;2 300;2 300;850;1 955 000;-2.13%
21/01/2021;2 300;2 300;2 300;2 300;1 589;3 654 700;0.00%
22/01/2021;2 470;2 310;2 470;2 310;1 981;4 734 590;7.39%
25/01/2021;2 405;2 405;2 405;2 405;292;702 260;-2.63%
26/01/2021;2 410;2 410;2 410;2 410;521;1 255 610;0.21%
27/01/2021;2 465;2 405;2 465;2 405;10 735;26 139 725;2.28%
28/01/2021;2 365;2 470;2 470;2 365;80;193 400;-4.06%
29/01/2021;2 400;2 375;2 400;2 375;734;1 752 425;1.48%
01/02/2021;2 400;2 370;2 400;2 370;1 504;3 587 040;0.00%
02/02/2021;2 400;2 400;2 400;2 400;17;40 800;0.00%
03/02/2021;2 405;2 380;2 405;2 380;1 227;2 935 598;0.21%
04/02/2021;2 360;2 425;2 425;2 360;148;354 090;-1.87%
05/02/2021;2 365;2 395;2 395;2 365;711;1 692 180;0.21%
08/02/2021;2 360;2 360;2 360;2 360;116;273 760;-0.21%
09/02/2021;2 400;2 360;2 400;2 360;1 082;2 575 160;1.69%
10/02/2021;2 360;2 375;2 375;2 360;134;317 245;-1.67%
11/02/2021;2 370;2 365;2 370;2 365;950;2 249 125;0.42%
12/02/2021;2 365;2 375;2 375;2 365;794;1 881 780;-0.21%
15/02/2021;2 365;2 425;2 425;2 365;2 033;4 869 035;0.00%
16/02/2021;2 365;2 370;2 370;2 365;564;1 335 270;0.00%
17/02/2021;2 365;2 365;2 365;2 365;1 338;3 164 370;0.00%
18/02/2021;2 365;2 360;2 365;2 360;532;1 256 850;0.00%
22/02/2021;2 365;2 365;2 365;2 365;114;269 610;0.00%
23/02/2021;2 365;2 370;2 370;2 365;5 180;12 263 650;0.00%
24/02/2021;2 540;2 365;2 540;2 365;9 439;23 149 148;7.40%
25/02/2021;2 555;2 540;2 555;2 540;160;407 600;0.59%
26/02/2021;2 545;2 600;2 600;2 545;1 446;3 719 835;-0.39%
01/03/2021;2 500;2 500;2 500;2 500;1 056;2 640 000;-1.77%
02/03/2021;2 550;2 510;2 550;2 510;2 420;6 122 600;2.00%
03/03/2021;2 550;2 595;2 595;2 550;9 458;24 330 705;0.00%
04/03/2021;2 610;2 600;2 610;2 600;588;1 531 740;2.35%
05/03/2021;2 650;2 650;2 650;2 650;63;166 950;1.53%
08/03/2021;2 655;2 650;2 655;2 650;867;2 299 718;0.19%
09/03/2021;2 750;2 700;2 750;2 700;1 849;5 038 525;3.58%
10/03/2021;2 850;2 765;2 850;2 765;2 567;7 206 853;3.64%
11/03/2021;2 900;2 990;2 990;2 900;2 203;6 487 835;1.75%
12/03/2021;2 900;2 950;2 950;2 900;876;2 562 300;0.00%
15/03/2021;2 900;2 990;2 990;2 900;1 445;4 255 525;0.00%
16/03/2021;2 800;2 810;2 810;2 800;466;1 307 130;-3.45%
17/03/2021;2 830;2 800;2 830;2 800;401;1 128 815;1.07%
18/03/2021;2 795;2 800;2 800;2 795;598;1 672 905;-1.24%
19/03/2021;2 900;2 800;2 900;2 800;181;515 850;3.76%
22/03/2021;2 900;2 810;2 900;2 810;4 496;12 836 080;0.00%
23/03/2021;2 900;2 890;2 900;2 890;1 209;3 500 055;0.00%
24/03/2021;2 845;2 890;2 890;2 845;524;1 502 570;-1.90%
25/03/2021;2 840;2 835;2 840;2 835;10 100;28 658 750;-0.18%
26/03/2021;2 850;2 820;2 850;2 820;136;385 560;0.35%
29/03/2021;2 900;2 800;2 900;2 800;472;1 345 200;1.75%
30/03/2021;3 000;2 800;3 000;2 800;1 598;4 634 200;3.45%
31/03/2021;3 000;2 900;3 000;2 900;11 971;35 314 450;0.00%
01/04/2021;2 950;2 950;2 950;2 950;51;150 450;-1.67%
02/04/2021;2 950;2 795;2 950;2 795;1 501;4 311 623;0.00%
05/04/2021;2 950;2 795;2 950;2 795;1 501;4 311 623;0.00%
06/04/2021;2 900;2 900;2 900;2 900;424;1 229 600;-1.69%
07/04/2021;2 885;2 895;2 895;2 885;7 060;20 403 400;-0.52%
08/04/2021;2 800;2 850;2 850;2 800;318;898 350;-2.95%
09/04/2021;2 800;2 760;2 800;2 760;23;63 940;0.00%
12/04/2021;2 700;2 705;2 705;2 700;1 132;3 059 230;-3.57%
13/04/2021;2 845;2 710;2 845;2 710;489;1 358 198;5.37%
14/04/2021;3 000;2 850;3 000;2 850;7 903;23 116 275;5.45%
15/04/2021;2 900;2 995;2 995;2 900;1 712;5 046 120;-3.33%
16/04/2021;2 900;2 890;2 900;2 890;1 331;3 853 245;0.00%
19/04/2021;2 890;2 880;2 890;2 880;228;657 780;-0.34%
20/04/2021;2 800;2 900;2 900;2 800;3 304;9 416 400;-3.11%
21/04/2021;2 900;2 800;2 900;2 800;1 151;3 280 350;3.57%
22/04/2021;2 890;2 800;2 890;2 800;507;1 442 415;-0.34%
23/04/2021;2 875;2 895;2 895;2 875;459;1 324 215;-0.52%
26/04/2021;2 900;2 795;2 900;2 795;1 310;3 730 225;0.87%
27/04/2021;2 900;2 845;2 900;2 845;120;344 700;0.00%
28/04/2021;2 900;2 800;2 900;2 800;425;1 211 250;0.00%
29/04/2021;2 750;2 900;2 900;2 750;2 745;7 754 625;-5.17%
30/04/2021;2 950;2 750;2 950;2 750;3 893;11 095 050;7.27%
03/05/2021;2 945;2 950;2 950;2 945;178;524 655;-0.17%
04/05/2021;2 900;2 900;2 900;2 900;2 206;6 397 400;-1.53%
05/05/2021;2 885;2 900;2 900;2 885;903;2 611 928;-0.52%
06/05/2021;2 800;2 885;2 885;2 800;401;1 139 843;-2.95%
07/05/2021;2 900;2 885;2 900;2 885;542;1 567 735;3.57%
10/05/2021;2 700;2 700;2 700;2 700;201;542 700;-6.90%
11/05/2021;2 900;2 720;2 900;2 720;141;396 210;7.41%
12/05/2021;2 900;2 720;2 900;2 720;141;396 210;0.00%
14/05/2021;2 900;2 900;2 900;2 900;1 209;3 506 100;0.00%
17/05/2021;2 900;2 900;2 900;2 900;641;1 858 900;0.00%
18/05/2021;2 900;2 810;2 900;2 810;358;1 022 090;0.00%
19/05/2021;2 815;2 850;2 850;2 815;1 649;4 670 793;-2.93%
20/05/2021;2 895;2 795;2 895;2 795;1 055;3 001 475;2.84%
21/05/2021;2 945;2 895;2 945;2 895;899;2 625 080;1.73%
24/05/2021;2 945;2 895;2 945;2 895;899;2 625 080;0.00%
25/05/2021;2 940;2 940;2 940;2 940;80;235 200;-0.17%
26/05/2021;2 920;2 935;2 935;2 920;485;1 419 838;-0.68%
27/05/2021;3 000;2 900;3 000;2 900;4 430;13 068 500;2.74%
28/05/2021;3 000;2 945;3 000;2 945;50;148 625;0.00%
31/05/2021;3 000;3 000;3 000;3 000;200;600 000;0.00%
01/06/2021;2 990;2 990;2 990;2 990;351;1 049 490;-0.33%
02/06/2021;2 950;2 990;2 990;2 950;1 722;5 114 340;-1.34%
03/06/2021;2 995;2 990;2 995;2 990;530;1 586 025;1.53%
04/06/2021;2 990;2 990;2 990;2 990;1 467;4 386 330;-0.17%
07/06/2021;3 000;2 995;3 000;2 995;906;2 715 735;0.33%
08/06/2021;2 990;3 000;3 000;2 990;858;2 569 710;-0.33%
09/06/2021;3 100;3 000;3 100;3 000;7 278;22 197 900;3.68%
10/06/2021;3 200;3 100;3 200;3 100;26 184;82 479 600;3.23%
11/06/2021;3 440;3 440;3 440;3 440;4 394;15 115 360;7.50%
14/06/2021;3 385;3 385;3 385;3 385;1 007;3 408 695;-1.60%
15/06/2021;3 300;3 345;3 345;3 300;557;1 850 633;-2.51%
16/06/2021;3 290;3 295;3 295;3 290;1 245;4 099 163;-0.30%
17/06/2021;3 290;3 280;3 290;3 280;1 837;6 034 545;0.00%
18/06/2021;3 430;3 290;3 430;3 290;785;2 637 600;4.26%
21/06/2021;3 310;3 350;3 350;3 310;2 491;8 295 030;-3.50%
22/06/2021;3 425;3 310;3 425;3 310;1 591;5 357 693;3.47%
23/06/2021;3 395;3 420;3 420;3 395;1 878;6 399 285;-0.88%
24/06/2021;3 430;3 395;3 430;3 395;664;2 265 900;1.03%
25/06/2021;3 400;3 385;3 400;3 385;1 666;5 651 905;-0.87%
28/06/2021;3 400;3 380;3 400;3 380;895;3 034 050;0.00%
29/06/2021;3 450;3 360;3 450;3 360;6 614;22 520 670;1.47%
30/06/2021;3 550;3 450;3 550;3 450;571;1 998 500;2.90%
01/07/2021;3 500;3 500;3 500;3 500;1 530;5 355 000;-1.41%
02/07/2021;3 450;3 450;3 450;3 450;50;172 500;-1.43%
05/07/2021;3 540;3 400;3 540;3 400;1 206;4 184 820;2.61%
06/07/2021;3 540;3 500;3 540;3 500;616;2 168 320;0.00%
07/07/2021;3 550;3 410;3 550;3 410;548;1 907 040;0.28%
08/07/2021;3 550;3 525;3 550;3 525;479;1 694 463;0.00%
09/07/2021;3 545;3 550;3 550;3 545;181;642 098;-0.14%
12/07/2021;3 500;3 810;3 810;3 500;1 043;3 812 165;-1.27%
13/07/2021;3 490;3 490;3 490;3 490;243;848 070;-0.29%
14/07/2021;3 600;3 500;3 600;3 500;1 105;3 922 750;3.15%
15/07/2021;3 870;3 600;3 870;3 600;259;967 365;7.50%
16/07/2021;3 600;3 870;3 870;3 600;2 932;10 951 020;-6.98%
19/07/2021;3 695;3 865;3 865;3 695;125;472 500;2.64%
20/07/2021;3 695;3 865;3 865;3 695;125;472 500;0.00%
21/07/2021;3 630;3 700;3 700;3 630;552;2 023 080;-1.76%
22/07/2021;3 800;3 700;3 800;3 700;385;1 443 750;4.68%
23/07/2021;3 710;3 800;3 800;3 710;308;1 156 540;-2.37%
26/07/2021;3 710;3 800;3 800;3 710;35 698;134 045 990;0.00%
27/07/2021;3 600;3 440;3 600;3 440;449;1 580 480;-2.96%
28/07/2021;3 600;3 700;3 700;3 600;3 613;13 187 450;0.00%
29/07/2021;3 600;3 600;3 600;3 600;12 747;45 889 200;0.00%
30/07/2021;3 600;3 355;3 600;3 355;46 867;162 979 993;0.00%
02/08/2021;3 800;3 600;3 800;3 600;277;1 024 900;5.56%
03/08/2021;3 700;3 800;3 800;3 700;14 181;53 178 750;-2.63%
04/08/2021;3 750;3 700;3 750;3 700;1 165;4 339 625;1.35%
05/08/2021;3 750;3 750;3 750;3 750;139;521 250;0.00%
06/08/2021;3 700;3 700;3 700;3 700;185;684 500;-1.33%
09/08/2021;3 700;3 700;3 700;3 700;854;3 159 800;0.00%
10/08/2021;3 700;3 705;3 705;3 700;153;566 483;0.00%
11/08/2021;3 720;3 705;3 720;3 705;145;538 313;0.54%
12/08/2021;3 800;3 800;3 800;3 800;3 258;12 380 400;2.15%
13/08/2021;3 720;3 800;3 800;3 720;1 050;3 948 000;-2.11%
16/08/2021;3 800;3 800;3 800;3 800;500;1 900 000;2.15%
17/08/2021;3 800;3 800;3 800;3 800;291;1 105 800;0.00%
18/08/2021;3 750;3 720;3 750;3 720;1 203;4 493 205;-1.32%
19/08/2021;3 795;3 795;3 795;3 795;282;1 070 190;1.20%
20/08/2021;3 795;3 800;3 800;3 795;338;1 283 555;0.00%
23/08/2021;3 705;3 700;3 705;3 700;4 753;17 597 983;-2.37%
24/08/2021;3 980;3 850;3 980;3 850;17 246;67 518 090;7.42%
25/08/2021;3 950;4 275;4 275;3 950;5 678;23 350 775;-0.75%
26/08/2021;4 200;4 000;4 200;4 000;4 558;18 687 800;6.33%
27/08/2021;4 240;4 200;4 240;4 200;292;1 232 240;0.95%
30/08/2021;4 000;4 200;4 200;4 000;7 054;28 921 400;-5.66%
31/08/2021;4 100;4 090;4 100;4 090;4 527;18 538 065;2.50%
01/09/2021;4 245;4 095;4 245;4 095;354;1 476 180;3.54%
02/09/2021;4 100;4 240;4 240;4 100;273;1 138 410;-3.42%
03/09/2021;4 250;4 100;4 250;4 100;8 752;36 539 600;3.66%
06/09/2021;4 200;4 245;4 245;4 200;1 900;8 022 750;-1.18%
07/09/2021;4 140;4 000;4 140;4 000;1 462;5 950 340;-1.43%
08/09/2021;4 130;4 100;4 130;4 100;665;2 736 475;-0.24%
09/09/2021;4 140;4 100;4 140;4 100;610;2 513 200;0.24%
10/09/2021;4 180;4 140;4 180;4 140;1 245;5 179 200;0.97%
13/09/2021;4 180;4 200;4 200;4 180;514;2 153 660;0.00%
14/09/2021;4 250;4 180;4 250;4 180;3 924;16 539 660;1.67%
15/09/2021;4 250;4 015;4 250;4 015;4 426;18 290 445;0.00%
16/09/2021;4 235;4 050;4 235;4 050;795;3 293 288;-0.35%
17/09/2021;4 220;4 020;4 220;4 020;160;659 200;-0.35%
20/09/2021;4 180;4 100;4 180;4 100;781;3 233 340;-0.95%
21/09/2021;4 160;4 140;4 160;4 140;11 714;48 613 100;-0.48%
22/09/2021;4 180;4 180;4 180;4 180;220;919 600;0.48%
23/09/2021;4 250;4 180;4 250;4 180;4 937;20 809 455;1.67%
24/09/2021;4 250;4 255;4 255;4 250;1 977;8 407 193;0.00%
27/09/2021;4 295;4 260;4 295;4 260;534;2 284 185;1.06%
28/09/2021;4 200;4 315;4 315;4 200;1 127;4 798 203;-2.21%
29/09/2021;4 315;4 190;4 315;4 190;835;3 550 838;2.74%
30/09/2021;4 300;4 295;4 300;4 295;7 824;33 623 640;-0.35%
01/10/2021;4 500;4 305;4 500;4 305;6 640;29 232 600;4.65%
04/10/2021;4 350;4 495;4 495;4 350;1 330;5 881 925;-3.33%
05/10/2021;4 400;4 400;4 400;4 400;16 070;70 708 000;1.15%
06/10/2021;4 550;4 720;4 720;4 550;1 373;6 363 855;3.41%
07/10/2021;4 500;4 505;4 505;4 500;3 309;14 898 773;-1.10%
08/10/2021;4 505;4 505;4 505;4 505;890;4 009 450;0.11%
11/10/2021;4 505;4 510;4 510;4 505;346;1 559 595;0.00%
12/10/2021;4 550;4 510;4 550;4 510;1 356;6 142 680;1.00%
13/10/2021;4 500;4 550;4 550;4 500;2 742;12 407 550;-1.10%
14/10/2021;4 835;4 525;4 835;4 525;33 333;155 998 440;7.44%
15/10/2021;4 995;4 830;4 995;4 830;836;4 106 850;3.31%
18/10/2021;4 995;4 830;4 995;4 830;836;4 106 850;0.00%
19/10/2021;4 800;4 800;4 800;4 800;3 062;14 697 600;-3.90%
20/10/2021;4 980;4 800;4 980;4 800;873;4 268 970;3.75%
21/10/2021;5 335;5 005;5 335;5 005;1 258;6 503 860;7.13%
22/10/2021;5 295;5 000;5 295;5 000;1 480;7 618 300;-0.75%
25/10/2021;5 295;5 150;5 295;5 150;458;2 391 905;0.00%
26/10/2021;5 600;5 300;5 600;5 300;2 253;12 278 850;5.76%
27/10/2021;5 550;5 500;5 550;5 500;1 020;5 635 500;-0.89%
28/10/2021;5 595;5 500;5 595;5 500;3 919;21 740 653;0.81%
29/10/2021;5 500;5 540;5 540;5 500;330;1 821 600;-1.70%
01/11/2021;5 500;5 540;5 540;5 500;330;1 821 600;0.00%
02/11/2021;5 350;5 500;5 500;5 350;7 197;39 043 725;-2.73%
03/11/2021;5 490;5 325;5 490;5 325;1 637;8 852 078;2.62%
04/11/2021;5 370;5 490;5 490;5 370;2 086;11 326 980;-2.19%
05/11/2021;5 000;5 400;5 400;5 000;6 084;31 636 800;-6.89%
08/11/2021;5 000;4 995;5 000;4 995;1 006;5 027 485;0.00%
09/11/2021;5 000;5 005;5 005;5 000;11 560;57 828 900;0.00%
10/11/2021;4 900;4 850;4 900;4 850;1 260;6 142 500;-2.00%
11/11/2021;4 805;4 900;4 900;4 805;700;3 396 750;-1.94%
12/11/2021;4 900;4 855;4 900;4 855;2 646;12 905 865;1.98%
15/11/2021;4 900;4 855;4 900;4 855;2 646;12 905 865;0.00%
16/11/2021;5 000;4 995;5 000;4 995;1 039;5 192 403;2.04%
17/11/2021;5 000;5 000;5 000;5 000;3 632;18 160 000;0.00%
18/11/2021;5 100;4 860;5 100;4 860;14 658;72 996 840;2.00%
19/11/2021;5 095;5 000;5 095;5 000;1 442;7 278 495;-0.10%
22/11/2021;5 000;5 095;5 095;5 000;144;726 840;-1.86%
23/11/2021;5 100;5 090;5 100;5 090;493;2 511 835;2.00%
24/11/2021;5 000;5 005;5 005;5 000;3 897;19 494 743;-1.96%
25/11/2021;5 100;5 000;5 100;5 000;986;4 979 300;2.00%
26/11/2021;5 140;5 000;5 140;5 000;2 475;12 548 250;0.78%
29/11/2021;5 350;4 885;5 350;4 885;1 561;7 988 418;4.09%
30/11/2021;5 250;5 250;5 250;5 250;6 398;33 589 500;-1.87%
01/12/2021;5 300;5 150;5 300;5 150;1 707;8 919 075;0.95%
02/12/2021;5 160;5 250;5 250;5 160;289;1 504 245;-2.64%
03/12/2021;5 000;5 150;5 150;5 000;943;4 785 725;-3.10%
06/12/2021;5 100;5 000;5 100;5 000;2 377;12 003 850;2.00%
07/12/2021;5 100;4 750;5 100;4 750;1 878;9 249 150;0.00%
08/12/2021;5 000;5 000;5 000;5 000;1 525;7 625 000;-1.96%
09/12/2021;5 000;4 990;5 000;4 990;1 657;8 276 715;0.00%
10/12/2021;5 000;5 000;5 000;5 000;327;1 635 000;0.00%
13/12/2021;4 650;5 000;5 000;4 650;181;873 325;-7.00%
14/12/2021;4 995;4 900;4 995;4 900;312;1 543 620;7.42%
15/12/2021;4 995;4 995;4 995;4 995;2 931;14 640 345;0.00%
16/12/2021;4 995;4 995;4 995;4 995;404;2 017 980;0.00%
17/12/2021;4 990;4 700;4 990;4 700;675;3 270 375;-0.10%
20/12/2021;4 990;4 990;4 990;4 990;285;1 422 150;0.00%
21/12/2021;4 990;4 900;4 990;4 900;305;1 508 225;0.00%
22/12/2021;5 100;4 985;5 100;4 985;1 756;8 854 630;2.20%
23/12/2021;5 100;5 095;5 100;5 095;50 601;257 938 598;0.00%
24/12/2021;5 000;5 000;5 000;5 000;20;100 000;-1.96%
27/12/2021;5 000;4 900;5 000;4 900;59 218;293 129 100;0.00%
28/12/2021;5 300;4 980;5 300;4 980;1 702;8 748 280;6.00%
29/12/2021;5 285;5 200;5 285;5 200;1 210;6 343 425;-0.28%
30/12/2021;5 200;5 200;5 200;5 200;1 073;5 579 600;-1.61%
31/12/2021;5 000;5 090;5 090;5 000;350;1 765 750;-3.85%
03/01/2022;5 085;5 090;5 090;5 085;534;2 716 725;1.70%
04/01/2022;4 950;5 080;5 080;4 950;1 098;5 506 470;-2.65%
05/01/2022;5 000;4 950;5 000;4 950;120;597 000;1.01%
06/01/2022;4 995;4 955;4 995;4 955;11 484;57 132 900;-0.10%
07/01/2022;4 990;4 990;4 990;4 990;1 169;5 833 310;-0.10%
10/01/2022;4 990;4 990;4 990;4 990;7 300;36 427 000;0.00%
11/01/2022;4 985;4 985;4 985;4 985;185;922 225;-0.10%
12/01/2022;5 000;4 900;5 000;4 900;1 685;8 340 750;0.30%
13/01/2022;5 025;4 950;5 025;4 950;305;1 521 188;0.50%
14/01/2022;5 025;4 950;5 025;4 950;642;3 201 975;0.00%
17/01/2022;5 000;5 025;5 025;5 000;1 357;6 801 963;-0.50%
18/01/2022;5 000;5 025;5 025;5 000;1 440;7 218 000;0.00%
19/01/2022;5 000;4 960;5 000;4 960;13;64 740;0.00%
20/01/2022;5 000;5 000;5 000;5 000;55;275 000;0.00%
21/01/2022;5 195;5 000;5 195;5 000;5 961;30 386 198;3.90%
24/01/2022;5 195;5 000;5 195;5 000;124;632 090;0.00%
25/01/2022;4 930;5 000;5 000;4 930;705;3 500 325;-5.10%
26/01/2022;5 000;5 000;5 000;5 000;713;3 565 000;1.42%
27/01/2022;4 995;4 955;4 995;4 955;393;1 955 175;-0.10%
28/01/2022;4 950;4 950;4 950;4 950;409;2 024 550;-0.90%
31/01/2022;4 950;4 800;4 950;4 800;3 231;15 751 125;0.00%
01/02/2022;4 950;4 950;4 950;4 950;2 160;10 692 000;0.00%
02/02/2022;4 950;4 920;4 950;4 920;968;4 777 080;0.00%
03/02/2022;4 950;4 950;4 950;4 950;794;3 930 300;0.00%
04/02/2022;4 950;4 925;4 950;4 925;12 036;59 427 750;0.00%
07/02/2022;5 000;4 950;5 000;4 950;439;2 184 025;1.01%
08/02/2022;4 940;5 000;5 000;4 940;588;2 922 360;-1.20%
09/02/2022;4 950;4 950;4 950;4 950;39 013;193 114 350;0.20%
10/02/2022;5 020;5 000;5 020;5 000;1 533;7 680 330;1.41%
11/02/2022;5 180;5 000;5 180;5 000;721;3 669 890;3.19%
14/02/2022;5 120;5 180;5 180;5 120;1 120;5 768 000;-1.16%
15/02/2022;5 120;5 100;5 120;5 100;456;2 330 160;0.00%
16/02/2022;5 180;5 120;5 180;5 120;613;3 156 950;1.17%
17/02/2022;5 300;5 200;5 300;5 200;4 679;24 564 750;2.32%
18/02/2022;5 300;5 300;5 300;5 300;342;1 812 600;0.00%
21/02/2022;5 495;5 345;5 495;5 345;2 337;12 666 540;3.68%
22/02/2022;5 500;5 495;5 500;5 495;403;2 215 493;0.09%
23/02/2022;5 490;5 400;5 490;5 400;517;2 815 065;-0.18%
24/02/2022;5 500;5 400;5 500;5 400;1 586;8 643 700;0.18%
25/02/2022;5 485;5 490;5 490;5 485;373;2 046 838;-0.27%
28/02/2022;5 480;5 485;5 485;5 480;624;3 421 080;-0.09%
01/03/2022;5 445;5 400;5 445;5 400;1 093;5 926 793;-0.64%
02/03/2022;5 390;5 390;5 390;5 390;1 321;7 120 190;-1.01%
03/03/2022;5 485;5 390;5 485;5 390;2 119;11 522 063;1.76%
04/03/2022;5 485;5 485;5 485;5 485;270;1 480 950;0.00%
07/03/2022;5 490;5 495;5 495;5 490;1 067;5 860 498;0.09%
08/03/2022;5 495;5 485;5 495;5 485;967;5 308 830;0.09%
09/03/2022;5 490;5 490;5 490;5 490;320;1 756 800;-0.09%
10/03/2022;5 490;5 495;5 495;5 490;7 268;39 919 490;0.00%
11/03/2022;5 490;5 490;5 490;5 490;1 461;8 020 890;0.00%
14/03/2022;5 490;5 495;5 495;5 490;7 570;41 578 225;0.00%
15/03/2022;5 600;5 495;5 600;5 495;2 982;16 542 645;2.00%
16/03/2022;5 585;5 600;5 600;5 585;2 153;12 040 653;-0.27%
17/03/2022;5 500;5 505;5 505;5 500;2 723;14 983 308;-1.52%
18/03/2022;5 520;5 550;5 550;5 520;262;1 450 170;0.36%
21/03/2022;5 595;5 520;5 595;5 520;149;828 068;1.36%
22/03/2022;5 600;5 595;5 600;5 595;2 707;15 152 433;0.09%
23/03/2022;5 850;5 580;5 850;5 580;19 915;113 814 225;4.46%
24/03/2022;5 850;5 900;5 900;5 850;5 475;32 165 625;0.00%
25/03/2022;6 000;5 850;6 000;5 850;510;3 021 750;2.56%
28/03/2022;5 995;5 900;5 995;5 900;1 129;6 714 728;-0.08%
29/03/2022;5 990;5 995;5 995;5 990;581;3 481 643;-0.08%
30/03/2022;5 990;5 990;5 990;5 990;7 046;42 205 540;0.00%
31/03/2022;6 100;6 000;6 100;6 000;912;5 517 600;1.84%
01/04/2022;5 995;6 005;6 005;5 995;10 105;60 630 000;-1.72%
04/04/2022;5 855;5 855;5 855;5 855;3 133;18 343 715;-2.34%
05/04/2022;5 900;5 855;5 900;5 855;1 710;10 050 525;0.77%
06/04/2022;5 900;5 900;5 900;5 900;850;5 015 000;0.00%
07/04/2022;6 000;5 900;6 000;5 900;904;5 378 800;1.69%
08/04/2022;6 000;6 050;6 050;6 000;2 084;12 556 100;0.00%
11/04/2022;5 950;5 990;5 990;5 950;753;4 495 410;-0.83%
12/04/2022;5 990;5 950;5 990;5 950;2 009;11 993 730;0.67%
13/04/2022;5 910;5 910;5 910;5 910;348;2 056 680;-1.34%
14/04/2022;5 915;5 910;5 915;5 910;870;5 143 875;0.08%
15/04/2022;5 990;5 990;5 990;5 990;75;449 250;1.27%
19/04/2022;5 990;5 990;5 990;5 990;2 836;16 987 640;0.00%
20/04/2022;5 980;5 990;5 990;5 980;3 565;21 336 525;-0.17%
21/04/2022;5 990;5 980;5 990;5 980;8 938;53 493 930;0.17%
22/04/2022;5 990;5 990;5 990;5 990;6 864;41 115 360;0.00%
25/04/2022;5 985;5 985;5 985;5 985;3 355;20 079 675;-0.08%
26/04/2022;5 990;5 950;5 990;5 950;742;4 429 740;0.08%
27/04/2022;5 990;5 990;5 990;5 990;28 360;169 876 400;0.00%
28/04/2022;5 990;5 990;5 990;5 990;28 360;169 876 400;0.00%
29/04/2022;5 985;5 990;5 990;5 985;12 481;74 729 988;-0.08%
02/05/2022;5 985;5 990;5 990;5 985;12 481;74 729 988;0.00%
03/05/2022;6 125;6 100;6 125;6 100;18 027;110 190 038;2.34%
04/05/2022;6 015;6 000;6 015;6 000;3 801;22 834 508;-1.80%
05/05/2022;6 100;6 015;6 100;6 015;8 679;52 573 043;1.41%
06/05/2022;6 150;6 200;6 200;6 150;8 233;50 838 775;0.82%
09/05/2022;6 145;6 145;6 145;6 145;1 523;9 358 835;-0.08%
10/05/2022;6 150;6 145;6 150;6 145;6 292;38 680 070;0.08%
11/05/2022;6 490;6 150;6 490;6 150;8 120;51 318 400;5.53%
12/05/2022;6 500;6 500;6 500;6 500;5 051;32 831 500;0.15%
13/05/2022;6 950;6 850;6 950;6 850;1 585;10 936 500;6.92%
16/05/2022;6 895;7 095;7 095;6 895;2 621;18 333 895;-0.79%
17/05/2022;6 730;6 850;6 850;6 730;4 778;32 442 620;-2.39%
18/05/2022;6 600;6 700;6 700;6 600;6 928;46 071 200;-1.93%
19/05/2022;6 605;6 605;6 605;6 605;1 785;11 789 925;0.08%
20/05/2022;6 605;6 650;6 650;6 605;2 792;18 503 980;0.00%
23/05/2022;6 600;6 600;6 600;6 600;3 007;19 846 200;-0.08%
24/05/2022;6 590;6 500;6 590;6 500;794;5 196 730;-0.15%
25/05/2022;6 560;6 570;6 570;6 560;861;5 652 465;-0.46%
26/05/2022;6 560;6 570;6 570;6 560;861;5 652 465;0.00%
27/05/2022;6 590;6 500;6 590;6 500;1 932;12 644 940;0.46%
30/05/2022;6 590;6 590;6 590;6 590;845;5 568 550;0.00%
31/05/2022;6 590;6 565;6 590;6 565;724;4 762 110;0.00%
01/06/2022;6 590;6 590;6 590;6 590;1 698;11 189 820;0.00%
02/06/2022;6 600;6 600;6 600;6 600;1 245;8 217 000;0.15%
03/06/2022;6 590;6 600;6 600;6 590;310;2 044 450;-0.15%
06/06/2022;6 590;6 600;6 600;6 590;310;2 044 450;0.00%
07/06/2022;6 500;6 590;6 590;6 500;254;1 662 430;-1.37%
08/06/2022;6 500;6 450;6 500;6 450;698;4 519 550;0.00%
09/06/2022;6 500;6 500;6 500;6 500;10 698;69 537 000;0.00%
10/06/2022;6 500;6 600;6 600;6 500;198;1 296 900;0.00%
13/06/2022;6 600;6 500;6 600;6 500;69;451 950;1.54%
14/06/2022;6 500;6 500;6 500;6 500;453;2 944 500;-1.52%
15/06/2022;6 500;6 500;6 500;6 500;1 807;11 745 500;0.00%
16/06/2022;6 505;6 505;6 505;6 505;2 257;14 681 785;0.08%
17/06/2022;6 600;6 600;6 600;6 600;3 220;21 252 000;1.46%
20/06/2022;6 550;6 590;6 590;6 550;67;440 190;-0.76%
21/06/2022;6 590;6 510;6 590;6 510;227;1 486 850;0.61%
22/06/2022;6 600;6 590;6 600;6 590;582;3 838 290;0.15%
23/06/2022;6 500;6 595;6 595;6 500;445;2 913 638;-1.52%
24/06/2022;6 595;6 500;6 595;6 500;1 029;6 737 378;1.46%
27/06/2022;6 500;6 595;6 595;6 500;400;2 619 000;-1.44%
28/06/2022;6 600;6 500;6 600;6 500;608;3 982 400;1.54%
29/06/2022;6 500;6 500;6 500;6 500;518;3 367 000;-1.52%
30/06/2022;6 505;6 500;6 505;6 500;1 256;8 167 140;0.08%
01/07/2022;6 500;6 500;6 500;6 500;35;227 500;-0.08%
04/07/2022;6 500;6 500;6 500;6 500;216;1 404 000;0.00%
05/07/2022;6 500;6 500;6 500;6 500;981;6 376 500;0.00%
06/07/2022;6 400;6 500;6 500;6 400;85;548 250;-1.54%
07/07/2022;6 450;6 490;6 490;6 450;221;1 429 870;0.78%
08/07/2022;6 450;6 450;6 450;6 450;546;3 521 700;0.00%
11/07/2022;6 440;6 440;6 440;6 440;210;1 352 400;-0.16%
12/07/2022;6 450;6 440;6 450;6 440;312;2 010 840;0.16%
13/07/2022;6 500;6 500;6 500;6 500;1 810;11 765 000;0.78%
14/07/2022;6 460;6 500;6 500;6 460;1 367;8 858 160;-0.62%
15/07/2022;6 450;6 460;6 460;6 450;905;5 841 775;-0.15%
18/07/2022;6 500;6 450;6 500;6 450;737;4 772 075;0.78%
19/07/2022;6 300;6 300;6 300;6 300;80;504 000;-3.08%
20/07/2022;6 300;6 300;6 300;6 300;613;3 861 900;0.00%
21/07/2022;6 270;6 150;6 270;6 150;177;1 099 170;-0.48%
22/07/2022;6 100;6 100;6 100;6 100;1 053;6 423 300;-2.71%
25/07/2022;6 000;6 100;6 100;6 000;2 440;14 762 000;-1.64%
26/07/2022;6 000;6 000;6 000;6 000;2 125;12 750 000;0.00%
27/07/2022;6 100;6 000;6 100;6 000;2 587;15 651 350;1.67%
28/07/2022;5 910;5 900;5 910;5 900;271;1 600 255;-3.11%
29/07/2022;5 915;5 910;5 915;5 910;419;2 477 338;0.08%
01/08/2022;6 000;5 915;6 000;5 915;273;1 626 398;1.44%
02/08/2022;6 000;5 995;6 000;5 995;317;1 901 208;0.00%
03/08/2022;6 000;6 000;6 000;6 000;1 025;6 150 000;0.00%
04/08/2022;5 955;6 000;6 000;5 955;269;1 607 948;-0.75%
05/08/2022;5 955;5 950;5 955;5 950;4 152;24 714 780;0.00%
08/08/2022;5 955;5 950;5 955;5 950;4 152;24 714 780;0.00%
09/08/2022;5 910;5 915;5 915;5 910;624;3 689 400;-0.76%
10/08/2022;6 000;5 975;6 000;5 975;181;1 083 738;1.52%
11/08/2022;5 955;5 995;5 995;5 955;818;4 887 550;-0.75%
12/08/2022;6 000;5 955;6 000;5 955;924;5 523 210;0.76%
15/08/2022;6 000;5 955;6 000;5 955;924;5 523 210;0.00%
16/08/2022;6 000;5 955;6 000;5 955;1 105;6 605 138;0.00%
17/08/2022;5 955;5 955;5 955;5 955;977;5 818 035;-0.75%
18/08/2022;5 955;5 995;5 995;5 955;512;3 059 200;0.00%
19/08/2022;5 990;5 955;5 990;5 955;444;2 651 790;0.59%
22/08/2022;5 920;5 950;5 950;5 920;829;4 920 115;-1.17%
23/08/2022;5 995;5 910;5 995;5 910;441;2 625 053;1.27%
24/08/2022;5 930;5 995;5 995;5 930;252;1 502 550;-1.08%
25/08/2022;6 000;5 930;6 000;5 930;94;560 710;1.18%
26/08/2022;5 980;5 915;5 980;5 915;153;909 968;-0.33%
29/08/2022;5 950;5 915;5 950;5 915;189;1 121 243;-0.50%
30/08/2022;5 950;5 950;5 950;5 950;826;4 914 700;0.00%
31/08/2022;5 915;5 950;5 950;5 915;1 368;8 115 660;-0.59%
01/09/2022;5 900;5 950;5 950;5 900;442;2 618 850;-0.25%
02/09/2022;5 865;5 900;5 900;5 865;1 160;6 823 700;-0.59%
05/09/2022;5 600;5 890;5 890;5 600;1 024;5 882 880;-4.52%
06/09/2022;5 490;5 840;5 840;5 490;1 582;8 962 030;-1.96%
07/09/2022;5 490;5 490;5 490;5 490;390;2 141 100;0.00%
08/09/2022;5 700;5 500;5 700;5 500;1 683;9 424 800;3.83%
09/09/2022;5 700;5 700;5 700;5 700;147;837 900;0.00%
12/09/2022;5 800;5 695;5 800;5 695;209;1 201 228;1.75%
13/09/2022;5 900;5 695;5 900;5 695;953;5 525 018;1.72%
14/09/2022;5 945;5 895;5 945;5 895;982;5 813 440;0.76%
15/09/2022;5 945;5 900;5 945;5 900;301;1 782 673;0.00%
16/09/2022;6 000;5 900;6 000;5 900;7 616;45 315 200;0.93%
19/09/2022;5 990;6 000;6 000;5 990;1 136;6 810 320;-0.17%
20/09/2022;5 990;5 950;5 990;5 950;130;776 100;0.00%
21/09/2022;5 990;5 990;5 990;5 990;18 464;110 599 360;0.00%
22/09/2022;5 995;5 980;5 995;5 980;18 186;108 888 675;0.08%
23/09/2022;6 100;5 990;6 100;5 990;16 264;98 315 880;1.75%
26/09/2022;6 000;6 050;6 050;6 000;2 659;16 020 475;-1.64%
27/09/2022;6 100;5 980;6 100;5 980;754;4 554 160;1.67%
28/09/2022;6 450;6 100;6 450;6 100;7 421;46 566 775;5.74%
29/09/2022;6 400;6 450;6 450;6 400;6 580;42 276 500;-0.78%
30/09/2022;6 350;6 400;6 400;6 350;2 639;16 823 625;-0.78%
03/10/2022;6 100;6 350;6 350;6 100;167;1 039 575;-3.94%
04/10/2022;6 150;5 705;6 150;5 705;2 083;12 346 983;0.82%
05/10/2022;6 100;6 100;6 100;6 100;4 184;25 522 400;-0.81%
06/10/2022;6 100;6 090;6 100;6 090;475;2 895 125;0.00%
07/10/2022;6 000;6 000;6 000;6 000;6 097;36 582 000;-1.64%
10/10/2022;5 995;5 900;5 995;5 900;7 765;46 182 338;-0.08%
11/10/2022;5 955;5 755;5 955;5 755;825;4 830 375;-0.67%
12/10/2022;5 900;6 000;6 000;5 900;3 363;20 009 850;-0.92%
13/10/2022;5 900;5 900;5 900;5 900;310;1 829 000;0.00%
14/10/2022;5 900;5 850;5 900;5 850;387;2 273 625;0.00%
17/10/2022;6 100;5 900;6 100;5 900;1 526;9 156 000;3.39%
18/10/2022;6 005;5 875;6 005;5 875;372;2 209 680;-1.56%
19/10/2022;5 995;5 700;5 995;5 700;206;1 204 585;-0.17%
20/10/2022;6 125;5 900;6 125;5 900;1 668;10 028 850;2.17%
21/10/2022;6 125;6 000;6 125;6 000;1 196;7 250 750;0.00%
24/10/2022;6 100;6 005;6 100;6 005;241;1 458 653;-0.41%
25/10/2022;6 100;6 000;6 100;6 000;74;447 700;0.00%
26/10/2022;6 100;6 050;6 100;6 050;2 545;15 460 875;0.00%
27/10/2022;6 095;5 715;6 095;5 715;294;1 736 070;-0.08%
28/10/2022;6 095;6 095;6 095;6 095;223;1 359 185;0.00%
31/10/2022;6 095;6 095;6 095;6 095;223;1 359 185;0.00%
01/11/2022;6 095;5 900;6 095;5 900;73;437 818;0.00%
02/11/2022;5 950;6 080;6 080;5 950;208;1 251 120;-2.38%
03/11/2022;6 070;5 715;6 070;5 715;759;4 472 408;2.02%
04/11/2022;5 990;6 000;6 000;5 990;202;1 210 990;-1.32%
07/11/2022;6 045;5 900;6 045;5 900;854;5 100 515;0.92%
08/11/2022;5 900;6 045;6 045;5 900;352;2 102 320;-2.40%
09/11/2022;5 900;5 895;5 900;5 895;1 210;7 135 975;0.00%
10/11/2022;5 990;5 800;5 990;5 800;4 810;28 354 950;1.53%
11/11/2022;5 700;5 755;5 755;5 700;445;2 548 738;-4.84%
14/11/2022;5 310;5 700;5 700;5 310;41;225 705;-6.84%
15/11/2022;5 310;5 700;5 700;5 310;41;225 705;0.00%
16/11/2022;5 440;5 500;5 500;5 440;584;3 194 480;2.45%
17/11/2022;5 425;5 435;5 435;5 425;1 650;8 959 500;-0.28%
18/11/2022;5 435;5 425;5 435;5 425;249;1 352 070;0.18%
21/11/2022;5 500;5 435;5 500;5 435;637;3 482 798;1.20%
22/11/2022;5 700;5 500;5 700;5 500;1 397;7 823 200;3.64%
23/11/2022;5 700;5 700;5 700;5 700;1 236;7 045 200;0.00%
24/11/2022;5 700;5 695;5 700;5 695;32;182 320;0.00%
25/11/2022;5 700;5 700;5 700;5 700;111;632 700;0.00%
28/11/2022;5 600;5 600;5 600;5 600;1 247;6 983 200;-1.75%
29/11/2022;5 680;5 600;5 680;5 600;2 052;11 573 280;1.43%
30/11/2022;5 680;5 600;5 680;5 600;2 052;11 573 280;0.00%
01/12/2022;5 680;5 600;5 680;5 600;2 052;11 573 280;0.00%
02/12/2022;5 600;5 680;5 680;5 600;133;750 120;-1.41%
05/12/2022;5 685;5 390;5 685;5 390;428;2 370 050;1.52%
06/12/2022;5 685;5 685;5 685;5 685;59;335 415;0.00%
07/12/2022;5 700;5 700;5 700;5 700;3 475;19 807 500;0.26%
08/12/2022;5 700;5 700;5 700;5 700;3 475;19 807 500;0.00%
09/12/2022;5 695;5 695;5 695;5 695;784;4 464 880;-0.09%
12/12/2022;5 695;5 695;5 695;5 695;135;768 825;0.00%
13/12/2022;5 680;5 680;5 680;5 680;272;1 544 960;-0.26%
14/12/2022;5 680;5 680;5 680;5 680;71;403 280;0.00%
15/12/2022;5 680;5 435;5 680;5 435;1 269;7 052 468;0.00%
16/12/2022;5 680;5 335;5 680;5 335;1 059;5 832 443;0.00%
19/12/2022;5 680;5 680;5 680;5 680;30;170 400;0.00%
20/12/2022;5 675;5 500;5 675;5 500;130;726 375;-0.09%
21/12/2022;5 675;5 280;5 675;5 280;2 122;11 623 255;0.00%
22/12/2022;5 675;5 400;5 675;5 400;5 471;30 295 663;0.00%
23/12/2022;5 675;5 675;5 675;5 675;165;936 375;0.00%
26/12/2022;5 675;5 675;5 675;5 675;165;936 375;0.00%
27/12/2022;5 670;5 675;5 675;5 670;569;3 227 653;-0.09%
28/12/2022;5 675;5 670;5 675;5 670;5 597;31 748 983;0.09%
29/12/2022;5 675;5 600;5 675;5 600;5 163;29 106 413;0.00%
30/12/2022;5 670;5 675;5 675;5 670;500;2 836 250;-0.09%
02/01/2023;5 670;5 675;5 675;5 670;500;2 836 250;0.00%
03/01/2023;5 670;5 665;5 670;5 665;2 717;15 398 598;0.00%
04/01/2023;5 255;5 500;5 500;5 255;58;311 895;-7.32%
05/01/2023;5 500;5 305;5 500;5 305;6 605;35 683 513;4.66%
06/01/2023;5 400;5 700;5 700;5 400;804;4 462 200;-1.82%
09/01/2023;5 405;5 405;5 405;5 405;1 707;9 226 335;0.09%
10/01/2023;5 405;5 405;5 405;5 405;1 190;6 431 950;0.00%
11/01/2023;5 400;5 405;5 405;5 400;1 348;7 282 570;-0.09%
12/01/2023;5 400;5 400;5 400;5 400;267;1 441 800;0.00%
13/01/2023;5 400;5 400;5 400;5 400;16 234;87 663 600;0.00%
16/01/2023;5 390;5 400;5 400;5 390;177;954 915;-0.19%
17/01/2023;5 390;5 390;5 390;5 390;2 701;14 558 390;0.00%
18/01/2023;5 350;5 390;5 390;5 350;213;1 143 810;-0.74%
19/01/2023;5 750;5 350;5 750;5 350;1 543;8 563 650;7.48%
20/01/2023;5 750;5 350;5 750;5 350;1 543;8 563 650;0.00%
23/01/2023;5 740;5 350;5 740;5 350;2 354;13 052 930;-0.17%
24/01/2023;5 680;5 700;5 700;5 680;5 560;31 636 400;-1.05%
25/01/2023;5 500;5 400;5 500;5 400;675;3 678 750;-3.17%
26/01/2023;5 680;5 610;5 680;5 610;63;355 635;3.27%
27/01/2023;5 300;5 680;5 680;5 300;3 953;21 701 970;-6.69%
30/01/2023;5 475;5 475;5 475;5 475;239;1 308 525;3.30%
31/01/2023;5 740;5 475;5 740;5 475;308;1 727 110;4.84%
01/02/2023;5 700;5 750;5 750;5 700;3 656;20 930 600;-0.70%
02/02/2023;5 700;5 355;5 700;5 355;121;668 828;0.00%
03/02/2023;5 700;5 700;5 700;5 700;124;706 800;0.00%
06/02/2023;5 695;5 700;5 700;5 695;535;3 048 163;-0.09%
07/02/2023;5 690;5 690;5 690;5 690;584;3 322 960;-0.09%
08/02/2023;5 690;5 690;5 690;5 690;109;620 210;0.00%
09/02/2023;5 690;5 555;5 690;5 555;365;2 052 213;0.00%
10/02/2023;5 685;5 690;5 690;5 685;70;398 125;-0.09%
13/02/2023;5 680;5 690;5 690;5 680;393;2 234 205;-0.09%
14/02/2023;5 700;5 685;5 700;5 685;1 727;9 830 948;0.35%
15/02/2023;5 680;5 695;5 695;5 680;250;1 421 875;-0.35%
16/02/2023;5 800;5 680;5 800;5 680;1 925;11 049 500;2.11%
17/02/2023;5 600;5 600;5 600;5 600;891;4 989 600;-3.45%
20/02/2023;5 600;5 600;5 600;5 600;205;1 148 000;0.00%
21/02/2023;5 600;5 600;5 600;5 600;796;4 457 600;0.00%
22/02/2023;5 595;5 600;5 600;5 595;326;1 824 785;-0.09%
23/02/2023;5 595;5 600;5 600;5 595;380;2 127 050;0.00%
24/02/2023;5 750;5 600;5 750;5 600;2 850;16 173 750;2.77%
27/02/2023;5 695;5 600;5 695;5 600;722;4 077 495;-0.96%
28/02/2023;5 695;5 695;5 695;5 695;888;5 057 160;0.00%
01/03/2023;5 690;5 695;5 695;5 690;217;1 235 273;-0.09%
02/03/2023;5 690;5 690;5 690;5 690;247;1 405 430;0.00%
03/03/2023;5 690;5 690;5 690;5 690;76;432 440;0.00%
06/03/2023;5 690;5 600;5 690;5 600;206;1 162 870;0.00%
07/03/2023;5 690;5 690;5 690;5 690;326;1 854 940;0.00%
08/03/2023;5 690;5 690;5 690;5 690;130;739 700;0.00%
09/03/2023;5 690;5 690;5 690;5 690;900;5 121 000;0.00%
10/03/2023;5 795;5 580;5 795;5 580;3 131;17 807 563;1.85%
13/03/2023;5 780;5 500;5 780;5 500;375;2 115 000;-0.26%
14/03/2023;5 780;5 790;5 790;5 780;614;3 551 990;0.00%
15/03/2023;5 775;5 785;5 785;5 775;210;1 213 800;-0.09%
16/03/2023;5 700;5 775;5 775;5 700;98;562 275;-1.30%
17/03/2023;5 695;5 695;5 695;5 695;151;859 945;-0.09%
20/03/2023;5 690;5 400;5 690;5 400;592;3 282 640;-0.09%
21/03/2023;5 675;5 690;5 690;5 675;65;369 363;-0.26%
22/03/2023;5 670;5 675;5 675;5 670;207;1 174 208;-0.09%
23/03/2023;5 700;5 670;5 700;5 670;2 125;12 080 625;0.53%
24/03/2023;5 650;5 650;5 650;5 650;205;1 158 250;-0.88%
27/03/2023;5 625;5 625;5 625;5 625;122;686 250;-0.44%
28/03/2023;5 410;5 410;5 410;5 410;1 425;7 709 250;-3.82%
29/03/2023;5 780;5 425;5 780;5 425;1 123;6 291 608;6.84%
30/03/2023;5 600;5 780;5 780;5 600;786;4 472 340;-3.11%
31/03/2023;5 400;5 780;5 780;5 400;1 021;5 707 390;-3.57%
03/04/2023;5 580;5 325;5 580;5 325;6 808;37 120 620;3.33%
04/04/2023;5 580;5 400;5 580;5 400;296;1 625 040;0.00%
05/04/2023;5 580;5 580;5 580;5 580;90;502 200;0.00%
06/04/2023;5 590;5 410;5 590;5 410;283;1 556 500;0.18%
07/04/2023;5 500;5 510;5 510;5 500;8;44 040;-1.61%
10/04/2023;5 500;5 510;5 510;5 500;8;44 040;0.00%
11/04/2023;5 590;5 590;5 590;5 590;1 068;5 970 120;1.64%
12/04/2023;5 500;5 500;5 500;5 500;178;979 000;-1.61%
13/04/2023;5 495;5 500;5 500;5 495;292;1 605 270;-0.09%
14/04/2023;5 495;5 400;5 495;5 400;293;1 596 118;0.00%
17/04/2023;5 495;5 300;5 495;5 300;114;615 315;0.00%
18/04/2023;5 495;5 300;5 495;5 300;114;615 315;0.00%
19/04/2023;5 495;5 495;5 495;5 495;543;2 983 785;0.00%
20/04/2023;5 495;5 400;5 495;5 400;1 853;10 094 218;0.00%
21/04/2023;5 495;5 400;5 495;5 400;1 853;10 094 218;0.00%
24/04/2023;5 380;5 390;5 390;5 380;130;700 050;-2.09%
25/04/2023;5 495;5 380;5 495;5 380;10 421;56 664 188;2.14%
26/04/2023;5 495;5 495;5 495;5 495;4 195;23 051 525;0.00%
27/04/2023;5 400;5 500;5 500;5 400;779;4 245 550;-1.73%
28/04/2023;5 400;5 400;5 400;5 400;30;162 000;0.00%
01/05/2023;5 400;5 400;5 400;5 400;30;162 000;0.00%
02/05/2023;5 400;5 390;5 400;5 390;450;2 427 750;0.00%
03/05/2023;5 400;5 390;5 400;5 390;450;2 427 750;0.00%
04/05/2023;5 390;5 400;5 400;5 390;775;4 181 125;-0.19%
05/05/2023;5 400;5 400;5 400;5 400;2 356;12 722 400;0.19%
08/05/2023;5 370;5 400;5 400;5 370;157;845 445;-0.56%
09/05/2023;5 305;5 370;5 370;5 305;20;106 750;-1.21%
10/05/2023;4 910;4 910;4 910;4 910;477;2 342 070;-7.45%
11/05/2023;4 805;4 900;4 900;4 805;560;2 717 400;-2.14%
12/05/2023;4 600;4 795;4 795;4 600;4 667;21 923 233;-4.27%
15/05/2023;4 660;4 690;4 690;4 660;401;1 874 675;1.30%
16/05/2023;4 695;4 660;4 695;4 660;2 537;11 866 818;0.75%
17/05/2023;4 700;4 695;4 700;4 695;290;1 362 275;0.11%
18/05/2023;4 700;4 695;4 700;4 695;290;1 362 275;0.00%
19/05/2023;4 700;4 700;4 700;4 700;542;2 547 400;0.00%
22/05/2023;4 700;4 700;4 700;4 700;5 611;26 371 700;0.00%
23/05/2023;4 700;4 700;4 700;4 700;3 237;15 213 900;0.00%
24/05/2023;5 000;4 695;5 000;4 695;3 916;18 982 810;6.38%
25/05/2023;5 000;4 975;5 000;4 975;360;1 795 500;0.00%
26/05/2023;4 945;4 950;4 950;4 945;1 244;6 154 690;-1.10%
29/05/2023;4 945;4 950;4 950;4 945;1 244;6 154 690;0.00%
30/05/2023;5 280;4 995;5 280;4 995;46 857;240 727 838;6.77%
31/05/2023;5 270;5 250;5 270;5 250;975;5 128 500;-0.19%
01/06/2023;5 265;5 270;5 270;5 265;752;3 961 160;-0.09%
02/06/2023;5 245;5 260;5 260;5 245;258;1 355 145;-0.38%
05/06/2023;5 010;5 100;5 100;5 010;637;3 220 035;-4.48%
06/06/2023;5 000;5 015;5 015;5 000;1 144;5 728 580;-0.20%
07/06/2023;4 800;4 990;4 990;4 800;2 576;12 609 520;-4.00%
08/06/2023;4 995;4 800;4 995;4 800;315;1 542 713;4.06%
09/06/2023;4 900;4 995;4 995;4 900;922;4 561 595;-1.90%
12/06/2023;4 900;4 900;4 900;4 900;4 024;19 717 600;0.00%
13/06/2023;4 850;4 800;4 850;4 800;150;723 750;-1.02%
14/06/2023;4 850;4 850;4 850;4 850;144;698 400;0.00%
15/06/2023;4 850;4 800;4 850;4 800;602;2 904 650;0.00%
16/06/2023;4 830;4 850;4 850;4 830;110;532 400;-0.41%
19/06/2023;4 800;4 830;4 830;4 800;1 775;8 546 625;-0.62%
20/06/2023;4 830;4 800;4 830;4 800;1 045;5 031 675;0.63%
21/06/2023;4 800;4 800;4 800;4 800;500;2 400 000;-0.62%
22/06/2023;4 795;4 795;4 795;4 795;123;589 785;-0.10%
23/06/2023;4 795;4 720;4 795;4 720;1 965;9 348 488;0.00%
26/06/2023;4 795;4 795;4 795;4 795;299;1 433 705;0.00%
27/06/2023;4 800;4 795;4 800;4 795;1 387;6 654 133;0.10%
28/06/2023;4 800;4 795;4 800;4 795;1 387;6 654 133;0.00%
29/06/2023;4 795;4 800;4 800;4 795;220;1 055 450;-0.10%
30/06/2023;4 800;4 800;4 800;4 800;491;2 356 800;0.10%
03/07/2023;4 780;4 795;4 795;4 780;659;3 154 963;-0.42%
04/07/2023;4 780;4 780;4 780;4 780;6 399;30 587 220;0.00%
05/07/2023;4 775;4 780;4 780;4 775;7 760;37 073 400;-0.10%
06/07/2023;4 740;4 750;4 750;4 740;7 292;34 600 540;-0.73%
07/07/2023;4 730;4 780;4 780;4 730;9 928;47 207 640;-0.21%
10/07/2023;4 730;4 800;4 800;4 730;3 419;16 291 535;0.00%
11/07/2023;4 700;4 730;4 730;4 700;18 702;88 179 930;-0.63%
12/07/2023;4 350;4 600;4 600;4 350;22 638;101 305 050;-7.45%
13/07/2023;4 075;4 075;4 075;4 075;2 872;11 703 400;-6.32%
14/07/2023;4 250;4 150;4 250;4 150;1 970;8 274 000;4.29%
17/07/2023;4 245;4 200;4 245;4 200;553;2 335 043;-0.12%
18/07/2023;4 205;4 245;4 245;4 205;666;2 813 850;-0.94%
19/07/2023;4 150;4 205;4 205;4 150;1 203;5 025 533;-1.31%
20/07/2023;4 100;4 100;4 100;4 100;1 481;6 072 100;-1.20%
21/07/2023;4 195;4 100;4 195;4 100;6 781;28 124 198;2.32%
24/07/2023;4 075;4 100;4 100;4 075;2 035;8 318 063;-2.86%
25/07/2023;4 075;4 100;4 100;4 075;1 402;5 730 675;0.00%
26/07/2023;3 995;4 050;4 050;3 995;951;3 825 398;-1.96%
27/07/2023;3 935;4 000;4 000;3 935;1 304;5 173 620;-1.50%
28/07/2023;3 895;3 915;3 915;3 895;1 706;6 661 930;-1.02%
31/07/2023;3 890;3 900;3 900;3 890;4 204;16 374 580;-0.13%
01/08/2023;3 800;3 890;3 890;3 800;2 450;9 420 250;-2.31%
02/08/2023;3 600;3 800;3 800;3 600;1 142;4 225 400;-5.26%
03/08/2023;3 825;3 650;3 825;3 650;3 755;14 034 313;6.25%
04/08/2023;3 800;3 875;3 875;3 800;1 228;4 712 450;-0.65%
07/08/2023;3 800;3 875;3 875;3 800;1 228;4 712 450;0.00%
08/08/2023;3 825;3 845;3 845;3 825;360;1 380 600;0.66%
09/08/2023;3 825;3 795;3 825;3 795;1 327;5 055 870;0.00%
10/08/2023;3 800;3 800;3 800;3 800;1 597;6 068 600;-0.65%
11/08/2023;3 760;3 795;3 795;3 760;683;2 580 033;-1.05%
14/08/2023;3 780;3 765;3 780;3 765;818;3 085 905;0.53%
15/08/2023;3 780;3 765;3 780;3 765;818;3 085 905;0.00%
16/08/2023;3 780;3 780;3 780;3 780;560;2 116 800;0.00%
17/08/2023;3 890;3 780;3 890;3 780;7 273;27 891 955;2.91%
18/08/2023;3 805;3 890;3 890;3 805;8 481;32 630 648;-2.19%
21/08/2023;3 870;3 805;3 870;3 805;3 089;11 854 038;1.71%
22/08/2023;3 995;3 875;3 995;3 875;465;1 829 775;3.23%
23/08/2023;3 995;3 950;3 995;3 950;26;103 285;0.00%
24/08/2023;3 985;3 995;3 995;3 985;2 625;10 473 750;-0.25%
25/08/2023;3 985;3 985;3 985;3 985;155;617 675;0.00%
28/08/2023;3 985;3 985;3 985;3 985;2 542;10 129 870;0.00%
29/08/2023;3 870;3 980;3 980;3 870;2 199;8 631 075;-2.89%
30/08/2023;3 870;3 900;3 900;3 870;1 195;4 642 575;0.00%
31/08/2023;3 870;3 800;3 870;3 800;214;820 690;0.00%
01/09/2023;3 800;3 870;3 870;3 800;553;2 120 755;-1.81%
04/09/2023;3 750;3 800;3 800;3 750;96;362 400;-1.32%
05/09/2023;3 735;3 745;3 745;3 735;166;620 840;-0.40%
06/09/2023;3 730;3 730;3 730;3 730;471;1 756 830;-0.13%
07/09/2023;3 800;3 730;3 800;3 730;4 844;18 237 660;1.88%
08/09/2023;3 795;3 800;3 800;3 795;408;1 549 380;-0.13%
11/09/2023;3 725;3 790;3 790;3 725;2 991;11 238 683;-1.84%
12/09/2023;3 690;3 720;3 720;3 690;2 357;8 732 685;-0.94%
13/09/2023;3 670;3 690;3 690;3 670;403;1 483 040;-0.54%
14/09/2023;3 730;3 690;3 730;3 690;2 465;9 145 150;1.63%
15/09/2023;3 700;3 790;3 790;3 700;2 521;9 441 145;-0.80%
18/09/2023;3 695;3 700;3 700;3 695;9 343;34 545 743;-0.14%
19/09/2023;3 695;3 530;3 695;3 530;1 471;5 313 988;0.00%
20/09/2023;3 790;3 600;3 790;3 600;963;3 558 285;2.57%
21/09/2023;3 795;3 790;3 795;3 790;704;2 669 920;0.13%
22/09/2023;3 750;3 785;3 785;3 750;10 039;37 821 933;-1.19%
25/09/2023;3 750;3 700;3 750;3 700;1 844;6 868 900;0.00%
26/09/2023;3 480;3 750;3 750;3 480;4 357;15 750 555;-7.20%
27/09/2023;3 480;3 750;3 750;3 480;4 357;15 750 555;0.00%
28/09/2023;3 700;3 480;3 700;3 480;4 144;14 876 960;6.32%
29/09/2023;3 445;3 480;3 480;3 445;76;263 150;-6.89%
02/10/2023;3 695;3 500;3 695;3 500;1 302;4 683 945;7.26%
03/10/2023;3 700;3 700;3 700;3 700;5 922;21 911 400;0.14%
04/10/2023;3 500;3 695;3 695;3 500;3 301;11 875 348;-5.41%
05/10/2023;3 485;3 505;3 505;3 485;523;1 827 885;-0.43%
06/10/2023;3 480;3 500;3 500;3 480;704;2 456 960;-0.14%
09/10/2023;3 480;3 485;3 485;3 480;313;1 090 023;0.00%
10/10/2023;3 495;3 480;3 495;3 480;3 701;12 907 238;0.43%
11/10/2023;3 500;3 495;3 500;3 495;873;3 053 318;0.14%
12/10/2023;3 650;3 500;3 650;3 500;1 199;4 286 425;4.29%
13/10/2023;3 650;3 500;3 650;3 500;125;446 875;0.00%
16/10/2023;3 650;3 640;3 650;3 640;25 567;93 191 715;0.00%
17/10/2023;3 600;3 650;3 650;3 600;2 946;10 679 250;-1.37%
18/10/2023;3 600;3 600;3 600;3 600;1 678;6 040 800;0.00%
19/10/2023;3 650;3 650;3 650;3 650;17 663;64 469 950;1.39%
20/10/2023;3 650;3 650;3 650;3 650;1 207;4 405 550;0.00%
23/10/2023;3 750;3 780;3 780;3 750;216;813 240;2.74%
24/10/2023;3 750;3 750;3 750;3 750;251;941 250;0.00%
25/10/2023;3 695;3 700;3 700;3 695;304;1 124 040;-1.47%
26/10/2023;3 695;3 695;3 695;3 695;257;949 615;0.00%
27/10/2023;3 420;3 420;3 420;3 420;294;1 005 480;-7.44%
30/10/2023;3 165;3 300;3 300;3 165;2 187;7 069 478;-7.46%
31/10/2023;2 930;2 965;2 965;2 930;1 329;3 917 228;-7.42%
01/11/2023;2 930;2 965;2 965;2 930;1 329;3 917 228;0.00%
02/11/2023;2 930;2 930;2 930;2 930;519;1 520 670;0.00%
03/11/2023;2 800;2 930;2 930;2 800;2 891;8 282 715;-4.44%
06/11/2023;2 780;2 800;2 800;2 780;1 962;5 473 980;-0.71%
07/11/2023;2 770;2 770;2 770;2 770;5 854;16 215 580;-0.36%
08/11/2023;2 770;2 770;2 770;2 770;1 355;3 753 350;0.00%
09/11/2023;2 770;2 770;2 770;2 770;96;265 920;0.00%
10/11/2023;2 595;2 770;2 770;2 595;1 297;3 479 203;-6.32%
13/11/2023;2 770;2 600;2 770;2 600;3 454;9 273 990;6.74%
14/11/2023;2 770;2 760;2 770;2 760;4 684;12 951 260;0.00%
15/11/2023;2 770;2 760;2 770;2 760;4 684;12 951 260;0.00%
16/11/2023;2 700;2 720;2 720;2 700;1 060;2 872 600;-2.53%
17/11/2023;2 700;2 750;2 750;2 700;2 778;7 570 050;0.00%
20/11/2023;2 595;2 695;2 695;2 595;3 708;9 807 660;-3.89%
21/11/2023;2 600;2 595;2 600;2 595;1 058;2 748 155;0.19%
22/11/2023;2 600;2 600;2 600;2 600;2 038;5 298 800;0.00%
23/11/2023;2 600;2 600;2 600;2 600;565;1 469 000;0.00%
24/11/2023;2 600;2 600;2 600;2 600;634;1 648 400;0.00%
27/11/2023;2 605;2 600;2 605;2 600;18 751;48 799 478;0.19%
28/11/2023;2 600;2 600;2 600;2 600;3 215;8 359 000;-0.19%
29/11/2023;2 600;2 600;2 600;2 600;816;2 121 600;0.00%
30/11/2023;2 600;2 600;2 600;2 600;335;871 000;0.00%
01/12/2023;2 795;2 605;2 795;2 605;106;286 200;7.50%
04/12/2023;2 790;2 795;2 795;2 790;100;279 250;-0.18%
05/12/2023;2 760;2 785;2 785;2 760;1 212;3 360 270;-1.08%
06/12/2023;2 750;2 755;2 755;2 750;814;2 240 535;-0.36%
07/12/2023;2 670;2 700;2 700;2 670;543;1 457 955;-2.91%
08/12/2023;2 745;2 670;2 745;2 670;4 853;13 139 498;2.81%
11/12/2023;2 745;2 745;2 745;2 745;3 010;8 262 450;0.00%
12/12/2023;2 900;2 900;2 900;2 900;10 440;30 276 000;5.65%
13/12/2023;3 115;3 115;3 115;3 115;1 114;3 470 110;7.41%
14/12/2023;3 205;3 200;3 205;3 200;696;2 228 940;2.89%
15/12/2023;3 445;3 445;3 445;3 445;2 545;8 767 525;7.49%
18/12/2023;3 350;3 190;3 350;3 190;689;2 253 030;-2.76%
19/12/2023;3 600;3 350;3 600;3 350;1 709;5 938 775;7.46%
20/12/2023;3 395;3 440;3 440;3 395;195;666 413;-5.69%
21/12/2023;3 395;3 350;3 395;3 350;345;1 163 513;0.00%
22/12/2023;3 300;3 385;3 385;3 300;750;2 506 875;-2.80%
25/12/2023;3 300;3 385;3 385;3 300;750;2 506 875;0.00%
26/12/2023;3 300;3 300;3 300;3 300;383;1 263 900;0.00%
27/12/2023;3 300;3 300;3 300;3 300;355;1 171 500;0.00%
28/12/2023;3 260;3 170;3 260;3 170;10 447;33 587 105;-1.21%
29/12/2023;3 270;3 285;3 285;3 270;1 654;5 420 985;0.31%
01/01/2024;3 270;3 285;3 285;3 270;1 654;5 420 985;0.00%
02/01/2024;3 260;3 200;3 260;3 200;72;232 560;-0.31%
03/01/2024;3 250;3 260;3 260;3 250;284;924 420;-0.31%
04/01/2024;3 250;3 250;3 250;3 250;15 667;50 917 750;0.00%
05/01/2024;3 250;3 200;3 250;3 200;15 056;48 555 600;0.00%
08/01/2024;3 235;3 240;3 240;3 235;246;796 425;-0.46%
09/01/2024;3 200;3 200;3 200;3 200;535;1 712 000;-1.08%
10/01/2024;3 195;3 125;3 195;3 125;1 359;4 294 440;-0.16%
11/01/2024;3 195;3 195;3 195;3 195;99;316 305;0.00%
12/01/2024;3 240;3 195;3 240;3 195;10 315;33 188 513;1.41%
15/01/2024;3 200;3 025;3 200;3 025;565;1 758 563;-1.23%
16/01/2024;3 200;3 195;3 200;3 195;620;1 982 450;0.00%
17/01/2024;3 150;3 200;3 200;3 150;1 319;4 187 825;-1.56%
18/01/2024;3 200;3 150;3 200;3 150;842;2 673 350;1.59%
19/01/2024;3 180;3 200;3 200;3 180;38;121 220;-0.63%
22/01/2024;3 090;3 080;3 090;3 080;236;728 060;-2.83%
23/01/2024;3 095;3 090;3 095;3 090;372;1 150 410;0.16%
24/01/2024;3 095;3 100;3 100;3 095;1 314;4 070 115;0.00%
25/01/2024;3 080;3 095;3 095;3 080;565;1 744 438;-0.48%
26/01/2024;3 080;3 095;3 095;3 080;532;1 642 550;0.00%
29/01/2024;3 080;3 090;3 090;3 080;1 065;3 285 525;0.00%
30/01/2024;3 045;3 050;3 050;3 045;277;844 158;-1.14%
31/01/2024;3 030;3 045;3 045;3 030;111;337 163;-0.49%
01/02/2024;3 035;3 035;3 035;3 035;39;118 365;0.17%
02/02/2024;3 035;3 025;3 035;3 025;275;833 250;0.00%
05/02/2024;3 040;3 035;3 040;3 035;30;91 125;0.16%
06/02/2024;3 050;3 035;3 050;3 035;1 142;3 474 535;0.33%
07/02/2024;3 050;3 050;3 050;3 050;159;484 950;0.00%
08/02/2024;3 050;3 050;3 050;3 050;264;805 200;0.00%
09/02/2024;3 080;3 050;3 080;3 050;220;674 300;0.98%
12/02/2024;3 080;3 050;3 080;3 050;220;674 300;0.00%
13/02/2024;3 050;3 050;3 050;3 050;3 956;12 065 800;-0.97%
14/02/2024;3 050;3 050;3 050;3 050;1 454;4 434 700;0.00%
15/02/2024;3 200;3 050;3 200;3 050;1 068;3 337 500;4.92%
16/02/2024;3 200;3 195;3 200;3 195;162;517 995;0.00%
19/02/2024;3 200;3 100;3 200;3 100;10 048;31 651 200;0.00%
20/02/2024;3 195;3 200;3 200;3 195;357;1 141 508;-0.16%
21/02/2024;3 190;3 195;3 195;3 190;131;418 218;-0.16%
22/02/2024;3 195;3 050;3 195;3 050;1 242;3 878 145;0.16%
23/02/2024;3 190;3 190;3 190;3 190;610;1 945 900;-0.16%
26/02/2024;3 195;3 190;3 195;3 190;701;2 237 943;0.16%
27/02/2024;3 200;3 195;3 200;3 195;563;1 800 193;0.16%
28/02/2024;3 200;3 200;3 200;3 200;186;595 200;0.00%
29/02/2024;3 200;3 200;3 200;3 200;151;483 200;0.00%
01/03/2024;3 200;3 200;3 200;3 200;1 410;4 512 000;0.00%
04/03/2024;3 200;3 200;3 200;3 200;7 697;24 630 400;0.00%
05/03/2024;3 210;3 200;3 210;3 200;468;1 499 940;0.31%
06/03/2024;3 300;3 210;3 300;3 210;823;2 678 865;2.80%
07/03/2024;3 220;3 400;3 400;3 220;531;1 757 610;-2.42%
08/03/2024;3 300;3 220;3 300;3 220;12 152;39 615 520;2.48%
11/03/2024;3 305;3 300;3 305;3 300;431;1 423 378;0.15%
12/03/2024;3 305;3 300;3 305;3 300;3 234;10 680 285;0.00%
13/03/2024;3 305;3 210;3 305;3 210;1 418;4 619 135;0.00%
14/03/2024;3 370;3 370;3 370;3 370;37;124 690;1.97%
15/03/2024;3 500;3 380;3 500;3 380;71;244 240;3.86%
18/03/2024;3 760;3 760;3 760;3 760;136;511 360;7.43%
19/03/2024;4 000;3 740;4 000;3 740;298;1 153 260;6.38%
20/03/2024;3 890;3 890;3 890;3 890;1 032;4 014 480;-2.75%
21/03/2024;3 885;3 700;3 885;3 700;1 152;4 368 960;-0.13%
22/03/2024;3 700;3 800;3 800;3 700;703;2 636 250;-4.76%
25/03/2024;3 695;3 700;3 700;3 695;491;1 815 473;-0.14%
26/03/2024;3 650;3 500;3 650;3 500;1 900;6 792 500;-1.22%
27/03/2024;3 875;3 650;3 875;3 650;835;3 141 688;6.16%
28/03/2024;3 875;3 875;3 875;3 875;362;1 402 750;0.00%
29/03/2024;3 895;3 870;3 895;3 870;249;966 743;0.52%
01/04/2024;3 895;3 870;3 895;3 870;249;966 743;0.00%
02/04/2024;3 800;3 875;3 875;3 800;62;237 925;-2.44%
03/04/2024;3 885;3 800;3 885;3 800;1 048;4 026 940;2.24%
04/04/2024;3 895;3 885;3 895;3 885;122;474 580;0.26%
05/04/2024;3 700;3 800;3 800;3 700;351;1 316 250;-5.01%
08/04/2024;3 625;3 700;3 700;3 625;525;1 922 813;-2.03%
09/04/2024;3 755;3 750;3 755;3 750;1 227;4 604 318;3.59%
10/04/2024;3 755;3 750;3 755;3 750;1 227;4 604 318;0.00%
11/04/2024;3 770;3 790;3 790;3 770;373;1 409 940;0.40%
12/04/2024;3 600;3 550;3 600;3 550;931;3 328 325;-4.51%
15/04/2024;3 500;3 500;3 500;3 500;1 810;6 335 000;-2.78%
16/04/2024;3 500;3 500;3 500;3 500;5 004;17 514 000;0.00%
17/04/2024;3 500;3 500;3 500;3 500;752;2 632 000;0.00%
18/04/2024;3 500;3 490;3 500;3 490;130;454 350;0.00%
19/04/2024;3 420;3 495;3 495;3 420;600;2 074 500;-2.29%
22/04/2024;3 450;3 420;3 450;3 420;122;419 070;0.88%
23/04/2024;3 450;3 450;3 450;3 450;408;1 407 600;0.00%
24/04/2024;3 400;3 450;3 450;3 400;74;253 450;-1.45%
25/04/2024;3 400;3 370;3 400;3 370;352;1 191 520;0.00%
26/04/2024;3 400;3 380;3 400;3 380;795;2 695 050;0.00%
29/04/2024;3 350;3 350;3 350;3 350;162;542 700;-1.47%
30/04/2024;3 325;3 280;3 325;3 280;150;495 375;-0.75%
01/05/2024;3 325;3 280;3 325;3 280;150;495 375;0.00%
02/05/2024;3 200;3 340;3 340;3 200;3 738;12 223 260;-3.76%
03/05/2024;3 200;3 200;3 200;3 200;187;598 400;0.00%
06/05/2024;3 190;3 200;3 200;3 190;936;2 990 520;-0.31%
07/05/2024;3 195;3 190;3 195;3 190;356;1 136 530;0.16%
08/05/2024;3 200;3 195;3 200;3 195;5 671;18 133 023;0.16%
09/05/2024;3 200;3 195;3 200;3 195;5 671;18 133 023;0.00%
10/05/2024;2 970;3 190;3 190;2 970;294;905 520;-7.19%
13/05/2024;3 190;3 190;3 190;3 190;186;593 340;7.41%
14/05/2024;3 015;3 000;3 015;3 000;1 029;3 094 718;-5.49%
15/05/2024;3 200;3 190;3 200;3 190;101;322 695;6.14%
16/05/2024;3 200;3 100;3 200;3 100;131;412 650;0.00%
17/05/2024;3 200;3 195;3 200;3 195;2 196;7 021 710;0.00%
20/05/2024;3 200;3 195;3 200;3 195;2 196;7 021 710;0.00%
21/05/2024;3 150;3 195;3 195;3 150;5 436;17 245 710;-1.56%
22/05/2024;3 180;2 955;3 180;2 955;3 184;9 766 920;0.95%
23/05/2024;3 145;3 150;3 150;3 145;177;557 108;-1.10%
24/05/2024;3 145;3 145;3 145;3 145;2 421;7 614 045;0.00%
27/05/2024;3 140;3 145;3 145;3 140;7 585;23 835 863;-0.16%
28/05/2024;3 140;3 140;3 140;3 140;45;141 300;0.00%
29/05/2024;3 140;3 140;3 140;3 140;2 979;9 354 060;0.00%
30/05/2024;3 125;3 140;3 140;3 125;12 281;38 470 233;-0.48%
31/05/2024;3 125;3 125;3 125;3 125;319;996 875;0.00%
03/06/2024;3 125;3 125;3 125;3 125;344;1 075 000;0.00%
04/06/2024;3 115;3 120;3 120;3 115;3 863;12 042 903;-0.32%
05/06/2024;3 065;3 125;3 125;3 065;1 713;5 301 735;-1.61%
06/06/2024;3 185;3 065;3 185;3 065;5 188;16 212 500;3.92%
07/06/2024;3 395;3 185;3 395;3 185;5 714;18 799 060;6.59%
10/06/2024;3 600;3 145;3 600;3 145;709;2 391 103;6.04%
11/06/2024;3 585;3 500;3 585;3 500;291;1 030 868;-0.42%
12/06/2024;3 350;3 585;3 585;3 350;5 513;19 116 328;-6.56%
13/06/2024;3 580;3 495;3 580;3 495;12 211;43 196 413;6.87%
14/06/2024;3 580;3 495;3 580;3 495;62;219 325;0.00%
18/06/2024;3 500;3 575;3 575;3 500;1 811;6 406 413;-2.23%
19/06/2024;3 500;3 580;3 580;3 500;472;1 670 880;0.00%
20/06/2024;3 745;3 600;3 745;3 600;248;910 780;7.00%
21/06/2024;3 725;3 740;3 740;3 725;87;324 728;-0.53%
24/06/2024;3 725;3 450;3 725;3 450;647;2 321 113;0.00%
25/06/2024;3 700;3 525;3 700;3 525;4 066;14 688 425;-0.67%
26/06/2024;3 650;3 580;3 650;3 580;2 633;9 518 295;-1.35%
27/06/2024;3 600;3 650;3 650;3 600;1 330;4 821 250;-1.37%
28/06/2024;3 725;3 600;3 725;3 600;943;3 453 738;3.47%
01/07/2024;3 600;3 670;3 670;3 600;1 558;5 663 330;-3.36%
02/07/2024;3 600;3 650;3 650;3 600;796;2 885 500;0.00%
03/07/2024;3 700;3 640;3 700;3 640;189;693 630;2.78%
04/07/2024;3 700;3 700;3 700;3 700;144;532 800;0.00%
05/07/2024;3 700;3 700;3 700;3 700;556;2 057 200;0.00%
08/07/2024;3 750;3 700;3 750;3 700;4 857;18 092 325;1.35%
09/07/2024;3 875;3 800;3 875;3 800;5 734;22 004 225;3.33%
10/07/2024;3 875;3 750;3 875;3 750;3 261;12 432 563;0.00%
11/07/2024;3 885;3 875;3 885;3 875;770;2 987 600;0.26%
12/07/2024;3 870;3 875;3 875;3 870;29;112 303;-0.39%
15/07/2024;3 875;3 800;3 875;3 800;341;1 308 588;0.13%
16/07/2024;3 785;3 750;3 785;3 750;1 160;4 370 300;-2.32%
17/07/2024;3 785;3 785;3 785;3 785;183;692 655;0.00%
18/07/2024;3 790;3 785;3 790;3 785;843;3 192 863;0.13%
19/07/2024;3 790;3 860;3 860;3 790;1 373;5 251 725;0.00%
22/07/2024;3 800;3 800;3 800;3 800;442;1 679 600;0.26%
23/07/2024;3 800;3 790;3 800;3 790;985;3 738 075;0.00%
24/07/2024;3 860;3 800;3 860;3 800;1 197;4 584 510;1.58%
25/07/2024;3 860;3 860;3 860;3 860;177;683 220;0.00%
26/07/2024;3 875;3 860;3 875;3 860;1 899;7 344 383;0.39%
29/07/2024;3 850;3 850;3 850;3 850;1 231;4 739 350;-0.65%
30/07/2024;3 885;3 850;3 885;3 850;1 263;4 884 653;0.91%
31/07/2024;3 995;3 895;3 995;3 895;1 855;7 317 975;2.83%
01/08/2024;3 990;3 995;3 995;3 990;185;738 613;-0.13%
02/08/2024;3 850;3 985;3 985;3 850;2 123;8 316 853;-3.51%
05/08/2024;3 930;3 890;3 930;3 890;1 104;4 316 640;2.08%
06/08/2024;3 900;3 930;3 930;3 900;165;645 975;-0.76%
07/08/2024;3 900;3 930;3 930;3 900;165;645 975;0.00%
08/08/2024;3 850;3 900;3 900;3 850;1 255;4 863 125;-1.28%
09/08/2024;3 895;3 850;3 895;3 850;610;2 362 225;1.17%
12/08/2024;3 900;3 850;3 900;3 850;998;3 867 250;0.13%
13/08/2024;3 895;3 900;3 900;3 895;2 051;7 993 773;-0.13%
14/08/2024;3 860;3 850;3 860;3 850;1 571;6 056 205;-0.90%
15/08/2024;3 860;3 850;3 860;3 850;1 571;6 056 205;0.00%
16/08/2024;3 800;3 860;3 860;3 800;767;2 937 610;-1.55%
19/08/2024;3 860;3 800;3 860;3 800;1 726;6 610 580;1.58%
20/08/2024;3 850;3 860;3 860;3 850;227;875 085;-0.26%
21/08/2024;3 860;3 810;3 860;3 810;485;1 859 975;0.26%
22/08/2024;3 900;3 860;3 900;3 860;3 104;12 043 520;1.04%
23/08/2024;3 860;3 900;3 900;3 860;1 620;6 285 600;-1.03%
26/08/2024;3 895;3 900;3 900;3 895;3 170;12 355 075;0.91%
27/08/2024;3 900;3 870;3 900;3 870;849;3 298 365;0.13%
28/08/2024;3 900;3 900;3 900;3 900;687;2 679 300;0.00%
29/08/2024;3 710;3 860;3 860;3 710;1 814;6 865 990;-4.87%
30/08/2024;3 900;3 750;3 900;3 750;1 212;4 635 900;5.12%
02/09/2024;3 800;3 900;3 900;3 800;3 461;13 324 850;-2.56%
03/09/2024;3 795;3 750;3 795;3 750;179;675 278;-0.13%
04/09/2024;3 990;3 795;3 990;3 795;2 744;10 681 020;5.14%
05/09/2024;3 985;3 795;3 985;3 795;369;1 435 410;-0.13%
06/09/2024;3 980;3 795;3 980;3 795;33;128 288;-0.13%
09/09/2024;3 900;3 980;3 980;3 900;246;969 240;-2.01%
10/09/2024;3 990;3 900;3 990;3 900;21 026;82 947 570;2.31%
11/09/2024;3 990;3 980;3 990;3 980;539;2 147 915;0.00%
12/09/2024;3 985;3 990;3 990;3 985;103;410 713;-0.13%
13/09/2024;3 980;3 980;3 980;3 980;2 789;11 100 220;-0.13%
16/09/2024;3 970;3 750;3 970;3 750;63;243 180;-0.25%
17/09/2024;3 970;3 755;3 970;3 755;27;104 288;0.00%
18/09/2024;3 970;3 970;3 970;3 970;1 389;5 514 330;0.00%
19/09/2024;3 975;3 900;3 975;3 900;505;1 988 438;0.13%
20/09/2024;3 960;3 965;3 965;3 960;317;1 256 113;-0.38%
23/09/2024;3 960;3 960;3 960;3 960;165;653 400;0.00%
24/09/2024;3 940;3 950;3 950;3 940;153;603 585;-0.51%
25/09/2024;3 940;3 950;3 950;3 940;153;603 585;0.00%
26/09/2024;3 900;3 700;3 900;3 700;3 079;11 700 200;-1.02%
27/09/2024;3 920;3 900;3 920;3 900;167;652 970;0.51%
30/09/2024;3 935;3 920;3 935;3 920;131;514 503;0.38%
01/10/2024;3 940;3 800;3 940;3 800;949;3 672 630;0.13%
02/10/2024;3 940;3 950;3 950;3 940;975;3 846 375;0.00%
03/10/2024;3 960;3 895;3 960;3 895;18;70 695;0.51%
04/10/2024;3 800;3 830;3 830;3 800;4 421;16 866 115;-4.04%
07/10/2024;3 960;3 800;3 960;3 800;5 705;22 135 400;4.21%
08/10/2024;4 255;3 985;4 255;3 985;8 210;33 825 200;7.45%
09/10/2024;4 560;4 570;4 570;4 560;2 956;13 494 140;7.17%
10/10/2024;4 500;4 550;4 550;4 500;6 281;28 421 525;-1.32%
11/10/2024;4 490;4 495;4 495;4 490;2 026;9 101 805;-0.22%
14/10/2024;4 450;4 490;4 490;4 450;1 087;4 858 890;-0.89%
15/10/2024;4 400;4 400;4 400;4 400;1 924;8 465 600;-1.12%
16/10/2024;4 400;4 365;4 400;4 365;7 595;33 285 088;0.00%
17/10/2024;4 445;4 400;4 445;4 400;186;822 585;1.02%
18/10/2024;4 390;4 400;4 400;4 390;1 304;5 731 080;-1.24%
21/10/2024;4 320;4 390;4 390;4 320;4 425;19 270 875;-1.59%
22/10/2024;4 450;4 320;4 450;4 320;4 340;19 030 900;3.01%
23/10/2024;4 430;4 380;4 430;4 380;1 950;8 589 750;-0.45%
24/10/2024;4 400;4 430;4 430;4 400;105;463 575;-0.68%
25/10/2024;4 395;4 400;4 400;4 395;2 199;9 670 103;-0.11%
28/10/2024;4 385;4 395;4 395;4 385;775;3 402 250;-0.23%
29/10/2024;4 450;4 385;4 450;4 385;4 542;20 064 285;1.48%
30/10/2024;4 490;4 450;4 490;4 450;406;1 814 820;0.90%
31/10/2024;4 460;4 490;4 490;4 460;490;2 192 750;-0.67%
01/11/2024;4 460;4 490;4 490;4 460;490;2 192 750;0.00%
04/11/2024;4 790;4 460;4 790;4 460;2 190;10 128 750;7.40%
05/11/2024;4 600;4 700;4 700;4 600;1 737;8 077 050;-3.97%
06/11/2024;4 305;4 595;4 595;4 305;1 290;5 740 500;-6.41%
07/11/2024;4 315;4 305;4 315;4 305;2 685;11 572 350;0.23%
08/11/2024;4 500;4 330;4 500;4 330;5 825;25 717 375;4.29%
11/11/2024;4 450;4 355;4 450;4 355;3 196;14 070 390;-1.11%
12/11/2024;4 475;4 455;4 475;4 455;1 489;6 648 385;0.56%
13/11/2024;4 450;4 360;4 450;4 360;1 130;4 977 650;-0.56%
14/11/2024;4 200;4 450;4 450;4 200;4 024;17 403 800;-5.62%
15/11/2024;4 200;4 450;4 450;4 200;4 024;17 403 800;0.00%
18/11/2024;4 500;4 200;4 500;4 200;14 417;62 713 950;7.14%
19/11/2024;4 500;4 500;4 500;4 500;6 827;30 721 500;0.00%
20/11/2024;4 580;4 540;4 580;4 540;11 634;53 051 040;1.78%
21/11/2024;4 610;4 600;4 610;4 600;571;2 629 455;0.66%
22/11/2024;4 600;4 610;4 610;4 600;1 095;5 042 475;-0.22%
25/11/2024;4 590;4 600;4 600;4 590;1 604;7 370 380;-0.22%
26/11/2024;4 500;4 500;4 500;4 500;1 312;5 904 000;-1.96%
27/11/2024;4 500;4 400;4 500;4 400;1 431;6 367 950;0.00%
28/11/2024;4 690;4 500;4 690;4 500;1 762;8 096 390;4.22%
29/11/2024;4 640;4 650;4 650;4 640;2 325;10 799 625;-1.07%
02/12/2024;4 600;4 640;4 640;4 600;27;124 740;-0.86%
03/12/2024;4 595;4 595;4 595;4 595;4 721;21 692 995;-0.11%
04/12/2024;4 595;4 595;4 595;4 595;24;110 280;0.00%
05/12/2024;4 765;4 800;4 800;4 765;5 192;24 830 740;3.70%
06/12/2024;4 695;4 765;4 765;4 695;11 714;55 407 220;-1.47%
09/12/2024;4 690;4 650;4 690;4 650;703;3 283 010;-0.11%
10/12/2024;4 600;4 690;4 690;4 600;1 253;5 820 185;-1.92%
11/12/2024;4 690;4 680;4 690;4 680;568;2 661 080;1.96%
12/12/2024;4 600;4 690;4 690;4 600;30 357;141 008 265;-1.92%
13/12/2024;4 690;4 685;4 690;4 685;9 187;43 064 063;1.96%
16/12/2024;4 600;4 600;4 600;4 600;21 076;96 949 600;-1.92%
17/12/2024;4 500;4 500;4 500;4 500;10 949;49 270 500;-2.17%
18/12/2024;4 735;4 600;4 735;4 600;24 662;115 109 885;5.22%
19/12/2024;4 650;4 745;4 745;4 650;8 031;37 725 623;-1.80%
20/12/2024;4 650;4 705;4 705;4 650;248;1 160 020;0.00%
23/12/2024;4 620;4 625;4 625;4 620;3 697;17 089 383;-0.65%
24/12/2024;4 620;4 620;4 620;4 620;3;13 860;0.00%
25/12/2024;4 620;4 620;4 620;4 620;3;13 860;0.00%
26/12/2024;4 615;4 615;4 615;4 615;304;1 402 960;-0.11%
27/12/2024;4 600;4 600;4 600;4 600;373;1 715 800;-0.33%
30/12/2024;4 555;4 600;4 600;4 555;943;4 316 583;-0.98%
31/12/2024;4 610;4 555;4 610;4 555;4 453;20 405 873;1.21%
01/01/2025;4 610;4 555;4 610;4 555;4 453;20 405 873;0.00%
02/01/2025;4 615;4 615;4 615;4 615;81;373 815;0.11%
03/01/2025;4 610;4 610;4 610;4 610;353;1 627 330;-0.11%
06/01/2025;4 600;4 610;4 610;4 600;326;1 501 230;-0.22%
07/01/2025;4 555;4 600;4 600;4 555;1 568;7 177 520;-0.98%
08/01/2025;4 520;4 600;4 600;4 520;6 716;30 624 960;-0.77%
09/01/2025;4 595;4 520;4 595;4 520;213;970 748;1.66%
10/01/2025;4 595;4 600;4 600;4 595;547;2 514 833;0.00%
13/01/2025;4 415;4 520;4 520;4 415;287;1 282 173;-3.92%
14/01/2025;4 410;4 420;4 420;4 410;7 038;31 072 770;-0.11%
15/01/2025;4 450;4 380;4 450;4 380;809;3 571 735;0.91%
16/01/2025;4 420;4 400;4 420;4 400;1 303;5 746 230;-0.67%
17/01/2025;4 500;4 390;4 500;4 390;3 812;16 944 340;1.81%
20/01/2025;4 500;4 500;4 500;4 500;440;1 980 000;0.00%
21/01/2025;4 490;4 500;4 500;4 490;14 168;63 685 160;-0.22%
22/01/2025;4 400;4 410;4 410;4 400;1 234;5 435 770;-2.00%
23/01/2025;4 490;4 400;4 490;4 400;218;969 010;2.05%
24/01/2025;4 490;4 490;4 490;4 490;1 942;8 719 580;0.00%
27/01/2025;4 490;4 485;4 490;4 485;178;798 775;0.00%
28/01/2025;4 490;4 410;4 490;4 410;6 732;29 957 400;0.00%
29/01/2025;4 490;4 490;4 490;4 490;3 251;14 596 990;0.00%
30/01/2025;4 490;4 495;4 495;4 490;6 439;28 927 208;0.00%
31/01/2025;4 490;4 485;4 490;4 485;4 341;19 480 238;0.00%
03/02/2025;4 375;4 490;4 490;4 375;1 419;6 289 718;-2.56%
04/02/2025;4 480;4 490;4 490;4 480;703;3 152 955;2.40%
05/02/2025;4 700;4 480;4 700;4 480;3 456;15 863 040;4.91%
06/02/2025;4 700;4 700;4 700;4 700;488;2 293 600;0.00%
07/02/2025;4 700;4 700;4 700;4 700;4 811;22 611 700;0.00%
10/02/2025;4 700;4 750;4 750;4 700;332;1 568 700;0.00%
11/02/2025;4 700;4 700;4 700;4 700;423;1 988 100;0.00%
12/02/2025;4 700;4 700;4 700;4 700;13 457;63 247 900;0.00%
13/02/2025;4 700;4 700;4 700;4 700;8 084;37 994 800;0.00%
14/02/2025;4 700;4 740;4 740;4 700;4 392;20 730 240;0.00%
17/02/2025;4 700;4 710;4 710;4 700;2 852;13 418 660;0.00%
18/02/2025;4 710;4 700;4 710;4 700;9 515;44 768 075;0.21%
19/02/2025;4 710;4 710;4 710;4 710;1 128;5 312 880;0.00%
20/02/2025;4 750;4 710;4 750;4 710;1 366;6 461 180;0.85%
21/02/2025;4 925;4 750;4 925;4 750;5 206;25 184 025;3.68%
24/02/2025;4 925;4 925;4 925;4 925;226;1 113 050;0.00%
25/02/2025;4 925;4 925;4 925;4 925;1 649;8 121 325;0.00%
26/02/2025;4 925;4 950;4 950;4 925;19 184;94 721 000;0.00%
28/02/2025;4 900;4 900;4 900;4 900;662;3 243 800;-0.51%
03/03/2025;4 830;4 900;4 900;4 830;2 782;13 534 430;-1.43%
04/03/2025;4 950;4 830;4 950;4 830;140;684 600;2.48%
05/03/2025;4 995;4 950;4 995;4 950;742;3 689 595;0.91%
06/03/2025;4 990;4 990;4 990;4 990;1 518;7 574 820;-0.10%
07/03/2025;5 000;4 995;5 000;4 995;3 279;16 386 803;0.20%
10/03/2025;5 295;5 000;5 295;5 000;8 069;41 535 178;5.90%
11/03/2025;5 280;5 280;5 280;5 280;14 588;77 024 640;-0.28%
12/03/2025;5 280;5 275;5 280;5 275;402;2 121 555;0.00%
13/03/2025;5 000;5 290;5 290;5 000;4 628;23 811 060;-5.30%
14/03/2025;5 200;5 225;5 225;5 200;798;4 159 575;4.00%
17/03/2025;5 200;5 200;5 200;5 200;743;3 863 600;0.00%
18/03/2025;5 275;5 200;5 275;5 200;1 442;7 552 475;1.44%
19/03/2025;5 245;5 205;5 245;5 205;1 375;7 184 375;-0.57%
20/03/2025;5 400;5 295;5 400;5 295;2 051;10 967 723;2.96%
21/03/2025;5 440;5 410;5 440;5 410;16 674;90 456 450;0.74%
24/03/2025;5 400;5 460;5 460;5 400;3 837;20 834 910;-0.74%
25/03/2025;5 445;5 450;5 450;5 445;2 173;11 837 418;0.83%
26/03/2025;5 495;5 400;5 495;5 400;4 807;26 186 133;0.92%
27/03/2025;5 495;5 400;5 495;5 400;4 807;26 186 133;0.00%
28/03/2025;5 500;5 500;5 500;5 500;22 046;121 253 000;0.09%
31/03/2025;5 500;5 500;5 500;5 500;22 046;121 253 000;0.00%
01/04/2025;5 390;5 200;5 390;5 200;443;2 345 685;-2.00%
02/04/2025;5 400;5 400;5 400;5 400;2 166;11 696 400;0.19%
03/04/2025;5 550;5 400;5 550;5 400;9 739;53 321 025;2.78%
04/04/2025;5 700;5 550;5 700;5 550;4 241;23 855 625;2.70%
07/04/2025;5 445;5 450;5 450;5 445;6 960;37 914 600;-4.47%
08/04/2025;5 245;5 440;5 440;5 245;1 311;7 004 018;-3.67%
09/04/2025;4 980;4 855;4 980;4 855;5 350;26 308 625;-5.05%
10/04/2025;5 050;4 805;5 050;4 805;1 910;9 411 525;1.41%
11/04/2025;5 150;5 060;5 150;5 060;860;4 390 300;1.98%
14/04/2025;5 245;5 160;5 245;5 160;2 191;11 398 678;1.84%
15/04/2025;5 240;5 245;5 245;5 240;1 405;7 365 713;-0.10%
16/04/2025;5 300;5 240;5 300;5 240;562;2 961 740;1.15%
17/04/2025;5 330;5 330;5 330;5 330;3 338;17 791 540;0.57%
18/04/2025;5 330;5 330;5 330;5 330;276;1 471 080;0.00%
21/04/2025;5 330;5 330;5 330;5 330;276;1 471 080;0.00%
22/04/2025;5 520;5 490;5 520;5 490;6 999;38 529 495;3.56%
23/04/2025;5 495;5 520;5 520;5 495;7 555;41 609 163;-0.45%
24/04/2025;5 500;5 490;5 500;5 490;2 913;16 006 935;0.09%
25/04/2025;5 910;5 910;5 910;5 910;15 091;89 187 810;7.45%
28/04/2025;6 045;6 350;6 350;6 045;23 312;144 476 120;2.28%
29/04/2025;5 995;6 145;6 145;5 995;9 874;59 935 180;-0.83%
30/04/2025;5 945;5 995;5 995;5 945;8 209;49 007 730;-0.83%
01/05/2025;5 945;5 995;5 995;5 945;8 209;49 007 730;0.00%
02/05/2025;6 100;6 145;6 145;6 100;9 986;61 139 285;2.61%
05/05/2025;6 095;6 100;6 100;6 095;3 425;20 883 938;-0.08%
06/05/2025;6 300;6 095;6 300;6 095;7 254;44 956 665;3.36%
07/05/2025;6 345;6 300;6 345;6 300;3 006;19 005 435;0.71%
08/05/2025;6 345;6 345;6 345;6 345;3 841;24 371 145;0.00%
09/05/2025;6 400;6 350;6 400;6 350;30 949;197 299 875;0.87%
12/05/2025;6 605;6 450;6 605;6 450;1 782;11 632 005;3.20%
13/05/2025;6 790;6 660;6 790;6 660;2 203;14 815 175;2.80%
14/05/2025;6 750;6 645;6 750;6 645;1 803;12 075 593;-0.59%
15/05/2025;6 745;6 740;6 745;6 740;6 188;41 722 590;-0.07%
16/05/2025;6 850;6 745;6 850;6 745;6 593;44 815 918;1.56%
19/05/2025;6 985;6 850;6 985;6 850;1 149;7 948 208;1.97%
20/05/2025;6 985;6 880;6 985;6 880;4 054;28 104 355;0.00%
21/05/2025;6 905;6 985;6 985;6 905;4 786;33 238 770;-1.15%
22/05/2025;6 990;6 905;6 990;6 905;5 559;38 621 153;1.23%
23/05/2025;6 900;7 100;7 100;6 900;9 317;65 219 000;-1.29%
26/05/2025;7 005;7 400;7 400;7 005;6 613;47 630 133;1.52%
27/05/2025;7 250;7 150;7 250;7 150;8 805;63 396 000;3.50%
28/05/2025;7 150;7 200;7 200;7 150;4 057;29 108 975;-1.38%
29/05/2025;7 150;7 200;7 200;7 150;4 057;29 108 975;0.00%
30/05/2025;7 200;7 200;7 200;7 200;4 623;33 285 600;0.70%
02/06/2025;7 180;7 200;7 200;7 180;818;5 881 420;-0.28%
03/06/2025;7 200;7 180;7 200;7 180;4 074;29 292 060;0.28%
04/06/2025;7 200;7 200;7 200;7 200;14 515;104 508 000;0.00%
05/06/2025;7 200;7 100;7 200;7 100;3 693;26 404 950;0.00%
10/06/2025;7 190;7 070;7 190;7 070;3 802;27 108 260;-0.14%
11/06/2025;7 215;7 200;7 215;7 200;1 708;12 310 410;0.35%
12/06/2025;7 270;7 250;7 270;7 250;680;4 936 800;0.76%
13/06/2025;7 600;7 280;7 600;7 280;8 715;64 839 600;4.54%
16/06/2025;7 605;7 600;7 605;7 600;2 687;20 427 918;0.07%
17/06/2025;7 740;7 610;7 740;7 610;2 598;19 939 650;1.78%
18/06/2025;7 985;7 750;7 985;7 750;407;3 202 073;3.17%
19/06/2025;8 500;8 500;8 500;8 500;6 331;53 813 500;6.45%
20/06/2025;8 390;8 450;8 450;8 390;2 245;18 902 900;-1.29%
23/06/2025;8 450;8 500;8 500;8 450;2 281;19 331 475;0.72%
24/06/2025;8 450;8 445;8 450;8 445;2 093;17 680 618;0.00%
25/06/2025;8 250;8 440;8 440;8 250;2 368;19 760 960;-2.37%
26/06/2025;8 195;8 100;8 195;8 100;4 333;35 303 118;-0.67%
27/06/2025;8 250;8 195;8 250;8 195;2 940;24 174 150;0.67%
30/06/2025;8 100;8 255;8 255;8 100;6 920;56 588 300;-1.82%
01/07/2025;8 150;8 000;8 150;8 000;3 075;24 830 625;0.62%
02/07/2025;8 200;8 195;8 200;8 195;3 405;27 912 488;0.61%
03/07/2025;8 100;8 200;8 200;8 100;2 497;20 350 550;-1.22%
04/07/2025;8 090;8 000;8 090;8 000;10 224;82 252 080;-0.12%
07/07/2025;7 950;8 100;8 100;7 950;18 387;147 555 675;-1.73%
08/07/2025;7 840;7 900;7 900;7 840;12 539;98 681 930;-1.38%
09/07/2025;7 665;7 840;7 840;7 665;3 342;25 908 855;-2.23%
10/07/2025;7 640;7 640;7 640;7 640;5 384;41 133 760;-0.33%
11/07/2025;7 155;7 490;7 490;7 155;14 082;103 115 445;-6.35%
14/07/2025;7 400;7 155;7 400;7 155;5 846;42 544 265;3.42%
15/07/2025;7 175;7 160;7 175;7 160;3 154;22 606 295;-3.04%
16/07/2025;7 100;7 175;7 175;7 100;13 699;97 776 613;-1.05%
17/07/2025;7 090;7 100;7 100;7 090;1 916;13 594 020;-0.14%
18/07/2025;7 300;7 050;7 300;7 050;7 420;53 238 500;2.96%
21/07/2025;7 300;7 290;7 300;7 290;3 625;26 444 375;0.00%
22/07/2025;7 250;7 300;7 300;7 250;11 616;84 506 400;-0.68%
23/07/2025;7 200;7 250;7 250;7 200;8 605;62 171 125;-0.69%
24/07/2025;7 290;7 200;7 290;7 200;3 148;22 807 260;1.25%
25/07/2025;7 210;7 290;7 290;7 210;429;3 110 250;-1.10%
28/07/2025;7 340;7 250;7 340;7 250;2 315;16 887 925;1.80%
29/07/2025;7 345;7 400;7 400;7 345;478;3 524 055;0.07%
30/07/2025;7 400;7 340;7 400;7 340;538;3 965 060;0.75%
31/07/2025;7 600;7 400;7 600;7 400;1 937;14 527 500;2.70%
01/08/2025;7 550;7 600;7 600;7 550;974;7 378 050;-0.66%
04/08/2025;7 550;7 545;7 550;7 545;4 174;31 503 265;0.00%
05/08/2025;7 500;7 560;7 560;7 500;15 446;116 308 380;-0.66%
06/08/2025;7 600;7 510;7 600;7 510;784;5 923 120;1.33%
07/08/2025;7 600;7 510;7 600;7 510;784;5 923 120;0.00%
08/08/2025;7 750;7 600;7 750;7 600;1 899;14 574 825;1.97%
11/08/2025;7 500;7 750;7 750;7 500;15 338;116 952 250;-3.23%
12/08/2025;7 700;7 500;7 700;7 500;14 299;108 672 400;2.67%
13/08/2025;7 750;7 640;7 750;7 640;3 260;25 085 700;0.65%
14/08/2025;7 745;7 740;7 745;7 740;417;3 228 623;-0.06%
15/08/2025;7 745;7 740;7 745;7 740;417;3 228 623;0.00%
18/08/2025;7 500;7 745;7 745;7 500;10 317;78 641 333;-3.16%
19/08/2025;7 500;7 500;7 500;7 500;6 805;51 037 500;0.00%
20/08/2025;7 495;7 540;7 540;7 495;5 542;41 661 985;-0.07%
21/08/2025;7 495;7 500;7 500;7 495;7 265;54 469 338;0.00%
22/08/2025;7 530;7 495;7 530;7 495;3 509;26 361 363;0.47%
25/08/2025;7 490;7 530;7 530;7 490;2 898;21 763 980;-0.53%
26/08/2025;7 500;7 485;7 500;7 485;13 018;97 537 365;0.13%
27/08/2025;7 530;7 500;7 530;7 500;852;6 402 780;0.40%
28/08/2025;7 745;7 530;7 745;7 530;4 512;34 460 400;2.86%
29/08/2025;7 690;7 745;7 745;7 690;3 733;28 809 428;-0.71%
01/09/2025;7 500;7 690;7 690;7 500;9 561;72 615 795;-2.47%
02/09/2025;7 500;7 650;7 650;7 500;5 719;43 321 425;0.00%
03/09/2025;7 495;7 500;7 500;7 495;5 538;41 521 155;-0.07%
04/09/2025;7 495;7 500;7 500;7 495;5 538;41 521 155;0.00%
05/09/2025;7 500;7 495;7 500;7 495;1 960;14 695 100;0.07%
08/09/2025;7 840;7 650;7 840;7 650;12 252;94 891 740;4.53%
09/09/2025;7 850;7 840;7 850;7 840;1 225;9 610 125;0.13%
10/09/2025;7 900;7 900;7 900;7 900;81 332;642 522 800;0.64%
11/09/2025;7 795;7 900;7 900;7 795;753;5 909 168;-1.33%
12/09/2025;7 800;7 795;7 800;7 795;12 383;96 556 443;0.06%
15/09/2025;7 810;7 850;7 850;7 810;75;587 250;0.13%
16/09/2025;7 840;7 845;7 845;7 840;2 100;16 469 250;0.38%
17/09/2025;7 600;7 800;7 800;7 600;55 106;424 316 200;-3.06%
18/09/2025;7 750;7 615;7 750;7 615;712;5 469 940;1.97%
19/09/2025;7 700;7 700;7 700;7 700;3 048;23 469 600;-0.65%
22/09/2025;7 895;7 700;7 895;7 700;2 540;19 805 650;2.53%
23/09/2025;7 800;7 895;7 895;7 800;1 036;8 130 010;-1.20%
24/09/2025;7 895;7 800;7 895;7 800;2 287;17 947 233;1.22%
25/09/2025;8 445;7 895;8 445;7 895;41 367;337 968 390;6.97%
26/09/2025;8 600;8 735;8 735;8 600;3 508;30 405 590;1.84%
29/09/2025;8 590;8 700;8 700;8 590;8 889;76 845 405;-0.12%
30/09/2025;8 505;8 590;8 590;8 505;10 972;93 783 170;-0.99%
01/10/2025;8 495;8 500;8 500;8 495;1 360;11 556 600;-0.12%
02/10/2025;8 500;8 520;8 520;8 500;1 106;9 412 060;0.06%
03/10/2025;8 400;8 500;8 500;8 400;2 411;20 372 950;-1.18%
06/10/2025;8 980;8 995;8 995;8 980;17 957;161 388 538;6.90%
07/10/2025;8 900;9 000;9 000;8 900;6 918;61 916 100;-0.89%
08/10/2025;8 855;9 000;9 000;8 855;2 177;19 435 168;-0.51%
09/10/2025;8 850;8 890;8 890;8 850;2 013;17 855 310;-0.06%
10/10/2025;8 850;8 850;8 850;8 850;1 779;15 744 150;0.00%
13/10/2025;8 710;8 850;8 850;8 710;2 110;18 525 800;-1.58%
14/10/2025;8 860;8 785;8 860;8 785;4 401;38 827 823;1.72%
15/10/2025;8 710;8 885;8 885;8 710;6 999;61 573 703;-1.69%
16/10/2025;8 890;8 720;8 890;8 720;430;3 786 150;2.07%
17/10/2025;8 750;8 720;8 750;8 720;3 613;31 559 555;-1.57%
20/10/2025;8 705;8 795;8 795;8 705;1 479;12 941 250;-0.51%
21/10/2025;8 695;8 705;8 705;8 695;5 815;50 590 500;-0.11%
22/10/2025;8 500;8 695;8 695;8 500;2 481;21 330 398;-2.24%
23/10/2025;8 690;8 500;8 690;8 500;2 881;24 762 195;2.24%
24/10/2025;8 695;8 700;8 700;8 695;4 020;34 963 950;0.06%
27/10/2025;8 700;8 695;8 700;8 695;2 618;22 770 055;0.06%
28/10/2025;8 670;8 680;8 680;8 670;3 427;29 729 225;-0.34%
29/10/2025;8 225;8 670;8 670;8 225;9 979;84 297 603;-5.13%
30/10/2025;7 910;8 385;8 385;7 910;11 601;94 519 148;-3.83%
31/10/2025;7 840;7 320;7 840;7 320;25 599;194 040 420;-0.88%
03/11/2025;7 505;7 840;7 840;7 505;10 067;77 239 058;-4.27%
04/11/2025;7 400;7 500;7 500;7 400;17 776;132 431 200;-1.40%
05/11/2025;7 350;7 400;7 400;7 350;15 717;115 912 875;-0.68%
06/11/2025;7 500;7 400;7 500;7 400;4 741;35 320 450;2.04%
07/11/2025;7 890;7 890;7 890;7 890;-;0;5.20%
10/11/2025;8 000;8 000;8 000;8 000;2 187;17 496 000;1.39%
11/11/2025;7 975;7 990;7 990;7 975;1 042;8 317 765;-0.31%
12/11/2025;7 820;7 970;7 970;7 820;2 013;15 892 635;-1.94%
13/11/2025;7 860;7 950;7 950;7 860;15 043;118 914 915;0.51%
14/11/2025;7 860;7 860;7 860;7 860;758;5 957 880;0.00%
17/11/2025;7 750;7 860;7 860;7 750;618;4 823 490;-1.40%
18/11/2025;7 800;7 750;7 800;7 750;303;2 355 825;0.65%
19/11/2025;7 850;7 805;7 850;7 805;541;4 234 678;0.64%
20/11/2025;8 000;7 850;8 000;7 850;5 287;41 899 475;1.91%
21/11/2025;7 990;8 000;8 000;7 990;1 498;11 976 510;-0.13%
24/11/2025;7 950;7 990;7 990;7 950;765;6 097 050;-0.50%
25/11/2025;7 970;7 950;7 970;7 950;1 125;8 955 000;0.25%
26/11/2025;7 900;7 970;7 970;7 900;3 366;26 709 210;-0.88%
27/11/2025;7 910;7 975;7 975;7 910;1 427;11 333 948;0.13%
28/11/2025;7 975;7 910;7 975;7 910;1 044;8 291 970;0.82%
01/12/2025;7 950;7 970;7 970;7 950;1 426;11 350 960;-0.31%
02/12/2025;7 940;7 940;7 940;7 940;764;6 066 160;-0.13%
03/12/2025;7 935;7 940;7 940;7 935;1 162;9 223 375;-0.06%
04/12/2025;7 860;7 905;7 905;7 860;2 957;23 308 553;-0.95%
05/12/2025;7 730;7 900;7 900;7 730;2 750;21 491 250;-1.65%
08/12/2025;7 850;7 850;7 850;7 850;1 193;9 365 050;1.55%
09/12/2025;7 800;7 800;7 800;7 800;5 137;40 068 600;-0.64%
10/12/2025;7 845;7 800;7 845;7 800;1 971;15 418 148;0.58%
11/12/2025;7 850;7 845;7 850;7 845;3 417;26 814 908;0.06%
12/12/2025;7 845;7 850;7 850;7 845;2 717;21 321 658;-0.06%
15/12/2025;7 845;7 845;7 845;7 845;1 251;9 814 095;0.00%
16/12/2025;7 800;7 840;7 840;7 800;3 282;25 665 240;-0.57%
17/12/2025;7 795;7 800;7 800;7 795;1 350;10 526 625;-0.06%
18/12/2025;7 750;7 750;7 750;7 750;3 023;23 428 250;-0.58%
19/12/2025;7 795;7 760;7 795;7 760;1 467;11 409 593;0.58%
22/12/2025;7 740;7 790;7 790;7 740;1 246;9 675 190;-0.71%
23/12/2025;7 785;7 750;7 785;7 750;2 840;22 059 700;0.58%
24/12/2025;7 820;7 840;7 840;7 820;6 459;50 573 970;0.45%
25/12/2025;7 820;7 840;7 840;7 820;6 459;50 573 970;0.00%
26/12/2025;7 790;7 820;7 820;7 790;1 078;8 413 790;-0.38%
29/12/2025;7 745;7 785;7 785;7 745;2 536;19 692 040;-0.58%
30/12/2025;7 675;7 740;7 740;7 675;1 898;14 628 835;-0.90%
31/12/2025;7 900;7 660;7 900;7 660;8 949;69 623 220;2.93%
01/01/2026;7 900;7 660;7 900;7 660;8 949;69 623 220;0.00%
02/01/2026;7 795;7 505;7 795;7 505;290;2 218 500;-1.33%
05/01/2026;7 555;7 795;7 795;7 555;439;3 369 325;-3.08%
06/01/2026;7 800;7 700;7 800;7 700;1 239;9 602 250;3.24%
07/01/2026;7 750;7 790;7 790;7 750;2 611;20 287 470;-0.64%
08/01/2026;7 790;7 780;7 790;7 780;755;5 877 675;0.52%
09/01/2026;7 785;7 770;7 785;7 770;1 177;9 154 118;-0.06%
12/01/2026;7 710;7 785;7 785;7 710;1 106;8 568 735;-0.96%
13/01/2026;7 645;7 600;7 645;7 600;874;6 662 065;-0.84%
14/01/2026;7 600;7 645;7 645;7 600;3 053;23 271 493;-0.59%
15/01/2026;7 690;7 610;7 690;7 610;2 642;20 211 300;1.18%
16/01/2026;7 695;7 695;7 695;7 695;675;5 194 125;0.07%
19/01/2026;7 890;7 695;7 890;7 695;3 638;28 349 115;2.53%
20/01/2026;7 850;7 900;7 900;7 850;1 229;9 678 375;-0.51%
21/01/2026;7 690;7 850;7 850;7 690;4 540;35 275 800;-2.04%
22/01/2026;7 800;7 695;7 800;7 695;364;2 820 090;1.43%
23/01/2026;7 800;7 800;7 800;7 800;1 642;12 807 600;0.00%
26/01/2026;7 850;7 800;7 850;7 800;2 083;16 299 475;0.64%
27/01/2026;7 900;7 850;7 900;7 850;4 097;32 263 875;0.64%
28/01/2026;7 890;7 855;7 890;7 855;1 219;9 596 578;-0.13%
29/01/2026;7 950;7 890;7 950;7 890;2 196;17 392 320;0.76%
30/01/2026;7 960;7 950;7 960;7 950;669;5 321 895;0.13%
02/02/2026;7 950;7 960;7 960;7 950;1 717;13 658 735;-0.13%
03/02/2026;8 100;7 950;8 100;7 950;3 162;25 375 050;1.89%
04/02/2026;8 285;8 100;8 285;8 100;3 459;28 337 858;2.28%
05/02/2026;8 300;8 285;8 300;8 285;1 362;11 294 385;0.18%
06/02/2026;7 940;8 350;8 350;7 940;5 133;41 808 285;-4.34%
09/02/2026;7 935;7 940;7 940;7 935;6 529;51 823 938;-0.06%
10/02/2026;8 220;7 935;8 220;7 935;12 394;100 112 535;3.59%
11/02/2026;8 250;8 215;8 250;8 215;1 312;10 801 040;0.36%
12/02/2026;8 295;8 250;8 295;8 250;3 914;32 378 565;0.55%
13/02/2026;8 300;8 300;8 300;8 300;1 066;8 847 800;0.06%
16/02/2026;8 300;8 300;8 300;8 300;1 270;10 541 000;0.00%
17/02/2026;8 465;8 345;8 465;8 345;1 924;16 171 220;1.99%
18/02/2026;8 465;8 340;8 465;8 340;576;4 839 840;0.00%
19/02/2026;8 395;8 495;8 495;8 395;9 279;78 361 155;-0.83%
20/02/2026;8 300;8 400;8 400;8 300;1 945;16 240 750;-1.13%
23/02/2026;8 500;8 300;8 500;8 300;7 022;58 984 800;2.41%
24/02/2026;8 490;8 495;8 495;8 490;3 795;32 229 038;-0.12%
25/02/2026;8 595;8 565;8 595;8 565;3 233;27 739 140;1.24%
26/02/2026;8 680;8 595;8 680;8 595;1 412;12 196 150;0.99%
27/02/2026;8 725;8 670;8 725;8 670;3 223;28 032 043;0.52%
02/03/2026;8 850;8 750;8 850;8 750;4 657;40 981 600;1.43%
03/03/2026;8 905;8 900;8 905;8 900;6 332;56 370 630;0.62%
04/03/2026;8 890;8 900;8 900;8 890;2 418;21 508 110;-0.17%
05/03/2026;8 710;8 700;8 710;8 700;2 654;23 103 070;-2.02%
06/03/2026;8 750;8 715;8 750;8 715;1 967;17 176 828;0.46%
09/03/2026;8 740;8 750;8 750;8 740;2 225;19 457 625;-0.11%
10/03/2026;8 810;8 735;8 810;8 735;2 731;23 957 698;0.80%
11/03/2026;8 810;8 900;8 900;8 810;2 567;22 730 785;0.00%
12/03/2026;9 000;8 810;9 000;8 810;4 734;42 156 270;2.16%
13/03/2026;8 985;8 900;8 985;8 900;1 370;12 251 225;-0.17%
16/03/2026;8 985;8 900;8 985;8 900;1 370;12 251 225;0.00%
17/03/2026;8 900;8 980;8 980;8 900;2 017;18 031 980;-0.95%
18/03/2026;8 880;8 900;8 900;8 880;489;4 347 210;-0.22%
19/03/2026;8 700;8 800;8 800;8 700;10 291;90 046 250;-2.03%
20/03/2026;8 700;8 800;8 800;8 700;10 291;90 046 250;0.00%
23/03/2026;8 500;8 700;8 700;8 500;5 921;50 920 600;-2.30%
24/03/2026;7 990;8 400;8 400;7 990;3 480;28 518 600;-6.00%
25/03/2026;7 700;7 990;7 990;7 700;2 977;23 354 565;-3.63%
26/03/2026;7 970;7 710;7 970;7 710;2 497;19 576 480;3.51%
27/03/2026;8 200;7 970;8 200;7 970;1 869;15 110 865;2.89%
30/03/2026;7 900;7 980;7 980;7 900;4 999;39 692 060;-3.66%
31/03/2026;8 010;7 930;8 010;7 930;5 008;39 913 760;1.39%
01/04/2026;7 800;7 980;7 980;7 800;4 775;37 674 750;-2.62%
02/04/2026;7 690;7 690;7 690;7 690;3 566;27 422 540;-1.41%
03/04/2026;7 710;7 600;7 710;7 600;1 544;11 819 320;0.26%
06/04/2026;7 710;7 600;7 710;7 600;1 544;11 819 320;0.00%
07/04/2026;7 800;7 710;7 800;7 710;2 699;20 930 745;1.17%
08/04/2026;7 800;7 720;7 800;7 720;2 260;17 537 600;0.00%
09/04/2026;7 950;7 810;7 950;7 810;2 201;17 343 880;1.92%
10/04/2026;7 970;7 940;7 970;7 940;386;3 070 630;0.25%
13/04/2026;7 900;7 995;7 995;7 900;1 033;8 209 768;-0.88%
14/04/2026;7 850;7 935;7 935;7 850;1 110;8 760 675;-0.63%
15/04/2026;7 920;7 890;7 920;7 890;1 635;12 924 675;0.89%
16/04/2026;7 920;7 920;7 920;7 920;1 212;9 599 040;0.00%
17/04/2026;7 870;7 920;7 920;7 870;295;2 329 025;-0.63%
20/04/2026;7 700;7 870;7 870;7 700;4 754;37 009 890;-2.16%
21/04/2026;7 680;7 700;7 700;7 680;51 080;392 805 200;-0.26%
22/04/2026;7 700;7 700;7 700;7 700;2 505;19 288 500;0.26%
23/04/2026;7 650;7 400;7 650;7 400;29 325;220 670 625;-0.65%
24/04/2026;7 700;7 650;7 700;7 650;1 212;9 302 100;0.65%
27/04/2026;7 650;7 700;7 700;7 650;1 967;15 096 725;-0.65%
28/04/2026;7 700;7 650;7 700;7 650;1 485;11 397 375;0.65%
29/04/2026;7 675;7 700;7 700;7 675;770;5 919 375;-0.32%
30/04/2026;7 100;7 100;7 100;7 100;6 510;46 221 000;-7.49%
01/05/2026;7 100;7 100;7 100;7 100;6 510;46 221 000;0.00%
04/05/2026;7 200;7 000;7 200;7 000;3 253;23 096 300;1.41%
05/05/2026;7 600;7 100;7 600;7 100;5 813;42 725 550;5.56%
06/05/2026;7 500;7 500;7 500;7 500;857;6 427 500;-1.32%
07/05/2026;7 400;7 500;7 500;7 400;5 728;42 673 600;-1.33%
08/05/2026;7 390;7 400;7 400;7 390;1 124;8 311 980;-0.14%
11/05/2026;7 395;7 390;7 395;7 390;5 804;42 906 070;0.07%
12/05/2026;7 400;7 100;7 400;7 100;2 237;16 218 250;0.07%
13/05/2026;7 450;7 395;7 450;7 395;646;4 794 935;0.68%
14/05/2026;7 450;7 395;7 450;7 395;646;4 794 935;0.00%
15/05/2026;7 485;7 490;7 490;7 485;1 111;8 318 613;0.47%
18/05/2026;7 390;7 485;7 485;7 390;5 136;38 199 000;-1.27%
19/05/2026;7 450;7 110;7 450;7 110;1 833;13 344 240;0.81%
20/05/2026;7 200;7 400;7 400;7 200;35 633;260 120 900;-3.36%
21/05/2026;7 600;7 675;7 675;7 600;4 945;37 767 438;5.56%
22/05/2026;7 390;7 500;7 500;7 390;4 296;31 983 720;-2.76%
25/05/2026;7 390;7 500;7 500;7 390;4 296;31 983 720;0.00%
26/05/2026;7 395;7 395;7 395;7 395;608;4 496 160;0.07%
27/05/2026;7 395;7 395;7 395;7 395;608;4 496 160;0.00%
28/05/2026;7 380;7 395;7 395;7 380;2 170;16 030 875;-0.20%
29/05/2026;7 300;7 390;7 390;7 300;5 438;39 942 110;-1.08%
01/06/2026;7 490;7 385;7 490;7 385;3 273;24 342 938;2.60%
02/06/2026;7 990;7 500;7 990;7 500;6 384;49 444 080;6.68%
03/06/2026;8 285;8 000;8 285;8 000;2 648;21 561 340;3.69%
04/06/2026;8 550;8 055;8 550;8 055;9 370;77 794 425;3.20%
05/06/2026;8 305;8 500;8 500;8 305;2 076;17 443 590;-2.87%
08/06/2026;8 300;8 300;8 300;8 300;9 017;74 841 100;-0.06%
09/06/2026;8 490;8 300;8 490;8 300;12 539;105 264 905;2.29%
10/06/2026;8 450;8 300;8 450;8 300;4 435;37 143 125;-0.47%
11/06/2026;8 525;8 450;8 525;8 450;7 348;62 366 150;0.89%
12/06/2026;8 495;8 450;8 495;8 450;1 551;13 140 848;-0.35%
15/06/2026;8 485;8 495;8 495;8 485;3 173;26 938 770;-0.12%
16/06/2026;8 395;8 115;8 395;8 115;2 132;17 599 660;-1.06%
17/06/2026;8 280;8 300;8 300;8 280;4 138;34 304 020;-1.37%
18/06/2026;8 300;8 270;8 300;8 270;7 866;65 169 810;0.24%
19/06/2026;8 010;8 280;8 280;8 010;3 930;32 009 850;-3.49%
22/06/2026;8 295;8 020;8 295;8 020;3 006;24 521 445;3.56%
23/06/2026;8 275;8 295;8 295;8 275;708;5 865 780;-0.24%
24/06/2026;8 280;8 275;8 280;8 275;879;7 275 923;0.06%
25/06/2026;8 335;8 285;8 335;8 285;3 941;32 749 710;0.66%
26/06/2026;8 400;8 335;8 400;8 335;2 729;22 834 908;0.78%
29/06/2026;8 400;8 400;8 400;8 400;2 607;21 898 800;0.00%
30/06/2026;8 395;8 400;8 400;8 395;554;4 652 215;-0.06%
01/07/2026;8 395;8 395;8 395;8 395;627;5 263 665;0.00%
02/07/2026;8 450;8 400;8 450;8 400;1 109;9 343 325;0.66%
03/07/2026;8 450;8 440;8 450;8 440;2 238;18 899 910;0.00%
06/07/2026;8 600;8 450;8 600;8 450;2 947;25 123 175;1.78%
07/07/2026;8 495;8 550;8 550;8 495;3 718;31 686 655;-1.22%
08/07/2026;8 390;8 495;8 495;8 390;1 233;10 409 603;-1.24%
09/07/2026;8 600;8 390;8 600;8 390;6 283;53 374 085;2.50%
10/07/2026;8 360;8 565;8 565;8 360;2 769;23 432 663;-2.79%
13/07/2026;8 195;8 360;8 360;8 195;1 388;11 489 170;-1.97%
14/07/2026;8 200;8 200;8 200;8 200;3 965;32 513 000;0.06%
15/07/2026;8 200;8 100;8 200;8 100;1 889;15 395 350;0.00%
16/07/2026;8 000;8 010;8 010;8 000;2 876;23 022 380;-2.44%
17/07/2026;8 010;8 000;8 010;8 000;870;6 964 350;0.13%
20/07/2026;8 000;8 010;8 010;8 000;6 117;48 966 585;-0.12%
21/07/2026;8 150;8 020;8 150;8 020;301;2 433 585;1.88%
22/07/2026;8 200;8 150;8 200;8 150;2 650;21 663 750;0.61%
23/07/2026;8 300;8 200;8 300;8 200;1 032;8 514 000;1.22%
24/07/2026;8 220;8 400;8 400;8 220;1 938;16 104 780;-0.96%
27/07/2026;8 100;8 400;8 400;8 100;15 144;124 938 000;-1.46%
28/07/2026;8 380;8 300;8 380;8 300;3 170;26 437 800;3.46%
29/07/2026;8 300;8 400;8 400;8 300;3 309;27 630 150;-0.95%
30/07/2026;8 100;8 300;8 300;8 100;2 563;21 016 600;-2.41%
31/07/2026;8 305;8 400;8 400;8 305;4 773;39 866 483;2.53%
03/08/2026;8 400;8 400;8 400;8 400;2 652;22 276 800;1.14%
04/08/2026;8 400;8 400;8 400;8 400;1 468;12 331 200;0.00%
