Date;Clôture;Plus bas;Plus haut;Ouverture;Volume Titres;Volume FCFA;Variation %
13/12/2017;4 622;4 622;4 622;4 622;6 063;28 023 186;7.49%
14/12/2017;4 890;4 890;4 890;4 890;5 854;28 626 060;5.80%
15/12/2017;5 199;5 199;5 199;5 199;18 446;95 900 754;6.32%
18/12/2017;5 588;5 588;5 588;5 588;33 219;185 627 772;7.48%
19/12/2017;6 000;6 000;6 000;6 000;11 940;71 640 000;7.37%
20/12/2017;6 300;6 300;6 300;6 300;70 025;441 157 500;5.00%
21/12/2017;6 379;6 379;6 379;6 379;19 615;125 124 085;1.25%
22/12/2017;6 000;6 000;6 000;6 000;25 825;154 950 000;-5.94%
26/12/2017;5 999;5 999;5 999;5 999;47 667;285 954 333;-0.02%
27/12/2017;5 600;5 600;5 600;5 600;38 784;217 190 400;-6.65%
28/12/2017;5 600;5 600;5 600;5 600;36 368;203 660 800;0.00%
29/12/2017;5 936;5 936;5 936;5 936;39 685;235 570 160;6.00%
02/01/2018;5 700;5 700;5 700;5 700;235;1 339 500;-3.98%
03/01/2018;5 499;5 499;5 499;5 499;121;665 379;-3.53%
04/01/2018;5 100;5 100;5 100;5 100;136;693 600;-7.26%
05/01/2018;5 098;5 098;5 098;5 098;1 961;9 997 178;-0.04%
08/01/2018;4 716;4 716;4 716;4 716;4 016;18 939 456;-7.49%
09/01/2018;4 622;4 622;4 622;4 622;949;4 386 278;-1.99%
10/01/2018;4 622;4 622;4 622;4 622;1 589;7 344 358;0.00%
11/01/2018;4 622;4 622;4 622;4 622;557;2 574 454;0.00%
12/01/2018;4 622;4 622;4 622;4 622;1 882;8 698 604;0.00%
15/01/2018;4 620;4 620;4 620;4 620;615;2 841 300;-0.04%
16/01/2018;4 600;4 600;4 600;4 600;891;4 098 600;-0.43%
17/01/2018;4 945;4 945;4 945;4 945;1 346;6 655 970;7.50%
18/01/2018;4 800;4 800;4 800;4 800;127;609 600;-2.93%
19/01/2018;4 704;4 704;4 704;4 704;609;2 864 736;-2.00%
22/01/2018;4 780;4 780;4 780;4 780;1 045;4 995 100;1.62%
23/01/2018;4 685;4 685;4 685;4 685;291;1 363 335;-1.99%
24/01/2018;4 800;4 800;4 800;4 800;157;753 600;2.45%
25/01/2018;5 000;5 000;5 000;5 000;4 655;23 275 000;4.17%
26/01/2018;4 820;4 820;4 820;4 820;1 488;7 172 160;-3.60%
29/01/2018;4 798;4 798;4 798;4 798;549;2 634 102;-0.46%
30/01/2018;4 760;4 760;4 760;4 760;463;2 203 880;-0.79%
31/01/2018;4 799;4 799;4 799;4 799;599;2 874 601;0.82%
01/02/2018;4 800;4 800;4 800;4 800;2 767;13 281 600;0.02%
02/02/2018;4 800;4 800;4 800;4 800;64;307 200;0.00%
05/02/2018;4 800;4 800;4 800;4 800;1 590;7 632 000;0.00%
06/02/2018;4 760;4 760;4 760;4 760;1 790;8 520 400;-0.83%
07/02/2018;4 799;4 799;4 799;4 799;2 230;10 701 770;0.82%
08/02/2018;4 740;4 740;4 740;4 740;4 740;22 467 600;-1.23%
09/02/2018;4 741;4 741;4 741;4 741;1 570;7 443 370;0.02%
12/02/2018;4 760;4 760;4 760;4 760;3 660;17 421 600;0.40%
13/02/2018;4 720;4 720;4 720;4 720;1 550;7 316 000;-0.84%
14/02/2018;4 980;4 980;4 980;4 980;4 160;20 716 800;5.51%
15/02/2018;5 000;5 000;5 000;5 000;1 110;5 550 000;0.40%
16/02/2018;5 197;5 197;5 197;5 197;16 440;85 438 680;3.94%
19/02/2018;5 100;5 100;5 100;5 100;170;867 000;-1.87%
20/02/2018;5 100;5 100;5 100;5 100;985 110;5 024 061 000;0.00%
21/02/2018;5 001;5 001;5 001;5 001;310;1 550 310;-1.94%
22/02/2018;4 800;4 800;4 800;4 800;6 230;29 904 000;-4.02%
23/02/2018;4 896;4 896;4 896;4 896;2 030;9 938 880;2.00%
26/02/2018;4 820;4 820;4 820;4 820;750;3 615 000;-1.55%
27/02/2018;4 900;4 900;4 900;4 900;3 160;15 484 000;1.66%
01/03/2018;5 000;5 000;5 000;5 000;390;1 950 000;0.00%
02/03/2018;4 998;4 998;4 998;4 998;2 700;13 494 600;-0.04%
05/03/2018;4 900;4 900;4 900;4 900;2 630;12 887 000;-1.96%
06/03/2018;5 000;5 000;5 000;5 000;5 070;25 350 000;2.04%
07/03/2018;5 200;5 200;5 200;5 200;11 020;57 304 000;4.00%
08/03/2018;4 810;4 810;4 810;4 810;1 010;4 858 100;-7.50%
09/03/2018;5 000;5 000;5 000;5 000;2 760;13 800 000;3.95%
12/03/2018;4 999;4 999;4 999;4 999;600;2 999 400;-0.02%
13/03/2018;4 999;4 999;4 999;4 999;7 530;37 642 470;0.00%
14/03/2018;5 180;5 180;5 180;5 180;11 550;59 829 000;3.62%
15/03/2018;5 000;5 000;5 000;5 000;500;2 500 000;-3.47%
16/03/2018;5 000;5 000;5 000;5 000;7 090;35 450 000;0.00%
19/03/2018;4 999;4 999;4 999;4 999;600;2 999 400;-0.02%
20/03/2018;5 099;5 099;5 099;5 099;3 170;16 163 830;2.00%
21/03/2018;5 030;5 030;5 030;5 030;2 500;12 575 000;-1.35%
22/03/2018;5 019;5 019;5 019;5 019;1 620;8 130 780;-0.22%
23/03/2018;5 001;5 001;5 001;5 001;1 950;9 751 950;-0.36%
26/03/2018;5 099;5 099;5 099;5 099;790;4 028 210;1.96%
27/03/2018;5 139;5 139;5 139;5 139;5 410;27 801 990;0.78%
28/03/2018;5 470;5 470;5 470;5 470;7 120;38 946 400;6.44%
29/03/2018;5 400;5 400;5 400;5 400;4 710;25 434 000;-1.28%
30/03/2018;5 499;5 499;5 499;5 499;8 030;44 156 970;1.83%
03/04/2018;5 342;5 342;5 342;5 342;2 020;10 790 840;-2.86%
04/04/2018;5 398;5 398;5 398;5 398;5 840;31 524 320;1.05%
05/04/2018;5 278;5 278;5 278;5 278;6 970;36 787 660;-2.22%
06/04/2018;5 260;5 260;5 260;5 260;790;4 155 400;-0.34%
09/04/2018;5 278;5 278;5 278;5 278;1 610;8 497 580;0.34%
10/04/2018;5 300;5 300;5 300;5 300;3 490;18 497 000;0.42%
11/04/2018;5 300;5 300;5 300;5 300;1 700;9 010 000;0.00%
12/04/2018;5 140;5 140;5 140;5 140;2 620;13 466 800;-3.02%
13/04/2018;5 100;5 100;5 100;5 100;213 900;1 090 890 000;-0.78%
16/04/2018;5 199;5 199;5 199;5 199;1 830;9 514 170;1.94%
17/04/2018;5 200;5 200;5 200;5 200;1 980;10 296 000;0.02%
18/04/2018;5 198;5 198;5 198;5 198;1 180;6 133 640;-0.04%
19/04/2018;5 000;5 000;5 000;5 000;1 230;6 150 000;-3.81%
20/04/2018;5 000;5 000;5 000;5 000;1 240;6 200 000;0.00%
23/04/2018;5 090;5 090;5 090;5 090;5 350;27 231 500;1.80%
24/04/2018;5 090;5 090;5 090;5 090;2 220;11 299 800;0.00%
25/04/2018;5 160;5 160;5 160;5 160;2 210;11 403 600;1.38%
26/04/2018;5 100;5 100;5 100;5 100;7 300;37 230 000;-1.16%
27/04/2018;5 100;5 100;5 100;5 100;7 550;38 505 000;0.00%
30/04/2018;5 102;5 102;5 102;5 102;40;204 080;0.04%
02/05/2018;5 198;5 198;5 198;5 198;1 190;6 185 620;1.88%
03/05/2018;5 080;5 080;5 080;5 080;3 260;16 560 800;-2.27%
04/05/2018;5 000;5 000;5 000;5 000;3 680;18 400 000;-1.57%
07/05/2018;4 999;4 999;4 999;4 999;4 050;20 245 950;-0.02%
08/05/2018;5 000;5 000;5 000;5 000;2 530;12 650 000;0.02%
09/05/2018;4 800;4 800;4 800;4 800;1 950;9 360 000;-4.00%
11/05/2018;4 610;4 610;4 610;4 610;2 750;12 677 500;-3.96%
14/05/2018;4 779;4 779;4 779;4 779;6 600;31 541 400;3.67%
15/05/2018;4 999;4 999;4 999;4 999;440;2 199 560;4.60%
16/05/2018;4 977;4 977;4 977;4 977;450;2 239 650;-0.44%
17/05/2018;4 640;4 640;4 640;4 640;5 050;23 432 000;-6.77%
18/05/2018;4 800;4 800;4 800;4 800;2 180;10 464 000;3.45%
22/05/2018;4 960;4 960;4 960;4 960;650;3 224 000;3.33%
23/05/2018;5 000;5 000;5 000;5 000;3 100;15 500 000;0.81%
24/05/2018;4 960;4 960;4 960;4 960;1 020;5 059 200;-0.80%
25/05/2018;4 920;4 920;4 920;4 920;600;2 952 000;-0.81%
28/05/2018;4 940;4 940;4 940;4 940;1 930;9 534 200;0.41%
30/05/2018;5 000;5 000;5 000;5 000;1 100;5 500 000;0.04%
31/05/2018;4 999;4 999;4 999;4 999;330;1 649 670;-0.02%
01/06/2018;5 000;5 000;5 000;5 000;11 030;55 150 000;0.02%
04/06/2018;4 920;4 920;4 920;4 920;3 640;17 908 800;-1.60%
05/06/2018;4 999;4 999;4 999;4 999;5 500;27 494 500;1.61%
06/06/2018;4 999;4 999;4 999;4 999;3 340;16 696 660;0.00%
07/06/2018;4 998;4 998;4 998;4 998;780;3 898 440;-0.02%
08/06/2018;4 999;4 999;4 999;4 999;9 070;45 340 930;0.02%
12/06/2018;5 097;5 097;5 097;5 097;1 130;5 759 610;1.96%
13/06/2018;5 099;5 099;5 099;5 099;390;1 988 610;0.04%
15/06/2018;5 160;5 160;5 160;5 160;5 700;29 412 000;1.20%
18/06/2018;5 011;5 011;5 011;5 011;8 200;41 090 200;-2.89%
19/06/2018;5 200;5 200;5 200;5 200;80;416 000;3.77%
20/06/2018;4 897;4 897;4 897;4 897;420;2 056 740;-5.83%
21/06/2018;4 630;4 630;4 630;4 630;1 710;7 917 300;-5.45%
22/06/2018;4 632;4 632;4 632;4 632;200;926 400;0.04%
25/06/2018;4 641;4 641;4 641;4 641;690;3 202 290;0.19%
26/06/2018;4 680;4 680;4 680;4 680;3 150;14 742 000;0.84%
27/06/2018;4 879;4 879;4 879;4 879;3 540;17 271 660;4.25%
28/06/2018;4 860;4 860;4 860;4 860;650;3 159 000;-0.39%
29/06/2018;4 860;4 860;4 860;4 860;3 200;15 552 000;0.00%
02/07/2018;4 800;4 800;4 800;4 800;40;192 000;-1.23%
03/07/2018;4 859;4 859;4 859;4 859;3 310;16 083 290;1.23%
04/07/2018;4 840;4 840;4 840;4 840;1 560;7 550 400;-0.39%
05/07/2018;4 800;4 800;4 800;4 800;2 570;12 336 000;-0.83%
06/07/2018;4 800;4 800;4 800;4 800;3 660;17 568 000;0.00%
09/07/2018;4 680;4 680;4 680;4 680;1 420;6 645 600;-2.50%
10/07/2018;4 760;4 760;4 760;4 760;920;4 379 200;1.71%
11/07/2018;4 759;4 759;4 759;4 759;190;904 210;-0.02%
12/07/2018;4 700;4 700;4 700;4 700;780;3 666 000;-1.24%
13/07/2018;4 700;4 700;4 700;4 700;1 780;8 366 000;0.00%
16/07/2018;4 701;4 701;4 701;4 701;490;2 303 490;0.02%
17/07/2018;4 720;4 720;4 720;4 720;1 630;7 693 600;0.40%
18/07/2018;4 800;4 800;4 800;4 800;6 180;29 664 000;1.69%
19/07/2018;4 740;4 740;4 740;4 740;80;379 200;-1.25%
20/07/2018;4 720;4 720;4 720;4 720;130;613 600;-0.42%
23/07/2018;4 701;4 701;4 701;4 701;550;2 585 550;-0.40%
24/07/2018;4 780;4 780;4 780;4 780;2 640;12 619 200;1.68%
25/07/2018;4 800;4 800;4 800;4 800;6 090;29 232 000;0.42%
26/07/2018;4 800;4 800;4 800;4 800;11 610;55 728 000;0.00%
27/07/2018;4 800;4 800;4 800;4 800;10 030;48 144 000;0.00%
30/07/2018;4 800;4 800;4 800;4 800;9 750;46 800 000;0.00%
31/07/2018;4 800;4 800;4 800;4 800;890;4 272 000;0.00%
01/08/2018;4 800;4 800;4 800;4 800;1 550;7 440 000;0.00%
02/08/2018;4 680;4 680;4 680;4 680;17 880;83 678 400;-2.50%
03/08/2018;4 760;4 760;4 760;4 760;7 760;36 937 600;1.71%
08/08/2018;4 800;4 800;4 800;4 800;10 660;51 168 000;0.84%
09/08/2018;4 720;4 720;4 720;4 720;470;2 218 400;-1.67%
10/08/2018;4 799;4 799;4 799;4 799;4 250;20 395 750;1.67%
13/08/2018;4 800;4 800;4 800;4 800;1 020;4 896 000;0.02%
14/08/2018;4 800;4 800;4 800;4 800;270;1 296 000;0.00%
16/08/2018;4 740;4 740;4 740;4 740;2 060;9 764 400;-1.25%
17/08/2018;4 740;4 740;4 740;4 740;2 740;12 987 600;0.00%
20/08/2018;4 740;4 740;4 740;4 740;500;2 370 000;0.00%
22/08/2018;4 800;4 800;4 800;4 800;12 480;59 904 000;1.27%
23/08/2018;4 640;4 640;4 640;4 640;7 190;33 361 600;-3.33%
24/08/2018;4 800;4 800;4 800;4 800;1 070;5 136 000;3.45%
28/08/2018;4 800;4 800;4 800;4 800;3 270;15 696 000;0.06%
29/08/2018;4 799;4 799;4 799;4 799;1 570;7 534 430;-0.02%
30/08/2018;4 798;4 798;4 798;4 798;4 820;23 126 360;-0.02%
31/08/2018;4 798;4 798;4 798;4 798;750;3 598 500;0.00%
03/09/2018;4 700;4 700;4 700;4 700;70;329 000;-2.04%
04/09/2018;4 779;4 779;4 779;4 779;790;3 775 410;1.68%
05/09/2018;4 799;4 799;4 799;4 799;2 010;9 645 990;0.42%
06/09/2018;4 799;4 799;4 799;4 799;1 230;5 902 770;0.00%
07/09/2018;4 760;4 760;4 760;4 760;3 070;14 613 200;-0.81%
10/09/2018;4 698;4 698;4 698;4 698;100;469 800;-1.30%
11/09/2018;4 697;4 697;4 697;4 697;537 460;2 524 449 620;-0.02%
12/09/2018;4 697;4 697;4 697;4 697;2 870;13 480 390;0.00%
13/09/2018;4 600;4 600;4 600;4 600;1 510;6 946 000;-2.07%
14/09/2018;4 688;4 688;4 688;4 688;1 640;7 688 320;1.91%
17/09/2018;4 560;4 560;4 560;4 560;550;2 508 000;-2.73%
18/09/2018;4 600;4 600;4 600;4 600;2 920;13 432 000;0.88%
19/09/2018;4 700;4 700;4 700;4 700;890;4 183 000;2.17%
20/09/2018;4 700;4 700;4 700;4 700;130;611 000;0.00%
21/09/2018;4 699;4 699;4 699;4 699;1 040;4 886 960;-0.02%
24/09/2018;4 560;4 560;4 560;4 560;4 630;21 112 800;-2.96%
25/09/2018;4 651;4 651;4 651;4 651;1 840;8 557 840;2.00%
26/09/2018;4 630;4 630;4 630;4 630;2 410;11 158 300;-0.45%
27/09/2018;4 620;4 620;4 620;4 620;1 980;9 147 600;-0.22%
28/09/2018;4 640;4 640;4 640;4 640;670;3 108 800;0.43%
01/10/2018;4 580;4 580;4 580;4 580;50;229 000;-1.29%
02/10/2018;4 520;4 520;4 520;4 520;380;1 717 600;-1.31%
03/10/2018;4 590;4 590;4 590;4 590;2 550;11 704 500;1.55%
04/10/2018;4 500;4 500;4 500;4 500;200;900 000;-1.96%
05/10/2018;4 499;4 499;4 499;4 499;220;989 780;-0.02%
08/10/2018;4 480;4 480;4 480;4 480;100;448 000;-0.42%
09/10/2018;4 460;4 460;4 460;4 460;470;2 096 200;-0.45%
10/10/2018;4 477;4 477;4 477;4 477;800;3 581 600;0.38%
11/10/2018;4 480;4 480;4 480;4 480;180;806 400;0.07%
12/10/2018;4 476;4 476;4 476;4 476;40;179 040;-0.09%
15/10/2018;4 308;4 308;4 308;4 308;110;473 880;-3.75%
16/10/2018;4 000;4 000;4 000;4 000;190;760 000;-7.15%
17/10/2018;4 000;4 000;4 000;4 000;520;2 080 000;0.00%
18/10/2018;4 000;4 000;4 000;4 000;530;2 120 000;0.00%
22/10/2018;3 999;3 999;3 999;3 999;210;839 790;-0.03%
23/10/2018;3 998;3 998;3 998;3 998;720;2 878 560;-0.03%
24/10/2018;3 998;3 998;3 998;3 998;1 520;6 076 960;0.00%
25/10/2018;3 997;3 997;3 997;3 997;40;159 880;-0.03%
26/10/2018;3 859;3 859;3 859;3 859;700;2 701 300;-3.45%
29/10/2018;3 799;3 799;3 799;3 799;780;2 963 220;-1.55%
30/10/2018;3 960;3 960;3 960;3 960;2 900;11 484 000;4.24%
31/10/2018;3 949;3 949;3 949;3 949;760;3 001 240;-0.28%
02/11/2018;3 801;3 801;3 801;3 801;260;988 260;-3.75%
05/11/2018;3 801;3 801;3 801;3 801;1 830;6 955 830;0.00%
06/11/2018;3 797;3 797;3 797;3 797;120;455 640;-0.11%
07/11/2018;3 670;3 670;3 670;3 670;550;2 018 500;-3.34%
08/11/2018;3 600;3 600;3 600;3 600;20;72 000;-1.91%
09/11/2018;3 650;3 650;3 650;3 650;290;1 058 500;1.39%
12/11/2018;3 640;3 640;3 640;3 640;140;509 600;-0.27%
13/11/2018;3 600;3 600;3 600;3 600;150;540 000;-1.10%
16/11/2018;3 599;3 599;3 599;3 599;3 940;14 180 060;-0.03%
19/11/2018;3 420;3 420;3 420;3 420;1 790;6 121 800;-4.97%
21/11/2018;3 579;3 579;3 579;3 579;450;1 610 550;4.65%
22/11/2018;3 500;3 500;3 500;3 500;2 920;10 220 000;-2.21%
23/11/2018;3 399;3 399;3 399;3 399;290;985 710;-2.89%
27/11/2018;3 500;3 500;3 500;3 500;8 270;28 945 000;0.63%
28/11/2018;3 499;3 499;3 499;3 499;2 260;7 907 740;-0.03%
29/11/2018;3 589;3 589;3 589;3 589;1 540;5 527 060;2.57%
30/11/2018;3 590;3 590;3 590;3 590;80;287 200;0.03%
03/12/2018;3 500;3 500;3 500;3 500;150;525 000;-2.51%
04/12/2018;3 590;3 590;3 590;3 590;260;933 400;2.57%
05/12/2018;3 589;3 589;3 589;3 589;1 400;5 024 600;-0.03%
06/12/2018;3 500;3 500;3 500;3 500;330;1 155 000;-2.48%
07/12/2018;3 648;3 648;3 648;3 648;990;3 611 520;4.23%
10/12/2018;3 648;3 648;3 648;3 648;1 110;4 049 280;0.00%
11/12/2018;3 921;3 921;3 921;3 921;8 710;34 151 910;7.48%
12/12/2018;4 000;4 000;4 000;4 000;800;3 200 000;2.01%
13/12/2018;4 000;4 000;4 000;4 000;1 080;4 320 000;0.00%
14/12/2018;4 000;4 000;4 000;4 000;390;1 560 000;0.00%
17/12/2018;4 000;4 000;4 000;4 000;1 220;4 880 000;0.00%
18/12/2018;4 000;4 000;4 000;4 000;40;160 000;0.00%
19/12/2018;3 998;3 998;3 998;3 998;10;39 980;-0.05%
20/12/2018;3 999;3 999;3 999;3 999;2 040;8 157 960;0.03%
21/12/2018;4 100;4 100;4 100;4 100;2 560;10 496 000;2.53%
24/12/2018;4 040;4 040;4 040;4 040;1 140;4 605 600;-1.46%
25/12/2018;4 040;4 040;4 040;4 040;1 135;4 585 400;0.00%
26/12/2018;4 072;4 072;4 072;4 072;2 390;9 732 080;0.79%
28/12/2018;4 200;4 200;4 200;4 200;270;1 134 000;3.14%
31/12/2018;4 240;4 240;4 240;4 240;12 512;53 050 880;0.95%
02/01/2019;4 220;4 220;4 220;4 220;818;3 451 960;-0.47%
03/01/2019;4 150;4 150;4 150;4 150;1 073;4 452 950;-1.66%
04/01/2019;4 050;4 050;4 050;4 050;181;733 050;-2.41%
07/01/2019;4 000;4 000;4 000;4 000;83;332 000;-1.23%
08/01/2019;3 990;3 990;3 990;3 990;878;3 503 220;-0.25%
09/01/2019;3 950;3 950;3 950;3 950;166;655 700;-1.00%
10/01/2019;3 900;3 900;3 900;3 900;169;659 100;-1.27%
11/01/2019;3 850;3 850;3 850;3 850;599;2 306 150;-1.28%
14/01/2019;3 695;3 695;3 695;3 695;235;868 325;-4.03%
15/01/2019;3 970;3 970;3 970;3 970;392;1 556 240;7.44%
16/01/2019;3 925;3 895;3 925;3 895;262;1 024 420;-1.13%
17/01/2019;3 700;3 850;3 850;3 700;892;3 367 300;-5.73%
18/01/2019;3 925;3 725;3 925;3 725;1 036;3 962 700;6.08%
21/01/2019;3 700;3 900;3 900;3 700;7 988;30 354 400;-5.73%
22/01/2019;3 800;3 700;3 800;3 700;115;431 250;2.70%
23/01/2019;3 635;3 750;3 750;3 635;410;1 513 925;-4.34%
24/01/2019;3 700;3 800;3 800;3 700;495;1 856 250;1.79%
25/01/2019;3 750;3 705;3 750;3 705;646;2 407 965;1.35%
28/01/2019;3 850;3 750;3 850;3 750;478;1 816 400;2.67%
29/01/2019;3 650;3 700;3 700;3 650;208;764 400;-5.19%
30/01/2019;3 840;3 650;3 840;3 650;2 420;9 062 900;5.21%
31/01/2019;3 800;3 900;3 900;3 800;246;947 100;-1.04%
01/02/2019;3 600;3 700;3 700;3 600;550;2 007 500;-5.26%
04/02/2019;3 800;3 795;3 800;3 795;176;668 360;5.56%
05/02/2019;3 890;3 700;3 890;3 700;1 594;6 049 230;2.37%
06/02/2019;3 840;3 900;3 900;3 840;1 387;5 367 690;-1.29%
07/02/2019;3 800;3 800;3 800;3 800;225;855 000;-1.04%
08/02/2019;3 840;3 840;3 840;3 840;50;192 000;1.05%
11/02/2019;3 800;3 840;3 840;3 800;1 828;6 982 960;-1.04%
12/02/2019;4 060;3 875;4 060;3 875;809;3 209 708;6.84%
13/02/2019;3 900;4 060;4 060;3 900;2 255;8 974 900;-3.94%
14/02/2019;4 000;3 900;4 000;3 900;2 500;9 875 000;2.56%
15/02/2019;3 900;3 920;3 920;3 900;2 651;10 365 410;-2.50%
18/02/2019;3 895;3 850;3 895;3 850;1 347;5 216 258;-0.13%
19/02/2019;3 900;3 800;3 900;3 800;385;1 482 250;0.13%
20/02/2019;3 895;3 800;3 895;3 800;186;715 635;-0.13%
21/02/2019;3 605;3 850;3 850;3 605;2 081;7 756 928;-7.45%
22/02/2019;3 800;3 800;3 800;3 800;341;1 295 800;5.41%
26/02/2019;3 800;3 800;3 800;3 800;1 031;3 917 800;0.53%
27/02/2019;3 780;3 750;3 780;3 750;417;1 570 005;-0.53%
28/02/2019;3 650;3 750;3 750;3 650;3 350;12 395 000;-3.44%
01/03/2019;3 800;3 700;3 800;3 700;1 667;6 251 250;4.11%
04/03/2019;3 785;3 550;3 785;3 550;1 221;4 478 018;-0.39%
05/03/2019;3 510;3 750;3 750;3 510;6 121;22 219 230;-7.27%
06/03/2019;3 700;3 740;3 740;3 700;13 739;51 109 080;5.41%
07/03/2019;3 505;3 595;3 595;3 505;269;954 950;-5.27%
08/03/2019;3 350;3 600;3 600;3 350;6 377;22 160 075;-4.42%
11/03/2019;3 495;3 600;3 600;3 495;5 055;17 932 613;4.33%
12/03/2019;3 240;3 490;3 490;3 240;5 936;19 974 640;-7.30%
13/03/2019;3 450;3 480;3 480;3 450;198;686 070;6.48%
14/03/2019;3 630;3 340;3 630;3 340;482;1 679 770;5.22%
15/03/2019;3 630;3 630;3 630;3 630;168;609 840;0.00%
18/03/2019;3 600;3 600;3 600;3 600;27;97 200;-0.83%
19/03/2019;3 595;3 630;3 630;3 595;1 902;6 870 975;-0.14%
20/03/2019;3 590;3 525;3 590;3 525;2 196;7 812 270;-0.14%
21/03/2019;3 500;3 395;3 500;3 395;5 679;19 578 353;-2.51%
22/03/2019;3 595;3 495;3 595;3 495;1 690;5 991 050;2.71%
25/03/2019;3 550;3 500;3 550;3 500;2 516;8 868 900;-1.25%
26/03/2019;3 340;3 455;3 455;3 340;12 605;42 825 488;-5.92%
27/03/2019;3 300;3 340;3 340;3 300;22 708;75 390 560;-1.20%
28/03/2019;3 340;3 335;3 340;3 335;4 461;14 888 588;1.21%
29/03/2019;3 340;3 400;3 400;3 340;570;1 920 900;0.00%
01/04/2019;3 350;3 340;3 350;3 340;455;1 521 975;0.30%
02/04/2019;3 300;3 305;3 305;3 300;543;1 793 258;-1.49%
03/04/2019;3 350;3 340;3 350;3 340;6 033;20 180 385;1.52%
04/04/2019;3 300;3 300;3 300;3 300;446;1 471 800;-1.49%
05/04/2019;3 340;3 305;3 340;3 305;28;93 030;1.21%
08/04/2019;3 240;3 300;3 300;3 240;752;2 459 040;-2.99%
09/04/2019;3 300;3 300;3 300;3 300;7 541;24 885 300;1.85%
10/04/2019;3 300;3 295;3 300;3 295;547;1 803 733;0.00%
11/04/2019;3 200;3 300;3 300;3 200;250;812 500;-3.03%
12/04/2019;3 195;3 200;3 200;3 195;384;1 227 840;-0.16%
15/04/2019;3 295;3 200;3 295;3 200;77;250 058;3.13%
16/04/2019;3 300;3 200;3 300;3 200;132;429 000;0.15%
17/04/2019;3 645;3 445;3 645;3 445;17 080;60 548 600;10.45%
18/04/2019;3 600;3 645;3 645;3 600;780;2 825 550;-1.23%
19/04/2019;3 600;3 610;3 610;3 600;71;255 955;0.00%
22/04/2019;3 600;3 610;3 610;3 600;71;255 955;0.00%
23/04/2019;3 640;3 595;3 640;3 595;11 449;41 416 758;1.11%
24/04/2019;3 640;3 640;3 640;3 640;20;72 800;0.00%
25/04/2019;3 600;3 635;3 635;3 600;67;242 373;-1.10%
26/04/2019;3 550;3 490;3 550;3 490;3 185;11 211 200;-1.39%
29/04/2019;3 305;3 595;3 595;3 305;4 876;16 822 200;-6.90%
30/04/2019;3 550;3 550;3 550;3 550;42;149 100;7.41%
01/05/2019;3 550;3 550;3 550;3 550;42;149 100;0.00%
02/05/2019;3 550;3 550;3 550;3 550;915;3 248 250;0.00%
03/05/2019;3 595;3 550;3 595;3 550;489;1 746 953;1.27%
06/05/2019;3 550;3 605;3 605;3 550;6 794;24 305 535;-1.25%
07/05/2019;3 500;3 500;3 500;3 500;2 283;7 990 500;-1.41%
08/05/2019;3 590;3 500;3 590;3 500;485;1 719 325;2.57%
09/05/2019;3 850;3 350;3 850;3 350;3 228;11 620 800;7.24%
10/05/2019;3 795;3 800;3 800;3 795;209;793 678;-1.43%
13/05/2019;3 580;3 575;3 580;3 575;75;268 313;-5.67%
14/05/2019;3 600;3 500;3 600;3 500;260;923 000;0.56%
15/05/2019;3 580;3 600;3 600;3 580;66;236 940;-0.56%
16/05/2019;3 500;3 580;3 580;3 500;482;1 706 280;-2.23%
17/05/2019;3 500;3 300;3 500;3 300;598;2 033 200;0.00%
20/05/2019;3 335;3 500;3 500;3 335;324;1 107 270;-4.71%
21/05/2019;3 300;3 300;3 300;3 300;5 343;17 631 900;-1.05%
22/05/2019;3 250;3 300;3 300;3 250;201;658 275;-1.52%
23/05/2019;3 250;3 250;3 250;3 250;2 033;6 607 250;0.00%
27/05/2019;3 200;3 200;3 200;3 200;282;902 400;-0.93%
28/05/2019;3 190;3 200;3 200;3 190;392;1 252 440;-0.31%
29/05/2019;3 200;3 200;3 200;3 200;305;976 000;0.31%
30/05/2019;3 200;3 200;3 200;3 200;305;976 000;0.00%
31/05/2019;3 200;3 190;3 200;3 190;2 168;6 926 760;0.00%
03/06/2019;3 200;3 190;3 200;3 190;6 015;19 217 925;0.00%
05/06/2019;3 250;3 225;3 250;3 225;117;378 788;1.56%
06/06/2019;3 200;3 225;3 225;3 200;206;661 775;-1.54%
07/06/2019;3 250;3 225;3 250;3 225;168;543 900;1.56%
11/06/2019;3 225;3 250;3 250;3 225;496;1 605 800;-0.77%
12/06/2019;3 250;3 250;3 250;3 250;644;2 093 000;0.78%
13/06/2019;3 345;3 245;3 345;3 245;1 014;3 341 130;2.92%
14/06/2019;3 255;3 345;3 345;3 255;154;508 200;-2.69%
17/06/2019;3 255;3 250;3 255;3 250;1 049;3 411 873;0.00%
18/06/2019;3 290;3 285;3 290;3 285;1 447;4 757 013;1.08%
19/06/2019;3 200;3 255;3 255;3 200;1 082;3 492 155;-2.74%
20/06/2019;3 290;3 245;3 290;3 245;472;1 542 260;2.81%
21/06/2019;3 320;3 260;3 320;3 260;9 884;32 518 360;0.91%
24/06/2019;3 400;3 310;3 400;3 310;4 480;15 030 400;2.41%
25/06/2019;3 200;3 350;3 350;3 200;1 012;3 314 300;-5.88%
26/06/2019;3 290;3 290;3 290;3 290;30 014;98 746 060;2.81%
27/06/2019;3 280;3 205;3 280;3 205;2 446;7 931 155;-0.30%
28/06/2019;3 345;3 280;3 345;3 280;1 545;5 117 813;1.98%
01/07/2019;3 280;3 280;3 280;3 280;308;1 010 240;-1.94%
02/07/2019;3 300;3 280;3 300;3 280;111;365 190;0.61%
03/07/2019;3 295;3 280;3 295;3 280;106;348 475;-0.15%
04/07/2019;3 280;3 280;3 280;3 280;410;1 344 800;-0.46%
05/07/2019;3 280;3 280;3 280;3 280;557;1 826 960;0.00%
08/07/2019;3 300;3 295;3 300;3 295;110;362 725;0.61%
09/07/2019;3 250;3 280;3 280;3 250;175;571 375;-1.52%
10/07/2019;3 255;3 250;3 255;3 250;383;1 245 708;0.15%
11/07/2019;3 295;3 290;3 295;3 290;8 069;26 567 183;1.23%
12/07/2019;3 260;3 295;3 295;3 260;110;360 525;-1.06%
15/07/2019;3 295;3 290;3 295;3 290;1 087;3 578 948;1.07%
16/07/2019;3 275;3 295;3 295;3 275;50;164 250;-0.61%
17/07/2019;3 100;3 260;3 260;3 100;439;1 396 020;-5.34%
18/07/2019;3 090;3 080;3 090;3 080;3 396;10 476 660;-0.32%
19/07/2019;3 080;3 090;3 090;3 080;1 354;4 177 090;-0.32%
22/07/2019;3 090;3 075;3 090;3 075;2 994;9 229 005;0.32%
23/07/2019;3 060;3 100;3 100;3 060;13 235;40 763 800;-0.97%
24/07/2019;3 090;3 065;3 090;3 065;963;2 963 633;0.98%
25/07/2019;3 090;3 090;3 090;3 090;8 415;26 002 350;0.00%
26/07/2019;3 090;3 090;3 090;3 090;2 831;8 747 790;0.00%
29/07/2019;3 080;3 090;3 090;3 080;160;493 600;-0.32%
30/07/2019;3 080;3 000;3 080;3 000;452;1 374 080;0.00%
31/07/2019;3 015;3 070;3 070;3 015;5 853;17 807 753;-2.11%
01/08/2019;3 075;3 015;3 075;3 015;597;1 817 865;1.99%
02/08/2019;3 075;3 075;3 075;3 075;80;246 000;0.00%
05/08/2019;3 075;3 075;3 075;3 075;2 294;7 054 050;0.00%
06/08/2019;3 075;3 075;3 075;3 075;413;1 269 975;0.00%
07/08/2019;3 075;3 075;3 075;3 075;413;1 269 975;0.00%
08/08/2019;3 075;3 075;3 075;3 075;2 805;8 625 375;0.00%
09/08/2019;3 075;3 075;3 075;3 075;80 459;247 411 425;0.00%
12/08/2019;3 075;3 075;3 075;3 075;80 459;247 411 425;0.00%
13/08/2019;3 090;3 075;3 090;3 075;2 395;7 382 588;0.49%
14/08/2019;3 055;3 090;3 090;3 055;57;175 133;-1.13%
15/08/2019;3 055;3 090;3 090;3 055;57;175 133;0.00%
16/08/2019;3 080;3 080;3 080;3 080;6 156;18 960 480;0.82%
19/08/2019;3 075;3 080;3 080;3 075;161;495 478;-0.16%
20/08/2019;3 075;3 055;3 075;3 055;863;2 645 095;0.00%
21/08/2019;3 000;3 000;3 000;3 000;588;1 764 000;-2.44%
23/08/2019;3 000;3 000;3 000;3 000;1 136;3 408 000;0.17%
26/08/2019;3 000;3 005;3 005;3 000;1 906;5 722 765;0.00%
27/08/2019;3 000;3 000;3 000;3 000;2 199;6 597 000;0.00%
28/08/2019;3 000;3 000;3 000;3 000;1 335;4 005 000;0.00%
29/08/2019;2 990;2 995;2 995;2 990;1 518;4 542 615;-0.33%
30/08/2019;2 985;2 985;2 985;2 985;146;435 810;-0.17%
02/09/2019;2 850;2 990;2 990;2 850;4 650;13 578 000;-4.52%
03/09/2019;2 850;2 850;2 850;2 850;2 180;6 213 000;0.00%
04/09/2019;2 800;2 800;2 800;2 800;230;644 000;-1.75%
05/09/2019;2 835;2 800;2 835;2 800;674;1 898 995;1.25%
06/09/2019;2 880;2 835;2 880;2 835;1 926;5 503 545;1.59%
09/09/2019;2 880;2 835;2 880;2 835;229;654 368;0.00%
10/09/2019;2 800;2 880;2 880;2 800;1 290;3 663 600;-2.78%
11/09/2019;2 895;2 990;2 990;2 895;504;1 483 020;3.39%
12/09/2019;2 900;2 895;2 900;2 895;625;1 810 938;0.17%
13/09/2019;2 900;2 900;2 900;2 900;100;290 000;0.00%
16/09/2019;2 985;2 975;2 985;2 975;4 294;12 796 120;2.93%
17/09/2019;2 950;2 950;2 950;2 950;323;952 850;-1.17%
18/09/2019;2 840;2 800;2 840;2 800;168;473 760;-3.73%
19/09/2019;2 785;2 840;2 840;2 785;141;396 563;-1.94%
20/09/2019;2 745;2 750;2 750;2 745;203;557 743;-1.44%
23/09/2019;2 650;2 705;2 705;2 650;929;2 487 398;-3.46%
24/09/2019;2 650;2 700;2 700;2 650;705;1 885 875;0.00%
25/09/2019;2 570;2 600;2 600;2 570;565;1 460 525;-3.02%
26/09/2019;2 550;2 575;2 575;2 550;820;2 101 250;-0.78%
27/09/2019;2 600;2 555;2 600;2 555;1 160;2 989 900;1.96%
30/09/2019;2 725;2 600;2 725;2 600;2 306;6 139 725;4.81%
01/10/2019;2 600;2 695;2 695;2 600;311;823 373;-4.59%
02/10/2019;2 600;2 600;2 600;2 600;1 673;4 349 800;0.00%
03/10/2019;2 600;2 600;2 600;2 600;387;1 006 200;0.00%
04/10/2019;2 795;2 600;2 795;2 600;747;2 015 033;7.50%
07/10/2019;2 780;2 790;2 790;2 780;6 235;17 364 475;-0.54%
08/10/2019;2 760;2 750;2 760;2 750;88;242 440;-0.72%
09/10/2019;2 600;2 755;2 755;2 600;279;747 023;-5.80%
10/10/2019;2 720;2 745;2 745;2 720;182;497 315;4.62%
11/10/2019;2 690;2 700;2 700;2 690;1 630;4 392 850;-1.10%
14/10/2019;2 645;2 650;2 650;2 645;341;902 798;-1.67%
15/10/2019;2 600;2 620;2 620;2 600;619;1 615 590;-1.70%
16/10/2019;2 675;2 600;2 675;2 600;418;1 102 475;2.88%
17/10/2019;2 680;2 625;2 680;2 625;1 612;4 275 830;0.19%
18/10/2019;2 700;2 680;2 700;2 680;821;2 208 490;0.75%
21/10/2019;2 800;2 800;2 800;2 800;1 887;5 283 600;3.70%
22/10/2019;2 840;2 800;2 840;2 800;6 251;17 627 820;1.43%
23/10/2019;2 795;2 800;2 800;2 795;179;500 753;-1.58%
24/10/2019;2 795;2 795;2 795;2 795;335;936 325;0.00%
25/10/2019;2 800;2 790;2 800;2 790;684;1 911 780;0.18%
28/10/2019;3 000;2 795;3 000;2 795;2 785;8 069 538;7.14%
29/10/2019;3 000;2 900;3 000;2 900;2 169;6 398 550;0.00%
30/10/2019;2 800;2 950;2 950;2 800;89;255 875;-6.67%
31/10/2019;2 800;2 985;2 985;2 800;483;1 397 078;0.00%
01/11/2019;2 800;2 985;2 985;2 800;483;1 397 078;0.00%
04/11/2019;2 795;2 705;2 795;2 705;55 915;153 766 250;-0.18%
05/11/2019;2 795;2 800;2 800;2 795;1 943;5 435 543;0.00%
06/11/2019;2 995;2 700;2 995;2 700;2 891;8 232 123;7.16%
07/11/2019;2 900;2 900;2 900;2 900;163;472 700;-3.17%
08/11/2019;2 900;2 700;2 900;2 700;179;501 200;0.00%
11/11/2019;2 845;2 995;2 995;2 845;17;49 640;-1.90%
12/11/2019;2 800;2 700;2 800;2 700;80;220 000;-1.58%
13/11/2019;2 750;2 800;2 800;2 750;466;1 293 150;-1.79%
14/11/2019;2 730;2 740;2 740;2 730;116;317 260;-0.73%
18/11/2019;2 700;2 750;2 750;2 700;1 504;4 098 400;-1.10%
19/11/2019;2 700;2 700;2 700;2 700;1 314;3 547 800;0.00%
21/11/2019;2 685;2 500;2 685;2 500;2 748;7 124 190;7.40%
22/11/2019;2 700;2 695;2 700;2 695;2 590;6 986 525;0.56%
25/11/2019;2 695;2 700;2 700;2 695;2 245;6 055 888;-0.19%
26/11/2019;2 750;2 700;2 750;2 700;8 224;22 410 400;2.04%
27/11/2019;2 800;2 750;2 800;2 750;1 091;3 027 525;1.82%
28/11/2019;2 995;2 850;2 995;2 850;1 475;4 310 688;6.96%
29/11/2019;2 990;2 775;2 990;2 775;2 402;6 923 765;-0.17%
02/12/2019;3 095;2 995;3 095;2 995;8 459;25 757 655;3.51%
03/12/2019;3 200;2 950;3 200;2 950;2 169;6 669 675;3.39%
04/12/2019;3 400;3 000;3 400;3 000;1 193;3 817 600;6.25%
05/12/2019;3 390;3 300;3 390;3 300;1 319;4 412 055;-0.29%
06/12/2019;3 390;3 390;3 390;3 390;1;3 390;0.00%
09/12/2019;3 240;3 380;3 380;3 240;283;936 730;-4.42%
10/12/2019;3 400;3 235;3 400;3 235;4 267;14 155 773;4.94%
13/12/2019;3 250;3 295;3 295;3 250;671;2 195 848;-4.41%
16/12/2019;3 400;3 240;3 400;3 240;4 960;16 467 200;4.62%
17/12/2019;3 385;3 295;3 385;3 295;129;430 860;-0.44%
18/12/2019;3 380;3 350;3 380;3 350;73;245 645;-0.15%
19/12/2019;3 380;3 350;3 380;3 350;116;390 340;0.00%
20/12/2019;3 375;3 345;3 375;3 345;703;2 362 080;-0.15%
23/12/2019;3 325;3 325;3 325;3 325;628;2 088 100;-1.48%
24/12/2019;3 550;3 300;3 550;3 300;22 770;77 987 250;6.77%
25/12/2019;3 550;3 300;3 550;3 300;22 770;77 987 250;0.00%
26/12/2019;3 750;3 580;3 750;3 580;9 095;33 333 175;5.63%
27/12/2019;3 900;3 750;3 900;3 750;9 766;37 354 950;4.00%
30/12/2019;3 990;3 800;3 990;3 800;10 103;39 351 185;2.31%
31/12/2019;3 990;3 700;3 990;3 700;6 685;25 703 825;0.00%
01/01/2020;3 990;3 700;3 990;3 700;6 685;25 703 825;0.00%
02/01/2020;3 695;3 695;3 695;3 695;8;29 560;-7.39%
03/01/2020;3 420;3 450;3 450;3 420;302;1 037 370;-7.44%
06/01/2020;3 180;3 250;3 250;3 180;1 288;4 140 920;-7.02%
07/01/2020;3 180;3 200;3 200;3 180;460;1 467 400;0.00%
08/01/2020;3 070;3 050;3 070;3 050;28;85 680;-3.46%
09/01/2020;3 200;3 075;3 200;3 075;1 288;4 041 100;4.23%
10/01/2020;3 195;3 195;3 195;3 195;1 406;4 492 170;-0.16%
13/01/2020;3 200;3 200;3 200;3 200;405;1 296 000;0.16%
14/01/2020;3 115;3 195;3 195;3 115;411;1 296 705;-2.66%
15/01/2020;3 345;3 185;3 345;3 185;1 433;4 678 745;7.38%
16/01/2020;3 200;3 400;3 400;3 200;1 929;6 365 700;-4.33%
17/01/2020;3 195;3 200;3 200;3 195;1 422;4 546 845;-0.16%
20/01/2020;3 200;3 150;3 200;3 150;749;2 378 075;0.16%
21/01/2020;3 195;3 200;3 200;3 195;1 766;5 646 785;-0.16%
22/01/2020;3 390;3 160;3 390;3 160;4 857;15 906 675;6.10%
23/01/2020;3 390;3 395;3 395;3 390;2 239;7 595 808;0.00%
24/01/2020;3 390;3 390;3 390;3 390;3 527;11 956 530;0.00%
27/01/2020;3 380;3 205;3 380;3 205;2 298;7 566 165;-0.29%
28/01/2020;3 370;3 380;3 380;3 370;41;138 375;-0.30%
29/01/2020;3 350;3 355;3 355;3 350;4 750;15 924 375;-0.59%
30/01/2020;3 350;3 300;3 350;3 300;98;325 850;0.00%
31/01/2020;3 350;3 205;3 350;3 205;1 846;6 050 265;0.00%
03/02/2020;3 150;3 150;3 150;3 150;2 728;8 593 200;-5.97%
04/02/2020;3 350;3 350;3 350;3 350;178;596 300;6.35%
05/02/2020;3 300;3 350;3 350;3 300;7 936;26 387 200;-1.49%
06/02/2020;3 150;3 295;3 295;3 150;250;805 625;-4.55%
07/02/2020;3 100;3 150;3 150;3 100;16 548;51 712 500;-1.59%
10/02/2020;2 900;3 000;3 000;2 900;24 175;71 316 250;-6.45%
11/02/2020;2 900;3 100;3 100;2 900;2 887;8 661 000;0.00%
12/02/2020;2 900;3 100;3 100;2 900;2 887;8 661 000;0.00%
13/02/2020;2 900;2 900;2 900;2 900;5 665;16 428 500;0.00%
14/02/2020;2 900;2 810;2 900;2 810;418;1 193 390;0.00%
17/02/2020;2 900;2 900;2 900;2 900;1 352;3 920 800;0.00%
18/02/2020;2 900;2 895;2 900;2 895;705;2 042 738;0.00%
19/02/2020;2 900;2 900;2 900;2 900;1 064;3 085 600;0.00%
20/02/2020;2 900;2 900;2 900;2 900;2 571;7 455 900;0.00%
21/02/2020;3 000;3 000;3 000;3 000;7 139;21 417 000;3.45%
24/02/2020;2 900;3 000;3 000;2 900;823;2 427 850;-3.33%
25/02/2020;2 850;2 900;2 900;2 850;162;465 750;-1.72%
26/02/2020;2 850;2 850;2 850;2 850;1 544;4 400 400;0.00%
27/02/2020;2 860;2 860;2 860;2 860;285;815 100;0.35%
28/02/2020;3 000;3 000;3 000;3 000;40;120 000;4.90%
02/03/2020;3 000;3 000;3 000;3 000;343;1 029 000;0.00%
03/03/2020;3 000;3 000;3 000;3 000;879;2 637 000;0.00%
04/03/2020;3 010;3 000;3 010;3 000;1 148;3 449 740;0.33%
05/03/2020;2 860;3 015;3 015;2 860;1 205;3 539 688;-4.98%
06/03/2020;3 070;2 840;3 070;2 840;228;673 740;7.34%
09/03/2020;3 195;3 100;3 195;3 100;477;1 501 358;4.07%
10/03/2020;3 195;3 065;3 195;3 065;163;510 190;0.00%
11/03/2020;3 150;3 150;3 150;3 150;410;1 291 500;-1.41%
12/03/2020;3 195;3 195;3 195;3 195;13;41 535;1.43%
13/03/2020;3 120;3 150;3 150;3 120;1 218;3 818 430;-2.35%
16/03/2020;3 100;3 120;3 120;3 100;108;335 880;-0.64%
17/03/2020;3 100;3 100;3 100;3 100;71;220 100;0.00%
18/03/2020;3 100;3 120;3 120;3 100;270;839 700;0.00%
19/03/2020;3 000;3 100;3 100;3 000;1 084;3 306 200;-3.23%
20/03/2020;3 000;3 000;3 000;3 000;580;1 740 000;0.00%
23/03/2020;2 900;2 900;2 900;2 900;45;130 500;-3.33%
24/03/2020;2 900;2 905;2 905;2 900;917;2 661 593;0.00%
25/03/2020;2 905;3 000;3 000;2 905;425;1 254 813;0.17%
26/03/2020;3 100;2 905;3 100;2 905;508;1 525 270;6.71%
27/03/2020;3 100;2 900;3 100;2 900;1 213;3 639 000;0.00%
30/03/2020;3 100;3 000;3 100;3 000;1 584;4 831 200;0.00%
31/03/2020;2 905;3 100;3 100;2 905;815;2 447 038;-6.29%
01/04/2020;3 100;3 120;3 120;3 100;3 137;9 756 070;6.71%
02/04/2020;3 100;3 105;3 105;3 100;275;853 188;0.00%
03/04/2020;3 050;3 100;3 100;3 050;274;842 550;-1.61%
06/04/2020;2 995;3 055;3 055;2 995;2 370;7 169 250;-1.80%
07/04/2020;2 995;2 995;2 995;2 995;104;311 480;0.00%
08/04/2020;2 955;3 050;3 050;2 955;318;954 795;-1.34%
09/04/2020;2 975;2 995;2 995;2 975;200;597 000;0.68%
10/04/2020;2 975;2 975;2 975;2 975;192;571 200;0.00%
13/04/2020;2 975;2 975;2 975;2 975;192;571 200;0.00%
14/04/2020;3 005;3 000;3 005;3 000;93;279 233;1.01%
15/04/2020;3 100;3 010;3 100;3 010;267;815 685;3.16%
16/04/2020;3 125;3 090;3 125;3 090;115;357 363;0.81%
17/04/2020;2 995;3 105;3 105;2 995;4 473;13 642 650;-4.16%
20/04/2020;3 000;3 000;3 000;3 000;3 681;11 043 000;0.17%
21/04/2020;3 000;3 000;3 000;3 000;1 682;5 046 000;0.00%
22/04/2020;3 125;3 000;3 125;3 000;260;796 250;4.17%
23/04/2020;3 100;3 100;3 100;3 100;69;213 900;-0.80%
24/04/2020;3 000;3 090;3 090;3 000;300;913 500;-3.23%
27/04/2020;3 000;3 000;3 000;3 000;160;480 000;0.00%
28/04/2020;3 050;3 050;3 050;3 050;60;183 000;1.67%
29/04/2020;3 045;3 030;3 045;3 030;175;531 563;-0.16%
30/04/2020;3 050;3 050;3 050;3 050;380;1 159 000;0.16%
01/05/2020;3 050;3 050;3 050;3 050;380;1 159 000;0.00%
04/05/2020;3 050;3 100;3 100;3 050;917;2 819 775;0.00%
05/05/2020;3 050;3 050;3 050;3 050;1 091;3 327 550;0.00%
06/05/2020;3 050;3 050;3 050;3 050;151;460 550;0.00%
07/05/2020;2 955;3 000;3 000;2 955;2 517;7 494 368;-3.11%
08/05/2020;3 000;3 095;3 095;3 000;466;1 420 135;1.52%
11/05/2020;2 850;2 955;2 955;2 850;1 229;3 567 173;-5.00%
12/05/2020;2 850;2 900;2 900;2 850;580;1 667 500;0.00%
13/05/2020;3 000;2 850;3 000;2 850;620;1 813 500;5.26%
14/05/2020;2 900;2 900;2 900;2 900;572;1 658 800;-3.33%
15/05/2020;3 000;3 000;3 000;3 000;4 406;13 218 000;3.45%
18/05/2020;2 910;2 990;2 990;2 910;3 389;9 997 550;-3.00%
19/05/2020;2 995;2 930;2 995;2 930;1 255;3 717 938;2.92%
22/05/2020;3 000;2 900;3 000;2 900;893;2 634 350;0.17%
25/05/2020;3 000;3 000;3 000;3 000;573;1 719 000;0.00%
26/05/2020;3 000;3 000;3 000;3 000;27;81 000;0.00%
27/05/2020;3 005;3 000;3 005;3 000;1 508;4 527 770;0.17%
28/05/2020;3 120;3 005;3 120;3 005;333;1 019 813;3.83%
29/05/2020;3 100;3 120;3 120;3 100;1 126;3 501 860;-0.64%
01/06/2020;3 100;3 120;3 120;3 100;1 126;3 501 860;0.00%
02/06/2020;3 190;3 140;3 190;3 140;176;557 040;2.90%
03/06/2020;3 200;3 190;3 200;3 190;313;1 000 035;0.31%
04/06/2020;3 400;3 200;3 400;3 200;655;2 161 500;6.25%
05/06/2020;3 420;3 400;3 420;3 400;175;596 750;0.59%
08/06/2020;3 390;3 390;3 390;3 390;678;2 298 420;-0.88%
09/06/2020;3 390;3 305;3 390;3 305;2 250;7 531 875;0.00%
10/06/2020;3 390;3 380;3 390;3 380;2 513;8 506 505;0.00%
11/06/2020;3 400;3 375;3 400;3 375;2 752;9 322 400;0.29%
12/06/2020;3 390;3 395;3 395;3 390;1 255;4 257 588;-0.29%
15/06/2020;3 395;3 350;3 395;3 350;3 397;11 456 383;0.15%
16/06/2020;3 385;3 400;3 400;3 385;280;949 900;-0.29%
17/06/2020;3 390;3 385;3 390;3 385;744;2 520 300;0.15%
18/06/2020;3 395;3 390;3 395;3 390;4 904;16 636 820;0.15%
19/06/2020;3 400;3 400;3 400;3 400;670;2 278 000;0.15%
22/06/2020;3 400;3 390;3 400;3 390;965;3 276 175;0.00%
23/06/2020;3 390;3 400;3 400;3 390;666;2 261 070;-0.29%
24/06/2020;3 400;3 400;3 400;3 400;15 488;52 659 200;0.29%
25/06/2020;3 410;3 400;3 410;3 400;158;537 990;0.29%
26/06/2020;3 390;3 415;3 415;3 390;350;1 190 875;-0.59%
29/06/2020;3 400;3 400;3 400;3 400;1 620;5 508 000;0.29%
30/06/2020;3 400;3 420;3 420;3 400;2 079;7 089 390;0.00%
01/07/2020;3 400;3 400;3 400;3 400;5 993;20 376 200;0.00%
02/07/2020;3 400;3 420;3 420;3 400;13 502;46 041 820;0.00%
03/07/2020;3 375;3 400;3 400;3 375;1 533;5 193 038;-0.74%
06/07/2020;3 370;3 375;3 375;3 370;237;799 283;-0.15%
07/07/2020;3 375;3 370;3 375;3 370;883;2 977 918;0.15%
08/07/2020;3 375;3 390;3 390;3 375;1 823;6 166 298;0.00%
09/07/2020;3 300;3 375;3 375;3 300;2 164;7 222 350;-2.22%
10/07/2020;3 345;3 350;3 350;3 345;2 122;7 103 395;1.36%
13/07/2020;3 300;3 350;3 350;3 300;1 354;4 502 050;-1.35%
14/07/2020;3 300;3 345;3 345;3 300;1 171;3 890 648;0.00%
15/07/2020;3 200;3 390;3 390;3 200;1 005;3 311 475;-3.03%
16/07/2020;3 050;2 850;3 050;2 850;436;1 286 200;-4.69%
17/07/2020;3 150;2 900;3 150;2 900;280;847 000;3.28%
20/07/2020;3 125;3 125;3 125;3 125;795;2 484 375;-0.79%
21/07/2020;3 065;3 085;3 085;3 065;79;242 925;-1.92%
22/07/2020;2 955;3 000;3 000;2 955;438;1 304 145;-3.59%
23/07/2020;2 900;2 900;2 900;2 900;1 263;3 662 700;-1.86%
24/07/2020;2 885;2 890;2 890;2 885;94;271 425;-0.52%
27/07/2020;2 885;2 850;2 885;2 850;571;1 637 343;0.00%
28/07/2020;2 885;2 850;2 885;2 850;325;931 938;0.00%
29/07/2020;2 900;2 885;2 900;2 885;721;2 085 493;0.52%
30/07/2020;2 900;2 900;2 900;2 900;1 886;5 469 400;0.00%
31/07/2020;2 900;2 900;2 900;2 900;1 886;5 469 400;0.00%
03/08/2020;2 850;2 905;2 905;2 850;585;1 683 338;-1.72%
04/08/2020;2 900;2 800;2 900;2 800;1 806;5 147 100;1.75%
05/08/2020;2 900;2 900;2 900;2 900;2 286;6 629 400;0.00%
06/08/2020;2 900;2 800;2 900;2 800;440;1 254 000;0.00%
07/08/2020;2 900;2 800;2 900;2 800;440;1 254 000;0.00%
10/08/2020;3 000;2 900;3 000;2 900;250;737 500;3.45%
11/08/2020;2 950;2 995;2 995;2 950;388;1 153 330;-1.67%
12/08/2020;2 945;2 900;2 945;2 900;187;546 508;-0.17%
13/08/2020;2 925;2 900;2 925;2 900;227;661 138;-0.68%
14/08/2020;3 000;2 925;3 000;2 925;576 919;1 709 122 538;2.56%
17/08/2020;2 925;3 000;3 000;2 925;292;865 050;-2.50%
18/08/2020;2 900;2 900;2 900;2 900;715;2 073 500;-0.85%
21/08/2020;2 900;2 950;2 950;2 900;90;263 250;0.00%
24/08/2020;2 900;2 900;2 900;2 900;332;962 800;0.00%
25/08/2020;2 900;2 900;2 900;2 900;6 084;17 643 600;0.00%
26/08/2020;2 930;2 900;2 930;2 900;184;536 360;1.03%
27/08/2020;2 930;2 930;2 930;2 930;1 758;5 150 940;0.00%
28/08/2020;3 050;3 000;3 050;3 000;771;2 332 275;4.10%
31/08/2020;3 000;2 825;3 000;2 825;376;1 095 100;-1.64%
01/09/2020;2 885;2 925;2 925;2 885;304;883 120;-3.83%
02/09/2020;2 800;2 850;2 850;2 800;351;991 575;-2.95%
03/09/2020;2 800;2 820;2 820;2 800;517;1 452 770;0.00%
04/09/2020;2 850;2 800;2 850;2 800;238;672 350;1.79%
07/09/2020;2 800;2 830;2 830;2 800;1 559;4 388 585;-1.75%
08/09/2020;2 800;2 850;2 850;2 800;1 123;3 172 475;0.00%
09/09/2020;2 850;2 850;2 850;2 850;1 276;3 636 600;1.79%
10/09/2020;2 800;2 810;2 810;2 800;6 151;17 253 555;-1.75%
11/09/2020;2 850;2 850;2 850;2 850;1;2 850;1.79%
14/09/2020;2 805;2 805;2 805;2 805;75;210 375;-1.58%
15/09/2020;2 850;2 850;2 850;2 850;30;85 500;1.60%
16/09/2020;2 840;2 820;2 840;2 820;314;888 620;-0.35%
17/09/2020;2 845;2 840;2 845;2 840;298;847 065;0.18%
18/09/2020;2 825;2 845;2 845;2 825;494;1 400 490;-0.70%
21/09/2020;2 850;2 850;2 850;2 850;945;2 693 250;0.88%
22/09/2020;2 950;2 840;2 950;2 840;304;880 080;3.51%
23/09/2020;2 950;2 840;2 950;2 840;304;880 080;0.00%
24/09/2020;2 950;2 840;2 950;2 840;304;880 080;0.00%
25/09/2020;2 950;2 840;2 950;2 840;304;880 080;0.00%
28/09/2020;2 990;2 950;2 990;2 950;690;2 049 300;1.36%
29/09/2020;3 000;2 990;3 000;2 990;129;386 355;0.33%
30/09/2020;3 185;3 000;3 185;3 000;1 092;3 377 010;6.17%
01/10/2020;3 000;3 000;3 000;3 000;87;261 000;-5.81%
02/10/2020;3 000;3 000;3 000;3 000;8;24 000;0.00%
05/10/2020;2 900;2 900;2 900;2 900;2 175;6 307 500;-3.33%
06/10/2020;2 900;2 850;2 900;2 850;7 336;21 091 000;0.00%
07/10/2020;3 085;2 900;3 085;2 900;805;2 408 963;6.38%
08/10/2020;2 890;2 900;2 900;2 890;26;75 270;-6.32%
09/10/2020;2 900;2 855;2 900;2 855;3 134;9 018 085;0.35%
12/10/2020;2 890;2 895;2 895;2 890;1 184;3 424 720;-0.34%
13/10/2020;2 700;2 745;2 745;2 700;210;571 725;-6.57%
14/10/2020;2 895;2 700;2 895;2 700;653;1 826 768;7.22%
15/10/2020;2 895;2 885;2 895;2 885;3 673;10 614 970;0.00%
16/10/2020;2 950;2 885;2 950;2 885;1 187;3 463 073;1.90%
19/10/2020;3 050;2 930;3 050;2 930;889;2 658 110;3.39%
20/10/2020;3 040;3 040;3 040;3 040;2;6 080;-0.33%
21/10/2020;3 050;3 040;3 050;3 040;3 772;11 485 740;0.33%
22/10/2020;3 040;2 990;3 040;2 990;179;539 685;-0.33%
23/10/2020;3 025;3 000;3 025;3 000;287;864 588;-0.49%
26/10/2020;2 900;2 900;2 900;2 900;4;11 600;-4.13%
27/10/2020;3 050;2 700;3 050;2 700;2 527;7 265 125;5.17%
28/10/2020;3 200;3 050;3 200;3 050;716;2 237 500;4.92%
29/10/2020;3 200;3 050;3 200;3 050;716;2 237 500;0.00%
30/10/2020;3 400;3 100;3 400;3 100;1 378;4 478 500;6.25%
03/11/2020;3 145;3 200;3 200;3 145;178;564 705;-7.50%
04/11/2020;2 910;3 145;3 145;2 910;475;1 438 063;-7.47%
05/11/2020;3 125;2 910;3 125;2 910;1 000 108;3 017 825 890;7.39%
06/11/2020;3 200;3 005;3 200;3 005;465;1 442 663;2.40%
09/11/2020;3 200;3 125;3 200;3 125;365;1 154 313;0.00%
10/11/2020;3 200;3 195;3 200;3 195;4 296;13 736 460;0.00%
11/11/2020;3 200;3 200;3 200;3 200;191;611 200;0.00%
12/11/2020;3 190;3 140;3 190;3 140;95;300 675;-0.31%
13/11/2020;3 200;3 050;3 200;3 050;544;1 700 000;0.31%
16/11/2020;3 290;3 200;3 290;3 200;199;645 755;2.81%
17/11/2020;3 250;3 250;3 250;3 250;12 645;41 096 250;-1.22%
18/11/2020;3 400;3 250;3 400;3 250;1 160;3 857 000;4.62%
19/11/2020;3 255;3 255;3 255;3 255;365;1 188 075;-4.26%
20/11/2020;3 300;3 250;3 300;3 250;7 797;25 535 175;1.38%
23/11/2020;3 390;3 250;3 390;3 250;1 442;4 787 440;2.73%
24/11/2020;3 385;3 255;3 385;3 255;1 599;5 308 680;-0.15%
25/11/2020;3 385;3 385;3 385;3 385;256;866 560;0.00%
26/11/2020;3 380;3 385;3 385;3 380;131;443 108;-0.15%
27/11/2020;3 380;3 390;3 390;3 380;103;348 655;0.00%
30/11/2020;3 370;3 350;3 370;3 350;84;282 240;-0.30%
01/12/2020;3 375;3 350;3 375;3 350;289;971 763;0.15%
02/12/2020;3 390;3 375;3 390;3 375;1 049;3 548 243;0.44%
03/12/2020;3 370;3 375;3 375;3 370;47;158 508;-0.59%
04/12/2020;3 375;3 300;3 375;3 300;2 630;8 777 625;0.15%
07/12/2020;3 150;3 200;3 200;3 150;4 510;14 319 250;-6.67%
08/12/2020;3 380;3 160;3 380;3 160;1 270;4 152 900;7.30%
09/12/2020;3 150;3 200;3 200;3 150;9 482;30 105 350;-6.80%
10/12/2020;3 380;3 150;3 380;3 150;629 772;2 056 205 580;7.30%
11/12/2020;3 390;3 375;3 390;3 375;1 254;4 241 655;0.30%
14/12/2020;3 390;3 390;3 390;3 390;4;13 560;0.00%
15/12/2020;3 285;3 175;3 285;3 175;1 065;3 439 950;-3.10%
16/12/2020;3 390;3 285;3 390;3 285;5 421;18 092 588;3.20%
17/12/2020;3 300;3 350;3 350;3 300;2 444;8 126 300;-2.65%
18/12/2020;3 515;3 290;3 515;3 290;31 086;105 770 115;6.52%
21/12/2020;3 490;3 490;3 490;3 490;100;349 000;-0.71%
22/12/2020;3 500;3 490;3 500;3 490;10 422;36 424 890;0.29%
23/12/2020;3 640;3 490;3 640;3 490;93 862;334 618 030;4.00%
24/12/2020;3 640;3 495;3 640;3 495;2 012;7 177 810;0.00%
25/12/2020;3 640;3 495;3 640;3 495;2 012;7 177 810;0.00%
28/12/2020;3 795;3 630;3 795;3 630;18 701;69 427 463;4.26%
29/12/2020;3 650;3 650;3 650;3 650;14;51 100;-3.82%
30/12/2020;3 800;3 800;3 800;3 800;85 000;323 000 000;4.11%
31/12/2020;3 895;3 800;3 895;3 800;1 050 022;4 039 959 645;2.50%
05/01/2021;3 605;3 605;3 605;3 605;10;36 050;-7.45%
06/01/2021;3 400;3 640;3 640;3 400;1 022;3 597 440;-5.69%
07/01/2021;3 200;3 300;3 300;3 200;654;2 125 500;-5.88%
08/01/2021;3 200;3 205;3 205;3 200;2 291;7 336 928;0.00%
11/01/2021;3 105;3 100;3 105;3 100;667;2 069 368;-2.97%
12/01/2021;3 200;3 105;3 200;3 105;1 950;6 147 375;3.06%
13/01/2021;3 105;3 200;3 200;3 105;8 570;27 016 925;-2.97%
14/01/2021;3 100;3 105;3 105;3 100;985;3 055 963;-0.16%
15/01/2021;3 100;3 100;3 100;3 100;388;1 202 800;0.00%
18/01/2021;3 105;3 085;3 105;3 085;413;1 278 235;0.16%
19/01/2021;3 200;3 200;3 200;3 200;260;832 000;3.06%
20/01/2021;3 250;3 195;3 250;3 195;995;3 206 388;1.56%
21/01/2021;3 295;3 250;3 295;3 250;789;2 582 003;1.38%
22/01/2021;3 395;3 290;3 395;3 290;939;3 138 608;3.03%
25/01/2021;3 395;3 200;3 395;3 200;205;675 988;0.00%
26/01/2021;3 300;3 300;3 300;3 300;87;287 100;-2.80%
27/01/2021;3 400;3 300;3 400;3 300;870;2 914 500;3.03%
28/01/2021;3 385;3 400;3 400;3 385;226;766 705;-0.44%
29/01/2021;3 390;3 330;3 390;3 330;1 319;4 431 840;0.15%
01/02/2021;3 400;3 385;3 400;3 385;773;2 622 403;0.29%
02/02/2021;3 255;3 400;3 400;3 255;1 734;5 769 885;-4.26%
03/02/2021;3 390;3 310;3 390;3 310;450;1 507 500;4.15%
04/02/2021;3 395;3 400;3 400;3 395;701;2 381 648;0.15%
05/02/2021;3 390;3 395;3 395;3 390;2 403;8 152 178;-0.15%
08/02/2021;3 350;3 325;3 350;3 325;170;567 375;-1.18%
09/02/2021;3 350;3 350;3 350;3 350;84;281 400;0.00%
10/02/2021;3 350;3 310;3 350;3 310;894;2 977 020;0.00%
11/02/2021;3 325;3 200;3 325;3 200;1 492;4 867 650;-0.75%
12/02/2021;3 295;3 300;3 300;3 295;202;666 095;-0.90%
15/02/2021;3 300;3 295;3 300;3 295;150;494 625;0.15%
16/02/2021;3 295;3 295;3 295;3 295;490;1 614 550;-0.15%
17/02/2021;3 300;3 295;3 300;3 295;355;1 170 613;0.15%
18/02/2021;3 295;3 290;3 295;3 290;420;1 382 850;-0.15%
19/02/2021;3 290;3 290;3 290;3 290;60;197 400;-0.15%
22/02/2021;3 290;3 290;3 290;3 290;877;2 885 330;0.00%
23/02/2021;3 300;3 325;3 325;3 300;314;1 040 125;0.30%
24/02/2021;3 290;3 300;3 300;3 290;546;1 799 070;-0.30%
25/02/2021;3 295;3 300;3 300;3 295;670;2 209 325;0.15%
26/02/2021;3 325;3 295;3 325;3 295;323;1 069 130;0.91%
01/03/2021;3 500;3 450;3 500;3 450;454;1 577 650;5.26%
02/03/2021;3 425;3 500;3 500;3 425;772;2 673 050;-2.14%
03/03/2021;3 500;3 400;3 500;3 400;340;1 173 000;2.19%
04/03/2021;3 500;3 520;3 520;3 500;910;3 194 100;0.00%
05/03/2021;3 550;3 500;3 550;3 500;8;28 200;1.43%
08/03/2021;3 530;3 550;3 550;3 530;50;177 000;-0.56%
09/03/2021;3 500;3 500;3 500;3 500;2 420;8 470 000;-0.85%
10/03/2021;3 500;3 500;3 500;3 500;305;1 067 500;0.00%
11/03/2021;3 515;3 500;3 515;3 500;1 902;6 671 265;0.43%
12/03/2021;3 550;3 515;3 550;3 515;73;257 873;1.00%
15/03/2021;3 550;3 515;3 550;3 515;309;1 091 543;0.00%
16/03/2021;3 500;3 565;3 565;3 500;1 357;4 793 603;-1.41%
17/03/2021;3 500;3 500;3 500;3 500;430;1 505 000;0.00%
18/03/2021;3 500;3 500;3 500;3 500;1 453;5 085 500;0.00%
19/03/2021;3 500;3 500;3 500;3 500;2 161;7 563 500;0.00%
22/03/2021;3 580;3 500;3 580;3 500;890;3 150 600;2.29%
23/03/2021;3 600;3 580;3 600;3 580;426;1 529 340;0.56%
24/03/2021;3 600;3 590;3 600;3 590;665;2 390 675;0.00%
25/03/2021;3 595;3 600;3 600;3 595;311;1 118 823;-0.14%
26/03/2021;3 350;3 580;3 580;3 350;4 643;16 087 995;-6.82%
29/03/2021;3 300;3 325;3 325;3 300;106 044;351 270 750;-1.49%
30/03/2021;3 545;3 345;3 545;3 345;453;1 560 585;7.42%
31/03/2021;3 310;3 550;3 550;3 310;2 804;9 617 720;-6.63%
01/04/2021;3 555;3 350;3 555;3 350;342;1 180 755;7.40%
02/04/2021;3 590;3 550;3 590;3 550;713;2 545 410;0.98%
05/04/2021;3 590;3 550;3 590;3 550;713;2 545 410;0.00%
06/04/2021;3 400;3 590;3 590;3 400;3 174;11 093 130;-5.29%
07/04/2021;3 600;3 595;3 600;3 595;13 818;49 710 255;5.88%
08/04/2021;3 600;3 600;3 600;3 600;1 078;3 880 800;0.00%
09/04/2021;3 500;3 600;3 600;3 500;312;1 107 600;-2.78%
12/04/2021;3 400;3 500;3 500;3 400;1 029;3 550 050;-2.86%
13/04/2021;3 200;3 500;3 500;3 200;41 501;139 028 350;-5.88%
14/04/2021;3 210;3 440;3 440;3 210;2 405;7 996 625;0.31%
15/04/2021;3 300;3 210;3 300;3 210;163 514;532 238 070;2.80%
16/04/2021;3 500;3 305;3 500;3 305;57;193 943;6.06%
19/04/2021;3 495;3 490;3 495;3 490;236;824 230;-0.14%
20/04/2021;3 480;3 495;3 495;3 480;142 330;496 375 875;-0.43%
21/04/2021;3 450;3 480;3 480;3 450;92;318 780;-0.86%
22/04/2021;3 500;3 450;3 500;3 450;4 721;16 405 475;1.45%
23/04/2021;3 600;3 500;3 600;3 500;2 418;8 583 900;2.86%
26/04/2021;3 595;3 600;3 600;3 595;97;348 958;-0.14%
27/04/2021;3 500;3 590;3 590;3 500;658;2 332 610;-2.64%
28/04/2021;3 590;3 600;3 600;3 590;606;2 178 570;2.57%
29/04/2021;3 590;3 555;3 590;3 555;317;1 132 483;0.00%
30/04/2021;3 600;3 600;3 600;3 600;30;108 000;0.28%
03/05/2021;3 590;3 600;3 600;3 590;586;2 106 670;-0.28%
04/05/2021;3 345;3 115;3 345;3 115;567;1 831 410;-6.82%
05/05/2021;3 500;3 535;3 535;3 500;743;2 613 503;4.63%
06/05/2021;3 405;3 405;3 405;3 405;590;2 008 950;-2.71%
07/05/2021;3 450;3 150;3 450;3 150;388;1 280 400;1.32%
10/05/2021;3 300;3 445;3 445;3 300;194;654 265;-4.35%
11/05/2021;3 290;3 295;3 295;3 290;2 601;8 563 793;-0.30%
12/05/2021;3 290;3 295;3 295;3 290;2 601;8 563 793;0.00%
14/05/2021;3 200;3 200;3 200;3 200;2 028;6 489 600;-2.74%
17/05/2021;3 225;3 200;3 225;3 200;627;2 014 238;0.78%
18/05/2021;3 250;3 245;3 250;3 245;419;1 360 703;0.78%
19/05/2021;3 250;3 250;3 250;3 250;266;864 500;0.00%
20/05/2021;3 200;3 250;3 250;3 200;3 659;11 800 275;-1.54%
21/05/2021;3 250;3 200;3 250;3 200;3 212;10 358 700;1.56%
24/05/2021;3 250;3 200;3 250;3 200;3 212;10 358 700;0.00%
25/05/2021;3 350;3 250;3 350;3 250;716;2 362 800;3.08%
26/05/2021;3 350;3 350;3 350;3 350;601;2 013 350;0.00%
27/05/2021;3 425;3 400;3 425;3 400;536;1 829 100;2.24%
28/05/2021;3 350;3 350;3 350;3 350;1 057;3 540 950;-2.19%
31/05/2021;3 400;3 400;3 400;3 400;260;884 000;1.49%
01/06/2021;3 400;3 400;3 400;3 400;1 304;4 433 600;0.00%
02/06/2021;3 390;3 400;3 400;3 390;723;2 454 585;-0.29%
03/06/2021;3 375;3 390;3 390;3 375;210;710 325;-0.44%
04/06/2021;3 375;3 385;3 385;3 375;154;520 520;0.00%
07/06/2021;3 390;3 390;3 390;3 390;422;1 430 580;0.44%
08/06/2021;3 300;3 390;3 390;3 300;1 166;3 900 270;-2.65%
09/06/2021;3 385;3 300;3 385;3 300;532;1 778 210;2.58%
10/06/2021;3 375;3 390;3 390;3 375;1 185;4 008 263;-0.30%
11/06/2021;3 400;3 355;3 400;3 355;2 034;6 869 835;0.74%
14/06/2021;3 400;3 410;3 410;3 400;657;2 237 085;0.00%
15/06/2021;3 475;3 480;3 480;3 475;90;312 975;2.21%
16/06/2021;3 475;3 470;3 475;3 470;18 814;65 331 615;0.00%
17/06/2021;3 400;3 460;3 460;3 400;685;2 349 550;-2.16%
18/06/2021;3 400;3 400;3 400;3 400;1 060;3 604 000;0.00%
21/06/2021;3 400;3 400;3 400;3 400;341;1 159 400;0.00%
22/06/2021;3 395;3 400;3 400;3 395;245;832 388;-0.15%
23/06/2021;3 400;3 400;3 400;3 400;668;2 271 200;0.15%
24/06/2021;3 400;3 395;3 400;3 395;2 417;8 211 758;0.00%
25/06/2021;3 405;3 405;3 405;3 405;175;595 875;0.15%
28/06/2021;3 400;3 405;3 405;3 400;535;1 820 338;-0.15%
29/06/2021;3 400;3 400;3 400;3 400;3 278;11 145 200;0.00%
30/06/2021;3 400;3 395;3 400;3 395;60;203 850;0.00%
01/07/2021;3 300;3 300;3 300;3 300;1 005;3 316 500;-2.94%
02/07/2021;3 400;3 300;3 400;3 300;125;418 750;3.03%
05/07/2021;3 400;3 350;3 400;3 350;925;3 121 875;0.00%
06/07/2021;3 400;3 350;3 400;3 350;64 702;218 369 250;0.00%
07/07/2021;3 400;3 400;3 400;3 400;32 506;110 520 400;0.00%
08/07/2021;3 400;3 400;3 400;3 400;100;340 000;0.00%
09/07/2021;3 500;3 410;3 500;3 410;489;1 689 495;2.94%
12/07/2021;3 450;3 500;3 500;3 450;47;163 325;-1.43%
13/07/2021;3 445;3 445;3 445;3 445;164;564 980;-0.14%
14/07/2021;3 500;3 500;3 500;3 500;445;1 557 500;1.60%
15/07/2021;3 490;3 495;3 495;3 490;240;838 200;-0.29%
16/07/2021;3 495;3 500;3 500;3 495;190;664 525;0.14%
19/07/2021;3 500;3 500;3 500;3 500;1 695;5 932 500;0.14%
20/07/2021;3 500;3 500;3 500;3 500;1 695;5 932 500;0.00%
21/07/2021;3 500;3 500;3 500;3 500;808;2 828 000;0.00%
22/07/2021;3 590;3 500;3 590;3 500;2 987;10 588 915;2.57%
23/07/2021;3 580;3 590;3 590;3 580;28;100 380;-0.28%
26/07/2021;3 550;3 560;3 560;3 550;104;369 720;-0.84%
27/07/2021;3 545;3 550;3 550;3 545;285;1 011 038;-0.14%
28/07/2021;3 590;3 550;3 590;3 550;659;2 352 630;1.27%
29/07/2021;3 550;3 580;3 580;3 550;459;1 636 335;-1.11%
30/07/2021;3 600;3 590;3 600;3 590;1 038;3 731 610;1.41%
02/08/2021;3 600;3 580;3 600;3 580;2 727;9 789 930;0.00%
03/08/2021;3 600;3 595;3 600;3 595;5 063;18 214 143;0.00%
04/08/2021;3 600;3 600;3 600;3 600;856;3 081 600;0.00%
05/08/2021;3 600;3 600;3 600;3 600;15;54 000;0.00%
06/08/2021;3 650;3 600;3 650;3 600;1 023;3 708 375;1.39%
09/08/2021;3 600;3 600;3 600;3 600;626;2 253 600;-1.37%
10/08/2021;3 550;3 600;3 600;3 550;236;843 700;-1.39%
11/08/2021;3 600;3 600;3 600;3 600;818;2 944 800;1.41%
12/08/2021;3 605;3 605;3 605;3 605;70;252 350;0.14%
13/08/2021;3 625;3 625;3 625;3 625;265;960 625;0.55%
16/08/2021;3 625;3 650;3 650;3 625;477;1 735 088;0.00%
17/08/2021;3 750;3 650;3 750;3 650;291;1 076 700;3.45%
18/08/2021;3 750;3 750;3 750;3 750;462;1 732 500;0.00%
19/08/2021;3 750;3 670;3 750;3 670;394;1 461 740;0.00%
20/08/2021;3 745;3 750;3 750;3 745;467;1 750 083;-0.13%
23/08/2021;3 800;3 750;3 800;3 750;1 077;4 065 675;1.47%
24/08/2021;4 000;3 800;4 000;3 800;1 158;4 516 200;5.26%
25/08/2021;3 850;4 000;4 000;3 850;715;2 806 375;-3.75%
26/08/2021;3 850;3 850;3 850;3 850;468;1 801 800;0.00%
27/08/2021;3 850;3 850;3 850;3 850;456;1 755 600;0.00%
30/08/2021;3 900;3 870;3 900;3 870;315;1 223 775;1.30%
31/08/2021;3 990;3 855;3 990;3 855;982;3 851 895;2.31%
01/09/2021;3 850;3 850;3 850;3 850;497;1 913 450;-3.51%
02/09/2021;3 945;3 800;3 945;3 800;64;247 840;2.47%
03/09/2021;3 930;3 930;3 930;3 930;138;542 340;-0.38%
06/09/2021;3 855;3 900;3 900;3 855;141;546 728;-1.91%
07/09/2021;3 915;3 920;3 920;3 915;317;1 241 848;1.56%
08/09/2021;3 930;3 900;3 930;3 900;803;3 143 745;0.38%
09/09/2021;4 000;3 930;4 000;3 930;4 519;17 917 835;1.78%
10/09/2021;4 000;4 000;4 000;4 000;957;3 828 000;0.00%
13/09/2021;4 000;4 000;4 000;4 000;252;1 008 000;0.00%
14/09/2021;4 000;3 995;4 000;3 995;633;2 530 418;0.00%
15/09/2021;4 150;3 930;4 150;3 930;6 763;27 322 520;3.75%
16/09/2021;4 010;4 000;4 010;4 000;380;1 521 900;-3.37%
17/09/2021;4 040;4 030;4 040;4 030;1 033;4 168 155;0.75%
20/09/2021;4 150;4 100;4 150;4 100;273;1 126 125;2.72%
21/09/2021;4 200;4 120;4 200;4 120;12 233;50 889 280;1.20%
22/09/2021;4 200;4 155;4 200;4 155;1 496;6 249 540;0.00%
23/09/2021;4 150;4 200;4 200;4 150;6 925;28 911 875;-1.19%
24/09/2021;4 140;4 100;4 140;4 100;1 275;5 253 000;-0.24%
27/09/2021;4 040;4 100;4 100;4 040;4 504;18 331 280;-2.42%
28/09/2021;4 100;4 035;4 100;4 035;1 087;4 421 373;1.49%
29/09/2021;4 150;4 150;4 150;4 150;703;2 917 450;1.22%
30/09/2021;4 100;4 100;4 100;4 100;478;1 959 800;-1.20%
01/10/2021;4 100;4 100;4 100;4 100;973;3 989 300;0.00%
04/10/2021;4 100;4 070;4 100;4 070;290;1 184 650;0.00%
05/10/2021;4 150;4 100;4 150;4 100;3 343;13 789 875;1.22%
06/10/2021;4 155;4 105;4 155;4 105;1 263;5 216 190;0.12%
07/10/2021;4 450;4 165;4 450;4 165;58;249 835;7.10%
08/10/2021;4 210;4 400;4 400;4 210;134;576 870;-5.39%
11/10/2021;4 300;4 250;4 300;4 250;1 069;4 569 975;2.14%
12/10/2021;4 300;4 300;4 300;4 300;638;2 743 400;0.00%
13/10/2021;4 250;4 300;4 300;4 250;1 763;7 536 825;-1.16%
14/10/2021;4 390;4 300;4 390;4 300;223;968 935;3.29%
15/10/2021;4 385;4 380;4 385;4 380;1 266;5 548 245;-0.11%
18/10/2021;4 385;4 380;4 385;4 380;1 266;5 548 245;0.00%
19/10/2021;4 345;4 305;4 345;4 305;1 193;5 159 725;-0.91%
20/10/2021;4 340;4 300;4 340;4 300;3 737;16 143 840;-0.12%
21/10/2021;4 300;4 340;4 340;4 300;1 939;8 376 480;-0.92%
22/10/2021;4 350;4 375;4 375;4 350;795;3 468 188;1.16%
25/10/2021;4 400;4 350;4 400;4 350;223;975 625;1.15%
26/10/2021;4 400;4 320;4 400;4 320;1 127;4 913 720;0.00%
27/10/2021;4 400;4 400;4 400;4 400;1 079;4 747 600;0.00%
28/10/2021;4 400;4 400;4 400;4 400;76;334 400;0.00%
29/10/2021;4 400;4 350;4 400;4 350;259;1 133 125;0.00%
01/11/2021;4 400;4 350;4 400;4 350;259;1 133 125;0.00%
02/11/2021;4 400;4 395;4 400;4 395;1 523;6 697 393;0.00%
03/11/2021;4 400;4 400;4 400;4 400;866;3 810 400;0.00%
04/11/2021;4 400;4 405;4 405;4 400;1 170;5 150 925;0.00%
05/11/2021;4 350;4 350;4 350;4 350;1 790;7 786 500;-1.14%
08/11/2021;4 345;4 350;4 350;4 345;211;917 323;-0.11%
09/11/2021;4 300;4 300;4 300;4 300;371;1 595 300;-1.04%
10/11/2021;4 300;4 300;4 300;4 300;515;2 214 500;0.00%
11/11/2021;4 350;4 345;4 350;4 345;372;1 617 270;1.16%
12/11/2021;4 350;4 350;4 350;4 350;10;43 500;0.00%
15/11/2021;4 350;4 350;4 350;4 350;10;43 500;0.00%
16/11/2021;4 300;4 400;4 400;4 300;2 349;10 218 150;-1.15%
17/11/2021;4 350;4 305;4 350;4 305;719;3 111 473;1.16%
18/11/2021;4 350;4 300;4 350;4 300;3 814;16 495 550;0.00%
19/11/2021;4 400;4 350;4 400;4 350;451;1 973 125;1.15%
22/11/2021;4 250;4 250;4 250;4 250;241;1 024 250;-3.41%
23/11/2021;4 495;4 400;4 495;4 400;3 152;14 018 520;5.76%
24/11/2021;4 600;4 490;4 600;4 490;5 840;26 542 800;2.34%
25/11/2021;4 945;4 610;4 945;4 610;1 245;5 947 988;7.50%
26/11/2021;5 200;5 000;5 200;5 000;1 332;6 793 200;5.16%
29/11/2021;5 025;5 010;5 025;5 010;1 328;6 663 240;-3.37%
30/11/2021;5 015;5 200;5 200;5 015;1 539;7 860 443;-0.20%
01/12/2021;5 055;5 020;5 055;5 020;4 045;20 376 688;0.80%
02/12/2021;5 005;5 050;5 050;5 005;3 082;15 494 755;-0.99%
03/12/2021;5 005;5 025;5 025;5 005;2 530;12 687 950;0.00%
06/12/2021;5 000;5 005;5 005;5 000;2 567;12 841 418;-0.10%
07/12/2021;5 000;4 950;5 000;4 950;3 974;19 770 650;0.00%
08/12/2021;4 955;4 900;4 955;4 900;790;3 892 725;-0.90%
09/12/2021;4 955;4 955;4 955;4 955;2 847;14 106 885;0.00%
10/12/2021;4 945;4 955;4 955;4 945;2 346;11 612 700;-0.20%
13/12/2021;4 800;4 800;4 800;4 800;327;1 569 600;-2.93%
14/12/2021;5 000;4 950;5 000;4 950;2 401;11 944 975;4.17%
15/12/2021;4 990;4 995;4 995;4 990;620;3 095 350;-0.20%
16/12/2021;4 900;4 990;4 990;4 900;278;1 374 710;-1.80%
17/12/2021;4 985;4 900;4 985;4 900;2 890;14 283 825;1.73%
20/12/2021;4 980;4 900;4 980;4 900;1 670;8 249 800;-0.10%
21/12/2021;4 660;4 900;4 900;4 660;577;2 758 060;-6.43%
22/12/2021;4 900;4 700;4 900;4 700;275;1 320 000;5.15%
23/12/2021;4 895;4 800;4 895;4 800;390;1 890 525;-0.10%
24/12/2021;4 895;4 800;4 895;4 800;158;765 905;0.00%
27/12/2021;4 895;4 800;4 895;4 800;1 691;8 197 123;0.00%
28/12/2021;4 900;4 805;4 900;4 805;266;1 290 765;0.10%
29/12/2021;4 845;4 895;4 895;4 845;3 395;16 533 650;-1.12%
30/12/2021;4 795;4 700;4 795;4 700;18 176;86 290 560;-1.03%
31/12/2021;4 785;4 795;4 795;4 785;3 413;16 348 270;-0.21%
03/01/2022;4 775;4 785;4 785;4 775;465;2 222 700;-0.21%
04/01/2022;4 500;4 780;4 780;4 500;614;2 848 960;-5.76%
05/01/2022;4 490;4 400;4 490;4 400;402;1 786 890;-0.22%
06/01/2022;4 450;4 500;4 500;4 450;1 410;6 309 750;-0.89%
07/01/2022;4 400;4 400;4 400;4 400;1 171;5 152 400;-1.12%
10/01/2022;4 450;4 450;4 450;4 450;2 636;11 730 200;1.14%
11/01/2022;4 375;4 400;4 400;4 375;593;2 601 788;-1.69%
12/01/2022;4 375;4 395;4 395;4 375;937;4 108 745;0.00%
13/01/2022;4 375;4 360;4 375;4 360;792;3 459 060;0.00%
14/01/2022;4 375;4 310;4 375;4 310;1 006;4 368 555;0.00%
17/01/2022;4 395;4 375;4 395;4 375;909;3 985 965;0.46%
18/01/2022;4 385;4 395;4 395;4 385;230;1 009 700;-0.23%
19/01/2022;4 490;4 395;4 490;4 395;2 040;9 062 700;2.39%
20/01/2022;4 785;4 400;4 785;4 400;1 785;8 197 613;6.57%
21/01/2022;4 700;4 700;4 700;4 700;250;1 175 000;-1.78%
24/01/2022;4 695;4 695;4 695;4 695;9;42 255;-0.11%
25/01/2022;4 690;4 500;4 690;4 500;314;1 442 830;-0.11%
26/01/2022;4 695;4 400;4 695;4 400;2 960;13 460 600;0.11%
27/01/2022;4 700;4 380;4 700;4 380;140;635 600;0.11%
28/01/2022;4 695;4 700;4 700;4 695;78;366 405;-0.11%
31/01/2022;4 700;4 695;4 700;4 695;554;2 602 415;0.11%
01/02/2022;4 745;4 700;4 745;4 700;480;2 266 800;0.96%
02/02/2022;4 725;4 700;4 725;4 700;122;574 925;-0.42%
03/02/2022;4 720;4 700;4 720;4 700;290;1 365 900;-0.11%
04/02/2022;4 715;4 700;4 715;4 700;191;899 133;-0.11%
07/02/2022;4 700;4 700;4 700;4 700;70;329 000;-0.32%
08/02/2022;4 650;4 700;4 700;4 650;778;3 637 150;-1.06%
09/02/2022;4 675;4 650;4 675;4 650;155;722 688;0.54%
10/02/2022;4 675;4 675;4 675;4 675;1 105;5 165 875;0.00%
11/02/2022;4 600;4 675;4 675;4 600;1 003;4 651 413;-1.60%
14/02/2022;4 505;4 650;4 650;4 505;570;2 609 175;-2.07%
15/02/2022;4 600;4 505;4 600;4 505;3 217;14 645 393;2.11%
16/02/2022;4 550;4 600;4 600;4 550;640;2 928 000;-1.09%
17/02/2022;4 600;4 600;4 600;4 600;3 461;15 920 600;1.10%
18/02/2022;4 595;4 600;4 600;4 595;380;1 747 050;-0.11%
21/02/2022;4 595;4 600;4 600;4 595;1 985;9 126 038;0.00%
22/02/2022;4 500;4 595;4 595;4 500;4 902;22 291 845;-2.07%
23/02/2022;4 300;4 500;4 500;4 300;7 784;34 249 600;-4.44%
24/02/2022;4 325;4 500;4 500;4 325;119 414;526 914 275;0.58%
25/02/2022;4 400;4 500;4 500;4 400;1 953;8 690 850;1.73%
28/02/2022;4 500;4 500;4 500;4 500;2 229;10 030 500;2.27%
01/03/2022;4 460;4 500;4 500;4 460;4 196;18 798 080;-0.89%
02/03/2022;4 440;4 460;4 460;4 440;1 164;5 179 800;-0.45%
03/03/2022;4 500;4 400;4 500;4 400;3 589;15 971 050;1.35%
04/03/2022;4 500;4 500;4 500;4 500;396;1 782 000;0.00%
07/03/2022;4 500;4 500;4 500;4 500;1 019;4 585 500;0.00%
08/03/2022;4 650;4 500;4 650;4 500;2 113;9 666 975;3.33%
09/03/2022;4 695;4 650;4 695;4 650;973;4 546 343;0.97%
10/03/2022;4 690;4 505;4 690;4 505;1 096;5 038 860;-0.11%
11/03/2022;4 690;4 690;4 690;4 690;173;811 370;0.00%
14/03/2022;4 695;4 690;4 695;4 690;2 575;12 083 188;0.11%
15/03/2022;4 650;4 690;4 690;4 650;607;2 834 690;-0.96%
16/03/2022;4 695;4 695;4 695;4 695;3 655;17 160 225;0.97%
17/03/2022;4 700;4 660;4 700;4 660;635;2 971 800;0.11%
18/03/2022;5 030;5 050;5 050;5 030;5 391;27 170 640;7.02%
21/03/2022;5 040;5 050;5 050;5 040;751;3 788 795;0.20%
22/03/2022;5 050;5 000;5 050;5 000;5 520;27 738 000;0.20%
23/03/2022;5 050;5 050;5 050;5 050;7 068;35 693 400;0.00%
24/03/2022;5 045;5 095;5 095;5 045;5 414;27 448 980;-0.10%
25/03/2022;5 040;5 050;5 050;5 040;5 944;29 987 480;-0.10%
28/03/2022;5 100;5 050;5 100;5 050;1 783;9 048 725;1.19%
29/03/2022;5 050;5 095;5 095;5 050;7 617;38 637 233;-0.98%
30/03/2022;5 050;5 050;5 050;5 050;9 990;50 449 500;0.00%
31/03/2022;5 050;5 080;5 080;5 050;9 348;47 347 620;0.00%
01/04/2022;5 140;5 050;5 140;5 050;4 040;20 583 800;1.78%
04/04/2022;5 135;5 100;5 135;5 100;5 909;30 239 308;-0.10%
05/04/2022;5 000;5 500;5 500;5 000;1 396;7 329 000;-2.63%
06/04/2022;5 135;5 000;5 135;5 000;1 387;7 028 623;2.70%
07/04/2022;5 050;5 100;5 100;5 050;647;3 283 525;-1.66%
08/04/2022;5 045;5 050;5 050;5 045;800;4 038 000;-0.10%
11/04/2022;5 045;5 100;5 100;5 045;162;821 745;0.00%
12/04/2022;5 050;5 045;5 050;5 045;827;4 174 283;0.10%
13/04/2022;5 045;5 050;5 050;5 045;1 201;6 062 048;-0.10%
14/04/2022;5 100;5 100;5 100;5 100;3 371;17 192 100;1.09%
15/04/2022;5 045;5 100;5 100;5 045;2 221;11 266 023;-1.08%
19/04/2022;5 040;5 050;5 050;5 040;3 349;16 895 705;-0.10%
20/04/2022;4 920;5 040;5 040;4 920;2 949;14 686 020;-2.38%
21/04/2022;4 950;5 035;5 035;4 950;4 247;21 203 148;0.61%
22/04/2022;5 000;5 000;5 000;5 000;10 167;50 835 000;1.01%
25/04/2022;5 000;4 900;5 000;4 900;3 930;19 453 500;0.00%
26/04/2022;4 720;4 775;4 775;4 720;2 038;9 675 405;-5.60%
27/04/2022;4 695;4 710;4 710;4 695;4 395;20 667 488;-0.53%
28/04/2022;4 695;4 710;4 710;4 695;4 395;20 667 488;0.00%
29/04/2022;4 695;4 800;4 800;4 695;678;3 218 805;0.00%
02/05/2022;4 695;4 800;4 800;4 695;678;3 218 805;0.00%
03/05/2022;4 600;4 695;4 695;4 600;247;1 147 933;-2.02%
04/05/2022;4 505;4 550;4 550;4 505;946;4 283 015;-2.07%
05/05/2022;4 510;4 600;4 600;4 510;1 678;7 643 290;0.11%
06/05/2022;4 565;4 575;4 575;4 565;211;964 270;1.22%
09/05/2022;4 510;4 565;4 565;4 510;1 501;6 810 788;-1.20%
10/05/2022;4 500;4 510;4 510;4 500;7 626;34 355 130;-0.22%
11/05/2022;4 490;4 500;4 500;4 490;2 899;13 031 005;-0.22%
12/05/2022;4 490;4 490;4 490;4 490;129;579 210;0.00%
13/05/2022;4 300;4 485;4 485;4 300;498;2 187 465;-4.23%
16/05/2022;3 980;4 490;4 490;3 980;104 541;442 731 135;-7.44%
17/05/2022;4 275;4 150;4 275;4 150;826;3 479 525;7.41%
18/05/2022;4 300;4 400;4 400;4 300;404;1 757 400;0.58%
19/05/2022;4 300;4 300;4 300;4 300;2 746;11 807 800;0.00%
20/05/2022;4 300;4 400;4 400;4 300;631;2 744 850;0.00%
23/05/2022;4 300;4 300;4 300;4 300;71 647;308 082 100;0.00%
24/05/2022;4 405;4 300;4 405;4 300;23 162;100 812 605;2.44%
25/05/2022;4 490;4 410;4 490;4 410;10 026;44 615 700;1.93%
26/05/2022;4 490;4 410;4 490;4 410;10 026;44 615 700;0.00%
27/05/2022;4 485;4 485;4 485;4 485;299;1 341 015;-0.11%
30/05/2022;4 500;4 315;4 500;4 315;5 504;24 258 880;0.33%
31/05/2022;4 495;4 500;4 500;4 495;582;2 617 545;-0.11%
01/06/2022;4 380;4 360;4 380;4 360;430 194;1 879 947 780;-2.56%
02/06/2022;4 485;4 500;4 500;4 485;1 724;7 745 070;2.40%
03/06/2022;4 485;4 485;4 485;4 485;827;3 709 095;0.00%
06/06/2022;4 485;4 485;4 485;4 485;827;3 709 095;0.00%
07/06/2022;4 480;4 480;4 480;4 480;61;273 280;-0.11%
08/06/2022;4 410;4 405;4 410;4 405;75;330 563;-1.56%
09/06/2022;4 480;4 475;4 480;4 475;54;241 785;1.59%
10/06/2022;4 450;4 480;4 480;4 450;653;2 915 645;-0.67%
13/06/2022;4 480;4 450;4 480;4 450;457;2 040 505;0.67%
14/06/2022;4 480;4 480;4 480;4 480;1 222;5 474 560;0.00%
15/06/2022;4 500;4 500;4 500;4 500;3 694;16 623 000;0.45%
16/06/2022;4 480;4 480;4 480;4 480;274;1 227 520;-0.44%
17/06/2022;4 500;4 480;4 500;4 480;6 032;27 083 680;0.45%
20/06/2022;4 500;4 500;4 500;4 500;3 130;14 085 000;0.00%
21/06/2022;4 400;4 400;4 400;4 400;330;1 452 000;-2.22%
22/06/2022;4 450;4 400;4 450;4 400;4 154;18 381 450;1.14%
23/06/2022;4 500;4 425;4 500;4 425;1 026;4 578 525;1.12%
24/06/2022;4 500;4 500;4 500;4 500;32 817;147 676 500;0.00%
27/06/2022;4 500;4 500;4 500;4 500;11 526;51 867 000;0.00%
28/06/2022;4 500;4 500;4 500;4 500;2 604;11 718 000;0.00%
29/06/2022;4 500;4 380;4 500;4 380;99 076;439 897 440;0.00%
30/06/2022;4 550;4 550;4 550;4 550;10 055;45 750 250;1.11%
01/07/2022;4 215;4 300;4 300;4 215;3 413;14 530 848;-7.36%
04/07/2022;4 295;4 300;4 300;4 295;1 369;5 883 278;1.90%
05/07/2022;4 295;4 285;4 295;4 285;35 780;153 496 200;0.00%
06/07/2022;4 295;4 250;4 295;4 250;155;662 238;0.00%
07/07/2022;4 300;4 300;4 300;4 300;524;2 253 200;0.12%
08/07/2022;4 300;4 300;4 300;4 300;331;1 423 300;0.00%
11/07/2022;4 280;4 295;4 295;4 280;487;2 088 013;-0.47%
12/07/2022;4 380;4 295;4 380;4 295;1 059 556;4 595 824 150;2.34%
13/07/2022;4 445;4 380;4 445;4 380;14 162;62 489 825;1.48%
14/07/2022;4 435;4 300;4 435;4 300;3 873;16 915 328;-0.22%
15/07/2022;4 300;4 430;4 430;4 300;70;305 550;-3.04%
18/07/2022;4 300;4 300;4 300;4 300;5 380;23 134 000;0.00%
19/07/2022;4 445;4 300;4 445;4 300;2 692;11 770 770;3.37%
20/07/2022;4 445;4 445;4 445;4 445;19 629;87 250 905;0.00%
21/07/2022;4 450;4 445;4 450;4 445;3 484;15 495 090;0.11%
22/07/2022;4 400;4 450;4 450;4 400;9 110;40 311 750;-1.12%
25/07/2022;4 400;4 400;4 400;4 400;2 636;11 598 400;0.00%
26/07/2022;4 350;4 300;4 350;4 300;14 111;61 030 075;-1.14%
27/07/2022;4 435;4 300;4 435;4 300;243;1 061 303;1.95%
28/07/2022;4 350;4 435;4 435;4 350;463;2 033 728;-1.92%
29/07/2022;4 495;4 485;4 495;4 485;9 525;42 767 250;3.33%
01/08/2022;4 600;4 495;4 600;4 495;7 517;34 183 558;2.34%
02/08/2022;4 600;4 580;4 600;4 580;443;2 033 370;0.00%
03/08/2022;4 600;4 700;4 700;4 600;1 973;9 174 450;0.00%
04/08/2022;4 475;4 505;4 505;4 475;8 073;36 247 770;-2.72%
05/08/2022;4 500;4 500;4 500;4 500;832;3 744 000;0.56%
08/08/2022;4 500;4 500;4 500;4 500;832;3 744 000;0.00%
09/08/2022;4 600;4 500;4 600;4 500;2 646;12 039 300;2.22%
10/08/2022;4 595;4 600;4 600;4 595;3 124;14 362 590;-0.11%
11/08/2022;4 600;4 600;4 600;4 600;1 697;7 806 200;0.11%
12/08/2022;4 600;4 600;4 600;4 600;5 933;27 291 800;0.00%
15/08/2022;4 600;4 600;4 600;4 600;5 933;27 291 800;0.00%
16/08/2022;4 595;4 600;4 600;4 595;2 573;11 829 368;-0.11%
17/08/2022;4 595;4 540;4 595;4 540;1 727;7 888 073;0.00%
18/08/2022;4 495;4 600;4 600;4 495;1 191;5 416 073;-2.18%
19/08/2022;4 590;4 595;4 595;4 590;1 021;4 688 943;2.11%
22/08/2022;4 590;4 525;4 590;4 525;736;3 354 320;0.00%
23/08/2022;4 595;4 590;4 595;4 590;3 042;13 970 385;0.11%
24/08/2022;4 580;4 590;4 590;4 580;390;1 788 150;-0.33%
25/08/2022;4 570;4 550;4 570;4 550;364;1 659 840;-0.22%
26/08/2022;4 575;4 550;4 575;4 550;2 173;9 914 313;0.11%
29/08/2022;4 590;4 575;4 590;4 575;5 688;26 065 260;0.33%
30/08/2022;4 580;4 590;4 590;4 580;3 389;15 538 565;-0.22%
31/08/2022;4 590;4 580;4 590;4 580;361;1 655 185;0.22%
01/09/2022;4 520;4 590;4 590;4 520;430;1 958 650;-1.53%
02/09/2022;4 565;4 575;4 575;4 565;1 049;4 793 930;1.00%
05/09/2022;4 590;4 590;4 590;4 590;1 069;4 906 710;0.55%
06/09/2022;4 540;4 565;4 565;4 540;944;4 297 560;-1.09%
07/09/2022;4 565;4 540;4 565;4 540;722;3 286 905;0.55%
08/09/2022;4 590;4 565;4 590;4 565;295;1 350 363;0.55%
09/09/2022;4 590;4 595;4 595;4 590;2 210;10 149 425;0.00%
12/09/2022;4 590;4 590;4 590;4 590;788;3 616 920;0.00%
13/09/2022;4 590;4 585;4 590;4 585;1 777;8 151 988;0.00%
14/09/2022;4 590;4 590;4 590;4 590;76;348 840;0.00%
15/09/2022;4 580;4 585;4 585;4 580;196;898 170;-0.22%
16/09/2022;4 730;4 585;4 730;4 585;2 284;10 637 730;3.28%
19/09/2022;4 730;4 750;4 750;4 730;1 191;5 645 340;0.00%
20/09/2022;5 000;4 730;5 000;4 730;1 924;9 360 260;5.71%
21/09/2022;4 900;4 900;4 900;4 900;294;1 440 600;-2.00%
22/09/2022;4 900;4 755;4 900;4 755;220;1 062 050;0.00%
23/09/2022;4 895;4 900;4 900;4 895;816;3 996 360;-0.10%
26/09/2022;4 850;4 850;4 850;4 850;777;3 768 450;-0.92%
27/09/2022;4 630;4 900;4 900;4 630;408;1 944 120;-4.54%
28/09/2022;4 630;4 630;4 630;4 630;1 586;7 343 180;0.00%
29/09/2022;4 700;4 625;4 700;4 625;733;3 417 613;1.51%
30/09/2022;4 700;4 640;4 700;4 640;15 419;72 006 730;0.00%
03/10/2022;4 700;4 625;4 700;4 625;2 274;10 602 525;0.00%
04/10/2022;4 845;4 700;4 845;4 700;135;644 288;3.09%
05/10/2022;4 750;4 795;4 795;4 750;96;458 160;-1.96%
06/10/2022;4 845;4 750;4 845;4 750;754;3 617 315;2.00%
07/10/2022;4 740;4 750;4 750;4 740;1 291;6 125 795;-2.17%
10/10/2022;4 720;4 740;4 740;4 720;408;1 929 840;-0.42%
11/10/2022;4 720;4 710;4 720;4 710;5 080;23 952 200;0.00%
12/10/2022;4 700;4 720;4 720;4 700;401;1 888 710;-0.42%
13/10/2022;4 750;4 895;4 895;4 750;1 948;9 394 230;1.06%
14/10/2022;4 700;4 740;4 740;4 700;2 690;12 696 800;-1.05%
17/10/2022;4 800;4 900;4 900;4 800;211;1 023 350;2.13%
18/10/2022;4 800;4 800;4 800;4 800;268;1 286 400;0.00%
19/10/2022;4 800;4 780;4 800;4 780;644;3 084 760;0.00%
20/10/2022;4 800;4 800;4 800;4 800;4 319;20 731 200;0.00%
21/10/2022;4 800;4 750;4 800;4 750;10 360;49 469 000;0.00%
24/10/2022;4 800;4 800;4 800;4 800;1 403;6 734 400;0.00%
25/10/2022;4 800;4 800;4 800;4 800;930;4 464 000;0.00%
26/10/2022;4 850;4 800;4 850;4 800;13 510;65 185 750;1.04%
27/10/2022;5 000;4 900;5 000;4 900;5 588;27 660 600;3.09%
28/10/2022;5 000;5 000;5 000;5 000;3 179;15 895 000;0.00%
31/10/2022;5 000;5 000;5 000;5 000;3 179;15 895 000;0.00%
01/11/2022;5 000;5 000;5 000;5 000;107;535 000;0.00%
02/11/2022;4 845;4 995;4 995;4 845;3 682;18 115 440;-3.10%
03/11/2022;4 800;4 850;4 850;4 800;451;2 176 075;-0.93%
04/11/2022;4 950;4 840;4 950;4 840;1 597;7 817 315;3.13%
07/11/2022;5 000;4 900;5 000;4 900;3 847;19 042 650;1.01%
08/11/2022;4 900;4 950;4 950;4 900;331;1 630 175;-2.00%
09/11/2022;4 750;4 760;4 760;4 750;5 066;24 088 830;-3.06%
10/11/2022;4 750;4 750;4 750;4 750;550;2 612 500;0.00%
11/11/2022;4 900;4 900;4 900;4 900;245;1 200 500;3.16%
14/11/2022;4 800;4 900;4 900;4 800;145;703 250;-2.04%
15/11/2022;4 800;4 900;4 900;4 800;145;703 250;0.00%
16/11/2022;4 800;4 800;4 800;4 800;696;3 340 800;0.00%
17/11/2022;4 900;4 750;4 900;4 750;967;4 665 775;2.08%
18/11/2022;4 900;4 900;4 900;4 900;286;1 401 400;0.00%
21/11/2022;4 900;4 900;4 900;4 900;1 463;7 168 700;0.00%
22/11/2022;4 890;4 750;4 890;4 750;583;2 810 060;-0.20%
23/11/2022;4 895;4 750;4 895;4 750;544;2 623 440;0.10%
24/11/2022;4 895;4 750;4 895;4 750;266;1 282 785;0.00%
25/11/2022;4 800;4 750;4 800;4 750;2 201;10 509 775;-1.94%
28/11/2022;4 790;4 790;4 790;4 790;183;876 570;-0.21%
29/11/2022;4 750;4 705;4 750;4 705;86;406 565;-0.84%
30/11/2022;4 750;4 705;4 750;4 705;86;406 565;0.00%
01/12/2022;4 750;4 705;4 750;4 705;86;406 565;0.00%
02/12/2022;4 700;4 600;4 700;4 600;475;2 208 750;-1.05%
05/12/2022;4 695;4 600;4 695;4 600;272;1 264 120;-0.11%
06/12/2022;4 800;4 650;4 800;4 650;2 644;12 492 900;2.24%
07/12/2022;4 800;4 605;4 800;4 605;4 463;20 987 258;0.00%
08/12/2022;4 800;4 795;4 800;4 795;300;1 439 250;0.00%
09/12/2022;4 695;4 650;4 695;4 650;2 115;9 882 338;-2.19%
12/12/2022;4 895;4 650;4 895;4 650;326;1 555 835;4.26%
13/12/2022;4 900;4 680;4 900;4 680;1 245;5 963 550;0.10%
14/12/2022;4 895;4 705;4 895;4 705;4 142;19 881 600;-0.10%
15/12/2022;4 870;4 885;4 885;4 870;743;3 623 983;-0.51%
16/12/2022;4 800;4 650;4 800;4 650;234;1 105 650;-1.44%
19/12/2022;4 800;4 800;4 800;4 800;422 075;2 025 960 000;0.00%
20/12/2022;4 800;4 800;4 800;4 800;2 549;12 235 200;0.00%
21/12/2022;4 790;4 610;4 790;4 610;91;427 700;-0.21%
22/12/2022;4 790;4 615;4 790;4 615;1 253;5 892 233;0.00%
23/12/2022;5 125;4 790;5 125;4 790;8 750;43 378 125;6.99%
26/12/2022;5 125;4 790;5 125;4 790;8 750;43 378 125;0.00%
27/12/2022;5 000;5 085;5 085;5 000;272;1 371 560;-2.44%
28/12/2022;4 900;4 900;4 900;4 900;10 551;51 699 900;-2.00%
29/12/2022;4 865;4 900;4 900;4 865;498;2 431 485;-0.71%
30/12/2022;4 945;4 865;4 945;4 865;3 484;17 089 020;1.64%
02/01/2023;4 865;4 865;4 865;4 865;47;228 655;-1.62%
03/01/2023;4 900;4 505;4 900;4 505;5 418;25 478 145;0.72%
04/01/2023;4 860;4 890;4 890;4 860;175;853 125;-0.82%
05/01/2023;4 855;4 855;4 855;4 855;232;1 126 360;-0.10%
06/01/2023;4 800;4 855;4 855;4 800;176;849 640;-1.13%
09/01/2023;4 655;4 750;4 750;4 655;341;1 603 553;-3.02%
10/01/2023;4 700;4 655;4 700;4 655;6 719;31 428 123;0.97%
11/01/2023;4 700;4 605;4 700;4 605;1 409;6 555 373;0.00%
12/01/2023;4 710;4 700;4 710;4 700;279;1 312 695;0.21%
13/01/2023;4 720;4 705;4 720;4 705;321;1 512 713;0.21%
16/01/2023;4 780;4 750;4 780;4 750;2 372;11 302 580;1.27%
17/01/2023;4 800;4 755;4 800;4 755;2 269;10 840 148;0.42%
18/01/2023;4 855;4 800;4 855;4 800;201;970 328;1.15%
19/01/2023;4 855;4 855;4 855;4 855;97;470 935;0.00%
20/01/2023;4 875;4 855;4 875;4 855;2 032;9 885 680;0.41%
23/01/2023;4 870;4 860;4 870;4 860;4 785;23 279 025;-0.10%
24/01/2023;4 900;4 875;4 900;4 875;676;3 303 950;0.62%
25/01/2023;4 900;4 900;4 900;4 900;1 248;6 115 200;0.00%
26/01/2023;5 000;4 900;5 000;4 900;2 793;13 825 350;2.04%
27/01/2023;5 000;4 900;5 000;4 900;925;4 578 750;0.00%
30/01/2023;5 150;5 000;5 150;5 000;897;4 552 275;3.00%
31/01/2023;5 000;5 000;5 000;5 000;1 331;6 655 000;-2.91%
01/02/2023;4 995;5 000;5 000;4 995;105;524 738;-0.10%
02/02/2023;4 995;4 995;4 995;4 995;539;2 692 305;0.00%
03/02/2023;4 995;4 900;4 995;4 900;2 366;11 705 785;0.00%
06/02/2023;4 995;4 900;4 995;4 900;414;2 048 265;0.00%
07/02/2023;4 940;4 875;4 940;4 875;1 973;9 682 498;-1.10%
08/02/2023;4 855;4 940;4 940;4 855;46;225 285;-1.72%
09/02/2023;4 945;4 900;4 945;4 900;20 760;102 191 100;1.85%
10/02/2023;4 945;4 945;4 945;4 945;823;4 069 735;0.00%
13/02/2023;4 995;4 905;4 995;4 905;1 332;6 593 400;1.01%
14/02/2023;4 995;4 995;4 995;4 995;946;4 725 270;0.00%
15/02/2023;4 950;4 995;4 995;4 950;711;3 535 448;-0.90%
16/02/2023;5 000;4 945;5 000;4 945;12 054;59 938 515;1.01%
17/02/2023;5 150;5 000;5 150;5 000;6 238;31 657 850;3.00%
20/02/2023;5 145;5 150;5 150;5 145;44;226 490;-0.10%
21/02/2023;5 140;4 910;5 140;4 910;1 468;7 376 700;-0.10%
22/02/2023;5 135;5 135;5 135;5 135;267;1 371 045;-0.10%
23/02/2023;5 130;5 100;5 130;5 100;40;204 600;-0.10%
24/02/2023;5 130;5 130;5 130;5 130;2 822;14 476 860;0.00%
27/02/2023;5 100;5 130;5 130;5 100;3 956;20 234 940;-0.58%
28/02/2023;5 100;5 100;5 100;5 100;123;627 300;0.00%
01/03/2023;5 095;5 100;5 100;5 095;76;387 410;-0.10%
02/03/2023;5 095;5 000;5 095;5 000;9 264;46 760 040;0.00%
03/03/2023;5 095;5 095;5 095;5 095;613;3 123 235;0.00%
06/03/2023;5 085;4 950;5 085;4 950;3 106;15 584 355;-0.20%
07/03/2023;5 100;5 085;5 100;5 085;5 175;26 353 688;0.29%
08/03/2023;5 100;5 095;5 100;5 095;588;2 997 330;0.00%
09/03/2023;5 100;5 100;5 100;5 100;798;4 069 800;0.00%
10/03/2023;5 100;5 100;5 100;5 100;1 204;6 140 400;0.00%
13/03/2023;5 100;5 060;5 100;5 060;840;4 267 200;0.00%
14/03/2023;5 130;5 100;5 130;5 100;6 783;34 695 045;0.59%
15/03/2023;5 125;5 125;5 125;5 125;210;1 076 250;-0.10%
16/03/2023;5 125;5 125;5 125;5 125;3 061;15 687 625;0.00%
17/03/2023;5 125;5 125;5 125;5 125;851;4 361 375;0.00%
20/03/2023;5 080;5 100;5 100;5 080;28 071;142 881 390;-0.88%
21/03/2023;5 050;5 010;5 050;5 010;2 053;10 326 590;-0.59%
22/03/2023;4 980;5 040;5 040;4 980;2 151;10 776 510;-1.39%
23/03/2023;5 025;4 980;5 025;4 980;2 877;14 392 193;0.90%
24/03/2023;5 015;4 950;5 015;4 950;2 225;11 086 063;-0.20%
27/03/2023;5 000;5 015;5 015;5 000;303;1 517 273;-0.30%
28/03/2023;4 960;4 970;4 970;4 960;1 215;6 032 475;-0.80%
29/03/2023;4 900;4 960;4 960;4 900;1 399;6 897 070;-1.21%
30/03/2023;4 850;4 960;4 960;4 850;246;1 206 630;-1.02%
31/03/2023;4 950;4 800;4 950;4 800;22 243;108 434 625;2.06%
03/04/2023;4 850;4 945;4 945;4 850;752;3 682 920;-2.02%
04/04/2023;4 850;4 935;4 935;4 850;234;1 144 845;0.00%
05/04/2023;4 850;4 870;4 870;4 850;403;1 958 580;0.00%
06/04/2023;5 210;5 210;5 210;5 210;36 513;190 232 730;7.42%
07/04/2023;5 480;5 595;5 595;5 480;10 635;58 891 313;5.18%
10/04/2023;5 480;5 595;5 595;5 480;10 635;58 891 313;0.00%
11/04/2023;5 295;5 395;5 395;5 295;6 187;33 069 515;-3.38%
12/04/2023;5 210;5 210;5 210;5 210;6 565;34 203 650;-1.61%
13/04/2023;5 200;5 280;5 280;5 200;1 959;10 265 160;-0.19%
14/04/2023;5 195;5 200;5 200;5 195;1 077;5 597 708;-0.10%
17/04/2023;5 190;5 195;5 195;5 190;4 416;22 930 080;-0.10%
18/04/2023;5 190;5 195;5 195;5 190;4 416;22 930 080;0.00%
19/04/2023;5 190;5 200;5 200;5 190;392;2 036 440;0.00%
20/04/2023;5 190;5 190;5 190;5 190;6 780;35 188 200;0.00%
21/04/2023;5 190;5 190;5 190;5 190;6 780;35 188 200;0.00%
24/04/2023;5 200;5 190;5 200;5 190;513;2 665 035;0.19%
25/04/2023;5 380;5 200;5 380;5 200;732;3 872 280;3.46%
26/04/2023;5 380;5 200;5 380;5 200;310;1 639 900;0.00%
27/04/2023;5 345;5 205;5 345;5 205;1 818;9 589 950;-0.65%
28/04/2023;5 495;5 380;5 495;5 380;9 956;54 135 750;2.81%
01/05/2023;5 495;5 380;5 495;5 380;9 956;54 135 750;0.00%
02/05/2023;5 495;5 500;5 500;5 495;1 410;7 751 475;0.00%
03/05/2023;5 495;5 500;5 500;5 495;1 410;7 751 475;0.00%
04/05/2023;5 545;5 500;5 545;5 500;1 352;7 466 420;0.91%
05/05/2023;5 500;5 500;5 500;5 500;4 073;22 401 500;-0.81%
08/05/2023;5 450;5 500;5 500;5 450;791;4 330 725;-0.91%
09/05/2023;5 460;5 450;5 460;5 450;4 717;25 731 235;0.18%
10/05/2023;5 485;5 485;5 485;5 485;404;2 215 940;0.46%
11/05/2023;5 490;5 500;5 500;5 490;1 175;6 456 625;0.09%
12/05/2023;5 500;5 495;5 500;5 495;834;4 584 915;0.18%
15/05/2023;5 540;5 465;5 540;5 465;1 754;9 651 385;0.73%
16/05/2023;5 600;5 500;5 600;5 500;531;2 947 050;1.08%
17/05/2023;5 555;5 600;5 600;5 555;343;1 913 083;-0.80%
18/05/2023;5 555;5 600;5 600;5 555;343;1 913 083;0.00%
19/05/2023;5 625;5 555;5 625;5 555;1 590;8 888 100;1.26%
22/05/2023;5 635;5 640;5 640;5 635;1 418;7 993 975;0.18%
23/05/2023;5 600;5 635;5 635;5 600;1 406;7 898 205;-0.62%
24/05/2023;5 500;5 625;5 625;5 500;2 635;14 657 188;-1.79%
25/05/2023;5 300;5 090;5 300;5 090;2 030;10 545 850;-3.64%
26/05/2023;5 280;5 300;5 300;5 280;30 610;161 926 900;-0.38%
29/05/2023;5 280;5 300;5 300;5 280;30 610;161 926 900;0.00%
30/05/2023;5 280;5 285;5 285;5 280;3 294;17 400 555;0.00%
31/05/2023;5 275;5 280;5 280;5 275;196;1 034 390;-0.09%
01/06/2023;5 275;5 280;5 280;5 275;6 161;32 514 678;0.00%
02/06/2023;5 175;5 270;5 270;5 175;9 886;51 629 635;-1.90%
05/06/2023;5 200;5 200;5 200;5 200;7 014;36 472 800;0.48%
06/06/2023;5 200;5 130;5 200;5 130;1 495;7 721 675;0.00%
07/06/2023;5 270;5 200;5 270;5 200;2 752;14 406 720;1.35%
08/06/2023;5 265;5 200;5 265;5 200;1 261;6 598 183;-0.09%
09/06/2023;5 265;5 265;5 265;5 265;673;3 543 345;0.00%
12/06/2023;5 275;5 270;5 275;5 270;500;2 636 250;0.19%
13/06/2023;5 210;5 280;5 280;5 210;1 255;6 582 475;-1.23%
14/06/2023;5 105;5 210;5 210;5 105;6 466;33 348 395;-2.02%
15/06/2023;5 200;5 105;5 200;5 105;1 904;9 810 360;1.86%
16/06/2023;5 250;5 200;5 250;5 200;4 372;22 843 700;0.96%
19/06/2023;5 245;5 245;5 245;5 245;1 341;7 033 545;-0.10%
20/06/2023;5 200;5 245;5 245;5 200;12 692;66 283 970;-0.86%
21/06/2023;5 200;5 200;5 200;5 200;1 057;5 496 400;0.00%
22/06/2023;5 230;5 200;5 230;5 200;929;4 844 735;0.58%
23/06/2023;5 215;5 230;5 230;5 215;3 790;19 793 275;-0.29%
26/06/2023;5 290;5 295;5 295;5 290;614;3 249 595;1.44%
27/06/2023;5 285;5 220;5 285;5 220;359;1 885 648;-0.09%
28/06/2023;5 285;5 220;5 285;5 220;359;1 885 648;0.00%
29/06/2023;5 285;5 225;5 285;5 225;3 244;17 047 220;0.00%
30/06/2023;5 285;5 285;5 285;5 285;18 460;97 561 100;0.00%
03/07/2023;5 270;5 280;5 280;5 270;3 517;18 552 175;-0.28%
04/07/2023;5 265;5 285;5 285;5 265;2 944;15 529 600;-0.09%
05/07/2023;5 595;5 270;5 595;5 270;10 404;56 519 730;6.27%
06/07/2023;5 600;5 600;5 600;5 600;623;3 488 800;0.09%
07/07/2023;5 540;5 590;5 590;5 540;310;1 725 150;-1.07%
10/07/2023;5 520;5 550;5 550;5 520;2 746;15 199 110;-0.36%
11/07/2023;5 540;5 540;5 540;5 540;637;3 528 980;0.36%
12/07/2023;5 550;5 540;5 550;5 540;2 227;12 348 715;0.18%
13/07/2023;5 580;5 550;5 580;5 550;1 507;8 386 455;0.54%
14/07/2023;5 790;5 580;5 790;5 580;2 281;12 967 485;3.76%
17/07/2023;5 790;5 605;5 790;5 605;168;957 180;0.00%
18/07/2023;5 860;5 785;5 860;5 785;2 633;15 330 643;1.21%
19/07/2023;5 800;5 885;5 885;5 800;2 605;15 219 713;-1.02%
20/07/2023;5 795;5 800;5 800;5 795;30 132;174 690 270;-0.09%
21/07/2023;5 795;5 755;5 795;5 755;1 324;7 646 100;0.00%
24/07/2023;5 790;5 795;5 795;5 790;1 304;7 553 420;-0.09%
25/07/2023;5 785;5 790;5 790;5 785;718;4 155 425;-0.09%
26/07/2023;5 780;5 785;5 785;5 780;1 771;10 240 808;-0.09%
27/07/2023;5 770;5 750;5 770;5 750;754;4 343 040;-0.17%
28/07/2023;5 780;5 770;5 780;5 770;985;5 688 375;0.17%
31/07/2023;5 760;5 780;5 780;5 760;1 188;6 854 760;-0.35%
01/08/2023;5 770;5 760;5 770;5 760;999;5 759 235;0.17%
02/08/2023;5 770;5 775;5 775;5 770;2 883;16 642 118;0.00%
03/08/2023;5 770;5 770;5 770;5 770;1 293;7 460 610;0.00%
04/08/2023;5 750;5 770;5 770;5 750;789;4 544 640;-0.35%
07/08/2023;5 750;5 770;5 770;5 750;789;4 544 640;0.00%
08/08/2023;5 750;5 780;5 780;5 750;729;4 202 685;0.00%
09/08/2023;5 750;5 750;5 750;5 750;499;2 869 250;0.00%
10/08/2023;5 750;5 750;5 750;5 750;417;2 397 750;0.00%
11/08/2023;5 750;5 750;5 750;5 750;862;4 956 500;0.00%
14/08/2023;5 750;5 750;5 750;5 750;982;5 646 500;0.00%
15/08/2023;5 750;5 750;5 750;5 750;982;5 646 500;0.00%
16/08/2023;5 770;5 755;5 770;5 755;362;2 086 025;0.35%
17/08/2023;5 770;5 770;5 770;5 770;2 235;12 895 950;0.00%
18/08/2023;5 770;5 750;5 770;5 750;189;1 088 640;0.00%
21/08/2023;5 770;5 750;5 770;5 750;1 545;8 899 200;0.00%
22/08/2023;5 750;5 770;5 770;5 750;485;2 793 600;-0.35%
23/08/2023;5 770;5 770;5 770;5 770;1 407;8 118 390;0.35%
24/08/2023;5 770;5 770;5 770;5 770;2 989;17 246 530;0.00%
25/08/2023;5 770;5 770;5 770;5 770;356;2 054 120;0.00%
28/08/2023;5 760;5 770;5 770;5 760;4 443;25 613 895;-0.17%
29/08/2023;5 735;5 750;5 750;5 735;689;3 956 583;-0.43%
30/08/2023;5 765;5 750;5 765;5 750;969;5 579 018;0.52%
31/08/2023;6 020;5 770;6 020;5 770;2 243;13 222 485;4.42%
01/09/2023;6 250;6 100;6 250;6 100;7 073;43 675 775;3.82%
04/09/2023;6 355;6 250;6 355;6 250;1 035;6 523 088;1.68%
05/09/2023;6 310;6 355;6 355;6 310;396;2 507 670;-0.71%
06/09/2023;6 300;6 300;6 300;6 300;157 734;993 724 200;-0.16%
07/09/2023;6 250;6 300;6 300;6 250;29 534;185 325 850;-0.79%
08/09/2023;6 300;6 260;6 300;6 260;255;1 601 400;0.80%
11/09/2023;6 350;6 310;6 350;6 310;732;4 633 560;0.79%
12/09/2023;6 815;6 450;6 815;6 450;1 681;11 149 233;7.32%
13/09/2023;6 775;6 795;6 795;6 775;1 378;9 349 730;-0.59%
14/09/2023;6 730;6 775;6 775;6 730;664;4 483 660;-0.66%
15/09/2023;6 720;6 770;6 770;6 720;2 148;14 488 260;-0.15%
18/09/2023;6 600;6 700;6 700;6 600;1 737;11 551 050;-1.79%
19/09/2023;6 580;6 650;6 650;6 580;5 575;36 878 625;-0.30%
20/09/2023;6 500;6 570;6 570;6 500;1 208;7 894 280;-1.22%
21/09/2023;6 500;6 500;6 500;6 500;3 786;24 609 000;0.00%
22/09/2023;6 500;6 495;6 500;6 495;723;4 697 693;0.00%
25/09/2023;6 645;6 500;6 645;6 500;3 837;25 218 683;2.23%
26/09/2023;6 650;6 650;6 650;6 650;1 578;10 493 700;0.08%
27/09/2023;6 650;6 650;6 650;6 650;1 578;10 493 700;0.00%
28/09/2023;6 635;6 640;6 640;6 635;734;4 871 925;-0.23%
29/09/2023;6 625;6 635;6 635;6 625;175;1 160 250;-0.15%
02/10/2023;6 600;6 630;6 630;6 600;506;3 347 190;-0.38%
03/10/2023;6 495;6 630;6 630;6 495;1 963;12 882 188;-1.59%
04/10/2023;6 500;6 490;6 500;6 490;1 811;11 762 445;0.08%
05/10/2023;6 450;6 500;6 500;6 450;2 035;13 176 625;-0.77%
06/10/2023;6 450;6 400;6 450;6 400;1 238;7 954 150;0.00%
09/10/2023;6 445;6 450;6 450;6 445;2 365;15 248 338;-0.08%
10/10/2023;6 430;6 445;6 445;6 430;543;3 495 563;-0.23%
11/10/2023;6 445;6 430;6 445;6 430;449;2 890 438;0.23%
12/10/2023;6 450;6 445;6 450;6 445;3 813;24 584 318;0.08%
13/10/2023;6 745;6 450;6 745;6 450;3 396;22 405 110;4.57%
16/10/2023;6 700;6 790;6 790;6 700;903;6 090 735;-0.67%
17/10/2023;6 750;6 750;6 750;6 750;2 570;17 347 500;0.75%
18/10/2023;6 600;6 750;6 750;6 600;526;3 511 050;-2.22%
19/10/2023;6 650;6 550;6 650;6 550;380;2 508 000;0.76%
20/10/2023;6 650;6 590;6 650;6 590;183;1 211 460;0.00%
23/10/2023;6 650;6 650;6 650;6 650;524;3 484 600;0.00%
24/10/2023;6 800;6 650;6 800;6 650;432;2 905 200;2.26%
25/10/2023;6 800;6 800;6 800;6 800;2 425;16 490 000;0.00%
26/10/2023;6 850;6 805;6 850;6 805;4 999;34 130 673;0.74%
27/10/2023;6 800;6 850;6 850;6 800;8 161;55 698 825;-0.73%
30/10/2023;6 845;6 800;6 845;6 800;2 926;19 962 635;0.66%
31/10/2023;6 800;6 935;6 935;6 800;254;1 744 345;-0.66%
01/11/2023;6 800;6 935;6 935;6 800;254;1 744 345;0.00%
02/11/2023;6 930;6 750;6 930;6 750;1 022;6 990 480;1.91%
03/11/2023;6 935;6 935;6 935;6 935;1 492;10 347 020;0.07%
06/11/2023;6 995;6 935;6 995;6 935;2 175;15 148 875;0.87%
07/11/2023;7 000;7 000;7 000;7 000;456;3 192 000;0.07%
08/11/2023;6 995;7 000;7 000;6 995;665;4 653 338;-0.07%
09/11/2023;6 930;6 950;6 950;6 930;471;3 268 740;-0.93%
10/11/2023;6 950;6 950;6 950;6 950;646;4 489 700;0.29%
13/11/2023;6 995;6 900;6 995;6 900;757;5 259 258;0.65%
14/11/2023;6 900;6 995;6 995;6 900;6 475;44 985 063;-1.36%
15/11/2023;6 900;6 995;6 995;6 900;6 475;44 985 063;0.00%
16/11/2023;6 950;7 000;7 000;6 950;302 559;2 110 349 025;0.72%
17/11/2023;6 950;6 950;6 950;6 950;938;6 519 100;0.00%
20/11/2023;6 995;6 950;6 995;6 950;1 197;8 346 083;0.65%
21/11/2023;7 000;7 000;7 000;7 000;715;5 005 000;0.07%
22/11/2023;6 995;6 950;6 995;6 950;15 741;109 754 123;-0.07%
23/11/2023;6 975;6 995;6 995;6 975;1 649;11 518 265;-0.29%
24/11/2023;6 800;6 825;6 825;6 800;12 093;82 383 563;-2.51%
27/11/2023;6 720;6 700;6 720;6 700;1 163;7 803 730;-1.18%
28/11/2023;6 870;6 725;6 870;6 725;1 282;8 714 395;2.23%
29/11/2023;6 830;6 850;6 850;6 830;9 054;61 929 360;-0.58%
30/11/2023;6 900;6 700;6 900;6 700;322;2 189 600;1.02%
01/12/2023;6 900;6 900;6 900;6 900;1 258;8 680 200;0.00%
04/12/2023;7 000;6 900;7 000;6 900;2 028;14 094 600;1.45%
05/12/2023;6 995;7 000;7 000;6 995;535;3 743 663;-0.07%
06/12/2023;7 000;6 950;7 000;6 950;3 034;21 162 150;0.07%
07/12/2023;7 000;6 900;7 000;6 900;331;2 300 450;0.00%
08/12/2023;7 000;7 000;7 000;7 000;2 227;15 589 000;0.00%
11/12/2023;6 995;6 995;6 995;6 995;444;3 105 780;-0.07%
12/12/2023;6 990;6 990;6 990;6 990;802;5 605 980;-0.07%
13/12/2023;6 950;6 950;6 950;6 950;849;5 900 550;-0.57%
14/12/2023;6 900;6 950;6 950;6 900;378;2 617 650;-0.72%
15/12/2023;6 900;6 900;6 900;6 900;4 831;33 333 900;0.00%
18/12/2023;6 800;7 000;7 000;6 800;5 648;38 971 200;-1.45%
19/12/2023;7 000;6 800;7 000;6 800;1 246;8 597 400;2.94%
20/12/2023;7 000;7 000;7 000;7 000;2 359;16 513 000;0.00%
21/12/2023;6 990;6 990;6 990;6 990;263;1 838 370;-0.14%
22/12/2023;7 000;6 985;7 000;6 985;687;4 803 848;0.14%
25/12/2023;7 000;6 985;7 000;6 985;687;4 803 848;0.00%
26/12/2023;7 000;7 000;7 000;7 000;3 655;25 585 000;0.00%
27/12/2023;6 995;7 000;7 000;6 995;3 914;27 388 215;-0.07%
28/12/2023;6 995;6 800;6 995;6 800;6 934;47 827 265;0.00%
29/12/2023;6 800;6 995;6 995;6 800;5 243;36 163 593;-2.79%
01/01/2024;6 800;6 995;6 995;6 800;5 243;36 163 593;0.00%
02/01/2024;6 800;6 800;6 800;6 800;239;1 625 200;0.00%
03/01/2024;6 800;6 800;6 800;6 800;401;2 726 800;0.00%
04/01/2024;6 700;6 800;6 800;6 700;688;4 644 000;-1.47%
05/01/2024;6 700;6 800;6 800;6 700;186;1 255 500;0.00%
08/01/2024;6 505;6 700;6 700;6 505;474;3 129 585;-2.91%
09/01/2024;6 700;6 600;6 700;6 600;10 866;72 258 900;3.00%
10/01/2024;6 695;6 695;6 695;6 695;184;1 231 880;-0.07%
11/01/2024;6 800;6 700;6 800;6 700;1 284;8 667 000;1.57%
12/01/2024;6 800;6 800;6 800;6 800;3 721;25 302 800;0.00%
15/01/2024;6 800;6 800;6 800;6 800;1 159;7 881 200;0.00%
16/01/2024;6 995;6 995;6 995;6 995;599;4 190 005;2.87%
17/01/2024;6 995;6 850;6 995;6 850;64;443 040;0.00%
18/01/2024;6 850;6 850;6 850;6 850;205;1 404 250;-2.07%
19/01/2024;6 800;6 850;6 850;6 800;714;4 873 050;-0.73%
22/01/2024;6 700;6 800;6 800;6 700;742;5 008 500;-1.47%
23/01/2024;6 700;6 700;6 700;6 700;174;1 165 800;0.00%
24/01/2024;6 700;6 600;6 700;6 600;1 575;10 473 750;0.00%
25/01/2024;6 800;6 700;6 800;6 700;112;756 000;1.49%
26/01/2024;6 800;6 800;6 800;6 800;770;5 236 000;0.00%
29/01/2024;6 840;6 800;6 840;6 800;902;6 151 640;0.59%
30/01/2024;6 845;6 840;6 845;6 840;246;1 683 255;0.07%
31/01/2024;6 835;6 840;6 840;6 835;1 449;9 907 538;-0.15%
01/02/2024;6 835;6 835;6 835;6 835;452;3 089 420;0.00%
02/02/2024;6 800;6 845;6 845;6 800;552;3 766 020;-0.51%
05/02/2024;6 800;6 800;6 800;6 800;852;5 793 600;0.00%
06/02/2024;6 800;6 800;6 800;6 800;472;3 209 600;0.00%
07/02/2024;6 795;6 800;6 800;6 795;539;3 663 853;-0.07%
08/02/2024;6 700;6 605;6 700;6 605;1 443;9 599 558;-1.40%
09/02/2024;6 700;6 800;6 800;6 700;1 414;9 544 500;0.00%
12/02/2024;6 700;6 800;6 800;6 700;1 414;9 544 500;0.00%
13/02/2024;6 800;6 800;6 800;6 800;642;4 365 600;1.49%
14/02/2024;6 800;6 800;6 800;6 800;719;4 889 200;0.00%
15/02/2024;6 845;6 845;6 845;6 845;708;4 846 260;0.66%
16/02/2024;6 850;6 845;6 850;6 845;377;2 581 508;0.07%
19/02/2024;6 825;6 800;6 825;6 800;441;3 004 313;-0.36%
20/02/2024;6 800;6 825;6 825;6 800;1 597;10 879 563;-0.37%
21/02/2024;6 800;6 710;6 800;6 710;1 323;8 936 865;0.00%
22/02/2024;6 795;6 800;6 800;6 795;1 566;10 644 885;-0.07%
23/02/2024;6 795;6 800;6 800;6 795;668;4 540 730;0.00%
26/02/2024;6 800;6 800;6 800;6 800;3 984;27 091 200;0.07%
27/02/2024;6 800;6 845;6 845;6 800;590;4 025 275;0.00%
28/02/2024;6 790;6 800;6 800;6 790;4 711;32 011 245;-0.15%
29/02/2024;6 795;6 780;6 795;6 780;6 252;42 435 450;0.07%
01/03/2024;6 785;6 795;6 795;6 785;641;4 352 390;-0.15%
04/03/2024;6 750;6 785;6 785;6 750;810;5 481 675;-0.52%
05/03/2024;6 700;6 750;6 750;6 700;845;5 682 625;-0.74%
06/03/2024;6 800;6 705;6 800;6 705;7 652;51 670 130;1.49%
07/03/2024;6 795;6 795;6 795;6 795;162;1 100 790;-0.07%
08/03/2024;6 780;6 795;6 795;6 780;1 534;10 412 025;-0.22%
11/03/2024;6 780;6 780;6 780;6 780;1 685;11 424 300;0.00%
12/03/2024;6 780;6 780;6 780;6 780;439;2 976 420;0.00%
13/03/2024;6 800;6 795;6 800;6 795;210;1 427 475;0.29%
14/03/2024;6 750;6 800;6 800;6 750;1 139;7 716 725;-0.74%
15/03/2024;6 775;6 775;6 775;6 775;587;3 976 925;0.37%
18/03/2024;6 800;6 775;6 800;6 775;1 892;12 841 950;0.37%
19/03/2024;6 800;6 800;6 800;6 800;1 948;13 246 400;0.00%
20/03/2024;6 780;6 800;6 800;6 780;1 342;9 112 180;-0.29%
21/03/2024;6 790;6 780;6 790;6 780;890;6 038 650;0.15%
22/03/2024;7 000;6 800;7 000;6 800;1 170;8 073 000;3.09%
25/03/2024;6 950;6 950;6 950;6 950;1 085;7 540 750;-0.71%
26/03/2024;6 950;6 950;6 950;6 950;109;757 550;0.00%
27/03/2024;6 995;6 900;6 995;6 900;11 655;80 973 113;0.65%
28/03/2024;6 995;6 995;6 995;6 995;114;797 430;0.00%
29/03/2024;6 985;6 900;6 985;6 900;4 478;31 088 515;-0.14%
01/04/2024;6 985;6 900;6 985;6 900;4 478;31 088 515;0.00%
02/04/2024;6 895;6 900;6 900;6 895;508;3 503 930;-1.29%
03/04/2024;6 700;6 800;6 800;6 700;501;3 381 750;-2.83%
04/04/2024;6 745;6 700;6 745;6 700;7 615;51 191 838;0.67%
05/04/2024;6 730;6 740;6 740;6 730;148;996 780;-0.22%
08/04/2024;6 700;6 700;6 700;6 700;1 743;11 678 100;-0.45%
09/04/2024;6 700;6 625;6 700;6 625;419;2 791 588;0.00%
10/04/2024;6 700;6 625;6 700;6 625;419;2 791 588;0.00%
11/04/2024;6 900;6 700;6 900;6 700;9 327;63 423 600;2.99%
12/04/2024;6 800;6 685;6 800;6 685;1 526;10 289 055;-1.45%
15/04/2024;6 800;6 710;6 800;6 710;1 230;8 308 650;0.00%
16/04/2024;6 825;6 800;6 825;6 800;1 455;9 912 188;0.37%
17/04/2024;6 895;6 800;6 895;6 800;685;4 690 538;1.03%
18/04/2024;6 895;6 900;6 900;6 895;2 122;14 636 495;0.00%
19/04/2024;6 815;6 800;6 815;6 800;290;1 974 175;-1.16%
22/04/2024;6 800;6 895;6 895;6 800;1 186;8 121 135;-0.22%
23/04/2024;6 850;6 815;6 850;6 815;17 606;120 292 995;0.74%
24/04/2024;6 900;6 850;6 900;6 850;2 406;16 541 250;0.73%
25/04/2024;6 900;6 850;6 900;6 850;164;1 127 500;0.00%
26/04/2024;6 800;6 900;6 900;6 800;2 426;16 618 100;-1.45%
29/04/2024;6 895;6 800;6 895;6 800;161;1 102 448;1.40%
30/04/2024;6 895;6 895;6 895;6 895;13 303;91 724 185;0.00%
01/05/2024;6 895;6 895;6 895;6 895;13 303;91 724 185;0.00%
02/05/2024;6 800;6 900;6 900;6 800;4 204;28 797 400;-1.38%
03/05/2024;6 800;6 800;6 800;6 800;2 859;19 441 200;0.00%
06/05/2024;6 700;6 800;6 800;6 700;254;1 714 500;-1.47%
07/05/2024;6 700;6 745;6 745;6 700;1 492;10 029 970;0.00%
08/05/2024;6 770;6 700;6 770;6 700;851;5 731 485;1.04%
09/05/2024;6 770;6 700;6 770;6 700;851;5 731 485;0.00%
10/05/2024;6 770;6 770;6 770;6 770;1 187;8 035 990;0.00%
13/05/2024;6 800;6 770;6 800;6 770;593;4 023 505;0.44%
14/05/2024;6 810;6 810;6 810;6 810;556;3 786 360;0.15%
15/05/2024;6 900;6 810;6 900;6 810;2 255;15 458 025;1.32%
16/05/2024;6 820;6 850;6 850;6 820;473;3 232 955;-1.16%
17/05/2024;7 330;6 850;7 330;6 850;1 693;12 003 370;7.48%
20/05/2024;7 330;6 850;7 330;6 850;1 693;12 003 370;0.00%
21/05/2024;7 300;7 310;7 310;7 300;285;2 081 925;-0.41%
22/05/2024;7 450;7 200;7 450;7 200;2 071;15 170 075;2.05%
23/05/2024;7 300;7 305;7 305;7 300;806;5 885 815;-2.01%
24/05/2024;7 600;7 495;7 600;7 495;673;5 079 468;4.11%
27/05/2024;7 500;7 500;7 500;7 500;827;6 202 500;-1.32%
28/05/2024;7 390;7 400;7 400;7 390;2 183;16 143 285;-1.47%
29/05/2024;7 300;7 300;7 300;7 300;3 968;28 966 400;-1.22%
30/05/2024;7 300;7 305;7 305;7 300;3 636;26 551 890;0.00%
31/05/2024;7 380;7 250;7 380;7 250;771;5 639 865;1.10%
03/06/2024;7 300;7 300;7 300;7 300;1 047;7 643 100;-1.08%
04/06/2024;7 300;7 200;7 300;7 200;1 120;8 120 000;0.00%
05/06/2024;7 250;7 195;7 250;7 195;408;2 946 780;-0.68%
06/06/2024;7 200;7 250;7 250;7 200;2 308;16 675 300;-0.69%
07/06/2024;7 190;7 200;7 200;7 190;1 266;9 108 870;-0.14%
10/06/2024;7 185;7 200;7 200;7 185;647;4 653 548;-0.07%
11/06/2024;7 180;7 185;7 185;7 180;593;4 259 223;-0.07%
12/06/2024;7 100;7 155;7 155;7 100;1 119;7 975 673;-1.11%
13/06/2024;7 000;6 800;7 000;6 800;3 466;23 915 400;-1.41%
14/06/2024;7 000;7 000;7 000;7 000;191;1 337 000;0.00%
18/06/2024;6 950;6 815;6 950;6 815;1 796;12 360 970;-0.71%
19/06/2024;6 950;6 950;6 950;6 950;1 551;10 779 450;0.00%
20/06/2024;6 990;6 945;6 990;6 945;2 305;16 060 088;0.58%
21/06/2024;6 950;6 980;6 980;6 950;915;6 372 975;-0.57%
24/06/2024;6 950;6 990;6 990;6 950;519;3 617 430;0.00%
25/06/2024;6 950;6 950;6 950;6 950;684;4 753 800;0.00%
26/06/2024;6 950;6 940;6 950;6 940;821;5 701 845;0.00%
27/06/2024;6 945;6 950;6 950;6 945;1 709;11 873 278;-0.07%
28/06/2024;6 990;6 940;6 990;6 940;366;2 549 190;0.65%
01/07/2024;6 990;7 000;7 000;6 990;2 105;14 724 475;0.00%
02/07/2024;7 000;6 990;7 000;6 990;620;4 336 900;0.14%
03/07/2024;6 995;6 990;6 995;6 990;672;4 698 960;-0.07%
04/07/2024;6 995;6 995;6 995;6 995;419;2 930 905;0.00%
05/07/2024;6 990;6 995;6 995;6 990;314;2 195 645;-0.07%
08/07/2024;6 900;6 830;6 900;6 830;2 990;20 526 350;-1.29%
09/07/2024;6 900;6 900;6 900;6 900;3 797;26 199 300;0.00%
10/07/2024;6 900;6 600;6 900;6 600;3 691;24 914 250;0.00%
11/07/2024;6 900;6 900;6 900;6 900;3 176;21 914 400;0.00%
12/07/2024;6 860;6 900;6 900;6 860;2 244;15 438 720;-0.58%
15/07/2024;6 900;6 800;6 900;6 800;579;3 966 150;0.58%
16/07/2024;6 905;6 850;6 905;6 850;3 398;23 369 745;0.07%
17/07/2024;6 910;6 900;6 910;6 900;1 780;12 290 900;0.07%
18/07/2024;7 000;7 000;7 000;7 000;1 088;7 616 000;1.30%
19/07/2024;7 140;6 925;7 140;6 925;920;6 469 900;2.00%
22/07/2024;7 050;7 100;7 100;7 050;627;4 436 025;-1.26%
23/07/2024;7 135;7 050;7 135;7 050;2 808;19 915 740;1.21%
24/07/2024;6 890;7 050;7 050;6 890;6 675;46 524 750;-3.43%
25/07/2024;6 890;6 890;6 890;6 890;1 519;10 465 910;0.00%
26/07/2024;7 130;6 890;7 130;6 890;124;869 240;3.48%
29/07/2024;7 300;7 130;7 300;7 130;5 131;37 020 165;2.38%
30/07/2024;7 420;7 295;7 420;7 295;1 617;11 897 078;1.64%
31/07/2024;7 415;7 410;7 415;7 410;5 949;44 096 963;-0.07%
01/08/2024;7 410;7 415;7 415;7 410;615;4 558 688;-0.07%
02/08/2024;7 410;7 415;7 415;7 410;547;4 054 638;0.00%
05/08/2024;7 550;7 410;7 550;7 410;230;1 720 400;1.89%
06/08/2024;7 575;7 595;7 595;7 575;1 811;13 736 435;0.33%
07/08/2024;7 575;7 595;7 595;7 575;1 811;13 736 435;0.00%
08/08/2024;7 540;7 575;7 575;7 540;1 720;12 998 900;-0.46%
09/08/2024;7 540;7 540;7 540;7 540;2 188;16 497 520;0.00%
12/08/2024;7 540;7 540;7 540;7 540;1 099;8 286 460;0.00%
13/08/2024;7 700;7 540;7 700;7 540;597;4 549 140;2.12%
14/08/2024;7 550;7 650;7 650;7 550;505;3 838 000;-1.95%
15/08/2024;7 550;7 650;7 650;7 550;505;3 838 000;0.00%
16/08/2024;7 580;7 650;7 650;7 580;3 094;23 560 810;0.40%
19/08/2024;7 500;7 575;7 575;7 500;1 735;13 077 563;-1.06%
20/08/2024;7 485;7 500;7 500;7 485;1 726;12 932 055;-0.20%
21/08/2024;7 480;7 485;7 485;7 480;633;4 736 423;-0.07%
22/08/2024;7 400;7 200;7 400;7 200;789;5 759 700;-1.07%
23/08/2024;7 500;7 200;7 500;7 200;921;6 769 350;1.35%
26/08/2024;7 475;7 500;7 500;7 475;374;2 800 325;-0.33%
27/08/2024;7 495;7 475;7 495;7 475;718;5 374 230;0.27%
28/08/2024;7 495;7 500;7 500;7 495;585;4 386 038;0.00%
29/08/2024;7 495;7 500;7 500;7 495;1 713;12 843 218;0.00%
30/08/2024;7 500;7 495;7 500;7 495;579;4 341 053;0.07%
02/09/2024;7 555;7 500;7 555;7 500;658;4 953 095;0.73%
03/09/2024;7 680;7 550;7 680;7 550;1 768;13 463 320;1.65%
04/09/2024;7 700;7 685;7 700;7 685;2 931;22 546 718;0.26%
05/09/2024;8 275;7 680;8 275;7 680;6 407;51 111 843;7.47%
06/09/2024;8 245;8 250;8 250;8 245;18 077;149 090 058;-0.36%
09/09/2024;8 000;8 240;8 240;8 000;174;1 412 880;-2.97%
10/09/2024;8 100;8 200;8 200;8 100;2 019;16 454 850;1.25%
11/09/2024;8 000;8 100;8 100;8 000;3 029;24 383 450;-1.23%
12/09/2024;8 025;8 000;8 025;8 000;879;7 042 988;0.31%
13/09/2024;8 240;8 025;8 240;8 025;578;4 700 585;2.68%
16/09/2024;8 305;8 240;8 305;8 240;790;6 535 275;0.79%
17/09/2024;8 300;8 350;8 350;8 300;849;7 067 925;-0.06%
18/09/2024;8 900;8 350;8 900;8 350;7 782;67 119 750;7.23%
19/09/2024;8 400;8 750;8 750;8 400;775;6 645 625;-5.62%
20/09/2024;8 800;8 795;8 800;8 795;1 277;11 234 408;4.76%
23/09/2024;8 700;8 700;8 700;8 700;1 889;16 434 300;-1.14%
24/09/2024;8 650;8 700;8 700;8 650;836;7 252 300;-0.57%
25/09/2024;8 600;8 600;8 600;8 600;553;4 755 800;-0.58%
26/09/2024;8 500;8 500;8 500;8 500;9 332;79 322 000;-1.16%
27/09/2024;8 575;8 600;8 600;8 575;814;6 990 225;0.88%
30/09/2024;8 795;8 600;8 795;8 600;2 166;18 838 785;2.57%
01/10/2024;8 795;8 800;8 800;8 795;625;5 498 438;0.00%
02/10/2024;8 700;8 785;8 785;8 700;706;6 172 205;-1.08%
03/10/2024;8 685;8 700;8 700;8 685;1 176;10 222 380;-0.17%
04/10/2024;8 685;8 615;8 685;8 615;773;6 686 450;0.00%
07/10/2024;8 645;8 685;8 685;8 645;747;6 472 755;-0.46%
08/10/2024;8 615;8 640;8 640;8 615;1 539;13 277 723;-0.35%
09/10/2024;8 595;8 510;8 595;8 510;403;3 446 658;-0.23%
10/10/2024;8 600;8 600;8 600;8 600;723;6 217 800;0.06%
11/10/2024;8 600;8 600;8 600;8 600;389;3 345 400;0.00%
14/10/2024;8 500;8 600;8 600;8 500;316;2 701 800;-1.16%
15/10/2024;8 400;8 500;8 500;8 400;459;3 878 550;-1.18%
16/10/2024;8 500;8 355;8 500;8 355;1 152;9 708 480;1.19%
17/10/2024;8 500;8 600;8 600;8 500;2 309;19 741 950;0.00%
18/10/2024;8 595;8 500;8 595;8 500;291;2 487 323;1.12%
21/10/2024;8 590;8 550;8 590;8 550;629;5 390 530;-0.06%
22/10/2024;8 570;8 590;8 590;8 570;334;2 865 720;-0.23%
23/10/2024;8 570;8 595;8 595;8 570;847;7 269 378;0.00%
24/10/2024;8 570;8 570;8 570;8 570;465;3 985 050;0.00%
25/10/2024;8 595;8 570;8 595;8 570;571;4 900 608;0.29%
28/10/2024;8 550;8 595;8 595;8 550;606;5 194 935;-0.52%
29/10/2024;8 500;8 500;8 500;8 500;381;3 238 500;-0.58%
30/10/2024;8 595;8 590;8 595;8 590;474;4 072 845;1.12%
31/10/2024;8 550;8 595;8 595;8 550;199;1 705 928;-0.52%
01/11/2024;8 550;8 595;8 595;8 550;199;1 705 928;0.00%
04/11/2024;8 500;8 550;8 550;8 500;598;5 097 950;-0.58%
05/11/2024;8 545;8 500;8 545;8 500;479;4 082 278;0.53%
06/11/2024;8 590;8 545;8 590;8 545;1 309;11 214 858;0.53%
07/11/2024;8 480;8 575;8 575;8 480;350 819;2 991 609 023;-1.28%
08/11/2024;8 480;8 480;8 480;8 480;600;5 088 000;0.00%
11/11/2024;8 380;8 480;8 480;8 380;1 823;15 367 890;-1.18%
12/11/2024;8 380;8 380;8 380;8 380;647;5 421 860;0.00%
13/11/2024;8 500;8 400;8 500;8 400;699;5 906 550;1.43%
14/11/2024;8 300;8 500;8 500;8 300;6 404;53 793 600;-2.35%
15/11/2024;8 300;8 500;8 500;8 300;6 404;53 793 600;0.00%
18/11/2024;8 490;8 400;8 490;8 400;2 115;17 861 175;2.29%
19/11/2024;8 490;8 300;8 490;8 300;2 132;17 898 140;0.00%
20/11/2024;8 325;8 490;8 490;8 325;3 870;32 537 025;-1.94%
21/11/2024;8 325;8 325;8 325;8 325;1 628;13 553 100;0.00%
22/11/2024;8 450;8 325;8 450;8 325;228;1 912 350;1.50%
25/11/2024;8 305;8 425;8 425;8 305;5 923;49 545 895;-1.72%
26/11/2024;8 400;8 305;8 400;8 305;2 039;17 030 748;1.14%
27/11/2024;8 400;8 400;8 400;8 400;115;966 000;0.00%
28/11/2024;8 595;8 350;8 595;8 350;1 711;14 496 448;2.32%
29/11/2024;8 595;8 595;8 595;8 595;340;2 922 300;0.00%
02/12/2024;8 500;8 590;8 590;8 500;615;5 255 175;-1.11%
03/12/2024;8 590;8 320;8 590;8 320;8 909;75 325 595;1.06%
04/12/2024;8 590;8 590;8 590;8 590;178;1 529 020;0.00%
05/12/2024;8 595;8 590;8 595;8 590;340;2 921 450;0.06%
06/12/2024;8 925;8 595;8 925;8 595;802;7 025 520;3.84%
09/12/2024;8 925;8 925;8 925;8 925;307;2 739 975;0.00%
10/12/2024;8 690;8 800;8 800;8 690;73;638 385;-2.63%
11/12/2024;8 800;8 775;8 800;8 775;4 314;37 909 275;1.27%
12/12/2024;8 800;8 700;8 800;8 700;1 746;15 277 500;0.00%
13/12/2024;8 900;8 800;8 900;8 800;249;2 203 650;1.14%
16/12/2024;8 900;8 900;8 900;8 900;699;6 221 100;0.00%
17/12/2024;8 850;8 895;8 895;8 850;420;3 726 450;-0.56%
18/12/2024;8 800;8 845;8 845;8 800;76 329;673 412 603;-0.56%
19/12/2024;8 845;8 800;8 845;8 800;8 611;75 970 548;0.51%
20/12/2024;8 900;8 855;8 900;8 855;1 360;12 073 400;0.62%
23/12/2024;8 800;8 845;8 845;8 800;203;1 790 968;-1.12%
24/12/2024;8 700;8 700;8 700;8 700;446;3 880 200;-1.14%
25/12/2024;8 700;8 800;8 800;8 700;446;3 902 500;0.00%
26/12/2024;8 800;8 800;8 800;8 800;14 872;130 873 600;1.15%
27/12/2024;8 800;8 800;8 800;8 800;5 263;46 314 400;0.00%
30/12/2024;8 800;8 800;8 800;8 800;1 000;8 800 000;0.00%
31/12/2024;8 795;8 655;8 795;8 655;245;2 137 625;-0.06%
01/01/2025;8 795;8 655;8 795;8 655;245;2 137 625;0.00%
02/01/2025;8 750;8 750;8 750;8 750;38;332 500;-0.51%
03/01/2025;8 600;8 655;8 655;8 600;2 628;22 673 070;-1.71%
06/01/2025;8 600;8 600;8 600;8 600;935;8 041 000;0.00%
07/01/2025;8 450;8 595;8 595;8 450;845;7 201 513;-1.74%
08/01/2025;8 500;8 600;8 600;8 500;674;5 762 700;0.59%
09/01/2025;8 450;8 450;8 450;8 450;385;3 253 250;-0.59%
10/01/2025;8 500;8 500;8 500;8 500;337;2 864 500;0.59%
13/01/2025;8 400;8 400;8 400;8 400;936;7 862 400;-1.18%
14/01/2025;8 300;8 325;8 325;8 300;661;5 494 563;-1.19%
15/01/2025;8 200;8 300;8 300;8 200;1 087;8 967 750;-1.20%
16/01/2025;8 450;8 210;8 450;8 210;1 501;12 503 330;3.05%
17/01/2025;8 500;8 450;8 500;8 450;319;2 703 525;0.59%
20/01/2025;8 500;8 450;8 500;8 450;853;7 229 175;0.00%
21/01/2025;8 250;8 500;8 500;8 250;1 495;12 520 625;-2.94%
22/01/2025;8 435;8 300;8 435;8 300;344;2 878 420;2.24%
23/01/2025;8 400;8 435;8 435;8 400;268;2 255 890;-0.41%
24/01/2025;8 400;8 400;8 400;8 400;46;386 400;0.00%
27/01/2025;8 600;8 400;8 600;8 400;53;450 500;2.38%
28/01/2025;8 400;8 600;8 600;8 400;2 245;19 082 500;-2.33%
29/01/2025;8 300;7 770;8 300;7 770;655;5 262 925;-1.19%
30/01/2025;8 200;8 300;8 300;8 200;496;4 092 000;-1.20%
31/01/2025;8 600;8 200;8 600;8 200;4 252;35 716 800;4.88%
03/02/2025;8 400;8 050;8 400;8 050;1 064;8 751 400;-2.33%
04/02/2025;8 730;8 200;8 730;8 200;644;5 451 460;3.93%
05/02/2025;8 400;8 400;8 400;8 400;432;3 628 800;-3.78%
06/02/2025;8 300;8 300;8 300;8 300;833;6 913 900;-1.19%
07/02/2025;8 400;8 250;8 400;8 250;772;6 426 900;1.20%
10/02/2025;8 390;8 400;8 400;8 390;315;2 644 425;-0.12%
11/02/2025;8 375;8 390;8 390;8 375;211;1 768 708;-0.18%
12/02/2025;8 400;8 375;8 400;8 375;807;6 768 713;0.30%
13/02/2025;8 310;8 400;8 400;8 310;982;8 204 610;-1.07%
14/02/2025;8 400;8 310;8 400;8 310;870;7 268 850;1.08%
17/02/2025;8 800;8 800;8 800;8 800;2 235;19 668 000;4.76%
18/02/2025;8 850;8 895;8 895;8 850;353;3 131 993;0.57%
19/02/2025;8 885;8 850;8 885;8 850;252;2 234 610;0.40%
20/02/2025;8 885;8 885;8 885;8 885;1 229;10 919 665;0.00%
21/02/2025;8 885;8 700;8 885;8 700;411;3 613 718;0.00%
24/02/2025;8 880;8 885;8 885;8 880;43;381 948;-0.06%
25/02/2025;8 880;8 800;8 880;8 800;178;1 573 520;0.00%
26/02/2025;8 885;8 880;8 885;8 880;216;1 918 620;0.06%
28/02/2025;8 880;8 800;8 880;8 800;217;1 918 280;-0.06%
03/03/2025;8 885;8 885;8 885;8 885;284;2 523 340;0.06%
04/03/2025;8 885;8 880;8 885;8 880;548;4 867 610;0.00%
05/03/2025;8 885;8 800;8 885;8 800;273;2 414 003;0.00%
06/03/2025;8 850;8 885;8 885;8 850;913;8 096 028;-0.39%
07/03/2025;8 875;8 850;8 875;8 850;283;2 508 088;0.28%
10/03/2025;8 880;8 875;8 880;8 875;119;1 056 423;0.06%
11/03/2025;8 800;8 880;8 880;8 800;425;3 757 000;-0.90%
12/03/2025;8 800;8 800;8 800;8 800;1 709;15 039 200;0.00%
13/03/2025;8 885;8 800;8 885;8 800;3 759;33 238 958;0.97%
14/03/2025;8 850;8 880;8 880;8 850;992;8 794 080;-0.39%
17/03/2025;8 985;8 850;8 985;8 850;558;4 975 965;1.53%
18/03/2025;9 000;8 825;9 000;8 825;250;2 228 125;0.17%
19/03/2025;9 600;8 985;9 600;8 985;801;7 443 293;6.67%
20/03/2025;9 100;9 600;9 600;9 100;1 215;11 360 250;-5.21%
21/03/2025;9 515;9 125;9 515;9 125;594;5 536 080;4.56%
24/03/2025;9 890;9 610;9 890;9 610;549;5 352 750;3.94%
25/03/2025;9 900;9 890;9 900;9 890;704;6 966 080;0.10%
26/03/2025;9 900;9 900;9 900;9 900;1 040;10 296 000;0.00%
27/03/2025;9 900;9 900;9 900;9 900;1 040;10 296 000;0.00%
28/03/2025;9 860;9 900;9 900;9 860;2 130;21 044 400;-0.40%
31/03/2025;9 860;9 900;9 900;9 860;2 130;21 044 400;0.00%
01/04/2025;9 860;9 900;9 900;9 860;1 840;18 179 200;0.00%
02/04/2025;9 900;9 860;9 900;9 860;323;3 191 240;0.41%
03/04/2025;9 860;9 895;9 895;9 860;414;4 089 285;-0.40%
04/04/2025;9 860;9 860;9 860;9 860;3 258;32 123 880;0.00%
07/04/2025;9 895;9 860;9 895;9 860;2 108;20 821 770;0.35%
08/04/2025;9 900;9 875;9 900;9 875;1 095;10 826 813;0.05%
09/04/2025;9 900;9 850;9 900;9 850;400;3 950 000;0.00%
10/04/2025;9 900;9 900;9 900;9 900;213;2 108 700;0.00%
11/04/2025;9 900;9 900;9 900;9 900;594;5 880 600;0.00%
14/04/2025;9 925;9 900;9 925;9 900;1 327;13 153 888;0.25%
15/04/2025;9 925;9 925;9 925;9 925;759;7 533 075;0.00%
16/04/2025;9 920;9 925;9 925;9 920;1 690;16 769 025;-0.05%
17/04/2025;9 915;9 920;9 920;9 915;53;525 628;-0.05%
18/04/2025;9 800;9 900;9 900;9 800;231;2 275 350;-1.16%
21/04/2025;9 800;9 900;9 900;9 800;231;2 275 350;0.00%
22/04/2025;9 895;9 800;9 895;9 800;962;9 473 295;0.97%
23/04/2025;9 895;9 895;9 895;9 895;431;4 264 745;0.00%
24/04/2025;9 895;9 895;9 895;9 895;147;1 454 565;0.00%
25/04/2025;9 895;9 895;9 895;9 895;620;6 134 900;0.00%
28/04/2025;9 900;9 895;9 900;9 895;2 765;27 366 588;0.05%
29/04/2025;9 890;9 900;9 900;9 890;700;6 926 500;-0.10%
30/04/2025;9 800;9 850;9 850;9 800;279;2 741 175;-0.91%
01/05/2025;9 800;9 850;9 850;9 800;279;2 741 175;0.00%
02/05/2025;9 850;9 820;9 850;9 820;955;9 392 425;0.51%
05/05/2025;9 895;9 900;9 900;9 895;491;4 859 673;0.46%
06/05/2025;9 900;9 900;9 900;9 900;837;8 286 300;0.05%
07/05/2025;9 900;9 895;9 900;9 895;600;5 938 500;0.00%
08/05/2025;9 900;9 900;9 900;9 900;888;8 791 200;0.00%
09/05/2025;9 900;9 900;9 900;9 900;469;4 643 100;0.00%
12/05/2025;9 900;9 850;9 900;9 850;614;6 063 250;0.00%
13/05/2025;9 905;9 905;9 905;9 905;187;1 852 235;0.05%
14/05/2025;10 500;10 010;10 500;10 010;815;8 357 825;6.01%
15/05/2025;11 060;10 450;11 060;10 450;862;9 270 810;5.33%
16/05/2025;11 060;11 060;11 060;11 060;513;5 673 780;0.00%
19/05/2025;11 245;11 885;11 885;11 245;1 076;12 443 940;1.67%
20/05/2025;11 900;11 005;11 900;11 005;1 404;16 079 310;5.82%
21/05/2025;11 800;11 890;11 890;11 800;1 255;14 865 475;-0.84%
22/05/2025;11 800;11 880;11 880;11 800;1 146;13 568 640;0.00%
23/05/2025;12 005;11 900;12 005;11 900;1 763;21 072 258;1.74%
26/05/2025;12 605;12 005;12 605;12 005;813;10 003 965;5.00%
27/05/2025;11 800;12 000;12 000;11 800;438;5 212 200;-6.39%
28/05/2025;11 500;11 600;11 600;11 500;526;6 075 300;-2.54%
29/05/2025;11 500;11 600;11 600;11 500;526;6 075 300;0.00%
30/05/2025;11 150;11 500;11 500;11 150;234;2 650 050;-3.04%
02/06/2025;11 000;11 200;11 200;11 000;1 402;15 562 200;-1.35%
03/06/2025;10 185;10 175;10 185;10 175;3 273;33 319 140;-7.41%
04/06/2025;10 175;10 185;10 185;10 175;969;9 864 420;-0.10%
05/06/2025;10 200;10 170;10 200;10 170;1 555;15 837 675;0.25%
10/06/2025;10 400;10 200;10 400;10 200;1 134;11 680 200;1.96%
11/06/2025;11 150;9 900;11 150;9 900;1 708;17 976 700;7.21%
12/06/2025;11 000;10 315;11 000;10 315;616;6 565 020;-1.35%
13/06/2025;11 000;10 875;11 000;10 875;609;6 660 938;0.00%
16/06/2025;10 885;10 880;10 885;10 880;8 104;88 191 780;-1.05%
17/06/2025;10 900;10 880;10 900;10 880;1 306;14 222 340;0.14%
18/06/2025;10 995;10 885;10 995;10 885;704;7 701 760;0.87%
19/06/2025;11 150;10 995;11 150;10 995;2 143;23 728 368;1.41%
20/06/2025;11 500;11 150;11 500;11 150;1 112;12 593 400;3.14%
23/06/2025;11 995;11 500;11 995;11 500;1 291;15 166 023;4.30%
24/06/2025;11 950;11 995;11 995;11 950;2 087;24 986 608;-0.38%
25/06/2025;11 890;11 920;11 920;11 890;350;4 166 750;-0.50%
26/06/2025;11 890;11 890;11 890;11 890;174;2 068 860;0.00%
27/06/2025;11 860;11 890;11 890;11 860;2 074;24 628 750;-0.25%
30/06/2025;11 860;11 800;11 860;11 800;657;7 772 310;0.00%
01/07/2025;11 840;11 845;11 845;11 840;3 123;36 984 128;-0.17%
02/07/2025;11 500;11 835;11 835;11 500;895;10 442 413;-2.87%
03/07/2025;11 500;11 500;11 500;11 500;317;3 645 500;0.00%
04/07/2025;11 875;11 500;11 875;11 500;861;10 062 938;3.26%
07/07/2025;11 800;11 020;11 800;11 020;1 020;11 638 200;-0.63%
08/07/2025;11 200;11 060;11 200;11 060;255;2 838 150;-5.08%
09/07/2025;11 290;11 200;11 290;11 200;312;3 508 440;0.80%
10/07/2025;11 895;11 060;11 895;11 060;1 171;13 440 153;5.36%
11/07/2025;11 890;11 890;11 890;11 890;463;5 505 070;-0.04%
14/07/2025;11 800;11 820;11 820;11 800;939;11 089 590;-0.76%
15/07/2025;11 800;11 650;11 800;11 650;531;6 225 975;0.00%
16/07/2025;11 800;11 800;11 800;11 800;3 063;36 143 400;0.00%
17/07/2025;11 800;11 800;11 800;11 800;6 200;73 160 000;0.00%
18/07/2025;11 100;11 800;11 800;11 100;583;6 675 350;-5.93%
21/07/2025;11 200;11 800;11 800;11 200;460;5 290 000;0.90%
22/07/2025;11 700;11 200;11 700;11 200;3 156;36 136 200;4.46%
23/07/2025;11 695;11 700;11 700;11 695;281;3 286 998;-0.04%
24/07/2025;11 700;11 700;11 700;11 700;1 850;21 645 000;0.04%
25/07/2025;11 700;11 700;11 700;11 700;233;2 726 100;0.00%
28/07/2025;11 700;11 700;11 700;11 700;422;4 937 400;0.00%
29/07/2025;11 600;11 600;11 600;11 600;2 285;26 506 000;-0.85%
30/07/2025;11 600;11 600;11 600;11 600;465;5 394 000;0.00%
31/07/2025;11 600;11 600;11 600;11 600;611;7 087 600;0.00%
01/08/2025;11 590;11 600;11 600;11 590;293;3 397 335;-0.09%
04/08/2025;11 400;11 600;11 600;11 400;363;4 174 500;-1.64%
05/08/2025;11 400;11 400;11 400;11 400;275;3 135 000;0.00%
06/08/2025;11 250;11 250;11 250;11 250;478;5 377 500;-1.32%
07/08/2025;11 250;11 250;11 250;11 250;478;5 377 500;0.00%
08/08/2025;11 200;11 200;11 200;11 200;1 902;21 302 400;-0.44%
11/08/2025;11 295;11 200;11 295;11 200;1 854;20 852 865;0.85%
12/08/2025;11 295;11 220;11 295;11 220;1 815;20 432 363;0.00%
13/08/2025;11 300;11 375;11 375;11 300;188;2 131 450;0.04%
14/08/2025;11 700;11 355;11 700;11 355;1 803;20 784 083;3.54%
15/08/2025;11 700;11 355;11 700;11 355;1 803;20 784 083;0.00%
18/08/2025;11 900;11 700;11 900;11 700;499;5 888 200;1.71%
19/08/2025;11 850;11 920;11 920;11 850;1 859;22 094 215;-0.42%
20/08/2025;11 990;11 805;11 990;11 805;587;6 983 833;1.18%
21/08/2025;11 990;11 950;11 990;11 950;421;5 039 370;0.00%
22/08/2025;11 990;12 000;12 000;11 990;1 077;12 918 615;0.00%
25/08/2025;11 705;11 990;11 990;11 705;959;11 361 753;-2.38%
26/08/2025;11 905;11 800;11 905;11 800;592;7 016 680;1.71%
27/08/2025;11 905;12 000;12 000;11 905;876;10 470 390;0.00%
28/08/2025;11 990;12 000;12 000;11 990;1 373;16 469 135;0.71%
29/08/2025;11 980;11 990;11 990;11 980;439;5 261 415;-0.08%
01/09/2025;11 970;11 990;11 990;11 970;2 406;28 823 880;-0.08%
02/09/2025;12 055;11 970;12 055;11 970;703;8 444 788;0.71%
03/09/2025;12 060;12 060;12 060;12 060;1 743;21 020 580;0.04%
04/09/2025;12 060;12 060;12 060;12 060;1 743;21 020 580;0.00%
05/09/2025;12 450;12 060;12 450;12 060;237;2 904 435;3.23%
08/09/2025;12 450;12 450;12 450;12 450;515;6 411 750;0.00%
09/09/2025;12 300;12 450;12 450;12 300;505;6 249 375;-1.20%
10/09/2025;12 110;12 150;12 150;12 110;734;8 903 420;-1.54%
11/09/2025;12 470;12 110;12 470;12 110;424;5 210 960;2.97%
12/09/2025;12 470;12 470;12 470;12 470;1 915;23 880 050;0.00%
15/09/2025;12 470;12 470;12 470;12 470;1 483;18 493 010;0.00%
16/09/2025;12 470;12 470;12 470;12 470;3 807;47 473 290;0.00%
17/09/2025;12 500;12 500;12 500;12 500;2 112;26 400 000;0.24%
18/09/2025;12 475;12 575;12 575;12 475;2 107;26 390 175;-0.20%
19/09/2025;12 475;12 500;12 500;12 475;5 559;69 418 013;0.00%
22/09/2025;12 515;12 475;12 515;12 475;209;2 611 455;0.32%
23/09/2025;12 600;13 400;13 400;12 600;1 060;13 780 000;0.68%
24/09/2025;12 700;12 510;12 700;12 510;349;4 399 145;0.79%
25/09/2025;12 510;12 705;12 705;12 510;1 330;16 767 975;-1.50%
26/09/2025;12 505;12 510;12 510;12 505;901;11 269 258;-0.04%
29/09/2025;12 510;12 505;12 510;12 505;1 780;22 263 350;0.04%
30/09/2025;12 505;12 515;12 515;12 505;1 675;20 954 250;-0.04%
01/10/2025;12 700;12 300;12 700;12 300;2 085;26 062 500;1.56%
02/10/2025;13 000;12 750;13 000;12 750;982;12 643 250;2.36%
03/10/2025;12 710;13 200;13 200;12 710;724;9 379 420;-2.23%
06/10/2025;12 505;12 710;12 710;12 505;6 164;77 712 630;-1.61%
07/10/2025;13 000;12 505;13 000;12 505;963;12 280 658;3.96%
08/10/2025;13 080;13 100;13 100;13 080;340;4 450 600;0.62%
09/10/2025;13 150;13 100;13 150;13 100;1 186;15 566 250;0.54%
10/10/2025;13 200;13 200;13 200;13 200;750;9 900 000;0.38%
13/10/2025;13 250;13 200;13 250;13 200;569;7 525 025;0.38%
14/10/2025;13 500;13 600;13 600;13 500;963;13 048 650;1.89%
15/10/2025;14 300;13 500;14 300;13 500;8 838;122 848 200;5.93%
16/10/2025;13 750;14 300;14 300;13 750;2 487;34 880 175;-3.85%
17/10/2025;13 810;13 750;13 810;13 750;846;11 657 880;0.44%
20/10/2025;14 000;13 750;14 000;13 750;2 279;31 621 125;1.38%
21/10/2025;14 000;14 000;14 000;14 000;1 601;22 414 000;0.00%
22/10/2025;14 000;14 000;14 000;14 000;503;7 042 000;0.00%
23/10/2025;14 175;14 000;14 175;14 000;335;4 719 313;1.25%
24/10/2025;14 100;14 175;14 175;14 100;11 986;169 452 075;-0.53%
27/10/2025;14 890;14 200;14 890;14 200;887;12 901 415;5.60%
28/10/2025;14 725;14 890;14 890;14 725;201;2 976 308;-1.11%
29/10/2025;14 800;14 750;14 800;14 750;2 202;32 534 550;0.51%
30/10/2025;15 150;14 765;15 150;14 765;1 337;19 998 178;2.36%
31/10/2025;15 110;15 015;15 110;15 015;687;10 347 938;-0.26%
03/11/2025;15 200;15 110;15 200;15 110;1 743;26 415 165;0.60%
04/11/2025;15 200;15 110;15 200;15 110;3 543;53 694 165;0.00%
05/11/2025;15 500;15 990;15 990;15 500;2 508;39 488 460;1.97%
06/11/2025;15 700;15 500;15 700;15 500;3 619;56 456 400;1.29%
07/11/2025;15 750;15 750;15 750;15 750;-;0;0.32%
10/11/2025;15 500;15 200;15 500;15 200;1 141;17 514 350;-1.59%
11/11/2025;15 500;15 500;15 500;15 500;1 046;16 213 000;0.00%
12/11/2025;15 200;15 500;15 500;15 200;2 552;39 173 200;-1.94%
13/11/2025;15 210;15 740;15 740;15 210;3 281;50 773 475;0.07%
14/11/2025;15 240;15 215;15 240;15 215;1 099;16 735 023;0.20%
17/11/2025;15 900;15 280;15 900;15 280;326;5 082 340;4.33%
18/11/2025;15 900;15 500;15 900;15 500;543;8 525 100;0.00%
19/11/2025;15 900;15 600;15 900;15 600;1 840;28 980 000;0.00%
20/11/2025;16 000;15 800;16 000;15 800;793;12 608 700;0.63%
21/11/2025;15 300;16 020;16 020;15 300;1 181;18 494 460;-4.38%
24/11/2025;15 300;15 300;15 300;15 300;2 751;42 090 300;0.00%
25/11/2025;15 700;15 300;15 700;15 300;7 433;115 211 500;2.61%
26/11/2025;15 500;15 500;15 500;15 500;1 623;25 156 500;-1.27%
27/11/2025;15 500;16 390;16 390;15 500;1 772;28 254 540;0.00%
28/11/2025;15 600;15 500;15 600;15 500;1 035;16 094 250;0.65%
01/12/2025;16 770;15 600;16 770;15 600;319;5 163 015;7.50%
02/12/2025;15 720;16 700;16 700;15 720;688;11 152 480;-6.26%
03/12/2025;16 505;16 500;16 505;16 500;307;5 066 268;4.99%
04/12/2025;16 600;16 600;16 600;16 600;1 694;28 120 400;0.58%
05/12/2025;16 000;16 600;16 600;16 000;1 058;17 245 400;-3.61%
08/12/2025;16 500;15 800;16 500;15 800;367;5 927 050;3.13%
09/12/2025;15 800;16 500;16 500;15 800;562;9 076 300;-4.24%
10/12/2025;15 500;16 595;16 595;15 500;2 062;33 089 945;-1.90%
11/12/2025;15 800;15 800;15 800;15 800;837;13 224 600;1.94%
12/12/2025;15 210;16 475;16 475;15 210;1 785;28 278 863;-3.73%
15/12/2025;15 220;15 210;15 220;15 210;1 258;19 140 470;0.07%
16/12/2025;15 050;15 220;15 220;15 050;5 742;86 905 170;-1.12%
17/12/2025;15 000;15 050;15 050;15 000;6 585;98 939 625;-0.33%
18/12/2025;15 065;15 300;15 300;15 065;95 566;1 450 930 795;0.43%
19/12/2025;15 500;15 800;15 800;15 500;6 098;95 433 700;2.89%
22/12/2025;15 005;15 005;15 005;15 005;1 919;28 794 595;-3.19%
23/12/2025;15 000;15 000;15 000;15 000;727;10 905 000;-0.03%
24/12/2025;15 000;15 005;15 005;15 000;98;1 470 245;0.00%
25/12/2025;15 000;15 005;15 005;15 000;98;1 470 245;0.00%
26/12/2025;15 600;15 005;15 600;15 005;61 029;933 896 273;4.00%
29/12/2025;15 590;14 630;15 590;14 630;560;8 461 600;-0.06%
30/12/2025;15 795;14 650;15 795;14 650;80 571;1 226 492 048;1.31%
31/12/2025;16 000;15 800;16 000;15 800;589;9 365 100;1.30%
01/01/2026;16 000;15 800;16 000;15 800;589;9 365 100;0.00%
02/01/2026;16 000;16 000;16 000;16 000;19 750;316 000 000;0.00%
05/01/2026;15 795;16 150;16 150;15 795;215;3 434 088;-1.28%
06/01/2026;16 200;16 000;16 200;16 000;1 101;17 726 100;2.56%
07/01/2026;16 200;16 200;16 200;16 200;1 626;26 341 200;0.00%
08/01/2026;16 200;16 295;16 295;16 200;1 223;19 870 693;0.00%
09/01/2026;16 495;16 250;16 495;16 250;320;5 239 200;1.82%
12/01/2026;16 500;16 495;16 500;16 495;330;5 444 175;0.03%
13/01/2026;16 500;15 800;16 500;15 800;729;11 773 350;0.00%
14/01/2026;16 490;16 500;16 500;16 490;1 750;28 866 250;-0.06%
15/01/2026;16 500;16 490;16 500;16 490;765;12 618 675;0.06%
16/01/2026;16 500;16 500;16 500;16 500;575;9 487 500;0.00%
19/01/2026;16 500;16 500;16 500;16 500;413;6 814 500;0.00%
20/01/2026;16 500;16 800;16 800;16 500;498;8 291 700;0.00%
21/01/2026;16 600;16 700;16 700;16 600;582;9 690 300;0.61%
22/01/2026;16 505;16 700;16 700;16 505;438;7 271 895;-0.57%
23/01/2026;16 505;16 590;16 590;16 505;1 542;25 516 245;0.00%
26/01/2026;16 695;16 505;16 695;16 505;1 706;28 319 600;1.15%
27/01/2026;16 695;16 690;16 695;16 690;392;6 543 460;0.00%
28/01/2026;16 795;16 695;16 795;16 695;1 079;18 067 855;0.60%
29/01/2026;16 995;16 795;16 995;16 795;750;12 671 250;1.19%
30/01/2026;17 005;17 000;17 005;17 000;2 856;48 559 140;0.06%
02/02/2026;17 165;17 000;17 165;17 000;2 175;37 154 438;0.94%
03/02/2026;17 165;17 165;17 165;17 165;580;9 955 700;0.00%
04/02/2026;17 165;17 165;17 945;17 945;1 537;26 382 605;0,00%
05/02/2026;17 800;17 800;17 900;17 900;190;3 382 000;3,70%
06/02/2026;17 500;17 500;17 795;17 795;4 050;70 875 000;-1,69%
09/02/2026;17 500;17 500;17 500;17 500;1 328;23 240 000;0,00%
10/02/2026;17 000;17 000;17 500;17 500;2 095;35 615 000;-2,86%
11/02/2026;16 505;17 150;17 150;16 505;5 424;91 272 360;-2.91%
12/02/2026;16 800;16 685;16 800;16 685;2 882;48 251 885;1.79%
13/02/2026;16 900;16 800;16 900;16 800;774;13 080 600;0,60%
16/02/2026;16 000;15 640;16 000;15 640;2 635;41 685 700;-5.33%
17/02/2026;16 200;16 005;16 200;16 005;1 836;29 564 190;1.25%
18/02/2026;17 000;16 300;17 000;16 300;3 325;55 361 250;4.94%
19/02/2026;16 250;16 950;16 950;16 250;691;11 470 600;-4.41%
20/02/2026;16 900;16 900;16 995;16 995;1 758;29 710 200;4,00%
23/02/2026;16 700;16 900;16 900;16 700;1 078;18 110 400;-1.18%
24/02/2026;16 700;16 700;16 700;16 700;1 182;19 739 400;0.00%
25/02/2026;16 700;16 700;16 700;16 700;39 415;658 230 500;0.00%
26/02/2026;16 985;17 000;17 000;16 985;408;6 932 940;1.71%
27/02/2026;17 000;16 900;17 000;16 900;7 184;122 128 000;0,09%
02/03/2026;16 985;17 000;17 000;16 985;2 927;49 737 048;-0.09%
03/03/2026;16 200;17 000;17 000;16 200;1 988;33 000 800;-4.62%
04/03/2026;16 200;16 200;16 200;16 200;588;9 525 600;0.00%
05/03/2026;16 475;16 205;16 475;16 205;2 355;38 480 700;0.00%
06/03/2026;16 475;16 205;16 475;16 205;3 439;56 657 525;0,00%
09/03/2026;16 800;16 475;16 800;16 475;4 818;80 942 400;1,97%
10/03/2026;16 400;16 220;16 400;16 220;352;5 772 800;-2,38%
11/03/2026;16 405;16 400;16 405;16 400;706;11 581 930;0,03%
12/03/2026;16 600;16 600;16 800;16 800;876;14 541 600;1,19%
13/03/2026;16 215;16 210;16 215;16 210;3 819;61 925 085;-2,32%
16/03/2026;16 215;16 210;16 215;16 210;3 819;61 925 085;0,00%
17/03/2026;16 280;16 240;16 280;16 240;1 751;28 506 280;0,40%
18/03/2026;16 795;16 215;16 795;16 215;2 940;48 524 700;3.16%
19/03/2026;16 905;16 800;16 905;16 800;379;6 387 098;0.65%
20/03/2026;16 905;16 800;16 905;16 800;379;6 406 995;0,00%
23/03/2026;16 700;16 895;16 895;16 700;790;13 270 025;-1.21%
24/03/2026;16 300;16 300;16 805;16 805;790;12 877 000;-2,40%
25/03/2026;16 300;16 300;16 510;16 510;3 083;50 252 900;0,00%
26/03/2026;16 300;16 325;16 325;16 300;2 368;38 628 000;0.00%
27/03/2026;16 500;16 300;16 500;16 300;2 610;42 804 000;1.23%
30/03/2026;16 500;16 500;16 500;16 500;888;14 652 000;0.00%
31/03/2026;16 500;16 500;16 500;16 500;2 932;48 378 000;0,00%
01/04/2026;16 500;16 315;16 500;16 315;12 191;201 151 500;0,00%
02/04/2026;16 350;16 350;16 400;16 400;817;13 357 950;-0,91%
03/04/2026;16 350;16 300;16 350;16 300;692;11 314 200;0,00%
06/04/2026;16 350;16 300;16 350;16 300;692;11 314 200;0,00%
07/04/2026;16 350;16 350;16 350;16 350;1 250;20 437 500;0,00%
08/04/2026;16 500;16 700;16 700;16 500;573;9 511 800;0.92%
09/04/2026;16 200;16 200;16 200;16 200;1 201;19 456 200;-1.82%
10/04/2026;16 210;16 210;16 210;16 210;776;12 578 960;0,06%
13/04/2026;15 615;15 615;16 215;16 215;2 516;39 287 340;-3,67%
14/04/2026;15 620;15 615;15 620;15 615;1 959;30 599 580;0,03%
15/04/2026;15 700;15 700;15 700;15 700;1 649;25 889 300;0,51%
16/04/2026;15 710;15 625;15 710;15 625;2 257;35 361 548;0.06%
17/04/2026;16 250;16 400;16 400;16 250;526;8 586 950;3.44%
20/04/2026;15 810;15 800;15 810;15 800;999;15 789 195;-2.71%
21/04/2026;15 810;15 850;15 850;15 810;1 430;22 636 900;0.00%
22/04/2026;16 000;15 810;16 000;15 810;722;11 552 000;1,20%
23/04/2026;16 000;16 000;16 200;16 200;2 399;38 384 000;0,00%
24/04/2026;16 300;16 005;16 300;16 005;863;14 066 900;1,88%
27/04/2026;16 020;16 020;16 200;16 200;738;11 822 760;-1,72%
28/04/2026;16 300;16 050;16 300;16 050;402;6 552 600;1,75%
29/04/2026;16 050;16 300;16 300;16 050;10 142;164 046 850;-1.53%
30/04/2026;16 300;16 020;16 300;16 020;4 420;72 046 000;1,56%
01/05/2026;16 300;16 020;16 300;16 020;4 420;71 427 200;0.00%
04/05/2026;16 100;16 300;16 300;16 100;594;9 622 800;-1.23%
05/05/2026;16 000;16 055;16 055;16 000;747;11 972 543;-0.62%
06/05/2026;16 100;15 900;16 100;15 900;1 400;22 400 000;0.63%
07/05/2026;16 300;16 100;16 300;16 100;659;10 675 800;1.24%
08/05/2026;16 800;17 520;17 520;16 800;900;15 444 000;3.07%
11/05/2026;16 200;17 000;17 000;16 200;2 038;33 830 800;-3.57%
12/05/2026;16 200;16 200;16 200;16 200;4 831;78 262 200;0.00%
13/05/2026;16 300;16 200;16 300;16 200;1 114;18 102 500;0.62%
14/05/2026;16 300;16 200;16 300;16 200;1 114;18 102 500;0.00%
15/05/2026;16 300;16 300;16 300;16 300;1 413;23 031 900;0.00%
18/05/2026;16 300;16 200;16 300;16 200;2 107;34 238 750;0.00%
19/05/2026;16 300;16 000;16 300;16 000;1 234;19 929 100;0.00%
20/05/2026;16 300;16 300;16 300;16 300;704;11 475 200;0.00%
21/05/2026;16 300;16 305;16 305;16 300;3 727;60 759 418;0.00%
22/05/2026;16 300;14 500;16 300;14 500;1 593;24 532 200;0.00%
25/05/2026;16 300;14 500;16 300;14 500;1 593;24 532 200;0.00%
26/05/2026;16 300;16 300;16 300;16 300;148;2 412 400;0.00%
27/05/2026;16 300;16 300;16 300;16 300;148;2 412 400;0.00%
28/05/2026;16 300;16 300;16 300;16 300;1 799;29 323 700;0.00%
29/05/2026;16 290;16 300;16 300;16 290;884;14 404 780;-0.06%
01/06/2026;16 250;16 250;16 250;16 250;790;12 837 500;-0.25%
02/06/2026;16 345;16 250;16 345;16 250;2 962;48 273 195;0.58%
03/06/2026;16 345;16 300;16 345;16 300;3 676;60 001 510;0.00%
04/06/2026;16 345;16 345;16 345;16 345;1 924;31 447 780;0.00%
05/06/2026;16 400;16 345;16 400;16 345;3 403;55 715 618;0.34%
08/06/2026;16 400;16 500;16 500;16 400;971;15 972 950;0.00%
09/06/2026;16 800;16 400;16 800;16 400;6 278;104 214 800;2.44%
10/06/2026;16 700;16 800;16 800;16 700;977;16 364 750;-0.60%
11/06/2026;16 800;16 800;16 800;16 800;1 069;17 959 200;0.60%
12/06/2026;16 795;16 800;16 800;16 795;438;7 357 305;-0.03%
15/06/2026;16 770;16 800;16 800;16 770;3 712;62 305 920;-0.15%
16/06/2026;16 500;16 780;16 780;16 500;6 616;110 090 240;-1.61%
17/06/2026;16 400;16 500;16 500;16 400;2 443;40 187 350;-0.61%
18/06/2026;16 500;16 500;16 500;16 500;3 884;64 086 000;0.61%
19/06/2026;16 745;16 500;16 745;16 500;404;6 715 490;1.48%
22/06/2026;17 000;16 800;17 000;16 800;5 651;95 501 900;1.52%
23/06/2026;16 500;17 380;17 380;16 500;11 571;196 012 740;-2.94%
24/06/2026;16 500;16 600;16 600;16 500;6 518;107 872 900;0.00%
25/06/2026;16 800;16 500;16 800;16 500;234;3 896 100;1.82%
26/06/2026;17 150;16 800;17 150;16 800;341;5 788 475;2.08%
29/06/2026;17 190;16 800;17 190;16 800;1 006;17 096 970;0.23%
30/06/2026;16 600;17 000;17 000;16 600;1 217;20 445 600;-3.43%
01/07/2026;16 250;17 180;17 180;16 250;3 155;52 735 825;-2.11%
02/07/2026;16 500;17 200;17 200;16 500;1 537;25 898 450;1.54%
03/07/2026;17 270;16 900;17 270;16 900;1 411;24 106 935;4.67%
06/07/2026;16 500;17 300;17 300;16 500;5 176;87 474 400;-4.46%
07/07/2026;16 640;17 200;17 200;16 640;102 038;1 726 482 960;0.85%
08/07/2026;17 000;16 695;17 000;16 695;1 701;28 657 598;2.16%
09/07/2026;16 700;16 990;16 990;16 700;639;10 763 955;-1.76%
10/07/2026;16 795;16 700;16 795;16 700;465;7 787 588;0.57%
13/07/2026;16 700;16 790;16 790;16 700;2 116;35 432 420;-0.57%
14/07/2026;16 370;16 700;16 700;16 370;954;15 774 390;-1.98%
15/07/2026;15 900;16 045;16 045;15 900;6 512;104 012 920;-2.87%
16/07/2026;16 000;16 000;16 000;16 000;5 655;90 480 000;0.63%
17/07/2026;16 000;16 000;16 000;16 000;1 404;22 464 000;0.00%
20/07/2026;15 715;14 805;15 715;14 805;4 603;70 241 780;-1.78%
21/07/2026;15 715;15 800;15 800;15 715;2 300;36 242 250;0.00%
22/07/2026;15 715;15 715;15 715;15 715;1 512;23 761 080;0.00%
23/07/2026;15 900;15 890;15 900;15 890;705;11 205 975;1.18%
24/07/2026;16 245;15 990;16 245;15 990;6 990;112 661 325;2.17%
27/07/2026;16 240;16 245;16 245;16 240;1 894;30 763 295;-0.03%
28/07/2026;16 245;16 245;16 245;16 245;4 385;71 234 325;0.03%
29/07/2026;16 235;16 245;16 245;16 235;2 573;41 785 520;-0.06%
30/07/2026;16 235;16 235;16 235;16 235;1 602;26 008 470;0.00%
31/07/2026;16 230;16 230;16 230;16 230;1 910;30 999 300;-0.03%
