Date;Clôture;Plus bas;Plus haut;Ouverture;Volume Titres;Volume FCFA;Variation %
18/01/2012;387;387;387;387;23;8 901;7.50%
19/01/2012;387;387;387;387;35;13 545;0.00%
27/01/2012;387;387;387;387;50;19 350;0.00%
30/01/2012;387;387;387;387;55;21 285;0.00%
03/02/2012;378;378;378;378;13;4 914;-2.33%
07/02/2012;350;350;350;350;18;6 300;-7.41%
08/02/2012;324;324;324;324;14;4 536;-7.43%
10/02/2012;320;320;320;320;20;6 400;-1.23%
14/02/2012;320;320;320;320;5;1 600;0.00%
15/02/2012;320;320;320;320;4;1 280;0.00%
20/02/2012;296;296;296;296;10;2 960;-7.50%
22/02/2012;296;296;296;296;5;1 480;0.00%
28/02/2012;280;280;280;280;40;11 200;-5.41%
01/03/2012;280;280;280;280;27;7 560;0.00%
02/03/2012;280;280;280;280;4;1 120;0.00%
07/03/2012;280;280;280;280;60;16 800;0.00%
13/03/2012;259;259;259;259;8;2 072;-7.50%
15/03/2012;259;259;259;259;52;13 468;0.00%
21/03/2012;259;259;259;259;32;8 288;0.00%
27/03/2012;259;259;259;259;65;16 835;0.00%
28/03/2012;258;258;258;258;20;5 160;-0.39%
29/03/2012;258;258;258;258;30;7 740;0.00%
03/04/2012;259;259;259;259;31;8 029;0.00%
04/04/2012;259;259;259;259;50;12 950;0.00%
15/05/2012;299;299;299;299;30;8 970;15.44%
18/05/2012;300;300;300;300;30;9 000;0.33%
30/05/2012;300;300;300;300;3;900;0.00%
31/05/2012;300;300;300;300;70;21 000;0.00%
01/06/2012;300;300;300;300;1;300;0.00%
04/06/2012;300;300;300;300;30;9 000;0.00%
05/06/2012;280;280;280;280;8;2 240;-6.67%
07/06/2012;300;300;300;300;50;15 000;7.14%
08/06/2012;300;300;300;300;10;3 000;0.00%
11/06/2012;300;300;300;300;3;900;0.00%
13/06/2012;300;300;300;300;11;3 300;0.00%
14/06/2012;300;300;300;300;21;6 300;0.00%
21/06/2012;320;320;320;320;10;3 200;6.67%
25/06/2012;320;320;320;320;7;2 240;0.00%
26/06/2012;320;320;320;320;10;3 200;0.00%
28/06/2012;320;320;320;320;4;1 280;0.00%
06/07/2012;300;300;300;300;70;21 000;-6.25%
09/07/2012;300;300;300;300;20;6 000;0.00%
11/07/2012;300;300;300;300;10;3 000;0.00%
12/07/2012;280;280;280;280;69;19 320;-6.67%
16/07/2012;259;259;259;259;10;2 590;-7.50%
23/07/2012;278;278;278;278;11;3 058;7.34%
24/07/2012;278;278;278;278;20;5 560;0.00%
26/07/2012;298;298;298;298;12;3 576;7.19%
27/07/2012;298;298;298;298;40;11 920;0.00%
30/07/2012;298;298;298;298;21;6 258;0.00%
01/08/2012;298;298;298;298;3;894;0.00%
09/08/2012;298;298;298;298;17;5 066;0.00%
10/08/2012;298;298;298;298;3;894;0.00%
28/08/2012;298;298;298;298;1;298;0.00%
29/08/2012;298;298;298;298;10;2 980;0.00%
30/08/2012;298;298;298;298;2;596;0.00%
04/09/2012;298;298;298;298;10;2 980;0.00%
12/09/2012;276;276;276;276;17;4 692;-7.38%
19/09/2012;276;276;276;276;2;552;0.00%
21/09/2012;288;288;288;288;16;4 608;4.35%
24/09/2012;276;276;276;276;15;4 140;-4.17%
05/10/2012;276;276;276;276;11;3 036;0.00%
10/10/2012;280;280;280;280;16;4 480;1.45%
11/10/2012;280;280;280;280;24;6 720;0.00%
19/10/2012;280;280;280;280;10;2 800;0.00%
22/10/2012;276;276;276;276;20;5 520;-1.43%
24/10/2012;276;276;276;276;50;13 800;0.00%
25/10/2012;276;276;276;276;1;276;0.00%
30/10/2012;276;276;276;276;5;1 380;0.00%
31/10/2012;276;276;276;276;24;6 624;0.00%
05/11/2012;256;256;256;256;10;2 560;-7.25%
06/11/2012;256;256;256;256;3;768;0.00%
08/11/2012;256;256;256;256;13;3 328;0.00%
14/11/2012;256;256;256;256;359;91 904;0.00%
16/11/2012;275;275;275;275;38;10 450;7.42%
19/11/2012;280;280;280;280;44;12 320;1.82%
20/11/2012;280;280;280;280;40;11 200;0.00%
27/11/2012;280;280;280;280;30;8 400;0.00%
28/11/2012;280;280;280;280;40;11 200;0.00%
04/12/2012;280;280;280;280;10;2 800;0.00%
07/12/2012;280;280;280;280;40;11 200;0.00%
17/12/2012;259;259;259;259;13;3 367;-7.50%
18/12/2012;240;240;240;240;88;21 120;-7.34%
21/12/2012;240;240;240;240;53;12 720;0.00%
16/01/2013;240;240;240;240;8;1 920;0.00%
17/01/2013;240;240;240;240;42;10 080;0.00%
21/01/2013;240;240;240;240;40;9 600;0.00%
22/01/2013;240;240;240;240;172;41 280;0.00%
28/01/2013;240;240;240;240;7;1 680;0.00%
30/01/2013;240;240;240;240;35;8 400;0.00%
29/03/2013;277;277;277;277;8;2 216;7.36%
11/04/2013;280;280;280;280;10;2 800;1.08%
07/05/2013;301;301;301;301;10;3 010;7.50%
08/05/2013;322;322;322;322;10;3 220;6.98%
10/05/2013;346;346;346;346;86;29 756;7.45%
13/05/2013;372;372;372;372;10;3 720;7.51%
14/05/2013;400;400;400;400;55;22 000;7.53%
15/05/2013;400;400;400;400;39;15 600;0.00%
16/05/2013;400;400;400;400;6;2 400;0.00%
17/05/2013;428;428;428;428;100;42 800;7.00%
22/05/2013;460;460;460;460;10;4 600;7.48%
23/05/2013;460;460;460;460;337;155 020;0.00%
24/05/2013;494;494;494;494;10;4 940;7.39%
28/05/2013;530;530;530;530;10;5 300;7.29%
29/05/2013;570;570;570;570;32;18 240;7.55%
30/05/2013;612;612;612;612;12;7 344;7.37%
31/05/2013;658;658;658;658;10;6 580;7.52%
03/06/2013;707;707;707;707;73;51 611;7.45%
04/06/2013;760;760;760;760;10;7 600;7.50%
05/06/2013;817;817;817;817;8;6 536;7.50%
06/06/2013;878;878;878;878;10;8 780;7.47%
07/06/2013;944;944;944;944;18;16 992;7.52%
10/06/2013;1 014;1 014;1 014;1 014;311;315 354;7.42%
11/06/2013;1 090;1 090;1 090;1 090;28;30 520;7.50%
12/06/2013;1 172;1 172;1 172;1 172;430;503 960;7.52%
13/06/2013;1 196;1 196;1 196;1 196;10;11 960;2.05%
18/06/2013;1 106;1 106;1 106;1 106;55;60 830;-7.53%
19/06/2013;1 080;1 080;1 080;1 080;20;21 600;-2.35%
20/06/2013;999;999;999;999;106;105 894;-7.50%
21/06/2013;999;999;999;999;1;999;0.00%
26/06/2013;960;960;960;960;43;41 280;-3.90%
28/06/2013;888;888;888;888;10;8 880;-7.50%
01/07/2013;880;880;880;880;62;54 560;-0.90%
02/07/2013;814;814;814;814;72;58 608;-7.50%
03/07/2013;753;753;753;753;23;17 319;-7.49%
05/07/2013;809;809;809;809;13;10 517;7.44%
08/07/2013;870;870;870;870;88;76 560;7.54%
15/07/2013;899;899;899;899;9;8 091;3.33%
16/07/2013;966;966;966;966;97;93 702;7.45%
22/07/2013;968;968;968;968;50;48 400;0.21%
23/07/2013;968;968;968;968;1;968;0.00%
25/07/2013;968;968;968;968;1;968;0.00%
26/07/2013;968;968;968;968;7;6 776;0.00%
05/08/2013;1 040;1 040;1 040;1 040;10;10 400;7.44%
16/08/2013;1 118;1 118;1 118;1 118;10;11 180;7.50%
19/08/2013;1 160;1 160;1 160;1 160;54;62 640;3.76%
20/08/2013;1 160;1 160;1 160;1 160;53;61 480;0.00%
21/08/2013;1 160;1 160;1 160;1 160;5;5 800;0.00%
22/08/2013;1 160;1 160;1 160;1 160;296;343 360;0.00%
23/08/2013;1 160;1 160;1 160;1 160;211;244 760;0.00%
26/08/2013;1 160;1 160;1 160;1 160;74;85 840;0.00%
27/08/2013;1 160;1 160;1 160;1 160;223;258 680;0.00%
28/08/2013;1 160;1 160;1 160;1 160;200;232 000;0.00%
30/08/2013;1 160;1 160;1 160;1 160;110;127 600;0.00%
03/09/2013;1 160;1 160;1 160;1 160;65;75 400;0.00%
04/09/2013;1 160;1 160;1 160;1 160;35;40 600;0.00%
06/09/2013;1 160;1 160;1 160;1 160;200;232 000;0.00%
09/09/2013;1 160;1 160;1 160;1 160;24;27 840;0.00%
11/09/2013;1 200;1 200;1 200;1 200;10;12 000;3.45%
12/09/2013;1 200;1 200;1 200;1 200;10;12 000;0.00%
13/09/2013;1 200;1 200;1 200;1 200;10;12 000;0.00%
18/09/2013;1 110;1 110;1 110;1 110;2;2 220;-7.50%
20/09/2013;1 160;1 160;1 160;1 160;4;4 640;4.50%
25/09/2013;1 160;1 160;1 160;1 160;3;3 480;0.00%
26/09/2013;1 200;1 200;1 200;1 200;42;50 400;3.45%
30/09/2013;1 200;1 200;1 200;1 200;4;4 800;0.00%
02/10/2013;1 200;1 200;1 200;1 200;60;72 000;0.00%
03/10/2013;1 200;1 200;1 200;1 200;3;3 600;0.00%
08/10/2013;1 160;1 160;1 160;1 160;118;136 880;-3.33%
11/10/2013;1 160;1 160;1 160;1 160;181;209 960;0.00%
14/10/2013;1 240;1 240;1 240;1 240;19;23 560;6.90%
16/10/2013;1 280;1 280;1 280;1 280;88;112 640;3.23%
17/10/2013;1 280;1 280;1 280;1 280;3;3 840;0.00%
21/10/2013;1 200;1 200;1 200;1 200;8;9 600;-6.25%
22/10/2013;1 280;1 280;1 280;1 280;70;89 600;6.67%
25/10/2013;1 360;1 360;1 360;1 360;20;27 200;6.25%
28/10/2013;1 280;1 280;1 280;1 280;4;5 120;-5.88%
04/11/2013;1 184;1 184;1 184;1 184;47;55 648;-7.50%
05/11/2013;1 184;1 184;1 184;1 184;3;3 552;0.00%
06/11/2013;1 200;1 200;1 200;1 200;14;16 800;1.35%
08/11/2013;1 184;1 184;1 184;1 184;10;11 840;-1.33%
14/11/2013;1 184;1 184;1 184;1 184;28;33 152;0.00%
18/11/2013;1 272;1 272;1 272;1 272;45;57 240;7.43%
21/11/2013;1 367;1 367;1 367;1 367;79;107 993;7.47%
22/11/2013;1 367;1 367;1 367;1 367;20;27 340;0.00%
25/11/2013;1 440;1 440;1 440;1 440;110;158 400;5.34%
27/11/2013;1 440;1 440;1 440;1 440;16;23 040;0.00%
28/11/2013;1 440;1 440;1 440;1 440;7;10 080;0.00%
02/12/2013;1 440;1 440;1 440;1 440;8;11 520;0.00%
03/12/2013;1 360;1 360;1 360;1 360;20;27 200;-5.56%
04/12/2013;1 440;1 440;1 440;1 440;1;1 440;5.88%
05/12/2013;1 440;1 440;1 440;1 440;25;36 000;0.00%
06/12/2013;1 420;1 420;1 420;1 420;201;285 420;-1.39%
10/12/2013;1 440;1 440;1 440;1 440;405;583 200;1.41%
11/12/2013;1 440;1 440;1 440;1 440;11;15 840;0.00%
12/12/2013;1 440;1 440;1 440;1 440;29;41 760;0.00%
16/12/2013;1 480;1 480;1 480;1 480;5;7 400;2.78%
17/12/2013;1 420;1 420;1 420;1 420;15;21 300;-4.05%
18/12/2013;1 490;1 490;1 490;1 490;6;8 940;4.93%
26/12/2013;1 520;1 520;1 520;1 520;20;30 400;2.43%
27/12/2013;1 560;1 560;1 560;1 560;30;46 800;2.63%
02/01/2014;1 580;1 580;1 580;1 580;19;30 020;1.28%
03/01/2014;1 576;1 576;1 576;1 576;45;70 920;-0.25%
06/01/2014;1 576;1 576;1 576;1 576;2;3 152;0.00%
08/01/2014;1 680;1 680;1 680;1 680;260;436 800;6.60%
10/01/2014;1 660;1 660;1 660;1 660;40;66 400;-1.19%
14/01/2014;1 660;1 660;1 660;1 660;27;44 820;0.00%
16/01/2014;1 660;1 660;1 660;1 660;5;8 300;0.00%
20/01/2014;1 660;1 660;1 660;1 660;12;19 920;0.00%
21/01/2014;1 660;1 660;1 660;1 660;404;670 640;0.00%
24/01/2014;1 660;1 660;1 660;1 660;56;92 960;0.00%
27/01/2014;1 660;1 660;1 660;1 660;46;76 360;0.00%
28/01/2014;1 660;1 660;1 660;1 660;4;6 640;0.00%
29/01/2014;1 660;1 660;1 660;1 660;472;783 520;0.00%
30/01/2014;1 660;1 660;1 660;1 660;4;6 640;0.00%
05/02/2014;1 560;1 560;1 560;1 560;5;7 800;-6.02%
10/02/2014;1 660;1 660;1 660;1 660;2;3 320;6.41%
11/02/2014;1 660;1 660;1 660;1 660;3;4 980;0.00%
14/02/2014;1 640;1 640;1 640;1 640;954;1 564 560;-1.20%
20/02/2014;1 700;1 700;1 700;1 700;1;1 700;3.66%
21/02/2014;1 640;1 640;1 640;1 640;1;1 640;-3.53%
24/02/2014;1 700;1 700;1 700;1 700;9;15 300;3.66%
13/03/2014;1 680;1 680;1 680;1 680;1;1 680;-1.18%
14/03/2014;1 680;1 680;1 680;1 680;1;1 680;0.00%
20/03/2014;1 640;1 640;1 640;1 640;16;26 240;-2.38%
31/03/2014;1 680;1 680;1 680;1 680;160;268 800;2.44%
03/04/2014;1 680;1 680;1 680;1 680;3;5 040;0.00%
04/04/2014;1 560;1 560;1 560;1 560;5;7 800;-7.14%
07/04/2014;1 560;1 560;1 560;1 560;2;3 120;0.00%
09/04/2014;1 640;1 640;1 640;1 640;299;490 360;5.13%
10/04/2014;1 680;1 680;1 680;1 680;25;42 000;2.44%
14/04/2014;1 720;1 720;1 720;1 720;50;86 000;2.38%
15/04/2014;1 720;1 720;1 720;1 720;22;37 840;0.00%
16/04/2014;1 720;1 720;1 720;1 720;23;39 560;0.00%
22/04/2014;1 591;1 591;1 591;1 591;101;160 691;-7.50%
23/04/2014;1 680;1 680;1 680;1 680;49;82 320;5.59%
24/04/2014;1 554;1 554;1 554;1 554;51;79 254;-7.50%
25/04/2014;1 438;1 438;1 438;1 438;50;71 900;-7.46%
28/04/2014;1 330;1 330;1 330;1 330;55;73 150;-7.51%
29/04/2014;1 230;1 230;1 230;1 230;53;65 190;-7.52%
30/04/2014;1 230;1 230;1 230;1 230;3;3 690;0.00%
02/05/2014;1 240;1 240;1 240;1 240;22;27 280;0.81%
05/05/2014;1 240;1 240;1 240;1 240;36;44 640;0.00%
07/05/2014;1 240;1 240;1 240;1 240;10;12 400;0.00%
08/05/2014;1 240;1 240;1 240;1 240;3;3 720;0.00%
09/05/2014;1 240;1 240;1 240;1 240;150;186 000;0.00%
12/05/2014;1 330;1 330;1 330;1 330;5;6 650;7.26%
13/05/2014;1 240;1 240;1 240;1 240;86;106 640;-6.77%
14/05/2014;1 240;1 240;1 240;1 240;8;9 920;0.00%
16/05/2014;1 332;1 332;1 332;1 332;2;2 664;7.42%
19/05/2014;1 332;1 332;1 332;1 332;45;59 940;0.00%
20/05/2014;1 428;1 428;1 428;1 428;53;75 684;7.21%
22/05/2014;1 535;1 535;1 535;1 535;340;521 900;7.49%
23/05/2014;1 640;1 640;1 640;1 640;30;49 200;6.84%
26/05/2014;1 640;1 640;1 640;1 640;129;211 560;0.00%
27/05/2014;1 640;1 640;1 640;1 640;5;8 200;0.00%
30/05/2014;1 640;1 640;1 640;1 640;20;32 800;0.00%
02/06/2014;1 600;1 600;1 600;1 600;2;3 200;-2.44%
03/06/2014;1 600;1 600;1 600;1 600;1;1 600;0.00%
05/06/2014;1 600;1 600;1 600;1 600;10;16 000;0.00%
06/06/2014;1 600;1 600;1 600;1 600;15;24 000;0.00%
11/06/2014;1 568;1 568;1 568;1 568;2;3 136;-2.00%
17/06/2014;1 568;1 568;1 568;1 568;23;36 064;0.00%
18/06/2014;1 580;1 580;1 580;1 580;2;3 160;0.77%
23/06/2014;1 600;1 600;1 600;1 600;4;6 400;0.00%
25/06/2014;1 568;1 568;1 568;1 568;7;10 976;-2.00%
26/06/2014;1 568;1 568;1 568;1 568;1;1 568;0.00%
30/06/2014;1 560;1 560;1 560;1 560;3;4 680;-0.51%
07/07/2014;1 520;1 520;1 520;1 520;5;7 600;-2.56%
08/07/2014;1 406;1 406;1 406;1 406;60;84 360;-7.50%
14/07/2014;1 406;1 406;1 406;1 406;1;1 406;0.00%
17/07/2014;1 400;1 400;1 400;1 400;157;219 800;-0.43%
18/07/2014;1 320;1 320;1 320;1 320;45;59 400;-5.71%
21/07/2014;1 280;1 280;1 280;1 280;18;23 040;-3.03%
22/07/2014;1 280;1 280;1 280;1 280;24;30 720;0.00%
29/07/2014;1 376;1 376;1 376;1 376;97;133 472;7.50%
30/07/2014;1 479;1 479;1 479;1 479;403;596 037;7.49%
31/07/2014;1 500;1 500;1 500;1 500;75;112 500;1.42%
01/08/2014;1 500;1 500;1 500;1 500;63;94 500;0.00%
04/08/2014;1 500;1 500;1 500;1 500;110;165 000;0.00%
06/08/2014;1 440;1 440;1 440;1 440;4;5 760;-4.00%
07/08/2014;7 200;7 200;7 200;7 200;20;144 000;400.00%
08/08/2014;1 480;1 480;1 480;1 480;11;16 280;-79.44%
12/08/2014;1 500;1 500;1 500;1 500;5;7 500;1.35%
14/08/2014;1 500;1 500;1 500;1 500;120;180 000;0.00%
18/08/2014;1 480;1 480;1 480;1 480;10;14 800;-1.33%
19/08/2014;1 480;1 480;1 480;1 480;10;14 800;0.00%
21/08/2014;1 488;1 488;1 488;1 488;3;4 464;0.54%
28/08/2014;1 400;1 400;1 400;1 400;2;2 800;-5.91%
01/09/2014;1 400;1 400;1 400;1 400;5;7 000;0.00%
05/09/2014;1 400;1 400;1 400;1 400;35;49 000;0.00%
08/09/2014;1 500;1 500;1 500;1 500;40;60 000;7.14%
09/09/2014;1 500;1 500;1 500;1 500;58;87 000;0.00%
16/09/2014;1 400;1 400;1 400;1 400;5;7 000;-6.67%
18/09/2014;1 400;1 400;1 400;1 400;100;140 000;0.00%
19/09/2014;1 504;1 504;1 504;1 504;1;1 504;7.43%
23/09/2014;1 500;1 500;1 500;1 500;1;1 500;-0.27%
24/09/2014;1 500;1 500;1 500;1 500;1;1 500;0.00%
26/09/2014;1 420;1 420;1 420;1 420;47;66 740;-5.33%
29/09/2014;1 420;1 420;1 420;1 420;38;53 960;0.00%
02/10/2014;1 448;1 448;1 448;1 448;1;1 448;1.97%
07/10/2014;1 448;1 448;1 448;1 448;46;66 608;0.00%
08/10/2014;1 452;1 452;1 452;1 452;1;1 452;0.28%
09/10/2014;1 408;1 408;1 408;1 408;14;19 712;-3.03%
16/10/2014;1 340;1 340;1 340;1 340;2;2 680;-4.83%
17/10/2014;1 340;1 340;1 340;1 340;13;17 420;0.00%
20/10/2014;1 340;1 340;1 340;1 340;1;1 340;0.00%
21/10/2014;1 340;1 340;1 340;1 340;10;13 400;0.00%
22/10/2014;1 340;1 340;1 340;1 340;3;4 020;0.00%
23/10/2014;1 340;1 340;1 340;1 340;1;1 340;0.00%
27/10/2014;1 316;1 316;1 316;1 316;331;435 596;-1.79%
30/10/2014;1 414;1 414;1 414;1 414;985;1 392 790;7.45%
31/10/2014;1 520;1 520;1 520;1 520;200;304 000;7.50%
04/11/2014;1 560;1 560;1 560;1 560;101;157 560;2.63%
05/11/2014;1 520;1 520;1 520;1 520;1;1 520;-2.56%
07/11/2014;1 550;1 550;1 550;1 550;58;89 900;1.97%
11/11/2014;1 581;1 581;1 581;1 581;30;47 430;2.00%
12/11/2014;1 581;1 581;1 581;1 581;8;12 648;0.00%
13/11/2014;1 600;1 600;1 600;1 600;300;480 000;1.20%
14/11/2014;1 520;1 520;1 520;1 520;2;3 040;-5.00%
17/11/2014;1 600;1 600;1 600;1 600;206;329 600;5.26%
19/11/2014;1 600;1 600;1 600;1 600;12;19 200;0.00%
24/11/2014;1 640;1 640;1 640;1 640;313;513 320;2.50%
25/11/2014;1 640;1 640;1 640;1 640;3;4 920;0.00%
26/11/2014;1 640;1 640;1 640;1 640;69;113 160;0.00%
28/11/2014;1 640;1 640;1 640;1 640;2;3 280;0.00%
02/12/2014;1 640;1 640;1 640;1 640;2;3 280;0.00%
03/12/2014;1 600;1 600;1 600;1 600;5;8 000;-2.44%
04/12/2014;1 600;1 600;1 600;1 600;45;72 000;0.00%
05/12/2014;1 600;1 600;1 600;1 600;5;8 000;0.00%
08/12/2014;1 600;1 600;1 600;1 600;401;641 600;0.00%
09/12/2014;1 600;1 600;1 600;1 600;15;24 000;0.00%
10/12/2014;1 600;1 600;1 600;1 600;65;104 000;0.00%
11/12/2014;1 520;1 520;1 520;1 520;11;16 720;-5.00%
12/12/2014;1 620;1 620;1 620;1 620;20;32 400;6.58%
15/12/2014;1 620;1 620;1 620;1 620;12;19 440;0.00%
22/12/2014;1 600;1 600;1 600;1 600;32;51 200;0.00%
23/12/2014;1 600;1 600;1 600;1 600;2;3 200;0.00%
26/12/2014;1 600;1 600;1 600;1 600;5;8 000;0.00%
29/12/2014;1 620;1 620;1 620;1 620;35;56 700;1.25%
30/12/2014;1 600;1 600;1 600;1 600;20;32 000;-1.23%
05/01/2015;1 620;1 620;1 620;1 620;15;24 300;1.25%
06/01/2015;1 600;1 600;1 600;1 600;17;27 200;-1.23%
08/01/2015;1 600;1 600;1 600;1 600;43;68 800;0.00%
13/01/2015;1 600;1 600;1 600;1 600;53;84 800;0.00%
14/01/2015;1 600;1 600;1 600;1 600;34;54 400;0.00%
16/01/2015;1 600;1 600;1 600;1 600;46;73 600;0.00%
19/01/2015;1 480;1 480;1 480;1 480;25;37 000;-7.50%
20/01/2015;1 480;1 480;1 480;1 480;1;1 480;0.00%
21/01/2015;1 480;1 480;1 480;1 480;2;2 960;0.00%
29/01/2015;1 520;1 520;1 520;1 520;1;1 520;2.70%
30/01/2015;1 600;1 600;1 600;1 600;12;19 200;5.26%
04/02/2015;1 680;1 680;1 680;1 680;3;5 040;5.00%
06/02/2015;1 700;1 700;1 700;1 700;10;17 000;1.19%
09/02/2015;8 500;8 500;8 500;8 500;50;425 000;400.00%
10/02/2015;1 640;1 640;1 640;1 640;2;3 280;-80.71%
11/02/2015;1 640;1 640;1 640;1 640;50;82 000;0.00%
12/02/2015;8 200;8 200;8 200;8 200;250;2 050 000;400.00%
13/02/2015;1 640;1 640;1 640;1 640;510;836 400;-80.00%
16/02/2015;1 700;1 700;1 700;1 700;3;5 100;3.66%
17/02/2015;1 700;1 700;1 700;1 700;6;10 200;0.00%
19/02/2015;1 700;1 700;1 700;1 700;50;85 000;0.00%
23/02/2015;1 700;1 700;1 700;1 700;31;52 700;0.00%
24/02/2015;1 640;1 640;1 640;1 640;152;249 280;-3.53%
25/02/2015;1 700;1 700;1 700;1 700;19;32 300;3.66%
26/02/2015;1 640;1 640;1 640;1 640;3;4 920;-3.53%
27/02/2015;1 640;1 640;1 640;1 640;13;21 320;0.00%
02/03/2015;1 700;1 700;1 700;1 700;21;35 700;3.66%
03/03/2015;1 827;1 827;1 827;1 827;10;18 270;7.47%
04/03/2015;1 964;1 964;1 964;1 964;10;19 640;7.50%
05/03/2015;2 112;2 112;2 112;2 112;10;21 120;7.54%
06/03/2015;2 270;2 270;2 270;2 270;855;1 940 850;7.48%
09/03/2015;2 440;2 440;2 440;2 440;228;556 320;7.49%
10/03/2015;2 623;2 623;2 623;2 623;335;878 705;7.50%
11/03/2015;2 820;2 820;2 820;2 820;2 030;5 724 600;7.51%
12/03/2015;2 608;2 608;2 608;2 608;12;31 296;-7.52%
13/03/2015;2 800;2 800;2 800;2 800;43;120 400;7.36%
17/03/2015;2 800;2 800;2 800;2 800;6;16 800;0.00%
18/03/2015;2 800;2 800;2 800;2 800;634;1 775 200;0.00%
19/03/2015;2 800;2 800;2 800;2 800;13;36 400;0.00%
20/03/2015;2 900;2 900;2 900;2 900;25;72 500;3.57%
23/03/2015;2 804;2 804;2 804;2 804;94;263 576;-3.31%
24/03/2015;2 800;2 800;2 800;2 800;283;792 400;-0.14%
25/03/2015;2 800;2 800;2 800;2 800;4;11 200;0.00%
26/03/2015;2 800;2 800;2 800;2 800;46;128 800;0.00%
27/03/2015;2 800;2 800;2 800;2 800;15;42 000;0.00%
30/03/2015;2 800;2 800;2 800;2 800;81;226 800;0.00%
31/03/2015;2 798;2 798;2 798;2 798;96;268 608;-0.07%
01/04/2015;2 796;2 796;2 796;2 796;307;858 372;-0.07%
02/04/2015;2 800;2 800;2 800;2 800;111;310 800;0.14%
03/04/2015;2 760;2 760;2 760;2 760;192;529 920;-1.43%
06/04/2015;13 800;13 800;13 800;13 800;960;13 248 000;400.00%
08/04/2015;2 774;2 774;2 774;2 774;10;27 740;-79.90%
09/04/2015;2 566;2 566;2 566;2 566;86;220 676;-7.50%
10/04/2015;2 566;2 566;2 566;2 566;7;17 962;0.00%
13/04/2015;2 566;2 566;2 566;2 566;3;7 698;0.00%
16/04/2015;2 400;2 400;2 400;2 400;4 025;9 660 000;-6.47%
17/04/2015;2 580;2 580;2 580;2 580;10;25 800;7.50%
20/04/2015;2 772;2 772;2 772;2 772;8;22 176;7.44%
21/04/2015;2 756;2 756;2 756;2 756;648;1 785 888;-0.58%
22/04/2015;2 800;2 800;2 800;2 800;196;548 800;1.60%
23/04/2015;2 920;2 920;2 920;2 920;13;37 960;4.29%
24/04/2015;2 960;2 960;2 960;2 960;204;603 840;1.37%
27/04/2015;3 060;3 060;3 060;3 060;738;2 258 280;3.38%
28/04/2015;3 000;3 000;3 000;3 000;669;2 007 000;-1.96%
29/04/2015;3 080;3 080;3 080;3 080;561;1 727 880;2.67%
30/04/2015;3 311;3 311;3 311;3 311;3 467;11 479 237;7.50%
04/05/2015;3 500;3 500;3 500;3 500;962;3 367 000;5.71%
05/05/2015;3 762;3 762;3 762;3 762;3 463;13 027 806;7.49%
06/05/2015;3 920;3 920;3 920;3 920;1 394;5 464 480;4.20%
07/05/2015;3 990;3 990;3 990;3 990;2 145;8 558 550;1.79%
08/05/2015;3 918;3 918;3 918;3 918;856;3 353 808;-1.80%
11/05/2015;3 800;3 800;3 800;3 800;2 295;8 721 000;-3.01%
12/05/2015;3 600;3 600;3 600;3 600;381;1 371 600;-5.26%
13/05/2015;3 540;3 540;3 540;3 540;1 344;4 757 760;-1.67%
14/05/2015;3 540;3 540;3 540;3 540;6 720;23 788 800;0.00%
15/05/2015;3 680;3 680;3 680;3 680;672;2 472 960;3.95%
18/05/2015;3 600;3 600;3 600;3 600;164;590 400;-2.17%
19/05/2015;3 500;3 500;3 500;3 500;693;2 425 500;-2.78%
20/05/2015;3 700;3 700;3 700;3 700;578;2 138 600;5.71%
21/05/2015;3 800;3 800;3 800;3 800;85;323 000;2.70%
22/05/2015;4 000;4 000;4 000;4 000;1 147;4 588 000;5.26%
25/05/2015;4 000;4 000;4 000;4 000;5 735;22 940 000;0.00%
26/05/2015;4 000;4 000;4 000;4 000;396;1 584 000;0.00%
27/05/2015;4 300;4 300;4 300;4 300;1 988;8 548 400;7.50%
28/05/2015;4 620;4 620;4 620;4 620;11 482;53 046 840;7.44%
29/05/2015;4 966;4 966;4 966;4 966;2 406;11 948 196;7.49%
01/06/2015;4 966;4 966;4 966;4 966;5 742;28 514 772;0.00%
02/06/2015;5 200;5 200;5 200;5 200;257;1 336 400;4.71%
03/06/2015;5 200;5 200;5 200;5 200;400;2 080 000;0.00%
04/06/2015;5 338;5 338;5 338;5 338;419;2 236 622;2.65%
05/06/2015;5 338;5 338;5 338;5 338;370;1 975 060;0.00%
08/06/2015;5 131;5 131;5 131;5 131;230;1 180 130;-3.88%
09/06/2015;5 515;5 515;5 515;5 515;227;1 251 905;7.48%
10/06/2015;5 928;5 928;5 928;5 928;10 754;63 749 712;7.49%
11/06/2015;6 200;6 200;6 200;6 200;7 685;47 647 000;4.59%
12/06/2015;6 200;6 200;6 200;6 200;367;2 275 400;0.00%
16/06/2015;6 800;6 800;6 800;6 800;303;2 060 400;2.26%
17/06/2015;6 360;6 360;6 360;6 360;201;1 278 360;-6.47%
18/06/2015;5 883;5 883;5 883;5 883;5 419;31 879 977;-7.50%
19/06/2015;5 700;5 700;5 700;5 700;2 552;14 546 400;-3.11%
22/06/2015;5 600;5 600;5 600;5 600;78;436 800;-1.75%
23/06/2015;5 400;5 400;5 400;5 400;2 434;13 143 600;-3.57%
24/06/2015;5 400;5 400;5 400;5 400;1 099;5 934 600;0.00%
25/06/2015;5 400;5 400;5 400;5 400;543;2 932 200;0.00%
26/06/2015;5 400;5 400;5 400;5 400;771;4 163 400;0.00%
29/06/2015;5 400;5 400;5 400;5 400;95;513 000;0.00%
30/06/2015;5 200;5 200;5 200;5 200;260;1 352 000;-3.70%
01/07/2015;5 298;5 298;5 298;5 298;143;757 614;1.88%
02/07/2015;5 400;5 400;5 400;5 400;416;2 246 400;1.93%
03/07/2015;5 400;5 400;5 400;5 400;94;507 600;0.00%
06/07/2015;5 400;5 400;5 400;5 400;386;2 084 400;0.00%
07/07/2015;5 500;5 500;5 500;5 500;106;583 000;1.85%
08/07/2015;5 400;5 400;5 400;5 400;80;432 000;-1.82%
09/07/2015;5 500;5 500;5 500;5 500;95;522 500;1.85%
10/07/2015;5 500;5 500;5 500;5 500;580;3 190 000;0.00%
13/07/2015;5 500;5 500;5 500;5 500;281;1 545 500;0.00%
14/07/2015;5 500;5 500;5 500;5 500;1 405;7 727 500;0.00%
15/07/2015;5 400;5 400;5 400;5 400;295;1 593 000;-1.82%
16/07/2015;5 500;5 500;5 500;5 500;57;313 500;1.85%
17/07/2015;5 500;5 500;5 500;5 500;285;1 567 500;0.00%
20/07/2015;5 600;5 600;5 600;5 600;540;3 024 000;1.82%
21/07/2015;5 600;5 600;5 600;5 600;523;2 928 800;0.00%
22/07/2015;5 500;5 500;5 500;5 500;901;4 955 500;-1.79%
23/07/2015;5 500;5 500;5 500;5 500;78;429 000;0.00%
24/07/2015;5 400;5 400;5 400;5 400;858;4 633 200;-1.82%
27/07/2015;5 400;5 400;5 400;5 400;24 478;132 181 200;0.00%
28/07/2015;5 400;5 400;5 400;5 400;146;788 400;0.00%
29/07/2015;5 400;5 400;5 400;5 400;8 777;47 395 800;0.00%
30/07/2015;5 200;5 200;5 200;5 200;475;2 470 000;-3.70%
31/07/2015;5 000;5 000;5 000;5 000;3 600;18 000 000;-3.85%
03/08/2015;5 200;5 200;5 200;5 200;855;4 446 000;4.00%
04/08/2015;5 200;5 200;5 200;5 200;616;3 203 200;0.00%
05/08/2015;5 400;5 400;5 400;5 400;383;2 068 200;3.85%
06/08/2015;5 500;5 500;5 500;5 500;125;687 500;1.85%
07/08/2015;5 500;5 500;5 500;5 500;625;3 437 500;0.00%
10/08/2015;5 490;5 490;5 490;5 490;396;2 174 040;-0.18%
11/08/2015;5 490;5 490;5 490;5 490;111;609 390;0.00%
12/08/2015;5 580;5 580;5 580;5 580;17 592;98 163 360;1.64%
13/08/2015;5 580;5 580;5 580;5 580;218;1 216 440;0.00%
14/08/2015;5 520;5 520;5 520;5 520;180;993 600;-1.08%
17/08/2015;5 540;5 540;5 540;5 540;85;470 900;0.36%
18/08/2015;5 500;5 500;5 500;5 500;657;3 613 500;-0.72%
19/08/2015;5 520;5 520;5 520;5 520;96;529 920;0.36%
20/08/2015;5 502;5 502;5 502;5 502;147;808 794;-0.33%
21/08/2015;5 520;5 520;5 520;5 520;331;1 827 120;0.33%
24/08/2015;5 520;5 520;5 520;5 520;190;1 048 800;0.00%
25/08/2015;5 500;5 500;5 500;5 500;197;1 083 500;-0.36%
26/08/2015;5 500;5 500;5 500;5 500;18 551;102 030 500;0.00%
27/08/2015;5 440;5 440;5 440;5 440;63;342 720;-1.09%
28/08/2015;5 420;5 420;5 420;5 420;102;552 840;-0.37%
31/08/2015;5 520;5 520;5 520;5 520;773;4 266 960;1.85%
01/09/2015;5 500;5 500;5 500;5 500;48;264 000;-0.36%
02/09/2015;5 520;5 520;5 520;5 520;23;126 960;0.36%
03/09/2015;5 520;5 520;5 520;5 520;71;391 920;0.00%
04/09/2015;5 500;5 500;5 500;5 500;90;495 000;-0.36%
07/09/2015;5 500;5 500;5 500;5 500;246;1 353 000;0.00%
08/09/2015;5 400;5 400;5 400;5 400;574;3 099 600;-1.82%
09/09/2015;5 440;5 440;5 440;5 440;81;440 640;0.74%
10/09/2015;5 440;5 440;5 440;5 440;158;859 520;0.00%
11/09/2015;5 440;5 440;5 440;5 440;10 028;54 552 320;0.00%
15/09/2015;5 500;5 500;5 500;5 500;64;352 000;0.00%
16/09/2015;5 900;5 900;5 900;5 900;5 825;34 367 500;7.27%
17/09/2015;5 458;5 458;5 458;5 458;17 970;98 080 260;-7.49%
18/09/2015;5 860;5 860;5 860;5 860;14 004;82 063 440;7.37%
21/09/2015;5 800;5 800;5 800;5 800;100;580 000;-1.02%
22/09/2015;6 060;6 060;6 060;6 060;700;4 242 000;4.48%
23/09/2015;5 900;5 900;5 900;5 900;25 845;152 485 500;-2.64%
24/09/2015;5 900;5 900;5 900;5 900;129 225;762 427 500;0.00%
25/09/2015;5 500;5 500;5 500;5 500;12 545;68 997 500;-6.78%
28/09/2015;5 600;5 600;5 600;5 600;2 505;14 028 000;1.82%
29/09/2015;5 701;5 701;5 701;5 701;42;239 442;1.80%
30/09/2015;6 128;6 128;6 128;6 128;12 415;76 079 120;7.49%
01/10/2015;6 587;6 587;6 587;6 587;11 551;76 086 437;7.49%
02/10/2015;6 600;6 600;6 600;6 600;3 306;21 819 600;0.20%
05/10/2015;6 399;6 399;6 399;6 399;713;4 562 487;-3.05%
06/10/2015;6 000;6 000;6 000;6 000;74;444 000;-6.24%
07/10/2015;6 178;6 178;6 178;6 178;819;5 059 782;2.97%
08/10/2015;6 000;6 000;6 000;6 000;80;480 000;-2.88%
09/10/2015;5 799;5 799;5 799;5 799;111;643 689;-3.35%
12/10/2015;5 759;5 759;5 759;5 759;516;2 971 644;-0.69%
13/10/2015;5 800;5 800;5 800;5 800;4 110;23 838 000;0.71%
14/10/2015;5 900;5 900;5 900;5 900;200;1 180 000;1.72%
15/10/2015;5 880;5 880;5 880;5 880;3 079;18 104 520;-0.34%
16/10/2015;5 700;5 700;5 700;5 700;1 336;7 615 200;-3.06%
19/10/2015;5 700;5 700;5 700;5 700;49;279 300;0.00%
21/10/2015;5 799;5 799;5 799;5 799;272;1 577 328;1.74%
22/10/2015;5 800;5 800;5 800;5 800;4 232;24 545 600;0.02%
23/10/2015;5 900;5 900;5 900;5 900;1 605;9 469 500;1.72%
26/10/2015;5 800;5 800;5 800;5 800;175;1 015 000;-1.69%
27/10/2015;5 900;5 900;5 900;5 900;910;5 369 000;1.72%
28/10/2015;5 710;5 710;5 710;5 710;1 199;6 846 290;-3.22%
29/10/2015;5 800;5 800;5 800;5 800;385;2 233 000;1.58%
30/10/2015;5 720;5 720;5 720;5 720;10;57 200;-1.38%
02/11/2015;5 621;5 621;5 621;5 621;31;174 251;-1.73%
03/11/2015;5 799;5 799;5 799;5 799;932;5 404 668;3.17%
04/11/2015;5 800;5 800;5 800;5 800;354;2 053 200;0.02%
05/11/2015;5 800;5 800;5 800;5 800;331;1 919 800;0.00%
06/11/2015;5 800;5 800;5 800;5 800;81;469 800;0.00%
09/11/2015;5 701;5 701;5 701;5 701;185;1 054 685;-1.71%
10/11/2015;5 720;5 720;5 720;5 720;83;474 760;0.33%
11/11/2015;5 701;5 701;5 701;5 701;869;4 954 169;-0.33%
12/11/2015;5 779;5 779;5 779;5 779;30;173 370;1.37%
13/11/2015;5 640;5 640;5 640;5 640;790;4 455 600;-2.41%
16/11/2015;5 401;5 401;5 401;5 401;305;1 647 305;-4.24%
17/11/2015;5 700;5 700;5 700;5 700;698;3 978 600;5.54%
18/11/2015;5 600;5 600;5 600;5 600;168;940 800;-1.75%
19/11/2015;5 600;5 600;5 600;5 600;252;1 411 200;0.00%
20/11/2015;5 500;5 500;5 500;5 500;151;830 500;-1.79%
23/11/2015;5 500;5 500;5 500;5 500;1 779;9 784 500;0.00%
24/11/2015;5 500;5 500;5 500;5 500;25;137 500;0.00%
25/11/2015;5 500;5 500;5 500;5 500;177;973 500;0.00%
26/11/2015;5 500;5 500;5 500;5 500;99;544 500;0.00%
27/11/2015;5 400;5 400;5 400;5 400;449;2 424 600;-1.82%
30/11/2015;5 400;5 400;5 400;5 400;6 795;36 693 000;0.00%
01/12/2015;5 400;5 400;5 400;5 400;370;1 998 000;0.00%
02/12/2015;5 600;5 600;5 600;5 600;143;800 800;3.70%
03/12/2015;5 300;5 300;5 300;5 300;1 223;6 481 900;-5.36%
04/12/2015;5 600;5 600;5 600;5 600;14;78 400;5.66%
07/12/2015;5 480;5 480;5 480;5 480;80;438 400;-2.14%
08/12/2015;5 480;5 480;5 480;5 480;7;38 360;0.00%
09/12/2015;5 480;5 480;5 480;5 480;277;1 517 960;0.00%
10/12/2015;5 280;5 280;5 280;5 280;18 390;97 099 200;-3.65%
14/12/2015;5 320;5 320;5 320;5 320;958;5 096 560;0.76%
15/12/2015;5 320;5 320;5 320;5 320;62;329 840;0.00%
16/12/2015;5 600;5 600;5 600;5 600;604;3 382 400;5.26%
17/12/2015;5 598;5 598;5 598;5 598;107;598 986;-0.04%
18/12/2015;5 600;5 600;5 600;5 600;213;1 192 800;0.04%
21/12/2015;5 280;5 280;5 280;5 280;50;264 000;-5.71%
22/12/2015;5 660;5 660;5 660;5 660;135;764 100;7.20%
23/12/2015;5 660;5 660;5 660;5 660;7 000;39 620 000;0.00%
28/12/2015;5 600;5 600;5 600;5 600;146;817 600;-1.06%
29/12/2015;5 600;5 600;5 600;5 600;40;224 000;0.00%
30/12/2015;5 779;5 779;5 779;5 779;415;2 398 285;3.20%
31/12/2015;5 720;5 720;5 720;5 720;111;634 920;-1.02%
04/01/2016;5 700;5 700;5 700;5 700;53;302 100;-0.35%
05/01/2016;5 700;5 700;5 700;5 700;157;894 900;0.00%
06/01/2016;5 500;5 500;5 500;5 500;112;616 000;-3.51%
07/01/2016;5 499;5 499;5 499;5 499;1 047;5 757 453;-0.02%
08/01/2016;5 400;5 400;5 400;5 400;59;318 600;-1.80%
11/01/2016;5 400;5 400;5 400;5 400;102;550 800;0.00%
12/01/2016;5 400;5 400;5 400;5 400;666;3 596 400;0.00%
13/01/2016;5 420;5 420;5 420;5 420;79;428 180;0.37%
14/01/2016;5 500;5 500;5 500;5 500;156;858 000;1.48%
15/01/2016;5 401;5 401;5 401;5 401;1 233;6 659 433;-1.80%
18/01/2016;5 400;5 400;5 400;5 400;364;1 965 600;-0.02%
19/01/2016;5 500;5 500;5 500;5 500;145;797 500;1.85%
20/01/2016;5 500;5 500;5 500;5 500;72;396 000;0.00%
21/01/2016;5 500;5 500;5 500;5 500;784;4 312 000;0.00%
22/01/2016;5 500;5 500;5 500;5 500;947;5 208 500;0.00%
25/01/2016;5 600;5 600;5 600;5 600;714;3 998 400;1.82%
26/01/2016;5 600;5 600;5 600;5 600;68;380 800;0.00%
27/01/2016;5 601;5 601;5 601;5 601;36 629;205 159 029;0.02%
28/01/2016;5 720;5 720;5 720;5 720;13 090;74 874 800;2.12%
29/01/2016;5 700;5 700;5 700;5 700;30;171 000;-0.35%
01/02/2016;5 630;5 630;5 630;5 630;2 599;14 632 370;-1.23%
02/02/2016;5 630;5 630;5 630;5 630;328;1 846 640;0.00%
03/02/2016;5 630;5 630;5 630;5 630;321;1 807 230;0.00%
04/02/2016;5 402;5 402;5 402;5 402;14 021;75 741 442;-4.05%
05/02/2016;5 629;5 629;5 629;5 629;17;95 693;4.20%
08/02/2016;5 629;5 629;5 629;5 629;13;73 177;0.00%
09/02/2016;5 720;5 720;5 720;5 720;189;1 081 080;1.62%
10/02/2016;5 720;5 720;5 720;5 720;675;3 861 000;0.00%
11/02/2016;5 720;5 720;5 720;5 720;240;1 372 800;0.00%
12/02/2016;5 600;5 600;5 600;5 600;27 663;154 912 800;-2.10%
15/02/2016;5 700;5 700;5 700;5 700;94;535 800;1.79%
16/02/2016;5 620;5 620;5 620;5 620;359;2 017 580;-1.40%
17/02/2016;5 699;5 699;5 699;5 699;82;467 318;1.41%
18/02/2016;5 690;5 690;5 690;5 690;482;2 742 580;-0.16%
19/02/2016;5 602;5 602;5 602;5 602;239;1 338 878;-1.55%
22/02/2016;5 612;5 612;5 612;5 612;102;572 424;0.18%
23/02/2016;5 670;5 670;5 670;5 670;161;912 870;1.03%
24/02/2016;5 699;5 699;5 699;5 699;1 438;8 195 162;0.51%
25/02/2016;5 699;5 699;5 699;5 699;27;153 873;0.00%
26/02/2016;5 700;5 700;5 700;5 700;2 552;14 546 400;0.02%
29/02/2016;5 699;5 699;5 699;5 699;1 313;7 482 787;-0.02%
01/03/2016;5 699;5 699;5 699;5 699;91;518 609;0.00%
02/03/2016;5 700;5 700;5 700;5 700;7 865;44 830 500;0.02%
03/03/2016;5 699;5 699;5 699;5 699;245;1 396 255;-0.02%
04/03/2016;5 700;5 700;5 700;5 700;114;649 800;0.02%
07/03/2016;5 700;5 700;5 700;5 700;34;193 800;0.00%
08/03/2016;5 700;5 700;5 700;5 700;184;1 048 800;0.00%
09/03/2016;5 700;5 700;5 700;5 700;45;256 500;0.00%
11/03/2016;5 740;5 740;5 740;5 740;145;832 300;0.70%
14/03/2016;5 700;5 700;5 700;5 700;195;1 111 500;-0.70%
15/03/2016;5 701;5 701;5 701;5 701;16;91 216;0.02%
16/03/2016;5 720;5 720;5 720;5 720;159;909 480;0.33%
17/03/2016;6 099;6 099;6 099;6 099;298;1 817 502;6.63%
18/03/2016;5 800;5 800;5 800;5 800;76;440 800;-4.90%
21/03/2016;5 800;5 800;5 800;5 800;364;2 111 200;0.00%
22/03/2016;6 080;6 080;6 080;6 080;54;328 320;4.83%
23/03/2016;6 000;6 000;6 000;6 000;14;84 000;-1.32%
24/03/2016;5 899;5 899;5 899;5 899;1 966;11 597 434;-1.68%
25/03/2016;5 800;5 800;5 800;5 800;9 291;53 887 800;-1.68%
28/03/2016;5 800;5 800;5 800;5 800;46 455;269 439 000;0.00%
29/03/2016;5 700;5 700;5 700;5 700;1 249;7 119 300;-1.72%
30/03/2016;5 700;5 700;5 700;5 700;967;5 511 900;0.00%
31/03/2016;5 700;5 700;5 700;5 700;856;4 879 200;0.00%
01/04/2016;5 700;5 700;5 700;5 700;2 333;13 298 100;0.00%
04/04/2016;5 750;5 750;5 750;5 750;1 191;6 848 250;0.88%
05/04/2016;5 800;5 800;5 800;5 800;1 676;9 720 800;0.87%
06/04/2016;5 800;5 800;5 800;5 800;494;2 865 200;0.00%
07/04/2016;5 780;5 780;5 780;5 780;615;3 554 700;-0.34%
08/04/2016;5 970;5 970;5 970;5 970;956;5 707 320;3.29%
11/04/2016;5 970;5 970;5 970;5 970;1 659;9 904 230;0.00%
12/04/2016;5 800;5 800;5 800;5 800;257;1 490 600;-2.85%
13/04/2016;5 799;5 799;5 799;5 799;282;1 635 318;-0.02%
14/04/2016;5 949;5 949;5 949;5 949;56;333 144;2.59%
15/04/2016;5 900;5 900;5 900;5 900;296;1 746 400;-0.82%
18/04/2016;5 782;5 782;5 782;5 782;602;3 480 764;-2.00%
19/04/2016;5 800;5 800;5 800;5 800;42;243 600;0.31%
20/04/2016;5 800;5 800;5 800;5 800;179;1 038 200;0.00%
21/04/2016;5 700;5 700;5 700;5 700;2 608;14 865 600;-1.72%
22/04/2016;5 600;5 600;5 600;5 600;5 253;29 416 800;-1.75%
25/04/2016;5 640;5 640;5 640;5 640;710;4 004 400;0.71%
26/04/2016;5 680;5 680;5 680;5 680;1 301;7 389 680;0.71%
27/04/2016;5 679;5 679;5 679;5 679;37;210 123;-0.02%
28/04/2016;5 410;5 410;5 410;5 410;480;2 596 800;-4.74%
29/04/2016;5 599;5 599;5 599;5 599;227;1 270 973;3.49%
02/05/2016;5 599;5 599;5 599;5 599;1 135;6 354 865;0.00%
03/05/2016;5 590;5 590;5 590;5 590;21;117 390;-0.16%
04/05/2016;5 500;5 500;5 500;5 500;58;319 000;-1.61%
05/05/2016;5 500;5 500;5 500;5 500;290;1 595 000;0.00%
06/05/2016;5 500;5 500;5 500;5 500;726;3 993 000;0.00%
09/05/2016;5 410;5 410;5 410;5 410;848;4 587 680;-1.64%
10/05/2016;5 302;5 302;5 302;5 302;1 797;9 527 694;-2.00%
11/05/2016;5 400;5 400;5 400;5 400;1 899;10 254 600;1.85%
12/05/2016;5 580;5 580;5 580;5 580;1 739;9 703 620;3.33%
13/05/2016;5 600;5 600;5 600;5 600;77;431 200;0.36%
16/05/2016;5 600;5 600;5 600;5 600;385;2 156 000;0.00%
17/05/2016;5 500;5 500;5 500;5 500;36;198 000;-1.79%
18/05/2016;5 500;5 500;5 500;5 500;289;1 589 500;0.00%
19/05/2016;5 490;5 490;5 490;5 490;87;477 630;-0.18%
20/05/2016;5 800;5 800;5 800;5 800;9 957;57 750 600;5.65%
23/05/2016;5 620;5 620;5 620;5 620;1 629;9 154 980;-3.10%
24/05/2016;5 620;5 620;5 620;5 620;367;2 062 540;0.00%
25/05/2016;5 620;5 620;5 620;5 620;732;4 113 840;0.00%
26/05/2016;5 620;5 620;5 620;5 620;355;1 995 100;0.00%
27/05/2016;5 600;5 600;5 600;5 600;335;1 876 000;-0.36%
30/05/2016;5 301;5 301;5 301;5 301;1 352;7 166 952;-5.34%
31/05/2016;5 400;5 400;5 400;5 400;1 080;5 832 000;1.87%
01/06/2016;5 300;5 300;5 300;5 300;944;5 003 200;-1.85%
02/06/2016;5 401;5 401;5 401;5 401;330;1 782 330;1.91%
03/06/2016;5 400;5 400;5 400;5 400;57;307 800;-0.02%
06/06/2016;5 200;5 200;5 200;5 200;348;1 809 600;-3.70%
07/06/2016;5 201;5 201;5 201;5 201;169;878 969;0.02%
09/06/2016;5 440;5 440;5 440;5 440;20;108 800;-2.68%
10/06/2016;5 600;5 600;5 600;5 600;1 452;8 131 200;2.94%
13/06/2016;5 600;5 600;5 600;5 600;371;2 077 600;0.00%
14/06/2016;5 461;5 461;5 461;5 461;421;2 299 081;-2.48%
15/06/2016;5 500;5 500;5 500;5 500;146;803 000;0.71%
16/06/2016;5 400;5 400;5 400;5 400;41;221 400;-1.82%
17/06/2016;5 399;5 399;5 399;5 399;109;588 491;-0.02%
20/06/2016;5 398;5 398;5 398;5 398;518;2 796 164;-0.02%
21/06/2016;5 397;5 397;5 397;5 397;127;685 419;-0.02%
22/06/2016;5 397;5 397;5 397;5 397;358;1 932 126;0.00%
23/06/2016;5 398;5 398;5 398;5 398;10 455;56 436 090;0.02%
24/06/2016;5 379;5 379;5 379;5 379;208;1 118 832;-0.35%
27/06/2016;5 222;5 222;5 222;5 222;114;595 308;-2.92%
28/06/2016;5 210;5 210;5 210;5 210;4 208;21 923 680;-0.23%
29/06/2016;5 300;5 300;5 300;5 300;179;948 700;1.73%
30/06/2016;5 300;5 300;5 300;5 300;962;5 098 600;0.00%
01/07/2016;5 280;5 280;5 280;5 280;34;179 520;-0.38%
04/07/2016;5 260;5 260;5 260;5 260;1 278;6 722 280;-0.38%
05/07/2016;5 279;5 279;5 279;5 279;50;263 950;0.36%
06/07/2016;5 279;5 279;5 279;5 279;250;1 319 750;0.00%
07/07/2016;5 260;5 260;5 260;5 260;1 153;6 064 780;-0.36%
08/07/2016;5 279;5 279;5 279;5 279;392;2 069 368;0.36%
11/07/2016;5 200;5 200;5 200;5 200;50;260 000;-1.50%
12/07/2016;5 100;5 100;5 100;5 100;70;357 000;-1.92%
13/07/2016;5 000;5 000;5 000;5 000;43;215 000;-1.96%
14/07/2016;5 000;5 000;5 000;5 000;28;140 000;0.00%
15/07/2016;4 800;4 800;4 800;4 800;142;681 600;-4.00%
18/07/2016;4 800;4 800;4 800;4 800;62;297 600;0.00%
19/07/2016;4 830;4 830;4 830;4 830;346;1 671 180;0.63%
20/07/2016;5 000;5 000;5 000;5 000;345;1 725 000;3.52%
21/07/2016;4 800;4 800;4 800;4 800;2 038;9 782 400;-4.00%
22/07/2016;4 700;4 700;4 700;4 700;190;893 000;-2.08%
25/07/2016;4 700;4 700;4 700;4 700;109;512 300;0.00%
26/07/2016;4 700;4 700;4 700;4 700;1 130;5 311 000;0.00%
27/07/2016;4 740;4 740;4 740;4 740;101;478 740;0.85%
28/07/2016;4 740;4 740;4 740;4 740;35;165 900;0.00%
29/07/2016;4 900;4 900;4 900;4 900;88;431 200;3.38%
01/08/2016;4 900;4 900;4 900;4 900;34;166 600;0.00%
02/08/2016;4 901;4 901;4 901;4 901;203;994 903;0.02%
03/08/2016;5 100;5 100;5 100;5 100;98;499 800;4.06%
04/08/2016;5 000;5 000;5 000;5 000;37;185 000;-1.96%
05/08/2016;5 268;5 268;5 268;5 268;131;690 108;5.36%
08/08/2016;5 268;5 268;5 268;5 268;655;3 450 540;0.00%
09/08/2016;5 200;5 200;5 200;5 200;9;46 800;-1.29%
10/08/2016;5 400;5 400;5 400;5 400;75;405 000;3.85%
11/08/2016;5 200;5 200;5 200;5 200;657;3 416 400;-3.70%
12/08/2016;5 400;5 400;5 400;5 400;2 031;10 967 400;3.85%
15/08/2016;5 400;5 400;5 400;5 400;10 155;54 837 000;0.00%
17/08/2016;5 380;5 380;5 380;5 380;127;683 260;-0.37%
18/08/2016;5 360;5 360;5 360;5 360;358;1 918 880;-0.37%
19/08/2016;5 400;5 400;5 400;5 400;1 217;6 571 800;0.75%
22/08/2016;5 400;5 400;5 400;5 400;225;1 215 000;0.00%
23/08/2016;5 390;5 390;5 390;5 390;97;522 830;-0.19%
24/08/2016;5 380;5 380;5 380;5 380;1 806;9 716 280;-0.19%
25/08/2016;5 400;5 400;5 400;5 400;215;1 161 000;0.37%
26/08/2016;5 400;5 400;5 400;5 400;685;3 699 000;0.00%
29/08/2016;5 400;5 400;5 400;5 400;61;329 400;0.00%
30/08/2016;5 400;5 400;5 400;5 400;48;259 200;0.00%
31/08/2016;5 400;5 400;5 400;5 400;399;2 154 600;0.00%
01/09/2016;5 400;5 400;5 400;5 400;183;988 200;0.00%
02/09/2016;5 400;5 400;5 400;5 400;1 134;6 123 600;0.00%
05/09/2016;5 200;5 200;5 200;5 200;766;3 983 200;-3.70%
07/09/2016;5 340;5 340;5 340;5 340;158;843 720;0.00%
08/09/2016;5 400;5 400;5 400;5 400;3 287;17 749 800;1.12%
09/09/2016;5 370;5 370;5 370;5 370;3 374;18 118 380;-0.56%
12/09/2016;5 370;5 370;5 370;5 370;16 870;90 591 900;0.00%
13/09/2016;5 360;5 360;5 360;5 360;35;187 600;-0.19%
14/09/2016;5 218;5 218;5 218;5 218;93;485 274;-2.65%
15/09/2016;5 300;5 300;5 300;5 300;15;79 500;1.57%
16/09/2016;5 360;5 360;5 360;5 360;1 257;6 737 520;1.13%
19/09/2016;5 320;5 320;5 320;5 320;20;106 400;-0.75%
20/09/2016;5 217;5 217;5 217;5 217;76;396 492;-1.94%
21/09/2016;5 217;5 217;5 217;5 217;92;479 964;0.00%
22/09/2016;5 000;5 000;5 000;5 000;273;1 365 000;-4.16%
23/09/2016;5 360;5 360;5 360;5 360;7 126;38 195 360;7.20%
26/09/2016;5 200;5 200;5 200;5 200;60;312 000;-2.99%
27/09/2016;5 000;5 000;5 000;5 000;39;195 000;-3.85%
29/09/2016;5 200;5 200;5 200;5 200;837;4 352 400;4.00%
03/10/2016;5 061;5 061;5 061;5 061;14;70 854;-2.67%
04/10/2016;4 940;4 940;4 940;4 940;65;321 100;-2.39%
05/10/2016;4 958;4 958;4 958;4 958;36;178 488;0.36%
06/10/2016;4 880;4 880;4 880;4 880;100;488 000;-1.57%
07/10/2016;4 900;4 900;4 900;4 900;19;93 100;0.41%
10/10/2016;4 900;4 900;4 900;4 900;54;264 600;0.00%
11/10/2016;4 882;4 882;4 882;4 882;161;786 002;-0.37%
12/10/2016;4 900;4 900;4 900;4 900;166;813 400;0.37%
13/10/2016;4 880;4 880;4 880;4 880;68;331 840;-0.41%
14/10/2016;4 900;4 900;4 900;4 900;42 916;210 288 400;0.41%
17/10/2016;4 800;4 800;4 800;4 800;108;518 400;-2.04%
18/10/2016;4 880;4 880;4 880;4 880;213;1 039 440;1.67%
19/10/2016;4 800;4 800;4 800;4 800;172;825 600;-1.64%
20/10/2016;4 800;4 800;4 800;4 800;139;667 200;0.00%
21/10/2016;5 061;5 061;5 061;5 061;370;1 872 570;5.44%
24/10/2016;5 000;5 000;5 000;5 000;30;150 000;-1.21%
25/10/2016;4 900;4 900;4 900;4 900;31;151 900;-2.00%
26/10/2016;4 800;4 800;4 800;4 800;247;1 185 600;-2.04%
27/10/2016;4 800;4 800;4 800;4 800;295;1 416 000;0.00%
28/10/2016;4 780;4 780;4 780;4 780;3;14 340;-0.42%
31/10/2016;5 000;5 000;5 000;5 000;100;500 000;4.60%
01/11/2016;5 000;5 000;5 000;5 000;500;2 500 000;0.00%
02/11/2016;5 000;5 000;5 000;5 000;164;820 000;0.00%
03/11/2016;4 999;4 999;4 999;4 999;4;19 996;-0.02%
04/11/2016;4 999;4 999;4 999;4 999;10;49 990;0.00%
07/11/2016;4 940;4 940;4 940;4 940;25;123 500;-1.18%
09/11/2016;4 889;4 889;4 889;4 889;200;977 800;-1.03%
10/11/2016;4 880;4 880;4 880;4 880;38;185 440;-0.18%
11/11/2016;4 800;4 800;4 800;4 800;5;24 000;-1.64%
14/11/2016;4 440;4 440;4 440;4 440;43;190 920;-7.50%
15/11/2016;4 440;4 440;4 440;4 440;215;954 600;0.00%
16/11/2016;4 770;4 770;4 770;4 770;157;748 890;7.43%
17/11/2016;4 799;4 799;4 799;4 799;69;331 131;0.61%
18/11/2016;4 760;4 760;4 760;4 760;19;90 440;-0.81%
21/11/2016;4 600;4 600;4 600;4 600;16;73 600;-3.36%
22/11/2016;4 800;4 800;4 800;4 800;381;1 828 800;4.35%
23/11/2016;4 800;4 800;4 800;4 800;207;993 600;0.00%
25/11/2016;4 800;4 800;4 800;4 800;5;24 000;0.00%
28/11/2016;4 600;4 600;4 600;4 600;17;78 200;-4.17%
29/11/2016;4 900;4 900;4 900;4 900;244;1 195 600;6.52%
30/11/2016;5 267;5 267;5 267;5 267;178;937 526;7.49%
01/12/2016;4 872;4 872;4 872;4 872;114;555 408;-7.50%
02/12/2016;5 200;5 200;5 200;5 200;69;358 800;6.73%
07/12/2016;5 460;5 460;5 460;5 460;1 027;5 607 420;7.08%
08/12/2016;5 460;5 460;5 460;5 460;5;27 300;0.00%
13/12/2016;5 200;5 200;5 200;5 200;2;10 400;-4.76%
14/12/2016;5 300;5 300;5 300;5 300;655;3 471 500;1.92%
15/12/2016;5 200;5 200;5 200;5 200;25;130 000;-1.89%
16/12/2016;5 000;5 000;5 000;5 000;10;50 000;-3.85%
19/12/2016;5 200;5 200;5 200;5 200;142;738 400;4.00%
20/12/2016;5 200;5 200;5 200;5 200;8;41 600;0.00%
21/12/2016;5 400;5 400;5 400;5 400;1 954;10 551 600;3.85%
22/12/2016;5 000;5 000;5 000;5 000;30;150 000;-7.41%
23/12/2016;5 280;5 280;5 280;5 280;42;221 760;5.60%
26/12/2016;5 280;5 280;5 280;5 280;210;1 108 800;0.00%
27/12/2016;5 200;5 200;5 200;5 200;29;150 800;-1.52%
28/12/2016;5 398;5 398;5 398;5 398;926;4 998 548;3.81%
29/12/2016;5 299;5 299;5 299;5 299;483;2 559 417;-1.83%
30/12/2016;5 300;5 300;5 300;5 300;130;689 000;0.02%
02/01/2017;5 100;5 100;5 100;5 100;10;51 000;-3.77%
03/01/2017;5 200;5 200;5 200;5 200;3;15 600;1.96%
04/01/2017;4 900;4 900;4 900;4 900;356;1 744 400;-5.77%
05/01/2017;4 800;4 800;4 800;4 800;240;1 152 000;-2.04%
06/01/2017;4 600;4 600;4 600;4 600;70;322 000;-4.17%
09/01/2017;4 800;4 800;4 800;4 800;49;235 200;4.35%
10/01/2017;4 800;4 800;4 800;4 800;7;33 600;0.00%
11/01/2017;4 699;4 699;4 699;4 699;41;192 659;-2.10%
12/01/2017;4 800;4 800;4 800;4 800;143;686 400;2.15%
13/01/2017;4 620;4 620;4 620;4 620;101;466 620;-3.75%
16/01/2017;4 799;4 799;4 799;4 799;23;110 377;3.87%
17/01/2017;4 600;4 600;4 600;4 600;117;538 200;-4.15%
18/01/2017;4 500;4 500;4 500;4 500;164;738 000;-2.17%
19/01/2017;4 700;4 700;4 700;4 700;31;145 700;4.44%
20/01/2017;4 800;4 800;4 800;4 800;98;470 400;2.13%
23/01/2017;4 700;4 700;4 700;4 700;94;441 800;-2.08%
24/01/2017;4 400;4 400;4 400;4 400;45;198 000;-6.38%
25/01/2017;4 341;4 341;4 341;4 341;77;334 257;-1.34%
26/01/2017;4 400;4 400;4 400;4 400;434;1 909 600;1.36%
27/01/2017;4 400;4 400;4 400;4 400;199;875 600;0.00%
30/01/2017;4 400;4 400;4 400;4 400;321;1 412 400;0.00%
31/01/2017;4 400;4 400;4 400;4 400;96;422 400;0.00%
01/02/2017;4 400;4 400;4 400;4 400;1 284;5 649 600;0.00%
02/02/2017;4 598;4 598;4 598;4 598;226;1 039 148;4.50%
03/02/2017;4 598;4 598;4 598;4 598;48;220 704;0.00%
06/02/2017;4 598;4 598;4 598;4 598;38;174 724;0.00%
07/02/2017;4 600;4 600;4 600;4 600;767;3 528 200;0.04%
08/02/2017;4 600;4 600;4 600;4 600;544;2 502 400;0.00%
09/02/2017;4 600;4 600;4 600;4 600;103;473 800;0.00%
10/02/2017;4 779;4 779;4 779;4 779;2 014;9 624 906;3.89%
13/02/2017;4 600;4 600;4 600;4 600;1 195;5 497 000;-3.75%
14/02/2017;4 600;4 600;4 600;4 600;1 215;5 589 000;0.00%
15/02/2017;4 600;4 600;4 600;4 600;21;96 600;0.00%
16/02/2017;4 500;4 500;4 500;4 500;86;387 000;-2.17%
17/02/2017;4 579;4 579;4 579;4 579;125;572 375;1.76%
20/02/2017;4 500;4 500;4 500;4 500;43;193 500;-1.73%
21/02/2017;4 580;4 580;4 580;4 580;44;201 520;1.78%
22/02/2017;4 600;4 600;4 600;4 600;25;115 000;0.44%
23/02/2017;4 540;4 540;4 540;4 540;242;1 098 680;-1.30%
24/02/2017;4 500;4 500;4 500;4 500;67;301 500;-0.88%
27/02/2017;4 600;4 600;4 600;4 600;293;1 347 800;2.22%
28/02/2017;4 600;4 600;4 600;4 600;186;855 600;0.00%
01/03/2017;4 800;4 800;4 800;4 800;206;988 800;4.35%
02/03/2017;4 700;4 700;4 700;4 700;52;244 400;-2.08%
03/03/2017;4 599;4 599;4 599;4 599;106;487 494;-2.15%
07/03/2017;4 500;4 500;4 500;4 500;148;666 000;-0.02%
08/03/2017;4 500;4 500;4 500;4 500;608;2 736 000;0.00%
09/03/2017;4 598;4 598;4 598;4 598;53;243 694;2.18%
10/03/2017;4 598;4 598;4 598;4 598;152;698 896;0.00%
13/03/2017;4 700;4 700;4 700;4 700;24;112 800;2.22%
14/03/2017;4 702;4 702;4 702;4 702;99;465 498;0.04%
15/03/2017;4 800;4 800;4 800;4 800;176;844 800;2.08%
16/03/2017;4 800;4 800;4 800;4 800;100;480 000;0.00%
17/03/2017;5 160;5 160;5 160;5 160;177;913 320;7.50%
20/03/2017;4 800;4 800;4 800;4 800;32;153 600;-6.98%
21/03/2017;4 600;4 600;4 600;4 600;72;331 200;-4.17%
22/03/2017;4 800;4 800;4 800;4 800;73;350 400;4.35%
23/03/2017;4 699;4 699;4 699;4 699;22;103 378;-2.10%
24/03/2017;4 900;4 900;4 900;4 900;109;534 100;4.28%
27/03/2017;4 860;4 860;4 860;4 860;1;4 860;-0.82%
28/03/2017;4 500;4 500;4 500;4 500;129;580 500;-7.41%
29/03/2017;4 800;4 800;4 800;4 800;89;427 200;6.67%
31/03/2017;4 800;4 800;4 800;4 800;462;2 217 600;0.00%
03/04/2017;4 800;4 800;4 800;4 800;55;264 000;0.00%
04/04/2017;4 704;4 704;4 704;4 704;71;333 984;-2.00%
05/04/2017;4 800;4 800;4 800;4 800;138;662 400;2.04%
06/04/2017;4 732;4 732;4 732;4 732;102;482 664;-1.42%
07/04/2017;4 730;4 730;4 730;4 730;200;946 000;-0.04%
10/04/2017;4 680;4 680;4 680;4 680;117;547 560;-1.06%
11/04/2017;4 601;4 601;4 601;4 601;70;322 070;-1.69%
12/04/2017;4 500;4 500;4 500;4 500;177;796 500;-2.20%
13/04/2017;4 600;4 600;4 600;4 600;90;414 000;2.22%
14/04/2017;4 680;4 680;4 680;4 680;20;93 600;1.74%
18/04/2017;4 800;4 800;4 800;4 800;114;547 200;2.56%
19/04/2017;4 999;4 999;4 999;4 999;189;944 811;4.15%
20/04/2017;4 800;4 800;4 800;4 800;94;451 200;-3.98%
21/04/2017;4 800;4 800;4 800;4 800;185;888 000;0.00%
24/04/2017;5 000;5 000;5 000;5 000;273;1 365 000;4.17%
25/04/2017;4 900;4 900;4 900;4 900;273;1 337 700;-2.00%
26/04/2017;4 600;4 600;4 600;4 600;29;133 400;-6.12%
27/04/2017;4 800;4 800;4 800;4 800;81;388 800;4.35%
28/04/2017;4 600;4 600;4 600;4 600;45;207 000;-4.17%
01/05/2017;4 600;4 600;4 600;4 600;225;1 035 000;0.00%
02/05/2017;4 800;4 800;4 800;4 800;70;336 000;4.35%
03/05/2017;5 000;5 000;5 000;5 000;69;345 000;4.17%
04/05/2017;4 800;4 800;4 800;4 800;11;52 800;-4.00%
05/05/2017;4 800;4 800;4 800;4 800;12;57 600;0.00%
08/05/2017;4 600;4 600;4 600;4 600;21;96 600;-4.17%
09/05/2017;4 800;4 800;4 800;4 800;925;4 440 000;4.35%
10/05/2017;4 800;4 800;4 800;4 800;200;960 000;0.00%
11/05/2017;4 799;4 799;4 799;4 799;40;191 960;-0.02%
12/05/2017;4 800;4 800;4 800;4 800;340;1 632 000;0.02%
16/05/2017;4 790;4 790;4 790;4 790;1;4 790;-0.21%
18/05/2017;4 500;4 500;4 500;4 500;426;1 917 000;-6.05%
19/05/2017;4 499;4 499;4 499;4 499;132;593 868;-0.02%
22/05/2017;4 499;4 499;4 499;4 499;10;44 990;0.00%
23/05/2017;4 699;4 699;4 699;4 699;970;4 558 030;4.45%
24/05/2017;5 000;5 000;5 000;5 000;1 218;6 090 000;6.41%
25/05/2017;5 000;5 000;5 000;5 000;6 090;30 450 000;0.00%
26/05/2017;4 899;4 899;4 899;4 899;31;151 869;-2.02%
29/05/2017;4 798;4 798;4 798;4 798;45;215 910;-2.06%
30/05/2017;4 900;4 900;4 900;4 900;397;1 945 300;2.13%
31/05/2017;5 200;5 200;5 200;5 200;3 365;17 498 000;6.12%
01/06/2017;5 000;5 000;5 000;5 000;29;145 000;-3.85%
02/06/2017;4 798;4 798;4 798;4 798;85;407 830;-4.04%
06/06/2017;4 879;4 879;4 879;4 879;740;3 610 460;1.69%
07/06/2017;5 200;5 200;5 200;5 200;1 359;7 066 800;6.58%
08/06/2017;4 900;4 900;4 900;4 900;5;24 500;-5.77%
09/06/2017;4 798;4 798;4 798;4 798;37;177 526;-2.08%
12/06/2017;4 500;4 500;4 500;4 500;159;715 500;-6.21%
13/06/2017;4 800;4 800;4 800;4 800;262;1 257 600;6.67%
14/06/2017;5 000;5 000;5 000;5 000;4 562;22 810 000;4.17%
15/06/2017;4 979;4 979;4 979;4 979;49;243 971;-0.42%
16/06/2017;4 800;4 800;4 800;4 800;295;1 416 000;-3.60%
19/06/2017;4 700;4 700;4 700;4 700;117;549 900;-2.08%
20/06/2017;4 990;4 990;4 990;4 990;2 571;12 829 290;6.17%
21/06/2017;5 200;5 200;5 200;5 200;1 934;10 056 800;4.21%
22/06/2017;5 200;5 200;5 200;5 200;9 670;50 284 000;0.00%
23/06/2017;5 179;5 179;5 179;5 179;157;813 103;-0.40%
27/06/2017;5 170;5 170;5 170;5 170;2 281;11 792 770;-0.17%
28/06/2017;5 100;5 100;5 100;5 100;5 611;28 616 100;-1.35%
29/06/2017;4 998;4 998;4 998;4 998;25;124 950;-2.00%
30/06/2017;4 999;4 999;4 999;4 999;335;1 674 665;0.02%
04/07/2017;4 999;4 999;4 999;4 999;210;1 049 790;0.00%
05/07/2017;5 200;5 200;5 200;5 200;5 918;30 773 600;4.02%
06/07/2017;4 650;4 650;4 650;4 650;329;1 529 850;-10.58%
07/07/2017;4 500;4 500;4 500;4 500;835;3 757 500;-3.23%
10/07/2017;4 400;4 400;4 400;4 400;210;924 000;-2.22%
11/07/2017;4 400;4 400;4 400;4 400;258;1 135 200;0.00%
12/07/2017;4 730;4 730;4 730;4 730;136;643 280;7.50%
13/07/2017;4 600;4 600;4 600;4 600;82;377 200;-2.75%
14/07/2017;4 400;4 400;4 400;4 400;53;233 200;-4.35%
17/07/2017;4 200;4 200;4 200;4 200;23;96 600;-4.55%
18/07/2017;4 500;4 500;4 500;4 500;91;409 500;7.14%
19/07/2017;4 599;4 599;4 599;4 599;361;1 660 239;2.20%
20/07/2017;4 600;4 600;4 600;4 600;177;814 200;0.02%
21/07/2017;4 499;4 499;4 499;4 499;95;427 405;-2.20%
24/07/2017;4 598;4 598;4 598;4 598;221;1 016 158;2.20%
25/07/2017;4 598;4 598;4 598;4 598;2 397;11 021 406;0.00%
26/07/2017;4 799;4 799;4 799;4 799;2 867;13 758 733;4.37%
27/07/2017;4 790;4 790;4 790;4 790;1 412;6 763 480;-0.19%
28/07/2017;4 760;4 760;4 760;4 760;100;476 000;-0.63%
31/07/2017;4 790;4 790;4 790;4 790;4 000;19 160 000;0.63%
02/08/2017;4 479;4 479;4 479;4 479;1 053;4 716 387;-6.49%
03/08/2017;4 144;4 144;4 144;4 144;178;737 632;-7.48%
04/08/2017;4 439;4 439;4 439;4 439;1 291;5 730 749;7.12%
07/08/2017;4 439;4 439;4 439;4 439;6 455;28 653 745;0.00%
08/08/2017;4 560;4 560;4 560;4 560;1 303;5 941 680;2.73%
09/08/2017;4 218;4 218;4 218;4 218;3 105;13 096 890;-7.50%
10/08/2017;4 218;4 218;4 218;4 218;85;358 530;0.00%
11/08/2017;4 220;4 220;4 220;4 220;89;375 580;0.05%
14/08/2017;4 200;4 200;4 200;4 200;9;37 800;-0.47%
15/08/2017;4 200;4 200;4 200;4 200;9;37 800;0.00%
16/08/2017;4 500;4 500;4 500;4 500;1 503;6 763 500;7.14%
17/08/2017;4 200;4 200;4 200;4 200;307;1 289 400;-6.67%
18/08/2017;4 000;4 000;4 000;4 000;798;3 192 000;-4.76%
21/08/2017;3 795;3 795;3 795;3 795;122;462 990;-5.13%
22/08/2017;3 600;3 600;3 600;3 600;173;622 800;-5.14%
23/08/2017;3 600;3 600;3 600;3 600;144;518 400;0.00%
24/08/2017;3 400;3 400;3 400;3 400;103;350 200;-5.56%
25/08/2017;3 590;3 590;3 590;3 590;1 336;4 796 240;5.59%
28/08/2017;3 600;3 600;3 600;3 600;198;712 800;0.28%
29/08/2017;3 600;3 600;3 600;3 600;3 704;13 334 400;0.00%
30/08/2017;3 870;3 870;3 870;3 870;600;2 322 000;7.50%
31/08/2017;3 600;3 600;3 600;3 600;260;936 000;-6.98%
04/09/2017;3 600;3 600;3 600;3 600;437;1 573 200;0.00%
05/09/2017;3 600;3 600;3 600;3 600;155;558 000;0.00%
06/09/2017;3 870;3 870;3 870;3 870;511;1 977 570;7.50%
07/09/2017;3 870;3 870;3 870;3 870;18 785;72 697 950;0.00%
08/09/2017;3 700;3 700;3 700;3 700;188;695 600;-4.39%
11/09/2017;3 700;3 700;3 700;3 700;7 247;26 813 900;0.00%
12/09/2017;3 855;3 855;3 855;3 855;278;1 071 690;4.19%
13/09/2017;4 100;4 100;4 100;4 100;2 568;10 528 800;6.36%
14/09/2017;3 855;3 855;3 855;3 855;240;925 200;-5.98%
15/09/2017;3 880;3 880;3 880;3 880;3 076;11 934 880;0.65%
18/09/2017;4 000;4 000;4 000;4 000;249;996 000;3.09%
19/09/2017;3 700;3 700;3 700;3 700;57;210 900;-7.50%
20/09/2017;3 900;3 900;3 900;3 900;863;3 365 700;5.41%
21/09/2017;3 610;3 610;3 610;3 610;982;3 545 020;-7.44%
22/09/2017;3 600;3 600;3 600;3 600;3 163;11 386 800;-0.28%
25/09/2017;3 405;3 405;3 405;3 405;101;343 905;-5.42%
26/09/2017;3 500;3 500;3 500;3 500;605;2 117 500;2.79%
27/09/2017;3 760;3 760;3 760;3 760;70;263 200;7.43%
28/09/2017;3 995;3 995;3 995;3 995;2 266;9 052 670;6.25%
29/09/2017;3 990;3 990;3 990;3 990;905;3 610 950;-0.13%
02/10/2017;4 000;4 000;4 000;4 000;482;1 928 000;0.25%
03/10/2017;3 995;3 995;3 995;3 995;158;631 210;-0.13%
04/10/2017;4 200;4 200;4 200;4 200;2 099;8 815 800;5.13%
05/10/2017;4 200;4 200;4 200;4 200;835;3 507 000;0.00%
06/10/2017;4 200;4 200;4 200;4 200;13;54 600;0.00%
09/10/2017;4 200;4 200;4 200;4 200;86;361 200;0.00%
10/10/2017;3 885;3 885;3 885;3 885;668;2 595 180;-7.50%
11/10/2017;4 175;4 175;4 175;4 175;532;2 221 100;7.46%
12/10/2017;4 200;4 200;4 200;4 200;737;3 095 400;0.60%
13/10/2017;4 000;4 000;4 000;4 000;5 030;20 120 000;-4.76%
16/10/2017;4 000;4 000;4 000;4 000;30;120 000;0.00%
17/10/2017;4 300;4 300;4 300;4 300;3 651;15 699 300;7.50%
18/10/2017;4 500;4 500;4 500;4 500;717;3 226 500;4.65%
19/10/2017;4 500;4 500;4 500;4 500;17;76 500;0.00%
20/10/2017;4 400;4 400;4 400;4 400;660;2 904 000;-2.22%
23/10/2017;4 300;4 300;4 300;4 300;131;563 300;-2.27%
24/10/2017;4 350;4 350;4 350;4 350;241;1 048 350;1.16%
25/10/2017;4 350;4 350;4 350;4 350;2 488;10 822 800;0.00%
26/10/2017;4 300;4 300;4 300;4 300;271;1 165 300;-1.15%
27/10/2017;4 250;4 250;4 250;4 250;2 119;9 005 750;-1.16%
30/10/2017;3 935;3 935;3 935;3 935;460;1 810 100;-7.41%
31/10/2017;4 000;4 000;4 000;4 000;3 813;15 252 000;1.65%
01/11/2017;4 000;4 000;4 000;4 000;3 813;15 252 000;0.00%
02/11/2017;4 300;4 300;4 300;4 300;3 734;16 056 200;7.50%
03/11/2017;4 250;4 250;4 250;4 250;12;51 000;-1.16%
06/11/2017;4 000;4 000;4 000;4 000;265;1 060 000;-5.88%
07/11/2017;4 300;4 300;4 300;4 300;2 855;12 276 500;7.50%
08/11/2017;4 450;4 450;4 450;4 450;6 035;26 855 750;3.49%
09/11/2017;4 200;4 200;4 200;4 200;10;42 000;-5.62%
10/11/2017;3 980;3 980;3 980;3 980;141;561 180;-5.24%
13/11/2017;3 700;3 700;3 700;3 700;578;2 138 600;-7.04%
14/11/2017;3 795;3 795;3 795;3 795;34;129 030;2.57%
15/11/2017;3 795;3 795;3 795;3 795;34;129 030;0.00%
16/11/2017;4 000;4 000;4 000;4 000;1 603;6 412 000;5.40%
17/11/2017;3 995;3 995;3 995;3 995;60;239 700;-0.13%
20/11/2017;3 700;3 700;3 700;3 700;2 107;7 795 900;-7.38%
21/11/2017;3 900;3 900;3 900;3 900;5 134;20 022 600;5.41%
22/11/2017;4 190;4 190;4 190;4 190;1 299;5 442 810;7.44%
23/11/2017;4 190;4 190;4 190;4 190;20;83 800;0.00%
24/11/2017;3 900;3 900;3 900;3 900;25;97 500;-6.92%
27/11/2017;3 610;3 610;3 610;3 610;210;758 100;-7.44%
28/11/2017;3 850;3 850;3 850;3 850;1 226;4 720 100;6.65%
29/11/2017;4 135;4 135;4 135;4 135;13 357;55 231 195;7.40%
01/12/2017;4 000;4 000;4 000;4 000;140;560 000;0.00%
04/12/2017;4 095;4 095;4 095;4 095;94;384 930;2.38%
05/12/2017;4 000;4 000;4 000;4 000;1 452;5 808 000;-2.32%
06/12/2017;4 200;4 200;4 200;4 200;15 691;65 902 200;5.00%
07/12/2017;3 885;3 885;3 885;3 885;382;1 484 070;-7.50%
08/12/2017;3 900;3 900;3 900;3 900;621;2 421 900;0.39%
11/12/2017;4 100;4 100;4 100;4 100;267;1 094 700;5.13%
12/12/2017;4 195;4 195;4 195;4 195;64;268 480;2.32%
13/12/2017;4 300;4 300;4 300;4 300;1 365;5 869 500;2.50%
14/12/2017;3 980;3 980;3 980;3 980;127;505 460;-7.44%
15/12/2017;4 000;4 000;4 000;4 000;25;100 000;0.50%
18/12/2017;4 200;4 200;4 200;4 200;459;1 927 800;5.00%
19/12/2017;4 200;4 200;4 200;4 200;118;495 600;0.00%
20/12/2017;4 275;4 275;4 275;4 275;1 380;5 899 500;1.79%
21/12/2017;4 005;4 005;4 005;4 005;555;2 222 775;-6.32%
22/12/2017;4 275;4 275;4 275;4 275;759;3 244 725;6.74%
25/12/2017;4 275;4 275;4 275;4 275;759;3 244 725;0.00%
26/12/2017;4 275;4 275;4 275;4 275;2 083;8 904 825;0.00%
27/12/2017;4 270;4 270;4 270;4 270;537;2 292 990;-0.12%
28/12/2017;4 250;4 250;4 250;4 250;21;89 250;-0.47%
29/12/2017;4 270;4 270;4 270;4 270;24;102 480;0.47%
02/01/2018;4 200;4 200;4 200;4 200;140;588 000;-1.64%
03/01/2018;4 250;4 250;4 250;4 250;511;2 171 750;1.19%
04/01/2018;4 200;4 200;4 200;4 200;9;37 800;-1.18%
05/01/2018;4 200;4 200;4 200;4 200;285;1 197 000;0.00%
08/01/2018;4 000;4 000;4 000;4 000;1 054;4 216 000;-4.76%
09/01/2018;4 100;4 100;4 100;4 100;510;2 091 000;2.50%
10/01/2018;4 100;4 100;4 100;4 100;126;516 600;0.00%
11/01/2018;4 200;4 200;4 200;4 200;130;546 000;2.44%
12/01/2018;4 150;4 150;4 150;4 150;60;249 000;-1.19%
15/01/2018;4 200;4 200;4 200;4 200;2 526;10 609 200;1.20%
16/01/2018;4 000;4 000;4 000;4 000;3;12 000;-4.76%
17/01/2018;4 150;4 150;4 150;4 150;27;112 050;3.75%
18/01/2018;3 900;3 900;3 900;3 900;400;1 560 000;-6.02%
19/01/2018;4 000;4 000;4 000;4 000;676;2 704 000;2.56%
22/01/2018;3 975;3 975;3 975;3 975;1 518;6 034 050;-0.63%
23/01/2018;3 800;3 800;3 800;3 800;617;2 344 600;-4.40%
24/01/2018;3 850;3 850;3 850;3 850;2 195;8 450 750;1.32%
25/01/2018;3 750;3 750;3 750;3 750;1 842;6 907 500;-2.60%
26/01/2018;3 480;3 480;3 480;3 480;255;887 400;-7.20%
29/01/2018;3 480;3 480;3 480;3 480;408;1 419 840;0.00%
30/01/2018;3 300;3 300;3 300;3 300;1 351;4 458 300;-5.17%
31/01/2018;3 545;3 545;3 545;3 545;1 531;5 427 395;7.42%
01/02/2018;3 400;3 400;3 400;3 400;427;1 451 800;-4.09%
02/02/2018;3 300;3 300;3 300;3 300;518;1 709 400;-2.94%
05/02/2018;3 300;3 300;3 300;3 300;607;2 003 100;0.00%
06/02/2018;3 290;3 290;3 290;3 290;957;3 148 530;-0.30%
07/02/2018;3 390;3 390;3 390;3 390;2 814;9 539 460;3.04%
08/02/2018;3 235;3 235;3 235;3 235;1 152;3 726 720;-4.57%
09/02/2018;3 235;3 235;3 235;3 235;1 796;5 810 060;0.00%
12/02/2018;3 250;3 250;3 250;3 250;340;1 105 000;0.46%
13/02/2018;3 235;3 235;3 235;3 235;1 337;4 325 195;-0.46%
14/02/2018;3 400;3 400;3 400;3 400;7 154;24 323 600;5.10%
15/02/2018;3 200;3 200;3 200;3 200;1 115;3 568 000;-5.88%
16/02/2018;3 200;3 200;3 200;3 200;502;1 606 400;0.00%
19/02/2018;3 100;3 100;3 100;3 100;1 429;4 429 900;-3.13%
20/02/2018;3 300;3 300;3 300;3 300;465;1 534 500;6.45%
21/02/2018;3 440;3 440;3 440;3 440;326;1 121 440;4.24%
22/02/2018;3 350;3 350;3 350;3 350;3 765;12 612 750;-2.62%
23/02/2018;3 430;3 430;3 430;3 430;341;1 169 630;2.39%
26/02/2018;3 400;3 400;3 400;3 400;449;1 526 600;-0.87%
27/02/2018;3 440;3 440;3 440;3 440;290;997 600;1.18%
01/03/2018;3 350;3 350;3 350;3 350;596;1 996 600;-5.63%
02/03/2018;3 305;3 305;3 305;3 305;1 300;4 296 500;-1.34%
05/03/2018;3 450;3 450;3 450;3 450;748;2 580 600;4.39%
06/03/2018;3 550;3 550;3 550;3 550;1 095;3 887 250;2.90%
07/03/2018;3 300;3 300;3 300;3 300;4 736;15 628 800;-7.04%
08/03/2018;3 400;3 400;3 400;3 400;3 727;12 671 800;3.03%
09/03/2018;3 550;3 550;3 550;3 550;101;358 550;4.41%
12/03/2018;3 400;3 400;3 400;3 400;645;2 193 000;-4.23%
13/03/2018;3 350;3 350;3 350;3 350;463;1 551 050;-1.47%
14/03/2018;3 510;3 510;3 510;3 510;3 607;12 660 570;4.78%
15/03/2018;3 440;3 440;3 440;3 440;2 152;7 402 880;-1.99%
16/03/2018;3 185;3 185;3 185;3 185;1 509;4 806 165;-7.41%
19/03/2018;3 300;3 300;3 300;3 300;1 607;5 303 100;3.61%
20/03/2018;3 185;3 185;3 185;3 185;987;3 143 595;-3.48%
21/03/2018;3 200;3 200;3 200;3 200;4 881;15 619 200;0.47%
22/03/2018;3 150;3 150;3 150;3 150;2 745;8 646 750;-1.56%
23/03/2018;2 915;2 915;2 915;2 915;350;1 020 250;-7.46%
26/03/2018;3 050;3 050;3 050;3 050;6 197;18 900 850;4.63%
27/03/2018;3 200;3 200;3 200;3 200;1 798;5 753 600;4.92%
28/03/2018;3 400;3 400;3 400;3 400;1 903;6 470 200;6.25%
29/03/2018;3 350;3 350;3 350;3 350;1 854;6 210 900;-1.47%
30/03/2018;3 400;3 400;3 400;3 400;2 382;8 098 800;1.49%
02/04/2018;3 400;3 400;3 400;3 400;2 382;8 098 800;0.00%
03/04/2018;3 385;3 385;3 385;3 385;1 341;4 539 285;-0.44%
04/04/2018;3 385;3 385;3 385;3 385;25;84 625;0.00%
05/04/2018;3 205;3 205;3 205;3 205;20;64 100;-5.32%
06/04/2018;3 150;3 150;3 150;3 150;184;579 600;-1.72%
09/04/2018;3 290;3 290;3 290;3 290;184;605 360;4.44%
10/04/2018;3 300;3 300;3 300;3 300;16 464;54 331 200;0.30%
11/04/2018;3 290;3 290;3 290;3 290;1 941;6 385 890;-0.30%
12/04/2018;3 250;3 250;3 250;3 250;1 801;5 853 250;-1.22%
13/04/2018;3 100;3 100;3 100;3 100;911;2 824 100;-4.62%
16/04/2018;3 250;3 250;3 250;3 250;1 369;4 449 250;4.84%
17/04/2018;3 200;3 200;3 200;3 200;265;848 000;-1.54%
18/04/2018;3 200;3 200;3 200;3 200;4 550;14 560 000;0.00%
19/04/2018;3 200;3 200;3 200;3 200;121;387 200;0.00%
20/04/2018;3 200;3 200;3 200;3 200;196;627 200;0.00%
23/04/2018;3 200;3 200;3 200;3 200;90;288 000;0.00%
24/04/2018;3 200;3 200;3 200;3 200;1 411;4 515 200;0.00%
25/04/2018;3 200;3 200;3 200;3 200;445;1 424 000;0.00%
26/04/2018;3 000;3 000;3 000;3 000;52;156 000;-6.25%
27/04/2018;2 900;2 900;2 900;2 900;5 140;14 906 000;-3.33%
09/05/2018;3 200;3 200;3 200;3 200;10;32 000;10.34%
10/05/2018;3 200;3 200;3 200;3 200;10;32 000;0.00%
11/05/2018;3 160;3 160;3 160;3 160;1 353;4 275 480;-1.25%
14/05/2018;3 000;3 000;3 000;3 000;3 134;9 402 000;-5.06%
15/05/2018;3 200;3 200;3 200;3 200;970;3 104 000;6.67%
16/05/2018;3 000;3 000;3 000;3 000;571;1 713 000;-6.25%
17/05/2018;3 200;3 200;3 200;3 200;15;48 000;6.67%
18/05/2018;3 185;3 185;3 185;3 185;2 242;7 140 770;-0.47%
21/05/2018;3 185;3 185;3 185;3 185;2 242;7 140 770;0.00%
22/05/2018;3 185;3 185;3 185;3 185;33;105 105;0.00%
23/05/2018;3 200;3 200;3 200;3 200;3 034;9 708 800;0.47%
24/05/2018;3 200;3 200;3 200;3 200;43;137 600;0.00%
25/05/2018;3 100;3 100;3 100;3 100;8 867;27 487 700;-3.13%
28/05/2018;3 200;3 200;3 200;3 200;558;1 785 600;3.23%
30/05/2018;3 200;3 200;3 200;3 200;2 668;8 537 600;0.31%
31/05/2018;3 195;3 195;3 195;3 195;14 018;44 787 510;-0.16%
01/06/2018;3 150;3 150;3 150;3 150;182;573 300;-1.41%
04/06/2018;3 150;3 150;3 150;3 150;910;2 866 500;0.00%
05/06/2018;3 150;3 150;3 150;3 150;110;346 500;0.00%
06/06/2018;3 150;3 150;3 150;3 150;1 186;3 735 900;0.00%
07/06/2018;3 150;3 150;3 150;3 150;586;1 845 900;0.00%
12/06/2018;3 150;3 150;3 150;3 150;721;2 271 150;0.00%
13/06/2018;3 100;3 100;3 100;3 100;306;948 600;-1.59%
14/06/2018;3 100;3 100;3 100;3 100;306;948 600;0.00%
15/06/2018;3 150;3 150;3 150;3 150;246;774 900;1.61%
18/06/2018;3 100;3 100;3 100;3 100;1 699;5 266 900;-1.59%
19/06/2018;3 150;3 150;3 150;3 150;2 736;8 618 400;1.61%
20/06/2018;3 150;3 150;3 150;3 150;647;2 038 050;0.00%
21/06/2018;3 060;3 060;3 060;3 060;971;2 971 260;-2.86%
28/06/2018;3 150;3 150;3 150;3 150;65;204 750;2.94%
29/06/2018;3 150;3 150;3 150;3 150;16 552;52 138 800;0.00%
02/07/2018;3 100;3 100;3 100;3 100;337;1 044 700;-1.59%
03/07/2018;3 150;3 150;3 150;3 150;2 396;7 547 400;1.61%
04/07/2018;3 150;3 150;3 150;3 150;839;2 642 850;0.00%
05/07/2018;3 150;3 150;3 150;3 150;281;885 150;0.00%
06/07/2018;3 195;3 195;3 195;3 195;493;1 575 135;1.43%
09/07/2018;3 190;3 190;3 190;3 190;257;819 830;-0.16%
10/07/2018;3 150;3 150;3 150;3 150;224;705 600;-1.25%
11/07/2018;3 200;3 200;3 200;3 200;4 211;13 475 200;1.59%
12/07/2018;3 100;3 100;3 100;3 100;1 227;3 803 700;-3.13%
13/07/2018;3 050;3 050;3 050;3 050;1 191;3 632 550;-1.61%
16/07/2018;3 050;3 050;3 050;3 050;1 230;3 751 500;0.00%
17/07/2018;3 150;3 150;3 150;3 150;242;762 300;3.28%
18/07/2018;3 200;3 200;3 200;3 200;635;2 032 000;1.59%
19/07/2018;3 200;3 200;3 200;3 200;298;953 600;0.00%
20/07/2018;3 150;3 150;3 150;3 150;37;116 550;-1.56%
23/07/2018;3 100;3 100;3 100;3 100;110;341 000;-1.59%
24/07/2018;3 055;3 055;3 055;3 055;370;1 130 350;-1.45%
25/07/2018;3 200;3 200;3 200;3 200;3 942;12 614 400;4.75%
26/07/2018;3 100;3 100;3 100;3 100;70;217 000;-3.13%
30/07/2018;3 400;3 400;3 400;3 400;3 850;13 090 000;9.68%
31/07/2018;3 395;3 395;3 395;3 395;81;274 995;-0.15%
01/08/2018;3 390;3 390;3 390;3 390;1 973;6 688 470;-0.15%
02/08/2018;3 295;3 295;3 295;3 295;35;115 325;-2.80%
03/08/2018;3 195;3 195;3 195;3 195;1 479;4 725 405;-3.03%
06/08/2018;3 195;3 195;3 195;3 195;1 479;4 725 405;0.00%
07/08/2018;3 195;3 195;3 195;3 195;1 479;4 725 405;0.00%
08/08/2018;3 395;3 395;3 395;3 395;6 374;21 639 730;6.26%
09/08/2018;3 145;3 145;3 145;3 145;20;62 900;-7.36%
10/08/2018;3 100;3 100;3 100;3 100;1 284;3 980 400;-1.43%
13/08/2018;3 150;3 150;3 150;3 150;203;639 450;1.61%
14/08/2018;3 200;3 200;3 200;3 200;3 670;11 744 000;1.59%
20/08/2018;2 880;2 880;2 880;2 880;121;348 480;-10.00%
21/08/2018;2 880;2 880;2 880;2 880;121;348 480;0.00%
22/08/2018;3 095;3 095;3 095;3 095;1 348;4 172 060;7.47%
23/08/2018;2 995;2 995;2 995;2 995;707;2 117 465;-3.23%
24/08/2018;2 905;2 905;2 905;2 905;4 005;11 634 525;-3.01%
28/08/2018;3 200;3 200;3 200;3 200;127;406 400;3.23%
29/08/2018;3 195;3 195;3 195;3 195;507;1 619 865;-0.16%
30/08/2018;3 195;3 195;3 195;3 195;379;1 210 905;0.00%
31/08/2018;3 195;3 195;3 195;3 195;488;1 559 160;0.00%
03/09/2018;3 000;3 000;3 000;3 000;310;930 000;-6.10%
04/09/2018;3 100;3 100;3 100;3 100;1 700;5 270 000;3.33%
05/09/2018;3 090;3 090;3 090;3 090;230;710 700;-0.32%
06/09/2018;3 000;3 000;3 000;3 000;141;423 000;-2.91%
07/09/2018;2 995;2 995;2 995;2 995;8;23 960;-0.17%
10/09/2018;2 910;2 910;2 910;2 910;2 214;6 442 740;-2.84%
11/09/2018;2 910;2 910;2 910;2 910;148;430 680;0.00%
12/09/2018;2 965;2 965;2 965;2 965;3 003;8 903 895;1.89%
13/09/2018;2 950;2 950;2 950;2 950;78;230 100;-0.51%
14/09/2018;3 000;3 000;3 000;3 000;12 452;37 356 000;1.69%
17/09/2018;3 000;3 000;3 000;3 000;12 452;37 356 000;0.00%
18/09/2018;2 985;2 985;2 985;2 985;56;167 160;-0.50%
19/09/2018;2 990;2 990;2 990;2 990;130;388 700;0.17%
20/09/2018;3 000;3 000;3 000;3 000;4 723;14 169 000;0.33%
24/09/2018;3 000;3 000;3 000;3 000;149;447 000;0.00%
25/09/2018;2 990;2 990;2 990;2 990;2 600;7 774 000;-0.33%
26/09/2018;2 990;2 990;2 990;2 990;52;155 480;0.00%
27/09/2018;2 985;2 985;2 985;2 985;355;1 059 675;-0.17%
28/09/2018;2 950;2 950;2 950;2 950;183;539 850;-1.17%
01/10/2018;2 905;2 905;2 905;2 905;247;717 535;-1.53%
02/10/2018;2 950;2 950;2 950;2 950;1 617;4 770 150;1.55%
03/10/2018;2 950;2 950;2 950;2 950;1 784;5 262 800;0.00%
04/10/2018;2 900;2 900;2 900;2 900;2 927;8 488 300;-1.69%
05/10/2018;2 900;2 900;2 900;2 900;958;2 778 200;0.00%
08/10/2018;2 895;2 895;2 895;2 895;613;1 774 635;-0.17%
09/10/2018;2 895;2 895;2 895;2 895;71;205 545;0.00%
10/10/2018;2 800;2 800;2 800;2 800;451;1 262 800;-3.28%
11/10/2018;2 785;2 785;2 785;2 785;564;1 570 740;-0.54%
12/10/2018;2 785;2 785;2 785;2 785;855;2 381 175;0.00%
15/10/2018;2 680;2 680;2 680;2 680;152;407 360;-3.77%
16/10/2018;2 680;2 680;2 680;2 680;67;179 560;0.00%
17/10/2018;2 500;2 500;2 500;2 500;164;410 000;-6.72%
18/10/2018;2 480;2 480;2 480;2 480;501;1 242 480;-0.80%
19/10/2018;2 355;2 355;2 355;2 355;170;400 350;-5.04%
22/10/2018;2 300;2 300;2 300;2 300;49;112 700;-2.34%
23/10/2018;2 400;2 400;2 400;2 400;3 093;7 423 200;4.35%
24/10/2018;2 475;2 475;2 475;2 475;22 082;54 652 950;3.13%
25/10/2018;2 500;2 500;2 500;2 500;891;2 227 500;1.01%
26/10/2018;2 500;2 500;2 500;2 500;839;2 097 500;0.00%
29/10/2018;2 400;2 400;2 400;2 400;342;820 800;-4.00%
30/10/2018;2 355;2 355;2 355;2 355;910;2 143 050;-1.88%
31/10/2018;2 450;2 450;2 450;2 450;77;188 650;4.03%
01/11/2018;2 450;2 450;2 450;2 450;77;188 650;0.00%
05/11/2018;2 450;2 450;2 450;2 450;155;379 750;0.00%
06/11/2018;2 400;2 400;2 400;2 400;3 536;8 486 400;-2.04%
07/11/2018;2 310;2 310;2 310;2 310;29;66 990;-3.75%
08/11/2018;2 395;2 395;2 395;2 395;2 854;6 835 330;3.68%
09/11/2018;2 350;2 350;2 350;2 350;20;47 000;-1.88%
12/11/2018;2 390;2 390;2 390;2 390;125;298 750;1.70%
13/11/2018;2 380;2 380;2 380;2 380;630;1 499 400;-0.42%
14/11/2018;2 380;2 380;2 380;2 380;10;23 800;0.00%
15/11/2018;2 380;2 380;2 380;2 380;10;23 800;0.00%
16/11/2018;2 350;2 350;2 350;2 350;216;507 600;-1.26%
19/11/2018;2 300;2 300;2 300;2 300;197;453 100;-2.13%
20/11/2018;2 300;2 300;2 300;2 300;197;453 100;0.00%
21/11/2018;2 295;2 295;2 295;2 295;95;218 025;-0.22%
22/11/2018;2 200;2 200;2 200;2 200;127;279 400;-4.14%
23/11/2018;2 150;2 150;2 150;2 150;127;273 050;-2.27%
27/11/2018;2 135;2 135;2 135;2 135;83;177 205;-0.47%
28/11/2018;2 125;2 125;2 125;2 125;30;63 750;-0.47%
29/11/2018;2 100;2 100;2 100;2 100;647;1 358 700;-1.18%
30/11/2018;2 045;2 045;2 045;2 045;475;971 375;-2.62%
03/12/2018;2 010;2 010;2 010;2 010;133;267 330;-1.71%
04/12/2018;2 125;2 125;2 125;2 125;303;643 875;5.72%
05/12/2018;2 010;2 010;2 010;2 010;108;217 080;-5.41%
06/12/2018;2 000;2 000;2 000;2 000;20;40 000;-0.50%
07/12/2018;1 950;1 950;1 950;1 950;21;40 950;-2.50%
10/12/2018;1 900;1 900;1 900;1 900;326;619 400;-2.56%
11/12/2018;1 900;1 900;1 900;1 900;917;1 742 300;0.00%
12/12/2018;1 895;1 895;1 895;1 895;376;712 520;-0.26%
13/12/2018;1 800;1 800;1 800;1 800;2 209;3 976 200;-5.01%
14/12/2018;1 930;1 930;1 930;1 930;22 140;42 730 200;7.22%
17/12/2018;1 850;1 850;1 850;1 850;120;222 000;-4.15%
18/12/2018;1 850;1 850;1 850;1 850;740;1 369 000;0.00%
19/12/2018;1 835;1 835;1 835;1 835;3 605;6 615 175;-0.81%
20/12/2018;1 820;1 820;1 820;1 820;2 597;4 726 540;-0.82%
21/12/2018;1 955;1 955;1 955;1 955;1 520;2 971 600;7.42%
26/12/2018;2 010;2 010;2 010;2 010;1 014;2 038 140;2.81%
27/12/2018;2 045;2 045;2 045;2 045;2 338;4 781 210;1.74%
28/12/2018;2 030;2 030;2 030;2 030;960;1 948 800;-0.73%
31/12/2018;2 030;2 030;2 030;2 030;25;50 750;0.00%
02/01/2019;2 000;2 000;2 000;2 000;948;1 896 000;-1.48%
03/01/2019;2 000;2 000;2 000;2 000;110;220 000;0.00%
04/01/2019;2 000;2 000;2 000;2 000;150;300 000;0.00%
07/01/2019;2 000;2 000;2 000;2 000;365;730 000;0.00%
08/01/2019;1 960;1 960;1 960;1 960;20;39 200;-2.00%
09/01/2019;1 950;1 950;1 950;1 950;2 384;4 648 800;-0.51%
10/01/2019;1 945;1 945;1 945;1 945;624;1 213 680;-0.26%
11/01/2019;1 870;1 870;1 870;1 870;18 260;34 146 200;-3.86%
14/01/2019;1 870;1 870;1 870;1 870;304;568 480;0.00%
15/01/2019;1 900;1 900;1 900;1 900;25;47 500;1.60%
16/01/2019;1 900;1 900;1 900;1 900;4;7 600;0.00%
17/01/2019;1 900;1 900;1 900;1 900;992;1 884 800;0.00%
18/01/2019;1 900;1 900;1 900;1 900;15;28 500;0.00%
21/01/2019;1 870;1 895;1 895;1 870;236;444 270;-1.58%
22/01/2019;1 900;1 895;1 900;1 895;1 247;2 366 183;1.60%
23/01/2019;1 850;1 900;1 900;1 850;185;346 875;-2.63%
24/01/2019;1 900;1 900;1 900;1 900;862;1 637 800;2.70%
25/01/2019;1 830;1 850;1 850;1 830;290;533 600;-3.68%
28/01/2019;1 900;1 880;1 900;1 880;200;378 000;3.83%
29/01/2019;1 900;1 900;1 900;1 900;10;19 000;0.00%
30/01/2019;1 890;1 895;1 895;1 890;9;17 033;-0.53%
31/01/2019;2 030;1 895;2 030;1 895;2 105;4 131 063;7.41%
01/02/2019;2 030;2 030;2 030;2 030;1 627;3 302 810;0.00%
04/02/2019;2 030;2 030;2 030;2 030;1 242;2 521 260;0.00%
06/02/2019;2 025;2 000;2 025;2 000;2 246;4 520 075;-0.25%
07/02/2019;2 030;2 020;2 030;2 020;5 090;10 307 250;0.25%
08/02/2019;2 180;2 030;2 180;2 030;20 148;42 411 540;7.39%
12/02/2019;2 300;2 180;2 300;2 180;18 504;41 448 960;5.50%
13/02/2019;2 250;2 180;2 250;2 180;1 976;4 376 840;-2.17%
14/02/2019;2 240;2 250;2 250;2 240;1 107;2 485 215;-0.44%
15/02/2019;2 200;2 085;2 200;2 085;15 936;34 142 880;-1.79%
18/02/2019;2 100;2 100;2 100;2 100;44;92 400;-4.55%
19/02/2019;2 000;2 100;2 100;2 000;1 421;2 913 050;-4.76%
20/02/2019;2 050;2 000;2 050;2 000;370;749 250;2.50%
21/02/2019;2 150;2 150;2 150;2 150;1 108;2 382 200;4.88%
22/02/2019;2 100;2 100;2 100;2 100;680;1 428 000;-2.33%
26/02/2019;2 200;2 200;2 200;2 200;43;94 600;-2.22%
27/02/2019;2 200;2 200;2 200;2 200;50;110 000;0.00%
28/02/2019;2 200;2 150;2 200;2 150;28;60 900;0.00%
01/03/2019;2 200;2 200;2 200;2 200;420;924 000;0.00%
04/03/2019;2 185;2 195;2 195;2 185;677;1 482 630;-0.68%
05/03/2019;2 150;2 145;2 150;2 145;4 618;9 917 155;-1.60%
06/03/2019;2 145;2 150;2 150;2 145;442;949 195;-0.23%
07/03/2019;2 145;2 100;2 145;2 100;520;1 103 700;0.00%
08/03/2019;2 100;2 145;2 145;2 100;245;520 013;-2.10%
11/03/2019;2 140;2 100;2 140;2 100;1 321;2 800 520;1.90%
12/03/2019;2 140;2 140;2 140;2 140;119;254 660;0.00%
13/03/2019;2 050;2 135;2 135;2 050;5 450;11 404 125;-4.21%
14/03/2019;2 010;2 045;2 045;2 010;151;306 153;-1.95%
15/03/2019;2 015;2 015;2 015;2 015;150;302 250;0.25%
18/03/2019;2 055;2 015;2 055;2 015;1 236;2 515 260;1.99%
19/03/2019;2 015;2 015;2 015;2 015;10;20 150;-1.95%
20/03/2019;1 925;2 055;2 055;1 925;555;1 104 450;-4.47%
21/03/2019;2 000;2 010;2 010;2 000;538;1 078 690;3.90%
22/03/2019;1 925;1 980;1 980;1 925;3 976;7 763 140;-3.75%
25/03/2019;1 995;2 000;2 000;1 995;2 004;4 002 990;3.64%
26/03/2019;2 000;1 995;2 000;1 995;3 479;6 949 303;0.25%
27/03/2019;2 000;2 000;2 000;2 000;1 080;2 160 000;0.00%
28/03/2019;2 000;1 995;2 000;1 995;176;351 560;0.00%
29/03/2019;1 900;1 995;1 995;1 900;7 433;14 475 768;-5.00%
01/04/2019;1 760;1 855;1 855;1 760;6 102;11 029 365;-7.37%
02/04/2019;1 780;1 800;1 800;1 780;3 583;6 413 570;1.14%
03/04/2019;1 795;1 780;1 795;1 780;827;1 478 263;0.84%
04/04/2019;1 850;1 795;1 850;1 795;1 881;3 428 123;3.06%
05/04/2019;1 855;1 850;1 855;1 850;377;698 393;0.27%
08/04/2019;1 950;1 865;1 950;1 865;200;381 500;5.12%
09/04/2019;2 000;1 950;2 000;1 950;4 926;9 728 850;2.56%
10/04/2019;2 095;2 000;2 095;2 000;3 058;6 261 255;4.75%
11/04/2019;2 250;2 050;2 250;2 050;2 107;4 530 050;7.40%
12/04/2019;2 300;2 415;2 415;2 300;7 117;16 778 328;2.22%
15/04/2019;2 445;2 470;2 470;2 445;2 706;6 649 995;6.30%
16/04/2019;2 495;2 445;2 495;2 445;728;1 798 160;2.04%
17/04/2019;2 480;2 465;2 480;2 465;1 214;3 001 615;-0.60%
18/04/2019;2 495;2 480;2 495;2 480;6 048;15 044 400;0.60%
19/04/2019;2 500;2 450;2 500;2 450;5 759;14 253 525;0.20%
22/04/2019;2 500;2 450;2 500;2 450;5 759;14 253 525;0.00%
23/04/2019;2 445;2 500;2 500;2 445;2 428;6 003 230;-2.20%
24/04/2019;2 500;2 450;2 500;2 450;14 324;35 451 900;2.25%
25/04/2019;2 450;2 500;2 500;2 450;528;1 306 800;-2.00%
26/04/2019;2 500;2 450;2 500;2 450;1 019;2 522 025;2.04%
29/04/2019;2 500;2 450;2 500;2 450;2 105;5 209 875;0.00%
30/04/2019;2 550;2 550;2 550;2 550;77;196 350;2.00%
01/05/2019;2 550;2 550;2 550;2 550;77;196 350;0.00%
02/05/2019;2 500;2 500;2 500;2 500;2 521;6 302 500;-1.96%
03/05/2019;2 450;2 500;2 500;2 450;1 325;3 279 375;-2.00%
06/05/2019;2 450;2 400;2 450;2 400;2 203;5 342 275;0.00%
07/05/2019;2 450;2 450;2 450;2 450;2 444;5 987 800;0.00%
08/05/2019;2 425;2 300;2 425;2 300;249;588 263;-1.02%
09/05/2019;2 355;2 400;2 400;2 355;812;1 930 530;-2.89%
10/05/2019;2 400;2 400;2 400;2 400;237;568 800;1.91%
13/05/2019;2 310;2 400;2 400;2 310;5 217;12 286 035;-3.75%
14/05/2019;2 310;2 310;2 310;2 310;20;46 200;0.00%
15/05/2019;2 445;2 310;2 445;2 310;557;1 324 268;5.84%
16/05/2019;2 445;2 450;2 450;2 445;475;1 162 563;0.00%
17/05/2019;2 500;2 500;2 500;2 500;5 558;13 895 000;2.25%
20/05/2019;2 475;2 445;2 475;2 445;1 549;3 810 540;-1.00%
21/05/2019;2 470;2 475;2 475;2 470;1 450;3 585 125;-0.20%
22/05/2019;2 450;2 465;2 465;2 450;503;1 236 123;-0.81%
23/05/2019;2 475;2 450;2 475;2 450;2 094;5 156 475;1.02%
27/05/2019;2 430;2 450;2 450;2 430;353;861 320;-1.02%
28/05/2019;2 430;2 455;2 455;2 430;225;549 563;0.00%
29/05/2019;2 430;2 430;2 430;2 430;230;558 900;0.00%
30/05/2019;2 430;2 430;2 430;2 430;230;558 900;0.00%
31/05/2019;2 470;2 470;2 470;2 470;36;88 920;1.65%
03/06/2019;2 450;2 470;2 470;2 450;410;1 008 600;-0.81%
05/06/2019;2 440;2 430;2 440;2 430;1 854;4 514 490;-0.41%
06/06/2019;2 435;2 440;2 440;2 435;135;329 063;-0.20%
07/06/2019;2 435;2 420;2 435;2 420;55;133 513;0.00%
11/06/2019;2 400;2 435;2 435;2 400;968;2 340 140;-1.44%
12/06/2019;2 400;2 400;2 400;2 400;2 245;5 388 000;0.00%
13/06/2019;2 365;2 400;2 400;2 365;970;2 311 025;-1.46%
14/06/2019;2 400;2 375;2 400;2 375;367;876 213;1.48%
17/06/2019;2 375;2 400;2 400;2 375;74;176 675;-1.04%
18/06/2019;2 365;2 400;2 400;2 365;1 945;4 633 963;-0.42%
19/06/2019;2 345;2 365;2 365;2 345;291;685 305;-0.85%
20/06/2019;2 340;2 320;2 340;2 320;2 094;4 879 020;-0.21%
21/06/2019;2 400;2 340;2 400;2 340;16 117;38 197 290;2.56%
24/06/2019;2 340;2 425;2 425;2 340;175;416 938;-2.50%
25/06/2019;2 345;2 350;2 350;2 345;876;2 056 410;0.21%
26/06/2019;2 340;2 345;2 345;2 340;140;327 950;-0.21%
27/06/2019;2 340;2 340;2 340;2 340;197;460 980;0.00%
28/06/2019;2 345;2 340;2 345;2 340;512;1 199 360;0.21%
01/07/2019;2 425;2 345;2 425;2 345;206;491 310;3.41%
02/07/2019;2 400;2 400;2 400;2 400;1 195;2 868 000;-1.03%
03/07/2019;2 400;2 350;2 400;2 350;263;624 625;0.00%
04/07/2019;2 300;2 355;2 355;2 300;2 442;5 683 755;-4.17%
05/07/2019;2 290;2 290;2 290;2 290;35;80 150;-0.43%
08/07/2019;2 290;2 260;2 290;2 260;918;2 088 450;0.00%
10/07/2019;2 150;2 110;2 150;2 110;35;74 550;-6.11%
11/07/2019;2 195;2 120;2 195;2 120;1 104;2 381 880;2.09%
12/07/2019;2 195;2 195;2 195;2 195;1 789;3 926 855;0.00%
15/07/2019;2 190;2 195;2 195;2 190;164;359 570;-0.23%
16/07/2019;2 175;2 185;2 185;2 175;1 768;3 854 240;-0.68%
17/07/2019;2 015;2 175;2 175;2 015;332;695 540;-7.36%
18/07/2019;2 000;2 010;2 010;2 000;175;350 875;-0.74%
19/07/2019;2 000;2 000;2 000;2 000;953;1 906 000;0.00%
22/07/2019;2 015;2 000;2 015;2 000;3 648;7 323 360;0.75%
23/07/2019;2 015;2 015;2 015;2 015;4 979;10 032 685;0.00%
24/07/2019;2 050;2 025;2 050;2 025;1 159;2 361 463;1.74%
25/07/2019;2 180;2 050;2 180;2 050;925;1 956 375;6.34%
26/07/2019;2 140;2 175;2 175;2 140;105;226 538;-1.83%
29/07/2019;2 130;2 140;2 140;2 130;510;1 088 850;-0.47%
30/07/2019;2 125;2 125;2 125;2 125;215;456 875;-0.23%
31/07/2019;2 100;2 100;2 100;2 100;2 724;5 720 400;-1.18%
01/08/2019;2 010;2 125;2 125;2 010;1 451;2 999 943;-4.29%
02/08/2019;2 095;2 010;2 095;2 010;1 497;3 072 593;4.23%
05/08/2019;2 100;2 095;2 100;2 095;4 091;8 580 873;0.24%
06/08/2019;2 095;2 100;2 100;2 095;85;178 288;-0.24%
07/08/2019;2 095;2 100;2 100;2 095;85;178 288;0.00%
08/08/2019;2 000;2 075;2 075;2 000;1 597;3 253 888;-4.53%
09/08/2019;2 000;2 050;2 050;2 000;368;745 200;0.00%
12/08/2019;2 000;2 050;2 050;2 000;368;745 200;0.00%
13/08/2019;2 000;2 050;2 050;2 000;253;512 325;0.00%
14/08/2019;1 980;2 000;2 000;1 980;1 275;2 537 250;-1.00%
15/08/2019;1 980;2 000;2 000;1 980;1 275;2 537 250;0.00%
16/08/2019;2 025;2 000;2 025;2 000;1 228;2 471 350;2.27%
19/08/2019;2 020;2 000;2 020;2 000;323;649 230;-0.25%
20/08/2019;2 000;2 015;2 015;2 000;507;1 017 803;-0.99%
21/08/2019;2 025;2 000;2 025;2 000;109;219 363;1.25%
23/08/2019;2 005;2 000;2 005;2 000;319;638 798;0.25%
26/08/2019;1 990;2 010;2 010;1 990;1 480;2 960 000;-0.75%
27/08/2019;2 000;2 020;2 020;2 000;696;1 398 960;0.50%
28/08/2019;2 000;2 000;2 000;2 000;7 250;14 500 000;0.00%
29/08/2019;2 015;1 995;2 015;1 995;3 652;7 322 260;0.75%
30/08/2019;2 015;2 015;2 015;2 015;112;225 680;0.00%
02/09/2019;2 000;2 010;2 010;2 000;424;850 120;-0.74%
03/09/2019;1 900;2 000;2 000;1 900;893;1 741 350;-5.00%
04/09/2019;1 970;1 970;1 970;1 970;17 087;33 661 390;3.68%
05/09/2019;1 920;1 970;1 970;1 920;270;525 150;-2.54%
06/09/2019;1 960;1 960;1 960;1 960;125;245 000;2.08%
09/09/2019;1 970;1 960;1 970;1 960;155;304 575;0.51%
10/09/2019;1 970;1 970;1 970;1 970;2 954;5 819 380;0.00%
11/09/2019;1 960;1 970;1 970;1 960;455;894 075;-0.51%
12/09/2019;1 960;1 960;1 960;1 960;410;803 600;0.00%
13/09/2019;1 960;1 955;1 960;1 955;350;685 125;0.00%
16/09/2019;1 815;1 960;1 960;1 815;1 642;3 099 275;-7.40%
17/09/2019;1 800;1 815;1 815;1 800;3 840;6 940 800;-0.83%
18/09/2019;1 800;1 825;1 825;1 800;3 762;6 818 625;0.00%
19/09/2019;1 800;1 800;1 800;1 800;13 683;24 629 400;0.00%
20/09/2019;1 800;1 850;1 850;1 800;25 291;46 156 075;0.00%
23/09/2019;1 800;1 800;1 800;1 800;1 562;2 811 600;0.00%
24/09/2019;1 820;1 800;1 820;1 800;1 365;2 470 650;1.11%
25/09/2019;1 800;1 820;1 820;1 800;1 757;3 180 170;-1.10%
26/09/2019;1 790;1 800;1 800;1 790;1 106;1 985 270;-0.56%
27/09/2019;1 715;1 715;1 715;1 715;1 762;3 021 830;-4.19%
30/09/2019;1 700;1 775;1 775;1 700;5 423;9 422 463;-0.87%
01/10/2019;1 700;1 700;1 700;1 700;1 207;2 051 900;0.00%
02/10/2019;1 700;1 700;1 700;1 700;709;1 205 300;0.00%
03/10/2019;1 695;1 700;1 700;1 695;41 060;69 699 350;-0.29%
04/10/2019;1 690;1 670;1 690;1 670;251;421 680;-0.29%
07/10/2019;1 670;1 690;1 690;1 670;416;698 880;-1.18%
08/10/2019;1 670;1 670;1 670;1 670;618;1 032 060;0.00%
09/10/2019;1 615;1 670;1 670;1 615;2 609;4 285 283;-3.29%
10/10/2019;1 645;1 615;1 645;1 615;1 045;1 703 350;1.86%
11/10/2019;1 620;1 650;1 650;1 620;2 265;3 703 275;-1.52%
14/10/2019;1 670;1 645;1 670;1 645;1 773;2 938 748;3.09%
15/10/2019;1 620;1 650;1 650;1 620;804;1 314 540;-2.99%
16/10/2019;1 590;1 620;1 620;1 590;1 638;2 628 990;-1.85%
17/10/2019;1 505;1 585;1 585;1 505;1 159;1 790 655;-5.35%
18/10/2019;1 600;1 575;1 600;1 575;2 296;3 644 900;6.31%
21/10/2019;1 620;1 525;1 620;1 525;470;739 075;1.25%
22/10/2019;1 600;1 635;1 635;1 600;2 330;3 768 775;-1.23%
23/10/2019;1 600;1 620;1 620;1 600;406;653 660;0.00%
24/10/2019;1 600;1 600;1 600;1 600;12 475;19 960 000;0.00%
25/10/2019;1 580;1 600;1 600;1 580;605;961 950;-1.25%
28/10/2019;1 675;1 510;1 675;1 510;4 299;6 846 158;6.01%
29/10/2019;1 550;1 550;1 550;1 550;1 460;2 263 000;-7.46%
30/10/2019;1 500;1 500;1 500;1 500;17 516;26 274 000;-3.23%
31/10/2019;1 600;1 600;1 600;1 600;20;32 000;6.67%
01/11/2019;1 600;1 600;1 600;1 600;20;32 000;0.00%
04/11/2019;1 600;1 600;1 600;1 600;36 450;58 320 000;0.00%
05/11/2019;1 600;1 600;1 600;1 600;1 140;1 824 000;0.00%
06/11/2019;1 500;1 500;1 500;1 500;315;472 500;-6.25%
07/11/2019;1 495;1 500;1 500;1 495;180;269 550;-0.33%
08/11/2019;1 450;1 505;1 505;1 450;2 055;3 036 263;-3.01%
12/11/2019;1 545;1 545;1 545;1 545;250;386 250;6.55%
13/11/2019;1 530;1 550;1 550;1 530;524;806 960;-0.97%
14/11/2019;1 500;1 600;1 600;1 500;434;672 700;-1.96%
18/11/2019;1 600;1 500;1 600;1 500;1 375;2 131 250;6.67%
19/11/2019;1 480;1 595;1 595;1 480;2 070;3 182 625;-7.50%
21/11/2019;1 425;1 450;1 450;1 425;218;313 375;-1.72%
22/11/2019;1 430;1 450;1 450;1 430;321;462 240;0.35%
25/11/2019;1 420;1 425;1 425;1 420;1 103;1 569 018;-0.70%
26/11/2019;1 400;1 415;1 415;1 400;1 774;2 496 905;-1.41%
27/11/2019;1 400;1 425;1 425;1 400;1 629;2 300 963;0.00%
28/11/2019;1 420;1 420;1 420;1 420;138;195 960;1.43%
29/11/2019;1 450;1 420;1 450;1 420;103;147 805;2.11%
02/12/2019;1 500;1 450;1 500;1 450;445;656 375;3.45%
03/12/2019;1 500;1 500;1 500;1 500;50;75 000;0.00%
04/12/2019;1 460;1 500;1 500;1 460;2 615;3 870 200;-2.67%
05/12/2019;1 490;1 500;1 500;1 490;15 151;22 650 745;2.05%
06/12/2019;1 500;1 490;1 500;1 490;5 320;7 953 400;0.67%
09/12/2019;1 490;1 500;1 500;1 490;2 793;4 175 535;-0.67%
10/12/2019;1 500;1 490;1 500;1 490;370;553 150;0.67%
11/12/2019;1 500;1 490;1 500;1 490;200;299 000;0.00%
12/12/2019;1 500;1 505;1 505;1 500;1 164;1 748 910;0.00%
13/12/2019;1 500;1 500;1 500;1 500;150;225 000;0.00%
16/12/2019;1 500;1 490;1 500;1 490;311;464 945;0.00%
17/12/2019;1 500;1 450;1 500;1 450;2 329;3 435 275;0.00%
18/12/2019;1 500;1 500;1 500;1 500;270;405 000;0.00%
19/12/2019;1 500;1 500;1 500;1 500;520;780 000;0.00%
20/12/2019;1 495;1 485;1 495;1 485;1 297;1 932 530;-0.33%
23/12/2019;1 500;1 495;1 500;1 495;485;726 288;0.33%
24/12/2019;1 495;1 500;1 500;1 495;667;998 833;-0.33%
25/12/2019;1 495;1 500;1 500;1 495;667;998 833;0.00%
26/12/2019;1 550;1 500;1 550;1 500;12 420;18 940 500;3.68%
27/12/2019;1 500;1 550;1 550;1 500;2 246;3 425 150;-3.23%
30/12/2019;1 610;1 550;1 610;1 550;95 539;150 951 620;7.33%
31/12/2019;1 725;1 500;1 725;1 500;21 355;34 434 938;7.14%
01/01/2020;1 725;1 500;1 725;1 500;21 355;34 434 938;0.00%
02/01/2020;1 695;1 750;1 750;1 695;1 210;2 084 225;-1.74%
03/01/2020;1 700;1 705;1 705;1 700;22;37 455;0.29%
06/01/2020;1 700;1 700;1 700;1 700;1 755;2 983 500;0.00%
07/01/2020;1 605;1 695;1 695;1 605;1 265;2 087 250;-5.59%
08/01/2020;1 600;1 605;1 605;1 600;482;772 405;-0.31%
09/01/2020;1 685;1 685;1 685;1 685;12 860;21 669 100;5.31%
10/01/2020;1 680;1 680;1 680;1 680;930;1 562 400;-0.30%
13/01/2020;1 680;1 680;1 680;1 680;736;1 236 480;0.00%
14/01/2020;1 695;1 680;1 695;1 680;2 036;3 435 750;0.89%
16/01/2020;1 700;1 700;1 700;1 700;446;758 200;0.29%
17/01/2020;1 720;1 720;1 720;1 720;1 223;2 103 560;1.18%
20/01/2020;1 725;1 720;1 725;1 720;599;1 031 778;0.29%
21/01/2020;1 750;1 720;1 750;1 720;1 240;2 151 400;1.45%
22/01/2020;1 880;1 750;1 880;1 750;4 110;7 459 650;7.43%
23/01/2020;2 000;2 020;2 020;2 000;4 083;8 206 830;6.38%
24/01/2020;2 000;2 030;2 030;2 000;2 895;5 833 425;0.00%
27/01/2020;1 965;2 000;2 000;1 965;3 507;6 952 628;-1.75%
28/01/2020;1 965;1 965;1 965;1 965;1 923;3 778 695;0.00%
29/01/2020;2 000;1 945;2 000;1 945;13 408;26 447 280;1.78%
30/01/2020;1 995;2 000;2 000;1 995;2 946;5 884 635;-0.25%
31/01/2020;1 950;1 950;1 950;1 950;3 291;6 417 450;-2.26%
03/02/2020;1 945;1 950;1 950;1 945;1 367;2 662 233;-0.26%
04/02/2020;1 915;1 945;1 945;1 915;15 811;30 515 230;-1.54%
05/02/2020;1 800;1 915;1 915;1 800;53 075;98 586 813;-6.01%
06/02/2020;1 795;1 800;1 800;1 795;90;161 775;-0.28%
07/02/2020;1 740;1 750;1 750;1 740;1 374;2 397 630;-3.06%
10/02/2020;1 740;1 750;1 750;1 740;166;289 670;0.00%
11/02/2020;1 695;1 740;1 740;1 695;1 024;1 758 720;-2.59%
12/02/2020;1 695;1 740;1 740;1 695;1 024;1 758 720;0.00%
13/02/2020;1 590;1 695;1 695;1 590;962;1 580 085;-6.19%
14/02/2020;1 500;1 590;1 590;1 500;11 470;17 721 150;-5.66%
17/02/2020;1 490;1 500;1 500;1 490;8 743;13 070 785;-0.67%
18/02/2020;1 480;1 490;1 490;1 480;1 492;2 215 620;-0.67%
19/02/2020;1 450;1 470;1 470;1 450;9 028;13 180 880;-2.03%
20/02/2020;1 390;1 480;1 480;1 390;8 791;12 615 085;-4.14%
21/02/2020;1 390;1 395;1 395;1 390;4 207;5 858 248;0.00%
24/02/2020;1 375;1 400;1 400;1 375;6 405;8 886 938;-1.08%
25/02/2020;1 305;1 370;1 370;1 305;5 178;6 925 575;-5.09%
26/02/2020;1 305;1 320;1 320;1 305;5 377;7 057 313;0.00%
27/02/2020;1 380;1 380;1 380;1 380;4 545;6 272 100;5.75%
28/02/2020;1 480;1 380;1 480;1 380;975;1 394 250;7.25%
02/03/2020;1 485;1 480;1 485;1 480;1 089;1 614 443;0.34%
03/03/2020;1 580;1 555;1 580;1 555;742;1 163 085;6.40%
04/03/2020;1 580;1 580;1 580;1 580;778;1 229 240;0.00%
05/03/2020;1 580;1 580;1 580;1 580;145;229 100;0.00%
06/03/2020;1 580;1 580;1 580;1 580;800;1 264 000;0.00%
09/03/2020;1 580;1 580;1 580;1 580;145;229 100;0.00%
10/03/2020;1 580;1 580;1 580;1 580;60;94 800;0.00%
11/03/2020;1 580;1 580;1 580;1 580;935;1 477 300;0.00%
12/03/2020;1 580;1 580;1 580;1 580;397;627 260;0.00%
13/03/2020;1 580;1 575;1 580;1 575;90;141 975;0.00%
16/03/2020;1 570;1 575;1 575;1 570;66;103 785;-0.63%
17/03/2020;1 575;1 570;1 575;1 570;1 048;1 647 980;0.32%
18/03/2020;1 505;1 565;1 565;1 505;188;288 580;-4.44%
19/03/2020;1 550;1 560;1 560;1 550;41;63 755;2.99%
20/03/2020;1 515;1 550;1 550;1 515;321;491 933;-2.26%
23/03/2020;1 500;1 550;1 550;1 500;1 426;2 174 650;-0.99%
24/03/2020;1 485;1 495;1 495;1 485;140;208 600;-1.00%
25/03/2020;1 485;1 485;1 485;1 485;1 269;1 884 465;0.00%
26/03/2020;1 460;1 475;1 475;1 460;109;159 958;-1.68%
27/03/2020;1 425;1 450;1 450;1 425;189;271 688;-2.40%
30/03/2020;1 375;1 445;1 445;1 375;264;372 240;-3.51%
31/03/2020;1 355;1 370;1 370;1 355;206;280 675;-1.45%
01/04/2020;1 350;1 370;1 370;1 350;912;1 240 320;-0.37%
02/04/2020;1 335;1 345;1 345;1 335;3 313;4 439 420;-1.11%
03/04/2020;1 335;1 335;1 335;1 335;1 489;1 987 815;0.00%
06/04/2020;1 330;1 330;1 330;1 330;55;73 150;-0.37%
07/04/2020;1 335;1 335;1 335;1 335;3 742;4 995 570;0.38%
08/04/2020;1 330;1 335;1 335;1 330;300;399 750;-0.37%
09/04/2020;1 250;1 330;1 330;1 250;378;487 620;-6.02%
10/04/2020;1 320;1 330;1 330;1 320;6 116;8 103 700;5.60%
13/04/2020;1 320;1 330;1 330;1 320;6 116;8 103 700;0.00%
14/04/2020;1 295;1 305;1 305;1 295;274;356 200;-1.89%
15/04/2020;1 300;1 300;1 300;1 300;483;627 900;0.39%
16/04/2020;1 300;1 310;1 310;1 300;175;228 375;0.00%
17/04/2020;1 255;1 300;1 300;1 255;1 595;2 037 613;-3.46%
20/04/2020;1 300;1 300;1 300;1 300;351;456 300;3.59%
21/04/2020;1 300;1 300;1 300;1 300;95;123 500;0.00%
23/04/2020;1 300;1 300;1 300;1 300;2 120;2 756 000;0.00%
24/04/2020;1 295;1 295;1 295;1 295;126;163 170;-0.38%
27/04/2020;1 260;1 295;1 295;1 260;6 186;7 902 615;-2.70%
28/04/2020;1 260;1 255;1 260;1 255;1 424;1 790 680;0.00%
29/04/2020;1 275;1 300;1 300;1 275;905;1 165 188;1.19%
30/04/2020;1 260;1 275;1 275;1 260;2 796;3 543 930;-1.18%
01/05/2020;1 260;1 275;1 275;1 260;2 796;3 543 930;0.00%
04/05/2020;1 300;1 300;1 300;1 300;3 148;4 092 400;3.17%
05/05/2020;1 260;1 300;1 300;1 260;75;96 000;-3.08%
06/05/2020;1 170;1 260;1 260;1 170;4 076;4 952 340;-7.14%
07/05/2020;1 195;1 160;1 195;1 160;722;850 155;2.14%
08/05/2020;1 235;1 195;1 235;1 195;550;668 250;3.35%
11/05/2020;1 235;1 260;1 260;1 235;323;402 943;0.00%
12/05/2020;1 145;1 145;1 145;1 145;4 328;4 955 560;-7.29%
13/05/2020;1 145;1 230;1 230;1 145;287;340 813;0.00%
14/05/2020;1 125;1 150;1 150;1 125;1 629;1 852 988;-1.75%
15/05/2020;1 120;1 125;1 125;1 120;409;459 103;-0.44%
18/05/2020;1 120;1 120;1 120;1 120;391;437 920;0.00%
19/05/2020;1 115;1 120;1 120;1 115;1 978;2 210 415;-0.45%
22/05/2020;1 100;1 110;1 110;1 100;1 124;1 242 020;-1.35%
25/05/2020;1 050;1 050;1 050;1 050;1 622;1 703 100;-4.55%
26/05/2020;1 050;1 000;1 050;1 000;788;807 700;0.00%
27/05/2020;1 090;1 050;1 090;1 050;5 205;5 569 350;3.81%
28/05/2020;1 090;1 090;1 090;1 090;256;279 040;0.00%
29/05/2020;1 140;1 090;1 140;1 090;1 786;1 991 390;4.59%
01/06/2020;1 140;1 090;1 140;1 090;1 786;1 991 390;0.00%
02/06/2020;1 140;1 090;1 140;1 090;496;553 040;0.00%
03/06/2020;1 135;1 140;1 140;1 135;3 271;3 720 763;-0.44%
04/06/2020;1 130;1 135;1 135;1 130;2 169;2 456 393;-0.44%
05/06/2020;1 130;1 135;1 135;1 130;309;349 943;0.00%
08/06/2020;1 125;1 130;1 130;1 125;569;641 548;-0.44%
09/06/2020;1 095;1 100;1 100;1 095;3 783;4 151 843;-2.67%
10/06/2020;1 100;1 100;1 100;1 100;3 216;3 537 600;0.46%
11/06/2020;1 100;1 120;1 120;1 100;2 956;3 281 160;0.00%
12/06/2020;1 055;1 020;1 055;1 020;4 405;4 570 188;-4.09%
15/06/2020;1 050;1 050;1 050;1 050;1 202;1 262 100;-0.47%
16/06/2020;1 055;1 025;1 055;1 025;9 378;9 753 120;0.48%
17/06/2020;1 040;1 045;1 045;1 040;450;469 125;-1.42%
18/06/2020;1 040;1 050;1 050;1 040;2 949;3 081 705;0.00%
19/06/2020;1 040;1 040;1 040;1 040;896;931 840;0.00%
22/06/2020;1 050;1 035;1 050;1 035;3 133;3 266 153;0.96%
23/06/2020;1 050;1 050;1 050;1 050;341;358 050;0.00%
24/06/2020;1 050;1 050;1 050;1 050;636;667 800;0.00%
25/06/2020;1 050;1 050;1 050;1 050;641;673 050;0.00%
26/06/2020;1 095;1 050;1 095;1 050;496;531 960;4.29%
29/06/2020;1 055;1 075;1 075;1 055;314;334 410;-3.65%
30/06/2020;1 000;1 055;1 055;1 000;9 852;10 122 930;-5.21%
01/07/2020;995;995;995;995;864;859 680;-0.50%
02/07/2020;1 000;1 065;1 065;1 000;6 120;6 318 900;0.50%
03/07/2020;990;1 000;1 000;990;3 173;3 157 135;-1.00%
06/07/2020;990;990;990;990;1 193;1 181 070;0.00%
07/07/2020;990;990;990;990;931;921 690;0.00%
08/07/2020;990;990;990;990;365;361 350;0.00%
09/07/2020;990;980;990;980;937;922 945;0.00%
10/07/2020;990;990;990;990;761;753 390;0.00%
13/07/2020;990;1 000;1 000;990;505;502 475;0.00%
14/07/2020;980;990;990;980;1 291;1 271 635;-1.01%
15/07/2020;970;980;980;970;2 183;2 128 425;-1.02%
16/07/2020;955;970;970;955;1 126;1 083 775;-1.55%
17/07/2020;970;955;970;955;1 701;1 637 213;1.57%
20/07/2020;950;970;970;950;770;739 200;-2.06%
21/07/2020;950;960;960;950;870;830 850;0.00%
22/07/2020;950;960;960;950;1 348;1 287 340;0.00%
23/07/2020;950;950;950;950;1 024;972 800;0.00%
24/07/2020;950;950;950;950;7;6 650;0.00%
27/07/2020;940;920;940;920;1 290;1 199 700;-1.05%
28/07/2020;925;940;940;925;2 247;2 095 328;-1.60%
29/07/2020;950;930;950;930;2 986;2 806 840;2.70%
30/07/2020;940;950;950;940;2 269;2 144 205;-1.05%
31/07/2020;940;950;950;940;2 269;2 144 205;0.00%
03/08/2020;905;940;940;905;673;620 843;-3.72%
04/08/2020;940;905;940;905;179;165 128;3.87%
05/08/2020;900;940;940;900;682;627 440;-4.26%
06/08/2020;900;900;900;900;655;589 500;0.00%
07/08/2020;900;900;900;900;655;589 500;0.00%
10/08/2020;900;900;900;900;2 686;2 417 400;0.00%
11/08/2020;900;895;900;895;2 070;1 857 825;0.00%
12/08/2020;900;900;900;900;1 080;972 000;0.00%
13/08/2020;910;900;910;900;850;769 250;1.11%
14/08/2020;885;900;900;885;1 419;1 266 458;-2.75%
17/08/2020;890;880;890;880;1 162;1 028 370;0.56%
18/08/2020;850;885;885;850;1 394;1 209 295;-4.49%
21/08/2020;825;860;860;825;30 322;25 546 285;-2.94%
24/08/2020;825;825;825;825;325;268 125;0.00%
25/08/2020;820;825;825;820;11 942;9 822 295;-0.61%
26/08/2020;880;820;880;820;430;365 500;7.32%
27/08/2020;900;880;900;880;2 642;2 351 380;2.27%
28/08/2020;965;900;965;900;4 725;4 406 063;7.22%
31/08/2020;970;965;970;965;16 947;16 396 223;0.52%
01/09/2020;900;900;900;900;126;113 400;-7.22%
02/09/2020;850;850;850;850;10 351;8 798 350;-5.56%
03/09/2020;815;850;850;815;1 165;969 863;-4.12%
04/09/2020;810;815;815;810;4 620;3 753 750;-0.61%
07/09/2020;815;870;870;815;1 310;1 103 675;0.62%
08/09/2020;815;815;815;815;761;620 215;0.00%
09/09/2020;815;815;815;815;537;437 655;0.00%
10/09/2020;815;815;815;815;579;471 885;0.00%
11/09/2020;810;820;820;810;2 855;2 326 825;-0.61%
14/09/2020;800;810;810;800;14 297;11 509 085;-1.23%
15/09/2020;800;805;805;800;565;453 413;0.00%
16/09/2020;800;800;800;800;1 327;1 061 600;0.00%
17/09/2020;810;800;810;800;3 484;2 804 620;1.25%
18/09/2020;810;800;810;800;530;426 650;0.00%
21/09/2020;820;870;870;820;22 727;19 204 315;1.23%
22/09/2020;810;820;820;810;1 811;1 475 965;-1.22%
23/09/2020;810;820;820;810;1 811;1 475 965;0.00%
24/09/2020;810;820;820;810;1 811;1 475 965;0.00%
25/09/2020;810;820;820;810;1 811;1 475 965;0.00%
28/09/2020;800;810;810;800;3 067;2 468 935;-1.23%
29/09/2020;800;815;815;800;1 187;958 503;0.00%
30/09/2020;785;750;785;750;175;134 313;-1.88%
01/10/2020;785;785;785;785;725;569 125;0.00%
02/10/2020;800;785;800;785;406;321 755;1.91%
05/10/2020;800;785;800;785;634;502 445;0.00%
06/10/2020;800;800;800;800;12;9 600;0.00%
07/10/2020;790;795;795;790;513;406 553;-1.25%
08/10/2020;790;790;790;790;180;142 200;0.00%
09/10/2020;800;790;800;790;2 454;1 950 930;1.27%
12/10/2020;790;800;800;790;2 341;1 861 095;-1.25%
13/10/2020;790;800;800;790;43 058;34 231 110;0.00%
14/10/2020;810;790;810;790;850;680 000;2.53%
15/10/2020;810;810;810;810;1 501;1 215 810;0.00%
16/10/2020;815;810;815;810;2 056;1 670 500;0.62%
19/10/2020;820;815;820;815;1 655;1 352 963;0.61%
20/10/2020;820;820;820;820;172;141 040;0.00%
21/10/2020;820;820;820;820;318;260 760;0.00%
22/10/2020;820;820;820;820;870;713 400;0.00%
23/10/2020;820;820;820;820;70;57 400;0.00%
26/10/2020;820;820;820;820;9 985;8 187 700;0.00%
27/10/2020;820;820;820;820;12 312;10 095 840;0.00%
28/10/2020;800;820;820;800;5 100;4 131 000;-2.44%
29/10/2020;800;820;820;800;5 100;4 131 000;0.00%
30/10/2020;860;800;860;800;5 468;4 538 440;7.50%
02/11/2020;895;845;895;845;23 274;20 248 380;4.07%
03/11/2020;860;860;860;860;2;1 720;-3.91%
04/11/2020;800;850;850;800;700;577 500;-6.98%
05/11/2020;860;800;860;800;423;351 090;7.50%
06/11/2020;890;800;890;800;3 000;2 535 000;3.49%
09/11/2020;860;860;860;860;30;25 800;-3.37%
10/11/2020;890;860;890;860;1 454;1 272 250;3.49%
11/11/2020;885;890;890;885;380;337 250;-0.56%
12/11/2020;890;890;890;890;13 452;11 972 280;0.56%
13/11/2020;955;885;955;885;9 690;8 914 800;7.30%
16/11/2020;1 000;955;1 000;955;48 670;47 574 925;4.71%
17/11/2020;1 070;1 000;1 070;1 000;6 449;6 674 715;7.00%
18/11/2020;1 100;1 070;1 100;1 070;5 986;6 494 810;2.80%
19/11/2020;1 095;1 070;1 095;1 070;487;527 178;-0.45%
20/11/2020;1 150;1 075;1 150;1 075;11 722;13 040 725;5.02%
23/11/2020;1 200;1 150;1 200;1 150;9 811;11 527 925;4.35%
24/11/2020;1 200;1 230;1 230;1 200;861;1 046 115;0.00%
25/11/2020;1 150;1 185;1 185;1 150;870;1 015 725;-4.17%
26/11/2020;1 065;1 150;1 150;1 065;4 045;4 479 838;-7.39%
27/11/2020;1 140;1 000;1 140;1 000;50 363;53 888 410;7.04%
30/11/2020;1 055;1 070;1 070;1 055;440;467 500;-7.46%
01/12/2020;1 000;1 050;1 050;1 000;12 678;12 994 950;-5.21%
02/12/2020;1 000;1 000;1 000;1 000;1 634;1 634 000;0.00%
03/12/2020;950;1 000;1 000;950;6 781;6 611 475;-5.00%
04/12/2020;950;950;950;950;5;4 750;0.00%
07/12/2020;955;955;955;955;900;859 500;0.53%
08/12/2020;995;1 000;1 000;995;10;9 975;4.19%
09/12/2020;995;995;995;995;245;243 775;0.00%
10/12/2020;1 050;995;1 050;995;3;3 068;5.53%
11/12/2020;1 050;1 050;1 050;1 050;10;10 500;0.00%
14/12/2020;1 000;1 045;1 045;1 000;663;677 918;-4.76%
15/12/2020;995;1 000;1 000;995;595;593 513;-0.50%
16/12/2020;995;1 000;1 000;995;120;119 700;0.00%
17/12/2020;990;995;995;990;230;228 275;-0.50%
18/12/2020;1 030;995;1 030;995;23 807;24 104 588;4.04%
21/12/2020;1 050;1 030;1 050;1 030;4 495;4 674 800;1.94%
22/12/2020;1 075;1 050;1 075;1 050;8 284;8 801 750;2.38%
23/12/2020;1 075;1 100;1 100;1 075;15 842;17 228 175;0.00%
24/12/2020;1 070;1 075;1 075;1 070;4 657;4 994 633;-0.47%
25/12/2020;1 070;1 075;1 075;1 070;4 657;4 994 633;0.00%
28/12/2020;1 000;1 070;1 070;1 000;1 294;1 339 290;-6.54%
29/12/2020;1 050;1 000;1 050;1 000;3 981;4 080 525;5.00%
30/12/2020;1 000;1 045;1 045;1 000;8 089;8 271 003;-4.76%
31/12/2020;1 000;1 000;1 000;1 000;157;157 000;0.00%
04/01/2021;1 050;1 000;1 050;1 000;303;310 575;5.00%
05/01/2021;1 050;1 050;1 050;1 050;248;260 400;0.00%
06/01/2021;1 045;1 050;1 050;1 045;53;55 518;-0.48%
07/01/2021;1 045;1 045;1 045;1 045;690;721 050;0.00%
08/01/2021;1 045;1 045;1 045;1 045;1 715;1 792 175;0.00%
11/01/2021;1 090;1 000;1 090;1 000;271;283 195;4.31%
12/01/2021;1 100;1 090;1 100;1 090;1 420;1 554 900;0.92%
13/01/2021;1 055;1 055;1 055;1 055;225;237 375;-4.09%
14/01/2021;1 055;1 060;1 060;1 055;1 442;1 524 915;0.00%
15/01/2021;1 055;1 055;1 055;1 055;19;20 045;0.00%
18/01/2021;1 055;1 055;1 055;1 055;400;422 000;0.00%
19/01/2021;1 095;1 055;1 095;1 055;1 420;1 526 500;3.79%
20/01/2021;1 100;1 095;1 100;1 095;1 439;1 579 303;0.46%
21/01/2021;1 100;1 090;1 100;1 090;1 437;1 573 515;0.00%
22/01/2021;1 055;1 090;1 090;1 055;160;171 600;-4.09%
25/01/2021;1 080;1 080;1 080;1 080;1 170;1 263 600;2.37%
26/01/2021;1 080;1 095;1 095;1 080;249;270 788;0.00%
27/01/2021;1 050;1 080;1 080;1 050;3 905;4 158 825;-2.78%
28/01/2021;1 045;1 080;1 080;1 045;388;412 250;-0.48%
29/01/2021;1 050;1 045;1 050;1 045;302;316 345;0.48%
01/02/2021;1 070;1 050;1 070;1 050;955;1 012 300;1.90%
02/02/2021;1 050;1 050;1 050;1 050;3 684;3 868 200;-1.87%
03/02/2021;1 050;1 050;1 050;1 050;598;627 900;0.00%
04/02/2021;1 010;1 050;1 050;1 010;20;20 600;-3.81%
05/02/2021;1 000;1 010;1 010;1 000;450;452 250;-0.99%
08/02/2021;1 050;1 050;1 050;1 050;5;5 250;5.00%
09/02/2021;1 045;1 050;1 050;1 045;3 551;3 719 673;-0.48%
10/02/2021;1 025;1 000;1 025;1 000;20 363;20 617 538;-1.91%
11/02/2021;1 040;1 005;1 040;1 005;1 004;1 026 590;1.46%
12/02/2021;1 040;1 040;1 040;1 040;24 372;25 346 880;0.00%
15/02/2021;1 040;1 040;1 040;1 040;86;89 440;0.00%
16/02/2021;1 040;1 040;1 040;1 040;64;66 560;0.00%
17/02/2021;1 040;1 005;1 040;1 005;91;93 048;0.00%
18/02/2021;1 040;1 045;1 045;1 040;6 224;6 488 520;0.00%
19/02/2021;1 040;1 000;1 040;1 000;710;724 200;0.00%
22/02/2021;1 040;1 040;1 040;1 040;2 410;2 506 400;0.00%
23/02/2021;1 035;1 040;1 040;1 035;55;57 063;-0.48%
24/02/2021;1 000;1 005;1 005;1 000;4 683;4 694 708;-3.38%
25/02/2021;1 000;1 000;1 000;1 000;15 130;15 130 000;0.00%
26/02/2021;1 035;1 000;1 035;1 000;2 100;2 136 750;3.50%
01/03/2021;1 000;1 035;1 035;1 000;150;152 625;-3.38%
02/03/2021;1 000;1 000;1 000;1 000;951;951 000;0.00%
03/03/2021;1 000;1 000;1 000;1 000;2 230;2 230 000;0.00%
04/03/2021;995;1 000;1 000;995;1 759;1 754 603;-0.50%
05/03/2021;995;995;995;995;1 292;1 285 540;0.00%
08/03/2021;995;1 000;1 000;995;573;571 568;0.00%
09/03/2021;995;995;995;995;2 497;2 484 515;0.00%
10/03/2021;990;990;990;990;1 045;1 034 550;-0.50%
11/03/2021;955;995;995;955;850;828 750;-3.54%
12/03/2021;1 000;955;1 000;955;355;347 013;4.71%
15/03/2021;955;995;995;955;990;965 250;-4.50%
16/03/2021;995;1 000;1 000;995;236;235 410;4.19%
17/03/2021;990;990;990;990;50;49 500;-0.50%
18/03/2021;995;990;995;990;146;144 905;0.51%
19/03/2021;995;995;995;995;203;201 985;0.00%
22/03/2021;995;995;995;995;170;169 150;0.00%
23/03/2021;995;995;995;995;598;595 010;0.00%
24/03/2021;985;995;995;985;403;398 970;-1.01%
25/03/2021;985;985;985;985;118;116 230;0.00%
26/03/2021;985;985;985;985;218;214 730;0.00%
29/03/2021;970;970;970;970;1 093;1 060 210;-1.52%
30/03/2021;960;970;970;960;836;806 740;-1.03%
31/03/2021;960;970;970;960;2 045;1 973 425;0.00%
01/04/2021;960;1 000;1 000;960;2 026;1 985 480;0.00%
02/04/2021;970;1 000;1 000;970;550;541 750;1.04%
05/04/2021;970;1 000;1 000;970;550;541 750;0.00%
06/04/2021;970;1 000;1 000;970;1 336;1 315 960;0.00%
07/04/2021;1 000;970;1 000;970;1 257;1 238 145;3.09%
08/04/2021;990;1 000;1 000;990;3 125;3 109 375;-1.00%
09/04/2021;990;990;990;990;183;181 170;0.00%
12/04/2021;965;965;965;965;623;601 195;-2.53%
13/04/2021;990;990;990;990;560;554 400;2.59%
14/04/2021;1 000;990;1 000;990;597;594 015;1.01%
15/04/2021;990;990;990;990;474;469 260;-1.00%
16/04/2021;980;990;990;980;312;307 320;-1.01%
19/04/2021;990;990;990;990;325;321 750;1.02%
20/04/2021;1 000;990;1 000;990;2 923;2 908 385;1.01%
21/04/2021;990;1 000;1 000;990;1 127;1 121 365;-1.00%
22/04/2021;1 030;995;1 030;995;3 350;3 391 875;4.04%
23/04/2021;1 030;1 030;1 030;1 030;84;86 520;0.00%
26/04/2021;1 015;1 030;1 030;1 015;244;249 490;-1.46%
27/04/2021;1 015;1 015;1 015;1 015;2 500;2 537 500;0.00%
28/04/2021;1 005;1 015;1 015;1 005;1 282;1 294 820;-0.99%
29/04/2021;1 035;1 015;1 035;1 015;1 322;1 355 050;2.99%
30/04/2021;1 035;1 035;1 035;1 035;4 057;4 198 995;0.00%
03/05/2021;1 040;1 035;1 040;1 035;4 341;4 503 788;0.48%
04/05/2021;1 100;1 095;1 100;1 095;2 147;2 356 333;5.77%
05/05/2021;1 100;1 020;1 100;1 020;8 833;9 362 980;0.00%
06/05/2021;1 050;1 100;1 100;1 050;1 626;1 747 950;-4.55%
07/05/2021;1 050;1 040;1 050;1 040;2 169;2 266 605;0.00%
10/05/2021;1 060;1 050;1 060;1 050;5 485;5 786 675;0.95%
11/05/2021;1 065;1 065;1 065;1 065;8 220;8 754 300;0.47%
12/05/2021;1 065;1 065;1 065;1 065;8 220;8 754 300;0.00%
14/05/2021;1 110;1 075;1 110;1 075;282;308 085;4.23%
17/05/2021;1 150;1 130;1 150;1 130;7 994;9 113 160;3.60%
18/05/2021;1 130;1 130;1 130;1 130;1 501;1 696 130;-1.74%
19/05/2021;1 150;1 130;1 150;1 130;2 273;2 591 220;1.77%
20/05/2021;1 200;1 195;1 200;1 195;5 620;6 729 950;4.35%
21/05/2021;1 180;1 280;1 280;1 180;3 217;3 956 910;-1.67%
24/05/2021;1 180;1 280;1 280;1 180;3 217;3 956 910;0.00%
25/05/2021;1 180;1 180;1 180;1 180;2 016;2 378 880;0.00%
26/05/2021;1 265;1 180;1 265;1 180;2 120;2 591 700;7.20%
27/05/2021;1 350;1 355;1 355;1 350;6 166;8 339 515;6.72%
28/05/2021;1 390;1 350;1 390;1 350;2 529;3 464 730;2.96%
31/05/2021;1 345;1 350;1 350;1 345;2 639;3 556 053;-3.24%
01/06/2021;1 340;1 345;1 345;1 340;884;1 186 770;-0.37%
02/06/2021;1 300;1 300;1 300;1 300;8 988;11 684 400;-2.99%
03/06/2021;1 270;1 280;1 280;1 270;2 614;3 332 850;-2.31%
04/06/2021;1 250;1 250;1 250;1 250;533;666 250;-1.57%
07/06/2021;1 250;1 250;1 250;1 250;2 701;3 376 250;0.00%
08/06/2021;1 200;1 215;1 215;1 200;35 785;43 210 388;-4.00%
09/06/2021;1 290;1 200;1 290;1 200;3 229;4 020 105;7.50%
10/06/2021;1 345;1 250;1 345;1 250;2 719;3 527 903;4.26%
11/06/2021;1 390;1 330;1 390;1 330;1 621;2 204 560;3.35%
14/06/2021;1 350;1 350;1 350;1 350;765;1 032 750;-2.88%
15/06/2021;1 350;1 350;1 350;1 350;3 218;4 344 300;0.00%
16/06/2021;1 345;1 345;1 345;1 345;2 836;3 814 420;-0.37%
17/06/2021;1 345;1 345;1 345;1 345;182;244 790;0.00%
18/06/2021;1 345;1 320;1 345;1 320;1 703;2 269 248;0.00%
21/06/2021;1 360;1 340;1 360;1 340;4 070;5 494 500;1.12%
22/06/2021;1 370;1 350;1 370;1 350;16 546;22 502 560;0.74%
23/06/2021;1 390;1 380;1 390;1 380;1 023;1 416 855;1.46%
24/06/2021;1 380;1 390;1 390;1 380;281;389 185;-0.72%
25/06/2021;1 380;1 380;1 380;1 380;2 550;3 519 000;0.00%
28/06/2021;1 390;1 380;1 390;1 380;6 922;9 586 970;0.72%
29/06/2021;1 390;1 395;1 395;1 390;1 342;1 868 735;0.00%
30/06/2021;1 490;1 400;1 490;1 400;3 905;5 642 725;7.19%
01/07/2021;1 600;1 510;1 600;1 510;1 815;2 822 325;7.38%
02/07/2021;1 610;1 575;1 610;1 575;6 111;9 731 768;0.63%
05/07/2021;1 610;1 600;1 610;1 600;3 338;5 357 490;0.00%
06/07/2021;1 595;1 610;1 610;1 595;4 695;7 523 738;-0.93%
07/07/2021;1 570;1 500;1 570;1 500;3 130;4 804 550;-1.57%
08/07/2021;1 505;1 570;1 570;1 505;1 434;2 204 775;-4.14%
09/07/2021;1 510;1 520;1 520;1 510;2 734;4 142 010;0.33%
12/07/2021;1 500;1 500;1 500;1 500;1 120;1 680 000;-0.66%
13/07/2021;1 500;1 500;1 500;1 500;528;792 000;0.00%
14/07/2021;1 595;1 550;1 595;1 550;1 569;2 467 253;6.33%
15/07/2021;1 595;1 505;1 595;1 505;1 277;1 979 350;0.00%
16/07/2021;1 595;1 595;1 595;1 595;802;1 279 190;0.00%
19/07/2021;1 590;1 595;1 595;1 590;187;297 798;-0.31%
20/07/2021;1 590;1 595;1 595;1 590;187;297 798;0.00%
21/07/2021;1 590;1 595;1 595;1 590;313;498 453;0.00%
22/07/2021;1 580;1 585;1 585;1 580;3 262;5 162 115;-0.63%
23/07/2021;1 575;1 590;1 590;1 575;253;400 373;-0.32%
26/07/2021;1 510;1 585;1 585;1 510;3 791;5 866 573;-4.13%
27/07/2021;1 580;1 515;1 580;1 515;1 129;1 747 128;4.64%
28/07/2021;1 580;1 580;1 580;1 580;618;976 440;0.00%
29/07/2021;1 595;1 580;1 595;1 580;2 370;3 762 375;0.95%
30/07/2021;1 615;1 600;1 615;1 600;192;308 640;1.25%
02/08/2021;1 600;1 615;1 615;1 600;447;718 553;-0.93%
03/08/2021;1 580;1 580;1 580;1 580;2 622;4 142 760;-1.25%
04/08/2021;1 590;1 560;1 590;1 560;646;1 017 450;0.63%
05/08/2021;1 575;1 580;1 580;1 575;1 887;2 976 743;-0.94%
06/08/2021;1 550;1 560;1 560;1 550;1 856;2 886 080;-1.59%
09/08/2021;1 520;1 550;1 550;1 520;3 797;5 828 395;-1.94%
10/08/2021;1 520;1 550;1 550;1 520;130;199 550;0.00%
11/08/2021;1 550;1 550;1 550;1 550;1 534;2 377 700;1.97%
12/08/2021;1 520;1 550;1 550;1 520;3 120;4 789 200;-1.94%
13/08/2021;1 600;1 550;1 600;1 550;866;1 363 950;5.26%
16/08/2021;1 550;1 595;1 595;1 550;150;235 875;-3.13%
17/08/2021;1 550;1 525;1 550;1 525;2 331;3 583 913;0.00%
18/08/2021;1 665;1 600;1 665;1 600;902;1 472 515;7.42%
19/08/2021;1 600;1 665;1 665;1 600;273;445 673;-3.90%
20/08/2021;1 720;1 615;1 720;1 615;691;1 152 243;7.50%
23/08/2021;1 700;1 700;1 700;1 700;570;969 000;-1.16%
24/08/2021;1 795;1 720;1 795;1 720;137;240 778;5.59%
25/08/2021;1 900;1 795;1 900;1 795;3 885;7 177 538;5.85%
26/08/2021;1 875;1 925;1 925;1 875;6 891;13 092 900;-1.32%
27/08/2021;2 000;1 900;2 000;1 900;851;1 659 450;6.67%
30/08/2021;1 900;2 000;2 000;1 900;610;1 189 500;-5.00%
31/08/2021;1 895;2 000;2 000;1 895;584;1 137 340;-0.26%
01/09/2021;1 960;1 950;1 960;1 950;2 548;4 981 340;3.43%
02/09/2021;1 955;1 995;1 995;1 955;4 061;8 020 475;-0.26%
03/09/2021;1 955;1 955;1 955;1 955;20 540;40 155 700;0.00%
06/09/2021;2 000;2 000;2 000;2 000;13 306;26 612 000;2.30%
07/09/2021;1 985;1 995;1 995;1 985;2 488;4 951 120;-0.75%
08/09/2021;1 985;1 950;1 985;1 950;3 325;6 541 938;0.00%
09/09/2021;1 950;1 990;1 990;1 950;2 351;4 631 470;-1.76%
10/09/2021;1 970;1 990;1 990;1 970;7 935;15 711 300;1.03%
13/09/2021;2 000;1 985;2 000;1 985;17 123;34 117 578;1.52%
14/09/2021;2 000;2 000;2 000;2 000;2 367;4 734 000;0.00%
15/09/2021;2 000;2 000;2 000;2 000;12 249;24 498 000;0.00%
16/09/2021;2 050;2 045;2 050;2 045;7 968;16 314 480;2.50%
17/09/2021;2 015;2 010;2 015;2 010;11 265;22 670 813;-1.71%
20/09/2021;2 050;2 025;2 050;2 025;4 505;9 178 938;1.74%
21/09/2021;2 040;2 050;2 050;2 040;12 620;25 807 900;-0.49%
22/09/2021;2 015;2 040;2 040;2 015;2 197;4 454 418;-1.23%
23/09/2021;2 035;2 020;2 035;2 020;1 344;2 724 960;0.99%
24/09/2021;2 035;2 050;2 050;2 035;8 674;17 716 645;0.00%
27/09/2021;2 045;2 040;2 045;2 040;2 694;5 502 495;0.49%
28/09/2021;2 185;2 050;2 185;2 050;10 785;22 837 238;6.85%
29/09/2021;2 185;2 185;2 185;2 185;2 510;5 484 350;0.00%
30/09/2021;2 180;2 185;2 185;2 180;3 844;8 389 530;-0.23%
01/10/2021;2 100;2 150;2 150;2 100;1 416;3 009 000;-3.67%
04/10/2021;2 060;2 100;2 100;2 060;2 591;5 389 280;-1.90%
05/10/2021;2 065;2 075;2 075;2 065;477;987 390;0.24%
06/10/2021;2 050;2 060;2 060;2 050;2 914;5 988 270;-0.73%
07/10/2021;2 060;2 050;2 060;2 050;1 852;3 805 860;0.49%
08/10/2021;2 050;2 050;2 050;2 050;2 278;4 669 900;-0.49%
11/10/2021;2 050;2 050;2 050;2 050;1 924;3 944 200;0.00%
12/10/2021;2 005;2 050;2 050;2 005;371;752 203;-2.20%
13/10/2021;2 005;2 005;2 005;2 005;433;868 165;0.00%
14/10/2021;2 000;2 000;2 000;2 000;2 519;5 038 000;-0.25%
15/10/2021;1 980;2 000;2 000;1 980;339;674 610;-1.00%
18/10/2021;1 980;2 000;2 000;1 980;339;674 610;0.00%
19/10/2021;1 900;1 900;1 900;1 900;1 214;2 306 600;-4.04%
20/10/2021;1 900;1 900;1 900;1 900;784;1 489 600;0.00%
21/10/2021;1 905;1 950;1 950;1 905;854;1 646 085;0.26%
22/10/2021;1 940;1 900;1 940;1 900;535;1 027 200;1.84%
25/10/2021;1 920;1 940;1 940;1 920;1 425;2 750 250;-1.03%
26/10/2021;2 035;1 915;2 035;1 915;6 584;13 003 400;5.99%
27/10/2021;2 035;1 995;2 035;1 995;766;1 543 490;0.00%
28/10/2021;2 030;2 035;2 035;2 030;1 025;2 083 313;-0.25%
29/10/2021;2 060;2 035;2 060;2 035;5 504;11 269 440;1.48%
01/11/2021;2 060;2 035;2 060;2 035;5 504;11 269 440;0.00%
02/11/2021;2 060;2 060;2 060;2 060;2 811;5 790 660;0.00%
03/11/2021;2 060;2 050;2 060;2 050;4 316;8 869 380;0.00%
04/11/2021;2 140;2 045;2 140;2 045;21 596;45 189 630;3.88%
05/11/2021;2 160;2 140;2 160;2 140;16 068;34 546 200;0.93%
08/11/2021;2 160;2 160;2 160;2 160;14 686;31 721 760;0.00%
09/11/2021;2 165;2 160;2 165;2 160;1 120;2 422 000;0.23%
10/11/2021;2 165;2 160;2 165;2 160;725;1 567 813;0.00%
11/11/2021;2 165;2 160;2 165;2 160;1 170;2 530 125;0.00%
12/11/2021;2 160;2 160;2 160;2 160;121;261 360;-0.23%
15/11/2021;2 160;2 160;2 160;2 160;121;261 360;0.00%
16/11/2021;2 155;2 105;2 155;2 105;866;1 844 580;-0.23%
17/11/2021;2 155;2 160;2 160;2 155;1 970;4 250 275;0.00%
18/11/2021;2 150;2 140;2 150;2 140;3 801;8 153 145;-0.23%
19/11/2021;2 150;2 075;2 150;2 075;58;122 525;0.00%
22/11/2021;2 100;2 145;2 145;2 100;226;479 685;-2.33%
23/11/2021;2 080;2 095;2 095;2 080;3 894;8 128 725;-0.95%
24/11/2021;1 995;2 070;2 070;1 995;1 342;2 727 615;-4.09%
25/11/2021;1 995;1 995;1 995;1 995;4 681;9 338 595;0.00%
26/11/2021;1 995;1 995;1 995;1 995;1 493;2 978 535;0.00%
29/11/2021;2 130;1 980;2 130;1 980;3 483;7 157 565;6.77%
30/11/2021;2 125;2 065;2 125;2 065;14 914;31 244 830;-0.23%
01/12/2021;2 060;2 125;2 125;2 060;1 222;2 557 035;-3.06%
02/12/2021;2 055;2 055;2 055;2 055;2 923;6 006 765;-0.24%
03/12/2021;2 055;2 020;2 055;2 020;812;1 654 450;0.00%
06/12/2021;2 050;2 045;2 050;2 045;648;1 326 780;-0.24%
07/12/2021;2 045;2 000;2 045;2 000;1 568;3 171 280;-0.24%
08/12/2021;2 010;2 045;2 045;2 010;883;1 790 283;-1.71%
09/12/2021;2 010;2 035;2 035;2 010;1 733;3 504 993;0.00%
10/12/2021;2 030;2 030;2 030;2 030;968;1 965 040;1.00%
13/12/2021;2 045;2 030;2 045;2 030;54 965;111 991 188;0.74%
14/12/2021;2 005;2 050;2 050;2 005;960;1 946 400;-1.96%
15/12/2021;2 045;2 010;2 045;2 010;1 277;2 589 118;2.00%
16/12/2021;2 045;2 000;2 045;2 000;1 132;2 289 470;0.00%
17/12/2021;2 045;2 045;2 045;2 045;347;709 615;0.00%
20/12/2021;2 050;2 045;2 050;2 045;2 534;5 188 365;0.24%
21/12/2021;2 045;2 050;2 050;2 045;1 867;3 822 683;-0.24%
22/12/2021;2 030;2 045;2 045;2 030;1 292;2 632 450;-0.73%
23/12/2021;2 000;2 030;2 030;2 000;3 342;6 734 130;-1.48%
24/12/2021;2 000;2 000;2 000;2 000;954;1 908 000;0.00%
27/12/2021;2 000;1 980;2 000;1 980;12 867;25 605 330;0.00%
28/12/2021;1 980;1 990;1 990;1 980;540;1 071 900;-1.00%
29/12/2021;1 995;1 990;1 995;1 990;7 997;15 934 023;0.76%
30/12/2021;2 000;1 990;2 000;1 990;57 179;114 072 105;0.25%
31/12/2021;2 000;1 985;2 000;1 985;985;1 962 613;0.00%
03/01/2022;2 040;2 050;2 050;2 040;3 528;7 214 760;2.00%
04/01/2022;2 010;2 040;2 040;2 010;2 367;4 793 175;-1.47%
05/01/2022;2 000;2 010;2 010;2 000;440;882 200;-0.50%
06/01/2022;1 950;2 000;2 000;1 950;1 404;2 772 900;-2.50%
07/01/2022;1 950;1 950;1 950;1 950;1 007;1 963 650;0.00%
10/01/2022;1 905;1 945;1 945;1 905;485;933 625;-2.31%
11/01/2022;1 930;1 940;1 940;1 930;14 369;27 804 015;1.31%
12/01/2022;2 000;1 930;2 000;1 930;7 586;14 906 490;3.63%
13/01/2022;2 000;2 010;2 010;2 000;844;1 692 220;0.00%
14/01/2022;2 010;2 000;2 010;2 000;466;934 330;0.50%
17/01/2022;2 000;2 035;2 035;2 000;98;197 715;-0.50%
18/01/2022;2 000;2 000;2 000;2 000;630;1 260 000;0.00%
19/01/2022;1 975;1 990;1 990;1 975;228;452 010;-1.25%
20/01/2022;2 015;1 970;2 015;1 970;1 722;3 431 085;2.03%
21/01/2022;2 020;2 005;2 020;2 005;81;163 013;0.25%
24/01/2022;2 000;2 010;2 010;2 000;100;200 500;-0.99%
25/01/2022;2 005;2 000;2 005;2 000;604;1 209 510;0.25%
26/01/2022;2 015;2 010;2 015;2 010;541;1 088 763;0.50%
27/01/2022;2 015;2 020;2 020;2 015;6 111;12 328 943;0.00%
28/01/2022;2 025;2 015;2 025;2 015;6 022;12 164 440;0.50%
31/01/2022;2 025;2 020;2 025;2 020;2 238;4 526 355;0.00%
01/02/2022;2 025;2 025;2 025;2 025;23 672;47 935 800;0.00%
02/02/2022;2 005;2 020;2 020;2 005;52 667;105 992 338;-0.99%
03/02/2022;2 050;2 015;2 050;2 015;28 816;58 568 520;2.24%
04/02/2022;2 075;2 070;2 075;2 070;10 122;20 977 845;1.22%
07/02/2022;2 055;2 050;2 055;2 050;1 521;3 121 853;-0.96%
08/02/2022;2 050;2 075;2 075;2 050;10 615;21 893 438;-0.24%
09/02/2022;2 075;2 055;2 075;2 055;1 065;2 199 225;1.22%
10/02/2022;2 085;2 055;2 085;2 055;7 598;15 727 860;0.48%
11/02/2022;2 055;2 080;2 080;2 055;2 393;4 947 528;-1.44%
14/02/2022;2 080;2 055;2 080;2 055;1 011;2 090 243;1.22%
15/02/2022;2 085;2 080;2 085;2 080;1 143;2 380 298;0.24%
16/02/2022;2 085;2 085;2 085;2 085;516;1 075 860;0.00%
17/02/2022;2 090;2 090;2 090;2 090;1 357;2 836 130;0.24%
18/02/2022;2 090;2 090;2 090;2 090;920;1 922 800;0.00%
21/02/2022;2 090;2 090;2 090;2 090;3 971;8 299 390;0.00%
22/02/2022;2 085;2 090;2 090;2 085;336;701 400;-0.24%
23/02/2022;2 085;2 085;2 085;2 085;808;1 684 680;0.00%
24/02/2022;2 090;2 085;2 090;2 085;445;928 938;0.24%
25/02/2022;2 075;2 085;2 085;2 075;2 179;4 532 320;-0.72%
28/02/2022;2 070;2 075;2 075;2 070;1 295;2 683 888;-0.24%
01/03/2022;2 075;2 080;2 080;2 075;300;623 250;0.24%
02/03/2022;2 070;2 080;2 080;2 070;831;1 724 325;-0.24%
03/03/2022;2 080;2 070;2 080;2 070;1 036;2 149 700;0.48%
04/03/2022;2 080;2 050;2 080;2 050;2 594;5 356 610;0.00%
07/03/2022;2 085;2 045;2 085;2 045;2 101;4 338 565;0.24%
08/03/2022;2 080;2 060;2 080;2 060;976;2 020 320;-0.24%
09/03/2022;2 080;2 085;2 085;2 080;1 003;2 088 748;0.00%
10/03/2022;2 050;2 085;2 085;2 050;12 280;25 388 900;-1.44%
11/03/2022;2 040;2 050;2 050;2 040;1 498;3 063 410;-0.49%
14/03/2022;2 040;2 050;2 050;2 040;711;1 453 995;0.00%
15/03/2022;2 050;2 040;2 050;2 040;1 817;3 715 765;0.49%
16/03/2022;2 035;2 040;2 040;2 035;16 679;33 983 463;-0.73%
17/03/2022;2 040;2 040;2 040;2 040;1 804;3 680 160;0.25%
18/03/2022;2 015;2 035;2 035;2 015;918;1 858 950;-1.23%
21/03/2022;2 030;2 015;2 030;2 015;3 082;6 233 345;0.74%
22/03/2022;2 020;2 020;2 020;2 020;371;749 420;-0.49%
23/03/2022;2 020;2 035;2 035;2 020;2 260;4 582 150;0.00%
24/03/2022;2 020;2 020;2 020;2 020;1 666;3 365 320;0.00%
25/03/2022;2 000;2 010;2 010;2 000;8 221;16 483 105;-0.99%
28/03/2022;2 000;2 000;2 000;2 000;1 079;2 158 000;0.00%
29/03/2022;1 995;2 000;2 000;1 995;2 407;4 807 983;-0.25%
30/03/2022;1 995;1 985;1 995;1 985;1 416;2 817 840;0.00%
31/03/2022;2 000;2 000;2 000;2 000;2 523;5 046 000;0.25%
01/04/2022;1 990;2 000;2 000;1 990;1 485;2 962 575;-0.50%
04/04/2022;1 985;1 985;1 985;1 985;1 045;2 074 325;-0.25%
05/04/2022;2 000;2 000;2 000;2 000;740;1 480 000;0.76%
06/04/2022;2 000;2 000;2 000;2 000;1 327;2 654 000;0.00%
07/04/2022;2 000;2 000;2 000;2 000;320;640 000;0.00%
08/04/2022;2 000;2 000;2 000;2 000;597;1 194 000;0.00%
11/04/2022;2 000;1 995;2 000;1 995;5 273;10 532 818;0.00%
12/04/2022;2 000;1 995;2 000;1 995;364;727 090;0.00%
13/04/2022;1 995;1 995;1 995;1 995;2 645;5 276 775;-0.25%
14/04/2022;2 000;1 995;2 000;1 995;167;333 583;0.25%
15/04/2022;2 000;2 000;2 000;2 000;397;794 000;0.00%
19/04/2022;2 000;2 000;2 000;2 000;1 469;2 938 000;0.00%
20/04/2022;1 990;2 000;2 000;1 990;1 860;3 710 700;-0.50%
21/04/2022;1 990;2 000;2 000;1 990;831;1 657 845;0.00%
22/04/2022;1 985;1 985;1 985;1 985;1 551;3 078 735;-0.25%
25/04/2022;2 000;1 995;2 000;1 995;602;1 202 495;0.76%
26/04/2022;1 975;1 990;1 990;1 975;1 829;3 625 993;-1.25%
27/04/2022;1 965;1 975;1 975;1 965;3 631;7 153 070;-0.51%
28/04/2022;1 965;1 975;1 975;1 965;3 631;7 153 070;0.00%
29/04/2022;2 000;1 965;2 000;1 965;571;1 132 008;1.78%
02/05/2022;2 000;1 965;2 000;1 965;571;1 132 008;0.00%
03/05/2022;1 850;1 850;1 850;1 850;115;212 750;-7.50%
04/05/2022;1 715;1 720;1 720;1 715;1 114;1 913 295;-7.30%
05/05/2022;1 590;1 590;1 590;1 590;1 921;3 054 390;-7.29%
06/05/2022;1 475;1 475;1 475;1 475;3 472;5 121 200;-7.23%
09/05/2022;1 500;1 400;1 500;1 400;2 068;2 998 600;1.69%
10/05/2022;1 445;1 505;1 505;1 445;5 506;8 121 350;-3.67%
11/05/2022;1 400;1 500;1 500;1 400;1 052;1 525 400;-3.11%
12/05/2022;1 400;1 500;1 500;1 400;1 052;1 525 400;0.00%
13/05/2022;1 450;1 400;1 450;1 400;892;1 271 100;3.57%
16/05/2022;1 400;1 450;1 450;1 400;1 267;1 805 475;-3.45%
17/05/2022;1 380;1 400;1 400;1 380;1 527;2 122 530;-1.43%
18/05/2022;1 400;1 400;1 400;1 400;1 301;1 821 400;1.45%
19/05/2022;1 395;1 310;1 395;1 310;417;563 993;-0.36%
20/05/2022;1 400;1 395;1 400;1 395;1 033;1 443 618;0.36%
23/05/2022;1 400;1 400;1 400;1 400;1 615;2 261 000;0.00%
24/05/2022;1 395;1 395;1 395;1 395;1 274;1 777 230;-0.36%
25/05/2022;1 395;1 410;1 410;1 395;1 500;2 103 750;0.00%
26/05/2022;1 395;1 410;1 410;1 395;1 500;2 103 750;0.00%
27/05/2022;1 400;1 420;1 420;1 400;1 306;1 841 460;0.36%
30/05/2022;1 420;1 500;1 500;1 420;925;1 350 500;1.43%
31/05/2022;1 420;1 420;1 420;1 420;560;795 200;0.00%
01/06/2022;1 400;1 420;1 420;1 400;2 503;3 529 230;-1.41%
02/06/2022;1 400;1 400;1 400;1 400;787;1 101 800;0.00%
03/06/2022;1 500;1 405;1 500;1 405;443;643 458;7.14%
06/06/2022;1 500;1 405;1 500;1 405;443;643 458;0.00%
07/06/2022;1 500;1 500;1 500;1 500;688;1 032 000;0.00%
08/06/2022;1 405;1 410;1 410;1 405;2 243;3 157 023;-6.33%
09/06/2022;1 405;1 405;1 405;1 405;730;1 025 650;0.00%
10/06/2022;1 395;1 405;1 405;1 395;1 475;2 065 000;-0.71%
13/06/2022;1 400;1 400;1 400;1 400;662;926 800;0.36%
14/06/2022;1 400;1 400;1 400;1 400;564;789 600;0.00%
15/06/2022;1 400;1 400;1 400;1 400;925;1 295 000;0.00%
16/06/2022;1 395;1 400;1 400;1 395;601;839 898;-0.36%
17/06/2022;1 395;1 395;1 395;1 395;702;979 290;0.00%
20/06/2022;1 395;1 395;1 395;1 395;974;1 358 730;0.00%
21/06/2022;1 395;1 395;1 395;1 395;1 282;1 788 390;0.00%
22/06/2022;1 395;1 395;1 395;1 395;742;1 035 090;0.00%
23/06/2022;1 395;1 395;1 395;1 395;264;368 280;0.00%
24/06/2022;1 370;1 395;1 395;1 370;411;568 208;-1.79%
27/06/2022;1 360;1 370;1 370;1 360;603;823 095;-0.73%
28/06/2022;1 365;1 360;1 365;1 360;437;595 413;0.37%
29/06/2022;1 365;1 365;1 365;1 365;468;638 820;0.00%
30/06/2022;1 365;1 370;1 370;1 365;1 980;2 707 650;0.00%
01/07/2022;1 365;1 370;1 370;1 365;1 980;2 707 650;0.00%
04/07/2022;1 300;1 300;1 300;1 300;1 700;2 210 000;-4.76%
05/07/2022;1 350;1 350;1 350;1 350;219;295 650;3.85%
06/07/2022;1 310;1 350;1 350;1 310;18 716;24 892 280;-2.96%
07/07/2022;1 350;1 350;1 350;1 350;168;226 800;3.05%
08/07/2022;1 340;1 350;1 350;1 340;445;598 525;-0.74%
11/07/2022;1 340;1 340;1 340;1 340;74;99 160;0.00%
12/07/2022;1 340;1 340;1 340;1 340;550;737 000;0.00%
13/07/2022;1 345;1 340;1 345;1 340;654;877 995;0.37%
14/07/2022;1 340;1 345;1 345;1 340;1 537;2 063 423;-0.37%
15/07/2022;1 340;1 350;1 350;1 340;1 342;1 804 990;0.00%
18/07/2022;1 325;1 315;1 325;1 315;1 010;1 333 200;-1.12%
19/07/2022;1 340;1 325;1 340;1 325;949;1 264 543;1.13%
20/07/2022;1 350;1 345;1 350;1 345;251;338 223;0.75%
21/07/2022;1 350;1 350;1 350;1 350;189;255 150;0.00%
22/07/2022;1 350;1 350;1 350;1 350;105;141 750;0.00%
25/07/2022;1 350;1 350;1 350;1 350;308;415 800;0.00%
26/07/2022;1 350;1 350;1 350;1 350;555;749 250;0.00%
27/07/2022;1 350;1 350;1 350;1 350;841;1 135 350;0.00%
28/07/2022;1 450;1 350;1 450;1 350;1 842;2 578 800;7.41%
29/07/2022;1 435;1 440;1 440;1 435;726;1 043 625;-1.03%
01/08/2022;1 360;1 435;1 435;1 360;446;623 285;-5.23%
02/08/2022;1 425;1 360;1 425;1 360;168;233 940;4.78%
03/08/2022;1 400;1 425;1 425;1 400;226;319 225;-1.75%
04/08/2022;1 400;1 400;1 400;1 400;27;37 800;0.00%
05/08/2022;1 350;1 400;1 400;1 350;552;759 000;-3.57%
08/08/2022;1 350;1 400;1 400;1 350;552;759 000;0.00%
09/08/2022;1 350;1 350;1 350;1 350;2 419;3 265 650;0.00%
10/08/2022;1 325;1 340;1 340;1 325;568;756 860;-1.85%
11/08/2022;1 395;1 320;1 395;1 320;469;636 668;5.28%
12/08/2022;1 350;1 390;1 390;1 350;371;508 270;-3.23%
15/08/2022;1 350;1 390;1 390;1 350;371;508 270;0.00%
16/08/2022;1 350;1 350;1 350;1 350;1 198;1 617 300;0.00%
17/08/2022;1 325;1 255;1 325;1 255;145;187 050;-1.85%
18/08/2022;1 260;1 340;1 340;1 260;76;98 800;-4.91%
19/08/2022;1 300;1 260;1 300;1 260;509;651 520;3.17%
22/08/2022;1 300;1 340;1 340;1 300;990;1 306 800;0.00%
23/08/2022;1 300;1 300;1 300;1 300;1 351;1 756 300;0.00%
24/08/2022;1 300;1 300;1 300;1 300;5 243;6 815 900;0.00%
25/08/2022;1 300;1 300;1 300;1 300;1 297;1 686 100;0.00%
26/08/2022;1 300;1 300;1 300;1 300;229;297 700;0.00%
29/08/2022;1 300;1 300;1 300;1 300;795;1 033 500;0.00%
30/08/2022;1 280;1 300;1 300;1 280;470;606 300;-1.54%
31/08/2022;1 295;1 300;1 300;1 295;3 934;5 104 365;1.17%
01/09/2022;1 300;1 295;1 300;1 295;1 536;1 992 960;0.39%
02/09/2022;1 300;1 300;1 300;1 300;436;566 800;0.00%
05/09/2022;1 295;1 300;1 300;1 295;1 175;1 524 563;-0.38%
06/09/2022;1 275;1 295;1 295;1 275;700;899 500;-1.54%
07/09/2022;1 215;1 275;1 275;1 215;2 297;2 859 765;-4.71%
08/09/2022;1 205;1 215;1 215;1 205;2 522;3 051 620;-0.82%
09/09/2022;1 210;1 210;1 210;1 210;4 825;5 838 250;0.41%
12/09/2022;1 210;1 210;1 210;1 210;2 766;3 346 860;0.00%
13/09/2022;1 215;1 210;1 215;1 210;2 630;3 188 875;0.41%
14/09/2022;1 215;1 215;1 215;1 215;14 039;17 057 385;0.00%
15/09/2022;1 225;1 250;1 250;1 225;53;65 588;0.82%
16/09/2022;1 250;1 225;1 250;1 225;562;695 475;2.04%
19/09/2022;1 250;1 250;1 250;1 250;375;468 750;0.00%
20/09/2022;1 250;1 250;1 250;1 250;1 140;1 425 000;0.00%
21/09/2022;1 250;1 250;1 250;1 250;40;50 000;0.00%
22/09/2022;1 250;1 220;1 250;1 220;1 322;1 632 670;0.00%
23/09/2022;1 250;1 250;1 250;1 250;74;92 500;0.00%
26/09/2022;1 250;1 250;1 250;1 250;614;767 500;0.00%
27/09/2022;1 250;1 250;1 250;1 250;136;170 000;0.00%
28/09/2022;1 250;1 250;1 250;1 250;272;340 000;0.00%
29/09/2022;1 220;1 250;1 250;1 220;501;618 735;-2.40%
30/09/2022;1 220;1 220;1 220;1 220;960;1 171 200;0.00%
03/10/2022;1 220;1 220;1 220;1 220;122;148 840;0.00%
04/10/2022;1 205;1 220;1 220;1 205;401;486 213;-1.23%
05/10/2022;1 215;1 215;1 215;1 215;416;505 440;0.83%
06/10/2022;1 210;1 210;1 210;1 210;556;672 760;-0.41%
07/10/2022;1 210;1 210;1 210;1 210;713;862 730;0.00%
10/10/2022;1 200;1 210;1 210;1 200;477;574 785;-0.83%
11/10/2022;1 200;1 180;1 200;1 180;158;188 020;0.00%
12/10/2022;1 205;1 210;1 210;1 205;235;283 763;0.42%
13/10/2022;1 205;1 215;1 215;1 205;1 565;1 893 650;0.00%
14/10/2022;1 205;1 200;1 205;1 200;1 137;1 367 243;0.00%
17/10/2022;1 190;1 200;1 200;1 190;905;1 081 475;-1.24%
18/10/2022;1 185;1 185;1 185;1 185;67;79 395;-0.42%
19/10/2022;1 185;1 185;1 185;1 185;430;509 550;0.00%
20/10/2022;1 100;1 100;1 100;1 100;7 276;8 003 600;-7.17%
21/10/2022;1 150;1 100;1 150;1 100;135;151 875;4.55%
24/10/2022;1 165;1 205;1 205;1 165;2 541;3 011 085;1.30%
25/10/2022;1 165;1 185;1 185;1 165;713;837 775;0.00%
26/10/2022;1 150;1 100;1 150;1 100;491;552 375;-1.29%
27/10/2022;1 190;1 165;1 190;1 165;117;137 768;3.48%
28/10/2022;1 160;1 165;1 165;1 160;1 181;1 372 913;-2.52%
31/10/2022;1 160;1 165;1 165;1 160;1 181;1 372 913;0.00%
01/11/2022;1 100;1 100;1 100;1 100;1 095;1 204 500;-5.17%
02/11/2022;1 030;1 100;1 100;1 030;954;1 016 010;-6.36%
03/11/2022;1 090;1 030;1 090;1 030;1 257;1 332 420;5.83%
04/11/2022;1 095;1 030;1 095;1 030;907;963 688;0.46%
07/11/2022;1 095;1 090;1 095;1 090;1 322;1 444 285;0.00%
08/11/2022;1 045;1 095;1 095;1 045;5 240;5 606 800;-4.57%
09/11/2022;1 020;1 030;1 030;1 020;7 103;7 280 575;-2.39%
10/11/2022;1 000;1 030;1 030;1 000;6 890;6 993 350;-1.96%
11/11/2022;1 000;1 000;1 000;1 000;466;466 000;0.00%
14/11/2022;1 010;1 020;1 020;1 010;2 208;2 241 120;1.00%
15/11/2022;1 010;1 020;1 020;1 010;2 208;2 241 120;0.00%
16/11/2022;990;1 010;1 010;990;3 238;3 238 000;-1.98%
17/11/2022;1 000;1 000;1 000;1 000;453;453 000;1.01%
18/11/2022;950;1 000;1 000;950;6 627;6 461 325;-5.00%
21/11/2022;950;950;950;950;1 139;1 082 050;0.00%
22/11/2022;1 005;950;1 005;950;10 384;10 150 360;5.79%
23/11/2022;1 000;1 005;1 005;1 000;1 381;1 384 453;-0.50%
24/11/2022;950;955;955;950;6 923;6 594 158;-5.00%
25/11/2022;1 000;950;1 000;950;2 272;2 215 200;5.26%
28/11/2022;950;930;950;930;31;29 140;-5.00%
29/11/2022;1 000;950;1 000;950;1 375;1 340 625;5.26%
30/11/2022;1 000;950;1 000;950;1 375;1 340 625;0.00%
01/12/2022;1 000;950;1 000;950;1 375;1 340 625;0.00%
02/12/2022;835;850;850;835;455;383 338;-16.50%
05/12/2022;800;805;805;800;3 859;3 096 848;-4.19%
06/12/2022;800;850;850;800;8 243;6 800 475;0.00%
07/12/2022;785;800;800;785;1 422;1 126 935;-1.88%
08/12/2022;785;785;785;785;140;109 900;0.00%
09/12/2022;800;800;800;800;3 708;2 966 400;1.91%
12/12/2022;800;800;800;800;4 939;3 951 200;0.00%
13/12/2022;860;800;860;800;8 673;7 198 590;7.50%
14/12/2022;800;845;845;800;12 973;10 670 293;-6.98%
15/12/2022;790;800;800;790;12 488;9 927 960;-1.25%
16/12/2022;790;790;790;790;1 860;1 469 400;0.00%
19/12/2022;790;790;790;790;2 035;1 607 650;0.00%
20/12/2022;750;790;790;750;20 734;15 965 180;-5.06%
21/12/2022;790;790;790;790;1 277;1 008 830;5.33%
22/12/2022;750;790;790;750;8 204;6 317 080;-5.06%
23/12/2022;750;755;755;750;20 839;15 681 348;0.00%
26/12/2022;750;755;755;750;20 839;15 681 348;0.00%
27/12/2022;790;755;790;755;3 872;2 991 120;5.33%
28/12/2022;750;790;790;750;11 341;8 732 570;-5.06%
29/12/2022;720;790;790;720;3 174;2 396 370;-4.00%
30/12/2022;770;750;770;750;2 988;2 270 880;6.94%
02/01/2023;775;775;775;775;1 529;1 184 975;0.65%
03/01/2023;785;790;790;785;9 544;7 515 900;1.29%
04/01/2023;800;785;800;785;555;439 838;1.91%
05/01/2023;850;840;850;840;1 354;1 144 130;6.25%
06/01/2023;815;850;850;815;3 106;2 585 745;-4.12%
09/01/2023;805;850;850;805;3 011;2 491 603;-1.23%
10/01/2023;800;800;800;800;3 854;3 083 200;-0.62%
11/01/2023;795;795;795;795;635;504 825;-0.63%
12/01/2023;780;800;800;780;1 955;1 544 450;-1.89%
13/01/2023;780;780;780;780;1 963;1 531 140;0.00%
16/01/2023;780;750;780;750;806;616 590;0.00%
17/01/2023;780;725;780;725;1 628;1 225 070;0.00%
18/01/2023;750;780;780;750;751;574 515;-3.85%
19/01/2023;800;790;800;790;465;369 675;6.67%
20/01/2023;795;800;800;795;981;782 348;-0.63%
23/01/2023;800;795;800;795;696;555 060;0.63%
24/01/2023;795;795;795;795;455;361 725;-0.63%
25/01/2023;800;795;800;795;1 445;1 152 388;0.63%
26/01/2023;790;810;810;790;1 151;920 800;-1.25%
27/01/2023;790;790;790;790;829;654 910;0.00%
30/01/2023;785;785;785;785;1 395;1 095 075;-0.63%
31/01/2023;775;790;790;775;275;215 188;-1.27%
01/02/2023;790;790;790;790;1 050;829 500;1.94%
02/02/2023;790;790;790;790;228;180 120;0.00%
03/02/2023;795;790;795;790;369;292 433;0.63%
06/02/2023;790;790;790;790;2 593;2 048 470;-0.63%
07/02/2023;795;780;795;780;13 054;10 280 025;0.63%
08/02/2023;755;795;795;755;3 940;3 053 500;-5.03%
09/02/2023;755;755;755;755;1 923;1 451 865;0.00%
10/02/2023;795;755;795;755;1 273;986 575;5.30%
13/02/2023;790;750;790;750;913;703 010;-0.63%
14/02/2023;795;790;795;790;1 346;1 066 705;0.63%
15/02/2023;795;795;795;795;1 922;1 527 990;0.00%
16/02/2023;755;795;795;755;434;336 350;-5.03%
17/02/2023;780;795;795;780;1 365;1 074 938;3.31%
20/02/2023;780;765;780;765;24 550;18 964 875;0.00%
21/02/2023;780;760;780;760;4 487;3 454 990;0.00%
22/02/2023;780;735;780;735;4 082;3 092 115;0.00%
23/02/2023;780;725;780;725;1 189;894 723;0.00%
24/02/2023;795;780;795;780;891;701 663;1.92%
27/02/2023;780;800;800;780;5 369;4 241 510;-1.89%
28/02/2023;775;735;775;735;820;619 100;-0.64%
01/03/2023;730;775;775;730;4 843;3 644 358;-5.81%
02/03/2023;765;735;765;735;8 918;6 688 500;4.79%
03/03/2023;760;765;765;760;236;179 950;-0.65%
06/03/2023;755;730;755;730;998;741 015;-0.66%
07/03/2023;765;765;765;765;78;59 670;1.32%
08/03/2023;740;775;775;740;2 001;1 515 758;-3.27%
09/03/2023;770;740;770;740;565;426 575;4.05%
10/03/2023;770;750;770;750;855;649 800;0.00%
13/03/2023;770;770;770;770;2 479;1 908 830;0.00%
14/03/2023;770;750;770;750;3 663;2 783 880;0.00%
15/03/2023;770;750;770;750;3 619;2 750 440;0.00%
16/03/2023;745;765;765;745;1 806;1 363 530;-3.25%
17/03/2023;750;770;770;750;2 046;1 554 960;0.67%
20/03/2023;780;750;780;750;10 703;8 187 795;4.00%
21/03/2023;770;780;780;770;6 160;4 774 000;-1.28%
22/03/2023;775;770;775;770;2 013;1 555 043;0.65%
23/03/2023;770;775;775;770;742;573 195;-0.65%
24/03/2023;770;740;770;740;3 014;2 275 570;0.00%
27/03/2023;775;740;775;740;1 159;877 943;0.65%
28/03/2023;740;790;790;740;9 425;7 210 125;-4.52%
29/03/2023;735;740;740;735;1 170;862 875;-0.68%
30/03/2023;775;735;775;735;853;644 015;5.44%
31/03/2023;770;770;770;770;977;752 290;-0.65%
03/04/2023;730;750;750;730;2 054;1 519 960;-5.19%
04/04/2023;745;770;770;745;450;340 875;2.05%
05/04/2023;765;740;765;740;351;264 128;2.68%
06/04/2023;750;765;765;750;200;151 500;-1.96%
07/04/2023;750;765;765;750;305;231 038;0.00%
10/04/2023;750;765;765;750;305;231 038;0.00%
11/04/2023;755;755;755;755;10;7 550;0.67%
12/04/2023;770;755;770;755;180;137 250;1.99%
13/04/2023;755;770;770;755;1 891;1 441 888;-1.95%
14/04/2023;760;765;765;760;251;191 388;0.66%
17/04/2023;760;760;760;760;1 647;1 251 720;0.00%
18/04/2023;760;760;760;760;1 647;1 251 720;0.00%
19/04/2023;755;760;760;755;1 422;1 077 165;-0.66%
20/04/2023;755;755;755;755;1 186;895 430;0.00%
21/04/2023;755;755;755;755;1 186;895 430;0.00%
24/04/2023;755;755;755;755;425;320 875;0.00%
25/04/2023;760;760;760;760;2 015;1 531 400;0.66%
26/04/2023;760;755;760;755;421;318 908;0.00%
27/04/2023;750;755;755;750;1 128;848 820;-1.32%
28/04/2023;750;750;750;750;153;114 750;0.00%
01/05/2023;750;750;750;750;153;114 750;0.00%
02/05/2023;695;695;695;695;2 542;1 766 690;-7.33%
03/05/2023;695;695;695;695;2 542;1 766 690;0.00%
04/05/2023;600;600;600;600;2 955;1 773 000;-13.67%
05/05/2023;630;605;630;605;1 529;944 158;5.00%
08/05/2023;665;635;665;635;794;516 100;5.56%
09/05/2023;685;670;685;670;1 006;681 565;3.01%
10/05/2023;675;685;685;675;505;343 400;-1.46%
11/05/2023;660;685;685;660;667;448 558;-2.22%
12/05/2023;620;675;675;620;1 222;791 245;-6.06%
15/05/2023;665;630;665;630;742;480 445;7.26%
16/05/2023;665;680;680;665;569;382 653;0.00%
17/05/2023;650;655;655;650;586;382 365;-2.26%
18/05/2023;650;655;655;650;586;382 365;0.00%
19/05/2023;660;670;670;660;768;510 720;1.54%
22/05/2023;650;685;685;650;1 954;1 304 295;-1.52%
23/05/2023;650;680;680;650;544;361 760;0.00%
24/05/2023;625;640;640;625;230;145 475;-3.85%
25/05/2023;650;650;650;650;2 678;1 740 700;4.00%
26/05/2023;620;660;660;620;4 838;3 096 320;-4.62%
29/05/2023;620;660;660;620;4 838;3 096 320;0.00%
30/05/2023;620;620;620;620;1 152;714 240;0.00%
31/05/2023;635;620;635;620;3 999;2 509 373;2.42%
01/06/2023;620;635;635;620;3 926;2 463 565;-2.36%
02/06/2023;625;635;635;625;756;476 280;0.81%
05/06/2023;635;635;635;635;2 205;1 400 175;1.60%
06/06/2023;630;635;635;630;2 656;1 679 920;-0.79%
07/06/2023;640;635;640;635;5 926;3 777 825;1.59%
08/06/2023;685;640;685;640;1 723;1 141 488;7.03%
09/06/2023;680;695;695;680;2 068;1 421 750;-0.73%
12/06/2023;700;685;700;685;1 944;1 346 220;2.94%
13/06/2023;685;700;700;685;11 114;7 696 445;-2.14%
14/06/2023;685;695;695;685;161;111 090;0.00%
15/06/2023;690;685;690;685;698;479 875;0.73%
16/06/2023;675;685;685;675;39;26 520;-2.17%
19/06/2023;725;725;725;725;88 011;63 807 975;7.41%
20/06/2023;775;775;775;775;9 268;7 182 700;6.90%
21/06/2023;830;830;830;830;7 081;5 877 230;7.10%
22/06/2023;890;890;890;890;1 973;1 755 970;7.23%
23/06/2023;825;890;890;825;3 118;2 673 685;-7.30%
26/06/2023;765;775;775;765;1 707;1 314 390;-7.27%
27/06/2023;745;770;770;745;2 898;2 195 235;-2.61%
28/06/2023;745;770;770;745;2 898;2 195 235;0.00%
29/06/2023;740;745;745;740;3 824;2 839 320;-0.67%
30/06/2023;740;730;740;730;488;358 680;0.00%
03/07/2023;735;740;740;735;501;369 488;-0.68%
04/07/2023;720;740;740;720;872;636 560;-2.04%
05/07/2023;730;720;730;720;939;680 775;1.39%
06/07/2023;730;735;735;730;1 406;1 029 895;0.00%
07/07/2023;725;720;725;720;361;260 823;-0.68%
10/07/2023;750;730;750;730;144;106 560;3.45%
11/07/2023;720;750;750;720;445;327 075;-4.00%
12/07/2023;705;720;720;705;558;397 575;-2.08%
13/07/2023;700;700;700;700;1 994;1 395 800;-0.71%
14/07/2023;705;700;705;700;875;614 688;0.71%
17/07/2023;720;705;720;705;254;180 975;2.13%
18/07/2023;725;720;725;720;436;315 010;0.69%
19/07/2023;720;720;720;720;140;100 800;-0.69%
20/07/2023;725;715;725;715;2 522;1 815 840;0.69%
21/07/2023;715;750;750;715;31;22 708;-1.38%
24/07/2023;725;715;725;715;4 539;3 268 080;1.40%
25/07/2023;715;750;750;715;3 792;2 777 640;-1.38%
26/07/2023;700;720;720;700;5 082;3 608 220;-2.10%
27/07/2023;750;720;750;720;335;246 225;7.14%
28/07/2023;770;750;770;750;742;563 920;2.67%
31/07/2023;765;770;770;765;1 140;874 950;-0.65%
01/08/2023;770;770;770;770;196;150 920;0.65%
02/08/2023;770;765;770;765;262;201 085;0.00%
03/08/2023;715;715;715;715;3 700;2 645 500;-7.14%
04/08/2023;750;715;750;715;194;142 105;4.90%
07/08/2023;750;715;750;715;194;142 105;0.00%
08/08/2023;750;750;750;750;1 792;1 344 000;0.00%
09/08/2023;725;740;740;725;633;463 673;-3.33%
10/08/2023;745;720;745;720;626;458 545;2.76%
11/08/2023;770;725;770;725;1 842;1 376 895;3.36%
14/08/2023;760;765;765;760;454;346 175;-1.30%
15/08/2023;760;765;765;760;454;346 175;0.00%
16/08/2023;750;760;760;750;63;47 565;-1.32%
17/08/2023;710;750;750;710;5 965;4 354 450;-5.33%
18/08/2023;750;750;750;750;4 616;3 462 000;5.63%
21/08/2023;740;750;750;740;2 142;1 595 790;-1.33%
22/08/2023;750;740;750;740;1 964;1 463 180;1.35%
23/08/2023;805;750;805;750;2 602;2 023 055;7.33%
24/08/2023;850;800;850;800;4 447;3 668 775;5.59%
25/08/2023;845;850;850;845;660;559 350;-0.59%
28/08/2023;830;840;840;830;226;188 710;-1.78%
29/08/2023;770;835;835;770;376;301 740;-7.23%
30/08/2023;725;750;750;725;3 050;2 249 375;-5.84%
31/08/2023;765;770;770;765;88;67 540;5.52%
01/09/2023;750;770;770;750;725;551 000;-1.96%
04/09/2023;750;750;750;750;762;571 500;0.00%
05/09/2023;770;750;770;750;1 134;861 840;2.67%
06/09/2023;770;770;770;770;1 423;1 095 710;0.00%
07/09/2023;760;765;765;760;1 405;1 071 313;-1.30%
08/09/2023;765;770;770;765;1 154;885 695;0.66%
11/09/2023;760;765;765;760;559;426 238;-0.65%
12/09/2023;770;755;770;755;161;122 763;1.32%
13/09/2023;820;775;820;775;1 747;1 393 233;6.49%
14/09/2023;795;825;825;795;3 291;2 665 710;-3.05%
15/09/2023;795;795;795;795;1 496;1 189 320;0.00%
18/09/2023;800;795;800;795;2 480;1 977 800;0.63%
19/09/2023;800;760;800;760;584;455 520;0.00%
20/09/2023;800;800;800;800;2 148;1 718 400;0.00%
21/09/2023;800;800;800;800;352;281 600;0.00%
22/09/2023;800;800;800;800;239;191 200;0.00%
25/09/2023;800;780;800;780;4 252;3 359 080;0.00%
26/09/2023;800;800;800;800;107;85 600;0.00%
27/09/2023;800;800;800;800;107;85 600;0.00%
28/09/2023;790;800;800;790;699;555 705;-1.25%
29/09/2023;790;795;795;790;91;72 118;0.00%
02/10/2023;800;790;800;790;154;122 430;1.27%
03/10/2023;800;790;800;790;9 028;7 177 260;0.00%
04/10/2023;750;740;750;740;6 540;4 872 300;-6.25%
05/10/2023;750;775;775;750;200;152 500;0.00%
06/10/2023;770;750;770;750;374;284 240;2.67%
09/10/2023;760;770;770;760;259;198 135;-1.30%
10/10/2023;760;775;775;760;257;197 248;0.00%
11/10/2023;750;760;760;750;43 243;32 648 465;-1.32%
12/10/2023;750;760;760;750;1 890;1 426 950;0.00%
13/10/2023;745;750;750;745;410;306 475;-0.67%
16/10/2023;735;750;750;735;182;135 135;-1.34%
17/10/2023;750;705;750;705;691;502 703;2.04%
18/10/2023;750;735;750;735;230;170 775;0.00%
19/10/2023;715;735;735;715;3 945;2 860 125;-4.67%
20/10/2023;700;715;715;700;3 468;2 453 610;-2.10%
23/10/2023;700;695;700;695;1 026;715 635;0.00%
24/10/2023;700;700;700;700;878;614 600;0.00%
25/10/2023;700;700;700;700;87;60 900;0.00%
26/10/2023;700;700;700;700;275;192 500;0.00%
27/10/2023;700;700;700;700;888;621 600;0.00%
30/10/2023;740;705;740;705;1 484;1 072 190;5.71%
31/10/2023;730;730;730;730;74;54 020;-1.35%
01/11/2023;730;730;730;730;74;54 020;0.00%
02/11/2023;680;680;680;680;1 673;1 137 640;-6.85%
03/11/2023;650;630;650;630;21 451;13 728 640;-4.41%
06/11/2023;650;655;655;650;651;424 778;0.00%
07/11/2023;650;650;650;650;3 201;2 080 650;0.00%
08/11/2023;640;610;640;610;23 223;14 514 375;-1.54%
09/11/2023;630;650;650;630;123;78 720;-1.56%
10/11/2023;625;625;625;625;1 863;1 164 375;-0.79%
13/11/2023;620;625;625;620;331;206 048;-0.80%
14/11/2023;600;625;625;600;907;555 538;-3.23%
15/11/2023;600;625;625;600;907;555 538;0.00%
16/11/2023;595;600;600;595;1 895;1 132 263;-0.83%
17/11/2023;580;595;595;580;4 440;2 608 500;-2.52%
20/11/2023;600;540;600;540;1 630;929 100;3.45%
21/11/2023;580;595;595;580;3 690;2 167 875;-3.33%
22/11/2023;580;600;600;580;1 602;945 180;0.00%
23/11/2023;580;580;580;580;2 145;1 244 100;0.00%
24/11/2023;585;585;585;585;3;1 755;0.86%
27/11/2023;605;585;605;585;1 985;1 181 075;3.42%
28/11/2023;625;560;625;560;5 612;3 325 110;3.31%
29/11/2023;620;625;625;620;992;617 520;-0.80%
30/11/2023;600;620;620;600;271;165 310;-3.23%
01/12/2023;615;600;615;600;458;278 235;2.50%
04/12/2023;610;615;615;610;773;473 463;-0.81%
05/12/2023;610;610;610;610;922;562 420;0.00%
06/12/2023;605;620;620;605;635;388 938;-0.82%
07/12/2023;560;565;565;560;5 400;3 037 500;-7.44%
08/12/2023;600;565;600;565;7 101;4 136 333;7.14%
11/12/2023;600;600;600;600;5 211;3 126 600;0.00%
12/12/2023;590;590;590;590;5 252;3 098 680;-1.67%
13/12/2023;550;550;550;550;3 883;2 135 650;-6.78%
14/12/2023;580;585;585;580;11 770;6 856 025;5.45%
15/12/2023;540;580;580;540;2 596;1 453 760;-6.90%
18/12/2023;580;540;580;540;10 115;5 664 400;7.41%
19/12/2023;540;540;540;540;223;120 420;-6.90%
20/12/2023;560;540;560;540;5 492;3 020 600;3.70%
21/12/2023;540;520;540;520;342;181 260;-3.57%
22/12/2023;540;540;540;540;584;315 360;0.00%
25/12/2023;540;540;540;540;584;315 360;0.00%
26/12/2023;550;540;550;540;1 540;839 300;1.85%
27/12/2023;550;545;550;545;1 722;942 795;0.00%
28/12/2023;575;575;575;575;198;113 850;4.55%
29/12/2023;535;550;550;535;12 074;6 550 145;-6.96%
01/01/2024;535;550;550;535;12 074;6 550 145;0.00%
02/01/2024;570;535;570;535;287;158 568;6.54%
03/01/2024;560;570;570;560;1 779;1 005 135;-1.75%
04/01/2024;560;555;560;555;672;374 640;0.00%
05/01/2024;555;560;560;555;993;553 598;-0.89%
08/01/2024;570;560;570;560;83;46 895;2.70%
09/01/2024;575;575;575;575;700;402 500;0.88%
10/01/2024;575;575;575;575;712;409 400;0.00%
11/01/2024;570;575;575;570;1 235;707 038;-0.87%
12/01/2024;575;575;575;575;565;324 875;0.88%
15/01/2024;575;575;575;575;562;323 150;0.00%
16/01/2024;570;575;575;570;2 224;1 273 240;-0.87%
17/01/2024;550;575;575;550;2 443;1 374 188;-3.51%
18/01/2024;535;550;550;535;2 121;1 150 643;-2.73%
19/01/2024;545;540;545;540;3 732;2 024 610;1.87%
22/01/2024;545;540;545;540;2 091;1 134 368;0.00%
23/01/2024;540;545;545;540;591;320 618;-0.92%
24/01/2024;580;545;580;545;1 294;727 875;7.41%
25/01/2024;585;585;585;585;811;474 435;0.86%
26/01/2024;580;580;580;580;217;125 860;-0.85%
29/01/2024;540;580;580;540;1 274;713 440;-6.90%
30/01/2024;540;540;540;540;272;146 880;0.00%
31/01/2024;530;530;530;530;29;15 370;-1.85%
01/02/2024;530;530;530;530;1 119;593 070;0.00%
02/02/2024;520;550;550;520;587;314 045;-1.89%
05/02/2024;520;520;520;520;998;518 960;0.00%
06/02/2024;530;520;530;520;9 390;4 929 750;1.92%
07/02/2024;545;545;545;545;811;441 995;2.83%
08/02/2024;545;545;545;545;145;79 025;0.00%
09/02/2024;545;530;545;530;2 878;1 546 925;0.00%
12/02/2024;545;530;545;530;2 878;1 546 925;0.00%
13/02/2024;545;530;545;530;7 870;4 230 125;0.00%
14/02/2024;545;545;545;545;1 069;582 605;0.00%
15/02/2024;545;540;545;540;456;247 380;0.00%
16/02/2024;550;545;550;545;13 583;7 436 693;0.92%
19/02/2024;550;550;550;550;30;16 500;0.00%
20/02/2024;550;550;550;550;865;475 750;0.00%
21/02/2024;550;530;550;530;2 618;1 413 720;0.00%
22/02/2024;550;550;550;550;16 432;9 037 600;0.00%
23/02/2024;530;545;545;530;7 743;4 161 863;-3.64%
26/02/2024;530;550;550;530;25;13 500;0.00%
27/02/2024;540;530;540;530;9 125;4 881 875;1.89%
28/02/2024;530;540;540;530;7 676;4 106 660;-1.85%
29/02/2024;530;550;550;530;394;212 760;0.00%
01/03/2024;505;550;550;505;1 114;587 635;-4.72%
04/03/2024;540;540;540;540;1;540;6.93%
05/03/2024;530;550;550;530;1 265;683 100;-1.85%
06/03/2024;525;520;525;520;593;309 843;-0.94%
07/03/2024;515;525;525;515;858;446 160;-1.90%
08/03/2024;550;510;550;510;5 552;2 942 560;6.80%
11/03/2024;590;550;590;550;461;262 770;7.27%
12/03/2024;580;590;590;580;33;19 305;-1.69%
13/03/2024;575;575;575;575;491;282 325;-0.86%
14/03/2024;575;575;575;575;491;282 325;0.00%
15/03/2024;535;570;570;535;181;100 003;-6.96%
18/03/2024;530;535;535;530;11 081;5 900 633;-0.93%
19/03/2024;535;530;535;530;607;323 228;0.94%
20/03/2024;535;535;535;535;389;208 115;0.00%
21/03/2024;535;535;535;535;188;100 580;0.00%
22/03/2024;515;535;535;515;9 739;5 112 975;-3.74%
25/03/2024;515;515;515;515;1 880;968 200;0.00%
26/03/2024;530;510;530;510;773;401 960;2.91%
27/03/2024;530;530;530;530;462;244 860;0.00%
28/03/2024;530;530;530;530;35;18 550;0.00%
29/03/2024;530;530;530;530;78;41 340;0.00%
01/04/2024;530;530;530;530;78;41 340;0.00%
02/04/2024;535;530;535;530;402;214 065;0.94%
03/04/2024;535;515;535;515;2 281;1 197 525;0.00%
04/04/2024;535;535;535;535;1 346;720 110;0.00%
05/04/2024;530;535;535;530;259;137 918;-0.93%
08/04/2024;525;525;525;525;1 200;630 000;-0.94%
09/04/2024;520;525;525;520;1 983;1 036 118;-0.95%
10/04/2024;520;525;525;520;1 983;1 036 118;0.00%
11/04/2024;530;530;530;530;122;64 660;1.92%
12/04/2024;530;530;530;530;1 616;856 480;0.00%
15/04/2024;520;530;530;520;426;223 650;-1.89%
16/04/2024;520;530;530;520;2 505;1 315 125;0.00%
17/04/2024;515;520;520;515;391;202 343;-0.96%
18/04/2024;500;515;515;500;13 769;6 987 768;-2.91%
19/04/2024;500;515;515;500;4 322;2 193 415;0.00%
22/04/2024;515;500;515;500;795;403 463;3.00%
23/04/2024;515;515;515;515;517;266 255;0.00%
24/04/2024;500;510;510;500;2 500;1 262 500;-2.91%
25/04/2024;500;515;515;500;63;31 973;0.00%
26/04/2024;515;515;515;515;466;239 990;3.00%
29/04/2024;515;500;515;500;1 060;537 950;0.00%
30/04/2024;505;500;505;500;1 025;515 063;-1.94%
01/05/2024;505;500;505;500;1 025;515 063;0.00%
02/05/2024;470;500;500;470;5 062;2 455 070;-6.93%
03/05/2024;435;450;450;435;4 387;1 941 248;-7.45%
06/05/2024;405;425;425;405;2 363;980 645;-6.90%
07/05/2024;400;405;405;400;10 684;4 300 310;-1.23%
08/05/2024;370;370;370;370;6 923;2 561 510;-7.50%
09/05/2024;370;370;370;370;6 923;2 561 510;0.00%
10/05/2024;395;375;395;375;654;251 790;6.76%
13/05/2024;420;400;420;400;3 115;1 277 150;6.33%
14/05/2024;410;420;420;410;4 501;1 867 915;-2.38%
15/05/2024;410;390;410;390;1 583;633 200;0.00%
16/05/2024;410;410;410;410;3 535;1 449 350;0.00%
17/05/2024;420;410;420;410;6 046;2 509 090;2.44%
20/05/2024;420;410;420;410;6 046;2 509 090;0.00%
21/05/2024;430;390;430;390;3 026;1 240 660;2.38%
22/05/2024;430;430;430;430;1 534;659 620;0.00%
23/05/2024;430;430;430;430;1 327;570 610;0.00%
24/05/2024;450;430;450;430;753;331 320;4.65%
27/05/2024;425;430;430;425;1 028;439 470;-5.56%
28/05/2024;430;430;430;430;2 314;995 020;1.18%
29/05/2024;400;430;430;400;5 828;2 418 620;-6.98%
30/05/2024;400;400;400;400;1 759;703 600;0.00%
31/05/2024;375;420;420;375;10 677;4 244 108;-6.25%
03/06/2024;380;380;380;380;14 554;5 530 520;1.33%
04/06/2024;400;380;400;380;8 056;3 141 840;5.26%
05/06/2024;380;380;380;380;5 956;2 263 280;-5.00%
06/06/2024;395;380;395;380;878;340 225;3.95%
07/06/2024;400;395;400;395;3 598;1 430 205;1.27%
10/06/2024;400;400;400;400;3 945;1 578 000;0.00%
11/06/2024;400;400;400;400;2 718;1 087 200;0.00%
12/06/2024;400;400;400;400;7 350;2 940 000;0.00%
13/06/2024;400;400;400;400;721;288 400;0.00%
14/06/2024;405;415;415;405;5 157;2 114 370;1.25%
18/06/2024;390;390;390;390;4 526;1 765 140;-3.70%
19/06/2024;395;400;400;395;3 300;1 311 750;1.28%
20/06/2024;390;395;395;390;423;166 028;-1.27%
21/06/2024;410;400;410;400;681;275 805;5.13%
24/06/2024;410;400;410;400;2 034;823 770;0.00%
25/06/2024;390;410;410;390;4 435;1 774 000;-4.88%
26/06/2024;395;400;400;395;1 049;416 978;1.28%
27/06/2024;395;400;400;395;2 851;1 133 273;0.00%
28/06/2024;415;415;415;415;1 499;622 085;5.06%
01/07/2024;420;415;420;415;1 651;689 293;1.20%
02/07/2024;450;415;450;415;3 029;1 310 043;7.14%
03/07/2024;420;445;445;420;7 788;3 368 310;-6.67%
04/07/2024;420;415;420;415;9 244;3 859 370;0.00%
05/07/2024;440;450;450;440;3 774;1 679 430;4.76%
08/07/2024;430;420;430;420;3 567;1 515 975;-2.27%
09/07/2024;430;430;430;430;1 554;668 220;0.00%
10/07/2024;410;430;430;410;3 559;1 494 780;-4.65%
11/07/2024;420;420;420;420;5 819;2 443 980;2.44%
12/07/2024;420;420;420;420;728;305 760;0.00%
15/07/2024;420;420;420;420;990;415 800;0.00%
16/07/2024;420;420;420;420;1 876;787 920;0.00%
17/07/2024;415;420;420;415;845;352 788;-1.19%
18/07/2024;405;415;415;405;253;103 730;-2.41%
19/07/2024;405;405;405;405;2 901;1 174 905;0.00%
22/07/2024;425;405;425;405;3 814;1 582 810;4.94%
23/07/2024;420;425;425;420;179;75 628;-1.18%
24/07/2024;425;420;425;420;836;353 210;1.19%
25/07/2024;410;425;425;410;1 713;715 178;-3.53%
26/07/2024;410;410;410;410;5 130;2 103 300;0.00%
29/07/2024;405;405;405;405;1 248;505 440;-1.22%
30/07/2024;410;410;410;410;4 333;1 776 530;1.23%
31/07/2024;420;405;420;405;1 393;574 613;2.44%
01/08/2024;430;425;430;425;1 284;548 910;2.38%
02/08/2024;430;430;430;430;3 500;1 505 000;0.00%
05/08/2024;410;435;435;410;476;201 110;-4.65%
06/08/2024;400;410;410;400;7 044;2 852 820;-2.44%
07/08/2024;400;410;410;400;7 044;2 852 820;0.00%
08/08/2024;425;410;425;410;557;232 548;6.25%
09/08/2024;435;425;435;425;6 716;2 887 880;2.35%
12/08/2024;435;405;435;405;550;231 000;0.00%
13/08/2024;435;435;435;435;1 986;863 910;0.00%
14/08/2024;415;415;415;415;252;104 580;-4.60%
15/08/2024;415;415;415;415;252;104 580;0.00%
16/08/2024;420;415;420;415;2 630;1 098 025;1.20%
19/08/2024;420;420;420;420;817;343 140;0.00%
20/08/2024;420;435;435;420;2 733;1 168 358;0.00%
21/08/2024;420;410;420;410;549;227 835;0.00%
22/08/2024;420;420;420;420;648;272 160;0.00%
23/08/2024;430;420;430;420;607;257 975;2.38%
26/08/2024;430;430;430;430;1 145;492 350;0.00%
27/08/2024;415;430;430;415;2 663;1 125 118;-3.49%
28/08/2024;425;430;430;425;9 680;4 138 200;2.41%
29/08/2024;425;425;425;425;202;85 850;0.00%
30/08/2024;410;420;420;410;5 201;2 158 415;-3.53%
02/09/2024;420;420;420;420;1 262;530 040;2.44%
03/09/2024;400;420;420;400;7 724;3 166 840;-4.76%
04/09/2024;420;405;420;405;511;210 788;5.00%
05/09/2024;420;420;420;420;571;239 820;0.00%
06/09/2024;420;415;420;415;10 151;4 238 043;0.00%
09/09/2024;405;425;425;405;14 020;5 818 300;-3.57%
10/09/2024;425;425;425;425;11 612;4 935 100;4.94%
11/09/2024;425;425;425;425;12 200;5 185 000;0.00%
12/09/2024;425;425;425;425;266;113 050;0.00%
13/09/2024;405;425;425;405;9 953;4 130 495;-4.71%
16/09/2024;405;425;425;405;7 316;3 036 140;0.00%
17/09/2024;415;410;415;410;301;124 163;2.47%
18/09/2024;415;415;415;415;3 815;1 583 225;0.00%
19/09/2024;415;425;425;415;1 625;682 500;0.00%
20/09/2024;415;425;425;415;1 948;818 160;0.00%
23/09/2024;420;425;425;420;2 319;979 778;1.20%
24/09/2024;420;420;420;420;4 012;1 685 040;0.00%
25/09/2024;425;425;425;425;219;93 075;1.19%
26/09/2024;410;420;420;410;986;409 190;-3.53%
27/09/2024;420;410;420;410;1 016;421 640;2.44%
30/09/2024;420;420;420;420;5 665;2 379 300;0.00%
01/10/2024;420;420;420;420;356;149 520;0.00%
02/10/2024;420;420;420;420;174;73 080;0.00%
03/10/2024;420;420;420;420;4 346;1 825 320;0.00%
04/10/2024;420;415;420;415;4 592;1 917 160;0.00%
07/10/2024;430;430;430;430;8 195;3 523 850;2.38%
08/10/2024;425;425;425;425;1 275;541 875;-1.16%
09/10/2024;440;425;440;425;4 218;1 824 285;3.53%
10/10/2024;470;440;470;440;4 533;2 062 515;6.82%
11/10/2024;505;500;505;500;5 187;2 606 468;7.45%
14/10/2024;495;505;505;495;3 792;1 896 000;-1.98%
15/10/2024;480;500;500;480;4 852;2 377 480;-3.03%
16/10/2024;465;480;480;465;5 237;2 474 483;-3.13%
17/10/2024;465;460;465;460;815;376 938;0.00%
18/10/2024;460;465;465;460;833;385 263;-1.08%
21/10/2024;445;460;460;445;888;401 820;-3.26%
22/10/2024;455;450;455;450;3 848;1 741 220;2.25%
23/10/2024;450;455;455;450;2 255;1 020 388;-1.10%
24/10/2024;445;450;450;445;1 584;708 840;-1.11%
25/10/2024;460;450;460;450;7 812;3 554 460;3.37%
28/10/2024;455;460;460;455;1 110;507 825;-1.09%
29/10/2024;450;455;455;450;1 042;471 505;-1.10%
30/10/2024;450;455;455;450;1 592;720 380;0.00%
31/10/2024;440;440;440;440;2 589;1 139 160;-2.22%
01/11/2024;440;440;440;440;2 589;1 139 160;0.00%
04/11/2024;410;410;410;410;5 778;2 368 980;-6.82%
05/11/2024;390;405;405;390;8 393;3 336 218;-4.88%
06/11/2024;410;390;410;390;1 900;760 000;5.13%
07/11/2024;435;440;440;435;2 703;1 182 563;6.10%
08/11/2024;405;420;420;405;1 629;671 963;-6.90%
11/11/2024;405;405;405;405;464;187 920;0.00%
12/11/2024;400;400;400;400;2 090;836 000;-1.23%
13/11/2024;410;400;410;400;5 165;2 091 825;2.50%
14/11/2024;400;410;410;400;360;145 800;-2.44%
15/11/2024;400;410;410;400;360;145 800;0.00%
18/11/2024;400;400;400;400;2 500;1 000 000;0.00%
19/11/2024;395;380;395;380;3 150;1 220 625;-1.25%
20/11/2024;410;400;410;400;3 686;1 492 830;3.80%
21/11/2024;440;400;440;400;3 352;1 407 840;7.32%
22/11/2024;420;430;430;420;2 267;963 475;-4.55%
25/11/2024;420;420;420;420;401;168 420;0.00%
26/11/2024;415;420;420;415;2 188;913 490;-1.19%
27/11/2024;415;415;415;415;3 815;1 583 225;0.00%
28/11/2024;420;415;420;415;2 820;1 177 350;1.20%
29/11/2024;400;400;400;400;475;190 000;-4.76%
02/12/2024;390;400;400;390;2 979;1 176 705;-2.50%
03/12/2024;415;395;415;395;2 692;1 090 260;6.41%
04/12/2024;420;415;420;415;1 521;635 018;1.20%
05/12/2024;420;420;420;420;505;212 100;0.00%
06/12/2024;400;405;405;400;5 389;2 169 073;-4.76%
09/12/2024;410;400;410;400;1 031;417 555;2.50%
10/12/2024;400;410;410;400;4 498;1 821 690;-2.44%
11/12/2024;405;410;410;405;124;50 530;1.25%
12/12/2024;400;405;405;400;784;315 560;-1.23%
13/12/2024;400;395;400;395;436;173 310;0.00%
16/12/2024;405;400;405;400;1 050;422 625;1.25%
17/12/2024;400;405;405;400;34;13 685;-1.23%
18/12/2024;390;410;410;390;271;108 400;-2.50%
19/12/2024;385;400;400;385;6 469;2 539 083;-1.28%
20/12/2024;390;385;390;385;1 028;398 350;1.30%
23/12/2024;390;390;390;390;779;303 810;0.00%
24/12/2024;390;390;390;390;570;222 300;0.00%
25/12/2024;390;390;390;390;570;222 300;0.00%
26/12/2024;400;400;400;400;3 802;1 520 800;2.56%
27/12/2024;405;405;405;405;243;98 415;1.25%
30/12/2024;395;400;400;395;2 230;886 425;-2.47%
31/12/2024;410;415;415;410;151;62 288;3.80%
01/01/2025;410;415;415;410;151;62 288;0.00%
02/01/2025;400;415;415;400;33;13 448;-2.44%
03/01/2025;400;400;400;400;88;35 200;0.00%
06/01/2025;410;400;410;400;1 046;423 630;2.50%
07/01/2025;410;415;415;410;2 171;895 538;0.00%
08/01/2025;400;400;400;400;5 247;2 098 800;-2.44%
09/01/2025;410;420;420;410;336;139 440;2.50%
10/01/2025;415;415;415;415;249;103 335;1.22%
13/01/2025;390;415;415;390;378;152 145;-6.02%
14/01/2025;400;395;400;395;78;31 005;2.56%
15/01/2025;395;400;400;395;801;318 398;-1.25%
16/01/2025;400;415;415;400;1 067;434 803;1.27%
17/01/2025;400;415;415;400;1 165;474 738;0.00%
20/01/2025;390;400;400;390;1 874;740 230;-2.50%
21/01/2025;400;390;400;390;3 255;1 285 725;2.56%
22/01/2025;400;400;400;400;580;232 000;0.00%
23/01/2025;380;385;385;380;3 003;1 148 648;-5.00%
24/01/2025;390;380;390;380;1 827;703 395;2.63%
27/01/2025;380;390;390;380;1 043;401 555;-2.56%
28/01/2025;380;375;380;375;4 152;1 567 380;0.00%
29/01/2025;390;380;390;380;1 163;447 755;2.63%
30/01/2025;395;390;395;390;1 395;547 538;1.28%
31/01/2025;395;385;395;385;1 944;758 160;0.00%
03/02/2025;385;385;385;385;873;336 105;-2.53%
04/02/2025;410;385;410;385;1 885;749 288;6.49%
05/02/2025;415;415;415;415;1 212;502 980;1.22%
06/02/2025;400;410;410;400;263;106 515;-3.61%
07/02/2025;390;410;410;390;3 566;1 426 400;-2.50%
10/02/2025;400;385;400;385;1 560;612 300;2.56%
11/02/2025;395;380;395;380;819;317 363;-1.25%
12/02/2025;400;400;400;400;2 368;947 200;1.27%
13/02/2025;400;395;400;395;1 951;775 523;0.00%
14/02/2025;400;400;400;400;510;204 000;0.00%
17/02/2025;400;400;400;400;2 313;925 200;0.00%
18/02/2025;385;400;400;385;20 056;7 871 980;-3.75%
19/02/2025;390;385;390;385;865;335 188;1.30%
20/02/2025;410;415;415;410;9 251;3 816 038;5.13%
21/02/2025;400;410;410;400;4 983;2 018 115;-2.44%
24/02/2025;400;395;400;395;6 468;2 571 030;0.00%
25/02/2025;395;400;400;395;817;324 758;-1.25%
26/02/2025;385;395;395;385;3 518;1 372 020;-2.53%
28/02/2025;400;385;400;385;3 172;1 245 010;3.90%
03/03/2025;410;400;410;400;4 450;1 802 250;2.50%
04/03/2025;405;410;410;405;1 722;701 715;-1.22%
05/03/2025;410;405;410;405;5 366;2 186 645;1.23%
06/03/2025;410;410;410;410;2 605;1 068 050;0.00%
07/03/2025;410;410;410;410;5 892;2 415 720;0.00%
10/03/2025;405;410;410;405;8 390;3 418 925;-1.22%
11/03/2025;415;405;415;405;10 006;4 102 460;2.47%
12/03/2025;410;410;410;410;32 376;13 274 160;-1.20%
13/03/2025;415;410;415;410;5 100;2 103 750;1.22%
14/03/2025;415;415;415;415;2 399;995 585;0.00%
17/03/2025;415;390;415;390;1 917;771 593;0.00%
18/03/2025;410;415;415;410;6 710;2 767 875;-1.20%
19/03/2025;415;415;415;415;5 958;2 472 570;1.22%
20/03/2025;410;400;410;400;1 344;544 320;-1.20%
21/03/2025;410;410;410;410;185;75 850;0.00%
24/03/2025;400;410;410;400;5 972;2 418 660;-2.44%
25/03/2025;395;405;405;395;7 269;2 907 600;-1.25%
26/03/2025;405;410;410;405;1 550;631 625;2.53%
27/03/2025;405;410;410;405;1 550;631 625;0.00%
28/03/2025;410;405;410;405;1 498;610 435;1.23%
31/03/2025;410;405;410;405;1 498;610 435;0.00%
01/04/2025;400;410;410;400;3 837;1 553 985;-2.44%
02/04/2025;395;405;405;395;1 240;496 000;-1.25%
03/04/2025;395;395;395;395;8 329;3 289 955;0.00%
04/04/2025;400;395;400;395;2 052;815 670;1.27%
07/04/2025;395;400;400;395;2 882;1 145 595;-1.25%
08/04/2025;395;395;395;395;2 716;1 072 820;0.00%
09/04/2025;395;395;395;395;2 662;1 051 490;0.00%
10/04/2025;385;395;395;385;1 437;560 430;-2.53%
11/04/2025;385;400;400;385;7 205;2 827 963;0.00%
14/04/2025;390;385;390;385;931;360 763;1.30%
15/04/2025;390;390;390;390;619;241 410;0.00%
16/04/2025;390;390;390;390;200;78 000;0.00%
17/04/2025;395;390;395;390;2 252;883 910;1.28%
18/04/2025;400;400;400;400;561;224 400;1.27%
21/04/2025;400;400;400;400;561;224 400;0.00%
22/04/2025;395;400;400;395;947;376 433;-1.25%
23/04/2025;395;395;395;395;5 041;1 991 195;0.00%
24/04/2025;405;395;405;395;1 338;535 200;2.53%
25/04/2025;395;400;400;395;4 428;1 760 130;-2.47%
28/04/2025;395;395;395;395;3 964;1 565 780;0.00%
29/04/2025;395;390;395;390;992;389 360;0.00%
30/04/2025;420;420;420;420;11 457;4 811 940;6.33%
01/05/2025;420;420;420;420;11 457;4 811 940;0.00%
02/05/2025;450;450;450;450;19 130;8 608 500;7.14%
05/05/2025;480;480;480;480;5 720;2 745 600;6.67%
06/05/2025;515;500;515;500;11 317;5 743 378;7.29%
07/05/2025;535;515;535;515;9 963;5 230 575;3.88%
08/05/2025;575;530;575;530;10 315;5 699 038;7.48%
09/05/2025;615;615;615;615;2 512;1 544 880;6.96%
12/05/2025;660;660;660;660;12 160;8 025 600;7.32%
13/05/2025;705;660;705;660;26 213;17 890 373;6.82%
14/05/2025;715;715;715;715;13 449;9 616 035;1.42%
15/05/2025;665;710;710;665;5 378;3 697 375;-6.99%
16/05/2025;620;625;625;620;3 671;2 285 198;-6.77%
19/05/2025;575;575;575;575;4 051;2 329 325;-7.26%
20/05/2025;535;535;535;535;3 697;1 977 895;-6.96%
21/05/2025;505;515;515;505;10 112;5 157 120;-5.61%
22/05/2025;515;510;515;510;4 933;2 528 163;1.98%
23/05/2025;510;520;520;510;16 069;8 275 535;-0.97%
26/05/2025;475;510;510;475;2 882;1 419 385;-6.86%
27/05/2025;510;510;510;510;1 490;759 900;7.37%
28/05/2025;525;525;525;525;2 944;1 545 600;2.94%
29/05/2025;525;525;525;525;2 944;1 545 600;0.00%
30/05/2025;515;520;520;515;4 576;2 368 080;-1.90%
02/06/2025;505;510;510;505;5 983;3 036 373;-1.94%
03/06/2025;515;500;515;500;4 146;2 104 095;1.98%
04/06/2025;525;515;525;515;6 481;3 370 120;1.94%
05/06/2025;555;525;555;525;704;380 160;5.71%
10/06/2025;550;550;550;550;3 909;2 149 950;-0.90%
11/06/2025;550;545;550;545;3 211;1 758 023;0.00%
12/06/2025;510;555;555;510;11 193;5 960 273;-7.27%
13/06/2025;530;545;545;530;4 603;2 474 113;3.92%
16/06/2025;560;545;560;545;6 723;3 714 458;5.66%
17/06/2025;585;560;585;560;9 838;5 632 255;4.46%
18/06/2025;600;620;620;600;3 796;2 315 560;2.56%
19/06/2025;590;600;600;590;4 330;2 576 350;-1.67%
20/06/2025;600;590;600;590;6 913;4 113 235;1.69%
23/06/2025;590;600;600;590;6 717;3 996 615;-1.67%
24/06/2025;590;590;590;590;8 093;4 774 870;0.00%
25/06/2025;590;590;590;590;32 424;19 130 160;0.00%
26/06/2025;600;590;600;590;2 214;1 317 330;1.69%
27/06/2025;590;600;600;590;7 423;4 416 685;-1.67%
30/06/2025;595;585;595;585;18 511;10 921 490;0.85%
01/07/2025;580;590;590;580;541;316 485;-2.52%
02/07/2025;585;580;585;580;4 170;2 429 025;0.86%
03/07/2025;585;585;585;585;3 300;1 930 500;0.00%
04/07/2025;580;585;585;580;15 315;8 920 988;-0.85%
07/07/2025;580;580;580;580;836;484 880;0.00%
08/07/2025;540;595;595;540;12 514;7 101 695;-6.90%
09/07/2025;580;580;580;580;13 556;7 862 480;7.41%
10/07/2025;575;575;575;575;4 693;2 698 475;-0.86%
11/07/2025;550;580;580;550;1 315;742 975;-4.35%
14/07/2025;525;575;575;525;5 345;2 939 750;-4.55%
15/07/2025;560;550;560;550;994;551 670;6.67%
16/07/2025;565;570;570;565;4 654;2 641 145;0.89%
17/07/2025;560;565;565;560;685;385 313;-0.88%
18/07/2025;560;565;565;560;1 313;738 563;0.00%
21/07/2025;585;560;585;560;1 006;575 935;4.46%
22/07/2025;580;585;585;580;2 420;1 409 650;-0.85%
23/07/2025;550;580;580;550;15 855;8 958 075;-5.17%
24/07/2025;590;585;590;585;3 347;1 966 363;7.27%
25/07/2025;580;590;590;580;1 755;1 026 675;-1.69%
28/07/2025;580;580;580;580;717;415 860;0.00%
29/07/2025;555;550;555;550;361;199 453;-4.31%
30/07/2025;575;555;575;555;539;304 535;3.60%
31/07/2025;565;575;575;565;937;534 090;-1.74%
01/08/2025;570;575;575;570;1 255;718 488;0.88%
04/08/2025;580;570;580;570;771;443 325;1.75%
05/08/2025;580;575;580;575;1 302;751 905;0.00%
06/08/2025;580;580;580;580;1 468;851 440;0.00%
07/08/2025;580;580;580;580;1 468;851 440;0.00%
08/08/2025;550;585;585;550;16 840;9 556 700;-5.17%
11/08/2025;550;550;550;550;3 364;1 850 200;0.00%
12/08/2025;580;575;580;575;3 003;1 734 233;5.45%
13/08/2025;580;580;580;580;1 796;1 041 680;0.00%
14/08/2025;580;580;580;580;2 136;1 238 880;0.00%
15/08/2025;580;580;580;580;2 136;1 238 880;0.00%
18/08/2025;620;620;620;620;11 874;7 361 880;6.90%
19/08/2025;665;665;665;665;4 746;3 156 090;7.26%
20/08/2025;710;710;710;710;27 241;19 341 110;6.77%
21/08/2025;740;745;745;740;55 731;41 380 268;4.23%
22/08/2025;710;730;730;710;7 826;5 634 720;-4.05%
25/08/2025;745;730;745;730;41 033;30 261 838;4.93%
26/08/2025;725;745;745;725;22 785;16 746 975;-2.68%
27/08/2025;760;725;760;725;13 836;10 273 230;4.83%
28/08/2025;815;765;815;765;47 494;37 520 260;7.24%
29/08/2025;875;830;875;830;13 809;11 772 173;7.36%
01/09/2025;915;915;915;915;25 272;23 123 880;4.57%
02/09/2025;930;915;930;915;18 085;16 683 413;1.64%
03/09/2025;870;930;930;870;19 088;17 179 200;-6.45%
04/09/2025;870;930;930;870;19 088;17 179 200;0.00%
05/09/2025;805;805;805;805;21 574;17 367 070;-7.47%
08/09/2025;865;810;865;810;20 398;17 083 325;7.45%
09/09/2025;925;900;925;900;19 184;17 505 400;6.94%
10/09/2025;945;925;945;925;33 895;31 691 825;2.16%
11/09/2025;905;945;945;905;7 876;7 285 300;-4.23%
12/09/2025;970;960;970;960;5 851;5 646 215;7.18%
15/09/2025;1 000;970;1 000;970;13 541;13 337 885;3.09%
16/09/2025;995;1 000;1 000;995;18 934;18 886 665;-0.50%
17/09/2025;990;990;990;990;37 900;37 521 000;-0.50%
18/09/2025;1 060;990;1 060;990;12 867;13 188 675;7.07%
19/09/2025;1 135;1 135;1 135;1 135;6 409;7 274 215;7.08%
22/09/2025;1 220;1 220;1 220;1 220;10 893;13 289 460;7.49%
23/09/2025;1 300;1 290;1 300;1 290;83 450;108 067 750;6.56%
24/09/2025;1 360;1 285;1 360;1 285;77 838;102 940 755;4.62%
25/09/2025;1 360;1 385;1 385;1 360;12 437;17 069 783;0.00%
26/09/2025;1 315;1 360;1 360;1 315;25 481;34 080 838;-3.31%
29/09/2025;1 275;1 270;1 275;1 270;50 502;64 263 795;-3.04%
30/09/2025;1 270;1 270;1 270;1 270;49 904;63 378 080;-0.39%
01/10/2025;1 175;1 265;1 265;1 175;33 310;40 638 200;-7.48%
02/10/2025;1 260;1 180;1 260;1 180;14 339;17 493 580;7.23%
03/10/2025;1 345;1 270;1 345;1 270;16 674;21 801 255;6.75%
06/10/2025;1 425;1 355;1 425;1 355;72 494;100 766 660;5.95%
07/10/2025;1 425;1 430;1 430;1 425;11 814;16 864 485;0.00%
08/10/2025;1 425;1 435;1 435;1 425;36 116;51 645 880;0.00%
09/10/2025;1 475;1 450;1 475;1 450;37 132;54 305 550;3.51%
10/10/2025;1 480;1 480;1 480;1 480;27 144;40 173 120;0.34%
13/10/2025;1 550;1 485;1 550;1 485;56 306;85 444 355;4.73%
14/10/2025;1 665;1 560;1 665;1 560;36 075;58 170 938;7.42%
15/10/2025;1 785;1 715;1 785;1 715;19 984;34 972 000;7.21%
16/10/2025;1 785;1 785;1 785;1 785;18 303;32 670 855;0.00%
17/10/2025;1 700;1 745;1 745;1 700;27 006;46 517 835;-4.76%
20/10/2025;1 700;1 700;1 700;1 700;19 553;33 240 100;0.00%
21/10/2025;1 800;1 700;1 800;1 700;34 703;60 730 250;5.88%
22/10/2025;1 890;1 800;1 890;1 800;59 006;108 866 070;5.00%
23/10/2025;1 970;1 890;1 970;1 890;24 289;46 877 770;4.23%
24/10/2025;1 870;1 970;1 970;1 870;5 404;10 375 680;-5.08%
27/10/2025;1 895;1 870;1 895;1 870;16 183;30 464 498;1.34%
28/10/2025;1 870;1 860;1 870;1 860;6 165;11 497 725;-1.32%
29/10/2025;1 850;1 850;1 850;1 850;2 849;5 270 650;-1.07%
30/10/2025;1 830;1 850;1 850;1 830;10 714;19 713 760;-1.08%
31/10/2025;1 695;1 800;1 800;1 695;92 094;160 934 265;-7.38%
03/11/2025;1 570;1 570;1 570;1 570;49 853;78 269 210;-7.37%
04/11/2025;1 455;1 455;1 455;1 455;1 611;2 344 005;-7.32%
05/11/2025;1 360;1 350;1 360;1 350;66 815;90 534 325;-6.53%
06/11/2025;1 460;1 310;1 460;1 310;10 099;13 987 115;7.35%
07/11/2025;1 565;1 565;1 565;1 565;-;0;7.19%
10/11/2025;1 680;1 575;1 680;1 575;14 495;23 590 613;7.35%
11/11/2025;1 595;1 750;1 750;1 595;10 435;17 452 538;-5.06%
12/11/2025;1 480;1 500;1 500;1 480;8 880;13 231 200;-7.21%
13/11/2025;1 470;1 370;1 470;1 370;36 172;51 364 240;-0.68%
14/11/2025;1 450;1 470;1 470;1 450;1 817;2 652 820;-1.36%
17/11/2025;1 450;1 450;1 450;1 450;1 231;1 784 950;0.00%
18/11/2025;1 445;1 445;1 445;1 445;14 348;20 732 860;-0.34%
19/11/2025;1 385;1 445;1 445;1 385;7 284;10 306 860;-4.15%
20/11/2025;1 430;1 435;1 435;1 430;6 499;9 309 818;3.25%
21/11/2025;1 470;1 430;1 470;1 430;2 270;3 291 500;2.80%
24/11/2025;1 575;1 430;1 575;1 430;7 509;11 282 273;7.14%
25/11/2025;1 560;1 560;1 560;1 560;3 243;5 059 080;-0.95%
26/11/2025;1 545;1 500;1 545;1 500;5 701;8 679 773;-0.96%
27/11/2025;1 495;1 505;1 505;1 495;2 040;3 060 000;-3.24%
28/11/2025;1 490;1 500;1 500;1 490;8 896;13 299 520;-0.33%
01/12/2025;1 450;1 390;1 450;1 390;1 476;2 095 920;-2.68%
02/12/2025;1 450;1 450;1 450;1 450;1 507;2 185 150;0.00%
03/12/2025;1 445;1 450;1 450;1 445;1 927;2 789 333;-0.34%
04/12/2025;1 400;1 435;1 435;1 400;11 150;15 805 125;-3.11%
05/12/2025;1 400;1 390;1 400;1 390;11 932;16 645 140;0.00%
08/12/2025;1 400;1 400;1 400;1 400;6 355;8 897 000;0.00%
09/12/2025;1 450;1 400;1 450;1 400;13 627;19 418 475;3.57%
10/12/2025;1 440;1 440;1 440;1 440;1 304;1 877 760;-0.69%
11/12/2025;1 440;1 440;1 440;1 440;2 436;3 507 840;0.00%
12/12/2025;1 430;1 440;1 440;1 430;1 192;1 710 520;-0.69%
15/12/2025;1 430;1 430;1 430;1 430;2 086;2 982 980;0.00%
16/12/2025;1 425;1 430;1 430;1 425;1 827;2 608 043;-0.35%
17/12/2025;1 425;1 430;1 430;1 425;5 012;7 154 630;0.00%
18/12/2025;1 435;1 445;1 445;1 435;821;1 182 240;0.70%
19/12/2025;1 440;1 435;1 440;1 435;1 939;2 787 313;0.35%
22/12/2025;1 400;1 400;1 400;1 400;32 491;45 487 400;-2.78%
23/12/2025;1 395;1 400;1 400;1 395;13 334;18 634 265;-0.36%
24/12/2025;1 385;1 395;1 395;1 385;5 402;7 508 780;-0.72%
25/12/2025;1 385;1 395;1 395;1 385;5 402;7 508 780;0.00%
26/12/2025;1 390;1 395;1 395;1 390;4 270;5 945 975;0.36%
29/12/2025;1 400;1 390;1 400;1 390;2 019;2 816 505;0.72%
30/12/2025;1 405;1 400;1 405;1 400;14 136;19 825 740;0.36%
31/12/2025;1 400;1 420;1 420;1 400;2 066;2 913 060;-0.36%
01/01/2026;1 400;1 420;1 420;1 400;2 066;2 913 060;0.00%
02/01/2026;1 410;1 400;1 410;1 400;5 488;7 710 640;0.71%
05/01/2026;1 410;1 395;1 410;1 395;2 482;3 481 005;0.00%
06/01/2026;1 380;1 390;1 390;1 380;2 807;3 887 695;-2.13%
07/01/2026;1 395;1 380;1 395;1 380;3 774;5 236 425;1.09%
08/01/2026;1 395;1 395;1 395;1 395;2 954;4 120 830;0.00%
09/01/2026;1 395;1 385;1 395;1 385;1 319;1 833 410;0.00%
12/01/2026;1 395;1 395;1 395;1 395;7 157;9 984 015;0.00%
13/01/2026;1 425;1 395;1 425;1 395;2 083;2 937 030;2.15%
14/01/2026;1 455;1 425;1 455;1 425;4 486;6 459 840;2.11%
15/01/2026;1 455;1 450;1 455;1 450;3 567;5 181 068;0.00%
16/01/2026;1 455;1 455;1 455;1 455;2 119;3 083 145;0.00%
19/01/2026;1 485;1 455;1 485;1 455;3 448;5 068 560;2.06%
20/01/2026;1 490;1 485;1 490;1 485;3 273;4 868 588;0.34%
21/01/2026;1 490;1 480;1 490;1 480;5 898;8 758 530;0.00%
22/01/2026;1 515;1 500;1 515;1 500;9 371;14 126 783;1.68%
23/01/2026;1 625;1 525;1 625;1 525;10 766;16 956 450;7.26%
26/01/2026;1 715;1 620;1 715;1 620;20 739;34 582 283;5.54%
27/01/2026;1 650;1 710;1 710;1 650;5 948;9 992 640;-3.79%
28/01/2026;1 635;1 650;1 650;1 635;4 905;8 056 463;-0.91%
29/01/2026;1 515;1 635;1 635;1 515;8 807;13 871 025;-7.34%
30/01/2026;1 600;1 590;1 600;1 590;4 296;6 852 120;5.61%
02/02/2026;1 600;1 600;1 600;1 600;5 021;8 033 600;0.00%
03/02/2026;1 610;1 625;1 625;1 610;5 884;9 517 370;0.63%
04/02/2026;1 650;1 655;1 655;1 650;15 818;26 139 245;2.48%
05/02/2026;1 770;1 675;1 770;1 675;36 678;63 177 855;7.27%
06/02/2026;1 900;1 790;1 900;1 790;18 041;33 285 645;7.34%
09/02/2026;1 980;1 995;1 995;1 980;27 103;53 867 213;4.21%
10/02/2026;2 125;2 000;2 125;2 000;43 605;89 935 313;7.32%
11/02/2026;2 280;2 280;2 280;2 280;209 102;476 752 560;7.29%
12/02/2026;2 110;2 395;2 395;2 110;91 867;206 930 418;-7.46%
13/02/2026;2 200;1 955;2 200;1 955;74 972;155 754 330;4.27%
16/02/2026;2 240;2 205;2 240;2 205;59 498;132 234 305;1.82%
17/02/2026;2 300;2 250;2 300;2 250;34 510;78 510 250;2.68%
18/02/2026;2 395;2 300;2 395;2 300;37 507;88 047 683;4.13%
19/02/2026;2 355;2 400;2 400;2 355;15 321;36 425 678;-1.67%
20/02/2026;2 295;2 355;2 355;2 295;20 878;48 541 350;-2.55%
23/02/2026;2 345;2 305;2 345;2 305;26 366;61 300 950;2.18%
24/02/2026;2 400;2 340;2 400;2 340;12 989;30 783 930;2.35%
25/02/2026;2 350;2 400;2 400;2 350;12 078;28 685 250;-2.08%
26/02/2026;2 375;2 350;2 375;2 350;9 625;22 739 063;1.06%
27/02/2026;2 355;2 385;2 385;2 355;8 538;20 235 060;-0.84%
02/03/2026;2 305;2 355;2 355;2 305;9 132;21 277 560;-2.12%
03/03/2026;2 135;2 295;2 295;2 135;27 100;60 026 500;-7.38%
04/03/2026;1 995;1 975;1 995;1 975;28 464;56 501 040;-6.56%
05/03/2026;2 140;1 990;2 140;1 990;16 737;34 561 905;7.27%
06/03/2026;2 250;2 150;2 250;2 150;14 012;30 826 400;5.14%
09/03/2026;2 100;2 245;2 245;2 100;20 936;45 483 460;-6.67%
10/03/2026;2 100;2 100;2 100;2 100;20 530;43 113 000;0.00%
11/03/2026;2 000;2 100;2 100;2 000;17 067;34 987 350;-4.76%
12/03/2026;2 000;2 000;2 000;2 000;21 385;42 770 000;0.00%
13/03/2026;1 980;2 000;2 000;1 980;10 085;20 069 150;-1.00%
16/03/2026;1 980;2 000;2 000;1 980;10 085;20 069 150;0.00%
17/03/2026;1 965;1 985;1 985;1 965;9 556;18 873 100;-0.76%
18/03/2026;2 000;1 965;2 000;1 965;10 968;21 744 060;1.78%
19/03/2026;2 000;2 000;2 000;2 000;12 656;25 312 000;0.00%
20/03/2026;2 000;2 000;2 000;2 000;12 656;25 312 000;0.00%
23/03/2026;2 095;2 000;2 095;2 000;9 584;19 623 240;4.75%
24/03/2026;2 095;2 095;2 095;2 095;11 296;23 665 120;0.00%
25/03/2026;2 075;2 100;2 100;2 075;10 793;22 530 388;-0.95%
26/03/2026;2 065;2 075;2 075;2 065;4 750;9 832 500;-0.48%
27/03/2026;2 095;2 050;2 095;2 050;6 011;12 457 798;1.45%
30/03/2026;2 000;2 095;2 095;2 000;8 542;17 489 745;-4.53%
31/03/2026;2 000;2 005;2 005;2 000;16 780;33 601 950;0.00%
01/04/2026;1 975;1 980;1 980;1 975;7 885;15 592 588;-1.25%
02/04/2026;1 980;1 990;1 990;1 980;14 297;28 379 545;0.25%
03/04/2026;1 925;1 985;1 985;1 925;13 859;27 094 345;-2.78%
06/04/2026;1 925;1 985;1 985;1 925;13 859;27 094 345;0.00%
07/04/2026;1 980;1 975;1 980;1 975;15 121;29 901 778;2.86%
08/04/2026;1 935;1 980;1 980;1 935;8 828;17 280 810;-2.27%
09/04/2026;1 945;1 935;1 945;1 935;10 292;19 966 480;0.52%
10/04/2026;1 960;1 950;1 960;1 950;6 066;11 859 030;0.77%
13/04/2026;1 975;1 980;1 980;1 975;4 591;9 078 703;0.77%
14/04/2026;1 955;1 970;1 970;1 955;8 374;16 433 975;-1.01%
15/04/2026;1 855;1 950;1 950;1 855;14 246;27 103 015;-5.12%
16/04/2026;1 870;1 900;1 900;1 870;6 871;12 951 835;0.81%
17/04/2026;1 875;1 860;1 875;1 860;6 800;12 699 000;0.27%
20/04/2026;1 875;1 855;1 875;1 855;8 755;16 328 075;0.00%
21/04/2026;1 875;1 875;1 875;1 875;5 219;9 785 625;0.00%
22/04/2026;1 950;1 980;1 980;1 950;1 735;3 409 275;4.00%
23/04/2026;1 940;1 895;1 940;1 895;11 469;21 991 808;-0.51%
24/04/2026;2 085;1 940;2 085;1 940;36 739;73 937 238;7.47%
27/04/2026;2 090;2 095;2 095;2 090;13 763;28 799 078;0.24%
28/04/2026;1 975;1 950;1 975;1 950;1 787;3 506 988;-5.50%
29/04/2026;1 975;1 975;1 975;1 975;4 321;8 533 975;0.00%
30/04/2026;1 900;1 875;1 900;1 875;3 013;5 687 038;-3.80%
01/05/2026;1 900;1 875;1 900;1 875;3 013;5 687 038;0.00%
04/05/2026;1 880;1 895;1 895;1 880;9 963;18 805 163;-1.05%
05/05/2026;1 885;1 880;1 885;1 880;6 859;12 912 068;0.27%
06/05/2026;1 865;1 880;1 880;1 865;10 519;19 696 828;-1.06%
07/05/2026;1 815;1 870;1 870;1 815;6 987;12 873 548;-2.68%
08/05/2026;1 805;1 805;1 805;1 805;8 086;14 595 230;-0.55%
11/05/2026;1 835;1 805;1 835;1 805;10 131;18 438 420;1.66%
12/05/2026;1 825;1 835;1 835;1 825;9 600;17 568 000;-0.54%
13/05/2026;1 840;1 825;1 840;1 825;16 098;29 499 585;0.82%
14/05/2026;1 840;1 825;1 840;1 825;16 098;29 499 585;0.00%
15/05/2026;1 835;1 840;1 840;1 835;4 943;9 082 763;-0.27%
18/05/2026;1 830;1 850;1 850;1 830;7 326;13 479 840;-0.27%
19/05/2026;1 795;1 830;1 830;1 795;4 795;8 690 938;-1.91%
20/05/2026;1 760;1 800;1 800;1 760;7 402;13 175 560;-1.95%
21/05/2026;1 760;1 790;1 790;1 760;12 251;21 745 525;0.00%
22/05/2026;1 795;1 760;1 795;1 760;6 592;11 717 280;1.99%
25/05/2026;1 795;1 760;1 795;1 760;6 592;11 717 280;0.00%
26/05/2026;1 780;1 785;1 785;1 780;5 051;9 003 408;-0.84%
27/05/2026;1 780;1 785;1 785;1 780;5 051;9 003 408;0.00%
28/05/2026;1 770;1 770;1 770;1 770;4 703;8 324 310;-0.56%
29/05/2026;1 790;1 780;1 790;1 780;10 475;18 697 875;1.13%
01/06/2026;1 780;1 790;1 790;1 780;5 379;9 601 515;-0.56%
02/06/2026;1 790;1 785;1 790;1 785;9 037;16 153 638;0.56%
03/06/2026;1 800;1 850;1 850;1 800;50 120;91 469 000;0.56%
04/06/2026;1 865;1 805;1 865;1 805;20 726;38 032 210;3.61%
05/06/2026;1 880;1 875;1 880;1 875;8 740;16 409 350;0.80%
08/06/2026;1 890;1 885;1 890;1 885;6 821;12 874 638;0.53%
09/06/2026;1 905;1 890;1 905;1 890;6 758;12 823 305;0.79%
10/06/2026;1 950;1 915;1 950;1 915;5 607;10 835 528;2.36%
11/06/2026;1 970;1 945;1 970;1 945;4 571;8 947 733;1.03%
12/06/2026;1 970;1 975;1 975;1 970;5 986;11 807 385;0.00%
15/06/2026;1 980;1 980;1 980;1 980;6 086;12 050 280;0.51%
16/06/2026;1 970;1 980;1 980;1 970;5 252;10 372 700;-0.51%
17/06/2026;1 945;1 970;1 970;1 945;6 212;12 159 990;-1.27%
18/06/2026;1 950;1 945;1 950;1 945;3 346;6 516 335;0.26%
19/06/2026;1 930;1 940;1 940;1 930;11 392;22 043 520;-1.03%
22/06/2026;1 940;1 930;1 940;1 930;5 398;10 445 130;0.52%
23/06/2026;1 945;1 925;1 945;1 925;12 327;23 852 745;0.26%
24/06/2026;1 965;1 950;1 965;1 950;8 885;17 392 388;1.03%
25/06/2026;1 980;1 965;1 980;1 965;7 959;15 699 128;0.76%
26/06/2026;1 985;1 985;1 985;1 985;7 371;14 631 435;0.25%
29/06/2026;1 970;1 950;1 970;1 950;6 705;13 141 800;-0.76%
