Date;Clôture;Plus bas;Plus haut;Ouverture;Volume Titres;Volume FCFA;Variation %
06/01/2012;1 200;1 200;1 200;1 200;146;175 200;0.00%
11/01/2012;1 200;1 200;1 200;1 200;450;540 000;0.00%
12/01/2012;1 200;1 200;1 200;1 200;4 072;4 886 400;0.00%
13/01/2012;1 200;1 200;1 200;1 200;1 200;1 440 000;0.00%
16/01/2012;1 200;1 200;1 200;1 200;120;144 000;0.00%
17/01/2012;1 200;1 200;1 200;1 200;150;180 000;0.00%
19/01/2012;1 200;1 200;1 200;1 200;140;168 000;0.00%
23/01/2012;1 200;1 200;1 200;1 200;90;108 000;0.00%
24/01/2012;1 200;1 200;1 200;1 200;78;93 600;0.00%
25/01/2012;1 200;1 200;1 200;1 200;44;52 800;0.00%
30/01/2012;1 200;1 200;1 200;1 200;44;52 800;0.00%
31/01/2012;1 200;1 200;1 200;1 200;6;7 200;0.00%
01/02/2012;1 200;1 200;1 200;1 200;140;168 000;0.00%
02/02/2012;1 200;1 200;1 200;1 200;80;96 000;0.00%
03/02/2012;1 200;1 200;1 200;1 200;16;19 200;0.00%
06/02/2012;1 200;1 200;1 200;1 200;20;24 000;0.00%
08/02/2012;1 200;1 200;1 200;1 200;34;40 800;0.00%
09/02/2012;1 200;1 200;1 200;1 200;20;24 000;0.00%
10/02/2012;1 200;1 200;1 200;1 200;60;72 000;0.00%
15/02/2012;1 200;1 200;1 200;1 200;30;36 000;0.00%
20/02/2012;1 200;1 200;1 200;1 200;108;129 600;0.00%
22/02/2012;1 200;1 200;1 200;1 200;50;60 000;0.00%
27/02/2012;1 201;1 201;1 201;1 201;500;600 250;0.04%
28/02/2012;1 214;1 214;1 214;1 214;800;971 200;1.12%
29/02/2012;1 225;1 225;1 225;1 225;44;53 900;0.91%
01/03/2012;1 227;1 227;1 227;1 227;200;245 300;0.12%
07/03/2012;1 230;1 230;1 230;1 230;86;105 780;0.29%
08/03/2012;1 275;1 275;1 275;1 275;540;688 500;3.66%
19/03/2012;1 371;1 371;1 371;1 371;36;49 338;7.49%
20/03/2012;1 375;1 375;1 375;1 375;428;588 500;0.33%
26/03/2012;1 350;1 350;1 350;1 350;20;27 000;-1.82%
05/04/2012;1 350;1 350;1 350;1 350;52;70 200;0.00%
12/04/2012;1 350;1 350;1 350;1 350;100;135 000;0.00%
13/04/2012;1 350;1 350;1 350;1 350;200;270 000;0.00%
18/04/2012;1 350;1 350;1 350;1 350;198;267 300;0.00%
20/04/2012;1 350;1 350;1 350;1 350;2;2 700;0.00%
23/04/2012;1 350;1 350;1 350;1 350;44;59 400;0.00%
24/04/2012;1 375;1 375;1 375;1 375;30;41 250;1.85%
25/04/2012;1 350;1 350;1 350;1 350;80;108 000;-1.82%
30/04/2012;1 338;1 338;1 338;1 338;400;535 000;-0.93%
02/05/2012;1 338;1 338;1 338;1 338;500;668 750;0.00%
03/05/2012;1 338;1 338;1 338;1 338;336;449 400;0.00%
07/05/2012;1 338;1 338;1 338;1 338;1 302;1 741 425;0.00%
08/05/2012;1 338;1 338;1 338;1 338;28;37 450;0.00%
10/05/2012;1 338;1 338;1 338;1 338;38;50 825;0.00%
15/05/2012;1 338;1 338;1 338;1 338;124;165 850;0.00%
16/05/2012;1 350;1 350;1 350;1 350;46;62 100;0.93%
22/05/2012;1 338;1 338;1 338;1 338;556;743 650;-0.93%
23/05/2012;1 338;1 338;1 338;1 338;2;2 675;0.00%
24/05/2012;1 350;1 350;1 350;1 350;30;40 500;0.93%
25/05/2012;1 350;1 350;1 350;1 350;42;56 700;0.00%
30/05/2012;1 350;1 350;1 350;1 350;438;591 300;0.00%
01/06/2012;1 350;1 350;1 350;1 350;76;102 600;0.00%
04/06/2012;1 350;1 350;1 350;1 350;120;162 000;0.00%
05/06/2012;1 350;1 350;1 350;1 350;736;993 600;0.00%
07/06/2012;1 350;1 350;1 350;1 350;4;5 400;0.00%
12/06/2012;1 350;1 350;1 350;1 350;20;27 000;0.00%
14/06/2012;1 350;1 350;1 350;1 350;36;48 600;0.00%
18/06/2012;1 350;1 350;1 350;1 350;400;540 000;0.00%
19/06/2012;1 350;1 350;1 350;1 350;754;1 017 900;0.00%
20/06/2012;1 353;1 353;1 353;1 353;136;183 940;0.19%
21/06/2012;1 353;1 353;1 353;1 353;952;1 287 580;0.00%
27/06/2012;1 363;1 363;1 363;1 363;30;40 875;0.74%
02/07/2012;1 363;1 363;1 363;1 363;32;43 600;0.00%
04/07/2012;1 363;1 363;1 363;1 363;100;136 250;0.00%
05/07/2012;1 363;1 363;1 363;1 363;556;757 550;0.00%
06/07/2012;1 363;1 363;1 363;1 363;64;87 200;0.00%
11/07/2012;1 350;1 350;1 350;1 350;1 200;1 620 000;-0.92%
13/07/2012;1 363;1 363;1 363;1 363;20;27 250;0.93%
18/07/2012;1 363;1 363;1 363;1 363;40;54 500;0.00%
19/07/2012;1 350;1 350;1 350;1 350;488;658 800;-0.92%
20/07/2012;1 350;1 350;1 350;1 350;70;94 500;0.00%
25/07/2012;1 350;1 350;1 350;1 350;8;10 800;0.00%
26/07/2012;1 350;1 350;1 350;1 350;334;450 900;0.00%
27/07/2012;1 350;1 350;1 350;1 350;12;16 200;0.00%
31/07/2012;1 350;1 350;1 350;1 350;146;197 100;0.00%
02/08/2012;1 363;1 363;1 363;1 363;24;32 700;0.93%
03/08/2012;1 350;1 350;1 350;1 350;30;40 500;-0.92%
08/08/2012;1 350;1 350;1 350;1 350;118;159 300;0.00%
14/08/2012;1 350;1 350;1 350;1 350;48;64 800;0.00%
21/08/2012;1 363;1 363;1 363;1 363;246;335 175;0.93%
23/08/2012;1 375;1 375;1 375;1 375;200;275 000;0.92%
28/08/2012;1 364;1 364;1 364;1 364;46;62 744;-0.80%
03/09/2012;1 363;1 363;1 363;1 363;100;136 250;-0.11%
07/09/2012;1 375;1 375;1 375;1 375;176;242 000;0.92%
10/09/2012;1 375;1 375;1 375;1 375;82;112 750;0.00%
13/09/2012;1 363;1 363;1 363;1 363;1 336;1 820 300;-0.91%
14/09/2012;1 375;1 375;1 375;1 375;20;27 500;0.92%
17/09/2012;1 363;1 363;1 363;1 363;1 360;1 853 000;-0.91%
19/09/2012;1 363;1 363;1 363;1 363;20;27 250;0.00%
24/09/2012;1 400;1 400;1 400;1 400;3 000;4 200 000;2.75%
25/09/2012;1 363;1 363;1 363;1 363;20;27 250;-2.68%
26/09/2012;1 363;1 363;1 363;1 363;88;119 900;0.00%
28/09/2012;1 375;1 375;1 375;1 375;100;137 500;0.92%
01/10/2012;1 375;1 375;1 375;1 375;34;46 750;0.00%
03/10/2012;1 375;1 375;1 375;1 375;3 054;4 199 250;0.00%
04/10/2012;1 375;1 375;1 375;1 375;874;1 201 750;0.00%
05/10/2012;1 375;1 375;1 375;1 375;4;5 500;0.00%
09/10/2012;1 375;1 375;1 375;1 375;20;27 500;0.00%
10/10/2012;1 360;1 360;1 360;1 360;16;21 760;-1.09%
12/10/2012;1 360;1 360;1 360;1 360;52;70 720;0.00%
19/10/2012;1 363;1 363;1 363;1 363;40;54 500;0.18%
25/10/2012;1 375;1 375;1 375;1 375;44;60 500;0.92%
29/10/2012;1 360;1 360;1 360;1 360;26;35 360;-1.09%
02/11/2012;1 350;1 350;1 350;1 350;2 000;2 700 000;-0.74%
06/11/2012;1 350;1 350;1 350;1 350;14;18 900;0.00%
09/11/2012;1 363;1 363;1 363;1 363;22;29 975;0.93%
12/11/2012;1 363;1 363;1 363;1 363;20;27 250;0.00%
13/11/2012;1 363;1 363;1 363;1 363;3 788;5 161 150;0.00%
14/11/2012;1 363;1 363;1 363;1 363;156;212 550;0.00%
19/11/2012;1 375;1 375;1 375;1 375;278;382 250;0.92%
20/11/2012;1 375;1 375;1 375;1 375;22;30 250;0.00%
26/11/2012;1 375;1 375;1 375;1 375;4;5 500;0.00%
28/11/2012;1 478;1 478;1 478;1 478;20;29 560;7.49%
29/11/2012;1 375;1 375;1 375;1 375;1 090;1 498 750;-6.97%
30/11/2012;1 375;1 375;1 375;1 375;6;8 250;0.00%
03/12/2012;1 375;1 375;1 375;1 375;200;275 000;0.00%
05/12/2012;1 375;1 375;1 375;1 375;54;74 250;0.00%
11/12/2012;1 375;1 375;1 375;1 375;158;217 250;0.00%
12/12/2012;1 378;1 378;1 378;1 378;16;22 040;0.18%
13/12/2012;1 378;1 378;1 378;1 378;494;680 485;0.00%
18/12/2012;1 375;1 375;1 375;1 375;30 306;41 670 750;-0.18%
28/12/2012;1 375;1 375;1 375;1 375;7 056;9 702 000;0.00%
04/01/2013;1 375;1 375;1 375;1 375;12;16 500;0.00%
07/01/2013;1 375;1 375;1 375;1 375;8;11 000;0.00%
10/01/2013;1 375;1 375;1 375;1 375;2;2 750;0.00%
11/01/2013;1 413;1 413;1 413;1 413;6 114;8 636 025;2.73%
16/01/2013;1 375;1 375;1 375;1 375;52;71 500;-2.65%
17/01/2013;1 413;1 413;1 413;1 413;334;471 775;2.73%
18/01/2013;1 413;1 413;1 413;1 413;4 620;6 525 750;0.00%
25/01/2013;1 413;1 413;1 413;1 413;6;8 475;0.00%
28/01/2013;1 413;1 413;1 413;1 413;34;48 042;0.04%
29/01/2013;1 413;1 413;1 413;1 413;30;42 390;0.00%
30/01/2013;1 413;1 413;1 413;1 413;46;64 998;0.00%
31/01/2013;1 413;1 413;1 413;1 413;350;494 375;-0.04%
05/02/2013;1 413;1 413;1 413;1 413;30;42 375;0.00%
11/02/2013;1 413;1 413;1 413;1 413;26;36 725;0.00%
12/02/2013;1 413;1 413;1 413;1 413;242;341 825;0.00%
13/02/2013;1 425;1 425;1 425;1 425;50;71 250;0.88%
15/02/2013;1 425;1 425;1 425;1 425;2;2 850;0.00%
21/02/2013;1 425;1 425;1 425;1 425;10;14 250;0.00%
22/02/2013;1 425;1 425;1 425;1 425;16;22 800;0.00%
25/02/2013;1 425;1 425;1 425;1 425;12;17 100;0.00%
05/03/2013;1 413;1 413;1 413;1 413;42;59 325;-0.88%
07/03/2013;1 413;1 413;1 413;1 413;970;1 370 610;0.04%
11/03/2013;1 425;1 425;1 425;1 425;44;62 700;0.85%
12/03/2013;1 425;1 425;1 425;1 425;12;17 100;0.00%
13/03/2013;1 425;1 425;1 425;1 425;14;19 950;0.00%
15/03/2013;1 463;1 463;1 463;1 463;174;254 475;2.63%
20/03/2013;1 465;1 465;1 465;1 465;294;430 710;0.17%
27/03/2013;1 475;1 475;1 475;1 475;80;118 000;0.68%
08/04/2013;1 465;1 465;1 465;1 465;16;23 440;-0.68%
18/04/2013;1 475;1 475;1 475;1 475;16;23 600;0.68%
24/04/2013;1 475;1 475;1 475;1 475;44;64 900;0.00%
25/04/2013;1 475;1 475;1 475;1 475;106;156 350;0.00%
15/05/2013;1 400;1 400;1 400;1 400;56;78 400;-5.08%
16/05/2013;1 403;1 403;1 403;1 403;118;165 495;0.18%
17/05/2013;1 475;1 475;1 475;1 475;94;138 650;5.17%
21/05/2013;1 475;1 475;1 475;1 475;18;26 550;0.00%
22/05/2013;1 450;1 450;1 450;1 450;4 950;7 177 500;-1.69%
23/05/2013;1 475;1 475;1 475;1 475;80;118 000;1.72%
27/05/2013;1 475;1 475;1 475;1 475;5 002;7 377 950;0.00%
29/05/2013;1 500;1 500;1 500;1 500;210;315 000;1.69%
05/06/2013;1 525;1 525;1 525;1 525;20;30 500;1.67%
06/06/2013;1 525;1 525;1 525;1 525;10;15 250;0.00%
10/06/2013;1 500;1 500;1 500;1 500;18;27 000;-1.64%
11/06/2013;1 500;1 500;1 500;1 500;260;390 000;0.00%
12/06/2013;1 475;1 475;1 475;1 475;140;206 500;-1.67%
13/06/2013;1 478;1 478;1 478;1 478;7 382;10 906 905;0.17%
17/06/2013;1 478;1 478;1 478;1 478;6 044;8 930 010;0.00%
18/06/2013;1 476;1 476;1 476;1 476;1 254;1 850 277;-0.14%
21/06/2013;1 478;1 478;1 478;1 478;300;443 250;0.14%
01/07/2013;1 478;1 478;1 478;1 478;182;268 905;0.00%
04/07/2013;1 478;1 478;1 478;1 478;120;177 300;0.00%
09/07/2013;1 478;1 478;1 478;1 478;134;197 985;0.00%
10/07/2013;1 478;1 478;1 478;1 478;80;118 200;0.00%
11/07/2013;1 478;1 478;1 478;1 478;88;130 020;0.00%
15/07/2013;1 478;1 478;1 478;1 478;36;53 190;0.00%
17/07/2013;1 478;1 478;1 478;1 478;508;750 570;0.00%
18/07/2013;1 478;1 478;1 478;1 478;24;35 460;0.00%
19/07/2013;1 500;1 500;1 500;1 500;2 496;3 744 000;1.52%
22/07/2013;1 500;1 500;1 500;1 500;20;30 000;0.00%
24/07/2013;1 500;1 500;1 500;1 500;20;30 000;0.00%
25/07/2013;1 500;1 500;1 500;1 500;106;159 000;0.00%
30/07/2013;1 475;1 475;1 475;1 475;104;153 400;-1.67%
31/07/2013;1 500;1 500;1 500;1 500;162;243 000;1.69%
02/08/2013;1 478;1 478;1 478;1 478;154;227 535;-1.50%
05/08/2013;1 478;1 478;1 478;1 478;400;591 000;0.00%
06/08/2013;1 500;1 500;1 500;1 500;44;66 000;1.52%
09/08/2013;1 475;1 475;1 475;1 475;408;601 800;-1.67%
12/08/2013;1 475;1 475;1 475;1 475;88;129 800;0.00%
14/08/2013;1 475;1 475;1 475;1 475;58;85 550;0.00%
16/08/2013;1 475;1 475;1 475;1 475;62;91 450;0.00%
19/08/2013;1 500;1 500;1 500;1 500;152;228 000;1.69%
20/08/2013;1 478;1 478;1 478;1 478;30;44 325;-1.50%
21/08/2013;1 500;1 500;1 500;1 500;36;54 000;1.52%
26/08/2013;1 500;1 500;1 500;1 500;10;15 000;0.00%
27/08/2013;1 500;1 500;1 500;1 500;1 000;1 500 000;0.00%
28/08/2013;1 500;1 500;1 500;1 500;92;138 000;0.00%
02/09/2013;1 500;1 500;1 500;1 500;206;309 000;0.00%
05/09/2013;1 503;1 503;1 503;1 503;28;42 070;0.17%
06/09/2013;1 500;1 500;1 500;1 500;22;33 000;-0.17%
09/09/2013;1 503;1 503;1 503;1 503;20;30 050;0.17%
10/09/2013;1 500;1 500;1 500;1 500;96;144 000;-0.17%
11/09/2013;1 500;1 500;1 500;1 500;1 812;2 718 000;0.00%
13/09/2013;1 503;1 503;1 503;1 503;270;405 675;0.17%
16/09/2013;1 500;1 500;1 500;1 500;50;75 000;-0.17%
17/09/2013;1 500;1 500;1 500;1 500;124;186 000;0.00%
20/09/2013;1 503;1 503;1 503;1 503;52;78 130;0.17%
24/09/2013;1 500;1 500;1 500;1 500;14;21 000;0.00%
25/09/2013;1 488;1 488;1 488;1 488;206;306 425;-0.83%
26/09/2013;1 500;1 500;1 500;1 500;24;36 000;0.84%
27/09/2013;1 478;1 478;1 478;1 478;400;591 000;-1.50%
01/10/2013;1 478;1 478;1 478;1 478;2;2 955;0.00%
02/10/2013;1 478;1 478;1 478;1 478;2;2 955;0.00%
03/10/2013;1 478;1 478;1 478;1 478;232;342 780;0.00%
07/10/2013;1 478;1 478;1 478;1 478;48;70 920;0.00%
08/10/2013;1 478;1 478;1 478;1 478;7 052;10 419 330;0.00%
09/10/2013;1 500;1 500;1 500;1 500;2;3 000;1.52%
10/10/2013;1 478;1 478;1 478;1 478;5 906;8 726 115;-1.50%
14/10/2013;1 500;1 500;1 500;1 500;576;864 000;1.52%
16/10/2013;1 478;1 478;1 478;1 478;8;11 820;-1.50%
17/10/2013;1 478;1 478;1 478;1 478;4;5 910;0.00%
18/10/2013;1 488;1 488;1 488;1 488;282;419 475;0.68%
21/10/2013;1 500;1 500;1 500;1 500;32;48 000;0.84%
22/10/2013;1 500;1 500;1 500;1 500;28;42 000;0.00%
24/10/2013;1 500;1 500;1 500;1 500;146;219 000;0.00%
28/10/2013;1 500;1 500;1 500;1 500;70;105 000;0.00%
31/10/2013;1 500;1 500;1 500;1 500;100;150 000;0.00%
05/11/2013;1 475;1 475;1 475;1 475;40;59 000;-1.67%
07/11/2013;1 500;1 500;1 500;1 500;50;75 000;1.69%
11/11/2013;1 500;1 500;1 500;1 500;160;240 000;0.00%
12/11/2013;1 500;1 500;1 500;1 500;2 000;3 000 000;0.00%
14/11/2013;1 500;1 500;1 500;1 500;140;210 000;0.00%
18/11/2013;1 500;1 500;1 500;1 500;56;84 000;0.00%
19/11/2013;1 500;1 500;1 500;1 500;136;204 000;0.00%
20/11/2013;1 500;1 500;1 500;1 500;1 266;1 899 000;0.00%
21/11/2013;1 503;1 503;1 503;1 503;3 000;4 507 500;0.17%
25/11/2013;1 503;1 503;1 503;1 503;620;931 550;0.00%
26/11/2013;1 502;1 502;1 502;1 502;542;813 813;-0.07%
27/11/2013;1 500;1 500;1 500;1 500;182;273 000;-0.10%
02/12/2013;1 500;1 500;1 500;1 500;282;423 000;0.00%
03/12/2013;1 500;1 500;1 500;1 500;8;12 000;0.00%
04/12/2013;1 500;1 500;1 500;1 500;18;27 000;0.00%
05/12/2013;1 500;1 500;1 500;1 500;26;39 000;0.00%
06/12/2013;1 500;1 500;1 500;1 500;182;273 000;0.00%
09/12/2013;1 500;1 500;1 500;1 500;50;75 000;0.00%
10/12/2013;1 500;1 500;1 500;1 500;564;846 000;0.00%
12/12/2013;1 513;1 513;1 513;1 513;672;1 016 400;0.83%
16/12/2013;1 513;1 513;1 513;1 513;12;18 150;0.00%
17/12/2013;1 505;1 505;1 505;1 505;510;767 550;-0.50%
18/12/2013;1 503;1 503;1 503;1 503;24;36 060;-0.17%
19/12/2013;1 503;1 503;1 503;1 503;44;66 110;0.00%
20/12/2013;1 500;1 500;1 500;1 500;60;90 000;-0.17%
26/12/2013;1 503;1 503;1 503;1 503;7 230;10 863 075;0.00%
27/12/2013;1 500;1 500;1 500;1 500;24;36 000;-0.17%
31/12/2013;1 504;1 504;1 504;1 504;30;45 120;0.27%
02/01/2014;1 504;1 504;1 504;1 504;20;30 080;0.00%
03/01/2014;1 504;1 504;1 504;1 504;34;51 136;0.00%
06/01/2014;1 504;1 504;1 504;1 504;1 766;2 656 064;0.00%
07/01/2014;1 504;1 504;1 504;1 504;1 622;2 439 488;0.00%
08/01/2014;1 505;1 505;1 505;1 505;350;526 750;0.07%
09/01/2014;1 505;1 505;1 505;1 505;250;376 250;0.00%
10/01/2014;1 500;1 500;1 500;1 500;36;54 000;-0.33%
14/01/2014;1 500;1 500;1 500;1 500;350;525 000;0.00%
16/01/2014;1 500;1 500;1 500;1 500;6;9 000;0.00%
20/01/2014;1 500;1 500;1 500;1 500;6;9 000;0.00%
21/01/2014;1 500;1 500;1 500;1 500;320;480 000;0.00%
22/01/2014;1 500;1 500;1 500;1 500;60;90 000;0.00%
23/01/2014;1 500;1 500;1 500;1 500;336;504 000;0.00%
28/01/2014;1 500;1 500;1 500;1 500;4;6 000;0.00%
29/01/2014;1 500;1 500;1 500;1 500;152;228 000;0.00%
30/01/2014;1 500;1 500;1 500;1 500;68;102 000;0.00%
31/01/2014;1 500;1 500;1 500;1 500;42;63 000;0.00%
03/02/2014;1 500;1 500;1 500;1 500;120;180 000;0.00%
04/02/2014;1 500;1 500;1 500;1 500;18;27 000;0.00%
05/02/2014;1 500;1 500;1 500;1 500;208;312 000;0.00%
10/02/2014;1 488;1 488;1 488;1 488;670;996 625;-0.83%
11/02/2014;1 500;1 500;1 500;1 500;710;1 065 000;0.84%
12/02/2014;1 500;1 500;1 500;1 500;128;192 000;0.00%
13/02/2014;1 500;1 500;1 500;1 500;24;36 000;0.00%
14/02/2014;1 500;1 500;1 500;1 500;32;48 000;0.00%
18/02/2014;1 500;1 500;1 500;1 500;200;300 000;0.00%
19/02/2014;1 500;1 500;1 500;1 500;48;72 000;0.00%
20/02/2014;1 500;1 500;1 500;1 500;456;684 000;0.00%
21/02/2014;1 500;1 500;1 500;1 500;200;300 000;0.00%
24/02/2014;1 500;1 500;1 500;1 500;10;15 000;0.00%
26/02/2014;1 500;1 500;1 500;1 500;206;309 000;0.00%
03/03/2014;1 513;1 513;1 513;1 513;20;30 250;0.83%
04/03/2014;1 500;1 500;1 500;1 500;20;30 000;-0.83%
07/03/2014;1 505;1 505;1 505;1 505;10;15 050;0.33%
13/03/2014;1 505;1 505;1 505;1 505;28;42 140;0.00%
19/03/2014;1 500;1 500;1 500;1 500;3 420;5 130 000;-0.33%
26/03/2014;1 525;1 525;1 525;1 525;10;15 250;0.83%
27/03/2014;1 525;1 525;1 525;1 525;6;9 150;0.00%
28/03/2014;1 502;1 502;1 502;1 502;150;225 225;-1.54%
04/04/2014;1 500;1 500;1 500;1 500;76;114 000;-0.10%
07/04/2014;1 502;1 502;1 502;1 502;100;150 150;0.10%
09/04/2014;1 500;1 500;1 500;1 500;34;51 000;-0.10%
11/04/2014;1 613;1 613;1 613;1 613;400;645 000;7.50%
16/04/2014;1 613;1 613;1 613;1 613;24;38 700;0.00%
17/04/2014;1 613;1 613;1 613;1 613;24;38 700;0.00%
18/04/2014;1 613;1 613;1 613;1 613;34;54 825;0.00%
23/04/2014;1 610;1 610;1 610;1 610;52;83 720;-0.16%
25/04/2014;1 625;1 625;1 625;1 625;20;32 500;0.93%
28/04/2014;1 625;1 625;1 625;1 625;6;9 750;0.00%
29/04/2014;1 625;1 625;1 625;1 625;28;45 500;0.00%
05/05/2014;1 625;1 625;1 625;1 625;30;48 750;0.00%
07/05/2014;1 625;1 625;1 625;1 625;22;35 750;0.00%
14/05/2014;1 625;1 625;1 625;1 625;30;48 750;0.00%
15/05/2014;1 625;1 625;1 625;1 625;12;19 500;0.00%
19/05/2014;1 550;1 550;1 550;1 550;76;117 800;-4.62%
20/05/2014;1 550;1 550;1 550;1 550;2;3 100;0.00%
21/05/2014;1 463;1 463;1 463;1 463;98;143 325;-5.65%
22/05/2014;1 463;1 463;1 463;1 463;142;207 675;0.00%
26/05/2014;1 500;1 500;1 500;1 500;78;117 000;2.56%
27/05/2014;1 475;1 475;1 475;1 475;300;442 500;-1.67%
02/06/2014;1 475;1 475;1 475;1 475;8;11 800;0.00%
04/06/2014;1 475;1 475;1 475;1 475;134;197 650;0.00%
05/06/2014;1 475;1 475;1 475;1 475;474;699 150;0.00%
10/06/2014;1 475;1 475;1 475;1 475;16;23 600;0.00%
11/06/2014;1 475;1 475;1 475;1 475;12;17 700;0.00%
16/06/2014;1 475;1 475;1 475;1 475;32;47 200;0.00%
17/06/2014;1 475;1 475;1 475;1 475;70;103 250;0.00%
23/06/2014;1 475;1 475;1 475;1 475;54;79 650;0.00%
25/06/2014;1 488;1 488;1 488;1 488;14;20 825;0.85%
26/06/2014;1 488;1 488;1 488;1 488;100;148 750;0.00%
27/06/2014;1 488;1 488;1 488;1 488;34;50 592;0.03%
01/07/2014;1 488;1 488;1 488;1 488;110;163 625;-0.03%
02/07/2014;1 476;1 476;1 476;1 476;22;32 461;-0.81%
04/07/2014;1 475;1 475;1 475;1 475;288;424 800;-0.03%
09/07/2014;1 450;1 450;1 450;1 450;30;43 500;-1.69%
10/07/2014;1 450;1 450;1 450;1 450;210;304 500;0.00%
11/07/2014;1 425;1 425;1 425;1 425;32;45 600;-1.72%
15/07/2014;1 428;1 428;1 428;1 428;120;171 300;0.18%
21/07/2014;1 475;1 475;1 475;1 475;30;44 250;3.33%
23/07/2014;1 460;1 460;1 460;1 460;1 590;2 321 400;-1.02%
25/07/2014;1 428;1 428;1 428;1 428;336;479 640;-2.23%
29/07/2014;1 428;1 428;1 428;1 428;110;157 025;0.00%
30/07/2014;1 438;1 438;1 438;1 438;416;598 000;0.70%
06/08/2014;1 440;1 440;1 440;1 440;172;247 680;0.17%
07/08/2014;1 440;1 440;1 440;1 440;3 440;4 953 600;0.00%
08/08/2014;1 525;1 525;1 525;1 525;256;390 400;5.90%
11/08/2014;1 500;1 500;1 500;1 500;6;9 000;-1.64%
12/08/2014;1 500;1 500;1 500;1 500;20;30 000;0.00%
13/08/2014;1 500;1 500;1 500;1 500;8;12 000;0.00%
14/08/2014;1 550;1 550;1 550;1 550;174;269 700;3.33%
19/08/2014;1 550;1 550;1 550;1 550;18;27 900;0.00%
21/08/2014;1 600;1 600;1 600;1 600;140;224 000;3.23%
22/08/2014;1 658;1 658;1 658;1 658;508;842 010;3.59%
25/08/2014;1 675;1 675;1 675;1 675;20;33 500;1.06%
26/08/2014;1 700;1 700;1 700;1 700;400;680 000;1.49%
27/08/2014;1 700;1 700;1 700;1 700;2 280;3 876 000;0.00%
02/09/2014;1 713;1 713;1 713;1 713;36;61 650;0.74%
08/09/2014;1 600;1 600;1 600;1 600;18;28 800;-6.57%
09/09/2014;1 707;1 707;1 707;1 707;30;51 195;6.66%
10/09/2014;1 713;1 713;1 713;1 713;34;58 225;0.35%
15/09/2014;1 713;1 713;1 713;1 713;1 940;3 322 250;0.00%
16/09/2014;1 588;1 588;1 588;1 588;10;15 875;-7.30%
19/09/2014;1 800;1 800;1 800;1 800;4 286;7 714 800;5.88%
22/09/2014;1 713;1 713;1 713;1 713;5 188;8 884 450;-4.86%
23/09/2014;1 714;1 714;1 714;1 714;340;582 760;0.09%
25/09/2014;1 788;1 788;1 788;1 788;54;96 525;4.29%
26/09/2014;1 875;1 875;1 875;1 875;40;75 000;4.90%
30/09/2014;1 875;1 875;1 875;1 875;54;101 250;0.00%
01/10/2014;2 016;2 016;2 016;2 016;110;221 705;7.49%
02/10/2014;2 083;2 083;2 083;2 083;422;878 815;3.32%
08/10/2014;1 950;1 950;1 950;1 950;2;3 900;-6.36%
09/10/2014;1 950;1 950;1 950;1 950;26;50 700;0.00%
13/10/2014;1 950;1 950;1 950;1 950;10;19 500;0.00%
14/10/2014;1 950;1 950;1 950;1 950;22;42 900;0.00%
15/10/2014;1 950;1 950;1 950;1 950;50;97 500;0.00%
16/10/2014;1 950;1 950;1 950;1 950;32;62 400;0.00%
23/10/2014;1 950;1 950;1 950;1 950;140;273 000;0.00%
27/10/2014;1 950;1 950;1 950;1 950;28;54 600;0.00%
29/10/2014;1 950;1 950;1 950;1 950;42;81 900;0.00%
05/11/2014;1 875;1 875;1 875;1 875;2;3 750;-3.85%
07/11/2014;1 950;1 950;1 950;1 950;150;292 500;4.00%
13/11/2014;1 950;1 950;1 950;1 950;114;222 300;0.00%
14/11/2014;2 097;2 097;2 097;2 097;252;528 318;7.51%
18/11/2014;2 225;2 225;2 225;2 225;20;44 500;6.13%
20/11/2014;2 100;2 100;2 100;2 100;152;319 200;-5.62%
26/11/2014;1 950;1 950;1 950;1 950;24;46 800;-7.14%
27/11/2014;2 000;2 000;2 000;2 000;2 194;4 388 000;2.56%
01/12/2014;2 000;2 000;2 000;2 000;14;28 000;0.00%
03/12/2014;2 000;2 000;2 000;2 000;150;300 000;0.00%
08/12/2014;2 000;2 000;2 000;2 000;10;20 000;0.00%
09/12/2014;1 950;1 950;1 950;1 950;122;237 900;-2.50%
10/12/2014;1 950;1 950;1 950;1 950;182;354 900;0.00%
11/12/2014;1 950;1 950;1 950;1 950;4;7 800;0.00%
12/12/2014;2 000;2 000;2 000;2 000;34;68 000;2.56%
17/12/2014;2 000;2 000;2 000;2 000;360;720 000;0.00%
18/12/2014;2 008;2 008;2 008;2 008;80;160 600;0.38%
22/12/2014;2 025;2 025;2 025;2 025;120;243 000;0.87%
23/12/2014;2 025;2 025;2 025;2 025;232;469 800;0.00%
24/12/2014;2 025;2 025;2 025;2 025;20;40 500;0.00%
25/12/2014;2 025;2 025;2 025;2 025;400;810 000;0.00%
29/12/2014;2 050;2 050;2 050;2 050;100;205 000;1.23%
31/12/2014;2 050;2 050;2 050;2 050;6;12 300;0.00%
05/01/2015;2 050;2 050;2 050;2 050;80;164 000;0.00%
06/01/2015;2 051;2 051;2 051;2 051;8;16 404;0.02%
07/01/2015;2 050;2 050;2 050;2 050;8 592;17 613 600;-0.02%
08/01/2015;2 050;2 050;2 050;2 050;38;77 900;0.00%
15/01/2015;2 055;2 055;2 055;2 055;24;49 320;0.24%
16/01/2015;2 057;2 057;2 057;2 057;12;24 678;0.07%
19/01/2015;2 100;2 100;2 100;2 100;22;46 200;2.12%
20/01/2015;2 100;2 100;2 100;2 100;2;4 200;0.00%
21/01/2015;2 138;2 138;2 138;2 138;70;149 625;1.79%
22/01/2015;2 298;2 298;2 298;2 298;68;156 264;7.51%
23/01/2015;2 298;2 298;2 298;2 298;54;124 092;0.00%
26/01/2015;2 300;2 300;2 300;2 300;124;285 200;0.09%
27/01/2015;2 300;2 300;2 300;2 300;44;101 200;0.00%
28/01/2015;2 301;2 301;2 301;2 301;14;32 207;0.02%
29/01/2015;2 300;2 300;2 300;2 300;646;1 485 800;-0.02%
30/01/2015;2 300;2 300;2 300;2 300;1 590;3 657 000;0.00%
03/02/2015;2 300;2 300;2 300;2 300;20;46 000;0.00%
05/02/2015;2 300;2 300;2 300;2 300;2;4 600;0.00%
17/02/2015;2 303;2 303;2 303;2 303;2;4 605;0.11%
20/02/2015;2 303;2 303;2 303;2 303;38;87 495;0.00%
23/02/2015;2 300;2 300;2 300;2 300;28;64 400;-0.11%
24/02/2015;2 300;2 300;2 300;2 300;70;161 000;0.00%
25/02/2015;2 300;2 300;2 300;2 300;178;409 400;0.00%
26/02/2015;2 300;2 300;2 300;2 300;10;23 000;0.00%
27/02/2015;2 300;2 300;2 300;2 300;2 286;5 257 800;0.00%
02/03/2015;2 300;2 300;2 300;2 300;190;437 000;0.00%
03/03/2015;2 300;2 300;2 300;2 300;10;23 000;0.00%
04/03/2015;2 313;2 313;2 313;2 313;626;1 447 625;0.54%
05/03/2015;2 315;2 315;2 315;2 315;10;23 150;0.11%
10/03/2015;2 383;2 383;2 383;2 383;440;1 048 300;2.92%
11/03/2015;2 561;2 561;2 561;2 561;190;486 590;7.49%
12/03/2015;2 753;2 753;2 753;2 753;10;27 530;7.50%
13/03/2015;2 875;2 875;2 875;2 875;82;235 750;4.43%
17/03/2015;3 000;3 000;3 000;3 000;102;306 000;3.45%
18/03/2015;3 000;3 000;3 000;3 000;1 776;5 328 000;0.00%
19/03/2015;3 000;3 000;3 000;3 000;604;1 812 000;0.00%
20/03/2015;3 000;3 000;3 000;3 000;41 584;124 752 000;0.00%
24/03/2015;2 775;2 775;2 775;2 775;40;111 000;-7.50%
25/03/2015;2 950;2 950;2 950;2 950;2 100;6 195 000;6.31%
31/03/2015;2 750;2 750;2 750;2 750;40;110 000;-6.78%
01/04/2015;2 750;2 750;2 750;2 750;40;110 000;0.00%
03/04/2015;2 750;2 750;2 750;2 750;120;330 000;0.00%
06/04/2015;2 750;2 750;2 750;2 750;2 400;6 600 000;0.00%
08/04/2015;2 544;2 544;2 544;2 544;30;76 320;-7.49%
10/04/2015;2 525;2 525;2 525;2 525;30;75 750;-0.75%
13/04/2015;2 525;2 525;2 525;2 525;76;191 900;0.00%
14/04/2015;2 525;2 525;2 525;2 525;76;191 900;0.00%
16/04/2015;2 525;2 525;2 525;2 525;28;70 700;0.00%
17/04/2015;2 525;2 525;2 525;2 525;170;429 250;0.00%
21/04/2015;2 525;2 525;2 525;2 525;3 420;8 635 500;0.00%
23/04/2015;2 650;2 650;2 650;2 650;94;249 100;4.95%
24/04/2015;2 831;2 831;2 831;2 831;922;2 609 721;6.81%
27/04/2015;3 000;3 000;3 000;3 000;392;1 176 000;5.99%
28/04/2015;3 125;3 125;3 125;3 125;470;1 468 750;4.17%
29/04/2015;3 150;3 150;3 150;3 150;132;415 800;0.80%
30/04/2015;3 125;3 125;3 125;3 125;1 230;3 843 750;-0.79%
11/05/2015;3 000;3 000;3 000;3 000;340;1 020 000;-4.00%
12/05/2015;2 863;2 863;2 863;2 863;62;177 475;-4.58%
15/05/2015;2 750;2 750;2 750;2 750;100;275 000;-3.93%
18/05/2015;2 738;2 738;2 738;2 738;120;328 500;-0.45%
19/05/2015;2 738;2 738;2 738;2 738;2;5 475;0.00%
20/05/2015;2 725;2 725;2 725;2 725;1 340;3 651 500;-0.46%
21/05/2015;2 775;2 775;2 775;2 775;92;255 300;1.83%
22/05/2015;2 775;2 775;2 775;2 775;2;5 550;0.00%
25/05/2015;2 775;2 775;2 775;2 775;40;111 000;0.00%
27/05/2015;2 843;2 843;2 843;2 843;8;22 740;2.43%
28/05/2015;2 825;2 825;2 825;2 825;2;5 650;-0.62%
01/06/2015;2 775;2 775;2 775;2 775;24;66 600;-1.77%
02/06/2015;2 775;2 775;2 775;2 775;24;66 600;0.00%
03/06/2015;2 775;2 775;2 775;2 775;1 498;4 156 950;0.00%
04/06/2015;2 750;2 750;2 750;2 750;4;11 000;-0.90%
05/06/2015;2 775;2 775;2 775;2 775;20;55 500;0.91%
08/06/2015;2 875;2 875;2 875;2 875;258;741 750;3.60%
09/06/2015;2 950;2 950;2 950;2 950;18;53 100;2.61%
10/06/2015;2 775;2 775;2 775;2 775;10;27 750;-5.93%
11/06/2015;2 775;2 775;2 775;2 775;248;688 200;0.00%
12/06/2015;2 775;2 775;2 775;2 775;22;61 050;0.00%
17/06/2015;2 625;2 625;2 625;2 625;26;68 250;2.26%
18/06/2015;2 775;2 775;2 775;2 775;140;388 500;5.71%
19/06/2015;2 775;2 775;2 775;2 775;112;310 800;0.00%
22/06/2015;2 775;2 775;2 775;2 775;116;321 900;0.00%
23/06/2015;2 875;2 875;2 875;2 875;92;264 500;3.60%
25/06/2015;2 875;2 875;2 875;2 875;10;28 750;0.00%
29/06/2015;2 875;2 875;2 875;2 875;4;11 500;0.00%
01/07/2015;2 875;2 875;2 875;2 875;12;34 500;0.00%
02/07/2015;2 875;2 875;2 875;2 875;190;546 250;0.00%
06/07/2015;2 875;2 875;2 875;2 875;200;575 000;0.00%
07/07/2015;2 775;2 775;2 775;2 775;98;271 950;-3.48%
09/07/2015;2 800;2 800;2 800;2 800;3 526;9 872 800;0.90%
10/07/2015;2 776;2 776;2 776;2 776;70;194 285;-0.88%
13/07/2015;2 800;2 800;2 800;2 800;16;44 800;0.88%
14/07/2015;2 800;2 800;2 800;2 800;320;896 000;0.00%
15/07/2015;2 875;2 875;2 875;2 875;80;230 000;2.68%
16/07/2015;2 813;2 813;2 813;2 813;140;393 750;-2.17%
17/07/2015;2 813;2 813;2 813;2 813;2 800;7 875 350;0.00%
20/07/2015;2 983;2 983;2 983;2 983;40;119 300;6.04%
22/07/2015;2 801;2 801;2 801;2 801;10;28 005;-6.10%
23/07/2015;2 801;2 801;2 801;2 801;100;280 050;0.00%
27/07/2015;2 805;2 805;2 805;2 805;200;561 000;0.16%
28/07/2015;2 801;2 801;2 801;2 801;230;644 115;-0.16%
29/07/2015;2 825;2 825;2 825;2 825;96;271 200;0.87%
30/07/2015;2 869;2 869;2 869;2 869;38;109 022;1.56%
31/07/2015;2 983;2 983;2 983;2 983;6;17 895;3.96%
03/08/2015;2 983;2 983;2 983;2 983;14;41 755;0.00%
04/08/2015;2 983;2 983;2 983;2 983;2;5 965;0.00%
06/08/2015;3 000;3 000;3 000;3 000;8;24 000;0.59%
07/08/2015;3 000;3 000;3 000;3 000;160;480 000;0.00%
10/08/2015;3 006;3 006;3 006;3 006;150;450 825;0.18%
11/08/2015;3 175;3 175;3 175;3 175;34;107 950;5.64%
13/08/2015;3 125;3 125;3 125;3 125;80;250 000;-1.57%
14/08/2015;3 225;3 225;3 225;3 225;18;58 050;3.20%
17/08/2015;3 202;3 202;3 202;3 202;52;166 478;-0.73%
18/08/2015;3 225;3 225;3 225;3 225;84;270 900;0.73%
19/08/2015;3 202;3 202;3 202;3 202;170;544 255;-0.73%
21/08/2015;3 150;3 150;3 150;3 150;50;157 500;-1.61%
24/08/2015;3 150;3 150;3 150;3 150;160;504 000;0.00%
26/08/2015;3 150;3 150;3 150;3 150;282;888 300;0.00%
27/08/2015;3 168;3 168;3 168;3 168;342;1 083 285;0.56%
28/08/2015;3 175;3 175;3 175;3 175;16;50 800;0.24%
31/08/2015;3 188;3 188;3 188;3 188;164;522 750;0.39%
01/09/2015;3 200;3 200;3 200;3 200;66;211 200;0.39%
02/09/2015;3 200;3 200;3 200;3 200;30;96 000;0.00%
03/09/2015;3 152;3 152;3 152;3 152;2 068;6 517 302;-1.52%
07/09/2015;3 100;3 100;3 100;3 100;54;167 400;-1.63%
08/09/2015;3 095;3 095;3 095;3 095;40;123 800;-0.16%
09/09/2015;3 050;3 050;3 050;3 050;124;378 200;-1.45%
10/09/2015;3 075;3 075;3 075;3 075;124;381 300;0.82%
11/09/2015;3 088;3 088;3 088;3 088;260;802 750;0.41%
15/09/2015;3 088;3 088;3 088;3 088;642;1 982 175;0.00%
16/09/2015;3 125;3 125;3 125;3 125;6;18 750;1.21%
17/09/2015;3 125;3 125;3 125;3 125;16;50 000;0.00%
18/09/2015;3 113;3 113;3 113;3 113;20;62 250;-0.40%
21/09/2015;3 126;3 126;3 126;3 126;66;206 283;0.42%
22/09/2015;3 150;3 150;3 150;3 150;42;132 300;0.78%
23/09/2015;3 175;3 175;3 175;3 175;154;488 950;0.79%
24/09/2015;3 175;3 175;3 175;3 175;3 080;9 779 000;0.00%
25/09/2015;3 175;3 175;3 175;3 175;1 678;5 327 650;0.00%
28/09/2015;3 150;3 150;3 150;3 150;18;56 700;-0.79%
29/09/2015;3 175;3 175;3 175;3 175;840;2 667 000;0.79%
30/09/2015;3 175;3 175;3 175;3 175;52;165 100;0.00%
01/10/2015;3 125;3 125;3 125;3 125;238;743 750;-1.57%
02/10/2015;3 125;3 125;3 125;3 125;704;2 200 000;0.00%
05/10/2015;3 125;3 125;3 125;3 125;126;393 750;0.00%
06/10/2015;3 175;3 175;3 175;3 175;10;31 750;1.60%
07/10/2015;3 125;3 125;3 125;3 125;370;1 156 250;-1.57%
08/10/2015;3 103;3 103;3 103;3 103;96;297 840;-0.72%
12/10/2015;3 100;3 100;3 100;3 100;220;682 000;-0.08%
13/10/2015;3 103;3 103;3 103;3 103;4;12 410;0.08%
14/10/2015;3 125;3 125;3 125;3 125;12;37 500;0.73%
15/10/2015;3 125;3 125;3 125;3 125;6;18 750;0.00%
16/10/2015;3 125;3 125;3 125;3 125;62;193 750;0.00%
19/10/2015;3 125;3 125;3 125;3 125;2;6 250;0.00%
20/10/2015;3 125;3 125;3 125;3 125;18;56 250;0.00%
21/10/2015;3 125;3 125;3 125;3 125;20;62 500;0.00%
23/10/2015;3 125;3 125;3 125;3 125;26;81 250;0.00%
26/10/2015;3 150;3 150;3 150;3 150;30;94 500;0.80%
27/10/2015;3 150;3 150;3 150;3 150;2;6 300;0.00%
28/10/2015;3 150;3 150;3 150;3 150;64;201 600;0.00%
30/10/2015;3 150;3 150;3 150;3 150;8;25 200;0.00%
02/11/2015;3 163;3 163;3 163;3 163;528;1 669 800;0.40%
03/11/2015;3 150;3 150;3 150;3 150;10;31 500;-0.40%
04/11/2015;3 150;3 150;3 150;3 150;8;25 200;0.00%
05/11/2015;3 125;3 125;3 125;3 125;74;231 250;-0.79%
06/11/2015;3 125;3 125;3 125;3 125;220;687 500;0.00%
09/11/2015;3 126;3 126;3 126;3 126;4;12 502;0.02%
10/11/2015;3 150;3 150;3 150;3 150;266;837 900;0.78%
11/11/2015;3 125;3 125;3 125;3 125;698;2 181 250;-0.79%
12/11/2015;3 150;3 150;3 150;3 150;414;1 304 100;0.80%
13/11/2015;3 125;3 125;3 125;3 125;8;25 000;-0.79%
16/11/2015;3 125;3 125;3 125;3 125;450;1 406 250;0.00%
17/11/2015;3 000;3 000;3 000;3 000;1 054;3 162 000;-4.00%
18/11/2015;3 000;3 000;3 000;3 000;286;858 000;0.00%
19/11/2015;3 025;3 025;3 025;3 025;58;175 450;0.83%
20/11/2015;3 125;3 125;3 125;3 125;470;1 468 750;3.31%
23/11/2015;3 125;3 125;3 125;3 125;210;656 250;0.00%
24/11/2015;3 125;3 125;3 125;3 125;64;200 000;0.00%
25/11/2015;3 350;3 350;3 350;3 350;1 792;6 003 200;7.20%
26/11/2015;3 360;3 360;3 360;3 360;454;1 525 213;0.28%
30/11/2015;3 300;3 300;3 300;3 300;62;204 600;-1.77%
01/12/2015;3 250;3 250;3 250;3 250;250;812 500;-1.52%
02/12/2015;3 275;3 275;3 275;3 275;14;45 850;0.77%
03/12/2015;3 275;3 275;3 275;3 275;46;150 650;0.00%
04/12/2015;3 275;3 275;3 275;3 275;4;13 100;0.00%
07/12/2015;3 275;3 275;3 275;3 275;5 008;16 401 200;0.00%
08/12/2015;3 275;3 275;3 275;3 275;38;124 450;0.00%
09/12/2015;3 250;3 250;3 250;3 250;14;45 500;-0.76%
10/12/2015;3 250;3 250;3 250;3 250;60;195 000;0.00%
14/12/2015;3 250;3 250;3 250;3 250;44;143 000;-1.89%
15/12/2015;3 163;3 163;3 163;3 163;100;316 250;-2.69%
16/12/2015;3 163;3 163;3 163;3 163;70;221 375;0.00%
18/12/2015;3 163;3 163;3 163;3 163;88;278 300;0.00%
21/12/2015;3 163;3 163;3 163;3 163;2;6 325;0.00%
22/12/2015;3 163;3 163;3 163;3 163;22;69 575;0.00%
28/12/2015;3 163;3 163;3 163;3 163;18;56 925;0.00%
29/12/2015;3 250;3 250;3 250;3 250;10;32 500;2.77%
30/12/2015;3 250;3 250;3 250;3 250;114;370 500;0.00%
07/01/2016;3 250;3 250;3 250;3 250;280;910 000;0.00%
08/01/2016;3 250;3 250;3 250;3 250;46;149 500;0.00%
11/01/2016;3 250;3 250;3 250;3 250;20;65 000;0.00%
12/01/2016;3 250;3 250;3 250;3 250;80;260 000;0.00%
18/01/2016;3 250;3 250;3 250;3 250;70;227 500;0.00%
20/01/2016;3 325;3 325;3 325;3 325;200;665 000;2.31%
21/01/2016;3 325;3 325;3 325;3 325;144;478 800;0.00%
25/01/2016;3 363;3 363;3 363;3 363;282;948 225;1.13%
26/01/2016;3 400;3 400;3 400;3 400;70;238 000;1.12%
27/01/2016;3 403;3 403;3 403;3 403;926;3 150 715;0.07%
28/01/2016;3 450;3 450;3 450;3 450;400;1 380 000;1.40%
29/01/2016;3 406;3 406;3 406;3 406;796;2 710 778;-1.29%
01/02/2016;3 425;3 425;3 425;3 425;80;274 000;0.57%
02/02/2016;3 425;3 425;3 425;3 425;30;102 750;0.00%
03/02/2016;3 425;3 425;3 425;3 425;200;685 000;0.00%
04/02/2016;3 450;3 450;3 450;3 450;1 174;4 050 300;0.73%
05/02/2016;3 426;3 426;3 426;3 426;98;335 699;-0.71%
08/02/2016;3 675;3 675;3 675;3 675;2;7 350;7.28%
09/02/2016;3 950;3 950;3 950;3 950;40;158 000;7.48%
10/02/2016;3 750;3 750;3 750;3 750;1 050;3 937 500;-5.06%
11/02/2016;3 975;3 975;3 975;3 975;1 030;4 094 250;6.00%
12/02/2016;4 125;4 125;4 125;4 125;214;882 750;3.77%
15/02/2016;4 138;4 138;4 138;4 138;256;1 059 200;0.30%
16/02/2016;4 200;4 200;4 200;4 200;136;571 200;1.51%
17/02/2016;4 250;4 250;4 250;4 250;242;1 028 500;1.19%
18/02/2016;4 375;4 375;4 375;4 375;1 636;7 157 500;2.94%
22/02/2016;4 550;4 550;4 550;4 550;126;573 300;4.00%
23/02/2016;4 625;4 625;4 625;4 625;1 330;6 151 250;1.65%
24/02/2016;4 650;4 650;4 650;4 650;16;74 400;0.54%
25/02/2016;4 700;4 700;4 700;4 700;628;2 951 600;1.08%
26/02/2016;4 625;4 625;4 625;4 625;18;83 250;-1.60%
29/02/2016;4 875;4 875;4 875;4 875;2 808;13 689 000;5.41%
01/03/2016;4 950;4 950;4 950;4 950;234;1 158 300;1.54%
02/03/2016;5 049;5 049;5 049;5 049;868;4 382 532;2.00%
03/03/2016;5 425;5 425;5 425;5 425;2 022;10 969 350;7.45%
04/03/2016;5 832;5 832;5 832;5 832;16;93 312;7.50%
07/03/2016;6 270;6 270;6 270;6 270;130;815 035;7.50%
08/03/2016;6 740;6 740;6 740;6 740;76;512 202;7.50%
09/03/2016;7 245;7 245;7 245;7 245;2 018;14 620 410;7.50%
11/03/2016;7 169;7 169;7 169;7 169;24;172 056;-7.50%
14/03/2016;7 175;7 175;7 175;7 175;6;43 050;0.08%
17/03/2016;6 637;6 637;6 637;6 637;10;66 370;-7.50%
18/03/2016;6 637;6 637;6 637;6 637;2;13 274;0.00%
29/03/2016;6 139;6 139;6 139;6 139;2;12 278;-7.50%
30/03/2016;5 679;5 679;5 679;5 679;2;11 357;-7.50%
31/03/2016;5 253;5 253;5 253;5 253;2;10 506;-7.49%
01/04/2016;4 859;4 859;4 859;4 859;22;106 898;-7.50%
04/04/2016;4 550;4 550;4 550;4 550;42;191 100;-6.36%
05/04/2016;4 209;4 209;4 209;4 209;26;109 434;-7.49%
06/04/2016;4 075;4 075;4 075;4 075;324;1 320 300;-3.18%
07/04/2016;4 200;4 200;4 200;4 200;514;2 158 800;3.07%
08/04/2016;4 200;4 200;4 200;4 200;2 184;9 172 800;0.00%
11/04/2016;4 278;4 278;4 278;4 278;52;222 430;1.85%
12/04/2016;4 300;4 300;4 300;4 300;56;240 800;0.53%
13/04/2016;4 375;4 375;4 375;4 375;54;236 250;1.74%
14/04/2016;4 401;4 401;4 401;4 401;32;140 816;0.58%
18/04/2016;4 731;4 731;4 731;4 731;120;567 660;7.50%
19/04/2016;4 750;4 750;4 750;4 750;2 032;9 652 000;0.41%
20/04/2016;4 859;4 859;4 859;4 859;504;2 448 936;2.29%
21/04/2016;5 000;5 000;5 000;5 000;12;60 000;2.90%
22/04/2016;5 253;5 253;5 253;5 253;242;1 271 226;5.06%
25/04/2016;5 225;5 225;5 225;5 225;58;303 050;-0.53%
26/04/2016;5 500;5 500;5 500;5 500;704;3 872 000;5.26%
28/04/2016;5 250;5 250;5 250;5 250;200;1 050 000;-4.55%
29/04/2016;5 000;5 000;5 000;5 000;286;1 430 000;-4.76%
02/05/2016;5 000;5 000;5 000;5 000;5 720;28 600 715;0.00%
03/05/2016;4 678;4 678;4 678;4 678;162;757 755;-6.45%
06/05/2016;4 925;4 925;4 925;4 925;7 336;36 129 800;5.29%
09/05/2016;4 928;4 928;4 928;4 928;8;39 420;0.05%
10/05/2016;5 250;5 250;5 250;5 250;142;745 500;6.54%
11/05/2016;4 950;4 950;4 950;4 950;2;9 900;-5.71%
12/05/2016;4 700;4 700;4 700;4 700;24;112 800;-5.05%
17/05/2016;4 725;4 725;4 725;4 725;12;56 700;0.53%
18/05/2016;4 725;4 725;4 725;4 725;12;56 700;0.00%
19/05/2016;4 688;4 688;4 688;4 688;58;271 875;-0.79%
20/05/2016;4 675;4 675;4 675;4 675;20;93 500;-0.27%
23/05/2016;4 625;4 625;4 625;4 625;34;157 250;-1.07%
24/05/2016;4 375;4 375;4 375;4 375;330;1 443 750;-5.41%
25/05/2016;4 375;4 375;4 375;4 375;468;2 047 500;0.00%
30/05/2016;4 375;4 375;4 375;4 375;298;1 303 750;0.00%
31/05/2016;4 375;4 375;4 375;4 375;14;61 250;0.00%
01/06/2016;4 375;4 375;4 375;4 375;72;315 000;0.00%
02/06/2016;4 300;4 300;4 300;4 300;320;1 376 000;-1.71%
03/06/2016;4 300;4 300;4 300;4 300;24;103 200;0.00%
06/06/2016;4 250;4 250;4 250;4 250;100;425 000;-1.16%
07/06/2016;4 300;4 300;4 300;4 300;668;2 872 400;1.18%
09/06/2016;4 600;4 600;4 600;4 600;16;73 600;5.14%
10/06/2016;4 600;4 600;4 600;4 600;314;1 444 400;0.00%
13/06/2016;4 675;4 675;4 675;4 675;382;1 785 850;1.63%
14/06/2016;4 675;4 675;4 675;4 675;192;897 600;0.00%
15/06/2016;4 676;4 676;4 676;4 676;62;289 881;0.01%
16/06/2016;4 700;4 700;4 700;4 700;22;103 400;0.52%
17/06/2016;5 053;5 053;5 053;5 053;70;353 675;7.50%
20/06/2016;5 432;5 432;5 432;5 432;74;401 931;7.50%
22/06/2016;5 053;5 053;5 053;5 053;52;262 730;-6.98%
24/06/2016;4 875;4 875;4 875;4 875;96;468 000;-3.51%
27/06/2016;4 875;4 875;4 875;4 875;108;526 500;0.00%
29/06/2016;4 875;4 875;4 875;4 875;108;526 500;0.00%
30/06/2016;5 000;5 000;5 000;5 000;114;570 000;2.56%
01/07/2016;4 813;4 813;4 813;4 813;230;1 106 875;-3.75%
04/07/2016;5 125;5 125;5 125;5 125;236;1 209 500;6.49%
07/07/2016;5 125;5 125;5 125;5 125;434;2 224 250;0.00%
08/07/2016;5 000;5 000;5 000;5 000;16;80 000;-2.44%
11/07/2016;5 000;5 000;5 000;5 000;40;200 000;0.00%
12/07/2016;5 000;5 000;5 000;5 000;130;650 000;0.00%
13/07/2016;4 875;4 875;4 875;4 875;316;1 540 500;-2.50%
14/07/2016;5 000;5 000;5 000;5 000;104;520 000;2.56%
15/07/2016;4 925;4 925;4 925;4 925;2;9 850;-1.50%
18/07/2016;5 000;5 000;5 000;5 000;254;1 270 000;1.52%
19/07/2016;4 875;4 875;4 875;4 875;184;897 000;-2.50%
20/07/2016;4 875;4 875;4 875;4 875;38;185 250;0.00%
21/07/2016;4 650;4 650;4 650;4 650;102;474 300;-4.62%
22/07/2016;4 750;4 750;4 750;4 750;62;294 500;2.15%
25/07/2016;4 750;4 750;4 750;4 750;12;57 000;0.00%
26/07/2016;4 750;4 750;4 750;4 750;34;161 500;0.00%
27/07/2016;4 875;4 875;4 875;4 875;100;487 500;2.63%
29/07/2016;4 850;4 850;4 850;4 850;34;164 900;-0.51%
02/08/2016;4 675;4 675;4 675;4 675;64;299 200;-3.61%
04/08/2016;4 650;4 650;4 650;4 650;104;483 600;-0.53%
05/08/2016;4 625;4 625;4 625;4 625;80;370 000;-0.54%
08/08/2016;4 625;4 625;4 625;4 625;1 600;7 400 000;0.00%
09/08/2016;4 626;4 626;4 626;4 626;376;1 739 188;0.01%
10/08/2016;4 626;4 626;4 626;4 626;28;129 514;0.00%
11/08/2016;4 650;4 650;4 650;4 650;460;2 139 000;0.53%
12/08/2016;4 650;4 650;4 650;4 650;112;520 800;0.00%
15/08/2016;4 650;4 650;4 650;4 650;2 240;10 416 000;0.00%
16/08/2016;4 655;4 655;4 655;4 655;26;121 030;0.11%
17/08/2016;4 655;4 655;4 655;4 655;10;46 550;0.00%
18/08/2016;4 656;4 656;4 656;4 656;6;27 933;0.01%
19/08/2016;4 750;4 750;4 750;4 750;10;47 500;2.03%
22/08/2016;4 750;4 750;4 750;4 750;10;47 500;0.00%
23/08/2016;4 658;4 658;4 658;4 658;38;177 004;-1.94%
26/08/2016;4 650;4 650;4 650;4 650;34;158 100;-0.17%
29/08/2016;4 650;4 650;4 650;4 650;80;372 000;0.00%
30/08/2016;4 650;4 650;4 650;4 650;6;27 900;0.00%
31/08/2016;4 650;4 650;4 650;4 650;230;1 069 500;0.00%
01/09/2016;4 653;4 653;4 653;4 653;32;148 880;0.05%
02/09/2016;4 675;4 675;4 675;4 675;18;84 150;0.48%
07/09/2016;4 700;4 700;4 700;4 700;4;18 800;0.53%
09/09/2016;4 704;4 704;4 704;4 704;114;536 256;0.09%
12/09/2016;4 704;4 704;4 704;4 704;2 280;10 724 550;-0.01%
13/09/2016;4 750;4 750;4 750;4 750;14;66 500;0.98%
14/09/2016;4 751;4 751;4 751;4 751;26;123 513;0.01%
15/09/2016;5 107;5 107;5 107;5 107;20;102 140;7.50%
19/09/2016;4 750;4 750;4 750;4 750;40;190 000;-6.99%
20/09/2016;4 750;4 750;4 750;4 750;10;47 500;0.00%
21/09/2016;5 000;5 000;5 000;5 000;228;1 140 000;5.26%
22/09/2016;4 825;4 825;4 825;4 825;2;9 650;-3.50%
23/09/2016;4 800;4 800;4 800;4 800;26;124 800;-0.52%
26/09/2016;4 725;4 725;4 725;4 725;430;2 031 750;-1.56%
27/09/2016;4 675;4 675;4 675;4 675;98;458 150;-1.06%
28/09/2016;4 675;4 675;4 675;4 675;188;878 900;0.00%
29/09/2016;4 625;4 625;4 625;4 625;54;249 750;-1.07%
30/09/2016;4 600;4 600;4 600;4 600;2;9 200;-0.54%
03/10/2016;4 500;4 500;4 500;4 500;86;387 000;-2.17%
04/10/2016;4 500;4 500;4 500;4 500;330;1 485 000;0.00%
05/10/2016;4 500;4 500;4 500;4 500;160;720 000;0.00%
06/10/2016;4 500;4 500;4 500;4 500;26;117 000;0.00%
07/10/2016;4 513;4 513;4 513;4 513;22;99 275;0.28%
10/10/2016;4 513;4 513;4 513;4 513;30;135 375;0.00%
11/10/2016;4 513;4 513;4 513;4 513;106;478 325;0.00%
12/10/2016;4 390;4 390;4 390;4 390;592;2 598 584;-2.73%
13/10/2016;4 375;4 375;4 375;4 375;104;455 000;-0.33%
14/10/2016;4 125;4 125;4 125;4 125;206;849 750;-5.71%
17/10/2016;4 125;4 125;4 125;4 125;4;16 500;0.00%
18/10/2016;4 100;4 100;4 100;4 100;12;49 200;-0.61%
19/10/2016;4 100;4 100;4 100;4 100;2 076;8 511 600;0.00%
20/10/2016;4 125;4 125;4 125;4 125;402;1 658 250;0.61%
25/10/2016;4 125;4 125;4 125;4 125;30;123 750;0.00%
26/10/2016;4 125;4 125;4 125;4 125;16;66 000;0.00%
27/10/2016;4 125;4 125;4 125;4 125;12;49 500;0.00%
31/10/2016;4 375;4 375;4 375;4 375;28;122 500;6.06%
01/11/2016;4 375;4 375;4 375;4 375;560;2 450 000;0.00%
03/11/2016;4 200;4 200;4 200;4 200;8;33 600;-4.00%
04/11/2016;4 350;4 350;4 350;4 350;358;1 557 300;3.57%
07/11/2016;4 125;4 125;4 125;4 125;30;123 750;-5.17%
08/11/2016;4 125;4 125;4 125;4 125;28;115 500;0.00%
09/11/2016;4 125;4 125;4 125;4 125;58;239 250;0.00%
10/11/2016;4 050;4 050;4 050;4 050;12;48 600;-1.82%
11/11/2016;4 213;4 213;4 213;4 213;24;101 100;4.01%
16/11/2016;4 200;4 200;4 200;4 200;128;537 600;-0.30%
17/11/2016;4 213;4 213;4 213;4 213;164;690 850;0.30%
18/11/2016;4 213;4 213;4 213;4 213;8;33 700;0.00%
21/11/2016;4 213;4 213;4 213;4 213;2;8 425;0.00%
22/11/2016;4 213;4 213;4 213;4 213;18;75 825;0.00%
23/11/2016;4 250;4 250;4 250;4 250;78;331 500;0.89%
24/11/2016;4 250;4 250;4 250;4 250;200;850 000;0.00%
25/11/2016;4 250;4 250;4 250;4 250;26;110 500;0.00%
28/11/2016;4 125;4 125;4 125;4 125;90;371 250;-2.94%
29/11/2016;4 000;4 000;4 000;4 000;530;2 120 000;-3.03%
30/11/2016;4 200;4 200;4 200;4 200;154;646 800;5.00%
01/12/2016;4 000;4 000;4 000;4 000;138;552 000;-4.76%
02/12/2016;4 125;4 125;4 125;4 125;304;1 254 000;3.13%
07/12/2016;4 000;4 000;4 000;4 000;120;480 000;0.00%
08/12/2016;4 025;4 025;4 025;4 025;286;1 151 150;0.63%
09/12/2016;3 998;3 998;3 998;3 998;88;351 780;-0.68%
12/12/2016;3 997;3 997;3 997;3 997;1 760;7 035 380;-0.00%
13/12/2016;3 975;3 975;3 975;3 975;510;2 027 250;-0.56%
14/12/2016;3 975;3 975;3 975;3 975;132;524 700;0.00%
15/12/2016;3 975;3 975;3 975;3 975;292;1 160 700;0.00%
16/12/2016;4 000;4 000;4 000;4 000;286;1 144 000;0.63%
19/12/2016;3 975;3 975;3 975;3 975;208;826 800;-0.63%
20/12/2016;3 975;3 975;3 975;3 975;50;198 750;0.00%
21/12/2016;4 125;4 125;4 125;4 125;86;354 750;3.77%
22/12/2016;4 125;4 125;4 125;4 125;10;41 250;0.00%
23/12/2016;4 200;4 200;4 200;4 200;2 614;10 978 800;1.82%
26/12/2016;4 200;4 200;4 200;4 200;52 280;219 576 000;0.00%
27/12/2016;4 200;4 200;4 200;4 200;124;520 800;0.00%
28/12/2016;4 200;4 200;4 200;4 200;290 724;1 221 040 800;0.00%
29/12/2016;4 200;4 200;4 200;4 200;54;226 800;0.00%
30/12/2016;4 200;4 200;4 200;4 200;52;218 400;0.00%
02/01/2017;4 200;4 200;4 200;4 200;258;1 083 600;0.00%
03/01/2017;4 250;4 250;4 250;4 250;164;697 000;1.19%
04/01/2017;4 250;4 250;4 250;4 250;134;569 500;0.00%
05/01/2017;4 250;4 250;4 250;4 250;94;399 500;0.00%
06/01/2017;4 250;4 250;4 250;4 250;438;1 861 500;0.00%
09/01/2017;4 250;4 250;4 250;4 250;316;1 343 000;0.00%
11/01/2017;4 250;4 250;4 250;4 250;128;544 000;0.00%
12/01/2017;4 250;4 250;4 250;4 250;48;204 000;0.00%
13/01/2017;4 250;4 250;4 250;4 250;40;170 000;0.00%
16/01/2017;4 250;4 250;4 250;4 250;364;1 547 000;0.00%
17/01/2017;4 288;4 288;4 288;4 288;426;1 826 475;0.88%
18/01/2017;4 250;4 250;4 250;4 250;508;2 159 000;-0.87%
19/01/2017;4 250;4 250;4 250;4 250;276;1 173 000;0.00%
20/01/2017;4 250;4 250;4 250;4 250;228;969 000;0.00%
23/01/2017;4 250;4 250;4 250;4 250;134;569 500;0.00%
24/01/2017;4 250;4 250;4 250;4 250;578;2 456 500;0.00%
25/01/2017;4 250;4 250;4 250;4 250;378;1 606 500;0.00%
26/01/2017;4 250;4 250;4 250;4 250;218;926 500;0.00%
27/01/2017;4 250;4 250;4 250;4 250;124;527 000;0.00%
30/01/2017;4 250;4 250;4 250;4 250;68;289 000;0.00%
31/01/2017;4 250;4 250;4 250;4 250;140;595 000;0.00%
01/02/2017;4 250;4 250;4 250;4 250;1 126;4 785 500;0.00%
02/02/2017;4 250;4 250;4 250;4 250;286;1 215 500;0.00%
03/02/2017;4 250;4 250;4 250;4 250;474;2 014 500;0.00%
06/02/2017;4 250;4 250;4 250;4 250;206;875 500;0.00%
07/02/2017;4 250;4 250;4 250;4 250;590;2 507 500;0.00%
08/02/2017;4 250;4 250;4 250;4 250;72;306 000;0.00%
09/02/2017;4 250;4 250;4 250;4 250;88;374 000;0.00%
10/02/2017;4 250;4 250;4 250;4 250;390;1 657 500;0.00%
13/02/2017;4 250;4 250;4 250;4 250;514;2 184 500;0.00%
14/02/2017;4 250;4 250;4 250;4 250;572;2 431 000;0.00%
15/02/2017;4 250;4 250;4 250;4 250;248;1 054 000;0.00%
16/02/2017;4 250;4 250;4 250;4 250;58;246 500;0.00%
17/02/2017;4 250;4 250;4 250;4 250;558;2 371 500;0.00%
20/02/2017;4 250;4 250;4 250;4 250;980;4 165 000;0.00%
21/02/2017;4 275;4 275;4 275;4 275;1 088;4 651 200;0.59%
22/02/2017;4 596;4 596;4 596;4 596;24;110 292;7.50%
23/02/2017;4 925;4 925;4 925;4 925;336;1 654 800;7.17%
24/02/2017;5 295;5 295;5 295;5 295;44;232 958;7.50%
27/02/2017;5 500;5 500;5 500;5 500;306;1 683 000;3.88%
28/02/2017;5 450;5 450;5 450;5 450;112;610 400;-0.91%
01/03/2017;5 200;5 200;5 200;5 200;396;2 059 200;-4.59%
02/03/2017;5 125;5 125;5 125;5 125;2;10 250;-1.44%
03/03/2017;5 125;5 125;5 125;5 125;82;420 250;0.00%
07/03/2017;5 075;5 075;5 075;5 075;390;1 979 250;-0.98%
08/03/2017;5 000;5 000;5 000;5 000;184;920 000;-1.48%
10/03/2017;4 963;4 963;4 963;4 963;92;456 550;-0.75%
13/03/2017;4 963;4 963;4 963;4 963;158;784 075;0.00%
14/03/2017;4 963;4 963;4 963;4 963;856;4 247 900;0.00%
15/03/2017;4 950;4 950;4 950;4 950;238;1 178 100;-0.25%
16/03/2017;5 000;5 000;5 000;5 000;710;3 550 000;1.01%
17/03/2017;5 000;5 000;5 000;5 000;346;1 730 000;0.00%
20/03/2017;5 000;5 000;5 000;5 000;534;2 670 000;0.00%
21/03/2017;5 000;5 000;5 000;5 000;294;1 470 000;0.00%
22/03/2017;5 250;5 250;5 250;5 250;886;4 651 500;5.00%
23/03/2017;5 250;5 250;5 250;5 250;918;4 819 500;0.00%
24/03/2017;5 300;5 300;5 300;5 300;666;3 529 800;0.95%
27/03/2017;5 500;5 500;5 500;5 500;592;3 256 000;3.77%
28/03/2017;5 415;5 415;5 415;5 415;358;1 938 570;-1.55%
29/03/2017;5 500;5 500;5 500;5 500;188;1 034 000;1.57%
30/03/2017;5 500;5 500;5 500;5 500;1 030;5 665 000;0.00%
31/03/2017;5 500;5 500;5 500;5 500;636;3 498 000;0.00%
03/04/2017;5 500;5 500;5 500;5 500;1 074;5 907 000;0.00%
04/04/2017;5 500;5 500;5 500;5 500;194;1 067 000;0.00%
05/04/2017;5 475;5 475;5 475;5 475;480;2 628 000;-0.45%
06/04/2017;5 475;5 475;5 475;5 475;210;1 149 750;0.00%
07/04/2017;5 475;5 475;5 475;5 475;418;2 288 550;0.00%
10/04/2017;5 475;5 475;5 475;5 475;276;1 511 100;0.00%
11/04/2017;5 500;5 500;5 500;5 500;144;792 000;0.46%
12/04/2017;5 475;5 475;5 475;5 475;86;470 850;-0.45%
13/04/2017;5 475;5 475;5 475;5 475;234;1 281 150;0.00%
14/04/2017;5 500;5 500;5 500;5 500;72;396 000;0.46%
18/04/2017;5 500;5 500;5 500;5 500;594;3 267 000;0.00%
19/04/2017;5 475;5 475;5 475;5 475;766;4 193 850;-0.45%
20/04/2017;5 450;5 450;5 450;5 450;726;3 956 700;-0.46%
21/04/2017;5 438;5 438;5 438;5 438;424;2 305 500;-0.23%
24/04/2017;5 475;5 475;5 475;5 475;592;3 241 200;0.69%
25/04/2017;5 500;5 500;5 500;5 500;294;1 617 000;0.46%
26/04/2017;5 475;5 475;5 475;5 475;272;1 489 200;-0.45%
27/04/2017;5 500;5 500;5 500;5 500;216;1 188 000;0.46%
28/04/2017;5 475;5 475;5 475;5 475;870;4 763 250;-0.45%
01/05/2017;5 475;5 475;5 475;5 475;17 400;95 265 000;0.00%
02/05/2017;5 475;5 475;5 475;5 475;404;2 211 900;0.00%
03/05/2017;5 500;5 500;5 500;5 500;256;1 408 000;0.46%
04/05/2017;5 500;5 500;5 500;5 500;366;2 013 000;0.00%
05/05/2017;5 475;5 475;5 475;5 475;232;1 270 200;-0.45%
08/05/2017;5 500;5 500;5 500;5 500;942;5 181 000;0.46%
09/05/2017;5 500;5 500;5 500;5 500;76;418 000;0.00%
10/05/2017;5 500;5 500;5 500;5 500;512;2 816 000;0.00%
11/05/2017;5 475;5 475;5 475;5 475;300;1 642 500;-0.45%
12/05/2017;5 475;5 475;5 475;5 475;296;1 620 600;0.00%
15/05/2017;5 475;5 475;5 475;5 475;22;120 450;0.00%
16/05/2017;5 498;5 498;5 498;5 498;92;505 770;0.41%
17/05/2017;5 498;5 498;5 498;5 498;126;692 685;0.00%
18/05/2017;5 498;5 498;5 498;5 498;152;835 620;0.00%
19/05/2017;5 475;5 475;5 475;5 475;332;1 817 700;-0.41%
22/05/2017;5 450;5 450;5 450;5 450;210;1 144 500;-0.46%
23/05/2017;5 475;5 475;5 475;5 475;180;985 500;0.46%
24/05/2017;5 451;5 451;5 451;5 451;214;1 166 407;-0.45%
25/05/2017;5 450;5 450;5 450;5 450;4 280;23 327 070;-0.00%
26/05/2017;5 475;5 475;5 475;5 475;154;843 150;0.45%
29/05/2017;5 450;5 450;5 450;5 450;464;2 528 800;-0.46%
30/05/2017;5 450;5 450;5 450;5 450;292;1 591 400;0.00%
31/05/2017;5 450;5 450;5 450;5 450;164;893 800;0.00%
01/06/2017;5 438;5 438;5 438;5 438;64;348 000;-0.23%
02/06/2017;5 450;5 450;5 450;5 450;60;327 000;0.23%
06/06/2017;5 400;5 400;5 400;5 400;494;2 667 600;-0.92%
07/06/2017;5 350;5 350;5 350;5 350;22;117 700;-0.93%
08/06/2017;5 250;5 250;5 250;5 250;166;871 500;-1.87%
09/06/2017;5 250;5 250;5 250;5 250;1 114;5 848 500;0.00%
12/06/2017;5 250;5 250;5 250;5 250;270;1 417 500;0.00%
13/06/2017;5 275;5 275;5 275;5 275;242;1 276 550;0.48%
14/06/2017;5 275;5 275;5 275;5 275;76;400 900;0.00%
15/06/2017;5 363;5 363;5 363;5 363;228;1 222 650;1.66%
16/06/2017;5 363;5 363;5 363;5 363;452;2 423 850;0.00%
19/06/2017;5 250;5 250;5 250;5 250;342;1 795 500;-2.10%
20/06/2017;5 250;5 250;5 250;5 250;22;115 500;0.00%
21/06/2017;5 250;5 250;5 250;5 250;24;126 000;0.00%
22/06/2017;5 250;5 250;5 250;5 250;240;1 260 000;0.00%
23/06/2017;5 150;5 150;5 150;5 150;32;164 800;-1.90%
27/06/2017;4 764;4 764;4 764;4 764;8;38 112;-7.50%
28/06/2017;4 750;4 750;4 750;4 750;8;38 000;-0.29%
29/06/2017;4 750;4 750;4 750;4 750;76;361 000;0.00%
30/06/2017;4 800;4 800;4 800;4 800;104;499 148;1.04%
03/07/2017;4 750;4 750;4 750;4 750;4;19 000;-1.03%
05/07/2017;4 500;4 500;4 500;4 500;18;81 000;-5.26%
06/07/2017;4 500;4 500;4 500;4 500;48;216 000;0.00%
07/07/2017;4 725;4 725;4 725;4 725;126;595 350;5.00%
10/07/2017;4 495;4 495;4 495;4 495;54;242 730;-4.87%
11/07/2017;4 500;4 500;4 500;4 500;562;2 529 000;0.11%
12/07/2017;4 500;4 500;4 500;4 500;64;288 000;0.00%
13/07/2017;4 450;4 450;4 450;4 450;14;62 300;-1.11%
14/07/2017;4 448;4 448;4 448;4 448;20;88 950;-0.06%
17/07/2017;4 114;4 114;4 114;4 114;86;353 804;-7.50%
18/07/2017;3 806;3 806;3 806;3 806;42;159 831;-7.50%
19/07/2017;3 805;3 805;3 805;3 805;132;502 260;-0.01%
20/07/2017;4 000;4 000;4 000;4 000;68;272 000;5.12%
21/07/2017;4 000;4 000;4 000;4 000;248;992 000;0.00%
24/07/2017;4 025;4 025;4 025;4 025;6;24 150;0.63%
25/07/2017;4 250;4 250;4 250;4 250;166;705 500;5.59%
26/07/2017;4 150;4 150;4 150;4 150;58;240 700;-2.35%
27/07/2017;4 150;4 150;4 150;4 150;78;323 700;0.00%
28/07/2017;4 250;4 250;4 250;4 250;208;884 000;2.41%
31/07/2017;4 500;4 500;4 500;4 500;200;900 000;5.88%
01/08/2017;4 500;4 500;4 500;4 500;44;198 000;0.00%
02/08/2017;4 750;4 750;4 750;4 750;76;361 000;5.56%
03/08/2017;4 750;4 750;4 750;4 750;20;95 000;0.00%
04/08/2017;4 700;4 700;4 700;4 700;140;658 000;-1.05%
07/08/2017;4 700;4 700;4 700;4 700;1 400;6 580 000;0.00%
08/08/2017;4 400;4 400;4 400;4 400;122;536 800;-6.38%
09/08/2017;4 400;4 400;4 400;4 400;84;369 600;0.00%
10/08/2017;4 400;4 400;4 400;4 400;32;140 800;0.00%
11/08/2017;4 250;4 250;4 250;4 250;152;646 000;-3.41%
14/08/2017;4 250;4 250;4 250;4 250;280;1 190 000;0.00%
15/08/2017;4 250;4 250;4 250;4 250;2 800;11 899 300;-0.01%
16/08/2017;4 202;4 202;4 202;4 202;204;857 106;-1.14%
17/08/2017;4 000;4 000;4 000;4 000;64;256 000;-4.80%
18/08/2017;4 245;4 245;4 245;4 245;44;186 780;6.13%
21/08/2017;4 165;4 165;4 165;4 165;70;291 515;-1.90%
22/08/2017;4 150;4 150;4 150;4 150;70;290 500;-0.35%
23/08/2017;4 125;4 125;4 125;4 125;20;82 490;-0.61%
24/08/2017;4 000;4 000;4 000;4 000;526;2 104 000;-3.02%
25/08/2017;4 000;4 000;4 000;4 000;240;960 000;0.00%
28/08/2017;3 950;3 950;3 950;3 950;68;268 600;-1.25%
29/08/2017;3 900;3 900;3 900;3 900;108;421 200;-1.27%
30/08/2017;3 850;3 850;3 850;3 850;180;693 000;-1.28%
31/08/2017;3 950;3 950;3 950;3 950;1 944;7 677 828;2.58%
04/09/2017;3 850;3 850;3 850;3 850;244;939 400;-2.52%
05/09/2017;3 874;3 874;3 874;3 874;284;1 100 216;0.62%
06/09/2017;3 900;3 900;3 900;3 900;652;2 542 800;0.67%
07/09/2017;3 945;3 945;3 945;3 945;604;2 382 780;1.15%
08/09/2017;3 900;3 900;3 900;3 900;892;3 478 800;-1.14%
11/09/2017;3 890;3 890;3 890;3 890;1 212;4 714 680;-0.26%
12/09/2017;3 900;3 900;3 900;3 900;22;85 800;0.26%
13/09/2017;3 850;3 850;3 850;3 850;116;446 600;-1.28%
14/09/2017;3 650;3 650;3 650;3 650;230;839 500;-5.19%
15/09/2017;3 850;3 850;3 850;3 850;36;138 582;5.47%
18/09/2017;3 800;3 800;3 800;3 800;312;1 185 600;-1.29%
19/09/2017;3 800;3 800;3 800;3 800;662;2 515 600;0.00%
20/09/2017;3 700;3 700;3 700;3 700;314;1 161 800;-2.63%
21/09/2017;3 700;3 700;3 700;3 700;240;888 000;0.00%
22/09/2017;3 800;3 800;3 800;3 800;62;235 600;2.70%
25/09/2017;3 910;3 910;3 910;3 910;198;774 180;2.89%
26/09/2017;3 651;3 651;3 651;3 651;26;94 913;-6.64%
27/09/2017;3 900;3 900;3 900;3 900;120;468 000;6.83%
28/09/2017;3 900;3 900;3 900;3 900;30;117 000;0.00%
29/09/2017;3 900;3 900;3 900;3 900;780;3 042 000;0.00%
02/10/2017;3 900;3 900;3 900;3 900;946;3 689 400;0.00%
03/10/2017;3 900;3 900;3 900;3 900;428;1 669 200;0.00%
04/10/2017;3 895;3 895;3 895;3 895;448;1 744 960;-0.13%
05/10/2017;3 900;3 900;3 900;3 900;56;218 400;0.13%
09/10/2017;3 725;3 725;3 725;3 725;304;1 132 400;-4.49%
10/10/2017;3 800;3 800;3 800;3 800;14;53 200;2.01%
11/10/2017;3 750;3 750;3 750;3 750;492;1 845 000;-1.32%
12/10/2017;3 750;3 750;3 750;3 750;10;37 500;0.00%
13/10/2017;3 725;3 725;3 725;3 725;168;625 800;-0.67%
16/10/2017;3 500;3 500;3 500;3 500;40;140 000;-6.04%
17/10/2017;3 500;3 500;3 500;3 500;108;378 000;0.00%
18/10/2017;3 450;3 450;3 450;3 450;246;848 700;-1.43%
19/10/2017;3 450;3 450;3 450;3 450;6;20 700;0.00%
20/10/2017;3 709;3 709;3 709;3 709;1 010;3 746 090;7.51%
23/10/2017;3 500;3 500;3 500;3 500;84;294 000;-5.63%
24/10/2017;3 700;3 700;3 700;3 700;178;658 600;5.71%
25/10/2017;3 500;3 500;3 500;3 500;60;210 000;-5.41%
26/10/2017;3 500;3 500;3 500;3 500;36;126 000;0.00%
27/10/2017;3 500;3 500;3 500;3 500;48;168 000;0.00%
30/10/2017;3 446;3 446;3 446;3 446;768;2 646 144;-1.56%
31/10/2017;3 650;3 650;3 650;3 650;44;160 600;5.94%
01/11/2017;3 650;3 650;3 650;3 650;44;160 600;0.00%
02/11/2017;3 625;3 625;3 625;3 625;1 126;4 081 750;-0.68%
03/11/2017;3 625;3 625;3 625;3 625;282;1 022 250;0.00%
06/11/2017;3 373;3 373;3 373;3 373;2 620;8 835 950;-6.97%
07/11/2017;3 250;3 250;3 250;3 250;2 528;8 216 000;-3.63%
08/11/2017;3 250;3 250;3 250;3 250;930;3 022 500;0.00%
09/11/2017;3 253;3 253;3 253;3 253;1 210;3 935 525;0.08%
10/11/2017;3 450;3 450;3 450;3 450;548;1 890 600;6.07%
13/11/2017;3 498;3 498;3 498;3 498;2 170;7 589 575;1.38%
14/11/2017;3 450;3 450;3 450;3 450;268;924 600;-1.36%
15/11/2017;3 450;3 450;3 450;3 450;268;924 600;0.00%
16/11/2017;3 500;3 500;3 500;3 500;3 532;12 362 000;1.45%
17/11/2017;3 618;3 618;3 618;3 618;420;1 519 350;3.36%
20/11/2017;3 700;3 700;3 700;3 700;1 794;6 637 800;2.28%
21/11/2017;3 700;3 700;3 700;3 700;1 060;3 922 000;0.00%
22/11/2017;3 750;3 750;3 750;3 750;6 574;24 652 500;1.35%
23/11/2017;3 700;3 700;3 700;3 700;2 198;8 132 600;-1.33%
24/11/2017;3 675;3 675;3 675;3 675;914;3 358 950;-0.68%
27/11/2017;3 600;3 600;3 600;3 600;478;1 720 800;-2.04%
28/11/2017;3 648;3 648;3 648;3 648;2 236;8 155 810;1.32%
29/11/2017;3 698;3 698;3 698;3 698;2 396;8 859 210;1.37%
01/12/2017;3 673;3 673;3 673;3 673;440;1 615 900;0.00%
04/12/2017;3 600;3 600;3 600;3 600;2 372;8 539 200;-1.97%
05/12/2017;3 650;3 650;3 650;3 650;594;2 168 100;1.39%
06/12/2017;3 645;3 645;3 645;3 645;1 816;6 619 320;-0.14%
07/12/2017;3 600;3 600;3 600;3 600;159 762;575 143 200;-1.23%
08/12/2017;3 600;3 600;3 600;3 600;190;684 000;0.00%
11/12/2017;3 548;3 548;3 548;3 548;566;2 007 885;-1.46%
12/12/2017;3 498;3 498;3 498;3 498;5 200;18 187 000;-1.41%
13/12/2017;3 500;3 500;3 500;3 500;2 912;10 192 000;0.07%
14/12/2017;3 500;3 500;3 500;3 500;408;1 428 000;0.00%
15/12/2017;3 498;3 498;3 498;3 498;420;1 468 950;-0.07%
18/12/2017;3 500;3 500;3 500;3 500;964;3 374 000;0.07%
19/12/2017;3 513;3 513;3 513;3 513;336;1 180 200;0.36%
20/12/2017;3 498;3 498;3 498;3 498;736;2 574 160;-0.43%
21/12/2017;3 500;3 500;3 500;3 500;416;1 456 000;0.07%
22/12/2017;3 513;3 513;3 513;3 513;1 248;4 383 600;0.36%
25/12/2017;3 513;3 513;3 513;3 513;1 248;4 383 600;0.00%
26/12/2017;3 600;3 600;3 600;3 600;2 816;10 137 600;2.49%
27/12/2017;3 650;3 650;3 650;3 650;4 198;15 322 700;1.39%
28/12/2017;3 650;3 650;3 650;3 650;7 760;28 324 000;0.00%
29/12/2017;3 725;3 725;3 725;3 725;1 014;3 777 150;2.05%
02/01/2018;3 598;3 598;3 598;3 598;786;2 827 635;-3.42%
03/01/2018;3 550;3 550;3 550;3 550;4 412;15 662 600;-1.32%
04/01/2018;3 550;3 550;3 550;3 550;13 130;46 611 500;0.00%
05/01/2018;3 575;3 575;3 575;3 575;1 488;5 319 600;0.70%
08/01/2018;3 500;3 500;3 500;3 500;9 804;34 314 000;-2.10%
09/01/2018;3 500;3 500;3 500;3 500;3 474;12 159 000;0.00%
10/01/2018;3 500;3 500;3 500;3 500;630;2 205 000;0.00%
11/01/2018;3 495;3 495;3 495;3 495;2 642;9 233 790;-0.14%
12/01/2018;3 450;3 450;3 450;3 450;1 058;3 650 100;-1.29%
15/01/2018;3 450;3 450;3 450;3 450;1 648;5 685 600;0.00%
16/01/2018;3 448;3 448;3 448;3 448;1 784;6 150 340;-0.07%
17/01/2018;3 390;3 390;3 390;3 390;1 172;3 973 080;-1.67%
18/01/2018;3 348;3 348;3 348;3 348;1 942;6 500 845;-1.25%
19/01/2018;3 338;3 338;3 338;3 338;922;3 077 175;-0.30%
22/01/2018;3 350;3 350;3 350;3 350;1 482;4 964 700;0.37%
23/01/2018;3 250;3 250;3 250;3 250;2 674;8 690 500;-2.99%
24/01/2018;3 250;3 250;3 250;3 250;6 548;21 281 000;0.00%
25/01/2018;3 248;3 248;3 248;3 248;3 918;12 723 705;-0.08%
26/01/2018;3 250;3 250;3 250;3 250;1 550;5 037 500;0.08%
29/01/2018;3 200;3 200;3 200;3 200;7 148;22 873 600;-1.54%
30/01/2018;3 225;3 225;3 225;3 225;3 236;10 436 100;0.78%
31/01/2018;3 225;3 225;3 225;3 225;2 168;6 991 800;0.00%
01/02/2018;3 225;3 225;3 225;3 225;11 002;35 481 450;0.00%
02/02/2018;3 225;3 225;3 225;3 225;2 790;8 997 750;0.00%
05/02/2018;3 223;3 223;3 223;3 223;870;2 803 575;-0.08%
06/02/2018;3 200;3 200;3 200;3 200;21 590;69 088 000;-0.70%
07/02/2018;3 153;3 153;3 153;3 153;3 304;10 415 860;-1.48%
08/02/2018;3 198;3 198;3 198;3 198;2 162;6 912 995;1.43%
09/02/2018;3 225;3 225;3 225;3 225;5 874;18 943 650;0.86%
12/02/2018;3 200;3 200;3 200;3 200;2 184;6 988 800;-0.78%
13/02/2018;3 200;3 200;3 200;3 200;1 552;4 966 400;0.00%
14/02/2018;3 203;3 203;3 203;3 203;1 016;3 253 740;0.08%
15/02/2018;3 225;3 225;3 225;3 225;5 126;16 531 350;0.70%
16/02/2018;3 220;3 220;3 220;3 220;7 910;25 470 200;-0.16%
19/02/2018;3 200;3 200;3 200;3 200;6 074;19 436 800;-0.62%
20/02/2018;3 155;3 155;3 155;3 155;3 774;11 906 970;-1.41%
21/02/2018;3 198;3 198;3 198;3 198;2 646;8 460 585;1.35%
22/02/2018;3 200;3 200;3 200;3 200;2 462;7 878 400;0.08%
23/02/2018;3 225;3 225;3 225;3 225;402;1 296 450;0.78%
26/02/2018;3 363;3 363;3 363;3 363;256;860 800;4.26%
27/02/2018;3 350;3 350;3 350;3 350;530;1 775 500;-0.37%
01/03/2018;3 300;3 300;3 300;3 300;372;1 227 600;0.08%
02/03/2018;3 298;3 298;3 298;3 298;408;1 345 380;-0.08%
05/03/2018;3 250;3 250;3 250;3 250;5 276;17 147 000;-1.44%
06/03/2018;3 300;3 300;3 300;3 300;2 272;7 497 600;1.54%
07/03/2018;3 250;3 250;3 250;3 250;7 274;23 640 500;-1.52%
08/03/2018;3 290;3 290;3 290;3 290;652;2 145 080;1.23%
09/03/2018;3 250;3 250;3 250;3 250;1 034;3 360 500;-1.22%
12/03/2018;3 203;3 203;3 203;3 203;3 302;10 574 655;-1.46%
13/03/2018;3 200;3 200;3 200;3 200;18 644;59 660 800;-0.08%
14/03/2018;3 250;3 250;3 250;3 250;5 882;19 116 500;1.56%
15/03/2018;3 248;3 248;3 248;3 248;506;1 643 235;-0.08%
16/03/2018;3 225;3 225;3 225;3 225;966;3 115 350;-0.69%
19/03/2018;3 175;3 175;3 175;3 175;1 010;3 206 750;-1.55%
20/03/2018;3 200;3 200;3 200;3 200;1 432;4 582 400;0.79%
21/03/2018;3 150;3 150;3 150;3 150;1 128;3 553 200;-1.56%
22/03/2018;3 150;3 150;3 150;3 150;592;1 864 800;0.00%
23/03/2018;3 250;3 250;3 250;3 250;2 378;7 728 500;3.17%
26/03/2018;3 200;3 200;3 200;3 200;200;640 000;-1.54%
27/03/2018;3 200;3 200;3 200;3 200;638;2 041 600;0.00%
28/03/2018;3 223;3 223;3 223;3 223;1 276;4 111 910;0.70%
29/03/2018;3 200;3 200;3 200;3 200;1 228;3 929 600;-0.70%
30/03/2018;3 350;3 350;3 350;3 350;9 040;30 284 000;4.69%
02/04/2018;3 350;3 350;3 350;3 350;9 040;30 284 000;0.00%
03/04/2018;3 200;3 200;3 200;3 200;924;2 956 800;-4.48%
04/04/2018;3 250;3 250;3 250;3 250;976;3 172 000;1.56%
05/04/2018;3 200;3 200;3 200;3 200;1 432;4 582 400;-1.54%
06/04/2018;3 155;3 155;3 155;3 155;1 092;3 445 260;-1.41%
09/04/2018;3 150;3 150;3 150;3 150;1 524;4 800 600;-0.16%
10/04/2018;3 100;3 100;3 100;3 100;1 860;5 766 000;-1.59%
11/04/2018;3 150;3 150;3 150;3 150;604;1 902 600;1.61%
12/04/2018;3 150;3 150;3 150;3 150;1 496;4 712 400;0.00%
13/04/2018;3 075;3 075;3 075;3 075;924;2 841 300;-2.38%
16/04/2018;2 845;2 845;2 845;2 845;1 994;5 672 930;-7.48%
17/04/2018;3 000;3 000;3 000;3 000;46;138 000;5.45%
18/04/2018;3 000;3 000;3 000;3 000;930;2 790 000;0.00%
19/04/2018;2 998;2 998;2 998;2 998;432;1 294 920;-0.08%
20/04/2018;3 073;3 073;3 073;3 073;850;2 611 625;2.50%
23/04/2018;2 950;2 950;2 950;2 950;174;513 300;-3.99%
24/04/2018;2 900;2 900;2 900;2 900;822;2 383 800;-1.69%
25/04/2018;3 000;3 000;3 000;3 000;310;930 000;3.45%
26/04/2018;2 900;2 900;2 900;2 900;1 062;3 079 800;-3.33%
27/04/2018;2 845;2 845;2 845;2 845;3 182;9 052 790;-1.90%
09/05/2018;2 698;2 698;2 698;2 698;3 460;9 333 350;-5.18%
10/05/2018;2 698;2 698;2 698;2 698;3 460;9 333 350;0.00%
11/05/2018;2 550;2 550;2 550;2 550;5 126;13 071 300;-5.47%
14/05/2018;2 548;2 548;2 548;2 548;2 126;5 415 985;-0.10%
15/05/2018;2 500;2 500;2 500;2 500;2 102;5 255 000;-1.86%
16/05/2018;2 450;2 450;2 450;2 450;850;2 082 500;-2.00%
17/05/2018;2 425;2 425;2 425;2 425;24;58 200;-1.02%
18/05/2018;2 400;2 400;2 400;2 400;40;96 000;-1.03%
21/05/2018;2 400;2 400;2 400;2 400;40;96 000;0.00%
22/05/2018;2 350;2 350;2 350;2 350;2 378;5 588 300;-2.08%
23/05/2018;2 250;2 250;2 250;2 250;1 142;2 569 500;-4.26%
24/05/2018;2 250;2 250;2 250;2 250;1 548;3 483 000;0.00%
25/05/2018;2 300;2 300;2 300;2 300;1 294;2 976 200;2.22%
28/05/2018;2 298;2 298;2 298;2 298;800;1 838 000;-0.11%
30/05/2018;2 250;2 250;2 250;2 250;4 954;11 146 500;0.00%
31/05/2018;2 250;2 250;2 250;2 250;3 932;8 847 000;0.00%
01/06/2018;2 250;2 250;2 250;2 250;710;1 597 500;0.00%
04/06/2018;2 250;2 250;2 250;2 250;1 092;2 457 000;0.00%
05/06/2018;2 158;2 158;2 158;2 158;3 678;7 935 285;-4.11%
06/06/2018;2 303;2 303;2 303;2 303;2 958;6 810 795;6.72%
07/06/2018;2 250;2 250;2 250;2 250;96;216 000;-2.28%
08/06/2018;2 250;2 250;2 250;2 250;2 172;4 887 000;0.00%
11/06/2018;2 250;2 250;2 250;2 250;2 172;4 887 000;0.00%
12/06/2018;2 250;2 250;2 250;2 250;6 358;14 305 500;0.00%
13/06/2018;2 250;2 250;2 250;2 250;7 062;15 889 500;0.00%
14/06/2018;2 250;2 250;2 250;2 250;7 062;15 889 500;0.00%
15/06/2018;2 250;2 250;2 250;2 250;1 418;3 190 500;0.00%
18/06/2018;2 250;2 250;2 250;2 250;2 588;5 823 000;0.00%
19/06/2018;2 250;2 250;2 250;2 250;7 118;16 015 500;0.00%
20/06/2018;2 275;2 275;2 275;2 275;9 018;20 515 950;1.11%
21/06/2018;2 323;2 323;2 323;2 323;6 010;13 958 225;2.09%
28/06/2018;2 500;2 500;2 500;2 500;11 178;27 945 000;7.64%
29/06/2018;2 498;2 498;2 498;2 498;4 232;10 569 420;-0.10%
02/07/2018;2 498;2 498;2 498;2 498;21 998;54 940 005;0.00%
03/07/2018;2 500;2 500;2 500;2 500;1 380;3 450 000;0.10%
04/07/2018;2 500;2 500;2 500;2 500;4 300;10 750 000;0.00%
05/07/2018;2 498;2 498;2 498;2 498;3 034;7 577 415;-0.10%
06/07/2018;2 498;2 498;2 498;2 498;632;1 578 420;0.00%
09/07/2018;2 450;2 450;2 450;2 450;13 434;32 913 300;-1.90%
10/07/2018;2 435;2 435;2 435;2 435;12 158;29 604 730;-0.61%
11/07/2018;2 448;2 448;2 448;2 448;2 192;5 364 920;0.51%
12/07/2018;2 450;2 450;2 450;2 450;660;1 617 000;0.10%
13/07/2018;2 450;2 450;2 450;2 450;4 600;11 270 000;0.00%
16/07/2018;2 450;2 450;2 450;2 450;510;1 249 500;0.00%
17/07/2018;2 448;2 448;2 448;2 448;818;2 002 055;-0.10%
18/07/2018;2 405;2 405;2 405;2 405;2 278;5 478 590;-1.74%
19/07/2018;2 450;2 450;2 450;2 450;478;1 171 100;1.87%
20/07/2018;2 498;2 498;2 498;2 498;1 996;4 985 010;1.94%
23/07/2018;2 450;2 450;2 450;2 450;210;514 500;-1.90%
24/07/2018;2 450;2 450;2 450;2 450;1 936;4 743 200;0.00%
25/07/2018;2 450;2 450;2 450;2 450;5 192;12 720 400;0.00%
26/07/2018;2 500;2 500;2 500;2 500;1 930;4 825 000;2.04%
30/07/2018;2 548;2 548;2 548;2 548;1 162;2 960 195;1.90%
31/07/2018;2 548;2 548;2 548;2 548;1 150;2 929 625;0.00%
01/08/2018;2 550;2 550;2 550;2 550;324;826 200;0.10%
02/08/2018;2 525;2 525;2 525;2 525;596;1 504 900;-0.98%
03/08/2018;2 545;2 545;2 545;2 545;222;564 990;0.79%
06/08/2018;2 545;2 545;2 545;2 545;222;564 990;0.00%
07/08/2018;2 545;2 545;2 545;2 545;222;564 990;0.00%
08/08/2018;2 545;2 545;2 545;2 545;5 390;13 717 550;0.00%
09/08/2018;2 500;2 500;2 500;2 500;400;1 000 000;-1.77%
10/08/2018;2 500;2 500;2 500;2 500;520;1 300 000;0.00%
13/08/2018;2 538;2 538;2 538;2 538;1 290;3 273 375;1.50%
14/08/2018;2 505;2 505;2 505;2 505;2 134;5 345 670;-1.28%
20/08/2018;2 508;2 508;2 508;2 508;272;682 040;0.10%
21/08/2018;2 508;2 508;2 508;2 508;272;682 040;0.00%
22/08/2018;2 505;2 505;2 505;2 505;21 584;54 067 920;-0.10%
23/08/2018;2 503;2 503;2 503;2 503;1 782;4 459 455;-0.10%
24/08/2018;2 500;2 500;2 500;2 500;1 252;3 130 000;-0.10%
28/08/2018;2 458;2 458;2 458;2 458;2 108;5 180 410;-1.70%
29/08/2018;2 450;2 450;2 450;2 450;7 456;18 267 200;-0.31%
30/08/2018;2 450;2 450;2 450;2 450;1 568;3 841 600;0.00%
31/08/2018;2 425;2 425;2 425;2 425;518;1 256 150;-1.02%
03/09/2018;2 400;2 400;2 400;2 400;4 290;10 296 000;-1.03%
04/09/2018;2 400;2 400;2 400;2 400;1 446;3 470 400;0.00%
05/09/2018;2 400;2 400;2 400;2 400;1 860;4 464 000;0.00%
06/09/2018;2 300;2 300;2 300;2 300;2 228;5 124 400;-4.17%
07/09/2018;2 295;2 295;2 295;2 295;1 100;2 524 500;-0.22%
10/09/2018;2 300;2 300;2 300;2 300;2 260;5 198 000;0.22%
11/09/2018;2 298;2 298;2 298;2 298;746;1 713 935;-0.11%
12/09/2018;2 290;2 290;2 290;2 290;868;1 987 720;-0.33%
13/09/2018;2 250;2 250;2 250;2 250;1 746;3 928 500;-1.75%
14/09/2018;2 243;2 243;2 243;2 243;2 070;4 641 975;-0.33%
17/09/2018;2 243;2 243;2 243;2 243;2 070;4 641 975;0.00%
18/09/2018;2 175;2 175;2 175;2 175;984;2 140 200;-3.01%
19/09/2018;2 175;2 175;2 175;2 175;636;1 383 300;0.00%
20/09/2018;2 150;2 150;2 150;2 150;1 442;3 100 300;-1.15%
21/09/2018;2 148;2 148;2 148;2 148;1 904;4 088 840;-0.12%
24/09/2018;2 125;2 125;2 125;2 125;370;786 250;-1.05%
25/09/2018;2 120;2 120;2 120;2 120;278;589 360;-0.24%
26/09/2018;2 118;2 118;2 118;2 118;848;1 795 640;-0.12%
27/09/2018;2 050;2 050;2 050;2 050;2 882;5 908 100;-3.19%
28/09/2018;2 098;2 098;2 098;2 098;1 642;3 444 095;2.32%
01/10/2018;2 023;2 023;2 023;2 023;8 602;17 397 545;-3.58%
02/10/2018;2 015;2 015;2 015;2 015;3 842;7 741 630;-0.37%
03/10/2018;2 015;2 015;2 015;2 015;114;229 710;0.00%
04/10/2018;2 000;2 000;2 000;2 000;1 576;3 152 000;-0.74%
05/10/2018;2 000;2 000;2 000;2 000;862;1 724 000;0.00%
08/10/2018;2 000;2 000;2 000;2 000;1 738;3 476 000;0.00%
09/10/2018;1 950;1 950;1 950;1 950;272;530 400;-2.50%
10/10/2018;1 950;1 950;1 950;1 950;5 038;9 824 100;0.00%
11/10/2018;2 000;2 000;2 000;2 000;442;884 000;2.56%
12/10/2018;1 960;1 960;1 960;1 960;4 746;9 302 160;-2.00%
15/10/2018;1 993;1 993;1 993;1 993;5 870;11 695 975;1.66%
16/10/2018;1 993;1 993;1 993;1 993;15 522;30 927 585;0.00%
17/10/2018;1 993;1 993;1 993;1 993;974;1 940 695;0.00%
18/10/2018;1 975;1 975;1 975;1 975;17 210;33 989 750;-0.88%
19/10/2018;1 975;1 975;1 975;1 975;6 840;13 509 000;0.00%
22/10/2018;1 975;1 975;1 975;1 975;1 982;3 914 450;0.00%
23/10/2018;1 950;1 950;1 950;1 950;19 010;37 069 500;-1.27%
24/10/2018;1 988;1 988;1 988;1 988;13 466;26 763 675;1.92%
25/10/2018;1 900;1 900;1 900;1 900;500;950 000;-4.40%
26/10/2018;1 925;1 925;1 925;1 925;1 020;1 963 500;1.32%
29/10/2018;1 923;1 923;1 923;1 923;4 222;8 116 795;-0.13%
30/10/2018;1 898;1 898;1 898;1 898;174;330 165;-1.30%
31/10/2018;1 973;1 973;1 973;1 973;4 512;8 899 920;3.95%
01/11/2018;1 973;1 973;1 973;1 973;4 512;8 899 920;0.00%
02/11/2018;1 865;1 865;1 865;1 865;2 814;5 248 110;-5.45%
05/11/2018;1 850;1 850;1 850;1 850;490;906 500;-0.80%
06/11/2018;1 825;1 825;1 825;1 825;3 336;6 088 200;-1.35%
07/11/2018;1 750;1 750;1 750;1 750;744;1 302 000;-4.11%
08/11/2018;1 750;1 750;1 750;1 750;5 016;8 778 000;0.00%
09/11/2018;1 700;1 700;1 700;1 700;922;1 567 400;-2.86%
12/11/2018;1 675;1 675;1 675;1 675;10 622;17 791 850;-1.47%
13/11/2018;1 648;1 648;1 648;1 648;1 808;2 978 680;-1.64%
14/11/2018;1 743;1 743;1 743;1 743;2 050;3 572 125;5.77%
15/11/2018;1 743;1 743;1 743;1 743;2 050;3 572 125;0.00%
16/11/2018;1 735;1 735;1 735;1 735;7 848;13 616 280;-0.43%
19/11/2018;1 733;1 733;1 733;1 733;676;1 171 170;-0.14%
20/11/2018;1 733;1 733;1 733;1 733;676;1 171 170;0.00%
21/11/2018;1 720;1 720;1 720;1 720;838;1 441 360;-0.72%
22/11/2018;1 595;1 595;1 595;1 595;2 368;3 776 960;-7.27%
23/11/2018;1 500;1 500;1 500;1 500;6 962;10 443 000;-5.96%
27/11/2018;1 498;1 498;1 498;1 498;184;275 540;0.00%
28/11/2018;1 498;1 498;1 498;1 498;518;775 705;0.00%
29/11/2018;1 498;1 498;1 498;1 498;4 986;7 466 535;0.00%
30/11/2018;1 498;1 498;1 498;1 498;2 536;3 797 660;0.00%
03/12/2018;1 450;1 450;1 450;1 450;620;899 000;-3.17%
04/12/2018;1 375;1 375;1 375;1 375;462;635 250;-5.17%
05/12/2018;1 400;1 400;1 400;1 400;1 474;2 063 600;1.82%
06/12/2018;1 400;1 400;1 400;1 400;6 056;8 478 400;0.00%
07/12/2018;1 500;1 500;1 500;1 500;10 320;15 480 000;7.14%
10/12/2018;1 498;1 498;1 498;1 498;864;1 293 840;-0.17%
11/12/2018;1 450;1 450;1 450;1 450;1 396;2 024 200;-3.17%
12/12/2018;1 500;1 500;1 500;1 500;8 350;12 525 000;3.45%
13/12/2018;1 500;1 500;1 500;1 500;7 024;10 536 000;0.00%
14/12/2018;1 500;1 500;1 500;1 500;4 836;7 254 000;0.00%
17/12/2018;1 550;1 550;1 550;1 550;9 206;14 269 300;3.33%
18/12/2018;1 550;1 550;1 550;1 550;14 426;22 360 300;0.00%
19/12/2018;1 550;1 550;1 550;1 550;8 770;13 593 500;0.00%
20/12/2018;1 550;1 550;1 550;1 550;240;372 000;0.00%
21/12/2018;1 550;1 550;1 550;1 550;2 538;3 933 900;0.00%
24/12/2018;1 598;1 598;1 598;1 598;2 208;3 527 280;3.06%
25/12/2018;1 598;1 598;1 598;1 598;2 208;3 527 280;0.00%
26/12/2018;1 715;1 715;1 715;1 715;11 484;19 695 060;7.36%
27/12/2018;1 843;1 843;1 843;1 843;488;899 140;7.43%
28/12/2018;1 980;1 980;1 980;1 980;12 210;24 175 800;7.46%
31/12/2018;2 100;2 100;2 100;2 100;45 276;95 079 600;6.06%
02/01/2019;1 950;1 950;1 950;1 950;1 690;3 295 500;-7.14%
03/01/2019;1 900;1 900;1 900;1 900;374;710 600;-2.56%
04/01/2019;1 898;1 898;1 898;1 898;1 154;2 189 715;-0.13%
07/01/2019;1 898;1 898;1 898;1 898;1 230;2 333 925;0.00%
08/01/2019;1 900;1 900;1 900;1 900;460;874 000;0.13%
09/01/2019;1 875;1 875;1 875;1 875;180;337 500;-1.32%
10/01/2019;1 850;1 850;1 850;1 850;1 660;3 071 000;-1.33%
11/01/2019;1 850;1 850;1 850;1 850;654;1 209 900;0.00%
14/01/2019;1 843;1 843;1 843;1 843;1 152;2 122 560;-0.41%
15/01/2019;1 843;1 843;1 843;1 843;274;504 845;0.00%
16/01/2019;1 850;1 840;1 850;1 840;2 966;5 472 270;0.41%
18/01/2019;1 848;1 845;1 848;1 845;860;1 587 775;-0.14%
21/01/2019;1 843;1 845;1 845;1 843;952;1 755 250;-0.27%
22/01/2019;1 845;1 845;1 845;1 845;206;380 070;0.14%
23/01/2019;1 750;1 800;1 800;1 750;1 980;3 514 500;-5.15%
24/01/2019;1 750;1 750;1 750;1 750;20;35 000;0.00%
25/01/2019;1 720;1 750;1 750;1 720;526;912 610;-1.71%
28/01/2019;1 748;1 715;1 748;1 715;5 604;9 701 925;1.60%
29/01/2019;1 745;1 650;1 745;1 650;734;1 245 965;-0.14%
30/01/2019;1 750;1 733;1 750;1 733;514;895 003;0.29%
31/01/2019;1 700;1 743;1 743;1 700;1 648;2 836 620;-2.86%
01/02/2019;1 743;1 700;1 743;1 700;386;664 403;2.50%
04/02/2019;1 710;1 713;1 713;1 710;304;520 220;-1.87%
05/02/2019;1 703;1 705;1 705;1 703;466;793 948;-0.44%
06/02/2019;1 675;1 705;1 705;1 675;1 252;2 115 880;-1.62%
07/02/2019;1 700;1 700;1 700;1 700;3 206;5 450 200;1.49%
08/02/2019;1 650;1 675;1 675;1 650;266;442 225;-2.94%
11/02/2019;1 650;1 650;1 650;1 650;1 640;2 706 000;0.00%
12/02/2019;1 650;1 650;1 650;1 650;24 902;41 088 300;0.00%
13/02/2019;1 625;1 625;1 625;1 625;1 900;3 087 500;-1.52%
14/02/2019;1 670;1 650;1 670;1 650;4 660;7 735 600;2.77%
15/02/2019;1 653;1 670;1 670;1 653;11 628;19 317 015;-1.05%
18/02/2019;1 750;1 668;1 750;1 668;6 766;11 561 403;5.90%
19/02/2019;1 850;1 753;1 850;1 753;1 392;2 507 340;5.71%
20/02/2019;1 850;1 780;1 850;1 780;1 610;2 922 150;0.00%
21/02/2019;1 950;1 825;1 950;1 825;3 742;7 063 025;5.41%
22/02/2019;2 050;1 975;2 050;1 975;7 202;14 494 025;5.13%
26/02/2019;2 000;2 100;2 100;2 000;6 024;12 349 200;-4.76%
27/02/2019;1 948;2 003;2 003;1 948;1 034;2 042 150;-2.63%
28/02/2019;2 000;1 950;2 000;1 950;492;971 700;2.70%
01/03/2019;1 990;2 000;2 000;1 990;1 154;2 302 230;-0.50%
04/03/2019;1 950;1 990;1 990;1 950;316;622 520;-2.01%
05/03/2019;1 950;1 925;1 950;1 925;8 002;15 503 875;0.00%
06/03/2019;1 930;1 900;1 930;1 900;960;1 838 400;-1.03%
07/03/2019;1 930;1 903;1 930;1 903;3 844;7 366 065;0.00%
08/03/2019;1 875;1 900;1 900;1 875;2 160;4 077 000;-2.85%
11/03/2019;1 853;1 850;1 853;1 850;242;448 003;-1.20%
12/03/2019;1 725;1 848;1 848;1 725;5 080;9 074 150;-6.88%
13/03/2019;1 723;1 750;1 750;1 723;102;177 098;-0.14%
14/03/2019;1 850;1 725;1 850;1 725;2 898;5 180 175;7.40%
15/03/2019;1 950;1 850;1 950;1 850;3 582;6 805 800;5.41%
18/03/2019;2 000;1 950;2 000;1 950;1 834;3 622 150;2.56%
19/03/2019;1 973;2 000;2 000;1 973;1 204;2 391 445;-1.38%
20/03/2019;1 945;1 945;1 945;1 945;220;427 900;-1.39%
21/03/2019;1 973;1 973;1 973;1 973;4 420;8 718 450;1.41%
22/03/2019;2 048;1 975;2 048;1 975;3 772;7 586 435;3.80%
25/03/2019;2 050;2 000;2 050;2 000;2 676;5 418 900;0.12%
26/03/2019;2 095;2 050;2 095;2 050;1 044;2 163 690;2.20%
27/03/2019;1 950;2 048;2 048;1 950;1 130;2 258 588;-6.92%
28/03/2019;2 000;2 000;2 000;2 000;3 400;6 800 000;2.56%
29/03/2019;2 000;1 998;2 000;1 998;4 330;8 654 588;0.00%
01/04/2019;2 000;2 000;2 000;2 000;1 492;2 984 000;0.00%
02/04/2019;1 950;1 953;1 953;1 950;2 120;4 136 650;-2.50%
03/04/2019;1 950;1 950;1 950;1 950;120;234 000;0.00%
04/04/2019;1 950;1 950;1 950;1 950;370;721 500;0.00%
05/04/2019;2 090;2 000;2 090;2 000;6 936;14 184 120;7.18%
08/04/2019;2 200;2 075;2 200;2 075;1 388;2 966 850;5.26%
09/04/2019;2 198;2 200;2 200;2 198;828;1 820 565;-0.11%
10/04/2019;2 125;2 198;2 198;2 125;5 034;10 879 733;-3.30%
11/04/2019;2 050;2 100;2 100;2 050;1 742;3 614 650;-3.53%
12/04/2019;2 050;2 050;2 050;2 050;1 670;3 423 500;0.00%
15/04/2019;2 053;2 050;2 053;2 050;3 292;6 752 715;0.12%
16/04/2019;2 050;2 075;2 075;2 050;524;1 080 750;-0.12%
17/04/2019;2 075;2 050;2 075;2 050;1 294;2 668 875;1.22%
18/04/2019;2 058;2 100;2 100;2 058;2 528;5 255 080;-0.84%
19/04/2019;2 050;2 058;2 058;2 050;1 684;3 458 515;-0.36%
22/04/2019;2 050;2 058;2 058;2 050;1 684;3 458 515;0.00%
23/04/2019;2 125;2 058;2 125;2 058;2 436;5 094 285;3.66%
24/04/2019;2 250;2 100;2 250;2 100;4 428;9 630 900;5.88%
25/04/2019;2 245;2 250;2 250;2 245;506;1 137 235;-0.22%
26/04/2019;2 198;2 133;2 198;2 133;1 650;3 572 250;-2.12%
29/04/2019;2 133;2 200;2 200;2 133;3 410;7 386 913;-2.96%
30/04/2019;2 133;2 133;2 133;2 133;1 232;2 627 240;0.00%
01/05/2019;2 133;2 133;2 133;2 133;1 232;2 627 240;0.00%
02/05/2019;2 140;2 138;2 140;2 138;2 484;5 312 655;0.35%
03/05/2019;2 150;2 150;2 150;2 150;116;249 400;0.47%
06/05/2019;2 140;2 150;2 150;2 140;800;1 716 000;-0.47%
07/05/2019;2 133;2 143;2 143;2 133;630;1 346 625;-0.35%
08/05/2019;2 130;2 133;2 133;2 130;2 760;5 882 250;-0.12%
09/05/2019;2 200;2 140;2 200;2 140;3 164;6 865 880;3.29%
10/05/2019;2 213;2 213;2 213;2 213;864;1 911 600;0.57%
13/05/2019;2 175;2 238;2 238;2 175;930;2 051 813;-1.69%
14/05/2019;2 130;2 198;2 198;2 130;1 716;3 712 995;-2.07%
15/05/2019;2 130;2 135;2 135;2 130;358;763 435;0.00%
16/05/2019;2 100;2 130;2 130;2 100;972;2 055 780;-1.41%
17/05/2019;2 120;2 100;2 120;2 100;868;1 831 480;0.95%
20/05/2019;1 925;2 000;2 000;1 925;564;1 106 850;-9.20%
21/05/2019;1 900;1 900;1 900;1 900;410;779 000;-1.30%
22/05/2019;1 873;1 900;1 900;1 873;1 056;1 991 880;-1.45%
23/05/2019;1 745;1 848;1 848;1 745;3 086;5 543 228;-6.81%
27/05/2019;1 725;1 733;1 733;1 725;8 062;13 937 183;-0.43%
28/05/2019;1 700;1 725;1 725;1 700;406;695 275;-1.45%
29/05/2019;1 700;1 725;1 725;1 700;346;592 525;0.00%
30/05/2019;1 700;1 725;1 725;1 700;346;592 525;0.00%
31/05/2019;1 700;1 650;1 700;1 650;1 110;1 859 250;0.00%
03/06/2019;1 650;1 650;1 650;1 650;270;445 500;-2.94%
05/06/2019;1 578;1 603;1 603;1 578;2 474;3 933 660;-4.39%
06/06/2019;1 665;1 585;1 665;1 585;2 962;4 813 250;5.55%
07/06/2019;1 698;1 700;1 700;1 698;1 042;1 770 098;1.95%
11/06/2019;1 675;1 698;1 698;1 675;1 286;2 168 518;-1.33%
12/06/2019;1 600;1 695;1 695;1 600;7 718;12 715 405;-4.48%
13/06/2019;1 600;1 603;1 603;1 600;11 868;19 003 635;0.00%
14/06/2019;1 600;1 600;1 600;1 600;4 490;7 184 000;0.00%
17/06/2019;1 600;1 600;1 600;1 600;7 494;11 990 400;0.00%
18/06/2019;1 550;1 600;1 600;1 550;5 690;8 961 750;-3.13%
19/06/2019;1 553;1 600;1 600;1 553;894;1 409 168;0.16%
20/06/2019;1 553;1 570;1 570;1 553;2 688;4 196 640;0.00%
21/06/2019;1 650;1 555;1 650;1 555;15 834;25 373 985;6.28%
24/06/2019;1 600;1 605;1 605;1 600;1 370;2 195 425;-3.03%
25/06/2019;1 600;1 600;1 600;1 600;2 842;4 547 200;0.00%
26/06/2019;1 598;1 600;1 600;1 598;2 464;3 939 320;-0.16%
27/06/2019;1 600;1 600;1 600;1 600;1 284;2 054 400;0.16%
28/06/2019;1 600;1 598;1 600;1 598;3 810;6 091 238;0.00%
01/07/2019;1 600;1 595;1 600;1 595;922;1 472 895;0.00%
02/07/2019;1 600;1 600;1 600;1 600;310;496 000;0.00%
03/07/2019;1 600;1 595;1 600;1 595;936;1 495 260;0.00%
04/07/2019;1 550;1 600;1 600;1 550;3 990;6 284 250;-3.13%
05/07/2019;1 575;1 575;1 575;1 575;228;359 100;1.61%
08/07/2019;1 575;1 550;1 575;1 550;2 880;4 500 000;0.00%
09/07/2019;1 573;1 575;1 575;1 573;1 756;2 763 505;-0.16%
10/07/2019;1 573;1 573;1 573;1 573;2 610;4 104 225;0.00%
11/07/2019;1 600;1 575;1 600;1 575;5 350;8 493 125;1.75%
12/07/2019;1 575;1 600;1 600;1 575;1 876;2 978 150;-1.56%
15/07/2019;1 600;1 550;1 600;1 550;260;409 500;1.59%
16/07/2019;1 655;1 575;1 655;1 575;3 696;5 969 040;3.44%
17/07/2019;1 650;1 655;1 655;1 650;662;1 093 955;-0.30%
18/07/2019;1 650;1 650;1 650;1 650;1 182;1 950 300;0.00%
19/07/2019;1 700;1 700;1 700;1 700;2 180;3 706 000;3.03%
22/07/2019;1 825;1 700;1 825;1 700;2 608;4 596 600;7.35%
23/07/2019;1 800;1 825;1 825;1 800;3 316;6 010 250;-1.37%
24/07/2019;1 750;1 750;1 750;1 750;1 440;2 520 000;-2.78%
25/07/2019;1 795;1 750;1 795;1 750;2 402;4 257 545;2.57%
26/07/2019;1 755;1 793;1 793;1 755;1 284;2 277 495;-2.23%
29/07/2019;1 750;1 795;1 795;1 750;824;1 460 540;-0.28%
30/07/2019;1 750;1 750;1 750;1 750;426;745 500;0.00%
31/07/2019;1 748;1 725;1 748;1 725;340;590 325;-0.14%
01/08/2019;1 750;1 750;1 750;1 750;444;777 000;0.14%
02/08/2019;1 740;1 750;1 750;1 740;468;816 660;-0.57%
05/08/2019;1 748;1 735;1 748;1 735;1 928;3 357 130;0.43%
06/08/2019;1 725;1 725;1 725;1 725;50;86 250;-1.29%
07/08/2019;1 725;1 725;1 725;1 725;50;86 250;0.00%
08/08/2019;1 773;1 700;1 773;1 700;2 672;4 639 260;2.75%
09/08/2019;1 850;1 750;1 850;1 750;5 176;9 316 800;4.37%
12/08/2019;1 850;1 750;1 850;1 750;5 176;9 316 800;0.00%
13/08/2019;1 800;1 825;1 825;1 800;1 060;1 921 250;-2.70%
14/08/2019;1 800;1 800;1 800;1 800;1 324;2 383 200;0.00%
15/08/2019;1 800;1 800;1 800;1 800;1 324;2 383 200;0.00%
16/08/2019;1 750;1 800;1 800;1 750;1 452;2 577 300;-2.78%
19/08/2019;1 798;1 753;1 798;1 753;5 560;9 869 000;2.71%
20/08/2019;1 750;1 775;1 775;1 750;3 452;6 084 150;-2.64%
21/08/2019;1 775;1 750;1 775;1 750;226;398 325;1.43%
23/08/2019;1 750;1 760;1 760;1 750;1 898;3 330 990;0.00%
26/08/2019;1 753;1 753;1 753;1 753;600;1 051 500;0.14%
27/08/2019;1 775;1 760;1 775;1 760;608;1 074 640;1.28%
28/08/2019;1 798;1 798;1 798;1 798;172;309 170;1.27%
29/08/2019;1 850;1 795;1 850;1 795;7 244;13 202 190;2.92%
30/08/2019;1 825;1 825;1 825;1 825;120;219 000;-1.35%
02/09/2019;1 825;1 825;1 825;1 825;656;1 197 200;0.00%
03/09/2019;1 800;1 803;1 803;1 800;10 774;19 406 668;-1.37%
04/09/2019;1 800;1 813;1 813;1 800;470;848 938;0.00%
05/09/2019;1 850;1 813;1 850;1 813;7 498;13 730 713;2.78%
06/09/2019;1 848;1 848;1 848;1 848;1 304;2 409 140;-0.14%
09/09/2019;1 848;1 825;1 848;1 825;838;1 538 778;0.00%
10/09/2019;1 800;1 820;1 820;1 800;2 520;4 561 200;-2.57%
11/09/2019;1 788;1 775;1 788;1 775;1 498;2 668 313;-0.69%
12/09/2019;1 798;1 775;1 798;1 775;2 620;4 679 975;0.56%
13/09/2019;1 798;1 800;1 800;1 798;1 904;3 424 820;0.00%
16/09/2019;1 788;1 798;1 798;1 788;1 248;2 237 040;-0.56%
17/09/2019;1 775;1 788;1 788;1 775;86;153 188;-0.70%
18/09/2019;1 775;1 775;1 775;1 775;1 692;3 003 300;0.00%
19/09/2019;1 775;1 780;1 780;1 775;590;1 048 725;0.00%
20/09/2019;1 783;1 775;1 783;1 775;822;1 462 133;0.42%
23/09/2019;1 775;1 775;1 775;1 775;910;1 615 250;-0.42%
24/09/2019;1 763;1 783;1 783;1 763;212;375 770;-0.70%
25/09/2019;1 758;1 763;1 763;1 758;9 080;15 980 800;-0.28%
26/09/2019;1 800;1 755;1 800;1 755;4 774;8 485 785;2.42%
27/09/2019;1 775;1 753;1 775;1 753;184;324 530;-1.39%
30/09/2019;1 800;1 775;1 800;1 775;424;757 900;1.41%
01/10/2019;1 775;1 800;1 800;1 775;1 616;2 888 600;-1.39%
02/10/2019;1 755;1 775;1 775;1 755;1 982;3 498 230;-1.13%
03/10/2019;1 755;1 755;1 755;1 755;856;1 502 280;0.00%
04/10/2019;1 753;1 755;1 755;1 753;4 292;7 527 095;-0.14%
07/10/2019;1 800;1 775;1 800;1 775;6 580;11 761 750;2.71%
08/10/2019;1 800;1 798;1 800;1 798;26 562;47 778 398;0.00%
09/10/2019;1 800;1 785;1 800;1 785;932;1 670 610;0.00%
10/10/2019;1 800;1 790;1 800;1 790;2 786;5 000 870;0.00%
11/10/2019;1 800;1 800;1 800;1 800;2 568;4 622 400;0.00%
14/10/2019;1 800;1 800;1 800;1 800;2 984;5 371 200;0.00%
15/10/2019;1 800;1 800;1 800;1 800;878;1 580 400;0.00%
16/10/2019;1 800;1 805;1 805;1 800;3 200;5 768 000;0.00%
17/10/2019;1 825;1 813;1 825;1 813;460;836 625;1.39%
18/10/2019;1 825;1 825;1 825;1 825;498;908 850;0.00%
21/10/2019;1 803;1 825;1 825;1 803;4 576;8 299 720;-1.23%
22/10/2019;1 800;1 825;1 825;1 800;280;507 500;-0.14%
23/10/2019;1 800;1 825;1 825;1 800;524;949 750;0.00%
24/10/2019;1 813;1 800;1 813;1 800;3 810;6 881 813;0.69%
25/10/2019;1 813;1 813;1 813;1 813;1 072;1 943 000;0.00%
28/10/2019;1 800;1 813;1 813;1 800;1 308;2 362 575;-0.69%
29/10/2019;1 800;1 815;1 815;1 800;256;462 720;0.00%
30/10/2019;1 800;1 800;1 800;1 800;504;907 200;0.00%
31/10/2019;1 800;1 848;1 848;1 800;34;62 008;0.00%
01/11/2019;1 800;1 848;1 848;1 800;34;62 008;0.00%
04/11/2019;1 835;1 800;1 835;1 800;170;308 975;1.94%
05/11/2019;1 778;1 778;1 778;1 778;280;497 700;-3.13%
06/11/2019;1 790;1 790;1 790;1 790;964;1 725 560;0.70%
07/11/2019;1 790;1 793;1 793;1 790;4 104;7 351 290;0.00%
08/11/2019;1 750;1 788;1 788;1 750;1 952;3 452 600;-2.23%
11/11/2019;1 750;1 788;1 788;1 750;206;364 363;0.00%
12/11/2019;1 753;1 750;1 753;1 750;1 310;2 294 138;0.14%
13/11/2019;1 750;1 750;1 750;1 750;2 796;4 893 000;-0.14%
14/11/2019;1 745;1 745;1 745;1 745;224;390 880;-0.29%
18/11/2019;1 653;1 745;1 745;1 653;10 654;18 098 483;-5.30%
19/11/2019;1 600;1 650;1 650;1 600;2 148;3 490 500;-3.18%
21/11/2019;1 750;1 750;1 750;1 750;2 396;4 193 000;5.74%
22/11/2019;1 880;1 850;1 880;1 850;872;1 626 280;7.43%
25/11/2019;2 013;1 900;2 013;1 900;452;884 225;7.05%
27/11/2019;1 900;1 900;1 900;1 900;1 304;2 477 600;-5.59%
28/11/2019;1 875;1 900;1 900;1 875;288;543 600;-1.32%
29/11/2019;1 873;1 850;1 873;1 850;96;178 680;-0.13%
02/12/2019;1 778;1 875;1 875;1 778;626;1 143 233;-5.07%
03/12/2019;1 825;1 775;1 825;1 775;1 710;3 078 000;2.67%
04/12/2019;1 825;1 825;1 825;1 825;938;1 711 850;0.00%
05/12/2019;1 825;1 810;1 825;1 810;658;1 195 915;0.00%
06/12/2019;1 825;1 823;1 825;1 823;300;547 125;0.00%
09/12/2019;1 825;1 825;1 825;1 825;5 334;9 734 550;0.00%
10/12/2019;1 825;1 828;1 828;1 825;260;474 825;0.00%
11/12/2019;1 825;1 850;1 850;1 825;500;918 750;0.00%
12/12/2019;1 838;1 850;1 850;1 838;1 338;2 466 938;0.68%
13/12/2019;1 850;1 848;1 850;1 848;1 024;1 893 120;0.68%
16/12/2019;1 950;1 853;1 950;1 853;1 082;2 057 153;5.41%
17/12/2019;1 883;1 885;1 885;1 883;1 466;2 761 578;-3.46%
18/12/2019;1 885;1 883;1 885;1 883;2 090;3 937 038;0.13%
19/12/2019;1 903;1 888;1 903;1 888;2 090;3 960 550;0.93%
20/12/2019;1 903;1 900;1 903;1 900;2 064;3 924 180;0.00%
23/12/2019;1 890;1 900;1 900;1 890;360;682 200;-0.66%
24/12/2019;1 890;1 890;1 890;1 890;262;495 180;0.00%
25/12/2019;1 890;1 890;1 890;1 890;262;495 180;0.00%
26/12/2019;1 885;1 885;1 885;1 885;570;1 074 450;-0.26%
27/12/2019;1 890;1 883;1 890;1 883;1 574;2 968 958;0.27%
30/12/2019;1 825;1 888;1 888;1 825;786;1 459 013;-3.44%
31/12/2019;1 805;1 825;1 825;1 805;1 684;3 056 460;-1.10%
01/01/2020;1 805;1 825;1 825;1 805;1 684;3 056 460;0.00%
02/01/2020;1 850;1 850;1 850;1 850;3 408;6 304 800;2.49%
03/01/2020;1 885;1 850;1 885;1 850;6 680;12 474 900;1.89%
06/01/2020;1 825;1 830;1 830;1 825;8 328;15 219 420;-3.18%
07/01/2020;1 850;1 828;1 850;1 828;1 016;1 868 170;1.37%
08/01/2020;1 900;1 903;1 903;1 900;3 858;7 335 023;2.70%
09/01/2020;1 900;1 880;1 900;1 880;2 650;5 008 500;0.00%
10/01/2020;1 850;1 853;1 853;1 850;5 780;10 700 225;-2.63%
13/01/2020;1 825;1 833;1 833;1 825;1 700;3 108 875;-1.35%
14/01/2020;1 825;1 830;1 830;1 825;1 996;3 647 690;0.00%
15/01/2020;1 850;1 850;1 850;1 850;3 002;5 553 700;1.37%
16/01/2020;1 850;1 895;1 895;1 850;280;524 300;0.00%
17/01/2020;1 875;1 850;1 875;1 850;10 600;19 742 500;1.35%
20/01/2020;1 875;1 855;1 875;1 855;4 036;7 527 140;0.00%
21/01/2020;1 905;1 903;1 905;1 903;1 904;3 624 740;1.60%
23/01/2020;1 950;1 905;1 950;1 905;1 004;1 935 210;2.36%
24/01/2020;1 950;1 948;1 950;1 948;1 494;2 911 433;0.00%
27/01/2020;1 998;1 950;1 998;1 950;3 630;7 164 713;2.44%
28/01/2020;1 950;1 950;1 950;1 950;2 174;4 239 300;-2.38%
29/01/2020;1 950;1 925;1 950;1 925;3 808;7 378 000;0.00%
30/01/2020;1 950;1 950;1 950;1 950;30 464;59 404 800;0.00%
31/01/2020;1 950;1 950;1 950;1 950;4 370;8 521 500;0.00%
03/02/2020;1 925;1 945;1 945;1 925;236;456 660;-1.28%
04/02/2020;1 925;1 950;1 950;1 925;5 344;10 354 000;0.00%
05/02/2020;1 950;1 948;1 950;1 948;1 860;3 624 675;1.30%
06/02/2020;1 950;1 950;1 950;1 950;546;1 064 700;0.00%
07/02/2020;1 930;1 930;1 930;1 930;280;540 400;-1.03%
10/02/2020;1 925;1 950;1 950;1 925;3 382;6 552 625;-0.26%
11/02/2020;1 915;1 915;1 915;1 915;1 192;2 282 680;-0.52%
12/02/2020;1 915;1 915;1 915;1 915;1 192;2 282 680;0.00%
13/02/2020;1 915;1 890;1 915;1 890;2 192;4 170 280;0.00%
14/02/2020;1 918;1 925;1 925;1 918;1 360;2 612 900;0.13%
17/02/2020;1 918;1 918;1 918;1 918;396;759 330;0.00%
18/02/2020;1 918;1 918;1 918;1 918;452;866 710;0.00%
19/02/2020;1 925;1 920;1 925;1 920;1 540;2 960 650;0.39%
20/02/2020;1 920;1 918;1 920;1 918;634;1 216 488;-0.26%
21/02/2020;1 918;1 920;1 920;1 918;2 214;4 248 113;-0.13%
24/02/2020;1 900;1 925;1 925;1 900;2 082;3 981 825;-0.91%
25/02/2020;1 900;1 913;1 913;1 900;1 144;2 180 750;0.00%
26/02/2020;1 900;1 850;1 900;1 850;1 492;2 797 500;0.00%
27/02/2020;1 825;1 850;1 850;1 825;340;624 750;-3.95%
28/02/2020;1 878;1 900;1 900;1 878;186;351 308;2.88%
02/03/2020;1 900;1 878;1 900;1 878;594;1 121 918;1.20%
03/03/2020;1 900;1 900;1 900;1 900;482;915 800;0.00%
04/03/2020;1 950;1 950;1 950;1 950;2 344;4 570 800;2.63%
05/03/2020;1 945;1 900;1 945;1 900;2 800;5 383 000;-0.26%
06/03/2020;1 905;1 905;1 905;1 905;1 820;3 467 100;-2.06%
09/03/2020;1 850;1 925;1 925;1 850;1 318;2 487 725;-2.89%
10/03/2020;1 855;1 850;1 855;1 850;244;452 010;0.27%
11/03/2020;1 950;1 855;1 950;1 855;786;1 495 365;5.12%
12/03/2020;1 948;1 948;1 948;1 948;40;77 900;-0.13%
13/03/2020;1 925;1 948;1 948;1 925;936;1 812 330;-1.16%
16/03/2020;1 900;1 900;1 900;1 900;1 316;2 500 400;-1.30%
17/03/2020;1 900;1 923;1 923;1 900;3 038;5 806 378;0.00%
18/03/2020;1 903;1 903;1 903;1 903;830;1 579 075;0.13%
19/03/2020;1 898;1 900;1 900;1 898;1 644;3 121 545;-0.26%
20/03/2020;1 895;1 900;1 900;1 895;1 798;3 411 705;-0.13%
23/03/2020;1 848;1 895;1 895;1 848;1 590;2 975 288;-2.51%
24/03/2020;1 848;1 800;1 848;1 800;1 474;2 688 208;0.00%
25/03/2020;1 823;1 825;1 825;1 823;516;941 055;-1.35%
26/03/2020;1 823;1 823;1 823;1 823;1 102;2 008 395;0.00%
27/03/2020;1 748;1 800;1 800;1 748;2 942;5 218 373;-4.12%
30/03/2020;1 725;1 743;1 743;1 725;684;1 185 885;-1.29%
31/03/2020;1 725;1 738;1 738;1 725;3 416;5 913 950;0.00%
01/04/2020;1 745;1 725;1 745;1 725;1 300;2 255 500;1.16%
02/04/2020;1 725;1 723;1 725;1 723;1 426;2 458 068;-1.15%
03/04/2020;1 700;1 725;1 725;1 700;5 426;9 292 025;-1.45%
06/04/2020;1 700;1 700;1 700;1 700;1 154;1 961 800;0.00%
07/04/2020;1 750;1 700;1 750;1 700;1 666;2 873 850;2.94%
08/04/2020;1 800;1 748;1 800;1 748;3 014;5 346 083;2.86%
09/04/2020;1 850;1 800;1 850;1 800;780;1 423 500;2.78%
10/04/2020;1 850;1 850;1 850;1 850;800;1 480 000;0.00%
13/04/2020;1 850;1 850;1 850;1 850;800;1 480 000;0.00%
14/04/2020;1 850;1 925;1 925;1 850;29 436;55 560 450;0.00%
15/04/2020;1 853;1 853;1 853;1 853;590;1 092 975;0.14%
16/04/2020;1 850;1 853;1 853;1 850;10 438;19 323 348;-0.13%
17/04/2020;1 850;1 845;1 850;1 845;6 460;11 934 850;0.00%
20/04/2020;1 850;1 850;1 850;1 850;4 246;7 855 100;0.00%
21/04/2020;1 988;1 850;1 988;1 850;762;1 462 088;7.43%
22/04/2020;1 850;1 875;1 875;1 850;9 398;17 503 775;-6.92%
23/04/2020;1 850;1 848;1 850;1 848;20 398;37 710 803;0.00%
24/04/2020;1 850;1 850;1 850;1 850;6 004;11 107 400;0.00%
27/04/2020;1 850;1 850;1 850;1 850;7 460;13 801 000;0.00%
28/04/2020;1 850;1 848;1 850;1 848;4 868;8 999 715;0.00%
29/04/2020;1 850;1 848;1 850;1 848;22 878;42 295 703;0.00%
30/04/2020;1 850;1 848;1 850;1 848;1 852;3 423 885;0.00%
01/05/2020;1 850;1 848;1 850;1 848;1 852;3 423 885;0.00%
04/05/2020;1 850;1 850;1 850;1 850;1 978;3 659 300;0.00%
05/05/2020;1 988;1 850;1 988;1 850;11 580;22 219 125;7.43%
06/05/2020;1 988;1 985;1 988;1 985;1 432;2 844 310;0.00%
07/05/2020;1 985;1 985;1 985;1 985;100;198 500;-0.13%
08/05/2020;1 985;1 950;1 985;1 950;5 280;10 388 400;0.00%
11/05/2020;1 975;1 985;1 985;1 975;330;653 400;-0.50%
12/05/2020;1 950;1 973;1 973;1 950;1 518;2 977 178;-1.27%
13/05/2020;1 650;1 700;1 700;1 650;320;536 000;-15.38%
14/05/2020;1 640;1 648;1 648;1 640;1 046;1 719 363;-0.61%
15/05/2020;1 553;1 635;1 635;1 553;2 770;4 414 688;-5.34%
18/05/2020;1 550;1 575;1 575;1 550;3 986;6 228 125;-0.16%
19/05/2020;1 550;1 575;1 575;1 550;2 452;3 831 250;0.00%
22/05/2020;1 573;1 550;1 573;1 550;1 030;1 608 088;1.45%
25/05/2020;1 563;1 570;1 570;1 563;3 078;4 820 918;-0.64%
26/05/2020;1 500;1 563;1 563;1 500;10 874;16 650 813;-4.00%
27/05/2020;1 550;1 500;1 550;1 500;14 360;21 899 000;3.33%
28/05/2020;1 563;1 550;1 563;1 550;9 072;14 118 300;0.81%
29/05/2020;1 575;1 563;1 575;1 563;2 360;3 702 250;0.80%
01/06/2020;1 575;1 563;1 575;1 563;2 360;3 702 250;0.00%
02/06/2020;1 573;1 565;1 573;1 565;4 658;7 307 238;-0.16%
03/06/2020;1 578;1 575;1 578;1 575;9 098;14 340 723;0.32%
04/06/2020;1 580;1 580;1 580;1 580;7 840;12 387 200;0.16%
05/06/2020;1 698;1 583;1 698;1 583;2 080;3 411 200;7.44%
08/06/2020;1 700;1 700;1 700;1 700;884;1 502 800;0.15%
09/06/2020;1 718;1 705;1 718;1 705;1 170;2 002 163;1.03%
10/06/2020;1 723;1 723;1 723;1 723;1 304;2 246 140;0.29%
11/06/2020;1 723;1 725;1 725;1 723;3 602;6 208 948;0.00%
12/06/2020;1 723;1 723;1 723;1 723;3 914;6 741 865;0.00%
15/06/2020;1 703;1 703;1 703;1 703;6 910;11 764 275;-1.16%
16/06/2020;1 720;1 723;1 723;1 720;6 380;10 981 575;1.03%
17/06/2020;1 825;1 745;1 825;1 745;10 208;18 221 280;6.10%
18/06/2020;1 815;1 813;1 815;1 813;700;1 269 625;-0.55%
19/06/2020;1 825;1 755;1 825;1 755;11 274;20 180 460;0.55%
22/06/2020;1 815;1 825;1 825;1 815;1 980;3 603 600;-0.55%
23/06/2020;1 820;1 820;1 820;1 820;1 644;2 992 080;0.28%
24/06/2020;1 813;1 800;1 813;1 800;3 092;5 584 925;-0.41%
25/06/2020;1 800;1 803;1 803;1 800;8 326;14 997 208;-0.69%
26/06/2020;1 800;1 810;1 810;1 800;4 284;7 732 620;0.00%
29/06/2020;1 808;1 800;1 808;1 800;1 740;3 138 525;0.42%
30/06/2020;1 900;1 805;1 900;1 805;15 926;29 502 915;5.12%
01/07/2020;1 800;1 875;1 875;1 800;4 010;7 368 375;-5.26%
02/07/2020;1 768;1 800;1 800;1 768;216;385 290;-1.81%
03/07/2020;1 768;1 768;1 768;1 768;4 226;7 469 455;0.00%
06/07/2020;1 748;1 800;1 800;1 748;1 532;2 717 385;-1.13%
07/07/2020;1 728;1 728;1 728;1 728;3 290;5 683 475;-1.14%
08/07/2020;1 748;1 750;1 750;1 748;2 628;4 595 715;1.16%
09/07/2020;1 713;1 725;1 725;1 713;7 636;13 124 375;-2.00%
10/07/2020;1 748;1 725;1 748;1 725;272;472 260;2.04%
13/07/2020;1 748;1 750;1 750;1 748;1 038;1 815 203;0.00%
14/07/2020;1 745;1 748;1 748;1 745;256;447 040;-0.14%
15/07/2020;1 743;1 743;1 743;1 743;662;1 153 535;-0.14%
16/07/2020;1 725;1 728;1 728;1 725;1 316;2 271 745;-1.00%
17/07/2020;1 743;1 725;1 743;1 725;1 462;2 534 743;1.01%
20/07/2020;1 713;1 725;1 725;1 713;754;1 295 938;-1.72%
21/07/2020;1 713;1 713;1 713;1 713;104;178 100;0.00%
22/07/2020;1 708;1 713;1 713;1 708;1 208;2 065 680;-0.29%
23/07/2020;1 725;1 700;1 725;1 700;186;318 525;1.02%
24/07/2020;1 725;1 725;1 725;1 725;1 222;2 107 950;0.00%
27/07/2020;1 725;1 728;1 728;1 725;362;624 903;0.00%
28/07/2020;1 728;1 728;1 728;1 728;362;625 355;0.14%
29/07/2020;1 728;1 725;1 728;1 725;1 206;2 081 858;0.00%
30/07/2020;1 743;1 728;1 743;1 728;2 322;4 028 670;0.87%
31/07/2020;1 743;1 728;1 743;1 728;2 322;4 028 670;0.00%
03/08/2020;1 750;1 748;1 750;1 748;190;332 263;0.43%
04/08/2020;1 745;1 750;1 750;1 745;6 158;10 761 105;-0.29%
05/08/2020;1 745;1 745;1 745;1 745;562;980 690;0.00%
06/08/2020;1 735;1 735;1 735;1 735;600;1 041 000;-0.57%
07/08/2020;1 735;1 735;1 735;1 735;600;1 041 000;0.00%
10/08/2020;1 738;1 735;1 738;1 735;382;663 248;0.14%
11/08/2020;1 735;1 745;1 745;1 735;1 624;2 825 760;-0.14%
12/08/2020;1 730;1 730;1 730;1 730;808;1 397 840;-0.29%
13/08/2020;1 750;1 730;1 750;1 730;1 086;1 889 640;1.16%
14/08/2020;1 750;1 750;1 750;1 750;344;602 000;0.00%
17/08/2020;1 745;1 743;1 745;1 743;2 752;4 798 800;-0.29%
18/08/2020;1 750;1 725;1 750;1 725;1 454;2 526 325;0.29%
21/08/2020;1 755;1 703;1 755;1 703;1 924;3 326 115;0.29%
24/08/2020;1 700;1 750;1 750;1 700;1 736;2 994 600;-3.13%
25/08/2020;1 700;1 700;1 700;1 700;51 656;87 815 200;0.00%
26/08/2020;1 703;1 703;1 703;1 703;8 596;14 634 690;0.15%
27/08/2020;1 735;1 735;1 735;1 735;14;24 290;1.91%
28/08/2020;1 750;1 705;1 750;1 705;1 656;2 860 740;0.86%
31/08/2020;1 850;1 775;1 850;1 775;4 642;8 413 625;5.71%
01/09/2020;1 845;1 838;1 845;1 838;100;184 125;-0.27%
02/09/2020;1 750;1 750;1 750;1 750;148;259 000;-5.15%
03/09/2020;1 835;1 750;1 835;1 750;18 984;34 028 820;4.86%
04/09/2020;1 840;1 800;1 840;1 800;690;1 255 800;0.27%
07/09/2020;1 825;1 825;1 825;1 825;4;7 300;-0.82%
08/09/2020;1 800;1 825;1 825;1 800;222;402 375;-1.37%
09/09/2020;1 750;1 800;1 800;1 750;374;663 850;-2.78%
10/09/2020;1 800;1 750;1 800;1 750;5 770;10 241 750;2.86%
11/09/2020;1 800;1 750;1 800;1 750;1 088;1 931 200;0.00%
14/09/2020;1 725;1 750;1 750;1 725;954;1 657 575;-4.17%
15/09/2020;1 790;1 750;1 790;1 750;40;70 800;3.77%
16/09/2020;1 793;1 775;1 793;1 775;1 100;1 962 125;0.14%
17/09/2020;1 795;1 750;1 795;1 750;9 264;16 420 440;0.14%
18/09/2020;1 795;1 750;1 795;1 750;340;602 650;0.00%
21/09/2020;1 750;1 773;1 773;1 750;178;313 503;-2.51%
22/09/2020;1 775;1 750;1 775;1 750;5 526;9 739 575;1.43%
23/09/2020;1 775;1 750;1 775;1 750;5 526;9 739 575;0.00%
24/09/2020;1 775;1 750;1 775;1 750;5 526;9 739 575;0.00%
25/09/2020;1 775;1 750;1 775;1 750;5 526;9 739 575;0.00%
28/09/2020;1 700;1 700;1 700;1 700;976;1 659 200;-4.23%
29/09/2020;1 690;1 655;1 690;1 655;7 860;13 145 850;-0.59%
30/09/2020;1 748;1 690;1 748;1 690;4 856;8 346 250;3.40%
01/10/2020;1 745;1 745;1 745;1 745;3 050;5 322 250;-0.14%
02/10/2020;1 748;1 745;1 748;1 745;2 974;5 193 348;0.14%
05/10/2020;1 745;1 745;1 745;1 745;220;383 900;-0.14%
06/10/2020;1 725;1 745;1 745;1 725;1 334;2 314 490;-1.15%
07/10/2020;1 745;1 723;1 745;1 723;6 462;11 203 493;1.16%
08/10/2020;1 745;1 745;1 745;1 745;3 044;5 311 780;0.00%
09/10/2020;1 745;1 725;1 745;1 725;434;752 990;0.00%
12/10/2020;1 745;1 745;1 745;1 745;244;425 780;0.00%
13/10/2020;1 725;1 725;1 725;1 725;838;1 445 550;-1.15%
14/10/2020;1 735;1 738;1 738;1 735;258;447 953;0.58%
15/10/2020;1 735;1 735;1 735;1 735;162;281 070;0.00%
16/10/2020;1 725;1 735;1 735;1 725;74;128 020;-0.58%
19/10/2020;1 735;1 725;1 735;1 725;4 822;8 342 060;0.58%
20/10/2020;1 748;1 735;1 748;1 735;5 902;10 276 858;0.72%
21/10/2020;1 738;1 748;1 748;1 738;1 338;2 331 465;-0.57%
22/10/2020;1 745;1 738;1 745;1 738;900;1 567 125;0.43%
23/10/2020;1 738;1 738;1 738;1 738;1 056;1 834 800;-0.43%
26/10/2020;1 738;1 738;1 738;1 738;778;1 351 775;0.00%
27/10/2020;1 740;1 738;1 740;1 738;2 524;4 388 605;0.14%
28/10/2020;1 748;1 735;1 748;1 735;200;348 250;0.43%
29/10/2020;1 748;1 735;1 748;1 735;200;348 250;0.00%
30/10/2020;1 748;1 738;1 748;1 738;800;1 394 000;0.00%
02/11/2020;1 738;1 738;1 738;1 738;144;250 200;-0.57%
03/11/2020;1 748;1 748;1 748;1 748;4 442;7 762 395;0.58%
04/11/2020;1 745;1 748;1 748;1 745;3 744;6 537 960;-0.14%
05/11/2020;1 775;1 745;1 775;1 745;1 226;2 157 760;1.72%
06/11/2020;1 775;1 745;1 775;1 745;248;436 480;0.00%
09/11/2020;1 800;1 775;1 800;1 775;1 456;2 602 600;1.41%
10/11/2020;1 775;1 775;1 775;1 775;30;53 250;-1.39%
11/11/2020;1 813;1 750;1 813;1 750;1 932;3 441 375;2.11%
12/11/2020;1 808;1 808;1 808;1 808;24;43 380;-0.28%
13/11/2020;1 750;1 753;1 753;1 750;1 334;2 336 168;-3.18%
16/11/2020;1 825;1 750;1 825;1 750;1 056;1 887 600;4.29%
17/11/2020;1 750;1 753;1 753;1 750;2 028;3 551 535;-4.11%
18/11/2020;1 825;1 750;1 825;1 750;3 296;5 891 600;4.29%
19/11/2020;1 750;1 795;1 795;1 750;21 942;38 892 195;-4.11%
20/11/2020;1 825;1 825;1 825;1 825;228;416 100;4.29%
23/11/2020;1 850;1 823;1 850;1 823;8 542;15 685 248;1.37%
24/11/2020;1 850;1 800;1 850;1 800;1 310;2 390 750;0.00%
25/11/2020;1 850;1 800;1 850;1 800;714;1 303 050;0.00%
26/11/2020;1 850;1 825;1 850;1 825;426;782 775;0.00%
27/11/2020;1 800;1 850;1 850;1 800;330;602 250;-2.70%
30/11/2020;1 845;1 803;1 845;1 803;252;459 585;2.50%
01/12/2020;1 845;1 850;1 850;1 845;5 300;9 791 750;0.00%
02/12/2020;1 830;1 845;1 845;1 830;130;238 875;-0.81%
03/12/2020;1 800;1 788;1 800;1 788;8 354;14 984 988;-1.64%
04/12/2020;1 830;1 830;1 830;1 830;2;3 660;1.67%
07/12/2020;1 845;1 800;1 845;1 800;3 950;7 198 875;0.82%
08/12/2020;1 830;1 800;1 830;1 800;182;330 330;-0.81%
09/12/2020;1 840;1 845;1 845;1 840;3 884;7 156 270;0.55%
10/12/2020;1 833;1 840;1 840;1 833;360;661 050;-0.41%
11/12/2020;1 845;1 835;1 845;1 835;1 124;2 068 160;0.68%
14/12/2020;1 845;1 833;1 845;1 833;3 018;5 549 348;0.00%
15/12/2020;1 800;1 825;1 825;1 800;21 570;39 095 625;-2.44%
16/12/2020;1 800;1 800;1 800;1 800;120;216 000;0.00%
17/12/2020;1 845;1 800;1 845;1 800;568;1 035 180;2.50%
18/12/2020;1 845;1 825;1 845;1 825;4 428;8 125 380;0.00%
21/12/2020;1 813;1 843;1 843;1 813;534;975 885;-1.76%
22/12/2020;1 780;1 813;1 813;1 780;3 346;6 010 253;-1.79%
23/12/2020;1 820;1 823;1 823;1 820;438;797 708;2.25%
24/12/2020;1 820;1 803;1 820;1 803;2 816;5 100 480;0.00%
25/12/2020;1 820;1 803;1 820;1 803;2 816;5 100 480;0.00%
28/12/2020;1 848;1 823;1 848;1 823;13 520;24 809 200;1.51%
29/12/2020;1 845;1 800;1 845;1 800;4 164;7 588 890;-0.14%
30/12/2020;1 845;1 845;1 845;1 845;20;36 900;0.00%
31/12/2020;1 848;1 800;1 848;1 800;20 004;36 482 295;0.14%
04/01/2021;1 848;1 800;1 848;1 800;5 456;9 950 380;0.00%
05/01/2021;1 800;1 800;1 800;1 800;64;115 200;-2.57%
06/01/2021;1 830;1 800;1 830;1 800;440;798 600;1.67%
07/01/2021;1 800;1 800;1 800;1 800;754;1 357 200;-1.64%
08/01/2021;1 775;1 800;1 800;1 775;868;1 551 550;-1.39%
11/01/2021;1 775;1 800;1 800;1 775;3 396;6 070 350;0.00%
12/01/2021;1 848;1 800;1 848;1 800;2 000;3 647 500;4.08%
13/01/2021;1 848;1 800;1 848;1 800;370;674 788;0.00%
14/01/2021;1 848;1 825;1 848;1 825;214;392 958;0.00%
15/01/2021;1 845;1 848;1 848;1 845;92;169 855;-0.14%
18/01/2021;1 845;1 848;1 848;1 845;290;535 413;0.00%
19/01/2021;1 840;1 845;1 845;1 840;534;983 895;-0.27%
20/01/2021;1 845;1 840;1 845;1 840;3 352;6 176 060;0.27%
21/01/2021;1 850;1 785;1 850;1 785;1 110;2 017 425;0.27%
22/01/2021;1 813;1 848;1 848;1 813;106;193 980;-2.03%
25/01/2021;1 823;1 828;1 828;1 823;1 440;2 628 000;0.55%
26/01/2021;1 850;1 825;1 850;1 825;2 662;4 891 425;1.51%
27/01/2021;1 875;1 900;1 900;1 875;612;1 155 150;1.35%
28/01/2021;1 875;1 853;1 875;1 853;1 910;3 559 763;0.00%
29/01/2021;2 000;1 875;2 000;1 875;4 014;7 777 125;6.67%
01/02/2021;1 998;2 000;2 000;1 998;7 536;15 062 580;-0.13%
02/02/2021;2 000;1 975;2 000;1 975;1 060;2 106 750;0.13%
03/02/2021;1 995;1 998;1 998;1 995;790;1 577 038;-0.25%
04/02/2021;1 950;1 958;1 958;1 950;658;1 285 568;-2.26%
05/02/2021;1 950;1 883;1 950;1 883;5 362;10 274 933;0.00%
08/02/2021;1 948;1 948;1 948;1 948;490;954 275;-0.13%
09/02/2021;1 900;1 900;1 900;1 900;852;1 618 800;-2.44%
10/02/2021;1 913;1 900;1 913;1 900;162;308 813;0.66%
11/02/2021;1 973;1 913;1 973;1 913;1 404;2 727 270;3.14%
12/02/2021;1 908;1 950;1 950;1 908;2 018;3 892 218;-3.30%
15/02/2021;1 950;1 950;1 950;1 950;384;748 800;2.23%
16/02/2021;1 950;1 950;1 950;1 950;4 448;8 673 600;0.00%
17/02/2021;1 925;1 950;1 950;1 925;1 654;3 204 625;-1.28%
18/02/2021;1 950;1 950;1 950;1 950;8 326;16 235 700;1.30%
19/02/2021;1 950;1 950;1 950;1 950;88;171 600;0.00%
22/02/2021;1 975;1 950;1 975;1 950;2 104;4 129 100;1.28%
23/02/2021;1 975;1 975;1 975;1 975;3 654;7 216 650;0.00%
24/02/2021;1 963;1 965;1 965;1 963;274;538 068;-0.63%
25/02/2021;1 975;1 958;1 975;1 958;7 918;15 568 768;0.64%
26/02/2021;1 975;2 000;2 000;1 975;3 460;6 876 750;0.00%
01/03/2021;2 050;1 975;2 050;1 975;1 882;3 787 525;3.80%
02/03/2021;1 980;2 050;2 050;1 980;1 388;2 796 820;-3.41%
03/03/2021;1 985;1 980;1 985;1 980;826;1 637 545;0.25%
04/03/2021;1 980;1 980;1 980;1 980;6 166;12 208 680;-0.25%
05/03/2021;1 985;1 978;1 985;1 978;9 140;18 108 625;0.25%
08/03/2021;1 990;1 988;1 990;1 988;1 922;3 822 378;0.25%
09/03/2021;2 000;1 990;2 000;1 990;334;666 330;0.50%
10/03/2021;1 990;1 990;1 990;1 990;56;111 440;-0.50%
11/03/2021;2 000;1 995;2 000;1 995;234 760;468 933 100;0.50%
12/03/2021;2 000;2 000;2 000;2 000;1 220;2 440 000;0.00%
15/03/2021;2 000;1 993;2 000;1 993;3 434;6 855 123;0.00%
16/03/2021;2 040;2 000;2 040;2 000;240;484 800;2.00%
17/03/2021;2 048;2 000;2 048;2 000;16 052;32 485 235;0.37%
18/03/2021;2 000;2 038;2 038;2 000;152;306 850;-2.32%
19/03/2021;2 025;2 000;2 025;2 000;242;487 025;1.25%
22/03/2021;2 025;2 025;2 025;2 025;542;1 097 550;0.00%
23/03/2021;2 050;2 000;2 050;2 000;6 392;12 943 800;1.23%
24/03/2021;2 000;2 048;2 048;2 000;4 672;9 454 960;-2.44%
25/03/2021;2 000;2 003;2 003;2 000;6 902;13 812 628;0.00%
26/03/2021;2 025;1 995;2 025;1 995;1 044;2 098 440;1.25%
29/03/2021;1 995;1 995;1 995;1 995;9 218;18 389 910;-1.48%
30/03/2021;2 020;1 983;2 020;1 983;2 884;5 771 605;1.25%
31/03/2021;2 000;2 000;2 000;2 000;2 286;4 572 000;-0.99%
01/04/2021;2 000;2 000;2 000;2 000;10 326;20 652 000;0.00%
02/04/2021;2 000;2 000;2 000;2 000;568;1 136 000;0.00%
05/04/2021;2 000;2 000;2 000;2 000;568;1 136 000;0.00%
06/04/2021;2 025;2 005;2 025;2 005;158;318 370;1.25%
07/04/2021;2 000;2 000;2 000;2 000;226;452 000;-1.23%
08/04/2021;2 000;2 000;2 000;2 000;20;40 000;0.00%
09/04/2021;2 000;2 000;2 000;2 000;1 448;2 896 000;0.00%
12/04/2021;1 925;2 000;2 000;1 925;1 012;1 986 050;-3.75%
13/04/2021;2 025;2 025;2 025;2 025;380;769 500;5.19%
14/04/2021;2 050;2 043;2 050;2 043;1 196;2 447 315;1.23%
15/04/2021;2 000;2 025;2 025;2 000;860;1 730 750;-2.44%
16/04/2021;2 000;2 000;2 000;2 000;700;1 400 000;0.00%
19/04/2021;1 950;2 000;2 000;1 950;190;375 250;-2.50%
20/04/2021;2 043;2 000;2 043;2 000;612;1 237 005;4.74%
21/04/2021;2 025;2 040;2 040;2 025;506;1 028 445;-0.86%
22/04/2021;2 000;2 025;2 025;2 000;5 832;11 736 900;-1.23%
23/04/2021;2 000;2 000;2 000;2 000;1 280;2 560 000;0.00%
26/04/2021;2 000;1 998;2 000;1 998;310;619 613;0.00%
27/04/2021;1 975;2 000;2 000;1 975;214;425 325;-1.25%
28/04/2021;1 990;2 000;2 000;1 990;1 990;3 970 050;0.76%
29/04/2021;1 990;2 000;2 000;1 990;2 442;4 871 790;0.00%
30/04/2021;2 000;1 990;2 000;1 990;174;347 130;0.50%
03/05/2021;2 000;1 998;2 000;1 998;340;679 575;0.00%
04/05/2021;2 000;2 000;2 000;2 000;1 550;3 100 000;0.00%
05/05/2021;2 000;2 000;2 000;2 000;2 164;4 328 000;0.00%
06/05/2021;2 050;2 025;2 050;2 025;348;709 050;2.50%
07/05/2021;2 050;2 050;2 050;2 050;4;8 200;0.00%
10/05/2021;2 050;2 015;2 050;2 015;954;1 939 005;0.00%
11/05/2021;2 075;2 095;2 095;2 075;342;713 070;1.22%
12/05/2021;2 075;2 095;2 095;2 075;342;713 070;0.00%
14/05/2021;2 075;2 075;2 075;2 075;3 560;7 387 000;0.00%
17/05/2021;2 075;2 055;2 075;2 055;6 152;12 703 880;0.00%
18/05/2021;1 988;1 850;1 988;1 850;6 882;13 204 838;-4.22%
19/05/2021;1 845;1 875;1 875;1 845;3 422;6 364 920;-7.17%
20/05/2021;1 825;1 825;1 825;1 825;638;1 164 350;-1.08%
21/05/2021;1 825;1 800;1 825;1 800;2 990;5 419 375;0.00%
24/05/2021;1 825;1 800;1 825;1 800;2 990;5 419 375;0.00%
25/05/2021;1 875;1 895;1 895;1 875;76;143 260;2.74%
26/05/2021;1 875;1 875;1 875;1 875;1 736;3 255 000;0.00%
27/05/2021;1 898;1 875;1 898;1 875;1 322;2 493 623;1.20%
28/05/2021;1 900;1 898;1 900;1 898;182;345 573;0.13%
31/05/2021;1 923;1 900;1 923;1 900;994;1 899 783;1.18%
01/06/2021;1 900;1 900;1 900;1 900;1 010;1 919 000;-1.17%
02/06/2021;1 898;1 898;1 898;1 898;1 108;2 102 430;-0.13%
03/06/2021;1 895;1 898;1 898;1 895;280;530 950;-0.13%
04/06/2021;1 898;1 895;1 898;1 895;2 660;5 044 025;0.13%
07/06/2021;1 900;1 895;1 900;1 895;3 502;6 645 045;0.13%
08/06/2021;1 918;1 898;1 918;1 898;1 712;3 265 640;0.92%
09/06/2021;1 918;1 923;1 923;1 918;3 170;6 086 400;0.00%
10/06/2021;1 925;1 923;1 925;1 923;1 844;3 547 395;0.39%
11/06/2021;1 925;1 945;1 945;1 925;13 118;25 383 330;0.00%
14/06/2021;1 925;1 950;1 950;1 925;1 348;2 611 750;0.00%
15/06/2021;1 925;1 925;1 925;1 925;1 850;3 561 250;0.00%
16/06/2021;1 950;1 930;1 950;1 930;84;162 960;1.30%
17/06/2021;1 925;1 950;1 950;1 925;5 486;10 629 125;-1.28%
18/06/2021;1 968;1 925;1 968;1 925;2 038;3 966 458;2.21%
21/06/2021;1 975;1 950;1 975;1 950;7 618;14 950 325;0.38%
22/06/2021;1 950;1 973;1 973;1 950;6 456;12 661 830;-1.27%
23/06/2021;1 975;1 950;1 975;1 950;1 034;2 029 225;1.28%
24/06/2021;1 975;1 973;1 975;1 973;2 342;4 622 523;0.00%
25/06/2021;1 955;1 955;1 955;1 955;10;19 550;-1.01%
28/06/2021;2 000;1 988;2 000;1 988;9 254;18 450 163;2.30%
29/06/2021;2 000;1 995;2 000;1 995;4 162;8 313 595;0.00%
30/06/2021;2 000;1 998;2 000;1 998;2 134;4 265 333;0.00%
01/07/2021;1 950;1 950;1 950;1 950;420;819 000;-2.50%
02/07/2021;2 000;2 000;2 000;2 000;616;1 232 000;2.56%
05/07/2021;1 988;1 988;1 988;1 988;2 244;4 459 950;-0.63%
06/07/2021;2 000;1 988;2 000;1 988;2 672;5 327 300;0.63%
07/07/2021;1 988;1 995;1 995;1 988;130;258 863;-0.63%
08/07/2021;1 988;1 955;1 988;1 955;208;410 020;0.00%
09/07/2021;1 950;1 985;1 985;1 950;190;373 825;-1.89%
12/07/2021;1 950;1 950;1 950;1 950;114;222 300;0.00%
13/07/2021;1 983;1 983;1 983;1 983;246;487 695;1.67%
15/07/2021;1 950;1 985;1 985;1 950;834;1 640 895;-1.64%
16/07/2021;1 975;1 975;1 975;1 975;648;1 279 800;1.28%
19/07/2021;1 988;1 950;1 988;1 950;1 976;3 890 250;0.63%
20/07/2021;1 988;1 950;1 988;1 950;1 976;3 890 250;0.00%
21/07/2021;1 988;2 000;2 000;1 988;6 250;12 460 938;0.00%
22/07/2021;1 988;1 988;1 988;1 988;730;1 450 875;0.00%
23/07/2021;2 000;1 988;2 000;1 988;346;689 838;0.63%
26/07/2021;2 050;1 988;2 050;1 988;2 354;4 752 138;2.50%
27/07/2021;1 975;1 975;1 975;1 975;1 756;3 468 100;-3.66%
28/07/2021;1 995;1 953;1 995;1 953;3 074;6 067 308;1.01%
29/07/2021;1 995;1 975;1 995;1 975;1 554;3 084 690;0.00%
30/07/2021;1 998;1 998;1 998;1 998;270;539 325;0.13%
02/08/2021;2 000;2 000;2 000;2 000;23 660;47 320 000;0.13%
03/08/2021;1 955;2 000;2 000;1 955;6 228;12 315 870;-2.25%
04/08/2021;2 050;2 050;2 050;2 050;1 596;3 271 800;4.86%
05/08/2021;2 000;2 000;2 000;2 000;564;1 128 000;-2.44%
06/08/2021;2 050;2 050;2 050;2 050;60;123 000;2.50%
09/08/2021;2 050;2 000;2 050;2 000;498;1 008 450;0.00%
10/08/2021;2 000;2 025;2 025;2 000;484;974 050;-2.44%
11/08/2021;2 000;2 000;2 000;2 000;122;244 000;0.00%
12/08/2021;2 000;2 000;2 000;2 000;174;348 000;0.00%
13/08/2021;2 000;2 000;2 000;2 000;5 354;10 708 000;0.00%
16/08/2021;2 003;2 000;2 003;2 000;456;912 570;0.13%
17/08/2021;2 013;2 013;2 013;2 013;410;825 125;0.50%
18/08/2021;2 150;2 013;2 150;2 013;14 318;29 799 338;6.83%
19/08/2021;2 163;2 200;2 200;2 163;494;1 077 538;0.58%
20/08/2021;2 175;2 175;2 175;2 175;1 296;2 818 800;0.58%
23/08/2021;2 173;2 173;2 173;2 173;4 850;10 536 625;-0.11%
24/08/2021;2 323;2 160;2 323;2 160;3 462;7 759 208;6.90%
25/08/2021;2 175;2 323;2 323;2 175;1 590;3 575 513;-6.35%
26/08/2021;2 173;2 185;2 185;2 173;1 734;3 777 953;-0.11%
27/08/2021;2 150;2 170;2 170;2 150;3 070;6 631 200;-1.04%
30/08/2021;2 250;2 163;2 250;2 163;3 696;8 154 300;4.65%
31/08/2021;2 200;2 225;2 225;2 200;456;1 008 900;-2.22%
01/09/2021;2 198;2 200;2 200;2 198;184;404 570;-0.11%
02/09/2021;2 198;2 200;2 200;2 198;422;927 873;0.00%
03/09/2021;2 195;2 198;2 198;2 195;628;1 379 245;-0.11%
06/09/2021;2 198;2 225;2 225;2 198;524;1 158 695;0.11%
07/09/2021;2 225;2 225;2 225;2 225;15 248;33 926 800;1.25%
08/09/2021;2 225;2 220;2 225;2 220;6 026;13 392 785;0.00%
09/09/2021;2 250;2 225;2 250;2 225;1 482;3 315 975;1.12%
10/09/2021;2 250;2 250;2 250;2 250;902;2 029 500;0.00%
14/09/2021;2 295;2 295;2 295;2 295;490;1 124 550;2.00%
15/09/2021;2 255;2 255;2 255;2 255;8 892;20 051 460;-1.74%
16/09/2021;2 300;2 300;2 300;2 300;4 228;9 724 400;2.00%
17/09/2021;2 300;2 300;2 300;2 300;258;593 400;0.00%
20/09/2021;2 425;2 310;2 425;2 310;2 474;5 857 195;5.43%
21/09/2021;2 428;2 425;2 428;2 425;4 330;10 505 663;0.10%
22/09/2021;2 428;2 428;2 428;2 428;1 220;2 961 550;0.00%
23/09/2021;2 450;2 450;2 450;2 450;840;2 058 000;0.93%
24/09/2021;2 450;2 450;2 450;2 450;1 890;4 630 500;0.00%
27/09/2021;2 490;2 475;2 490;2 475;832;2 065 440;1.63%
28/09/2021;2 575;2 493;2 575;2 493;1 090;2 761 788;3.41%
29/09/2021;2 608;2 603;2 608;2 603;1 234;3 214 570;1.26%
30/09/2021;2 800;2 650;2 800;2 650;954;2 599 650;7.38%
01/10/2021;2 800;2 768;2 800;2 768;1 592;4 431 730;0.00%
04/10/2021;2 800;2 753;2 800;2 753;6 010;16 685 263;0.00%
05/10/2021;2 850;2 800;2 850;2 800;1 188;3 356 100;1.79%
06/10/2021;2 885;2 900;2 900;2 885;802;2 319 785;1.23%
07/10/2021;2 800;2 850;2 850;2 800;2 150;6 073 750;-2.95%
08/10/2021;2 790;2 790;2 790;2 790;538;1 501 020;-0.36%
11/10/2021;2 745;2 750;2 750;2 745;44;120 890;-1.61%
12/10/2021;2 698;2 700;2 700;2 698;1 256;3 389 630;-1.73%
13/10/2021;2 653;2 650;2 653;2 650;352;933 240;-1.67%
14/10/2021;2 608;2 650;2 650;2 608;300;788 625;-1.70%
15/10/2021;2 650;2 608;2 650;2 608;1 188;3 122 955;1.63%
18/10/2021;2 650;2 608;2 650;2 608;1 188;3 122 955;0.00%
19/10/2021;2 653;2 650;2 653;2 650;554;1 468 793;0.09%
20/10/2021;2 698;2 650;2 698;2 650;4 780;12 780 525;1.70%
21/10/2021;2 650;2 698;2 698;2 650;1 974;5 277 983;-1.76%
22/10/2021;2 613;2 655;2 655;2 613;4 582;12 067 843;-1.42%
25/10/2021;2 690;2 613;2 690;2 613;1 946;5 159 333;2.97%
26/10/2021;2 690;2 690;2 690;2 690;220;591 800;0.00%
27/10/2021;2 675;2 613;2 675;2 613;662;1 750 163;-0.56%
28/10/2021;2 753;2 650;2 753;2 650;5 540;14 964 925;2.90%
29/10/2021;2 900;2 700;2 900;2 700;630;1 764 000;5.36%
01/11/2021;2 900;2 700;2 900;2 700;630;1 764 000;0.00%
02/11/2021;2 800;2 950;2 950;2 800;80;230 000;-3.45%
03/11/2021;2 800;2 800;2 800;2 800;510;1 428 000;0.00%
04/11/2021;2 700;2 800;2 800;2 700;8 556;23 529 000;-3.57%
05/11/2021;2 750;2 848;2 848;2 750;486;1 360 193;1.85%
08/11/2021;2 750;2 700;2 750;2 700;4 228;11 521 300;0.00%
09/11/2021;2 758;2 750;2 758;2 750;1 394;3 838 728;0.27%
10/11/2021;2 750;2 750;2 750;2 750;6 214;17 088 500;-0.27%
11/11/2021;2 750;2 703;2 750;2 703;10 628;28 974 585;0.00%
12/11/2021;2 750;2 700;2 750;2 700;270;735 750;0.00%
15/11/2021;2 750;2 700;2 750;2 700;270;735 750;0.00%
16/11/2021;2 750;2 653;2 750;2 653;288;777 960;0.00%
17/11/2021;2 703;2 700;2 703;2 700;308;831 985;-1.73%
18/11/2021;2 703;2 700;2 703;2 700;1 102;2 976 778;0.00%
19/11/2021;2 748;2 703;2 748;2 703;372;1 013 700;1.67%
22/11/2021;2 728;2 750;2 750;2 728;684;1 873 305;-0.73%
23/11/2021;2 728;2 728;2 728;2 728;586;1 598 315;0.00%
24/11/2021;2 700;2 748;2 748;2 700;4 388;11 951 815;-1.01%
25/11/2021;2 700;2 700;2 700;2 700;198;534 600;0.00%
26/11/2021;2 725;2 700;2 725;2 700;4 838;13 123 075;0.93%
29/11/2021;2 748;2 700;2 748;2 700;1 318;3 589 903;0.83%
30/11/2021;2 750;2 725;2 750;2 725;1 252;3 427 350;0.09%
01/12/2021;2 750;2 750;2 750;2 750;3 018;8 299 500;0.00%
02/12/2021;2 825;2 750;2 825;2 750;210;585 375;2.73%
03/12/2021;2 950;2 825;2 950;2 825;206;594 825;4.42%
06/12/2021;2 775;2 925;2 925;2 775;2 402;6 845 700;-5.93%
07/12/2021;2 755;2 775;2 775;2 755;2 016;5 574 240;-0.72%
08/12/2021;2 755;2 755;2 755;2 755;2 142;5 901 210;0.00%
09/12/2021;2 745;2 755;2 755;2 745;360;990 000;-0.36%
10/12/2021;2 750;2 745;2 750;2 745;86;236 285;0.18%
14/12/2021;2 750;2 745;2 750;2 745;2 126;5 841 185;0.00%
15/12/2021;2 750;2 750;2 750;2 750;9 462;26 020 500;0.00%
16/12/2021;2 750;2 750;2 750;2 750;12 978;35 689 500;0.00%
17/12/2021;2 725;2 753;2 753;2 725;924;2 530 605;-0.91%
20/12/2021;2 703;2 748;2 748;2 703;1 506;4 103 850;-0.83%
21/12/2021;2 750;2 748;2 750;2 748;3 998;10 989 503;1.76%
22/12/2021;2 703;2 750;2 750;2 703;5 254;14 323 718;-1.73%
23/12/2021;2 750;2 625;2 750;2 625;908;2 440 250;1.76%
24/12/2021;2 750;2 750;2 750;2 750;76;209 000;0.00%
27/12/2021;2 750;2 748;2 750;2 748;8 948;24 595 815;0.00%
28/12/2021;2 700;2 750;2 750;2 700;2 536;6 910 600;-1.82%
29/12/2021;2 700;2 770;2 770;2 700;654;1 788 690;0.00%
30/12/2021;2 700;2 685;2 700;2 685;396;1 066 230;0.00%
31/12/2021;2 650;2 675;2 675;2 650;266;708 225;-1.85%
03/01/2022;2 700;2 625;2 700;2 625;1 958;5 213 175;1.89%
04/01/2022;2 698;2 700;2 700;2 698;470;1 268 413;-0.09%
05/01/2022;2 698;2 698;2 698;2 698;266;717 535;0.00%
06/01/2022;2 650;2 675;2 675;2 650;394;1 049 025;-1.76%
07/01/2022;2 650;2 650;2 650;2 650;1 106;2 930 900;0.00%
10/01/2022;2 650;2 650;2 650;2 650;40;106 000;0.00%
11/01/2022;2 608;2 650;2 650;2 608;770;2 024 138;-1.60%
12/01/2022;2 650;2 650;2 650;2 650;1 272;3 370 800;1.63%
13/01/2022;2 650;2 650;2 650;2 650;534;1 415 100;0.00%
14/01/2022;2 603;2 650;2 650;2 603;1 566;4 112 708;-1.79%
17/01/2022;2 550;2 603;2 603;2 550;2 880;7 419 600;-2.02%
18/01/2022;2 550;2 550;2 550;2 550;3 606;9 195 300;0.00%
19/01/2022;2 553;2 550;2 553;2 550;600;1 530 750;0.10%
20/01/2022;2 650;2 553;2 650;2 553;3 910;10 170 888;3.82%
21/01/2022;2 625;2 625;2 625;2 625;2 800;7 350 000;-0.94%
24/01/2022;2 600;2 600;2 600;2 600;2 320;6 032 000;-0.95%
25/01/2022;2 600;2 600;2 600;2 600;4 890;12 714 000;0.00%
26/01/2022;2 600;2 578;2 600;2 578;402;1 040 678;0.00%
27/01/2022;2 598;2 600;2 600;2 598;5 658;14 703 728;-0.10%
28/01/2022;2 575;2 595;2 595;2 575;3 818;9 869 530;-0.87%
31/01/2022;2 575;2 575;2 575;2 575;2 940;7 570 500;0.00%
01/02/2022;2 600;2 583;2 600;2 583;2 070;5 363 888;0.97%
02/02/2022;2 600;2 603;2 603;2 600;7 560;19 665 450;0.00%
03/02/2022;2 600;2 625;2 625;2 600;3 348;8 746 650;0.00%
04/02/2022;2 700;2 605;2 700;2 605;794;2 106 085;3.85%
07/02/2022;2 650;2 650;2 650;2 650;1 390;3 683 500;-1.85%
08/02/2022;2 675;2 648;2 675;2 648;2 798;7 446 178;0.94%
09/02/2022;2 800;2 750;2 800;2 750;1 236;3 429 900;4.67%
10/02/2022;2 800;2 825;2 825;2 800;824;2 317 500;0.00%
11/02/2022;2 800;2 800;2 800;2 800;6 202;17 365 600;0.00%
14/02/2022;2 925;2 800;2 925;2 800;8 398;24 039 275;4.46%
15/02/2022;2 875;2 948;2 948;2 875;1 656;4 821 030;-1.71%
16/02/2022;2 803;2 875;2 875;2 803;3 054;8 669 543;-2.52%
17/02/2022;3 000;2 825;3 000;2 825;2 540;7 397 750;7.05%
18/02/2022;2 998;3 000;3 000;2 998;346;1 037 568;-0.08%
21/02/2022;3 000;2 998;3 000;2 998;1 432;4 294 210;0.08%
22/02/2022;2 998;2 998;2 998;2 998;1 402;4 202 495;-0.08%
23/02/2022;3 040;2 998;3 040;2 998;7 048;21 276 150;1.42%
24/02/2022;2 975;3 000;3 000;2 975;792;2 366 100;-2.14%
25/02/2022;3 000;3 005;3 005;3 000;520;1 561 300;0.84%
28/02/2022;2 975;3 000;3 000;2 975;4 410;13 174 875;-0.83%
01/03/2022;2 975;2 975;2 975;2 975;1 492;4 438 700;0.00%
02/03/2022;2 975;3 000;3 000;2 975;1 828;5 461 150;0.00%
03/03/2022;3 045;3 050;3 050;3 045;364;1 109 290;2.35%
04/03/2022;3 045;3 045;3 045;3 045;3 472;10 572 240;0.00%
07/03/2022;3 000;3 025;3 025;3 000;6 174;18 599 175;-1.48%
08/03/2022;3 025;3 050;3 050;3 025;84;255 150;0.83%
09/03/2022;3 025;3 025;3 025;3 025;6 140;18 573 500;0.00%
10/03/2022;3 023;3 025;3 025;3 023;596;1 802 155;-0.08%
11/03/2022;3 025;3 023;3 025;3 023;1 020;3 084 225;0.08%
14/03/2022;3 020;3 025;3 025;3 020;384;1 160 640;-0.17%
15/03/2022;3 003;3 003;3 003;3 003;1 628;4 888 070;-0.58%
16/03/2022;3 000;3 003;3 003;3 000;3 048;9 147 810;-0.08%
17/03/2022;3 025;3 000;3 025;3 000;2 380;7 169 750;0.83%
18/03/2022;3 048;3 025;3 048;3 025;5 086;15 442 368;0.74%
21/03/2022;3 050;3 050;3 050;3 050;468;1 427 400;0.08%
22/03/2022;3 068;3 050;3 068;3 050;3 734;11 421 373;0.57%
23/03/2022;3 275;3 100;3 275;3 100;2 404;7 662 750;6.76%
24/03/2022;3 398;3 275;3 398;3 275;256;854 080;3.74%
25/03/2022;3 300;3 300;3 300;3 300;470;1 551 000;-2.87%
28/03/2022;3 325;3 300;3 325;3 300;498;1 649 625;0.76%
29/03/2022;3 350;3 368;3 368;3 350;888;2 982 570;0.75%
30/03/2022;3 368;3 350;3 368;3 350;5 646;18 963 503;0.52%
31/03/2022;3 308;3 375;3 375;3 308;7 042;23 529 083;-1.78%
01/04/2022;3 308;3 328;3 328;3 308;372;1 234 110;0.00%
04/04/2022;3 350;3 308;3 350;3 308;462;1 537 883;1.28%
05/04/2022;3 315;3 310;3 315;3 310;840;2 782 500;-1.04%
06/04/2022;3 348;3 315;3 348;3 315;618;2 058 713;0.98%
07/04/2022;3 308;3 325;3 325;3 308;1 870;6 201 388;-1.19%
08/04/2022;3 305;3 308;3 308;3 305;624;2 063 100;-0.08%
11/04/2022;3 310;3 308;3 310;3 308;976;3 229 340;0.15%
12/04/2022;3 310;3 325;3 325;3 310;872;2 892 860;0.00%
13/04/2022;3 305;3 310;3 310;3 305;792;2 619 540;-0.15%
14/04/2022;3 300;3 305;3 305;3 300;9 120;30 118 800;-0.15%
15/04/2022;3 300;3 300;3 300;3 300;4 560;15 048 000;0.00%
19/04/2022;3 300;3 300;3 300;3 300;1 138;3 755 400;0.00%
20/04/2022;3 295;3 300;3 300;3 295;1 618;5 335 355;-0.15%
21/04/2022;3 290;3 298;3 298;3 290;158;520 413;-0.15%
22/04/2022;3 290;3 300;3 300;3 290;4 098;13 502 910;0.00%
25/04/2022;3 250;3 250;3 250;3 250;628;2 041 000;-1.22%
26/04/2022;3 235;3 245;3 245;3 235;32;103 680;-0.46%
27/04/2022;3 238;3 235;3 238;3 235;5 582;18 064 748;0.08%
28/04/2022;3 238;3 235;3 238;3 235;5 582;18 064 748;0.00%
29/04/2022;3 200;3 240;3 240;3 200;1 066;3 432 520;-1.16%
02/05/2022;3 200;3 240;3 240;3 200;1 066;3 432 520;0.00%
03/05/2022;3 200;3 200;3 200;3 200;1 240;3 968 000;0.00%
04/05/2022;3 198;3 200;3 200;3 198;362;1 157 948;-0.08%
05/05/2022;3 150;3 225;3 225;3 150;5 586;17 805 375;-1.49%
06/05/2022;3 200;3 200;3 200;3 200;3 286;10 515 200;1.59%
09/05/2022;3 198;3 200;3 200;3 198;808;2 584 590;-0.08%
10/05/2022;3 180;3 200;3 200;3 180;1 044;3 330 360;-0.55%
11/05/2022;3 225;3 198;3 225;3 198;8 454;27 147 908;1.42%
12/05/2022;3 200;3 200;3 200;3 200;180;576 000;-0.78%
13/05/2022;3 250;3 250;3 250;3 250;660;2 145 000;1.56%
16/05/2022;3 250;3 250;3 250;3 250;6 950;22 587 500;0.00%
17/05/2022;3 203;3 250;3 250;3 203;6 474;20 886 743;-1.46%
18/05/2022;3 225;3 250;3 250;3 225;10 638;34 440 525;0.70%
19/05/2022;3 250;3 250;3 250;3 250;2 094;6 805 500;0.78%
20/05/2022;3 300;3 250;3 300;3 250;12 102;39 634 050;1.54%
23/05/2022;3 190;2 803;3 190;2 803;738;2 211 233;-3.33%
24/05/2022;3 000;3 175;3 175;3 000;1 076;3 322 150;-5.96%
25/05/2022;2 950;2 950;2 950;2 950;52;153 400;-1.67%
26/05/2022;2 950;2 950;2 950;2 950;52;153 400;0.00%
27/05/2022;2 850;2 898;2 898;2 850;2 330;6 695 838;-3.39%
30/05/2022;2 900;2 853;2 900;2 853;7 624;21 928 530;1.75%
31/05/2022;2 998;2 900;2 998;2 900;824;2 429 770;3.36%
01/06/2022;2 900;2 998;2 998;2 900;770;2 270 538;-3.25%
02/06/2022;2 998;2 903;2 998;2 903;29 398;86 724 100;3.36%
03/06/2022;2 990;2 995;2 995;2 990;362;1 083 285;-0.25%
06/06/2022;2 990;2 995;2 995;2 990;362;1 083 285;0.00%
07/06/2022;2 985;2 985;2 985;2 985;88;262 680;-0.17%
08/06/2022;3 100;2 925;3 100;2 925;2 006;6 043 075;3.85%
09/06/2022;3 050;3 050;3 050;3 050;3 516;10 723 800;-1.61%
10/06/2022;3 000;2 863;3 000;2 863;20 346;59 639 213;-1.64%
13/06/2022;3 000;3 000;3 000;3 000;342;1 026 000;0.00%
14/06/2022;3 000;3 000;3 000;3 000;164;492 000;0.00%
15/06/2022;3 000;3 000;3 000;3 000;6 198;18 594 000;0.00%
16/06/2022;3 050;2 998;3 050;2 998;1 316;3 979 255;1.67%
17/06/2022;3 050;3 050;3 050;3 050;322;982 100;0.00%
20/06/2022;3 050;3 050;3 050;3 050;1 138;3 470 900;0.00%
21/06/2022;3 050;3 000;3 050;3 000;592;1 790 800;0.00%
22/06/2022;3 050;3 050;3 050;3 050;122;372 100;0.00%
23/06/2022;3 050;3 003;3 050;3 003;3 264;9 877 680;0.00%
24/06/2022;3 050;3 050;3 050;3 050;114;347 700;0.00%
27/06/2022;3 050;3 050;3 050;3 050;2 136;6 514 800;0.00%
28/06/2022;3 050;3 050;3 050;3 050;300;915 000;0.00%
29/06/2022;3 100;3 100;3 100;3 100;224;694 400;1.64%
30/06/2022;3 050;3 100;3 100;3 050;2 970;9 132 750;-1.61%
01/07/2022;3 050;3 100;3 100;3 050;2 970;9 132 750;0.00%
04/07/2022;3 100;3 100;3 100;3 100;146;452 600;1.64%
05/07/2022;3 050;3 050;3 050;3 050;2 060;6 283 000;-1.61%
06/07/2022;3 100;3 100;3 100;3 100;5 178;16 051 800;1.64%
07/07/2022;3 100;3 063;3 100;3 063;320;986 000;0.00%
08/07/2022;3 100;3 098;3 100;3 098;1 710;5 298 863;0.00%
11/07/2022;3 098;3 100;3 100;3 098;372;1 152 735;-0.08%
12/07/2022;3 098;3 100;3 100;3 098;456;1 413 030;0.00%
13/07/2022;3 065;3 098;3 098;3 065;776;2 391 050;-1.05%
14/07/2022;3 068;3 068;3 068;3 068;352;1 079 760;0.08%
15/07/2022;3 068;3 070;3 070;3 068;100;306 875;0.00%
18/07/2022;3 068;3 098;3 098;3 068;162;499 365;0.00%
19/07/2022;3 070;3 070;3 070;3 070;370;1 135 900;0.08%
20/07/2022;3 050;3 075;3 075;3 050;3 830;11 729 375;-0.65%
21/07/2022;3 050;3 068;3 068;3 050;324;991 035;0.00%
22/07/2022;3 098;3 050;3 098;3 050;1 182;3 633 173;1.56%
25/07/2022;3 050;3 098;3 098;3 050;2 396;7 364 705;-1.53%
26/07/2022;3 075;3 098;3 098;3 075;5 080;15 678 150;0.82%
27/07/2022;3 055;3 050;3 055;3 050;1 978;6 037 845;-0.65%
28/07/2022;3 055;3 055;3 055;3 055;118;360 490;0.00%
29/07/2022;3 055;3 055;3 055;3 055;300;916 500;0.00%
01/08/2022;3 055;3 075;3 075;3 055;92;281 980;0.00%
02/08/2022;3 055;3 055;3 055;3 055;1 604;4 900 220;0.00%
03/08/2022;3 100;3 075;3 100;3 075;8 912;27 515 800;1.47%
04/08/2022;3 100;3 100;3 100;3 100;1 276;3 955 600;0.00%
05/08/2022;3 075;3 100;3 100;3 075;12 478;38 525 825;-0.81%
08/08/2022;3 075;3 100;3 100;3 075;12 478;38 525 825;0.00%
09/08/2022;3 050;3 075;3 075;3 050;13 166;40 320 875;-0.81%
10/08/2022;3 050;3 025;3 050;3 025;182;552 825;0.00%
11/08/2022;3 045;3 050;3 050;3 045;2 002;6 101 095;-0.16%
12/08/2022;3 050;3 050;3 050;3 050;2 014;6 142 700;0.16%
15/08/2022;3 050;3 050;3 050;3 050;2 014;6 142 700;0.00%
16/08/2022;3 000;3 048;3 048;3 000;580;1 753 775;-1.64%
17/08/2022;3 000;3 000;3 000;3 000;844;2 532 000;0.00%
18/08/2022;3 000;3 000;3 000;3 000;3 824;11 472 000;0.00%
19/08/2022;3 000;3 050;3 050;3 000;660;1 996 500;0.00%
22/08/2022;3 000;3 045;3 045;3 000;2 804;8 475 090;0.00%
23/08/2022;3 003;3 000;3 003;3 000;158;474 198;0.08%
24/08/2022;3 015;3 015;3 015;3 015;846;2 550 690;0.42%
25/08/2022;3 015;3 005;3 015;3 005;1 936;5 827 360;0.00%
26/08/2022;3 015;3 015;3 015;3 015;472;1 423 080;0.00%
29/08/2022;3 003;3 015;3 015;3 003;1 876;5 644 415;-0.41%
30/08/2022;3 015;3 010;3 015;3 010;906;2 729 325;0.42%
31/08/2022;3 015;3 015;3 015;3 015;756;2 279 340;0.00%
01/09/2022;3 050;3 050;3 050;3 050;500;1 525 000;1.16%
02/09/2022;3 050;3 050;3 050;3 050;1 630;4 971 500;0.00%
05/09/2022;3 010;3 050;3 050;3 010;1 672;5 066 160;-1.31%
06/09/2022;3 050;3 050;3 050;3 050;1 226;3 739 300;1.33%
07/09/2022;3 050;3 050;3 050;3 050;50;152 500;0.00%
08/09/2022;3 055;3 100;3 100;3 055;654;2 012 685;0.16%
09/09/2022;3 050;3 098;3 098;3 050;3 052;9 381 085;-0.16%
12/09/2022;3 050;3 050;3 050;3 050;3 102;9 461 100;0.00%
13/09/2022;3 100;3 003;3 100;3 003;1 064;3 246 530;1.64%
14/09/2022;3 100;3 100;3 100;3 100;36;111 600;0.00%
15/09/2022;3 098;3 100;3 100;3 098;654;2 026 583;-0.08%
16/09/2022;3 328;3 098;3 328;3 098;2 166;6 958 275;7.43%
19/09/2022;3 150;3 325;3 325;3 150;166;537 425;-5.33%
20/09/2022;3 055;3 200;3 200;3 055;3 364;10 520 910;-3.02%
21/09/2022;3 048;3 055;3 055;3 048;4 442;13 553 653;-0.25%
22/09/2022;3 048;3 018;3 048;3 018;1 068;3 238 710;0.00%
23/09/2022;3 048;3 048;3 048;3 048;1 042;3 175 495;0.00%
26/09/2022;3 025;3 048;3 048;3 025;150;455 438;-0.74%
27/09/2022;3 035;3 048;3 048;3 035;5 580;16 970 175;0.33%
28/09/2022;3 035;3 035;3 035;3 035;176;534 160;0.00%
29/09/2022;3 025;3 035;3 035;3 025;328;993 840;-0.33%
30/09/2022;2 950;3 025;3 025;2 950;19 182;57 306 225;-2.48%
03/10/2022;2 950;2 950;2 950;2 950;12 160;35 872 000;0.00%
04/10/2022;2 950;2 925;2 950;2 925;2 170;6 374 375;0.00%
05/10/2022;2 900;2 975;2 975;2 900;3 124;9 176 750;-1.69%
06/10/2022;3 000;3 000;3 000;3 000;148;444 000;3.45%
07/10/2022;2 940;3 020;3 020;2 940;728;2 169 440;-2.00%
10/10/2022;2 900;2 900;2 900;2 900;5 024;14 569 600;-1.36%
11/10/2022;2 903;2 900;2 903;2 900;2 466;7 154 483;0.09%
12/10/2022;2 875;2 950;2 950;2 875;5 368;15 634 300;-0.95%
13/10/2022;2 875;2 875;2 875;2 875;3 326;9 562 250;0.00%
14/10/2022;2 850;2 825;2 850;2 825;2 824;8 013 100;-0.87%
17/10/2022;2 755;2 850;2 850;2 755;8 586;24 062 265;-3.33%
18/10/2022;2 770;2 825;2 825;2 770;3 410;9 539 475;0.54%
19/10/2022;2 770;2 770;2 770;2 770;480;1 329 600;0.00%
20/10/2022;2 800;2 770;2 800;2 770;6 524;18 169 340;1.08%
21/10/2022;2 803;2 763;2 803;2 763;650;1 808 625;0.09%
24/10/2022;2 805;2 800;2 805;2 800;254;711 835;0.09%
25/10/2022;2 873;2 850;2 873;2 850;318;909 878;2.41%
26/10/2022;3 050;2 875;3 050;2 875;4 810;14 249 625;6.18%
27/10/2022;2 950;3 023;3 023;2 950;224;668 920;-3.28%
28/10/2022;3 048;3 050;3 050;3 048;1 970;6 006 038;3.31%
31/10/2022;3 048;3 050;3 050;3 048;1 970;6 006 038;0.00%
01/11/2022;3 005;3 048;3 048;3 005;990;2 995 988;-1.39%
02/11/2022;3 005;3 005;3 005;3 005;5 620;16 888 100;0.00%
03/11/2022;3 050;3 005;3 050;3 005;1 886;5 709 865;1.50%
04/11/2022;3 003;3 003;3 003;3 003;8 068;24 224 170;-1.56%
07/11/2022;2 955;3 003;3 003;2 955;5 072;15 108 220;-1.58%
08/11/2022;3 000;3 000;3 000;3 000;88;264 000;1.52%
09/11/2022;3 000;3 000;3 000;3 000;6 534;19 602 000;0.00%
10/11/2022;3 000;3 000;3 000;3 000;386;1 158 000;0.00%
11/11/2022;2 998;3 000;3 000;2 998;238;713 703;-0.08%
14/11/2022;2 998;2 930;2 998;2 930;44;130 405;0.00%
15/11/2022;2 998;2 930;2 998;2 930;44;130 405;0.00%
16/11/2022;2 993;2 993;2 993;2 993;84;251 370;-0.17%
17/11/2022;3 000;2 993;3 000;2 993;7 280;21 812 700;0.25%
18/11/2022;2 995;3 000;3 000;2 995;468;1 402 830;-0.17%
21/11/2022;2 950;2 998;2 998;2 950;834;2 480 108;-1.50%
22/11/2022;2 950;2 975;2 975;2 950;604;1 789 350;0.00%
23/11/2022;3 000;2 950;3 000;2 950;1 076;3 201 100;1.69%
24/11/2022;3 000;2 998;3 000;2 998;1 490;4 468 138;0.00%
25/11/2022;2 975;2 950;2 975;2 950;2 322;6 878 925;-0.83%
28/11/2022;3 000;3 000;3 000;3 000;372;1 116 000;0.84%
29/11/2022;2 950;2 950;2 950;2 950;150;442 500;-1.67%
30/11/2022;2 950;2 950;2 950;2 950;150;442 500;0.00%
01/12/2022;2 950;2 950;2 950;2 950;150;442 500;0.00%
02/12/2022;2 850;2 975;2 975;2 850;636;1 852 350;-3.39%
05/12/2022;2 975;2 850;2 975;2 850;4 730;13 776 125;4.39%
06/12/2022;2 950;2 765;2 950;2 765;2 052;5 863 590;-0.84%
07/12/2022;2 940;2 950;2 950;2 940;68;200 260;-0.34%
08/12/2022;2 938;2 805;2 938;2 805;200;574 250;-0.09%
09/12/2022;2 933;2 940;2 940;2 933;212;622 485;-0.17%
12/12/2022;2 875;2 900;2 900;2 875;216;623 700;-1.96%
13/12/2022;2 875;2 873;2 875;2 873;116;333 355;0.00%
14/12/2022;2 870;2 873;2 873;2 870;220;631 675;-0.17%
15/12/2022;2 870;2 865;2 870;2 865;460;1 319 050;0.00%
16/12/2022;2 870;2 800;2 870;2 800;730;2 069 550;0.00%
19/12/2022;2 875;2 875;2 875;2 875;1 764;5 071 500;0.17%
20/12/2022;2 860;2 860;2 860;2 860;678;1 939 080;-0.52%
21/12/2022;2 860;2 840;2 860;2 840;12 598;35 904 300;0.00%
22/12/2022;2 860;2 850;2 860;2 850;5 884;16 798 820;0.00%
23/12/2022;2 875;2 865;2 875;2 865;2 144;6 153 280;0.52%
26/12/2022;2 875;2 865;2 875;2 865;2 144;6 153 280;0.00%
27/12/2022;3 000;2 875;3 000;2 875;6 614;19 428 625;4.35%
28/12/2022;2 975;3 000;3 000;2 975;264;788 700;-0.83%
29/12/2022;3 000;2 975;3 000;2 975;4 400;13 145 000;0.84%
30/12/2022;2 975;2 860;2 975;2 860;1 848;5 391 540;-0.83%
02/01/2023;2 988;2 995;2 995;2 988;736;2 201 560;0.42%
03/01/2023;2 973;2 900;2 973;2 900;326;957 218;-0.50%
04/01/2023;2 958;2 973;2 973;2 958;104;308 360;-0.50%
05/01/2023;2 950;2 955;2 955;2 950;238;702 695;-0.25%
06/01/2023;2 948;2 963;2 963;2 948;25 426;75 133 830;-0.08%
09/01/2023;2 900;2 950;2 950;2 900;352;1 029 600;-1.61%
10/01/2023;2 948;2 875;2 948;2 875;5 562;16 192 373;1.64%
11/01/2023;2 745;2 950;2 950;2 745;4 020;11 446 950;-6.87%
12/01/2023;2 900;2 925;2 925;2 900;380;1 106 750;5.65%
13/01/2023;2 875;2 898;2 898;2 875;8 598;24 815 978;-0.86%
16/01/2023;2 875;2 875;2 875;2 875;2 272;6 532 000;0.00%
17/01/2023;2 875;2 853;2 875;2 853;7 894;22 606 443;0.00%
18/01/2023;2 900;2 875;2 900;2 875;3 144;9 078 300;0.87%
19/01/2023;2 880;2 925;2 925;2 880;1 368;3 970 620;-0.69%
20/01/2023;2 900;2 900;2 900;2 900;530;1 537 000;0.69%
23/01/2023;2 900;2 925;2 925;2 900;8 848;25 769 800;0.00%
24/01/2023;2 928;2 923;2 928;2 923;4 684;13 700 700;0.95%
25/01/2023;2 928;2 928;2 928;2 928;3 902;11 423 105;0.00%
26/01/2023;2 973;2 928;2 973;2 928;440;1 298 000;1.54%
27/01/2023;2 973;2 973;2 973;2 973;1 406;4 179 335;0.00%
30/01/2023;2 970;2 950;2 970;2 950;354;1 047 840;-0.08%
31/01/2023;2 970;2 970;2 970;2 970;4 372;12 984 840;0.00%
01/02/2023;2 983;2 970;2 983;2 970;998;2 970 298;0.42%
02/02/2023;3 100;3 000;3 100;3 000;1 990;6 069 500;3.94%
03/02/2023;3 073;3 075;3 075;3 073;26;79 918;-0.89%
06/02/2023;3 073;3 073;3 073;3 073;20;61 450;0.00%
07/02/2023;3 073;3 050;3 073;3 050;538;1 646 953;0.00%
08/02/2023;3 058;3 098;3 098;3 058;342;1 052 505;-0.49%
09/02/2023;3 100;3 100;3 100;3 100;8 086;25 066 600;1.39%
10/02/2023;3 178;3 118;3 178;3 118;2 550;8 026 125;2.50%
13/02/2023;3 223;3 178;3 223;3 178;644;2 060 800;1.42%
14/02/2023;3 248;3 100;3 248;3 100;4 730;15 011 838;0.78%
15/02/2023;3 248;3 245;3 248;3 245;760;2 467 150;0.00%
16/02/2023;3 248;3 248;3 248;3 248;2 960;9 612 600;0.00%
17/02/2023;3 268;3 248;3 268;3 248;560;1 824 200;0.62%
20/02/2023;3 290;3 198;3 290;3 198;10 384;33 683 100;0.69%
21/02/2023;3 148;3 105;3 148;3 105;1 778;5 558 473;-4.33%
22/02/2023;3 200;3 148;3 200;3 148;6 984;22 165 470;1.67%
23/02/2023;3 270;3 225;3 270;3 225;2 002;6 501 495;2.19%
24/02/2023;3 200;3 203;3 203;3 200;1 498;4 795 473;-2.14%
27/02/2023;3 323;3 250;3 323;3 250;10 808;35 517 790;3.83%
28/02/2023;3 320;3 250;3 320;3 250;24 306;79 845 210;-0.08%
01/03/2023;3 313;3 320;3 320;3 313;20 008;66 351 530;-0.23%
02/03/2023;3 065;3 065;3 065;3 065;15 264;46 784 160;-7.47%
03/03/2023;3 248;3 200;3 248;3 200;708;2 282 415;5.95%
06/03/2023;3 248;3 080;3 248;3 080;4 090;12 939 738;0.00%
07/03/2023;3 248;3 248;3 248;3 248;1 282;4 163 295;0.00%
08/03/2023;3 245;3 245;3 245;3 245;1 332;4 322 340;-0.08%
09/03/2023;3 240;3 248;3 248;3 240;2 034;6 597 788;-0.15%
10/03/2023;3 300;3 245;3 300;3 245;3 878;12 690 755;1.85%
13/03/2023;3 298;3 250;3 298;3 250;858;2 808 878;-0.08%
14/03/2023;3 300;3 295;3 300;3 295;12 258;40 420 755;0.08%
15/03/2023;3 250;3 300;3 300;3 250;6 720;22 008 000;-1.52%
16/03/2023;3 273;3 275;3 275;3 273;1 066;3 489 818;0.69%
17/03/2023;3 275;3 270;3 275;3 270;5 804;18 993 590;0.08%
20/03/2023;3 268;3 085;3 268;3 085;4 238;13 460 948;-0.23%
21/03/2023;3 248;3 268;3 268;3 248;1 602;5 218 515;-0.61%
22/03/2023;3 100;3 248;3 248;3 100;5 268;16 719 315;-4.54%
23/03/2023;3 090;3 100;3 100;3 090;2 510;7 768 450;-0.32%
24/03/2023;3 125;3 148;3 148;3 125;10 684;33 507 695;1.13%
27/03/2023;3 125;3 123;3 125;3 123;442;1 380 698;0.00%
28/03/2023;3 125;3 125;3 125;3 125;1 330;4 156 250;0.00%
29/03/2023;3 125;3 145;3 145;3 125;1 116;3 498 660;0.00%
30/03/2023;3 100;3 123;3 123;3 100;2 228;6 931 865;-0.80%
31/03/2023;3 090;3 100;3 100;3 090;92;284 740;-0.32%
03/04/2023;3 100;3 095;3 100;3 095;498;1 542 555;0.32%
04/04/2023;3 100;3 103;3 103;3 100;510;1 581 638;0.00%
05/04/2023;3 075;3 100;3 100;3 075;166;512 525;-0.81%
06/04/2023;3 090;3 075;3 090;3 075;452;1 393 290;0.49%
07/04/2023;3 100;3 090;3 100;3 090;218;674 710;0.32%
10/04/2023;3 100;3 090;3 100;3 090;218;674 710;0.00%
11/04/2023;3 098;3 090;3 098;3 090;986;3 050 438;-0.08%
12/04/2023;3 098;3 100;3 100;3 098;538;1 667 128;0.00%
13/04/2023;3 100;3 100;3 100;3 100;186;576 600;0.08%
14/04/2023;3 098;3 098;3 098;3 098;876;2 713 410;-0.08%
17/04/2023;3 098;3 095;3 098;3 095;298;922 683;0.00%
18/04/2023;3 098;3 095;3 098;3 095;298;922 683;0.00%
19/04/2023;3 098;3 075;3 098;3 075;904;2 789 970;0.00%
20/04/2023;3 093;3 058;3 093;3 058;572;1 758 900;-0.16%
21/04/2023;3 093;3 058;3 093;3 058;572;1 758 900;0.00%
24/04/2023;3 098;3 098;3 098;3 098;1 280;3 964 800;0.16%
25/04/2023;3 125;3 098;3 125;3 098;9 156;28 486 605;0.89%
26/04/2023;3 125;3 150;3 150;3 125;666;2 089 575;0.00%
27/04/2023;3 098;3 098;3 098;3 098;378;1 170 855;-0.88%
28/04/2023;3 115;3 100;3 115;3 100;6 650;20 664 875;0.56%
01/05/2023;3 115;3 100;3 115;3 100;6 650;20 664 875;0.00%
02/05/2023;3 150;3 118;3 150;3 118;3 706;11 613 678;1.12%
03/05/2023;3 150;3 118;3 150;3 118;3 706;11 613 678;0.00%
04/05/2023;3 100;3 100;3 100;3 100;2 668;8 270 800;-1.59%
05/05/2023;3 098;3 100;3 100;3 098;698;2 162 928;-0.08%
08/05/2023;3 100;3 100;3 100;3 100;2 392;7 415 200;0.08%
09/05/2023;3 100;3 100;3 100;3 100;3 468;10 750 800;0.00%
10/05/2023;3 098;3 100;3 100;3 098;3 000;9 296 250;-0.08%
11/05/2023;3 100;3 098;3 100;3 098;1 116;3 458 205;0.08%
12/05/2023;3 100;3 100;3 100;3 100;5 990;18 569 000;0.00%
15/05/2023;3 125;3 100;3 125;3 100;6 660;20 729 250;0.81%
16/05/2023;3 125;3 100;3 125;3 100;8 776;27 315 300;0.00%
17/05/2023;3 148;3 125;3 148;3 125;3 482;10 920 423;0.72%
18/05/2023;3 148;3 125;3 148;3 125;3 482;10 920 423;0.00%
19/05/2023;3 148;3 150;3 150;3 148;1 502;4 729 423;0.00%
22/05/2023;3 175;3 150;3 175;3 150;4 942;15 629 075;0.87%
23/05/2023;2 908;2 898;2 908;2 898;5 520;16 021 800;-8.43%
24/05/2023;2 873;2 908;2 908;2 873;2 784;8 045 760;-1.20%
25/05/2023;2 900;2 863;2 900;2 863;1 800;5 186 250;0.96%
26/05/2023;2 875;2 900;2 900;2 875;1 572;4 539 150;-0.86%
29/05/2023;2 875;2 900;2 900;2 875;1 572;4 539 150;0.00%
30/05/2023;2 875;2 875;2 875;2 875;2 448;7 038 000;0.00%
31/05/2023;2 855;2 875;2 875;2 855;416;1 191 840;-0.70%
01/06/2023;2 850;2 850;2 850;2 850;3 168;9 028 800;-0.18%
02/06/2023;2 875;2 875;2 875;2 875;3 518;10 114 250;0.88%
05/06/2023;2 845;2 875;2 875;2 845;1 384;3 958 240;-1.04%
06/06/2023;2 845;2 850;2 850;2 845;2 944;8 383 040;0.00%
07/06/2023;2 800;2 845;2 845;2 800;15 856;44 753 560;-1.58%
08/06/2023;2 800;2 800;2 800;2 800;4 102;11 485 600;0.00%
09/06/2023;2 800;2 800;2 800;2 800;22 932;64 209 600;0.00%
12/06/2023;2 803;2 825;2 825;2 803;31 544;88 756 930;0.09%
13/06/2023;2 825;2 808;2 825;2 808;50 962;143 521 733;0.80%
14/06/2023;2 805;2 825;2 825;2 805;10 486;29 518 090;-0.71%
15/06/2023;2 810;2 805;2 810;2 805;7 688;21 584 060;0.18%
16/06/2023;2 823;2 813;2 823;2 813;13 812;38 915 310;0.44%
19/06/2023;2 898;2 875;2 898;2 875;4 772;13 773 185;2.66%
20/06/2023;2 830;2 900;2 900;2 830;7 488;21 453 120;-2.33%
21/06/2023;2 898;2 895;2 898;2 895;6 608;19 138 420;2.39%
22/06/2023;2 998;2 898;2 998;2 898;6 078;17 914 905;3.45%
23/06/2023;2 975;2 995;2 995;2 975;974;2 907 390;-0.75%
26/06/2023;2 898;2 993;2 993;2 898;7 774;22 894 430;-2.61%
27/06/2023;2 970;2 875;2 970;2 875;1 668;4 874 730;2.50%
28/06/2023;2 970;2 875;2 970;2 875;1 668;4 874 730;0.00%
29/06/2023;2 900;2 970;2 970;2 900;4 792;14 064 520;-2.36%
30/06/2023;2 890;2 900;2 900;2 890;4 342;12 570 090;-0.34%
03/07/2023;2 900;2 890;2 900;2 890;1 492;4 319 340;0.35%
04/07/2023;2 890;2 925;2 925;2 890;2 752;8 001 440;-0.34%
05/07/2023;2 925;2 893;2 925;2 893;2 342;6 812 293;1.21%
06/07/2023;2 925;2 925;2 925;2 925;974;2 848 950;0.00%
07/07/2023;2 928;2 900;2 928;2 900;13 906;40 518 608;0.09%
10/07/2023;2 935;2 925;2 935;2 925;2 966;8 690 380;0.26%
11/07/2023;2 950;2 935;2 950;2 935;7 026;20 674 005;0.51%
12/07/2023;2 950;2 940;2 950;2 940;1 696;4 994 720;0.00%
13/07/2023;2 973;2 950;2 973;2 950;16 604;49 168 595;0.76%
14/07/2023;3 000;2 973;3 000;2 973;2 264;6 760 870;0.93%
17/07/2023;3 003;2 998;3 003;2 998;668;2 004 000;0.08%
18/07/2023;3 008;3 025;3 025;3 008;1 962;5 917 883;0.17%
19/07/2023;3 050;3 045;3 050;3 045;650;1 980 875;1.41%
20/07/2023;3 040;3 028;3 040;3 028;7 962;24 154 718;-0.33%
21/07/2023;3 050;3 040;3 050;3 040;8 514;25 925 130;0.33%
24/07/2023;3 048;3 045;3 048;3 045;1 878;5 720 858;-0.08%
25/07/2023;3 050;3 050;3 050;3 050;4 386;13 377 300;0.08%
26/07/2023;3 025;3 050;3 050;3 025;338;1 026 675;-0.82%
27/07/2023;3 048;3 050;3 050;3 048;802;2 445 098;0.74%
28/07/2023;3 048;3 048;3 048;3 048;1 510;4 601 725;0.00%
31/07/2023;3 048;3 048;3 048;3 048;2 374;7 234 765;0.00%
01/08/2023;3 145;3 048;3 145;3 048;620;1 919 675;3.20%
02/08/2023;3 100;3 138;3 138;3 100;900;2 806 875;-1.43%
03/08/2023;3 100;3 103;3 103;3 100;2 584;8 013 630;0.00%
04/08/2023;3 125;3 100;3 125;3 100;1 308;4 071 150;0.81%
07/08/2023;3 125;3 100;3 125;3 100;1 308;4 071 150;0.00%
08/08/2023;3 200;3 150;3 200;3 150;3 284;10 426 700;2.40%
09/08/2023;3 195;3 200;3 200;3 195;9 518;30 433 805;-0.16%
10/08/2023;3 173;3 175;3 175;3 173;924;2 932 545;-0.70%
11/08/2023;3 170;3 173;3 173;3 170;300;951 375;-0.08%
14/08/2023;3 170;3 168;3 170;3 168;356;1 128 075;0.00%
15/08/2023;3 170;3 168;3 170;3 168;356;1 128 075;0.00%
16/08/2023;3 195;3 198;3 198;3 195;1 146;3 662 903;0.79%
17/08/2023;3 148;3 168;3 168;3 148;4 244;13 400 430;-1.49%
18/08/2023;3 168;3 150;3 168;3 150;2 238;7 069 283;0.64%
21/08/2023;3 148;3 148;3 148;3 148;1 320;4 154 700;-0.63%
22/08/2023;3 075;3 148;3 148;3 075;3 284;10 217 345;-2.30%
23/08/2023;3 148;3 148;3 148;3 148;2 340;7 365 150;2.36%
24/08/2023;3 128;3 145;3 145;3 128;132;413 985;-0.64%
25/08/2023;3 148;3 105;3 148;3 105;1 004;3 138 755;0.64%
28/08/2023;3 150;3 148;3 150;3 148;3 842;12 097 498;0.08%
29/08/2023;3 150;3 150;3 150;3 150;1 148;3 616 200;0.00%
30/08/2023;3 100;3 113;3 113;3 100;1 156;3 590 825;-1.59%
31/08/2023;3 100;3 150;3 150;3 100;3 340;10 437 500;0.00%
01/09/2023;3 148;3 100;3 148;3 100;224;699 720;1.53%
04/09/2023;3 145;3 150;3 150;3 145;1 182;3 720 345;-0.08%
05/09/2023;3 145;3 148;3 148;3 145;7 140;22 464 225;0.00%
06/09/2023;3 138;3 103;3 138;3 103;416;1 297 920;-0.24%
07/09/2023;3 135;3 100;3 135;3 100;3 356;10 462 330;-0.08%
08/09/2023;3 135;3 135;3 135;3 135;324;1 015 740;0.00%
11/09/2023;3 110;3 135;3 135;3 110;1 752;5 470 620;-0.80%
12/09/2023;3 103;3 135;3 135;3 103;6 890;21 488 188;-0.24%
13/09/2023;3 133;3 135;3 135;3 133;5 162;16 176 418;0.97%
14/09/2023;3 135;3 133;3 135;3 133;11 422;35 793 693;0.08%
15/09/2023;3 135;3 135;3 135;3 135;22 896;71 778 960;0.00%
18/09/2023;3 138;3 135;3 138;3 135;770;2 414 913;0.08%
19/09/2023;3 100;3 100;3 100;3 100;3 924;12 164 400;-1.20%
20/09/2023;3 100;3 125;3 125;3 100;2 374;7 389 075;0.00%
21/09/2023;3 100;3 100;3 100;3 100;856;2 653 600;0.00%
22/09/2023;3 150;3 100;3 150;3 100;6 034;18 856 250;1.61%
25/09/2023;3 150;3 138;3 150;3 138;7 866;24 728 738;0.00%
26/09/2023;3 100;3 150;3 150;3 100;624;1 950 000;-1.59%
27/09/2023;3 100;3 150;3 150;3 100;624;1 950 000;0.00%
28/09/2023;3 140;3 100;3 140;3 100;4 976;15 525 120;1.29%
29/09/2023;3 125;3 140;3 140;3 125;570;1 785 525;-0.48%
02/10/2023;3 140;3 125;3 140;3 125;478;1 497 335;0.48%
03/10/2023;3 175;3 100;3 175;3 100;4 184;13 127 300;1.11%
04/10/2023;3 200;3 175;3 200;3 175;1 064;3 391 500;0.79%
05/10/2023;3 175;3 195;3 195;3 175;3 042;9 688 770;-0.78%
06/10/2023;3 175;3 173;3 175;3 173;1 460;4 633 675;0.00%
09/10/2023;3 225;3 175;3 225;3 175;7 304;23 372 800;1.57%
10/10/2023;3 150;3 250;3 250;3 150;2 890;9 248 000;-2.33%
11/10/2023;3 200;3 245;3 245;3 200;6 072;19 567 020;1.59%
12/10/2023;3 238;3 250;3 250;3 238;4 332;14 051 925;1.17%
13/10/2023;3 250;3 150;3 250;3 150;652;2 086 400;0.39%
16/10/2023;3 225;3 200;3 225;3 200;1 014;3 257 475;-0.77%
17/10/2023;3 250;3 250;3 250;3 250;8 298;26 968 500;0.78%
18/10/2023;3 228;3 250;3 250;3 228;1 026;3 322 958;-0.69%
19/10/2023;3 200;3 238;3 238;3 200;58 044;186 829 125;-0.85%
20/10/2023;3 198;3 200;3 200;3 198;342;1 093 973;-0.08%
23/10/2023;3 150;3 198;3 198;3 150;2 708;8 594 515;-1.49%
24/10/2023;3 178;3 175;3 178;3 175;878;2 788 748;0.87%
25/10/2023;3 178;3 200;3 200;3 178;2 570;8 195 088;0.00%
26/10/2023;3 200;3 200;3 200;3 200;6 096;19 507 200;0.71%
27/10/2023;3 195;3 175;3 195;3 175;4 312;13 733 720;-0.16%
30/10/2023;3 250;3 195;3 250;3 195;2 658;8 565 405;1.72%
31/10/2023;3 250;3 250;3 250;3 250;6 652;21 619 000;0.00%
01/11/2023;3 250;3 250;3 250;3 250;6 652;21 619 000;0.00%
02/11/2023;3 265;3 265;3 265;3 265;726;2 370 390;0.46%
03/11/2023;3 250;3 265;3 265;3 250;5 002;16 294 015;-0.46%
06/11/2023;3 250;3 250;3 250;3 250;1 262;4 101 500;0.00%
07/11/2023;3 250;3 270;3 270;3 250;2 980;9 714 800;0.00%
08/11/2023;3 250;3 203;3 250;3 203;486;1 567 958;0.00%
09/11/2023;3 248;3 250;3 250;3 248;272;883 660;-0.08%
10/11/2023;3 270;3 248;3 270;3 248;742;2 417 993;0.69%
13/11/2023;3 350;3 268;3 350;3 268;1 538;5 088 858;2.45%
14/11/2023;3 345;3 350;3 350;3 345;970;3 247 075;-0.15%
15/11/2023;3 345;3 350;3 350;3 345;970;3 247 075;0.00%
16/11/2023;3 203;3 250;3 250;3 203;23 908;77 133 185;-4.26%
17/11/2023;3 240;3 203;3 240;3 203;1 702;5 482 568;1.17%
20/11/2023;3 240;3 240;3 240;3 240;3 772;12 221 280;0.00%
21/11/2023;3 340;3 250;3 340;3 250;7 470;24 613 650;3.09%
22/11/2023;3 225;3 338;3 338;3 225;18 698;61 352 813;-3.44%
23/11/2023;3 225;3 325;3 325;3 225;1 632;5 344 800;0.00%
24/11/2023;3 250;3 250;3 250;3 250;982;3 191 500;0.78%
27/11/2023;3 225;3 250;3 250;3 225;6 346;20 545 175;-0.77%
28/11/2023;3 200;3 220;3 220;3 200;5 120;16 435 200;-0.78%
29/11/2023;3 200;3 250;3 250;3 200;1 140;3 676 500;0.00%
30/11/2023;3 200;3 200;3 200;3 200;9 874;31 596 800;0.00%
01/12/2023;3 250;3 250;3 250;3 250;914;2 970 500;1.56%
04/12/2023;3 248;3 250;3 250;3 248;382;1 241 023;-0.08%
05/12/2023;3 205;3 250;3 250;3 205;806;2 601 365;-1.31%
06/12/2023;3 208;3 205;3 208;3 205;4 700;15 069 375;0.08%
07/12/2023;3 208;3 200;3 208;3 200;278;890 643;0.00%
08/12/2023;3 250;3 250;3 250;3 250;436;1 417 000;1.33%
11/12/2023;3 200;3 200;3 200;3 200;4 928;15 769 600;-1.54%
12/12/2023;3 215;3 215;3 215;3 215;862;2 771 330;0.47%
13/12/2023;3 225;3 225;3 225;3 225;1 182;3 811 950;0.31%
14/12/2023;3 200;3 200;3 200;3 200;1 328;4 249 600;-0.78%
15/12/2023;3 200;3 200;3 200;3 200;1 398;4 473 600;0.00%
18/12/2023;3 200;3 200;3 200;3 200;2 788;8 921 600;0.00%
19/12/2023;3 200;3 175;3 200;3 175;3 870;12 335 625;0.00%
20/12/2023;3 200;3 200;3 200;3 200;2 058;6 585 600;0.00%
21/12/2023;3 200;3 198;3 200;3 198;732;2 341 485;0.00%
22/12/2023;3 198;3 200;3 200;3 198;2 056;6 576 630;-0.08%
25/12/2023;3 198;3 200;3 200;3 198;2 056;6 576 630;0.00%
26/12/2023;3 198;3 178;3 198;3 178;952;3 034 500;0.00%
27/12/2023;3 190;3 198;3 198;3 190;2 396;7 652 225;-0.23%
28/12/2023;3 200;3 175;3 200;3 175;6 896;21 981 000;0.31%
29/12/2023;3 180;3 200;3 200;3 180;4 632;14 776 080;-0.63%
01/01/2024;3 180;3 200;3 200;3 180;4 632;14 776 080;0.00%
02/01/2024;3 200;3 180;3 200;3 180;308;982 520;0.63%
03/01/2024;3 180;3 200;3 200;3 180;278;886 820;-0.63%
04/01/2024;3 175;3 175;3 175;3 175;984;3 124 200;-0.16%
05/01/2024;3 200;3 180;3 200;3 180;1 046;3 336 740;0.79%
08/01/2024;3 198;3 200;3 200;3 198;460;1 471 425;-0.08%
09/01/2024;3 200;3 200;3 200;3 200;1 328;4 249 600;0.08%
10/01/2024;3 175;3 175;3 175;3 175;6 536;20 751 800;-0.78%
11/01/2024;3 200;3 175;3 200;3 175;2 694;8 587 125;0.79%
12/01/2024;3 225;3 200;3 225;3 200;1 024;3 289 600;0.78%
15/01/2024;3 248;3 225;3 248;3 225;2 820;9 126 225;0.70%
16/01/2024;3 248;3 248;3 248;3 248;590;1 916 025;0.00%
17/01/2024;3 248;3 248;3 248;3 248;918;2 981 205;0.00%
18/01/2024;3 228;3 248;3 248;3 228;5 258;17 022 775;-0.62%
19/01/2024;3 225;3 225;3 225;3 225;4 080;13 158 000;-0.08%
22/01/2024;3 250;3 248;3 250;3 248;4 540;14 749 325;0.78%
23/01/2024;3 250;3 248;3 250;3 248;6 462;20 993 423;0.00%
24/01/2024;3 250;3 250;3 250;3 250;934;3 035 500;0.00%
25/01/2024;3 273;3 250;3 273;3 250;1 798;5 863 728;0.69%
26/01/2024;3 275;3 273;3 275;3 273;1 964;6 429 645;0.08%
29/01/2024;3 275;3 275;3 275;3 275;5 518;18 071 450;0.00%
30/01/2024;3 253;3 275;3 275;3 253;4 256;13 890 520;-0.69%
31/01/2024;3 253;3 253;3 253;3 253;3 524;11 461 810;0.00%
01/02/2024;3 253;3 253;3 253;3 253;1 144;3 720 860;0.00%
02/02/2024;3 255;3 253;3 255;3 253;7 922;25 776 208;0.08%
05/02/2024;3 250;3 275;3 275;3 250;8 204;26 765 550;-0.15%
06/02/2024;3 250;3 275;3 275;3 250;3 150;10 276 875;0.00%
07/02/2024;3 250;3 250;3 250;3 250;784;2 548 000;0.00%
08/02/2024;3 250;3 248;3 250;3 248;658;2 137 678;0.00%
09/02/2024;3 250;3 250;3 250;3 250;1 458;4 738 500;0.00%
12/02/2024;3 250;3 250;3 250;3 250;1 458;4 738 500;0.00%
13/02/2024;3 200;3 250;3 250;3 200;2 890;9 320 250;-1.54%
14/02/2024;3 275;3 250;3 275;3 250;7 010;22 870 125;2.34%
15/02/2024;3 250;3 250;3 250;3 250;598;1 943 500;-0.76%
16/02/2024;3 250;3 250;3 250;3 250;372;1 209 000;0.00%
19/02/2024;3 275;3 250;3 275;3 250;890;2 903 625;0.77%
20/02/2024;3 250;3 275;3 275;3 250;4 634;15 118 425;-0.76%
21/02/2024;3 250;3 250;3 250;3 250;6 178;20 078 500;0.00%
22/02/2024;3 250;3 250;3 250;3 250;3 002;9 756 500;0.00%
23/02/2024;3 250;3 250;3 250;3 250;2 822;9 171 500;0.00%
26/02/2024;3 253;3 275;3 275;3 253;2 238;7 304 273;0.08%
27/02/2024;3 250;3 275;3 275;3 250;5 230;17 062 875;-0.08%
28/02/2024;3 250;3 250;3 250;3 250;3 672;11 934 000;0.00%
29/02/2024;3 248;3 248;3 248;3 248;2 300;7 469 250;-0.08%
01/03/2024;3 240;3 225;3 240;3 225;8 154;26 357 805;-0.23%
04/03/2024;3 200;3 240;3 240;3 200;12 106;38 981 320;-1.23%
05/03/2024;3 200;3 205;3 205;3 200;1 622;5 194 455;0.00%
06/03/2024;3 150;3 200;3 200;3 150;4 388;13 931 900;-1.56%
07/03/2024;3 238;3 150;3 238;3 150;1 738;5 550 738;2.78%
08/03/2024;3 178;3 238;3 238;3 178;5 676;18 205 770;-1.85%
11/03/2024;3 248;3 248;3 248;3 248;946;3 072 135;2.20%
12/03/2024;3 250;3 250;3 250;3 250;10 490;34 092 500;0.08%
13/03/2024;3 225;3 270;3 270;3 225;5 848;18 991 380;-0.77%
14/03/2024;3 228;3 248;3 248;3 228;3 390;10 975 125;0.08%
15/03/2024;3 248;3 250;3 250;3 248;1 192;3 872 510;0.62%
18/03/2024;3 228;3 228;3 228;3 228;2 982;9 624 405;-0.62%
19/03/2024;3 228;3 228;3 228;3 228;1 222;3 944 005;0.00%
20/03/2024;3 228;3 225;3 228;3 225;8 738;28 190 973;0.00%
21/03/2024;3 248;3 250;3 250;3 248;2 888;9 382 390;0.62%
22/03/2024;3 225;3 248;3 248;3 225;2 756;8 919 105;-0.69%
25/03/2024;3 213;3 250;3 250;3 213;1 228;3 967 975;-0.39%
26/03/2024;3 435;3 303;3 435;3 303;18 496;62 308 400;6.93%
27/03/2024;3 445;3 443;3 445;3 443;8 922;30 725 138;0.29%
28/03/2024;3 445;3 445;3 445;3 445;9 350;32 210 750;0.00%
29/03/2024;3 470;3 473;3 473;3 470;5 524;19 175 185;0.73%
01/04/2024;3 470;3 473;3 473;3 470;5 524;19 175 185;0.00%
02/04/2024;3 450;3 470;3 470;3 450;3 374;11 674 040;-0.58%
03/04/2024;3 488;3 455;3 488;3 455;3 982;13 822 518;1.09%
04/04/2024;3 495;3 485;3 495;3 485;3 604;12 577 960;0.22%
05/04/2024;3 493;3 500;3 500;3 493;5 230;18 285 388;-0.07%
08/04/2024;3 490;3 490;3 490;3 490;4 050;14 134 500;-0.07%
09/04/2024;3 490;3 490;3 490;3 490;7 686;26 824 140;0.00%
10/04/2024;3 490;3 490;3 490;3 490;7 686;26 824 140;0.00%
11/04/2024;3 490;3 493;3 493;3 490;5 638;19 683 668;0.00%
12/04/2024;3 490;3 490;3 490;3 490;2 890;10 086 100;0.00%
15/04/2024;3 500;3 500;3 500;3 500;3 930;13 755 000;0.29%
16/04/2024;3 550;3 510;3 550;3 510;4 066;14 352 980;1.43%
17/04/2024;3 625;3 555;3 625;3 555;8 546;30 680 140;2.11%
18/04/2024;3 620;3 600;3 620;3 600;2 666;9 624 260;-0.14%
19/04/2024;3 620;3 620;3 620;3 620;2 638;9 549 560;0.00%
22/04/2024;3 600;3 618;3 618;3 600;3 266;11 786 178;-0.55%
23/04/2024;3 650;3 620;3 650;3 620;4 006;14 561 810;1.39%
24/04/2024;3 673;3 650;3 673;3 650;11 530;42 214 213;0.62%
25/04/2024;3 673;3 673;3 673;3 673;2 666;9 790 885;0.00%
26/04/2024;3 670;3 670;3 670;3 670;3 534;12 969 780;-0.07%
29/04/2024;3 670;3 670;3 670;3 670;3 320;12 184 400;0.00%
30/04/2024;3 650;3 650;3 650;3 650;1 936;7 066 400;-0.54%
01/05/2024;3 650;3 650;3 650;3 650;1 936;7 066 400;0.00%
02/05/2024;3 668;3 670;3 670;3 668;3 664;13 442 300;0.48%
03/05/2024;3 655;3 668;3 668;3 655;2 524;9 240 995;-0.34%
06/05/2024;3 650;3 668;3 668;3 650;1 830;6 695 513;-0.14%
07/05/2024;3 655;3 655;3 655;3 655;2 554;9 334 870;0.14%
08/05/2024;3 655;3 655;3 655;3 655;1 530;5 592 150;0.00%
09/05/2024;3 655;3 655;3 655;3 655;1 530;5 592 150;0.00%
10/05/2024;3 648;3 655;3 655;3 648;3 306;12 071 033;-0.21%
13/05/2024;3 650;3 645;3 650;3 645;10 268;37 452 530;0.07%
14/05/2024;3 655;3 650;3 655;3 650;12 268;44 808 870;0.14%
15/05/2024;3 658;3 665;3 665;3 658;4 426;16 204 693;0.07%
16/05/2024;3 653;3 660;3 660;3 653;4 584;16 760 250;-0.14%
17/05/2024;3 670;3 658;3 670;3 658;6 876;25 191 945;0.48%
20/05/2024;3 670;3 658;3 670;3 658;6 876;25 191 945;0.00%
21/05/2024;3 653;3 670;3 670;3 653;14 824;54 274 370;-0.48%
22/05/2024;3 645;3 653;3 653;3 645;12 866;46 944 818;-0.21%
23/05/2024;3 498;3 473;3 498;3 473;8 682;30 256 770;-4.05%
24/05/2024;3 495;3 498;3 498;3 495;12 552;43 884 930;-0.07%
27/05/2024;3 525;3 500;3 525;3 500;17 518;61 531 975;0.86%
28/05/2024;3 495;3 500;3 500;3 495;3 014;10 541 465;-0.85%
29/05/2024;3 475;3 493;3 493;3 475;6 488;22 602 570;-0.57%
30/05/2024;3 475;3 475;3 475;3 475;2 702;9 389 450;0.00%
31/05/2024;3 448;3 408;3 448;3 408;2 626;9 000 615;-0.79%
03/06/2024;3 415;3 415;3 415;3 415;2 698;9 213 670;-0.94%
04/06/2024;3 418;3 415;3 418;3 415;4 514;15 420 953;0.07%
05/06/2024;3 418;3 418;3 418;3 418;2 104;7 190 420;0.00%
06/06/2024;3 395;3 400;3 400;3 395;1 868;6 346 530;-0.66%
07/06/2024;3 375;3 395;3 395;3 375;1 936;6 553 360;-0.59%
10/06/2024;3 370;3 375;3 375;3 370;2 540;8 566 150;-0.15%
11/06/2024;3 370;3 370;3 370;3 370;12 972;43 715 640;0.00%
12/06/2024;3 373;3 375;3 375;3 373;4 842;16 335 698;0.07%
13/06/2024;3 150;3 200;3 200;3 150;12 356;39 230 300;-6.60%
14/06/2024;3 150;3 153;3 153;3 150;6 788;21 390 685;0.00%
18/06/2024;3 175;3 160;3 175;3 160;8 966;28 399 805;0.79%
19/06/2024;3 195;3 175;3 195;3 175;8 080;25 734 800;0.63%
20/06/2024;3 200;3 198;3 200;3 198;6 796;21 738 705;0.16%
21/06/2024;3 288;3 210;3 288;3 210;2 000;6 497 500;2.73%
24/06/2024;3 285;3 288;3 288;3 285;7 838;25 757 628;-0.08%
25/06/2024;3 300;3 300;3 300;3 300;11 734;38 722 200;0.46%
26/06/2024;3 388;3 348;3 388;3 348;2 144;7 219 920;2.65%
27/06/2024;3 350;3 388;3 388;3 350;1 390;4 682 563;-1.11%
28/06/2024;3 375;3 383;3 383;3 375;518;1 750 193;0.75%
01/07/2024;3 375;3 375;3 375;3 375;3 012;10 165 500;0.00%
02/07/2024;3 375;3 375;3 375;3 375;2 068;6 979 500;0.00%
03/07/2024;3 370;3 375;3 375;3 370;2 348;7 918 630;-0.15%
04/07/2024;3 375;3 375;3 375;3 375;1 916;6 466 500;0.15%
05/07/2024;3 333;3 375;3 375;3 333;1 250;4 192 188;-1.26%
08/07/2024;3 375;3 375;3 375;3 375;3 846;12 980 250;1.28%
09/07/2024;3 363;3 375;3 375;3 363;2 204;7 424 725;-0.37%
10/07/2024;3 335;3 373;3 373;3 335;15 246;51 131 273;-0.82%
11/07/2024;3 375;3 350;3 375;3 350;4 126;13 873 675;1.20%
12/07/2024;3 370;3 375;3 375;3 370;970;3 271 325;-0.15%
15/07/2024;3 375;3 370;3 375;3 370;522;1 760 445;0.15%
16/07/2024;3 375;3 375;3 375;3 375;2 878;9 713 250;0.00%
17/07/2024;3 378;3 375;3 378;3 375;4 226;14 268 033;0.07%
18/07/2024;3 375;3 375;3 375;3 375;1 344;4 536 000;-0.07%
19/07/2024;3 400;3 375;3 400;3 375;1 326;4 491 825;0.74%
22/07/2024;3 400;3 385;3 400;3 385;1 192;4 043 860;0.00%
23/07/2024;3 400;3 390;3 400;3 390;3 354;11 386 830;0.00%
24/07/2024;3 400;3 388;3 400;3 388;480;1 629 000;0.00%
25/07/2024;3 400;3 400;3 400;3 400;1 522;5 174 800;0.00%
26/07/2024;3 375;3 400;3 400;3 375;6 152;20 839 900;-0.74%
29/07/2024;3 375;3 375;3 375;3 375;2 380;8 032 500;0.00%
30/07/2024;3 375;3 375;3 375;3 375;2 926;9 875 250;0.00%
31/07/2024;3 400;3 400;3 400;3 400;1 302;4 426 800;0.74%
01/08/2024;3 600;3 405;3 600;3 405;1 784;6 248 460;5.88%
02/08/2024;3 590;3 600;3 600;3 590;2 514;9 037 830;-0.28%
05/08/2024;3 500;3 550;3 550;3 500;986;3 475 650;-2.51%
06/08/2024;3 500;3 500;3 500;3 500;1 258;4 403 000;0.00%
07/08/2024;3 500;3 500;3 500;3 500;1 258;4 403 000;0.00%
08/08/2024;3 500;3 500;3 500;3 500;2 832;9 912 000;0.00%
09/08/2024;3 600;3 650;3 650;3 600;3 844;13 934 500;2.86%
12/08/2024;3 650;3 600;3 650;3 600;4 476;16 225 500;1.39%
13/08/2024;3 745;3 613;3 745;3 613;4 952;18 217 170;2.60%
14/08/2024;3 755;3 745;3 755;3 745;2 804;10 515 000;0.27%
15/08/2024;3 755;3 745;3 755;3 745;2 804;10 515 000;0.00%
16/08/2024;3 755;3 755;3 755;3 755;10 254;38 503 770;0.00%
19/08/2024;3 638;3 675;3 675;3 638;2 074;7 583 063;-3.13%
20/08/2024;3 648;3 650;3 650;3 648;3 270;11 931 413;0.27%
21/08/2024;3 638;3 645;3 645;3 638;4 776;17 390 610;-0.27%
22/08/2024;3 638;3 638;3 638;3 638;4 998;18 180 225;0.00%
23/08/2024;3 648;3 648;3 648;3 648;3 120;11 380 200;0.27%
26/08/2024;3 643;3 648;3 648;3 643;1 910;6 961 950;-0.14%
27/08/2024;3 575;3 643;3 643;3 575;1 942;7 008 193;-1.85%
28/08/2024;3 648;3 575;3 648;3 575;7 972;28 788 885;2.03%
29/08/2024;3 650;3 648;3 650;3 648;3 760;13 719 300;0.07%
30/08/2024;3 750;3 650;3 750;3 650;8 024;29 688 800;2.74%
02/09/2024;3 888;3 753;3 888;3 753;2 218;8 472 760;3.67%
03/09/2024;4 175;4 175;4 175;4 175;1 728;7 214 400;7.40%
04/09/2024;4 485;4 485;4 485;4 485;4 899;21 972 015;7.43%
05/09/2024;4 510;4 820;4 820;4 510;5 063;23 618 895;0.56%
06/09/2024;4 800;4 800;4 800;4 800;6 277;30 129 600;6.43%
09/09/2024;4 800;4 830;4 830;4 800;16 530;79 591 950;0.00%
10/09/2024;4 800;4 795;4 800;4 795;2 802;13 442 595;0.00%
11/09/2024;4 895;4 890;4 895;4 890;3 807;18 625 748;1.98%
12/09/2024;4 885;4 895;4 895;4 885;2 438;11 921 820;-0.20%
13/09/2024;4 800;4 880;4 880;4 800;3 486;16 872 240;-1.74%
16/09/2024;4 440;4 600;4 600;4 440;6 319;28 561 880;-7.50%
17/09/2024;4 490;4 500;4 500;4 490;4 333;19 476 835;1.13%
18/09/2024;4 400;4 500;4 500;4 400;1 943;8 646 350;-2.00%
19/09/2024;4 250;4 380;4 380;4 250;520;2 243 800;-3.41%
20/09/2024;4 250;4 300;4 300;4 250;2 897;12 384 675;0.00%
23/09/2024;4 245;4 245;4 245;4 245;4 673;19 836 885;-0.12%
24/09/2024;4 400;4 240;4 400;4 240;3 443;14 873 760;3.65%
25/09/2024;4 475;4 400;4 475;4 400;966;4 286 625;1.70%
26/09/2024;4 500;4 475;4 500;4 475;248;1 112 900;0.56%
27/09/2024;4 650;4 650;4 650;4 650;776;3 608 400;3.33%
30/09/2024;4 855;4 650;4 855;4 650;2 096;9 961 240;4.41%
01/10/2024;4 845;4 850;4 850;4 845;3 237;15 691 358;-0.21%
02/10/2024;4 700;4 845;4 845;4 700;3 810;18 183 225;-2.99%
03/10/2024;4 750;4 800;4 800;4 750;309;1 475 475;1.06%
04/10/2024;4 500;4 700;4 700;4 500;2 895;13 317 000;-5.26%
07/10/2024;4 450;4 500;4 500;4 450;1 760;7 876 000;-1.11%
08/10/2024;4 400;4 495;4 495;4 400;1 524;6 777 990;-1.12%
09/10/2024;4 400;4 400;4 400;4 400;1 753;7 713 200;0.00%
10/10/2024;4 395;4 400;4 400;4 395;1 678;7 379 005;-0.11%
11/10/2024;4 365;4 400;4 400;4 365;753;3 300 023;-0.68%
14/10/2024;4 300;4 350;4 350;4 300;4 743;20 513 475;-1.49%
15/10/2024;4 250;4 300;4 300;4 250;1 674;7 156 350;-1.16%
16/10/2024;4 300;4 250;4 300;4 250;5 397;23 072 175;1.18%
17/10/2024;4 300;4 295;4 300;4 295;474;2 037 015;0.00%
18/10/2024;4 250;4 250;4 250;4 250;1 651;7 016 750;-1.16%
21/10/2024;4 250;4 250;4 250;4 250;3 915;16 638 750;0.00%
22/10/2024;4 250;4 250;4 250;4 250;1 949;8 283 250;0.00%
23/10/2024;4 205;4 250;4 250;4 205;2 961;12 517 628;-1.06%
24/10/2024;4 295;4 250;4 295;4 250;2 665;11 386 213;2.14%
25/10/2024;4 300;4 300;4 300;4 300;291;1 251 300;0.12%
28/10/2024;4 300;4 300;4 300;4 300;4 474;19 238 200;0.00%
29/10/2024;4 400;4 350;4 400;4 350;3 405;14 896 875;2.33%
30/10/2024;4 385;4 390;4 390;4 385;5 947;26 092 463;-0.34%
31/10/2024;4 350;4 350;4 350;4 350;1 090;4 741 500;-0.80%
01/11/2024;4 350;4 350;4 350;4 350;1 090;4 741 500;0.00%
04/11/2024;4 330;4 340;4 340;4 330;3 318;14 383 530;-0.46%
05/11/2024;4 315;4 330;4 330;4 315;1 593;6 885 743;-0.35%
06/11/2024;4 200;4 320;4 320;4 200;1 107;4 715 820;-2.67%
07/11/2024;4 295;4 200;4 295;4 200;405;1 720 238;2.26%
08/11/2024;4 295;4 295;4 295;4 295;973;4 179 035;0.00%
11/11/2024;4 205;4 295;4 295;4 205;6 523;27 722 750;-2.10%
12/11/2024;4 300;4 245;4 300;4 245;3 361;14 359 873;2.26%
13/11/2024;4 300;4 300;4 300;4 300;1 932;8 307 600;0.00%
14/11/2024;4 290;4 300;4 300;4 290;5 201;22 338 295;-0.23%
15/11/2024;4 290;4 300;4 300;4 290;5 201;22 338 295;0.00%
18/11/2024;4 350;4 290;4 350;4 290;3 853;16 644 960;1.40%
19/11/2024;4 395;4 345;4 395;4 345;5 012;21 902 440;1.03%
20/11/2024;4 300;4 350;4 350;4 300;992;4 290 400;-2.16%
21/11/2024;4 250;4 280;4 280;4 250;6 426;27 406 890;-1.16%
22/11/2024;4 250;4 250;4 250;4 250;6 030;25 627 500;0.00%
25/11/2024;4 230;4 250;4 250;4 230;1 629;6 906 960;-0.47%
26/11/2024;3 915;4 150;4 150;3 915;14 359;57 902 668;-7.45%
27/11/2024;3 800;3 640;3 800;3 640;9 378;34 886 160;-2.94%
28/11/2024;3 700;3 600;3 700;3 600;1 479;5 398 350;-2.63%
29/11/2024;3 740;3 700;3 740;3 700;2 140;7 960 800;1.08%
02/12/2024;3 515;3 740;3 740;3 515;2 990;10 846 225;-6.02%
03/12/2024;3 505;3 685;3 685;3 505;17 227;61 931 065;-0.28%
04/12/2024;3 395;3 245;3 395;3 245;5 731;19 026 920;-3.14%
05/12/2024;3 280;3 275;3 280;3 275;3 106;10 179 915;-3.39%
06/12/2024;3 400;3 300;3 400;3 300;11 670;39 094 500;3.66%
09/12/2024;3 495;3 400;3 495;3 400;9 997;34 464 658;2.79%
10/12/2024;3 500;3 495;3 500;3 495;6 290;21 999 275;0.14%
11/12/2024;3 505;3 550;3 550;3 505;464;1 636 760;0.14%
12/12/2024;3 550;3 510;3 550;3 510;2 935;10 360 550;1.28%
13/12/2024;3 600;3 600;3 600;3 600;7 663;27 586 800;1.41%
16/12/2024;3 670;3 605;3 670;3 605;3 393;12 342 038;1.94%
17/12/2024;3 700;3 670;3 700;3 670;4 920;18 130 200;0.82%
18/12/2024;3 700;3 700;3 700;3 700;5 241;19 391 700;0.00%
19/12/2024;3 680;3 700;3 700;3 680;1 932;7 129 080;-0.54%
20/12/2024;3 680;3 680;3 680;3 680;1 421;5 229 280;0.00%
23/12/2024;3 680;3 685;3 685;3 680;5 537;20 390 003;0.00%
24/12/2024;3 680;3 680;3 680;3 680;11 125;40 940 000;0.00%
25/12/2024;3 680;3 690;3 690;3 680;11 125;40 995 625;0.00%
26/12/2024;3 660;3 660;3 660;3 660;3 528;12 912 480;-0.54%
27/12/2024;3 675;3 675;3 675;3 675;3 261;11 984 175;0.41%
30/12/2024;3 675;3 675;3 675;3 675;1 425;5 236 875;0.00%
31/12/2024;3 685;3 675;3 685;3 675;315;1 159 200;0.27%
01/01/2025;3 685;3 675;3 685;3 675;315;1 159 200;0.00%
02/01/2025;3 685;3 685;3 685;3 685;118;434 830;0.00%
03/01/2025;3 685;3 685;3 685;3 685;2 334;8 600 790;0.00%
06/01/2025;3 670;3 680;3 680;3 670;762;2 800 350;-0.41%
07/01/2025;3 625;3 670;3 670;3 625;2 175;7 933 313;-1.23%
08/01/2025;3 610;3 610;3 610;3 610;1 957;7 064 770;-0.41%
09/01/2025;3 575;3 595;3 595;3 575;914;3 276 690;-0.97%
10/01/2025;3 500;3 575;3 575;3 500;797;2 819 388;-2.10%
13/01/2025;3 400;3 500;3 500;3 400;1 246;4 298 700;-2.86%
14/01/2025;3 230;3 145;3 230;3 145;5 804;18 500 250;-5.00%
15/01/2025;3 185;3 245;3 245;3 185;2 941;9 455 315;-1.39%
16/01/2025;3 225;3 230;3 230;3 225;1 984;6 403 360;1.26%
17/01/2025;3 250;3 225;3 250;3 225;2 510;8 126 125;0.78%
20/01/2025;3 250;3 250;3 250;3 250;5 460;17 745 000;0.00%
21/01/2025;3 250;3 250;3 250;3 250;1 824;5 928 000;0.00%
22/01/2025;3 250;3 250;3 250;3 250;2 337;7 595 250;0.00%
23/01/2025;3 255;3 250;3 255;3 250;1 493;4 855 983;0.15%
24/01/2025;3 300;3 300;3 300;3 300;864;2 851 200;1.38%
27/01/2025;3 400;3 400;3 400;3 400;203;690 200;3.03%
28/01/2025;3 300;3 400;3 400;3 300;7 196;24 106 600;-2.94%
29/01/2025;3 400;3 350;3 400;3 350;882;2 976 750;3.03%
30/01/2025;3 400;3 400;3 400;3 400;4 104;13 953 600;0.00%
31/01/2025;3 545;3 415;3 545;3 415;2 225;7 743 000;4.26%
03/02/2025;3 590;3 545;3 590;3 545;693;2 472 278;1.27%
04/02/2025;3 550;3 590;3 590;3 550;2 739;9 778 230;-1.11%
05/02/2025;3 550;3 550;3 550;3 550;2 253;7 998 150;0.00%
06/02/2025;3 560;3 550;3 560;3 550;2 762;9 818 910;0.28%
07/02/2025;3 585;3 560;3 585;3 560;2 480;8 859 800;0.70%
10/02/2025;3 600;3 610;3 610;3 600;2 662;9 596 510;0.42%
11/02/2025;3 610;3 610;3 610;3 610;2 977;10 746 970;0.28%
12/02/2025;3 625;3 615;3 625;3 615;4 023;14 563 260;0.42%
13/02/2025;3 800;3 625;3 800;3 625;655;2 431 688;4.83%
14/02/2025;3 800;3 700;3 800;3 700;6 296;23 610 000;0.00%
17/02/2025;3 900;3 800;3 900;3 800;2 025;7 796 250;2.63%
18/02/2025;3 905;3 900;3 905;3 900;569;2 220 523;0.13%
19/02/2025;3 950;3 900;3 950;3 900;9 715;38 131 375;1.15%
20/02/2025;3 950;3 950;3 950;3 950;1 043;4 119 850;0.00%
21/02/2025;4 040;3 950;4 040;3 950;6 280;25 088 600;2.28%
24/02/2025;4 040;4 040;4 040;4 040;1 074;4 338 960;0.00%
25/02/2025;4 050;3 915;4 050;3 915;1 854;7 383 555;0.25%
26/02/2025;4 120;4 050;4 120;4 050;548;2 238 580;1.73%
28/02/2025;4 200;4 150;4 200;4 150;845;3 527 875;1.94%
03/03/2025;4 200;4 200;4 200;4 200;3 204;13 456 800;0.00%
04/03/2025;4 040;4 200;4 200;4 040;6 436;26 516 320;-3.81%
05/03/2025;4 100;4 190;4 190;4 100;616;2 553 320;1.49%
06/03/2025;4 185;4 100;4 185;4 100;1 142;4 730 735;2.07%
07/03/2025;4 180;4 100;4 180;4 100;4 280;17 719 200;-0.12%
10/03/2025;4 190;4 175;4 190;4 175;7 786;32 564 945;0.24%
11/03/2025;4 200;4 190;4 200;4 190;4 955;20 786 225;0.24%
12/03/2025;4 250;4 200;4 250;4 200;3 651;15 425 475;1.19%
13/03/2025;4 150;4 125;4 150;4 125;10 757;44 507 088;-2.35%
14/03/2025;4 200;4 190;4 200;4 190;46 202;193 817 390;1.20%
17/03/2025;4 145;4 200;4 200;4 145;566;2 361 635;-1.31%
18/03/2025;4 350;4 225;4 350;4 225;5 077;21 767 638;4.95%
19/03/2025;4 030;4 345;4 345;4 030;4 579;19 174 563;-7.36%
20/03/2025;4 330;4 330;4 330;4 330;617;2 671 610;7.44%
21/03/2025;4 650;4 600;4 650;4 600;11 428;52 854 500;7.39%
24/03/2025;4 650;4 650;4 650;4 650;13 832;64 318 800;0.00%
25/03/2025;4 650;4 650;4 650;4 650;2 640;12 276 000;0.00%
26/03/2025;4 650;4 655;4 655;4 650;4 488;20 880 420;0.00%
27/03/2025;4 650;4 655;4 655;4 650;4 488;20 880 420;0.00%
28/03/2025;4 700;4 650;4 700;4 650;2 516;11 762 300;1.08%
31/03/2025;4 700;4 650;4 700;4 650;2 516;11 762 300;0.00%
01/04/2025;4 705;4 700;4 705;4 700;1 846;8 680 815;0.11%
02/04/2025;4 710;4 700;4 710;4 700;3 261;15 343 005;0.11%
03/04/2025;4 705;4 730;4 730;4 705;1 375;6 486 563;-0.11%
04/04/2025;4 655;4 700;4 700;4 655;2 274;10 636 635;-1.06%
07/04/2025;4 705;4 655;4 705;4 655;4 252;19 899 360;1.07%
08/04/2025;4 700;4 705;4 705;4 700;3 300;15 518 250;-0.11%
09/04/2025;4 720;4 690;4 720;4 690;6 385;30 041 425;0.43%
10/04/2025;4 700;4 670;4 700;4 670;1 495;7 004 075;-0.42%
11/04/2025;4 695;4 700;4 700;4 695;2 836;13 322 110;-0.11%
14/04/2025;4 695;4 670;4 695;4 670;4 363;20 429 748;0.00%
15/04/2025;4 690;4 695;4 695;4 690;1 610;7 554 925;-0.11%
16/04/2025;4 660;4 665;4 665;4 660;3 555;16 575 188;-0.64%
17/04/2025;4 690;4 660;4 690;4 660;6 516;30 462 300;0.64%
18/04/2025;4 690;4 695;4 695;4 690;921;4 321 793;0.00%
21/04/2025;4 690;4 695;4 695;4 690;921;4 321 793;0.00%
22/04/2025;4 725;4 700;4 725;4 700;12 962;61 083 425;0.75%
23/04/2025;4 715;4 705;4 715;4 705;2 549;12 005 790;-0.21%
24/04/2025;4 720;4 710;4 720;4 710;4 772;22 499 980;0.11%
25/04/2025;4 715;4 720;4 720;4 715;4 198;19 804 065;-0.11%
28/04/2025;4 720;4 725;4 725;4 720;6 391;30 181 498;0.11%
29/04/2025;4 730;4 725;4 730;4 725;5 219;24 672 823;0.21%
30/04/2025;4 730;4 725;4 730;4 725;2 975;14 064 313;0.00%
01/05/2025;4 730;4 725;4 730;4 725;2 975;14 064 313;0.00%
02/05/2025;4 750;4 730;4 750;4 730;5 176;24 534 240;0.42%
05/05/2025;4 740;4 730;4 740;4 730;5 330;25 237 550;-0.21%
06/05/2025;4 750;4 750;4 750;4 750;11 167;53 043 250;0.21%
07/05/2025;4 775;4 760;4 775;4 760;5 751;27 417 893;0.53%
08/05/2025;4 760;4 760;4 760;4 760;4 291;20 425 160;-0.31%
09/05/2025;4 750;4 750;4 750;4 750;5 436;25 821 000;-0.21%
12/05/2025;4 720;4 750;4 750;4 720;4 299;20 355 765;-0.63%
13/05/2025;4 725;4 720;4 725;4 720;4 830;22 809 675;0.11%
14/05/2025;4 675;4 725;4 725;4 675;3 029;14 236 300;-1.06%
15/05/2025;4 665;4 665;4 665;4 665;144 390;673 579 350;-0.21%
16/05/2025;4 745;4 645;4 745;4 645;3 679;17 272 905;1.71%
19/05/2025;4 655;4 730;4 730;4 655;5 678;26 644 015;-1.90%
20/05/2025;4 795;4 655;4 795;4 655;6 232;29 446 200;3.01%
21/05/2025;4 800;4 795;4 800;4 795;5 709;27 388 928;0.10%
22/05/2025;4 790;4 795;4 795;4 790;2 316;11 099 430;-0.21%
23/05/2025;4 845;4 800;4 845;4 800;1 923;9 273 668;1.15%
26/05/2025;4 810;4 810;4 810;4 810;8 863;42 631 030;-0.72%
27/05/2025;4 850;4 820;4 850;4 820;12 540;60 630 900;0.83%
28/05/2025;4 895;4 850;4 895;4 850;13 214;64 385 215;0.93%
29/05/2025;4 895;4 850;4 895;4 850;13 214;64 385 215;0.00%
30/05/2025;4 600;4 500;4 600;4 500;1 697;7 721 350;-6.03%
02/06/2025;4 270;4 595;4 595;4 270;3 405;15 092 663;-7.17%
03/06/2025;4 300;4 485;4 485;4 300;6 317;27 747 423;0.70%
04/06/2025;4 495;4 305;4 495;4 305;3 850;16 940 000;4.53%
05/06/2025;4 480;4 490;4 490;4 480;792;3 552 120;-0.33%
10/06/2025;4 510;4 480;4 510;4 480;10 069;45 260 155;0.67%
11/06/2025;4 570;4 505;4 570;4 505;12 097;54 890 138;1.33%
12/06/2025;4 570;4 570;4 570;4 570;4 020;18 371 400;0.00%
13/06/2025;4 560;4 565;4 565;4 560;4 584;20 914 500;-0.22%
16/06/2025;4 530;4 560;4 560;4 530;1 315;5 976 675;-0.66%
17/06/2025;4 560;4 500;4 560;4 500;16 323;73 943 190;0.66%
18/06/2025;4 570;4 560;4 570;4 560;8 334;38 044 710;0.22%
19/06/2025;4 565;4 570;4 570;4 565;1 531;6 992 843;-0.11%
20/06/2025;4 550;4 570;4 570;4 550;395;1 801 200;-0.33%
23/06/2025;4 450;4 570;4 570;4 450;19 511;87 994 610;-2.20%
24/06/2025;4 575;4 450;4 575;4 450;16 823;75 913 788;2.81%
25/06/2025;4 600;4 600;4 600;4 600;8 545;39 307 000;0.55%
26/06/2025;4 645;4 600;4 645;4 600;6 286;29 057 035;0.98%
27/06/2025;4 685;4 645;4 685;4 645;5 210;24 304 650;0.86%
30/06/2025;4 500;4 685;4 685;4 500;888;4 078 140;-3.95%
01/07/2025;4 500;4 500;4 500;4 500;1 151;5 179 500;0.00%
02/07/2025;4 505;4 500;4 505;4 500;6 710;30 211 775;0.11%
03/07/2025;4 500;4 500;4 500;4 500;748;3 366 000;-0.11%
04/07/2025;4 410;4 500;4 500;4 410;1 034;4 606 470;-2.00%
07/07/2025;4 410;4 495;4 495;4 410;6 585;29 319 713;0.00%
08/07/2025;4 300;4 200;4 300;4 200;3 270;13 897 500;-2.49%
09/07/2025;4 205;4 300;4 300;4 205;8 441;35 895 353;-2.21%
10/07/2025;4 210;4 300;4 300;4 210;784;3 335 920;0.12%
11/07/2025;4 340;4 495;4 495;4 340;1 029;4 545 608;3.09%
14/07/2025;4 340;4 340;4 340;4 340;8 232;35 726 880;0.00%
15/07/2025;4 295;4 300;4 300;4 295;5 430;23 335 425;-1.04%
16/07/2025;4 300;4 300;4 300;4 300;2 762;11 876 600;0.12%
17/07/2025;4 300;4 300;4 300;4 300;993;4 269 900;0.00%
18/07/2025;4 300;4 400;4 400;4 300;890;3 871 500;0.00%
21/07/2025;4 390;4 395;4 395;4 390;20 352;89 396 160;2.09%
22/07/2025;4 350;4 390;4 390;4 350;14 767;64 531 790;-0.91%
23/07/2025;4 345;4 300;4 345;4 300;3 297;14 251 283;-0.11%
24/07/2025;4 195;4 300;4 300;4 195;4 551;19 330 373;-3.45%
25/07/2025;4 295;4 200;4 295;4 200;13 819;58 696 203;2.38%
28/07/2025;4 190;4 270;4 270;4 190;5 702;24 119 460;-2.44%
29/07/2025;4 245;4 200;4 245;4 200;959 244;4 050 407 790;1.31%
30/07/2025;4 200;4 200;4 200;4 200;5 650;23 730 000;-1.06%
31/07/2025;4 320;4 300;4 320;4 300;20 523;88 454 130;2.86%
01/08/2025;4 315;4 310;4 315;4 310;15 378;66 317 625;-0.12%
04/08/2025;4 300;4 300;4 300;4 300;1 287;5 534 100;-0.35%
05/08/2025;4 300;4 300;4 300;4 300;1 494;6 424 200;0.00%
06/08/2025;4 300;4 300;4 300;4 300;862;3 706 600;0.00%
07/08/2025;4 300;4 300;4 300;4 300;862;3 706 600;0.00%
08/08/2025;4 300;4 345;4 345;4 300;3 379;14 605 728;0.00%
11/08/2025;4 310;4 350;4 350;4 310;511;2 212 630;0.23%
12/08/2025;4 395;4 310;4 395;4 310;4 285;18 650 463;1.97%
13/08/2025;4 395;4 395;4 395;4 395;4 842;21 280 590;0.00%
14/08/2025;4 395;4 395;4 395;4 395;640;2 812 800;0.00%
15/08/2025;4 395;4 395;4 395;4 395;640;2 812 800;0.00%
18/08/2025;4 400;4 395;4 400;4 395;2 955;12 994 613;0.11%
19/08/2025;4 445;4 400;4 445;4 400;442;1 954 745;1.02%
20/08/2025;4 470;4 445;4 470;4 445;3 522;15 699 315;0.56%
21/08/2025;4 495;4 490;4 495;4 490;2 510;11 276 175;0.56%
22/08/2025;4 510;4 500;4 510;4 500;2 796;12 595 980;0.33%
25/08/2025;4 515;4 495;4 515;4 495;2 696;12 145 480;0.11%
26/08/2025;4 545;4 525;4 545;4 525;2 506;11 364 710;0.66%
27/08/2025;4 520;4 520;4 520;4 520;1 887;8 529 240;-0.55%
28/08/2025;4 540;4 520;4 540;4 520;673;3 048 690;0.44%
29/08/2025;4 540;4 520;4 540;4 520;854;3 868 620;0.00%
01/09/2025;4 540;4 540;4 540;4 540;1 833;8 321 820;0.00%
02/09/2025;4 610;4 555;4 610;4 555;4 035;18 490 388;1.54%
03/09/2025;4 795;4 650;4 795;4 650;2 153;10 167 543;4.01%
04/09/2025;4 795;4 650;4 795;4 650;2 153;10 167 543;0.00%
05/09/2025;4 750;4 750;4 750;4 750;1 721;8 174 750;-0.94%
08/09/2025;4 750;4 730;4 750;4 730;6 879;32 606 460;0.00%
09/09/2025;4 800;4 750;4 800;4 750;6 981;33 334 275;1.05%
10/09/2025;4 900;4 800;4 900;4 800;4 803;23 294 550;2.08%
11/09/2025;4 895;4 750;4 895;4 750;10 594;51 089 565;-0.10%
12/09/2025;4 800;4 900;4 900;4 800;2 442;11 843 700;-1.94%
15/09/2025;4 850;4 800;4 850;4 800;818;3 946 850;1.04%
16/09/2025;4 810;4 850;4 850;4 810;1 519;7 336 770;-0.82%
17/09/2025;4 900;4 895;4 900;4 895;3 923;19 212 893;1.87%
18/09/2025;4 990;4 890;4 990;4 890;1 760;8 694 400;1.84%
19/09/2025;4 950;4 990;4 990;4 950;927;4 607 190;-0.80%
22/09/2025;4 945;4 950;4 950;4 945;1 875;9 276 563;-0.10%
23/09/2025;5 000;4 945;5 000;4 945;3 324;16 528 590;1.11%
24/09/2025;5 185;5 095;5 185;5 095;2 875;14 777 500;3.70%
25/09/2025;5 295;5 095;5 295;5 095;751;3 901 445;2.12%
26/09/2025;5 250;5 295;5 295;5 250;1 271;6 701 348;-0.85%
29/09/2025;5 005;5 285;5 285;5 005;25 308;130 209 660;-4.67%
30/09/2025;4 965;5 000;5 000;4 965;4 047;20 164 178;-0.80%
01/10/2025;4 970;5 000;5 000;4 970;998;4 975 030;0.10%
02/10/2025;5 100;4 975;5 100;4 975;6 156;31 010 850;2.62%
03/10/2025;5 100;5 100;5 100;5 100;2 046;10 434 600;0.00%
06/10/2025;5 100;5 100;5 100;5 100;3 540;18 054 000;0.00%
07/10/2025;5 100;5 100;5 100;5 100;1 244;6 344 400;0.00%
08/10/2025;5 075;5 100;5 100;5 075;820;4 171 750;-0.49%
09/10/2025;5 095;5 075;5 095;5 075;4 864;24 733 440;0.39%
10/10/2025;5 050;5 050;5 050;5 050;2 028;10 241 400;-0.88%
13/10/2025;5 050;5 050;5 050;5 050;4 418;22 310 900;0.00%
14/10/2025;5 150;5 050;5 150;5 050;7 679;39 162 900;1.98%
15/10/2025;5 050;5 150;5 150;5 050;3 731;19 028 100;-1.94%
16/10/2025;5 095;5 100;5 100;5 095;6 150;31 349 625;0.89%
17/10/2025;5 095;5 095;5 095;5 095;986;5 023 670;0.00%
20/10/2025;5 090;5 095;5 095;5 090;4 112;20 940 360;-0.10%
21/10/2025;5 050;5 095;5 095;5 050;1 759;8 922 528;-0.79%
22/10/2025;5 100;5 050;5 100;5 050;4 315;21 898 625;0.99%
23/10/2025;5 045;5 100;5 100;5 045;2 060;10 449 350;-1.08%
24/10/2025;5 000;5 040;5 040;5 000;2 538;12 740 760;-0.89%
27/10/2025;5 000;5 000;5 000;5 000;2 742;13 710 000;0.00%
28/10/2025;4 950;5 000;5 000;4 950;1 402;6 974 950;-1.00%
29/10/2025;5 000;4 950;5 000;4 950;3 955;19 676 125;1.01%
30/10/2025;5 000;5 000;5 000;5 000;5 707;28 535 000;0.00%
31/10/2025;5 000;4 900;5 000;4 900;1 282;6 345 900;0.00%
03/11/2025;4 975;5 000;5 000;4 975;1 624;8 099 700;-0.50%
04/11/2025;4 940;4 975;4 975;4 940;4 300;21 317 250;-0.70%
05/11/2025;4 895;4 915;4 915;4 895;1 641;8 049 105;-0.91%
06/11/2025;4 945;4 900;4 945;4 900;2 272;11 183 920;1.02%
07/11/2025;5 200;5 200;5 200;5 200;-;0;5.16%
10/11/2025;5 100;5 100;5 100;5 100;3 367;17 171 700;-1.92%
11/11/2025;5 060;5 000;5 060;5 000;890;4 476 700;-0.78%
12/11/2025;5 000;5 050;5 050;5 000;6 340;31 858 500;-1.19%
13/11/2025;5 100;5 100;5 100;5 100;1 207;6 155 700;2.00%
14/11/2025;5 100;5 025;5 100;5 025;8 452;42 788 250;0.00%
17/11/2025;5 100;5 100;5 100;5 100;2 017;10 286 700;0.00%
18/11/2025;5 015;5 100;5 100;5 015;2 812;14 221 690;-1.67%
19/11/2025;5 030;5 010;5 030;5 010;3 065;15 386 300;0.30%
20/11/2025;5 035;5 030;5 035;5 030;6 249;31 448 093;0.10%
21/11/2025;5 150;5 100;5 150;5 100;9 599;49 194 875;2.28%
24/11/2025;5 090;5 150;5 150;5 090;4 717;24 151 040;-1.17%
25/11/2025;5 190;5 100;5 190;5 100;3 628;18 666 060;1.96%
26/11/2025;5 150;5 190;5 190;5 150;4 172;21 569 240;-0.77%
27/11/2025;5 190;5 170;5 190;5 170;2 807;14 540 260;0.78%
28/11/2025;5 295;5 190;5 295;5 190;1 958;10 264 815;2.02%
01/12/2025;5 335;5 295;5 335;5 295;2 419;12 856 985;0.76%
02/12/2025;5 340;5 335;5 340;5 335;6 120;32 665 500;0.09%
03/12/2025;5 495;5 350;5 495;5 350;579;3 139 628;2.90%
04/12/2025;5 400;5 500;5 500;5 400;6 569;35 801 050;-1.73%
05/12/2025;5 805;5 500;5 805;5 500;2 747;15 527 418;7.50%
08/12/2025;5 995;5 805;5 995;5 805;6 271;36 998 900;3.27%
09/12/2025;5 970;5 995;5 995;5 970;2 299;13 753 768;-0.42%
10/12/2025;5 810;5 970;5 970;5 810;4 004;23 583 560;-2.68%
11/12/2025;5 805;5 800;5 805;5 800;1 298;7 531 645;-0.09%
12/12/2025;5 965;5 805;5 965;5 805;1 978;11 640 530;2.76%
15/12/2025;5 945;5 965;5 965;5 945;5 234;31 168 470;-0.34%
16/12/2025;5 935;5 945;5 945;5 935;5 221;31 012 740;-0.17%
17/12/2025;5 900;5 810;5 900;5 810;3 558;20 832 090;-0.59%
18/12/2025;5 810;5 860;5 860;5 810;1 080;6 301 800;-1.53%
19/12/2025;5 890;5 900;5 900;5 890;3 502;20 644 290;1.38%
22/12/2025;5 900;5 850;5 900;5 850;3 346;19 657 750;0.17%
23/12/2025;5 800;5 890;5 890;5 800;4 231;24 730 195;-1.69%
24/12/2025;5 825;5 825;5 825;5 825;4 599;26 789 175;0.43%
25/12/2025;5 825;5 825;5 825;5 825;4 599;26 789 175;0.00%
26/12/2025;5 850;5 825;5 850;5 825;932;5 440 550;0.43%
29/12/2025;5 900;5 805;5 900;5 805;153 323;897 322 858;0.85%
30/12/2025;5 810;5 900;5 900;5 810;7 563;44 281 365;-1.53%
31/12/2025;5 850;5 800;5 850;5 800;1 165;6 786 125;0.69%
01/01/2026;5 850;5 800;5 850;5 800;1 165;6 786 125;0.00%
02/01/2026;5 850;5 850;5 850;5 850;817;4 779 450;0.00%
05/01/2026;5 845;5 900;5 900;5 845;2 171;12 749 198;-0.09%
06/01/2026;5 900;5 895;5 900;5 895;1 162;6 852 895;0.94%
07/01/2026;5 945;5 900;5 945;5 900;2 226;13 183 485;0.76%
08/01/2026;5 940;5 945;5 945;5 940;605;3 595 213;-0.08%
09/01/2026;5 950;5 945;5 950;5 945;3 194;18 996 315;0.17%
12/01/2026;5 980;5 965;5 980;5 965;924;5 518 590;0.50%
13/01/2026;6 350;6 060;6 350;6 060;2 674;16 592 170;6.19%
14/01/2026;6 350;6 350;6 350;6 350;2 695;17 113 250;0.00%
15/01/2026;6 355;6 350;6 355;6 350;3 252;20 658 330;0.08%
16/01/2026;6 350;6 360;6 360;6 350;2 276;14 463 980;-0.08%
19/01/2026;6 370;6 350;6 370;6 350;14 165;90 089 400;0.31%
20/01/2026;6 495;6 360;6 495;6 360;1 662;10 682 505;1.96%
21/01/2026;6 510;6 500;6 510;6 500;565;3 675 325;0.23%
22/01/2026;6 550;6 510;6 550;6 510;1 391;9 083 230;0.61%
23/01/2026;6 555;6 550;6 555;6 550;1 149;7 528 823;0.08%
26/01/2026;6 550;6 600;6 600;6 550;2 135;14 037 625;-0.08%
27/01/2026;6 795;6 550;6 795;6 550;4 494;29 986 215;3.74%
28/01/2026;6 990;6 800;6 990;6 800;4 218;29 083 110;2.87%
29/01/2026;7 000;7 000;7 000;7 000;9 196;64 372 000;0.14%
30/01/2026;6 895;6 995;6 995;6 895;3 665;25 453 425;-1.50%
02/02/2026;6 990;7 000;7 000;6 990;4 935;34 520 325;1.38%
03/02/2026;6 970;6 990;6 990;6 970;4 142;28 911 160;-0.29%
04/02/2026;6 900;6 900;6 900;6 900;2 047;14 124 300;-1.00%
05/02/2026;6 975;6 900;6 975;6 900;4 031;27 965 063;1.09%
06/02/2026;6 965;6 980;6 980;6 965;6 470;45 112 075;-0.14%
09/02/2026;6 965;6 955;6 965;6 955;3 827;26 635 920;0.00%
10/02/2026;6 990;6 950;6 990;6 950;16 903;117 813 910;0.36%
11/02/2026;6 900;6 985;6 985;6 900;3 420;23 743 350;-1.29%
12/02/2026;6 980;6 985;6 985;6 980;1 173;8 190 473;1.16%
13/02/2026;6 900;6 980;6 980;6 900;6 605;45 838 700;-1.15%
16/02/2026;6 900;6 900;6 900;6 900;1 473;10 163 700;0.00%
17/02/2026;6 890;6 900;6 900;6 890;4 433;30 565 535;-0.14%
18/02/2026;6 890;6 885;6 890;6 885;9 448;65 073 100;0.00%
19/02/2026;6 870;6 890;6 890;6 870;4 791;32 962 080;-0.29%
20/02/2026;6 850;6 880;6 880;6 850;3 032;20 814 680;-0.29%
23/02/2026;6 850;6 850;6 850;6 850;3 400;23 290 000;0.00%
24/02/2026;6 890;6 850;6 890;6 850;896;6 155 520;0.58%
25/02/2026;6 890;6 885;6 890;6 885;15 892;109 456 150;0.00%
26/02/2026;6 990;6 890;6 990;6 890;4 082;28 329 080;1.45%
27/02/2026;6 935;6 990;6 990;6 935;2 280;15 874 500;-0.79%
02/03/2026;7 000;6 940;7 000;6 940;10 115;70 501 550;0.94%
03/03/2026;7 000;7 000;7 000;7 000;4 552;31 864 000;0.00%
04/03/2026;7 000;7 000;7 000;7 000;3 639;25 473 000;0.00%
05/03/2026;6 990;6 990;6 990;6 990;4 690;32 783 100;0.00%
06/03/2026;6 975;6 990;6 990;6 975;6 515;45 490 988;-0.21%
09/03/2026;7 495;7 000;7 495;7 000;17 776;128 831 560;7.46%
10/03/2026;8 000;7 495;8 000;7 495;10 312;79 892 220;6.74%
11/03/2026;7 895;8 000;8 000;7 895;8 273;65 749 668;-1.31%
12/03/2026;7 895;7 800;7 895;7 800;9 318;73 123 005;0.00%
13/03/2026;7 850;7 900;7 900;7 850;1 682;13 245 750;-0.57%
16/03/2026;7 850;7 900;7 900;7 850;1 682;13 245 750;0.00%
17/03/2026;7 685;7 800;7 800;7 685;6 168;47 755 740;-2.10%
18/03/2026;7 845;7 700;7 845;7 700;4 067;31 610 758;2.08%
19/03/2026;7 850;7 845;7 850;7 845;4 309;33 814 878;0.06%
20/03/2026;7 850;7 845;7 850;7 845;4 309;33 814 878;0.00%
23/03/2026;7 815;7 800;7 815;7 800;1 767;13 795 853;-0.45%
24/03/2026;7 650;7 810;7 810;7 650;3 089;23 877 970;-2.11%
25/03/2026;7 300;7 650;7 650;7 300;2 352;17 581 200;-4.58%
26/03/2026;7 295;7 280;7 295;7 280;731;5 327 163;-0.07%
27/03/2026;7 350;7 300;7 350;7 300;4 466;32 713 450;0.75%
30/03/2026;7 400;7 350;7 400;7 350;1 594;11 755 750;0.68%
31/03/2026;7 500;7 450;7 500;7 450;5 301;39 624 975;1.35%
01/04/2026;7 600;7 500;7 600;7 500;6 505;49 112 750;1.33%
02/04/2026;7 500;7 700;7 700;7 500;8 771;66 659 600;-1.32%
03/04/2026;7 600;7 500;7 600;7 500;2 169;16 375 950;1.33%
06/04/2026;7 600;7 500;7 600;7 500;2 169;16 375 950;0.00%
07/04/2026;7 600;7 600;7 600;7 600;3 048;23 164 800;0.00%
08/04/2026;7 595;7 600;7 600;7 595;1 522;11 563 395;-0.07%
09/04/2026;7 540;7 500;7 540;7 500;3 193;24 011 360;-0.72%
10/04/2026;7 500;7 540;7 540;7 500;6 460;48 579 200;-0.53%
13/04/2026;7 450;7 005;7 450;7 005;2 264;16 363 060;-0.67%
14/04/2026;7 400;7 450;7 450;7 400;3 663;27 197 775;-0.67%
15/04/2026;7 650;7 400;7 650;7 400;13 974;105 154 350;3.38%
16/04/2026;7 985;7 800;7 985;7 800;25 844;203 973 770;4.38%
17/04/2026;7 985;8 000;8 000;7 985;2 834;22 650 745;0.00%
20/04/2026;8 000;7 985;8 000;7 985;6 227;49 769 298;0.19%
21/04/2026;8 000;8 000;8 000;8 000;3 921;31 368 000;0.00%
22/04/2026;8 200;8 050;8 200;8 050;17 454;141 813 750;2.50%
23/04/2026;8 130;8 250;8 250;8 130;6 935;56 797 650;-0.85%
24/04/2026;8 210;8 200;8 210;8 200;1 677;13 759 785;0.98%
27/04/2026;8 500;8 210;8 500;8 210;10 665;89 106 075;3.53%
28/04/2026;8 600;8 500;8 600;8 500;1 975;16 886 250;1.18%
29/04/2026;8 905;8 605;8 905;8 605;4 169;36 499 595;3.55%
30/04/2026;8 850;9 000;9 000;8 850;2 258;20 152 650;-0.62%
01/05/2026;8 850;9 000;9 000;8 850;2 258;20 152 650;0.00%
04/05/2026;8 955;8 850;8 955;8 850;3 898;34 701 945;1.19%
05/05/2026;9 250;8 955;9 250;8 955;7 317;66 602 993;3.29%
06/05/2026;9 340;9 250;9 340;9 250;6 096;56 662 320;0.97%
07/05/2026;9 300;9 395;9 395;9 300;12 617;117 937 408;-0.43%
08/05/2026;9 400;9 300;9 400;9 300;7 963;74 454 050;1.08%
11/05/2026;9 405;9 400;9 405;9 400;17 215;161 864 038;0.05%
12/05/2026;9 420;9 405;9 420;9 405;11 117;104 638 763;0.16%
13/05/2026;9 410;9 420;9 420;9 410;2 844;26 776 260;-0.11%
14/05/2026;9 410;9 420;9 420;9 410;2 844;26 776 260;0.00%
15/05/2026;9 400;9 415;9 415;9 400;2 830;26 623 225;-0.11%
18/05/2026;9 400;9 400;9 400;9 400;4 370;41 078 000;0.00%
19/05/2026;9 400;9 400;9 400;9 400;4 953;46 558 200;0.00%
20/05/2026;9 405;9 420;9 420;9 405;2 386;22 458 225;0.05%
21/05/2026;9 420;9 410;9 420;9 410;5 259;49 513 485;0.16%
22/05/2026;8 950;9 000;9 000;8 950;2 638;23 676 050;-4.99%
25/05/2026;8 950;9 000;9 000;8 950;2 638;23 676 050;0.00%
26/05/2026;8 900;8 960;8 960;8 900;4 659;41 604 870;-0.56%
27/05/2026;8 900;8 960;8 960;8 900;4 659;41 604 870;0.00%
28/05/2026;8 930;8 900;8 930;8 900;9 573;85 343 295;0.34%
29/05/2026;8 900;8 930;8 930;8 900;2 975;26 522 125;-0.34%
01/06/2026;8 800;8 900;8 900;8 800;3 519;31 143 150;-1.12%
02/06/2026;8 710;8 800;8 800;8 710;5 274;46 173 870;-1.02%
03/06/2026;8 795;8 705;8 795;8 705;4 495;39 331 250;0.98%
04/06/2026;8 795;8 795;8 795;8 795;1 902;16 728 090;0.00%
05/06/2026;8 780;8 795;8 795;8 780;1 054;9 262 025;-0.17%
08/06/2026;8 700;8 795;8 795;8 700;4 279;37 430 553;-0.91%
09/06/2026;8 745;8 700;8 745;8 700;11 185;97 561 163;0.52%
10/06/2026;8 600;8 745;8 745;8 600;2 705;23 459 113;-1.66%
11/06/2026;8 750;8 600;8 750;8 600;2 159;18 729 325;1.74%
12/06/2026;8 780;8 780;8 780;8 780;7 122;62 531 160;0.34%
15/06/2026;8 750;8 780;8 780;8 750;1 392;12 200 880;-0.34%
16/06/2026;8 700;8 780;8 780;8 700;6 970;60 917 800;-0.57%
17/06/2026;8 900;8 700;8 900;8 700;16 978;149 406 400;2.30%
18/06/2026;8 945;8 900;8 945;8 900;3 290;29 355 025;0.51%
19/06/2026;8 850;8 945;8 945;8 850;5 974;53 153 665;-1.06%
22/06/2026;8 950;8 855;8 950;8 855;3 452;30 731 430;1.13%
23/06/2026;8 920;8 950;8 950;8 920;6 583;58 819 105;-0.34%
24/06/2026;8 950;8 920;8 950;8 920;5 231;46 738 985;0.34%
25/06/2026;8 950;8 950;8 950;8 950;3 870;34 636 500;0.00%
26/06/2026;9 025;8 900;9 025;8 900;9 221;82 643 213;0.84%
29/06/2026;9 100;9 025;9 100;9 025;1 085;9 832 813;0.83%
30/06/2026;9 025;9 100;9 100;9 025;2 801;25 384 063;-0.82%
01/07/2026;9 025;9 025;9 025;9 025;19 914;179 723 850;0.00%
02/07/2026;9 200;9 025;9 200;9 025;2 837;25 852 163;1.94%
03/07/2026;9 100;9 200;9 200;9 100;8 139;74 471 850;-1.09%
06/07/2026;9 100;9 100;9 100;9 100;1 413;12 858 300;0.00%
07/07/2026;9 050;9 095;9 095;9 050;4 544;41 225 440;-0.55%
08/07/2026;8 870;9 050;9 050;8 870;9 420;84 403 200;-1.99%
09/07/2026;8 800;8 850;8 850;8 800;11 158;98 469 350;-0.79%
10/07/2026;8 750;8 800;8 800;8 750;5 416;47 525 400;-0.57%
13/07/2026;8 800;8 750;8 800;8 750;1 932;16 953 300;0.57%
14/07/2026;8 840;8 850;8 850;8 840;3 437;30 400 265;0.45%
15/07/2026;8 765;8 840;8 840;8 765;4 019;35 377 248;-0.85%
16/07/2026;8 780;8 765;8 780;8 765;3 674;32 230 165;0.17%
17/07/2026;8 700;8 705;8 705;8 700;2 874;25 010 985;-0.91%
20/07/2026;8 600;8 700;8 700;8 600;3 817;33 017 050;-1.15%
21/07/2026;8 580;8 600;8 600;8 580;2 589;22 239 510;-0.23%
22/07/2026;8 700;8 600;8 700;8 600;601;5 198 650;1.40%
23/07/2026;8 695;8 700;8 700;8 695;4 046;35 190 085;-0.06%
24/07/2026;8 600;8 500;8 600;8 500;4 923;42 091 650;-1.09%
27/07/2026;8 545;8 600;8 600;8 545;2 605;22 331 363;-0.64%
28/07/2026;8 520;8 545;8 545;8 520;9 616;82 048 520;-0.29%
29/07/2026;8 695;8 525;8 695;8 525;4 302;37 040 220;2.05%
30/07/2026;8 700;8 605;8 700;8 605;3 066;26 528 565;0.06%
31/07/2026;8 700;8 700;8 700;8 700;2 740;23 838 000;0.00%
03/08/2026;8 695;8 700;8 700;8 695;8 777;76 337 958;-0.06%
04/08/2026;8 720;8 700;8 720;8 700;4 589;39 970 190;0.29%
05/08/2026;8 700;8 720;8 720;8 700;4 658;40 571 180;-0.23%
06/08/2026;8 710;8 700;8 710;8 700;4 887;42 541 335;0.11%
07/08/2026;8 710;8 700;8 710;8 700;4 887;42 541 335;0.00%
10/08/2026;8 650;8 700;8 700;8 650;5 300;45 977 500;-0.69%
11/08/2026;8 655;8 650;8 655;8 650;7 745;67 013 613;0.06%
