Date;Clôture;Plus bas;Plus haut;Ouverture;Volume Titres;Volume FCFA;Variation %
23/02/2015;1 387;1 387;1 387;1 387;32;44 384;7.52%
24/02/2015;1 490;1 490;1 490;1 490;115;171 350;7.43%
25/02/2015;1 602;1 602;1 602;1 602;40;64 080;7.52%
26/02/2015;1 722;1 722;1 722;1 722;13;22 386;7.49%
27/02/2015;1 851;1 851;1 851;1 851;50;92 550;7.49%
02/03/2015;1 989;1 989;1 989;1 989;15;29 835;7.46%
03/03/2015;2 138;2 138;2 138;2 138;60;128 280;7.49%
04/03/2015;2 298;2 298;2 298;2 298;50;114 900;7.48%
05/03/2015;2 470;2 470;2 470;2 470;20;49 400;7.48%
06/03/2015;2 655;2 655;2 655;2 655;10;26 550;7.49%
09/03/2015;2 854;2 854;2 854;2 854;11 220;32 021 880;7.50%
10/03/2015;3 068;3 068;3 068;3 068;12 419;38 101 492;7.50%
11/03/2015;3 298;3 298;3 298;3 298;13 976;46 092 848;7.50%
12/03/2015;3 545;3 545;3 545;3 545;3 973;14 084 285;7.49%
13/03/2015;3 811;3 811;3 811;3 811;15 551;59 264 861;7.50%
17/03/2015;3 810;3 810;3 810;3 810;2 048;7 802 880;-2.31%
18/03/2015;3 600;3 600;3 600;3 600;429;1 544 400;-5.51%
19/03/2015;3 350;3 350;3 350;3 350;1 236;4 140 600;-6.94%
20/03/2015;3 349;3 349;3 349;3 349;571;1 912 279;-0.03%
23/03/2015;3 101;3 101;3 101;3 101;1 247;3 866 947;-7.41%
24/03/2015;3 090;3 090;3 090;3 090;1 107;3 420 630;-0.35%
25/03/2015;3 090;3 090;3 090;3 090;346;1 069 140;0.00%
26/03/2015;3 070;3 070;3 070;3 070;928;2 848 960;-0.65%
27/03/2015;3 070;3 070;3 070;3 070;410;1 258 700;0.00%
30/03/2015;3 070;3 070;3 070;3 070;1 315;4 037 050;0.00%
31/03/2015;3 090;3 090;3 090;3 090;763;2 357 670;0.65%
01/04/2015;3 090;3 090;3 090;3 090;639;1 974 510;0.00%
02/04/2015;3 050;3 050;3 050;3 050;653;1 991 650;-1.29%
03/04/2015;3 000;3 000;3 000;3 000;102;306 000;-1.64%
06/04/2015;3 000;3 000;3 000;3 000;1 020;3 060 000;0.00%
07/04/2015;3 000;3 000;3 000;3 000;717;2 151 000;0.00%
08/04/2015;3 000;3 000;3 000;3 000;6 617;19 851 000;0.00%
09/04/2015;3 000;3 000;3 000;3 000;140;420 000;0.00%
10/04/2015;3 000;3 000;3 000;3 000;303;909 000;0.00%
13/04/2015;3 000;3 000;3 000;3 000;927;2 781 000;0.00%
14/04/2015;3 000;3 000;3 000;3 000;22 576;67 728 000;0.00%
15/04/2015;3 000;3 000;3 000;3 000;95;285 000;0.00%
16/04/2015;3 000;3 000;3 000;3 000;175;525 000;0.00%
17/04/2015;2 900;2 900;2 900;2 900;223;646 700;-3.33%
20/04/2015;3 000;3 000;3 000;3 000;18;54 000;3.45%
21/04/2015;3 000;3 000;3 000;3 000;314;942 000;0.00%
22/04/2015;2 999;2 999;2 999;2 999;61;182 939;-0.03%
23/04/2015;2 990;2 990;2 990;2 990;63;188 370;-0.30%
24/04/2015;2 990;2 990;2 990;2 990;790;2 362 100;0.00%
27/04/2015;2 995;2 995;2 995;2 995;71;212 645;0.17%
28/04/2015;2 940;2 940;2 940;2 940;274;805 560;-1.84%
29/04/2015;2 800;2 800;2 800;2 800;191;534 800;-4.76%
30/04/2015;2 900;2 900;2 900;2 900;1 195;3 465 500;3.57%
04/05/2015;2 940;2 940;2 940;2 940;586;1 722 840;1.38%
05/05/2015;2 800;2 800;2 800;2 800;1 337;3 743 600;-4.76%
06/05/2015;2 900;2 900;2 900;2 900;133;385 700;3.57%
07/05/2015;2 900;2 900;2 900;2 900;167;484 300;0.00%
08/05/2015;2 850;2 850;2 850;2 850;138;393 300;-1.72%
11/05/2015;2 850;2 850;2 850;2 850;137;390 450;0.00%
12/05/2015;2 800;2 800;2 800;2 800;479;1 341 200;-1.75%
13/05/2015;2 800;2 800;2 800;2 800;12;33 600;0.00%
14/05/2015;2 800;2 800;2 800;2 800;120;336 000;0.00%
15/05/2015;2 800;2 800;2 800;2 800;126;352 800;0.00%
18/05/2015;2 800;2 800;2 800;2 800;163;456 400;0.00%
19/05/2015;2 800;2 800;2 800;2 800;222;621 600;0.00%
20/05/2015;2 790;2 790;2 790;2 790;164;457 560;-0.36%
21/05/2015;2 779;2 779;2 779;2 779;80;222 320;-0.39%
22/05/2015;2 700;2 700;2 700;2 700;192;518 400;-2.84%
25/05/2015;2 700;2 700;2 700;2 700;1 920;5 184 000;0.00%
26/05/2015;2 700;2 700;2 700;2 700;517;1 395 900;0.00%
27/05/2015;2 700;2 700;2 700;2 700;422;1 139 400;0.00%
28/05/2015;2 770;2 770;2 770;2 770;225;623 250;2.59%
29/05/2015;2 750;2 750;2 750;2 750;283;778 250;-0.72%
01/06/2015;2 779;2 779;2 779;2 779;368;1 022 672;1.05%
02/06/2015;2 735;2 735;2 735;2 735;75;205 125;-1.58%
03/06/2015;2 701;2 701;2 701;2 701;151;407 851;-1.24%
04/06/2015;2 701;2 701;2 701;2 701;140;378 140;0.00%
05/06/2015;2 790;2 790;2 790;2 790;41;114 390;3.30%
08/06/2015;2 750;2 750;2 750;2 750;146;401 500;-1.43%
09/06/2015;2 720;2 720;2 720;2 720;222;603 840;-1.09%
10/06/2015;2 750;2 750;2 750;2 750;336;924 000;1.10%
11/06/2015;2 790;2 790;2 790;2 790;331;923 490;1.45%
12/06/2015;2 795;2 795;2 795;2 795;179;500 305;0.18%
16/06/2015;3 011;3 011;3 011;3 011;213;641 343;7.50%
17/06/2015;3 101;3 101;3 101;3 101;296;917 896;2.99%
18/06/2015;3 000;3 000;3 000;3 000;782;2 346 000;-3.26%
19/06/2015;2 790;2 790;2 790;2 790;264;736 560;-7.00%
22/06/2015;2 770;2 770;2 770;2 770;596;1 650 920;-0.72%
23/06/2015;2 750;2 750;2 750;2 750;412;1 133 000;-0.72%
24/06/2015;2 750;2 750;2 750;2 750;651;1 790 250;0.00%
25/06/2015;2 730;2 730;2 730;2 730;186;507 780;-0.73%
26/06/2015;2 720;2 720;2 720;2 720;229;622 880;-0.37%
29/06/2015;2 701;2 701;2 701;2 701;616;1 663 816;-0.70%
30/06/2015;2 800;2 800;2 800;2 800;291;814 800;3.67%
01/07/2015;2 850;2 850;2 850;2 850;287;817 950;1.79%
02/07/2015;2 900;2 900;2 900;2 900;35;101 500;1.75%
03/07/2015;2 900;2 900;2 900;2 900;313;907 700;0.00%
06/07/2015;2 951;2 951;2 951;2 951;145;427 895;1.76%
07/07/2015;2 900;2 900;2 900;2 900;262;759 800;-1.73%
08/07/2015;2 800;2 800;2 800;2 800;238;666 400;-3.45%
09/07/2015;2 780;2 780;2 780;2 780;114;316 920;-0.71%
10/07/2015;2 741;2 741;2 741;2 741;292;800 372;-1.40%
13/07/2015;2 760;2 760;2 760;2 760;459;1 266 840;0.69%
14/07/2015;2 760;2 760;2 760;2 760;4 590;12 668 400;0.00%
15/07/2015;2 702;2 702;2 702;2 702;502;1 356 404;-2.10%
16/07/2015;2 750;2 750;2 750;2 750;522;1 435 500;1.78%
17/07/2015;2 750;2 750;2 750;2 750;5 220;14 355 000;0.00%
20/07/2015;2 720;2 720;2 720;2 720;335;911 200;-1.09%
21/07/2015;2 750;2 750;2 750;2 750;399;1 097 250;1.10%
22/07/2015;2 800;2 800;2 800;2 800;378;1 058 400;1.82%
23/07/2015;2 900;2 900;2 900;2 900;405;1 174 500;3.57%
24/07/2015;2 950;2 950;2 950;2 950;62;182 900;1.72%
27/07/2015;2 900;2 900;2 900;2 900;303;878 700;-1.69%
28/07/2015;2 850;2 850;2 850;2 850;198;564 300;-1.72%
29/07/2015;2 760;2 760;2 760;2 760;607;1 675 320;-3.16%
30/07/2015;2 770;2 770;2 770;2 770;349;966 730;0.36%
31/07/2015;2 800;2 800;2 800;2 800;640;1 792 000;1.08%
03/08/2015;2 800;2 800;2 800;2 800;590;1 652 000;0.00%
04/08/2015;2 800;2 800;2 800;2 800;322;901 600;0.00%
05/08/2015;2 800;2 800;2 800;2 800;103;288 400;0.00%
06/08/2015;2 790;2 790;2 790;2 790;117;326 430;-0.36%
07/08/2015;2 790;2 790;2 790;2 790;1 170;3 264 300;0.00%
10/08/2015;2 650;2 650;2 650;2 650;3 917;10 380 050;-5.02%
11/08/2015;2 700;2 700;2 700;2 700;111;299 700;1.89%
12/08/2015;2 700;2 700;2 700;2 700;170;459 000;0.00%
13/08/2015;2 651;2 651;2 651;2 651;271;718 421;-1.81%
14/08/2015;2 650;2 650;2 650;2 650;483;1 279 950;-0.04%
17/08/2015;2 650;2 650;2 650;2 650;317;840 050;0.00%
18/08/2015;2 650;2 650;2 650;2 650;152;402 800;0.00%
19/08/2015;2 651;2 651;2 651;2 651;80;212 080;0.04%
20/08/2015;2 660;2 660;2 660;2 660;135;359 100;0.34%
21/08/2015;2 659;2 659;2 659;2 659;73;194 107;-0.04%
24/08/2015;2 650;2 650;2 650;2 650;282;747 300;-0.34%
25/08/2015;2 659;2 659;2 659;2 659;479;1 273 661;0.34%
26/08/2015;2 652;2 652;2 652;2 652;315;835 380;-0.26%
27/08/2015;2 600;2 600;2 600;2 600;158;410 800;-1.96%
28/08/2015;2 600;2 600;2 600;2 600;362;941 200;0.00%
31/08/2015;2 660;2 660;2 660;2 660;286;760 760;2.31%
01/09/2015;2 659;2 659;2 659;2 659;96;255 264;-0.04%
02/09/2015;2 600;2 600;2 600;2 600;426;1 107 600;-2.22%
03/09/2015;2 600;2 600;2 600;2 600;130;338 000;0.00%
04/09/2015;2 650;2 650;2 650;2 650;221;585 650;1.92%
07/09/2015;2 560;2 560;2 560;2 560;164;419 840;-3.40%
08/09/2015;2 600;2 600;2 600;2 600;408;1 060 800;1.56%
09/09/2015;2 600;2 600;2 600;2 600;1 150;2 990 000;0.00%
10/09/2015;2 600;2 600;2 600;2 600;165;429 000;0.00%
11/09/2015;2 550;2 550;2 550;2 550;328;836 400;-1.92%
15/09/2015;2 550;2 550;2 550;2 550;261;665 550;0.00%
16/09/2015;2 550;2 550;2 550;2 550;490;1 249 500;0.00%
17/09/2015;2 525;2 525;2 525;2 525;187;472 175;-0.98%
18/09/2015;2 550;2 550;2 550;2 550;279;711 450;0.99%
21/09/2015;2 590;2 590;2 590;2 590;151;391 090;1.57%
22/09/2015;2 550;2 550;2 550;2 550;85;216 750;-1.54%
23/09/2015;2 600;2 600;2 600;2 600;159;413 400;1.96%
24/09/2015;2 600;2 600;2 600;2 600;1 590;4 134 000;0.00%
25/09/2015;2 600;2 600;2 600;2 600;217;564 200;0.00%
28/09/2015;2 600;2 600;2 600;2 600;167;434 200;0.00%
29/09/2015;2 600;2 600;2 600;2 600;227;590 200;0.00%
30/09/2015;2 560;2 560;2 560;2 560;106;271 360;-1.54%
01/10/2015;2 601;2 601;2 601;2 601;168;436 968;1.60%
02/10/2015;2 650;2 650;2 650;2 650;48;127 200;1.88%
05/10/2015;2 700;2 700;2 700;2 700;52;140 400;1.89%
06/10/2015;2 700;2 700;2 700;2 700;113;305 100;0.00%
07/10/2015;2 650;2 650;2 650;2 650;55;145 750;-1.85%
08/10/2015;2 660;2 660;2 660;2 660;26;69 160;0.38%
09/10/2015;2 650;2 650;2 650;2 650;414;1 097 100;-0.38%
12/10/2015;2 600;2 600;2 600;2 600;73;189 800;-1.89%
13/10/2015;2 620;2 620;2 620;2 620;226;592 120;0.77%
14/10/2015;2 621;2 621;2 621;2 621;105;275 205;0.04%
15/10/2015;2 620;2 620;2 620;2 620;83;217 460;-0.04%
16/10/2015;2 620;2 620;2 620;2 620;258;675 960;0.00%
19/10/2015;2 630;2 630;2 630;2 630;156;410 280;0.38%
20/10/2015;2 640;2 640;2 640;2 640;198;522 720;0.38%
21/10/2015;2 650;2 650;2 650;2 650;213;564 450;0.38%
22/10/2015;2 650;2 650;2 650;2 650;208;551 200;0.00%
23/10/2015;2 650;2 650;2 650;2 650;79;209 350;0.00%
26/10/2015;2 650;2 650;2 650;2 650;120;318 000;0.00%
27/10/2015;2 670;2 670;2 670;2 670;308;822 360;0.75%
28/10/2015;2 700;2 700;2 700;2 700;283;764 100;1.12%
29/10/2015;2 700;2 700;2 700;2 700;200;540 000;0.00%
30/10/2015;2 700;2 700;2 700;2 700;248;669 600;0.00%
02/11/2015;2 750;2 750;2 750;2 750;269;739 750;1.85%
03/11/2015;2 750;2 750;2 750;2 750;201;552 750;0.00%
04/11/2015;2 760;2 760;2 760;2 760;33;91 080;0.36%
05/11/2015;2 800;2 800;2 800;2 800;176;492 800;1.45%
06/11/2015;2 710;2 710;2 710;2 710;154;417 340;-3.21%
09/11/2015;2 703;2 703;2 703;2 703;174;470 322;-0.26%
10/11/2015;2 694;2 694;2 694;2 694;713;1 920 822;-0.33%
11/11/2015;2 625;2 625;2 625;2 625;4 388;11 518 500;-2.56%
12/11/2015;2 601;2 601;2 601;2 601;123;319 923;-0.91%
13/11/2015;2 601;2 601;2 601;2 601;165;429 165;0.00%
16/11/2015;2 600;2 600;2 600;2 600;120;312 000;-0.04%
17/11/2015;2 601;2 601;2 601;2 601;79;205 479;0.04%
18/11/2015;2 601;2 601;2 601;2 601;209;543 609;0.00%
19/11/2015;2 601;2 601;2 601;2 601;135;351 135;0.00%
20/11/2015;2 600;2 600;2 600;2 600;185;481 000;-0.04%
23/11/2015;2 600;2 600;2 600;2 600;231;600 600;0.00%
24/11/2015;2 600;2 600;2 600;2 600;120;312 000;0.00%
25/11/2015;2 600;2 600;2 600;2 600;74;192 400;0.00%
26/11/2015;2 600;2 600;2 600;2 600;64;166 400;0.00%
27/11/2015;2 720;2 720;2 720;2 720;801;2 178 720;4.62%
30/11/2015;2 600;2 600;2 600;2 600;94;244 400;-4.41%
01/12/2015;2 600;2 600;2 600;2 600;34;88 400;0.00%
02/12/2015;2 700;2 700;2 700;2 700;138;372 600;3.85%
03/12/2015;2 700;2 700;2 700;2 700;19;51 300;0.00%
04/12/2015;2 602;2 602;2 602;2 602;36;93 672;-3.63%
07/12/2015;2 610;2 610;2 610;2 610;90;234 900;0.31%
08/12/2015;2 610;2 610;2 610;2 610;103;268 830;0.00%
09/12/2015;2 600;2 600;2 600;2 600;64;166 400;-0.38%
10/12/2015;2 600;2 600;2 600;2 600;189;491 400;0.00%
14/12/2015;2 550;2 550;2 550;2 550;278;708 900;-1.54%
15/12/2015;2 500;2 500;2 500;2 500;283;707 500;-1.96%
16/12/2015;2 540;2 540;2 540;2 540;463;1 176 020;1.60%
17/12/2015;2 520;2 520;2 520;2 520;75;189 000;-0.79%
18/12/2015;2 500;2 500;2 500;2 500;261;652 500;-0.79%
21/12/2015;2 500;2 500;2 500;2 500;119;297 500;0.00%
22/12/2015;2 510;2 510;2 510;2 510;121;303 710;0.40%
23/12/2015;2 500;2 500;2 500;2 500;87;217 500;-0.40%
24/12/2015;2 500;2 500;2 500;2 500;870;2 175 000;0.00%
25/12/2015;2 500;2 500;2 500;2 500;870;2 175 000;0.00%
28/12/2015;2 501;2 501;2 501;2 501;262;655 262;0.04%
29/12/2015;2 550;2 550;2 550;2 550;16 721;42 638 550;1.96%
30/12/2015;2 500;2 500;2 500;2 500;1 024;2 560 000;-1.96%
31/12/2015;2 620;2 620;2 620;2 620;1 065;2 790 300;4.80%
04/01/2016;2 500;2 500;2 500;2 500;533;1 332 500;-4.58%
05/01/2016;2 600;2 600;2 600;2 600;144;374 400;4.00%
06/01/2016;2 600;2 600;2 600;2 600;56;145 600;0.00%
07/01/2016;2 600;2 600;2 600;2 600;62;161 200;0.00%
08/01/2016;2 600;2 600;2 600;2 600;11;28 600;0.00%
11/01/2016;2 500;2 500;2 500;2 500;180;450 000;-3.85%
12/01/2016;2 550;2 550;2 550;2 550;128;326 400;2.00%
13/01/2016;2 500;2 500;2 500;2 500;325;812 500;-1.96%
14/01/2016;2 600;2 600;2 600;2 600;176;457 600;4.00%
15/01/2016;2 521;2 521;2 521;2 521;35;88 235;-3.04%
18/01/2016;2 550;2 550;2 550;2 550;122;311 100;1.15%
19/01/2016;2 550;2 550;2 550;2 550;8;20 400;0.00%
20/01/2016;2 550;2 550;2 550;2 550;78;198 900;0.00%
21/01/2016;2 540;2 540;2 540;2 540;8;20 320;-0.39%
22/01/2016;2 500;2 500;2 500;2 500;478;1 195 000;-1.57%
25/01/2016;2 500;2 500;2 500;2 500;337;842 500;0.00%
26/01/2016;2 500;2 500;2 500;2 500;126;315 000;0.00%
27/01/2016;2 495;2 495;2 495;2 495;1 535;3 829 825;-0.20%
28/01/2016;2 500;2 500;2 500;2 500;26;65 000;0.20%
29/01/2016;2 600;2 600;2 600;2 600;1 492;3 879 200;4.00%
01/02/2016;2 550;2 550;2 550;2 550;461;1 175 550;-1.92%
02/02/2016;2 550;2 550;2 550;2 550;90;229 500;0.00%
03/02/2016;2 540;2 540;2 540;2 540;135;342 900;-0.39%
04/02/2016;2 540;2 540;2 540;2 540;231;586 740;0.00%
05/02/2016;2 580;2 580;2 580;2 580;113;291 540;1.57%
08/02/2016;2 570;2 570;2 570;2 570;116;298 120;-0.39%
09/02/2016;2 571;2 571;2 571;2 571;102;262 242;0.04%
10/02/2016;2 581;2 581;2 581;2 581;70;180 670;0.39%
11/02/2016;2 600;2 600;2 600;2 600;1 156;3 005 600;0.74%
12/02/2016;2 600;2 600;2 600;2 600;386;1 003 600;0.00%
15/02/2016;2 600;2 600;2 600;2 600;30;78 000;0.00%
16/02/2016;2 621;2 621;2 621;2 621;76;199 196;0.81%
17/02/2016;2 622;2 622;2 622;2 622;180;471 960;0.04%
18/02/2016;2 700;2 700;2 700;2 700;232;626 400;2.97%
19/02/2016;2 750;2 750;2 750;2 750;173;475 750;1.85%
22/02/2016;2 700;2 700;2 700;2 700;1 680;4 536 000;-1.82%
23/02/2016;2 700;2 700;2 700;2 700;43;116 100;0.00%
24/02/2016;2 750;2 750;2 750;2 750;249;684 750;1.85%
25/02/2016;2 745;2 745;2 745;2 745;324;889 380;-0.18%
26/02/2016;2 730;2 730;2 730;2 730;28;76 440;-0.55%
29/02/2016;2 750;2 750;2 750;2 750;368;1 012 000;0.73%
01/03/2016;2 750;2 750;2 750;2 750;247;679 250;0.00%
02/03/2016;2 740;2 740;2 740;2 740;14;38 360;-0.36%
03/03/2016;2 701;2 701;2 701;2 701;427;1 153 327;-1.42%
04/03/2016;2 740;2 740;2 740;2 740;201;550 740;1.44%
07/03/2016;2 740;2 740;2 740;2 740;5;13 700;0.00%
08/03/2016;2 720;2 720;2 720;2 720;39;106 080;-0.73%
09/03/2016;2 730;2 730;2 730;2 730;516;1 408 680;0.37%
11/03/2016;2 720;2 720;2 720;2 720;268;728 960;-0.73%
14/03/2016;2 720;2 720;2 720;2 720;27;73 440;0.00%
15/03/2016;2 710;2 710;2 710;2 710;116;314 360;-0.37%
16/03/2016;2 725;2 725;2 725;2 725;258;703 050;0.55%
17/03/2016;2 701;2 701;2 701;2 701;147;397 047;-0.88%
18/03/2016;2 701;2 701;2 701;2 701;95;256 595;0.00%
21/03/2016;2 720;2 720;2 720;2 720;77;209 440;0.70%
22/03/2016;2 720;2 720;2 720;2 720;164;446 080;0.00%
23/03/2016;2 720;2 720;2 720;2 720;61;165 920;0.00%
24/03/2016;2 721;2 721;2 721;2 721;30;81 630;0.04%
25/03/2016;2 721;2 721;2 721;2 721;142;386 382;0.00%
28/03/2016;2 721;2 721;2 721;2 721;1 420;3 863 110;-0.02%
29/03/2016;2 721;2 721;2 721;2 721;225;612 225;0.02%
30/03/2016;2 750;2 750;2 750;2 750;120;330 000;1.07%
31/03/2016;2 800;2 800;2 800;2 800;265;742 000;1.82%
01/04/2016;3 000;3 000;3 000;3 000;578;1 734 000;7.14%
04/04/2016;3 200;3 200;3 200;3 200;246;787 200;6.67%
05/04/2016;3 400;3 400;3 400;3 400;1 395;4 743 000;6.25%
06/04/2016;3 225;3 225;3 225;3 225;83;267 675;-5.15%
07/04/2016;3 225;3 225;3 225;3 225;586;1 889 850;0.00%
08/04/2016;3 250;3 250;3 250;3 250;342;1 111 500;0.78%
11/04/2016;3 300;3 300;3 300;3 300;478;1 577 400;1.54%
12/04/2016;3 200;3 200;3 200;3 200;69;220 800;-3.03%
13/04/2016;3 000;3 000;3 000;3 000;71;213 000;-6.25%
14/04/2016;2 900;2 900;2 900;2 900;116;336 400;-3.33%
15/04/2016;2 900;2 900;2 900;2 900;208;603 200;0.00%
18/04/2016;2 850;2 850;2 850;2 850;60;171 000;-1.72%
19/04/2016;2 900;2 900;2 900;2 900;198;574 200;1.75%
20/04/2016;2 900;2 900;2 900;2 900;43;124 700;0.00%
21/04/2016;2 900;2 900;2 900;2 900;148;429 200;0.00%
22/04/2016;2 860;2 860;2 860;2 860;65;185 900;-1.38%
25/04/2016;2 860;2 860;2 860;2 860;231;660 660;0.00%
26/04/2016;2 850;2 850;2 850;2 850;25;71 250;-0.35%
27/04/2016;2 870;2 870;2 870;2 870;52;149 240;0.70%
28/04/2016;2 900;2 900;2 900;2 900;73;211 700;1.05%
29/04/2016;2 850;2 850;2 850;2 850;75;213 750;-1.72%
02/05/2016;2 850;2 850;2 850;2 850;750;2 137 500;0.00%
03/05/2016;2 900;2 900;2 900;2 900;222;643 800;1.75%
04/05/2016;2 900;2 900;2 900;2 900;68;197 200;0.00%
05/05/2016;2 900;2 900;2 900;2 900;680;1 972 000;0.00%
06/05/2016;2 863;2 863;2 863;2 863;170;486 710;-1.28%
09/05/2016;2 900;2 900;2 900;2 900;160;464 000;1.29%
10/05/2016;2 885;2 885;2 885;2 885;69;199 065;-0.52%
11/05/2016;2 900;2 900;2 900;2 900;224;649 600;0.52%
12/05/2016;2 900;2 900;2 900;2 900;108;313 200;0.00%
13/05/2016;2 950;2 950;2 950;2 950;166;489 700;1.72%
16/05/2016;2 950;2 950;2 950;2 950;1 660;4 897 000;0.00%
17/05/2016;2 900;2 900;2 900;2 900;195;565 500;-1.69%
18/05/2016;2 900;2 900;2 900;2 900;138;400 200;0.00%
19/05/2016;2 900;2 900;2 900;2 900;330;957 000;0.00%
20/05/2016;2 900;2 900;2 900;2 900;65;188 500;0.00%
23/05/2016;2 900;2 900;2 900;2 900;278;806 200;0.00%
24/05/2016;2 945;2 945;2 945;2 945;287;845 215;1.55%
25/05/2016;2 800;2 800;2 800;2 800;2 992;8 377 600;-4.92%
26/05/2016;2 800;2 800;2 800;2 800;422;1 181 600;0.00%
27/05/2016;2 750;2 750;2 750;2 750;21;57 750;-1.79%
30/05/2016;2 800;2 800;2 800;2 800;20;56 000;1.82%
31/05/2016;2 850;2 850;2 850;2 850;15;42 750;1.79%
01/06/2016;2 790;2 790;2 790;2 790;599;1 671 210;-2.11%
02/06/2016;2 850;2 850;2 850;2 850;274;780 900;2.15%
03/06/2016;2 800;2 800;2 800;2 800;129;361 200;-1.75%
06/06/2016;2 800;2 800;2 800;2 800;207;579 600;0.00%
07/06/2016;2 800;2 800;2 800;2 800;158;442 400;0.00%
09/06/2016;3 000;3 000;3 000;3 000;846;2 538 000;5.26%
10/06/2016;3 000;3 000;3 000;3 000;441;1 323 000;0.00%
13/06/2016;3 000;3 000;3 000;3 000;303;909 000;0.00%
14/06/2016;3 000;3 000;3 000;3 000;336;1 008 000;0.00%
15/06/2016;3 000;3 000;3 000;3 000;1 031;3 093 000;0.00%
16/06/2016;3 000;3 000;3 000;3 000;100;300 000;0.00%
17/06/2016;2 950;2 950;2 950;2 950;46;135 700;-1.67%
20/06/2016;2 999;2 999;2 999;2 999;2;5 998;1.66%
21/06/2016;2 990;2 990;2 990;2 990;23;68 770;-0.30%
22/06/2016;2 950;2 950;2 950;2 950;157;463 150;-1.34%
23/06/2016;2 900;2 900;2 900;2 900;90;261 000;-1.69%
24/06/2016;2 750;2 750;2 750;2 750;231;635 250;-5.17%
27/06/2016;2 760;2 760;2 760;2 760;134;369 840;0.36%
28/06/2016;2 762;2 762;2 762;2 762;402;1 110 324;0.07%
29/06/2016;2 770;2 770;2 770;2 770;300;831 000;0.29%
30/06/2016;2 781;2 781;2 781;2 781;230;639 630;0.40%
01/07/2016;2 771;2 771;2 771;2 771;110;304 810;-0.36%
04/07/2016;2 770;2 770;2 770;2 770;34;94 180;-0.04%
05/07/2016;2 771;2 771;2 771;2 771;2;5 542;0.04%
06/07/2016;2 771;2 771;2 771;2 771;20;55 410;-0.02%
07/07/2016;2 763;2 763;2 763;2 763;461;1 273 743;-0.27%
08/07/2016;2 765;2 765;2 765;2 765;145;400 925;0.07%
11/07/2016;2 762;2 762;2 762;2 762;450;1 242 900;-0.11%
12/07/2016;2 755;2 755;2 755;2 755;386;1 063 430;-0.25%
13/07/2016;2 700;2 700;2 700;2 700;189;510 300;-2.00%
14/07/2016;2 680;2 680;2 680;2 680;516;1 382 880;-0.74%
15/07/2016;2 635;2 635;2 635;2 635;267;703 545;-1.68%
18/07/2016;2 680;2 680;2 680;2 680;194;519 920;1.71%
19/07/2016;2 680;2 680;2 680;2 680;1 013;2 714 840;0.00%
20/07/2016;2 645;2 645;2 645;2 645;37;97 865;-1.31%
21/07/2016;2 600;2 600;2 600;2 600;200;520 000;-1.70%
22/07/2016;2 550;2 550;2 550;2 550;305;777 750;-1.92%
25/07/2016;2 550;2 550;2 550;2 550;179;456 450;0.00%
26/07/2016;2 599;2 599;2 599;2 599;28;72 772;1.92%
27/07/2016;2 560;2 560;2 560;2 560;237;606 720;-1.50%
28/07/2016;2 500;2 500;2 500;2 500;689;1 722 500;-2.34%
01/08/2016;2 430;2 430;2 430;2 430;453;1 100 790;-2.80%
02/08/2016;2 430;2 430;2 430;2 430;428;1 040 040;0.00%
03/08/2016;2 430;2 430;2 430;2 430;338;821 340;0.00%
04/08/2016;2 445;2 445;2 445;2 445;127;310 515;0.62%
05/08/2016;2 446;2 446;2 446;2 446;186;454 956;0.04%
08/08/2016;2 446;2 446;2 446;2 446;1 860;4 549 560;0.00%
09/08/2016;2 470;2 470;2 470;2 470;12;29 640;0.98%
10/08/2016;2 450;2 450;2 450;2 450;434;1 063 300;-0.81%
11/08/2016;2 446;2 446;2 446;2 446;105;256 830;-0.16%
12/08/2016;2 450;2 450;2 450;2 450;350;857 500;0.16%
15/08/2016;2 450;2 450;2 450;2 450;3 500;8 575 000;0.00%
16/08/2016;2 460;2 460;2 460;2 460;15;36 900;0.41%
17/08/2016;2 450;2 450;2 450;2 450;130;318 500;-0.41%
18/08/2016;2 470;2 470;2 470;2 470;369;911 430;0.82%
19/08/2016;2 470;2 470;2 470;2 470;98;242 060;0.00%
22/08/2016;2 460;2 460;2 460;2 460;43;105 780;-0.40%
23/08/2016;2 440;2 440;2 440;2 440;475;1 159 000;-0.81%
24/08/2016;2 430;2 430;2 430;2 430;65;157 950;-0.41%
25/08/2016;2 430;2 430;2 430;2 430;12;29 160;0.00%
26/08/2016;2 430;2 430;2 430;2 430;106;257 580;0.00%
29/08/2016;2 400;2 400;2 400;2 400;58;139 200;-1.23%
30/08/2016;2 340;2 340;2 340;2 340;338;790 920;-2.50%
31/08/2016;2 350;2 350;2 350;2 350;93;218 550;0.43%
01/09/2016;2 430;2 430;2 430;2 430;1 750;4 252 500;3.40%
02/09/2016;2 612;2 612;2 612;2 612;80;208 960;7.49%
05/09/2016;2 808;2 808;2 808;2 808;129;362 232;7.50%
07/09/2016;2 612;2 612;2 612;2 612;1 083;2 828 796;-6.68%
08/09/2016;2 570;2 570;2 570;2 570;202;519 140;-1.61%
09/09/2016;2 570;2 570;2 570;2 570;61;156 770;0.00%
12/09/2016;2 570;2 570;2 570;2 570;610;1 567 700;0.00%
13/09/2016;2 600;2 600;2 600;2 600;25;65 000;1.17%
14/09/2016;2 570;2 570;2 570;2 570;62;159 340;-1.15%
15/09/2016;2 565;2 565;2 565;2 565;4;10 260;-0.19%
16/09/2016;2 500;2 500;2 500;2 500;413;1 032 500;-2.53%
19/09/2016;2 500;2 500;2 500;2 500;36;90 000;0.00%
20/09/2016;2 500;2 500;2 500;2 500;19;47 500;0.00%
21/09/2016;2 499;2 499;2 499;2 499;538;1 344 462;-0.04%
22/09/2016;2 400;2 400;2 400;2 400;55;132 000;-3.96%
23/09/2016;2 380;2 380;2 380;2 380;263;625 940;-0.83%
26/09/2016;2 485;2 485;2 485;2 485;30;74 550;4.41%
27/09/2016;2 490;2 490;2 490;2 490;276;687 240;0.20%
28/09/2016;2 490;2 490;2 490;2 490;350;871 500;0.00%
29/09/2016;2 400;2 400;2 400;2 400;100;240 000;-3.61%
30/09/2016;2 400;2 400;2 400;2 400;254;609 600;0.00%
03/10/2016;2 560;2 560;2 560;2 560;5;12 800;6.67%
04/10/2016;2 510;2 510;2 510;2 510;9;22 590;-1.95%
05/10/2016;2 335;2 335;2 335;2 335;134;312 890;-6.97%
06/10/2016;2 400;2 400;2 400;2 400;237;568 800;2.78%
07/10/2016;2 350;2 350;2 350;2 350;45;105 750;-2.08%
10/10/2016;2 300;2 300;2 300;2 300;90;207 000;-2.13%
11/10/2016;2 350;2 350;2 350;2 350;100;235 000;2.17%
13/10/2016;2 300;2 300;2 300;2 300;103;236 900;-2.13%
14/10/2016;2 299;2 299;2 299;2 299;84;193 116;-0.04%
17/10/2016;2 250;2 250;2 250;2 250;130;292 500;-2.13%
18/10/2016;2 250;2 250;2 250;2 250;137;308 250;0.00%
19/10/2016;2 129;2 129;2 129;2 129;44;93 676;-5.38%
20/10/2016;2 130;2 130;2 130;2 130;110;234 300;0.05%
24/10/2016;2 120;2 120;2 120;2 120;36;76 320;-0.47%
25/10/2016;2 100;2 100;2 100;2 100;71;149 100;-0.94%
26/10/2016;2 000;2 000;2 000;2 000;110;220 000;-4.76%
27/10/2016;2 070;2 070;2 070;2 070;20;41 400;3.50%
28/10/2016;2 100;2 100;2 100;2 100;108;226 800;1.45%
31/10/2016;2 051;2 051;2 051;2 051;108;221 508;-2.33%
01/11/2016;2 051;2 051;2 051;2 051;1 080;2 214 540;-0.02%
02/11/2016;2 050;2 050;2 050;2 050;242;496 100;-0.02%
03/11/2016;2 050;2 050;2 050;2 050;80;164 000;0.00%
04/11/2016;2 050;2 050;2 050;2 050;401;822 050;0.00%
07/11/2016;2 000;2 000;2 000;2 000;417;834 000;-2.44%
08/11/2016;1 900;1 900;1 900;1 900;68;129 200;-5.00%
09/11/2016;2 000;2 000;2 000;2 000;7;14 000;5.26%
10/11/2016;1 981;1 981;1 981;1 981;125;247 625;-0.95%
11/11/2016;2 000;2 000;2 000;2 000;260;520 000;0.96%
14/11/2016;1 981;1 981;1 981;1 981;43;85 183;-0.95%
15/11/2016;1 981;1 981;1 981;1 981;430;851 615;-0.03%
16/11/2016;1 981;1 981;1 981;1 981;213;421 953;0.03%
17/11/2016;2 000;2 000;2 000;2 000;45;90 000;0.96%
18/11/2016;2 000;2 000;2 000;2 000;59;118 000;0.00%
21/11/2016;1 980;1 980;1 980;1 980;37;73 260;-1.00%
22/11/2016;2 000;2 000;2 000;2 000;145;290 000;1.01%
23/11/2016;2 000;2 000;2 000;2 000;265;530 000;0.00%
24/11/2016;2 000;2 000;2 000;2 000;9;18 000;0.00%
25/11/2016;2 000;2 000;2 000;2 000;110;220 000;0.00%
28/11/2016;1 900;1 900;1 900;1 900;19;36 100;-5.00%
30/11/2016;1 900;1 900;1 900;1 900;60;114 000;0.00%
01/12/2016;1 970;1 970;1 970;1 970;208;409 760;3.68%
02/12/2016;1 945;1 945;1 945;1 945;5;9 725;-1.27%
06/12/2016;1 890;1 890;1 890;1 890;28;52 920;-3.08%
07/12/2016;1 900;1 900;1 900;1 900;35;66 500;0.53%
08/12/2016;1 850;1 850;1 850;1 850;609;1 126 650;-2.63%
09/12/2016;1 900;1 900;1 900;1 900;10 034;19 064 600;2.70%
12/12/2016;1 900;1 900;1 900;1 900;100 340;190 646 000;0.00%
13/12/2016;1 801;1 801;1 801;1 801;33;59 433;-5.21%
14/12/2016;1 800;1 800;1 800;1 800;99;178 200;-0.06%
15/12/2016;1 700;1 700;1 700;1 700;172;292 400;-5.56%
16/12/2016;1 800;1 800;1 800;1 800;188;338 400;5.88%
19/12/2016;1 730;1 730;1 730;1 730;45;77 850;-3.89%
20/12/2016;1 800;1 800;1 800;1 800;16;28 800;4.05%
21/12/2016;1 900;1 900;1 900;1 900;186;353 400;5.56%
22/12/2016;2 000;2 000;2 000;2 000;310;620 000;5.26%
23/12/2016;2 000;2 000;2 000;2 000;178;356 000;0.00%
26/12/2016;2 000;2 000;2 000;2 000;1 780;3 560 000;0.00%
27/12/2016;2 000;2 000;2 000;2 000;82;164 000;0.00%
28/12/2016;1 950;1 950;1 950;1 950;171;333 450;-2.50%
29/12/2016;1 990;1 990;1 990;1 990;10 261;20 419 390;2.05%
30/12/2016;2 139;2 139;2 139;2 139;327;699 453;7.49%
02/01/2017;2 000;2 000;2 000;2 000;94;188 000;-6.50%
05/01/2017;1 950;1 950;1 950;1 950;11;21 450;-2.50%
06/01/2017;1 950;1 950;1 950;1 950;24;46 800;0.00%
09/01/2017;1 949;1 949;1 949;1 949;64;124 736;-0.05%
11/01/2017;1 920;1 920;1 920;1 920;163;312 960;-1.49%
12/01/2017;1 900;1 900;1 900;1 900;40;76 000;-1.04%
13/01/2017;1 800;1 800;1 800;1 800;323;581 400;-5.26%
16/01/2017;1 800;1 800;1 800;1 800;109;196 200;0.00%
17/01/2017;1 731;1 731;1 731;1 731;143;247 533;-3.83%
18/01/2017;1 790;1 790;1 790;1 790;41;73 390;3.41%
19/01/2017;1 840;1 840;1 840;1 840;44;80 960;2.79%
20/01/2017;1 820;1 820;1 820;1 820;110;200 200;-1.09%
23/01/2017;1 795;1 795;1 795;1 795;100;179 500;-1.37%
24/01/2017;1 800;1 800;1 800;1 800;131;235 800;0.28%
25/01/2017;1 800;1 800;1 800;1 800;246;442 800;0.00%
26/01/2017;1 790;1 790;1 790;1 790;96;171 840;-0.56%
27/01/2017;1 780;1 780;1 780;1 780;141;250 980;-0.56%
30/01/2017;1 751;1 751;1 751;1 751;141;246 891;-1.63%
31/01/2017;1 780;1 780;1 780;1 780;307;546 460;1.66%
01/02/2017;1 801;1 801;1 801;1 801;54;97 254;1.18%
02/02/2017;1 780;1 780;1 780;1 780;28;49 840;-1.17%
03/02/2017;1 754;1 754;1 754;1 754;44;77 176;-1.46%
06/02/2017;1 780;1 780;1 780;1 780;47;83 660;1.48%
07/02/2017;1 753;1 753;1 753;1 753;228;399 684;-1.52%
08/02/2017;1 800;1 800;1 800;1 800;717;1 290 600;2.68%
09/02/2017;1 800;1 800;1 800;1 800;200;360 000;0.00%
10/02/2017;1 850;1 850;1 850;1 850;93;172 050;2.78%
13/02/2017;1 755;1 755;1 755;1 755;223;391 365;-5.14%
14/02/2017;1 760;1 760;1 760;1 760;78;137 280;0.28%
15/02/2017;1 760;1 760;1 760;1 760;141;248 160;0.00%
16/02/2017;1 805;1 805;1 805;1 805;123;222 015;2.56%
17/02/2017;1 800;1 800;1 800;1 800;52;93 600;-0.28%
20/02/2017;1 761;1 761;1 761;1 761;85;149 685;-2.17%
21/02/2017;1 760;1 760;1 760;1 760;266;468 160;-0.06%
22/02/2017;1 771;1 771;1 771;1 771;108;191 268;0.63%
23/02/2017;1 771;1 771;1 771;1 771;119;210 749;0.00%
24/02/2017;1 800;1 800;1 800;1 800;252;453 600;1.64%
27/02/2017;1 771;1 771;1 771;1 771;72;127 512;-1.61%
28/02/2017;1 780;1 780;1 780;1 780;314;558 920;0.51%
01/03/2017;1 799;1 799;1 799;1 799;95;170 905;1.07%
02/03/2017;1 770;1 770;1 770;1 770;79;139 830;-1.61%
03/03/2017;1 769;1 769;1 769;1 769;85;150 365;-0.06%
07/03/2017;1 770;1 770;1 770;1 770;159;281 430;0.06%
08/03/2017;1 735;1 735;1 735;1 735;428;742 580;-1.98%
09/03/2017;1 735;1 735;1 735;1 735;134;232 490;0.00%
10/03/2017;1 730;1 730;1 730;1 730;19;32 870;-0.29%
13/03/2017;1 735;1 735;1 735;1 735;176;305 360;0.29%
14/03/2017;1 730;1 730;1 730;1 730;182;314 860;-0.29%
15/03/2017;1 730;1 730;1 730;1 730;295;510 350;0.00%
16/03/2017;1 750;1 750;1 750;1 750;168;294 000;1.16%
17/03/2017;1 770;1 770;1 770;1 770;127;224 790;1.14%
20/03/2017;1 750;1 750;1 750;1 750;206;360 500;-1.13%
21/03/2017;1 800;1 800;1 800;1 800;244;439 200;2.86%
22/03/2017;1 800;1 800;1 800;1 800;374;673 200;0.00%
23/03/2017;1 800;1 800;1 800;1 800;228;410 400;0.00%
24/03/2017;1 800;1 800;1 800;1 800;1 354;2 437 200;0.00%
27/03/2017;1 800;1 800;1 800;1 800;162;291 600;0.00%
28/03/2017;1 800;1 800;1 800;1 800;145;261 000;0.00%
29/03/2017;1 800;1 800;1 800;1 800;166;298 800;0.00%
30/03/2017;1 800;1 800;1 800;1 800;25;45 000;0.00%
31/03/2017;1 800;1 800;1 800;1 800;276;496 800;0.00%
03/04/2017;1 775;1 775;1 775;1 775;62;110 050;-1.39%
04/04/2017;1 800;1 800;1 800;1 800;245;441 000;1.41%
05/04/2017;1 800;1 800;1 800;1 800;125;225 000;0.00%
06/04/2017;1 840;1 840;1 840;1 840;2;3 680;2.22%
07/04/2017;1 810;1 810;1 810;1 810;64;115 840;-1.63%
10/04/2017;1 810;1 810;1 810;1 810;17;30 770;0.00%
11/04/2017;1 810;1 810;1 810;1 810;18;32 580;0.00%
12/04/2017;1 850;1 850;1 850;1 850;167;308 950;2.21%
13/04/2017;1 850;1 850;1 850;1 850;26;48 100;0.00%
14/04/2017;1 840;1 840;1 840;1 840;51;93 840;-0.54%
18/04/2017;1 751;1 751;1 751;1 751;92;161 092;-4.84%
19/04/2017;1 751;1 751;1 751;1 751;117;204 867;0.00%
20/04/2017;1 751;1 751;1 751;1 751;141;246 891;0.00%
21/04/2017;1 751;1 751;1 751;1 751;367;642 617;0.00%
25/04/2017;1 800;1 800;1 800;1 800;3;5 400;2.80%
26/04/2017;1 727;1 727;1 727;1 727;128;221 056;-4.06%
27/04/2017;1 727;1 727;1 727;1 727;130;224 510;0.00%
28/04/2017;1 675;1 675;1 675;1 675;89;149 075;-3.01%
01/05/2017;1 675;1 675;1 675;1 675;890;1 490 305;-0.03%
03/05/2017;1 750;1 750;1 750;1 750;132;231 000;4.51%
04/05/2017;1 850;1 850;1 850;1 850;84;155 400;5.71%
05/05/2017;1 850;1 850;1 850;1 850;68;125 800;0.00%
08/05/2017;1 830;1 830;1 830;1 830;142;259 860;-1.08%
09/05/2017;1 755;1 755;1 755;1 755;24;42 120;-4.10%
10/05/2017;1 700;1 700;1 700;1 700;15;25 500;-3.13%
11/05/2017;1 750;1 750;1 750;1 750;68;119 000;2.94%
12/05/2017;1 750;1 750;1 750;1 750;82;143 500;0.00%
15/05/2017;1 700;1 700;1 700;1 700;158;268 600;-2.86%
16/05/2017;1 700;1 700;1 700;1 700;104;176 800;0.00%
17/05/2017;1 680;1 680;1 680;1 680;201;337 680;-1.18%
18/05/2017;1 645;1 645;1 645;1 645;82;134 890;-2.08%
19/05/2017;1 590;1 590;1 590;1 590;35;55 650;-3.34%
22/05/2017;1 569;1 569;1 569;1 569;41;64 329;-1.32%
23/05/2017;1 545;1 545;1 545;1 545;125;193 125;-1.53%
24/05/2017;1 545;1 545;1 545;1 545;166;256 470;0.00%
25/05/2017;1 545;1 545;1 545;1 545;1 660;2 564 700;0.00%
26/05/2017;1 580;1 580;1 580;1 580;15;23 700;2.27%
29/05/2017;1 545;1 545;1 545;1 545;42;64 890;-2.22%
30/05/2017;1 500;1 500;1 500;1 500;48;72 000;-2.91%
31/05/2017;1 485;1 485;1 485;1 485;23;34 155;-1.00%
01/06/2017;1 520;1 520;1 520;1 520;288;437 760;2.36%
02/06/2017;1 570;1 570;1 570;1 570;106;166 420;3.29%
06/06/2017;1 500;1 500;1 500;1 500;12;18 000;-4.46%
07/06/2017;1 500;1 500;1 500;1 500;421;631 500;0.00%
08/06/2017;1 530;1 530;1 530;1 530;379;579 870;2.00%
09/06/2017;1 530;1 530;1 530;1 530;284;434 520;0.00%
12/06/2017;1 430;1 430;1 430;1 430;177;253 110;-6.54%
13/06/2017;1 520;1 520;1 520;1 520;335;509 200;6.29%
14/06/2017;1 500;1 500;1 500;1 500;265;397 500;-1.32%
15/06/2017;1 510;1 510;1 510;1 510;43;64 930;0.67%
16/06/2017;1 500;1 500;1 500;1 500;86;129 000;-0.66%
19/06/2017;1 510;1 510;1 510;1 510;294;443 940;0.67%
20/06/2017;1 520;1 520;1 520;1 520;47;71 440;0.66%
21/06/2017;1 530;1 530;1 530;1 530;56;85 680;0.66%
22/06/2017;1 530;1 530;1 530;1 530;560;856 800;0.00%
23/06/2017;1 540;1 540;1 540;1 540;102;157 080;0.65%
27/06/2017;1 550;1 550;1 550;1 550;110;170 500;0.65%
28/06/2017;1 550;1 550;1 550;1 550;1 661;2 574 550;0.00%
29/06/2017;1 600;1 600;1 600;1 600;1 913;3 060 800;3.23%
30/06/2017;1 600;1 600;1 600;1 600;1 867;2 987 200;0.00%
03/07/2017;1 600;1 600;1 600;1 600;304;486 400;0.00%
04/07/2017;1 600;1 600;1 600;1 600;75;120 000;0.00%
05/07/2017;1 600;1 600;1 600;1 600;125;200 000;0.00%
06/07/2017;1 700;1 700;1 700;1 700;35;59 500;6.25%
07/07/2017;1 700;1 700;1 700;1 700;173;294 100;0.00%
10/07/2017;1 720;1 720;1 720;1 720;92;158 240;1.18%
11/07/2017;1 720;1 720;1 720;1 720;131;225 320;0.00%
12/07/2017;1 800;1 800;1 800;1 800;172;309 600;4.65%
13/07/2017;1 800;1 800;1 800;1 800;130;234 000;0.00%
14/07/2017;1 800;1 800;1 800;1 800;90;162 000;0.00%
17/07/2017;1 720;1 720;1 720;1 720;2;3 440;-4.44%
18/07/2017;1 740;1 740;1 740;1 740;600;1 044 000;1.16%
19/07/2017;1 751;1 751;1 751;1 751;461;807 211;0.63%
20/07/2017;1 840;1 840;1 840;1 840;291;535 440;5.08%
21/07/2017;1 800;1 800;1 800;1 800;2;3 600;-2.17%
24/07/2017;1 752;1 752;1 752;1 752;110;192 720;-2.67%
25/07/2017;1 750;1 750;1 750;1 750;639;1 118 250;-0.11%
26/07/2017;1 705;1 705;1 705;1 705;36;61 380;-2.57%
27/07/2017;1 700;1 700;1 700;1 700;300;510 000;-0.29%
28/07/2017;1 750;1 750;1 750;1 750;29;50 750;2.94%
31/07/2017;1 750;1 750;1 750;1 750;254;444 500;0.00%
01/08/2017;1 750;1 750;1 750;1 750;128;224 000;0.00%
02/08/2017;1 680;1 680;1 680;1 680;158;265 440;-4.00%
03/08/2017;1 680;1 680;1 680;1 680;18;30 240;0.00%
04/08/2017;1 700;1 700;1 700;1 700;60;102 000;1.19%
07/08/2017;1 700;1 700;1 700;1 700;600;1 020 000;0.00%
08/08/2017;1 700;1 700;1 700;1 700;10;17 000;0.00%
09/08/2017;1 669;1 669;1 669;1 669;13;21 697;-1.82%
11/08/2017;1 669;1 669;1 669;1 669;27;45 063;0.00%
16/08/2017;1 650;1 650;1 650;1 650;96;158 400;-1.14%
17/08/2017;1 650;1 650;1 650;1 650;122;201 300;0.00%
18/08/2017;1 600;1 600;1 600;1 600;32;51 200;-3.03%
21/08/2017;1 500;1 500;1 500;1 500;10;15 000;-6.25%
22/08/2017;1 388;1 388;1 388;1 388;355;492 740;-7.47%
23/08/2017;1 380;1 380;1 380;1 380;218;300 840;-0.58%
24/08/2017;1 380;1 380;1 380;1 380;24;33 120;0.00%
25/08/2017;1 350;1 350;1 350;1 350;50;67 500;-2.17%
28/08/2017;1 249;1 249;1 249;1 249;307;383 443;-7.48%
29/08/2017;1 301;1 301;1 301;1 301;81;105 381;4.16%
30/08/2017;1 350;1 350;1 350;1 350;260;351 000;3.77%
31/08/2017;1 451;1 451;1 451;1 451;2;2 902;7.48%
04/09/2017;1 401;1 401;1 401;1 401;69;96 669;-3.45%
05/09/2017;1 500;1 500;1 500;1 500;238;357 000;7.07%
06/09/2017;1 500;1 500;1 500;1 500;51;76 500;0.00%
07/09/2017;1 500;1 500;1 500;1 500;152;228 000;0.00%
08/09/2017;1 500;1 500;1 500;1 500;84;126 000;0.00%
11/09/2017;1 501;1 501;1 501;1 501;580;870 580;0.07%
12/09/2017;1 501;1 501;1 501;1 501;54;81 054;0.00%
13/09/2017;1 501;1 501;1 501;1 501;132;198 132;0.00%
14/09/2017;1 600;1 600;1 600;1 600;158;252 800;6.60%
15/09/2017;1 600;1 600;1 600;1 600;90;144 000;0.00%
18/09/2017;1 600;1 600;1 600;1 600;16;25 600;0.00%
19/09/2017;1 568;1 568;1 568;1 568;6;9 408;-2.00%
20/09/2017;1 568;1 568;1 568;1 568;8;12 544;0.00%
21/09/2017;1 550;1 550;1 550;1 550;338;523 900;-1.15%
22/09/2017;1 540;1 540;1 540;1 540;5;7 700;-0.65%
25/09/2017;1 550;1 550;1 550;1 550;15;23 250;0.65%
26/09/2017;1 560;1 560;1 560;1 560;118;184 080;0.65%
27/09/2017;1 501;1 501;1 501;1 501;62;93 062;-3.78%
28/09/2017;1 500;1 500;1 500;1 500;110;165 000;-0.07%
29/09/2017;1 560;1 560;1 560;1 560;29;45 240;4.00%
02/10/2017;1 560;1 560;1 560;1 560;162;252 720;0.00%
03/10/2017;1 600;1 600;1 600;1 600;234;374 400;2.56%
04/10/2017;1 600;1 600;1 600;1 600;308;492 800;0.00%
05/10/2017;1 600;1 600;1 600;1 600;405;648 000;0.00%
06/10/2017;1 650;1 650;1 650;1 650;305;503 250;3.13%
09/10/2017;1 650;1 650;1 650;1 650;1 180;1 947 000;0.00%
10/10/2017;1 670;1 670;1 670;1 670;245;409 150;1.21%
11/10/2017;1 600;1 600;1 600;1 600;102;163 200;-4.19%
13/10/2017;1 570;1 570;1 570;1 570;105;164 850;-1.88%
16/10/2017;1 600;1 600;1 600;1 600;126;201 600;1.91%
17/10/2017;1 550;1 550;1 550;1 550;91;141 050;-3.13%
18/10/2017;1 595;1 595;1 595;1 595;79;126 005;2.90%
19/10/2017;1 640;1 640;1 640;1 640;127;208 280;2.82%
20/10/2017;1 600;1 600;1 600;1 600;89;142 400;-2.44%
23/10/2017;1 600;1 600;1 600;1 600;160;256 000;0.00%
24/10/2017;1 620;1 620;1 620;1 620;30;48 600;1.25%
25/10/2017;1 619;1 619;1 619;1 619;73;118 187;-0.06%
26/10/2017;1 610;1 610;1 610;1 610;18;28 980;-0.56%
27/10/2017;1 610;1 610;1 610;1 610;75;120 750;0.00%
30/10/2017;1 600;1 600;1 600;1 600;90;144 000;-0.62%
31/10/2017;1 600;1 600;1 600;1 600;48;76 800;0.00%
01/11/2017;1 600;1 600;1 600;1 600;480;768 000;0.00%
02/11/2017;1 700;1 700;1 700;1 700;50;85 000;6.25%
03/11/2017;1 700;1 700;1 700;1 700;1 188;2 019 600;0.00%
06/11/2017;1 685;1 685;1 685;1 685;393;662 205;-0.88%
07/11/2017;1 650;1 650;1 650;1 650;3 073;5 070 450;-2.08%
08/11/2017;1 700;1 700;1 700;1 700;262;445 400;3.03%
09/11/2017;1 700;1 700;1 700;1 700;125;212 500;0.00%
10/11/2017;1 695;1 695;1 695;1 695;929;1 574 655;-0.29%
13/11/2017;1 695;1 695;1 695;1 695;1 208;2 047 560;0.00%
14/11/2017;1 700;1 700;1 700;1 700;2 083;3 541 100;0.29%
15/11/2017;1 700;1 700;1 700;1 700;2 083;3 541 100;0.00%
16/11/2017;1 650;1 650;1 650;1 650;1 022;1 686 300;-2.94%
17/11/2017;1 695;1 695;1 695;1 695;5 832;9 885 240;2.73%
20/11/2017;1 700;1 700;1 700;1 700;1 347;2 289 900;0.29%
21/11/2017;1 700;1 700;1 700;1 700;8 860;15 062 000;0.00%
22/11/2017;1 650;1 650;1 650;1 650;2 216;3 656 400;-2.94%
23/11/2017;1 600;1 600;1 600;1 600;1 224;1 958 400;-3.03%
24/11/2017;1 600;1 600;1 600;1 600;594;950 400;0.00%
27/11/2017;1 500;1 500;1 500;1 500;2 004;3 006 000;-6.25%
28/11/2017;1 575;1 575;1 575;1 575;1 326;2 088 450;5.00%
29/11/2017;1 500;1 500;1 500;1 500;376;564 000;-4.76%
01/12/2017;1 500;1 500;1 500;1 500;1 134;1 701 000;0.00%
04/12/2017;1 600;1 600;1 600;1 600;774;1 238 400;6.67%
05/12/2017;1 500;1 500;1 500;1 500;503;754 500;-6.25%
06/12/2017;1 500;1 500;1 500;1 500;2 539;3 808 500;0.00%
07/12/2017;1 505;1 505;1 505;1 505;721;1 085 105;0.33%
08/12/2017;1 580;1 580;1 580;1 580;433;684 140;4.98%
11/12/2017;1 580;1 580;1 580;1 580;1 678;2 651 240;0.00%
12/12/2017;1 600;1 600;1 600;1 600;1 667;2 667 200;1.27%
13/12/2017;1 600;1 600;1 600;1 600;505;808 000;0.00%
14/12/2017;1 580;1 580;1 580;1 580;407;643 060;-1.25%
15/12/2017;1 580;1 580;1 580;1 580;660;1 042 800;0.00%
18/12/2017;1 580;1 580;1 580;1 580;330;521 400;0.00%
19/12/2017;1 580;1 580;1 580;1 580;1 439;2 273 620;0.00%
20/12/2017;1 580;1 580;1 580;1 580;204;322 320;0.00%
21/12/2017;1 580;1 580;1 580;1 580;6 158;9 729 640;0.00%
22/12/2017;1 595;1 595;1 595;1 595;2 671;4 260 245;0.95%
25/12/2017;1 595;1 595;1 595;1 595;2 671;4 260 245;0.00%
26/12/2017;1 600;1 600;1 600;1 600;2 029;3 246 400;0.31%
27/12/2017;1 650;1 650;1 650;1 650;327 200;539 880 000;3.13%
28/12/2017;1 770;1 770;1 770;1 770;6 828;12 085 560;7.27%
29/12/2017;1 900;1 900;1 900;1 900;17 945;34 095 500;7.34%
02/01/2018;1 870;1 870;1 870;1 870;161;301 070;-1.58%
03/01/2018;1 900;1 900;1 900;1 900;398;756 200;1.60%
04/01/2018;1 860;1 860;1 860;1 860;492;915 120;-2.11%
05/01/2018;1 800;1 800;1 800;1 800;511;919 800;-3.23%
08/01/2018;1 700;1 700;1 700;1 700;3 422;5 817 400;-5.56%
09/01/2018;1 650;1 650;1 650;1 650;548;904 200;-2.94%
10/01/2018;1 585;1 585;1 585;1 585;2 168;3 436 280;-3.94%
11/01/2018;1 580;1 580;1 580;1 580;2 608;4 120 640;-0.32%
12/01/2018;1 650;1 650;1 650;1 650;15;24 750;4.43%
15/01/2018;1 700;1 700;1 700;1 700;2 650;4 505 000;3.03%
16/01/2018;1 700;1 700;1 700;1 700;67;113 900;0.00%
17/01/2018;1 700;1 700;1 700;1 700;777;1 320 900;0.00%
18/01/2018;1 700;1 700;1 700;1 700;609;1 035 300;0.00%
19/01/2018;1 700;1 700;1 700;1 700;1 043;1 773 100;0.00%
22/01/2018;1 700;1 700;1 700;1 700;1 656;2 815 200;0.00%
23/01/2018;1 700;1 700;1 700;1 700;649;1 103 300;0.00%
24/01/2018;1 695;1 695;1 695;1 695;117;198 315;-0.29%
25/01/2018;1 650;1 650;1 650;1 650;2 245;3 704 250;-2.65%
26/01/2018;1 695;1 695;1 695;1 695;770;1 305 150;2.73%
29/01/2018;1 695;1 695;1 695;1 695;214;362 730;0.00%
30/01/2018;1 695;1 695;1 695;1 695;1 101;1 866 195;0.00%
31/01/2018;1 680;1 680;1 680;1 680;1 519;2 551 920;-0.88%
01/02/2018;1 655;1 655;1 655;1 655;1 094;1 810 570;-1.49%
02/02/2018;1 650;1 650;1 650;1 650;1 361;2 245 650;-0.30%
05/02/2018;1 650;1 650;1 650;1 650;300;495 000;0.00%
06/02/2018;1 695;1 695;1 695;1 695;969;1 642 455;2.73%
07/02/2018;1 655;1 655;1 655;1 655;2 270;3 756 850;-2.36%
08/02/2018;1 695;1 695;1 695;1 695;820;1 389 900;2.42%
09/02/2018;1 695;1 695;1 695;1 695;676;1 145 820;0.00%
12/02/2018;1 695;1 695;1 695;1 695;398;674 610;0.00%
13/02/2018;1 695;1 695;1 695;1 695;1 715;2 906 925;0.00%
14/02/2018;1 655;1 655;1 655;1 655;670;1 108 850;-2.36%
15/02/2018;1 670;1 670;1 670;1 670;1 047;1 748 490;0.91%
16/02/2018;1 670;1 670;1 670;1 670;2 496;4 168 320;0.00%
19/02/2018;1 695;1 695;1 695;1 695;1 699;2 879 805;1.50%
20/02/2018;1 695;1 695;1 695;1 695;299;506 805;0.00%
21/02/2018;1 680;1 680;1 680;1 680;625;1 050 000;-0.88%
22/02/2018;1 680;1 680;1 680;1 680;1 186;1 992 480;0.00%
23/02/2018;1 685;1 685;1 685;1 685;716;1 206 460;0.30%
26/02/2018;1 680;1 680;1 680;1 680;1 407;2 363 760;-0.30%
27/02/2018;1 685;1 685;1 685;1 685;1 674;2 820 690;0.30%
01/03/2018;1 695;1 695;1 695;1 695;1 414;2 396 730;0.00%
02/03/2018;1 820;1 820;1 820;1 820;7 167;13 043 940;7.37%
05/03/2018;1 955;1 955;1 955;1 955;2 818;5 509 190;7.42%
06/03/2018;1 990;1 990;1 990;1 990;712;1 416 880;1.79%
07/03/2018;1 960;1 960;1 960;1 960;1 372;2 689 120;-1.51%
08/03/2018;1 990;1 990;1 990;1 990;2 203;4 383 970;1.53%
09/03/2018;1 960;1 960;1 960;1 960;793;1 554 280;-1.51%
12/03/2018;1 920;1 920;1 920;1 920;5 189;9 962 880;-2.04%
13/03/2018;1 920;1 920;1 920;1 920;7 406;14 219 520;0.00%
14/03/2018;1 920;1 920;1 920;1 920;3 781;7 259 520;0.00%
15/03/2018;1 800;1 800;1 800;1 800;1 499;2 698 200;-6.25%
16/03/2018;1 800;1 800;1 800;1 800;20 611;37 099 800;0.00%
19/03/2018;1 800;1 800;1 800;1 800;1 467;2 640 600;0.00%
20/03/2018;1 750;1 750;1 750;1 750;332;581 000;-2.78%
21/03/2018;1 750;1 750;1 750;1 750;1 390;2 432 500;0.00%
22/03/2018;1 750;1 750;1 750;1 750;1 173;2 052 750;0.00%
23/03/2018;1 750;1 750;1 750;1 750;1 405;2 458 750;0.00%
26/03/2018;1 750;1 750;1 750;1 750;2 760;4 830 000;0.00%
27/03/2018;1 750;1 750;1 750;1 750;685;1 198 750;0.00%
28/03/2018;1 750;1 750;1 750;1 750;949;1 660 750;0.00%
29/03/2018;1 705;1 705;1 705;1 705;3 544;6 042 520;-2.57%
30/03/2018;1 705;1 705;1 705;1 705;1 085;1 849 925;0.00%
02/04/2018;1 705;1 705;1 705;1 705;1 085;1 849 925;0.00%
03/04/2018;1 795;1 795;1 795;1 795;1 130;2 028 350;5.28%
04/04/2018;1 755;1 755;1 755;1 755;758;1 330 290;-2.23%
05/04/2018;1 780;1 780;1 780;1 780;2 510;4 467 800;1.42%
06/04/2018;1 755;1 755;1 755;1 755;248;435 240;-1.40%
09/04/2018;1 780;1 780;1 780;1 780;2 432;4 328 960;1.42%
10/04/2018;1 710;1 710;1 710;1 710;4 882;8 348 220;-3.93%
11/04/2018;1 710;1 710;1 710;1 710;1 500;2 565 000;0.00%
12/04/2018;1 730;1 730;1 730;1 730;4 947;8 558 310;1.17%
13/04/2018;1 650;1 650;1 650;1 650;2 744;4 527 600;-4.62%
16/04/2018;1 700;1 700;1 700;1 700;317;538 900;3.03%
17/04/2018;1 700;1 700;1 700;1 700;251;426 700;0.00%
18/04/2018;1 700;1 700;1 700;1 700;10 321;17 545 700;0.00%
19/04/2018;1 660;1 660;1 660;1 660;893;1 482 380;-2.35%
20/04/2018;1 660;1 660;1 660;1 660;140;232 400;0.00%
23/04/2018;1 700;1 700;1 700;1 700;1 536;2 611 200;2.41%
24/04/2018;1 750;1 750;1 750;1 750;504;882 000;2.94%
25/04/2018;1 750;1 750;1 750;1 750;244;427 000;0.00%
26/04/2018;1 715;1 715;1 715;1 715;2 171;3 723 265;-2.00%
27/04/2018;1 700;1 700;1 700;1 700;1 474;2 505 800;-0.87%
09/05/2018;1 530;1 530;1 530;1 530;5 644;8 635 320;-10.00%
10/05/2018;1 530;1 530;1 530;1 530;5 644;8 635 320;0.00%
11/05/2018;1 530;1 530;1 530;1 530;1 802;2 757 060;0.00%
14/05/2018;1 530;1 530;1 530;1 530;1 482;2 267 460;0.00%
15/05/2018;1 530;1 530;1 530;1 530;2 996;4 583 880;0.00%
16/05/2018;1 500;1 500;1 500;1 500;2 037;3 055 500;-1.96%
17/05/2018;1 530;1 530;1 530;1 530;1 634;2 500 020;2.00%
18/05/2018;1 530;1 530;1 530;1 530;2 718;4 158 540;0.00%
21/05/2018;1 530;1 530;1 530;1 530;2 718;4 158 540;0.00%
22/05/2018;1 530;1 530;1 530;1 530;1 482;2 267 460;0.00%
23/05/2018;1 500;1 500;1 500;1 500;1 890;2 835 000;-1.96%
24/05/2018;1 495;1 495;1 495;1 495;486;726 570;-0.33%
25/05/2018;1 500;1 500;1 500;1 500;674;1 011 000;0.33%
28/05/2018;1 590;1 590;1 590;1 590;349;554 910;6.00%
30/05/2018;1 700;1 700;1 700;1 700;1 927;3 275 900;4.94%
31/05/2018;1 700;1 700;1 700;1 700;1 894;3 219 800;0.00%
01/06/2018;1 700;1 700;1 700;1 700;590;1 003 000;0.00%
04/06/2018;1 590;1 590;1 590;1 590;1 337;2 125 830;-6.47%
05/06/2018;1 590;1 590;1 590;1 590;1 742;2 769 780;0.00%
06/06/2018;1 670;1 670;1 670;1 670;1 889;3 154 630;5.03%
07/06/2018;1 690;1 690;1 690;1 690;1 861;3 145 090;1.20%
08/06/2018;1 690;1 690;1 690;1 690;343;579 670;0.00%
11/06/2018;1 690;1 690;1 690;1 690;343;579 670;0.00%
12/06/2018;1 690;1 690;1 690;1 690;1 502;2 538 380;0.00%
13/06/2018;1 690;1 690;1 690;1 690;1 431;2 418 390;0.00%
14/06/2018;1 690;1 690;1 690;1 690;1 431;2 418 390;0.00%
15/06/2018;1 695;1 695;1 695;1 695;1 294;2 193 330;0.30%
18/06/2018;1 690;1 690;1 690;1 690;1 467;2 479 230;-0.29%
19/06/2018;1 595;1 595;1 595;1 595;2 988;4 765 860;-5.62%
20/06/2018;1 700;1 700;1 700;1 700;1 331;2 262 700;6.58%
21/06/2018;1 600;1 600;1 600;1 600;555;888 000;-5.88%
28/06/2018;1 685;1 685;1 685;1 685;125;210 625;5.31%
02/07/2018;1 680;1 680;1 680;1 680;499;838 320;-0.30%
03/07/2018;1 560;1 560;1 560;1 560;1 730;2 698 800;-7.14%
04/07/2018;1 600;1 600;1 600;1 600;627;1 003 200;2.56%
05/07/2018;1 555;1 555;1 555;1 555;602;936 110;-2.81%
06/07/2018;1 500;1 500;1 500;1 500;2 295;3 442 500;-3.54%
09/07/2018;1 610;1 610;1 610;1 610;330;531 300;7.33%
10/07/2018;1 600;1 600;1 600;1 600;660;1 056 000;-0.62%
11/07/2018;1 600;1 600;1 600;1 600;1 939;3 102 400;0.00%
12/07/2018;1 600;1 600;1 600;1 600;546;873 600;0.00%
13/07/2018;1 610;1 610;1 610;1 610;136;218 960;0.63%
16/07/2018;1 600;1 600;1 600;1 600;9 456;15 129 600;-0.62%
17/07/2018;1 630;1 630;1 630;1 630;195;317 850;1.88%
18/07/2018;1 600;1 600;1 600;1 600;185;296 000;-1.84%
19/07/2018;1 600;1 600;1 600;1 600;5 291;8 465 600;0.00%
20/07/2018;1 500;1 500;1 500;1 500;1 575;2 362 500;-6.25%
23/07/2018;1 580;1 580;1 580;1 580;124;195 920;5.33%
24/07/2018;1 530;1 530;1 530;1 530;180;275 400;-3.16%
25/07/2018;1 550;1 550;1 550;1 550;552;855 600;1.31%
26/07/2018;1 545;1 545;1 545;1 545;1 065;1 645 425;-0.32%
30/07/2018;1 530;1 530;1 530;1 530;643;983 790;-0.97%
31/07/2018;1 495;1 495;1 495;1 495;663;991 185;-2.29%
01/08/2018;1 490;1 490;1 490;1 490;317;472 330;-0.33%
02/08/2018;1 450;1 450;1 450;1 450;1 157;1 677 650;-2.68%
03/08/2018;1 450;1 450;1 450;1 450;1 660;2 407 000;0.00%
06/08/2018;1 450;1 450;1 450;1 450;1 660;2 407 000;0.00%
07/08/2018;1 450;1 450;1 450;1 450;1 660;2 407 000;0.00%
08/08/2018;1 495;1 495;1 495;1 495;4 394;6 569 030;3.10%
09/08/2018;1 450;1 450;1 450;1 450;1 076;1 560 200;-3.01%
10/08/2018;1 440;1 440;1 440;1 440;605;871 200;-0.69%
13/08/2018;1 440;1 440;1 440;1 440;589;848 160;0.00%
14/08/2018;1 440;1 440;1 440;1 440;89;128 160;0.00%
20/08/2018;1 420;1 420;1 420;1 420;826;1 172 920;-1.39%
21/08/2018;1 420;1 420;1 420;1 420;826;1 172 920;0.00%
22/08/2018;1 420;1 420;1 420;1 420;1 523;2 162 660;0.00%
23/08/2018;1 415;1 415;1 415;1 415;355;502 325;-0.35%
24/08/2018;1 415;1 415;1 415;1 415;217;307 055;0.00%
28/08/2018;1 440;1 440;1 440;1 440;10;14 400;0.00%
29/08/2018;1 415;1 415;1 415;1 415;2 153;3 046 495;-1.74%
30/08/2018;1 450;1 450;1 450;1 450;1 040;1 508 000;2.47%
31/08/2018;1 500;1 500;1 500;1 500;645;967 500;3.45%
03/09/2018;1 500;1 500;1 500;1 500;815;1 222 500;0.00%
04/09/2018;1 450;1 450;1 450;1 450;545;790 250;-3.33%
05/09/2018;1 450;1 450;1 450;1 450;708;1 026 600;0.00%
06/09/2018;1 425;1 425;1 425;1 425;626;892 050;-1.72%
07/09/2018;1 415;1 415;1 415;1 415;2 197;3 108 755;-0.70%
10/09/2018;1 490;1 490;1 490;1 490;405;603 450;5.30%
11/09/2018;1 480;1 480;1 480;1 480;120;177 600;-0.67%
12/09/2018;1 480;1 480;1 480;1 480;1 615;2 390 200;0.00%
13/09/2018;1 465;1 465;1 465;1 465;1 727;2 530 055;-1.01%
14/09/2018;1 465;1 465;1 465;1 465;349;511 285;0.00%
17/09/2018;1 465;1 465;1 465;1 465;349;511 285;0.00%
18/09/2018;1 450;1 450;1 450;1 450;80;116 000;-1.02%
19/09/2018;1 440;1 440;1 440;1 440;180;259 200;-0.69%
20/09/2018;1 420;1 420;1 420;1 420;103;146 260;-1.39%
21/09/2018;1 420;1 420;1 420;1 420;380;539 600;0.00%
24/09/2018;1 420;1 420;1 420;1 420;468;664 560;0.00%
25/09/2018;1 325;1 325;1 325;1 325;94;124 550;-6.69%
26/09/2018;1 300;1 300;1 300;1 300;2 582;3 356 600;-1.89%
27/09/2018;1 300;1 300;1 300;1 300;628;816 400;0.00%
28/09/2018;1 300;1 300;1 300;1 300;1 304;1 695 200;0.00%
01/10/2018;1 285;1 285;1 285;1 285;922;1 184 770;-1.15%
02/10/2018;1 270;1 270;1 270;1 270;379;481 330;-1.17%
03/10/2018;1 295;1 295;1 295;1 295;678;878 010;1.97%
04/10/2018;1 300;1 300;1 300;1 300;1 085;1 410 500;0.39%
05/10/2018;1 300;1 300;1 300;1 300;2 186;2 841 800;0.00%
08/10/2018;1 325;1 325;1 325;1 325;411;544 575;1.92%
09/10/2018;1 395;1 395;1 395;1 395;1 952;2 723 040;5.28%
10/10/2018;1 390;1 390;1 390;1 390;162;225 180;-0.36%
11/10/2018;1 390;1 390;1 390;1 390;546;758 940;0.00%
12/10/2018;1 390;1 390;1 390;1 390;35;48 650;0.00%
15/10/2018;1 395;1 395;1 395;1 395;364;507 780;0.36%
16/10/2018;1 325;1 325;1 325;1 325;2 067;2 738 775;-5.02%
17/10/2018;1 395;1 395;1 395;1 395;859;1 198 305;5.28%
18/10/2018;1 305;1 305;1 305;1 305;667;870 435;-6.45%
19/10/2018;1 305;1 305;1 305;1 305;70;91 350;0.00%
22/10/2018;1 300;1 300;1 300;1 300;1 036;1 346 800;-0.38%
23/10/2018;1 305;1 305;1 305;1 305;203;264 915;0.38%
24/10/2018;1 225;1 225;1 225;1 225;127;155 575;-6.13%
25/10/2018;1 220;1 220;1 220;1 220;1 555;1 897 100;-0.41%
26/10/2018;1 175;1 175;1 175;1 175;171;200 925;-3.69%
30/10/2018;1 200;1 200;1 200;1 200;154;184 800;2.13%
31/10/2018;1 290;1 290;1 290;1 290;2 099;2 707 710;7.50%
01/11/2018;1 290;1 290;1 290;1 290;2 099;2 707 710;0.00%
02/11/2018;1 300;1 300;1 300;1 300;634;824 200;0.78%
05/11/2018;1 300;1 300;1 300;1 300;653;848 900;0.00%
06/11/2018;1 300;1 300;1 300;1 300;1 635;2 125 500;0.00%
07/11/2018;1 300;1 300;1 300;1 300;1 341;1 743 300;0.00%
08/11/2018;1 300;1 300;1 300;1 300;2 048;2 662 400;0.00%
09/11/2018;1 300;1 300;1 300;1 300;1 063;1 381 900;0.00%
12/11/2018;1 290;1 290;1 290;1 290;1 598;2 061 420;-0.77%
13/11/2018;1 290;1 290;1 290;1 290;534;688 860;0.00%
14/11/2018;1 300;1 300;1 300;1 300;50;65 000;0.78%
15/11/2018;1 300;1 300;1 300;1 300;50;65 000;0.00%
16/11/2018;1 290;1 290;1 290;1 290;3 898;5 028 420;-0.77%
19/11/2018;1 300;1 300;1 300;1 300;1 077;1 400 100;0.78%
20/11/2018;1 300;1 300;1 300;1 300;1 077;1 400 100;0.00%
21/11/2018;1 300;1 300;1 300;1 300;769;999 700;0.00%
22/11/2018;1 280;1 280;1 280;1 280;577;738 560;-1.54%
23/11/2018;1 280;1 280;1 280;1 280;20;25 600;0.00%
27/11/2018;1 300;1 300;1 300;1 300;1 846;2 399 800;0.00%
28/11/2018;1 280;1 280;1 280;1 280;359;459 520;-1.54%
29/11/2018;1 300;1 300;1 300;1 300;2 898;3 767 400;1.56%
30/11/2018;1 300;1 300;1 300;1 300;345;448 500;0.00%
03/12/2018;1 300;1 300;1 300;1 300;99;128 700;0.00%
04/12/2018;1 300;1 300;1 300;1 300;456;592 800;0.00%
05/12/2018;1 300;1 300;1 300;1 300;229;297 700;0.00%
06/12/2018;1 300;1 300;1 300;1 300;70;91 000;0.00%
07/12/2018;1 280;1 280;1 280;1 280;2 287;2 927 360;-1.54%
10/12/2018;1 300;1 300;1 300;1 300;1 344;1 747 200;1.56%
11/12/2018;1 300;1 300;1 300;1 300;628;816 400;0.00%
12/12/2018;1 300;1 300;1 300;1 300;878;1 141 400;0.00%
13/12/2018;1 300;1 300;1 300;1 300;1 315;1 709 500;0.00%
14/12/2018;1 300;1 300;1 300;1 300;2 100;2 730 000;0.00%
17/12/2018;1 305;1 305;1 305;1 305;2 086;2 722 230;0.38%
18/12/2018;1 400;1 400;1 400;1 400;591;827 400;7.28%
19/12/2018;1 400;1 400;1 400;1 400;387;541 800;0.00%
20/12/2018;1 310;1 310;1 310;1 310;1 650;2 161 500;-6.43%
21/12/2018;1 405;1 405;1 405;1 405;1 252;1 759 060;7.25%
24/12/2018;1 405;1 405;1 405;1 405;330;463 650;0.00%
25/12/2018;1 405;1 405;1 405;1 405;330;463 650;0.00%
26/12/2018;1 405;1 405;1 405;1 405;1 350;1 896 750;0.00%
27/12/2018;1 505;1 505;1 505;1 505;161;242 305;7.12%
28/12/2018;1 505;1 505;1 505;1 505;1 371;2 063 355;0.00%
31/12/2018;1 450;1 450;1 450;1 450;321;465 450;-3.65%
02/01/2019;1 400;1 400;1 400;1 400;529;740 600;-3.45%
03/01/2019;1 450;1 450;1 450;1 450;514;745 300;3.57%
04/01/2019;1 410;1 410;1 410;1 410;2 410;3 398 100;-2.76%
07/01/2019;1 450;1 450;1 450;1 450;1 017;1 474 650;2.84%
08/01/2019;1 450;1 450;1 450;1 450;1 189;1 724 050;0.00%
09/01/2019;1 450;1 450;1 450;1 450;1 579;2 289 550;0.00%
10/01/2019;1 450;1 450;1 450;1 450;1 025;1 486 250;0.00%
11/01/2019;1 495;1 495;1 495;1 495;116;173 420;3.10%
14/01/2019;1 495;1 495;1 495;1 495;7;10 465;0.00%
15/01/2019;1 405;1 405;1 405;1 405;1 460;2 051 300;-6.02%
16/01/2019;1 405;1 405;1 405;1 405;701;984 905;0.00%
17/01/2019;1 440;1 400;1 440;1 400;204;289 680;2.49%
18/01/2019;1 440;1 440;1 440;1 440;74;106 560;0.00%
21/01/2019;1 410;1 395;1 410;1 395;1 460;2 047 650;-2.08%
22/01/2019;1 440;1 405;1 440;1 405;1 346;1 914 685;2.13%
23/01/2019;1 350;1 350;1 350;1 350;128;172 800;-6.25%
24/01/2019;1 450;1 445;1 450;1 445;172;248 970;7.41%
25/01/2019;1 450;1 450;1 450;1 450;2 102;3 047 900;0.00%
28/01/2019;1 450;1 450;1 450;1 450;188;272 600;0.00%
29/01/2019;1 445;1 450;1 450;1 445;343;496 493;-0.34%
30/01/2019;1 400;1 445;1 445;1 400;376;534 860;-3.11%
31/01/2019;1 400;1 445;1 445;1 400;292;415 370;0.00%
01/02/2019;1 400;1 300;1 400;1 300;1 023;1 381 050;0.00%
04/02/2019;1 300;1 300;1 300;1 300;1 300;1 690 000;-7.14%
05/02/2019;1 395;1 310;1 395;1 310;1 539;2 081 498;7.31%
06/02/2019;1 395;1 370;1 395;1 370;125;172 813;0.00%
07/02/2019;1 395;1 395;1 395;1 395;535;746 325;0.00%
08/02/2019;1 445;1 395;1 445;1 395;7 168;10 178 560;3.58%
11/02/2019;1 440;1 360;1 440;1 360;1 058;1 481 200;-0.35%
12/02/2019;1 430;1 350;1 430;1 350;2 472;3 436 080;-0.69%
13/02/2019;1 420;1 425;1 425;1 420;557;792 333;-0.70%
14/02/2019;1 400;1 415;1 415;1 400;55;77 413;-1.41%
15/02/2019;1 400;1 295;1 400;1 295;4 609;6 210 628;0.00%
18/02/2019;1 360;1 400;1 400;1 360;1 463;2 018 940;-2.86%
19/02/2019;1 395;1 395;1 395;1 395;271;378 045;2.57%
20/02/2019;1 395;1 395;1 395;1 395;209;291 555;0.00%
21/02/2019;1 390;1 395;1 395;1 390;1 398;1 946 715;-0.36%
22/02/2019;1 290;1 365;1 365;1 290;1 237;1 642 118;-7.19%
26/02/2019;1 300;1 295;1 300;1 295;566;734 385;0.78%
27/02/2019;1 300;1 395;1 395;1 300;4 705;6 339 988;0.00%
28/02/2019;1 395;1 395;1 395;1 395;349;486 855;7.31%
01/03/2019;1 400;1 400;1 400;1 400;635;889 000;0.36%
04/03/2019;1 310;1 390;1 390;1 310;896;1 209 600;-6.43%
05/03/2019;1 300;1 305;1 305;1 300;3 119;4 062 498;-0.76%
06/03/2019;1 300;1 300;1 300;1 300;50;65 000;0.00%
07/03/2019;1 395;1 395;1 395;1 395;1 298;1 810 710;7.31%
08/03/2019;1 395;1 395;1 395;1 395;448;624 960;0.00%
11/03/2019;1 300;1 390;1 390;1 300;2 285;3 073 325;-6.81%
12/03/2019;1 300;1 300;1 300;1 300;425;552 500;0.00%
13/03/2019;1 295;1 290;1 295;1 290;506;654 005;-0.38%
14/03/2019;1 300;1 300;1 300;1 300;504;655 200;0.39%
15/03/2019;1 300;1 300;1 300;1 300;225;292 500;0.00%
18/03/2019;1 305;1 305;1 305;1 305;48;62 640;0.38%
19/03/2019;1 305;1 305;1 305;1 305;47;61 335;0.00%
20/03/2019;1 375;1 305;1 375;1 305;48;64 320;5.36%
21/03/2019;1 350;1 350;1 350;1 350;1 351;1 823 850;-1.82%
22/03/2019;1 350;1 300;1 350;1 300;1 996;2 644 700;0.00%
25/03/2019;1 350;1 350;1 350;1 350;1 154;1 557 900;0.00%
27/03/2019;1 345;1 345;1 345;1 345;582;782 790;-0.37%
28/03/2019;1 350;1 310;1 350;1 310;2 768;3 681 440;0.37%
29/03/2019;1 345;1 350;1 350;1 345;463;623 893;-0.37%
01/04/2019;1 350;1 345;1 350;1 345;1 877;2 529 258;0.37%
02/04/2019;1 350;1 350;1 350;1 350;413;557 550;0.00%
03/04/2019;1 350;1 350;1 350;1 350;403;544 050;0.00%
04/04/2019;1 345;1 345;1 345;1 345;231;310 695;-0.37%
05/04/2019;1 345;1 350;1 350;1 345;199;268 153;0.00%
08/04/2019;1 345;1 390;1 390;1 345;1 050;1 435 875;0.00%
09/04/2019;1 350;1 350;1 350;1 350;338;456 300;0.37%
10/04/2019;1 400;1 360;1 400;1 360;1 156;1 595 280;3.70%
11/04/2019;1 350;1 400;1 400;1 350;1 478;2 032 250;-3.57%
12/04/2019;1 395;1 395;1 395;1 395;1 225;1 708 875;3.33%
15/04/2019;1 395;1 395;1 395;1 395;163;227 385;0.00%
16/04/2019;1 300;1 300;1 300;1 300;530;689 000;-6.81%
17/04/2019;1 395;1 395;1 395;1 395;45;62 775;7.31%
18/04/2019;1 395;1 315;1 395;1 315;685;928 175;0.00%
19/04/2019;1 390;1 390;1 390;1 390;40;55 600;-0.36%
22/04/2019;1 390;1 390;1 390;1 390;40;55 600;0.00%
23/04/2019;1 380;1 390;1 390;1 380;53;73 405;-0.72%
24/04/2019;1 420;1 380;1 420;1 380;6 196;8 674 400;2.90%
25/04/2019;1 405;1 405;1 405;1 405;863;1 212 515;-1.06%
26/04/2019;1 405;1 400;1 405;1 400;1 569;2 200 523;0.00%
29/04/2019;1 415;1 405;1 415;1 405;867;1 222 470;0.71%
30/04/2019;1 450;1 420;1 450;1 420;791;1 135 085;2.47%
01/05/2019;1 450;1 420;1 450;1 420;791;1 135 085;0.00%
02/05/2019;1 500;1 450;1 500;1 450;2 354;3 472 150;3.45%
03/05/2019;1 600;1 500;1 600;1 500;3 089;4 787 950;6.67%
06/05/2019;1 600;1 595;1 600;1 595;586;936 135;0.00%
07/05/2019;1 515;1 595;1 595;1 515;1 259;1 957 745;-5.31%
08/05/2019;1 515;1 575;1 575;1 515;834;1 288 530;0.00%
09/05/2019;1 500;1 515;1 515;1 500;3 230;4 869 225;-0.99%
10/05/2019;1 500;1 500;1 500;1 500;2 872;4 308 000;0.00%
13/05/2019;1 495;1 500;1 500;1 495;503;753 243;-0.33%
14/05/2019;1 490;1 490;1 490;1 490;369;549 810;-0.33%
15/05/2019;1 490;1 490;1 490;1 490;300;447 000;0.00%
16/05/2019;1 480;1 480;1 480;1 480;532;787 360;-0.67%
17/05/2019;1 480;1 450;1 480;1 450;694;1 016 710;0.00%
20/05/2019;1 480;1 450;1 480;1 450;2 329;3 411 985;0.00%
21/05/2019;1 450;1 450;1 450;1 450;1 774;2 572 300;-2.03%
22/05/2019;1 450;1 450;1 450;1 450;2 695;3 907 750;0.00%
23/05/2019;1 450;1 450;1 450;1 450;211;305 950;0.00%
27/05/2019;1 450;1 450;1 450;1 450;811;1 175 950;0.00%
28/05/2019;1 450;1 450;1 450;1 450;636;922 200;0.00%
29/05/2019;1 445;1 450;1 450;1 445;36;52 110;-0.34%
30/05/2019;1 445;1 450;1 450;1 445;36;52 110;0.00%
31/05/2019;1 445;1 445;1 445;1 445;1;1 445;0.00%
03/06/2019;1 400;1 400;1 400;1 400;366;512 400;-3.11%
05/06/2019;1 400;1 400;1 400;1 400;202;282 800;0.00%
06/06/2019;1 400;1 400;1 400;1 400;4 547;6 365 800;0.00%
07/06/2019;1 400;1 400;1 400;1 400;230;322 000;0.00%
11/06/2019;1 400;1 400;1 400;1 400;671;939 400;0.00%
12/06/2019;1 400;1 400;1 400;1 400;239;334 600;0.00%
13/06/2019;1 400;1 400;1 400;1 400;100;140 000;0.00%
14/06/2019;1 400;1 400;1 400;1 400;323;452 200;0.00%
17/06/2019;1 395;1 395;1 395;1 395;1 827;2 548 665;-0.36%
18/06/2019;1 390;1 390;1 390;1 390;62;86 180;-0.36%
19/06/2019;1 390;1 390;1 390;1 390;29;40 310;0.00%
20/06/2019;1 390;1 390;1 390;1 390;100;139 000;0.00%
21/06/2019;1 350;1 340;1 350;1 340;266;357 770;-2.88%
24/06/2019;1 350;1 350;1 350;1 350;721;973 350;0.00%
25/06/2019;1 340;1 350;1 350;1 340;574;772 030;-0.74%
26/06/2019;1 350;1 300;1 350;1 300;3 182;4 216 150;0.75%
27/06/2019;1 340;1 340;1 340;1 340;363;486 420;-0.74%
28/06/2019;1 335;1 340;1 340;1 335;264;353 100;-0.37%
01/07/2019;1 340;1 335;1 340;1 335;1 019;1 362 913;0.37%
02/07/2019;1 350;1 335;1 350;1 335;1 092;1 466 010;0.75%
03/07/2019;1 300;1 340;1 340;1 300;1 640;2 164 800;-3.70%
04/07/2019;1 340;1 300;1 340;1 300;490;646 800;3.08%
05/07/2019;1 340;1 340;1 340;1 340;561;751 740;0.00%
08/07/2019;1 340;1 340;1 340;1 340;1 150;1 541 000;0.00%
09/07/2019;1 250;1 340;1 340;1 250;3 641;4 715 095;-6.72%
10/07/2019;1 340;1 340;1 340;1 340;799;1 070 660;7.20%
11/07/2019;1 350;1 350;1 350;1 350;492;664 200;0.75%
12/07/2019;1 350;1 355;1 355;1 350;481;650 553;0.00%
15/07/2019;1 390;1 350;1 390;1 350;1 502;2 057 740;2.96%
16/07/2019;1 395;1 395;1 395;1 395;98;136 710;0.36%
17/07/2019;1 400;1 395;1 400;1 395;2 079;2 905 403;0.36%
18/07/2019;1 440;1 400;1 440;1 400;1 098;1 559 160;2.86%
19/07/2019;1 450;1 400;1 450;1 400;1 405;2 002 125;0.69%
22/07/2019;1 500;1 450;1 500;1 450;4 836;7 133 100;3.45%
23/07/2019;1 500;1 500;1 500;1 500;1 733;2 599 500;0.00%
24/07/2019;1 580;1 580;1 580;1 580;19;30 020;5.33%
25/07/2019;1 495;1 500;1 500;1 495;474;709 815;-5.38%
26/07/2019;1 495;1 500;1 500;1 495;299;447 753;0.00%
29/07/2019;1 480;1 490;1 490;1 480;484;718 740;-1.00%
30/07/2019;1 450;1 480;1 480;1 450;774;1 133 910;-2.03%
31/07/2019;1 400;1 425;1 425;1 400;1 074;1 517 025;-3.45%
01/08/2019;1 420;1 400;1 420;1 400;1 094;1 542 540;1.43%
02/08/2019;1 400;1 400;1 400;1 400;941;1 317 400;-1.41%
05/08/2019;1 420;1 400;1 420;1 400;3 596;5 070 360;1.43%
06/08/2019;1 400;1 420;1 420;1 400;1 307;1 842 870;-1.41%
07/08/2019;1 400;1 420;1 420;1 400;1 307;1 842 870;0.00%
08/08/2019;1 415;1 400;1 415;1 400;2 374;3 341 405;1.07%
09/08/2019;1 410;1 400;1 410;1 400;2 035;2 859 175;-0.35%
12/08/2019;1 410;1 400;1 410;1 400;2 035;2 859 175;0.00%
13/08/2019;1 410;1 400;1 410;1 400;3 068;4 310 540;0.00%
14/08/2019;1 410;1 410;1 410;1 410;462;651 420;0.00%
15/08/2019;1 410;1 410;1 410;1 410;462;651 420;0.00%
16/08/2019;1 415;1 410;1 415;1 410;1 127;1 591 888;0.35%
19/08/2019;1 400;1 415;1 415;1 400;1 778;2 502 535;-1.06%
20/08/2019;1 410;1 415;1 415;1 410;208;293 800;0.71%
21/08/2019;1 425;1 410;1 425;1 410;1 072;1 519 560;1.06%
23/08/2019;1 425;1 425;1 425;1 425;517;736 725;-1.72%
26/08/2019;1 425;1 425;1 425;1 425;1 432;2 040 600;0.00%
27/08/2019;1 425;1 430;1 430;1 425;681;972 128;0.00%
28/08/2019;1 425;1 425;1 425;1 425;120;171 000;0.00%
29/08/2019;1 425;1 425;1 425;1 425;108;153 900;0.00%
30/08/2019;1 420;1 420;1 420;1 420;637;904 540;-0.35%
02/09/2019;1 420;1 420;1 420;1 420;1;1 420;0.00%
03/09/2019;1 420;1 415;1 420;1 415;3 781;5 359 568;0.00%
04/09/2019;1 420;1 425;1 425;1 420;9 888;14 065 680;0.00%
05/09/2019;1 450;1 420;1 450;1 420;6 673;9 575 755;2.11%
06/09/2019;1 450;1 450;1 450;1 450;2 494;3 616 300;0.00%
09/09/2019;1 440;1 400;1 440;1 400;227;322 340;-0.69%
10/09/2019;1 400;1 400;1 400;1 400;30;42 000;-2.78%
11/09/2019;1 400;1 420;1 420;1 400;152;214 320;0.00%
12/09/2019;1 395;1 400;1 400;1 395;135;188 663;-0.36%
13/09/2019;1 385;1 395;1 395;1 385;122;169 580;-0.72%
16/09/2019;1 380;1 380;1 380;1 380;114;157 320;-0.36%
17/09/2019;1 375;1 375;1 375;1 375;219;301 125;-0.36%
18/09/2019;1 365;1 375;1 375;1 365;60;82 200;-0.73%
19/09/2019;1 365;1 350;1 365;1 350;1 547;2 100 053;0.00%
20/09/2019;1 365;1 365;1 365;1 365;978;1 334 970;0.00%
23/09/2019;1 340;1 340;1 340;1 340;25;33 500;-1.83%
24/09/2019;1 325;1 330;1 330;1 325;126;167 265;-1.12%
25/09/2019;1 295;1 300;1 300;1 295;1 831;2 375 723;-2.26%
26/09/2019;1 295;1 290;1 295;1 290;75;96 938;0.00%
27/09/2019;1 295;1 295;1 295;1 295;511;661 745;0.00%
30/09/2019;1 280;1 295;1 295;1 280;1 496;1 926 100;-1.16%
01/10/2019;1 270;1 270;1 270;1 270;391;496 570;-0.78%
02/10/2019;1 270;1 250;1 270;1 250;1 450;1 827 000;0.00%
04/10/2019;1 260;1 265;1 265;1 260;125;157 813;-0.79%
07/10/2019;1 205;1 250;1 250;1 205;266;326 515;-4.37%
08/10/2019;1 185;1 200;1 200;1 185;643;766 778;-1.66%
09/10/2019;1 200;1 185;1 200;1 185;5 506;6 565 905;1.27%
10/10/2019;1 200;1 200;1 200;1 200;466;559 200;0.00%
11/10/2019;1 200;1 195;1 200;1 195;1 130;1 353 175;0.00%
14/10/2019;1 200;1 200;1 200;1 200;848;1 017 600;0.00%
15/10/2019;1 200;1 200;1 200;1 200;323;387 600;0.00%
16/10/2019;1 200;1 195;1 200;1 195;5 797;6 941 908;0.00%
17/10/2019;1 200;1 200;1 200;1 200;243;291 600;0.00%
18/10/2019;1 200;1 200;1 200;1 200;2 296;2 755 200;0.00%
21/10/2019;1 205;1 205;1 205;1 205;1 781;2 146 105;0.42%
22/10/2019;1 205;1 205;1 205;1 205;1 806;2 176 230;0.00%
23/10/2019;1 275;1 205;1 275;1 205;1 469;1 821 560;5.81%
24/10/2019;1 205;1 205;1 205;1 205;600;723 000;-5.49%
25/10/2019;1 280;1 280;1 280;1 280;253;323 840;6.22%
28/10/2019;1 375;1 250;1 375;1 250;1 980;2 598 750;7.42%
29/10/2019;1 315;1 340;1 340;1 315;589;781 898;-4.36%
30/10/2019;1 250;1 300;1 300;1 250;1 254;1 598 850;-4.94%
31/10/2019;1 250;1 300;1 300;1 250;1 139;1 452 225;0.00%
01/11/2019;1 250;1 300;1 300;1 250;1 139;1 452 225;0.00%
04/11/2019;1 300;1 250;1 300;1 250;1 360;1 734 000;4.00%
05/11/2019;1 340;1 340;1 340;1 340;5;6 700;3.08%
06/11/2019;1 300;1 300;1 300;1 300;1 044;1 357 200;-2.99%
07/11/2019;1 295;1 295;1 295;1 295;2 149;2 782 955;-0.38%
08/11/2019;1 300;1 200;1 300;1 200;4 050;5 062 500;0.39%
11/11/2019;1 350;1 300;1 350;1 300;187;247 775;3.85%
12/11/2019;1 345;1 345;1 345;1 345;630;847 350;-0.37%
13/11/2019;1 335;1 350;1 350;1 335;736;988 080;-0.74%
14/11/2019;1 340;1 300;1 340;1 300;700;924 000;0.37%
18/11/2019;1 250;1 250;1 250;1 250;3 000;3 750 000;-6.72%
19/11/2019;1 210;1 250;1 250;1 210;40 155;49 390 650;-3.20%
21/11/2019;1 300;1 310;1 310;1 300;300;391 500;0.00%
22/11/2019;1 300;1 300;1 300;1 300;310;403 000;0.00%
25/11/2019;1 300;1 300;1 300;1 300;1 430;1 859 000;0.00%
26/11/2019;1 305;1 325;1 325;1 305;90;118 350;0.38%
27/11/2019;1 305;1 305;1 305;1 305;1 664;2 171 520;0.00%
28/11/2019;1 400;1 305;1 400;1 305;3 529;4 772 973;7.28%
29/11/2019;1 335;1 335;1 335;1 335;4 869;6 500 115;-4.64%
02/12/2019;1 330;1 340;1 340;1 330;322;429 870;-0.37%
03/12/2019;1 300;1 335;1 335;1 300;3 892;5 127 710;-2.26%
05/12/2019;1 300;1 300;1 300;1 300;250;325 000;0.00%
06/12/2019;1 300;1 300;1 300;1 300;716;930 800;0.00%
09/12/2019;1 300;1 300;1 300;1 300;964;1 253 200;0.00%
10/12/2019;1 335;1 300;1 335;1 300;29 322;38 631 735;2.69%
11/12/2019;1 325;1 335;1 335;1 325;1 239;1 647 870;-0.75%
12/12/2019;1 335;1 310;1 335;1 310;16 976;22 450 760;0.75%
13/12/2019;1 335;1 335;1 335;1 335;1 250;1 668 750;0.00%
16/12/2019;1 400;1 335;1 400;1 335;37 955;51 903 463;4.87%
17/12/2019;1 500;1 390;1 500;1 390;3 425;4 949 125;7.14%
19/12/2019;1 500;1 480;1 500;1 480;510;759 900;0.00%
20/12/2019;1 500;1 480;1 500;1 480;1 598;2 381 020;0.00%
23/12/2019;1 600;1 500;1 600;1 500;5 101;7 906 550;6.67%
24/12/2019;1 700;1 500;1 700;1 500;6 647;10 635 200;6.25%
25/12/2019;1 700;1 500;1 700;1 500;6 647;10 635 200;0.00%
26/12/2019;1 700;1 690;1 700;1 690;2 418;4 098 510;0.00%
27/12/2019;1 700;1 695;1 700;1 695;5 220;8 860 950;0.00%
30/12/2019;1 750;1 700;1 750;1 700;5 249;9 054 525;2.94%
31/12/2019;1 700;1 690;1 700;1 690;1 938 137;3 285 142 215;-2.86%
01/01/2020;1 700;1 690;1 700;1 690;1 938 137;3 285 142 215;0.00%
02/01/2020;1 700;1 700;1 700;1 700;141;239 700;0.00%
06/01/2020;1 690;1 690;1 690;1 690;50;84 500;-0.59%
07/01/2020;1 565;1 565;1 565;1 565;100;156 500;-7.40%
08/01/2020;1 500;1 500;1 500;1 500;1 022;1 533 000;-4.15%
09/01/2020;1 500;1 500;1 500;1 500;478;717 000;0.00%
10/01/2020;1 400;1 500;1 500;1 400;334;484 300;-6.67%
13/01/2020;1 305;1 300;1 305;1 300;3 150;4 102 875;-6.79%
14/01/2020;1 300;1 305;1 305;1 300;1 390;1 810 475;-0.38%
15/01/2020;1 300;1 300;1 300;1 300;986;1 281 800;0.00%
16/01/2020;1 300;1 300;1 300;1 300;589;765 700;0.00%
17/01/2020;1 300;1 300;1 300;1 300;1 398;1 817 400;0.00%
20/01/2020;1 300;1 300;1 300;1 300;679;882 700;0.00%
21/01/2020;1 330;1 330;1 330;1 330;7;9 310;2.31%
22/01/2020;1 330;1 330;1 330;1 330;1 026;1 364 580;0.00%
23/01/2020;1 425;1 330;1 425;1 330;7 940;10 937 350;7.14%
24/01/2020;1 425;1 425;1 425;1 425;108;153 900;0.00%
27/01/2020;1 425;1 400;1 425;1 400;2 279;3 219 088;0.00%
28/01/2020;1 400;1 400;1 400;1 400;2 092;2 928 800;-1.75%
29/01/2020;1 400;1 400;1 400;1 400;1 891;2 647 400;0.00%
30/01/2020;1 400;1 400;1 400;1 400;136;190 400;0.00%
31/01/2020;1 500;1 495;1 500;1 495;135;202 163;7.14%
03/02/2020;1 400;1 425;1 425;1 400;3 532;4 988 950;-6.67%
04/02/2020;1 400;1 400;1 400;1 400;109;152 600;0.00%
05/02/2020;1 450;1 405;1 450;1 405;7 737;11 044 568;3.57%
06/02/2020;1 450;1 450;1 450;1 450;7 643;11 082 350;0.00%
07/02/2020;1 450;1 450;1 450;1 450;5 000;7 250 000;0.00%
10/02/2020;1 450;1 455;1 455;1 450;871;1 265 128;0.00%
11/02/2020;1 450;1 450;1 450;1 450;25 898;37 552 100;0.00%
12/02/2020;1 450;1 450;1 450;1 450;25 898;37 552 100;0.00%
13/02/2020;1 450;1 450;1 450;1 450;20;29 000;0.00%
14/02/2020;1 450;1 450;1 450;1 450;430;623 500;0.00%
17/02/2020;1 450;1 455;1 455;1 450;3 500;5 083 750;0.00%
18/02/2020;1 450;1 460;1 460;1 450;2 420;3 521 100;0.00%
19/02/2020;1 495;1 450;1 495;1 450;524;771 590;3.10%
20/02/2020;1 450;1 500;1 500;1 450;203;299 425;-3.01%
24/02/2020;1 450;1 500;1 500;1 450;1 058;1 560 550;0.00%
25/02/2020;1 455;1 450;1 455;1 450;135;196 088;0.34%
26/02/2020;1 450;1 450;1 450;1 450;512;742 400;-0.34%
27/02/2020;1 450;1 460;1 460;1 450;58;84 390;0.00%
28/02/2020;1 500;1 500;1 500;1 500;5;7 500;3.45%
02/03/2020;1 495;1 495;1 495;1 495;33;49 335;-0.33%
03/03/2020;1 495;1 495;1 495;1 495;21;31 395;0.00%
04/03/2020;1 450;1 450;1 450;1 450;74;107 300;-3.01%
05/03/2020;1 450;1 450;1 450;1 450;231;334 950;0.00%
09/03/2020;1 450;1 460;1 460;1 450;2 545;3 702 975;0.00%
10/03/2020;1 460;1 460;1 460;1 460;80;116 800;0.69%
11/03/2020;1 480;1 470;1 480;1 470;1 371;2 022 225;1.37%
12/03/2020;1 500;1 490;1 500;1 490;108;161 460;1.35%
13/03/2020;1 495;1 500;1 500;1 495;200;299 500;-0.33%
16/03/2020;1 500;1 480;1 500;1 480;4 881;7 272 690;0.33%
17/03/2020;1 495;1 500;1 500;1 495;3 924;5 876 190;-0.33%
18/03/2020;1 490;1 480;1 490;1 480;362;537 570;-0.33%
19/03/2020;1 485;1 490;1 490;1 485;1 261;1 875 738;-0.34%
20/03/2020;1 480;1 480;1 480;1 480;800;1 184 000;-0.34%
23/03/2020;1 450;1 480;1 480;1 450;633;927 345;-2.03%
24/03/2020;1 425;1 400;1 425;1 400;839;1 185 088;-1.72%
25/03/2020;1 400;1 400;1 400;1 400;483;676 200;-1.75%
26/03/2020;1 350;1 300;1 350;1 300;12 011;15 914 575;-3.57%
30/03/2020;1 300;1 300;1 300;1 300;1 560;2 028 000;-3.70%
31/03/2020;1 300;1 300;1 300;1 300;525;682 500;0.00%
01/04/2020;1 295;1 295;1 295;1 295;36;46 620;-0.38%
02/04/2020;1 200;1 260;1 260;1 200;901;1 108 230;-7.34%
03/04/2020;1 290;1 205;1 290;1 205;380;474 050;7.50%
06/04/2020;1 290;1 285;1 290;1 285;490;630 875;0.00%
07/04/2020;1 230;1 290;1 290;1 230;790;995 400;-4.65%
08/04/2020;1 275;1 300;1 300;1 275;46;59 225;3.66%
09/04/2020;1 275;1 275;1 275;1 275;231;294 525;0.00%
14/04/2020;1 265;1 300;1 300;1 265;543;696 398;-0.78%
15/04/2020;1 265;1 300;1 300;1 265;1 040;1 333 800;0.00%
16/04/2020;1 265;1 265;1 265;1 265;897;1 134 705;0.00%
17/04/2020;1 265;1 265;1 265;1 265;8 581;10 854 965;0.00%
20/04/2020;1 265;1 265;1 265;1 265;229;289 685;0.00%
21/04/2020;1 265;1 260;1 265;1 260;901;1 137 513;0.00%
23/04/2020;1 280;1 280;1 280;1 280;500;640 000;1.19%
24/04/2020;1 350;1 290;1 350;1 290;100;132 000;5.47%
27/04/2020;1 350;1 350;1 350;1 350;89;120 150;0.00%
28/04/2020;1 350;1 350;1 350;1 350;1 362;1 838 700;0.00%
29/04/2020;1 350;1 350;1 350;1 350;1 882;2 540 700;0.00%
30/04/2020;1 350;1 350;1 350;1 350;3 144;4 244 400;0.00%
01/05/2020;1 350;1 350;1 350;1 350;3 144;4 244 400;0.00%
04/05/2020;1 350;1 350;1 350;1 350;3 044;4 109 400;0.00%
05/05/2020;1 350;1 310;1 350;1 310;530;704 900;0.00%
06/05/2020;1 350;1 400;1 400;1 350;63;86 625;0.00%
07/05/2020;1 350;1 350;1 350;1 350;219;295 650;0.00%
11/05/2020;1 400;1 400;1 400;1 400;27;37 800;3.70%
12/05/2020;1 400;1 400;1 400;1 400;622;870 800;0.00%
13/05/2020;1 400;1 400;1 400;1 400;2 166;3 032 400;0.00%
14/05/2020;1 400;1 400;1 400;1 400;2 199;3 078 600;0.00%
15/05/2020;1 400;1 400;1 400;1 400;413;578 200;0.00%
18/05/2020;1 400;1 400;1 400;1 400;14;19 600;0.00%
19/05/2020;1 400;1 400;1 400;1 400;15;21 000;0.00%
22/05/2020;1 400;1 400;1 400;1 400;582;814 800;0.00%
25/05/2020;1 400;1 400;1 400;1 400;72;100 800;0.00%
26/05/2020;1 400;1 400;1 400;1 400;79;110 600;0.00%
27/05/2020;1 400;1 400;1 400;1 400;79;110 600;0.00%
28/05/2020;1 400;1 400;1 400;1 400;542;758 800;0.00%
29/05/2020;1 400;1 400;1 400;1 400;282;394 800;0.00%
01/06/2020;1 400;1 400;1 400;1 400;282;394 800;0.00%
02/06/2020;1 400;1 400;1 400;1 400;245;343 000;0.00%
03/06/2020;1 400;1 400;1 400;1 400;417;583 800;0.00%
04/06/2020;1 400;1 450;1 450;1 400;476;678 300;0.00%
05/06/2020;1 400;1 400;1 400;1 400;173;242 200;0.00%
08/06/2020;1 395;1 395;1 395;1 395;45;62 775;-0.36%
10/06/2020;1 390;1 390;1 390;1 390;68;94 520;-0.36%
11/06/2020;1 385;1 385;1 385;1 385;323;447 355;-0.36%
12/06/2020;1 395;1 385;1 395;1 385;505;701 950;0.72%
15/06/2020;1 395;1 390;1 395;1 390;348;484 590;0.00%
16/06/2020;1 400;1 395;1 400;1 395;472;659 620;0.36%
17/06/2020;1 400;1 395;1 400;1 395;2 391;3 341 423;0.00%
19/06/2020;1 415;1 410;1 415;1 410;4;5 650;1.07%
22/06/2020;1 410;1 500;1 500;1 410;227;330 285;-0.35%
24/06/2020;1 410;1 410;1 410;1 410;600;846 000;0.00%
25/06/2020;1 410;1 410;1 410;1 410;285;401 850;0.00%
26/06/2020;1 405;1 410;1 410;1 405;3 550;4 996 625;-0.35%
29/06/2020;1 405;1 410;1 410;1 405;1 280;1 801 600;0.00%
30/06/2020;1 405;1 405;1 405;1 405;364;511 420;0.00%
01/07/2020;1 405;1 405;1 405;1 405;2 500;3 512 500;0.00%
02/07/2020;1 405;1 410;1 410;1 405;34 193;48 126 648;0.00%
06/07/2020;1 390;1 405;1 405;1 390;622;869 245;-1.07%
07/07/2020;1 300;1 300;1 300;1 300;743;965 900;-6.47%
08/07/2020;1 330;1 330;1 330;1 330;1 574;2 093 420;2.31%
09/07/2020;1 390;1 305;1 390;1 305;1 564;2 107 490;4.51%
10/07/2020;1 350;1 350;1 350;1 350;110;148 500;-2.88%
13/07/2020;1 325;1 350;1 350;1 325;1 304;1 744 100;-1.85%
14/07/2020;1 230;1 315;1 315;1 230;1 219;1 551 178;-7.17%
15/07/2020;1 205;1 230;1 230;1 205;6 926;8 432 405;-2.03%
16/07/2020;1 295;1 295;1 295;1 295;171;221 445;7.47%
17/07/2020;1 290;1 300;1 300;1 290;213;275 835;-0.39%
20/07/2020;1 285;1 290;1 290;1 285;339;436 463;-0.39%
21/07/2020;1 280;1 285;1 285;1 280;267;342 428;-0.39%
22/07/2020;1 250;1 250;1 250;1 250;323;403 750;-2.34%
23/07/2020;1 225;1 230;1 230;1 225;623;764 733;-2.00%
24/07/2020;1 230;1 230;1 230;1 230;536;659 280;0.41%
27/07/2020;1 230;1 240;1 240;1 230;1 000;1 235 000;0.00%
28/07/2020;1 290;1 230;1 290;1 230;1 550;1 953 000;4.88%
29/07/2020;1 290;1 290;1 290;1 290;780;1 006 200;0.00%
30/07/2020;1 290;1 280;1 290;1 280;790;1 015 150;0.00%
31/07/2020;1 290;1 280;1 290;1 280;790;1 015 150;0.00%
03/08/2020;1 280;1 285;1 285;1 280;300;384 750;-0.78%
04/08/2020;1 280;1 290;1 290;1 280;15;19 275;0.00%
05/08/2020;1 290;1 250;1 290;1 250;665;844 550;0.78%
06/08/2020;1 280;1 280;1 280;1 280;100;128 000;-0.78%
07/08/2020;1 280;1 280;1 280;1 280;100;128 000;0.00%
10/08/2020;1 290;1 290;1 290;1 290;322;415 380;0.78%
11/08/2020;1 290;1 285;1 290;1 285;1 778;2 289 175;0.00%
12/08/2020;1 290;1 290;1 290;1 290;236;304 440;0.00%
13/08/2020;1 295;1 290;1 295;1 290;609;787 133;0.39%
14/08/2020;1 280;1 290;1 290;1 280;236;303 260;-1.16%
17/08/2020;1 280;1 280;1 280;1 280;83;106 240;0.00%
18/08/2020;1 250;1 250;1 250;1 250;701;876 250;-2.34%
21/08/2020;1 200;1 200;1 200;1 200;271;325 200;-4.00%
24/08/2020;1 225;1 225;1 225;1 225;2 099;2 571 275;2.08%
25/08/2020;1 280;1 280;1 280;1 280;50;64 000;4.49%
26/08/2020;1 305;1 280;1 305;1 280;566;731 555;1.95%
27/08/2020;1 300;1 305;1 305;1 300;245;319 113;-0.38%
28/08/2020;1 300;1 300;1 300;1 300;11 987;15 583 100;0.00%
31/08/2020;1 280;1 310;1 310;1 280;1 030;1 333 850;-1.54%
01/09/2020;1 280;1 275;1 280;1 275;50;63 875;0.00%
02/09/2020;1 250;1 250;1 250;1 250;83;103 750;-2.34%
03/09/2020;1 250;1 250;1 250;1 250;50;62 500;0.00%
04/09/2020;1 250;1 230;1 250;1 230;1 572;1 949 280;0.00%
07/09/2020;1 250;1 250;1 250;1 250;175;218 750;0.00%
08/09/2020;1 250;1 250;1 250;1 250;1 316;1 645 000;0.00%
09/09/2020;1 250;1 255;1 255;1 250;848;1 062 120;0.00%
10/09/2020;1 250;1 250;1 250;1 250;132;165 000;0.00%
11/09/2020;1 250;1 250;1 250;1 250;125;156 250;0.00%
14/09/2020;1 250;1 250;1 250;1 250;2 348;2 935 000;0.00%
15/09/2020;1 280;1 250;1 280;1 250;2 002;2 532 530;2.40%
16/09/2020;1 300;1 300;1 300;1 300;996;1 294 800;1.56%
18/09/2020;1 300;1 300;1 300;1 300;60;78 000;0.00%
21/09/2020;1 275;1 275;1 275;1 275;1 050;1 338 750;-1.92%
22/09/2020;1 280;1 275;1 280;1 275;1 304;1 665 860;0.39%
23/09/2020;1 280;1 275;1 280;1 275;1 304;1 665 860;0.00%
24/09/2020;1 280;1 275;1 280;1 275;1 304;1 665 860;0.00%
25/09/2020;1 280;1 275;1 280;1 275;1 304;1 665 860;0.00%
28/09/2020;1 300;1 300;1 300;1 300;574;746 200;1.56%
29/09/2020;1 300;1 295;1 300;1 295;1 051;1 363 673;0.00%
30/09/2020;1 300;1 250;1 300;1 250;3 421;4 361 775;0.00%
01/10/2020;1 280;1 285;1 285;1 280;330;423 225;-1.54%
02/10/2020;1 280;1 280;1 280;1 280;7 924;10 142 720;0.00%
05/10/2020;1 280;1 280;1 280;1 280;10;12 800;0.00%
06/10/2020;1 280;1 280;1 280;1 280;5 816;7 444 480;0.00%
07/10/2020;1 285;1 280;1 285;1 280;2 005;2 571 413;0.39%
08/10/2020;1 280;1 285;1 285;1 280;455;583 538;-0.39%
09/10/2020;1 280;1 255;1 280;1 255;27;34 223;0.00%
12/10/2020;1 280;1 255;1 280;1 255;27;34 223;0.00%
13/10/2020;1 280;1 270;1 280;1 270;544;693 600;0.00%
14/10/2020;1 285;1 280;1 285;1 280;103;132 098;0.39%
15/10/2020;1 280;1 280;1 280;1 280;355;454 400;-0.39%
16/10/2020;1 280;1 285;1 285;1 280;983;1 260 698;0.00%
19/10/2020;1 280;1 280;1 280;1 280;20;25 600;0.00%
20/10/2020;1 280;1 280;1 280;1 280;118;151 040;0.00%
21/10/2020;1 275;1 275;1 275;1 275;304;387 600;-0.39%
22/10/2020;1 280;1 280;1 280;1 280;410;524 800;0.39%
23/10/2020;1 280;1 280;1 280;1 280;247;316 160;0.00%
26/10/2020;1 280;1 275;1 280;1 275;135;172 463;0.00%
27/10/2020;1 270;1 270;1 270;1 270;100;127 000;-0.78%
28/10/2020;1 280;1 270;1 280;1 270;2 377;3 030 675;0.79%
29/10/2020;1 280;1 270;1 280;1 270;2 377;3 030 675;0.00%
30/10/2020;1 280;1 275;1 280;1 275;1 101;1 406 528;0.00%
02/11/2020;1 275;1 275;1 275;1 275;160;204 000;-0.39%
03/11/2020;1 265;1 275;1 275;1 265;3 509;4 456 430;-0.78%
04/11/2020;1 280;1 280;1 280;1 280;20;25 600;1.19%
05/11/2020;1 275;1 270;1 275;1 270;976;1 241 960;-0.39%
06/11/2020;1 280;1 275;1 280;1 275;417;532 718;0.39%
09/11/2020;1 300;1 275;1 300;1 275;2 812;3 620 450;1.56%
10/11/2020;1 300;1 300;1 300;1 300;2 787;3 623 100;0.00%
11/11/2020;1 350;1 300;1 350;1 300;3 861;5 115 825;3.85%
12/11/2020;1 350;1 350;1 350;1 350;538;726 300;0.00%
13/11/2020;1 275;1 375;1 375;1 275;24 124;31 964 300;-5.56%
16/11/2020;1 370;1 300;1 370;1 300;148;197 580;7.45%
17/11/2020;1 470;1 390;1 470;1 390;574;820 820;7.30%
18/11/2020;1 550;1 495;1 550;1 495;2 150;3 273 375;5.44%
19/11/2020;1 545;1 470;1 545;1 470;785;1 183 388;-0.32%
20/11/2020;1 500;1 500;1 500;1 500;354;531 000;-2.91%
23/11/2020;1 500;1 500;1 500;1 500;43 564;65 346 000;0.00%
24/11/2020;1 470;1 470;1 470;1 470;176;258 720;-2.00%
25/11/2020;1 455;1 455;1 455;1 455;15;21 825;-1.02%
26/11/2020;1 450;1 350;1 450;1 350;170;238 000;-0.34%
27/11/2020;1 400;1 400;1 400;1 400;40;56 000;-3.45%
01/12/2020;1 500;1 375;1 500;1 375;17 194;24 716 375;7.14%
02/12/2020;1 580;1 400;1 580;1 400;2 866;4 270 340;5.33%
03/12/2020;1 500;1 500;1 500;1 500;329;493 500;-5.06%
04/12/2020;1 500;1 490;1 500;1 490;5 061;7 566 195;0.00%
07/12/2020;1 600;1 490;1 600;1 490;2 239;3 459 255;6.67%
08/12/2020;1 500;1 500;1 500;1 500;667;1 000 500;-6.25%
09/12/2020;1 495;1 500;1 500;1 495;214;320 465;-0.33%
10/12/2020;1 450;1 500;1 500;1 450;155;228 625;-3.01%
11/12/2020;1 480;1 450;1 480;1 450;201;294 465;2.07%
14/12/2020;1 480;1 455;1 480;1 455;600;880 500;0.00%
15/12/2020;1 425;1 400;1 425;1 400;820;1 158 250;-3.72%
16/12/2020;1 500;1 480;1 500;1 480;223;332 270;5.26%
17/12/2020;1 500;1 480;1 500;1 480;630;938 700;0.00%
18/12/2020;1 450;1 450;1 450;1 450;2 813;4 078 850;-3.33%
21/12/2020;1 500;1 450;1 500;1 450;147;216 825;3.45%
22/12/2020;1 500;1 500;1 500;1 500;13 045;19 567 500;0.00%
23/12/2020;1 500;1 500;1 500;1 500;12 287;18 430 500;0.00%
24/12/2020;1 550;1 495;1 550;1 495;15 738;23 961 105;3.33%
25/12/2020;1 550;1 495;1 550;1 495;15 738;23 961 105;0.00%
28/12/2020;1 660;1 500;1 660;1 500;9 739;15 387 620;7.10%
29/12/2020;1 680;1 580;1 680;1 580;6 125;9 983 750;1.20%
30/12/2020;1 750;1 670;1 750;1 670;23 392;40 000 320;4.17%
31/12/2020;1 800;1 650;1 800;1 650;3 756;6 479 100;2.86%
04/01/2021;1 665;1 665;1 665;1 665;15;24 975;-7.50%
05/01/2021;1 665;1 665;1 665;1 665;60;99 900;0.00%
06/01/2021;1 630;1 635;1 635;1 630;301;491 383;-2.10%
07/01/2021;1 595;1 595;1 595;1 595;227;362 065;-2.15%
08/01/2021;1 495;1 500;1 500;1 495;465;696 338;-6.27%
11/01/2021;1 470;1 495;1 495;1 470;138;204 585;-1.67%
12/01/2021;1 460;1 470;1 470;1 460;369;540 585;-0.68%
13/01/2021;1 445;1 460;1 460;1 445;155;225 138;-1.03%
14/01/2021;1 445;1 445;1 445;1 445;1;1 445;0.00%
15/01/2021;1 430;1 430;1 430;1 430;53;75 790;-1.04%
18/01/2021;1 325;1 400;1 400;1 325;242;329 725;-7.34%
19/01/2021;1 300;1 300;1 300;1 300;4 395;5 713 500;-1.89%
20/01/2021;1 325;1 300;1 325;1 300;57;74 813;1.92%
21/01/2021;1 300;1 325;1 325;1 300;1 048;1 375 500;-1.89%
22/01/2021;1 300;1 325;1 325;1 300;350;459 375;0.00%
25/01/2021;1 345;1 300;1 345;1 300;95;125 638;3.46%
26/01/2021;1 345;1 300;1 345;1 300;10 755;14 223 488;0.00%
27/01/2021;1 345;1 345;1 345;1 345;201;270 345;0.00%
28/01/2021;1 400;1 345;1 400;1 345;1 173;1 609 943;4.09%
29/01/2021;1 350;1 345;1 350;1 345;4 471;6 024 673;-3.57%
01/02/2021;1 350;1 350;1 350;1 350;259;349 650;0.00%
02/02/2021;1 345;1 345;1 345;1 345;219;294 555;-0.37%
03/02/2021;1 345;1 340;1 345;1 340;465;624 263;0.00%
04/02/2021;1 300;1 300;1 300;1 300;1 335;1 735 500;-3.35%
05/02/2021;1 270;1 300;1 300;1 270;1 716;2 205 060;-2.31%
08/02/2021;1 275;1 270;1 275;1 270;6 221;7 916 223;0.39%
09/02/2021;1 285;1 300;1 300;1 285;850;1 098 625;0.78%
11/02/2021;1 290;1 300;1 300;1 290;175;226 625;0.39%
12/02/2021;1 290;1 290;1 290;1 290;285;367 650;0.00%
16/02/2021;1 300;1 295;1 300;1 295;428;555 330;0.78%
17/02/2021;1 345;1 300;1 345;1 300;1 391;1 839 598;3.46%
18/02/2021;1 300;1 300;1 300;1 300;1 893;2 460 900;-3.35%
19/02/2021;1 305;1 345;1 345;1 305;115;152 375;0.38%
23/02/2021;1 300;1 310;1 310;1 300;1 000;1 305 000;-0.38%
24/02/2021;1 300;1 310;1 310;1 300;196;255 780;0.00%
25/02/2021;1 300;1 300;1 300;1 300;11;14 300;0.00%
26/02/2021;1 300;1 300;1 300;1 300;400;520 000;0.00%
02/03/2021;1 305;1 310;1 310;1 305;1 878;2 455 485;0.38%
03/03/2021;1 355;1 355;1 355;1 355;240;325 200;3.83%
04/03/2021;1 355;1 350;1 355;1 350;1 948;2 634 670;0.00%
05/03/2021;1 350;1 350;1 350;1 350;403;544 050;-0.37%
08/03/2021;1 355;1 350;1 355;1 350;65;87 913;0.37%
09/03/2021;1 355;1 355;1 355;1 355;4;5 420;0.00%
10/03/2021;1 340;1 350;1 350;1 340;624;839 280;-1.11%
11/03/2021;1 340;1 340;1 340;1 340;431;577 540;0.00%
12/03/2021;1 350;1 350;1 350;1 350;691;932 850;0.75%
15/03/2021;1 340;1 350;1 350;1 340;2 024;2 722 280;-0.74%
16/03/2021;1 340;1 340;1 340;1 340;2 224;2 980 160;0.00%
17/03/2021;1 340;1 340;1 340;1 340;1 062;1 423 080;0.00%
18/03/2021;1 300;1 330;1 330;1 300;589;774 535;-2.99%
19/03/2021;1 355;1 300;1 355;1 300;1 820;2 416 050;4.23%
22/03/2021;1 395;1 395;1 395;1 395;1 003;1 399 185;2.95%
23/03/2021;1 355;1 385;1 385;1 355;161;220 570;-2.87%
24/03/2021;1 355;1 355;1 355;1 355;3 168;4 292 640;0.00%
25/03/2021;1 360;1 360;1 360;1 360;130;176 800;0.37%
26/03/2021;1 360;1 360;1 360;1 360;132;179 520;0.00%
29/03/2021;1 400;1 360;1 400;1 360;799;1 102 620;2.94%
30/03/2021;1 400;1 400;1 400;1 400;574;803 600;0.00%
31/03/2021;1 395;1 395;1 395;1 395;33;46 035;-0.36%
01/04/2021;1 400;1 400;1 400;1 400;2;2 800;0.36%
02/04/2021;1 395;1 400;1 400;1 395;47;65 683;-0.36%
05/04/2021;1 395;1 400;1 400;1 395;47;65 683;0.00%
06/04/2021;1 395;1 330;1 395;1 330;2 986;4 068 425;0.00%
07/04/2021;1 390;1 390;1 390;1 390;45;62 550;-0.36%
08/04/2021;1 390;1 390;1 390;1 390;2;2 780;0.00%
09/04/2021;1 385;1 385;1 385;1 385;22;30 470;-0.36%
12/04/2021;1 385;1 385;1 385;1 385;104;144 040;0.00%
13/04/2021;1 300;1 385;1 385;1 300;1 530;2 054 025;-6.14%
14/04/2021;1 375;1 300;1 375;1 300;138;184 575;5.77%
15/04/2021;1 300;1 305;1 305;1 300;1 070;1 393 675;-5.45%
19/04/2021;1 300;1 305;1 305;1 300;627;816 668;0.00%
20/04/2021;1 300;1 300;1 300;1 300;7 860;10 218 000;0.00%
21/04/2021;1 285;1 295;1 295;1 285;160;206 400;-1.15%
22/04/2021;1 285;1 285;1 285;1 285;170;218 450;0.00%
23/04/2021;1 270;1 285;1 285;1 270;2 042;2 608 655;-1.17%
26/04/2021;1 270;1 270;1 270;1 270;57;72 390;0.00%
27/04/2021;1 275;1 285;1 285;1 275;249;318 720;0.39%
28/04/2021;1 300;1 285;1 300;1 285;1 191;1 539 368;1.96%
29/04/2021;1 300;1 300;1 300;1 300;626;813 800;0.00%
30/04/2021;1 365;1 305;1 365;1 305;1 879;2 508 465;5.00%
03/05/2021;1 340;1 340;1 340;1 340;1 846;2 473 640;-1.83%
04/05/2021;1 300;1 340;1 340;1 300;470;620 400;-2.99%
05/05/2021;1 300;1 300;1 300;1 300;525;682 500;0.00%
06/05/2021;1 320;1 300;1 320;1 300;310;406 100;1.54%
07/05/2021;1 400;1 320;1 400;1 320;6 627;9 012 720;6.06%
10/05/2021;1 405;1 400;1 405;1 400;1 401;1 964 903;0.36%
11/05/2021;1 400;1 400;1 400;1 400;1 202;1 682 800;-0.36%
12/05/2021;1 400;1 400;1 400;1 400;1 202;1 682 800;0.00%
14/05/2021;1 405;1 400;1 405;1 400;2 607;3 656 318;0.36%
17/05/2021;1 445;1 400;1 445;1 400;1 347;1 916 108;2.85%
18/05/2021;1 410;1 410;1 410;1 410;1 276;1 799 160;-2.42%
19/05/2021;1 400;1 410;1 410;1 400;4 880;6 856 400;-0.71%
20/05/2021;1 405;1 400;1 405;1 400;3 786;5 309 865;0.36%
21/05/2021;1 445;1 405;1 445;1 405;3 706;5 281 050;2.85%
24/05/2021;1 445;1 405;1 445;1 405;3 706;5 281 050;0.00%
25/05/2021;1 440;1 440;1 440;1 440;373;537 120;-0.35%
26/05/2021;1 430;1 435;1 435;1 430;286;409 695;-0.69%
27/05/2021;1 410;1 420;1 420;1 410;2 099;2 970 085;-1.40%
28/05/2021;1 445;1 440;1 445;1 440;6 292;9 076 210;2.48%
31/05/2021;1 445;1 445;1 445;1 445;975;1 408 875;0.00%
01/06/2021;1 440;1 445;1 445;1 440;1 496;2 157 980;-0.35%
02/06/2021;1 450;1 445;1 450;1 445;679;982 853;0.69%
03/06/2021;1 450;1 440;1 450;1 440;450;650 250;0.00%
04/06/2021;1 485;1 450;1 485;1 450;210;308 175;2.41%
07/06/2021;1 495;1 485;1 495;1 485;3 103;4 623 470;0.67%
08/06/2021;1 560;1 495;1 560;1 495;3 307;5 051 443;4.35%
09/06/2021;1 645;1 560;1 645;1 560;4 369;7 001 323;5.45%
10/06/2021;1 600;1 600;1 600;1 600;486;777 600;-2.74%
11/06/2021;1 480;1 575;1 575;1 480;3 412;5 211 830;-7.50%
14/06/2021;1 590;1 590;1 590;1 590;1 390;2 210 100;7.43%
15/06/2021;1 705;1 705;1 705;1 705;5 760;9 820 800;7.23%
16/06/2021;1 830;1 830;1 830;1 830;14 677;26 858 910;7.33%
17/06/2021;1 810;1 830;1 830;1 810;15 637;28 459 340;-1.09%
18/06/2021;1 800;1 890;1 890;1 800;3 096;5 712 120;-0.55%
21/06/2021;1 800;1 665;1 800;1 665;9 977;17 285 153;0.00%
22/06/2021;1 840;1 830;1 840;1 830;8 599;15 779 165;2.22%
23/06/2021;1 845;1 840;1 845;1 840;683;1 258 428;0.27%
24/06/2021;1 930;1 950;1 950;1 930;1 745;3 385 300;4.61%
25/06/2021;1 900;1 900;1 900;1 900;1 681;3 193 900;-1.55%
28/06/2021;1 895;1 900;1 900;1 895;354;671 715;-0.26%
29/06/2021;1 890;1 895;1 895;1 890;5 767;10 914 048;-0.26%
30/06/2021;1 890;1 890;1 890;1 890;1 074;2 029 860;0.00%
01/07/2021;1 935;1 895;1 935;1 895;258;494 070;2.38%
02/07/2021;1 945;1 935;1 945;1 935;329;638 260;0.52%
05/07/2021;1 855;1 945;1 945;1 855;1 602;3 043 800;-4.63%
06/07/2021;1 850;1 855;1 855;1 850;959;1 776 548;-0.27%
07/07/2021;1 800;1 850;1 850;1 800;10 706;19 538 450;-2.70%
08/07/2021;1 845;1 800;1 845;1 800;4 340;7 909 650;2.50%
09/07/2021;1 840;1 845;1 845;1 840;70;128 975;-0.27%
12/07/2021;1 840;1 840;1 840;1 840;875;1 610 000;0.00%
13/07/2021;1 820;1 820;1 820;1 820;1 038;1 889 160;-1.09%
14/07/2021;1 840;1 840;1 840;1 840;1 125;2 070 000;1.10%
15/07/2021;1 850;1 840;1 850;1 840;4 780;8 819 100;0.54%
16/07/2021;1 935;1 850;1 935;1 850;108;204 390;4.59%
19/07/2021;1 855;1 855;1 855;1 855;573;1 062 915;-4.13%
20/07/2021;1 855;1 855;1 855;1 855;573;1 062 915;0.00%
21/07/2021;1 900;1 925;1 925;1 900;3 599;6 883 088;2.43%
22/07/2021;1 945;1 900;1 945;1 900;5 404;10 389 190;2.37%
23/07/2021;1 905;1 950;1 950;1 905;3 480;6 707 700;-2.06%
26/07/2021;1 910;1 950;1 950;1 910;6 839;13 199 270;0.26%
27/07/2021;1 945;1 915;1 945;1 915;9 370;18 084 100;1.83%
28/07/2021;1 845;1 850;1 850;1 845;458;846 155;-5.14%
29/07/2021;1 820;1 840;1 840;1 820;197;360 510;-1.36%
30/07/2021;1 685;1 800;1 800;1 685;1 348;2 348 890;-7.42%
02/08/2021;1 680;1 685;1 685;1 680;1 381;2 323 533;-0.30%
03/08/2021;1 670;1 675;1 675;1 670;1 390;2 324 775;-0.60%
04/08/2021;1 700;1 670;1 700;1 670;1 890;3 184 650;1.80%
05/08/2021;1 695;1 700;1 700;1 695;619;1 050 753;-0.29%
06/08/2021;1 695;1 695;1 695;1 695;2 342;3 969 690;0.00%
09/08/2021;1 705;1 700;1 705;1 700;731;1 244 528;0.59%
10/08/2021;1 800;1 830;1 830;1 800;1 495;2 713 425;5.57%
11/08/2021;1 795;1 800;1 800;1 795;385;692 038;-0.28%
12/08/2021;1 775;1 775;1 775;1 775;182;323 050;-1.11%
13/08/2021;1 775;1 775;1 775;1 775;365;647 875;0.00%
16/08/2021;1 760;1 775;1 775;1 760;2 802;4 952 535;-0.85%
17/08/2021;1 755;1 760;1 760;1 755;455;799 663;-0.28%
18/08/2021;1 775;1 755;1 775;1 755;1 781;3 143 465;1.14%
19/08/2021;1 775;1 775;1 775;1 775;183;324 825;0.00%
20/08/2021;1 800;1 795;1 800;1 795;362;650 695;1.41%
23/08/2021;1 800;1 800;1 800;1 800;705;1 269 000;0.00%
24/08/2021;1 800;1 800;1 800;1 800;17 987;32 376 600;0.00%
25/08/2021;1 800;1 800;1 800;1 800;3 188;5 738 400;0.00%
26/08/2021;1 780;1 800;1 800;1 780;2 037;3 646 230;-1.11%
27/08/2021;1 800;1 780;1 800;1 780;2 155;3 857 450;1.12%
30/08/2021;1 800;1 800;1 800;1 800;2 525;4 545 000;0.00%
31/08/2021;1 785;1 800;1 800;1 785;543;973 328;-0.83%
01/09/2021;1 785;1 770;1 785;1 770;302;536 805;0.00%
02/09/2021;1 750;1 750;1 750;1 750;78;136 500;-1.96%
03/09/2021;1 750;1 700;1 750;1 700;3 215;5 545 875;0.00%
06/09/2021;1 745;1 750;1 750;1 745;797;1 392 758;-0.29%
07/09/2021;1 720;1 745;1 745;1 720;1 282;2 221 065;-1.43%
08/09/2021;1 750;1 745;1 750;1 745;961;1 679 348;1.74%
09/09/2021;1 750;1 750;1 750;1 750;540;945 000;0.00%
10/09/2021;1 740;1 750;1 750;1 740;1 224;2 135 880;-0.57%
13/09/2021;1 715;1 750;1 750;1 715;733;1 269 923;-1.44%
14/09/2021;1 740;1 740;1 740;1 740;167;290 580;1.46%
15/09/2021;1 740;1 740;1 740;1 740;3 574;6 218 760;0.00%
16/09/2021;1 720;1 740;1 740;1 720;1 021;1 766 330;-1.15%
17/09/2021;1 750;1 750;1 750;1 750;620;1 085 000;1.74%
20/09/2021;1 740;1 745;1 745;1 740;2 663;4 640 278;-0.57%
21/09/2021;1 745;1 740;1 745;1 740;1 819;3 169 608;0.29%
22/09/2021;1 785;1 740;1 785;1 740;3 130;5 516 625;2.29%
23/09/2021;1 780;1 785;1 785;1 780;3 886;6 926 795;-0.28%
24/09/2021;1 825;1 780;1 825;1 780;4 168;7 512 820;2.53%
27/09/2021;1 825;1 825;1 825;1 825;579;1 056 675;0.00%
28/09/2021;1 825;1 825;1 825;1 825;2 905;5 301 625;0.00%
29/09/2021;1 810;1 825;1 825;1 810;2 186;3 973 055;-0.82%
30/09/2021;1 785;1 780;1 785;1 780;2 396;4 270 870;-1.38%
01/10/2021;1 810;1 800;1 810;1 800;104;187 720;1.40%
04/10/2021;1 800;1 810;1 810;1 800;437;788 785;-0.55%
05/10/2021;1 815;1 800;1 815;1 800;355;641 663;0.83%
06/10/2021;1 815;1 815;1 815;1 815;1 007;1 827 705;0.00%
07/10/2021;1 820;1 815;1 820;1 815;3 711;6 744 743;0.28%
08/10/2021;1 790;1 800;1 800;1 790;2 260;4 056 700;-1.65%
11/10/2021;1 845;1 830;1 845;1 830;1 703;3 129 263;3.07%
12/10/2021;1 850;1 845;1 850;1 845;752;1 389 320;0.27%
13/10/2021;1 755;1 825;1 825;1 755;10 550;18 884 500;-5.14%
14/10/2021;1 750;1 750;1 750;1 750;291;509 250;-0.28%
15/10/2021;1 800;1 750;1 800;1 750;10 059;17 854 725;2.86%
18/10/2021;1 800;1 750;1 800;1 750;10 059;17 854 725;0.00%
19/10/2021;1 845;1 800;1 845;1 800;300;546 750;2.50%
20/10/2021;1 800;1 755;1 800;1 755;8 632;15 343 380;-2.44%
21/10/2021;1 805;1 850;1 850;1 805;2 881;5 265 028;0.28%
22/10/2021;1 840;1 805;1 840;1 805;8 441;15 383 723;1.94%
25/10/2021;1 850;1 805;1 850;1 805;666;1 217 115;0.54%
26/10/2021;1 890;1 850;1 890;1 850;3 772;7 053 640;2.16%
27/10/2021;1 890;1 895;1 895;1 890;1 271;2 405 368;0.00%
28/10/2021;1 885;1 885;1 885;1 885;690;1 300 650;-0.26%
29/10/2021;2 025;1 890;2 025;1 890;1 448;2 834 460;7.43%
01/11/2021;2 025;1 890;2 025;1 890;1 448;2 834 460;0.00%
02/11/2021;2 000;2 025;2 025;2 000;7 094;14 276 675;-1.23%
03/11/2021;1 915;2 000;2 000;1 915;2 575;5 040 563;-4.25%
04/11/2021;1 910;1 915;1 915;1 910;1 231;2 354 288;-0.26%
05/11/2021;1 890;1 890;1 890;1 890;5 530;10 451 700;-1.05%
08/11/2021;1 915;1 910;1 915;1 910;577;1 103 513;1.32%
09/11/2021;1 900;1 900;1 900;1 900;455;864 500;-0.78%
10/11/2021;1 990;1 900;1 990;1 900;178;346 210;4.74%
11/11/2021;1 990;1 990;1 990;1 990;334;664 660;0.00%
12/11/2021;1 890;1 990;1 990;1 890;1 950;3 783 000;-5.03%
15/11/2021;1 890;1 990;1 990;1 890;1 950;3 783 000;0.00%
16/11/2021;1 990;1 890;1 990;1 890;340;659 600;5.29%
17/11/2021;1 890;1 900;1 900;1 890;215;407 425;-5.03%
18/11/2021;1 895;1 890;1 895;1 890;1 946;3 682 805;0.26%
19/11/2021;1 900;1 900;1 900;1 900;408;775 200;0.26%
22/11/2021;1 900;1 900;1 900;1 900;583;1 107 700;0.00%
23/11/2021;1 900;1 980;1 980;1 900;467;905 980;0.00%
24/11/2021;1 910;1 975;1 975;1 910;550;1 068 375;0.53%
25/11/2021;1 930;1 975;1 975;1 930;364;710 710;1.05%
26/11/2021;1 985;1 975;1 985;1 975;912;1 805 760;2.85%
29/11/2021;2 000;1 985;2 000;1 985;6 020;11 994 850;0.76%
30/11/2021;2 100;2 000;2 100;2 000;1 984;4 067 200;5.00%
01/12/2021;2 050;2 100;2 100;2 050;115;238 625;-2.38%
02/12/2021;2 000;2 000;2 000;2 000;3 445;6 890 000;-2.44%
03/12/2021;2 000;2 000;2 000;2 000;139;278 000;0.00%
06/12/2021;2 000;1 995;2 000;1 995;15 220;30 401 950;0.00%
07/12/2021;1 960;2 000;2 000;1 960;1 163;2 302 740;-2.00%
08/12/2021;1 995;1 960;1 995;1 960;679;1 342 723;1.79%
09/12/2021;2 000;1 995;2 000;1 995;2 150;4 294 625;0.25%
10/12/2021;2 000;2 000;2 000;2 000;48;96 000;0.00%
13/12/2021;2 000;2 000;2 000;2 000;61;122 000;0.00%
14/12/2021;1 985;2 000;2 000;1 985;1 829;3 644 283;-0.75%
15/12/2021;2 020;1 980;2 020;1 980;3 953;7 906 000;1.76%
16/12/2021;2 100;2 020;2 100;2 020;2 101;4 328 060;3.96%
17/12/2021;2 100;2 020;2 100;2 020;1 941;3 998 460;0.00%
20/12/2021;2 150;2 100;2 150;2 100;5 280;11 220 000;2.38%
21/12/2021;2 090;2 100;2 100;2 090;235;492 325;-2.79%
22/12/2021;2 090;2 000;2 090;2 000;4 226;8 642 170;0.00%
23/12/2021;2 200;2 065;2 200;2 065;9 479;20 213 968;5.26%
27/12/2021;2 175;2 035;2 175;2 035;1 425;2 999 625;-1.14%
28/12/2021;2 215;2 150;2 215;2 150;21 953;47 912 423;1.84%
29/12/2021;2 145;2 145;2 145;2 145;35;75 075;-3.16%
30/12/2021;2 130;2 145;2 145;2 130;3 931;8 402 513;-0.70%
31/12/2021;1 975;2 135;2 135;1 975;555;1 140 525;-7.28%
03/01/2022;1 930;2 000;2 000;1 930;3 511;6 899 115;-2.28%
04/01/2022;1 940;1 930;1 940;1 930;4 973;9 622 755;0.52%
05/01/2022;1 900;1 935;1 935;1 900;2 064;3 957 720;-2.06%
06/01/2022;1 930;1 900;1 930;1 900;405;775 575;1.58%
07/01/2022;1 995;1 920;1 995;1 920;3 197;6 258 128;3.37%
10/01/2022;1 990;1 995;1 995;1 990;372;741 210;-0.25%
11/01/2022;1 935;1 990;1 990;1 935;346;679 025;-2.76%
12/01/2022;1 985;1 935;1 985;1 935;461;903 560;2.58%
13/01/2022;1 985;1 985;1 985;1 985;144;285 840;0.00%
14/01/2022;1 990;1 985;1 990;1 985;983;1 953 713;0.25%
17/01/2022;1 980;1 990;1 990;1 980;1 500;2 977 500;-0.50%
18/01/2022;1 940;1 990;1 990;1 940;1 603;3 149 895;-2.02%
19/01/2022;1 935;1 980;1 980;1 935;436;853 470;-0.26%
20/01/2022;1 930;1 935;1 935;1 930;3 977;7 685 553;-0.26%
21/01/2022;1 990;1 930;1 990;1 930;312;611 520;3.11%
24/01/2022;1 935;1 995;1 995;1 935;1 020;2 004 300;-2.76%
25/01/2022;2 000;2 000;2 000;2 000;2 000;4 000 000;3.36%
26/01/2022;2 000;2 000;2 000;2 000;826;1 652 000;0.00%
27/01/2022;2 000;1 850;2 000;1 850;970;1 867 250;0.00%
28/01/2022;2 100;1 950;2 100;1 950;3 038;6 151 950;5.00%
31/01/2022;2 100;2 100;2 100;2 100;716;1 503 600;0.00%
01/02/2022;2 000;2 100;2 100;2 000;226;463 300;-4.76%
02/02/2022;2 000;2 000;2 000;2 000;2 382;4 764 000;0.00%
03/02/2022;2 015;2 050;2 050;2 015;275;558 938;0.75%
04/02/2022;2 015;2 005;2 015;2 005;274;550 740;0.00%
07/02/2022;2 035;2 035;2 035;2 035;219;445 665;0.99%
08/02/2022;2 035;2 035;2 035;2 035;2 847;5 793 645;0.00%
09/02/2022;2 050;2 030;2 050;2 030;1 217;2 482 680;0.74%
10/02/2022;2 050;2 050;2 050;2 050;306;627 300;0.00%
11/02/2022;2 050;2 050;2 050;2 050;160;328 000;0.00%
14/02/2022;2 020;2 050;2 050;2 020;5 183;10 547 405;-1.46%
15/02/2022;2 010;2 020;2 020;2 010;2 475;4 987 125;-0.50%
16/02/2022;1 970;2 050;2 050;1 970;19 497;39 188 970;-1.99%
17/02/2022;2 050;1 970;2 050;1 970;3 528;7 091 280;4.06%
18/02/2022;2 150;2 075;2 150;2 075;7 390;15 611 375;4.88%
21/02/2022;2 100;2 150;2 150;2 100;2 251;4 783 375;-2.33%
22/02/2022;2 095;2 100;2 100;2 095;6 380;13 382 050;-0.24%
23/02/2022;2 105;2 120;2 120;2 105;1 648;3 481 400;0.48%
24/02/2022;2 200;2 105;2 200;2 105;742;1 597 155;4.51%
25/02/2022;2 205;2 200;2 205;2 200;2 043;4 499 708;0.23%
28/02/2022;2 360;2 250;2 360;2 250;616;1 419 880;7.03%
01/03/2022;2 300;2 350;2 350;2 300;1 782;4 143 150;-2.54%
02/03/2022;2 300;2 295;2 300;2 295;1 096;2 518 060;0.00%
03/03/2022;2 315;2 300;2 315;2 300;313;722 248;0.65%
04/03/2022;2 315;2 300;2 315;2 300;1 602;3 696 615;0.00%
07/03/2022;2 315;2 300;2 315;2 300;3 158;7 287 085;0.00%
08/03/2022;2 350;2 315;2 350;2 315;294;685 755;1.51%
09/03/2022;2 320;2 350;2 350;2 320;1 387;3 238 645;-1.28%
10/03/2022;2 350;2 320;2 350;2 320;4 958;11 576 930;1.29%
11/03/2022;2 350;2 350;2 350;2 350;1 115;2 620 250;0.00%
14/03/2022;2 350;2 350;2 350;2 350;2 112;4 963 200;0.00%
15/03/2022;2 395;2 395;2 395;2 395;1 184;2 835 680;1.91%
16/03/2022;2 395;2 395;2 395;2 395;93;222 735;0.00%
17/03/2022;2 390;2 395;2 395;2 390;415;992 888;-0.21%
18/03/2022;2 390;2 390;2 390;2 390;3 440;8 221 600;0.00%
21/03/2022;2 400;2 395;2 400;2 395;1 316;3 155 110;0.42%
22/03/2022;2 405;2 400;2 405;2 400;724;1 739 410;0.21%
23/03/2022;2 450;2 405;2 450;2 405;576;1 398 240;1.87%
24/03/2022;2 510;2 450;2 510;2 450;130;322 400;2.45%
25/03/2022;2 500;2 510;2 510;2 500;169;423 345;-0.40%
28/03/2022;2 500;2 460;2 500;2 460;115;285 200;0.00%
29/03/2022;2 510;2 510;2 510;2 510;1 360;3 413 600;0.40%
30/03/2022;2 685;2 500;2 685;2 500;2 182;5 656 835;6.97%
31/03/2022;2 500;2 685;2 685;2 500;12 283;31 843 678;-6.89%
01/04/2022;2 640;2 505;2 640;2 505;390;1 003 275;5.60%
04/04/2022;2 640;2 505;2 640;2 505;161;414 173;0.00%
05/04/2022;2 505;2 600;2 600;2 505;1 091;2 784 778;-5.11%
06/04/2022;2 630;2 500;2 630;2 500;365;936 225;4.99%
07/04/2022;2 595;2 600;2 600;2 595;465;1 207 838;-1.33%
08/04/2022;2 575;2 595;2 595;2 575;136;351 560;-0.77%
11/04/2022;2 540;2 405;2 540;2 405;788;1 948 330;-1.36%
12/04/2022;2 530;2 405;2 530;2 405;245;604 538;-0.39%
13/04/2022;2 355;2 400;2 400;2 355;1 247;2 964 743;-6.92%
14/04/2022;2 355;2 400;2 400;2 355;740;1 759 350;0.00%
15/04/2022;2 340;2 500;2 500;2 340;483;1 168 860;-0.64%
19/04/2022;2 300;2 340;2 340;2 300;2 413;5 598 160;-1.71%
20/04/2022;2 310;2 310;2 310;2 310;945;2 182 950;0.43%
21/04/2022;2 310;2 300;2 310;2 300;1 177;2 712 985;0.00%
22/04/2022;2 345;2 310;2 345;2 310;2 814;6 549 585;1.52%
25/04/2022;2 350;2 345;2 350;2 345;873;2 049 368;0.21%
26/04/2022;2 445;2 350;2 445;2 350;1 804;4 325 090;4.04%
27/04/2022;2 395;2 400;2 400;2 395;900;2 157 750;-2.04%
28/04/2022;2 395;2 400;2 400;2 395;900;2 157 750;0.00%
29/04/2022;2 395;2 395;2 395;2 395;978;2 342 310;0.00%
02/05/2022;2 395;2 395;2 395;2 395;978;2 342 310;0.00%
03/05/2022;2 550;2 400;2 550;2 400;2 140;5 296 500;6.47%
04/05/2022;2 445;2 525;2 525;2 445;235;583 975;-4.12%
05/05/2022;2 400;2 405;2 405;2 400;6 257;15 032 443;-1.84%
06/05/2022;2 300;2 400;2 400;2 300;244;573 400;-4.17%
09/05/2022;2 395;2 300;2 395;2 300;145;340 388;4.13%
10/05/2022;2 390;2 395;2 395;2 390;231;552 668;-0.21%
11/05/2022;2 385;2 390;2 390;2 385;151;360 513;-0.21%
12/05/2022;2 385;2 385;2 385;2 385;45;107 325;0.00%
13/05/2022;2 385;2 305;2 385;2 305;201;471 345;0.00%
16/05/2022;2 385;2 385;2 385;2 385;923;2 201 355;0.00%
17/05/2022;2 350;2 350;2 350;2 350;628;1 475 800;-1.47%
18/05/2022;2 350;2 355;2 355;2 350;4 090;9 621 725;0.00%
19/05/2022;2 380;2 380;2 380;2 380;57;135 660;1.28%
20/05/2022;2 385;2 385;2 385;2 385;5;11 925;0.21%
23/05/2022;2 400;2 385;2 400;2 385;381;911 543;0.63%
24/05/2022;2 360;2 380;2 380;2 360;1 832;4 341 840;-1.67%
25/05/2022;2 360;2 360;2 360;2 360;168;396 480;0.00%
26/05/2022;2 360;2 360;2 360;2 360;168;396 480;0.00%
27/05/2022;2 350;2 360;2 360;2 350;2 372;5 586 060;-0.42%
30/05/2022;2 400;2 375;2 400;2 375;1 755;4 190 063;2.13%
31/05/2022;2 400;2 400;2 400;2 400;627;1 504 800;0.00%
01/06/2022;2 400;2 400;2 400;2 400;1 883;4 519 200;0.00%
02/06/2022;2 495;2 400;2 495;2 400;2 844;6 960 690;3.96%
03/06/2022;2 450;2 490;2 490;2 450;1 091;2 694 770;-1.80%
06/06/2022;2 450;2 490;2 490;2 450;1 091;2 694 770;0.00%
07/06/2022;2 510;2 500;2 510;2 500;2 902;7 269 510;2.45%
08/06/2022;2 520;2 600;2 600;2 520;3 582;9 169 920;0.40%
09/06/2022;2 600;2 450;2 600;2 450;17 339;43 780 975;3.17%
10/06/2022;2 590;2 600;2 600;2 590;9 195;23 861 025;-0.38%
13/06/2022;2 600;2 590;2 600;2 590;1 821;4 725 495;0.39%
14/06/2022;2 595;2 600;2 600;2 595;3 169;8 231 478;-0.19%
15/06/2022;2 590;2 595;2 595;2 590;5 452;14 134 310;-0.19%
16/06/2022;2 585;2 585;2 585;2 585;5 140;13 286 900;-0.19%
17/06/2022;2 590;2 585;2 590;2 585;2 325;6 015 938;0.19%
20/06/2022;2 550;2 590;2 590;2 550;1 180;3 032 600;-1.54%
21/06/2022;2 550;2 550;2 550;2 550;154;392 700;0.00%
22/06/2022;2 550;2 550;2 550;2 550;8 721;22 238 550;0.00%
23/06/2022;2 550;2 550;2 550;2 550;444;1 132 200;0.00%
24/06/2022;2 545;2 550;2 550;2 545;211;537 523;-0.20%
27/06/2022;2 545;2 360;2 545;2 360;178;436 545;0.00%
28/06/2022;2 365;2 500;2 500;2 365;474;1 153 005;-7.07%
29/06/2022;2 360;2 360;2 360;2 360;1 310;3 091 600;-0.21%
30/06/2022;2 400;2 345;2 400;2 345;977;2 317 933;1.69%
01/07/2022;2 400;2 485;2 485;2 400;427;1 042 948;0.00%
04/07/2022;2 400;2 400;2 400;2 400;22;52 800;0.00%
05/07/2022;2 500;2 425;2 500;2 425;1 256;3 092 900;4.17%
06/07/2022;2 425;2 490;2 490;2 425;552;1 356 540;-3.00%
07/07/2022;2 490;2 490;2 490;2 490;928;2 310 720;2.68%
08/07/2022;2 490;2 485;2 490;2 485;120;298 500;0.00%
11/07/2022;2 490;2 490;2 490;2 490;20;49 800;0.00%
12/07/2022;2 490;2 490;2 490;2 490;221;550 290;0.00%
13/07/2022;2 490;2 490;2 490;2 490;1 449;3 608 010;0.00%
14/07/2022;2 490;2 500;2 500;2 490;8 581;21 409 595;0.00%
15/07/2022;2 590;2 590;2 590;2 590;1 510;3 910 900;4.02%
18/07/2022;2 590;2 590;2 590;2 590;721;1 867 390;0.00%
19/07/2022;2 585;2 590;2 590;2 585;2 413;6 243 638;-0.19%
20/07/2022;2 350;2 485;2 485;2 350;757;1 830 048;-9.09%
21/07/2022;2 350;2 350;2 350;2 350;5 434;12 769 900;0.00%
22/07/2022;2 300;2 175;2 300;2 175;2 743;6 137 463;-2.13%
25/07/2022;2 300;2 300;2 300;2 300;676;1 554 800;0.00%
26/07/2022;2 300;2 180;2 300;2 180;1 113;2 493 120;0.00%
27/07/2022;2 300;2 300;2 300;2 300;504;1 159 200;0.00%
28/07/2022;2 300;2 300;2 300;2 300;305;701 500;0.00%
29/07/2022;2 300;2 300;2 300;2 300;1 651;3 797 300;0.00%
01/08/2022;2 300;2 200;2 300;2 200;1 124;2 529 000;0.00%
02/08/2022;2 345;2 300;2 345;2 300;527;1 223 958;1.96%
03/08/2022;2 350;2 330;2 350;2 330;185;432 900;0.21%
04/08/2022;2 355;2 350;2 355;2 350;197;463 443;0.21%
05/08/2022;2 400;2 400;2 400;2 400;1 600;3 840 000;1.91%
08/08/2022;2 400;2 400;2 400;2 400;1 600;3 840 000;0.00%
09/08/2022;2 350;2 400;2 400;2 350;694;1 648 250;-2.08%
10/08/2022;2 375;2 400;2 400;2 375;566;1 351 325;1.06%
11/08/2022;2 400;2 375;2 400;2 375;766;1 828 825;1.05%
12/08/2022;2 350;2 400;2 400;2 350;560;1 330 000;-2.08%
15/08/2022;2 350;2 400;2 400;2 350;560;1 330 000;0.00%
16/08/2022;2 395;2 350;2 395;2 350;499;1 183 878;1.91%
17/08/2022;2 350;2 350;2 350;2 350;364;855 400;-1.88%
18/08/2022;2 350;2 305;2 350;2 305;616;1 433 740;0.00%
19/08/2022;2 395;2 350;2 395;2 350;3 553;8 429 493;1.91%
22/08/2022;2 450;2 350;2 450;2 350;2 698;6 475 200;2.30%
23/08/2022;2 550;2 500;2 550;2 500;2 466;6 226 650;4.08%
24/08/2022;2 735;2 360;2 735;2 360;9 322;23 747 795;7.25%
25/08/2022;2 705;2 720;2 720;2 705;3 616;9 808 400;-1.10%
26/08/2022;2 725;2 725;2 725;2 725;5;13 625;0.74%
29/08/2022;2 675;2 650;2 675;2 650;4 142;11 028 075;-1.83%
30/08/2022;2 645;2 475;2 645;2 475;136;348 160;-1.12%
31/08/2022;2 650;2 600;2 650;2 600;1 390;3 648 750;0.19%
01/09/2022;2 650;2 645;2 650;2 645;49;129 728;0.00%
02/09/2022;2 640;2 645;2 645;2 640;39;103 058;-0.38%
05/09/2022;2 635;2 640;2 640;2 635;2 636;6 952 450;-0.19%
06/09/2022;2 440;2 635;2 635;2 440;480;1 218 000;-7.40%
07/09/2022;2 440;2 400;2 440;2 400;207;500 940;0.00%
08/09/2022;2 445;2 440;2 445;2 440;419;1 023 408;0.20%
09/09/2022;2 360;2 440;2 440;2 360;1 549;3 717 600;-3.48%
12/09/2022;2 360;2 305;2 360;2 305;411;958 658;0.00%
13/09/2022;2 400;2 440;2 440;2 400;261;631 620;1.69%
14/09/2022;2 400;2 440;2 440;2 400;116;280 720;0.00%
15/09/2022;2 440;2 440;2 440;2 440;16;39 040;1.67%
16/09/2022;2 500;2 445;2 500;2 445;910;2 249 975;2.46%
19/09/2022;2 550;2 490;2 550;2 490;792;1 995 840;2.00%
20/09/2022;2 595;2 550;2 595;2 550;6 734;17 323 215;1.76%
21/09/2022;2 405;2 590;2 590;2 405;389;971 528;-7.32%
22/09/2022;2 360;2 405;2 405;2 360;5 558;13 241 935;-1.87%
23/09/2022;2 365;2 400;2 400;2 365;8 659;20 630 068;0.21%
26/09/2022;2 305;2 350;2 350;2 305;5 290;12 312 475;-2.54%
27/09/2022;2 305;2 305;2 305;2 305;2 366;5 453 630;0.00%
28/09/2022;2 300;2 300;2 300;2 300;7 000;16 100 000;-0.22%
29/09/2022;2 280;2 300;2 300;2 280;5 511;12 620 190;-0.87%
30/09/2022;2 405;2 280;2 405;2 280;11 055;25 896 338;5.48%
03/10/2022;2 285;2 405;2 405;2 285;4 193;9 832 585;-4.99%
04/10/2022;2 120;2 405;2 405;2 120;5 251;11 880 388;-7.22%
05/10/2022;2 200;2 200;2 200;2 200;30;66 000;3.77%
06/10/2022;2 210;2 205;2 210;2 205;1 061;2 342 158;0.45%
07/10/2022;2 375;2 220;2 375;2 220;1 733;3 981 568;7.47%
10/10/2022;2 495;2 375;2 495;2 375;95;231 325;5.05%
11/10/2022;2 400;2 490;2 490;2 400;208;508 560;-3.81%
12/10/2022;2 400;2 400;2 400;2 400;35;84 000;0.00%
13/10/2022;2 390;2 395;2 395;2 390;385;921 113;-0.42%
14/10/2022;2 250;2 390;2 390;2 250;100;232 000;-5.86%
17/10/2022;2 360;2 355;2 360;2 355;3 487;8 220 603;4.89%
18/10/2022;2 300;2 255;2 300;2 255;2 500;5 693 750;-2.54%
19/10/2022;2 390;2 385;2 390;2 385;623;1 487 413;3.91%
20/10/2022;2 350;2 305;2 350;2 305;5 122;11 921 455;-1.67%
21/10/2022;2 345;2 385;2 385;2 345;3 714;8 783 610;-0.21%
24/10/2022;2 365;2 300;2 365;2 300;232;541 140;0.85%
25/10/2022;2 365;2 350;2 365;2 350;182;429 065;0.00%
26/10/2022;2 305;2 365;2 365;2 305;1 544;3 605 240;-2.54%
27/10/2022;2 400;2 305;2 400;2 305;1 740;4 093 350;4.12%
28/10/2022;2 500;2 400;2 500;2 400;390;955 500;4.17%
31/10/2022;2 500;2 400;2 500;2 400;390;955 500;0.00%
01/11/2022;2 500;2 500;2 500;2 500;565;1 412 500;0.00%
02/11/2022;2 600;2 500;2 600;2 500;6 328;16 136 400;4.00%
03/11/2022;2 585;2 600;2 600;2 585;586;1 519 205;-0.58%
04/11/2022;2 600;2 415;2 600;2 415;1 720;4 312 900;0.58%
07/11/2022;2 495;2 600;2 600;2 495;1 302;3 316 845;-4.04%
08/11/2022;2 490;2 495;2 495;2 490;2 857;7 121 073;-0.20%
09/11/2022;2 490;2 500;2 500;2 490;920;2 295 400;0.00%
10/11/2022;2 490;2 490;2 490;2 490;2 072;5 159 280;0.00%
11/11/2022;2 490;2 495;2 495;2 490;713;1 777 153;0.00%
14/11/2022;2 600;2 500;2 600;2 500;541;1 379 550;4.42%
15/11/2022;2 600;2 500;2 600;2 500;541;1 379 550;0.00%
16/11/2022;2 500;2 500;2 500;2 500;2 313;5 782 500;-3.85%
17/11/2022;2 500;2 500;2 500;2 500;631;1 577 500;0.00%
18/11/2022;2 450;2 490;2 490;2 450;658;1 625 260;-2.00%
21/11/2022;2 400;2 445;2 445;2 400;1 735;4 203 038;-2.04%
22/11/2022;2 395;2 400;2 400;2 395;476;1 141 210;-0.21%
23/11/2022;2 395;2 395;2 395;2 395;142;340 090;0.00%
24/11/2022;2 375;2 395;2 395;2 375;9 208;21 961 080;-0.84%
25/11/2022;2 375;2 375;2 375;2 375;1 287;3 056 625;0.00%
28/11/2022;2 375;2 375;2 375;2 375;2 312;5 491 000;0.00%
29/11/2022;2 350;2 350;2 350;2 350;3 492;8 206 200;-1.05%
30/11/2022;2 350;2 350;2 350;2 350;3 492;8 206 200;0.00%
01/12/2022;2 350;2 350;2 350;2 350;3 492;8 206 200;0.00%
02/12/2022;2 400;2 500;2 500;2 400;114;279 300;2.13%
05/12/2022;2 405;2 400;2 405;2 400;276;663 090;0.21%
06/12/2022;2 500;2 500;2 500;2 500;90;225 000;3.95%
07/12/2022;2 495;2 325;2 495;2 325;5 334;12 854 940;-0.20%
08/12/2022;2 495;2 495;2 495;2 495;6;14 970;0.00%
09/12/2022;2 495;2 495;2 495;2 495;62;154 690;0.00%
12/12/2022;2 490;2 495;2 495;2 490;439 260;1 094 855 550;-0.20%
13/12/2022;2 450;2 450;2 450;2 450;70;171 500;-1.61%
14/12/2022;2 440;2 450;2 450;2 440;80;195 600;-0.41%
15/12/2022;2 490;2 405;2 490;2 405;1 188;2 907 630;2.05%
16/12/2022;2 490;2 490;2 490;2 490;263;654 870;0.00%
19/12/2022;2 490;2 495;2 495;2 490;325;810 063;0.00%
20/12/2022;2 600;2 490;2 600;2 490;2 014;5 125 630;4.42%
21/12/2022;2 590;2 545;2 590;2 545;492;1 263 210;-0.38%
22/12/2022;2 590;2 490;2 590;2 490;1 175;2 984 500;0.00%
23/12/2022;2 635;2 590;2 635;2 590;6 982;18 240 475;1.74%
26/12/2022;2 635;2 590;2 635;2 590;6 982;18 240 475;0.00%
27/12/2022;2 500;2 600;2 600;2 500;828;2 111 400;-5.12%
28/12/2022;2 400;2 490;2 490;2 400;1 926;4 709 070;-4.00%
29/12/2022;2 400;2 490;2 490;2 400;1 926;4 709 070;0.00%
30/12/2022;2 535;2 450;2 535;2 450;72 501;180 708 743;5.63%
02/01/2023;2 535;2 450;2 535;2 450;72 501;180 708 743;0.00%
03/01/2023;2 495;2 535;2 535;2 495;69;173 535;-1.58%
04/01/2023;2 495;2 495;2 495;2 495;2 609;6 509 455;0.00%
05/01/2023;2 350;2 490;2 490;2 350;333;805 860;-5.81%
06/01/2023;2 480;2 350;2 480;2 350;188;454 020;5.53%
09/01/2023;2 360;2 480;2 480;2 360;293;709 060;-4.84%
10/01/2023;2 470;2 360;2 470;2 360;671;1 620 465;4.66%
11/01/2023;2 470;2 470;2 470;2 470;189;466 830;0.00%
12/01/2023;2 470;2 470;2 470;2 470;159;392 730;0.00%
13/01/2023;2 465;2 370;2 465;2 370;359;867 883;-0.20%
16/01/2023;2 465;2 370;2 465;2 370;771;1 863 893;0.00%
17/01/2023;2 465;2 465;2 465;2 465;430;1 059 950;0.00%
18/01/2023;2 400;2 465;2 465;2 400;715;1 739 238;-2.64%
19/01/2023;2 460;2 465;2 465;2 460;504;1 241 100;2.50%
20/01/2023;2 450;2 455;2 455;2 450;426;1 044 765;-0.41%
23/01/2023;2 400;2 450;2 450;2 400;5 657;13 718 225;-2.04%
24/01/2023;2 400;2 400;2 400;2 400;273;655 200;0.00%
25/01/2023;2 425;2 425;2 425;2 425;38;92 150;1.04%
26/01/2023;2 460;2 425;2 460;2 425;170;415 225;1.44%
27/01/2023;2 450;2 450;2 450;2 450;2 530;6 198 500;-0.41%
30/01/2023;2 465;2 425;2 465;2 425;537;1 312 965;0.61%
31/01/2023;2 495;2 465;2 495;2 465;484;1 200 320;1.22%
01/02/2023;2 495;2 495;2 495;2 495;1 119;2 791 905;0.00%
02/02/2023;2 495;2 435;2 495;2 435;535;1 318 775;0.00%
03/02/2023;2 495;2 495;2 495;2 495;1 023;2 552 385;0.00%
06/02/2023;2 550;2 500;2 550;2 500;275;694 375;2.20%
07/02/2023;2 540;2 550;2 550;2 540;127;323 215;-0.39%
08/02/2023;2 540;2 540;2 540;2 540;11 263;28 608 020;0.00%
09/02/2023;2 550;2 540;2 550;2 540;1 108;2 819 860;0.39%
10/02/2023;2 550;2 590;2 590;2 550;1 793;4 608 010;0.00%
13/02/2023;2 550;2 550;2 550;2 550;3 723;9 493 650;0.00%
14/02/2023;2 555;2 555;2 555;2 555;2 595;6 630 225;0.20%
15/02/2023;2 565;2 555;2 565;2 555;2 618;6 702 080;0.39%
16/02/2023;2 570;2 565;2 570;2 565;5 097;13 086 548;0.19%
17/02/2023;2 580;2 570;2 580;2 570;5 606;14 435 450;0.39%
20/02/2023;2 580;2 580;2 580;2 580;4 304;11 104 320;0.00%
21/02/2023;2 580;2 580;2 580;2 580;5 802;14 969 160;0.00%
22/02/2023;2 580;2 580;2 580;2 580;830;2 141 400;0.00%
23/02/2023;2 580;2 595;2 595;2 580;4 499;11 641 163;0.00%
24/02/2023;2 650;2 600;2 650;2 600;1 196;3 139 500;2.71%
27/02/2023;2 640;2 650;2 650;2 640;21 656;57 280 120;-0.38%
28/02/2023;2 830;2 640;2 830;2 640;17 227;47 115 845;7.20%
01/03/2023;2 800;2 650;2 800;2 650;9 080;24 743 000;-1.06%
02/03/2023;2 800;2 830;2 830;2 800;1 102;3 102 130;0.00%
03/03/2023;2 795;2 800;2 800;2 795;172;481 170;-0.18%
06/03/2023;2 795;2 795;2 795;2 795;27;75 465;0.00%
07/03/2023;2 700;2 790;2 790;2 700;660;1 811 700;-3.40%
08/03/2023;2 750;2 700;2 750;2 700;2 096;5 711 600;1.85%
09/03/2023;2 790;2 750;2 790;2 750;260;720 200;1.45%
10/03/2023;2 800;2 750;2 800;2 750;2 625;7 284 375;0.36%
13/03/2023;2 780;2 800;2 800;2 780;943;2 630 970;-0.71%
14/03/2023;2 775;2 775;2 775;2 775;3 153;8 749 575;-0.18%
15/03/2023;2 700;2 770;2 770;2 700;53;144 955;-2.70%
16/03/2023;2 750;2 700;2 750;2 700;3 470;9 455 750;1.85%
17/03/2023;2 750;2 750;2 750;2 750;828;2 277 000;0.00%
20/03/2023;2 745;2 745;2 745;2 745;124;340 380;-0.18%
21/03/2023;2 740;2 700;2 740;2 700;383;1 041 760;-0.18%
22/03/2023;2 730;2 740;2 740;2 730;341;932 635;-0.36%
23/03/2023;2 730;2 730;2 730;2 730;323;881 790;0.00%
24/03/2023;2 650;2 740;2 740;2 650;2 896;7 804 720;-2.93%
27/03/2023;2 620;2 650;2 650;2 620;2 239;5 899 765;-1.13%
28/03/2023;2 620;2 650;2 650;2 620;2 239;5 899 765;0.00%
29/03/2023;2 645;2 650;2 650;2 645;395;1 045 763;0.95%
30/03/2023;2 595;2 645;2 645;2 595;16 779;43 960 980;-1.89%
31/03/2023;2 565;2 600;2 600;2 565;3 957;10 218 953;-1.16%
03/04/2023;2 555;2 575;2 575;2 555;1 589;4 075 785;-0.39%
04/04/2023;2 550;2 575;2 575;2 550;1 120;2 870 000;-0.20%
05/04/2023;2 555;2 545;2 555;2 545;764;1 948 200;0.20%
06/04/2023;2 500;2 555;2 555;2 500;866;2 188 815;-2.15%
07/04/2023;2 500;2 500;2 500;2 500;613;1 532 500;0.00%
10/04/2023;2 500;2 500;2 500;2 500;613;1 532 500;0.00%
11/04/2023;2 460;2 500;2 500;2 460;1 745;4 327 600;-1.60%
12/04/2023;2 500;2 500;2 500;2 500;2 118;5 295 000;1.63%
13/04/2023;2 590;2 500;2 590;2 500;272;692 240;3.60%
14/04/2023;2 585;2 585;2 585;2 585;366;946 110;-0.19%
17/04/2023;2 590;2 490;2 590;2 490;416;1 056 640;0.19%
18/04/2023;2 590;2 490;2 590;2 490;416;1 056 640;0.00%
19/04/2023;2 590;2 590;2 590;2 590;103;266 770;0.00%
20/04/2023;2 550;2 590;2 590;2 550;1 515;3 893 550;-1.54%
21/04/2023;2 550;2 590;2 590;2 550;1 515;3 893 550;0.00%
24/04/2023;2 600;2 500;2 600;2 500;1 167;2 975 850;1.96%
25/04/2023;2 720;2 550;2 720;2 550;2 749;7 243 615;4.62%
26/04/2023;2 655;2 705;2 705;2 655;530;1 420 400;-2.39%
27/04/2023;2 465;2 655;2 655;2 465;645;1 651 200;-7.16%
28/04/2023;2 600;2 600;2 600;2 600;7 034;18 288 400;5.48%
01/05/2023;2 600;2 600;2 600;2 600;7 034;18 288 400;0.00%
02/05/2023;2 600;2 640;2 640;2 600;2 201;5 766 620;0.00%
03/05/2023;2 600;2 640;2 640;2 600;2 201;5 766 620;0.00%
04/05/2023;2 600;2 600;2 600;2 600;4 282;11 133 200;0.00%
05/05/2023;2 610;2 645;2 645;2 610;1 204;3 163 510;0.38%
08/05/2023;2 460;2 610;2 610;2 460;8 867;22 477 845;-5.75%
09/05/2023;2 635;2 610;2 635;2 610;827;2 168 808;7.11%
10/05/2023;2 625;2 635;2 635;2 625;814;2 140 820;-0.38%
11/05/2023;2 600;2 625;2 625;2 600;326;851 675;-0.95%
12/05/2023;2 580;2 600;2 600;2 580;158;409 220;-0.77%
15/05/2023;2 550;2 580;2 580;2 550;138;353 970;-1.16%
16/05/2023;2 580;2 550;2 580;2 550;64;164 160;1.18%
17/05/2023;2 510;2 500;2 510;2 500;300;751 500;-2.71%
18/05/2023;2 510;2 500;2 510;2 500;300;751 500;0.00%
19/05/2023;2 580;2 500;2 580;2 500;726;1 844 040;2.79%
22/05/2023;2 440;2 580;2 580;2 440;1 330;3 338 300;-5.43%
23/05/2023;2 600;2 500;2 600;2 500;176;448 800;6.56%
24/05/2023;2 600;2 550;2 600;2 550;324;834 300;0.00%
25/05/2023;2 580;2 600;2 600;2 580;1 715;4 441 850;-0.77%
26/05/2023;2 600;2 590;2 600;2 590;209;542 355;0.78%
29/05/2023;2 600;2 590;2 600;2 590;209;542 355;0.00%
30/05/2023;2 580;2 555;2 580;2 555;685;1 758 738;-0.77%
31/05/2023;2 600;2 600;2 600;2 600;133;345 800;0.78%
01/06/2023;2 585;2 600;2 600;2 585;2 933;7 603 803;-0.58%
02/06/2023;2 600;2 585;2 600;2 585;1 360;3 525 800;0.58%
05/06/2023;2 680;2 585;2 680;2 585;323;850 298;3.08%
06/06/2023;2 600;2 600;2 600;2 600;440;1 144 000;-2.99%
07/06/2023;2 555;2 600;2 600;2 555;1 636;4 216 790;-1.73%
08/06/2023;2 595;2 600;2 600;2 595;2 548;6 618 430;1.57%
09/06/2023;2 585;2 585;2 585;2 585;150;387 750;-0.39%
12/06/2023;2 600;2 590;2 600;2 590;840;2 179 800;0.58%
13/06/2023;2 630;2 600;2 630;2 600;1 862;4 869 130;1.15%
14/06/2023;2 600;2 600;2 600;2 600;329;855 400;-1.14%
15/06/2023;2 600;2 600;2 600;2 600;4 171;10 844 600;0.00%
16/06/2023;2 600;2 600;2 600;2 600;3 858;10 030 800;0.00%
19/06/2023;2 600;2 550;2 600;2 550;3 475;8 948 125;0.00%
20/06/2023;2 600;2 600;2 600;2 600;1 458;3 790 800;0.00%
21/06/2023;2 590;2 575;2 590;2 575;164;423 530;-0.38%
22/06/2023;2 595;2 590;2 595;2 590;1 006;2 608 055;0.19%
23/06/2023;2 600;2 595;2 600;2 595;1 353;3 514 418;0.19%
26/06/2023;2 595;2 550;2 595;2 550;519;1 335 128;-0.19%
27/06/2023;2 600;2 600;2 600;2 600;774;2 012 400;0.19%
28/06/2023;2 600;2 600;2 600;2 600;774;2 012 400;0.00%
29/06/2023;2 600;2 595;2 600;2 595;2 895;7 519 763;0.00%
30/06/2023;2 630;2 595;2 630;2 595;28 353;74 072 213;1.15%
03/07/2023;2 630;2 620;2 630;2 620;4 635;12 166 875;0.00%
04/07/2023;2 745;2 630;2 745;2 630;1 990;5 348 125;4.37%
05/07/2023;2 720;2 720;2 720;2 720;2 477;6 737 440;-0.91%
06/07/2023;2 725;2 725;2 725;2 725;2 098;5 717 050;0.18%
07/07/2023;2 725;2 720;2 725;2 720;1 061;2 888 573;0.00%
10/07/2023;2 695;2 725;2 725;2 695;1 402;3 799 420;-1.10%
11/07/2023;2 615;2 375;2 615;2 375;1 005;2 507 475;-2.97%
12/07/2023;2 600;2 615;2 615;2 600;357;930 878;-0.57%
13/07/2023;2 575;2 600;2 600;2 575;616;1 593 900;-0.96%
14/07/2023;2 475;2 580;2 580;2 475;924;2 335 410;-3.88%
17/07/2023;2 475;2 475;2 475;2 475;459;1 136 025;0.00%
18/07/2023;2 425;2 475;2 475;2 425;3 528;8 643 600;-2.02%
19/07/2023;2 365;2 425;2 425;2 365;2 627;6 291 665;-2.47%
20/07/2023;2 450;2 405;2 450;2 405;1 429;3 468 898;3.59%
21/07/2023;2 495;2 470;2 495;2 470;5 022;12 467 115;1.84%
24/07/2023;2 495;2 495;2 495;2 495;686;1 711 570;0.00%
25/07/2023;2 490;2 495;2 495;2 490;507;1 263 698;-0.20%
26/07/2023;2 490;2 495;2 495;2 490;3 117;7 769 123;0.00%
27/07/2023;2 450;2 490;2 490;2 450;850;2 099 500;-1.61%
28/07/2023;2 495;2 450;2 495;2 450;2 424;5 993 340;1.84%
31/07/2023;2 490;2 400;2 490;2 400;450;1 100 250;-0.20%
01/08/2023;2 495;2 490;2 495;2 490;399;994 508;0.20%
02/08/2023;2 600;2 400;2 600;2 400;1 121;2 802 500;4.21%
03/08/2023;2 570;2 415;2 570;2 415;648;1 615 140;-1.15%
04/08/2023;2 495;2 410;2 495;2 410;356;873 090;-2.92%
07/08/2023;2 495;2 410;2 495;2 410;356;873 090;0.00%
08/08/2023;2 420;2 495;2 495;2 420;879;2 160 143;-3.01%
09/08/2023;2 500;2 500;2 500;2 500;165;412 500;3.31%
10/08/2023;2 400;2 490;2 490;2 400;1 365;3 337 425;-4.00%
11/08/2023;2 495;2 400;2 495;2 400;885;2 166 038;3.96%
14/08/2023;2 495;2 400;2 495;2 400;959;2 347 153;0.00%
15/08/2023;2 495;2 400;2 495;2 400;959;2 347 153;0.00%
16/08/2023;2 500;2 500;2 500;2 500;275;687 500;0.20%
17/08/2023;2 550;2 495;2 550;2 495;14 155;35 705 988;2.00%
18/08/2023;2 600;2 550;2 600;2 550;810;2 085 750;1.96%
21/08/2023;2 595;2 600;2 600;2 595;1 176;3 054 660;-0.19%
22/08/2023;2 555;2 600;2 600;2 555;1 956;5 041 590;-1.54%
23/08/2023;2 495;2 550;2 550;2 495;3 583;9 038 118;-2.35%
24/08/2023;2 555;2 450;2 555;2 450;250 672;627 306 680;2.40%
25/08/2023;2 560;2 600;2 600;2 560;962;2 481 960;0.20%
28/08/2023;2 560;2 595;2 595;2 560;5 361;13 817 978;0.00%
29/08/2023;2 590;2 560;2 590;2 560;346;890 950;1.17%
30/08/2023;2 585;2 590;2 590;2 585;442;1 143 675;-0.19%
31/08/2023;2 640;2 570;2 640;2 570;3 838;9 997 990;2.13%
01/09/2023;2 695;2 650;2 695;2 650;1 507;4 027 458;2.08%
04/09/2023;2 710;2 700;2 710;2 700;910;2 461 550;0.56%
05/09/2023;2 700;2 710;2 710;2 700;883;2 388 515;-0.37%
06/09/2023;2 710;2 600;2 710;2 600;1 695;4 500 225;0.37%
07/09/2023;2 710;2 700;2 710;2 700;1 240;3 354 200;0.00%
08/09/2023;2 715;2 715;2 715;2 715;2 744;7 449 960;0.18%
11/09/2023;2 715;2 715;2 715;2 715;1 061;2 880 615;0.00%
12/09/2023;2 900;2 900;2 900;2 900;3 300;9 570 000;6.81%
13/09/2023;2 900;2 900;2 900;2 900;8 332;24 162 800;0.00%
14/09/2023;2 900;2 900;2 900;2 900;317;919 300;0.00%
15/09/2023;2 900;2 900;2 900;2 900;953;2 763 700;0.00%
18/09/2023;2 715;2 900;2 900;2 715;305;856 288;-6.38%
19/09/2023;2 725;2 720;2 725;2 720;201;547 223;0.37%
20/09/2023;2 895;2 725;2 895;2 725;1 215;3 414 150;6.24%
21/09/2023;2 895;2 895;2 895;2 895;172;497 940;0.00%
22/09/2023;2 750;2 890;2 890;2 750;787;2 219 340;-5.01%
25/09/2023;2 745;2 750;2 750;2 745;405;1 112 738;-0.18%
26/09/2023;2 745;2 700;2 745;2 700;32;87 120;0.00%
27/09/2023;2 745;2 700;2 745;2 700;32;87 120;0.00%
28/09/2023;2 740;2 740;2 740;2 740;332;909 680;-0.18%
29/09/2023;2 710;2 750;2 750;2 710;101;275 730;-1.09%
02/10/2023;2 895;2 735;2 895;2 735;800;2 252 000;6.83%
03/10/2023;2 800;2 710;2 800;2 710;9 154;25 219 270;-3.28%
04/10/2023;2 735;2 800;2 800;2 735;232;642 060;-2.32%
05/10/2023;2 700;2 800;2 800;2 700;9 025;24 818 750;-1.28%
06/10/2023;2 895;2 700;2 895;2 700;936;2 618 460;7.22%
09/10/2023;2 705;2 895;2 895;2 705;63;176 400;-6.56%
10/10/2023;2 710;2 710;2 710;2 710;13 035;35 324 850;0.18%
11/10/2023;2 750;2 750;2 750;2 750;5 076;13 959 000;1.48%
12/10/2023;2 750;2 750;2 750;2 750;904;2 486 000;0.00%
13/10/2023;2 730;2 730;2 730;2 730;50;136 500;-0.73%
16/10/2023;2 750;2 750;2 750;2 750;363;998 250;0.73%
17/10/2023;2 600;2 730;2 730;2 600;1 232;3 283 280;-5.45%
18/10/2023;2 650;2 600;2 650;2 600;241;632 625;1.92%
19/10/2023;2 650;2 650;2 650;2 650;278;736 700;0.00%
20/10/2023;2 650;2 650;2 650;2 650;291;771 150;0.00%
23/10/2023;2 650;2 605;2 650;2 605;1 410;3 704 775;0.00%
24/10/2023;2 650;2 650;2 650;2 650;197;522 050;0.00%
25/10/2023;2 600;2 685;2 685;2 600;1 537;4 061 523;-1.89%
26/10/2023;2 500;2 610;2 610;2 500;5 272;13 469 960;-3.85%
27/10/2023;2 500;2 510;2 510;2 500;3 697;9 260 985;0.00%
30/10/2023;2 450;2 500;2 500;2 450;1 402;3 469 950;-2.00%
31/10/2023;2 450;2 450;2 450;2 450;674;1 651 300;0.00%
01/11/2023;2 450;2 450;2 450;2 450;674;1 651 300;0.00%
02/11/2023;2 450;2 450;2 450;2 450;4 041;9 900 450;0.00%
03/11/2023;2 400;2 450;2 450;2 400;2 140;5 189 500;-2.04%
06/11/2023;2 450;2 450;2 450;2 450;1 516;3 714 200;2.08%
07/11/2023;2 450;2 450;2 450;2 450;314;769 300;0.00%
08/11/2023;2 440;2 450;2 450;2 440;455;1 112 475;-0.41%
09/11/2023;2 550;2 500;2 550;2 500;7 761;19 596 525;4.51%
10/11/2023;2 550;2 550;2 550;2 550;45;114 750;0.00%
13/11/2023;2 550;2 550;2 550;2 550;11 633;29 664 150;0.00%
14/11/2023;2 360;2 360;2 360;2 360;355;837 800;-7.45%
15/11/2023;2 360;2 360;2 360;2 360;355;837 800;0.00%
16/11/2023;2 400;2 360;2 400;2 360;3 214;7 649 320;1.69%
17/11/2023;2 535;2 400;2 535;2 400;1 453;3 585 278;5.63%
20/11/2023;2 500;2 535;2 535;2 500;90;226 575;-1.38%
21/11/2023;2 315;2 510;2 510;2 315;28 538;68 847 925;-7.40%
22/11/2023;2 360;2 350;2 360;2 350;2 817;6 634 035;1.94%
23/11/2023;2 530;2 360;2 530;2 360;359;877 755;7.20%
24/11/2023;2 450;2 530;2 530;2 450;441;1 098 090;-3.16%
27/11/2023;2 590;2 450;2 590;2 450;1 930;4 863 600;5.71%
28/11/2023;2 585;2 585;2 585;2 585;105;271 425;-0.19%
29/11/2023;2 450;2 450;2 450;2 450;401;982 450;-5.22%
30/11/2023;2 450;2 450;2 450;2 450;3 270;8 011 500;0.00%
01/12/2023;2 400;2 450;2 450;2 400;1 291;3 130 675;-2.04%
04/12/2023;2 350;2 400;2 400;2 350;4 942;11 737 250;-2.08%
05/12/2023;2 350;2 350;2 350;2 350;1 898;4 460 300;0.00%
06/12/2023;2 390;2 350;2 390;2 350;1 933;4 581 210;1.70%
07/12/2023;2 405;2 390;2 405;2 390;7 841;18 798 798;0.63%
08/12/2023;2 545;2 450;2 545;2 450;2 171;5 422 073;5.82%
11/12/2023;2 405;2 405;2 405;2 405;494;1 188 070;-5.50%
12/12/2023;2 500;2 500;2 500;2 500;70;175 000;3.95%
13/12/2023;2 500;2 500;2 500;2 500;262;655 000;0.00%
14/12/2023;2 500;2 500;2 500;2 500;2 139;5 347 500;0.00%
15/12/2023;2 515;2 500;2 515;2 500;1 245;3 121 838;0.60%
18/12/2023;2 330;2 515;2 515;2 330;1 218;2 950 605;-7.36%
19/12/2023;2 500;2 320;2 500;2 320;16 450;39 644 500;7.30%
20/12/2023;2 500;2 500;2 500;2 500;2 588;6 470 000;0.00%
21/12/2023;2 495;2 500;2 500;2 495;55;137 363;-0.20%
22/12/2023;2 490;2 490;2 490;2 490;547;1 362 030;-0.20%
25/12/2023;2 490;2 490;2 490;2 490;547;1 362 030;0.00%
26/12/2023;2 400;2 495;2 495;2 400;383;937 393;-3.61%
27/12/2023;2 490;2 400;2 490;2 400;241;589 245;3.75%
28/12/2023;2 400;2 350;2 400;2 350;1 071;2 543 625;-3.61%
29/12/2023;2 500;2 400;2 500;2 400;4 743;11 620 350;4.17%
01/01/2024;2 500;2 400;2 500;2 400;4 743;11 620 350;0.00%
02/01/2024;2 470;2 315;2 470;2 315;3 024;7 234 920;-1.20%
03/01/2024;2 490;2 470;2 490;2 470;5 720;14 185 600;0.81%
04/01/2024;2 485;2 340;2 485;2 340;250;603 125;-0.20%
05/01/2024;2 400;2 400;2 400;2 400;209;501 600;-3.42%
08/01/2024;2 400;2 400;2 400;2 400;219;525 600;0.00%
09/01/2024;2 400;2 400;2 400;2 400;142;340 800;0.00%
10/01/2024;2 400;2 290;2 400;2 290;1 130;2 649 850;0.00%
11/01/2024;2 350;2 400;2 400;2 350;127;301 625;-2.08%
12/01/2024;2 400;2 400;2 400;2 400;901;2 162 400;2.13%
15/01/2024;2 300;2 300;2 300;2 300;2 147;4 938 100;-4.17%
16/01/2024;2 400;2 300;2 400;2 300;432;1 015 200;4.35%
17/01/2024;2 300;2 300;2 300;2 300;637;1 465 100;-4.17%
18/01/2024;2 390;2 300;2 390;2 300;110;257 950;3.91%
19/01/2024;2 390;2 390;2 390;2 390;2 109;5 040 510;0.00%
22/01/2024;2 350;2 400;2 400;2 350;153;363 375;-1.67%
23/01/2024;2 290;2 290;2 290;2 290;365;835 850;-2.55%
24/01/2024;2 280;2 255;2 280;2 255;539;1 222 183;-0.44%
25/01/2024;2 280;2 280;2 280;2 280;269;613 320;0.00%
26/01/2024;2 290;2 280;2 290;2 280;813;1 857 705;0.44%
29/01/2024;2 290;2 290;2 290;2 290;404;925 160;0.00%
30/01/2024;2 290;2 290;2 290;2 290;374;856 460;0.00%
31/01/2024;2 290;2 385;2 385;2 290;393;918 638;0.00%
01/02/2024;2 290;2 280;2 290;2 280;754;1 722 890;0.00%
02/02/2024;2 290;2 290;2 290;2 290;506;1 158 740;0.00%
05/02/2024;2 305;2 290;2 305;2 290;1 093;2 511 168;0.66%
06/02/2024;2 300;2 305;2 305;2 300;673;1 549 583;-0.22%
07/02/2024;2 320;2 300;2 320;2 300;675;1 559 250;0.87%
08/02/2024;2 280;2 300;2 300;2 280;1 135;2 599 150;-1.72%
09/02/2024;2 390;2 280;2 390;2 280;575;1 342 625;4.82%
12/02/2024;2 390;2 280;2 390;2 280;575;1 342 625;0.00%
13/02/2024;2 380;2 385;2 385;2 380;4 569;10 885 643;-0.42%
14/02/2024;2 380;2 380;2 380;2 380;121;287 980;0.00%
15/02/2024;2 250;2 280;2 280;2 250;888;2 011 320;-5.46%
16/02/2024;2 350;2 280;2 350;2 280;272;629 680;4.44%
19/02/2024;2 350;2 350;2 350;2 350;137;321 950;0.00%
20/02/2024;2 310;2 175;2 310;2 175;2 823;6 330 578;-1.70%
21/02/2024;2 300;2 180;2 300;2 180;1 447;3 241 280;-0.43%
22/02/2024;2 290;2 290;2 290;2 290;495;1 133 550;-0.43%
23/02/2024;2 430;2 260;2 430;2 260;2 169;5 086 305;6.11%
26/02/2024;2 420;2 260;2 420;2 260;1 117;2 613 780;-0.41%
27/02/2024;2 410;2 420;2 420;2 410;131;316 365;-0.41%
28/02/2024;2 400;2 410;2 410;2 400;74;177 970;-0.41%
29/02/2024;2 400;2 400;2 400;2 400;101;242 400;0.00%
01/03/2024;2 380;2 400;2 400;2 380;1 758;4 201 620;-0.83%
04/03/2024;2 360;2 375;2 375;2 360;263;622 653;-0.84%
05/03/2024;2 355;2 355;2 355;2 355;1 592;3 749 160;-0.21%
06/03/2024;2 205;2 355;2 355;2 205;5 754;13 119 120;-6.37%
07/03/2024;2 350;2 210;2 350;2 210;198;451 440;6.58%
08/03/2024;2 345;2 350;2 350;2 345;44;103 290;-0.21%
11/03/2024;2 310;2 350;2 350;2 310;582;1 356 060;-1.49%
12/03/2024;2 300;2 280;2 300;2 280;19 881;45 527 490;-0.43%
13/03/2024;2 295;2 300;2 300;2 295;593;1 362 418;-0.22%
14/03/2024;2 295;2 295;2 295;2 295;11;25 245;0.00%
15/03/2024;2 280;2 295;2 295;2 280;77;176 138;-0.65%
18/03/2024;2 300;2 270;2 300;2 270;14 503;33 139 355;0.88%
19/03/2024;2 295;2 300;2 300;2 295;102;234 345;-0.22%
20/03/2024;2 280;2 280;2 280;2 280;279;636 120;-0.65%
21/03/2024;2 250;2 300;2 300;2 250;2 933;6 672 575;-1.32%
22/03/2024;2 300;2 250;2 300;2 250;1 003;2 281 825;2.22%
25/03/2024;2 250;2 250;2 250;2 250;1 157;2 603 250;-2.17%
26/03/2024;2 250;2 250;2 250;2 250;720;1 620 000;0.00%
27/03/2024;2 390;2 250;2 390;2 250;2 640;6 124 800;6.22%
28/03/2024;2 390;2 375;2 390;2 375;898;2 139 485;0.00%
29/03/2024;2 450;2 385;2 450;2 385;588;1 421 490;2.51%
01/04/2024;2 450;2 385;2 450;2 385;588;1 421 490;0.00%
02/04/2024;2 440;2 445;2 445;2 440;493;1 204 153;-0.41%
03/04/2024;2 620;2 400;2 620;2 400;848;2 128 480;7.38%
04/04/2024;2 585;2 600;2 600;2 585;396;1 026 630;-1.34%
05/04/2024;2 540;2 550;2 550;2 540;475;1 208 875;-1.74%
08/04/2024;2 350;2 540;2 540;2 350;623;1 523 235;-7.48%
09/04/2024;2 450;2 255;2 450;2 255;2 009;4 726 173;4.26%
10/04/2024;2 450;2 255;2 450;2 255;2 009;4 726 173;0.00%
11/04/2024;2 550;2 450;2 550;2 450;198;495 000;4.08%
12/04/2024;2 450;2 450;2 450;2 450;765;1 874 250;-3.92%
15/04/2024;2 445;2 450;2 450;2 445;229;560 478;-0.20%
16/04/2024;2 445;2 440;2 445;2 440;60;146 550;0.00%
17/04/2024;2 400;2 445;2 445;2 400;1 008;2 441 880;-1.84%
18/04/2024;2 395;2 400;2 400;2 395;5 375;12 886 563;-0.21%
19/04/2024;2 395;2 400;2 400;2 395;50;119 875;0.00%
22/04/2024;2 390;2 395;2 395;2 390;268;641 190;-0.21%
23/04/2024;2 400;2 390;2 400;2 390;1 731;4 145 745;0.42%
24/04/2024;2 445;2 400;2 445;2 400;167;404 558;1.88%
25/04/2024;2 440;2 440;2 440;2 440;80;195 200;-0.20%
26/04/2024;2 445;2 265;2 445;2 265;3 972;9 354 060;0.20%
29/04/2024;2 445;2 440;2 445;2 440;359;876 858;0.00%
30/04/2024;2 440;2 440;2 440;2 440;13 090;31 939 600;-0.20%
01/05/2024;2 440;2 440;2 440;2 440;13 090;31 939 600;0.00%
02/05/2024;2 260;2 265;2 265;2 260;1 817;4 110 963;-7.38%
03/05/2024;2 260;2 200;2 260;2 200;1 348;3 006 040;0.00%
06/05/2024;2 310;2 260;2 310;2 260;2 706;6 183 210;2.21%
07/05/2024;2 390;2 310;2 390;2 310;1 049;2 465 150;3.46%
08/05/2024;2 300;2 390;2 390;2 300;668;1 566 460;-3.77%
09/05/2024;2 300;2 390;2 390;2 300;668;1 566 460;0.00%
10/05/2024;2 285;2 130;2 285;2 130;1 065;2 350 988;-0.65%
13/05/2024;2 150;2 200;2 200;2 150;1 395;3 034 125;-5.91%
14/05/2024;2 250;2 310;2 310;2 250;722;1 646 160;4.65%
15/05/2024;2 220;2 200;2 220;2 200;317;700 570;-1.33%
16/05/2024;2 300;2 220;2 300;2 220;1 841;4 160 660;3.60%
17/05/2024;2 220;2 300;2 300;2 220;928;2 097 280;-3.48%
20/05/2024;2 220;2 300;2 300;2 220;928;2 097 280;0.00%
21/05/2024;2 250;2 300;2 300;2 250;774;1 760 850;1.35%
22/05/2024;2 280;2 280;2 280;2 280;647;1 475 160;1.33%
23/05/2024;2 310;2 280;2 310;2 280;659;1 512 405;1.32%
24/05/2024;2 385;2 300;2 385;2 300;1 264;2 960 920;3.25%
27/05/2024;2 300;2 395;2 395;2 300;2 317;5 439 158;-3.56%
28/05/2024;2 415;2 300;2 415;2 300;1 323;3 118 973;5.00%
29/05/2024;2 255;2 350;2 350;2 255;24 209;55 741 223;-6.63%
30/05/2024;2 250;2 350;2 350;2 250;5 240;12 052 000;-0.22%
31/05/2024;2 200;2 250;2 250;2 200;1 315;2 925 875;-2.22%
03/06/2024;2 200;2 200;2 200;2 200;1 409;3 099 800;0.00%
04/06/2024;2 225;2 200;2 225;2 200;3 883;8 591 138;1.14%
05/06/2024;2 225;2 215;2 225;2 215;4 296;9 537 120;0.00%
06/06/2024;2 350;2 225;2 350;2 225;1 143;2 614 613;5.62%
07/06/2024;2 345;2 350;2 350;2 345;6 705;15 739 988;-0.21%
10/06/2024;2 300;2 350;2 350;2 300;4 573;10 632 225;-1.92%
11/06/2024;2 300;2 300;2 300;2 300;719;1 653 700;0.00%
12/06/2024;2 345;2 300;2 345;2 300;6 178;14 348 405;1.96%
13/06/2024;2 350;2 340;2 350;2 340;1 602;3 756 690;0.21%
14/06/2024;2 300;2 350;2 350;2 300;3 594;8 356 050;-2.13%
18/06/2024;2 300;2 300;2 300;2 300;1 817;4 179 100;0.00%
19/06/2024;2 350;2 350;2 350;2 350;968;2 274 800;2.17%
20/06/2024;2 350;2 340;2 350;2 340;883;2 070 635;0.00%
21/06/2024;2 350;2 350;2 350;2 350;580;1 363 000;0.00%
24/06/2024;2 500;2 355;2 500;2 355;1 626;3 947 115;6.38%
25/06/2024;2 495;2 500;2 500;2 495;2 139;5 342 153;-0.20%
26/06/2024;2 200;2 200;2 200;2 200;2 791;6 140 200;-11.82%
27/06/2024;2 250;2 200;2 250;2 200;885;1 969 125;2.27%
28/06/2024;2 390;2 220;2 390;2 220;266;613 130;6.22%
01/07/2024;2 310;2 350;2 350;2 310;1 993;4 643 690;-3.35%
02/07/2024;2 310;2 310;2 310;2 310;730;1 686 300;0.00%
03/07/2024;2 150;2 300;2 300;2 150;3 484;7 751 900;-6.93%
04/07/2024;2 200;2 200;2 200;2 200;744;1 636 800;2.33%
05/07/2024;2 200;2 200;2 200;2 200;1 958;4 307 600;0.00%
08/07/2024;2 250;2 200;2 250;2 200;16 815;37 413 375;2.27%
09/07/2024;2 200;2 200;2 200;2 200;456;1 003 200;-2.22%
10/07/2024;2 100;2 145;2 145;2 100;2 997;6 361 133;-4.55%
11/07/2024;2 250;2 190;2 250;2 190;11 056;24 544 320;7.14%
12/07/2024;2 200;2 240;2 240;2 200;918;2 037 960;-2.22%
15/07/2024;2 100;2 200;2 200;2 100;11 041;23 738 150;-4.55%
16/07/2024;2 240;2 245;2 245;2 240;115;257 888;6.67%
17/07/2024;2 235;2 110;2 235;2 110;339;736 478;-0.22%
18/07/2024;2 230;2 235;2 235;2 230;5 925;13 227 563;-0.22%
19/07/2024;2 175;2 230;2 230;2 175;952;2 096 780;-2.47%
22/07/2024;2 200;2 175;2 200;2 175;578;1 264 375;1.15%
23/07/2024;2 105;2 200;2 200;2 105;1 661;3 575 303;-4.32%
24/07/2024;2 200;2 105;2 200;2 105;985;2 120 213;4.51%
25/07/2024;2 150;2 280;2 280;2 150;161;356 615;-2.27%
26/07/2024;2 190;2 190;2 190;2 190;127;278 130;1.86%
29/07/2024;2 220;2 225;2 225;2 220;187;415 608;1.37%
30/07/2024;2 150;2 225;2 225;2 150;731;1 599 063;-3.15%
31/07/2024;2 200;2 215;2 215;2 200;581;1 282 558;2.33%
01/08/2024;2 210;2 210;2 210;2 210;396;875 160;0.45%
02/08/2024;2 220;2 200;2 220;2 200;5 727;12 656 670;0.45%
05/08/2024;2 200;2 220;2 220;2 200;452;998 920;-0.90%
06/08/2024;2 225;2 200;2 225;2 200;2 212;4 894 050;1.14%
07/08/2024;2 225;2 200;2 225;2 200;2 212;4 894 050;0.00%
08/08/2024;2 195;2 230;2 230;2 195;598;1 323 075;-1.35%
09/08/2024;2 185;2 200;2 200;2 185;890;1 951 325;-0.46%
12/08/2024;2 165;2 175;2 175;2 165;2 354;5 108 180;-0.92%
13/08/2024;2 165;2 150;2 165;2 150;535;1 154 263;0.00%
14/08/2024;2 165;2 160;2 165;2 160;756;1 634 850;0.00%
15/08/2024;2 165;2 160;2 165;2 160;756;1 634 850;0.00%
16/08/2024;2 160;2 160;2 160;2 160;869;1 877 040;-0.23%
19/08/2024;2 150;2 160;2 160;2 150;6 955;14 988 025;-0.46%
20/08/2024;2 130;2 150;2 150;2 130;1 772;3 792 080;-0.93%
21/08/2024;2 160;2 105;2 160;2 105;3 337;7 116 153;1.41%
22/08/2024;2 180;2 160;2 180;2 160;1 551;3 365 670;0.93%
23/08/2024;2 160;2 165;2 165;2 160;3 241;7 008 663;-0.92%
26/08/2024;2 320;2 160;2 320;2 160;2 466;5 523 840;7.41%
27/08/2024;2 295;2 300;2 300;2 295;761;1 748 398;-1.08%
28/08/2024;2 290;2 300;2 300;2 290;650;1 491 750;-0.22%
29/08/2024;2 300;2 290;2 300;2 290;806;1 849 770;0.44%
30/08/2024;2 190;2 300;2 300;2 190;2 906;6 523 970;-4.78%
02/09/2024;2 200;2 190;2 200;2 190;577;1 266 515;0.46%
03/09/2024;2 150;2 190;2 190;2 150;5 636;12 230 120;-2.27%
04/09/2024;2 200;2 200;2 200;2 200;564;1 240 800;2.33%
05/09/2024;2 355;2 200;2 355;2 200;21 952;49 995 680;7.05%
06/09/2024;2 340;2 345;2 345;2 340;1 561;3 656 643;-0.64%
09/09/2024;2 335;2 345;2 345;2 335;519;1 214 460;-0.21%
10/09/2024;2 190;2 335;2 335;2 190;1 314;2 972 925;-6.21%
11/09/2024;2 190;2 195;2 195;2 190;1 528;3 350 140;0.00%
12/09/2024;2 295;2 190;2 295;2 190;2 999;6 725 258;4.79%
13/09/2024;2 295;2 295;2 295;2 295;3 387;7 773 165;0.00%
16/09/2024;2 320;2 195;2 320;2 195;1 762;3 977 715;1.09%
17/09/2024;2 300;2 330;2 330;2 300;1 403;3 247 945;-0.86%
18/09/2024;2 200;2 300;2 300;2 200;1 148;2 583 000;-4.35%
19/09/2024;2 330;2 200;2 330;2 200;1 814;4 108 710;5.91%
20/09/2024;2 330;2 325;2 330;2 325;6 339;14 754 023;0.00%
23/09/2024;2 350;2 330;2 350;2 330;1 121;2 623 140;0.86%
24/09/2024;2 345;2 330;2 345;2 330;753;1 760 138;-0.21%
25/09/2024;2 345;2 345;2 345;2 345;574;1 346 030;0.00%
26/09/2024;2 300;2 300;2 300;2 300;235;540 500;-1.92%
27/09/2024;2 350;2 300;2 350;2 300;1 470;3 417 750;2.17%
30/09/2024;2 345;2 345;2 345;2 345;1 388;3 254 860;-0.21%
01/10/2024;2 300;2 345;2 345;2 300;491;1 140 348;-1.92%
02/10/2024;2 300;2 340;2 340;2 300;6 574;15 251 680;0.00%
03/10/2024;2 300;2 300;2 300;2 300;115;264 500;0.00%
04/10/2024;2 285;2 300;2 300;2 285;892;2 044 910;-0.65%
07/10/2024;2 175;2 250;2 250;2 175;6 179;13 671 038;-4.81%
08/10/2024;2 295;2 175;2 295;2 175;263;587 805;5.52%
09/10/2024;2 205;2 295;2 295;2 205;2 216;4 986 000;-3.92%
10/10/2024;2 310;2 295;2 310;2 295;4 762;10 964 505;4.76%
11/10/2024;2 300;2 300;2 300;2 300;1 694;3 896 200;-0.43%
14/10/2024;2 200;2 300;2 300;2 200;671;1 509 750;-4.35%
15/10/2024;2 300;2 300;2 300;2 300;805;1 851 500;4.55%
16/10/2024;2 300;2 250;2 300;2 250;305;693 875;0.00%
17/10/2024;2 315;2 300;2 315;2 300;486;1 121 445;0.65%
18/10/2024;2 315;2 315;2 315;2 315;519;1 201 485;0.00%
21/10/2024;2 310;2 315;2 315;2 310;205;474 063;-0.22%
22/10/2024;2 275;2 315;2 315;2 275;160;367 200;-1.52%
23/10/2024;2 300;2 300;2 300;2 300;123;282 900;1.10%
24/10/2024;2 190;2 300;2 300;2 190;801;1 798 245;-4.78%
25/10/2024;2 300;2 200;2 300;2 200;1 263;2 841 750;5.02%
28/10/2024;2 295;2 295;2 295;2 295;87;199 665;-0.22%
29/10/2024;2 300;2 200;2 300;2 200;2 176;4 896 000;0.22%
30/10/2024;2 395;2 200;2 395;2 200;563;1 293 493;4.13%
31/10/2024;2 395;2 395;2 395;2 395;33;79 035;0.00%
01/11/2024;2 395;2 395;2 395;2 395;33;79 035;0.00%
04/11/2024;2 350;2 400;2 400;2 350;1 622;3 852 250;-1.88%
05/11/2024;2 350;2 400;2 400;2 350;1 896;4 503 000;0.00%
06/11/2024;2 300;2 340;2 340;2 300;189;438 480;-2.13%
07/11/2024;2 205;2 300;2 300;2 205;579;1 304 198;-4.13%
08/11/2024;2 210;2 200;2 210;2 200;17 830;39 315 150;0.23%
11/11/2024;2 220;2 210;2 220;2 210;948;2 099 820;0.45%
12/11/2024;2 250;2 250;2 250;2 250;89;200 250;1.35%
13/11/2024;2 350;2 220;2 350;2 220;356;813 460;4.44%
14/11/2024;2 230;2 350;2 350;2 230;177;405 330;-5.11%
15/11/2024;2 230;2 350;2 350;2 230;177;405 330;0.00%
18/11/2024;2 235;2 230;2 235;2 230;385;859 513;0.22%
19/11/2024;2 350;2 240;2 350;2 240;3 217;7 383 015;5.15%
20/11/2024;2 310;2 340;2 340;2 310;142;330 150;-1.70%
21/11/2024;2 240;2 310;2 310;2 240;395;898 625;-3.03%
22/11/2024;2 300;2 310;2 310;2 300;315;726 075;2.68%
25/11/2024;2 350;2 300;2 350;2 300;60;139 500;2.17%
26/11/2024;2 345;2 300;2 345;2 300;2 584;6 001 340;-0.21%
27/11/2024;2 345;2 345;2 345;2 345;111;260 295;0.00%
28/11/2024;2 345;2 345;2 345;2 345;514;1 205 330;0.00%
29/11/2024;2 315;2 345;2 345;2 315;594;1 384 020;-1.28%
02/12/2024;2 350;2 350;2 350;2 350;123;289 050;1.51%
03/12/2024;2 355;2 350;2 355;2 350;2 115;4 975 538;0.21%
04/12/2024;2 255;2 355;2 355;2 255;4 680;10 787 400;-4.25%
05/12/2024;2 255;2 375;2 375;2 255;191;442 165;0.00%
06/12/2024;2 250;2 260;2 260;2 250;665;1 499 575;-0.22%
09/12/2024;2 350;2 250;2 350;2 250;8 475;19 492 500;4.44%
10/12/2024;2 290;2 290;2 290;2 290;288;659 520;-2.55%
11/12/2024;2 250;2 290;2 290;2 250;367;833 090;-1.75%
12/12/2024;2 300;2 290;2 300;2 290;363;833 085;2.22%
13/12/2024;2 350;2 300;2 350;2 300;1 355;3 150 375;2.17%
16/12/2024;2 340;2 350;2 350;2 340;461;1 081 045;-0.43%
17/12/2024;2 345;2 345;2 345;2 345;462;1 083 390;0.21%
18/12/2024;2 300;2 345;2 345;2 300;1 311;3 044 798;-1.92%
19/12/2024;2 290;2 300;2 300;2 290;243;557 685;-0.43%
20/12/2024;2 290;2 290;2 290;2 290;287;657 230;0.00%
23/12/2024;2 250;2 250;2 250;2 250;2 437;5 483 250;-1.75%
24/12/2024;2 250;2 250;2 250;2 250;89;200 250;0.00%
25/12/2024;2 250;2 250;2 250;2 250;89;200 250;0.00%
26/12/2024;2 250;2 250;2 250;2 250;3 162;7 114 500;0.00%
27/12/2024;2 250;2 250;2 250;2 250;618;1 390 500;0.00%
30/12/2024;2 250;2 250;2 250;2 250;1 241;2 792 250;0.00%
31/12/2024;2 300;2 250;2 300;2 250;1 204;2 739 100;2.22%
01/01/2025;2 300;2 250;2 300;2 250;1 204;2 739 100;0.00%
02/01/2025;2 300;2 300;2 300;2 300;8;18 400;0.00%
03/01/2025;2 300;2 300;2 300;2 300;111;255 300;0.00%
06/01/2025;2 300;2 260;2 300;2 260;482;1 098 960;0.00%
07/01/2025;2 300;2 275;2 300;2 275;744;1 701 900;0.00%
08/01/2025;2 400;2 275;2 400;2 275;488;1 140 700;4.35%
09/01/2025;2 400;2 400;2 400;2 400;1 178;2 827 200;0.00%
10/01/2025;2 390;2 390;2 390;2 390;265;633 350;-0.42%
13/01/2025;2 400;2 275;2 400;2 275;1 238;2 893 825;0.42%
14/01/2025;2 390;2 400;2 400;2 390;70;167 650;-0.42%
15/01/2025;2 300;2 300;2 300;2 300;45;103 500;-3.77%
16/01/2025;2 390;2 370;2 390;2 370;650;1 547 000;3.91%
17/01/2025;2 380;2 380;2 380;2 380;259;616 420;-0.42%
20/01/2025;2 385;2 385;2 385;2 385;267;636 795;0.21%
21/01/2025;2 385;2 385;2 385;2 385;574;1 368 990;0.00%
22/01/2025;2 395;2 385;2 395;2 385;705;1 684 950;0.42%
23/01/2025;2 390;2 395;2 395;2 390;65;155 513;-0.21%
24/01/2025;2 390;2 390;2 390;2 390;179;427 810;0.00%
27/01/2025;2 385;2 390;2 390;2 385;507;1 210 463;-0.21%
28/01/2025;2 350;2 375;2 375;2 350;264;623 700;-1.47%
29/01/2025;2 300;2 350;2 350;2 300;1 502;3 492 150;-2.13%
30/01/2025;2 225;2 260;2 260;2 225;1 923;4 312 328;-3.26%
31/01/2025;2 200;2 230;2 230;2 200;1 127;2 496 305;-1.12%
03/02/2025;2 300;2 200;2 300;2 200;473;1 064 250;4.55%
04/02/2025;2 250;2 250;2 250;2 250;415;933 750;-2.17%
05/02/2025;2 250;2 250;2 250;2 250;966;2 173 500;0.00%
06/02/2025;2 285;2 205;2 285;2 205;3 468;7 785 660;1.56%
07/02/2025;2 375;2 290;2 375;2 290;372;867 690;3.94%
10/02/2025;2 380;2 380;2 380;2 380;1 620;3 855 600;0.21%
11/02/2025;2 345;2 385;2 385;2 345;5 573;13 180 145;-1.47%
12/02/2025;2 350;2 350;2 350;2 350;816;1 917 600;0.21%
13/02/2025;2 200;2 350;2 350;2 200;8 338;18 968 950;-6.38%
14/02/2025;2 360;2 360;2 360;2 360;289;682 040;7.27%
17/02/2025;2 375;2 395;2 395;2 375;136;324 360;0.64%
18/02/2025;2 375;2 365;2 375;2 365;1 609;3 813 330;0.00%
19/02/2025;2 385;2 385;2 385;2 385;548;1 306 980;0.42%
20/02/2025;2 375;2 385;2 385;2 375;431;1 025 780;-0.42%
21/02/2025;2 375;2 375;2 375;2 375;1 198;2 845 250;0.00%
24/02/2025;2 370;2 375;2 375;2 370;728;1 727 180;-0.21%
25/02/2025;2 350;2 370;2 370;2 350;1 628;3 842 080;-0.84%
26/02/2025;2 365;2 360;2 365;2 360;860;2 031 750;0.64%
28/02/2025;2 365;2 365;2 365;2 365;3 159;7 471 035;0.00%
03/03/2025;2 370;2 370;2 370;2 370;1 082;2 564 340;0.21%
04/03/2025;2 365;2 370;2 370;2 365;3 602;8 527 735;-0.21%
05/03/2025;2 365;2 365;2 365;2 365;2 578;6 096 970;0.00%
06/03/2025;2 350;2 350;2 350;2 350;1 550;3 642 500;-0.63%
07/03/2025;2 350;2 360;2 360;2 350;2 348;5 529 540;0.00%
10/03/2025;2 355;2 350;2 355;2 350;4 759;11 195 548;0.21%
11/03/2025;2 350;2 355;2 355;2 350;12 442;29 269 805;-0.21%
12/03/2025;2 350;2 350;2 350;2 350;193;453 550;0.00%
13/03/2025;2 440;2 345;2 440;2 345;1 843;4 409 378;3.83%
14/03/2025;2 440;2 440;2 440;2 440;1 319;3 218 360;0.00%
17/03/2025;2 440;2 440;2 440;2 440;1 576;3 845 440;0.00%
18/03/2025;2 400;2 440;2 440;2 400;10 547;25 523 740;-1.64%
19/03/2025;2 375;2 400;2 400;2 375;3 020;7 210 250;-1.04%
20/03/2025;2 350;2 360;2 360;2 350;4 161;9 799 155;-1.05%
21/03/2025;2 330;2 350;2 350;2 330;1 371;3 208 140;-0.85%
24/03/2025;2 395;2 330;2 395;2 330;379;895 388;2.79%
25/03/2025;2 350;2 380;2 380;2 350;2 246;5 311 790;-1.88%
26/03/2025;2 350;2 350;2 350;2 350;1 254;2 946 900;0.00%
27/03/2025;2 350;2 350;2 350;2 350;1 254;2 946 900;0.00%
28/03/2025;2 440;2 350;2 440;2 350;1 260;3 017 700;3.83%
31/03/2025;2 440;2 350;2 440;2 350;1 260;3 017 700;0.00%
01/04/2025;2 440;2 355;2 440;2 355;1 087;2 606 083;0.00%
02/04/2025;2 350;2 440;2 440;2 350;1 668;3 994 860;-3.69%
03/04/2025;2 405;2 400;2 405;2 400;1 008;2 421 720;2.34%
04/04/2025;2 350;2 400;2 400;2 350;3 370;8 003 750;-2.29%
07/04/2025;2 350;2 350;2 350;2 350;2 571;6 041 850;0.00%
08/04/2025;2 350;2 390;2 390;2 350;2 345;5 557 650;0.00%
09/04/2025;2 350;2 350;2 350;2 350;1 549;3 640 150;0.00%
10/04/2025;2 300;2 350;2 350;2 300;3 538;8 225 850;-2.13%
11/04/2025;2 300;2 300;2 300;2 300;1 188;2 732 400;0.00%
14/04/2025;2 340;2 335;2 340;2 335;1 164;2 720 850;1.74%
15/04/2025;2 340;2 340;2 340;2 340;533;1 247 220;0.00%
16/04/2025;2 350;2 345;2 350;2 345;2 234;5 244 315;0.43%
17/04/2025;2 400;2 350;2 400;2 350;5 152;12 236 000;2.13%
18/04/2025;2 395;2 400;2 400;2 395;220;527 450;-0.21%
21/04/2025;2 395;2 400;2 400;2 395;220;527 450;0.00%
22/04/2025;2 390;2 390;2 390;2 390;131;313 090;-0.21%
23/04/2025;2 400;2 380;2 400;2 380;646;1 543 940;0.42%
24/04/2025;2 440;2 400;2 440;2 400;841;2 035 220;1.67%
25/04/2025;2 500;2 445;2 500;2 445;3 055;7 553 488;2.46%
28/04/2025;2 400;2 500;2 500;2 400;5 346;13 097 700;-4.00%
29/04/2025;2 545;2 450;2 545;2 450;2 908;7 262 730;6.04%
30/04/2025;2 525;2 545;2 545;2 525;746;1 891 110;-0.79%
01/05/2025;2 525;2 545;2 545;2 525;746;1 891 110;0.00%
02/05/2025;2 500;2 500;2 500;2 500;15 981;39 952 500;-0.99%
05/05/2025;2 495;2 500;2 500;2 495;6 894;17 217 765;-0.20%
06/05/2025;2 445;2 495;2 495;2 445;2 024;4 999 280;-2.00%
07/05/2025;2 450;2 405;2 450;2 405;3 282;7 967 055;0.20%
08/05/2025;2 450;2 445;2 450;2 445;527;1 289 833;0.00%
09/05/2025;2 450;2 450;2 450;2 450;12 826;31 423 700;0.00%
12/05/2025;2 500;2 440;2 500;2 440;1 126;2 781 220;2.04%
13/05/2025;2 500;2 500;2 500;2 500;350;875 000;0.00%
14/05/2025;2 490;2 490;2 490;2 490;826;2 056 740;-0.40%
15/05/2025;2 495;2 490;2 495;2 490;589;1 468 083;0.20%
16/05/2025;2 410;2 450;2 450;2 410;1 849;4 493 070;-3.41%
19/05/2025;2 415;2 410;2 415;2 410;542;1 307 575;0.21%
20/05/2025;2 495;2 500;2 500;2 495;2 396;5 984 010;3.31%
21/05/2025;2 410;2 410;2 410;2 410;720;1 735 200;-3.41%
22/05/2025;2 490;2 410;2 490;2 410;408;999 600;3.32%
23/05/2025;2 450;2 490;2 490;2 450;2 839;7 012 330;-1.61%
26/05/2025;2 450;2 490;2 490;2 450;2 881;7 116 070;0.00%
27/05/2025;2 500;2 495;2 500;2 495;973;2 430 068;2.04%
28/05/2025;2 525;2 525;2 525;2 525;5 068;12 796 700;1.00%
29/05/2025;2 525;2 525;2 525;2 525;5 068;12 796 700;0.00%
30/05/2025;2 500;2 500;2 500;2 500;566;1 415 000;-0.99%
02/06/2025;2 500;2 525;2 525;2 500;5 735;14 409 188;0.00%
03/06/2025;2 595;2 595;2 595;2 595;1 964;5 096 580;3.80%
04/06/2025;2 595;2 600;2 600;2 595;2 998;7 787 305;0.00%
05/06/2025;2 785;2 595;2 785;2 595;1 260;3 389 400;7.32%
10/06/2025;2 725;2 760;2 760;2 725;19 523;53 541 828;-2.15%
11/06/2025;2 650;2 725;2 725;2 650;1 846;4 961 125;-2.75%
12/06/2025;2 650;2 700;2 700;2 650;2 263;6 053 525;0.00%
13/06/2025;2 650;2 700;2 700;2 650;1 666;4 456 550;0.00%
16/06/2025;2 700;2 650;2 700;2 650;3 578;9 571 150;1.89%
17/06/2025;2 750;2 750;2 750;2 750;7 534;20 718 500;1.85%
18/06/2025;2 700;2 750;2 750;2 700;5 121;13 954 725;-1.82%
19/06/2025;2 725;2 700;2 725;2 700;4 202;11 397 925;0.93%
20/06/2025;2 750;2 750;2 750;2 750;9 227;25 374 250;0.92%
23/06/2025;2 650;2 745;2 745;2 650;7 315;19 732 213;-3.64%
24/06/2025;2 730;2 650;2 730;2 650;1 761;4 737 090;3.02%
25/06/2025;2 700;2 725;2 725;2 700;2 642;7 166 425;-1.10%
26/06/2025;2 665;2 700;2 700;2 665;2 679;7 186 418;-1.30%
27/06/2025;2 675;2 700;2 700;2 675;1 724;4 633 250;0.38%
30/06/2025;2 725;2 665;2 725;2 665;1 464;3 945 480;1.87%
01/07/2025;2 725;2 725;2 725;2 725;11 686;31 844 350;0.00%
02/07/2025;2 750;2 735;2 750;2 735;6 754;18 522 845;0.92%
03/07/2025;2 740;2 750;2 750;2 740;9 908;27 197 460;-0.36%
04/07/2025;2 740;2 740;2 740;2 740;2 824;7 737 760;0.00%
07/07/2025;2 720;2 740;2 740;2 720;2 925;7 985 250;-0.73%
08/07/2025;2 740;2 740;2 740;2 740;6 400;17 536 000;0.74%
09/07/2025;2 600;2 525;2 600;2 525;881;2 257 563;-5.11%
10/07/2025;2 535;2 500;2 535;2 500;3 209;8 078 658;-2.50%
11/07/2025;2 520;2 505;2 520;2 505;1 146;2 879 325;-0.59%
14/07/2025;2 530;2 500;2 530;2 500;1 162;2 922 430;0.40%
15/07/2025;2 530;2 455;2 530;2 455;1 717;4 279 623;0.00%
16/07/2025;2 500;2 600;2 600;2 500;1 802;4 595 100;-1.19%
17/07/2025;2 525;2 500;2 525;2 500;906;2 276 325;1.00%
18/07/2025;2 460;2 525;2 525;2 460;1 964;4 895 270;-2.57%
21/07/2025;2 460;2 410;2 460;2 410;1 193;2 904 955;0.00%
22/07/2025;2 350;2 500;2 500;2 350;10 761;26 095 425;-4.47%
23/07/2025;2 370;2 255;2 370;2 255;1 045;2 416 563;0.85%
24/07/2025;2 375;2 320;2 375;2 320;1 634;3 835 815;0.21%
25/07/2025;2 450;2 375;2 450;2 375;1 617;3 901 013;3.16%
28/07/2025;2 480;2 450;2 480;2 450;1 144;2 819 960;1.22%
29/07/2025;2 480;2 500;2 500;2 480;2 997;7 462 530;0.00%
30/07/2025;2 450;2 480;2 480;2 450;1 445;3 561 925;-1.21%
31/07/2025;2 500;2 550;2 550;2 500;25 228;63 700 700;2.04%
01/08/2025;2 500;2 500;2 500;2 500;11 719;29 297 500;0.00%
04/08/2025;2 530;2 500;2 530;2 500;755;1 898 825;1.20%
05/08/2025;2 500;2 380;2 500;2 380;394;961 360;-1.19%
06/08/2025;2 500;2 500;2 500;2 500;694;1 735 000;0.00%
07/08/2025;2 500;2 500;2 500;2 500;694;1 735 000;0.00%
08/08/2025;2 500;2 500;2 500;2 500;1 238;3 095 000;0.00%
11/08/2025;2 500;2 400;2 500;2 400;1 275;3 123 750;0.00%
12/08/2025;2 500;2 500;2 500;2 500;1 333;3 332 500;0.00%
13/08/2025;2 500;2 500;2 500;2 500;260;650 000;0.00%
14/08/2025;2 500;2 500;2 500;2 500;220;550 000;0.00%
15/08/2025;2 500;2 500;2 500;2 500;220;550 000;0.00%
18/08/2025;2 455;2 500;2 500;2 455;1 017;2 519 618;-1.80%
19/08/2025;2 450;2 470;2 470;2 450;1 101;2 708 460;-0.20%
20/08/2025;2 470;2 450;2 470;2 450;1 650;4 059 000;0.82%
21/08/2025;2 450;2 495;2 495;2 450;997;2 465 083;-0.81%
22/08/2025;2 470;2 450;2 470;2 450;4 767;11 726 820;0.82%
25/08/2025;2 470;2 470;2 470;2 470;5 234;12 927 980;0.00%
26/08/2025;2 500;2 470;2 500;2 470;6 043;15 016 855;1.21%
27/08/2025;2 590;2 500;2 590;2 500;660;1 679 700;3.60%
28/08/2025;2 500;2 590;2 590;2 500;1 021;2 598 445;-3.47%
29/08/2025;2 580;2 600;2 600;2 580;773;2 002 070;3.20%
01/09/2025;2 580;2 580;2 580;2 580;707;1 824 060;0.00%
02/09/2025;2 560;2 500;2 560;2 500;1 762;4 457 860;-0.78%
03/09/2025;2 560;2 560;2 560;2 560;214;547 840;0.00%
04/09/2025;2 560;2 560;2 560;2 560;214;547 840;0.00%
05/09/2025;2 500;2 555;2 555;2 500;2 839;7 175 573;-2.34%
08/09/2025;2 490;2 500;2 500;2 490;2 404;5 997 980;-0.40%
09/09/2025;2 490;2 495;2 495;2 490;270;672 975;0.00%
10/09/2025;2 470;2 460;2 470;2 460;1 424;3 510 160;-0.80%
11/09/2025;2 450;2 470;2 470;2 450;653;1 606 380;-0.81%
12/09/2025;2 490;2 470;2 490;2 470;5 614;13 922 720;1.63%
15/09/2025;2 480;2 490;2 490;2 480;892;2 216 620;-0.40%
16/09/2025;2 470;2 475;2 475;2 470;11 982;29 625 495;-0.40%
17/09/2025;2 490;2 470;2 490;2 470;1 846;4 578 080;0.81%
18/09/2025;2 490;2 490;2 490;2 490;932;2 320 680;0.00%
19/09/2025;2 485;2 490;2 490;2 485;20 713;51 523 588;-0.20%
22/09/2025;2 450;2 485;2 485;2 450;2 439;6 018 233;-1.41%
23/09/2025;2 495;2 490;2 495;2 490;534;1 330 995;1.84%
24/09/2025;2 485;2 490;2 490;2 485;1 530;3 805 875;-0.40%
25/09/2025;2 485;2 485;2 485;2 485;514;1 277 290;0.00%
26/09/2025;2 485;2 485;2 485;2 485;940;2 335 900;0.00%
29/09/2025;2 440;2 485;2 485;2 440;2 047;5 040 738;-1.81%
30/09/2025;2 490;2 440;2 490;2 440;4 673;11 518 945;2.05%
01/10/2025;2 470;2 460;2 470;2 460;601;1 481 465;-0.80%
02/10/2025;2 465;2 485;2 485;2 465;549;1 358 775;-0.20%
03/10/2025;2 465;2 465;2 465;2 465;916;2 257 940;0.00%
06/10/2025;2 430;2 475;2 475;2 430;4 555;11 171 138;-1.42%
07/10/2025;2 470;2 470;2 470;2 470;645;1 593 150;1.65%
08/10/2025;2 485;2 465;2 485;2 465;1 551;3 838 725;0.61%
09/10/2025;2 490;2 465;2 490;2 465;2 926;7 249 165;0.20%
10/10/2025;2 500;2 500;2 500;2 500;831;2 077 500;0.40%
13/10/2025;2 480;2 505;2 505;2 480;2 664;6 640 020;-0.80%
14/10/2025;2 470;2 480;2 480;2 470;2 966;7 340 850;-0.40%
15/10/2025;2 470;2 475;2 475;2 470;2 266;5 602 685;0.00%
16/10/2025;2 480;2 470;2 480;2 470;2 349;5 813 775;0.40%
17/10/2025;2 475;2 480;2 480;2 475;3 087;7 648 043;-0.20%
20/10/2025;2 500;2 475;2 500;2 475;7 528;18 725 900;1.01%
21/10/2025;2 500;2 500;2 500;2 500;4 983;12 457 500;0.00%
22/10/2025;2 550;2 500;2 550;2 500;11 347;28 651 175;2.00%
23/10/2025;2 550;2 550;2 550;2 550;1 430;3 646 500;0.00%
24/10/2025;2 525;2 550;2 550;2 525;706;1 791 475;-0.98%
27/10/2025;2 500;2 525;2 525;2 500;767;1 927 088;-0.99%
28/10/2025;2 500;2 500;2 500;2 500;422;1 055 000;0.00%
29/10/2025;2 500;2 500;2 500;2 500;1 825;4 562 500;0.00%
30/10/2025;2 490;2 500;2 500;2 490;2 943;7 342 785;-0.40%
31/10/2025;2 500;2 475;2 500;2 475;965;2 400 438;0.40%
03/11/2025;2 475;2 495;2 495;2 475;8 150;20 252 750;-1.00%
04/11/2025;2 480;2 475;2 480;2 475;2 231;5 527 303;0.20%
05/11/2025;2 485;2 480;2 485;2 480;983;2 440 298;0.20%
06/11/2025;2 480;2 480;2 480;2 480;1 370;3 397 600;-0.20%
07/11/2025;2 475;2 475;2 475;2 475;-;0;-0.20%
10/11/2025;2 490;2 475;2 490;2 475;648;1 608 660;0.61%
11/11/2025;2 490;2 480;2 490;2 480;742;1 843 870;0.00%
12/11/2025;2 485;2 485;2 485;2 485;508;1 262 380;-0.20%
13/11/2025;2 480;2 490;2 490;2 480;408;1 013 880;-0.20%
14/11/2025;2 485;2 475;2 485;2 475;3 190;7 911 200;0.20%
17/11/2025;2 480;2 475;2 480;2 475;3 743;9 273 283;-0.20%
18/11/2025;2 475;2 475;2 475;2 475;4 074;10 083 150;-0.20%
19/11/2025;2 490;2 470;2 490;2 470;1 315;3 261 200;0.61%
20/11/2025;2 500;2 500;2 500;2 500;699;1 747 500;0.40%
21/11/2025;2 490;2 490;2 490;2 490;345;859 050;-0.40%
24/11/2025;2 500;2 500;2 500;2 500;374;935 000;0.40%
25/11/2025;2 495;2 500;2 500;2 495;1 082;2 702 295;-0.20%
26/11/2025;2 500;2 495;2 500;2 495;1 330;3 321 675;0.20%
27/11/2025;2 480;2 475;2 480;2 475;1 310;3 245 525;-0.80%
28/11/2025;2 555;2 500;2 555;2 500;321;811 328;3.02%
01/12/2025;2 550;2 555;2 555;2 550;849;2 167 073;-0.20%
02/12/2025;2 550;2 550;2 550;2 550;1 004;2 560 200;0.00%
03/12/2025;2 490;2 550;2 550;2 490;1 910;4 813 200;-2.35%
04/12/2025;2 500;2 500;2 500;2 500;694;1 735 000;0.40%
05/12/2025;2 490;2 500;2 500;2 490;1 933;4 822 835;-0.40%
08/12/2025;2 560;2 490;2 560;2 490;617;1 557 925;2.81%
09/12/2025;2 560;2 560;2 560;2 560;1 219;3 120 640;0.00%
10/12/2025;2 550;2 560;2 560;2 550;392;1 001 560;-0.39%
11/12/2025;2 550;2 550;2 550;2 550;345;879 750;0.00%
12/12/2025;2 560;2 530;2 560;2 530;275;699 875;0.39%
15/12/2025;2 555;2 555;2 555;2 555;317;809 935;-0.20%
16/12/2025;2 510;2 550;2 550;2 510;403;1 019 590;-1.76%
17/12/2025;2 500;2 510;2 510;2 500;2 482;6 217 410;-0.40%
18/12/2025;2 485;2 520;2 520;2 485;959;2 399 898;-0.60%
19/12/2025;2 545;2 485;2 545;2 485;1 942;4 884 130;2.41%
22/12/2025;2 475;2 475;2 475;2 475;1 719;4 254 525;-2.75%
23/12/2025;2 545;2 545;2 545;2 545;733;1 865 485;2.83%
24/12/2025;2 500;2 475;2 500;2 475;567;1 410 413;-1.77%
25/12/2025;2 500;2 475;2 500;2 475;567;1 410 413;0.00%
26/12/2025;2 500;2 500;2 500;2 500;1 647;4 117 500;0.00%
29/12/2025;2 480;2 500;2 500;2 480;3 714;9 247 860;-0.80%
30/12/2025;2 480;2 500;2 500;2 480;108;268 920;0.00%
31/12/2025;2 500;2 480;2 500;2 480;320;796 800;0.81%
01/01/2026;2 500;2 480;2 500;2 480;320;796 800;0.00%
02/01/2026;2 530;2 510;2 530;2 510;453;1 141 560;1.20%
05/01/2026;2 350;2 530;2 530;2 350;2 916;7 115 040;-7.11%
06/01/2026;2 425;2 495;2 495;2 425;1 422;3 498 120;3.19%
07/01/2026;2 450;2 425;2 450;2 425;1 913;4 662 938;1.03%
08/01/2026;2 530;2 450;2 530;2 450;636;1 583 640;3.27%
09/01/2026;2 530;2 530;2 530;2 530;459;1 161 270;0.00%
12/01/2026;2 530;2 530;2 530;2 530;795;2 011 350;0.00%
13/01/2026;2 600;2 530;2 600;2 530;1 249;3 203 685;2.77%
14/01/2026;2 555;2 600;2 600;2 555;390;1 005 225;-1.73%
15/01/2026;2 600;2 550;2 600;2 550;656;1 689 200;1.76%
16/01/2026;2 550;2 600;2 600;2 550;835;2 150 125;-1.92%
19/01/2026;2 550;2 600;2 600;2 550;705;1 815 375;0.00%
20/01/2026;2 530;2 550;2 550;2 530;459;1 165 860;-0.78%
21/01/2026;2 550;2 500;2 550;2 500;2 195;5 542 375;0.79%
22/01/2026;2 550;2 500;2 550;2 500;714;1 802 850;0.00%
23/01/2026;2 550;2 550;2 550;2 550;409;1 042 950;0.00%
26/01/2026;2 540;2 550;2 550;2 540;277;704 965;-0.39%
27/01/2026;2 550;2 540;2 550;2 540;869;2 211 605;0.39%
28/01/2026;2 540;2 550;2 550;2 540;807;2 053 815;-0.39%
29/01/2026;2 600;2 595;2 600;2 595;1 014;2 633 865;2.36%
30/01/2026;2 600;2 600;2 600;2 600;1 367;3 554 200;0.00%
02/02/2026;2 620;2 600;2 620;2 600;974;2 542 140;0.77%
03/02/2026;2 660;2 620;2 660;2 620;970;2 560 800;1.53%
04/02/2026;2 700;2 660;2 700;2 660;1 289;3 480 300;1,50%
05/02/2026;2 700;2 700;2 700;2 700;1 958;5 286 600;0,00%
06/02/2026;2 740;2 700;2 740;2 700;1 100;2 992 000;1.48%
09/02/2026;2 720;2 720;2 730;2 730;2 734;7 436 480;-0,73%
10/02/2026;2 720;2 730;2 730;2 720;4 325;11 785 625;0.00%
11/02/2026;2 720;2 720;2 720;2 720;1 311;3 565 920;0,00%
12/02/2026;2 730;2 720;2 730;2 720;4 308;11 739 300;0.37%
13/02/2026;2 750;2 730;2 750;2 730;1 084;2 970 160;0.73%
16/02/2026;2 750;2 900;2 900;2 750;3 110;8 785 750;0.00%
17/02/2026;2 755;2 755;2 755;2 755;1 923;5 297 865;0.18%
18/02/2026;2 800;2 760;2 800;2 760;3 539;9 838 420;1.63%
19/02/2026;2 875;2 800;2 875;2 800;6 683;19 213 625;2,68%
20/02/2026;2 930;2 930;2 930;2 930;2 020;5 918 600;1,91%
23/02/2026;2 850;2 850;2 850;2 850;5 400;15 390 000;-2,73%
24/02/2026;2 850;2 850;2 850;2 850;2 668;7 603 800;0,00%
25/02/2026;2 850;2 850;2 850;2 850;3 719;10 599 150;0,00%
26/02/2026;2 845;2 845;2 850;2 850;3 272;9 308 840;-0,18%
27/02/2026;2 910;2 850;2 910;2 850;1 152;3 317 760;2.28%
02/03/2026;3 125;2 940;3 125;2 940;25 514;79 731 250;7,39%
03/03/2026;3 300;3 125;3 300;3 125;15 412;50 859 600;5,60%
04/03/2026;3 440;3 440;3 495;3 495;5 644;19 415 360;4,24%
05/03/2026;3 300;3 445;3 445;3 300;5 425;18 295 813;-4.07%
06/03/2026;3 285;3 285;3 300;3 300;3 895;12 795 075;-0,45%
09/03/2026;3 280;3 280;3 285;3 285;2 492;8 173 760;-0,15%
10/03/2026;3 230;3 230;3 280;3 280;3 563;11 508 490;-1,52%
11/03/2026;3 245;3 245;3 280;3 280;5 503;17 857 235;0,46%
12/03/2026;3 100;3 100;3 250;3 250;1 561;4 839 100;-4,47%
13/03/2026;3 195;3 100;3 195;3 100;1 328;4 242 960;3,06%
16/03/2026;3 195;3 100;3 195;3 100;1 328;4 242 960;0,00%
17/03/2026;3 210;3 200;3 210;3 200;4 042;12 974 820;0,47%
18/03/2026;3 265;3 265;3 265;3 265;1 391;4 541 615;1.71%
19/03/2026;3 265;3 265;3 265;3 265;2 279;7 440 935;0.00%
20/03/2026;3 265;3 265;3 265;3 265;2 279;7 440 935;0,00%
23/03/2026;3 025;3 265;3 265;3 025;12 064;37 941 280;-7.35%
24/03/2026;3 190;3 020;3 190;3 020;925;2 872 125;5.45%
25/03/2026;3 015;3 190;3 190;3 015;844;2 618 510;-5.49%
26/03/2026;3 100;3 015;3 100;3 015;670;2 077 000;2,82%
27/03/2026;3 250;3 240;3 250;3 240;2 407;7 822 750;4,84%
30/03/2026;3 350;3 300;3 350;3 300;1 793;6 006 550;3,08%
31/03/2026;3 250;3 250;3 350;3 350;4 167;13 542 750;-2,99%
01/04/2026;3 250;3 250;3 350;3 350;16 958;55 113 500;0,00%
02/04/2026;3 350;3 250;3 350;3 250;1 083;3 573 900;3.08%
03/04/2026;3 390;3 350;3 390;3 350;1 826;6 153 620;1.19%
06/04/2026;3 390;3 350;3 390;3 350;1 826;6 153 620;0.00%
07/04/2026;3 370;3 380;3 380;3 370;4 377;14 772 375;-0.59%
08/04/2026;3 290;3 120;3 290;3 120;816;2 615 280;-2.37%
09/04/2026;3 250;3 250;3 285;3 285;988;3 211 000;-1,22%
10/04/2026;3 155;3 155;3 250;3 250;996;3 142 380;-2,92%
13/04/2026;3 000;3 000;3 155;3 155;1 147;3 441 000;-4,91%
14/04/2026;2 995;3 000;3 000;2 995;4 558;13 662 605;-0.17%
15/04/2026;3 215;3 000;3 215;3 000;3 048;9 799 320;7,35%
16/04/2026;3 280;3 215;3 280;3 215;1 624;5 273 940;2.02%
17/04/2026;3 280;3 280;3 280;3 280;3 925;12 874 000;0.00%
20/04/2026;3 250;3 250;3 280;3 280;5 889;19 139 250;-0,91%
21/04/2026;3 200;3 200;3 250;3 250;463;1 481 600;-1,54%
22/04/2026;3 005;3 100;3 100;3 005;612;1 868 130;-6.09%
23/04/2026;3 195;3 000;3 195;3 000;537;1 715 715;6,32%
24/04/2026;3 245;3 195;3 245;3 195;1 170;3 767 400;1.56%
27/04/2026;3 200;3 245;3 245;3 200;1 314;4 234 365;-1.39%
28/04/2026;3 180;3 300;3 300;3 180;884;2 864 160;-0.63%
29/04/2026;3 210;3 180;3 210;3 180;1 305;4 189 050;0,94%
30/04/2026;3 250;3 230;3 250;3 230;1 045;3 396 250;1,25%
01/05/2026;3 250;3 230;3 250;3 230;1 045;3 396 250;0,00%
04/05/2026;3 010;3 250;3 250;3 010;2 945;9 217 850;-7.38%
05/05/2026;3 000;3 010;3 010;3 000;1 295;3 891 475;-0.33%
06/05/2026;3 005;3 010;3 010;3 005;481;1 446 608;0.17%
07/05/2026;3 000;3 010;3 010;3 000;1 956;5 877 780;-0.17%
08/05/2026;2 950;2 950;2 950;2 950;2 197;6 481 150;-1.67%
11/05/2026;2 900;2 910;2 910;2 900;3 481;10 112 305;-1.69%
12/05/2026;2 845;2 850;2 850;2 845;2 044;5 820 290;-1.90%
13/05/2026;3 025;2 950;3 025;2 950;2 139;6 390 263;6.33%
14/05/2026;3 025;2 950;3 025;2 950;2 139;6 390 263;0.00%
15/05/2026;3 005;3 025;3 025;3 005;2 180;6 572 700;-0.66%
18/05/2026;2 990;3 005;3 005;2 990;728;2 182 180;-0.50%
19/05/2026;3 020;3 005;3 020;3 005;1 621;4 883 263;1.00%
20/05/2026;3 050;3 025;3 050;3 025;1 777;5 397 638;0.99%
21/05/2026;3 240;3 050;3 240;3 050;1 104;3 472 080;6.23%
22/05/2026;3 195;3 300;3 300;3 195;2 247;7 297 133;-1.39%
25/05/2026;3 195;3 300;3 300;3 195;2 247;7 297 133;0.00%
26/05/2026;3 200;3 100;3 200;3 100;1 726;5 436 900;0.16%
27/05/2026;3 200;3 100;3 200;3 100;1 726;5 436 900;0.00%
28/05/2026;3 300;3 300;3 300;3 300;4 503;14 859 900;3.13%
29/05/2026;3 350;3 300;3 350;3 300;5 011;16 661 575;1.52%
01/06/2026;3 365;3 350;3 365;3 350;941;3 159 408;0.45%
02/06/2026;3 365;3 370;3 370;3 365;4 685;15 776 738;0.00%
03/06/2026;3 365;3 370;3 370;3 365;2 016;6 788 880;0.00%
04/06/2026;3 490;3 365;3 490;3 365;1 602;5 490 855;3.71%
05/06/2026;3 495;3 490;3 495;3 490;1 051;3 670 618;0.14%
08/06/2026;3 490;3 495;3 495;3 490;1 757;6 136 323;-0.14%
09/06/2026;3 475;3 490;3 490;3 475;5 531;19 261 708;-0.43%
10/06/2026;3 440;3 480;3 480;3 440;840;2 906 400;-1.01%
11/06/2026;3 400;3 440;3 440;3 400;1 631;5 578 020;-1.16%
12/06/2026;3 425;3 440;3 440;3 425;2 019;6 930 218;0.74%
15/06/2026;3 350;3 430;3 430;3 350;2 872;9 736 080;-2.19%
16/06/2026;3 395;3 310;3 395;3 310;1 490;4 995 225;1.34%
17/06/2026;3 460;3 395;3 460;3 395;2 069;7 091 498;1.91%
18/06/2026;3 495;3 500;3 500;3 495;1 176;4 113 060;1.01%
19/06/2026;3 500;3 495;3 500;3 495;1 490;5 211 275;0.14%
22/06/2026;3 455;3 500;3 500;3 455;2 166;7 532 265;-1.29%
23/06/2026;3 450;3 455;3 455;3 450;971;3 352 378;-0.14%
24/06/2026;3 450;3 450;3 450;3 450;315;1 086 750;0.00%
25/06/2026;3 455;3 450;3 455;3 450;1 705;5 886 513;0.14%
26/06/2026;3 500;3 450;3 500;3 450;11 973;41 606 175;1.30%
29/06/2026;3 750;3 600;3 750;3 600;1 124;4 130 700;7.14%
30/06/2026;3 895;3 750;3 895;3 750;2 280;8 715 300;3.87%
