Date;Clôture;Plus bas;Plus haut;Ouverture;Volume Titres;Volume FCFA;Variation %
14/07/2014;48;48;48;48;244 880;11 754 240;2.13%
15/07/2014;48;48;48;48;109 500;5 256 000;0.00%
16/07/2014;48;48;48;48;162 211;7 786 128;0.00%
17/07/2014;49;49;49;49;21 084;1 033 116;2.08%
18/07/2014;48;48;48;48;62 458;2 997 984;-2.04%
21/07/2014;48;48;48;48;170 615;8 189 520;0.00%
22/07/2014;48;48;48;48;127 910;6 139 680;0.00%
23/07/2014;49;49;49;49;159 421;7 811 629;2.08%
25/07/2014;48;48;48;48;264 416;12 691 968;-2.04%
29/07/2014;48;48;48;48;12 762;612 576;0.00%
30/07/2014;48;48;48;48;59 598;2 860 704;0.00%
31/07/2014;48;48;48;48;245 006;11 760 288;0.00%
01/08/2014;48;48;48;48;149 485;7 175 280;0.00%
04/08/2014;49;49;49;49;10 046 586;492 282 714;2.08%
05/08/2014;48;48;48;48;44 763;2 148 624;-2.04%
06/08/2014;49;49;49;49;199 432;9 772 168;2.08%
07/08/2014;49;49;49;49;199 432;9 772 168;0.00%
08/08/2014;49;49;49;49;2 876 749;140 960 701;0.00%
11/08/2014;50;50;50;50;7 293 820;364 691 000;2.04%
12/08/2014;51;51;51;51;141 648;7 224 048;2.00%
13/08/2014;50;50;50;50;126 383;6 319 150;-1.96%
14/08/2014;49;49;49;49;230 985;11 318 265;-2.00%
18/08/2014;49;49;49;49;356 232;17 455 368;0.00%
19/08/2014;49;49;49;49;266 037;13 035 813;0.00%
20/08/2014;49;49;49;49;58 832;2 882 768;0.00%
21/08/2014;50;50;50;50;15 843;792 150;2.04%
22/08/2014;50;50;50;50;11 388;569 400;0.00%
25/08/2014;50;50;50;50;1 060;53 000;0.00%
26/08/2014;50;50;50;50;65 748;3 287 400;0.00%
27/08/2014;49;49;49;49;453 831;22 237 719;-2.00%
28/08/2014;50;50;50;50;5 256;262 800;2.04%
29/08/2014;50;50;50;50;425 312;21 265 600;0.00%
01/09/2014;50;50;50;50;3 640;182 000;0.00%
02/09/2014;50;50;50;50;266 586;13 329 300;0.00%
03/09/2014;50;50;50;50;141 818;7 090 900;0.00%
04/09/2014;51;51;51;51;108 297;5 523 147;2.00%
05/09/2014;51;51;51;51;84 031;4 285 581;0.00%
08/09/2014;53;53;53;53;79 392;4 207 776;3.92%
09/09/2014;53;53;53;53;14 044;744 332;0.00%
10/09/2014;52;52;52;52;36 995;1 923 740;-1.89%
11/09/2014;53;53;53;53;147 405;7 812 465;1.92%
12/09/2014;52;52;52;52;735 077;38 224 004;-1.89%
15/09/2014;55;55;55;55;27 838;1 531 090;5.77%
16/09/2014;59;59;59;59;124 383;7 338 597;7.27%
18/09/2014;63;63;63;63;499 567;31 472 721;3.28%
19/09/2014;64;64;64;64;674 668;43 178 752;1.59%
22/09/2014;64;64;64;64;3 086 205;197 517 120;0.00%
23/09/2014;63;63;63;63;724 250;45 627 750;-1.56%
24/09/2014;63;63;63;63;1 321 191;83 235 033;0.00%
25/09/2014;63;63;63;63;2 247 093;141 566 859;0.00%
26/09/2014;63;63;63;63;234 532;14 775 516;0.00%
29/09/2014;62;62;62;62;110 309;6 839 158;-1.59%
30/09/2014;62;62;62;62;422 069;26 168 278;0.00%
01/10/2014;63;63;63;63;156 675;9 870 525;1.61%
02/10/2014;62;62;62;62;578 446;35 863 652;-1.59%
03/10/2014;60;60;60;60;403 391;24 203 460;-3.23%
06/10/2014;62;62;62;62;6 300;390 600;3.33%
07/10/2014;61;61;61;61;59 581;3 634 441;-1.61%
08/10/2014;60;60;60;60;13 061;783 660;-1.64%
09/10/2014;60;60;60;60;214 896;12 893 760;0.00%
10/10/2014;59;59;59;59;674 730;39 809 070;-1.67%
13/10/2014;57;57;57;57;14 301;815 157;-3.39%
14/10/2014;60;60;60;60;16 429;985 740;5.26%
15/10/2014;57;57;57;57;72 000;4 104 000;-5.00%
16/10/2014;57;57;57;57;5 814;331 398;0.00%
17/10/2014;56;56;56;56;295 062;16 523 472;-1.75%
20/10/2014;53;53;53;53;81 147;4 300 791;-5.36%
21/10/2014;52;52;52;52;224 611;11 679 772;-1.89%
22/10/2014;52;52;52;52;36 943;1 921 036;0.00%
23/10/2014;53;53;53;53;478 354;25 352 762;1.92%
24/10/2014;52;52;52;52;232 591;12 094 732;-1.89%
27/10/2014;53;53;53;53;785 070;41 608 710;1.92%
28/10/2014;52;52;52;52;27 320;1 420 640;-1.89%
29/10/2014;53;53;53;53;455 282;24 129 946;1.92%
30/10/2014;53;53;53;53;549 855;29 142 315;0.00%
31/10/2014;54;54;54;54;32 000;1 728 000;1.89%
03/11/2014;54;54;54;54;79 124;4 272 696;0.00%
04/11/2014;54;54;54;54;442 595;23 900 130;0.00%
05/11/2014;54;54;54;54;58 484;3 158 136;0.00%
06/11/2014;55;55;55;55;936 527;51 508 985;1.85%
07/11/2014;54;54;54;54;24 160;1 304 640;-1.82%
10/11/2014;54;54;54;54;15 862;856 548;0.00%
11/11/2014;52;52;52;52;160 736;8 358 272;-3.70%
12/11/2014;53;53;53;53;304 635;16 145 655;1.92%
13/11/2014;53;53;53;53;304 635;16 145 655;0.00%
14/11/2014;53;53;53;53;34 641;1 835 973;0.00%
17/11/2014;53;53;53;53;2 540;134 620;0.00%
18/11/2014;52;52;52;52;59 220;3 079 440;-1.89%
19/11/2014;53;53;53;53;87 673;4 646 669;1.92%
20/11/2014;52;52;52;52;44 958;2 337 816;-1.89%
21/11/2014;52;52;52;52;64 960;3 377 920;0.00%
24/11/2014;51;51;51;51;55 863;2 849 013;-1.92%
25/11/2014;53;53;53;53;450 305;23 866 165;3.92%
26/11/2014;51;51;51;51;46 526;2 372 826;-3.77%
27/11/2014;52;52;52;52;8 552;444 704;1.96%
28/11/2014;52;52;52;52;189 000;9 828 000;0.00%
01/12/2014;52;52;52;52;336 531;17 499 612;0.00%
02/12/2014;51;51;51;51;611 286;31 175 586;-1.92%
03/12/2014;51;51;51;51;73 538;3 750 438;0.00%
04/12/2014;49;49;49;49;1 052 908;51 592 492;-3.92%
08/12/2014;48;48;48;48;138 530;6 649 440;-2.04%
09/12/2014;50;50;50;50;580 204;29 010 200;4.17%
10/12/2014;49;49;49;49;1 593 966;78 104 334;-2.00%
11/12/2014;49;49;49;49;1 409 135;69 047 615;0.00%
12/12/2014;50;50;50;50;355 482;17 774 100;2.04%
15/12/2014;50;50;50;50;65 590;3 279 500;0.00%
17/12/2014;50;50;50;50;416 592;20 829 600;0.00%
18/12/2014;49;49;49;49;201 217;9 859 633;-2.00%
19/12/2014;49;49;49;49;39 150;1 918 350;0.00%
22/12/2014;48;48;48;48;566 300;27 182 400;-2.04%
23/12/2014;48;48;48;48;323 213;15 514 224;0.00%
24/12/2014;48;48;48;48;978 568;46 971 264;0.00%
25/12/2014;48;48;48;48;978 568;46 971 264;0.00%
26/12/2014;48;48;48;48;110 090;5 284 320;0.00%
29/12/2014;47;47;47;47;184 271;8 660 737;-2.08%
30/12/2014;50;50;50;50;555 475;27 773 750;6.38%
31/12/2014;50;50;50;50;57 898;2 894 900;0.00%
02/01/2015;50;50;50;50;11 400;570 000;0.00%
05/01/2015;49;49;49;49;120 594;5 909 106;-2.00%
06/01/2015;49;49;49;49;13 950;683 550;0.00%
07/01/2015;48;48;48;48;48 114;2 309 472;-2.04%
08/01/2015;48;48;48;48;51 725;2 482 800;0.00%
09/01/2015;49;49;49;49;774 747;37 962 603;2.08%
12/01/2015;49;49;49;49;33 200;1 626 800;0.00%
13/01/2015;49;49;49;49;28 050;1 374 450;0.00%
14/01/2015;50;50;50;50;257 560;12 878 000;2.04%
15/01/2015;49;49;49;49;14 348;703 052;-2.00%
16/01/2015;48;48;48;48;58 410;2 803 680;-2.04%
19/01/2015;48;48;48;48;29 800;1 430 400;0.00%
20/01/2015;48;48;48;48;200 371;9 617 808;0.00%
21/01/2015;48;48;48;48;8 702;417 696;0.00%
22/01/2015;48;48;48;48;34 676;1 664 448;0.00%
23/01/2015;48;48;48;48;212 151;10 183 248;0.00%
26/01/2015;49;49;49;49;38 121;1 867 929;2.08%
27/01/2015;48;48;48;48;26 800;1 286 400;-2.04%
28/01/2015;49;49;49;49;35 100;1 719 900;2.08%
29/01/2015;49;49;49;49;19 350;948 150;0.00%
30/01/2015;49;49;49;49;4 307;211 043;0.00%
02/02/2015;49;49;49;49;146 045;7 156 205;0.00%
03/02/2015;48;48;48;48;417 884;20 058 432;-2.04%
04/02/2015;49;49;49;49;220 985;10 828 265;2.08%
05/02/2015;47;47;47;47;1 351 053;63 499 491;-4.08%
06/02/2015;47;47;47;47;278 379;13 083 813;0.00%
09/02/2015;47;47;47;47;278 379;13 083 813;0.00%
10/02/2015;47;47;47;47;66 900;3 144 300;0.00%
11/02/2015;48;48;48;48;17 357;833 136;2.13%
12/02/2015;48;48;48;48;17 357;833 136;0.00%
13/02/2015;48;48;48;48;13 372;641 856;0.00%
16/02/2015;47;47;47;47;19 131;899 157;-2.08%
17/02/2015;47;47;47;47;8 000;376 000;0.00%
18/02/2015;46;46;46;46;199 913;9 195 998;-2.13%
19/02/2015;47;47;47;47;273 129;12 837 063;2.17%
20/02/2015;47;47;47;47;10 991;516 577;0.00%
23/02/2015;47;47;47;47;357 665;16 810 255;0.00%
24/02/2015;47;47;47;47;20 999;986 953;0.00%
25/02/2015;47;47;47;47;475 031;22 326 457;0.00%
26/02/2015;45;45;45;45;169 384;7 622 280;-4.26%
27/02/2015;47;47;47;47;1 046 159;49 169 473;4.44%
02/03/2015;47;47;47;47;58 653;2 756 691;0.00%
03/03/2015;47;47;47;47;335 718;15 778 746;0.00%
04/03/2015;45;45;45;45;533 500;24 007 500;-4.26%
05/03/2015;45;45;45;45;29 321;1 319 445;0.00%
06/03/2015;46;46;46;46;19 041;875 886;2.22%
09/03/2015;45;45;45;45;28 545;1 284 525;-2.17%
10/03/2015;47;47;47;47;864 473;40 630 231;4.44%
11/03/2015;47;47;47;47;1 142 179;53 682 413;0.00%
12/03/2015;46;46;46;46;21 836;1 004 456;-2.13%
13/03/2015;46;46;46;46;485 492;22 332 632;0.00%
17/03/2015;45;45;45;45;266 412;11 988 540;-2.17%
18/03/2015;45;45;45;45;133 860;6 023 700;0.00%
19/03/2015;46;46;46;46;212 623;9 780 658;2.22%
20/03/2015;46;46;46;46;866 923;39 878 458;0.00%
23/03/2015;46;46;46;46;2 408 393;110 786 078;0.00%
24/03/2015;46;46;46;46;886 219;40 766 074;0.00%
25/03/2015;47;47;47;47;1 585 398;74 513 706;2.17%
26/03/2015;47;47;47;47;21 451;1 008 197;0.00%
27/03/2015;47;47;47;47;49 020;2 303 940;0.00%
30/03/2015;47;47;47;47;287 319;13 503 993;0.00%
31/03/2015;48;48;48;48;34 280;1 645 440;2.13%
01/04/2015;49;49;49;49;51 191;2 508 359;2.08%
02/04/2015;50;50;50;50;3 032 961;151 648 050;2.04%
03/04/2015;50;50;50;50;68 850;3 442 500;0.00%
06/04/2015;50;50;50;50;68 850;3 442 500;0.00%
07/04/2015;50;50;50;50;194 141;9 707 050;0.00%
08/04/2015;50;50;50;50;344 100;17 205 000;0.00%
09/04/2015;50;50;50;50;93 717;4 685 850;0.00%
10/04/2015;49;49;49;49;2 008 130;98 398 370;-2.00%
13/04/2015;50;50;50;50;195 162;9 758 100;2.04%
14/04/2015;50;50;50;50;14 200;710 000;0.00%
15/04/2015;50;50;50;50;2 967;148 350;0.00%
16/04/2015;53;53;53;53;338 568;17 944 104;6.00%
17/04/2015;53;53;53;53;523 560;27 748 680;0.00%
20/04/2015;53;53;53;53;100 678;5 335 934;0.00%
22/04/2015;57;57;57;57;436 019;24 853 083;7.55%
23/04/2015;57;57;57;57;415 623;23 690 511;0.00%
24/04/2015;57;57;57;57;631 523;35 996 811;0.00%
27/04/2015;55;55;55;55;169 020;9 296 100;-3.51%
28/04/2015;56;56;56;56;532 989;29 847 384;1.82%
30/04/2015;55;55;55;55;138 661;7 626 355;-1.79%
05/05/2015;58;58;58;58;2 007 052;116 409 016;5.45%
06/05/2015;57;57;57;57;53 786;3 065 802;-1.72%
07/05/2015;56;56;56;56;50 770;2 843 120;-1.75%
08/05/2015;56;56;56;56;56 835;3 182 760;0.00%
13/05/2015;57;57;57;57;121 400;6 919 800;1.79%
14/05/2015;57;57;57;57;121 400;6 919 800;0.00%
18/05/2015;57;57;57;57;48 036;2 738 052;0.00%
19/05/2015;56;56;56;56;349 292;19 560 352;-1.75%
20/05/2015;57;57;57;57;651 076;37 111 332;1.79%
21/05/2015;56;56;56;56;269 080;15 068 480;-1.75%
22/05/2015;57;57;57;57;64 234;3 661 338;1.79%
25/05/2015;57;57;57;57;64 234;3 661 338;0.00%
26/05/2015;56;56;56;56;1 063 321;59 545 976;-1.75%
27/05/2015;56;56;56;56;96 122;5 382 832;0.00%
28/05/2015;56;56;56;56;164 090;9 189 040;0.00%
29/05/2015;56;56;56;56;14 950;837 200;0.00%
01/06/2015;56;56;56;56;276 295;15 472 520;0.00%
02/06/2015;56;56;56;56;1 538 170;86 137 520;0.00%
03/06/2015;55;55;55;55;26 097;1 435 335;-1.79%
04/06/2015;56;56;56;56;156 238;8 749 328;1.82%
05/06/2015;55;55;55;55;1 121 446;61 679 530;-1.79%
08/06/2015;53;53;53;53;307 525;16 298 825;-3.64%
09/06/2015;56;56;56;56;780 218;43 692 208;5.66%
10/06/2015;53;53;53;53;35 446;1 878 638;-5.36%
11/06/2015;54;54;54;54;15 212;821 448;1.89%
12/06/2015;54;54;54;54;290 821;15 704 334;0.00%
16/06/2015;53;53;53;53;170 384;9 030 352;0.00%
17/06/2015;55;55;55;55;3 582 002;197 010 110;3.77%
18/06/2015;54;54;54;54;3 278 122;177 018 588;-1.82%
19/06/2015;54;54;54;54;680 355;36 739 170;0.00%
22/06/2015;54;54;54;54;18 593;1 004 022;0.00%
23/06/2015;54;54;54;54;810 984;43 793 136;0.00%
24/06/2015;54;54;54;54;2 117 077;114 322 158;0.00%
25/06/2015;54;54;54;54;18 435;995 490;0.00%
26/06/2015;53;53;53;53;54 445;2 885 585;-1.85%
29/06/2015;54;54;54;54;262 340;14 166 360;1.89%
30/06/2015;55;55;55;55;1 973 340;108 533 700;1.85%
01/07/2015;54;54;54;54;562 320;30 365 280;-1.82%
02/07/2015;54;54;54;54;551 323;29 771 442;0.00%
03/07/2015;54;54;54;54;129 317;6 983 118;0.00%
06/07/2015;53;53;53;53;1 030 067;54 593 551;-1.85%
07/07/2015;54;54;54;54;2 588 869;139 798 926;1.89%
08/07/2015;56;56;56;56;38 511;2 156 616;3.70%
09/07/2015;59;59;59;59;2 427 991;143 251 469;5.36%
10/07/2015;60;60;60;60;6 316 100;378 966 000;1.69%
13/07/2015;61;61;61;61;173 404;10 577 644;1.67%
14/07/2015;61;61;61;61;173 404;10 577 644;0.00%
15/07/2015;64;64;64;64;2 056 856;131 638 784;4.92%
17/07/2015;65;65;65;65;495 927;32 235 255;1.56%
20/07/2015;64;64;64;64;2 134 194;136 588 416;-1.54%
21/07/2015;65;65;65;65;97 843;6 359 795;1.56%
22/07/2015;64;64;64;64;736 341;47 125 824;-1.54%
23/07/2015;63;63;63;63;171 380;10 796 940;-1.56%
29/07/2015;55;55;55;55;147 187;8 095 285;-12.70%
30/07/2015;55;55;55;55;600 536;33 029 480;0.00%
31/07/2015;55;55;55;55;297 028;16 336 540;0.00%
03/08/2015;56;56;56;56;386 512;21 644 672;1.82%
04/08/2015;56;56;56;56;62 659;3 508 904;0.00%
05/08/2015;60;60;60;60;1 027 855;61 671 300;7.14%
06/08/2015;56;56;56;56;6 180;346 080;-6.67%
07/08/2015;56;56;56;56;6 180;346 080;0.00%
10/08/2015;58;58;58;58;122 400;7 099 200;3.57%
11/08/2015;58;58;58;58;187 660;10 884 280;0.00%
12/08/2015;58;58;58;58;538 247;31 218 326;0.00%
13/08/2015;59;59;59;59;114 907;6 779 513;1.72%
14/08/2015;60;60;60;60;111 806;6 708 360;1.69%
17/08/2015;59;59;59;59;319 135;18 828 965;-1.67%
18/08/2015;58;58;58;58;480 399;27 863 142;-1.69%
19/08/2015;59;59;59;59;152 869;9 019 271;1.72%
20/08/2015;58;58;58;58;394 698;22 892 484;-1.69%
21/08/2015;58;58;58;58;614 726;35 654 108;0.00%
24/08/2015;56;56;56;56;226 716;12 696 096;-3.45%
25/08/2015;58;58;58;58;41 381;2 400 098;3.57%
26/08/2015;56;56;56;56;15 103;845 768;-3.45%
27/08/2015;56;56;56;56;197 996;11 087 776;0.00%
28/08/2015;58;58;58;58;11 120;644 960;3.57%
31/08/2015;58;58;58;58;10 591;614 278;0.00%
01/09/2015;57;57;57;57;27 178;1 549 146;-1.72%
02/09/2015;57;57;57;57;20 666;1 177 962;0.00%
03/09/2015;56;56;56;56;91 877;5 145 112;-1.75%
04/09/2015;56;56;56;56;38 278;2 143 568;0.00%
07/09/2015;57;57;57;57;36 593;2 085 801;1.79%
08/09/2015;56;56;56;56;178 375;9 989 000;-1.75%
09/09/2015;56;56;56;56;65 099;3 645 544;0.00%
10/09/2015;55;55;55;55;18 642;1 025 310;-1.79%
11/09/2015;54;54;54;54;124 205;6 707 070;-1.82%
15/09/2015;54;54;54;54;988 149;53 360 046;-1.82%
16/09/2015;55;55;55;55;92 845;5 106 475;1.85%
17/09/2015;54;54;54;54;56 128;3 030 912;-1.82%
18/09/2015;55;55;55;55;175 994;9 679 670;1.85%
21/09/2015;54;54;54;54;32 280;1 743 120;-1.82%
22/09/2015;55;55;55;55;191 591;10 537 505;1.85%
23/09/2015;55;55;55;55;45 840;2 521 200;0.00%
24/09/2015;55;55;55;55;45 840;2 521 200;0.00%
25/09/2015;55;55;55;55;55 932;3 076 260;0.00%
28/09/2015;54;54;54;54;110 250;5 953 500;-1.82%
29/09/2015;54;54;54;54;518 505;27 999 270;0.00%
30/09/2015;54;54;54;54;111 344;6 012 576;0.00%
01/10/2015;54;54;54;54;644 052;34 778 808;0.00%
02/10/2015;54;54;54;54;910 187;49 150 098;0.00%
05/10/2015;54;54;54;54;731 940;39 524 760;0.00%
06/10/2015;54;54;54;54;250 208;13 511 232;0.00%
07/10/2015;54;54;54;54;2 946;159 084;0.00%
08/10/2015;54;54;54;54;3 975;214 650;0.00%
13/10/2015;55;55;55;55;45 342;2 493 810;1.85%
14/10/2015;55;55;55;55;12 600;693 000;0.00%
15/10/2015;55;55;55;55;2 231;122 705;0.00%
16/10/2015;54;54;54;54;69 084;3 730 536;-1.82%
19/10/2015;54;54;54;54;522 945;28 239 030;0.00%
20/10/2015;54;54;54;54;93 284;5 037 336;0.00%
21/10/2015;54;54;54;54;65 346;3 528 684;0.00%
22/10/2015;55;55;55;55;5 005;275 275;1.85%
23/10/2015;54;54;54;54;102 908;5 557 032;-1.82%
26/10/2015;55;55;55;55;49 787;2 738 285;1.85%
27/10/2015;54;54;54;54;36 098;1 949 292;-1.82%
28/10/2015;52;52;52;52;58 860;3 060 720;-3.70%
02/11/2015;53;53;53;53;31 000;1 643 000;1.92%
03/11/2015;52;52;52;52;14 932;776 464;-1.89%
04/11/2015;52;52;52;52;269 328;14 005 056;0.00%
05/11/2015;52;52;52;52;68 157;3 544 164;0.00%
06/11/2015;51;51;51;51;29 025;1 480 275;-1.92%
09/11/2015;52;52;52;52;126 064;6 555 328;1.96%
10/11/2015;51;51;51;51;22 834;1 164 534;-1.92%
11/11/2015;52;52;52;52;59 225;3 079 700;1.96%
12/11/2015;51;51;51;51;43 260;2 206 260;-1.92%
13/11/2015;51;51;51;51;413 521;21 089 571;0.00%
16/11/2015;51;51;51;51;178 336;9 095 136;0.00%
17/11/2015;51;51;51;51;397 633;20 279 283;0.00%
18/11/2015;51;51;51;51;436 196;22 245 996;0.00%
19/11/2015;50;50;50;50;45 781;2 289 050;-1.96%
20/11/2015;50;50;50;50;1 301 494;65 074 700;0.00%
23/11/2015;49;49;49;49;264 587;12 964 763;-2.00%
24/11/2015;50;50;50;50;9 459;472 950;2.04%
25/11/2015;50;50;50;50;70 842;3 542 100;0.00%
26/11/2015;50;50;50;50;777 738;38 886 900;0.00%
27/11/2015;49;49;49;49;13 648;668 752;-2.00%
30/11/2015;50;50;50;50;5 100;255 000;2.04%
01/12/2015;49;49;49;49;36 666;1 796 634;-2.00%
02/12/2015;49;49;49;49;18 616;912 184;0.00%
03/12/2015;49;49;49;49;774 989;37 974 461;0.00%
04/12/2015;49;49;49;49;24 706;1 210 594;0.00%
07/12/2015;49;49;49;49;15 460;757 540;0.00%
08/12/2015;49;49;49;49;6 259;306 691;0.00%
09/12/2015;48;48;48;48;9 609;461 232;-2.04%
10/12/2015;47;47;47;47;250 472;11 772 184;-2.08%
14/12/2015;47;47;47;47;1 271 942;59 781 274;0.00%
16/12/2015;47;47;47;47;82 708;3 887 276;0.00%
17/12/2015;47;47;47;47;53 007;2 491 329;0.00%
18/12/2015;46;46;46;46;711 704;32 738 384;-2.13%
21/12/2015;46;46;46;46;421 570;19 392 220;0.00%
22/12/2015;47;47;47;47;808 150;37 983 050;2.17%
23/12/2015;46;46;46;46;1 151 154;52 953 084;-2.13%
24/12/2015;46;46;46;46;1 151 154;52 953 084;0.00%
25/12/2015;46;46;46;46;1 151 154;52 953 084;0.00%
28/12/2015;47;47;47;47;23 826;1 119 822;2.17%
29/12/2015;47;47;47;47;33 171;1 559 037;0.00%
30/12/2015;47;47;47;47;13 072;614 384;0.00%
31/12/2015;48;48;48;48;13 863;665 424;2.13%
04/01/2016;47;47;47;47;109 302;5 137 194;-2.08%
05/01/2016;47;47;47;47;32 764;1 539 908;0.00%
06/01/2016;47;47;47;47;15 510;728 970;0.00%
07/01/2016;47;47;47;47;124 727;5 862 169;0.00%
08/01/2016;47;47;47;47;28 320;1 331 040;0.00%
11/01/2016;47;47;47;47;451 569;21 223 743;0.00%
12/01/2016;49;49;49;49;122 029;5 979 421;4.26%
14/01/2016;50;50;50;50;17 307;865 350;2.04%
15/01/2016;49;49;49;49;142 886;7 001 414;-2.00%
18/01/2016;49;49;49;49;31 019;1 519 931;0.00%
20/01/2016;49;49;49;49;466 072;22 837 528;0.00%
21/01/2016;48;48;48;48;158 960;7 630 080;-2.04%
22/01/2016;49;49;49;49;60 919;2 985 031;2.08%
25/01/2016;46;46;46;46;934 031;42 965 426;-6.12%
26/01/2016;47;47;47;47;61 181;2 875 507;2.17%
27/01/2016;46;46;46;46;924 668;42 534 728;-2.13%
28/01/2016;46;46;46;46;161 628;7 434 888;0.00%
29/01/2016;46;46;46;46;355 057;16 332 622;0.00%
01/02/2016;46;46;46;46;199 074;9 157 404;0.00%
02/02/2016;46;46;46;46;247 900;11 403 400;0.00%
03/02/2016;46;46;46;46;129 210;5 943 660;0.00%
04/02/2016;46;46;46;46;424 928;19 546 688;0.00%
05/02/2016;45;45;45;45;118 375;5 326 875;-2.17%
08/02/2016;44;44;44;44;342 243;15 058 692;-2.22%
09/02/2016;44;44;44;44;2 171 711;95 555 284;0.00%
10/02/2016;44;44;44;44;59 607;2 622 708;0.00%
11/02/2016;44;44;44;44;239 092;10 520 048;0.00%
12/02/2016;44;44;44;44;27 667;1 217 348;0.00%
15/02/2016;42;42;42;42;164 692;6 917 064;-4.55%
16/02/2016;41;41;41;41;163 169;6 689 929;-2.38%
17/02/2016;40;40;40;40;175 238;7 009 520;-2.44%
18/02/2016;40;40;40;40;2 524 987;100 999 480;0.00%
19/02/2016;40;40;40;40;873 474;34 938 960;0.00%
22/02/2016;41;41;41;41;346 943;14 224 663;2.50%
23/02/2016;41;41;41;41;12 547 340;514 440 940;0.00%
24/02/2016;43;43;43;43;83 200;3 577 600;4.88%
25/02/2016;42;42;42;42;12 359 670;519 106 140;-2.33%
26/02/2016;42;42;42;42;3 059 922;128 516 724;0.00%
29/02/2016;42;42;42;42;73 003;3 066 126;0.00%
01/03/2016;42;42;42;42;127 746;5 365 332;0.00%
02/03/2016;41;41;41;41;305 900;12 541 900;-2.38%
03/03/2016;41;41;41;41;157 960;6 476 360;0.00%
04/03/2016;41;41;41;41;506 262;20 756 742;0.00%
07/03/2016;42;42;42;42;67 854;2 849 868;2.44%
08/03/2016;41;41;41;41;90 229;3 699 389;-2.38%
09/03/2016;44;44;44;44;49 208;2 165 152;7.32%
11/03/2016;41;41;41;41;472 000;19 352 000;0.00%
14/03/2016;42;42;42;42;352 920;14 822 640;2.44%
15/03/2016;41;41;41;41;745 491;30 565 131;-2.38%
16/03/2016;38;38;38;38;179 752;6 830 576;-7.32%
17/03/2016;36;36;36;36;42 719;1 537 884;-5.26%
18/03/2016;34;34;34;34;104 331;3 547 254;-5.56%
21/03/2016;34;34;34;34;94 761;3 221 874;0.00%
22/03/2016;32;32;32;32;354 289;11 337 248;-5.88%
23/03/2016;33;33;33;33;118 749;3 918 717;3.13%
24/03/2016;32;32;32;32;433 666;13 877 312;-3.03%
25/03/2016;33;33;33;33;285 317;9 415 461;3.13%
28/03/2016;33;33;33;33;285 317;9 415 461;0.00%
29/03/2016;35;35;35;35;101 226;3 542 910;6.06%
30/03/2016;37;37;37;37;37 802;1 398 674;5.71%
31/03/2016;38;38;38;38;1 541 605;58 580 990;2.70%
01/04/2016;39;39;39;39;341 890;13 333 710;2.63%
04/04/2016;39;39;39;39;115 065;4 487 535;0.00%
05/04/2016;38;38;38;38;162 186;6 163 068;-2.56%
06/04/2016;38;38;38;38;424 763;16 140 994;0.00%
07/04/2016;38;38;38;38;114 962;4 368 556;0.00%
08/04/2016;38;38;38;38;71 020;2 698 760;0.00%
11/04/2016;37;37;37;37;219 642;8 126 754;-2.63%
12/04/2016;37;37;37;37;2 951 258;109 196 546;0.00%
13/04/2016;38;38;38;38;57 781;2 195 678;2.70%
14/04/2016;36;36;36;36;409 034;14 725 224;-5.26%
15/04/2016;36;36;36;36;1 044 242;37 592 712;0.00%
18/04/2016;36;36;36;36;1 270 117;45 724 212;0.00%
19/04/2016;36;36;36;36;228 760;8 235 360;0.00%
20/04/2016;36;36;36;36;83 184;2 994 624;0.00%
21/04/2016;37;37;37;37;22 060;816 220;2.78%
22/04/2016;37;37;37;37;43 704;1 617 048;0.00%
26/04/2016;38;38;38;38;12 064 971;458 468 898;2.70%
27/04/2016;36;36;36;36;105 414;3 794 904;-5.26%
28/04/2016;37;37;37;37;68 838;2 547 006;2.78%
29/04/2016;37;37;37;37;382 499;14 152 463;0.00%
02/05/2016;37;37;37;37;382 499;14 152 463;0.00%
03/05/2016;37;37;37;37;55 476;2 052 612;0.00%
04/05/2016;36;36;36;36;488 940;17 601 840;-2.70%
05/05/2016;36;36;36;36;488 940;17 601 840;0.00%
06/05/2016;37;37;37;37;161 474;5 974 538;2.78%
09/05/2016;37;37;37;37;22 331;826 247;0.00%
10/05/2016;38;38;38;38;18 732;711 816;2.70%
11/05/2016;37;37;37;37;573 374;21 214 838;-2.63%
16/05/2016;37;37;37;37;8 661 815;320 487 155;0.00%
17/05/2016;37;37;37;37;23 798;880 526;0.00%
18/05/2016;39;39;39;39;89 188;3 478 332;5.41%
19/05/2016;39;39;39;39;15 700;612 300;0.00%
20/05/2016;39;39;39;39;68 497;2 671 383;0.00%
23/05/2016;37;37;37;37;33 597;1 243 089;-5.13%
24/05/2016;37;37;37;37;366 089;13 545 293;0.00%
25/05/2016;38;38;38;38;8 776 770;333 517 260;2.70%
26/05/2016;38;38;38;38;49 230;1 870 740;0.00%
27/05/2016;38;38;38;38;8 137;309 206;0.00%
30/05/2016;39;39;39;39;34 369;1 340 391;2.63%
31/05/2016;37;37;37;37;18 662 857;690 525 709;-5.13%
01/06/2016;38;38;38;38;36 517;1 387 646;2.70%
02/06/2016;37;37;37;37;126 788;4 691 156;-2.63%
03/06/2016;37;37;37;37;2 653 310;98 172 470;0.00%
06/06/2016;37;37;37;37;35 209;1 302 733;0.00%
07/06/2016;37;37;37;37;53 871;1 993 227;0.00%
09/06/2016;37;37;37;37;844 166;31 234 142;0.00%
10/06/2016;37;37;37;37;99 085;3 666 145;0.00%
13/06/2016;36;36;36;36;50 590;1 821 240;-2.70%
14/06/2016;36;36;36;36;1 097 863;39 523 068;0.00%
15/06/2016;35;35;35;35;1 974 472;69 106 520;-2.78%
16/06/2016;35;35;35;35;220 074;7 702 590;0.00%
17/06/2016;33;33;33;33;383 027;12 639 891;-5.71%
21/06/2016;35;35;35;35;337 426;11 809 910;6.06%
22/06/2016;33;33;33;33;4 940 330;163 030 890;-5.71%
23/06/2016;33;33;33;33;814 916;26 892 228;0.00%
24/06/2016;33;33;33;33;378 010;12 474 330;0.00%
27/06/2016;33;33;33;33;200 653;6 621 549;0.00%
28/06/2016;33;33;33;33;144 923;4 782 459;0.00%
29/06/2016;32;32;32;32;259 403;8 300 896;-3.03%
30/06/2016;32;32;32;32;103 993;3 327 776;0.00%
01/07/2016;30;30;30;30;513 662;15 409 860;-6.25%
04/07/2016;30;30;30;30;243 905;7 317 150;0.00%
05/07/2016;30;30;30;30;171 371;5 141 130;0.00%
06/07/2016;30;30;30;30;171 371;5 141 130;0.00%
07/07/2016;31;31;31;31;663 377;20 564 687;3.33%
08/07/2016;32;32;32;32;107 904;3 452 928;3.23%
13/07/2016;33;33;33;33;351 007;11 583 231;3.13%
14/07/2016;33;33;33;33;165 771;5 470 443;0.00%
15/07/2016;33;33;33;33;18 214;601 062;0.00%
18/07/2016;32;32;32;32;27 318;874 176;-3.03%
19/07/2016;32;32;32;32;91 800;2 937 600;0.00%
20/07/2016;31;31;31;31;666 282;20 654 742;-3.13%
21/07/2016;30;30;30;30;100 868;3 026 040;-3.23%
22/07/2016;30;30;30;30;89 313;2 679 390;0.00%
25/07/2016;30;30;30;30;60 000;1 800 000;0.00%
26/07/2016;29;29;29;29;386 609;11 211 661;-3.33%
27/07/2016;28;28;28;28;380 694;10 659 432;-3.45%
28/07/2016;28;28;28;28;61 807;1 730 596;0.00%
29/07/2016;28;28;28;28;389 006;10 892 168;0.00%
01/08/2016;28;28;28;28;48 310;1 352 680;0.00%
02/08/2016;28;28;28;28;593 566;16 619 848;0.00%
03/08/2016;28;28;28;28;287 720;8 056 160;0.00%
04/08/2016;28;28;28;28;107 050;2 997 400;0.00%
05/08/2016;27;27;27;27;140 312;3 788 424;-3.57%
08/08/2016;27;27;27;27;140 312;3 788 424;0.00%
09/08/2016;26;26;26;26;302 999;7 877 974;-3.70%
10/08/2016;25;25;25;25;639 691;15 992 275;-3.85%
11/08/2016;25;25;25;25;403 773;10 094 325;0.00%
12/08/2016;24;24;24;24;820 773;19 698 552;-4.00%
15/08/2016;24;24;24;24;820 773;19 698 552;0.00%
16/08/2016;23;23;23;23;301 105;6 925 415;-4.17%
17/08/2016;22;22;22;22;125 673;2 764 806;-4.35%
18/08/2016;21;21;21;21;803 912;16 882 152;-4.55%
19/08/2016;21;21;21;21;1 558 655;32 731 755;0.00%
22/08/2016;22;22;22;22;83 344;1 833 568;4.76%
23/08/2016;23;23;23;23;9 044 788;208 030 124;4.55%
01/09/2016;29;29;29;29;586 008;16 994 232;26.09%
02/09/2016;29;29;29;29;382 943;11 105 347;0.00%
05/09/2016;30;30;30;30;1 377 519;41 325 570;3.45%
07/09/2016;34;34;34;34;102 655;3 490 270;6.25%
08/09/2016;33;33;33;33;101 778;3 358 674;-2.94%
09/09/2016;32;32;32;32;362 098;11 587 136;-3.03%
12/09/2016;32;32;32;32;362 098;11 587 136;0.00%
13/09/2016;30;30;30;30;122 735;3 682 050;-6.25%
14/09/2016;29;29;29;29;104 123;3 019 567;-3.33%
15/09/2016;30;30;30;30;36 102;1 083 060;3.45%
16/09/2016;28;28;28;28;154 170;4 316 760;-6.67%
19/09/2016;28;28;28;28;166 500;4 662 000;0.00%
20/09/2016;28;28;28;28;110 967;3 107 076;0.00%
21/09/2016;28;28;28;28;103 448;2 896 544;0.00%
23/09/2016;30;30;30;30;1 061 250;31 837 500;7.14%
26/09/2016;28;28;28;28;98 423;2 755 844;-6.67%
27/09/2016;29;29;29;29;146 319;4 243 251;3.57%
28/09/2016;28;28;28;28;57 049;1 597 372;-3.45%
29/09/2016;27;27;27;27;507 222;13 694 994;-3.57%
30/09/2016;29;29;29;29;82 188;2 383 452;7.41%
03/10/2016;28;28;28;28;80 861;2 264 108;-3.45%
04/10/2016;29;29;29;29;8 849;256 621;3.57%
05/10/2016;27;27;27;27;293 207;7 916 589;-6.90%
06/10/2016;27;27;27;27;19 140;516 780;0.00%
07/10/2016;27;27;27;27;77 900;2 103 300;0.00%
10/10/2016;28;28;28;28;8 337;233 436;3.70%
11/10/2016;27;27;27;27;54 271;1 465 317;-3.57%
12/10/2016;27;27;27;27;157 048;4 240 296;0.00%
13/10/2016;26;26;26;26;17 052;443 352;-3.70%
14/10/2016;27;27;27;27;95 891;2 589 057;3.85%
17/10/2016;26;26;26;26;28 209;733 434;-3.70%
18/10/2016;27;27;27;27;5 500;148 500;3.85%
19/10/2016;25;25;25;25;206 777;5 169 425;-7.41%
20/10/2016;25;25;25;25;38 090;952 250;0.00%
21/10/2016;26;26;26;26;74 687;1 941 862;4.00%
24/10/2016;26;26;26;26;26 109;678 834;0.00%
25/10/2016;26;26;26;26;9 168;238 368;0.00%
26/10/2016;25;25;25;25;144 559;3 613 975;-3.85%
27/10/2016;26;26;26;26;24 859;646 334;4.00%
28/10/2016;26;26;26;26;147 665;3 839 290;0.00%
31/10/2016;27;27;27;27;404 054;10 909 458;3.85%
01/11/2016;27;27;27;27;404 054;10 909 458;0.00%
02/11/2016;29;29;29;29;728 636;21 130 444;7.41%
03/11/2016;29;29;29;29;38 715;1 122 735;0.00%
04/11/2016;28;28;28;28;42 350;1 185 800;-3.45%
07/11/2016;26;26;26;26;40 855;1 062 230;-7.14%
08/11/2016;27;27;27;27;113 462;3 063 474;3.85%
09/11/2016;29;29;29;29;339 014;9 831 406;7.41%
10/11/2016;27;27;27;27;71 769;1 937 763;-6.90%
11/11/2016;28;28;28;28;1 844;51 632;3.70%
14/11/2016;28;28;28;28;4 445;124 460;0.00%
15/11/2016;28;28;28;28;4 445;124 460;0.00%
16/11/2016;27;27;27;27;559 215;15 098 805;-3.57%
17/11/2016;26;26;26;26;4 293;111 618;-3.70%
18/11/2016;25;25;25;25;141 767;3 544 175;-3.85%
21/11/2016;24;24;24;24;125 197;3 004 728;-4.00%
22/11/2016;25;25;25;25;508 260;12 706 500;4.17%
23/11/2016;26;26;26;26;15 603;405 678;4.00%
25/11/2016;26;26;26;26;143 760;3 737 760;0.00%
29/11/2016;26;26;26;26;363 039;9 439 014;0.00%
30/11/2016;27;27;27;27;1 137 641;30 716 307;3.85%
01/12/2016;26;26;26;26;6 800;176 800;-3.70%
02/12/2016;26;26;26;26;68 046;1 769 196;0.00%
06/12/2016;26;26;26;26;49 975;1 299 350;4.00%
07/12/2016;27;27;27;27;901 765;24 347 655;3.85%
08/12/2016;25;25;25;25;163 249;4 081 225;-7.41%
09/12/2016;26;26;26;26;167 486;4 354 636;4.00%
12/12/2016;26;26;26;26;167 486;4 354 636;0.00%
13/12/2016;25;25;25;25;452 220;11 305 500;-3.85%
14/12/2016;26;26;26;26;6 400;166 400;4.00%
15/12/2016;25;25;25;25;120 413;3 010 325;-3.85%
16/12/2016;25;25;25;25;1 041 750;26 043 750;0.00%
19/12/2016;25;25;25;25;301 082;7 527 050;0.00%
20/12/2016;25;25;25;25;543 748;13 593 700;0.00%
21/12/2016;25;25;25;25;1 231 650;30 791 250;0.00%
22/12/2016;24;24;24;24;19 850;476 400;-4.00%
23/12/2016;24;24;24;24;151 470;3 635 280;0.00%
26/12/2016;24;24;24;24;151 470;3 635 280;0.00%
27/12/2016;24;24;24;24;50 230;1 205 520;0.00%
28/12/2016;25;25;25;25;962 850;24 071 250;4.17%
29/12/2016;24;24;24;24;99 624;2 390 976;-4.00%
30/12/2016;25;25;25;25;2 285 133;57 128 325;4.17%
02/01/2017;24;24;24;24;82 702;1 984 848;-4.00%
03/01/2017;24;24;24;24;79 056;1 897 344;0.00%
04/01/2017;24;24;24;24;54 700;1 312 800;0.00%
05/01/2017;24;24;24;24;340 317;8 167 608;0.00%
06/01/2017;23;23;23;23;41 824;961 952;-4.17%
09/01/2017;24;24;24;24;40 100;962 400;4.35%
10/01/2017;24;24;24;24;105 011;2 520 264;0.00%
11/01/2017;24;24;24;24;305 985;7 343 640;0.00%
12/01/2017;24;24;24;24;129 540;3 108 960;0.00%
13/01/2017;24;24;24;24;74 837;1 796 088;0.00%
20/01/2017;24;24;24;24;168 066;4 033 584;0.00%
23/01/2017;24;24;24;24;240 331;5 767 944;0.00%
24/01/2017;24;24;24;24;2 179 424;52 306 176;0.00%
25/01/2017;24;24;24;24;221 537;5 316 888;0.00%
26/01/2017;24;24;24;24;6 200;148 800;0.00%
27/01/2017;24;24;24;24;992 887;23 829 288;0.00%
30/01/2017;24;24;24;24;98 790;2 370 960;0.00%
31/01/2017;24;24;24;24;18 327;439 848;0.00%
01/02/2017;23;23;23;23;9 504;218 592;-4.17%
02/02/2017;23;23;23;23;46 938;1 079 574;0.00%
03/02/2017;24;24;24;24;7 434;178 416;4.35%
06/02/2017;23;23;23;23;10 415;239 545;-4.17%
07/02/2017;24;24;24;24;24 414;585 936;4.35%
08/02/2017;23;23;23;23;144 923;3 333 229;-4.17%
09/02/2017;23;23;23;23;3 102 682;71 361 686;0.00%
10/02/2017;24;24;24;24;129 881;3 117 144;4.35%
13/02/2017;24;24;24;24;28 000;672 000;0.00%
14/02/2017;24;24;24;24;217 449;5 218 776;0.00%
15/02/2017;23;23;23;23;7 925;182 275;-4.17%
20/02/2017;22;22;22;22;427 874;9 413 228;-4.35%
21/02/2017;22;22;22;22;100 464;2 210 208;0.00%
22/02/2017;22;22;22;22;97 700;2 149 400;0.00%
23/02/2017;22;22;22;22;69 705;1 533 510;0.00%
24/02/2017;22;22;22;22;150 491;3 310 802;0.00%
27/02/2017;21;21;21;21;99 190;2 082 990;-4.55%
28/02/2017;22;22;22;22;75 959;1 671 098;4.76%
01/03/2017;23;23;23;23;43 711;1 005 353;4.55%
02/03/2017;22;22;22;22;41 195;906 290;-4.35%
03/03/2017;22;22;22;22;70 480;1 550 560;0.00%
07/03/2017;22;22;22;22;43 220;950 840;0.00%
08/03/2017;22;22;22;22;513 434;11 295 548;0.00%
09/03/2017;21;21;21;21;93 444;1 962 324;-4.55%
10/03/2017;22;22;22;22;38 700;851 400;4.76%
13/03/2017;22;22;22;22;26 760;588 720;0.00%
14/03/2017;22;22;22;22;163 206;3 590 532;0.00%
15/03/2017;22;22;22;22;16 644;366 168;0.00%
16/03/2017;22;22;22;22;116 404;2 560 888;0.00%
17/03/2017;22;22;22;22;268 475;5 906 450;0.00%
20/03/2017;21;21;21;21;65 925;1 384 425;-4.55%
21/03/2017;21;21;21;21;94 196;1 978 116;0.00%
22/03/2017;21;21;21;21;544 957;11 444 097;0.00%
23/03/2017;21;21;21;21;657 928;13 816 488;0.00%
24/03/2017;20;20;20;20;132 189;2 643 780;-4.76%
27/03/2017;20;20;20;20;282 018;5 640 360;0.00%
28/03/2017;21;21;21;21;154 040;3 234 840;5.00%
29/03/2017;21;21;21;21;258 877;5 436 417;0.00%
30/03/2017;20;20;20;20;220 696;4 413 920;-4.76%
31/03/2017;21;21;21;21;95 883;2 013 543;5.00%
03/04/2017;21;21;21;21;56 227;1 180 767;0.00%
04/04/2017;21;21;21;21;11 580;243 180;0.00%
05/04/2017;20;20;20;20;27 814;556 280;-4.76%
06/04/2017;21;21;21;21;41 807;877 947;5.00%
07/04/2017;20;20;20;20;67 135;1 342 700;-4.76%
10/04/2017;21;21;21;21;1 425 832;29 942 472;5.00%
11/04/2017;21;21;21;21;26 045;546 945;0.00%
12/04/2017;20;20;20;20;62 078;1 241 560;-4.76%
13/04/2017;20;20;20;20;815 720;16 314 400;0.00%
14/04/2017;20;20;20;20;20 750;415 000;0.00%
18/04/2017;20;20;20;20;414 450;8 289 000;0.00%
19/04/2017;19;19;19;19;4 972 624;94 479 856;-5.00%
20/04/2017;18;18;18;18;109 959;1 979 262;-5.26%
21/04/2017;18;18;18;18;369 910;6 658 380;0.00%
24/04/2017;19;19;19;19;36 500;693 500;5.56%
25/04/2017;20;20;20;20;402 383;8 047 660;5.26%
26/04/2017;20;20;20;20;17 851;357 020;0.00%
27/04/2017;20;20;20;20;74 492;1 489 840;0.00%
28/04/2017;19;19;19;19;352 668;6 700 692;-5.00%
01/05/2017;19;19;19;19;352 668;6 700 692;0.00%
02/05/2017;18;18;18;18;145 239;2 614 302;-5.26%
03/05/2017;18;18;18;18;14 430;259 740;0.00%
04/05/2017;18;18;18;18;17 225 023;310 050 414;0.00%
05/05/2017;19;19;19;19;201 267;3 824 073;5.56%
08/05/2017;18;18;18;18;134 330;2 417 940;-5.26%
09/05/2017;18;18;18;18;244 739;4 405 302;0.00%
10/05/2017;18;18;18;18;180 875;3 255 750;0.00%
11/05/2017;18;18;18;18;976 619;17 579 142;0.00%
12/05/2017;18;18;18;18;410 051;7 380 918;0.00%
15/05/2017;17;17;17;17;601 773;10 230 141;-5.56%
16/05/2017;18;18;18;18;28 067;505 206;5.88%
17/05/2017;18;18;18;18;419 677;7 554 186;0.00%
18/05/2017;18;18;18;18;358 913;6 460 434;0.00%
19/05/2017;18;18;18;18;98 841;1 779 138;0.00%
22/05/2017;18;18;18;18;149 258;2 686 644;0.00%
23/05/2017;17;17;17;17;1 446 756;24 594 852;-5.56%
24/05/2017;18;18;18;18;56 020;1 008 360;5.88%
25/05/2017;18;18;18;18;56 020;1 008 360;0.00%
26/05/2017;18;18;18;18;1 665 087;29 971 566;0.00%
29/05/2017;18;18;18;18;57 431;1 033 758;0.00%
30/05/2017;18;18;18;18;377 314;6 791 652;0.00%
31/05/2017;19;19;19;19;651 877;12 385 663;5.56%
01/06/2017;18;18;18;18;452 213;8 139 834;-5.26%
02/06/2017;18;18;18;18;9 786;176 148;0.00%
06/06/2017;17;17;17;17;1 109 029;18 853 493;-5.56%
07/06/2017;18;18;18;18;1 004 989;18 089 802;5.88%
08/06/2017;18;18;18;18;21 167 742;381 019 356;0.00%
09/06/2017;17;17;17;17;11 240 960;191 096 320;-5.56%
12/06/2017;18;18;18;18;15 890;286 020;5.88%
13/06/2017;17;17;17;17;263 145;4 473 465;-5.56%
14/06/2017;18;18;18;18;1 047 042;18 846 756;5.88%
15/06/2017;17;17;17;17;221 363;3 763 171;-5.56%
16/06/2017;17;17;17;17;5 749;97 733;0.00%
19/06/2017;17;17;17;17;331 039;5 627 663;0.00%
20/06/2017;18;18;18;18;4 138;74 484;5.88%
21/06/2017;18;18;18;18;1 575 717;28 362 906;0.00%
22/06/2017;18;18;18;18;1 575 717;28 362 906;0.00%
27/06/2017;18;18;18;18;1 016 948;18 305 064;0.00%
28/06/2017;18;18;18;18;130 375;2 346 750;0.00%
29/06/2017;17;17;17;17;62 620;1 064 540;-5.56%
30/06/2017;18;18;18;18;381 952;6 875 136;5.88%
03/07/2017;17;17;17;17;26 023;442 391;-5.56%
04/07/2017;17;17;17;17;3 000;51 000;0.00%
05/07/2017;18;18;18;18;247 264;4 450 752;5.88%
06/07/2017;18;18;18;18;12 397;223 146;0.00%
07/07/2017;18;18;18;18;37 560;676 080;0.00%
10/07/2017;17;17;17;17;16 159;274 703;-5.56%
11/07/2017;17;17;17;17;111 848;1 901 416;0.00%
12/07/2017;17;17;17;17;26 260;446 420;0.00%
13/07/2017;18;18;18;18;26 385;474 930;5.88%
17/07/2017;17;17;17;17;1 052;17 884;-5.56%
18/07/2017;17;17;17;17;126 512;2 150 704;0.00%
19/07/2017;18;18;18;18;5 290;95 220;5.88%
20/07/2017;17;17;17;17;181 317;3 082 389;-5.56%
21/07/2017;18;18;18;18;107 560;1 936 080;5.88%
24/07/2017;17;17;17;17;5 431;92 327;-5.56%
25/07/2017;18;18;18;18;216 541;3 897 738;5.88%
26/07/2017;17;17;17;17;53 466;908 922;-5.56%
27/07/2017;17;17;17;17;19 267;327 539;0.00%
28/07/2017;18;18;18;18;41 419;745 542;5.88%
31/07/2017;18;18;18;18;1 693 037;30 474 666;0.00%
01/08/2017;18;18;18;18;14 375;258 750;0.00%
02/08/2017;18;18;18;18;193 193;3 477 474;0.00%
03/08/2017;18;18;18;18;54 715 781;984 884 058;0.00%
04/08/2017;18;18;18;18;688 698;12 396 564;0.00%
07/08/2017;18;18;18;18;688 698;12 396 564;0.00%
08/08/2017;19;19;19;19;318 377;6 049 163;5.56%
09/08/2017;18;18;18;18;871 179;15 681 222;-5.26%
10/08/2017;19;19;19;19;652 082;12 389 558;5.56%
11/08/2017;19;19;19;19;376 346;7 150 574;0.00%
14/08/2017;20;20;20;20;1 371 250;27 425 000;5.26%
15/08/2017;20;20;20;20;1 371 250;27 425 000;0.00%
16/08/2017;21;21;21;21;177 661;3 730 881;5.00%
17/08/2017;20;20;20;20;79 521;1 590 420;-4.76%
18/08/2017;21;21;21;21;139 600;2 931 600;5.00%
21/08/2017;21;21;21;21;186 746;3 921 666;0.00%
22/08/2017;22;22;22;22;63 999;1 407 978;4.76%
23/08/2017;23;23;23;23;1 331 685;30 628 755;4.55%
24/08/2017;23;23;23;23;5 430 750;124 907 250;0.00%
25/08/2017;22;22;22;22;510 476;11 230 472;-4.35%
28/08/2017;21;21;21;21;25 184;528 864;-4.55%
29/08/2017;21;21;21;21;53 344;1 120 224;0.00%
30/08/2017;20;20;20;20;642 826;12 856 520;-4.76%
31/08/2017;19;19;19;19;64 230;1 220 370;-5.00%
04/09/2017;20;20;20;20;106 874;2 137 480;5.26%
05/09/2017;20;20;20;20;30 520;610 400;0.00%
06/09/2017;19;19;19;19;275 374;5 232 106;-5.00%
07/09/2017;19;19;19;19;12 585;239 115;0.00%
08/09/2017;19;19;19;19;105 783;2 009 877;0.00%
11/09/2017;20;20;20;20;101 369;2 027 380;5.26%
12/09/2017;20;20;20;20;37 283;745 660;0.00%
13/09/2017;20;20;20;20;16 817;336 340;0.00%
14/09/2017;20;20;20;20;130 646;2 612 920;0.00%
15/09/2017;20;20;20;20;46 915;938 300;0.00%
18/09/2017;20;20;20;20;2 780;55 600;0.00%
19/09/2017;20;20;20;20;166 965;3 339 300;0.00%
20/09/2017;19;19;19;19;86 330;1 640 270;-5.00%
21/09/2017;20;20;20;20;22 816;456 320;5.26%
22/09/2017;19;19;19;19;682;12 958;-5.00%
25/09/2017;20;20;20;20;70 429;1 408 580;5.26%
26/09/2017;19;19;19;19;3 223;61 237;-5.00%
27/09/2017;20;20;20;20;592 821;11 856 420;5.26%
28/09/2017;19;19;19;19;2 947 278;55 998 282;-5.00%
29/09/2017;20;20;20;20;153 472;3 069 440;5.26%
02/10/2017;19;19;19;19;892 974;16 966 506;-5.00%
03/10/2017;19;19;19;19;54 149;1 028 831;0.00%
04/10/2017;19;19;19;19;501 250;9 523 750;0.00%
05/10/2017;19;19;19;19;173 250;3 291 750;0.00%
06/10/2017;20;20;20;20;708 512;14 170 240;5.26%
09/10/2017;20;20;20;20;16 266;325 320;0.00%
10/10/2017;20;20;20;20;29 434;588 680;0.00%
11/10/2017;20;20;20;20;53 633;1 072 660;0.00%
12/10/2017;20;20;20;20;1 122 246;22 444 920;0.00%
13/10/2017;20;20;20;20;35 504;710 080;0.00%
16/10/2017;20;20;20;20;12 170;243 400;0.00%
17/10/2017;20;20;20;20;382 853;7 657 060;0.00%
18/10/2017;19;19;19;19;166 346;3 160 574;-5.00%
19/10/2017;19;19;19;19;51 289;974 491;0.00%
20/10/2017;19;19;19;19;2 000;38 000;0.00%
23/10/2017;19;19;19;19;111 524;2 118 956;0.00%
24/10/2017;20;20;20;20;7 808;156 160;5.26%
25/10/2017;19;19;19;19;2 681;50 939;-5.00%
26/10/2017;19;19;19;19;638 440;12 130 360;0.00%
27/10/2017;18;18;18;18;125 961;2 267 298;-5.26%
30/10/2017;19;19;19;19;61 295;1 164 605;5.56%
31/10/2017;18;18;18;18;149 257;2 686 626;-5.26%
01/11/2017;18;18;18;18;149 257;2 686 626;0.00%
06/11/2017;18;18;18;18;17 029;306 522;0.00%
07/11/2017;18;18;18;18;17 877 100;321 787 800;0.00%
08/11/2017;18;18;18;18;1 000;18 000;0.00%
09/11/2017;18;18;18;18;51 050;918 900;0.00%
10/11/2017;19;19;19;19;134 912;2 563 328;5.56%
13/11/2017;20;20;20;20;13 000;260 000;5.26%
14/11/2017;19;19;19;19;335;6 365;-5.00%
15/11/2017;19;19;19;19;335;6 365;0.00%
16/11/2017;18;18;18;18;2 660 135;47 882 430;-5.26%
17/11/2017;18;18;18;18;16 542;297 756;0.00%
20/11/2017;18;18;18;18;666 523;11 997 414;0.00%
21/11/2017;18;18;18;18;36 156;650 808;0.00%
22/11/2017;18;18;18;18;7 812;140 616;0.00%
23/11/2017;19;19;19;19;71 617;1 360 723;5.56%
24/11/2017;19;19;19;19;16 920;321 480;0.00%
27/11/2017;18;18;18;18;10 825;194 850;-5.26%
28/11/2017;19;19;19;19;8 200;155 800;5.56%
29/11/2017;19;19;19;19;2 970;56 430;0.00%
01/12/2017;19;19;19;19;24 834;471 846;0.00%
04/12/2017;18;18;18;18;229 134;4 124 412;-5.26%
05/12/2017;18;18;18;18;483 801;8 708 418;0.00%
06/12/2017;18;18;18;18;2 810 630;50 591 340;0.00%
07/12/2017;18;18;18;18;5 091;91 638;0.00%
08/12/2017;18;18;18;18;68 214;1 227 852;0.00%
11/12/2017;18;18;18;18;30 810;554 580;0.00%
12/12/2017;18;18;18;18;15 268;274 824;0.00%
13/12/2017;17;17;17;17;21 027;357 459;-5.56%
14/12/2017;18;18;18;18;30 468;548 424;5.88%
19/12/2017;18;18;18;18;2 356 680;42 420 240;0.00%
20/12/2017;17;17;17;17;132 918;2 259 606;-5.56%
21/12/2017;18;18;18;18;9 000;162 000;5.88%
22/12/2017;17;17;17;17;23 626;401 642;-5.56%
25/12/2017;17;17;17;17;23 626;401 642;0.00%
26/12/2017;17;17;17;17;36 882;626 994;0.00%
27/12/2017;17;17;17;17;65 236;1 109 012;0.00%
28/12/2017;17;17;17;17;53 824;915 008;0.00%
29/12/2017;17;17;17;17;85 379;1 451 443;0.00%
02/01/2018;18;18;18;18;101 569;1 828 242;5.88%
03/01/2018;18;18;18;18;27 170;489 060;0.00%
04/01/2018;19;19;19;19;142 740;2 712 060;5.56%
05/01/2018;19;19;19;19;119 845;2 277 055;0.00%
08/01/2018;20;20;20;20;127 533;2 550 660;5.26%
09/01/2018;19;19;19;19;5 300;100 700;-5.00%
10/01/2018;20;20;20;20;122 747;2 454 940;5.26%
11/01/2018;19;19;19;19;26 805;509 295;-5.00%
12/01/2018;19;19;19;19;21 700;412 300;0.00%
15/01/2018;19;19;19;19;102 806;1 953 314;0.00%
16/01/2018;19;19;19;19;64 864;1 232 416;0.00%
17/01/2018;19;19;19;19;1 427;27 113;0.00%
18/01/2018;18;18;18;18;160 180;2 883 240;-5.26%
19/01/2018;19;19;19;19;61 406;1 166 714;5.56%
22/01/2018;19;19;19;19;165 451;3 143 569;0.00%
23/01/2018;19;19;19;19;8 547;162 393;0.00%
24/01/2018;19;19;19;19;13 824;262 656;0.00%
25/01/2018;20;20;20;20;9 699;193 980;5.26%
26/01/2018;19;19;19;19;7 853;149 207;-5.00%
29/01/2018;19;19;19;19;2 926;55 594;0.00%
30/01/2018;19;19;19;19;1 045;19 855;0.00%
31/01/2018;19;19;19;19;33 565 964;637 753 316;0.00%
01/02/2018;19;19;19;19;13 385;254 315;0.00%
02/02/2018;18;18;18;18;9 526;171 468;-5.26%
05/02/2018;18;18;18;18;9 852;177 336;0.00%
06/02/2018;18;18;18;18;12 000;216 000;0.00%
07/02/2018;18;18;18;18;25 100;451 800;0.00%
08/02/2018;19;19;19;19;6 600;125 400;5.56%
09/02/2018;18;18;18;18;16 439;295 902;-5.26%
12/02/2018;18;18;18;18;44 083;793 494;0.00%
13/02/2018;18;18;18;18;28 333;509 994;0.00%
14/02/2018;18;18;18;18;5 133;92 394;0.00%
15/02/2018;18;18;18;18;35 816;644 688;0.00%
16/02/2018;18;18;18;18;6 889;124 002;0.00%
19/02/2018;18;18;18;18;24 583;442 494;0.00%
20/02/2018;18;18;18;18;4 048;72 864;0.00%
21/02/2018;18;18;18;18;7 400;133 200;0.00%
22/02/2018;19;19;19;19;16 026;304 494;5.56%
23/02/2018;19;19;19;19;15 050;285 950;0.00%
26/02/2018;18;18;18;18;29 781;536 058;-5.26%
27/02/2018;18;18;18;18;1 500;27 000;0.00%
01/03/2018;19;19;19;19;11 150;211 850;5.56%
02/03/2018;18;18;18;18;1 439 538;25 911 684;-5.26%
05/03/2018;19;19;19;19;4 210;79 990;5.56%
07/03/2018;19;19;19;19;240;4 560;0.00%
08/03/2018;18;18;18;18;5 903;106 254;-5.26%
09/03/2018;19;19;19;19;271 342;5 155 498;5.56%
12/03/2018;19;19;19;19;4 200;79 800;0.00%
13/03/2018;18;18;18;18;27 103;487 854;-5.26%
14/03/2018;19;19;19;19;20 385;387 315;5.56%
15/03/2018;20;20;20;20;120 920;2 418 400;5.26%
16/03/2018;19;19;19;19;820 069;15 581 311;-5.00%
19/03/2018;18;18;18;18;328 587;5 914 566;-5.26%
20/03/2018;17;17;17;17;243 057;4 131 969;-5.56%
21/03/2018;17;17;17;17;1 472 267;25 028 539;0.00%
22/03/2018;18;18;18;18;353 351;6 360 318;5.88%
23/03/2018;19;19;19;19;151 080;2 870 520;5.56%
26/03/2018;20;20;20;20;727 399;14 547 980;5.26%
27/03/2018;20;20;20;20;55 747;1 114 940;0.00%
28/03/2018;19;19;19;19;197 331;3 749 289;-5.00%
29/03/2018;18;18;18;18;12 467;224 406;-5.26%
30/03/2018;18;18;18;18;353 956;6 371 208;0.00%
02/04/2018;18;18;18;18;353 956;6 371 208;0.00%
03/04/2018;19;19;19;19;55 215;1 049 085;5.56%
04/04/2018;19;19;19;19;191 627;3 640 913;0.00%
05/04/2018;19;19;19;19;7 439;141 341;0.00%
06/04/2018;19;19;19;19;211 197;4 012 743;0.00%
09/04/2018;18;18;18;18;28 077;505 386;-5.26%
10/04/2018;18;18;18;18;396 226;7 132 068;0.00%
11/04/2018;18;18;18;18;898 715;16 176 870;0.00%
12/04/2018;19;19;19;19;3 655;69 445;5.56%
13/04/2018;19;19;19;19;1 800;34 200;0.00%
16/04/2018;19;19;19;19;2 696 144;51 226 736;0.00%
17/04/2018;18;18;18;18;48 276;868 968;-5.26%
18/04/2018;18;18;18;18;1 236 815;22 262 670;0.00%
19/04/2018;18;18;18;18;9 432;169 776;0.00%
20/04/2018;19;19;19;19;15 956;303 164;5.56%
23/04/2018;19;19;19;19;3 159 422;60 029 018;0.00%
24/04/2018;20;20;20;20;1 012 047;20 240 940;5.26%
25/04/2018;21;21;21;21;847 369;17 794 749;5.00%
26/04/2018;22;22;22;22;27 561;606 342;4.76%
27/04/2018;23;23;23;23;114 911;2 642 953;4.55%
09/05/2018;23;23;23;23;26 350;606 050;0.00%
10/05/2018;23;23;23;23;26 350;606 050;0.00%
11/05/2018;22;22;22;22;132 657;2 918 454;-4.35%
14/05/2018;23;23;23;23;132 183;3 040 209;4.55%
15/05/2018;22;22;22;22;421 828;9 280 216;-4.35%
16/05/2018;23;23;23;23;47 350;1 089 050;4.55%
17/05/2018;22;22;22;22;15 546;342 012;-4.35%
18/05/2018;23;23;23;23;91 125;2 095 875;4.55%
21/05/2018;23;23;23;23;91 125;2 095 875;0.00%
22/05/2018;22;22;22;22;4 986;109 692;-4.35%
23/05/2018;22;22;22;22;163 083;3 587 826;0.00%
24/05/2018;22;22;22;22;148 650;3 270 300;0.00%
25/05/2018;23;23;23;23;18 393;423 039;4.55%
28/05/2018;22;22;22;22;57 150;1 257 300;-4.35%
30/05/2018;21;21;21;21;164 663;3 457 923;0.00%
31/05/2018;21;21;21;21;16 200;340 200;0.00%
01/06/2018;21;21;21;21;34 450;723 450;0.00%
04/06/2018;21;21;21;21;49 375;1 036 875;0.00%
05/06/2018;21;21;21;21;13 475;282 975;0.00%
06/06/2018;20;20;20;20;122 699;2 453 980;-4.76%
07/06/2018;20;20;20;20;63 058;1 261 160;0.00%
08/06/2018;19;19;19;19;10 903;207 157;-5.00%
11/06/2018;19;19;19;19;10 903;207 157;0.00%
12/06/2018;20;20;20;20;353 278;7 065 560;5.26%
13/06/2018;20;20;20;20;48 094;961 880;0.00%
14/06/2018;20;20;20;20;48 094;961 880;0.00%
15/06/2018;20;20;20;20;36 120;722 400;0.00%
18/06/2018;20;20;20;20;181 508;3 630 160;0.00%
19/06/2018;20;20;20;20;1 178 935;23 578 700;0.00%
20/06/2018;19;19;19;19;11 128;211 432;-5.00%
21/06/2018;19;19;19;19;993 788;18 881 972;0.00%
28/06/2018;20;20;20;20;9 240;184 800;5.26%
29/06/2018;20;20;20;20;82 800;1 656 000;0.00%
02/07/2018;20;20;20;20;66 359;1 327 180;0.00%
03/07/2018;21;21;21;21;11 733;246 393;5.00%
04/07/2018;22;22;22;22;83 965;1 847 230;4.76%
05/07/2018;22;22;22;22;294 370;6 476 140;0.00%
06/07/2018;21;21;21;21;403 560;8 474 760;-4.55%
09/07/2018;21;21;21;21;35 862;753 102;0.00%
10/07/2018;22;22;22;22;30 453;669 966;4.76%
11/07/2018;21;21;21;21;95 886;2 013 606;-4.55%
12/07/2018;22;22;22;22;50 660;1 114 520;4.76%
13/07/2018;21;21;21;21;69 897;1 467 837;-4.55%
16/07/2018;22;22;22;22;69 933;1 538 526;4.76%
17/07/2018;22;22;22;22;67 422;1 483 284;0.00%
18/07/2018;22;22;22;22;126 665;2 786 630;0.00%
19/07/2018;23;23;23;23;33 206;763 738;4.55%
20/07/2018;22;22;22;22;30 248;665 456;-4.35%
23/07/2018;22;22;22;22;32 006;704 132;0.00%
24/07/2018;22;22;22;22;96 814;2 129 908;0.00%
25/07/2018;21;21;21;21;33 269;698 649;-4.55%
26/07/2018;22;22;22;22;96 628;2 125 816;4.76%
30/07/2018;22;22;22;22;54 267;1 193 874;0.00%
31/07/2018;22;22;22;22;82 317;1 810 974;0.00%
01/08/2018;22;22;22;22;57 689;1 269 158;0.00%
02/08/2018;22;22;22;22;53 604;1 179 288;0.00%
03/08/2018;21;21;21;21;24 625;517 125;-4.55%
06/08/2018;21;21;21;21;24 625;517 125;0.00%
07/08/2018;21;21;21;21;24 625;517 125;0.00%
08/08/2018;21;21;21;21;883 911;18 562 131;0.00%
09/08/2018;22;22;22;22;113 890;2 505 580;4.76%
10/08/2018;22;22;22;22;70 436;1 549 592;0.00%
13/08/2018;22;22;22;22;132 523;2 915 506;0.00%
14/08/2018;22;22;22;22;273;6 006;0.00%
20/08/2018;21;21;21;21;39 767;835 107;-4.55%
21/08/2018;21;21;21;21;39 767;835 107;0.00%
22/08/2018;21;21;21;21;100 081;2 101 701;0.00%
23/08/2018;22;22;22;22;935 644;20 584 168;4.76%
24/08/2018;22;22;22;22;15 325;337 150;0.00%
28/08/2018;23;23;23;23;73 167;1 682 841;4.55%
29/08/2018;22;22;22;22;114 690;2 523 180;-4.35%
30/08/2018;23;23;23;23;95 477;2 195 971;4.55%
31/08/2018;22;22;22;22;310 217;6 824 774;-4.35%
03/09/2018;22;22;22;22;38 787;853 314;0.00%
04/09/2018;23;23;23;23;63 679;1 464 617;4.55%
05/09/2018;22;22;22;22;179 236;3 943 192;-4.35%
06/09/2018;22;22;22;22;24 837;546 414;0.00%
07/09/2018;22;22;22;22;40 900;899 800;0.00%
10/09/2018;22;22;22;22;450;9 900;0.00%
11/09/2018;22;22;22;22;25 434;559 548;0.00%
12/09/2018;22;22;22;22;207 386;4 562 492;0.00%
13/09/2018;22;22;22;22;8 310;182 820;0.00%
14/09/2018;22;22;22;22;118 968;2 617 296;0.00%
17/09/2018;22;22;22;22;118 968;2 617 296;0.00%
18/09/2018;22;22;22;22;114 663;2 522 586;0.00%
19/09/2018;22;22;22;22;48 970;1 077 340;0.00%
20/09/2018;22;22;22;22;361 223;7 946 906;0.00%
21/09/2018;22;22;22;22;106 290;2 338 380;0.00%
24/09/2018;22;22;22;22;16 920;372 240;0.00%
25/09/2018;22;22;22;22;25 240;555 280;0.00%
26/09/2018;22;22;22;22;130 004;2 860 088;0.00%
27/09/2018;21;21;21;21;72 900;1 530 900;-4.55%
28/09/2018;22;22;22;22;2 000;44 000;4.76%
01/10/2018;22;22;22;22;98 802;2 173 644;0.00%
02/10/2018;22;22;22;22;20 360;447 920;0.00%
03/10/2018;22;22;22;22;57 510;1 265 220;0.00%
04/10/2018;21;21;21;21;10 993;230 853;-4.55%
05/10/2018;22;22;22;22;130 565;2 872 430;4.76%
08/10/2018;21;21;21;21;37 733;792 393;-4.55%
09/10/2018;22;22;22;22;15 090;331 980;4.76%
10/10/2018;23;23;23;23;787 093;18 103 139;4.55%
11/10/2018;22;22;22;22;1 270 283;27 946 226;-4.35%
12/10/2018;21;21;21;21;320 519;6 730 899;-4.55%
15/10/2018;22;22;22;22;115 045;2 530 990;4.76%
16/10/2018;21;21;21;21;682 276;14 327 796;-4.55%
17/10/2018;22;22;22;22;8;176;4.76%
18/10/2018;21;21;21;21;56 165;1 179 465;-4.55%
19/10/2018;21;21;21;21;88 799;1 864 779;0.00%
22/10/2018;21;21;21;21;79 596;1 671 516;0.00%
23/10/2018;21;21;21;21;57 110;1 199 310;0.00%
24/10/2018;20;20;20;20;523 440;10 468 800;-4.76%
25/10/2018;20;20;20;20;82 279;1 645 580;0.00%
26/10/2018;20;20;20;20;106 479;2 129 580;0.00%
29/10/2018;19;19;19;19;180 938;3 437 822;-5.00%
30/10/2018;19;19;19;19;1 883 522;35 786 918;0.00%
31/10/2018;19;19;19;19;2 850;54 150;0.00%
01/11/2018;19;19;19;19;2 850;54 150;0.00%
02/11/2018;19;19;19;19;37 717;716 623;0.00%
05/11/2018;19;19;19;19;38 600;733 400;0.00%
06/11/2018;20;20;20;20;386 617;7 732 340;5.26%
07/11/2018;20;20;20;20;21 096;421 920;0.00%
08/11/2018;20;20;20;20;11 272;225 440;0.00%
09/11/2018;20;20;20;20;40 300;806 000;0.00%
12/11/2018;20;20;20;20;40 857;817 140;0.00%
13/11/2018;19;19;19;19;17 048;323 912;-5.00%
14/11/2018;19;19;19;19;41 147;781 793;0.00%
15/11/2018;19;19;19;19;41 147;781 793;0.00%
16/11/2018;20;20;20;20;951 349;19 026 980;5.26%
19/11/2018;19;19;19;19;88 275;1 677 225;-5.00%
20/11/2018;19;19;19;19;88 275;1 677 225;0.00%
21/11/2018;19;19;19;19;2 042 723;38 811 737;0.00%
22/11/2018;18;18;18;18;425 784;7 664 112;-5.26%
23/11/2018;18;18;18;18;473 650;8 525 700;0.00%
27/11/2018;18;18;18;18;84 450;1 520 100;0.00%
28/11/2018;18;18;18;18;20 250;364 500;0.00%
29/11/2018;17;17;17;17;160 775;2 733 175;-5.56%
30/11/2018;18;18;18;18;31 500;567 000;5.88%
03/12/2018;18;18;18;18;18 514;333 252;0.00%
04/12/2018;17;17;17;17;50 636;860 812;-5.56%
05/12/2018;17;17;17;17;166 108;2 823 836;0.00%
06/12/2018;17;17;17;17;137 337;2 334 729;0.00%
07/12/2018;18;18;18;18;100 565;1 810 170;5.88%
10/12/2018;18;18;18;18;52 860;951 480;0.00%
11/12/2018;18;18;18;18;35 049;630 882;0.00%
12/12/2018;18;18;18;18;63 500;1 143 000;0.00%
13/12/2018;18;18;18;18;1 575 193;28 353 474;0.00%
14/12/2018;18;18;18;18;117 000;2 106 000;0.00%
17/12/2018;18;18;18;18;100 601;1 810 818;0.00%
18/12/2018;18;18;18;18;68 810;1 238 580;0.00%
19/12/2018;18;18;18;18;24 502;441 036;0.00%
20/12/2018;17;17;17;17;36 180;615 060;-5.56%
21/12/2018;18;18;18;18;598 904;10 780 272;5.88%
24/12/2018;18;18;18;18;60 000;1 080 000;0.00%
25/12/2018;18;18;18;18;60 000;1 080 000;0.00%
26/12/2018;18;18;18;18;213 690;3 846 420;0.00%
28/12/2018;18;18;18;18;102 425;1 843 650;0.00%
31/12/2018;18;18;18;18;2 110;37 980;0.00%
02/01/2019;17;17;17;17;35 281;599 777;-5.56%
04/01/2019;18;18;18;18;3 000;54 000;5.88%
07/01/2019;17;17;17;17;48 581;825 877;-5.56%
08/01/2019;17;17;17;17;6 329;107 593;0.00%
09/01/2019;17;17;17;17;729;12 393;0.00%
10/01/2019;18;18;18;18;203 338;3 660 084;5.88%
11/01/2019;18;18;18;18;3 229;58 122;0.00%
14/01/2019;17;17;17;17;38 320;651 440;-5.56%
15/01/2019;17;17;17;17;40 894;695 198;0.00%
16/01/2019;17;17;17;17;43 000;731 000;0.00%
17/01/2019;18;17;18;17;389 732;6 820 310;5.88%
18/01/2019;18;17;18;17;3 747;65 573;0.00%
21/01/2019;18;18;18;18;22 107;397 926;0.00%
23/01/2019;17;17;17;17;106 000;1 802 000;-5.56%
24/01/2019;18;18;18;18;44 424;799 632;5.88%
25/01/2019;18;18;18;18;57 283;1 031 094;0.00%
28/01/2019;19;19;19;19;2 488;47 272;5.56%
29/01/2019;18;19;19;18;43 004;795 574;-5.26%
30/01/2019;18;19;19;18;31 031;574 074;0.00%
31/01/2019;19;19;19;19;30 783;584 877;5.56%
01/02/2019;19;19;19;19;8 777;166 763;0.00%
04/02/2019;19;19;19;19;15;285;0.00%
05/02/2019;19;19;19;19;1 040;19 760;0.00%
06/02/2019;18;18;18;18;7 506;135 108;-5.26%
07/02/2019;18;18;18;18;817 940;14 722 920;0.00%
08/02/2019;19;18;19;18;851;15 744;5.56%
11/02/2019;19;19;19;19;641 636;12 191 084;0.00%
12/02/2019;20;19;20;19;313 774;6 118 593;5.26%
13/02/2019;19;20;20;19;62 888;1 226 316;-5.00%
14/02/2019;19;19;19;19;638 539;12 132 241;0.00%
15/02/2019;19;19;19;19;386 923;7 351 537;0.00%
18/02/2019;19;19;19;19;234 219;4 450 161;0.00%
19/02/2019;19;19;19;19;16 146;306 774;0.00%
20/02/2019;19;19;19;19;343 857;6 533 283;0.00%
21/02/2019;19;19;19;19;161 912;3 076 328;0.00%
22/02/2019;19;19;19;19;159 698;3 034 262;0.00%
27/02/2019;19;19;19;19;55 150;1 047 850;-5.00%
28/02/2019;20;20;20;20;1 720;34 400;5.26%
04/03/2019;20;19;20;19;412 800;8 049 600;0.00%
05/03/2019;19;19;19;19;1 228 090;23 333 710;-5.00%
06/03/2019;19;19;19;19;418 257;7 946 883;0.00%
07/03/2019;19;19;19;19;53 643;1 019 217;0.00%
08/03/2019;20;19;20;19;48 000;936 000;5.26%
11/03/2019;19;19;19;19;45 000;855 000;-5.00%
12/03/2019;19;19;19;19;72 087;1 369 653;0.00%
13/03/2019;19;19;19;19;39 116;743 204;0.00%
14/03/2019;20;20;20;20;366 685;7 333 700;5.26%
15/03/2019;19;19;19;19;100 000;1 900 000;-5.00%
18/03/2019;20;20;20;20;61 856;1 237 120;5.26%
19/03/2019;20;20;20;20;2 237 350;44 747 000;0.00%
20/03/2019;21;20;21;20;32 833;673 077;5.00%
21/03/2019;20;20;20;20;48 536;970 720;-4.76%
22/03/2019;20;20;20;20;450 497;9 009 940;0.00%
25/03/2019;21;21;21;21;200;4 200;5.00%
27/03/2019;20;20;20;20;135 448;2 708 960;-4.76%
28/03/2019;20;20;20;20;135 233;2 704 660;0.00%
29/03/2019;19;20;20;19;758 210;14 785 095;-5.00%
01/04/2019;18;19;19;18;546 994;10 119 389;-5.26%
02/04/2019;18;18;18;18;79 256;1 426 608;0.00%
03/04/2019;17;18;18;17;14 142;247 485;-5.56%
04/04/2019;18;17;18;17;162 318;2 840 565;5.88%
05/04/2019;18;19;19;18;239 957;4 439 205;0.00%
08/04/2019;18;18;18;18;8 953;161 154;0.00%
09/04/2019;19;18;19;18;51 518;953 083;5.56%
10/04/2019;18;18;18;18;164 773;2 965 914;-5.26%
11/04/2019;18;18;18;18;3 510;63 180;0.00%
12/04/2019;19;19;19;19;25 150;477 850;5.56%
15/04/2019;18;19;19;18;19 540;361 490;-5.26%
16/04/2019;19;18;19;18;338;6 253;5.56%
17/04/2019;19;19;19;19;3 135;59 565;0.00%
18/04/2019;19;19;19;19;232;4 408;0.00%
19/04/2019;18;18;18;18;312 805;5 630 490;-5.26%
22/04/2019;18;18;18;18;312 805;5 630 490;0.00%
23/04/2019;19;18;19;18;101 867;1 884 540;5.56%
24/04/2019;19;18;19;18;414 267;7 663 940;0.00%
25/04/2019;18;19;19;18;19 167;354 590;-5.26%
26/04/2019;19;18;19;18;656 456;12 144 436;5.56%
29/04/2019;18;19;19;18;578 318;10 698 883;-5.26%
30/04/2019;18;18;18;18;442 544;7 965 792;0.00%
01/05/2019;18;18;18;18;442 544;7 965 792;0.00%
02/05/2019;18;18;18;18;64 878;1 167 804;0.00%
03/05/2019;18;18;18;18;18 240;328 320;0.00%
06/05/2019;18;17;18;17;9 878;172 865;0.00%
07/05/2019;17;18;18;17;61 953;1 084 178;-5.56%
08/05/2019;18;18;18;18;371 119;6 680 142;5.88%
09/05/2019;18;18;18;18;239 066;4 303 188;0.00%
10/05/2019;18;18;18;18;2 644;47 592;0.00%
13/05/2019;18;18;18;18;255 318;4 595 724;0.00%
14/05/2019;18;18;18;18;26 587;478 566;0.00%
15/05/2019;18;18;18;18;2 200;39 600;0.00%
16/05/2019;18;18;18;18;153 938;2 770 884;0.00%
17/05/2019;17;17;17;17;82 062;1 395 054;-5.56%
20/05/2019;17;17;17;17;18 358;312 086;0.00%
21/05/2019;18;18;18;18;4 763;85 734;5.88%
22/05/2019;17;18;18;17;277 195;4 850 913;-5.56%
23/05/2019;17;18;18;17;8 721;152 618;0.00%
27/05/2019;18;18;18;18;160;2 880;5.88%
28/05/2019;18;18;18;18;235 138;4 232 484;0.00%
29/05/2019;18;18;18;18;600;10 800;0.00%
30/05/2019;18;18;18;18;600;10 800;0.00%
31/05/2019;18;18;18;18;452;8 136;0.00%
03/06/2019;17;17;17;17;22 681;385 577;-5.56%
05/06/2019;17;17;17;17;171 820;2 920 940;0.00%
06/06/2019;17;18;18;17;39 218;686 315;0.00%
07/06/2019;18;18;18;18;56 789;1 022 202;5.88%
11/06/2019;17;17;17;17;392 146;6 666 482;-5.56%
12/06/2019;17;17;17;17;1 195 126;20 317 142;0.00%
13/06/2019;17;17;17;17;7 312;124 304;0.00%
14/06/2019;18;17;18;17;4 379;76 633;5.88%
17/06/2019;17;17;17;17;3 305;56 185;-5.56%
18/06/2019;17;17;17;17;289 152;4 915 584;0.00%
19/06/2019;17;17;17;17;63 023;1 071 391;0.00%
20/06/2019;17;17;17;17;1 079 515;18 351 755;0.00%
21/06/2019;17;17;17;17;108 572;1 845 724;0.00%
24/06/2019;17;17;17;17;522 705;8 885 985;0.00%
25/06/2019;16;17;17;16;119 717;1 975 331;-5.88%
26/06/2019;17;17;17;17;26 851;456 467;6.25%
27/06/2019;17;16;17;16;256 998;4 240 467;0.00%
28/06/2019;16;17;17;16;19 148;315 942;-5.88%
01/07/2019;17;16;17;16;34 667;572 006;6.25%
02/07/2019;17;17;17;17;4 000;68 000;0.00%
03/07/2019;17;17;17;17;880;14 960;0.00%
04/07/2019;17;16;17;16;20 370;336 105;0.00%
05/07/2019;17;16;17;16;49 071;809 672;0.00%
08/07/2019;17;17;17;17;11 952;203 184;0.00%
09/07/2019;17;17;17;17;2 763;46 971;0.00%
10/07/2019;17;17;17;17;4 125;70 125;0.00%
11/07/2019;17;17;17;17;3 937;66 929;0.00%
12/07/2019;17;17;17;17;2 483;42 211;0.00%
15/07/2019;17;17;17;17;38 334;651 678;0.00%
16/07/2019;17;17;17;17;26 164;444 788;0.00%
17/07/2019;17;18;18;17;4 518;79 065;0.00%
18/07/2019;18;18;18;18;15 200;273 600;5.88%
19/07/2019;19;18;19;18;500 100;9 251 850;5.56%
22/07/2019;18;18;18;18;2 576;46 368;-5.26%
23/07/2019;17;18;18;17;10 978;192 115;-5.56%
25/07/2019;17;18;18;17;105 866;1 852 655;0.00%
26/07/2019;17;18;18;17;163 210;2 856 175;0.00%
29/07/2019;17;18;18;17;6 208;108 640;0.00%
30/07/2019;17;17;17;17;10 027;170 459;0.00%
31/07/2019;18;18;18;18;861 548;15 507 864;5.88%
01/08/2019;17;17;17;17;1 321 655;22 468 135;-5.56%
02/08/2019;16;17;17;16;1 147 368;18 931 572;-5.88%
05/08/2019;16;17;17;16;1 290 652;21 295 758;0.00%
06/08/2019;16;17;17;16;1 000 147;16 502 426;0.00%
07/08/2019;16;17;17;16;1 000 147;16 502 426;0.00%
08/08/2019;16;17;17;16;1 100 117;18 151 931;0.00%
09/08/2019;17;16;17;16;144 360;2 381 940;6.25%
12/08/2019;17;16;17;16;144 360;2 381 940;0.00%
13/08/2019;16;17;17;16;1 884 124;31 088 046;-5.88%
14/08/2019;16;16;16;16;9 938;159 008;0.00%
15/08/2019;16;16;16;16;9 938;159 008;0.00%
16/08/2019;16;16;16;16;130 331;2 085 296;0.00%
19/08/2019;16;16;16;16;4 846 867;77 549 872;0.00%
20/08/2019;16;16;16;16;670 075;10 721 200;0.00%
21/08/2019;16;16;16;16;576 159;9 218 544;0.00%
23/08/2019;16;16;16;16;471 295;7 540 720;0.00%
26/08/2019;16;16;16;16;460 376;7 366 016;0.00%
27/08/2019;16;16;16;16;160 064;2 561 024;0.00%
28/08/2019;15;15;15;15;3 251 550;48 773 250;-6.25%
29/08/2019;16;16;16;16;166 917;2 670 672;6.67%
30/08/2019;16;15;16;15;33 087;512 849;0.00%
02/09/2019;15;16;16;15;24 620;381 610;-6.25%
03/09/2019;16;15;16;15;197 811;3 066 071;6.67%
04/09/2019;16;16;16;16;309 062;4 944 992;0.00%
05/09/2019;17;16;17;16;782 880;12 917 520;6.25%
06/09/2019;16;17;17;16;110 013;1 815 215;-5.88%
09/09/2019;16;16;16;16;90 315;1 445 040;0.00%
10/09/2019;16;15;16;15;174 681;2 707 556;0.00%
11/09/2019;16;16;16;16;317 765;5 084 240;0.00%
12/09/2019;15;16;16;15;77 138;1 195 639;-6.25%
13/09/2019;16;15;16;15;450;6 975;6.67%
16/09/2019;16;15;16;15;657 890;10 197 295;0.00%
17/09/2019;16;16;16;16;121 046;1 936 736;0.00%
18/09/2019;15;16;16;15;115 115;1 784 283;-6.25%
19/09/2019;15;16;16;15;426 221;6 606 426;0.00%
20/09/2019;16;15;16;15;23 466;363 723;6.67%
23/09/2019;16;15;16;15;39 517;612 514;0.00%
24/09/2019;15;15;15;15;19 741;296 115;-6.25%
25/09/2019;16;16;16;16;3 987;63 792;6.67%
26/09/2019;15;16;16;15;136 850;2 121 175;-6.25%
27/09/2019;16;15;16;15;110 045;1 705 698;6.67%
30/09/2019;16;16;16;16;4 647;74 352;0.00%
01/10/2019;16;15;16;15;31 000;480 500;0.00%
02/10/2019;16;16;16;16;74 651;1 194 416;0.00%
03/10/2019;16;15;16;15;20 771;321 951;0.00%
04/10/2019;16;16;16;16;9 532;152 512;0.00%
07/10/2019;16;15;16;15;13 595;210 723;0.00%
08/10/2019;15;16;16;15;15 249;236 360;-6.25%
09/10/2019;15;16;16;15;12 633;195 812;0.00%
10/10/2019;16;15;16;15;39 727;615 769;6.67%
11/10/2019;16;15;16;15;12 573;194 882;0.00%
14/10/2019;16;15;16;15;3 080;47 740;0.00%
15/10/2019;16;15;16;15;15 563;241 227;0.00%
16/10/2019;16;16;16;16;339 994;5 439 904;0.00%
17/10/2019;15;16;16;15;1 600;24 800;-6.25%
18/10/2019;16;15;16;15;112 916;1 750 198;6.67%
21/10/2019;16;15;16;15;11 900;184 450;0.00%
22/10/2019;16;15;16;15;162 859;2 524 315;0.00%
23/10/2019;16;16;16;16;47 305;756 880;0.00%
24/10/2019;16;16;16;16;1 659 397;26 550 352;0.00%
25/10/2019;16;15;16;15;510;7 905;0.00%
28/10/2019;15;16;16;15;238 980;3 704 190;-6.25%
29/10/2019;15;15;15;15;15 140;227 100;0.00%
30/10/2019;15;15;15;15;320 470;4 807 050;0.00%
31/10/2019;15;15;15;15;1 200;18 000;0.00%
01/11/2019;15;15;15;15;1 200;18 000;0.00%
04/11/2019;14;15;15;14;37 308;540 966;-6.67%
05/11/2019;14;14;14;14;33 753;472 542;0.00%
06/11/2019;15;14;15;14;305 631;4 431 650;7.14%
07/11/2019;15;14;15;14;2 274;32 973;0.00%
08/11/2019;15;15;15;15;231 648;3 474 720;0.00%
11/11/2019;15;15;15;15;1 583;23 745;0.00%
12/11/2019;15;15;15;15;82 331;1 234 965;0.00%
13/11/2019;14;15;15;14;40 570;588 265;-6.67%
14/11/2019;15;15;15;15;3 025;45 375;7.14%
18/11/2019;15;15;15;15;603 346;9 050 190;0.00%
19/11/2019;15;15;15;15;210 409;3 156 135;0.00%
21/11/2019;14;15;15;14;10 134;146 943;-6.67%
22/11/2019;15;14;15;14;28 745;416 803;7.14%
25/11/2019;15;15;15;15;170;2 550;0.00%
26/11/2019;15;15;15;15;983;14 745;0.00%
27/11/2019;15;14;15;14;70 930;1 028 485;0.00%
28/11/2019;14;14;14;14;2 649;37 086;-6.67%
29/11/2019;14;14;14;14;39 402;551 628;0.00%
02/12/2019;14;14;14;14;15 188;212 632;0.00%
03/12/2019;13;13;13;13;26 822;348 686;-7.14%
04/12/2019;14;13;14;13;25 989;350 852;7.69%
05/12/2019;13;14;14;13;114 022;1 539 297;-7.14%
06/12/2019;14;13;14;13;11 497;155 210;7.69%
09/12/2019;13;13;13;13;117 724;1 530 412;-7.14%
10/12/2019;13;13;13;13;60 792;790 296;0.00%
11/12/2019;14;13;14;13;197 476;2 665 926;7.69%
12/12/2019;13;13;13;13;196 738;2 557 594;-7.14%
13/12/2019;13;13;13;13;178 007;2 314 091;0.00%
16/12/2019;13;13;13;13;7 569;98 397;0.00%
17/12/2019;13;13;13;13;106 098;1 379 274;0.00%
18/12/2019;13;13;13;13;129 366;1 681 758;0.00%
19/12/2019;13;13;13;13;21 420;278 460;0.00%
20/12/2019;13;13;13;13;2 758;35 854;0.00%
23/12/2019;13;13;13;13;245 108;3 186 404;0.00%
24/12/2019;14;13;14;13;78 490;1 059 615;7.69%
25/12/2019;14;13;14;13;78 490;1 059 615;0.00%
26/12/2019;14;14;14;14;522 486;7 314 804;0.00%
27/12/2019;14;14;14;14;25 243;353 402;0.00%
30/12/2019;14;14;14;14;74 273;1 039 822;0.00%
31/12/2019;14;14;14;14;150;2 100;0.00%
01/01/2020;14;14;14;14;150;2 100;0.00%
02/01/2020;14;14;14;14;298;4 172;0.00%
03/01/2020;14;14;14;14;11 900;166 600;0.00%
06/01/2020;14;14;14;14;675 552;9 457 728;0.00%
07/01/2020;13;14;14;13;1 428 452;19 284 102;-7.14%
08/01/2020;14;13;14;13;213 151;2 877 539;7.69%
09/01/2020;14;13;14;13;10 949;147 812;0.00%
10/01/2020;13;14;14;13;121 631;1 642 019;-7.14%
13/01/2020;13;14;14;13;141 275;1 907 213;0.00%
14/01/2020;13;14;14;13;76 391;1 031 279;0.00%
15/01/2020;14;13;14;13;26 778;361 503;7.69%
16/01/2020;13;14;14;13;860;11 610;-7.14%
17/01/2020;14;14;14;14;8 626;120 764;7.69%
20/01/2020;14;14;14;14;198 879;2 784 306;0.00%
21/01/2020;13;14;14;13;14 500;195 750;-7.14%
22/01/2020;13;14;14;13;26 000;351 000;0.00%
23/01/2020;13;13;13;13;111 446;1 448 798;0.00%
24/01/2020;14;14;14;14;4 823;67 522;7.69%
27/01/2020;13;13;13;13;1 065 279;13 848 627;-7.14%
28/01/2020;13;13;13;13;24 205;314 665;0.00%
29/01/2020;13;13;13;13;9 996 327;129 952 251;0.00%
30/01/2020;13;13;13;13;108 489;1 410 357;0.00%
31/01/2020;13;13;13;13;444 755;5 781 815;0.00%
03/02/2020;13;13;13;13;135 426;1 760 538;0.00%
04/02/2020;13;13;13;13;1 647 054;21 411 702;0.00%
05/02/2020;13;13;13;13;256 224;3 330 912;0.00%
06/02/2020;13;13;13;13;165 163;2 147 119;0.00%
07/02/2020;13;13;13;13;55 497;721 461;0.00%
10/02/2020;13;13;13;13;11 328;147 264;0.00%
11/02/2020;13;13;13;13;77 619;1 009 047;0.00%
12/02/2020;13;13;13;13;77 619;1 009 047;0.00%
13/02/2020;13;13;13;13;237 700;3 090 100;0.00%
14/02/2020;13;13;13;13;49 500;643 500;0.00%
17/02/2020;13;13;13;13;190 715;2 479 295;0.00%
18/02/2020;13;13;13;13;250 100;3 251 300;0.00%
19/02/2020;13;13;13;13;25 160;327 080;0.00%
20/02/2020;13;13;13;13;10 104;131 352;0.00%
21/02/2020;13;13;13;13;253 567;3 296 371;0.00%
24/02/2020;13;13;13;13;7 250;94 250;0.00%
25/02/2020;13;13;13;13;12 600;163 800;0.00%
26/02/2020;13;13;13;13;120 000;1 560 000;0.00%
27/02/2020;13;13;13;13;311 000;4 043 000;0.00%
28/02/2020;13;13;13;13;4 090;53 170;0.00%
02/03/2020;13;13;13;13;5 000;65 000;0.00%
03/03/2020;13;13;13;13;57 643;749 359;0.00%
04/03/2020;13;13;13;13;10 975;142 675;0.00%
05/03/2020;13;13;13;13;1 000;13 000;0.00%
06/03/2020;13;13;13;13;952 467;12 382 071;0.00%
09/03/2020;13;13;13;13;4 004;52 052;0.00%
10/03/2020;13;13;13;13;271 070;3 523 910;0.00%
12/03/2020;13;13;13;13;61 753;802 789;0.00%
13/03/2020;13;13;13;13;105 500;1 371 500;0.00%
16/03/2020;13;13;13;13;88 268;1 147 484;0.00%
17/03/2020;13;13;13;13;332 617;4 324 021;0.00%
18/03/2020;13;13;13;13;9 510;123 630;0.00%
19/03/2020;13;13;13;13;514 953;6 694 389;0.00%
23/03/2020;13;13;13;13;512;6 656;0.00%
24/03/2020;13;13;13;13;10 790;140 270;0.00%
25/03/2020;13;13;13;13;277 025;3 601 325;0.00%
26/03/2020;13;13;13;13;231;3 003;0.00%
27/03/2020;13;13;13;13;77 150;1 002 950;0.00%
30/03/2020;13;13;13;13;7 500;97 500;0.00%
31/03/2020;13;13;13;13;69 175;899 275;0.00%
01/04/2020;13;13;13;13;95 000;1 235 000;0.00%
02/04/2020;13;13;13;13;57;741;0.00%
03/04/2020;13;13;13;13;25 976;337 688;0.00%
06/04/2020;13;13;13;13;186;2 418;0.00%
07/04/2020;13;13;13;13;1 110;14 430;0.00%
08/04/2020;13;13;13;13;432;5 616;0.00%
09/04/2020;13;13;13;13;17 106;222 378;0.00%
10/04/2020;13;13;13;13;3 810;49 530;0.00%
13/04/2020;13;13;13;13;3 810;49 530;0.00%
14/04/2020;13;13;13;13;9 000;117 000;0.00%
15/04/2020;13;13;13;13;75 064;975 832;0.00%
16/04/2020;13;13;13;13;4 853;63 089;0.00%
17/04/2020;13;13;13;13;7 002;91 026;0.00%
20/04/2020;13;13;13;13;50 000;650 000;0.00%
22/04/2020;13;13;13;13;204 089;2 653 157;0.00%
23/04/2020;13;13;13;13;18 300;237 900;0.00%
24/04/2020;13;13;13;13;92 030;1 196 390;0.00%
27/04/2020;13;13;13;13;500;6 500;0.00%
28/04/2020;13;13;13;13;300;3 900;0.00%
29/04/2020;13;13;13;13;22 969;298 597;0.00%
30/04/2020;13;13;13;13;120;1 560;0.00%
01/05/2020;13;13;13;13;120;1 560;0.00%
04/05/2020;13;13;13;13;10 000;130 000;0.00%
05/05/2020;13;13;13;13;13 300;172 900;0.00%
06/05/2020;13;13;13;13;6 330;82 290;0.00%
07/05/2020;13;13;13;13;43 250;562 250;0.00%
08/05/2020;13;13;13;13;930;12 090;0.00%
12/05/2020;13;13;13;13;60 880;791 440;0.00%
13/05/2020;13;13;13;13;635;8 255;0.00%
14/05/2020;13;13;13;13;8 000;104 000;0.00%
15/05/2020;13;13;13;13;66 992;870 896;0.00%
19/05/2020;13;13;13;13;850;11 050;0.00%
22/05/2020;13;13;13;13;101 438;1 318 694;0.00%
25/05/2020;13;13;13;13;990;12 870;0.00%
26/05/2020;13;13;13;13;9 460;122 980;0.00%
27/05/2020;13;13;13;13;1 000;13 000;0.00%
28/05/2020;13;13;13;13;10 000;130 000;0.00%
29/05/2020;13;13;13;13;13 401;174 213;0.00%
01/06/2020;13;13;13;13;13 401;174 213;0.00%
02/06/2020;13;13;13;13;5 025;65 325;0.00%
03/06/2020;13;13;13;13;10 150;131 950;0.00%
04/06/2020;13;13;13;13;14 090;183 170;0.00%
05/06/2020;13;13;13;13;3 500;45 500;0.00%
08/06/2020;13;13;13;13;3 014;39 182;0.00%
09/06/2020;13;13;13;13;10 445;135 785;0.00%
10/06/2020;13;13;13;13;7 738;100 594;0.00%
11/06/2020;13;13;13;13;2 160;28 080;0.00%
12/06/2020;13;13;13;13;10 901;141 713;0.00%
15/06/2020;13;13;13;13;18 076;234 988;0.00%
16/06/2020;13;13;13;13;3 200;41 600;0.00%
17/06/2020;13;13;13;13;2 750;35 750;0.00%
18/06/2020;13;13;13;13;5 100;66 300;0.00%
19/06/2020;13;13;13;13;11 150;144 950;0.00%
22/06/2020;13;13;13;13;5 500;71 500;0.00%
23/06/2020;13;13;13;13;22 223;288 899;0.00%
24/06/2020;13;13;13;13;1 625;21 125;0.00%
25/06/2020;13;13;13;13;50;650;0.00%
26/06/2020;13;13;13;13;190;2 470;0.00%
29/06/2020;13;13;13;13;3 000;39 000;0.00%
30/06/2020;13;13;13;13;2 652;34 476;0.00%
01/07/2020;13;13;13;13;11 282;146 666;0.00%
02/07/2020;13;13;13;13;100;1 300;0.00%
03/07/2020;13;13;13;13;10 309;134 017;0.00%
06/07/2020;13;13;13;13;7 000;91 000;0.00%
07/07/2020;13;13;13;13;8 604;111 852;0.00%
08/07/2020;13;13;13;13;2 770;36 010;0.00%
10/07/2020;13;13;13;13;12 272;159 536;0.00%
13/07/2020;13;13;13;13;1 157;15 041;0.00%
14/07/2020;13;13;13;13;1 000;13 000;0.00%
15/07/2020;13;13;13;13;210;2 730;0.00%
17/07/2020;13;13;13;13;2 800;36 400;0.00%
20/07/2020;13;13;13;13;1 194;15 522;0.00%
22/07/2020;13;13;13;13;3 460;44 980;0.00%
24/07/2020;13;13;13;13;2 030;26 390;0.00%
27/07/2020;13;13;13;13;6 093;79 209;0.00%
28/07/2020;13;13;13;13;1 500;19 500;0.00%
29/07/2020;13;13;13;13;1 300;16 900;0.00%
03/08/2020;13;13;13;13;20 205;262 665;0.00%
04/08/2020;13;13;13;13;110 000;1 430 000;0.00%
05/08/2020;13;13;13;13;640;8 320;0.00%
06/08/2020;13;13;13;13;11 006;143 078;0.00%
07/08/2020;13;13;13;13;11 006;143 078;0.00%
10/08/2020;13;13;13;13;2 590;33 670;0.00%
12/08/2020;13;13;13;13;150 500;1 956 500;0.00%
13/08/2020;13;13;13;13;6 153;79 989;0.00%
14/08/2020;13;13;13;13;6 039;78 507;0.00%
18/08/2020;13;13;13;13;1 678;21 814;0.00%
24/08/2020;13;13;13;13;5 540;72 020;0.00%
25/08/2020;13;13;13;13;36 000;468 000;0.00%
26/08/2020;13;13;13;13;3 800;49 400;0.00%
27/08/2020;13;13;13;13;974;12 662;0.00%
28/08/2020;13;13;13;13;5 000;65 000;0.00%
01/09/2020;13;13;13;13;54 500;708 500;0.00%
02/09/2020;13;13;13;13;1 000;13 000;0.00%
03/09/2020;13;13;13;13;222;2 886;0.00%
04/09/2020;13;13;13;13;6 400;83 200;0.00%
07/09/2020;13;13;13;13;450;5 850;0.00%
08/09/2020;13;13;13;13;155;2 015;0.00%
09/09/2020;13;13;13;13;9 654;125 502;0.00%
11/09/2020;13;13;13;13;100;1 300;0.00%
15/09/2020;13;13;13;13;10;130;0.00%
16/09/2020;13;13;13;13;1 530;19 890;0.00%
17/09/2020;13;13;13;13;320 550;4 167 150;0.00%
18/09/2020;13;13;13;13;26 510;344 630;0.00%
21/09/2020;13;13;13;13;120;1 560;0.00%
30/09/2020;13;13;13;13;5 942;77 246;0.00%
01/10/2020;13;13;13;13;150;1 950;0.00%
02/10/2020;13;13;13;13;5 000;65 000;0.00%
05/10/2020;13;13;13;13;300;3 900;0.00%
06/10/2020;13;13;13;13;110;1 430;0.00%
07/10/2020;13;13;13;13;150;1 950;0.00%
08/10/2020;13;13;13;13;5 000;65 000;0.00%
12/10/2020;13;13;13;13;1 978;25 714;0.00%
13/10/2020;13;13;13;13;2 600;33 800;0.00%
14/10/2020;13;13;13;13;1 000;13 000;0.00%
16/10/2020;13;13;13;13;250;3 250;0.00%
20/10/2020;13;13;13;13;3 115;40 495;0.00%
23/10/2020;13;13;13;13;800;10 400;0.00%
26/10/2020;13;13;13;13;1 414;18 382;0.00%
27/10/2020;13;13;13;13;5 000;65 000;0.00%
28/10/2020;13;13;13;13;6 405;83 265;0.00%
29/10/2020;13;13;13;13;6 405;83 265;0.00%
30/10/2020;13;13;13;13;20 100;261 300;0.00%
02/11/2020;13;13;13;13;9 176;119 288;0.00%
03/11/2020;13;13;13;13;5 000;65 000;0.00%
04/11/2020;13;13;13;13;5 000;65 000;0.00%
05/11/2020;13;13;13;13;127 449;1 656 837;0.00%
06/11/2020;13;13;13;13;6 987;90 831;0.00%
09/11/2020;13;13;13;13;13 414;174 382;0.00%
10/11/2020;13;13;13;13;11 570;150 410;0.00%
11/11/2020;13;13;13;13;650;8 450;0.00%
12/11/2020;13;13;13;13;8 350;108 550;0.00%
13/11/2020;13;13;13;13;5 105;66 365;0.00%
16/11/2020;13;13;13;13;1 400;18 200;0.00%
17/11/2020;13;13;13;13;2 010;26 130;0.00%
18/11/2020;13;13;13;13;9 100;118 300;0.00%
19/11/2020;13;13;13;13;40 179;522 327;0.00%
20/11/2020;13;13;13;13;1 215;15 795;0.00%
23/11/2020;13;13;13;13;108 635;1 412 255;0.00%
24/11/2020;13;13;13;13;12 475;162 175;0.00%
25/11/2020;13;13;13;13;4 885;63 505;0.00%
26/11/2020;13;13;13;13;535;6 955;0.00%
27/11/2020;13;13;13;13;486;6 318;0.00%
30/11/2020;13;13;13;13;930;12 090;0.00%
01/12/2020;13;13;13;13;5 570;72 410;0.00%
03/12/2020;13;13;13;13;5 105;66 365;0.00%
08/12/2020;13;13;13;13;203;2 639;0.00%
09/12/2020;13;13;13;13;87;1 131;0.00%
10/12/2020;13;13;13;13;605;7 865;0.00%
11/12/2020;13;13;13;13;3 307;42 991;0.00%
14/12/2020;13;13;13;13;6 310;82 030;0.00%
15/12/2020;13;13;13;13;3 513;45 669;0.00%
16/12/2020;13;13;13;13;1 017;13 221;0.00%
17/12/2020;13;13;13;13;2 874;37 362;0.00%
18/12/2020;13;13;13;13;517;6 721;0.00%
21/12/2020;13;13;13;13;1 715;22 295;0.00%
22/12/2020;13;13;13;13;10 165;132 145;0.00%
23/12/2020;13;13;13;13;2 100;27 300;0.00%
24/12/2020;13;13;13;13;555;7 215;0.00%
25/12/2020;13;13;13;13;555;7 215;0.00%
28/12/2020;13;13;13;13;1 000;13 000;0.00%
29/12/2020;13;13;13;13;7 885;102 505;0.00%
30/12/2020;13;13;13;13;2 455;31 915;0.00%
04/01/2021;13;13;13;13;1 400;18 200;0.00%
05/01/2021;13;13;13;13;23 945;311 285;0.00%
06/01/2021;13;13;13;13;86;1 118;0.00%
07/01/2021;13;13;13;13;7 218;93 834;0.00%
08/01/2021;13;13;13;13;500;6 500;0.00%
11/01/2021;13;13;13;13;1 120;14 560;0.00%
12/01/2021;13;13;13;13;1 248;16 224;0.00%
13/01/2021;13;13;13;13;400;5 200;0.00%
14/01/2021;13;13;13;13;556;7 228;0.00%
15/01/2021;13;13;13;13;5 353;69 589;0.00%
18/01/2021;13;13;13;13;3 385;44 005;0.00%
19/01/2021;13;13;13;13;18 835;244 855;0.00%
20/01/2021;13;13;13;13;5 100;66 300;0.00%
21/01/2021;13;13;13;13;269 486;3 503 318;0.00%
22/01/2021;13;13;13;13;135;1 755;0.00%
26/01/2021;13;13;13;13;8 700;113 100;0.00%
27/01/2021;13;13;13;13;4 300;55 900;0.00%
28/01/2021;13;13;13;13;20 013;260 169;0.00%
29/01/2021;13;13;13;13;37 780;491 140;0.00%
01/02/2021;13;13;13;13;60 300;783 900;0.00%
02/02/2021;13;13;13;13;3 908;50 804;0.00%
03/02/2021;13;13;13;13;131;1 703;0.00%
04/02/2021;13;13;13;13;1 060;13 780;0.00%
05/02/2021;13;13;13;13;2 570;33 410;0.00%
08/02/2021;13;13;13;13;9 400;122 200;0.00%
09/02/2021;13;13;13;13;10;130;0.00%
10/02/2021;13;13;13;13;370;4 810;0.00%
11/02/2021;13;13;13;13;975;12 675;0.00%
12/02/2021;13;13;13;13;8 635;112 255;0.00%
15/02/2021;13;13;13;13;5 904;76 752;0.00%
16/02/2021;13;13;13;13;1 185;15 405;0.00%
17/02/2021;13;13;13;13;7 845;101 985;0.00%
18/02/2021;13;13;13;13;1 303;16 939;0.00%
19/02/2021;13;13;13;13;8 445;109 785;0.00%
22/02/2021;13;13;13;13;5 205;67 665;0.00%
23/02/2021;13;13;13;13;8 467;110 071;0.00%
24/02/2021;13;13;13;13;4 140;53 820;0.00%
25/02/2021;13;13;13;13;99;1 287;0.00%
26/02/2021;13;13;13;13;225;2 925;0.00%
02/03/2021;13;13;13;13;14 325;186 225;0.00%
03/03/2021;13;13;13;13;5 090;66 170;0.00%
04/03/2021;13;13;13;13;7 600;98 800;0.00%
05/03/2021;13;13;13;13;32 380;420 940;0.00%
08/03/2021;13;13;13;13;500;6 500;0.00%
09/03/2021;13;13;13;13;228 188;2 966 444;0.00%
10/03/2021;13;13;13;13;3 845;49 985;0.00%
11/03/2021;13;13;13;13;33 620;437 060;0.00%
12/03/2021;13;13;13;13;600;7 800;0.00%
15/03/2021;13;13;13;13;4 086;53 118;0.00%
16/03/2021;13;13;13;13;20 750;269 750;0.00%
17/03/2021;13;13;13;13;2 080;27 040;0.00%
18/03/2021;13;13;13;13;1 900;24 700;0.00%
19/03/2021;13;13;13;13;255;3 315;0.00%
22/03/2021;13;13;13;13;4 500;58 500;0.00%
23/03/2021;13;13;13;13;21 600;280 800;0.00%
24/03/2021;13;13;13;13;397;5 161;0.00%
25/03/2021;13;13;13;13;20 130;261 690;0.00%
26/03/2021;13;13;13;13;1 531;19 903;0.00%
29/03/2021;13;13;13;13;755;9 815;0.00%
30/03/2021;13;13;13;13;400;5 200;0.00%
31/03/2021;13;13;13;13;12 100;157 300;0.00%
02/04/2021;13;13;13;13;7 800;101 400;0.00%
05/04/2021;13;13;13;13;7 800;101 400;0.00%
06/04/2021;13;13;13;13;2 085;27 105;0.00%
07/04/2021;13;13;13;13;8 170;106 210;0.00%
09/04/2021;13;13;13;13;7 600;98 800;0.00%
12/04/2021;13;13;13;13;2 456;31 928;0.00%
14/04/2021;13;13;13;13;100;1 300;0.00%
15/04/2021;13;13;13;13;6 615;85 995;0.00%
16/04/2021;13;13;13;13;2 500;32 500;0.00%
19/04/2021;13;13;13;13;2 615;33 995;0.00%
21/04/2021;13;13;13;13;1 300;16 900;0.00%
22/04/2021;13;13;13;13;255 326;3 319 238;0.00%
23/04/2021;13;13;13;13;226;2 938;0.00%
26/04/2021;13;13;13;13;1 830;23 790;0.00%
28/04/2021;13;13;13;13;15 020;195 260;0.00%
29/04/2021;13;13;13;13;85 100;1 106 300;0.00%
30/04/2021;13;13;13;13;16 213;210 769;0.00%
03/05/2021;13;13;13;13;17 008;221 104;0.00%
04/05/2021;13;13;13;13;520;6 760;0.00%
05/05/2021;13;13;13;13;23 768;308 984;0.00%
06/05/2021;13;13;13;13;12 534;162 942;0.00%
07/05/2021;13;13;13;13;16 000;208 000;0.00%
10/05/2021;13;13;13;13;9 915;128 895;0.00%
11/05/2021;13;13;13;13;3 386;44 018;0.00%
12/05/2021;13;13;13;13;3 386;44 018;0.00%
14/05/2021;13;13;13;13;15 000;195 000;0.00%
17/05/2021;13;13;13;13;10 273;133 549;0.00%
18/05/2021;13;13;13;13;18 710;243 230;0.00%
19/05/2021;13;13;13;13;6 675;86 775;0.00%
20/05/2021;13;13;13;13;26 618;346 034;0.00%
21/05/2021;13;13;13;13;144 192;1 874 496;0.00%
24/05/2021;13;13;13;13;144 192;1 874 496;0.00%
25/05/2021;13;13;13;13;52 888;687 544;0.00%
26/05/2021;13;13;13;13;35 731;464 503;0.00%
27/05/2021;13;13;13;13;43 814;569 582;0.00%
28/05/2021;13;13;13;13;1 087 589;14 138 657;0.00%
31/05/2021;13;13;13;13;23 798;309 374;0.00%
01/06/2021;13;13;13;13;38 137;495 781;0.00%
02/06/2021;13;13;13;13;707 534;9 197 942;0.00%
03/06/2021;13;13;13;13;31 768;412 984;0.00%
04/06/2021;13;13;13;13;11 967;155 571;0.00%
07/06/2021;13;13;13;13;28 859;375 167;0.00%
08/06/2021;13;13;13;13;13 660;177 580;0.00%
09/06/2021;13;13;13;13;42 250;549 250;0.00%
10/06/2021;13;13;13;13;14 000;182 000;0.00%
11/06/2021;13;13;13;13;170;2 210;0.00%
14/06/2021;13;13;13;13;35 050;455 650;0.00%
15/06/2021;13;13;13;13;8 675;112 775;0.00%
16/06/2021;13;13;13;13;112 650;1 464 450;0.00%
17/06/2021;13;13;13;13;5 340;69 420;0.00%
18/06/2021;13;13;13;13;2 778;36 114;0.00%
21/06/2021;13;13;13;13;104 198;1 354 574;0.00%
22/06/2021;13;13;13;13;21 277;276 601;0.00%
23/06/2021;13;13;13;13;1 115;14 495;0.00%
24/06/2021;13;13;13;13;1 095;14 235;0.00%
28/06/2021;13;13;13;13;122 183;1 588 379;0.00%
29/06/2021;13;13;13;13;43 555;566 215;0.00%
30/06/2021;13;13;13;13;6 846;88 998;0.00%
01/07/2021;13;13;13;13;15 744;204 672;0.00%
02/07/2021;13;13;13;13;101 500;1 319 500;0.00%
05/07/2021;13;13;13;13;10 123;131 599;0.00%
06/07/2021;13;13;13;13;1 257;16 341;0.00%
07/07/2021;13;13;13;13;10 215;132 795;0.00%
08/07/2021;13;13;13;13;17 550;228 150;0.00%
09/07/2021;13;13;13;13;69 064;897 832;0.00%
12/07/2021;13;13;13;13;5 753;74 789;0.00%
13/07/2021;13;13;13;13;66 073;858 949;0.00%
14/07/2021;13;13;13;13;21 318;277 134;0.00%
15/07/2021;13;13;13;13;30 006;390 078;0.00%
16/07/2021;13;13;13;13;21 706;282 178;0.00%
19/07/2021;13;13;13;13;5 467;71 071;0.00%
20/07/2021;13;13;13;13;5 467;71 071;0.00%
21/07/2021;13;13;13;13;129 715;1 686 295;0.00%
22/07/2021;13;13;13;13;14 988;194 844;0.00%
23/07/2021;13;13;13;13;10 714;139 282;0.00%
26/07/2021;13;13;13;13;30 324;394 212;0.00%
27/07/2021;13;13;13;13;93 697;1 218 061;0.00%
28/07/2021;13;13;13;13;56 803;738 439;0.00%
29/07/2021;13;13;13;13;71 121;924 573;0.00%
30/07/2021;13;13;13;13;89 284;1 160 692;0.00%
02/08/2021;13;13;13;13;18 235;237 055;0.00%
03/08/2021;13;13;13;13;61 989;805 857;0.00%
04/08/2021;13;13;13;13;1 082 225;14 068 925;0.00%
05/08/2021;13;13;13;13;42 616;554 008;0.00%
06/08/2021;13;13;13;13;17 910;232 830;0.00%
09/08/2021;13;13;13;13;61 183;795 379;0.00%
10/08/2021;13;13;13;13;79 905;1 038 765;0.00%
11/08/2021;13;13;13;13;9 389;122 057;0.00%
12/08/2021;13;13;13;13;9 034;117 442;0.00%
13/08/2021;13;13;13;13;25 291;328 783;0.00%
16/08/2021;13;13;13;13;6 865;89 245;0.00%
17/08/2021;13;13;13;13;14 886;193 518;0.00%
18/08/2021;13;13;13;13;44 148;573 924;0.00%
19/08/2021;13;13;13;13;21 278;276 614;0.00%
20/08/2021;13;13;13;13;72 563;943 319;0.00%
23/08/2021;13;13;13;13;254 606;3 309 878;0.00%
24/08/2021;13;13;13;13;63 543;826 059;0.00%
25/08/2021;13;13;13;13;127 188;1 653 444;0.00%
26/08/2021;13;13;13;13;30 376;394 888;0.00%
27/08/2021;13;13;13;13;38 085;495 105;0.00%
30/08/2021;13;13;13;13;132 945;1 728 285;0.00%
31/08/2021;13;13;13;13;240 084;3 121 092;0.00%
01/09/2021;13;13;13;13;17 432;226 616;0.00%
02/09/2021;13;13;13;13;32 625;424 125;0.00%
03/09/2021;13;13;13;13;37 507;487 591;0.00%
06/09/2021;13;13;13;13;44 632;580 216;0.00%
07/09/2021;13;13;13;13;106 759;1 387 867;0.00%
08/09/2021;13;13;13;13;120 649;1 568 437;0.00%
09/09/2021;13;13;13;13;5 596;72 748;0.00%
10/09/2021;13;13;13;13;126 565;1 645 345;0.00%
13/09/2021;13;13;13;13;40 913;531 869;0.00%
14/09/2021;13;13;13;13;160 603;2 087 839;0.00%
15/09/2021;13;13;13;13;17 398;226 174;0.00%
16/09/2021;13;13;13;13;23 052;299 676;0.00%
17/09/2021;13;13;13;13;31 809;413 517;0.00%
20/09/2021;13;13;13;13;146 065;1 898 845;0.00%
21/09/2021;13;13;13;13;179 033;2 327 429;0.00%
22/09/2021;13;13;13;13;25 490;331 370;0.00%
23/09/2021;13;13;13;13;378 108;4 915 404;0.00%
24/09/2021;13;13;13;13;113 030;1 469 390;0.00%
27/09/2021;13;13;13;13;114 626;1 490 138;0.00%
28/09/2021;13;13;13;13;144 935;1 884 155;0.00%
29/09/2021;13;13;13;13;26 287;341 731;0.00%
30/09/2021;13;13;13;13;395 917;5 146 921;0.00%
01/10/2021;13;13;13;13;30 515;396 695;0.00%
04/10/2021;13;13;13;13;46 772;608 036;0.00%
05/10/2021;13;13;13;13;82 011;1 066 143;0.00%
06/10/2021;13;13;13;13;24 380;316 940;0.00%
07/10/2021;13;13;13;13;83 944;1 091 272;0.00%
08/10/2021;13;13;13;13;36 592;475 696;0.00%
11/10/2021;13;13;13;13;146 681;1 906 853;0.00%
12/10/2021;13;13;13;13;36 815;478 595;0.00%
13/10/2021;13;13;13;13;13 100;170 300;0.00%
14/10/2021;13;13;13;13;317 084;4 122 092;0.00%
15/10/2021;13;13;13;13;770 383;10 014 979;0.00%
18/10/2021;13;13;13;13;770 383;10 014 979;0.00%
19/10/2021;13;13;13;13;186 328;2 422 264;0.00%
20/10/2021;13;13;13;13;13 469;175 097;0.00%
21/10/2021;13;13;13;13;62 280;809 640;0.00%
22/10/2021;13;13;13;13;1 795 658;23 343 554;0.00%
25/10/2021;13;13;13;13;605 442;7 870 746;0.00%
26/10/2021;13;13;13;13;18 327;238 251;0.00%
27/10/2021;13;13;13;13;148 475;1 930 175;0.00%
28/10/2021;13;13;13;13;58 300;757 900;0.00%
29/10/2021;13;13;13;13;414 854;5 393 102;0.00%
01/11/2021;13;13;13;13;414 854;5 393 102;0.00%
02/11/2021;13;13;13;13;28 142;365 846;0.00%
03/11/2021;13;13;13;13;471 235;6 126 055;0.00%
04/11/2021;13;13;13;13;2 963 448;38 524 824;0.00%
05/11/2021;13;13;13;13;156 017;2 028 221;0.00%
08/11/2021;13;13;13;13;139 515;1 813 695;0.00%
09/11/2021;13;13;13;13;73 919;960 947;0.00%
10/11/2021;13;13;13;13;65 904;856 752;0.00%
11/11/2021;13;13;13;13;8 285;107 705;0.00%
12/11/2021;13;13;13;13;14 820;192 660;0.00%
15/11/2021;13;13;13;13;14 820;192 660;0.00%
16/11/2021;13;13;13;13;31 394;408 122;0.00%
17/11/2021;13;13;13;13;4 515;58 695;0.00%
18/11/2021;13;13;13;13;85 343;1 109 459;0.00%
19/11/2021;13;13;13;13;5 108;66 404;0.00%
22/11/2021;13;13;13;13;100 732;1 309 516;0.00%
23/11/2021;13;13;13;13;11 085;144 105;0.00%
24/11/2021;13;13;13;13;36 130;469 690;0.00%
25/11/2021;13;13;13;13;8 135;105 755;0.00%
26/11/2021;13;13;13;13;6 014;78 182;0.00%
29/11/2021;13;13;13;13;4 348;56 524;0.00%
30/11/2021;13;13;13;13;2 285;29 705;0.00%
01/12/2021;13;13;13;13;329;4 277;0.00%
02/12/2021;13;13;13;13;3 876;50 388;0.00%
03/12/2021;13;13;13;13;175 373;2 279 849;0.00%
06/12/2021;13;13;13;13;156 899;2 039 687;0.00%
07/12/2021;13;13;13;13;34 218 178;444 836 314;0.00%
08/12/2021;13;13;13;13;1 754 181;22 804 353;0.00%
09/12/2021;13;13;13;13;1 817 232;23 624 016;0.00%
10/12/2021;13;13;13;13;324 746;4 221 698;0.00%
13/12/2021;13;13;13;13;985 138;12 806 794;0.00%
14/12/2021;13;13;13;13;761 205;9 895 665;0.00%
15/12/2021;13;13;13;13;1 091 476;14 189 188;0.00%
16/12/2021;13;13;13;13;509 621;6 625 073;0.00%
17/12/2021;13;13;13;13;6 535 437;84 960 681;0.00%
20/12/2021;14;13;14;13;14 879 852;200 878 002;7.69%
21/12/2021;14;14;14;14;5 172 484;72 414 776;0.00%
22/12/2021;14;14;14;14;2 173 195;30 424 730;0.00%
23/12/2021;13;14;14;13;12 655 253;170 845 916;-7.14%
24/12/2021;14;13;14;13;28 045 922;378 619 947;7.69%
27/12/2021;15;15;15;15;870 756;13 061 340;7.14%
28/12/2021;16;16;16;16;235 663;3 770 608;6.67%
29/12/2021;17;17;17;17;172 394;2 930 698;6.25%
30/12/2021;18;18;18;18;4 400 251;79 204 518;5.88%
31/12/2021;18;19;19;18;1 300 569;24 060 527;0.00%
03/01/2022;19;19;19;19;651 139;12 371 641;5.56%
04/01/2022;20;19;20;19;359 688;7 013 916;5.26%
05/01/2022;21;21;21;21;3 600 939;75 619 719;5.00%
06/01/2022;22;22;22;22;2 190 774;48 197 028;4.76%
07/01/2022;23;23;23;23;7 190 563;165 382 949;4.55%
10/01/2022;24;24;24;24;836 916;20 085 984;4.35%
11/01/2022;25;25;25;25;546 253;13 656 325;4.17%
12/01/2022;26;26;26;26;8 663 538;225 251 988;4.00%
13/01/2022;25;27;27;25;3 686 170;95 840 420;-3.85%
14/01/2022;24;24;24;24;303 791;7 290 984;-4.00%
17/01/2022;23;23;23;23;150 396;3 459 108;-4.17%
18/01/2022;22;22;22;22;836 923;18 412 306;-4.35%
19/01/2022;21;21;21;21;176 953;3 716 013;-4.55%
20/01/2022;20;20;20;20;51 490;1 029 800;-4.76%
21/01/2022;19;19;19;19;96 033;1 824 627;-5.00%
24/01/2022;18;18;18;18;169 282;3 047 076;-5.26%
25/01/2022;17;17;17;17;36 948;628 116;-5.56%
26/01/2022;18;16;18;16;2 876 511;48 900 687;5.88%
27/01/2022;19;19;19;19;1 890 789;35 924 991;5.56%
28/01/2022;20;20;20;20;1 444 527;28 890 540;5.26%
31/01/2022;21;21;21;21;2 096 020;44 016 420;5.00%
01/02/2022;22;22;22;22;638 967;14 057 274;4.76%
02/02/2022;21;22;22;21;2 249 249;48 358 854;-4.55%
03/02/2022;20;20;20;20;2 523 500;50 470 000;-4.76%
04/02/2022;19;19;19;19;1 695 442;32 213 398;-5.00%
07/02/2022;20;18;20;18;430 860;8 186 340;5.26%
08/02/2022;21;21;21;21;1 561 259;32 786 439;5.00%
09/02/2022;22;22;22;22;1 367 776;30 091 072;4.76%
10/02/2022;22;23;23;22;1 174 552;26 427 420;0.00%
11/02/2022;21;22;22;21;438 552;9 428 868;-4.55%
14/02/2022;21;22;22;21;1 073 094;23 071 521;0.00%
15/02/2022;20;20;20;20;1 800 442;36 008 840;-4.76%
16/02/2022;19;20;20;19;1 541 182;30 053 049;-5.00%
17/02/2022;20;19;20;19;652 695;12 727 553;5.26%
18/02/2022;20;20;20;20;507 051;10 141 020;0.00%
21/02/2022;20;20;20;20;147 431;2 948 620;0.00%
22/02/2022;20;20;20;20;249 722;4 994 440;0.00%
23/02/2022;21;20;21;20;248 019;5 084 390;5.00%
24/02/2022;21;21;21;21;171 406;3 599 526;0.00%
25/02/2022;20;20;20;20;1 114 676;22 293 520;-4.76%
28/02/2022;20;20;20;20;380 399;7 607 980;0.00%
01/03/2022;19;19;19;19;2 170 186;41 233 534;-5.00%
02/03/2022;18;18;18;18;1 430 435;25 747 830;-5.26%
03/03/2022;17;17;17;17;477 926;8 124 742;-5.56%
04/03/2022;16;16;16;16;1 863 828;29 821 248;-5.88%
07/03/2022;15;15;15;15;1 060 556;15 908 340;-6.25%
08/03/2022;15;14;15;14;5 546 915;80 430 268;0.00%
09/03/2022;15;14;15;14;4 991 265;72 373 343;0.00%
10/03/2022;15;15;15;15;2 917 888;43 768 320;0.00%
11/03/2022;15;14;15;14;2 173 934;31 522 043;0.00%
14/03/2022;15;15;15;15;584 291;8 764 365;0.00%
15/03/2022;15;15;15;15;2 380 943;35 714 145;0.00%
16/03/2022;15;15;15;15;2 297 713;34 465 695;0.00%
17/03/2022;15;14;15;14;4 731 864;68 612 028;0.00%
18/03/2022;15;15;15;15;553 670;8 305 050;0.00%
21/03/2022;16;15;16;15;235 507;3 650 359;6.67%
22/03/2022;17;16;17;16;1 241 061;20 477 507;6.25%
23/03/2022;17;17;17;17;1 122 336;19 079 712;0.00%
24/03/2022;17;17;17;17;1 287 777;21 892 209;0.00%
25/03/2022;18;17;18;17;142 397;2 491 948;5.88%
28/03/2022;18;18;18;18;385 755;6 943 590;0.00%
29/03/2022;17;17;17;17;686 587;11 671 979;-5.56%
30/03/2022;18;17;18;17;76 660;1 341 550;5.88%
31/03/2022;17;17;17;17;83 737;1 423 529;-5.56%
01/04/2022;17;17;17;17;2 254 316;38 323 372;0.00%
04/04/2022;17;17;17;17;263 094;4 472 598;0.00%
05/04/2022;17;16;17;16;43 577;719 021;0.00%
06/04/2022;17;17;17;17;63 096;1 072 632;0.00%
07/04/2022;17;17;17;17;68 327;1 161 559;0.00%
08/04/2022;17;17;17;17;221 460;3 764 820;0.00%
11/04/2022;17;17;17;17;929 571;15 802 707;0.00%
12/04/2022;17;17;17;17;706 327;12 007 559;0.00%
13/04/2022;17;17;17;17;573 031;9 741 527;0.00%
14/04/2022;17;16;17;16;25 300;417 450;0.00%
15/04/2022;17;17;17;17;654 804;11 131 668;0.00%
19/04/2022;17;17;17;17;137 892;2 344 164;0.00%
20/04/2022;17;17;17;17;29 460;500 820;0.00%
21/04/2022;17;17;17;17;268 377;4 562 409;0.00%
22/04/2022;17;17;17;17;24 134;410 278;0.00%
25/04/2022;17;17;17;17;828 305;14 081 185;0.00%
26/04/2022;17;17;17;17;2 757 307;46 874 219;0.00%
27/04/2022;17;17;17;17;296 998;5 048 966;0.00%
28/04/2022;17;17;17;17;296 998;5 048 966;0.00%
29/04/2022;17;17;17;17;94 343;1 603 831;0.00%
02/05/2022;17;17;17;17;94 343;1 603 831;0.00%
03/05/2022;16;17;17;16;517 358;8 536 407;-5.88%
04/05/2022;17;16;17;16;1 696 982;28 000 203;6.25%
05/05/2022;17;17;17;17;401 464;6 824 888;0.00%
06/05/2022;17;16;17;16;182 196;3 006 234;0.00%
09/05/2022;17;17;17;17;813 022;13 821 374;0.00%
10/05/2022;16;17;17;16;487 019;8 035 814;-5.88%
11/05/2022;17;17;17;17;85 577;1 454 809;6.25%
12/05/2022;17;17;17;17;69;1 173;0.00%
13/05/2022;17;17;17;17;113 294;1 925 998;0.00%
16/05/2022;17;17;17;17;89 355;1 519 035;0.00%
17/05/2022;16;16;16;16;1 584 431;25 350 896;-5.88%
18/05/2022;16;16;16;16;2 670 049;42 720 784;0.00%
19/05/2022;16;15;16;15;184 346;2 857 363;0.00%
20/05/2022;16;16;16;16;144 559;2 312 944;0.00%
23/05/2022;15;16;16;15;263 302;4 081 181;-6.25%
24/05/2022;16;15;16;15;52 114;807 767;6.67%
25/05/2022;16;16;16;16;604 812;9 676 992;0.00%
26/05/2022;16;16;16;16;604 812;9 676 992;0.00%
27/05/2022;16;16;16;16;388 853;6 221 648;0.00%
30/05/2022;16;16;16;16;326 110;5 217 760;0.00%
31/05/2022;16;16;16;16;1 901 271;30 420 336;0.00%
01/06/2022;16;16;16;16;2 202 023;35 232 368;0.00%
02/06/2022;16;16;16;16;55 385;886 160;0.00%
03/06/2022;16;16;16;16;22 077;353 232;0.00%
06/06/2022;16;16;16;16;22 077;353 232;0.00%
07/06/2022;16;16;16;16;137 525;2 200 400;0.00%
08/06/2022;16;16;16;16;34 359;549 744;0.00%
09/06/2022;15;16;16;15;205 204;3 180 662;-6.25%
10/06/2022;16;16;16;16;90 679;1 450 864;6.67%
13/06/2022;16;16;16;16;69 073;1 105 168;0.00%
14/06/2022;16;16;16;16;496 997;7 951 952;0.00%
15/06/2022;15;16;16;15;943 385;14 622 468;-6.25%
16/06/2022;15;15;15;15;67 748;1 016 220;0.00%
17/06/2022;16;16;16;16;154 144;2 466 304;6.67%
20/06/2022;16;16;16;16;294 396;4 710 336;0.00%
21/06/2022;16;16;16;16;978 618;15 657 888;0.00%
22/06/2022;16;16;16;16;17 285;276 560;0.00%
23/06/2022;16;16;16;16;332 521;5 320 336;0.00%
24/06/2022;15;15;15;15;2 260 824;33 912 360;-6.25%
27/06/2022;15;15;15;15;644 457;9 666 855;0.00%
28/06/2022;15;15;15;15;360 774;5 411 610;0.00%
29/06/2022;15;16;16;15;1 359 421;21 071 026;0.00%
30/06/2022;16;15;16;15;1 478 876;22 922 578;6.67%
01/07/2022;16;15;16;15;14 655;227 153;0.00%
04/07/2022;16;15;16;15;47 300;733 150;0.00%
05/07/2022;16;16;16;16;16 491;263 856;0.00%
06/07/2022;16;16;16;16;153 506;2 456 096;0.00%
07/07/2022;16;15;16;15;162 351;2 516 441;0.00%
08/07/2022;16;16;16;16;50 984;815 744;0.00%
11/07/2022;15;16;16;15;11 934;184 977;-6.25%
12/07/2022;16;16;16;16;41 604;665 664;6.67%
13/07/2022;16;16;16;16;3 428 562;54 856 992;0.00%
14/07/2022;17;17;17;17;156 740;2 664 580;6.25%
15/07/2022;17;17;17;17;78 579;1 335 843;0.00%
18/07/2022;18;17;18;17;1 660 324;29 055 670;5.88%
19/07/2022;18;18;18;18;69 185;1 245 330;0.00%
20/07/2022;18;18;18;18;30 845;555 210;0.00%
21/07/2022;18;18;18;18;59 225;1 066 050;0.00%
22/07/2022;18;18;18;18;430 216;7 743 888;0.00%
25/07/2022;18;18;18;18;271 810;4 892 580;0.00%
26/07/2022;18;18;18;18;1 065 670;19 182 060;0.00%
27/07/2022;19;18;19;18;397 845;7 360 133;5.56%
28/07/2022;19;19;19;19;137 027;2 603 513;0.00%
29/07/2022;19;19;19;19;88 782;1 686 858;0.00%
01/08/2022;19;18;19;18;2 830 342;52 361 327;0.00%
02/08/2022;19;19;19;19;91 229;1 733 351;0.00%
03/08/2022;19;19;19;19;139 278;2 646 282;0.00%
04/08/2022;18;18;18;18;242 372;4 362 696;-5.26%
05/08/2022;19;18;19;18;553 633;10 242 211;5.56%
08/08/2022;19;18;19;18;553 633;10 242 211;0.00%
09/08/2022;19;19;19;19;222 354;4 224 726;0.00%
10/08/2022;18;19;19;18;216 790;4 010 615;-5.26%
11/08/2022;18;19;19;18;72 884;1 348 354;0.00%
12/08/2022;18;18;18;18;50 850;915 300;0.00%
15/08/2022;18;18;18;18;50 850;915 300;0.00%
16/08/2022;18;18;18;18;158 304;2 849 472;0.00%
17/08/2022;17;18;18;17;130 500;2 283 750;-5.56%
18/08/2022;18;17;18;17;71 345;1 248 538;5.88%
19/08/2022;18;18;18;18;237 485;4 274 730;0.00%
22/08/2022;18;18;18;18;695 740;12 523 320;0.00%
23/08/2022;18;18;18;18;139 231;2 506 158;0.00%
24/08/2022;18;18;18;18;73 574;1 324 332;0.00%
25/08/2022;18;18;18;18;587 028;10 566 504;0.00%
26/08/2022;18;19;19;18;31 514;583 009;0.00%
29/08/2022;19;18;19;18;114 070;2 110 295;5.56%
30/08/2022;19;19;19;19;115 303;2 190 757;0.00%
31/08/2022;19;19;19;19;106 576;2 024 944;0.00%
01/09/2022;19;19;19;19;1 607 013;30 533 247;0.00%
02/09/2022;18;19;19;18;27 460;508 010;-5.26%
05/09/2022;18;18;18;18;229 730;4 135 140;0.00%
06/09/2022;19;19;19;19;35 201;668 819;5.56%
07/09/2022;19;19;19;19;27 874;529 606;0.00%
08/09/2022;19;19;19;19;260 667;4 952 673;0.00%
09/09/2022;19;19;19;19;334 614;6 357 666;0.00%
12/09/2022;19;19;19;19;129 839;2 466 941;0.00%
13/09/2022;18;19;19;18;131 078;2 424 943;-5.26%
14/09/2022;19;19;19;19;225 323;4 281 137;5.56%
15/09/2022;18;19;19;18;176 224;3 260 144;-5.26%
16/09/2022;19;18;19;18;700 368;12 956 808;5.56%
19/09/2022;19;19;19;19;624 962;11 874 278;0.00%
20/09/2022;19;19;19;19;38 434;730 246;0.00%
21/09/2022;18;19;19;18;111 139;2 056 072;-5.26%
22/09/2022;19;18;19;18;358 825;6 638 263;5.56%
23/09/2022;19;19;19;19;133 714;2 540 566;0.00%
26/09/2022;19;19;19;19;106 912;2 031 328;0.00%
27/09/2022;19;19;19;19;254 378;4 833 182;0.00%
28/09/2022;19;18;19;18;283 179;5 238 812;0.00%
29/09/2022;19;19;19;19;16 141;306 679;0.00%
30/09/2022;19;19;19;19;218 320;4 148 080;0.00%
03/10/2022;19;19;19;19;490 183;9 313 477;0.00%
04/10/2022;18;19;19;18;125 690;2 325 265;-5.26%
05/10/2022;18;18;18;18;2 361 095;42 499 710;0.00%
06/10/2022;18;18;18;18;61 194;1 101 492;0.00%
07/10/2022;19;18;19;18;11 549;213 657;5.56%
10/10/2022;19;18;19;18;1 549 153;28 659 331;0.00%
11/10/2022;18;18;18;18;543 081;9 775 458;-5.26%
12/10/2022;18;18;18;18;2 233 371;40 200 678;0.00%
13/10/2022;18;18;18;18;212 683;3 828 294;0.00%
14/10/2022;18;18;18;18;74 351;1 338 318;0.00%
17/10/2022;19;19;19;19;154 876;2 942 644;5.56%
18/10/2022;19;19;19;19;2 052 735;39 001 965;0.00%
19/10/2022;19;19;19;19;473 259;8 991 921;0.00%
20/10/2022;19;18;19;18;58 014;1 073 259;0.00%
21/10/2022;19;19;19;19;1 111 754;21 123 326;0.00%
24/10/2022;19;19;19;19;214 686;4 079 034;0.00%
25/10/2022;19;18;19;18;16 489;305 047;0.00%
26/10/2022;19;19;19;19;29 595;562 305;0.00%
27/10/2022;19;19;19;19;171 081;3 250 539;0.00%
28/10/2022;19;19;19;19;106 300;2 019 700;0.00%
31/10/2022;19;19;19;19;106 300;2 019 700;0.00%
01/11/2022;19;19;19;19;3 500;66 500;0.00%
02/11/2022;18;19;19;18;97 834;1 809 929;-5.26%
03/11/2022;19;18;19;18;84 144;1 556 664;5.56%
04/11/2022;19;19;19;19;30 105;571 995;0.00%
07/11/2022;20;19;20;19;1 497 082;29 193 099;5.26%
08/11/2022;20;20;20;20;68 078;1 361 560;0.00%
09/11/2022;20;19;20;19;96 144;1 874 808;0.00%
10/11/2022;20;19;20;19;33 457;652 412;0.00%
11/11/2022;20;20;20;20;111 662;2 233 240;0.00%
14/11/2022;20;20;20;20;232 853;4 657 060;0.00%
15/11/2022;20;20;20;20;232 853;4 657 060;0.00%
16/11/2022;20;20;20;20;244 567;4 891 340;0.00%
17/11/2022;20;19;20;19;148 077;2 887 502;0.00%
18/11/2022;19;19;19;19;44 162;839 078;-5.00%
21/11/2022;19;19;19;19;705 731;13 408 889;0.00%
22/11/2022;20;19;20;19;435 995;8 501 903;5.26%
23/11/2022;20;19;20;19;576 979;11 251 091;0.00%
24/11/2022;20;19;20;19;127 735;2 490 833;0.00%
25/11/2022;20;19;20;19;144 745;2 822 528;0.00%
28/11/2022;20;20;20;20;21 299;425 980;0.00%
29/11/2022;19;19;19;19;605 825;11 510 675;-5.00%
30/11/2022;19;19;19;19;605 825;11 510 675;0.00%
01/12/2022;19;19;19;19;605 825;11 510 675;0.00%
02/12/2022;19;18;19;18;275 070;5 088 795;0.00%
05/12/2022;19;18;19;18;32 335;598 198;0.00%
06/12/2022;19;19;19;19;85 416;1 622 904;0.00%
07/12/2022;19;19;19;19;17 934;340 746;0.00%
08/12/2022;19;19;19;19;65 037;1 235 703;0.00%
09/12/2022;19;19;19;19;499 989;9 499 791;0.00%
12/12/2022;19;19;19;19;164 395;3 123 505;0.00%
13/12/2022;19;18;19;18;21 028;389 018;0.00%
14/12/2022;19;19;19;19;65 088;1 236 672;0.00%
15/12/2022;19;19;19;19;29 513;560 747;0.00%
16/12/2022;20;19;20;19;1 431 468;27 913 626;5.26%
19/12/2022;19;19;19;19;68 511;1 301 709;-5.00%
20/12/2022;19;18;19;18;41 130;760 905;0.00%
21/12/2022;19;19;19;19;39 946;758 974;0.00%
22/12/2022;19;18;19;18;532 576;9 852 656;0.00%
23/12/2022;20;19;20;19;33 280;648 960;5.26%
26/12/2022;20;19;20;19;33 280;648 960;0.00%
27/12/2022;20;20;20;20;198 938;3 978 760;0.00%
28/12/2022;19;20;20;19;368 390;7 183 605;-5.00%
29/12/2022;19;19;19;19;2 810 627;53 401 913;0.00%
30/12/2022;19;19;19;19;109 511;2 080 709;0.00%
02/01/2023;19;19;19;19;104 313;1 981 947;0.00%
03/01/2023;19;19;19;19;32 006;608 114;0.00%
04/01/2023;19;19;19;19;24 663;468 597;0.00%
05/01/2023;20;19;20;19;665 706;12 981 267;5.26%
06/01/2023;19;20;20;19;3 308 801;64 521 620;-5.00%
09/01/2023;19;19;19;19;1 263 945;24 014 955;0.00%
10/01/2023;18;18;18;18;292 716;5 268 888;-5.26%
11/01/2023;19;19;19;19;12 953;246 107;5.56%
12/01/2023;19;19;19;19;38 440;730 360;0.00%
13/01/2023;19;19;19;19;49 382;938 258;0.00%
16/01/2023;19;19;19;19;52 202;991 838;0.00%
17/01/2023;20;19;20;19;104 928;2 046 096;5.26%
18/01/2023;20;20;20;20;20 245;404 900;0.00%
19/01/2023;20;20;20;20;56 157;1 123 140;0.00%
20/01/2023;20;20;20;20;59 550;1 191 000;0.00%
23/01/2023;20;20;20;20;48 297;965 940;0.00%
24/01/2023;20;20;20;20;15 710;314 200;0.00%
25/01/2023;20;19;20;19;94 056;1 834 092;0.00%
26/01/2023;20;20;20;20;333 023;6 660 460;0.00%
27/01/2023;20;20;20;20;16 695;333 900;0.00%
30/01/2023;20;20;20;20;44 760;895 200;0.00%
31/01/2023;20;20;20;20;127 128;2 542 560;0.00%
01/02/2023;20;19;20;19;45 982;896 649;0.00%
02/02/2023;20;20;20;20;89 419;1 788 380;0.00%
03/02/2023;20;20;20;20;50 500;1 010 000;0.00%
06/02/2023;20;20;20;20;30 913;618 260;0.00%
07/02/2023;20;19;20;19;116 165;2 265 218;0.00%
08/02/2023;19;20;20;19;21 750;424 125;-5.00%
09/02/2023;20;19;20;19;1 098 556;21 421 842;5.26%
10/02/2023;20;20;20;20;200 466;4 009 320;0.00%
13/02/2023;20;19;20;19;100 602;1 961 739;0.00%
14/02/2023;20;20;20;20;74 090;1 481 800;0.00%
15/02/2023;20;19;20;19;76 706;1 495 767;0.00%
16/02/2023;20;19;20;19;1 292 629;25 206 266;0.00%
17/02/2023;20;20;20;20;17 228;344 560;0.00%
20/02/2023;20;20;20;20;551 629;11 032 580;0.00%
21/02/2023;21;19;21;19;349 729;6 994 580;5.00%
22/02/2023;20;20;20;20;194 789;3 895 780;-4.76%
23/02/2023;20;19;20;19;264 036;5 148 702;0.00%
24/02/2023;20;20;20;20;161 613;3 232 260;0.00%
27/02/2023;20;20;20;20;57 737;1 154 740;0.00%
28/02/2023;20;19;20;19;52 684;1 027 338;0.00%
01/03/2023;20;20;20;20;96 577;1 931 540;0.00%
02/03/2023;20;20;20;20;113 959;2 279 180;0.00%
03/03/2023;20;20;20;20;334 792;6 695 840;0.00%
06/03/2023;20;20;20;20;1 319 402;26 388 040;0.00%
07/03/2023;20;20;20;20;13 770;275 400;0.00%
08/03/2023;20;20;20;20;259 647;5 192 940;0.00%
09/03/2023;20;20;20;20;27 362;547 240;0.00%
10/03/2023;20;20;20;20;49 814;996 280;0.00%
13/03/2023;20;20;20;20;1 060 145;21 202 900;0.00%
14/03/2023;20;20;20;20;1 056 867;21 137 340;0.00%
15/03/2023;20;20;20;20;2 821 165;56 423 300;0.00%
16/03/2023;20;20;20;20;462 170;9 243 400;0.00%
17/03/2023;20;20;20;20;1 153 626;23 072 520;0.00%
20/03/2023;20;20;20;20;237 206;4 744 120;0.00%
21/03/2023;20;20;20;20;536 535;10 730 700;0.00%
22/03/2023;20;20;20;20;195 805;3 916 100;0.00%
23/03/2023;20;20;20;20;913 348;18 266 960;0.00%
24/03/2023;20;20;20;20;1 281 760;25 635 200;0.00%
27/03/2023;20;20;20;20;507 891;10 157 820;0.00%
28/03/2023;20;20;20;20;64 350;1 287 000;0.00%
29/03/2023;19;20;20;19;1 980 883;38 627 219;-5.00%
30/03/2023;18;19;19;18;3 672 314;67 937 809;-5.26%
31/03/2023;17;17;17;17;383 001;6 511 017;-5.56%
03/04/2023;17;16;17;16;1 895 268;31 271 922;0.00%
04/04/2023;17;17;17;17;420 041;7 140 697;0.00%
05/04/2023;17;17;17;17;229 937;3 908 929;0.00%
06/04/2023;17;17;17;17;445 195;7 568 315;0.00%
07/04/2023;16;17;17;16;48 162;794 673;-5.88%
10/04/2023;16;17;17;16;48 162;794 673;0.00%
11/04/2023;17;17;17;17;1 370 675;23 301 475;6.25%
12/04/2023;18;17;18;17;149 381;2 614 168;5.88%
13/04/2023;18;17;18;17;2 420 000;42 350 000;0.00%
14/04/2023;18;18;18;18;84 932;1 528 776;0.00%
17/04/2023;18;18;18;18;562 711;10 128 798;0.00%
18/04/2023;18;18;18;18;562 711;10 128 798;0.00%
19/04/2023;18;18;18;18;69 382;1 248 876;0.00%
20/04/2023;18;18;18;18;2 024 312;36 437 616;0.00%
21/04/2023;18;18;18;18;2 024 312;36 437 616;0.00%
24/04/2023;18;17;18;17;48 211;843 693;0.00%
25/04/2023;18;17;18;17;111 273;1 947 278;0.00%
26/04/2023;18;18;18;18;35 661;641 898;0.00%
27/04/2023;18;18;18;18;6 839;123 102;0.00%
28/04/2023;18;17;18;17;130 986;2 292 255;0.00%
01/05/2023;18;17;18;17;130 986;2 292 255;0.00%
02/05/2023;18;17;18;17;284 779;4 983 633;0.00%
03/05/2023;18;17;18;17;284 779;4 983 633;0.00%
04/05/2023;18;17;18;17;558 217;9 768 798;0.00%
05/05/2023;18;18;18;18;151 352;2 724 336;0.00%
08/05/2023;18;18;18;18;367 347;6 612 246;0.00%
09/05/2023;18;17;18;17;713 475;12 485 813;0.00%
10/05/2023;18;17;18;17;30 819;539 333;0.00%
11/05/2023;18;18;18;18;49 459;890 262;0.00%
12/05/2023;18;18;18;18;82 582;1 486 476;0.00%
15/05/2023;18;18;18;18;55 617;1 001 106;0.00%
16/05/2023;18;17;18;17;129 486;2 266 005;0.00%
17/05/2023;18;17;18;17;501 671;8 779 243;0.00%
18/05/2023;18;17;18;17;501 671;8 779 243;0.00%
19/05/2023;18;18;18;18;36 020;648 360;0.00%
22/05/2023;18;18;18;18;56 357;1 014 426;0.00%
23/05/2023;18;18;18;18;90 632;1 631 376;0.00%
24/05/2023;18;18;18;18;19 948;359 064;0.00%
25/05/2023;18;18;18;18;245 373;4 416 714;0.00%
26/05/2023;18;18;18;18;186 085;3 349 530;0.00%
29/05/2023;18;18;18;18;186 085;3 349 530;0.00%
30/05/2023;18;17;18;17;87 968;1 539 440;0.00%
31/05/2023;17;17;17;17;1 039 178;17 666 026;-5.56%
01/06/2023;17;17;17;17;368 864;6 270 688;0.00%
02/06/2023;18;18;18;18;77 033;1 386 594;5.88%
05/06/2023;18;18;18;18;130 089;2 341 602;0.00%
06/06/2023;18;17;18;17;164 325;2 875 688;0.00%
07/06/2023;18;17;18;17;68 181;1 193 168;0.00%
08/06/2023;18;18;18;18;315 690;5 682 420;0.00%
09/06/2023;18;18;18;18;28 709;516 762;0.00%
12/06/2023;18;18;18;18;51 015;918 270;0.00%
13/06/2023;18;17;18;17;349 062;6 108 585;0.00%
14/06/2023;18;17;18;17;560;9 800;0.00%
15/06/2023;18;17;18;17;165 624;2 898 420;0.00%
16/06/2023;18;18;18;18;16 582;298 476;0.00%
19/06/2023;18;18;18;18;69 144;1 244 592;0.00%
20/06/2023;18;18;18;18;78 963;1 421 334;0.00%
21/06/2023;18;18;18;18;23 221;417 978;0.00%
22/06/2023;18;18;18;18;32 333;581 994;0.00%
23/06/2023;17;17;17;17;1 337 560;22 738 520;-5.56%
26/06/2023;18;16;18;16;632 010;10 744 170;5.88%
27/06/2023;18;18;18;18;24 900;448 200;0.00%
28/06/2023;18;18;18;18;24 900;448 200;0.00%
29/06/2023;18;18;18;18;63 852;1 149 336;0.00%
30/06/2023;18;17;18;17;905;15 838;0.00%
03/07/2023;18;18;18;18;109 588;1 972 584;0.00%
04/07/2023;18;17;18;17;60 138;1 052 415;0.00%
05/07/2023;18;18;18;18;20 100;361 800;0.00%
06/07/2023;17;18;18;17;49 377;864 098;-5.56%
07/07/2023;18;17;18;17;9 356;163 730;5.88%
10/07/2023;17;17;17;17;306 768;5 215 056;-5.56%
11/07/2023;18;17;18;17;308 863;5 405 103;5.88%
12/07/2023;18;18;18;18;26 809;482 562;0.00%
13/07/2023;18;17;18;17;107 324;1 878 170;0.00%
14/07/2023;18;17;18;17;307 924;5 388 670;0.00%
17/07/2023;18;18;18;18;6 210;111 780;0.00%
18/07/2023;18;18;18;18;271 869;4 893 642;0.00%
19/07/2023;18;18;18;18;28 219;507 942;0.00%
20/07/2023;18;18;18;18;761 843;13 713 174;0.00%
21/07/2023;18;17;18;17;31 650;553 875;0.00%
24/07/2023;18;18;18;18;135 217;2 433 906;0.00%
25/07/2023;18;18;18;18;26 140;470 520;0.00%
26/07/2023;18;18;18;18;73 613;1 325 034;0.00%
27/07/2023;18;18;18;18;38 208;687 744;0.00%
28/07/2023;18;18;18;18;918 795;16 538 310;0.00%
31/07/2023;18;18;18;18;582 628;10 487 304;0.00%
01/08/2023;18;17;18;17;324 698;5 682 215;0.00%
02/08/2023;18;18;18;18;615 910;11 086 380;0.00%
03/08/2023;18;18;18;18;29 532;531 576;0.00%
04/08/2023;18;18;18;18;178 010;3 204 180;0.00%
07/08/2023;18;18;18;18;178 010;3 204 180;0.00%
08/08/2023;18;18;18;18;527 049;9 486 882;0.00%
09/08/2023;17;17;17;17;214 392;3 644 664;-5.56%
10/08/2023;18;17;18;17;142 333;2 490 828;5.88%
11/08/2023;18;17;18;17;46 962;821 835;0.00%
14/08/2023;18;18;18;18;8 970;161 460;0.00%
15/08/2023;18;18;18;18;8 970;161 460;0.00%
16/08/2023;18;18;18;18;39 839;717 102;0.00%
17/08/2023;18;18;18;18;364 251;6 556 518;0.00%
18/08/2023;18;18;18;18;20 288;365 184;0.00%
21/08/2023;18;18;18;18;577 908;10 402 344;0.00%
22/08/2023;17;18;18;17;312 023;5 460 403;-5.56%
23/08/2023;18;18;18;18;129 238;2 326 284;5.88%
24/08/2023;18;18;18;18;93 912;1 690 416;0.00%
25/08/2023;18;18;18;18;67 901;1 222 218;0.00%
28/08/2023;17;18;18;17;37 848;662 340;-5.56%
29/08/2023;18;17;18;17;273 955;4 794 213;5.88%
30/08/2023;18;18;18;18;33 138;596 484;0.00%
31/08/2023;18;17;18;17;498 489;8 723 558;0.00%
01/09/2023;18;18;18;18;51 213;921 834;0.00%
04/09/2023;18;17;18;17;463 754;8 115 695;0.00%
05/09/2023;18;18;18;18;59 962;1 079 316;0.00%
06/09/2023;19;18;19;18;332 758;6 156 023;5.56%
07/09/2023;18;19;19;18;442 734;8 190 579;-5.26%
08/09/2023;19;19;19;19;547 672;10 405 768;5.56%
11/09/2023;19;18;19;18;37 073;685 851;0.00%
12/09/2023;19;18;19;18;65 856;1 218 336;0.00%
13/09/2023;19;19;19;19;186 169;3 537 211;0.00%
14/09/2023;19;19;19;19;11 455;217 645;0.00%
15/09/2023;19;19;19;19;87 610;1 664 590;0.00%
18/09/2023;19;18;19;18;100 067;1 851 240;0.00%
19/09/2023;19;19;19;19;72 644;1 380 236;0.00%
20/09/2023;19;18;19;18;63 301;1 171 069;0.00%
21/09/2023;19;19;19;19;355 927;6 762 613;0.00%
22/09/2023;19;19;19;19;53 327;1 013 213;0.00%
25/09/2023;19;19;19;19;28 464;540 816;0.00%
26/09/2023;19;19;19;19;9 461;179 759;0.00%
27/09/2023;19;19;19;19;9 461;179 759;0.00%
28/09/2023;19;19;19;19;155 528;2 955 032;0.00%
29/09/2023;19;18;19;18;16 827;311 300;0.00%
02/10/2023;19;19;19;19;40 826;775 694;0.00%
03/10/2023;19;19;19;19;297 992;5 661 848;0.00%
04/10/2023;19;19;19;19;1 350 008;25 650 152;0.00%
05/10/2023;19;18;19;18;161 547;2 988 620;0.00%
06/10/2023;19;19;19;19;949 568;18 041 792;0.00%
09/10/2023;19;19;19;19;12 008;228 152;0.00%
10/10/2023;19;19;19;19;20 522;389 918;0.00%
11/10/2023;19;18;19;18;100 170;1 853 145;0.00%
12/10/2023;19;18;19;18;782 117;14 469 165;0.00%
13/10/2023;19;18;19;18;162 558;3 007 323;0.00%
16/10/2023;19;19;19;19;39 357;747 783;0.00%
17/10/2023;19;19;19;19;34 021;646 399;0.00%
18/10/2023;19;18;19;18;61 361;1 135 179;0.00%
19/10/2023;19;18;19;18;413 965;7 658 353;0.00%
20/10/2023;19;18;19;18;114 750;2 122 875;0.00%
23/10/2023;18;18;18;18;98 653;1 775 754;-5.26%
24/10/2023;19;18;19;18;288 427;5 335 900;5.56%
25/10/2023;19;18;19;18;8 484;156 954;0.00%
26/10/2023;18;19;19;18;95 657;1 769 655;-5.26%
27/10/2023;18;19;19;18;25 861;478 429;0.00%
30/10/2023;18;18;18;18;27 131;488 358;0.00%
31/10/2023;18;18;18;18;25 855;465 390;0.00%
01/11/2023;18;18;18;18;25 855;465 390;0.00%
02/11/2023;18;18;18;18;152 984;2 753 712;0.00%
03/11/2023;18;17;18;17;59 267;1 037 173;0.00%
06/11/2023;18;18;18;18;209 992;3 779 856;0.00%
07/11/2023;18;18;18;18;80 895;1 456 110;0.00%
08/11/2023;18;18;18;18;764 202;13 755 636;0.00%
09/11/2023;18;18;18;18;533 353;9 600 354;0.00%
10/11/2023;19;19;19;19;2 392 733;45 461 927;5.56%
13/11/2023;19;18;19;18;29 766;550 671;0.00%
14/11/2023;18;19;19;18;99 581;1 842 249;-5.26%
15/11/2023;18;19;19;18;99 581;1 842 249;0.00%
16/11/2023;18;18;18;18;38 507;693 126;0.00%
17/11/2023;18;18;18;18;24 263;436 734;0.00%
20/11/2023;18;18;18;18;86 576;1 558 368;0.00%
21/11/2023;18;18;18;18;238 645;4 295 610;0.00%
22/11/2023;18;18;18;18;25 353;456 354;0.00%
23/11/2023;18;18;18;18;40 009;720 162;0.00%
24/11/2023;18;17;18;17;240 317;4 205 548;0.00%
27/11/2023;18;18;18;18;541 636;9 749 448;0.00%
28/11/2023;18;18;18;18;459 061;8 263 098;0.00%
29/11/2023;18;18;18;18;940 334;16 926 012;0.00%
30/11/2023;17;18;18;17;145 805;2 551 588;-5.56%
01/12/2023;18;17;18;17;437 623;7 658 403;5.88%
04/12/2023;18;18;18;18;123 975;2 231 550;0.00%
05/12/2023;18;18;18;18;8 196;147 528;0.00%
06/12/2023;18;18;18;18;101 426;1 825 668;0.00%
07/12/2023;18;18;18;18;81 834;1 473 012;0.00%
08/12/2023;18;18;18;18;130 184;2 343 312;0.00%
11/12/2023;18;18;18;18;24 102;433 836;0.00%
12/12/2023;18;18;18;18;88 097;1 585 746;0.00%
13/12/2023;18;18;18;18;54 716;984 888;0.00%
14/12/2023;18;18;18;18;326 160;5 870 880;0.00%
15/12/2023;18;18;18;18;100 770;1 813 860;0.00%
18/12/2023;18;18;18;18;8 336;150 048;0.00%
19/12/2023;18;18;18;18;1 685 322;30 335 796;0.00%
20/12/2023;18;17;18;17;265 324;4 643 170;0.00%
21/12/2023;18;18;18;18;22 426;403 668;0.00%
22/12/2023;18;18;18;18;53 273;958 914;0.00%
25/12/2023;18;18;18;18;53 273;958 914;0.00%
26/12/2023;18;18;18;18;16 478;296 604;0.00%
27/12/2023;18;18;18;18;42 107;757 926;0.00%
28/12/2023;18;18;18;18;1 481 920;26 674 560;0.00%
29/12/2023;19;18;19;18;711 443;13 161 696;5.56%
01/01/2024;19;18;19;18;711 443;13 161 696;0.00%
02/01/2024;19;19;19;19;37 457;711 683;0.00%
03/01/2024;19;19;19;19;13 605;258 495;0.00%
04/01/2024;18;18;18;18;30 465;548 370;-5.26%
05/01/2024;18;18;18;18;210 095;3 781 710;0.00%
08/01/2024;18;18;18;18;98 160;1 766 880;0.00%
09/01/2024;18;18;18;18;649;11 682;0.00%
10/01/2024;18;17;18;17;1 121 867;19 632 673;0.00%
11/01/2024;18;17;18;17;178 689;3 127 058;0.00%
12/01/2024;18;18;18;18;101 821;1 832 778;0.00%
15/01/2024;18;18;18;18;74 076;1 333 368;0.00%
16/01/2024;18;18;18;18;93 304;1 679 472;0.00%
17/01/2024;18;18;18;18;11 482;206 676;0.00%
18/01/2024;18;18;18;18;19 644;353 592;0.00%
19/01/2024;18;18;18;18;2 408 662;43 355 916;0.00%
22/01/2024;18;18;18;18;3 925;70 650;0.00%
23/01/2024;18;17;18;17;61 050;1 068 375;0.00%
24/01/2024;18;17;18;17;20 879;365 383;0.00%
25/01/2024;18;18;18;18;1 677;30 186;0.00%
26/01/2024;18;18;18;18;55 758;1 003 644;0.00%
29/01/2024;18;18;18;18;149 765;2 695 770;0.00%
30/01/2024;18;18;18;18;2 642;47 556;0.00%
31/01/2024;18;18;18;18;76 098;1 369 764;0.00%
01/02/2024;18;18;18;18;15 841;285 138;0.00%
02/02/2024;18;18;18;18;35 991;647 838;0.00%
05/02/2024;18;17;18;17;18 198;318 465;0.00%
06/02/2024;18;18;18;18;16 365;294 570;0.00%
07/02/2024;18;17;18;17;551 710;9 654 925;0.00%
08/02/2024;18;17;18;17;133 516;2 336 530;0.00%
09/02/2024;18;17;18;17;51 505;901 338;0.00%
12/02/2024;18;17;18;17;51 505;901 338;0.00%
13/02/2024;18;17;18;17;35 003;612 553;0.00%
14/02/2024;18;18;18;18;29 869;537 642;0.00%
15/02/2024;18;18;18;18;16 393;295 074;0.00%
16/02/2024;18;18;18;18;15 231;274 158;0.00%
19/02/2024;17;18;18;17;17 630;308 525;-5.56%
20/02/2024;18;17;18;17;205 110;3 589 425;5.88%
21/02/2024;18;18;18;18;104 156;1 874 808;0.00%
22/02/2024;18;18;18;18;3 000;54 000;0.00%
23/02/2024;17;18;18;17;1 720 560;30 109 800;-5.56%
26/02/2024;18;18;18;18;76 869;1 383 642;5.88%
27/02/2024;18;17;18;17;198 115;3 467 013;0.00%
28/02/2024;18;18;18;18;36 970;665 460;0.00%
29/02/2024;18;18;18;18;6 295;113 310;0.00%
01/03/2024;17;18;18;17;32 733;572 828;-5.56%
04/03/2024;18;17;18;17;67 755;1 185 713;5.88%
05/03/2024;18;17;18;17;235 473;4 120 778;0.00%
06/03/2024;18;17;18;17;1 042 912;18 250 960;0.00%
07/03/2024;18;18;18;18;53 802;968 436;0.00%
08/03/2024;18;18;18;18;418 708;7 536 744;0.00%
11/03/2024;18;17;18;17;222 863;3 900 103;0.00%
12/03/2024;18;17;18;17;4 766;83 405;0.00%
13/03/2024;18;17;18;17;920 368;16 106 440;0.00%
14/03/2024;18;18;18;18;500 570;9 010 260;0.00%
15/03/2024;18;18;18;18;353;6 354;0.00%
18/03/2024;18;17;18;17;17 431;305 043;0.00%
19/03/2024;18;18;18;18;213 113;3 836 034;0.00%
20/03/2024;18;18;18;18;21 960;395 280;0.00%
21/03/2024;18;18;18;18;47 999;863 982;0.00%
22/03/2024;18;18;18;18;8 007;144 126;0.00%
25/03/2024;18;17;18;17;92 858;1 625 015;0.00%
26/03/2024;18;18;18;18;44 467;800 406;0.00%
27/03/2024;18;18;18;18;329 187;5 925 366;0.00%
28/03/2024;18;18;18;18;16 037;288 666;0.00%
29/03/2024;18;18;18;18;210 750;3 793 500;0.00%
01/04/2024;18;18;18;18;210 750;3 793 500;0.00%
02/04/2024;18;17;18;17;20 249;354 358;0.00%
03/04/2024;18;18;18;18;145 684;2 622 312;0.00%
04/04/2024;18;18;18;18;92 697;1 668 546;0.00%
05/04/2024;18;18;18;18;652 301;11 741 418;0.00%
08/04/2024;18;18;18;18;100 922;1 816 596;0.00%
09/04/2024;18;18;18;18;10 600;190 800;0.00%
10/04/2024;18;18;18;18;10 600;190 800;0.00%
11/04/2024;18;18;18;18;12 230;220 140;0.00%
12/04/2024;18;18;18;18;24 565;442 170;0.00%
15/04/2024;18;18;18;18;25 015;450 270;0.00%
16/04/2024;18;18;18;18;70 065;1 261 170;0.00%
17/04/2024;18;18;18;18;94 687;1 704 366;0.00%
18/04/2024;18;17;18;17;9 556;167 230;0.00%
19/04/2024;18;18;18;18;23 441;421 938;0.00%
22/04/2024;18;18;18;18;177 221;3 189 978;0.00%
23/04/2024;18;18;18;18;89 120;1 604 160;0.00%
24/04/2024;18;18;18;18;95 791;1 724 238;0.00%
25/04/2024;18;17;18;17;183 032;3 203 060;0.00%
26/04/2024;18;18;18;18;61 992;1 115 856;0.00%
29/04/2024;17;18;18;17;118 955;2 081 713;-5.56%
30/04/2024;18;18;18;18;25 528;459 504;5.88%
01/05/2024;18;18;18;18;25 528;459 504;0.00%
02/05/2024;17;18;18;17;313 055;5 478 463;-5.56%
03/05/2024;16;17;17;16;258 439;4 264 244;-5.88%
06/05/2024;17;17;17;17;37 286;633 862;6.25%
07/05/2024;16;17;17;16;281 839;4 650 344;-5.88%
08/05/2024;17;17;17;17;24 340;413 780;6.25%
09/05/2024;17;17;17;17;24 340;413 780;0.00%
10/05/2024;17;17;17;17;162 224;2 757 808;0.00%
13/05/2024;17;17;17;17;195 763;3 327 971;0.00%
14/05/2024;17;17;17;17;40 899;695 283;0.00%
15/05/2024;17;17;17;17;78 581;1 335 877;0.00%
16/05/2024;16;16;16;16;30 035;480 560;-5.88%
17/05/2024;17;17;17;17;500 102;8 501 734;6.25%
20/05/2024;17;17;17;17;500 102;8 501 734;0.00%
21/05/2024;16;16;16;16;844 864;13 517 824;-5.88%
22/05/2024;17;16;17;16;353 240;5 828 460;6.25%
23/05/2024;17;17;17;17;93 228;1 584 876;0.00%
24/05/2024;17;17;17;17;582 512;9 902 704;0.00%
27/05/2024;17;17;17;17;2 098 835;35 680 195;0.00%
28/05/2024;17;17;17;17;14 174;240 958;0.00%
29/05/2024;17;17;17;17;409 237;6 957 029;0.00%
30/05/2024;17;17;17;17;33 787;574 379;0.00%
31/05/2024;17;17;17;17;849 979;14 449 643;0.00%
03/06/2024;17;17;17;17;237 789;4 042 413;0.00%
04/06/2024;17;16;17;16;293 010;4 834 665;0.00%
05/06/2024;17;17;17;17;388 450;6 603 650;0.00%
06/06/2024;17;16;17;16;32 064;529 056;0.00%
07/06/2024;16;17;17;16;1 144 702;18 887 583;-5.88%
10/06/2024;17;16;17;16;158 319;2 612 264;6.25%
11/06/2024;17;17;17;17;176 215;2 995 655;0.00%
12/06/2024;17;16;17;16;101 658;1 677 357;0.00%
13/06/2024;17;17;17;17;104 006;1 768 102;0.00%
14/06/2024;17;17;17;17;57 508;977 636;0.00%
18/06/2024;17;16;17;16;125 514;2 070 981;0.00%
19/06/2024;17;17;17;17;486 141;8 264 397;0.00%
20/06/2024;17;16;17;16;4 806;79 299;0.00%
21/06/2024;17;16;17;16;22 779;375 854;0.00%
24/06/2024;17;17;17;17;28 661;487 237;0.00%
25/06/2024;17;17;17;17;25 581;434 877;0.00%
26/06/2024;17;16;17;16;113 102;1 866 183;0.00%
27/06/2024;17;17;17;17;219 467;3 730 939;0.00%
28/06/2024;17;17;17;17;17 415;296 055;0.00%
01/07/2024;17;17;17;17;15 400;261 800;0.00%
02/07/2024;17;16;17;16;12 616;208 164;0.00%
03/07/2024;17;17;17;17;44 549;757 333;0.00%
04/07/2024;17;17;17;17;52 555;893 435;0.00%
05/07/2024;16;17;17;16;27 466;453 189;-5.88%
08/07/2024;17;16;17;16;59 523;982 130;6.25%
09/07/2024;17;17;17;17;95 787;1 628 379;0.00%
10/07/2024;17;17;17;17;81 693;1 388 781;0.00%
11/07/2024;17;17;17;17;82 477;1 402 109;0.00%
12/07/2024;17;17;17;17;1 037 409;17 635 953;0.00%
15/07/2024;17;16;17;16;1 525 762;25 175 073;0.00%
16/07/2024;17;17;17;17;78 331;1 331 627;0.00%
17/07/2024;17;17;17;17;49 793;846 481;0.00%
18/07/2024;16;17;17;16;316 479;5 221 904;-5.88%
19/07/2024;17;16;17;16;17 397;287 051;6.25%
22/07/2024;17;17;17;17;325 138;5 527 346;0.00%
23/07/2024;17;17;17;17;75 365;1 281 205;0.00%
24/07/2024;17;17;17;17;94 264;1 602 488;0.00%
25/07/2024;17;17;17;17;26 154;444 618;0.00%
26/07/2024;17;17;17;17;52 493;892 381;0.00%
29/07/2024;16;16;16;16;101 717;1 627 472;-5.88%
30/07/2024;16;16;16;16;278 925;4 462 800;0.00%
31/07/2024;17;17;17;17;34 166;580 822;6.25%
01/08/2024;16;17;17;16;35 246;581 559;-5.88%
02/08/2024;17;17;17;17;251 832;4 281 144;6.25%
05/08/2024;17;17;17;17;43 895;746 215;0.00%
06/08/2024;17;17;17;17;623 934;10 606 878;0.00%
07/08/2024;17;17;17;17;623 934;10 606 878;0.00%
08/08/2024;17;17;17;17;153 444;2 608 548;0.00%
09/08/2024;17;17;17;17;1 098 026;18 666 442;0.00%
12/08/2024;16;16;16;16;617 887;9 886 192;-5.88%
13/08/2024;17;17;17;17;209 209;3 556 553;6.25%
14/08/2024;17;16;17;16;45 013;742 715;0.00%
15/08/2024;17;16;17;16;45 013;742 715;0.00%
16/08/2024;17;16;17;16;572 047;9 438 776;0.00%
19/08/2024;17;17;17;17;176 181;2 995 077;0.00%
20/08/2024;17;16;17;16;275 120;4 539 480;0.00%
21/08/2024;17;17;17;17;40 335;685 695;0.00%
22/08/2024;17;17;17;17;37 080;630 360;0.00%
23/08/2024;17;16;17;16;128 000;2 112 000;0.00%
26/08/2024;16;17;17;16;168 478;2 779 887;-5.88%
27/08/2024;17;16;17;16;234 782;3 873 903;6.25%
28/08/2024;17;16;17;16;182 678;3 014 187;0.00%
29/08/2024;16;17;17;16;1 099 399;18 140 084;-5.88%
30/08/2024;17;15;17;15;1 340 587;21 449 392;6.25%
02/09/2024;17;17;17;17;92 686;1 575 662;0.00%
03/09/2024;17;17;17;17;212 103;3 605 751;0.00%
04/09/2024;17;16;17;16;273 638;4 515 027;0.00%
05/09/2024;17;17;17;17;8 229;139 893;0.00%
06/09/2024;17;16;17;16;122 440;2 020 260;0.00%
09/09/2024;16;17;17;16;269 896;4 453 284;-5.88%
10/09/2024;17;16;17;16;1 253 651;20 685 242;6.25%
11/09/2024;16;17;17;16;46 507;767 366;-5.88%
12/09/2024;17;16;17;16;487 988;8 051 802;6.25%
13/09/2024;17;17;17;17;47 561;808 537;0.00%
16/09/2024;17;16;17;16;201 358;3 322 407;0.00%
17/09/2024;17;17;17;17;18 847;320 399;0.00%
18/09/2024;17;16;17;16;467 037;7 706 111;0.00%
19/09/2024;17;17;17;17;115 890;1 970 130;0.00%
20/09/2024;17;17;17;17;26 070;443 190;0.00%
23/09/2024;17;17;17;17;531 416;9 034 072;0.00%
24/09/2024;16;17;17;16;321 467;5 304 206;-5.88%
25/09/2024;17;17;17;17;51 815;880 855;6.25%
26/09/2024;17;17;17;17;94 324;1 603 508;0.00%
27/09/2024;17;16;17;16;321 841;5 310 377;0.00%
30/09/2024;16;16;16;16;193 868;3 101 888;-5.88%
01/10/2024;17;16;17;16;1 349 946;22 274 109;6.25%
02/10/2024;17;17;17;17;113 201;1 924 417;0.00%
03/10/2024;17;17;17;17;28 142;478 414;0.00%
04/10/2024;16;16;16;16;777 579;12 441 264;-5.88%
07/10/2024;17;16;17;16;197 848;3 264 492;6.25%
08/10/2024;17;17;17;17;60 127;1 022 159;0.00%
09/10/2024;17;17;17;17;37 177;632 009;0.00%
10/10/2024;17;16;17;16;600 164;9 902 706;0.00%
11/10/2024;17;16;17;16;594 015;9 801 248;0.00%
14/10/2024;16;17;17;16;89 533;1 477 295;-5.88%
15/10/2024;16;15;16;15;685 590;10 626 645;0.00%
16/10/2024;16;15;16;15;401 912;6 229 636;0.00%
17/10/2024;16;16;16;16;87 387;1 398 192;0.00%
18/10/2024;16;16;16;16;91 992;1 471 872;0.00%
21/10/2024;16;16;16;16;557 728;8 923 648;0.00%
22/10/2024;16;16;16;16;232 026;3 712 416;0.00%
23/10/2024;16;16;16;16;238 652;3 818 432;0.00%
24/10/2024;16;16;16;16;61 305;980 880;0.00%
25/10/2024;16;16;16;16;142 470;2 279 520;0.00%
28/10/2024;16;15;16;15;1 569 083;24 320 787;0.00%
29/10/2024;16;16;16;16;1 373 835;21 981 360;0.00%
30/10/2024;16;16;16;16;62 231;995 696;0.00%
31/10/2024;16;16;16;16;12 063;193 008;0.00%
01/11/2024;16;16;16;16;12 063;193 008;0.00%
04/11/2024;16;15;16;15;401 272;6 219 716;0.00%
05/11/2024;16;16;16;16;187 958;3 007 328;0.00%
06/11/2024;16;16;16;16;43 929;702 864;0.00%
07/11/2024;16;15;16;15;1 014 107;15 718 659;0.00%
08/11/2024;16;16;16;16;468 395;7 494 320;0.00%
11/11/2024;16;16;16;16;38 537;616 592;0.00%
12/11/2024;15;16;16;15;315 383;4 888 437;-6.25%
13/11/2024;16;16;16;16;101 013;1 616 208;6.67%
14/11/2024;15;16;16;15;243 305;3 771 228;-6.25%
15/11/2024;15;16;16;15;243 305;3 771 228;0.00%
18/11/2024;16;16;16;16;1 562 154;24 994 464;6.67%
19/11/2024;16;16;16;16;131 601;2 105 616;0.00%
20/11/2024;16;16;16;16;33 574;537 184;0.00%
21/11/2024;16;16;16;16;72 225;1 155 600;0.00%
22/11/2024;16;16;16;16;46 513;744 208;0.00%
25/11/2024;16;16;16;16;104 807;1 676 912;0.00%
26/11/2024;16;16;16;16;11 087;177 392;0.00%
27/11/2024;16;15;16;15;76 836;1 190 958;0.00%
28/11/2024;16;16;16;16;132 006;2 112 096;0.00%
29/11/2024;16;16;16;16;40 065;641 040;0.00%
02/12/2024;16;16;16;16;36 700;587 200;0.00%
03/12/2024;16;16;16;16;51 955;831 280;0.00%
04/12/2024;16;16;16;16;17 064;273 024;0.00%
05/12/2024;16;15;16;15;24 012;372 186;0.00%
06/12/2024;16;16;16;16;105 537;1 688 592;0.00%
09/12/2024;16;15;16;15;15 118;234 329;0.00%
10/12/2024;16;16;16;16;4 166 937;66 670 992;0.00%
11/12/2024;16;16;16;16;30 403;486 448;0.00%
12/12/2024;16;16;16;16;226 368;3 621 888;0.00%
13/12/2024;16;15;16;15;601 132;9 317 546;0.00%
16/12/2024;16;16;16;16;52 062;832 992;0.00%
17/12/2024;16;16;16;16;55 053;880 848;0.00%
18/12/2024;16;16;16;16;70 389;1 126 224;0.00%
19/12/2024;16;16;16;16;81 501;1 304 016;0.00%
20/12/2024;16;16;16;16;20 221;323 536;0.00%
23/12/2024;16;16;16;16;38 757;620 112;0.00%
24/12/2024;16;16;16;16;36 629;586 064;0.00%
25/12/2024;16;16;16;16;36 629;586 064;0.00%
26/12/2024;16;16;16;16;504 739;8 075 824;0.00%
27/12/2024;16;16;16;16;65 776;1 052 416;0.00%
30/12/2024;16;16;16;16;544 106;8 705 696;0.00%
31/12/2024;16;16;16;16;519 956;8 319 296;0.00%
01/01/2025;16;16;16;16;519 956;8 319 296;0.00%
02/01/2025;16;16;16;16;13 321;213 136;0.00%
03/01/2025;16;16;16;16;46 477;743 632;0.00%
06/01/2025;16;16;16;16;243 412;3 894 592;0.00%
07/01/2025;15;15;15;15;1 829 353;27 440 295;-6.25%
08/01/2025;16;15;16;15;2 291 313;35 515 352;6.67%
09/01/2025;16;16;16;16;103 093;1 649 488;0.00%
10/01/2025;16;16;16;16;48 447;775 152;0.00%
13/01/2025;16;15;16;15;40 696;630 788;0.00%
14/01/2025;16;16;16;16;16 674;266 784;0.00%
15/01/2025;16;16;16;16;317 844;5 085 504;0.00%
16/01/2025;16;15;16;15;20 629;319 750;0.00%
17/01/2025;16;15;16;15;61 033;946 012;0.00%
20/01/2025;16;16;16;16;22 815;365 040;0.00%
21/01/2025;16;16;16;16;77 753;1 244 048;0.00%
22/01/2025;16;15;16;15;244 053;3 782 822;0.00%
23/01/2025;16;16;16;16;736 389;11 782 224;0.00%
24/01/2025;16;15;16;15;168 769;2 615 920;0.00%
27/01/2025;15;16;16;15;129 522;2 007 591;-6.25%
28/01/2025;16;15;16;15;116 125;1 799 938;6.67%
29/01/2025;16;15;16;15;1 900 990;29 465 345;0.00%
30/01/2025;15;16;16;15;145 277;2 251 794;-6.25%
31/01/2025;15;15;15;15;404 642;6 069 630;0.00%
03/02/2025;15;16;16;15;165 882;2 571 171;0.00%
04/02/2025;16;15;16;15;144 581;2 241 006;6.67%
05/02/2025;16;16;16;16;120 443;1 927 088;0.00%
06/02/2025;15;16;16;15;1 249 004;19 359 562;-6.25%
07/02/2025;15;16;16;15;1 528 698;23 694 819;0.00%
10/02/2025;15;15;15;15;457 592;6 863 880;0.00%
11/02/2025;16;15;16;15;167 798;2 600 869;6.67%
12/02/2025;16;16;16;16;67 218;1 075 488;0.00%
13/02/2025;15;16;16;15;1 301 644;20 175 482;-6.25%
14/02/2025;15;16;16;15;1 889 777;29 291 544;0.00%
17/02/2025;16;16;16;16;44 954;719 264;6.67%
18/02/2025;16;15;16;15;374 613;5 806 502;0.00%
19/02/2025;15;16;16;15;54 344;842 332;-6.25%
20/02/2025;16;15;16;15;1 127 237;17 472 174;6.67%
21/02/2025;16;15;16;15;112 048;1 736 744;0.00%
24/02/2025;16;16;16;16;227 242;3 635 872;0.00%
25/02/2025;16;15;16;15;67 494;1 046 157;0.00%
26/02/2025;16;16;16;16;137 690;2 203 040;0.00%
28/02/2025;16;15;16;15;19 081;295 756;0.00%
03/03/2025;15;16;16;15;1 950 225;30 228 488;-6.25%
04/03/2025;16;15;16;15;66 063;1 023 977;6.67%
05/03/2025;16;16;16;16;1 530 686;24 490 976;0.00%
06/03/2025;16;16;16;16;363 720;5 819 520;0.00%
07/03/2025;15;16;16;15;43 435;673 243;-6.25%
10/03/2025;16;15;16;15;1 221 760;18 937 280;6.67%
11/03/2025;16;16;16;16;1 122 147;17 954 352;0.00%
12/03/2025;16;16;16;16;106 841;1 709 456;0.00%
13/03/2025;16;15;16;15;1 037 724;16 084 722;0.00%
14/03/2025;16;16;16;16;539 702;8 635 232;0.00%
17/03/2025;16;15;16;15;12 408 019;192 324 295;0.00%
18/03/2025;15;16;16;15;27 476;425 878;-6.25%
19/03/2025;16;16;16;16;2 316 288;37 060 608;6.67%
20/03/2025;15;16;16;15;1 030 064;15 965 992;-6.25%
21/03/2025;16;15;16;15;823 605;12 765 878;6.67%
24/03/2025;15;16;16;15;1 073 157;16 633 934;-6.25%
25/03/2025;16;15;16;15;322 993;5 006 392;6.67%
26/03/2025;16;16;16;16;320 748;5 131 968;0.00%
27/03/2025;16;16;16;16;320 748;5 131 968;0.00%
28/03/2025;16;16;16;16;2 811 539;44 984 624;0.00%
31/03/2025;16;16;16;16;2 811 539;44 984 624;0.00%
01/04/2025;15;15;15;15;1 302 102;19 531 530;-6.25%
02/04/2025;15;14;15;14;3 417 692;49 556 534;0.00%
03/04/2025;15;15;15;15;466 446;6 996 690;0.00%
04/04/2025;15;15;15;15;115 601;1 734 015;0.00%
07/04/2025;15;15;15;15;352 297;5 284 455;0.00%
08/04/2025;15;14;15;14;156 409;2 267 931;0.00%
09/04/2025;15;15;15;15;612 812;9 192 180;0.00%
10/04/2025;15;14;15;14;111 419;1 615 576;0.00%
11/04/2025;14;15;15;14;179 720;2 605 940;-6.67%
14/04/2025;15;14;15;14;285 840;4 144 680;7.14%
15/04/2025;15;15;15;15;79 079;1 186 185;0.00%
16/04/2025;14;15;15;14;49 778;721 781;-6.67%
17/04/2025;15;15;15;15;153 475;2 302 125;7.14%
18/04/2025;15;15;15;15;32 944;494 160;0.00%
21/04/2025;15;15;15;15;32 944;494 160;0.00%
22/04/2025;15;15;15;15;158 370;2 375 550;0.00%
23/04/2025;15;16;16;15;272 890;4 229 795;0.00%
24/04/2025;16;15;16;15;277 636;4 303 358;6.67%
25/04/2025;16;16;16;16;44 673;714 768;0.00%
28/04/2025;16;15;16;15;46 279;717 325;0.00%
29/04/2025;15;16;16;15;59 076;915 678;-6.25%
30/04/2025;16;16;16;16;14 038;224 608;6.67%
01/05/2025;16;16;16;16;14 038;224 608;0.00%
02/05/2025;16;15;16;15;68 578;1 062 959;0.00%
05/05/2025;15;16;16;15;71 284;1 104 902;-6.25%
06/05/2025;16;15;16;15;91 891;1 424 311;6.67%
07/05/2025;16;16;16;16;30 717;491 472;0.00%
08/05/2025;16;16;16;16;431 426;6 902 816;0.00%
09/05/2025;16;16;16;16;32 890;526 240;0.00%
12/05/2025;16;16;16;16;41 535;664 560;0.00%
13/05/2025;15;16;16;15;176 753;2 739 672;-6.25%
14/05/2025;16;16;16;16;43 394;694 304;6.67%
15/05/2025;16;15;16;15;175 992;2 727 876;0.00%
16/05/2025;16;16;16;16;156 296;2 500 736;0.00%
19/05/2025;16;16;16;16;130 647;2 090 352;0.00%
20/05/2025;16;15;16;15;760 393;11 786 092;0.00%
21/05/2025;15;15;15;15;489 044;7 335 660;-6.25%
22/05/2025;16;16;16;16;2 447 534;39 160 544;6.67%
23/05/2025;17;16;17;16;1 542 311;25 448 132;6.25%
26/05/2025;17;16;17;16;6 082 488;100 361 052;0.00%
27/05/2025;18;17;18;17;6 613 099;115 729 233;5.88%
28/05/2025;17;18;18;17;194 132;3 397 310;-5.56%
29/05/2025;17;18;18;17;194 132;3 397 310;0.00%
30/05/2025;18;16;18;16;4 505 872;76 599 824;5.88%
02/06/2025;18;18;18;18;718 728;12 937 104;0.00%
03/06/2025;18;18;18;18;456 618;8 219 124;0.00%
04/06/2025;18;18;18;18;1 980 405;35 647 290;0.00%
05/06/2025;18;18;18;18;28 286;509 148;0.00%
10/06/2025;18;18;18;18;269 566;4 852 188;0.00%
11/06/2025;17;17;17;17;613 388;10 427 596;-5.56%
12/06/2025;17;17;17;17;224 817;3 821 889;0.00%
13/06/2025;18;17;18;17;172 158;3 012 765;5.88%
16/06/2025;17;18;18;17;424 534;7 429 345;-5.56%
17/06/2025;18;18;18;18;620 498;11 168 964;5.88%
18/06/2025;17;18;18;17;56 871;995 243;-5.56%
19/06/2025;18;18;18;18;397 630;7 157 340;5.88%
20/06/2025;18;18;18;18;1 230 672;22 152 096;0.00%
23/06/2025;18;18;18;18;882 856;15 891 408;0.00%
24/06/2025;18;18;18;18;1 291 453;23 246 154;0.00%
25/06/2025;18;18;18;18;448 866;8 079 588;0.00%
26/06/2025;18;18;18;18;46 136;830 448;0.00%
27/06/2025;17;18;18;17;115 302;2 017 785;-5.56%
30/06/2025;18;17;18;17;651 356;11 398 730;5.88%
01/07/2025;18;17;18;17;215 899;3 778 233;0.00%
02/07/2025;17;18;18;17;496 571;8 689 993;-5.56%
03/07/2025;17;17;17;17;244 398;4 154 766;0.00%
04/07/2025;17;17;17;17;112 282;1 908 794;0.00%
07/07/2025;17;17;17;17;95 681;1 626 577;0.00%
08/07/2025;17;16;17;16;129 946;2 144 109;0.00%
09/07/2025;16;16;16;16;52 859;845 744;-5.88%
10/07/2025;16;17;17;16;71 431;1 178 612;0.00%
11/07/2025;16;17;17;16;38 063;628 040;0.00%
14/07/2025;16;17;17;16;4 708 900;77 696 850;0.00%
15/07/2025;16;16;16;16;95 409;1 526 544;0.00%
16/07/2025;17;17;17;17;41 860;711 620;6.25%
17/07/2025;16;17;17;16;1 185 254;19 556 691;-5.88%
18/07/2025;16;16;16;16;167 270;2 676 320;0.00%
21/07/2025;17;17;17;17;102 873;1 748 841;6.25%
22/07/2025;16;17;17;16;1 000 833;16 513 745;-5.88%
23/07/2025;16;16;16;16;293 197;4 691 152;0.00%
24/07/2025;16;16;16;16;231 265;3 700 240;0.00%
25/07/2025;16;16;16;16;37 714;603 424;0.00%
28/07/2025;16;15;16;15;144 696;2 242 788;0.00%
29/07/2025;16;16;16;16;11 322 613;181 161 808;0.00%
30/07/2025;16;16;16;16;4 081 682;65 306 912;0.00%
31/07/2025;16;16;16;16;635 808;10 172 928;0.00%
01/08/2025;16;16;16;16;1 347 110;21 553 760;0.00%
04/08/2025;16;16;16;16;1 025 858;16 413 728;0.00%
05/08/2025;15;16;16;15;1 246 774;19 324 997;-6.25%
06/08/2025;16;16;16;16;590 441;9 447 056;6.67%
07/08/2025;16;16;16;16;590 441;9 447 056;0.00%
08/08/2025;16;16;16;16;558 374;8 933 984;0.00%
11/08/2025;15;16;16;15;1 372 889;21 279 780;-6.25%
12/08/2025;16;16;16;16;622 385;9 958 160;6.67%
13/08/2025;17;17;17;17;177 363;3 015 171;6.25%
14/08/2025;16;17;17;16;401 036;6 617 094;-5.88%
15/08/2025;16;17;17;16;401 036;6 617 094;0.00%
18/08/2025;17;16;17;16;217 165;3 583 223;6.25%
19/08/2025;17;17;17;17;425 720;7 237 240;0.00%
20/08/2025;17;17;17;17;392 053;6 664 901;0.00%
21/08/2025;17;17;17;17;2 463 521;41 879 857;0.00%
22/08/2025;17;17;17;17;956 072;16 253 224;0.00%
25/08/2025;16;16;16;16;340 701;5 451 216;-5.88%
26/08/2025;17;16;17;16;765 264;12 626 856;6.25%
27/08/2025;17;17;17;17;651 367;11 073 239;0.00%
28/08/2025;17;17;17;17;205 082;3 486 394;0.00%
29/08/2025;17;17;17;17;52 894;899 198;0.00%
01/09/2025;16;17;17;16;816 690;13 475 385;-5.88%
02/09/2025;17;17;17;17;298 372;5 072 324;6.25%
03/09/2025;17;16;17;16;64 702;1 067 583;0.00%
04/09/2025;17;16;17;16;64 702;1 067 583;0.00%
05/09/2025;17;17;17;17;466 229;7 925 893;0.00%
08/09/2025;17;17;17;17;333 892;5 676 164;0.00%
09/09/2025;17;17;17;17;302 765;5 147 005;0.00%
10/09/2025;18;17;18;17;295 896;5 178 180;5.88%
11/09/2025;18;18;18;18;102 368;1 842 624;0.00%
12/09/2025;17;17;17;17;222 046;3 774 782;-5.56%
15/09/2025;18;17;18;17;681 854;11 932 445;5.88%
16/09/2025;18;18;18;18;342 046;6 156 828;0.00%
17/09/2025;17;18;18;17;337 084;5 898 970;-5.56%
18/09/2025;18;17;18;17;430 501;7 533 768;5.88%
19/09/2025;18;18;18;18;432 734;7 789 212;0.00%
22/09/2025;18;18;18;18;446 574;8 038 332;0.00%
23/09/2025;18;18;18;18;90 580;1 630 440;0.00%
24/09/2025;18;18;18;18;194 589;3 502 602;0.00%
25/09/2025;18;17;18;17;422 577;7 395 098;0.00%
26/09/2025;18;18;18;18;122 414;2 203 452;0.00%
29/09/2025;18;18;18;18;1 358 720;24 456 960;0.00%
30/09/2025;18;18;18;18;433 575;7 804 350;0.00%
01/10/2025;18;17;18;17;98 101;1 716 768;0.00%
02/10/2025;18;18;18;18;115 698;2 082 564;0.00%
03/10/2025;18;18;18;18;2 046 220;36 831 960;0.00%
06/10/2025;19;18;19;18;1 770 738;32 758 653;5.56%
07/10/2025;19;19;19;19;1 060 851;20 156 169;0.00%
08/10/2025;19;19;19;19;630 643;11 982 217;0.00%
09/10/2025;20;19;20;19;575 066;11 213 787;5.26%
10/10/2025;19;20;20;19;399 871;7 797 485;-5.00%
13/10/2025;19;19;19;19;466 897;8 871 043;0.00%
14/10/2025;20;19;20;19;605 912;11 815 284;5.26%
15/10/2025;20;20;20;20;1 695 260;33 905 200;0.00%
16/10/2025;20;20;20;20;10 001 512;200 030 240;0.00%
17/10/2025;21;20;21;20;895 923;18 366 422;5.00%
20/10/2025;21;21;21;21;683 492;14 353 332;0.00%
21/10/2025;21;21;21;21;3 682 889;77 340 669;0.00%
22/10/2025;21;21;21;21;525 149;11 028 129;0.00%
23/10/2025;21;21;21;21;924 975;19 424 475;0.00%
24/10/2025;22;21;22;21;524 726;11 281 609;4.76%
27/10/2025;22;22;22;22;376 391;8 280 602;0.00%
28/10/2025;21;22;22;21;3 832 459;82 397 869;-4.55%
29/10/2025;22;22;22;22;1 593 999;35 067 978;4.76%
30/10/2025;22;22;22;22;519 076;11 419 672;0.00%
31/10/2025;22;22;22;22;656 938;14 452 636;0.00%
03/11/2025;22;22;22;22;441 472;9 712 384;0.00%
04/11/2025;23;22;23;22;973 591;21 905 798;4.55%
05/11/2025;23;23;23;23;2 431 763;55 930 549;0.00%
06/11/2025;24;23;24;23;282 339;6 634 967;4.35%
07/11/2025;24;24;24;24;-;0;0.00%
10/11/2025;23;24;24;23;465 551;10 940 449;-4.17%
11/11/2025;23;23;23;23;437 158;10 054 634;0.00%
12/11/2025;23;23;23;23;1 204 339;27 699 797;0.00%
13/11/2025;22;23;23;22;448 393;10 088 843;-4.35%
14/11/2025;22;22;22;22;199 429;4 387 438;0.00%
17/11/2025;23;23;23;23;137 594;3 164 662;4.55%
18/11/2025;24;23;24;23;295 409;6 942 112;4.35%
19/11/2025;24;24;24;24;149 463;3 587 112;0.00%
20/11/2025;24;24;24;24;138 118;3 314 832;0.00%
21/11/2025;24;23;24;23;946 885;22 251 798;0.00%
24/11/2025;24;23;24;23;223 304;5 247 644;0.00%
25/11/2025;23;23;23;23;1 959 815;45 075 745;-4.17%
26/11/2025;23;22;23;22;844 219;18 994 928;0.00%
27/11/2025;23;23;23;23;184 136;4 235 128;0.00%
28/11/2025;23;22;23;22;3 261 595;73 385 888;0.00%
01/12/2025;22;22;22;22;302 285;6 650 270;-4.35%
02/12/2025;22;22;22;22;331 122;7 284 684;0.00%
03/12/2025;22;22;22;22;144 387;3 176 514;0.00%
04/12/2025;22;22;22;22;178 564;3 928 408;0.00%
05/12/2025;22;22;22;22;1 663 324;36 593 128;0.00%
08/12/2025;22;22;22;22;259 204;5 702 488;0.00%
09/12/2025;21;22;22;21;184 078;3 957 677;-4.55%
10/12/2025;21;21;21;21;2 034 257;42 719 397;0.00%
11/12/2025;22;21;22;21;119 573;2 570 820;4.76%
12/12/2025;22;22;22;22;246 169;5 415 718;0.00%
15/12/2025;22;22;22;22;679 321;14 945 062;0.00%
16/12/2025;23;22;23;22;189 913;4 273 043;4.55%
17/12/2025;23;23;23;23;86 637;1 992 651;0.00%
18/12/2025;23;22;23;22;124 009;2 790 203;0.00%
19/12/2025;23;23;23;23;98 865;2 273 895;0.00%
22/12/2025;23;23;23;23;289 142;6 650 266;0.00%
23/12/2025;23;23;23;23;177 638;4 085 674;0.00%
24/12/2025;23;23;23;23;37 949;872 827;0.00%
25/12/2025;23;23;23;23;37 949;872 827;0.00%
26/12/2025;22;23;23;22;154 254;3 470 715;-4.35%
29/12/2025;23;22;23;22;436 722;9 826 245;4.55%
30/12/2025;23;23;23;23;284 598;6 545 754;0.00%
31/12/2025;23;23;23;23;102 648;2 360 904;0.00%
01/01/2026;23;23;23;23;102 648;2 360 904;0.00%
02/01/2026;23;23;23;23;89 496;2 058 408;0.00%
05/01/2026;22;23;23;22;600 533;13 511 993;-4.35%
06/01/2026;22;22;22;22;273 645;6 020 190;0.00%
07/01/2026;22;22;22;22;209 123;4 600 706;0.00%
08/01/2026;23;22;23;22;67 681;1 522 823;4.55%
09/01/2026;22;23;23;22;251 493;5 658 593;-4.35%
12/01/2026;22;23;23;22;134 028;3 015 630;0.00%
13/01/2026;23;22;23;22;180 741;4 066 673;4.55%
14/01/2026;22;23;23;22;99 777;2 244 983;-4.35%
15/01/2026;23;22;23;22;447 179;10 061 528;4.55%
16/01/2026;23;23;23;23;276 865;6 367 895;0.00%
19/01/2026;22;23;23;22;409 888;9 222 480;-4.35%
20/01/2026;23;23;23;23;248 961;5 726 103;4.55%
21/01/2026;22;23;23;22;1 315 805;29 605 613;-4.35%
22/01/2026;23;23;23;23;7 433 179;170 963 117;4.55%
23/01/2026;24;24;24;24;2 092 853;50 228 472;4.35%
26/01/2026;23;24;24;23;669 539;15 734 167;-4.17%
27/01/2026;23;24;24;23;434 124;10 201 914;0.00%
28/01/2026;24;24;24;24;344 535;8 268 840;4.35%
29/01/2026;23;24;24;23;3 382 131;79 480 079;-4.17%
30/01/2026;24;24;24;24;9 748 199;233 956 776;4.35%
02/02/2026;24;24;24;24;2 935 897;70 461 528;0.00%
03/02/2026;23;24;24;23;1 689 443;39 701 911;-4.17%
04/02/2026;24;24;24;24;393 399;9 441 576;4,35%
05/02/2026;24;24;25;25;3 011 442;72 274 608;0,00%
06/02/2026;24;24;24;24;735 876;17 661 024;0,00%
09/02/2026;25;24;25;24;4 018 645;98 456 803;4.17%
10/02/2026;25;25;25;25;4 966 487;124 162 175;0.00%
11/02/2026;26;26;26;26;3 437 607;89 377 782;4.00%
12/02/2026;27;27;27;27;1 343 183;36 265 941;3.85%
13/02/2026;29;28;29;28;1 594 093;46 228 697;7,41%
16/02/2026;31;30;31;30;5 316 440;164 809 640;6,90%
17/02/2026;33;33;33;33;5 509 378;181 809 474;6,45%
18/02/2026;34;33;34;33;5 056 684;171 927 256;3,03%
19/02/2026;33;34;34;33;1 581 095;52 966 683;-2.94%
20/02/2026;34;34;34;34;2 662 254;90 516 636;3,03%
23/02/2026;32;32;34;34;1 623 156;51 940 992;-5,88%
24/02/2026;32;32;33;33;1 965 223;62 887 136;0,00%
25/02/2026;31;32;32;31;1 991 556;62 734 014;-3.13%
26/02/2026;31;31;31;31;2 199 196;68 175 076;0,00%
27/02/2026;31;31;31;31;2 049 372;63 530 532;0.00%
02/03/2026;32;31;32;31;1 927 931;61 693 792;3,23%
03/03/2026;33;32;33;32;1 094 044;35 556 430;3.13%
04/03/2026;31;33;33;31;229 685;7 349 920;-6.06%
05/03/2026;32;32;32;32;1 255 765;40 184 480;3.23%
06/03/2026;32;32;32;32;576 600;18 451 200;0,00%
09/03/2026;32;32;32;32;954 853;30 555 296;0,00%
10/03/2026;32;32;32;32;538 111;17 219 552;0,00%
11/03/2026;32;31;32;31;1 462 181;46 789 792;0,00%
12/03/2026;32;32;32;32;956 923;30 621 536;0,00%
13/03/2026;32;32;32;32;880 922;28 189 504;0,00%
16/03/2026;32;32;32;32;880 922;28 189 504;0,00%
17/03/2026;32;32;32;32;460 741;14 743 712;0,00%
18/03/2026;32;32;32;32;582 860;18 651 520;0.00%
19/03/2026;32;32;32;32;2 468 429;78 989 728;0.00%
20/03/2026;32;32;32;32;2 468 429;78 989 728;0,00%
23/03/2026;32;32;32;32;978 577;31 314 464;0.00%
24/03/2026;32;32;32;32;316 858;10 139 456;0,00%
25/03/2026;32;32;32;32;477 023;15 264 736;0,00%
26/03/2026;32;32;32;32;284 362;9 099 584;0.00%
27/03/2026;32;32;32;32;1 903 336;60 906 752;0.00%
30/03/2026;32;32;32;32;616 672;19 733 504;0.00%
31/03/2026;33;32;33;32;372 810;12 302 730;3,13%
01/04/2026;33;33;33;33;320 243;10 568 019;0,00%
02/04/2026;33;33;33;33;206 064;6 800 112;0,00%
03/04/2026;34;33;34;33;278 356;9 464 104;3,03%
06/04/2026;34;33;34;33;278 356;9 464 104;0,00%
07/04/2026;34;34;34;34;806 618;27 425 012;0,00%
08/04/2026;34;34;34;34;245 729;8 354 786;0.00%
09/04/2026;34;34;34;34;360 718;12 264 412;0.00%
10/04/2026;34;34;34;34;756 768;25 730 112;0,00%
13/04/2026;34;34;34;34;382 722;13 012 548;0,00%
14/04/2026;32;32;32;32;1 179 604;37 747 328;-5,88%
15/04/2026;30;30;30;30;1 169 560;35 086 800;-6,25%
16/04/2026;28;28;28;28;2 353 342;65 893 576;-6.67%
17/04/2026;26;26;26;26;3 753 668;97 595 368;-7.14%
20/04/2026;27;25;27;25;2 798 037;72 748 962;3.85%
21/04/2026;29;29;29;29;418 463;12 135 427;7.41%
22/04/2026;30;29;30;29;1 328 064;39 841 920;3,45%
23/04/2026;30;30;30;30;1 070 454;32 113 620;0,00%
24/04/2026;29;29;30;30;1 018 483;29 536 007;-3,33%
27/04/2026;29;29;29;29;356 903;10 350 187;0,00%
28/04/2026;29;29;29;29;606 172;17 578 988;0.00%
29/04/2026;29;29;29;29;350 980;10 178 420;0,00%
30/04/2026;29;29;30;30;329 063;9 542 827;0,00%
01/05/2026;29;29;30;30;329 063;9 542 827;0,00%
04/05/2026;30;29;30;29;537 422;15 853 949;3.45%
05/05/2026;29;30;30;29;985 945;29 085 378;-3.33%
06/05/2026;29;29;29;29;316 849;9 188 621;0.00%
07/05/2026;30;29;30;29;1 737 782;51 264 569;3.45%
08/05/2026;30;29;30;29;535 809;15 806 366;0.00%
11/05/2026;30;28;30;28;1 133 788;32 879 852;0.00%
12/05/2026;30;30;30;30;331 249;9 937 470;0.00%
13/05/2026;30;30;30;30;265 017;7 950 510;0.00%
14/05/2026;30;30;30;30;265 017;7 950 510;0.00%
15/05/2026;29;29;29;29;457 607;13 270 603;-3.33%
18/05/2026;30;29;30;29;926 325;27 326 588;3.45%
19/05/2026;30;29;30;29;212 957;6 282 232;0.00%
20/05/2026;30;30;30;30;345 110;10 353 300;0.00%
21/05/2026;29;29;29;29;813 280;23 585 120;-3.33%
22/05/2026;30;29;30;29;683 100;20 151 450;3.45%
25/05/2026;30;29;30;29;683 100;20 151 450;0.00%
26/05/2026;29;29;29;29;409 392;11 872 368;-3.33%
27/05/2026;29;29;29;29;409 392;11 872 368;0.00%
28/05/2026;30;29;30;29;820 889;24 216 226;3.45%
29/05/2026;30;30;30;30;663 118;19 893 540;0.00%
01/06/2026;30;30;30;30;1 039 312;31 179 360;0.00%
02/06/2026;30;29;30;29;500 579;14 767 081;0.00%
03/06/2026;31;30;31;30;688 847;21 009 834;3.33%
04/06/2026;32;31;32;31;348 888;10 989 972;3.23%
05/06/2026;31;32;32;31;425 356;13 398 714;-3.13%
08/06/2026;33;30;33;30;853 586;26 887 959;6.45%
09/06/2026;33;31;33;31;552 955;17 694 560;0.00%
10/06/2026;32;32;32;32;529 090;16 930 880;-3.03%
11/06/2026;33;32;33;32;658 868;21 413 210;3.13%
12/06/2026;32;33;33;32;411 535;13 374 888;-3.03%
15/06/2026;32;32;32;32;300 778;9 624 896;0.00%
16/06/2026;33;32;33;32;184 865;6 008 113;3.13%
17/06/2026;32;33;33;32;685 244;22 270 430;-3.03%
18/06/2026;34;32;34;32;1 284 180;42 377 940;6.25%
19/06/2026;34;34;34;34;1 123 589;38 202 026;0.00%
22/06/2026;35;35;35;35;3 722 814;130 298 490;2.94%
23/06/2026;35;35;35;35;1 721 065;60 237 275;0.00%
24/06/2026;37;36;37;36;1 425 329;52 024 509;5.71%
25/06/2026;37;38;38;37;1 080 462;40 517 325;0.00%
26/06/2026;37;38;38;37;1 590 444;59 641 650;0.00%
29/06/2026;38;37;38;37;1 188 403;44 565 113;2.70%
30/06/2026;40;38;40;38;1 076 706;41 991 534;5.26%
01/07/2026;43;40;43;40;803 964;33 364 506;7.50%
02/07/2026;46;46;46;46;5 631 591;259 053 186;6.98%
03/07/2026;47;47;47;47;3 915 461;184 026 667;2.17%
06/07/2026;50;50;50;50;1 031 650;51 582 500;6.38%
07/07/2026;53;53;53;53;2 675 346;141 793 338;6.00%
08/07/2026;56;56;56;56;3 366 385;188 517 560;5.66%
09/07/2026;60;60;60;60;1 553 051;93 183 060;7.14%
10/07/2026;64;64;64;64;4 615 129;295 368 256;6.67%
13/07/2026;68;68;68;68;2 320 837;157 816 916;6.25%
14/07/2026;73;73;73;73;2 012 124;146 885 052;7.35%
15/07/2026;78;78;78;78;1 871 864;146 005 392;6.85%
16/07/2026;73;83;83;73;7 610 825;593 644 350;-6.41%
17/07/2026;68;68;68;68;1 662 045;113 019 060;-6.85%
20/07/2026;63;63;63;63;2 070 178;130 421 214;-7.35%
21/07/2026;66;59;66;59;7 577 297;473 581 063;4.76%
22/07/2026;70;70;70;70;1 042 412;72 968 840;6.06%
23/07/2026;75;70;75;70;3 805 473;275 896 793;7.14%
24/07/2026;73;75;75;73;2 162 532;160 027 368;-2.67%
27/07/2026;74;73;74;73;802 471;58 981 619;1.37%
28/07/2026;69;74;74;69;1 813 321;129 652 452;-6.76%
29/07/2026;64;64;64;64;2 659 250;170 192 000;-7.25%
30/07/2026;68;62;68;62;1 520 546;98 835 490;6.25%
31/07/2026;66;73;73;66;2 817 309;195 802 976;-2.94%
03/08/2026;69;70;70;69;836 211;58 116 665;4.55%
04/08/2026;64;69;69;64;2 726 990;181 344 835;-7.25%
05/08/2026;64;61;64;61;1 365 222;85 326 375;0.00%
06/08/2026;65;64;65;64;428 618;27 645 861;1.56%
07/08/2026;65;64;65;64;428 618;27 645 861;0.00%
10/08/2026;67;66;67;66;2 420 394;160 956 201;3.08%
11/08/2026;69;66;69;66;1 587 896;107 182 980;2.99%
12/08/2026;65;64;65;64;2 073 745;133 756 553;-5.80%
13/08/2026;68;68;68;68;1 615 028;109 821 904;4.62%
14/08/2026;68;68;68;68;1 246 051;84 731 468;0.00%
