Date;Clôture;Plus bas;Plus haut;Ouverture;Volume Titres;Volume FCFA;Variation %
27/12/2016;6 771;6 771;6 771;6 771;49;331 779;7.49%
28/12/2016;7 277;7 277;7 277;7 277;5 024;36 559 648;7.47%
29/12/2016;7 822;7 822;7 822;7 822;314;2 456 108;7.49%
30/12/2016;8 408;8 408;8 408;8 408;236;1 984 288;7.49%
02/01/2017;7 778;7 778;7 778;7 778;4 691;36 486 598;-7.49%
03/01/2017;8 361;8 361;8 361;8 361;2 913;24 355 593;7.50%
04/01/2017;8 398;8 398;8 398;8 398;1 397;11 732 006;0.44%
05/01/2017;8 789;8 789;8 789;8 789;2 344;20 601 416;4.66%
06/01/2017;9 375;9 375;9 375;9 375;2 448;22 950 000;6.67%
09/01/2017;9 180;9 180;9 180;9 180;2 321;21 306 780;-2.08%
10/01/2017;8 498;8 498;8 498;8 498;1 072;9 109 856;-7.43%
11/01/2017;9 063;9 063;9 063;9 063;1 476;13 376 988;6.65%
12/01/2017;8 789;8 789;8 789;8 789;801;7 039 989;-3.02%
13/01/2017;9 072;9 072;9 072;9 072;1 856;16 837 632;3.22%
16/01/2017;9 092;9 092;9 092;9 092;3 097;28 157 924;0.22%
17/01/2017;9 180;9 180;9 180;9 180;3 618;33 213 240;0.97%
18/01/2017;9 766;9 766;9 766;9 766;2 782;27 169 012;6.38%
19/01/2017;9 765;9 765;9 765;9 765;1 533;14 969 745;-0.01%
20/01/2017;9 570;9 570;9 570;9 570;718;6 871 260;-2.00%
23/01/2017;9 570;9 570;9 570;9 570;360;3 445 200;0.00%
24/01/2017;9 570;9 570;9 570;9 570;272;2 603 040;0.00%
25/01/2017;9 570;9 570;9 570;9 570;945;9 043 650;0.00%
26/01/2017;9 569;9 569;9 569;9 569;685;6 554 765;-0.01%
27/01/2017;9 668;9 668;9 668;9 668;2 865;27 698 820;1.03%
30/01/2017;9 570;9 570;9 570;9 570;437;4 182 090;-1.01%
31/01/2017;9 766;9 766;9 766;9 766;3 906;38 145 996;2.05%
01/02/2017;9 766;9 766;9 766;9 766;2 718;26 543 988;0.00%
02/02/2017;9 766;9 766;9 766;9 766;3 675;35 890 050;0.00%
03/02/2017;9 746;9 746;9 746;9 746;1 581;15 408 426;-0.20%
06/02/2017;9 766;9 766;9 766;9 766;1 553;15 166 598;0.21%
07/02/2017;9 764;9 764;9 764;9 764;2 190;21 383 160;-0.02%
08/02/2017;9 570;9 570;9 570;9 570;1 450;13 876 500;-1.99%
09/02/2017;9 668;9 668;9 668;9 668;2 668;25 794 224;1.02%
10/02/2017;9 766;9 766;9 766;9 766;3 300;32 227 800;1.01%
13/02/2017;9 570;9 570;9 570;9 570;281;2 689 170;-2.01%
14/02/2017;9 570;9 570;9 570;9 570;599;5 732 430;0.00%
15/02/2017;9 570;9 570;9 570;9 570;253;2 421 210;0.00%
16/02/2017;9 569;9 569;9 569;9 569;307;2 937 683;-0.01%
17/02/2017;9 570;9 570;9 570;9 570;1 153;11 034 210;0.01%
20/02/2017;9 570;9 570;9 570;9 570;2 111;20 202 270;0.00%
21/02/2017;8 984;8 984;8 984;8 984;795;7 142 280;-6.12%
22/02/2017;9 473;9 473;9 473;9 473;1 622;15 365 206;5.44%
23/02/2017;9 570;9 570;9 570;9 570;4 702;44 998 140;1.02%
24/02/2017;10 288;10 288;10 288;10 288;5 421;55 771 248;7.50%
27/02/2017;10 938;10 938;10 938;10 938;5 786;63 287 268;6.32%
28/02/2017;10 938;10 938;10 938;10 938;3 469;37 943 922;0.00%
01/03/2017;11 328;11 328;11 328;11 328;1 057;11 973 696;3.57%
02/03/2017;11 289;11 289;11 289;11 289;601;6 784 689;-0.34%
03/03/2017;11 289;11 289;11 289;11 289;1 392;15 714 288;0.00%
07/03/2017;11 289;11 289;11 289;11 289;2 332;26 325 948;0.00%
08/03/2017;11 230;11 230;11 230;11 230;1 317;14 789 910;-0.52%
09/03/2017;11 229;11 229;11 229;11 229;1 709;19 190 361;-0.01%
10/03/2017;11 230;11 230;11 230;11 230;3 441;38 642 430;0.01%
13/03/2017;11 133;11 133;11 133;11 133;609;6 779 997;-0.86%
14/03/2017;11 133;11 133;11 133;11 133;1 343;14 951 619;0.00%
15/03/2017;11 133;11 133;11 133;11 133;1 465;16 309 845;0.00%
16/03/2017;11 133;11 133;11 133;11 133;1 263;14 060 979;0.00%
17/03/2017;11 133;11 133;11 133;11 133;612;6 813 396;0.00%
20/03/2017;11 133;11 133;11 133;11 133;1 199;13 348 467;0.00%
21/03/2017;11 133;11 133;11 133;11 133;2 126;23 668 758;0.00%
22/03/2017;11 133;11 133;11 133;11 133;1 517;16 888 761;0.00%
23/03/2017;11 133;11 133;11 133;11 133;1 117;12 435 561;0.00%
24/03/2017;11 133;11 133;11 133;11 133;783;8 717 139;0.00%
27/03/2017;11 133;11 133;11 133;11 133;1 644;18 302 652;0.00%
28/03/2017;11 133;11 133;11 133;11 133;357;3 974 481;0.00%
29/03/2017;11 133;11 133;11 133;11 133;669;7 447 977;0.00%
30/03/2017;11 133;11 133;11 133;11 133;1 140;12 691 620;0.00%
31/03/2017;11 133;11 133;11 133;11 133;849;9 451 917;0.00%
03/04/2017;11 133;11 133;11 133;11 133;1 080;12 023 640;0.00%
04/04/2017;11 133;11 133;11 133;11 133;952;10 598 616;0.00%
05/04/2017;11 123;11 123;11 123;11 123;946;10 522 358;-0.09%
06/04/2017;11 113;11 113;11 113;11 113;667;7 412 371;-0.09%
07/04/2017;11 113;11 113;11 113;11 113;906;10 068 378;0.00%
10/04/2017;11 113;11 113;11 113;11 113;1 016;11 290 808;0.00%
11/04/2017;10 742;10 742;10 742;10 742;30;322 260;-3.34%
12/04/2017;9 937;9 937;9 937;9 937;142;1 411 054;-7.49%
13/04/2017;9 766;9 766;9 766;9 766;4 785;46 730 310;-1.72%
14/04/2017;9 766;9 766;9 766;9 766;1 830;17 871 780;0.00%
18/04/2017;9 668;9 668;9 668;9 668;579;5 597 772;-1.00%
19/04/2017;9 668;9 668;9 668;9 668;903;8 730 204;0.00%
20/04/2017;9 668;9 668;9 668;9 668;617;5 965 156;0.00%
21/04/2017;9 668;9 668;9 668;9 668;1 149;11 108 532;0.00%
24/04/2017;9 667;9 667;9 667;9 667;695;6 718 565;-0.01%
25/04/2017;9 667;9 667;9 667;9 667;1 090;10 537 030;0.00%
26/04/2017;9 668;9 668;9 668;9 668;1 145;11 069 860;0.01%
27/04/2017;9 668;9 668;9 668;9 668;493;4 766 324;0.00%
28/04/2017;9 668;9 668;9 668;9 668;743;7 183 324;0.00%
02/05/2017;9 668;9 668;9 668;9 668;769;7 434 692;0.00%
03/05/2017;9 668;9 668;9 668;9 668;645;6 235 860;0.00%
04/05/2017;9 668;9 668;9 668;9 668;1 181;11 417 908;0.00%
05/05/2017;9 717;9 717;9 717;9 717;1 078;10 474 926;0.51%
08/05/2017;9 668;9 668;9 668;9 668;1 781;17 218 708;-0.50%
09/05/2017;9 668;9 668;9 668;9 668;689;6 661 252;0.00%
10/05/2017;9 668;9 668;9 668;9 668;671;6 487 228;0.00%
11/05/2017;9 668;9 668;9 668;9 668;968;9 358 624;0.00%
12/05/2017;9 668;9 668;9 668;9 668;1 518;14 676 024;0.00%
15/05/2017;9 668;9 668;9 668;9 668;227;2 194 636;0.00%
16/05/2017;9 667;9 667;9 667;9 667;536;5 181 512;-0.01%
17/05/2017;9 668;9 668;9 668;9 668;1 209;11 688 612;0.01%
18/05/2017;9 668;9 668;9 668;9 668;800;7 734 400;0.00%
19/05/2017;9 648;9 648;9 648;9 648;230;2 219 040;-0.21%
22/05/2017;9 570;9 570;9 570;9 570;441;4 220 370;-0.81%
23/05/2017;9 570;9 570;9 570;9 570;265;2 536 050;0.00%
24/05/2017;9 570;9 570;9 570;9 570;266;2 545 620;0.00%
26/05/2017;9 570;9 570;9 570;9 570;2 008;19 216 560;0.00%
29/05/2017;9 569;9 569;9 569;9 569;1 260;12 056 940;-0.01%
30/05/2017;9 570;9 570;9 570;9 570;562;5 378 340;0.01%
31/05/2017;9 570;9 570;9 570;9 570;4 647;44 471 790;0.00%
01/06/2017;9 540;9 540;9 540;9 540;728;6 945 120;-0.31%
02/06/2017;9 473;9 473;9 473;9 473;994;9 416 162;-0.70%
07/06/2017;9 375;9 375;9 375;9 375;1 600;15 000 000;0.00%
08/06/2017;9 443;9 443;9 443;9 443;757;7 148 351;0.73%
09/06/2017;9 375;9 375;9 375;9 375;2 082;19 518 750;-0.72%
12/06/2017;9 375;9 375;9 375;9 375;1 691;15 853 125;0.00%
13/06/2017;9 375;9 375;9 375;9 375;1 338;12 543 750;0.00%
14/06/2017;9 375;9 375;9 375;9 375;341;3 196 875;0.00%
15/06/2017;9 375;9 375;9 375;9 375;1 074;10 068 750;0.00%
16/06/2017;9 375;9 375;9 375;9 375;3 512;32 925 000;0.00%
19/06/2017;9 374;9 374;9 374;9 374;624;5 849 376;-0.01%
20/06/2017;9 375;9 375;9 375;9 375;825;7 734 375;0.01%
21/06/2017;9 375;9 375;9 375;9 375;533;4 996 875;0.00%
23/06/2017;9 375;9 375;9 375;9 375;909;8 521 875;0.00%
27/06/2017;9 395;9 395;9 395;9 395;2 270;21 326 650;0.21%
28/06/2017;9 473;9 473;9 473;9 473;1 245;11 793 885;0.83%
29/06/2017;9 570;9 570;9 570;9 570;2 765;26 461 050;1.02%
30/06/2017;9 766;9 766;9 766;9 766;3 414;33 341 124;2.05%
03/07/2017;9 473;9 473;9 473;9 473;1 036;9 814 028;-3.00%
04/07/2017;9 473;9 473;9 473;9 473;2 039;19 315 447;0.00%
05/07/2017;9 570;9 570;9 570;9 570;657;6 287 490;1.02%
06/07/2017;8 854;8 854;8 854;8 854;949;8 402 446;-7.48%
07/07/2017;9 517;9 517;9 517;9 517;1 390;13 228 630;7.49%
10/07/2017;9 570;9 570;9 570;9 570;993;9 503 010;0.56%
11/07/2017;9 766;9 766;9 766;9 766;1 977;19 307 382;2.05%
12/07/2017;9 745;9 745;9 745;9 745;488;4 755 560;-0.22%
13/07/2017;9 473;9 473;9 473;9 473;1 048;9 927 704;-2.79%
14/07/2017;9 492;9 492;9 492;9 492;537;5 097 204;0.20%
17/07/2017;9 473;9 473;9 473;9 473;618;5 854 314;-0.20%
18/07/2017;9 473;9 473;9 473;9 473;876;8 298 348;0.00%
19/07/2017;9 473;9 473;9 473;9 473;673;6 375 329;0.00%
20/07/2017;9 472;9 472;9 472;9 472;756;7 160 832;-0.01%
21/07/2017;9 472;9 472;9 472;9 472;1 260;11 934 720;0.00%
24/07/2017;9 473;9 473;9 473;9 473;975;9 236 175;0.01%
25/07/2017;9 471;9 471;9 471;9 471;1 461;13 837 131;-0.02%
26/07/2017;9 471;9 471;9 471;9 471;1 273;12 056 583;0.00%
27/07/2017;9 473;9 473;9 473;9 473;1 083;10 259 259;0.02%
28/07/2017;9 471;9 471;9 471;9 471;1 216;11 516 736;-0.02%
31/07/2017;9 469;9 469;9 469;9 469;1 408;13 332 352;-0.02%
01/08/2017;9 470;9 470;9 470;9 470;1 113;10 540 110;0.01%
02/08/2017;9 463;9 463;9 463;9 463;1 725;16 323 675;-0.07%
03/08/2017;9 471;9 471;9 471;9 471;1 107;10 484 397;0.08%
04/08/2017;9 471;9 471;9 471;9 471;1 650;15 627 150;0.00%
08/08/2017;9 452;9 452;9 452;9 452;1 595;15 075 940;-0.20%
09/08/2017;9 434;9 434;9 434;9 434;2 508;23 660 472;-0.19%
10/08/2017;9 453;9 453;9 453;9 453;1 017;9 613 701;0.20%
11/08/2017;9 375;9 375;9 375;9 375;217;2 034 375;-0.83%
14/08/2017;9 180;9 180;9 180;9 180;22;201 960;-2.08%
16/08/2017;9 375;9 375;9 375;9 375;1 383;12 965 625;2.12%
17/08/2017;9 434;9 434;9 434;9 434;921;8 688 714;0.63%
18/08/2017;9 433;9 433;9 433;9 433;1 305;12 310 065;-0.01%
21/08/2017;9 453;9 453;9 453;9 453;1 297;12 260 541;0.21%
22/08/2017;9 472;9 472;9 472;9 472;1 508;14 283 776;0.20%
23/08/2017;9 473;9 473;9 473;9 473;2 069;19 599 637;0.01%
24/08/2017;9 472;9 472;9 472;9 472;1 169;11 072 768;-0.01%
25/08/2017;9 453;9 453;9 453;9 453;4 562;43 124 586;-0.20%
28/08/2017;9 453;9 453;9 453;9 453;1 604;15 162 612;0.00%
29/08/2017;9 414;9 414;9 414;9 414;1 219;11 475 666;-0.41%
30/08/2017;9 375;9 375;9 375;9 375;1 000;9 375 000;-0.41%
31/08/2017;9 375;9 375;9 375;9 375;466;4 368 750;0.00%
05/09/2017;9 180;9 180;9 180;9 180;833;7 646 940;-1.03%
06/09/2017;9 004;9 004;9 004;9 004;913;8 220 652;-1.92%
07/09/2017;9 180;9 180;9 180;9 180;387;3 552 660;1.95%
08/09/2017;9 160;9 160;9 160;9 160;225;2 061 000;-0.22%
11/09/2017;9 139;9 139;9 139;9 139;374;3 417 986;-0.23%
12/09/2017;8 983;8 983;8 983;8 983;205;1 841 515;-1.71%
13/09/2017;8 789;8 789;8 789;8 789;609;5 352 501;-2.16%
14/09/2017;8 496;8 496;8 496;8 496;167;1 418 832;-3.33%
15/09/2017;8 397;8 397;8 397;8 397;381;3 199 257;-1.17%
18/09/2017;8 203;8 203;8 203;8 203;157;1 287 871;-2.31%
19/09/2017;8 179;8 179;8 179;8 179;1 265;10 346 435;-0.29%
20/09/2017;8 179;8 179;8 179;8 179;614;5 021 906;0.00%
21/09/2017;8 374;8 374;8 374;8 374;715;5 987 410;2.38%
22/09/2017;8 500;8 500;8 500;8 500;391;3 323 500;1.50%
25/09/2017;8 600;8 600;8 600;8 600;756;6 501 600;1.18%
26/09/2017;9 245;9 245;9 245;9 245;634;5 861 330;7.50%
27/09/2017;9 280;9 280;9 280;9 280;202;1 874 560;0.38%
28/09/2017;9 599;9 599;9 599;9 599;2 439;23 411 961;3.44%
29/09/2017;9 780;9 780;9 780;9 780;3 562;34 836 360;1.89%
02/10/2017;9 600;9 600;9 600;9 600;347;3 331 200;-1.84%
03/10/2017;9 600;9 600;9 600;9 600;1 527;14 659 200;0.00%
04/10/2017;9 600;9 600;9 600;9 600;421;4 041 600;0.00%
05/10/2017;9 480;9 480;9 480;9 480;326;3 090 480;-1.25%
06/10/2017;9 598;9 598;9 598;9 598;197;1 890 806;1.24%
09/10/2017;9 399;9 399;9 399;9 399;277;2 603 523;-2.07%
10/10/2017;9 399;9 399;9 399;9 399;315;2 960 685;0.00%
11/10/2017;9 600;9 600;9 600;9 600;549;5 270 400;2.14%
12/10/2017;9 200;9 200;9 200;9 200;10;92 000;-4.17%
13/10/2017;9 300;9 300;9 300;9 300;129;1 199 700;1.09%
16/10/2017;9 300;9 300;9 300;9 300;192;1 785 600;0.00%
17/10/2017;9 300;9 300;9 300;9 300;85;790 500;0.00%
18/10/2017;9 298;9 298;9 298;9 298;255;2 370 990;-0.02%
19/10/2017;9 260;9 260;9 260;9 260;123;1 138 980;-0.41%
20/10/2017;9 200;9 200;9 200;9 200;1 827;16 808 400;-0.65%
23/10/2017;9 299;9 299;9 299;9 299;100;929 900;1.08%
24/10/2017;9 260;9 260;9 260;9 260;105;972 300;-0.42%
25/10/2017;9 200;9 200;9 200;9 200;246;2 263 200;-0.65%
26/10/2017;9 200;9 200;9 200;9 200;332;3 054 400;0.00%
27/10/2017;9 200;9 200;9 200;9 200;175;1 610 000;0.00%
30/10/2017;9 190;9 190;9 190;9 190;93;854 670;-0.11%
31/10/2017;9 199;9 199;9 199;9 199;201;1 848 999;0.10%
02/11/2017;9 200;9 200;9 200;9 200;154;1 416 800;0.01%
03/11/2017;9 160;9 160;9 160;9 160;420;3 847 200;-0.43%
06/11/2017;9 159;9 159;9 159;9 159;160;1 465 440;-0.01%
07/11/2017;9 000;9 000;9 000;9 000;133;1 197 000;-1.74%
09/11/2017;9 100;9 100;9 100;9 100;364;3 312 400;1.11%
10/11/2017;9 100;9 100;9 100;9 100;557;5 068 700;0.00%
13/11/2017;9 000;9 000;9 000;9 000;119;1 071 000;-1.10%
14/11/2017;9 000;9 000;9 000;9 000;50;450 000;0.00%
16/11/2017;9 000;9 000;9 000;9 000;310;2 790 000;0.00%
17/11/2017;9 000;9 000;9 000;9 000;244;2 196 000;0.00%
20/11/2017;9 000;9 000;9 000;9 000;205;1 845 000;0.00%
21/11/2017;9 000;9 000;9 000;9 000;25;225 000;0.00%
22/11/2017;9 000;9 000;9 000;9 000;306;2 754 000;0.00%
23/11/2017;9 000;9 000;9 000;9 000;338;3 042 000;0.00%
24/11/2017;9 000;9 000;9 000;9 000;82;738 000;0.00%
27/11/2017;9 000;9 000;9 000;9 000;213;1 917 000;0.00%
28/11/2017;9 000;9 000;9 000;9 000;252;2 268 000;0.00%
29/11/2017;9 000;9 000;9 000;9 000;183;1 647 000;0.00%
04/12/2017;9 000;9 000;9 000;9 000;172;1 548 000;0.03%
05/12/2017;8 998;8 998;8 998;8 998;512;4 606 976;-0.02%
06/12/2017;8 998;8 998;8 998;8 998;195;1 754 610;0.00%
07/12/2017;8 997;8 997;8 997;8 997;238;2 141 286;-0.01%
08/12/2017;9 000;9 000;9 000;9 000;140;1 260 000;0.03%
11/12/2017;8 995;8 995;8 995;8 995;355;3 193 225;-0.06%
12/12/2017;8 995;8 995;8 995;8 995;520;4 677 400;0.00%
13/12/2017;9 080;9 080;9 080;9 080;1 839;16 698 120;0.94%
14/12/2017;9 150;9 150;9 150;9 150;155;1 418 250;0.77%
15/12/2017;9 205;9 205;9 205;9 205;352;3 240 160;0.60%
18/12/2017;9 300;9 300;9 300;9 300;373;3 468 900;1.03%
19/12/2017;9 500;9 500;9 500;9 500;3 122;29 659 000;2.15%
20/12/2017;9 200;9 200;9 200;9 200;1 568;14 425 600;-3.16%
21/12/2017;9 400;9 400;9 400;9 400;1 640;15 416 000;2.17%
22/12/2017;9 400;9 400;9 400;9 400;1 430;13 442 000;0.00%
26/12/2017;9 500;9 500;9 500;9 500;2 910;27 645 000;1.06%
27/12/2017;10 000;10 000;10 000;10 000;12 112;121 120 000;5.26%
28/12/2017;10 000;10 000;10 000;10 000;3 403;34 030 000;0.00%
29/12/2017;10 000;10 000;10 000;10 000;9 728;97 280 000;0.00%
02/01/2018;9 500;9 500;9 500;9 500;309;2 935 500;-5.00%
03/01/2018;9 995;9 995;9 995;9 995;1 311;13 103 445;5.21%
04/01/2018;9 750;9 750;9 750;9 750;432;4 212 000;-2.45%
05/01/2018;9 490;9 490;9 490;9 490;632;5 997 680;-2.67%
08/01/2018;9 400;9 400;9 400;9 400;762;7 162 800;-0.95%
09/01/2018;9 400;9 400;9 400;9 400;203;1 908 200;0.00%
10/01/2018;9 200;9 200;9 200;9 200;760;6 992 000;-2.13%
11/01/2018;9 200;9 200;9 200;9 200;1 587;14 600 400;0.00%
12/01/2018;9 250;9 250;9 250;9 250;604;5 587 000;0.54%
15/01/2018;9 200;9 200;9 200;9 200;701;6 449 200;-0.54%
16/01/2018;9 100;9 100;9 100;9 100;294;2 675 400;-1.09%
17/01/2018;9 200;9 200;9 200;9 200;1 043;9 595 600;1.10%
18/01/2018;9 010;9 010;9 010;9 010;736;6 631 360;-2.07%
19/01/2018;9 250;9 250;9 250;9 250;1 138;10 526 500;2.66%
22/01/2018;9 250;9 250;9 250;9 250;425;3 931 250;0.00%
23/01/2018;9 245;9 245;9 245;9 245;179;1 654 855;-0.05%
24/01/2018;9 245;9 245;9 245;9 245;246;2 274 270;0.00%
25/01/2018;9 200;9 200;9 200;9 200;835;7 682 000;-0.49%
26/01/2018;9 100;9 100;9 100;9 100;550;5 005 000;-1.09%
29/01/2018;9 100;9 100;9 100;9 100;963;8 763 300;0.00%
30/01/2018;9 100;9 100;9 100;9 100;993;9 036 300;0.00%
31/01/2018;9 100;9 100;9 100;9 100;1 526;13 886 600;0.00%
01/02/2018;9 100;9 100;9 100;9 100;982;8 936 200;0.00%
02/02/2018;9 100;9 100;9 100;9 100;8 220;74 802 000;0.00%
05/02/2018;9 200;9 200;9 200;9 200;1 490;13 708 000;1.10%
06/02/2018;9 400;9 400;9 400;9 400;6 720;63 168 000;2.17%
07/02/2018;9 350;9 350;9 350;9 350;590;5 516 500;-0.53%
08/02/2018;9 400;9 400;9 400;9 400;1 890;17 766 000;0.53%
09/02/2018;9 400;9 400;9 400;9 400;1 290;12 126 000;0.00%
12/02/2018;9 400;9 400;9 400;9 400;6 930;65 142 000;0.00%
13/02/2018;9 350;9 350;9 350;9 350;1 650;15 427 500;-0.53%
14/02/2018;9 200;9 200;9 200;9 200;5 160;47 472 000;-1.60%
15/02/2018;9 200;9 200;9 200;9 200;1 610;14 812 000;0.00%
16/02/2018;9 200;9 200;9 200;9 200;470;4 324 000;0.00%
19/02/2018;9 100;9 100;9 100;9 100;230;2 093 000;-1.09%
20/02/2018;9 000;9 000;9 000;9 000;2 060;18 540 000;-1.10%
21/02/2018;9 100;9 100;9 100;9 100;660;6 006 000;1.11%
22/02/2018;9 000;9 000;9 000;9 000;710;6 390 000;-1.10%
23/02/2018;9 000;9 000;9 000;9 000;860;7 740 000;0.00%
26/02/2018;9 000;9 000;9 000;9 000;460;4 140 000;0.00%
27/02/2018;9 000;9 000;9 000;9 000;1 080;9 720 000;0.00%
01/03/2018;9 000;9 000;9 000;9 000;130;1 170 000;0.00%
02/03/2018;9 000;9 000;9 000;9 000;1 420;12 780 000;0.00%
05/03/2018;9 000;9 000;9 000;9 000;650;5 850 000;0.00%
06/03/2018;9 000;9 000;9 000;9 000;600;5 400 000;0.00%
07/03/2018;9 000;9 000;9 000;9 000;2 240;20 160 000;0.00%
08/03/2018;9 000;9 000;9 000;9 000;400;3 600 000;0.00%
09/03/2018;9 000;9 000;9 000;9 000;450;4 050 000;0.00%
12/03/2018;9 000;9 000;9 000;9 000;570;5 130 000;0.00%
13/03/2018;9 000;9 000;9 000;9 000;580;5 220 000;0.00%
14/03/2018;9 000;9 000;9 000;9 000;2 310;20 790 000;0.00%
15/03/2018;9 000;9 000;9 000;9 000;1 420;12 780 000;0.00%
16/03/2018;9 000;9 000;9 000;9 000;490;4 410 000;0.00%
19/03/2018;9 000;9 000;9 000;9 000;960;8 640 000;0.00%
20/03/2018;9 000;9 000;9 000;9 000;600;5 400 000;0.00%
21/03/2018;9 000;9 000;9 000;9 000;2 540;22 860 000;0.00%
22/03/2018;8 900;8 900;8 900;8 900;150;1 335 000;-1.11%
23/03/2018;9 000;9 000;9 000;9 000;4 080;36 720 000;1.12%
26/03/2018;9 000;9 000;9 000;9 000;-;0;0.00%
27/03/2018;9 000;9 000;9 000;9 000;770;6 930 000;0.00%
28/03/2018;9 000;9 000;9 000;9 000;430;3 870 000;0.00%
29/03/2018;8 820;8 820;8 820;8 820;1 550;13 671 000;-2.00%
30/03/2018;8 800;8 800;8 800;8 800;3 990;35 112 000;-0.23%
03/04/2018;8 995;8 995;8 995;8 995;2 560;23 027 200;2.22%
04/04/2018;8 995;8 995;8 995;8 995;940;8 455 300;0.00%
05/04/2018;8 995;8 995;8 995;8 995;950;8 545 250;0.00%
06/04/2018;8 995;8 995;8 995;8 995;7 900;71 060 500;0.00%
09/04/2018;9 000;9 000;9 000;9 000;1 380;12 420 000;0.06%
10/04/2018;9 000;9 000;9 000;9 000;1 820;16 380 000;0.00%
11/04/2018;8 995;8 995;8 995;8 995;2 330;20 958 350;-0.06%
12/04/2018;8 995;8 995;8 995;8 995;2 390;21 498 050;0.00%
13/04/2018;9 000;9 000;9 000;9 000;3 120;28 080 000;0.06%
16/04/2018;9 000;9 000;9 000;9 000;1 640;14 760 000;0.00%
17/04/2018;8 995;8 995;8 995;8 995;4 070;36 609 650;-0.06%
18/04/2018;8 990;8 990;8 990;8 990;2 650;23 823 500;-0.06%
19/04/2018;8 900;8 900;8 900;8 900;300;2 670 000;-1.00%
20/04/2018;8 900;8 900;8 900;8 900;480;4 272 000;0.00%
23/04/2018;8 900;8 900;8 900;8 900;1 760;15 664 000;0.00%
24/04/2018;8 900;8 900;8 900;8 900;2 660;23 674 000;0.00%
25/04/2018;8 900;8 900;8 900;8 900;4 800;42 720 000;0.00%
26/04/2018;8 900;8 900;8 900;8 900;1 860;16 554 000;0.00%
27/04/2018;8 800;8 800;8 800;8 800;10;88 000;-1.12%
02/05/2018;8 850;8 850;8 850;8 850;40;354 000;0.57%
03/05/2018;8 800;8 800;8 800;8 800;1 600;14 080 000;-0.56%
04/05/2018;8 800;8 800;8 800;8 800;30;264 000;0.00%
07/05/2018;8 800;8 800;8 800;8 800;790;6 952 000;0.00%
08/05/2018;8 800;8 800;8 800;8 800;1 280;11 264 000;0.00%
09/05/2018;8 800;8 800;8 800;8 800;460;4 048 000;0.00%
11/05/2018;8 800;8 800;8 800;8 800;530;4 664 000;0.00%
14/05/2018;8 800;8 800;8 800;8 800;200;1 760 000;0.00%
15/05/2018;8 800;8 800;8 800;8 800;580;5 104 000;0.00%
16/05/2018;8 795;8 795;8 795;8 795;830;7 299 850;-0.06%
17/05/2018;8 700;8 700;8 700;8 700;720;6 264 000;-1.08%
18/05/2018;8 700;8 700;8 700;8 700;500;4 350 000;0.00%
22/05/2018;8 700;8 700;8 700;8 700;730;6 351 000;0.00%
23/05/2018;8 700;8 700;8 700;8 700;740;6 438 000;0.00%
24/05/2018;8 700;8 700;8 700;8 700;380;3 306 000;0.00%
25/05/2018;8 700;8 700;8 700;8 700;-;0;0.00%
28/05/2018;8 700;8 700;8 700;8 700;460;4 002 000;0.00%
30/05/2018;8 700;8 700;8 700;8 700;1 380;12 006 000;0.00%
31/05/2018;8 700;8 700;8 700;8 700;960;8 352 000;0.00%
01/06/2018;8 670;8 670;8 670;8 670;400;3 468 000;-0.34%
04/06/2018;8 650;8 650;8 650;8 650;160;1 384 000;-0.23%
05/06/2018;8 650;8 650;8 650;8 650;680;5 882 000;0.00%
06/06/2018;8 700;8 700;8 700;8 700;2 940;25 578 000;0.58%
07/06/2018;8 700;8 700;8 700;8 700;40;348 000;0.00%
08/06/2018;8 700;8 700;8 700;8 700;2 610;22 707 000;0.00%
12/06/2018;8 700;8 700;8 700;8 700;80;696 000;0.00%
13/06/2018;8 700;8 700;8 700;8 700;30;261 000;0.00%
15/06/2018;8 700;8 700;8 700;8 700;790;6 873 000;0.00%
18/06/2018;8 695;8 695;8 695;8 695;230;1 999 850;-0.06%
19/06/2018;8 700;8 700;8 700;8 700;1 150;10 005 000;0.06%
20/06/2018;8 700;8 700;8 700;8 700;940;8 178 000;0.00%
21/06/2018;8 700;8 700;8 700;8 700;10;87 000;0.00%
22/06/2018;8 700;8 700;8 700;8 700;2 450;21 315 000;0.00%
25/06/2018;8 690;8 690;8 690;8 690;830;7 212 700;-0.11%
26/06/2018;8 900;8 900;8 900;8 900;2 490;22 161 000;2.42%
27/06/2018;8 895;8 895;8 895;8 895;740;6 582 300;-0.06%
28/06/2018;8 900;8 900;8 900;8 900;70;623 000;0.06%
29/06/2018;8 995;8 995;8 995;8 995;2 340;21 048 300;1.07%
02/07/2018;8 800;8 800;8 800;8 800;640;5 632 000;-2.17%
03/07/2018;8 750;8 750;8 750;8 750;90;787 500;-0.57%
04/07/2018;8 750;8 750;8 750;8 750;50;437 500;0.00%
05/07/2018;8 745;8 745;8 745;8 745;70;612 150;-0.06%
06/07/2018;8 745;8 745;8 745;8 745;-;0;0.00%
09/07/2018;8 600;8 600;8 600;8 600;380;3 268 000;-1.66%
10/07/2018;8 585;8 585;8 585;8 585;1 540;13 220 900;-0.17%
11/07/2018;8 580;8 580;8 580;8 580;240;2 059 200;-0.06%
12/07/2018;8 600;8 600;8 600;8 600;400;3 440 000;0.23%
13/07/2018;8 600;8 600;8 600;8 600;100;860 000;0.00%
16/07/2018;8 600;8 600;8 600;8 600;40;344 000;0.00%
17/07/2018;8 400;8 400;8 400;8 400;820;6 888 000;-2.33%
18/07/2018;8 400;8 400;8 400;8 400;110;924 000;0.00%
19/07/2018;8 400;8 400;8 400;8 400;1 540;12 936 000;0.00%
20/07/2018;8 395;8 395;8 395;8 395;440;3 693 800;-0.06%
23/07/2018;8 395;8 395;8 395;8 395;-;0;0.00%
24/07/2018;8 380;8 380;8 380;8 380;320;2 681 600;-0.18%
25/07/2018;8 300;8 300;8 300;8 300;70;581 000;-0.95%
26/07/2018;8 300;8 300;8 300;8 300;920;7 636 000;0.00%
27/07/2018;8 300;8 300;8 300;8 300;260;2 158 000;0.00%
30/07/2018;8 300;8 300;8 300;8 300;730;6 059 000;0.00%
31/07/2018;8 300;8 300;8 300;8 300;610;5 063 000;0.00%
01/08/2018;8 300;8 300;8 300;8 300;230;1 909 000;0.00%
02/08/2018;8 300;8 300;8 300;8 300;280;2 324 000;0.00%
03/08/2018;8 290;8 290;8 290;8 290;1 060;8 787 400;-0.12%
08/08/2018;8 280;8 280;8 280;8 280;2 540;21 031 200;-0.12%
09/08/2018;8 200;8 200;8 200;8 200;850;6 970 000;-0.97%
10/08/2018;8 175;8 175;8 175;8 175;1 600;13 080 000;-0.30%
13/08/2018;8 180;8 180;8 180;8 180;1 250;10 225 000;0.06%
14/08/2018;8 175;8 175;8 175;8 175;210;1 716 750;-0.06%
16/08/2018;8 200;8 200;8 200;8 200;1 840;15 088 000;0.31%
17/08/2018;8 190;8 190;8 190;8 190;990;8 108 100;-0.12%
20/08/2018;8 200;8 200;8 200;8 200;120;984 000;0.12%
22/08/2018;8 200;8 200;8 200;8 200;920;7 544 000;0.00%
23/08/2018;8 300;8 300;8 300;8 300;2 070;17 181 000;1.22%
24/08/2018;8 300;8 300;8 300;8 300;1 150;9 545 000;0.00%
28/08/2018;8 255;8 255;8 255;8 255;350;2 889 250;-0.24%
29/08/2018;8 200;8 200;8 200;8 200;610;5 002 000;-0.67%
30/08/2018;8 100;8 100;8 100;8 100;590;4 779 000;-1.22%
31/08/2018;8 100;8 100;8 100;8 100;2 630;21 303 000;0.00%
03/09/2018;8 100;8 100;8 100;8 100;290;2 349 000;0.00%
04/09/2018;8 150;8 150;8 150;8 150;300;2 445 000;0.62%
05/09/2018;8 150;8 150;8 150;8 150;780;6 357 000;0.00%
06/09/2018;8 100;8 100;8 100;8 100;810;6 561 000;-0.61%
07/09/2018;8 125;8 125;8 125;8 125;800;6 500 000;0.31%
10/09/2018;8 100;8 100;8 100;8 100;-;0;-0.31%
11/09/2018;8 100;8 100;8 100;8 100;3 280;26 568 000;0.00%
12/09/2018;8 100;8 100;8 100;8 100;470;3 807 000;0.00%
13/09/2018;8 100;8 100;8 100;8 100;1 980;16 038 000;0.00%
14/09/2018;8 100;8 100;8 100;8 100;200;1 620 000;0.00%
17/09/2018;8 000;8 000;8 000;8 000;760;6 080 000;-1.23%
18/09/2018;8 200;8 200;8 200;8 200;3 640;29 848 000;2.50%
19/09/2018;8 195;8 195;8 195;8 195;-;0;-0.06%
20/09/2018;8 000;8 000;8 000;8 000;670;5 360 000;-2.38%
21/09/2018;8 000;8 000;8 000;8 000;240;1 920 000;0.00%
24/09/2018;8 000;8 000;8 000;8 000;1 370;10 960 000;0.00%
25/09/2018;8 000;8 000;8 000;8 000;-;0;0.00%
26/09/2018;8 100;8 100;8 100;8 100;2 250;18 225 000;1.25%
27/09/2018;8 100;8 100;8 100;8 100;2 270;18 387 000;0.00%
01/10/2018;8 100;8 100;8 100;8 100;20;162 000;0.00%
02/10/2018;8 000;8 000;8 000;8 000;150;1 200 000;-1.23%
03/10/2018;8 000;8 000;8 000;8 000;1 660;13 280 000;0.00%
04/10/2018;8 100;8 100;8 100;8 100;2 210;17 901 000;1.25%
05/10/2018;8 075;8 075;8 075;8 075;360;2 907 000;-0.31%
08/10/2018;8 075;8 075;8 075;8 075;1 540;12 435 500;0.00%
09/10/2018;8 075;8 075;8 075;8 075;590;4 764 250;0.00%
10/10/2018;8 075;8 075;8 075;8 075;110;888 250;0.00%
11/10/2018;8 075;8 075;8 075;8 075;30;242 250;0.00%
12/10/2018;8 040;8 040;8 040;8 040;160;1 286 400;-0.43%
15/10/2018;8 000;8 000;8 000;8 000;180;1 440 000;-0.50%
16/10/2018;8 000;8 000;8 000;8 000;410;3 280 000;0.00%
17/10/2018;8 000;8 000;8 000;8 000;870;6 960 000;0.00%
18/10/2018;8 000;8 000;8 000;8 000;220;1 760 000;0.00%
22/10/2018;7 895;7 895;7 895;7 895;1 480;11 684 600;-1.31%
23/10/2018;7 890;7 890;7 890;7 890;430;3 392 700;-0.06%
24/10/2018;7 780;7 780;7 780;7 780;720;5 601 600;-1.39%
25/10/2018;7 795;7 795;7 795;7 795;530;4 131 350;0.19%
26/10/2018;7 800;7 800;7 800;7 800;210;1 638 000;0.06%
30/10/2018;7 550;7 550;7 550;7 550;1 620;12 231 000;-3.21%
02/11/2018;7 500;7 500;7 500;7 500;50;375 000;-0.66%
06/11/2018;7 100;7 100;7 100;7 100;10;71 000;-5.33%
07/11/2018;7 380;7 380;7 380;7 380;3 360;24 796 800;3.94%
08/11/2018;7 345;7 345;7 345;7 345;2 430;17 848 350;-0.47%
09/11/2018;7 385;7 385;7 385;7 385;380;2 806 300;0.54%
12/11/2018;7 465;7 465;7 465;7 465;350;2 612 750;1.08%
13/11/2018;7 400;7 400;7 400;7 400;50;370 000;-0.87%
14/11/2018;7 400;7 400;7 400;7 400;10;74 000;0.00%
16/11/2018;7 395;7 395;7 395;7 395;1 250;9 243 750;-0.07%
19/11/2018;7 125;7 125;7 125;7 125;1 380;9 832 500;-3.65%
21/11/2018;7 125;7 125;7 125;7 125;1 660;11 827 500;0.00%
22/11/2018;7 125;7 125;7 125;7 125;3 540;25 222 500;0.00%
27/11/2018;7 125;7 125;7 125;7 125;720;5 130 000;0.00%
29/11/2018;7 110;7 110;7 110;7 110;1 120;7 963 200;-0.21%
30/11/2018;7 110;7 110;7 110;7 110;1 160;8 247 600;0.00%
03/12/2018;7 110;7 110;7 110;7 110;1 480;10 522 800;0.00%
05/12/2018;7 000;7 000;7 000;7 000;1 890;13 230 000;-1.55%
06/12/2018;7 000;7 000;7 000;7 000;940;6 580 000;0.00%
07/12/2018;7 000;7 000;7 000;7 000;5 110;35 770 000;0.00%
10/12/2018;7 000;7 000;7 000;7 000;2 480;17 360 000;0.00%
11/12/2018;7 490;7 490;7 490;7 490;9 020;67 559 800;7.00%
12/12/2018;8 010;8 010;8 010;8 010;870;6 968 700;6.94%
13/12/2018;8 000;8 000;8 000;8 000;1 840;14 720 000;-0.12%
14/12/2018;8 010;8 010;8 010;8 010;4 430;35 484 300;0.13%
17/12/2018;8 000;8 000;8 000;8 000;1 420;11 360 000;-0.12%
18/12/2018;8 000;8 000;8 000;8 000;2 010;16 080 000;0.00%
19/12/2018;8 000;8 000;8 000;8 000;40;320 000;0.00%
20/12/2018;8 150;8 150;8 150;8 150;2 900;23 635 000;1.88%
24/12/2018;8 760;8 760;8 760;8 760;2 360;20 673 600;7.48%
25/12/2018;8 760;8 760;8 760;8 760;2 361;20 682 360;0.00%
26/12/2018;8 500;8 500;8 500;8 500;520;4 420 000;-2.97%
27/12/2018;8 700;8 700;8 700;8 700;1 130;9 831 000;2.35%
28/12/2018;8 800;8 800;8 800;8 800;640;5 632 000;1.15%
31/12/2018;8 695;8 695;8 695;8 695;1 478;12 851 210;-1.19%
02/01/2019;8 790;8 790;8 790;8 790;125;1 098 750;1.09%
03/01/2019;8 500;8 500;8 500;8 500;563;4 785 500;-3.30%
04/01/2019;8 480;8 480;8 480;8 480;466;3 951 680;-0.24%
07/01/2019;8 450;8 450;8 450;8 450;752;6 354 400;-0.35%
08/01/2019;8 200;8 200;8 200;8 200;20;164 000;-2.96%
09/01/2019;8 200;8 200;8 200;8 200;25;205 000;0.00%
10/01/2019;8 195;8 195;8 195;8 195;320;2 622 400;-0.06%
11/01/2019;7 900;7 900;7 900;7 900;10;79 000;-3.60%
14/01/2019;7 900;7 900;7 900;7 900;170;1 343 000;0.00%
15/01/2019;7 750;7 750;7 750;7 750;12;93 000;-1.90%
16/01/2019;7 400;7 740;7 740;7 400;345;2 611 650;-4.52%
17/01/2019;7 345;7 400;7 400;7 345;811;5 979 098;-0.74%
18/01/2019;7 485;7 295;7 485;7 295;151;1 115 890;1.91%
21/01/2019;7 480;7 345;7 480;7 345;940;6 967 750;-0.07%
22/01/2019;7 500;7 475;7 500;7 475;1 161;8 692 988;0.27%
23/01/2019;7 500;7 480;7 500;7 480;285;2 134 650;0.00%
24/01/2019;7 500;7 490;7 500;7 490;347;2 600 765;0.00%
25/01/2019;7 500;7 480;7 500;7 480;109;816 410;0.00%
29/01/2019;7 495;7 300;7 495;7 300;330;2 441 175;-0.07%
30/01/2019;7 495;6 935;7 495;6 935;130;937 950;0.00%
31/01/2019;7 500;7 400;7 500;7 400;258;1 922 100;0.07%
01/02/2019;7 300;7 450;7 450;7 300;19;140 125;-2.67%
04/02/2019;7 300;7 300;7 300;7 300;161;1 175 300;0.00%
05/02/2019;7 300;7 200;7 300;7 200;535;3 878 750;0.00%
06/02/2019;7 800;7 300;7 800;7 300;448;3 382 400;6.85%
08/02/2019;7 695;7 390;7 695;7 390;124;935 270;-1.35%
11/02/2019;7 800;7 695;7 800;7 695;234;1 812 915;1.36%
12/02/2019;7 670;7 695;7 695;7 670;131;1 006 408;-1.67%
13/02/2019;7 600;7 220;7 600;7 220;237;1 756 170;-0.91%
14/02/2019;7 800;7 100;7 800;7 100;3 548;26 432 600;2.63%
15/02/2019;8 000;7 745;8 000;7 745;775;6 101 188;2.56%
18/02/2019;7 900;7 995;7 995;7 900;62;492 745;-1.25%
20/02/2019;7 645;7 400;7 645;7 400;115;865 088;-3.23%
21/02/2019;7 500;7 100;7 500;7 100;328;2 394 400;-1.90%
22/02/2019;7 350;7 105;7 350;7 105;156;1 127 490;-2.00%
26/02/2019;7 430;6 800;7 430;6 800;2 059;14 649 785;1.09%
27/02/2019;7 500;7 450;7 500;7 450;1 572;11 750 700;0.94%
28/02/2019;7 690;6 940;7 690;6 940;1 775;12 984 125;2.53%
01/03/2019;7 900;7 120;7 900;7 120;5 035;37 812 850;2.73%
05/03/2019;7 685;7 685;7 685;7 685;70;537 950;-2.72%
06/03/2019;7 600;7 500;7 600;7 500;257;1 940 350;-1.11%
07/03/2019;7 600;7 450;7 600;7 450;67;504 175;0.00%
08/03/2019;7 595;7 050;7 595;7 050;2 911;21 315 798;-0.07%
11/03/2019;7 590;7 445;7 590;7 445;922;6 931 135;-0.07%
12/03/2019;7 500;7 500;7 500;7 500;12;90 000;-1.19%
13/03/2019;7 500;7 100;7 500;7 100;339;2 474 700;0.00%
14/03/2019;7 495;7 400;7 495;7 400;135;1 005 413;-0.07%
18/03/2019;7 450;7 100;7 450;7 100;614;4 466 850;-0.60%
19/03/2019;7 400;7 400;7 400;7 400;215;1 591 000;-0.67%
20/03/2019;7 350;7 260;7 350;7 260;1 555;11 359 275;-0.68%
21/03/2019;7 400;7 205;7 400;7 205;2 646;19 322 415;0.68%
22/03/2019;7 500;7 200;7 500;7 200;2 721;19 999 350;1.35%
25/03/2019;7 400;7 400;7 400;7 400;252;1 864 800;-1.33%
27/03/2019;7 400;7 100;7 400;7 100;3 464;25 114 000;0.00%
28/03/2019;7 400;7 400;7 400;7 400;101;747 400;0.00%
29/03/2019;7 400;7 350;7 400;7 350;55;405 625;0.00%
01/04/2019;6 850;7 100;7 100;6 850;356;2 483 100;-7.43%
02/04/2019;7 360;7 000;7 360;7 000;1 795;12 888 100;7.45%
03/04/2019;7 500;7 395;7 500;7 395;2 342;17 442 045;1.90%
04/04/2019;7 530;7 390;7 530;7 390;1 006;7 504 760;0.40%
05/04/2019;7 590;7 530;7 590;7 530;25;189 000;0.80%
08/04/2019;7 530;7 210;7 530;7 210;797;5 873 890;-0.79%
09/04/2019;7 530;7 100;7 530;7 100;191;1 397 165;0.00%
10/04/2019;7 530;7 525;7 530;7 525;65;489 288;0.00%
11/04/2019;7 800;7 520;7 800;7 520;5 209;39 900 940;3.59%
15/04/2019;7 800;7 745;7 800;7 745;15;116 588;0.00%
17/04/2019;7 700;7 695;7 700;7 695;255;1 962 863;-1.28%
18/04/2019;7 690;7 220;7 690;7 220;342;2 549 610;-0.13%
19/04/2019;7 800;7 600;7 800;7 600;3 905;30 068 500;1.43%
22/04/2019;7 800;7 600;7 800;7 600;3 905;30 068 500;0.00%
23/04/2019;7 790;7 500;7 790;7 500;262;2 002 990;-0.13%
24/04/2019;7 750;7 750;7 750;7 750;2 800;21 700 000;-0.51%
25/04/2019;7 750;7 750;7 750;7 750;325;2 518 750;0.00%
26/04/2019;7 750;7 700;7 750;7 700;693;5 353 425;0.00%
29/04/2019;7 795;7 750;7 795;7 750;3 915;30 429 338;0.58%
30/04/2019;7 750;7 795;7 795;7 750;830;6 451 175;-0.58%
01/05/2019;7 750;7 795;7 795;7 750;830;6 451 175;0.00%
02/05/2019;7 900;7 745;7 900;7 745;658;5 147 205;1.94%
03/05/2019;8 000;7 900;8 000;7 900;1 135;9 023 250;1.27%
06/05/2019;8 000;7 895;8 000;7 895;75;596 063;0.00%
07/05/2019;8 000;7 750;8 000;7 750;1 245;9 804 375;0.00%
08/05/2019;8 000;8 000;8 000;8 000;249;1 992 000;0.00%
09/05/2019;8 000;7 800;8 000;7 800;869;6 865 100;0.00%
10/05/2019;8 000;8 000;8 000;8 000;200;1 600 000;0.00%
13/05/2019;8 000;7 900;8 000;7 900;781;6 208 950;0.00%
14/05/2019;8 000;8 000;8 000;8 000;125;1 000 000;0.00%
15/05/2019;8 000;7 800;8 000;7 800;455;3 594 500;0.00%
16/05/2019;8 000;7 995;8 000;7 995;255;2 039 363;0.00%
17/05/2019;8 000;7 435;8 000;7 435;273;2 106 878;0.00%
22/05/2019;7 790;7 790;7 790;7 790;435;3 388 650;-2.63%
23/05/2019;7 790;7 250;7 790;7 250;237;1 782 240;0.00%
27/05/2019;7 740;7 740;7 740;7 740;723;5 596 020;0.13%
28/05/2019;7 740;7 740;7 740;7 740;200;1 548 000;0.00%
29/05/2019;7 735;7 500;7 735;7 500;646;4 920 905;-0.06%
30/05/2019;7 735;7 500;7 735;7 500;646;4 920 905;0.00%
31/05/2019;7 740;7 700;7 740;7 700;415;3 203 800;0.06%
03/06/2019;7 690;7 695;7 695;7 690;360;2 769 300;-0.65%
05/06/2019;7 690;7 300;7 690;7 300;234;1 753 830;0.00%
06/06/2019;7 600;7 200;7 600;7 200;666;4 928 400;-1.17%
07/06/2019;7 600;7 595;7 600;7 595;247;1 876 583;0.00%
11/06/2019;7 600;7 595;7 600;7 595;826;6 275 535;0.00%
12/06/2019;7 600;7 590;7 600;7 590;527;4 002 565;0.00%
13/06/2019;7 600;7 500;7 600;7 500;750;5 662 500;0.00%
14/06/2019;7 600;7 110;7 600;7 110;415;3 052 325;0.00%
17/06/2019;7 600;7 595;7 600;7 595;172;1 306 770;0.00%
18/06/2019;7 600;7 595;7 600;7 595;600;4 558 500;0.00%
19/06/2019;7 600;7 455;7 600;7 455;391;2 943 253;0.00%
20/06/2019;7 600;7 600;7 600;7 600;75;570 000;0.00%
21/06/2019;7 600;7 600;7 600;7 600;369;2 804 400;0.00%
24/06/2019;7 600;7 500;7 600;7 500;650;4 907 500;0.00%
25/06/2019;7 600;7 500;7 600;7 500;580;4 379 000;0.00%
26/06/2019;8 000;7 050;8 000;7 050;1 628;12 250 700;5.26%
27/06/2019;8 200;7 900;8 200;7 900;259;2 084 950;2.50%
28/06/2019;8 400;7 800;8 400;7 800;1 599;12 951 900;2.44%
02/07/2019;8 500;7 960;8 500;7 960;1 520;12 509 600;1.19%
03/07/2019;8 000;8 000;8 000;8 000;10;80 000;-5.88%
08/07/2019;7 895;7 400;7 895;7 400;205;1 567 738;-1.31%
09/07/2019;7 895;7 895;7 895;7 895;1;7 895;0.00%
11/07/2019;7 795;7 350;7 795;7 350;598;4 528 355;-1.27%
12/07/2019;7 790;7 790;7 790;7 790;353;2 749 870;-0.06%
15/07/2019;7 780;7 210;7 780;7 210;492;3 687 540;-0.13%
16/07/2019;7 695;7 200;7 695;7 200;419;3 120 503;-1.09%
17/07/2019;7 500;7 150;7 500;7 150;505;3 699 125;-2.53%
18/07/2019;7 500;7 200;7 500;7 200;2 189;16 089 150;0.00%
22/07/2019;7 700;7 490;7 700;7 490;478;3 630 410;2.67%
23/07/2019;7 500;7 300;7 500;7 300;398;2 945 200;-2.60%
24/07/2019;7 495;7 495;7 495;7 495;350;2 623 250;-0.07%
25/07/2019;7 490;7 490;7 490;7 490;158;1 183 420;-0.07%
26/07/2019;7 400;7 400;7 400;7 400;906;6 704 400;-1.20%
29/07/2019;7 400;7 300;7 400;7 300;201;1 477 350;0.00%
30/07/2019;7 400;7 250;7 400;7 250;335;2 453 875;0.00%
31/07/2019;7 400;7 225;7 400;7 225;158;1 155 375;0.00%
02/08/2019;7 400;7 400;7 400;7 400;365;2 701 000;0.00%
05/08/2019;7 395;7 220;7 395;7 220;127;928 053;-0.07%
08/08/2019;7 345;7 300;7 345;7 300;1 235;9 043 288;-0.68%
09/08/2019;7 380;7 250;7 380;7 250;753;5 508 195;0.48%
12/08/2019;7 380;7 250;7 380;7 250;753;5 508 195;0.00%
13/08/2019;7 375;7 375;7 375;7 375;155;1 143 125;-0.07%
14/08/2019;7 395;7 395;7 395;7 395;619;4 577 505;0.27%
15/08/2019;7 395;7 395;7 395;7 395;619;4 577 505;0.00%
16/08/2019;7 390;7 400;7 400;7 390;60;443 700;-0.07%
19/08/2019;7 380;7 200;7 380;7 200;98;714 420;-0.14%
20/08/2019;7 385;7 385;7 385;7 385;50;369 250;0.07%
23/08/2019;7 350;7 100;7 350;7 100;541;3 908 725;-0.41%
26/08/2019;7 350;7 350;7 350;7 350;354;2 601 900;0.00%
27/08/2019;7 350;7 295;7 350;7 295;418;3 060 805;0.00%
28/08/2019;7 390;7 345;7 390;7 345;492;3 624 810;0.54%
29/08/2019;7 400;7 200;7 400;7 200;437;3 190 100;0.14%
30/08/2019;7 400;7 400;7 400;7 400;75;555 000;0.00%
02/09/2019;7 400;7 400;7 400;7 400;215;1 591 000;0.00%
03/09/2019;7 400;7 255;7 400;7 255;372;2 725 830;0.00%
04/09/2019;7 400;7 200;7 400;7 200;1 055;7 701 500;0.00%
05/09/2019;7 400;7 150;7 400;7 150;211;1 535 025;0.00%
06/09/2019;7 400;7 400;7 400;7 400;366;2 708 400;0.00%
09/09/2019;7 400;7 200;7 400;7 200;362;2 642 600;0.00%
10/09/2019;7 400;7 395;7 400;7 395;955;7 064 613;0.00%
11/09/2019;7 400;7 400;7 400;7 400;115;851 000;0.00%
12/09/2019;7 400;7 215;7 400;7 215;504;3 682 980;0.00%
13/09/2019;7 400;7 200;7 400;7 200;4 900;35 770 000;0.00%
16/09/2019;7 400;7 150;7 400;7 150;2 266;16 485 150;0.00%
17/09/2019;7 400;7 160;7 400;7 160;110;800 800;0.00%
18/09/2019;7 400;7 160;7 400;7 160;1 573;11 451 440;0.00%
19/09/2019;7 400;7 400;7 400;7 400;220;1 628 000;0.00%
20/09/2019;7 400;7 400;7 400;7 400;222;1 642 800;0.00%
23/09/2019;7 400;7 200;7 400;7 200;264;1 927 200;0.00%
24/09/2019;7 400;7 200;7 400;7 200;418;3 051 400;0.00%
25/09/2019;7 400;7 395;7 400;7 395;70;517 825;0.00%
26/09/2019;7 400;7 395;7 400;7 395;305;2 256 238;0.00%
27/09/2019;7 400;7 150;7 400;7 150;195;1 418 625;0.00%
30/09/2019;7 400;7 400;7 400;7 400;12;88 800;0.00%
01/10/2019;7 400;7 395;7 400;7 395;212;1 568 270;0.00%
02/10/2019;7 100;7 400;7 400;7 100;82;594 500;-4.05%
03/10/2019;7 390;7 300;7 390;7 300;6 797;49 923 965;4.08%
04/10/2019;7 395;7 400;7 400;7 395;199;1 472 103;0.07%
07/10/2019;7 400;7 395;7 400;7 395;1 952;14 439 920;0.07%
08/10/2019;7 450;7 400;7 450;7 400;1 449;10 758 825;0.68%
09/10/2019;7 595;7 445;7 595;7 445;121;909 920;1.95%
10/10/2019;7 600;7 600;7 600;7 600;20;152 000;0.07%
11/10/2019;7 700;7 595;7 700;7 595;2 306;17 635 135;1.32%
14/10/2019;7 695;7 600;7 695;7 600;242;1 850 695;-0.06%
15/10/2019;7 700;7 650;7 700;7 650;151;1 158 925;0.06%
16/10/2019;7 800;7 650;7 800;7 650;425;3 283 125;1.30%
17/10/2019;7 800;7 750;7 800;7 750;281;2 184 775;0.00%
18/10/2019;8 000;7 800;8 000;7 800;1 126;8 895 400;2.56%
21/10/2019;8 000;7 850;8 000;7 850;1 382;10 952 350;0.00%
22/10/2019;8 080;8 080;8 080;8 080;20;161 600;1.00%
23/10/2019;8 080;8 000;8 080;8 000;172;1 382 880;0.00%
24/10/2019;8 000;7 850;8 000;7 850;8;63 400;-0.99%
25/10/2019;7 900;7 995;7 995;7 900;105;834 488;-1.25%
29/10/2019;7 900;7 850;7 900;7 850;65;511 875;0.00%
30/10/2019;7 900;7 900;7 900;7 900;50;395 000;0.00%
04/11/2019;7 900;7 900;7 900;7 900;7;55 300;0.00%
05/11/2019;7 900;7 890;7 900;7 890;7;55 265;0.00%
06/11/2019;7 900;7 890;7 900;7 890;16;126 320;0.00%
07/11/2019;7 900;7 890;7 900;7 890;141;1 113 195;0.00%
11/11/2019;7 885;7 885;7 885;7 885;2;15 770;-0.19%
12/11/2019;7 890;7 660;7 890;7 660;68;528 700;0.06%
14/11/2019;7 700;7 885;7 885;7 700;466;3 631 305;-2.41%
18/11/2019;7 700;7 660;7 700;7 660;815;6 259 200;0.00%
19/11/2019;7 700;7 700;7 700;7 700;214;1 647 800;0.00%
21/11/2019;7 850;7 800;7 850;7 800;160;1 252 000;0.64%
22/11/2019;7 800;7 700;7 800;7 700;15;116 250;-0.64%
25/11/2019;7 800;7 800;7 800;7 800;70;546 000;0.00%
26/11/2019;7 800;7 650;7 800;7 650;204;1 575 900;0.00%
27/11/2019;7 800;7 800;7 800;7 800;233;1 817 400;0.00%
28/11/2019;7 800;7 800;7 800;7 800;30;234 000;0.00%
29/11/2019;7 800;7 650;7 800;7 650;1 428;11 031 300;0.00%
02/12/2019;7 800;7 800;7 800;7 800;562;4 383 600;0.00%
03/12/2019;7 800;7 800;7 800;7 800;22;171 600;0.00%
05/12/2019;7 900;7 750;7 900;7 750;1 037;8 114 525;1.28%
09/12/2019;7 900;7 800;7 900;7 800;131;1 028 350;0.00%
10/12/2019;7 900;7 800;7 900;7 800;15;117 750;0.00%
11/12/2019;7 900;7 750;7 900;7 750;2 501;19 570 325;0.00%
12/12/2019;7 800;7 800;7 800;7 800;131;1 021 800;-1.27%
13/12/2019;7 900;7 800;7 900;7 800;86;675 100;1.28%
16/12/2019;7 900;7 800;7 900;7 800;8;62 800;0.00%
17/12/2019;7 895;7 800;7 895;7 800;246;1 930 485;-0.06%
18/12/2019;7 895;7 800;7 895;7 800;2 080;16 322 800;0.00%
20/12/2019;8 100;7 800;8 100;7 800;2 580;20 511 000;2.60%
24/12/2019;8 250;8 090;8 250;8 090;825;6 740 250;1.85%
25/12/2019;8 250;8 090;8 250;8 090;825;6 740 250;0.00%
26/12/2019;8 100;7 995;8 100;7 995;218;1 754 355;-1.82%
27/12/2019;8 100;7 805;8 100;7 805;3 093;24 597 083;0.00%
30/12/2019;8 000;7 500;8 000;7 500;312;2 418 000;-1.23%
31/12/2019;8 000;7 500;8 000;7 500;861;6 672 750;0.00%
01/01/2020;8 000;7 500;8 000;7 500;861;6 672 750;0.00%
02/01/2020;8 000;7 400;8 000;7 400;63;485 100;0.00%
03/01/2020;8 000;8 000;8 000;8 000;3;24 000;0.00%
06/01/2020;8 000;7 405;8 000;7 405;568;4 375 020;0.00%
07/01/2020;8 000;7 500;8 000;7 500;48;372 000;0.00%
09/01/2020;7 800;7 505;7 800;7 505;389;2 976 823;-2.50%
10/01/2020;7 900;7 500;7 900;7 500;359;2 764 300;1.28%
14/01/2020;7 950;7 850;7 950;7 850;1 285;10 151 500;0.63%
15/01/2020;7 900;7 800;7 900;7 800;250;1 962 500;-0.63%
17/01/2020;7 805;7 805;7 805;7 805;138;1 077 090;-1.20%
20/01/2020;7 800;7 805;7 805;7 800;68;530 570;-0.06%
22/01/2020;7 900;7 600;7 900;7 600;294;2 278 500;1.28%
23/01/2020;7 800;7 800;7 800;7 800;15;117 000;-1.27%
24/01/2020;7 900;7 900;7 900;7 900;64;505 600;1.28%
27/01/2020;7 900;7 800;7 900;7 800;233;1 829 050;0.00%
28/01/2020;7 800;7 800;7 800;7 800;1 550;12 090 000;-1.27%
29/01/2020;7 800;7 800;7 800;7 800;1 017;7 932 600;0.00%
30/01/2020;7 800;7 600;7 800;7 600;130;1 001 000;0.00%
31/01/2020;7 800;7 800;7 800;7 800;1 549;12 082 200;0.00%
03/02/2020;7 800;7 800;7 800;7 800;92;717 600;0.00%
04/02/2020;7 800;7 745;7 800;7 745;231;1 795 448;0.00%
05/02/2020;7 800;7 780;7 800;7 780;812;6 325 480;0.00%
06/02/2020;7 800;7 800;7 800;7 800;6 328;49 358 400;0.00%
07/02/2020;7 800;7 900;7 900;7 800;2 010;15 778 500;0.00%
10/02/2020;7 800;7 800;7 800;7 800;6 546;51 058 800;0.00%
11/02/2020;7 800;7 780;7 800;7 780;5 027;39 160 330;0.00%
12/02/2020;7 800;7 780;7 800;7 780;5 027;39 160 330;0.00%
13/02/2020;7 800;7 800;7 800;7 800;5 750;44 850 000;0.00%
14/02/2020;7 800;7 800;7 800;7 800;2 100;16 380 000;0.00%
17/02/2020;7 800;7 800;7 800;7 800;1 550;12 090 000;0.00%
18/02/2020;7 800;7 800;7 800;7 800;165;1 287 000;0.00%
19/02/2020;7 800;7 800;7 800;7 800;366;2 854 800;0.00%
20/02/2020;7 795;7 750;7 795;7 750;101;785 023;-0.06%
21/02/2020;7 800;7 800;7 800;7 800;3;23 400;0.06%
24/02/2020;7 675;7 700;7 700;7 675;220;1 691 250;-1.60%
25/02/2020;7 800;7 675;7 800;7 675;511;3 953 863;1.63%
26/02/2020;7 790;7 700;7 790;7 700;221;1 711 645;-0.13%
27/02/2020;7 800;7 550;7 800;7 550;155;1 189 625;0.13%
28/02/2020;7 795;7 795;7 795;7 795;39;304 005;-0.06%
02/03/2020;7 790;7 405;7 790;7 405;306;2 324 835;-0.06%
05/03/2020;7 795;7 410;7 795;7 410;238;1 809 395;0.06%
06/03/2020;7 900;7 300;7 900;7 300;220;1 672 000;1.35%
09/03/2020;7 800;7 790;7 800;7 790;175;1 364 125;-1.27%
10/03/2020;7 700;7 700;7 700;7 700;300;2 310 000;-1.28%
11/03/2020;7 885;7 600;7 885;7 600;55;425 838;2.40%
12/03/2020;7 700;7 700;7 700;7 700;245;1 886 500;-2.35%
13/03/2020;7 800;7 700;7 800;7 700;3 967;30 744 250;1.30%
16/03/2020;7 700;7 600;7 700;7 600;115;879 750;-1.28%
17/03/2020;7 700;7 750;7 750;7 700;140;1 081 500;0.00%
18/03/2020;7 795;7 795;7 795;7 795;1;7 795;1.23%
19/03/2020;7 700;7 500;7 700;7 500;57;433 200;-1.22%
20/03/2020;7 695;7 500;7 695;7 500;23;174 743;-0.06%
23/03/2020;7 700;7 500;7 700;7 500;190;1 444 000;0.06%
24/03/2020;7 690;7 510;7 690;7 510;392;2 979 200;-0.13%
25/03/2020;7 650;7 500;7 650;7 500;167;1 265 025;-0.52%
26/03/2020;7 700;7 450;7 700;7 450;450;3 408 750;0.65%
27/03/2020;7 600;7 600;7 600;7 600;130;988 000;-1.30%
31/03/2020;7 700;7 500;7 700;7 500;495;3 762 000;1.32%
01/04/2020;7 700;7 500;7 700;7 500;172;1 307 200;0.00%
03/04/2020;7 700;7 125;7 700;7 125;473;3 506 113;0.00%
08/04/2020;7 590;7 590;7 590;7 590;3;22 770;-1.43%
09/04/2020;7 580;7 585;7 585;7 580;65;492 863;-0.13%
10/04/2020;7 575;7 575;7 575;7 575;122;924 150;-0.07%
13/04/2020;7 575;7 575;7 575;7 575;122;924 150;0.00%
14/04/2020;7 600;7 600;7 600;7 600;75;570 000;0.33%
16/04/2020;7 600;7 400;7 600;7 400;1 830;13 725 000;0.00%
17/04/2020;7 695;7 595;7 695;7 595;73;558 085;1.25%
21/04/2020;7 700;7 200;7 700;7 200;1 390;10 355 500;0.06%
22/04/2020;7 600;7 600;7 600;7 600;100;760 000;-1.30%
23/04/2020;7 500;7 030;7 500;7 030;125;908 125;-1.32%
24/04/2020;7 500;7 500;7 500;7 500;172;1 290 000;0.00%
27/04/2020;7 600;7 600;7 600;7 600;115;874 000;1.33%
28/04/2020;7 500;7 500;7 500;7 500;145;1 087 500;-1.32%
29/04/2020;7 600;7 555;7 600;7 555;25;189 438;1.33%
30/04/2020;7 600;7 595;7 600;7 595;15;113 963;0.00%
01/05/2020;7 600;7 595;7 600;7 595;15;113 963;0.00%
04/05/2020;7 600;7 455;7 600;7 455;371;2 792 703;0.00%
06/05/2020;7 600;7 600;7 600;7 600;646;4 909 600;0.00%
08/05/2020;7 745;7 745;7 745;7 745;10;77 450;1.91%
11/05/2020;7 600;7 300;7 600;7 300;115;856 750;-1.87%
12/05/2020;7 600;7 600;7 600;7 600;130;988 000;0.00%
13/05/2020;7 600;7 600;7 600;7 600;179;1 360 400;0.00%
14/05/2020;7 600;7 600;7 600;7 600;8;60 800;0.00%
15/05/2020;7 600;7 600;7 600;7 600;200;1 520 000;0.00%
18/05/2020;7 700;7 550;7 700;7 550;85;648 125;1.32%
19/05/2020;7 700;7 700;7 700;7 700;15;115 500;0.00%
22/05/2020;7 600;7 600;7 600;7 600;178;1 352 800;-1.30%
25/05/2020;7 600;7 600;7 600;7 600;111;843 600;0.00%
26/05/2020;7 600;7 550;7 600;7 550;80;606 000;0.00%
27/05/2020;7 600;7 450;7 600;7 450;1 052;7 916 300;0.00%
28/05/2020;7 600;7 600;7 600;7 600;50;380 000;0.00%
02/06/2020;7 600;7 600;7 600;7 600;757;5 753 200;0.00%
04/06/2020;7 600;7 500;7 600;7 500;125;943 750;0.00%
05/06/2020;7 600;7 505;7 600;7 505;333;2 514 983;0.00%
09/06/2020;7 600;7 600;7 600;7 600;1 549;11 772 400;0.00%
10/06/2020;7 580;7 450;7 580;7 450;775;5 824 125;-0.26%
11/06/2020;7 450;7 430;7 450;7 430;1 860;13 838 400;-1.72%
12/06/2020;7 595;7 500;7 595;7 500;274;2 068 015;1.95%
15/06/2020;7 595;7 500;7 595;7 500;13;98 118;0.00%
16/06/2020;7 555;7 455;7 555;7 455;7 250;54 411 250;-0.53%
17/06/2020;7 510;7 500;7 510;7 500;2 300;17 261 500;-0.60%
18/06/2020;7 600;7 600;7 600;7 600;2 460;18 696 000;1.20%
19/06/2020;7 745;7 600;7 745;7 600;136;1 043 460;1.91%
22/06/2020;7 745;7 745;7 745;7 745;10;77 450;0.00%
24/06/2020;7 700;7 700;7 700;7 700;67;515 900;-0.58%
25/06/2020;7 600;7 700;7 700;7 600;80;612 000;-1.30%
26/06/2020;7 600;7 030;7 600;7 030;367;2 684 605;0.00%
29/06/2020;7 650;7 650;7 650;7 650;220;1 683 000;0.66%
30/06/2020;7 650;7 650;7 650;7 650;160;1 224 000;0.00%
01/07/2020;7 600;7 550;7 600;7 550;195;1 477 125;-0.65%
02/07/2020;7 645;7 500;7 645;7 500;55;416 488;0.59%
03/07/2020;7 770;7 650;7 770;7 650;82;632 220;1.64%
06/07/2020;7 575;7 770;7 770;7 575;17;130 433;-2.51%
07/07/2020;7 500;7 575;7 575;7 500;52;391 950;-0.99%
08/07/2020;7 425;7 500;7 500;7 425;25;186 563;-1.00%
10/07/2020;7 425;7 425;7 425;7 425;355;2 635 875;0.00%
13/07/2020;7 425;7 425;7 425;7 425;1 488;11 048 400;0.00%
14/07/2020;7 395;7 390;7 395;7 390;1 583;11 702 328;-0.40%
15/07/2020;7 390;7 385;7 390;7 385;2 590;19 133 625;-0.07%
17/07/2020;7 300;6 845;7 300;6 845;25;176 813;-1.22%
20/07/2020;7 345;6 840;7 345;6 840;339;2 404 358;0.62%
21/07/2020;7 300;7 335;7 335;7 300;420;3 073 350;-0.61%
23/07/2020;7 300;7 000;7 300;7 000;205;1 465 750;0.00%
24/07/2020;7 400;7 225;7 400;7 225;281;2 054 813;1.37%
27/07/2020;7 400;7 400;7 400;7 400;5;37 000;0.00%
28/07/2020;7 295;7 295;7 295;7 295;1;7 295;-1.42%
29/07/2020;7 395;7 295;7 395;7 295;37;271 765;1.37%
30/07/2020;7 300;7 200;7 300;7 200;145;1 051 250;-1.28%
31/07/2020;7 300;7 200;7 300;7 200;145;1 051 250;0.00%
03/08/2020;7 200;7 200;7 200;7 200;27;194 400;-1.37%
04/08/2020;7 250;7 090;7 250;7 090;100;717 000;0.69%
05/08/2020;7 200;6 800;7 200;6 800;226;1 582 000;-0.69%
06/08/2020;7 200;7 000;7 200;7 000;95;674 500;0.00%
07/08/2020;7 200;7 000;7 200;7 000;95;674 500;0.00%
10/08/2020;7 200;7 200;7 200;7 200;25;180 000;0.00%
11/08/2020;7 200;7 200;7 200;7 200;1 559;11 224 800;0.00%
12/08/2020;7 250;7 195;7 250;7 195;2 215;15 997 838;0.69%
13/08/2020;7 200;7 200;7 200;7 200;2 197;15 818 400;-0.69%
14/08/2020;7 200;7 250;7 250;7 200;2 642;19 088 450;0.00%
17/08/2020;7 190;7 150;7 190;7 150;2 031;14 562 270;-0.14%
18/08/2020;7 200;7 200;7 200;7 200;126;907 200;0.14%
21/08/2020;7 185;7 185;7 185;7 185;250;1 796 250;-0.21%
24/08/2020;7 185;7 185;7 185;7 185;344;2 471 640;0.00%
25/08/2020;7 185;7 190;7 190;7 185;1 852;13 311 250;0.00%
26/08/2020;7 190;7 150;7 190;7 150;1 490;10 683 300;0.07%
28/08/2020;7 190;7 150;7 190;7 150;399;2 860 830;0.00%
31/08/2020;7 405;7 190;7 405;7 190;1 334;9 734 865;2.99%
01/09/2020;7 700;7 400;7 700;7 400;114;860 700;3.98%
02/09/2020;7 750;7 600;7 750;7 600;758;5 817 650;0.65%
03/09/2020;7 760;7 750;7 760;7 750;1 443;11 190 465;0.13%
04/09/2020;7 850;7 600;7 850;7 600;40;309 000;1.16%
07/09/2020;7 750;7 750;7 750;7 750;637;4 936 750;-1.27%
08/09/2020;7 700;7 600;7 700;7 600;125;956 250;-0.65%
09/09/2020;7 700;7 600;7 700;7 600;1 610 060;12 316 959 000;0.00%
10/09/2020;7 695;7 600;7 695;7 600;34;260 015;-0.06%
14/09/2020;7 600;7 600;7 600;7 600;327;2 485 200;-1.23%
15/09/2020;7 600;7 600;7 600;7 600;595;4 522 000;0.00%
16/09/2020;7 595;7 400;7 595;7 400;105;787 238;-0.07%
18/09/2020;7 400;7 400;7 400;7 400;3 930;29 082 000;-2.57%
21/09/2020;7 510;7 400;7 510;7 400;8 226;61 324 830;1.49%
22/09/2020;7 400;7 185;7 400;7 185;1 304;9 509 420;-1.46%
23/09/2020;7 400;7 185;7 400;7 185;1 304;9 509 420;0.00%
24/09/2020;7 400;7 185;7 400;7 185;1 304;9 509 420;0.00%
25/09/2020;7 400;7 185;7 400;7 185;1 304;9 509 420;0.00%
28/09/2020;7 450;7 350;7 450;7 350;234;1 731 600;0.68%
29/09/2020;7 400;7 400;7 400;7 400;26;192 400;-0.67%
30/09/2020;7 450;7 300;7 450;7 300;152;1 121 000;0.68%
01/10/2020;7 400;7 400;7 400;7 400;5;37 000;-0.67%
02/10/2020;7 300;7 390;7 390;7 300;8;58 760;-1.35%
05/10/2020;7 300;7 300;7 300;7 300;1;7 300;0.00%
06/10/2020;7 400;7 190;7 400;7 190;1 196;8 724 820;1.37%
07/10/2020;7 400;7 400;7 400;7 400;228;1 687 200;0.00%
08/10/2020;7 400;7 400;7 400;7 400;86;636 400;0.00%
09/10/2020;7 500;7 400;7 500;7 400;10;74 500;1.35%
12/10/2020;7 400;7 400;7 400;7 400;25;185 000;-1.33%
13/10/2020;7 400;7 400;7 400;7 400;51;377 400;0.00%
14/10/2020;7 350;7 400;7 400;7 350;270;1 991 250;-0.68%
15/10/2020;7 350;7 350;7 350;7 350;118;867 300;0.00%
16/10/2020;7 350;7 350;7 350;7 350;27;198 450;0.00%
19/10/2020;7 350;7 350;7 350;7 350;1 370;10 069 500;0.00%
20/10/2020;7 375;7 375;7 375;7 375;15;110 625;0.34%
21/10/2020;7 305;7 305;7 305;7 305;7;51 135;-0.95%
22/10/2020;7 200;7 300;7 300;7 200;164;1 189 000;-1.44%
23/10/2020;7 200;7 200;7 200;7 200;365;2 628 000;0.00%
26/10/2020;7 300;7 200;7 300;7 200;20 025;145 181 250;1.39%
27/10/2020;7 250;7 200;7 250;7 200;714;5 158 650;-0.68%
28/10/2020;7 200;7 200;7 200;7 200;753;5 421 600;-0.69%
29/10/2020;7 200;7 200;7 200;7 200;753;5 421 600;0.00%
30/10/2020;7 240;7 200;7 240;7 200;562;4 057 640;0.56%
02/11/2020;7 250;7 240;7 250;7 240;37;268 065;0.14%
03/11/2020;7 300;7 250;7 300;7 250;255;1 855 125;0.69%
04/11/2020;7 350;7 300;7 350;7 300;80;586 000;0.68%
05/11/2020;7 375;7 200;7 375;7 200;120;874 500;0.34%
09/11/2020;7 390;7 500;7 500;7 390;77;573 265;0.20%
10/11/2020;7 395;7 300;7 395;7 300;96;705 360;0.07%
11/11/2020;7 400;7 300;7 400;7 300;2 021;14 854 350;0.07%
13/11/2020;7 350;7 250;7 350;7 250;25 146;183 565 800;-0.68%
16/11/2020;7 400;7 400;7 400;7 400;15;111 000;0.68%
17/11/2020;7 400;7 305;7 400;7 305;683;5 021 758;0.00%
18/11/2020;7 400;7 400;7 400;7 400;2;14 800;0.00%
19/11/2020;7 400;7 400;7 400;7 400;193;1 428 200;0.00%
20/11/2020;7 600;7 600;7 600;7 600;1;7 600;2.70%
23/11/2020;7 400;7 350;7 400;7 350;39;287 625;-2.63%
24/11/2020;7 400;7 400;7 400;7 400;1 635;12 099 000;0.00%
25/11/2020;7 395;7 300;7 395;7 300;2 624;19 279 840;-0.07%
26/11/2020;7 395;7 300;7 395;7 300;2 718;19 970 505;0.00%
27/11/2020;7 400;7 350;7 400;7 350;700;5 162 500;0.07%
30/11/2020;7 500;7 500;7 500;7 500;3;22 500;1.35%
01/12/2020;7 550;7 495;7 550;7 495;238;1 790 355;0.67%
02/12/2020;7 600;7 500;7 600;7 500;10 011;75 583 050;0.66%
03/12/2020;7 600;7 600;7 600;7 600;2;15 200;0.00%
04/12/2020;7 600;7 500;7 600;7 500;10 001;75 507 550;0.00%
09/12/2020;7 600;7 450;7 600;7 450;949;7 141 225;0.00%
11/12/2020;7 700;7 445;7 700;7 445;940;7 118 150;1.32%
15/12/2020;7 690;7 445;7 690;7 445;528;3 995 640;-0.13%
16/12/2020;7 700;7 450;7 700;7 450;110;833 250;0.13%
18/12/2020;7 800;7 700;7 800;7 700;120;930 000;1.30%
21/12/2020;7 795;7 700;7 795;7 700;19;147 203;-0.06%
22/12/2020;7 795;7 445;7 795;7 445;100;762 000;0.00%
23/12/2020;7 700;7 700;7 700;7 700;8;61 600;-1.22%
24/12/2020;7 790;7 790;7 790;7 790;25;194 750;1.17%
25/12/2020;7 790;7 790;7 790;7 790;25;194 750;0.00%
28/12/2020;7 785;7 795;7 795;7 785;205;1 596 950;-0.06%
29/12/2020;7 790;7 790;7 790;7 790;240;1 869 600;0.06%
30/12/2020;8 000;7 785;8 000;7 785;10 933;86 288 703;2.70%
31/12/2020;8 100;7 700;8 100;7 700;2 495;19 710 500;1.25%
04/01/2021;8 200;7 500;8 200;7 500;260;2 041 000;1.23%
05/01/2021;8 185;8 050;8 185;8 050;180;1 461 150;-0.18%
06/01/2021;8 175;8 175;8 175;8 175;30;245 250;-0.12%
07/01/2021;8 180;8 180;8 180;8 180;20;163 600;0.06%
12/01/2021;7 985;7 990;7 990;7 985;274;2 188 575;-2.38%
13/01/2021;7 800;7 900;7 900;7 800;617;4 843 450;-2.32%
14/01/2021;7 790;7 445;7 790;7 445;1 699;12 942 133;-0.13%
15/01/2021;7 690;7 690;7 690;7 690;65;499 850;-1.28%
18/01/2021;7 600;7 445;7 600;7 445;66;496 485;-1.17%
19/01/2021;7 700;7 685;7 700;7 685;85;653 863;1.32%
20/01/2021;7 900;7 900;7 900;7 900;40;316 000;2.60%
22/01/2021;7 745;7 745;7 745;7 745;25;193 625;-1.96%
25/01/2021;7 745;7 450;7 745;7 450;95;721 763;0.00%
27/01/2021;7 745;7 745;7 745;7 745;335;2 594 575;0.00%
28/01/2021;7 700;7 710;7 710;7 700;50;385 250;-0.58%
01/02/2021;7 650;7 700;7 700;7 650;45;345 375;-0.65%
02/02/2021;7 800;7 800;7 800;7 800;10;78 000;1.96%
03/02/2021;7 750;7 700;7 750;7 700;792;6 118 200;-0.64%
04/02/2021;7 800;7 595;7 800;7 595;32;246 320;0.65%
05/02/2021;7 700;7 700;7 700;7 700;2;15 400;-1.28%
08/02/2021;7 700;7 500;7 700;7 500;36;273 600;0.00%
09/02/2021;7 650;7 650;7 650;7 650;39;298 350;-0.65%
11/02/2021;7 650;7 650;7 650;7 650;195;1 491 750;0.00%
12/02/2021;7 650;7 650;7 650;7 650;2;15 300;0.00%
15/02/2021;7 600;7 640;7 640;7 600;915;6 972 300;-0.65%
17/02/2021;7 595;7 400;7 595;7 400;291;2 181 773;-0.07%
19/02/2021;7 595;7 595;7 595;7 595;10;75 950;0.00%
22/02/2021;7 590;7 500;7 590;7 500;7 135;53 833 575;-0.07%
23/02/2021;7 690;7 500;7 690;7 500;346;2 627 870;1.32%
24/02/2021;7 690;7 690;7 690;7 690;5;38 450;0.00%
25/02/2021;7 600;7 500;7 600;7 500;3 455;26 085 250;-1.17%
26/02/2021;7 600;7 600;7 600;7 600;35;266 000;0.00%
01/03/2021;7 600;7 500;7 600;7 500;333;2 514 150;0.00%
02/03/2021;7 600;7 500;7 600;7 500;133;1 004 150;0.00%
03/03/2021;7 600;7 500;7 600;7 500;82;619 100;0.00%
04/03/2021;7 600;7 600;7 600;7 600;4;30 400;0.00%
05/03/2021;7 600;7 600;7 600;7 600;63;478 800;0.00%
09/03/2021;7 600;7 500;7 600;7 500;37;279 350;0.00%
10/03/2021;7 595;7 595;7 595;7 595;5;37 975;-0.07%
11/03/2021;7 595;7 500;7 595;7 500;376;2 837 860;0.00%
12/03/2021;7 595;7 595;7 595;7 595;45;341 775;0.00%
15/03/2021;7 585;7 600;7 600;7 585;131;994 618;-0.13%
16/03/2021;7 595;7 595;7 595;7 595;10;75 950;0.13%
17/03/2021;7 590;7 500;7 590;7 500;9;67 905;-0.07%
18/03/2021;7 595;7 600;7 600;7 595;295;2 241 263;0.07%
19/03/2021;7 580;7 585;7 585;7 580;106;803 745;-0.20%
22/03/2021;7 580;7 585;7 585;7 580;14;106 155;0.00%
24/03/2021;7 585;7 445;7 585;7 445;117;879 255;0.07%
25/03/2021;7 580;7 415;7 580;7 415;269;2 016 828;-0.07%
26/03/2021;7 580;7 500;7 580;7 500;493;3 717 220;0.00%
29/03/2021;7 585;7 580;7 585;7 580;14;106 155;0.07%
30/03/2021;7 580;7 585;7 585;7 580;364;2 760 030;-0.07%
31/03/2021;7 600;7 550;7 600;7 550;165;1 249 875;0.26%
01/04/2021;7 600;7 600;7 600;7 600;30;228 000;0.00%
02/04/2021;7 600;7 600;7 600;7 600;166;1 261 600;0.00%
05/04/2021;7 600;7 600;7 600;7 600;166;1 261 600;0.00%
07/04/2021;7 600;7 525;7 600;7 525;682;5 157 625;0.00%
08/04/2021;7 600;7 600;7 600;7 600;60;456 000;0.00%
09/04/2021;7 600;7 500;7 600;7 500;3 358;25 352 900;0.00%
12/04/2021;7 600;7 600;7 600;7 600;47;357 200;0.00%
13/04/2021;7 700;7 500;7 700;7 500;1 855;14 098 000;1.32%
14/04/2021;7 600;7 500;7 600;7 500;3 313;25 013 150;-1.30%
16/04/2021;7 550;7 500;7 550;7 500;2 149;16 171 225;-0.66%
19/04/2021;7 550;7 550;7 550;7 550;25;188 750;0.00%
20/04/2021;7 500;7 495;7 500;7 495;112;839 720;-0.66%
21/04/2021;7 500;7 500;7 500;7 500;314;2 355 000;0.00%
22/04/2021;7 500;7 500;7 500;7 500;201;1 507 500;0.00%
23/04/2021;7 490;7 495;7 495;7 490;1 933;14 483 003;-0.13%
26/04/2021;7 500;7 490;7 500;7 490;382;2 863 090;0.13%
27/04/2021;7 800;7 800;7 800;7 800;15;117 000;4.00%
29/04/2021;7 695;7 795;7 795;7 695;1 890;14 638 050;-1.35%
30/04/2021;7 795;7 500;7 795;7 500;367;2 806 633;1.30%
03/05/2021;8 200;7 795;8 200;7 795;1 274;10 188 815;5.20%
04/05/2021;8 400;8 195;8 400;8 195;168;1 393 980;2.44%
05/05/2021;8 400;8 300;8 400;8 300;266;2 221 100;0.00%
07/05/2021;8 400;8 400;8 400;8 400;100;840 000;0.00%
10/05/2021;8 290;8 290;8 290;8 290;80;663 200;-1.31%
11/05/2021;8 290;8 290;8 290;8 290;37;306 730;0.00%
12/05/2021;8 290;8 290;8 290;8 290;37;306 730;0.00%
14/05/2021;8 000;7 795;8 000;7 795;801;6 325 898;-3.50%
17/05/2021;8 200;7 700;8 200;7 700;150;1 192 500;2.50%
18/05/2021;8 200;8 200;8 200;8 200;10;82 000;0.00%
20/05/2021;8 000;8 000;8 000;8 000;50;400 000;-2.44%
21/05/2021;7 800;8 000;8 000;7 800;2 150;16 985 000;-2.50%
24/05/2021;7 800;8 000;8 000;7 800;2 150;16 985 000;0.00%
25/05/2021;7 790;7 800;7 800;7 790;134;1 044 530;-0.13%
26/05/2021;7 790;7 790;7 790;7 790;61;475 190;0.00%
27/05/2021;7 790;7 790;7 790;7 790;150;1 168 500;0.00%
31/05/2021;7 695;7 695;7 695;7 695;31;238 545;-1.22%
01/06/2021;7 695;7 650;7 695;7 650;44;337 590;0.00%
02/06/2021;7 690;7 695;7 695;7 690;8;61 540;-0.06%
03/06/2021;7 690;7 500;7 690;7 500;918;6 972 210;0.00%
04/06/2021;7 800;7 500;7 800;7 500;1 699;12 997 350;1.43%
07/06/2021;7 800;7 645;7 800;7 645;275;2 123 688;0.00%
08/06/2021;7 800;7 800;7 800;7 800;545;4 251 000;0.00%
09/06/2021;7 800;7 800;7 800;7 800;75;585 000;0.00%
10/06/2021;7 800;7 800;7 800;7 800;90;702 000;0.00%
11/06/2021;7 955;7 600;7 955;7 600;107;832 193;1.99%
14/06/2021;8 000;8 000;8 000;8 000;40;320 000;0.57%
15/06/2021;8 000;8 000;8 000;8 000;16;128 000;0.00%
16/06/2021;8 000;8 000;8 000;8 000;75;600 000;0.00%
17/06/2021;8 000;8 000;8 000;8 000;120;960 000;0.00%
21/06/2021;8 000;8 000;8 000;8 000;216;1 728 000;0.00%
22/06/2021;7 995;8 000;8 000;7 995;22;175 945;-0.06%
23/06/2021;7 995;7 995;7 995;7 995;65;519 675;0.00%
24/06/2021;8 290;7 400;8 290;7 400;1 172;9 194 340;3.69%
28/06/2021;8 000;8 000;8 000;8 000;5;40 000;-3.50%
29/06/2021;8 300;8 000;8 300;8 000;1 656;13 496 400;3.75%
02/07/2021;8 000;7 955;8 000;7 955;1 910;15 237 025;-3.61%
05/07/2021;8 050;8 050;8 050;8 050;2;16 100;0.63%
06/07/2021;8 000;8 050;8 050;8 000;610;4 895 250;-0.62%
07/07/2021;8 000;8 000;8 000;8 000;5;40 000;0.00%
08/07/2021;7 995;7 995;7 995;7 995;41;327 795;-0.06%
09/07/2021;7 850;7 895;7 895;7 850;92;724 270;-1.81%
12/07/2021;7 850;7 410;7 850;7 410;925;7 057 750;0.00%
13/07/2021;7 850;7 790;7 850;7 790;585;4 574 700;0.00%
14/07/2021;7 865;7 750;7 865;7 750;168;1 311 660;0.19%
15/07/2021;7 900;7 850;7 900;7 850;380;2 992 500;0.45%
16/07/2021;7 900;7 900;7 900;7 900;160;1 264 000;0.00%
19/07/2021;7 900;7 990;7 990;7 900;326;2 590 070;0.00%
20/07/2021;7 900;7 990;7 990;7 900;326;2 590 070;0.00%
21/07/2021;7 965;7 900;7 965;7 900;40;317 300;0.82%
22/07/2021;8 200;8 000;8 200;8 000;3 429;27 774 900;2.95%
23/07/2021;8 300;8 200;8 300;8 200;1 008;8 316 000;1.22%
26/07/2021;8 295;8 200;8 295;8 200;88;725 780;-0.06%
27/07/2021;8 295;8 295;8 295;8 295;53;439 635;0.00%
28/07/2021;8 295;8 300;8 300;8 295;243;2 016 293;0.00%
29/07/2021;8 200;8 295;8 295;8 200;73;602 068;-1.15%
30/07/2021;8 275;8 200;8 275;8 200;1 020;8 402 250;0.91%
02/08/2021;8 200;8 200;8 200;8 200;1 804;14 792 800;-0.91%
04/08/2021;8 200;8 200;8 200;8 200;101;828 200;0.00%
05/08/2021;8 200;8 180;8 200;8 180;2 232;18 280 080;0.00%
06/08/2021;8 200;8 200;8 200;8 200;10;82 000;0.00%
09/08/2021;8 195;8 195;8 195;8 195;10;81 950;-0.06%
10/08/2021;8 200;8 000;8 200;8 000;692;5 605 200;0.06%
11/08/2021;8 200;8 000;8 200;8 000;60;486 000;0.00%
12/08/2021;8 150;8 150;8 150;8 150;33;268 950;-0.61%
13/08/2021;8 200;8 150;8 200;8 150;5 707;46 654 725;0.61%
17/08/2021;8 200;8 100;8 200;8 100;93;757 950;0.00%
18/08/2021;8 200;8 150;8 200;8 150;240;1 962 000;0.00%
19/08/2021;8 200;8 200;8 200;8 200;102;836 400;0.00%
20/08/2021;8 195;8 195;8 195;8 195;300;2 458 500;-0.06%
23/08/2021;8 200;8 200;8 200;8 200;228;1 869 600;0.06%
24/08/2021;8 400;8 200;8 400;8 200;1 904;15 803 200;2.44%
25/08/2021;8 600;8 400;8 600;8 400;620;5 270 000;2.38%
27/08/2021;8 615;8 500;8 615;8 500;180;1 540 350;0.17%
30/08/2021;8 600;8 600;8 600;8 600;53;455 800;-0.17%
31/08/2021;9 000;8 770;9 000;8 770;228;2 025 780;4.65%
01/09/2021;9 150;9 200;9 200;9 150;58;532 150;1.67%
02/09/2021;9 000;9 120;9 120;9 000;3 628;32 869 680;-1.64%
03/09/2021;8 900;8 995;8 995;8 900;593;5 305 868;-1.11%
07/09/2021;8 800;8 890;8 890;8 800;255;2 255 475;-1.12%
08/09/2021;8 745;8 700;8 745;8 700;251;2 189 348;-0.63%
09/09/2021;8 700;8 745;8 745;8 700;317;2 765 033;-0.51%
10/09/2021;8 700;8 700;8 700;8 700;55;478 500;0.00%
13/09/2021;8 745;8 700;8 745;8 700;1 086;9 472 635;0.52%
14/09/2021;8 745;8 700;8 745;8 700;78;680 355;0.00%
15/09/2021;8 745;8 700;8 745;8 700;137;1 194 983;0.00%
16/09/2021;8 700;8 700;8 700;8 700;543;4 724 100;-0.51%
17/09/2021;8 700;8 700;8 700;8 700;265;2 305 500;0.00%
20/09/2021;8 700;8 700;8 700;8 700;100;870 000;0.00%
21/09/2021;8 695;8 695;8 695;8 695;180;1 565 100;-0.06%
22/09/2021;8 700;8 700;8 700;8 700;1 979;17 217 300;0.06%
23/09/2021;8 700;8 700;8 700;8 700;471;4 097 700;0.00%
24/09/2021;9 000;8 695;9 000;8 695;2 090;18 491 275;3.45%
27/09/2021;9 200;9 000;9 200;9 000;468;4 258 800;2.22%
28/09/2021;9 500;9 195;9 500;9 195;1 173;10 964 618;3.26%
29/09/2021;9 500;9 200;9 500;9 200;16;149 600;0.00%
30/09/2021;9 500;9 200;9 500;9 200;730;6 825 500;0.00%
01/10/2021;9 300;9 300;9 300;9 300;313;2 910 900;-2.11%
05/10/2021;9 300;9 300;9 300;9 300;497;4 622 100;0.00%
06/10/2021;9 500;9 300;9 500;9 300;250;2 350 000;2.15%
07/10/2021;9 300;9 000;9 300;9 000;1 179;10 787 850;-2.11%
08/10/2021;9 300;9 300;9 300;9 300;97;902 100;0.00%
11/10/2021;9 300;9 300;9 300;9 300;567;5 273 100;0.00%
12/10/2021;9 300;9 200;9 300;9 200;660;6 105 000;0.00%
13/10/2021;9 300;9 100;9 300;9 100;21;193 200;0.00%
14/10/2021;9 295;9 200;9 295;9 200;102;943 245;-0.05%
15/10/2021;9 300;9 150;9 300;9 150;324;2 988 900;0.05%
18/10/2021;9 300;9 150;9 300;9 150;324;2 988 900;0.00%
19/10/2021;9 300;9 300;9 300;9 300;712;6 621 600;0.00%
20/10/2021;9 300;9 300;9 300;9 300;2 455;22 831 500;0.00%
21/10/2021;9 300;9 250;9 300;9 250;36;333 900;0.00%
22/10/2021;9 300;9 300;9 300;9 300;28;260 400;0.00%
25/10/2021;9 295;9 200;9 295;9 200;985;9 108 788;-0.05%
26/10/2021;9 500;9 000;9 500;9 000;1 956;18 093 000;2.21%
27/10/2021;9 300;9 300;9 300;9 300;7;65 100;-2.11%
28/10/2021;9 270;9 290;9 290;9 270;398;3 693 440;-0.32%
29/10/2021;9 250;9 265;9 265;9 250;205;1 897 788;-0.22%
01/11/2021;9 250;9 265;9 265;9 250;205;1 897 788;0.00%
02/11/2021;9 250;9 250;9 250;9 250;2;18 500;0.00%
03/11/2021;9 250;9 250;9 250;9 250;50;462 500;0.00%
04/11/2021;9 240;9 250;9 250;9 240;315;2 912 175;-0.11%
05/11/2021;9 250;9 150;9 250;9 150;87;800 400;0.11%
08/11/2021;9 150;9 150;9 150;9 150;559;5 114 850;-1.08%
09/11/2021;9 150;9 150;9 150;9 150;121;1 107 150;0.00%
10/11/2021;9 200;9 245;9 245;9 200;35;322 788;0.55%
11/11/2021;9 150;9 150;9 150;9 150;85;777 750;-0.54%
12/11/2021;9 245;9 245;9 245;9 245;20;184 900;1.04%
15/11/2021;9 245;9 245;9 245;9 245;20;184 900;0.00%
16/11/2021;9 145;9 150;9 150;9 145;124;1 134 290;-1.08%
17/11/2021;9 120;9 150;9 150;9 120;145;1 324 575;-0.27%
18/11/2021;9 110;9 120;9 120;9 110;372;3 390 780;-0.11%
19/11/2021;9 200;9 100;9 200;9 100;1 966;17 988 900;0.99%
22/11/2021;9 250;9 200;9 250;9 200;168;1 549 800;0.54%
23/11/2021;9 200;9 245;9 245;9 200;380;3 504 550;-0.54%
24/11/2021;9 200;9 200;9 200;9 200;1 112;10 230 400;0.00%
25/11/2021;9 200;9 200;9 200;9 200;541;4 977 200;0.00%
29/11/2021;9 200;9 100;9 200;9 100;146;1 335 900;0.00%
30/11/2021;9 150;9 050;9 150;9 050;3;27 300;-0.54%
01/12/2021;9 100;9 100;9 100;9 100;11;100 100;-0.55%
02/12/2021;9 200;9 050;9 200;9 050;791;7 217 875;1.10%
03/12/2021;9 100;9 100;9 100;9 100;675;6 142 500;-1.09%
06/12/2021;9 050;9 095;9 095;9 050;638;5 788 255;-0.55%
07/12/2021;9 050;9 010;9 050;9 010;672;6 068 160;0.00%
08/12/2021;9 050;9 010;9 050;9 010;259;2 338 770;0.00%
10/12/2021;9 000;9 010;9 010;9 000;1 420;12 787 100;-0.55%
13/12/2021;9 150;9 150;9 150;9 150;60;549 000;1.67%
14/12/2021;9 150;9 150;9 150;9 150;860;7 869 000;0.00%
15/12/2021;9 300;9 150;9 300;9 150;5 293;48 827 925;1.64%
16/12/2021;9 500;9 175;9 500;9 175;1 055;9 851 063;2.15%
17/12/2021;9 500;9 300;9 500;9 300;121;1 137 400;0.00%
20/12/2021;9 500;9 400;9 500;9 400;156;1 474 200;0.00%
21/12/2021;10 000;9 500;10 000;9 500;4 669;45 522 750;5.26%
23/12/2021;9 700;9 500;9 700;9 500;1 989;19 094 400;-3.00%
24/12/2021;9 850;9 650;9 850;9 650;665;6 483 750;1.55%
27/12/2021;9 200;9 700;9 700;9 200;1 059;10 007 550;-6.60%
28/12/2021;9 005;9 200;9 200;9 005;333;3 031 133;-2.12%
29/12/2021;9 680;9 005;9 680;9 005;1 458;13 621 365;7.50%
30/12/2021;10 405;9 500;10 405;9 500;3 870;38 516 175;7.49%
31/12/2021;10 500;10 495;10 500;10 495;6 100;64 034 750;0.91%
04/01/2022;10 710;10 710;10 710;10 710;3 785;40 537 350;2.00%
05/01/2022;9 910;10 500;10 500;9 910;52;530 660;-7.47%
06/01/2022;10 395;10 395;10 395;10 395;30;311 850;4.89%
07/01/2022;10 375;9 910;10 375;9 910;53;537 553;-0.19%
10/01/2022;10 385;10 375;10 385;10 375;53;550 140;0.10%
12/01/2022;10 375;10 320;10 375;10 320;830;8 588 425;-0.10%
13/01/2022;10 375;10 355;10 375;10 355;75;777 375;0.00%
17/01/2022;10 350;10 000;10 350;10 000;19;193 325;-0.24%
18/01/2022;10 350;10 350;10 350;10 350;1;10 350;0.00%
20/01/2022;10 350;10 320;10 350;10 320;50;516 750;0.00%
21/01/2022;10 300;10 300;10 300;10 300;5;51 500;-0.48%
26/01/2022;10 230;10 230;10 230;10 230;25;255 750;-0.68%
27/01/2022;10 000;10 000;10 000;10 000;1 115;11 150 000;-2.25%
28/01/2022;10 140;9 900;10 140;9 900;1 681;16 843 620;1.40%
31/01/2022;10 000;10 000;10 000;10 000;67;670 000;-1.38%
01/02/2022;10 000;10 000;10 000;10 000;14;140 000;0.00%
02/02/2022;9 950;10 000;10 000;9 950;2 082;20 767 950;-0.50%
03/02/2022;9 900;9 900;9 900;9 900;546;5 405 400;-0.50%
04/02/2022;9 850;9 180;9 850;9 180;112;1 065 680;-0.51%
07/02/2022;9 500;9 200;9 500;9 200;24;224 400;-3.55%
08/02/2022;9 500;9 500;9 500;9 500;5 789;54 995 500;0.00%
09/02/2022;9 970;9 450;9 970;9 450;1 249;12 127 790;4.95%
10/02/2022;10 000;9 750;10 000;9 750;100;987 500;0.30%
11/02/2022;10 700;10 000;10 700;10 000;745;7 710 750;7.00%
14/02/2022;10 800;10 600;10 800;10 600;1 016;10 871 200;0.93%
15/02/2022;10 800;10 045;10 800;10 045;5 007;52 185 458;0.00%
16/02/2022;10 800;10 800;10 800;10 800;2 310;24 948 000;0.00%
17/02/2022;10 995;10 500;10 995;10 500;686;7 372 785;1.81%
18/02/2022;10 800;10 800;10 800;10 800;112;1 209 600;-1.77%
21/02/2022;10 800;10 800;10 800;10 800;50;540 000;0.00%
22/02/2022;10 800;10 250;10 800;10 250;533;5 609 825;0.00%
23/02/2022;10 790;10 250;10 790;10 250;282;2 966 640;-0.09%
25/02/2022;10 745;10 510;10 745;10 510;1 030;10 946 325;-0.42%
28/02/2022;10 500;10 790;10 790;10 500;580;6 174 100;-2.28%
01/03/2022;10 100;10 500;10 500;10 100;702;7 230 600;-3.81%
02/03/2022;10 010;10 010;10 010;10 010;1 363;13 643 630;-0.89%
03/03/2022;10 005;10 025;10 025;10 005;1 519;15 212 785;-0.05%
04/03/2022;10 750;10 750;10 750;10 750;52;559 000;7.45%
07/03/2022;10 700;10 700;10 700;10 700;1;10 700;-0.47%
09/03/2022;10 500;10 500;10 500;10 500;10;105 000;-1.87%
10/03/2022;10 500;9 900;10 500;9 900;941;9 598 200;0.00%
11/03/2022;10 400;9 900;10 400;9 900;599;6 079 850;-0.95%
14/03/2022;10 400;10 400;10 400;10 400;106;1 102 400;0.00%
16/03/2022;10 200;10 200;10 200;10 200;16;163 200;-1.92%
17/03/2022;10 300;10 205;10 300;10 205;42;430 605;0.98%
18/03/2022;10 305;10 300;10 305;10 300;13;133 933;0.05%
21/03/2022;10 305;10 305;10 305;10 305;2;20 610;0.00%
22/03/2022;10 305;10 305;10 305;10 305;5;51 525;0.00%
23/03/2022;10 300;10 305;10 305;10 300;19;195 748;-0.05%
24/03/2022;10 300;10 300;10 300;10 300;5;51 500;0.00%
25/03/2022;10 145;10 305;10 305;10 145;900;9 202 500;-1.50%
28/03/2022;10 000;10 150;10 150;10 000;57;574 275;-1.43%
29/03/2022;10 200;9 900;10 200;9 900;1 042;10 472 100;2.00%
30/03/2022;10 050;10 100;10 100;10 050;7;70 525;-1.47%
31/03/2022;10 000;9 850;10 000;9 850;1 343;13 329 275;-0.50%
01/04/2022;9 800;9 995;9 995;9 800;35;346 413;-2.00%
04/04/2022;9 505;9 800;9 800;9 505;427;4 121 618;-3.01%
05/04/2022;9 700;9 500;9 700;9 500;179;1 718 400;2.05%
06/04/2022;9 700;9 625;9 700;9 625;1 085;10 483 813;0.00%
07/04/2022;9 795;9 795;9 795;9 795;397;3 888 615;0.98%
08/04/2022;9 700;9 790;9 790;9 700;44;428 780;-0.97%
11/04/2022;9 790;9 505;9 790;9 505;374;3 608 165;0.93%
12/04/2022;9 750;9 790;9 790;9 750;68;664 360;-0.41%
13/04/2022;9 750;9 750;9 750;9 750;30;292 500;0.00%
14/04/2022;9 750;9 700;9 750;9 700;126;1 225 350;0.00%
15/04/2022;9 790;9 790;9 790;9 790;5;48 950;0.41%
19/04/2022;9 790;9 790;9 790;9 790;40;391 600;0.00%
20/04/2022;9 700;9 775;9 775;9 700;436;4 245 550;-0.92%
21/04/2022;9 600;9 700;9 700;9 600;66;636 900;-1.03%
22/04/2022;9 600;9 600;9 600;9 600;3 080;29 568 000;0.00%
25/04/2022;9 600;9 600;9 600;9 600;70;672 000;0.00%
26/04/2022;9 600;9 550;9 600;9 550;81;775 575;0.00%
27/04/2022;9 500;9 555;9 555;9 500;3 538;33 708 295;-1.04%
28/04/2022;9 500;9 555;9 555;9 500;3 538;33 708 295;0.00%
29/04/2022;9 690;9 300;9 690;9 300;2 065;19 607 175;2.00%
02/05/2022;9 690;9 300;9 690;9 300;2 065;19 607 175;0.00%
03/05/2022;9 600;9 600;9 600;9 600;16;153 600;-0.93%
04/05/2022;9 600;8 880;9 600;8 880;449;4 148 760;0.00%
05/05/2022;9 600;8 880;9 600;8 880;449;4 148 760;0.00%
06/05/2022;9 600;9 600;9 600;9 600;1;9 600;0.00%
09/05/2022;9 600;9 600;9 600;9 600;1;9 600;0.00%
10/05/2022;9 595;9 010;9 595;9 010;8;74 420;-0.05%
11/05/2022;9 500;9 500;9 500;9 500;3;28 500;-0.99%
12/05/2022;9 500;9 500;9 500;9 500;3;28 500;0.00%
13/05/2022;9 300;9 595;9 595;9 300;144;1 360 440;-2.11%
16/05/2022;9 500;9 600;9 600;9 500;1 962;18 737 100;2.15%
17/05/2022;9 590;9 100;9 590;9 100;1 056;9 868 320;0.95%
18/05/2022;9 590;9 100;9 590;9 100;1 056;9 868 320;0.00%
19/05/2022;9 200;9 200;9 200;9 200;5;46 000;-4.07%
20/05/2022;9 200;9 500;9 500;9 200;80;748 000;0.00%
23/05/2022;9 500;9 100;9 500;9 100;245;2 278 500;3.26%
24/05/2022;9 500;9 100;9 500;9 100;245;2 278 500;0.00%
25/05/2022;9 200;9 500;9 500;9 200;45;420 750;-3.16%
26/05/2022;9 200;9 500;9 500;9 200;45;420 750;0.00%
27/05/2022;9 700;9 005;9 700;9 005;225;2 104 313;5.43%
30/05/2022;9 700;9 005;9 700;9 005;225;2 104 313;0.00%
31/05/2022;9 700;9 700;9 700;9 700;50;485 000;0.00%
01/06/2022;9 700;9 700;9 700;9 700;1;9 700;0.00%
02/06/2022;9 500;9 200;9 500;9 200;175;1 636 250;-2.06%
03/06/2022;9 500;9 005;9 500;9 005;3 081;28 506 953;0.00%
06/06/2022;9 500;9 005;9 500;9 005;3 081;28 506 953;0.00%
07/06/2022;9 695;9 550;9 695;9 550;1 420;13 663 950;2.05%
08/06/2022;9 695;9 550;9 695;9 550;1 420;13 663 950;0.00%
09/06/2022;9 425;9 445;9 445;9 425;1 120;10 567 200;-2.78%
10/06/2022;9 445;9 445;9 445;9 445;40;377 800;0.21%
13/06/2022;9 175;9 100;9 175;9 100;1 370;12 518 375;-2.86%
14/06/2022;9 175;9 170;9 175;9 170;195;1 788 638;0.00%
15/06/2022;9 175;9 105;9 175;9 105;2 263;20 683 820;0.00%
16/06/2022;9 175;9 175;9 175;9 175;33;302 775;0.00%
17/06/2022;9 175;9 175;9 175;9 175;63;578 025;0.00%
20/06/2022;9 150;9 175;9 175;9 150;548;5 021 050;-0.27%
21/06/2022;9 200;9 175;9 200;9 175;528;4 851 000;0.55%
22/06/2022;9 200;9 170;9 200;9 170;1 330;12 216 050;0.00%
23/06/2022;9 200;9 200;9 200;9 200;1 362;12 530 400;0.00%
24/06/2022;9 200;9 200;9 200;9 200;100;920 000;0.00%
27/06/2022;9 100;9 200;9 200;9 100;305;2 790 750;-1.09%
28/06/2022;9 100;9 200;9 200;9 100;119;1 088 850;0.00%
29/06/2022;9 100;9 110;9 110;9 100;399;3 632 895;0.00%
30/06/2022;8 850;9 000;9 000;8 850;103;919 275;-2.75%
01/07/2022;8 850;8 905;8 905;8 850;218;1 935 295;0.00%
04/07/2022;8 600;9 035;9 035;8 600;33;290 978;-2.82%
05/07/2022;8 600;8 610;8 610;8 600;82;705 610;0.00%
06/07/2022;8 990;8 900;8 990;8 900;143;1 279 135;4.53%
07/07/2022;8 895;8 895;8 895;8 895;183;1 627 785;-1.06%
08/07/2022;8 750;8 895;8 895;8 750;22;194 095;-1.63%
11/07/2022;8 750;8 750;8 750;8 750;1 107;9 686 250;0.00%
12/07/2022;8 750;8 750;8 750;8 750;1 333;11 663 750;0.00%
13/07/2022;8 900;8 750;8 900;8 750;468;4 130 100;1.71%
14/07/2022;8 850;8 900;8 900;8 850;1 637;14 528 375;-0.56%
15/07/2022;8 900;8 900;8 900;8 900;3;26 700;0.56%
18/07/2022;8 900;8 900;8 900;8 900;288;2 563 200;0.00%
19/07/2022;9 120;9 000;9 120;9 000;633;5 734 980;2.47%
20/07/2022;9 000;9 100;9 100;9 000;99;895 950;-1.32%
21/07/2022;9 000;8 900;9 000;8 900;699;6 256 050;0.00%
22/07/2022;8 900;9 000;9 000;8 900;258;2 309 100;-1.11%
25/07/2022;9 000;8 900;9 000;8 900;777;6 954 150;1.12%
26/07/2022;9 000;8 550;9 000;8 550;301;2 641 275;0.00%
27/07/2022;8 995;8 850;8 995;8 850;343;3 060 418;-0.06%
28/07/2022;8 995;8 995;8 995;8 995;1 401;12 601 995;0.00%
29/07/2022;8 800;9 000;9 000;8 800;359;3 195 100;-2.17%
01/08/2022;9 000;8 995;9 000;8 995;109;980 728;2.27%
02/08/2022;9 000;8 405;9 000;8 405;601;5 230 203;0.00%
03/08/2022;9 000;9 000;9 000;9 000;5 193;46 737 000;0.00%
04/08/2022;9 000;9 100;9 100;9 000;327;2 959 350;0.00%
05/08/2022;9 000;9 000;9 000;9 000;86;774 000;0.00%
08/08/2022;9 000;9 000;9 000;9 000;86;774 000;0.00%
09/08/2022;9 000;9 000;9 000;9 000;252;2 268 000;0.00%
10/08/2022;8 900;8 900;8 900;8 900;409;3 640 100;-1.11%
11/08/2022;8 895;8 600;8 895;8 600;160;1 399 600;-0.06%
12/08/2022;8 895;8 895;8 895;8 895;634;5 639 430;0.00%
15/08/2022;8 895;8 895;8 895;8 895;634;5 639 430;0.00%
16/08/2022;8 890;8 900;8 900;8 890;55;489 225;-0.06%
17/08/2022;8 880;8 880;8 880;8 880;15;133 200;-0.11%
18/08/2022;8 900;8 600;8 900;8 600;1 173;10 263 750;0.23%
19/08/2022;9 000;8 600;9 000;8 600;176;1 548 800;1.12%
22/08/2022;9 000;9 000;9 000;9 000;315;2 835 000;0.00%
23/08/2022;8 870;8 995;8 995;8 870;326;2 911 995;-1.44%
24/08/2022;8 865;8 615;8 865;8 615;981;8 573 940;-0.06%
25/08/2022;8 860;8 865;8 865;8 860;403;3 571 588;-0.06%
26/08/2022;8 700;8 860;8 860;8 700;3 551;31 177 780;-1.81%
29/08/2022;8 700;8 800;8 800;8 700;561;4 908 750;0.00%
30/08/2022;8 700;8 700;8 700;8 700;2 892;25 160 400;0.00%
31/08/2022;8 700;8 700;8 700;8 700;871;7 577 700;0.00%
01/09/2022;8 700;8 700;8 700;8 700;695;6 046 500;0.00%
02/09/2022;8 690;8 550;8 690;8 550;130;1 120 600;-0.11%
05/09/2022;8 700;8 700;8 700;8 700;2 836;24 673 200;0.12%
06/09/2022;8 700;8 705;8 705;8 700;1 070;9 311 675;0.00%
07/09/2022;8 700;8 700;8 700;8 700;176;1 531 200;0.00%
08/09/2022;8 690;8 700;8 700;8 690;1 336;11 616 520;-0.11%
09/09/2022;8 690;8 680;8 690;8 680;19;165 015;0.00%
12/09/2022;8 700;9 000;9 000;8 700;767;6 787 950;0.12%
13/09/2022;8 995;8 800;8 995;8 800;55;489 363;3.39%
14/09/2022;8 800;8 990;8 990;8 800;82;729 390;-2.17%
15/09/2022;8 850;8 750;8 850;8 750;202;1 777 600;0.57%
16/09/2022;8 975;8 975;8 975;8 975;20;179 500;1.41%
19/09/2022;8 800;8 975;8 975;8 800;701;6 230 138;-1.95%
20/09/2022;8 970;8 975;8 975;8 970;120;1 076 700;1.93%
21/09/2022;8 970;8 970;8 970;8 970;52;466 440;0.00%
22/09/2022;8 800;8 800;8 800;8 800;3 928;34 566 400;-1.90%
23/09/2022;8 975;8 705;8 975;8 705;1 443;12 756 120;1.99%
26/09/2022;8 975;8 600;8 975;8 600;3 586;31 511 975;0.00%
27/09/2022;8 970;8 970;8 970;8 970;223;2 000 310;-0.06%
28/09/2022;8 975;8 970;8 975;8 970;4 159;37 316 628;0.06%
29/09/2022;8 960;8 975;8 975;8 960;525;4 707 938;-0.17%
30/09/2022;8 960;8 960;8 960;8 960;15;134 400;0.00%
03/10/2022;8 320;8 320;8 320;8 320;70;582 400;-7.14%
04/10/2022;8 400;8 320;8 400;8 320;79;660 440;0.96%
05/10/2022;8 500;8 500;8 500;8 500;5 303;45 075 500;1.19%
06/10/2022;8 500;8 500;8 500;8 500;545;4 632 500;0.00%
07/10/2022;8 875;8 500;8 875;8 500;822;7 141 125;4.41%
10/10/2022;8 550;8 875;8 875;8 550;548;4 774 450;-3.66%
11/10/2022;8 550;8 550;8 550;8 550;811;6 934 050;0.00%
12/10/2022;8 500;8 450;8 500;8 450;17;144 075;-0.58%
13/10/2022;8 500;8 550;8 550;8 500;592;5 046 800;0.00%
14/10/2022;8 550;8 550;8 550;8 550;902;7 712 100;0.59%
17/10/2022;8 500;8 550;8 550;8 500;1 009;8 601 725;-0.58%
18/10/2022;8 500;8 495;8 500;8 495;1 022;8 684 445;0.00%
19/10/2022;8 670;8 500;8 670;8 500;2 215;19 015 775;2.00%
20/10/2022;8 870;8 500;8 870;8 500;66;573 210;2.31%
21/10/2022;8 900;8 600;8 900;8 600;35;306 250;0.34%
24/10/2022;8 875;8 875;8 875;8 875;40;355 000;-0.28%
25/10/2022;8 900;8 490;8 900;8 490;1 758;15 285 810;0.28%
26/10/2022;8 875;8 900;8 900;8 875;65;577 688;-0.28%
27/10/2022;8 875;8 400;8 875;8 400;297;2 565 338;0.00%
28/10/2022;8 875;8 875;8 875;8 875;340;3 017 500;0.00%
31/10/2022;8 875;8 875;8 875;8 875;340;3 017 500;0.00%
02/11/2022;8 850;8 870;8 870;8 850;363;3 216 180;-0.28%
03/11/2022;8 875;8 500;8 875;8 500;105;912 188;0.28%
04/11/2022;8 875;8 875;8 875;8 875;39;346 125;0.00%
07/11/2022;8 875;8 875;8 875;8 875;10;88 750;0.00%
08/11/2022;8 875;8 875;8 875;8 875;191;1 695 125;0.00%
09/11/2022;8 860;8 875;8 875;8 860;8;70 940;-0.17%
10/11/2022;8 875;8 460;8 875;8 460;292;2 530 910;0.17%
11/11/2022;8 860;8 415;8 860;8 415;31;267 763;-0.17%
14/11/2022;8 860;8 415;8 860;8 415;31;267 763;0.00%
16/11/2022;8 800;8 860;8 860;8 800;97;856 510;-0.68%
17/11/2022;8 800;8 800;8 800;8 800;52;457 600;0.00%
18/11/2022;8 695;8 800;8 800;8 695;157;1 373 358;-1.19%
21/11/2022;8 695;8 695;8 695;8 695;378;3 286 710;0.00%
22/11/2022;8 700;8 700;8 700;8 700;98;852 600;0.06%
23/11/2022;8 695;8 695;8 695;8 695;164;1 425 980;-0.06%
24/11/2022;8 695;8 650;8 695;8 650;868;7 527 730;0.00%
25/11/2022;8 685;8 690;8 690;8 685;584;5 073 500;-0.12%
28/11/2022;8 685;8 685;8 685;8 685;460;3 995 100;0.00%
29/11/2022;8 495;8 500;8 500;8 495;70;594 825;-2.19%
30/11/2022;8 495;8 500;8 500;8 495;70;594 825;0.00%
01/12/2022;8 495;8 500;8 500;8 495;70;594 825;0.00%
02/12/2022;8 200;8 200;8 200;8 200;221;1 812 200;-3.47%
05/12/2022;8 485;8 200;8 485;8 200;90;750 825;3.48%
06/12/2022;8 500;8 485;8 500;8 485;3 236;27 481 730;0.18%
07/12/2022;8 450;8 450;8 450;8 450;415;3 506 750;-0.59%
08/12/2022;8 450;8 450;8 450;8 450;100;845 000;0.00%
09/12/2022;8 400;8 200;8 400;8 200;121;1 004 300;-0.59%
12/12/2022;8 400;8 400;8 400;8 400;17;142 800;0.00%
13/12/2022;8 400;8 200;8 400;8 200;420;3 486 000;0.00%
14/12/2022;8 400;8 300;8 400;8 300;73;609 550;0.00%
15/12/2022;8 690;8 400;8 690;8 400;2 119;18 106 855;3.45%
16/12/2022;8 400;8 400;8 400;8 400;67;562 800;-3.34%
19/12/2022;8 395;8 395;8 395;8 395;4 017;33 722 715;-0.06%
20/12/2022;8 450;8 300;8 450;8 300;827;6 926 125;0.66%
21/12/2022;8 395;8 400;8 400;8 395;247;2 074 183;-0.65%
22/12/2022;8 400;8 395;8 400;8 395;190;1 595 525;0.06%
23/12/2022;8 395;8 400;8 400;8 395;239;2 007 003;-0.06%
26/12/2022;8 395;8 400;8 400;8 395;239;2 007 003;0.00%
27/12/2022;8 390;8 400;8 400;8 390;872;7 320 440;-0.06%
28/12/2022;8 385;8 400;8 400;8 385;201;1 686 893;-0.06%
29/12/2022;8 385;8 255;8 385;8 255;216;1 797 120;0.00%
30/12/2022;8 390;8 390;8 390;8 390;938;7 869 820;0.06%
02/01/2023;8 385;8 385;8 385;8 385;19;159 315;-0.06%
03/01/2023;8 385;8 385;8 385;8 385;287;2 406 495;0.00%
04/01/2023;8 200;8 385;8 385;8 200;283;2 346 778;-2.21%
05/01/2023;8 200;8 150;8 200;8 150;101;825 675;0.00%
06/01/2023;8 200;8 200;8 200;8 200;286;2 345 200;0.00%
09/01/2023;8 195;8 200;8 200;8 195;3 061;25 092 548;-0.06%
10/01/2023;8 195;8 195;8 195;8 195;3 667;30 051 065;0.00%
11/01/2023;8 195;8 200;8 200;8 195;3 222;26 412 345;0.00%
12/01/2023;8 200;8 200;8 200;8 200;245;2 009 000;0.06%
13/01/2023;8 200;8 200;8 200;8 200;61;500 200;0.00%
16/01/2023;8 200;8 195;8 200;8 195;592;4 852 920;0.00%
17/01/2023;8 200;8 195;8 200;8 195;123;1 008 293;0.00%
18/01/2023;8 200;8 200;8 200;8 200;48;393 600;0.00%
19/01/2023;8 200;8 200;8 200;8 200;64;524 800;0.00%
20/01/2023;8 200;8 200;8 200;8 200;25;205 000;0.00%
23/01/2023;8 150;8 200;8 200;8 150;633;5 174 775;-0.61%
24/01/2023;8 100;8 195;8 195;8 100;817;6 656 508;-0.61%
25/01/2023;8 100;8 090;8 100;8 090;157;1 270 915;0.00%
26/01/2023;8 385;8 150;8 385;8 150;2 094;17 312 145;3.52%
27/01/2023;8 100;8 200;8 200;8 100;649;5 289 350;-3.40%
30/01/2023;8 200;8 100;8 200;8 100;703;5 729 450;1.23%
31/01/2023;8 385;8 200;8 385;8 200;1 293;10 722 203;2.26%
01/02/2023;8 400;8 385;8 400;8 385;824 169;6 916 838 333;0.18%
02/02/2023;8 385;8 385;8 385;8 385;99;830 115;-0.18%
03/02/2023;8 500;8 500;8 500;8 500;137;1 164 500;1.37%
06/02/2023;8 400;8 500;8 500;8 400;37;312 650;-1.18%
07/02/2023;8 400;8 400;8 400;8 400;117;982 800;0.00%
08/02/2023;8 650;8 595;8 650;8 595;321;2 767 823;2.98%
09/02/2023;8 645;8 650;8 650;8 645;466;4 029 735;-0.06%
10/02/2023;8 600;8 400;8 600;8 400;316;2 686 000;-0.52%
13/02/2023;8 590;8 400;8 590;8 400;40;339 800;-0.12%
14/02/2023;8 950;8 405;8 950;8 405;942;8 174 205;4.19%
15/02/2023;8 950;8 950;8 950;8 950;292;2 613 400;0.00%
16/02/2023;8 950;8 930;8 950;8 930;268;2 395 920;0.00%
17/02/2023;8 950;8 950;8 950;8 950;7;62 650;0.00%
20/02/2023;8 900;8 950;8 950;8 900;65;580 125;-0.56%
21/02/2023;8 890;8 890;8 890;8 890;290;2 578 100;-0.11%
22/02/2023;8 900;8 605;8 900;8 605;655;5 732 888;0.11%
23/02/2023;8 900;8 900;8 900;8 900;248;2 207 200;0.00%
24/02/2023;8 800;8 800;8 800;8 800;139;1 223 200;-1.12%
27/02/2023;8 800;8 800;8 800;8 800;635;5 588 000;0.00%
28/02/2023;8 800;8 800;8 800;8 800;72;633 600;0.00%
01/03/2023;8 800;8 510;8 800;8 510;114;986 670;0.00%
02/03/2023;8 800;8 800;8 800;8 800;78;686 400;0.00%
03/03/2023;8 950;8 600;8 950;8 600;623;5 466 825;1.70%
06/03/2023;8 950;8 950;8 950;8 950;74;662 300;0.00%
07/03/2023;8 950;8 950;8 950;8 950;12;107 400;0.00%
08/03/2023;8 900;8 900;8 900;8 900;80;712 000;-0.56%
09/03/2023;8 730;8 790;8 790;8 730;409;3 582 840;-1.91%
10/03/2023;8 900;8 730;8 900;8 730;833;7 342 895;1.95%
13/03/2023;8 900;8 900;8 900;8 900;28;249 200;0.00%
14/03/2023;8 900;8 900;8 900;8 900;331;2 945 900;0.00%
15/03/2023;8 900;8 800;8 900;8 800;39;345 150;0.00%
16/03/2023;8 850;8 850;8 850;8 850;36;318 600;-0.56%
17/03/2023;8 900;8 850;8 900;8 850;1 302;11 555 250;0.56%
20/03/2023;8 895;8 900;8 900;8 895;1 864;16 584 940;-0.06%
21/03/2023;8 900;8 895;8 900;8 895;13 114;116 681 815;0.06%
22/03/2023;8 900;8 900;8 900;8 900;213;1 895 700;0.00%
23/03/2023;8 900;8 750;8 900;8 750;2 753;24 295 225;0.00%
24/03/2023;8 900;8 900;8 900;8 900;310;2 759 000;0.00%
27/03/2023;8 850;8 900;8 900;8 850;127;1 127 125;-0.56%
28/03/2023;8 850;8 800;8 850;8 800;449;3 962 425;0.00%
29/03/2023;8 850;8 850;8 850;8 850;3 304;29 240 400;0.00%
30/03/2023;8 850;8 700;8 850;8 700;383;3 360 825;0.00%
31/03/2023;8 845;8 845;8 845;8 845;11;97 295;-0.06%
03/04/2023;8 500;8 845;8 845;8 500;187;1 621 758;-3.90%
04/04/2023;8 250;8 400;8 400;8 250;128;1 065 600;-2.94%
05/04/2023;8 200;8 250;8 250;8 200;197;1 620 325;-0.61%
06/04/2023;8 150;8 300;8 300;8 150;33;271 425;-0.61%
07/04/2023;8 150;8 150;8 150;8 150;75;611 250;0.00%
10/04/2023;8 150;8 150;8 150;8 150;75;611 250;0.00%
11/04/2023;8 150;7 585;8 150;7 585;560;4 405 800;0.00%
12/04/2023;8 000;8 200;8 200;8 000;489;3 960 900;-1.84%
13/04/2023;7 990;7 990;7 990;7 990;39;311 610;-0.13%
14/04/2023;7 990;7 990;7 990;7 990;70;559 300;0.00%
17/04/2023;7 990;7 990;7 990;7 990;1 172;9 364 280;0.00%
18/04/2023;7 990;7 990;7 990;7 990;1 172;9 364 280;0.00%
19/04/2023;7 980;7 990;7 990;7 980;1 175;9 382 375;-0.13%
20/04/2023;7 975;7 975;7 975;7 975;44;350 900;-0.06%
21/04/2023;7 975;7 975;7 975;7 975;44;350 900;0.00%
24/04/2023;7 980;8 000;8 000;7 980;90;719 100;0.06%
25/04/2023;7 975;7 980;7 980;7 975;1 938;15 460 395;-0.06%
26/04/2023;7 980;7 975;7 980;7 975;54;430 785;0.06%
27/04/2023;8 000;7 980;8 000;7 980;99;791 010;0.25%
28/04/2023;8 000;8 000;8 000;8 000;204;1 632 000;0.00%
01/05/2023;8 000;8 000;8 000;8 000;204;1 632 000;0.00%
02/05/2023;8 000;8 000;8 000;8 000;44;352 000;0.00%
03/05/2023;8 000;8 000;8 000;8 000;44;352 000;0.00%
04/05/2023;8 000;7 995;8 000;7 995;1 019;8 149 453;0.00%
05/05/2023;8 000;8 000;8 000;8 000;427;3 416 000;0.00%
08/05/2023;8 000;7 920;8 000;7 920;232;1 846 720;0.00%
09/05/2023;8 000;8 000;8 000;8 000;49;392 000;0.00%
10/05/2023;7 950;8 000;8 000;7 950;97;773 575;-0.63%
11/05/2023;8 000;7 950;8 000;7 950;452;3 604 700;0.63%
12/05/2023;8 000;8 000;8 000;8 000;209;1 672 000;0.00%
15/05/2023;8 000;8 000;8 000;8 000;162;1 296 000;0.00%
16/05/2023;8 000;8 000;8 000;8 000;573;4 584 000;0.00%
17/05/2023;8 000;8 000;8 000;8 000;109;872 000;0.00%
18/05/2023;8 000;8 000;8 000;8 000;109;872 000;0.00%
19/05/2023;7 995;8 000;8 000;7 995;518;4 142 705;-0.06%
22/05/2023;7 995;7 990;7 995;7 990;1 017;8 128 373;0.00%
23/05/2023;7 995;7 995;7 995;7 995;326;2 606 370;0.00%
24/05/2023;7 995;7 860;7 995;7 860;242;1 918 455;0.00%
25/05/2023;7 995;7 995;7 995;7 995;150;1 199 250;0.00%
26/05/2023;7 900;7 995;7 995;7 900;1 455;11 563 613;-1.19%
29/05/2023;7 900;7 995;7 995;7 900;1 455;11 563 613;0.00%
30/05/2023;7 800;7 900;7 900;7 800;432;3 391 200;-1.27%
31/05/2023;7 805;7 800;7 805;7 800;6;46 815;0.06%
01/06/2023;7 800;7 805;7 805;7 800;75;585 188;-0.06%
02/06/2023;7 805;7 805;7 805;7 805;52;405 860;0.06%
05/06/2023;7 900;7 900;7 900;7 900;127;1 003 300;1.22%
06/06/2023;7 900;7 900;7 900;7 900;452;3 570 800;0.00%
07/06/2023;7 810;7 900;7 900;7 810;655;5 145 025;-1.14%
08/06/2023;7 900;7 825;7 900;7 825;298;2 343 025;1.15%
09/06/2023;7 850;7 900;7 900;7 850;279;2 197 125;-0.63%
12/06/2023;7 850;7 900;7 900;7 850;275;2 165 625;0.00%
13/06/2023;8 000;7 850;8 000;7 850;1 787;14 161 975;1.91%
14/06/2023;8 000;8 000;8 000;8 000;323;2 584 000;0.00%
15/06/2023;7 905;8 000;8 000;7 905;151;1 200 828;-1.19%
16/06/2023;7 905;8 000;8 000;7 905;151;1 200 828;0.00%
19/06/2023;7 900;7 905;7 905;7 900;178;1 406 645;-0.06%
20/06/2023;7 900;7 900;7 900;7 900;184;1 453 600;0.00%
21/06/2023;7 890;7 895;7 895;7 890;132;1 041 810;-0.13%
22/06/2023;7 995;7 900;7 995;7 900;342;2 718 045;1.33%
23/06/2023;7 995;7 995;7 995;7 995;1;7 995;0.00%
26/06/2023;7 995;7 995;7 995;7 995;330;2 638 350;0.00%
27/06/2023;7 995;7 995;7 995;7 995;74;591 630;0.00%
28/06/2023;7 995;7 995;7 995;7 995;74;591 630;0.00%
29/06/2023;8 000;7 800;8 000;7 800;7 283;57 535 700;0.06%
30/06/2023;8 300;8 000;8 300;8 000;6 224;50 725 600;3.75%
03/07/2023;8 300;8 300;8 300;8 300;1 067;8 856 100;0.00%
04/07/2023;8 295;8 350;8 350;8 295;51;424 448;-0.06%
05/07/2023;8 280;8 300;8 300;8 280;144;1 193 760;-0.18%
06/07/2023;8 280;8 280;8 280;8 280;104;861 120;0.00%
07/07/2023;8 280;8 280;8 280;8 280;2;16 560;0.00%
10/07/2023;8 200;8 200;8 200;8 200;691;5 666 200;-0.97%
11/07/2023;8 150;8 200;8 200;8 150;90;735 750;-0.61%
12/07/2023;8 195;8 150;8 195;8 150;282;2 304 645;0.55%
13/07/2023;8 195;8 195;8 195;8 195;115;942 425;0.00%
14/07/2023;8 190;8 195;8 195;8 190;75;614 438;-0.06%
17/07/2023;8 175;8 180;8 180;8 175;100;817 750;-0.18%
18/07/2023;8 195;8 175;8 195;8 175;328;2 684 680;0.24%
19/07/2023;8 010;8 010;8 010;8 010;23;184 230;-2.26%
20/07/2023;8 195;8 195;8 195;8 195;262;2 147 090;2.31%
21/07/2023;8 200;8 200;8 200;8 200;579;4 747 800;0.06%
24/07/2023;8 195;8 200;8 200;8 195;729;5 975 978;-0.06%
25/07/2023;8 245;8 200;8 245;8 200;4 933;40 561 593;0.61%
26/07/2023;8 250;8 245;8 250;8 245;154;1 270 115;0.06%
27/07/2023;8 200;8 250;8 250;8 200;733;6 028 925;-0.61%
28/07/2023;8 200;8 200;8 200;8 200;60;492 000;0.00%
31/07/2023;8 195;8 105;8 195;8 105;40;326 000;-0.06%
01/08/2023;8 100;8 100;8 100;8 100;2;16 200;-1.16%
02/08/2023;8 190;8 100;8 190;8 100;4;32 580;1.11%
03/08/2023;8 150;8 105;8 150;8 105;302;2 454 505;-0.49%
04/08/2023;8 100;8 150;8 150;8 100;1 555;12 634 375;-0.61%
07/08/2023;8 100;8 150;8 150;8 100;1 555;12 634 375;0.00%
08/08/2023;8 150;8 100;8 150;8 100;739;6 004 375;0.62%
09/08/2023;8 100;8 100;8 100;8 100;631;5 111 100;-0.61%
10/08/2023;8 140;8 010;8 140;8 010;95;767 125;0.49%
11/08/2023;8 150;8 100;8 150;8 100;110;893 750;0.12%
14/08/2023;8 250;8 100;8 250;8 100;36;294 300;1.23%
15/08/2023;8 250;8 100;8 250;8 100;36;294 300;0.00%
16/08/2023;8 250;8 250;8 250;8 250;30;247 500;0.00%
17/08/2023;8 190;8 250;8 250;8 190;285;2 342 700;-0.73%
18/08/2023;8 200;8 190;8 200;8 190;11;90 145;0.12%
21/08/2023;8 200;8 150;8 200;8 150;850;6 948 750;0.00%
22/08/2023;8 200;8 200;8 200;8 200;130;1 066 000;0.00%
23/08/2023;8 165;8 195;8 195;8 165;98;801 640;-0.43%
24/08/2023;8 200;8 195;8 200;8 195;168;1 377 180;0.43%
25/08/2023;8 400;8 200;8 400;8 200;589;4 888 700;2.44%
28/08/2023;8 395;8 390;8 395;8 390;2 107;17 682 998;-0.06%
29/08/2023;8 300;8 300;8 300;8 300;500;4 150 000;-1.13%
30/08/2023;8 390;8 000;8 390;8 000;502;4 113 890;1.08%
31/08/2023;8 390;8 380;8 390;8 380;1 600;13 416 000;0.00%
01/09/2023;8 390;8 380;8 390;8 380;1 600;13 416 000;0.00%
04/09/2023;8 350;8 390;8 390;8 350;130;1 088 100;-0.48%
05/09/2023;8 350;8 350;8 350;8 350;74;617 900;0.00%
06/09/2023;8 360;8 350;8 360;8 350;79;660 045;0.12%
07/09/2023;8 360;8 355;8 360;8 355;227;1 897 153;0.00%
08/09/2023;8 390;8 360;8 390;8 360;144;1 206 000;0.36%
11/09/2023;8 320;8 385;8 385;8 320;28;233 870;-0.83%
12/09/2023;8 450;8 330;8 450;8 330;347;2 911 330;1.56%
13/09/2023;8 500;8 500;8 500;8 500;472;4 012 000;0.59%
14/09/2023;9 105;8 495;9 105;8 495;1 053;9 266 400;7.12%
15/09/2023;8 500;9 100;9 100;8 500;620;5 456 000;-6.64%
18/09/2023;8 200;9 100;9 100;8 200;2 043;17 671 950;-3.53%
19/09/2023;8 025;8 200;8 200;8 025;717;5 816 663;-2.13%
20/09/2023;8 000;8 500;8 500;8 000;42 202;348 166 500;-0.31%
21/09/2023;8 050;8 350;8 350;8 050;1 058;8 675 600;0.63%
22/09/2023;8 065;8 005;8 065;8 005;75;602 625;0.19%
25/09/2023;8 065;8 400;8 400;8 065;542;4 462 015;0.00%
26/09/2023;8 065;8 400;8 400;8 065;1 897;15 617 053;0.00%
27/09/2023;8 065;8 400;8 400;8 065;1 897;15 617 053;0.00%
28/09/2023;8 000;8 065;8 065;8 000;5 794;46 540 305;-0.81%
29/09/2023;8 000;8 600;8 600;8 000;167;1 386 100;0.00%
02/10/2023;8 000;8 200;8 200;8 000;250 505;2 029 090 500;0.00%
03/10/2023;8 250;8 450;8 450;8 250;77;642 950;3.13%
04/10/2023;8 440;8 200;8 440;8 200;307;2 554 240;2.30%
05/10/2023;8 440;8 250;8 440;8 250;364;3 037 580;0.00%
06/10/2023;8 440;8 500;8 500;8 440;154;1 304 380;0.00%
09/10/2023;8 300;8 430;8 430;8 300;6;50 190;-1.66%
10/10/2023;8 270;8 400;8 400;8 270;409;3 409 015;-0.36%
11/10/2023;8 440;8 300;8 440;8 300;930;7 784 100;2.06%
12/10/2023;8 440;8 440;8 440;8 440;2 909;24 551 960;0.00%
13/10/2023;8 440;8 440;8 440;8 440;235;1 983 400;0.00%
16/10/2023;8 600;8 450;8 600;8 450;340;2 898 500;1.90%
17/10/2023;8 440;8 600;8 600;8 440;727;6 194 040;-1.86%
18/10/2023;8 440;8 500;8 500;8 440;53;448 910;0.00%
19/10/2023;8 695;8 700;8 700;8 695;142;1 235 045;3.02%
20/10/2023;8 650;8 650;8 650;8 650;92;795 800;-0.52%
23/10/2023;8 695;8 650;8 695;8 650;3 952;34 273 720;0.52%
24/10/2023;8 740;8 650;8 740;8 650;37;321 715;0.52%
25/10/2023;8 700;8 700;8 700;8 700;83;722 100;-0.46%
26/10/2023;8 700;8 700;8 700;8 700;64;556 800;0.00%
27/10/2023;8 950;8 700;8 950;8 700;85;750 125;2.87%
30/10/2023;9 100;8 455;9 100;8 455;1 301;11 419 528;1.68%
31/10/2023;9 100;9 100;9 100;9 100;190;1 729 000;0.00%
01/11/2023;9 100;9 100;9 100;9 100;190;1 729 000;0.00%
02/11/2023;9 090;9 100;9 100;9 090;36;327 420;-0.11%
03/11/2023;9 090;9 090;9 090;9 090;79;718 110;0.00%
06/11/2023;9 090;9 090;9 090;9 090;119;1 081 710;0.00%
07/11/2023;9 100;9 090;9 100;9 090;35;318 325;0.11%
08/11/2023;9 100;9 000;9 100;9 000;170;1 538 500;0.00%
09/11/2023;9 050;9 050;9 050;9 050;35;316 750;-0.55%
13/11/2023;8 900;9 000;9 000;8 900;30;268 500;-1.66%
14/11/2023;8 850;8 895;8 895;8 850;115;1 020 338;-0.56%
15/11/2023;8 850;8 895;8 895;8 850;115;1 020 338;0.00%
16/11/2023;8 850;8 500;8 850;8 500;221;1 917 175;0.00%
17/11/2023;8 800;8 850;8 850;8 800;50;441 250;-0.56%
20/11/2023;9 100;8 850;9 100;8 850;418;3 751 550;3.41%
21/11/2023;9 000;9 095;9 095;9 000;4 746;42 939 435;-1.10%
22/11/2023;8 995;8 995;8 995;8 995;10;89 950;-0.06%
23/11/2023;8 995;9 000;9 000;8 995;161;1 448 598;0.00%
24/11/2023;8 995;8 995;8 995;8 995;57;512 715;0.00%
27/11/2023;8 850;8 500;8 850;8 500;227;1 969 225;-1.61%
28/11/2023;8 845;8 850;8 850;8 845;33;291 968;-0.06%
29/11/2023;9 100;8 850;9 100;8 850;4 925;44 201 875;2.88%
30/11/2023;8 845;9 000;9 000;8 845;94;838 715;-2.80%
01/12/2023;8 700;8 845;8 845;8 700;90;789 525;-1.64%
04/12/2023;8 600;8 650;8 650;8 600;307;2 647 875;-1.15%
05/12/2023;8 800;8 500;8 800;8 500;3 145;27 204 250;2.33%
06/12/2023;8 800;8 515;8 800;8 515;188;1 627 610;0.00%
07/12/2023;8 600;8 500;8 600;8 500;473;4 044 150;-2.27%
08/12/2023;8 800;8 750;8 800;8 750;477;4 185 675;2.33%
11/12/2023;8 800;8 800;8 800;8 800;244;2 147 200;0.00%
12/12/2023;8 800;8 800;8 800;8 800;208;1 830 400;0.00%
13/12/2023;8 845;8 845;8 845;8 845;130;1 149 850;0.51%
14/12/2023;8 845;8 845;8 845;8 845;122;1 079 090;0.00%
15/12/2023;8 800;8 845;8 845;8 800;108;952 830;-0.51%
18/12/2023;8 800;8 605;8 800;8 605;37;321 993;0.00%
19/12/2023;8 800;8 800;8 800;8 800;320;2 816 000;0.00%
20/12/2023;8 800;8 800;8 800;8 800;107;941 600;0.00%
21/12/2023;8 795;8 800;8 800;8 795;2 135;18 782 663;-0.06%
22/12/2023;8 800;8 800;8 800;8 800;893;7 858 400;0.06%
25/12/2023;8 800;8 800;8 800;8 800;893;7 858 400;0.00%
26/12/2023;8 800;8 800;8 800;8 800;16;140 800;0.00%
27/12/2023;8 795;8 800;8 800;8 795;23;202 343;-0.06%
28/12/2023;9 000;8 795;9 000;8 795;1 642;14 609 695;2.33%
29/12/2023;9 300;8 990;9 300;8 990;1 516;13 863 820;3.33%
01/01/2024;9 300;8 990;9 300;8 990;1 516;13 863 820;0.00%
03/01/2024;9 800;9 300;9 800;9 300;176;1 680 800;5.38%
04/01/2024;9 700;9 800;9 800;9 700;82;799 500;-1.02%
05/01/2024;9 650;9 700;9 700;9 650;25;241 875;-0.52%
08/01/2024;8 930;8 930;8 930;8 930;6;53 580;-7.46%
09/01/2024;9 500;9 395;9 500;9 395;528;4 988 280;6.38%
10/01/2024;9 495;9 500;9 500;9 495;170;1 614 575;-0.05%
11/01/2024;9 450;8 950;9 450;8 950;23;211 600;-0.47%
12/01/2024;9 450;9 450;9 450;9 450;110;1 039 500;0.00%
15/01/2024;9 400;8 745;9 400;8 745;114;1 034 265;-0.53%
16/01/2024;9 390;8 700;9 390;8 700;136;1 230 120;-0.11%
17/01/2024;9 000;9 000;9 000;9 000;113;1 017 000;-4.15%
18/01/2024;9 000;9 000;9 000;9 000;135;1 215 000;0.00%
19/01/2024;9 000;9 000;9 000;9 000;72;648 000;0.00%
22/01/2024;9 000;9 000;9 000;9 000;285;2 565 000;0.00%
23/01/2024;9 150;9 000;9 150;9 000;5;45 375;1.67%
24/01/2024;9 000;9 000;9 000;9 000;79;711 000;-1.64%
25/01/2024;8 950;8 950;8 950;8 950;146;1 306 700;-0.56%
26/01/2024;8 950;8 950;8 950;8 950;105;939 750;0.00%
29/01/2024;8 930;8 605;8 930;8 605;115;1 008 263;-0.22%
30/01/2024;8 925;8 605;8 925;8 605;117;1 025 505;-0.06%
31/01/2024;8 900;8 650;8 900;8 650;4 214;36 977 850;-0.28%
01/02/2024;8 515;8 505;8 515;8 505;207;1 761 570;-4.33%
02/02/2024;8 600;8 515;8 600;8 515;786;6 726 195;1.00%
05/02/2024;8 600;8 600;8 600;8 600;146;1 255 600;0.00%
06/02/2024;8 600;8 600;8 600;8 600;190;1 634 000;0.00%
07/02/2024;8 595;8 595;8 595;8 595;18;154 710;-0.06%
08/02/2024;8 590;8 590;8 590;8 590;152;1 305 680;-0.06%
09/02/2024;8 600;8 505;8 600;8 505;214;1 830 235;0.12%
12/02/2024;8 600;8 505;8 600;8 505;214;1 830 235;0.00%
13/02/2024;8 925;8 800;8 925;8 800;180;1 595 250;3.78%
14/02/2024;8 900;8 900;8 900;8 900;116;1 032 400;-0.28%
15/02/2024;8 900;8 900;8 900;8 900;56;498 400;0.00%
16/02/2024;8 900;8 900;8 900;8 900;107;952 300;0.00%
19/02/2024;8 800;8 900;8 900;8 800;24;212 400;-1.12%
20/02/2024;8 800;8 800;8 800;8 800;428;3 766 400;0.00%
21/02/2024;9 440;8 800;9 440;8 800;1 335;12 175 200;7.27%
22/02/2024;9 300;9 350;9 350;9 300;114;1 063 050;-1.48%
23/02/2024;9 500;9 275;9 500;9 275;190;1 783 625;2.15%
26/02/2024;9 300;9 500;9 500;9 300;186;1 748 400;-2.11%
27/02/2024;9 200;9 000;9 200;9 000;435;3 958 500;-1.08%
29/02/2024;9 190;9 200;9 200;9 190;56;514 920;-0.11%
01/03/2024;9 145;9 170;9 170;9 145;9;82 418;-0.49%
04/03/2024;9 140;9 145;9 145;9 140;15;137 138;-0.05%
05/03/2024;8 600;9 135;9 135;8 600;599;5 311 633;-5.91%
06/03/2024;8 400;9 000;9 000;8 400;2 126;18 496 200;-2.33%
07/03/2024;8 630;8 995;8 995;8 630;49;431 813;2.74%
08/03/2024;8 800;8 800;8 800;8 800;18;158 400;1.97%
11/03/2024;8 500;8 630;8 630;8 500;1 367;11 708 355;-3.41%
12/03/2024;8 695;8 510;8 695;8 510;27;232 268;2.29%
13/03/2024;8 700;8 600;8 700;8 600;81;700 650;0.06%
14/03/2024;8 650;8 650;8 650;8 650;5;43 250;-0.57%
15/03/2024;8 800;8 700;8 800;8 700;77;673 750;1.73%
18/03/2024;8 750;8 750;8 750;8 750;29;253 750;-0.57%
19/03/2024;8 750;8 750;8 750;8 750;829;7 253 750;0.00%
20/03/2024;8 700;8 665;8 700;8 665;62;538 315;-0.57%
21/03/2024;8 750;8 750;8 750;8 750;298;2 607 500;0.57%
22/03/2024;8 750;8 750;8 750;8 750;46;402 500;0.00%
25/03/2024;8 995;8 750;8 995;8 750;1 061;9 413 723;2.80%
26/03/2024;8 990;8 950;8 990;8 950;3 113;27 923 610;-0.06%
27/03/2024;9 100;8 800;9 100;8 800;7 044;63 043 800;1.22%
28/03/2024;9 495;9 100;9 495;9 100;11 128;103 462 580;4.34%
29/03/2024;9 345;9 345;9 345;9 345;3 532;33 006 540;-1.58%
01/04/2024;9 345;9 345;9 345;9 345;3 532;33 006 540;0.00%
02/04/2024;9 395;9 345;9 395;9 345;108;1 011 960;0.54%
03/04/2024;9 345;9 345;9 345;9 345;1 183;11 055 135;-0.53%
04/04/2024;9 295;9 345;9 345;9 295;93;866 760;-0.54%
05/04/2024;9 200;9 295;9 295;9 200;94;869 265;-1.02%
08/04/2024;9 100;9 300;9 300;9 100;989;9 098 800;-1.09%
09/04/2024;9 100;9 200;9 200;9 100;131;1 198 650;0.00%
10/04/2024;9 100;9 200;9 200;9 100;131;1 198 650;0.00%
11/04/2024;9 100;9 100;9 100;9 100;60;546 000;0.00%
12/04/2024;9 050;9 000;9 050;9 000;1 321;11 922 025;-0.55%
15/04/2024;9 320;9 100;9 320;9 100;964;8 878 440;2.98%
16/04/2024;9 295;9 200;9 295;9 200;259;2 395 103;-0.27%
17/04/2024;9 295;9 200;9 295;9 200;259;2 395 103;0.00%
18/04/2024;9 270;9 280;9 280;9 270;1 582;14 673 050;-0.27%
19/04/2024;9 150;9 270;9 270;9 150;468;4 310 280;-1.29%
22/04/2024;9 000;9 155;9 155;9 000;774;7 025 985;-1.64%
23/04/2024;9 100;9 100;9 100;9 100;46;418 600;1.11%
24/04/2024;9 045;9 100;9 100;9 045;2 678;24 296 155;-0.60%
25/04/2024;9 310;9 005;9 310;9 005;384;3 516 480;2.93%
26/04/2024;9 480;9 310;9 480;9 310;949;8 915 855;1.83%
29/04/2024;9 500;9 310;9 500;9 310;1 387;13 044 735;0.21%
30/04/2024;9 500;9 500;9 500;9 500;676;6 422 000;0.00%
01/05/2024;9 500;9 500;9 500;9 500;676;6 422 000;0.00%
02/05/2024;9 500;9 500;9 500;9 500;4 325;41 087 500;0.00%
03/05/2024;9 500;9 500;9 500;9 500;1 546;14 687 000;0.00%
06/05/2024;9 495;9 500;9 500;9 495;598;5 679 505;-0.05%
07/05/2024;9 495;9 495;9 495;9 495;367;3 484 665;0.00%
08/05/2024;9 495;9 300;9 495;9 300;1 308;12 291 930;0.00%
09/05/2024;9 495;9 300;9 495;9 300;1 308;12 291 930;0.00%
10/05/2024;9 450;9 500;9 500;9 450;260;2 463 500;-0.47%
13/05/2024;9 300;9 300;9 300;9 300;131;1 218 300;-1.59%
14/05/2024;9 400;9 300;9 400;9 300;1 344;12 566 400;1.08%
15/05/2024;9 500;9 400;9 500;9 400;12 588;118 956 600;1.06%
16/05/2024;9 975;10 200;10 200;9 975;267;2 693 363;5.00%
17/05/2024;9 900;9 475;9 900;9 475;439;4 252 813;-0.75%
20/05/2024;9 900;9 475;9 900;9 475;439;4 252 813;0.00%
21/05/2024;9 900;9 800;9 900;9 800;1 202;11 839 700;0.00%
22/05/2024;9 890;9 900;9 900;9 890;261;2 582 595;-0.10%
23/05/2024;9 900;9 900;9 900;9 900;27;267 300;0.10%
24/05/2024;10 600;9 850;10 600;9 850;1 139;11 646 275;7.07%
27/05/2024;10 450;10 495;10 495;10 450;376;3 937 660;-1.42%
28/05/2024;10 450;10 450;10 450;10 450;991;10 355 950;0.00%
29/05/2024;10 450;10 450;10 450;10 450;664;6 938 800;0.00%
30/05/2024;10 425;10 450;10 450;10 425;1 056;11 022 000;-0.24%
31/05/2024;10 400;10 450;10 450;10 400;71;740 175;-0.24%
03/06/2024;10 580;10 580;10 580;10 580;845;8 940 100;1.73%
04/06/2024;10 000;10 580;10 580;10 000;5 119;52 674 510;-5.48%
05/06/2024;10 000;9 900;10 000;9 900;488;4 855 600;0.00%
06/06/2024;10 000;10 000;10 000;10 000;758;7 580 000;0.00%
07/06/2024;10 000;10 000;10 000;10 000;354;3 540 000;0.00%
10/06/2024;10 400;10 450;10 450;10 400;372;3 878 100;4.00%
11/06/2024;10 580;10 350;10 580;10 350;695;7 273 175;1.73%
12/06/2024;10 250;10 250;10 250;10 250;190;1 947 500;-3.12%
13/06/2024;10 000;10 300;10 300;10 000;205;2 080 750;-2.44%
14/06/2024;10 400;10 300;10 400;10 300;109;1 128 150;4.00%
18/06/2024;10 400;10 400;10 400;10 400;338;3 515 200;0.00%
19/06/2024;10 400;10 400;10 400;10 400;266;2 766 400;0.00%
20/06/2024;10 400;10 400;10 400;10 400;507;5 272 800;0.00%
21/06/2024;10 400;10 400;10 400;10 400;7;72 800;0.00%
24/06/2024;10 400;10 350;10 400;10 350;622;6 453 250;0.00%
25/06/2024;10 645;10 405;10 645;10 405;1 669;17 566 225;2.36%
26/06/2024;10 450;10 650;10 650;10 450;430;4 536 500;-1.83%
27/06/2024;10 600;10 590;10 600;10 590;948;10 044 060;1.44%
28/06/2024;10 500;10 600;10 600;10 500;1 314;13 862 700;-0.94%
01/07/2024;10 600;10 650;10 650;10 600;966;10 263 750;0.95%
02/07/2024;10 600;10 600;10 600;10 600;324;3 434 400;0.00%
03/07/2024;10 150;10 100;10 150;10 100;1 096;11 097 000;-4.25%
04/07/2024;10 400;10 200;10 400;10 200;520;5 356 000;2.46%
05/07/2024;10 415;10 400;10 415;10 400;571;5 942 683;0.14%
08/07/2024;10 410;10 350;10 410;10 350;5 101;52 948 380;-0.05%
09/07/2024;10 400;10 405;10 405;10 400;15 372;159 907 230;-0.10%
10/07/2024;10 300;10 410;10 410;10 300;1 879;19 457 045;-0.96%
11/07/2024;10 400;10 305;10 400;10 305;55;569 388;0.97%
12/07/2024;10 290;10 390;10 390;10 290;351;3 629 340;-1.06%
15/07/2024;10 350;10 250;10 350;10 250;572;5 891 600;0.58%
16/07/2024;10 355;10 290;10 355;10 290;369;3 809 003;0.05%
17/07/2024;10 300;10 355;10 355;10 300;993;10 255 208;-0.53%
18/07/2024;10 300;10 300;10 300;10 300;104;1 071 200;0.00%
19/07/2024;10 305;10 300;10 305;10 300;1 654;17 040 335;0.05%
22/07/2024;10 155;10 280;10 280;10 155;1 222;12 485 785;-1.46%
23/07/2024;10 155;10 155;10 155;10 155;370;3 757 350;0.00%
24/07/2024;10 155;9 550;10 155;9 550;251;2 472 978;0.00%
25/07/2024;10 155;10 100;10 155;10 100;330;3 342 075;0.00%
26/07/2024;10 120;10 155;10 155;10 120;122;1 236 775;-0.34%
29/07/2024;10 100;10 120;10 120;10 100;985;9 958 350;-0.20%
30/07/2024;10 095;10 120;10 120;10 095;320;3 234 400;-0.05%
31/07/2024;10 000;10 095;10 095;10 000;1 843;18 517 543;-0.94%
01/08/2024;10 200;10 095;10 200;10 095;2 937;29 803 208;2.00%
02/08/2024;10 150;10 155;10 155;10 150;1 755;17 817 638;-0.49%
05/08/2024;10 150;10 200;10 200;10 150;581;5 911 675;0.00%
06/08/2024;10 140;10 155;10 155;10 140;210;2 130 975;-0.10%
07/08/2024;10 140;10 155;10 155;10 140;210;2 130 975;0.00%
08/08/2024;10 200;10 140;10 200;10 140;469;4 769 730;0.59%
09/08/2024;10 295;10 200;10 295;10 200;467;4 785 583;0.93%
12/08/2024;10 195;10 150;10 195;10 150;432;4 394 520;-0.97%
13/08/2024;10 195;10 155;10 195;10 155;559;5 687 825;0.00%
14/08/2024;10 200;10 200;10 200;10 200;294;2 998 800;0.05%
15/08/2024;10 200;10 200;10 200;10 200;294;2 998 800;0.00%
16/08/2024;10 100;10 100;10 100;10 100;542;5 474 200;-0.98%
19/08/2024;10 100;10 000;10 100;10 000;474;4 763 700;0.00%
20/08/2024;10 005;10 100;10 100;10 005;502;5 046 355;-0.94%
21/08/2024;10 000;10 005;10 005;10 000;270;2 700 675;-0.05%
22/08/2024;10 000;10 000;10 000;10 000;499;4 990 000;0.00%
23/08/2024;10 000;10 000;10 000;10 000;187;1 870 000;0.00%
26/08/2024;9 955;10 000;10 000;9 955;294;2 933 385;-0.45%
27/08/2024;10 000;10 000;10 000;10 000;552;5 520 000;0.45%
28/08/2024;10 000;10 000;10 000;10 000;543;5 430 000;0.00%
29/08/2024;10 000;10 000;10 000;10 000;1 920;19 200 000;0.00%
30/08/2024;9 990;10 000;10 000;9 990;28;279 860;-0.10%
02/09/2024;9 980;10 000;10 000;9 980;351;3 506 490;-0.10%
03/09/2024;10 000;9 980;10 000;9 980;369;3 686 310;0.20%
04/09/2024;9 975;10 000;10 000;9 975;1 116;11 146 050;-0.25%
05/09/2024;10 000;9 975;10 000;9 975;3 603;35 984 963;0.25%
06/09/2024;10 000;10 000;10 000;10 000;106;1 060 000;0.00%
09/09/2024;10 000;9 980;10 000;9 980;460;4 595 400;0.00%
10/09/2024;9 980;10 000;10 000;9 980;740;7 392 600;-0.20%
11/09/2024;9 980;9 980;9 980;9 980;3 949;39 411 020;0.00%
12/09/2024;9 980;9 980;9 980;9 980;3 915;39 071 700;0.00%
13/09/2024;9 980;9 990;9 990;9 980;156;1 557 660;0.00%
16/09/2024;10 000;9 990;10 000;9 990;1 585;15 842 075;0.20%
17/09/2024;9 980;10 000;10 000;9 980;124;1 238 760;-0.20%
18/09/2024;9 960;9 980;9 980;9 960;183;1 824 510;-0.20%
19/09/2024;9 960;9 960;9 960;9 960;359;3 575 640;0.00%
20/09/2024;9 980;9 960;9 980;9 960;154;1 535 380;0.20%
23/09/2024;9 980;9 980;9 980;9 980;159;1 586 820;0.00%
24/09/2024;9 950;9 975;9 975;9 950;332;3 307 550;-0.30%
25/09/2024;9 995;9 980;9 995;9 980;118;1 178 525;0.45%
26/09/2024;9 995;10 000;10 000;9 995;109;1 089 728;0.00%
27/09/2024;9 995;9 995;9 995;9 995;597;5 967 015;0.00%
30/09/2024;9 980;9 985;9 985;9 980;1 195;11 929 088;-0.15%
01/10/2024;9 985;9 980;9 985;9 980;69;688 793;0.05%
02/10/2024;9 990;9 980;9 990;9 980;1 598;15 956 030;0.05%
03/10/2024;9 995;9 995;9 995;9 995;818;8 175 910;0.05%
04/10/2024;9 995;9 995;9 995;9 995;527;5 267 365;0.00%
07/10/2024;9 990;10 000;10 000;9 990;1 814;18 130 930;-0.05%
08/10/2024;9 985;9 995;9 995;9 985;6 116;61 098 840;-0.05%
09/10/2024;9 990;9 315;9 990;9 315;497;4 797 293;0.05%
10/10/2024;9 995;9 990;9 995;9 990;385;3 847 113;0.05%
11/10/2024;10 000;9 995;10 000;9 995;286;2 859 285;0.05%
14/10/2024;10 000;9 990;10 000;9 990;845;8 445 775;0.00%
15/10/2024;9 990;9 990;9 990;9 990;37;369 630;-0.10%
16/10/2024;9 990;9 885;9 990;9 885;306;3 040 875;0.00%
17/10/2024;9 980;9 980;9 980;9 980;75;748 500;-0.10%
18/10/2024;9 980;9 980;9 980;9 980;464;4 630 720;0.00%
21/10/2024;9 995;9 980;9 995;9 980;1 061;10 596 738;0.15%
22/10/2024;10 000;10 000;10 000;10 000;343;3 430 000;0.05%
23/10/2024;10 000;9 995;10 000;9 995;547;5 468 633;0.00%
24/10/2024;10 000;10 000;10 000;10 000;1 928;19 280 000;0.00%
25/10/2024;10 000;10 000;10 000;10 000;105;1 050 000;0.00%
28/10/2024;9 995;10 000;10 000;9 995;799;7 988 003;-0.05%
29/10/2024;10 000;9 995;10 000;9 995;345;3 449 138;0.05%
30/10/2024;10 000;10 000;10 000;10 000;223;2 230 000;0.00%
31/10/2024;10 000;10 000;10 000;10 000;580;5 800 000;0.00%
01/11/2024;10 000;10 000;10 000;10 000;580;5 800 000;0.00%
04/11/2024;9 990;10 000;10 000;9 990;966;9 655 170;-0.10%
05/11/2024;9 990;9 990;9 990;9 990;99;989 010;0.00%
06/11/2024;9 990;10 000;10 000;9 990;3 025;30 234 875;0.00%
07/11/2024;9 990;9 990;9 990;9 990;181;1 808 190;0.00%
08/11/2024;9 995;9 990;9 995;9 990;166;1 658 755;0.05%
11/11/2024;9 360;9 990;9 990;9 360;1 745;16 882 875;-6.35%
12/11/2024;9 990;9 995;9 995;9 990;920;9 193 100;6.73%
13/11/2024;10 000;10 000;10 000;10 000;181;1 810 000;0.10%
14/11/2024;9 970;9 990;9 990;9 970;674;6 726 520;-0.30%
15/11/2024;9 970;9 990;9 990;9 970;674;6 726 520;0.00%
18/11/2024;9 970;9 970;9 970;9 970;390;3 888 300;0.00%
19/11/2024;9 970;9 970;9 970;9 970;558;5 563 260;0.00%
20/11/2024;9 970;9 960;9 970;9 960;309;3 079 185;0.00%
21/11/2024;9 960;9 970;9 970;9 960;220;2 192 300;-0.10%
22/11/2024;9 970;9 970;9 970;9 970;303;3 020 910;0.10%
25/11/2024;9 995;9 960;9 995;9 960;1 155;11 524 013;0.25%
26/11/2024;9 990;9 995;9 995;9 990;247;2 468 148;-0.05%
27/11/2024;9 955;9 655;9 955;9 655;251;2 461 055;-0.35%
28/11/2024;9 955;9 955;9 955;9 955;43;428 065;0.00%
29/11/2024;9 990;9 990;9 990;9 990;125;1 248 750;0.35%
02/12/2024;9 985;9 990;9 990;9 985;342;3 415 725;-0.05%
03/12/2024;9 985;9 980;9 985;9 980;276;2 755 170;0.00%
04/12/2024;9 985;9 985;9 985;9 985;717;7 159 245;0.00%
05/12/2024;9 950;9 950;9 950;9 950;356;3 542 200;-0.35%
06/12/2024;9 980;9 700;9 980;9 700;463;4 555 920;0.30%
09/12/2024;9 950;9 700;9 950;9 700;273;2 682 225;-0.30%
10/12/2024;9 950;9 950;9 950;9 950;1 359;13 522 050;0.00%
11/12/2024;9 950;9 950;9 950;9 950;24;238 800;0.00%
12/12/2024;9 975;9 950;9 975;9 950;216;2 151 900;0.25%
13/12/2024;9 705;9 950;9 950;9 705;798;7 842 345;-2.71%
16/12/2024;9 950;9 850;9 950;9 850;1 371;13 572 900;2.52%
17/12/2024;9 750;9 750;9 750;9 750;2;19 500;-2.01%
18/12/2024;9 900;9 735;9 900;9 735;21 730;213 334 275;1.54%
19/12/2024;9 800;9 800;9 800;9 800;132;1 293 600;-1.01%
20/12/2024;9 900;9 800;9 900;9 800;40 243;396 393 550;1.02%
23/12/2024;9 885;9 800;9 885;9 800;41 988;413 266 890;-0.15%
24/12/2024;9 895;9 895;9 895;9 895;25 151;248 869 145;0.10%
25/12/2024;9 895;9 755;9 895;9 755;25 151;247 108 575;0.00%
26/12/2024;9 885;9 885;9 885;9 885;50 245;496 671 825;-0.10%
27/12/2024;9 885;9 885;9 885;9 885;40 424;399 591 240;0.00%
30/12/2024;9 885;9 800;9 885;9 800;165;1 624 013;0.00%
31/12/2024;9 885;9 885;9 885;9 885;66;652 410;0.00%
01/01/2025;9 885;9 885;9 885;9 885;66;652 410;0.00%
02/01/2025;9 895;9 885;9 895;9 885;22;217 580;0.10%
03/01/2025;9 895;9 895;9 895;9 895;24;237 480;0.00%
06/01/2025;9 885;9 895;9 895;9 885;406;4 015 340;-0.10%
07/01/2025;9 850;9 700;9 850;9 700;126;1 231 650;-0.35%
08/01/2025;9 800;9 850;9 850;9 800;63;618 975;-0.51%
09/01/2025;9 800;9 800;9 800;9 800;4 470;43 806 000;0.00%
10/01/2025;9 795;9 795;9 795;9 795;2 394;23 449 230;-0.05%
13/01/2025;9 800;9 795;9 800;9 795;295;2 890 263;0.05%
14/01/2025;9 800;9 515;9 800;9 515;184;1 776 980;0.00%
15/01/2025;9 780;9 800;9 800;9 780;414;4 053 060;-0.20%
16/01/2025;9 750;9 775;9 775;9 750;223;2 177 038;-0.31%
17/01/2025;9 770;9 600;9 770;9 600;145;1 404 325;0.21%
20/01/2025;9 770;9 770;9 770;9 770;4 553;44 482 810;0.00%
21/01/2025;9 770;9 770;9 770;9 770;311;3 038 470;0.00%
22/01/2025;9 700;9 770;9 770;9 700;20 324;197 854 140;-0.72%
23/01/2025;9 775;9 500;9 775;9 500;334;3 218 925;0.77%
24/01/2025;9 775;9 775;9 775;9 775;112;1 094 800;0.00%
27/01/2025;9 780;9 775;9 780;9 775;15 011;146 770 053;0.05%
28/01/2025;9 795;9 780;9 795;9 780;494;4 835 025;0.15%
29/01/2025;9 800;9 775;9 800;9 775;533;5 216 738;0.05%
30/01/2025;9 800;9 795;9 800;9 795;175;1 714 563;0.00%
31/01/2025;9 800;9 795;9 800;9 795;164;1 606 790;0.00%
03/02/2025;9 800;9 800;9 800;9 800;283;2 773 400;0.00%
04/02/2025;9 800;9 800;9 800;9 800;687;6 732 600;0.00%
05/02/2025;9 800;9 800;9 800;9 800;271;2 655 800;0.00%
06/02/2025;9 900;9 800;9 900;9 800;537;5 289 450;1.02%
07/02/2025;9 900;9 900;9 900;9 900;143;1 415 700;0.00%
10/02/2025;9 900;9 900;9 900;9 900;322;3 187 800;0.00%
11/02/2025;9 900;9 850;9 900;9 850;176;1 738 000;0.00%
12/02/2025;9 850;9 875;9 875;9 850;548;5 404 650;-0.51%
13/02/2025;9 900;9 850;9 900;9 850;687;6 784 125;0.51%
14/02/2025;9 945;9 910;9 945;9 910;303;3 008 033;0.45%
17/02/2025;9 940;9 945;9 945;9 940;137;1 362 123;-0.05%
18/02/2025;9 945;9 940;9 945;9 940;106;1 053 905;0.05%
19/02/2025;9 985;9 945;9 985;9 945;133;1 325 345;0.40%
20/02/2025;9 950;9 950;9 950;9 950;422;4 198 900;-0.35%
21/02/2025;9 985;9 945;9 985;9 945;584;5 819 560;0.35%
24/02/2025;10 100;9 985;10 100;9 985;890;8 937 825;1.15%
25/02/2025;9 960;10 100;10 100;9 960;321;3 219 630;-1.39%
26/02/2025;10 000;10 000;10 000;10 000;576;5 760 000;0.40%
28/02/2025;10 000;10 000;10 000;10 000;730;7 300 000;0.00%
03/03/2025;10 300;10 000;10 300;10 000;1 247;12 657 050;3.00%
04/03/2025;10 000;10 300;10 300;10 000;681;6 912 150;-2.91%
05/03/2025;10 250;10 250;10 250;10 250;305;3 126 250;2.50%
06/03/2025;10 250;10 250;10 250;10 250;225;2 306 250;0.00%
07/03/2025;10 150;10 250;10 250;10 150;361;3 682 200;-0.98%
10/03/2025;10 150;10 150;10 150;10 150;1 071;10 870 650;0.00%
11/03/2025;10 245;10 180;10 245;10 180;6 939;70 864 538;0.94%
12/03/2025;10 495;10 250;10 495;10 250;2 127;22 062 308;2.44%
13/03/2025;10 500;10 495;10 500;10 495;775;8 135 563;0.05%
14/03/2025;10 800;10 500;10 800;10 500;2 154;22 940 100;2.86%
17/03/2025;10 855;10 800;10 855;10 800;1 588;17 194 070;0.51%
18/03/2025;11 500;10 855;11 500;10 855;812;9 076 130;5.94%
19/03/2025;11 500;11 000;11 500;11 000;500;5 625 000;0.00%
20/03/2025;11 500;11 500;11 500;11 500;1 797;20 665 500;0.00%
21/03/2025;11 495;11 495;11 495;11 495;270;3 103 650;-0.04%
24/03/2025;11 480;11 495;11 495;11 480;934;10 729 325;-0.13%
25/03/2025;11 390;11 400;11 400;11 390;509;5 800 055;-0.78%
26/03/2025;10 750;11 300;11 300;10 750;2 072;22 843 800;-5.62%
27/03/2025;10 750;11 300;11 300;10 750;2 072;22 843 800;0.00%
28/03/2025;10 750;10 750;10 750;10 750;1 429;15 361 750;0.00%
31/03/2025;10 750;10 750;10 750;10 750;1 429;15 361 750;0.00%
01/04/2025;10 500;10 750;10 750;10 500;1 517;16 118 125;-2.33%
02/04/2025;10 800;10 760;10 800;10 760;5 084;54 805 520;2.86%
03/04/2025;10 500;10 600;10 600;10 500;621;6 551 550;-2.78%
04/04/2025;10 500;10 500;10 500;10 500;515;5 407 500;0.00%
07/04/2025;10 400;10 500;10 500;10 400;1 450;15 152 500;-0.95%
08/04/2025;10 350;10 500;10 500;10 350;687;7 161 975;-0.48%
09/04/2025;10 595;10 300;10 595;10 300;5 065;52 916 588;2.37%
10/04/2025;10 400;10 600;10 600;10 400;768;8 064 000;-1.84%
11/04/2025;10 360;10 400;10 400;10 360;153;1 588 140;-0.38%
14/04/2025;10 400;10 395;10 400;10 395;224;2 329 040;0.39%
15/04/2025;10 360;10 400;10 400;10 360;1 601;16 618 380;-0.38%
16/04/2025;10 500;10 360;10 500;10 360;363;3 786 090;1.35%
17/04/2025;10 500;10 400;10 500;10 400;44;459 800;0.00%
18/04/2025;10 400;10 400;10 400;10 400;629;6 541 600;-0.95%
21/04/2025;10 400;10 400;10 400;10 400;629;6 541 600;0.00%
22/04/2025;10 500;10 400;10 500;10 400;2 356;24 620 200;0.96%
23/04/2025;10 495;10 500;10 500;10 495;311;3 264 723;-0.05%
24/04/2025;10 650;10 695;10 695;10 650;82;875 145;1.48%
25/04/2025;10 650;10 645;10 650;10 645;459;4 887 203;0.00%
28/04/2025;9 855;9 855;9 855;9 855;1 620;15 965 100;-7.46%
29/04/2025;9 800;9 120;9 800;9 120;3 371;31 889 660;-0.56%
30/04/2025;9 500;9 800;9 800;9 500;308;2 972 200;-3.06%
01/05/2025;9 500;9 800;9 800;9 500;308;2 972 200;0.00%
02/05/2025;9 700;9 500;9 700;9 500;1 729;16 598 400;2.11%
05/05/2025;9 400;9 845;9 845;9 400;2 228;21 438 930;-3.09%
06/05/2025;9 595;9 350;9 595;9 350;850;8 051 625;2.07%
07/05/2025;9 800;9 595;9 800;9 595;486;4 712 985;2.14%
08/05/2025;9 800;9 800;9 800;9 800;287;2 812 600;0.00%
09/05/2025;9 800;9 780;9 800;9 780;312;3 054 480;0.00%
12/05/2025;9 595;9 790;9 790;9 595;217;2 103 273;-2.09%
13/05/2025;9 700;9 600;9 700;9 600;3 126;30 165 900;1.09%
14/05/2025;9 800;9 800;9 800;9 800;3 479;34 094 200;1.03%
15/05/2025;9 855;9 800;9 855;9 800;614;6 034 085;0.56%
16/05/2025;10 570;9 855;10 570;9 855;1 101;11 243 963;7.26%
19/05/2025;10 000;10 560;10 560;10 000;116;1 192 480;-5.39%
20/05/2025;10 465;10 000;10 465;10 000;4 089;41 840 693;4.65%
21/05/2025;10 445;10 465;10 465;10 445;38;397 290;-0.19%
22/05/2025;10 420;10 445;10 445;10 420;1 144;11 934 780;-0.24%
23/05/2025;9 800;10 000;10 000;9 800;1 921;19 017 900;-5.95%
26/05/2025;10 185;9 850;10 185;9 850;306;3 065 355;3.93%
27/05/2025;10 185;10 180;10 185;10 180;243;2 474 348;0.00%
28/05/2025;10 000;9 900;10 000;9 900;734;7 303 300;-1.82%
29/05/2025;10 000;9 900;10 000;9 900;734;7 303 300;0.00%
30/05/2025;10 100;10 000;10 100;10 000;2 050;20 602 500;1.00%
02/06/2025;10 100;10 100;10 100;10 100;227;2 292 700;0.00%
03/06/2025;10 495;10 100;10 495;10 100;1 139;11 728 853;3.91%
04/06/2025;10 445;10 495;10 495;10 445;1 172;12 270 840;-0.48%
05/06/2025;10 000;10 440;10 440;10 000;213;2 176 860;-4.26%
10/06/2025;10 000;10 390;10 390;10 000;1 444;14 721 580;0.00%
11/06/2025;10 200;9 805;10 200;9 805;2 670;26 706 675;2.00%
12/06/2025;10 000;10 400;10 400;10 000;933;9 516 600;-1.96%
13/06/2025;10 005;10 000;10 005;10 000;1 555;15 553 888;0.05%
16/06/2025;10 250;10 005;10 250;10 005;136;1 377 340;2.45%
17/06/2025;10 035;10 150;10 150;10 035;535;5 399 488;-2.10%
18/06/2025;10 300;10 035;10 300;10 035;2 287;23 253 073;2.64%
19/06/2025;10 400;10 295;10 400;10 295;2 372;24 544 270;0.97%
20/06/2025;10 290;10 395;10 395;10 290;111;1 148 018;-1.06%
23/06/2025;10 345;10 395;10 395;10 345;2 321;24 068 770;0.53%
24/06/2025;10 290;10 395;10 395;10 290;1 670;17 271 975;-0.53%
25/06/2025;10 325;10 325;10 325;10 325;53;547 225;0.34%
26/06/2025;10 325;10 325;10 325;10 325;77;795 025;0.00%
27/06/2025;10 320;10 325;10 325;10 320;399;4 118 678;-0.05%
30/06/2025;10 300;10 320;10 320;10 300;15 727;162 145 370;-0.19%
01/07/2025;10 245;10 310;10 310;10 245;285;2 929 088;-0.53%
02/07/2025;10 145;10 245;10 245;10 145;583;5 943 685;-0.98%
03/07/2025;9 750;10 295;10 295;9 750;1 195;11 976 888;-3.89%
04/07/2025;10 450;10 195;10 450;10 195;2 415;24 928 838;7.18%
07/07/2025;9 855;10 200;10 200;9 855;285;2 857 838;-5.69%
08/07/2025;9 900;9 900;9 900;9 900;779;7 712 100;0.46%
09/07/2025;9 890;9 890;9 890;9 890;396;3 916 440;-0.10%
10/07/2025;10 000;9 890;10 000;9 890;304;3 023 280;1.11%
11/07/2025;10 100;10 000;10 100;10 000;633;6 361 650;1.00%
14/07/2025;10 000;10 100;10 100;10 000;178;1 788 900;-0.99%
15/07/2025;9 900;9 900;9 900;9 900;849;8 405 100;-1.00%
16/07/2025;9 805;9 810;9 810;9 805;415;4 070 113;-0.96%
17/07/2025;9 805;9 805;9 805;9 805;658;6 451 690;0.00%
18/07/2025;9 850;9 810;9 850;9 810;1 226;12 051 580;0.46%
21/07/2025;9 850;9 800;9 850;9 800;234;2 299 050;0.00%
22/07/2025;9 800;9 800;9 800;9 800;969;9 496 200;-0.51%
23/07/2025;9 800;9 800;9 800;9 800;149;1 460 200;0.00%
24/07/2025;9 800;9 800;9 800;9 800;238;2 332 400;0.00%
25/07/2025;9 785;9 700;9 785;9 700;209;2 036 183;-0.15%
28/07/2025;9 700;9 785;9 785;9 700;630;6 137 775;-0.87%
29/07/2025;9 800;9 700;9 800;9 700;2 495;24 326 250;1.03%
30/07/2025;9 900;9 805;9 900;9 805;276;2 719 290;1.02%
31/07/2025;9 700;9 900;9 900;9 700;510;4 998 000;-2.02%
01/08/2025;9 900;10 000;10 000;9 900;292;2 905 400;2.06%
04/08/2025;9 900;9 900;9 900;9 900;1 087;10 761 300;0.00%
05/08/2025;9 895;9 900;9 900;9 895;66;653 235;-0.05%
06/08/2025;9 895;9 890;9 895;9 890;38;375 915;0.00%
07/08/2025;9 895;9 890;9 895;9 890;38;375 915;0.00%
08/08/2025;9 900;9 800;9 900;9 800;5 012;49 368 200;0.05%
11/08/2025;9 800;9 900;9 900;9 800;3 596;35 420 600;-1.01%
12/08/2025;9 690;9 800;9 800;9 690;472;4 599 640;-1.12%
13/08/2025;9 700;9 690;9 700;9 690;382;3 703 490;0.10%
14/08/2025;9 800;9 700;9 800;9 700;2 467;24 053 250;1.03%
15/08/2025;9 800;9 700;9 800;9 700;2 467;24 053 250;0.00%
18/08/2025;9 795;9 700;9 795;9 700;2 769;26 990 828;-0.05%
19/08/2025;9 800;9 795;9 800;9 795;993;9 728 918;0.05%
20/08/2025;9 790;9 800;9 800;9 790;269;2 634 855;-0.10%
21/08/2025;9 750;9 790;9 790;9 750;369;3 605 130;-0.41%
22/08/2025;9 750;9 750;9 750;9 750;611;5 957 250;0.00%
25/08/2025;9 710;9 750;9 750;9 710;200;1 946 000;-0.41%
26/08/2025;9 750;9 710;9 750;9 710;1 842;17 922 660;0.41%
27/08/2025;9 735;9 750;9 750;9 735;3 933;38 317 253;-0.15%
28/08/2025;9 750;9 750;9 750;9 750;1 933;18 846 750;0.15%
29/08/2025;9 735;9 750;9 750;9 735;104;1 013 220;-0.15%
01/09/2025;9 725;9 735;9 735;9 725;3 117;30 328 410;-0.10%
02/09/2025;9 705;9 735;9 735;9 705;241;2 342 520;-0.21%
03/09/2025;9 705;9 725;9 725;9 705;897;8 714 355;0.00%
04/09/2025;9 705;9 725;9 725;9 705;897;8 714 355;0.00%
05/09/2025;9 705;9 730;9 730;9 705;1 162;11 291 735;0.00%
08/09/2025;9 730;9 705;9 730;9 705;1 147;11 145 973;0.26%
09/09/2025;9 745;9 730;9 745;9 730;2 644;25 745 950;0.15%
10/09/2025;9 745;9 745;9 745;9 745;113;1 101 185;0.00%
11/09/2025;9 995;9 750;9 995;9 750;757;7 473 483;2.57%
12/09/2025;10 000;9 995;10 000;9 995;203;2 029 493;0.05%
15/09/2025;9 900;10 000;10 000;9 900;616;6 129 200;-1.00%
16/09/2025;9 850;10 000;10 000;9 850;3 056;30 330 800;-0.51%
17/09/2025;9 925;9 840;9 925;9 840;1 372;13 558 790;0.76%
18/09/2025;9 185;9 925;9 925;9 185;6 408;61 228 440;-7.46%
19/09/2025;9 600;9 800;9 800;9 600;3 562;34 551 400;4.52%
22/09/2025;9 800;9 600;9 800;9 600;1 437;13 938 900;2.08%
23/09/2025;9 900;9 800;9 900;9 800;437;4 304 450;1.02%
24/09/2025;9 800;9 805;9 805;9 800;1 294;12 684 435;-1.01%
25/09/2025;9 890;9 900;9 900;9 890;177;1 751 415;0.92%
26/09/2025;9 890;9 880;9 890;9 880;400;3 954 000;0.00%
29/09/2025;9 800;9 805;9 805;9 800;372;3 646 530;-0.91%
30/09/2025;9 890;9 800;9 890;9 800;470;4 627 150;0.92%
01/10/2025;9 870;9 890;9 890;9 870;452;4 465 760;-0.20%
02/10/2025;9 800;9 900;9 900;9 800;1 259;12 401 150;-0.71%
03/10/2025;9 845;9 870;9 870;9 845;472;4 652 740;0.46%
06/10/2025;9 850;9 845;9 850;9 845;1 027;10 113 383;0.05%
07/10/2025;9 870;9 850;9 870;9 850;3 627;35 762 220;0.20%
08/10/2025;9 860;9 870;9 870;9 860;1 229;12 124 085;-0.10%
09/10/2025;9 890;9 870;9 890;9 870;295;2 914 600;0.30%
10/10/2025;9 990;9 870;9 990;9 870;188;1 866 840;1.01%
13/10/2025;9 985;9 990;9 990;9 985;449;4 484 388;-0.05%
14/10/2025;9 985;9 985;9 985;9 985;1 154;11 522 690;0.00%
15/10/2025;9 975;9 880;9 975;9 880;250;2 481 875;-0.10%
16/10/2025;9 980;9 980;9 980;9 980;296;2 954 080;0.05%
17/10/2025;9 985;9 980;9 985;9 980;225;2 246 063;0.05%
20/10/2025;9 995;9 985;9 995;9 985;1 769;17 672 310;0.10%
21/10/2025;9 980;9 995;9 995;9 980;158;1 578 025;-0.15%
22/10/2025;9 980;9 995;9 995;9 980;473;4 724 088;0.00%
23/10/2025;9 980;9 980;9 980;9 980;120;1 197 600;0.00%
24/10/2025;9 985;9 975;9 985;9 975;396;3 952 080;0.05%
27/10/2025;10 000;9 980;10 000;9 980;1 079;10 779 210;0.15%
28/10/2025;10 000;10 000;10 000;10 000;7 376;73 760 000;0.00%
29/10/2025;9 995;9 990;9 995;9 990;1 157;11 561 323;-0.05%
30/10/2025;9 995;10 000;10 000;9 995;702;7 018 245;0.00%
31/10/2025;9 995;9 900;9 995;9 900;1 435;14 274 663;0.00%
03/11/2025;9 995;9 995;9 995;9 995;215;2 148 925;0.00%
04/11/2025;9 925;9 925;9 925;9 925;1 294;12 842 950;-0.70%
05/11/2025;10 000;9 925;10 000;9 925;1 030;10 261 375;0.76%
06/11/2025;10 000;10 000;10 000;10 000;362;3 620 000;0.00%
07/11/2025;9 990;9 990;9 990;9 990;-;0;-0.10%
10/11/2025;9 985;9 990;9 990;9 985;616;6 152 300;-0.05%
11/11/2025;9 985;9 990;9 990;9 985;931;9 298 363;0.00%
12/11/2025;9 985;10 005;10 005;9 985;277;2 768 615;0.00%
13/11/2025;10 000;10 000;10 000;10 000;139;1 390 000;0.15%
14/11/2025;10 020;10 000;10 020;10 000;427;4 274 270;0.20%
17/11/2025;10 200;10 020;10 200;10 020;378;3 821 580;1.80%
18/11/2025;10 500;10 295;10 500;10 295;2 624;27 283 040;2.94%
19/11/2025;11 100;10 600;11 100;10 600;5 236;56 810 600;5.71%
20/11/2025;10 800;11 100;11 100;10 800;296;3 241 200;-2.70%
21/11/2025;11 000;10 800;11 000;10 800;487;5 308 300;1.85%
24/11/2025;11 000;11 000;11 000;11 000;412;4 532 000;0.00%
25/11/2025;10 810;10 800;10 810;10 800;242;2 614 810;-1.73%
26/11/2025;10 950;10 800;10 950;10 800;583;6 340 125;1.30%
27/11/2025;10 850;10 750;10 850;10 750;586;6 328 800;-0.91%
28/11/2025;10 800;10 850;10 850;10 800;120;1 299 000;-0.46%
01/12/2025;10 850;10 790;10 850;10 790;1 380;14 931 600;0.46%
02/12/2025;10 850;10 840;10 850;10 840;148;1 605 060;0.00%
03/12/2025;10 800;10 850;10 850;10 800;1 367;14 797 775;-0.46%
04/12/2025;10 500;10 800;10 800;10 500;2 940;31 311 000;-2.78%
05/12/2025;10 790;10 800;10 800;10 790;3 466;37 415 470;2.76%
08/12/2025;10 790;10 795;10 795;10 790;160;1 726 800;0.00%
09/12/2025;10 500;10 790;10 790;10 500;222;2 363 190;-2.69%
10/12/2025;10 650;10 500;10 650;10 500;314;3 320 550;1.43%
11/12/2025;10 650;10 650;10 650;10 650;90;958 500;0.00%
12/12/2025;10 790;10 700;10 790;10 700;163;1 751 435;1.31%
15/12/2025;10 790;10 790;10 790;10 790;239;2 578 810;0.00%
16/12/2025;10 605;10 790;10 790;10 605;1 020;10 911 450;-1.71%
17/12/2025;10 775;10 790;10 790;10 775;243;2 620 148;1.60%
18/12/2025;10 775;10 775;10 775;10 775;115;1 239 125;0.00%
19/12/2025;10 790;10 610;10 790;10 610;66;706 200;0.14%
22/12/2025;10 780;10 790;10 790;10 780;306;3 300 210;-0.09%
23/12/2025;10 775;10 780;10 780;10 775;68;732 870;-0.05%
24/12/2025;10 775;10 775;10 775;10 775;402;4 331 550;0.00%
25/12/2025;10 775;10 775;10 775;10 775;402;4 331 550;0.00%
26/12/2025;10 775;10 780;10 780;10 775;230;2 478 825;0.00%
29/12/2025;10 775;10 775;10 775;10 775;631;6 799 025;0.00%
30/12/2025;10 850;10 780;10 850;10 780;909;9 830 835;0.70%
31/12/2025;10 780;10 775;10 780;10 775;233;2 511 158;-0.65%
01/01/2026;10 780;10 775;10 780;10 775;233;2 511 158;0.00%
02/01/2026;10 845;10 780;10 845;10 780;1 139;12 315 438;0.60%
05/01/2026;10 860;10 780;10 860;10 780;441;4 771 620;0.14%
06/01/2026;10 860;10 860;10 860;10 860;609;6 613 740;0.00%
07/01/2026;10 955;10 860;10 955;10 860;238;2 595 985;0.87%
08/01/2026;11 000;10 980;11 000;10 980;267;2 934 330;0.41%
09/01/2026;11 010;11 000;11 010;11 000;166;1 826 830;0.09%
12/01/2026;10 900;10 950;10 950;10 900;198;2 163 150;-1.00%
13/01/2026;11 000;10 900;11 000;10 900;765;8 376 750;0.92%
14/01/2026;11 100;11 010;11 100;11 010;207;2 288 385;0.91%
15/01/2026;11 555;11 105;11 555;11 105;907;10 276 310;4.10%
16/01/2026;11 105;11 555;11 555;11 105;812;9 199 960;-3.89%
19/01/2026;11 895;11 555;11 895;11 555;987;11 572 575;7.11%
20/01/2026;11 895;11 895;11 895;11 895;4 920;58 523 400;0.00%
21/01/2026;11 895;11 895;11 895;11 895;894;10 634 130;0.00%
22/01/2026;11 900;11 900;11 900;11 900;535;6 366 500;0.04%
23/01/2026;11 950;11 900;11 950;11 900;440;5 247 000;0.42%
26/01/2026;11 750;11 950;11 950;11 750;1 476;17 490 600;-1.67%
27/01/2026;11 800;11 600;11 800;11 600;1 786;20 896 200;0.43%
28/01/2026;11 925;11 795;11 925;11 795;1 619;19 201 340;1.06%
29/01/2026;11 900;11 925;11 925;11 900;1 616;19 250 600;-0.21%
30/01/2026;11 900;11 900;11 900;11 900;189;2 249 100;0.00%
02/02/2026;12 400;12 000;12 400;12 000;795;9 858 000;4,20%
03/02/2026;12 250;12 250;12 500;12 500;812;9 947 000;-1,21%
04/02/2026;12 000;12 260;12 260;12 000;681;8 260 530;-2.04%
05/02/2026;12 010;12 000;12 010;12 000;424;5 092 240;0,08%
06/02/2026;12 075;12 300;12 300;12 075;517;6 300 938;0.54%
09/02/2026;12 245;12 200;12 245;12 200;678;8 286 855;1.41%
10/02/2026;12 000;12 245;12 245;12 000;4 280;51 884 300;-2.00%
11/02/2026;12 000;12 000;12 000;12 000;4 159;49 908 000;0.00%
12/02/2026;12 100;12 100;12 100;12 100;1 678;20 303 800;0.83%
13/02/2026;12 000;12 100;12 100;12 000;1 344;16 195 200;-0.83%
16/02/2026;12 900;12 500;12 900;12 500;2 626;33 350 200;7.50%
17/02/2026;12 700;12 800;12 800;12 700;2 821;35 967 750;-1.55%
18/02/2026;13 000;12 800;13 000;12 800;557;7 185 300;2.36%
19/02/2026;12 900;12 900;12 900;12 900;756;9 752 400;-0.77%
20/02/2026;13 000;13 000;13 000;13 000;2 386;31 018 000;0.78%
23/02/2026;12 900;13 000;13 000;12 900;1 107;14 335 650;-0.77%
24/02/2026;12 930;12 930;13 500;13 500;2 459;31 794 870;0,23%
25/02/2026;13 845;13 845;13 880;13 880;3 240;44 857 800;7,08%
26/02/2026;14 000;13 840;14 000;13 840;794;11 116 000;1,12%
27/02/2026;14 050;14 000;14 050;14 000;1 357;19 065 850;0,36%
02/03/2026;14 050;14 050;14 050;14 050;1 487;20 892 350;0.00%
03/03/2026;13 000;14 050;14 050;13 000;2 132;28 835 300;-7.47%
04/03/2026;13 105;13 010;13 105;13 010;951;12 462 855;0,81%
05/03/2026;13 110;14 050;14 050;13 110;3 677;49 933 660;0.04%
06/03/2026;13 405;13 200;13 405;13 200;767;10 203 018;2.25%
09/03/2026;13 900;13 500;13 900;13 500;543;7 439 100;3.69%
10/03/2026;14 000;13 950;14 000;13 950;4 036;56 504 000;0,72%
11/03/2026;13 625;13 625;14 000;14 000;532;7 248 500;-2,68%
12/03/2026;13 500;13 500;13 625;13 625;627;8 464 500;-0,92%
13/03/2026;13 500;13 500;13 500;13 500;20 550;277 425 000;0,00%
16/03/2026;13 500;13 500;13 500;13 500;20 550;277 425 000;0,00%
17/03/2026;13 505;13 500;13 505;13 500;16 780;226 571 950;0.04%
18/03/2026;13 510;13 505;13 510;13 505;4 943;66 779 930;0,04%
19/03/2026;13 700;13 980;13 980;13 700;574;7 944 160;1.41%
20/03/2026;13 700;13 980;13 980;13 700;574;7 944 160;0.00%
23/03/2026;13 705;13 950;13 950;13 705;1 055;14 588 013;0.04%
24/03/2026;13 715;13 705;13 715;13 705;568;7 787 280;0.07%
25/03/2026;13 800;13 780;13 800;13 780;251;3 463 800;0,62%
26/03/2026;13 800;13 655;13 800;13 655;758;10 460 400;0,00%
27/03/2026;13 790;13 800;13 800;13 790;594;8 194 230;-0.07%
30/03/2026;13 850;13 800;13 850;13 800;496;6 857 200;0.44%
31/03/2026;13 800;13 800;13 845;13 845;258;3 560 400;-0,36%
01/04/2026;13 850;13 800;13 850;13 800;980;13 573 000;0,36%
02/04/2026;14 885;13 905;14 885;13 905;2 334;33 597 930;7.47%
03/04/2026;15 005;14 995;15 005;14 995;1 220;18 306 100;0,81%
06/04/2026;15 005;14 995;15 005;14 995;1 220;18 306 100;0,00%
07/04/2026;15 000;15 145;15 145;15 000;1 489;22 442 953;-0.03%
08/04/2026;15 000;15 000;15 000;15 000;946;14 190 000;0.00%
09/04/2026;15 060;15 100;15 100;15 060;555;8 369 400;0.40%
10/04/2026;15 200;15 100;15 200;15 100;630;9 544 500;0.93%
13/04/2026;15 215;15 200;15 215;15 200;907;13 793 203;0.10%
14/04/2026;15 350;15 215;15 350;15 215;193;2 949 523;0.89%
15/04/2026;15 700;15 360;15 700;15 360;611;9 488 830;2.28%
16/04/2026;16 500;15 985;16 500;15 985;3 222;52 333 335;5.10%
17/04/2026;16 805;16 600;16 805;16 600;280;4 676 700;1.85%
20/04/2026;16 800;16 805;16 805;16 800;708;11 896 170;-0.03%
21/04/2026;16 845;16 800;16 845;16 800;674;11 338 365;0.27%
22/04/2026;15 680;15 680;16 825;16 825;892;13 986 560;-6,92%
23/04/2026;16 490;15 680;16 490;15 680;1 037;17 100 130;5,17%
24/04/2026;16 490;16 490;16 490;16 490;464;7 651 360;0,00%
27/04/2026;16 200;16 200;16 490;16 490;220;3 564 000;-1,76%
28/04/2026;15 600;15 600;16 200;16 200;872;13 603 200;-3,70%
29/04/2026;16 000;15 895;16 000;15 895;3 119;49 740 253;2.56%
30/04/2026;16 100;16 100;16 300;16 300;166;2 672 600;0,63%
01/05/2026;16 100;16 300;16 300;16 100;166;2 689 200;0.00%
04/05/2026;16 250;16 300;16 300;16 250;4 206;68 452 650;0.93%
05/05/2026;16 550;16 300;16 550;16 300;1 916;31 470 300;1.85%
06/05/2026;16 700;16 500;16 700;16 500;563;9 345 800;0.91%
07/05/2026;16 600;16 700;16 700;16 600;960;15 984 000;-0.60%
08/05/2026;16 800;16 700;16 800;16 700;1 024;17 152 000;1.20%
11/05/2026;16 800;16 800;16 800;16 800;1 765;29 652 000;0.00%
12/05/2026;17 400;17 000;17 400;17 000;1 535;26 402 000;3.57%
13/05/2026;18 700;17 300;18 700;17 300;7 809;140 562 000;7.47%
14/05/2026;18 700;17 300;18 700;17 300;7 809;140 562 000;0.00%
15/05/2026;19 905;18 700;19 905;18 700;1 991;38 431 278;6.44%
18/05/2026;20 500;20 000;20 500;20 000;761;15 410 250;2.99%
19/05/2026;20 500;20 500;20 500;20 500;1 358;27 839 000;0.00%
20/05/2026;20 500;20 500;20 500;20 500;851;17 445 500;0.00%
21/05/2026;20 700;20 500;20 700;20 500;604;12 442 400;0.98%
22/05/2026;20 700;20 650;20 700;20 650;736;15 216 800;0.00%
25/05/2026;20 700;20 650;20 700;20 650;736;15 216 800;0.00%
26/05/2026;21 465;21 495;21 495;21 465;226;4 854 480;3.70%
27/05/2026;21 465;21 495;21 495;21 465;226;4 854 480;0.00%
28/05/2026;21 495;21 480;21 495;21 480;821;17 641 238;0.14%
29/05/2026;21 560;22 700;22 700;21 560;2 553;56 497 890;0.30%
01/06/2026;21 510;21 560;21 560;21 510;1 725;37 147 875;-0.23%
02/06/2026;22 500;21 560;22 500;21 560;2 931;64 569 930;4.60%
03/06/2026;20 900;22 500;22 500;20 900;5 548;120 391 600;-7.11%
04/06/2026;21 200;22 450;22 450;21 200;735;16 041 375;1.44%
05/06/2026;22 000;22 395;22 395;22 000;1 451;32 208 573;3.77%
08/06/2026;22 000;21 000;22 000;21 000;1 385;29 777 500;0.00%
09/06/2026;21 500;22 000;22 000;21 500;3 346;72 775 500;-2.27%
10/06/2026;21 600;21 550;21 600;21 550;476;10 269 700;0.47%
11/06/2026;22 075;21 670;22 075;21 670;1 306;28 565 485;2.20%
12/06/2026;21 800;22 400;22 400;21 800;1 528;33 768 800;-1.25%
15/06/2026;22 085;22 500;22 500;22 085;1 579;35 199 858;1.31%
16/06/2026;22 000;22 100;22 100;22 000;2 137;47 120 850;-0.38%
17/06/2026;22 400;22 085;22 400;22 085;634;14 101 745;1.82%
18/06/2026;22 400;22 395;22 400;22 395;879;19 687 403;0.00%
19/06/2026;21 500;22 400;22 400;21 500;337;7 397 150;-4.02%
22/06/2026;22 000;21 500;22 000;21 500;1 178;25 621 500;2.33%
23/06/2026;21 785;22 000;22 000;21 785;1 106;24 213 105;-0.98%
24/06/2026;21 785;21 785;21 785;21 785;1 176;25 619 160;0.00%
25/06/2026;21 995;21 800;21 995;21 800;891;19 510 673;0.96%
26/06/2026;22 000;21 995;22 000;21 995;1 382;30 400 545;0.02%
29/06/2026;22 195;22 000;22 195;22 000;548;12 109 430;0.89%
30/06/2026;23 500;22 195;23 500;22 195;1 983;45 306 593;5.88%
01/07/2026;24 000;23 500;24 000;23 500;1 464;34 770 000;2.13%
02/07/2026;24 000;24 000;24 000;24 000;1 490;35 760 000;0.00%
03/07/2026;23 910;24 000;24 000;23 910;1 163;27 859 665;-0.38%
06/07/2026;25 000;23 905;25 000;23 905;1 409;34 453 573;4.56%
07/07/2026;25 700;25 200;25 700;25 200;588;14 964 600;2.80%
08/07/2026;27 625;25 705;27 625;25 705;548;14 612 420;7.49%
09/07/2026;27 545;27 900;27 900;27 545;1 770;49 068 825;-0.29%
10/07/2026;29 610;27 545;29 610;27 545;1 181;33 750 028;7.50%
13/07/2026;30 005;29 990;30 005;29 990;2 355;70 644 113;1.33%
14/07/2026;30 000;30 100;30 100;30 000;2 806;84 320 300;-0.02%
15/07/2026;30 005;30 000;30 005;30 000;2 256;67 685 640;0.02%
16/07/2026;30 000;30 005;30 005;30 000;2 225;66 755 563;-0.02%
17/07/2026;28 490;29 000;29 000;28 490;744;21 386 280;-5.03%
20/07/2026;27 500;28 200;28 200;27 500;598;16 654 300;-3.47%
21/07/2026;26 250;26 250;26 250;26 250;1 649;43 286 250;-4.55%
22/07/2026;26 450;26 250;26 450;26 250;3 955;104 214 250;0.76%
23/07/2026;26 450;26 450;26 450;26 450;1 472;38 934 400;0.00%
