Date;Clôture;Plus bas;Plus haut;Ouverture;Volume Titres;Volume FCFA;Variation %
14/07/2014;17 505;17 505;17 505;17 505;475;8 314 875;-2.75%
15/07/2014;18 800;18 800;18 800;18 800;67;1 259 600;7.40%
16/07/2014;18 800;18 800;18 800;18 800;203;3 816 400;0.00%
17/07/2014;18 500;18 500;18 500;18 500;5 510;101 935 000;-1.60%
18/07/2014;18 400;18 400;18 400;18 400;50;920 000;-0.54%
21/07/2014;18 800;18 800;18 800;18 800;23 193;436 028 400;2.17%
22/07/2014;18 700;18 700;18 700;18 700;9 694;181 277 800;-0.53%
23/07/2014;18 500;18 500;18 500;18 500;82;1 517 000;-1.07%
25/07/2014;18 500;18 500;18 500;18 500;56;1 036 000;0.00%
29/07/2014;18 505;18 505;18 505;18 505;336;6 217 680;0.03%
30/07/2014;18 700;18 700;18 700;18 700;1 852;34 632 400;1.05%
31/07/2014;18 800;18 800;18 800;18 800;114;2 143 200;0.53%
01/08/2014;18 700;18 700;18 700;18 700;2 504;46 824 800;-0.53%
04/08/2014;18 695;18 695;18 695;18 695;144;2 692 080;-0.03%
05/08/2014;18 600;18 600;18 600;18 600;56;1 041 600;-0.51%
06/08/2014;18 695;18 695;18 695;18 695;211;3 944 645;0.51%
07/08/2014;18 695;18 695;18 695;18 695;211;3 944 645;0.00%
08/08/2014;19 000;19 000;19 000;19 000;18 100;343 900 000;1.63%
11/08/2014;18 600;18 600;18 600;18 600;347;6 454 200;-2.11%
12/08/2014;18 605;18 605;18 605;18 605;1 100;20 465 500;0.03%
13/08/2014;19 000;19 000;19 000;19 000;156;2 964 000;2.12%
14/08/2014;18 800;18 800;18 800;18 800;323;6 072 400;-1.05%
18/08/2014;18 800;18 800;18 800;18 800;875;16 450 000;0.00%
19/08/2014;18 800;18 800;18 800;18 800;155;2 914 000;0.00%
20/08/2014;18 800;18 800;18 800;18 800;163;3 064 400;0.00%
21/08/2014;18 800;18 800;18 800;18 800;387;7 275 600;0.00%
22/08/2014;18 600;18 600;18 600;18 600;478;8 890 800;-1.06%
25/08/2014;18 900;18 900;18 900;18 900;28;529 200;1.61%
26/08/2014;18 650;18 650;18 650;18 650;2 942;54 868 300;-1.32%
27/08/2014;18 500;18 500;18 500;18 500;699;12 931 500;-0.80%
28/08/2014;18 005;18 005;18 005;18 005;2 032;36 586 160;-2.68%
29/08/2014;18 000;18 000;18 000;18 000;255;4 590 000;-0.03%
01/09/2014;18 000;18 000;18 000;18 000;519;9 342 000;0.00%
02/09/2014;18 000;18 000;18 000;18 000;44;792 000;0.00%
03/09/2014;17 995;17 995;17 995;17 995;70;1 259 650;-0.03%
04/09/2014;18 000;18 000;18 000;18 000;365;6 570 000;0.03%
05/09/2014;17 650;17 650;17 650;17 650;109;1 923 850;-1.94%
08/09/2014;17 655;17 655;17 655;17 655;63;1 112 265;0.03%
09/09/2014;17 500;17 500;17 500;17 500;1 216;21 280 000;-0.88%
10/09/2014;17 600;17 600;17 600;17 600;33;580 800;0.57%
11/09/2014;17 300;17 300;17 300;17 300;1 689;29 219 700;-1.70%
12/09/2014;17 300;17 300;17 300;17 300;41;709 300;0.00%
15/09/2014;17 210;17 210;17 210;17 210;171;2 942 910;-0.52%
16/09/2014;17 495;17 495;17 495;17 495;91;1 592 045;1.66%
18/09/2014;17 165;17 165;17 165;17 165;90;1 544 850;-1.91%
19/09/2014;17 500;17 500;17 500;17 500;17;297 500;1.95%
22/09/2014;17 500;17 500;17 500;17 500;10 243;179 252 500;0.00%
23/09/2014;17 500;17 500;17 500;17 500;4 148;72 590 000;0.00%
24/09/2014;17 300;17 300;17 300;17 300;809;13 995 700;-1.14%
25/09/2014;17 200;17 200;17 200;17 200;87;1 496 400;-0.58%
26/09/2014;17 150;17 150;17 150;17 150;1 001;17 167 150;-0.29%
29/09/2014;17 300;17 300;17 300;17 300;108;1 868 400;0.87%
30/09/2014;17 500;17 500;17 500;17 500;4 048;70 840 000;1.16%
01/10/2014;17 305;17 305;17 305;17 305;442;7 648 810;-1.11%
02/10/2014;17 500;17 500;17 500;17 500;1 068;18 690 000;1.13%
03/10/2014;17 500;17 500;17 500;17 500;14;245 000;0.00%
06/10/2014;17 400;17 400;17 400;17 400;115;2 001 000;-0.57%
07/10/2014;17 450;17 450;17 450;17 450;43;750 350;0.29%
08/10/2014;17 450;17 450;17 450;17 450;56;977 200;0.00%
09/10/2014;17 205;17 205;17 205;17 205;176;3 028 080;-1.40%
10/10/2014;17 350;17 350;17 350;17 350;22;381 700;0.84%
13/10/2014;17 450;17 450;17 450;17 450;45;785 250;0.58%
14/10/2014;17 200;17 200;17 200;17 200;76;1 307 200;-1.43%
15/10/2014;17 200;17 200;17 200;17 200;1 012;17 406 400;0.00%
16/10/2014;17 200;17 200;17 200;17 200;31;533 200;0.00%
17/10/2014;17 000;17 000;17 000;17 000;2 366;40 222 000;-1.16%
20/10/2014;16 995;16 995;16 995;16 995;45;764 775;-0.03%
22/10/2014;16 005;16 005;16 005;16 005;122;1 952 610;-5.83%
23/10/2014;15 685;15 685;15 685;15 685;165;2 588 025;-2.00%
27/10/2014;15 350;15 350;15 350;15 350;475;7 291 250;-2.14%
28/10/2014;15 000;15 000;15 000;15 000;5 053;75 795 000;-2.28%
29/10/2014;15 100;15 100;15 100;15 100;1 100;16 610 000;0.67%
30/10/2014;14 995;14 995;14 995;14 995;4 561;68 392 195;-0.70%
31/10/2014;15 000;15 000;15 000;15 000;8 047;120 705 000;0.03%
03/11/2014;15 010;15 010;15 010;15 010;7 265;109 047 650;0.07%
04/11/2014;16 135;16 135;16 135;16 135;5;80 675;7.50%
05/11/2014;15 900;15 900;15 900;15 900;42;667 800;-1.46%
06/11/2014;16 120;16 120;16 120;16 120;152;2 450 240;1.38%
07/11/2014;16 120;16 120;16 120;16 120;46;741 520;0.00%
10/11/2014;16 120;16 120;16 120;16 120;202;3 256 240;0.00%
11/11/2014;16 120;16 120;16 120;16 120;35;564 200;0.00%
12/11/2014;16 120;16 120;16 120;16 120;20;322 400;0.00%
13/11/2014;16 120;16 120;16 120;16 120;20;322 400;0.00%
14/11/2014;17 340;17 340;17 340;17 340;10 373;179 867 820;7.57%
17/11/2014;18 500;18 500;18 500;18 500;3 536;65 416 000;6.69%
21/11/2014;17 500;17 500;17 500;17 500;9;157 500;-5.41%
24/11/2014;17 500;17 500;17 500;17 500;4;70 000;0.00%
25/11/2014;17 200;17 200;17 200;17 200;4;68 800;-1.71%
26/11/2014;17 000;17 000;17 000;17 000;105;1 785 000;-1.16%
27/11/2014;17 000;17 000;17 000;17 000;54;918 000;0.00%
28/11/2014;17 000;17 000;17 000;17 000;25;425 000;0.00%
02/12/2014;16 900;16 900;16 900;16 900;140;2 366 000;-0.59%
03/12/2014;16 900;16 900;16 900;16 900;54;912 600;0.00%
04/12/2014;16 600;16 600;16 600;16 600;205;3 403 000;-1.78%
08/12/2014;16 900;16 900;16 900;16 900;466;7 875 400;1.81%
09/12/2014;17 195;17 195;17 195;17 195;71;1 220 845;1.75%
10/12/2014;17 150;17 150;17 150;17 150;121;2 075 150;-0.26%
11/12/2014;17 500;17 500;17 500;17 500;981;17 167 500;2.04%
12/12/2014;17 490;17 490;17 490;17 490;32;559 680;-0.06%
15/12/2014;17 500;17 500;17 500;17 500;113;1 977 500;0.06%
17/12/2014;17 295;17 295;17 295;17 295;32;553 440;-0.03%
18/12/2014;17 295;17 295;17 295;17 295;5 417;93 687 015;0.00%
19/12/2014;17 000;17 000;17 000;17 000;45;765 000;-1.71%
22/12/2014;16 995;16 995;16 995;16 995;53;900 735;-0.03%
23/12/2014;16 995;16 995;16 995;16 995;10;169 950;0.00%
24/12/2014;16 990;16 990;16 990;16 990;16;271 840;-0.03%
25/12/2014;16 990;16 990;16 990;16 990;16;271 840;0.00%
26/12/2014;16 950;16 950;16 950;16 950;83;1 406 850;-0.24%
29/12/2014;16 950;16 950;16 950;16 950;613;10 390 350;0.00%
30/12/2014;16 950;16 950;16 950;16 950;10;169 500;0.00%
31/12/2014;16 950;16 950;16 950;16 950;41;694 950;0.00%
02/01/2015;16 900;16 900;16 900;16 900;46;777 400;-0.29%
05/01/2015;16 900;16 900;16 900;16 900;38;642 200;0.00%
06/01/2015;16 500;16 500;16 500;16 500;712;11 748 000;-2.37%
07/01/2015;16 400;16 400;16 400;16 400;92;1 508 800;-0.61%
08/01/2015;16 850;16 850;16 850;16 850;629;10 598 650;2.74%
09/01/2015;16 850;16 850;16 850;16 850;19;320 150;0.00%
12/01/2015;16 550;16 550;16 550;16 550;22;364 100;-1.78%
13/01/2015;16 850;16 850;16 850;16 850;183;3 083 550;1.81%
14/01/2015;17 000;17 000;17 000;17 000;224;3 808 000;0.89%
15/01/2015;17 500;17 500;17 500;17 500;45;787 500;2.94%
16/01/2015;18 800;18 800;18 800;18 800;1 271;23 894 800;7.43%
19/01/2015;17 390;17 390;17 390;17 390;660;11 477 400;-7.50%
20/01/2015;18 690;18 690;18 690;18 690;715;13 363 350;7.48%
21/01/2015;17 600;17 600;17 600;17 600;82;1 443 200;-5.83%
22/01/2015;18 900;18 900;18 900;18 900;769;14 534 100;7.39%
23/01/2015;18 600;18 600;18 600;18 600;2 034;37 832 400;-1.59%
26/01/2015;18 750;18 750;18 750;18 750;425;7 968 750;0.81%
27/01/2015;18 500;18 500;18 500;18 500;5;92 500;-1.33%
28/01/2015;19 000;19 000;19 000;19 000;630;11 970 000;2.70%
29/01/2015;18 500;18 500;18 500;18 500;22;407 000;-2.63%
30/01/2015;18 700;18 700;18 700;18 700;130;2 431 000;1.08%
02/02/2015;18 700;18 700;18 700;18 700;25;467 500;0.00%
03/02/2015;18 500;18 500;18 500;18 500;252;4 662 000;-1.07%
04/02/2015;19 000;19 000;19 000;19 000;29;551 000;2.70%
05/02/2015;18 000;18 000;18 000;18 000;316;5 688 000;-5.26%
06/02/2015;19 350;19 350;19 350;19 350;150;2 902 500;7.50%
09/02/2015;19 350;19 350;19 350;19 350;150;2 902 500;0.00%
10/02/2015;18 500;18 500;18 500;18 500;143;2 645 500;-4.39%
11/02/2015;19 000;19 000;19 000;19 000;199;3 781 000;2.70%
12/02/2015;19 000;19 000;19 000;19 000;199;3 781 000;0.00%
13/02/2015;18 500;18 500;18 500;18 500;133;2 460 500;-2.63%
16/02/2015;18 300;18 300;18 300;18 300;394;7 210 200;-1.08%
17/02/2015;18 305;18 305;18 305;18 305;150;2 745 750;0.03%
18/02/2015;18 400;18 400;18 400;18 400;584;10 745 600;0.52%
19/02/2015;17 600;17 600;17 600;17 600;308;5 420 800;-4.35%
20/02/2015;17 615;17 615;17 615;17 615;9;158 535;0.09%
23/02/2015;18 000;18 000;18 000;18 000;23;414 000;2.19%
24/02/2015;18 000;18 000;18 000;18 000;826;14 868 000;0.00%
25/02/2015;18 400;18 400;18 400;18 400;44;809 600;2.22%
26/02/2015;18 000;18 000;18 000;18 000;697;12 546 000;-2.17%
27/02/2015;18 000;18 000;18 000;18 000;175;3 150 000;0.00%
02/03/2015;18 000;18 000;18 000;18 000;74;1 332 000;0.00%
03/03/2015;18 000;18 000;18 000;18 000;218;3 924 000;0.00%
04/03/2015;18 000;18 000;18 000;18 000;114;2 052 000;0.00%
05/03/2015;18 000;18 000;18 000;18 000;122;2 196 000;0.00%
06/03/2015;18 000;18 000;18 000;18 000;508;9 144 000;0.00%
09/03/2015;18 000;18 000;18 000;18 000;333;5 994 000;0.00%
10/03/2015;18 005;18 005;18 005;18 005;952;17 140 760;0.03%
11/03/2015;18 015;18 015;18 015;18 015;310;5 584 650;0.06%
12/03/2015;18 200;18 200;18 200;18 200;598;10 883 600;1.03%
13/03/2015;18 200;18 200;18 200;18 200;2;36 400;0.00%
17/03/2015;18 200;18 200;18 200;18 200;348;6 333 600;0.00%
18/03/2015;18 200;18 200;18 200;18 200;20;364 000;0.00%
19/03/2015;18 000;18 000;18 000;18 000;168;3 024 000;-1.10%
20/03/2015;18 300;18 300;18 300;18 300;365;6 679 500;1.67%
23/03/2015;18 000;18 000;18 000;18 000;93;1 674 000;-1.64%
24/03/2015;18 000;18 000;18 000;18 000;10;180 000;0.00%
25/03/2015;17 605;17 605;17 605;17 605;1 085;19 101 425;-2.19%
26/03/2015;17 700;17 700;17 700;17 700;170;3 009 000;0.54%
27/03/2015;17 700;17 700;17 700;17 700;87;1 539 900;0.00%
30/03/2015;17 700;17 700;17 700;17 700;75;1 327 500;0.00%
31/03/2015;18 000;18 000;18 000;18 000;58;1 044 000;1.69%
01/04/2015;17 890;17 890;17 890;17 890;18;322 020;-0.61%
02/04/2015;17 000;17 000;17 000;17 000;593;10 081 000;-4.97%
03/04/2015;18 200;18 200;18 200;18 200;229;4 167 800;7.06%
06/04/2015;18 200;18 200;18 200;18 200;229;4 167 800;0.00%
07/04/2015;18 000;18 000;18 000;18 000;1 624;29 232 000;-1.10%
08/04/2015;18 000;18 000;18 000;18 000;125;2 250 000;0.00%
09/04/2015;17 900;17 900;17 900;17 900;210;3 759 000;-0.56%
10/04/2015;17 895;17 895;17 895;17 895;8;143 160;-0.03%
13/04/2015;17 800;17 800;17 800;17 800;65;1 157 000;-0.53%
14/04/2015;17 800;17 800;17 800;17 800;18;320 400;0.00%
15/04/2015;18 400;18 400;18 400;18 400;37;680 800;3.37%
16/04/2015;18 000;18 000;18 000;18 000;2 030;36 540 000;-2.17%
17/04/2015;18 000;18 000;18 000;18 000;1 509;27 162 000;0.00%
20/04/2015;17 950;17 950;17 950;17 950;2 000;35 900 000;-0.28%
22/04/2015;17 950;17 950;17 950;17 950;44;789 800;0.00%
23/04/2015;17 950;17 950;17 950;17 950;24;430 800;0.00%
24/04/2015;18 000;18 000;18 000;18 000;2 607;46 926 000;0.28%
27/04/2015;18 000;18 000;18 000;18 000;2 141;38 538 000;0.00%
28/04/2015;17 995;17 995;17 995;17 995;229;4 120 855;-0.03%
30/04/2015;18 000;18 000;18 000;18 000;83;1 494 000;0.03%
05/05/2015;19 000;19 000;19 000;19 000;5;95 000;5.56%
06/05/2015;17 995;17 995;17 995;17 995;87;1 565 565;-5.29%
07/05/2015;17 900;17 900;17 900;17 900;2 361;42 261 900;-0.53%
08/05/2015;17 950;17 950;17 950;17 950;3 019;54 191 050;0.28%
13/05/2015;17 950;17 950;17 950;17 950;26;466 700;0.00%
14/05/2015;17 950;17 950;17 950;17 950;26;466 700;0.00%
18/05/2015;17 600;17 600;17 600;17 600;100;1 760 000;-1.95%
19/05/2015;17 000;17 000;17 000;17 000;118;2 006 000;-3.41%
20/05/2015;16 700;16 700;16 700;16 700;154;2 571 800;-1.76%
21/05/2015;17 500;17 500;17 500;17 500;61;1 067 500;4.79%
22/05/2015;16 700;16 700;16 700;16 700;50;835 000;-4.57%
25/05/2015;16 700;16 700;16 700;16 700;50;835 000;0.00%
26/05/2015;16 700;16 700;16 700;16 700;971;16 215 700;0.00%
27/05/2015;17 500;17 500;17 500;17 500;1 089;19 057 500;4.79%
28/05/2015;17 500;17 500;17 500;17 500;645;11 287 500;0.00%
29/05/2015;17 500;17 500;17 500;17 500;16;280 000;0.00%
01/06/2015;17 000;17 000;17 000;17 000;7 928;134 776 000;-2.86%
02/06/2015;17 300;17 300;17 300;17 300;20;346 000;1.76%
03/06/2015;17 300;17 300;17 300;17 300;2 933;50 740 900;0.00%
04/06/2015;17 400;17 400;17 400;17 400;3 296;57 350 400;0.58%
05/06/2015;17 200;17 200;17 200;17 200;57;980 400;-1.15%
08/06/2015;17 250;17 250;17 250;17 250;174;3 001 500;0.29%
09/06/2015;17 200;17 200;17 200;17 200;231;3 973 200;-0.29%
10/06/2015;17 000;17 000;17 000;17 000;2 008;34 136 000;-1.16%
11/06/2015;17 200;17 200;17 200;17 200;2;34 400;1.18%
12/06/2015;17 000;17 000;17 000;17 000;234;3 978 000;-1.16%
16/06/2015;16 400;16 400;16 400;16 400;117;1 918 800;-3.53%
17/06/2015;16 300;16 300;16 300;16 300;10 368;168 998 400;-0.61%
18/06/2015;17 000;17 000;17 000;17 000;67;1 139 000;4.29%
19/06/2015;16 950;16 950;16 950;16 950;525;8 898 750;-0.29%
23/06/2015;15 680;15 680;15 680;15 680;95;1 489 600;-7.49%
24/06/2015;16 000;16 000;16 000;16 000;50;800 000;2.04%
25/06/2015;16 000;16 000;16 000;16 000;28;448 000;0.00%
26/06/2015;16 000;16 000;16 000;16 000;115;1 840 000;0.00%
29/06/2015;16 500;16 500;16 500;16 500;71;1 171 500;3.13%
30/06/2015;16 500;16 500;16 500;16 500;116;1 914 000;0.00%
01/07/2015;16 495;16 495;16 495;16 495;142;2 342 290;-0.03%
02/07/2015;16 485;16 485;16 485;16 485;180;2 967 300;-0.06%
03/07/2015;16 485;16 485;16 485;16 485;4 029;66 418 065;0.00%
06/07/2015;16 000;16 000;16 000;16 000;767;12 272 000;-2.94%
07/07/2015;16 300;16 300;16 300;16 300;203;3 308 900;1.88%
08/07/2015;16 100;16 100;16 100;16 100;68;1 094 800;-1.23%
09/07/2015;16 300;16 300;16 300;16 300;40 391;658 373 300;1.24%
10/07/2015;16 000;16 000;16 000;16 000;331;5 296 000;-1.84%
13/07/2015;15 615;15 615;15 615;15 615;100;1 561 500;-2.41%
14/07/2015;15 615;15 615;15 615;15 615;100;1 561 500;0.00%
15/07/2015;14 805;14 805;14 805;14 805;64 143;949 637 115;-5.19%
17/07/2015;14 810;14 810;14 810;14 810;8 238;122 004 780;0.03%
20/07/2015;14 810;14 810;14 810;14 810;4 539;67 222 590;0.00%
21/07/2015;15 920;15 920;15 920;15 920;90;1 432 800;7.49%
22/07/2015;14 800;14 800;14 800;14 800;37 581;556 198 800;-7.04%
23/07/2015;14 500;14 500;14 500;14 500;220;3 190 000;-2.03%
29/07/2015;14 515;14 515;14 515;14 515;117;1 698 255;0.10%
30/07/2015;14 995;14 995;14 995;14 995;26;389 870;3.31%
31/07/2015;14 500;14 500;14 500;14 500;1 506;21 837 000;-3.30%
03/08/2015;14 600;14 600;14 600;14 600;1 941;28 338 600;0.69%
04/08/2015;14 600;14 600;14 600;14 600;34;496 400;0.00%
05/08/2015;14 000;14 000;14 000;14 000;2 160;30 240 000;-4.11%
06/08/2015;14 700;14 700;14 700;14 700;40 160;590 352 000;5.00%
07/08/2015;14 700;14 700;14 700;14 700;40 160;590 352 000;0.00%
10/08/2015;15 000;15 000;15 000;15 000;444;6 660 000;2.04%
11/08/2015;15 900;15 900;15 900;15 900;3 005;47 779 500;6.00%
12/08/2015;15 500;15 500;15 500;15 500;45 050;698 275 000;-2.52%
13/08/2015;15 500;15 500;15 500;15 500;24 040;372 620 000;0.00%
14/08/2015;15 700;15 700;15 700;15 700;1;15 700;1.29%
17/08/2015;16 400;16 400;16 400;16 400;1 615;26 486 000;4.46%
18/08/2015;16 395;16 395;16 395;16 395;21;344 295;-0.03%
19/08/2015;16 000;16 000;16 000;16 000;848;13 568 000;-2.41%
20/08/2015;16 300;16 300;16 300;16 300;2 705;44 091 500;1.88%
24/08/2015;16 000;16 000;16 000;16 000;1 031;16 496 000;-1.84%
25/08/2015;15 800;15 800;15 800;15 800;152;2 401 600;-1.25%
26/08/2015;16 000;16 000;16 000;16 000;3 710;59 360 000;1.27%
27/08/2015;15 500;15 500;15 500;15 500;1;15 500;-3.13%
28/08/2015;15 500;15 500;15 500;15 500;10;155 000;0.00%
31/08/2015;15 200;15 200;15 200;15 200;299;4 544 800;-1.94%
01/09/2015;15 000;15 000;15 000;15 000;8 476;127 140 000;-1.32%
02/09/2015;15 000;15 000;15 000;15 000;23;345 000;0.00%
03/09/2015;14 500;14 500;14 500;14 500;139;2 015 500;-3.33%
04/09/2015;14 505;14 505;14 505;14 505;141;2 045 205;0.03%
07/09/2015;14 850;14 850;14 850;14 850;1;14 850;2.38%
08/09/2015;15 000;15 000;15 000;15 000;92;1 380 000;1.01%
09/09/2015;14 995;14 995;14 995;14 995;609;9 131 955;-0.03%
11/09/2015;14 700;14 700;14 700;14 700;150;2 205 000;-1.97%
15/09/2015;14 850;14 850;14 850;14 850;205;3 044 250;-0.97%
16/09/2015;14 500;14 500;14 500;14 500;125;1 812 500;-2.36%
17/09/2015;14 500;14 500;14 500;14 500;63;913 500;0.00%
18/09/2015;14 500;14 500;14 500;14 500;48;696 000;0.00%
21/09/2015;14 500;14 500;14 500;14 500;9;130 500;0.00%
22/09/2015;14 700;14 700;14 700;14 700;109;1 602 300;1.38%
23/09/2015;14 500;14 500;14 500;14 500;6 014;87 203 000;-1.36%
24/09/2015;14 500;14 500;14 500;14 500;6 014;87 203 000;0.00%
25/09/2015;14 450;14 450;14 450;14 450;172;2 485 400;-0.34%
28/09/2015;14 450;14 450;14 450;14 450;27;390 150;0.00%
29/09/2015;14 000;14 000;14 000;14 000;388;5 432 000;-3.11%
30/09/2015;14 495;14 495;14 495;14 495;11;159 445;3.54%
01/10/2015;14 500;14 500;14 500;14 500;13 400;194 300 000;0.03%
02/10/2015;14 495;14 495;14 495;14 495;23;333 385;-0.03%
05/10/2015;14 500;14 500;14 500;14 500;27;391 500;0.03%
06/10/2015;15 500;15 500;15 500;15 500;569;8 819 500;6.90%
07/10/2015;15 000;15 000;15 000;15 000;530;7 950 000;-3.23%
08/10/2015;14 500;14 500;14 500;14 500;52;754 000;-3.33%
13/10/2015;15 300;15 300;15 300;15 300;15;229 500;5.52%
14/10/2015;15 250;15 250;15 250;15 250;15 023;229 100 750;-0.33%
15/10/2015;15 000;15 000;15 000;15 000;26;390 000;-1.64%
16/10/2015;15 000;15 000;15 000;15 000;17;255 000;0.00%
19/10/2015;15 000;15 000;15 000;15 000;149;2 235 000;0.00%
21/10/2015;15 280;15 280;15 280;15 280;373;5 699 440;1.87%
22/10/2015;15 195;15 195;15 195;15 195;576;8 752 320;-0.56%
23/10/2015;15 000;15 000;15 000;15 000;30;450 000;-1.28%
26/10/2015;15 000;15 000;15 000;15 000;100;1 500 000;0.00%
27/10/2015;15 000;15 000;15 000;15 000;106;1 590 000;0.00%
28/10/2015;15 000;15 000;15 000;15 000;234;3 510 000;0.00%
02/11/2015;14 000;14 000;14 000;14 000;112;1 568 000;-6.67%
03/11/2015;14 000;14 000;14 000;14 000;48;672 000;0.00%
04/11/2015;14 000;14 000;14 000;14 000;134;1 876 000;0.00%
05/11/2015;14 000;14 000;14 000;14 000;208;2 912 000;0.00%
06/11/2015;14 000;14 000;14 000;14 000;5;70 000;0.00%
09/11/2015;13 500;13 500;13 500;13 500;78;1 053 000;-3.57%
10/11/2015;14 000;14 000;14 000;14 000;522;7 308 000;3.70%
11/11/2015;13 500;13 500;13 500;13 500;1 969;26 581 500;-3.57%
13/11/2015;13 500;13 500;13 500;13 500;4;54 000;0.00%
16/11/2015;13 010;13 010;13 010;13 010;510;6 635 100;-3.63%
17/11/2015;13 500;13 500;13 500;13 500;520;7 020 000;3.77%
18/11/2015;12 990;12 990;12 990;12 990;565;7 339 350;-3.78%
19/11/2015;12 950;12 950;12 950;12 950;873;11 305 350;-0.31%
20/11/2015;12 900;12 900;12 900;12 900;2 001;25 812 900;-0.39%
23/11/2015;12 900;12 900;12 900;12 900;22;283 800;0.00%
24/11/2015;12 745;12 745;12 745;12 745;216;2 752 920;-1.20%
25/11/2015;12 100;12 100;12 100;12 100;1 058;12 801 800;-5.06%
26/11/2015;12 500;12 500;12 500;12 500;20;250 000;3.31%
27/11/2015;12 035;12 035;12 035;12 035;90;1 083 150;-3.72%
30/11/2015;12 035;12 035;12 035;12 035;10;120 350;0.00%
01/12/2015;11 500;11 500;11 500;11 500;36;414 000;-4.45%
02/12/2015;11 400;11 400;11 400;11 400;65;741 000;-0.87%
03/12/2015;11 400;11 400;11 400;11 400;231;2 633 400;0.00%
04/12/2015;11 350;11 350;11 350;11 350;31;351 850;-0.44%
07/12/2015;11 000;11 000;11 000;11 000;3 249;35 739 000;-3.08%
08/12/2015;10 995;10 995;10 995;10 995;121;1 330 395;-0.05%
09/12/2015;10 995;10 995;10 995;10 995;234;2 572 830;0.00%
10/12/2015;10 500;10 500;10 500;10 500;72;756 000;-4.50%
14/12/2015;10 000;10 000;10 000;10 000;1 587;15 870 000;-4.76%
16/12/2015;10 000;10 000;10 000;10 000;17;170 000;0.00%
17/12/2015;10 000;10 000;10 000;10 000;117;1 170 000;0.00%
18/12/2015;9 990;9 990;9 990;9 990;225;2 247 750;-0.10%
21/12/2015;9 995;9 995;9 995;9 995;3;29 985;0.05%
22/12/2015;9 500;9 500;9 500;9 500;26;247 000;-4.95%
23/12/2015;9 505;9 505;9 505;9 505;158;1 501 790;0.05%
24/12/2015;9 505;9 505;9 505;9 505;158;1 501 790;0.00%
25/12/2015;9 505;9 505;9 505;9 505;158;1 501 790;0.00%
28/12/2015;9 995;9 995;9 995;9 995;17;169 915;5.16%
29/12/2015;10 445;10 445;10 445;10 445;718;7 499 510;4.50%
30/12/2015;11 225;11 225;11 225;11 225;10;112 250;7.47%
31/12/2015;12 000;12 000;12 000;12 000;128;1 536 000;6.90%
04/01/2016;11 100;11 100;11 100;11 100;20;222 000;-7.50%
05/01/2016;11 200;11 200;11 200;11 200;283;3 169 600;0.90%
06/01/2016;11 100;11 100;11 100;11 100;52;577 200;-0.89%
07/01/2016;10 505;10 505;10 505;10 505;176;1 848 880;-5.36%
08/01/2016;11 000;11 000;11 000;11 000;103;1 133 000;4.71%
11/01/2016;11 000;11 000;11 000;11 000;264;2 904 000;0.00%
12/01/2016;10 500;10 500;10 500;10 500;148;1 554 000;-4.55%
14/01/2016;10 500;10 500;10 500;10 500;20 101;211 060 500;0.00%
15/01/2016;10 000;10 000;10 000;10 000;97;970 000;-4.76%
18/01/2016;10 000;10 000;10 000;10 000;223;2 230 000;0.00%
19/01/2016;10 000;10 000;10 000;10 000;65;650 000;0.00%
20/01/2016;10 500;10 500;10 500;10 500;380;3 990 000;5.00%
21/01/2016;10 500;10 500;10 500;10 500;123;1 291 500;0.00%
22/01/2016;10 500;10 500;10 500;10 500;19 299;202 639 500;0.00%
25/01/2016;10 495;10 495;10 495;10 495;71;745 145;-0.05%
26/01/2016;10 400;10 400;10 400;10 400;119;1 237 600;-0.91%
27/01/2016;10 400;10 400;10 400;10 400;109;1 133 600;0.00%
28/01/2016;10 500;10 500;10 500;10 500;1 451;15 235 500;0.96%
01/02/2016;10 600;10 600;10 600;10 600;82;869 200;0.95%
02/02/2016;10 500;10 500;10 500;10 500;472;4 956 000;-0.94%
03/02/2016;10 500;10 500;10 500;10 500;32;336 000;0.00%
04/02/2016;10 400;10 400;10 400;10 400;41;426 400;-0.95%
05/02/2016;10 500;10 500;10 500;10 500;37;388 500;0.96%
08/02/2016;10 400;10 400;10 400;10 400;474;4 929 600;-0.95%
09/02/2016;10 500;10 500;10 500;10 500;24;252 000;0.96%
10/02/2016;10 405;10 405;10 405;10 405;487;5 067 235;-0.90%
11/02/2016;10 225;10 225;10 225;10 225;67;685 075;-1.73%
12/02/2016;10 225;10 225;10 225;10 225;18;184 050;0.00%
15/02/2016;9 500;9 500;9 500;9 500;5 084;48 298 000;-7.09%
16/02/2016;10 000;10 000;10 000;10 000;543;5 430 000;5.26%
17/02/2016;10 000;10 000;10 000;10 000;127;1 270 000;0.00%
18/02/2016;10 000;10 000;10 000;10 000;115;1 150 000;0.00%
19/02/2016;9 790;9 790;9 790;9 790;867;8 487 930;-2.10%
22/02/2016;9 445;9 445;9 445;9 445;1 118;10 559 510;-3.52%
23/02/2016;9 440;9 440;9 440;9 440;20 290;191 537 600;-0.05%
24/02/2016;10 000;10 000;10 000;10 000;1 903;19 030 000;5.93%
25/02/2016;10 400;10 400;10 400;10 400;93 172;968 988 800;4.00%
26/02/2016;10 500;10 500;10 500;10 500;418;4 389 000;0.96%
29/02/2016;10 000;10 000;10 000;10 000;82;820 000;-4.76%
01/03/2016;10 000;10 000;10 000;10 000;31;310 000;0.00%
02/03/2016;9 990;9 990;9 990;9 990;330;3 296 700;-0.10%
03/03/2016;10 000;10 000;10 000;10 000;220;2 200 000;0.10%
04/03/2016;9 990;9 990;9 990;9 990;2 711;27 082 890;-0.10%
07/03/2016;9 500;9 500;9 500;9 500;349;3 315 500;-4.90%
08/03/2016;10 000;10 000;10 000;10 000;232;2 320 000;5.26%
09/03/2016;9 250;9 250;9 250;9 250;268;2 479 000;-7.50%
11/03/2016;9 600;9 600;9 600;9 600;299;2 870 400;-3.42%
14/03/2016;9 500;9 500;9 500;9 500;157;1 491 500;-1.04%
15/03/2016;9 500;9 500;9 500;9 500;181;1 719 500;0.00%
16/03/2016;9 600;9 600;9 600;9 600;5;48 000;1.05%
17/03/2016;9 605;9 605;9 605;9 605;135;1 296 675;0.05%
18/03/2016;9 600;9 600;9 600;9 600;341;3 273 600;-0.05%
21/03/2016;9 600;9 600;9 600;9 600;40;384 000;0.00%
22/03/2016;9 550;9 550;9 550;9 550;48;458 400;-0.52%
23/03/2016;9 550;9 550;9 550;9 550;112;1 069 600;0.00%
25/03/2016;9 550;9 550;9 550;9 550;194;1 852 700;0.00%
28/03/2016;9 550;9 550;9 550;9 550;194;1 852 700;0.00%
29/03/2016;9 650;9 650;9 650;9 650;19;183 350;1.05%
30/03/2016;9 500;9 500;9 500;9 500;941;8 939 500;-1.55%
31/03/2016;9 500;9 500;9 500;9 500;183;1 738 500;0.00%
01/04/2016;9 500;9 500;9 500;9 500;474;4 503 000;0.00%
04/04/2016;9 300;9 300;9 300;9 300;82;762 600;-2.11%
05/04/2016;9 600;9 600;9 600;9 600;120;1 152 000;3.23%
06/04/2016;9 305;9 305;9 305;9 305;283;2 633 315;-3.07%
07/04/2016;9 600;9 600;9 600;9 600;115;1 104 000;3.17%
08/04/2016;9 500;9 500;9 500;9 500;4;38 000;-1.04%
11/04/2016;9 600;9 600;9 600;9 600;125;1 200 000;1.05%
12/04/2016;9 600;9 600;9 600;9 600;10;96 000;0.00%
13/04/2016;9 700;9 700;9 700;9 700;3 032;29 410 400;1.04%
14/04/2016;9 800;9 800;9 800;9 800;25;245 000;1.03%
15/04/2016;9 800;9 800;9 800;9 800;21;205 800;0.00%
18/04/2016;9 800;9 800;9 800;9 800;104;1 019 200;0.00%
19/04/2016;10 200;10 200;10 200;10 200;122;1 244 400;4.08%
20/04/2016;10 000;10 000;10 000;10 000;15;150 000;-1.96%
21/04/2016;9 900;9 900;9 900;9 900;577;5 712 300;-1.00%
22/04/2016;9 995;9 995;9 995;9 995;514;5 137 430;0.96%
26/04/2016;9 900;9 900;9 900;9 900;47 244;467 715 600;-0.95%
27/04/2016;10 500;10 500;10 500;10 500;249;2 614 500;6.06%
28/04/2016;10 500;10 500;10 500;10 500;53;556 500;0.00%
29/04/2016;10 600;10 600;10 600;10 600;71;752 600;0.95%
02/05/2016;10 600;10 600;10 600;10 600;71;752 600;0.00%
03/05/2016;11 395;11 395;11 395;11 395;2;22 790;7.50%
04/05/2016;12 245;12 245;12 245;12 245;728;8 914 360;7.46%
05/05/2016;12 245;12 245;12 245;12 245;728;8 914 360;0.00%
06/05/2016;12 300;12 300;12 300;12 300;73;897 900;0.45%
09/05/2016;13 220;13 220;13 220;13 220;1 327;17 542 940;7.48%
10/05/2016;12 765;12 765;12 765;12 765;275;3 510 375;-3.44%
11/05/2016;13 000;13 000;13 000;13 000;823;10 699 000;1.84%
16/05/2016;12 500;12 500;12 500;12 500;120;1 500 000;-3.85%
17/05/2016;12 200;12 200;12 200;12 200;436;5 319 200;-2.40%
18/05/2016;12 200;12 200;12 200;12 200;154;1 878 800;0.00%
19/05/2016;12 000;12 000;12 000;12 000;292;3 504 000;-1.64%
20/05/2016;11 945;11 945;11 945;11 945;110;1 313 950;-0.46%
23/05/2016;11 500;11 500;11 500;11 500;500;5 750 000;-3.73%
24/05/2016;11 385;11 385;11 385;11 385;9;102 465;-1.00%
25/05/2016;10 600;10 600;10 600;10 600;430;4 558 000;-6.90%
26/05/2016;10 200;10 200;10 200;10 200;278;2 835 600;-3.77%
27/05/2016;10 350;10 350;10 350;10 350;53 731;556 115 850;1.47%
30/05/2016;10 350;10 350;10 350;10 350;8 709;90 138 150;0.00%
31/05/2016;10 600;10 600;10 600;10 600;164;1 738 400;2.42%
01/06/2016;10 600;10 600;10 600;10 600;76;805 600;0.00%
02/06/2016;10 600;10 600;10 600;10 600;81;858 600;0.00%
03/06/2016;10 450;10 450;10 450;10 450;69;721 050;-1.42%
06/06/2016;10 000;10 000;10 000;10 000;96;960 000;-4.31%
07/06/2016;10 300;10 300;10 300;10 300;150;1 545 000;3.00%
09/06/2016;10 000;10 000;10 000;10 000;305;3 050 000;-2.91%
10/06/2016;10 250;10 250;10 250;10 250;108;1 107 000;2.50%
13/06/2016;10 300;10 300;10 300;10 300;49;504 700;0.49%
14/06/2016;10 000;10 000;10 000;10 000;32;320 000;-2.91%
15/06/2016;10 000;10 000;10 000;10 000;3 004;30 040 000;0.00%
16/06/2016;10 000;10 000;10 000;10 000;222;2 220 000;0.00%
17/06/2016;10 000;10 000;10 000;10 000;234;2 340 000;0.00%
21/06/2016;9 500;9 500;9 500;9 500;176;1 672 000;-5.00%
22/06/2016;9 500;9 500;9 500;9 500;141;1 339 500;0.00%
23/06/2016;9 475;9 475;9 475;9 475;25;236 875;-0.26%
24/06/2016;8 800;8 800;8 800;8 800;1 602;14 097 600;-7.12%
27/06/2016;8 500;8 500;8 500;8 500;2 030;17 255 000;-3.41%
28/06/2016;8 500;8 500;8 500;8 500;4 417;37 544 500;0.00%
29/06/2016;9 125;9 125;9 125;9 125;1 631;14 882 875;7.35%
30/06/2016;9 805;9 805;9 805;9 805;1 643;16 109 615;7.45%
01/07/2016;10 540;10 540;10 540;10 540;1 185;12 489 900;7.50%
04/07/2016;11 330;11 330;11 330;11 330;39 076;442 731 080;7.50%
05/07/2016;11 500;11 500;11 500;11 500;20 326;233 749 000;1.50%
06/07/2016;11 500;11 500;11 500;11 500;20 326;233 749 000;0.00%
07/07/2016;11 000;11 000;11 000;11 000;264;2 904 000;-4.35%
08/07/2016;10 400;10 400;10 400;10 400;785;8 164 000;-5.45%
13/07/2016;9 500;9 500;9 500;9 500;573;5 443 500;-8.65%
14/07/2016;9 500;9 500;9 500;9 500;538;5 111 000;0.00%
15/07/2016;9 550;9 550;9 550;9 550;52;496 600;0.53%
18/07/2016;9 600;9 600;9 600;9 600;31 546;302 841 600;0.52%
19/07/2016;9 995;9 995;9 995;9 995;136;1 359 320;4.11%
20/07/2016;10 000;10 000;10 000;10 000;31 718;317 180 000;0.05%
21/07/2016;10 000;10 000;10 000;10 000;19;190 000;0.00%
22/07/2016;10 000;10 000;10 000;10 000;49;490 000;0.00%
25/07/2016;9 990;9 990;9 990;9 990;108;1 078 920;-0.10%
26/07/2016;9 700;9 700;9 700;9 700;125;1 212 500;-2.90%
27/07/2016;10 000;10 000;10 000;10 000;197;1 970 000;3.09%
28/07/2016;10 000;10 000;10 000;10 000;6 633;66 330 000;0.00%
29/07/2016;10 750;10 750;10 750;10 750;25 164;270 513 000;7.50%
01/08/2016;11 500;11 500;11 500;11 500;18;207 000;6.98%
02/08/2016;11 495;11 495;11 495;11 495;115;1 321 925;-0.04%
03/08/2016;11 000;11 000;11 000;11 000;56;616 000;-4.31%
04/08/2016;11 000;11 000;11 000;11 000;153;1 683 000;0.00%
05/08/2016;11 400;11 400;11 400;11 400;115;1 311 000;3.64%
08/08/2016;11 400;11 400;11 400;11 400;115;1 311 000;0.00%
09/08/2016;11 105;11 105;11 105;11 105;145;1 610 225;-2.59%
10/08/2016;11 000;11 000;11 000;11 000;475;5 225 000;-0.95%
11/08/2016;10 900;10 900;10 900;10 900;245;2 670 500;-0.91%
12/08/2016;10 100;10 100;10 100;10 100;170;1 717 000;-7.34%
15/08/2016;10 100;10 100;10 100;10 100;170;1 717 000;0.00%
16/08/2016;10 005;10 005;10 005;10 005;398;3 981 990;-0.94%
17/08/2016;10 110;10 110;10 110;10 110;77;778 470;1.05%
18/08/2016;10 500;10 500;10 500;10 500;72;756 000;3.86%
19/08/2016;10 500;10 500;10 500;10 500;3 603;37 831 500;0.00%
22/08/2016;10 100;10 100;10 100;10 100;72;727 200;-3.81%
23/08/2016;9 900;9 900;9 900;9 900;30 075;297 742 500;-1.98%
01/09/2016;10 200;10 200;10 200;10 200;77;785 400;3.03%
02/09/2016;10 200;10 200;10 200;10 200;203;2 070 600;0.00%
05/09/2016;10 000;10 000;10 000;10 000;194;1 940 000;-1.96%
07/09/2016;10 100;10 100;10 100;10 100;171;1 727 100;1.00%
08/09/2016;10 855;10 855;10 855;10 855;742;8 054 410;7.48%
09/09/2016;11 500;11 500;11 500;11 500;701;8 061 500;5.94%
12/09/2016;11 500;11 500;11 500;11 500;701;8 061 500;0.00%
13/09/2016;11 800;11 800;11 800;11 800;706;8 330 800;2.61%
14/09/2016;11 015;11 015;11 015;11 015;629;6 928 435;-6.65%
15/09/2016;11 840;11 840;11 840;11 840;426;5 043 840;7.49%
16/09/2016;11 500;11 500;11 500;11 500;3 618;41 607 000;-2.87%
19/09/2016;11 010;11 010;11 010;11 010;937;10 316 370;-4.26%
20/09/2016;11 000;11 000;11 000;11 000;1 828;20 108 000;-0.09%
21/09/2016;11 050;11 050;11 050;11 050;3;33 150;0.45%
23/09/2016;11 800;11 800;11 800;11 800;57;672 600;6.79%
26/09/2016;11 100;11 100;11 100;11 100;126;1 398 600;-5.93%
27/09/2016;11 795;11 795;11 795;11 795;34;401 030;6.26%
28/09/2016;12 500;12 500;12 500;12 500;4 670;58 375 000;5.98%
30/09/2016;12 500;12 500;12 500;12 500;11 943;149 287 500;0.00%
03/10/2016;12 495;12 495;12 495;12 495;15;187 425;-0.04%
05/10/2016;12 500;12 500;12 500;12 500;4 507;56 337 500;0.04%
06/10/2016;12 000;12 000;12 000;12 000;28;336 000;-4.00%
07/10/2016;12 300;12 300;12 300;12 300;44 430;546 489 000;2.50%
10/10/2016;12 500;12 500;12 500;12 500;227;2 837 500;1.63%
11/10/2016;13 400;13 400;13 400;13 400;235;3 149 000;7.20%
12/10/2016;13 395;13 395;13 395;13 395;30;401 850;-0.04%
13/10/2016;12 500;12 500;12 500;12 500;126;1 575 000;-6.68%
14/10/2016;12 550;12 550;12 550;12 550;317;3 978 350;0.40%
17/10/2016;12 500;12 500;12 500;12 500;3 260;40 750 000;-0.40%
18/10/2016;12 750;12 750;12 750;12 750;1 179;15 032 250;2.00%
19/10/2016;12 500;12 500;12 500;12 500;234;2 925 000;-1.96%
20/10/2016;12 050;12 050;12 050;12 050;240;2 892 000;-3.60%
21/10/2016;12 050;12 050;12 050;12 050;24;289 200;0.00%
24/10/2016;12 500;12 500;12 500;12 500;851;10 637 500;3.73%
25/10/2016;12 515;12 515;12 515;12 515;16 417;205 458 755;0.12%
26/10/2016;12 510;12 510;12 510;12 510;249;3 114 990;-0.04%
27/10/2016;12 510;12 510;12 510;12 510;99;1 238 490;0.00%
28/10/2016;12 515;12 515;12 515;12 515;768;9 611 520;0.04%
31/10/2016;12 200;12 200;12 200;12 200;3;36 600;-2.52%
01/11/2016;12 200;12 200;12 200;12 200;3;36 600;0.00%
02/11/2016;12 000;12 000;12 000;12 000;237;2 844 000;-1.64%
03/11/2016;12 300;12 300;12 300;12 300;621;7 638 300;2.50%
04/11/2016;12 000;12 000;12 000;12 000;24 580;294 960 000;-2.44%
07/11/2016;12 000;12 000;12 000;12 000;270;3 240 000;0.00%
08/11/2016;12 005;12 005;12 005;12 005;23;276 115;0.04%
10/11/2016;12 750;12 750;12 750;12 750;24 950;318 112 500;6.21%
11/11/2016;13 295;13 295;13 295;13 295;124;1 648 580;4.27%
14/11/2016;13 200;13 200;13 200;13 200;86;1 135 200;-0.71%
15/11/2016;13 200;13 200;13 200;13 200;86;1 135 200;0.00%
16/11/2016;12 210;12 210;12 210;12 210;316;3 858 360;-7.50%
17/11/2016;13 000;13 000;13 000;13 000;738;9 594 000;6.47%
18/11/2016;12 800;12 800;12 800;12 800;19 223;246 054 400;-1.54%
21/11/2016;13 000;13 000;13 000;13 000;721;9 373 000;1.56%
22/11/2016;12 500;12 500;12 500;12 500;281;3 512 500;-3.85%
23/11/2016;12 100;12 100;12 100;12 100;200;2 420 000;-3.20%
29/11/2016;12 980;12 980;12 980;12 980;102;1 323 960;7.27%
30/11/2016;12 800;12 800;12 800;12 800;100;1 280 000;-1.39%
01/12/2016;12 750;12 750;12 750;12 750;18;229 500;-0.39%
02/12/2016;12 990;12 990;12 990;12 990;156;2 026 440;1.88%
06/12/2016;12 900;12 900;12 900;12 900;1 213;15 647 700;3.20%
07/12/2016;12 795;12 795;12 795;12 795;28;358 260;-0.81%
08/12/2016;12 100;12 100;12 100;12 100;13 924;168 480 400;-5.43%
09/12/2016;12 100;12 100;12 100;12 100;48;580 800;0.00%
12/12/2016;12 100;12 100;12 100;12 100;48;580 800;0.00%
13/12/2016;12 990;12 990;12 990;12 990;20 110;261 228 900;7.36%
14/12/2016;12 900;12 900;12 900;12 900;5;64 500;-0.69%
15/12/2016;12 500;12 500;12 500;12 500;405;5 062 500;-3.10%
16/12/2016;13 300;13 300;13 300;13 300;2 266;30 137 800;6.40%
19/12/2016;12 550;12 550;12 550;12 550;37;464 350;-5.64%
20/12/2016;13 200;13 200;13 200;13 200;55;726 000;5.18%
21/12/2016;13 200;13 200;13 200;13 200;42;554 400;0.00%
22/12/2016;13 000;13 000;13 000;13 000;3;39 000;-1.52%
23/12/2016;13 000;13 000;13 000;13 000;290;3 770 000;0.00%
26/12/2016;13 000;13 000;13 000;13 000;290;3 770 000;0.00%
27/12/2016;13 500;13 500;13 500;13 500;356;4 806 000;3.85%
28/12/2016;13 000;13 000;13 000;13 000;513;6 669 000;-3.70%
29/12/2016;13 495;13 495;13 495;13 495;670;9 041 650;3.81%
30/12/2016;14 000;14 000;14 000;14 000;3 909;54 726 000;3.74%
02/01/2017;13 000;13 000;13 000;13 000;33;429 000;-7.14%
03/01/2017;13 000;13 000;13 000;13 000;50;650 000;0.00%
04/01/2017;13 000;13 000;13 000;13 000;794;10 322 000;0.00%
05/01/2017;13 000;13 000;13 000;13 000;8;104 000;0.00%
06/01/2017;13 000;13 000;13 000;13 000;142;1 846 000;0.00%
09/01/2017;12 950;12 950;12 950;12 950;132;1 709 400;-0.38%
10/01/2017;13 100;13 100;13 100;13 100;6;78 600;1.16%
11/01/2017;12 950;12 950;12 950;12 950;51;660 450;-1.15%
12/01/2017;12 950;12 950;12 950;12 950;55;712 250;0.00%
13/01/2017;12 950;12 950;12 950;12 950;7 595;98 355 250;0.00%
20/01/2017;11 550;11 550;11 550;11 550;582;6 722 100;-10.81%
23/01/2017;11 260;11 260;11 260;11 260;22;247 720;-2.51%
24/01/2017;11 605;11 605;11 605;11 605;1 112;12 904 760;3.06%
25/01/2017;11 500;11 500;11 500;11 500;294;3 381 000;-0.90%
26/01/2017;11 505;11 505;11 505;11 505;128;1 472 640;0.04%
27/01/2017;11 600;11 600;11 600;11 600;47;545 200;0.83%
30/01/2017;11 700;11 700;11 700;11 700;232;2 714 400;0.86%
31/01/2017;12 475;12 475;12 475;12 475;5;62 375;6.62%
01/02/2017;12 975;12 975;12 975;12 975;5 317;68 988 075;4.01%
02/02/2017;12 500;12 500;12 500;12 500;58;725 000;-3.66%
06/02/2017;12 975;12 975;12 975;12 975;119;1 544 025;3.80%
07/02/2017;12 800;12 800;12 800;12 800;117;1 497 600;-1.35%
08/02/2017;12 475;12 475;12 475;12 475;23;286 925;-2.54%
09/02/2017;12 800;12 800;12 800;12 800;121;1 548 800;2.61%
10/02/2017;13 000;13 000;13 000;13 000;635;8 255 000;1.56%
13/02/2017;12 950;12 950;12 950;12 950;7;90 650;-0.38%
14/02/2017;12 950;12 950;12 950;12 950;14;181 300;0.00%
15/02/2017;12 900;12 900;12 900;12 900;1;12 900;-0.39%
20/02/2017;12 900;12 900;12 900;12 900;992;12 796 800;0.00%
21/02/2017;12 975;12 975;12 975;12 975;1 948;25 275 300;0.58%
22/02/2017;12 975;12 975;12 975;12 975;67;869 325;0.00%
23/02/2017;13 500;13 500;13 500;13 500;616;8 316 000;4.05%
24/02/2017;13 500;13 500;13 500;13 500;85;1 147 500;0.00%
27/02/2017;13 500;13 500;13 500;13 500;768;10 368 000;0.00%
28/02/2017;14 000;14 000;14 000;14 000;14;196 000;3.70%
02/03/2017;13 000;13 000;13 000;13 000;2 221;28 873 000;-7.14%
03/03/2017;13 005;13 005;13 005;13 005;271;3 524 355;0.04%
07/03/2017;13 005;13 005;13 005;13 005;1 049;13 642 245;0.00%
08/03/2017;13 005;13 005;13 005;13 005;88;1 144 440;0.00%
09/03/2017;13 005;13 005;13 005;13 005;1 451;18 870 255;0.00%
10/03/2017;13 005;13 005;13 005;13 005;25;325 125;0.00%
13/03/2017;13 000;13 000;13 000;13 000;66;858 000;-0.04%
14/03/2017;13 100;13 100;13 100;13 100;383;5 017 300;0.77%
15/03/2017;12 950;12 950;12 950;12 950;18;233 100;-1.15%
16/03/2017;13 000;13 000;13 000;13 000;40;520 000;0.39%
17/03/2017;13 000;13 000;13 000;13 000;163;2 119 000;0.00%
20/03/2017;13 005;13 005;13 005;13 005;491;6 385 455;0.04%
21/03/2017;12 950;12 950;12 950;12 950;30;388 500;-0.42%
22/03/2017;13 095;13 095;13 095;13 095;14;183 330;1.12%
23/03/2017;13 000;13 000;13 000;13 000;582;7 566 000;-0.73%
24/03/2017;13 005;13 005;13 005;13 005;1 171;15 228 855;0.04%
27/03/2017;13 005;13 005;13 005;13 005;72;936 360;0.00%
28/03/2017;12 800;12 800;12 800;12 800;314;4 019 200;-1.58%
29/03/2017;12 000;12 000;12 000;12 000;562;6 744 000;-6.25%
30/03/2017;12 900;12 900;12 900;12 900;5 377;69 363 300;7.50%
31/03/2017;13 100;13 100;13 100;13 100;559;7 322 900;1.55%
03/04/2017;12 950;12 950;12 950;12 950;505;6 539 750;-1.15%
04/04/2017;13 000;13 000;13 000;13 000;16;208 000;0.39%
05/04/2017;13 000;13 000;13 000;13 000;285;3 705 000;0.00%
06/04/2017;13 000;13 000;13 000;13 000;1 210;15 730 000;0.00%
07/04/2017;13 000;13 000;13 000;13 000;77;1 001 000;0.00%
10/04/2017;12 905;12 905;12 905;12 905;87;1 122 735;-0.73%
11/04/2017;12 900;12 900;12 900;12 900;250;3 225 000;-0.04%
12/04/2017;13 000;13 000;13 000;13 000;2;26 000;0.78%
14/04/2017;12 500;12 500;12 500;12 500;38;475 000;-3.85%
18/04/2017;12 500;12 500;12 500;12 500;11;137 500;0.00%
19/04/2017;13 000;13 000;13 000;13 000;2 071;26 923 000;4.00%
20/04/2017;13 300;13 300;13 300;13 300;12 503;166 289 900;2.31%
21/04/2017;13 505;13 505;13 505;13 505;45;607 725;1.54%
24/04/2017;13 505;13 505;13 505;13 505;487;6 576 935;0.00%
25/04/2017;13 900;13 900;13 900;13 900;632;8 784 800;2.92%
26/04/2017;14 450;14 450;14 450;14 450;2 693;38 913 850;3.96%
27/04/2017;14 500;14 500;14 500;14 500;99;1 435 500;0.35%
28/04/2017;14 495;14 495;14 495;14 495;64;927 680;-0.03%
01/05/2017;14 495;14 495;14 495;14 495;64;927 680;0.00%
02/05/2017;14 500;14 500;14 500;14 500;72;1 044 000;0.03%
03/05/2017;14 495;14 495;14 495;14 495;80;1 159 600;-0.03%
04/05/2017;14 000;14 000;14 000;14 000;87;1 218 000;-3.41%
05/05/2017;13 000;13 000;13 000;13 000;130;1 690 000;-7.14%
08/05/2017;13 975;13 975;13 975;13 975;3 807;53 202 825;7.50%
09/05/2017;13 895;13 895;13 895;13 895;648;9 003 960;-0.57%
10/05/2017;13 900;13 900;13 900;13 900;290;4 031 000;0.04%
11/05/2017;14 395;14 395;14 395;14 395;1 287;18 526 365;3.56%
12/05/2017;14 395;14 395;14 395;14 395;469;6 751 255;0.00%
15/05/2017;14 400;14 400;14 400;14 400;43;619 200;0.03%
16/05/2017;14 395;14 395;14 395;14 395;41;590 195;-0.03%
17/05/2017;14 400;14 400;14 400;14 400;171;2 462 400;0.03%
18/05/2017;14 000;14 000;14 000;14 000;561;7 854 000;-2.78%
19/05/2017;13 000;13 000;13 000;13 000;320;4 160 000;-7.14%
22/05/2017;13 000;13 000;13 000;13 000;82;1 066 000;0.00%
23/05/2017;12 950;12 950;12 950;12 950;157;2 033 150;-0.38%
24/05/2017;12 800;12 800;12 800;12 800;54;691 200;-1.16%
25/05/2017;12 800;12 800;12 800;12 800;54;691 200;0.00%
26/05/2017;12 800;12 800;12 800;12 800;529;6 771 200;0.00%
29/05/2017;12 500;12 500;12 500;12 500;160;2 000 000;-2.34%
30/05/2017;12 495;12 495;12 495;12 495;120;1 499 400;-0.04%
31/05/2017;12 100;12 100;12 100;12 100;211;2 553 100;-3.16%
01/06/2017;12 000;12 000;12 000;12 000;629;7 548 000;-0.83%
02/06/2017;11 995;11 995;11 995;11 995;324;3 886 380;-0.04%
06/06/2017;12 000;12 000;12 000;12 000;53;636 000;0.04%
07/06/2017;12 500;12 500;12 500;12 500;190;2 375 000;4.17%
08/06/2017;12 495;12 495;12 495;12 495;6;74 970;-0.04%
09/06/2017;12 000;12 000;12 000;12 000;105;1 260 000;-3.96%
12/06/2017;11 150;11 150;11 150;11 150;86;958 900;-7.08%
13/06/2017;11 000;11 000;11 000;11 000;102;1 122 000;-1.35%
14/06/2017;11 000;11 000;11 000;11 000;310;3 410 000;0.00%
15/06/2017;11 495;11 495;11 495;11 495;200;2 299 000;4.50%
16/06/2017;11 500;11 500;11 500;11 500;96;1 104 000;0.04%
19/06/2017;11 500;11 500;11 500;11 500;100;1 150 000;0.00%
20/06/2017;11 500;11 500;11 500;11 500;12;138 000;0.00%
21/06/2017;11 500;11 500;11 500;11 500;20;230 000;0.00%
22/06/2017;11 500;11 500;11 500;11 500;20;230 000;0.00%
27/06/2017;11 500;11 500;11 500;11 500;75;862 500;0.00%
28/06/2017;11 000;11 000;11 000;11 000;151;1 661 000;-4.35%
29/06/2017;11 500;11 500;11 500;11 500;30;345 000;4.55%
30/06/2017;11 000;11 000;11 000;11 000;71;781 000;-4.35%
03/07/2017;10 500;10 500;10 500;10 500;75;787 500;-4.55%
04/07/2017;11 000;11 000;11 000;11 000;101;1 111 000;4.76%
05/07/2017;11 600;11 600;11 600;11 600;118;1 368 800;5.45%
06/07/2017;11 000;11 000;11 000;11 000;137;1 507 000;-5.17%
07/07/2017;11 000;11 000;11 000;11 000;50;550 000;0.00%
10/07/2017;11 500;11 500;11 500;11 500;244;2 806 000;4.55%
11/07/2017;11 600;11 600;11 600;11 600;202;2 343 200;0.87%
12/07/2017;11 000;11 000;11 000;11 000;35;385 000;-5.17%
13/07/2017;11 100;11 100;11 100;11 100;45;499 500;0.91%
17/07/2017;11 500;11 500;11 500;11 500;2 195;25 242 500;3.60%
18/07/2017;11 500;11 500;11 500;11 500;45;517 500;0.00%
19/07/2017;11 500;11 500;11 500;11 500;260;2 990 000;0.00%
20/07/2017;11 000;11 000;11 000;11 000;95;1 045 000;-4.35%
21/07/2017;10 500;10 500;10 500;10 500;96;1 008 000;-4.55%
25/07/2017;11 285;11 285;11 285;11 285;5 675;64 042 375;7.48%
26/07/2017;11 500;11 500;11 500;11 500;57;655 500;1.91%
27/07/2017;10 640;10 640;10 640;10 640;53 961;574 145 040;-7.48%
28/07/2017;11 435;11 435;11 435;11 435;90;1 029 150;7.47%
31/07/2017;10 850;10 850;10 850;10 850;5;54 250;-5.12%
01/08/2017;10 825;10 825;10 825;10 825;36;389 700;-0.23%
02/08/2017;11 500;11 500;11 500;11 500;1 145;13 167 500;6.24%
03/08/2017;11 000;11 000;11 000;11 000;25;275 000;-4.35%
08/08/2017;11 500;11 500;11 500;11 500;1 422;16 353 000;4.55%
09/08/2017;11 500;11 500;11 500;11 500;1 063;12 224 500;0.00%
10/08/2017;11 500;11 500;11 500;11 500;5;57 500;0.00%
11/08/2017;11 500;11 500;11 500;11 500;20;230 000;0.00%
16/08/2017;11 500;11 500;11 500;11 500;508;5 842 000;0.00%
17/08/2017;10 640;10 640;10 640;10 640;131;1 393 840;-7.48%
18/08/2017;11 400;11 400;11 400;11 400;20;228 000;7.14%
21/08/2017;10 545;10 545;10 545;10 545;369;3 891 105;-7.50%
22/08/2017;10 500;10 500;10 500;10 500;85;892 500;-0.43%
23/08/2017;10 100;10 100;10 100;10 100;121;1 222 100;-3.81%
24/08/2017;10 200;10 200;10 200;10 200;110;1 122 000;0.99%
25/08/2017;10 200;10 200;10 200;10 200;19;193 800;0.00%
28/08/2017;10 200;10 200;10 200;10 200;28;285 600;0.00%
29/08/2017;10 150;10 150;10 150;10 150;1 192;12 098 800;-0.49%
30/08/2017;10 100;10 100;10 100;10 100;69;696 900;-0.49%
05/09/2017;10 495;10 495;10 495;10 495;10;104 950;3.91%
06/09/2017;10 100;10 100;10 100;10 100;98;989 800;-3.76%
07/09/2017;10 000;10 000;10 000;10 000;24;240 000;-0.99%
08/09/2017;10 400;10 400;10 400;10 400;6 029;62 701 600;4.00%
11/09/2017;10 450;10 450;10 450;10 450;1;10 450;0.48%
12/09/2017;10 000;10 000;10 000;10 000;172;1 720 000;-4.31%
13/09/2017;10 100;10 100;10 100;10 100;43;434 300;1.00%
14/09/2017;10 000;10 000;10 000;10 000;145;1 450 000;-0.99%
15/09/2017;10 000;10 000;10 000;10 000;25;250 000;0.00%
18/09/2017;10 100;10 100;10 100;10 100;15;151 500;1.00%
19/09/2017;9 345;9 345;9 345;9 345;7;65 415;-7.48%
20/09/2017;10 000;10 000;10 000;10 000;207;2 070 000;7.01%
21/09/2017;10 000;10 000;10 000;10 000;384;3 840 000;0.00%
22/09/2017;9 400;9 400;9 400;9 400;28;263 200;-6.00%
25/09/2017;8 695;8 695;8 695;8 695;224;1 947 680;-7.50%
26/09/2017;9 340;9 340;9 340;9 340;5;46 700;7.42%
27/09/2017;8 420;8 420;8 420;8 420;72;606 240;-9.85%
28/09/2017;8 000;8 000;8 000;8 000;226;1 808 000;-4.99%
29/09/2017;8 210;8 210;8 210;8 210;128;1 050 880;2.63%
02/10/2017;8 500;8 500;8 500;8 500;181;1 538 500;3.53%
03/10/2017;8 500;8 500;8 500;8 500;55;467 500;0.00%
04/10/2017;8 400;8 400;8 400;8 400;59;495 600;-1.18%
05/10/2017;8 500;8 500;8 500;8 500;55;467 500;1.19%
06/10/2017;8 670;8 670;8 670;8 670;318;2 757 060;2.00%
09/10/2017;8 800;8 800;8 800;8 800;1;8 800;1.50%
10/10/2017;8 800;8 800;8 800;8 800;183;1 610 400;0.00%
11/10/2017;8 900;8 900;8 900;8 900;185;1 646 500;1.14%
12/10/2017;8 900;8 900;8 900;8 900;163;1 450 700;0.00%
13/10/2017;8 905;8 905;8 905;8 905;1 305;11 621 025;0.06%
16/10/2017;8 900;8 900;8 900;8 900;66;587 400;-0.06%
17/10/2017;8 900;8 900;8 900;8 900;464;4 129 600;0.00%
18/10/2017;8 895;8 895;8 895;8 895;193;1 716 735;-0.06%
19/10/2017;8 500;8 500;8 500;8 500;165;1 402 500;-4.44%
20/10/2017;8 500;8 500;8 500;8 500;115;977 500;0.00%
23/10/2017;8 400;8 400;8 400;8 400;130;1 092 000;-1.18%
24/10/2017;8 400;8 400;8 400;8 400;40;336 000;0.00%
25/10/2017;8 100;8 100;8 100;8 100;47;380 700;-3.57%
26/10/2017;8 500;8 500;8 500;8 500;3 838;32 623 000;4.94%
27/10/2017;8 305;8 305;8 305;8 305;80;664 400;-2.29%
30/10/2017;8 470;8 470;8 470;8 470;33;279 510;1.99%
31/10/2017;9 000;9 000;9 000;9 000;139;1 251 000;6.26%
01/11/2017;9 000;9 000;9 000;9 000;139;1 251 000;0.00%
06/11/2017;4 300;4 300;4 300;4 300;2 336;10 044 800;-52.22%
07/11/2017;4 185;4 185;4 185;4 185;20;83 700;-2.67%
08/11/2017;4 175;4 175;4 175;4 175;134;559 450;-0.24%
09/11/2017;4 175;4 175;4 175;4 175;1 275;5 323 125;0.00%
10/11/2017;4 450;4 450;4 450;4 450;252;1 121 400;6.59%
13/11/2017;4 120;4 120;4 120;4 120;3 706;15 268 720;-7.42%
14/11/2017;4 100;4 100;4 100;4 100;13;53 300;-0.49%
15/11/2017;4 100;4 100;4 100;4 100;13;53 300;0.00%
16/11/2017;3 995;3 995;3 995;3 995;1 337;5 341 315;-2.56%
17/11/2017;3 850;3 850;3 850;3 850;102;392 700;-3.63%
21/11/2017;3 950;3 950;3 950;3 950;67;264 650;2.60%
22/11/2017;3 900;3 900;3 900;3 900;65;253 500;-1.27%
23/11/2017;3 900;3 900;3 900;3 900;25;97 500;0.00%
24/11/2017;3 700;3 700;3 700;3 700;22 015;81 455 500;-5.13%
27/11/2017;3 900;3 900;3 900;3 900;5 106;19 913 400;5.41%
28/11/2017;4 000;4 000;4 000;4 000;100;400 000;2.56%
29/11/2017;3 900;3 900;3 900;3 900;122;475 800;-2.50%
01/12/2017;4 000;4 000;4 000;4 000;2 624;10 496 000;0.00%
04/12/2017;4 175;4 175;4 175;4 175;625;2 609 375;4.38%
06/12/2017;4 175;4 175;4 175;4 175;394;1 644 950;0.00%
07/12/2017;4 100;4 100;4 100;4 100;58;237 800;-1.80%
08/12/2017;4 180;4 180;4 180;4 180;95;397 100;1.95%
12/12/2017;4 100;4 100;4 100;4 100;593;2 431 300;-1.91%
13/12/2017;4 405;4 405;4 405;4 405;41;180 605;7.44%
14/12/2017;4 405;4 405;4 405;4 405;47;207 035;0.00%
15/12/2017;4 735;4 735;4 735;4 735;6;28 410;7.49%
18/12/2017;5 000;5 000;5 000;5 000;184;920 000;5.60%
19/12/2017;5 250;5 250;5 250;5 250;525;2 756 250;5.00%
20/12/2017;5 500;5 500;5 500;5 500;618;3 399 000;4.76%
21/12/2017;5 500;5 500;5 500;5 500;502;2 761 000;0.00%
22/12/2017;5 590;5 590;5 590;5 590;126;704 340;1.64%
25/12/2017;5 590;5 590;5 590;5 590;126;704 340;0.00%
26/12/2017;5 550;5 550;5 550;5 550;374;2 075 700;-0.72%
27/12/2017;5 550;5 550;5 550;5 550;275;1 526 250;0.00%
28/12/2017;5 550;5 550;5 550;5 550;197;1 093 350;0.00%
29/12/2017;5 500;5 500;5 500;5 500;38;209 000;-0.90%
02/01/2018;5 300;5 300;5 300;5 300;150;795 000;-3.64%
03/01/2018;5 400;5 400;5 400;5 400;254;1 371 600;1.89%
04/01/2018;5 500;5 500;5 500;5 500;12 844;70 642 000;1.85%
05/01/2018;5 600;5 600;5 600;5 600;2 179;12 202 400;1.82%
08/01/2018;5 600;5 600;5 600;5 600;59;330 400;0.00%
09/01/2018;5 600;5 600;5 600;5 600;2 091;11 709 600;0.00%
10/01/2018;5 610;5 610;5 610;5 610;65;364 650;0.18%
11/01/2018;5 800;5 800;5 800;5 800;50;290 000;3.39%
12/01/2018;5 795;5 795;5 795;5 795;214;1 240 130;-0.09%
15/01/2018;5 715;5 715;5 715;5 715;665;3 800 475;-1.38%
16/01/2018;5 800;5 800;5 800;5 800;329;1 908 200;1.49%
17/01/2018;5 800;5 800;5 800;5 800;393;2 279 400;0.00%
18/01/2018;5 800;5 800;5 800;5 800;59;342 200;0.00%
19/01/2018;5 750;5 750;5 750;5 750;483;2 777 250;-0.86%
22/01/2018;5 600;5 600;5 600;5 600;121;677 600;-2.61%
24/01/2018;5 650;5 650;5 650;5 650;10 003;56 516 950;0.89%
25/01/2018;5 795;5 795;5 795;5 795;100;579 500;2.57%
26/01/2018;5 795;5 795;5 795;5 795;220;1 274 900;0.00%
29/01/2018;5 750;5 750;5 750;5 750;271;1 558 250;-0.78%
30/01/2018;5 500;5 500;5 500;5 500;55;302 500;-4.35%
31/01/2018;5 090;5 090;5 090;5 090;67;341 030;-7.45%
01/02/2018;5 470;5 470;5 470;5 470;425;2 324 750;7.47%
02/02/2018;5 600;5 600;5 600;5 600;7 639;42 778 400;2.38%
06/02/2018;5 700;5 700;5 700;5 700;225;1 282 500;1.79%
07/02/2018;5 800;5 800;5 800;5 800;165;957 000;1.75%
08/02/2018;5 800;5 800;5 800;5 800;85;493 000;0.00%
09/02/2018;5 805;5 805;5 805;5 805;223;1 294 515;0.09%
12/02/2018;5 800;5 800;5 800;5 800;272;1 577 600;-0.09%
13/02/2018;5 850;5 850;5 850;5 850;127;742 950;0.86%
14/02/2018;5 850;5 850;5 850;5 850;839;4 908 150;0.00%
15/02/2018;5 810;5 810;5 810;5 810;423;2 457 630;-0.68%
16/02/2018;5 900;5 900;5 900;5 900;2 218;13 086 200;1.55%
19/02/2018;5 910;5 910;5 910;5 910;25;147 750;0.17%
20/02/2018;6 000;6 000;6 000;6 000;351;2 106 000;1.52%
21/02/2018;5 910;5 910;5 910;5 910;56;330 960;-1.50%
22/02/2018;6 000;6 000;6 000;6 000;73;438 000;1.52%
23/02/2018;6 450;6 450;6 450;6 450;31;199 950;7.50%
26/02/2018;6 930;6 930;6 930;6 930;235;1 628 550;7.44%
27/02/2018;7 300;7 300;7 300;7 300;2 314;16 892 200;5.34%
01/03/2018;7 000;7 000;7 000;7 000;143;1 001 000;-6.54%
02/03/2018;7 140;7 140;7 140;7 140;1 420;10 138 800;2.00%
05/03/2018;6 605;6 605;6 605;6 605;34;224 570;-7.49%
06/03/2018;6 180;6 180;6 180;6 180;568;3 510 240;-6.43%
07/03/2018;6 500;6 500;6 500;6 500;1 516;9 854 000;5.18%
08/03/2018;6 250;6 250;6 250;6 250;573;3 581 250;-3.85%
09/03/2018;6 500;6 500;6 500;6 500;206;1 339 000;4.00%
12/03/2018;6 900;6 900;6 900;6 900;710;4 899 000;6.15%
13/03/2018;7 255;7 255;7 255;7 255;4 298;31 181 990;5.14%
14/03/2018;7 400;7 400;7 400;7 400;3 350;24 790 000;2.00%
15/03/2018;7 500;7 500;7 500;7 500;1 732;12 990 000;1.35%
16/03/2018;7 500;7 500;7 500;7 500;860;6 450 000;0.00%
19/03/2018;7 495;7 495;7 495;7 495;868;6 505 660;-0.07%
20/03/2018;7 400;7 400;7 400;7 400;1 478;10 937 200;-1.27%
21/03/2018;7 300;7 300;7 300;7 300;242;1 766 600;-1.35%
22/03/2018;7 300;7 300;7 300;7 300;54;394 200;0.00%
27/03/2018;7 300;7 300;7 300;7 300;572;4 175 600;0.00%
28/03/2018;7 400;7 400;7 400;7 400;2 930;21 682 000;1.37%
29/03/2018;7 275;7 275;7 275;7 275;2 025;14 731 875;-1.69%
30/03/2018;7 400;7 400;7 400;7 400;1 020;7 548 000;1.72%
02/04/2018;7 400;7 400;7 400;7 400;1 020;7 548 000;0.00%
03/04/2018;7 400;7 400;7 400;7 400;270;1 998 000;0.00%
04/04/2018;7 500;7 500;7 500;7 500;2 970;22 275 000;1.35%
05/04/2018;7 250;7 250;7 250;7 250;325;2 356 250;-3.33%
09/04/2018;7 245;7 245;7 245;7 245;103;746 235;-0.07%
10/04/2018;7 200;7 200;7 200;7 200;685;4 932 000;-0.62%
11/04/2018;7 200;7 200;7 200;7 200;3 105;22 356 000;0.00%
12/04/2018;6 660;6 660;6 660;6 660;331;2 204 460;-7.50%
13/04/2018;6 165;6 165;6 165;6 165;115;708 975;-7.43%
16/04/2018;6 000;6 000;6 000;6 000;1 048;6 288 000;-2.68%
17/04/2018;5 900;5 900;5 900;5 900;690;4 071 000;-1.67%
18/04/2018;6 340;6 340;6 340;6 340;3 134;19 869 560;7.46%
19/04/2018;5 865;5 865;5 865;5 865;265;1 554 225;-7.49%
20/04/2018;5 840;5 840;5 840;5 840;393;2 295 120;-0.43%
23/04/2018;6 200;6 200;6 200;6 200;1 345;8 339 000;6.16%
24/04/2018;6 650;6 650;6 650;6 650;3 055;20 315 750;7.26%
25/04/2018;6 400;6 400;6 400;6 400;1 405;8 992 000;-3.76%
26/04/2018;6 000;6 000;6 000;6 000;135;810 000;-6.25%
09/05/2018;5 600;5 600;5 600;5 600;18;100 800;-6.67%
10/05/2018;5 600;5 600;5 600;5 600;18;100 800;0.00%
11/05/2018;5 490;5 490;5 490;5 490;35;192 150;-1.96%
14/05/2018;5 450;5 450;5 450;5 450;224;1 220 800;-0.73%
15/05/2018;5 395;5 395;5 395;5 395;10;53 950;-1.01%
16/05/2018;5 345;5 345;5 345;5 345;3;16 035;-0.93%
18/05/2018;5 100;5 100;5 100;5 100;20;102 000;-4.58%
21/05/2018;5 100;5 100;5 100;5 100;20;102 000;0.00%
22/05/2018;5 090;5 090;5 090;5 090;166;844 940;-0.20%
23/05/2018;5 095;5 095;5 095;5 095;2;10 190;0.10%
24/05/2018;4 995;4 995;4 995;4 995;300;1 498 500;-1.96%
28/05/2018;5 000;5 000;5 000;5 000;137;685 000;0.10%
30/05/2018;4 895;4 895;4 895;4 895;7;34 265;-1.71%
31/05/2018;4 970;4 970;4 970;4 970;58;288 260;1.53%
01/06/2018;4 950;4 950;4 950;4 950;100;495 000;-0.40%
04/06/2018;4 895;4 895;4 895;4 895;62;303 490;-1.11%
05/06/2018;4 800;4 800;4 800;4 800;16;76 800;-1.94%
06/06/2018;4 800;4 800;4 800;4 800;199;955 200;0.00%
08/06/2018;4 500;4 500;4 500;4 500;43;193 500;-6.25%
11/06/2018;4 500;4 500;4 500;4 500;43;193 500;0.00%
12/06/2018;4 300;4 300;4 300;4 300;26;111 800;-4.44%
13/06/2018;3 980;3 980;3 980;3 980;156;620 880;-7.44%
14/06/2018;3 980;3 980;3 980;3 980;156;620 880;0.00%
15/06/2018;3 685;3 685;3 685;3 685;129;475 365;-7.41%
18/06/2018;3 410;3 410;3 410;3 410;425;1 449 250;-7.46%
19/06/2018;3 400;3 400;3 400;3 400;233;792 200;-0.29%
20/06/2018;3 655;3 655;3 655;3 655;317;1 158 635;7.50%
21/06/2018;3 600;3 600;3 600;3 600;180;648 000;-1.50%
28/06/2018;3 295;3 295;3 295;3 295;561;1 848 495;-8.47%
29/06/2018;3 200;3 200;3 200;3 200;616;1 971 200;-2.88%
02/07/2018;3 150;3 150;3 150;3 150;3 880;12 222 000;-1.56%
03/07/2018;3 385;3 385;3 385;3 385;64 096;216 964 960;7.46%
04/07/2018;3 400;3 400;3 400;3 400;234;795 600;0.44%
05/07/2018;3 350;3 350;3 350;3 350;355;1 189 250;-1.47%
06/07/2018;3 190;3 190;3 190;3 190;705;2 248 950;-4.78%
09/07/2018;3 300;3 300;3 300;3 300;103;339 900;3.45%
10/07/2018;3 245;3 245;3 245;3 245;696;2 258 520;-1.67%
11/07/2018;3 250;3 250;3 250;3 250;378;1 228 500;0.15%
12/07/2018;3 210;3 210;3 210;3 210;400;1 284 000;-1.23%
13/07/2018;3 350;3 350;3 350;3 350;289;968 150;4.36%
16/07/2018;3 300;3 300;3 300;3 300;65;214 500;-1.49%
17/07/2018;3 300;3 300;3 300;3 300;165;544 500;0.00%
18/07/2018;3 200;3 200;3 200;3 200;144;460 800;-3.03%
19/07/2018;3 200;3 200;3 200;3 200;13 417;42 934 400;0.00%
20/07/2018;3 200;3 200;3 200;3 200;408;1 305 600;0.00%
23/07/2018;3 250;3 250;3 250;3 250;30;97 500;1.56%
24/07/2018;3 400;3 400;3 400;3 400;36;122 400;4.62%
25/07/2018;3 200;3 200;3 200;3 200;50;160 000;-5.88%
26/07/2018;3 210;3 210;3 210;3 210;442;1 418 820;0.31%
30/07/2018;3 150;3 150;3 150;3 150;400;1 260 000;-1.87%
31/07/2018;3 200;3 200;3 200;3 200;632;2 022 400;1.59%
01/08/2018;3 100;3 100;3 100;3 100;429;1 329 900;-3.13%
02/08/2018;3 100;3 100;3 100;3 100;20;62 000;0.00%
03/08/2018;3 200;3 200;3 200;3 200;10;32 000;3.23%
06/08/2018;3 200;3 200;3 200;3 200;10;32 000;0.00%
07/08/2018;3 200;3 200;3 200;3 200;10;32 000;0.00%
08/08/2018;3 295;3 295;3 295;3 295;107;352 565;2.97%
09/08/2018;3 250;3 250;3 250;3 250;474;1 540 500;-1.37%
10/08/2018;3 210;3 210;3 210;3 210;21;67 410;-1.23%
13/08/2018;3 185;3 185;3 185;3 185;259;824 915;-0.78%
14/08/2018;3 190;3 190;3 190;3 190;262;835 780;0.16%
22/08/2018;3 300;3 300;3 300;3 300;202;666 600;3.45%
23/08/2018;3 500;3 500;3 500;3 500;180;630 000;6.06%
24/08/2018;3 400;3 400;3 400;3 400;222;754 800;-2.86%
28/08/2018;3 350;3 350;3 350;3 350;12;40 200;3.08%
29/08/2018;3 350;3 350;3 350;3 350;135;452 250;0.00%
30/08/2018;3 250;3 250;3 250;3 250;20;65 000;-2.99%
31/08/2018;3 200;3 200;3 200;3 200;466;1 491 200;-1.54%
03/09/2018;3 240;3 240;3 240;3 240;176;570 240;1.25%
04/09/2018;3 180;3 180;3 180;3 180;140;445 200;-1.85%
05/09/2018;3 200;3 200;3 200;3 200;69;220 800;0.63%
06/09/2018;3 200;3 200;3 200;3 200;13 389;42 844 800;0.00%
07/09/2018;3 105;3 105;3 105;3 105;69;214 245;-2.97%
10/09/2018;3 105;3 105;3 105;3 105;55;170 775;0.00%
11/09/2018;3 240;3 240;3 240;3 240;164;531 360;4.35%
12/09/2018;3 200;3 200;3 200;3 200;1 740;5 568 000;-1.23%
13/09/2018;3 300;3 300;3 300;3 300;334;1 102 200;3.13%
14/09/2018;3 300;3 300;3 300;3 300;116;382 800;0.00%
17/09/2018;3 300;3 300;3 300;3 300;116;382 800;0.00%
18/09/2018;3 300;3 300;3 300;3 300;2 625;8 662 500;0.00%
19/09/2018;3 350;3 350;3 350;3 350;1 060;3 551 000;1.52%
20/09/2018;3 240;3 240;3 240;3 240;50;162 000;-3.28%
25/09/2018;3 200;3 200;3 200;3 200;109;348 800;-1.23%
27/09/2018;3 145;3 145;3 145;3 145;174;547 230;-1.72%
28/09/2018;3 145;3 145;3 145;3 145;50;157 250;0.00%
01/10/2018;3 100;3 100;3 100;3 100;3;9 300;-1.43%
02/10/2018;3 080;3 080;3 080;3 080;30;92 400;-0.65%
03/10/2018;3 050;3 050;3 050;3 050;46;140 300;-0.97%
05/10/2018;3 000;3 000;3 000;3 000;99;297 000;-1.64%
08/10/2018;2 800;2 800;2 800;2 800;80;224 000;-6.67%
10/10/2018;2 710;2 710;2 710;2 710;3 086;8 363 060;-3.21%
11/10/2018;2 800;2 800;2 800;2 800;70;196 000;3.32%
12/10/2018;2 710;2 710;2 710;2 710;642;1 739 820;-3.21%
15/10/2018;2 695;2 695;2 695;2 695;50;134 750;-0.55%
16/10/2018;2 590;2 590;2 590;2 590;100;259 000;-3.90%
17/10/2018;2 650;2 650;2 650;2 650;50;132 500;2.32%
18/10/2018;2 505;2 505;2 505;2 505;200;501 000;-5.47%
19/10/2018;2 500;2 500;2 500;2 500;60;150 000;-0.20%
22/10/2018;2 500;2 500;2 500;2 500;2;5 000;0.00%
23/10/2018;2 455;2 455;2 455;2 455;7;17 185;-1.80%
24/10/2018;2 290;2 290;2 290;2 290;3 514;8 047 060;-6.72%
25/10/2018;2 290;2 290;2 290;2 290;106;242 740;0.00%
26/10/2018;2 290;2 290;2 290;2 290;38;87 020;0.00%
29/10/2018;2 200;2 200;2 200;2 200;85;187 000;-3.93%
30/10/2018;2 200;2 200;2 200;2 200;5;11 000;0.00%
31/10/2018;2 280;2 280;2 280;2 280;102;232 560;3.64%
01/11/2018;2 280;2 280;2 280;2 280;102;232 560;0.00%
02/11/2018;2 280;2 280;2 280;2 280;50;114 000;0.00%
05/11/2018;2 280;2 280;2 280;2 280;315;718 200;0.00%
06/11/2018;2 200;2 200;2 200;2 200;31;68 200;-3.51%
07/11/2018;2 200;2 200;2 200;2 200;6;13 200;0.00%
08/11/2018;2 090;2 090;2 090;2 090;223;466 070;-5.00%
12/11/2018;2 090;2 090;2 090;2 090;15;31 350;0.00%
13/11/2018;1 950;1 950;1 950;1 950;29;56 550;-6.70%
14/11/2018;1 900;1 900;1 900;1 900;138;262 200;-2.56%
15/11/2018;1 900;1 900;1 900;1 900;138;262 200;0.00%
16/11/2018;2 040;2 040;2 040;2 040;591;1 205 640;7.37%
19/11/2018;2 000;2 000;2 000;2 000;22;44 000;-1.96%
20/11/2018;2 000;2 000;2 000;2 000;22;44 000;0.00%
21/11/2018;1 900;1 900;1 900;1 900;50;95 000;-5.00%
22/11/2018;1 900;1 900;1 900;1 900;130;247 000;0.00%
23/11/2018;2 000;2 000;2 000;2 000;1 073;2 146 000;5.26%
27/11/2018;1 985;1 985;1 985;1 985;624;1 238 640;7.30%
29/11/2018;1 950;1 950;1 950;1 950;3 144;6 130 800;-1.76%
03/12/2018;1 945;1 945;1 945;1 945;16;31 120;-0.26%
04/12/2018;1 945;1 945;1 945;1 945;10;19 450;0.00%
05/12/2018;1 945;1 945;1 945;1 945;10;19 450;0.00%
06/12/2018;2 045;2 045;2 045;2 045;449;918 205;5.14%
07/12/2018;2 040;2 040;2 040;2 040;10;20 400;-0.24%
10/12/2018;2 185;2 185;2 185;2 185;755;1 649 675;7.11%
11/12/2018;2 190;2 190;2 190;2 190;72;157 680;0.23%
12/12/2018;2 150;2 150;2 150;2 150;71;152 650;-1.83%
13/12/2018;2 090;2 090;2 090;2 090;32;66 880;-2.79%
14/12/2018;2 090;2 090;2 090;2 090;31;64 790;0.00%
17/12/2018;2 100;2 100;2 100;2 100;340;714 000;0.48%
18/12/2018;2 100;2 100;2 100;2 100;1 712;3 595 200;0.00%
19/12/2018;2 050;2 050;2 050;2 050;9;18 450;-2.38%
20/12/2018;2 050;2 050;2 050;2 050;10;20 500;0.00%
21/12/2018;2 000;2 000;2 000;2 000;60;120 000;-2.44%
24/12/2018;1 900;1 900;1 900;1 900;71;134 900;-5.00%
25/12/2018;1 900;1 900;1 900;1 900;71;134 900;0.00%
26/12/2018;1 900;1 900;1 900;1 900;125;237 500;0.00%
28/12/2018;2 000;2 000;2 000;2 000;196;392 000;5.26%
31/12/2018;1 900;1 900;1 900;1 900;130;247 000;-5.00%
02/01/2019;1 850;1 850;1 850;1 850;115;212 750;-2.63%
03/01/2019;1 800;1 800;1 800;1 800;624;1 123 200;-2.70%
04/01/2019;1 935;1 935;1 935;1 935;130;251 550;7.50%
07/01/2019;1 850;1 850;1 850;1 850;557;1 030 450;-4.39%
08/01/2019;1 895;1 895;1 895;1 895;356;674 620;2.43%
09/01/2019;1 895;1 895;1 895;1 895;140;265 300;0.00%
10/01/2019;1 885;1 885;1 885;1 885;420;791 700;-0.53%
14/01/2019;1 805;1 805;1 805;1 805;35;63 175;-4.24%
15/01/2019;1 805;1 805;1 805;1 805;146;263 530;0.00%
16/01/2019;1 720;1 745;1 745;1 720;89;154 193;-4.71%
17/01/2019;1 830;1 800;1 830;1 800;5 901;10 710 315;6.40%
18/01/2019;1 830;1 830;1 830;1 830;87;159 210;0.00%
21/01/2019;1 850;1 850;1 850;1 850;20;37 000;1.09%
22/01/2019;1 745;1 820;1 820;1 745;100;178 250;-5.68%
23/01/2019;1 800;1 800;1 800;1 800;20;36 000;3.15%
24/01/2019;1 795;1 795;1 795;1 795;20;35 900;-0.28%
25/01/2019;1 785;1 775;1 785;1 775;126;224 280;-0.56%
28/01/2019;1 830;1 785;1 830;1 785;152;274 740;2.52%
30/01/2019;1 825;1 825;1 825;1 825;66;120 450;-0.27%
31/01/2019;1 750;1 750;1 750;1 750;44;77 000;-4.11%
01/02/2019;1 690;1 750;1 750;1 690;547;940 840;-3.43%
04/02/2019;1 620;1 620;1 620;1 620;57;92 340;-4.14%
05/02/2019;1 500;1 500;1 500;1 500;20;30 000;-7.41%
06/02/2019;1 500;1 530;1 530;1 500;519;786 285;0.00%
07/02/2019;1 560;1 600;1 600;1 560;334;527 720;4.00%
11/02/2019;1 565;1 565;1 565;1 565;10;15 650;0.32%
12/02/2019;1 580;1 580;1 580;1 580;30;47 400;0.96%
13/02/2019;1 580;1 600;1 600;1 580;82;130 380;0.00%
14/02/2019;1 600;1 600;1 600;1 600;510;816 000;1.27%
15/02/2019;1 600;1 600;1 600;1 600;29;46 400;0.00%
18/02/2019;1 565;1 580;1 580;1 565;100;157 250;-2.19%
19/02/2019;1 595;1 565;1 595;1 565;245;387 100;1.92%
20/02/2019;1 565;1 600;1 600;1 565;650;1 028 625;-1.88%
21/02/2019;1 595;1 595;1 595;1 595;8;12 760;1.92%
22/02/2019;1 595;1 595;1 595;1 595;12;19 140;0.00%
27/02/2019;1 600;1 570;1 600;1 570;3 151;4 994 335;0.00%
28/02/2019;1 600;1 600;1 600;1 600;110;176 000;0.00%
04/03/2019;1 600;1 600;1 600;1 600;46;73 600;0.00%
05/03/2019;1 600;1 600;1 600;1 600;14;22 400;0.00%
06/03/2019;1 600;1 600;1 600;1 600;257;411 200;0.00%
07/03/2019;1 600;1 550;1 600;1 550;401;631 575;0.00%
11/03/2019;1 600;1 550;1 600;1 550;10;15 750;0.00%
12/03/2019;1 600;1 600;1 600;1 600;31;49 600;0.00%
13/03/2019;1 595;1 595;1 595;1 595;50;79 750;-0.31%
14/03/2019;1 600;1 590;1 600;1 590;2 156;3 438 820;0.31%
18/03/2019;1 600;1 600;1 600;1 600;1;1 600;0.00%
19/03/2019;1 600;1 600;1 600;1 600;333;532 800;0.00%
20/03/2019;1 600;1 600;1 600;1 600;235;376 000;0.00%
22/03/2019;1 595;1 600;1 600;1 595;31;49 523;-0.31%
25/03/2019;1 595;1 600;1 600;1 595;31;49 523;0.00%
26/03/2019;1 550;1 590;1 590;1 550;502;788 140;-2.82%
27/03/2019;1 500;1 500;1 500;1 500;200;300 000;-3.23%
28/03/2019;1 500;1 500;1 500;1 500;664;996 000;0.00%
29/03/2019;1 500;1 500;1 500;1 500;405;607 500;0.00%
01/04/2019;1 500;1 500;1 500;1 500;86;129 000;0.00%
02/04/2019;1 480;1 500;1 500;1 480;19;28 310;-1.33%
04/04/2019;1 490;1 480;1 490;1 480;42;62 370;0.68%
05/04/2019;1 480;1 480;1 480;1 480;1 360;2 012 800;-0.67%
08/04/2019;1 450;1 400;1 450;1 400;948;1 350 900;-2.03%
09/04/2019;1 445;1 445;1 445;1 445;134;193 630;-0.34%
10/04/2019;1 450;1 450;1 450;1 450;209;303 050;0.35%
11/04/2019;1 400;1 450;1 450;1 400;326;464 550;-3.45%
15/04/2019;1 480;1 480;1 480;1 480;16;23 680;5.71%
16/04/2019;1 475;1 475;1 475;1 475;400;590 000;-0.34%
17/04/2019;1 370;1 470;1 470;1 370;222;315 240;-7.12%
18/04/2019;1 300;1 300;1 300;1 300;360;468 000;-5.11%
19/04/2019;1 300;1 300;1 300;1 300;25;32 500;0.00%
22/04/2019;1 300;1 300;1 300;1 300;25;32 500;0.00%
23/04/2019;1 300;1 300;1 300;1 300;5;6 500;0.00%
24/04/2019;1 205;1 275;1 275;1 205;291;360 840;-7.31%
25/04/2019;1 200;1 200;1 200;1 200;102;122 400;-0.41%
26/04/2019;1 250;1 200;1 250;1 200;3 784;4 635 400;4.17%
29/04/2019;1 200;1 240;1 240;1 200;6 178;7 537 160;-4.00%
30/04/2019;1 250;1 200;1 250;1 200;26;31 850;4.17%
01/05/2019;1 250;1 200;1 250;1 200;26;31 850;0.00%
02/05/2019;1 300;1 200;1 300;1 200;505;631 250;4.00%
03/05/2019;1 300;1 300;1 300;1 300;195;253 500;0.00%
06/05/2019;1 300;1 300;1 300;1 300;65;84 500;0.00%
07/05/2019;1 300;1 300;1 300;1 300;6 433;8 362 900;0.00%
08/05/2019;1 300;1 300;1 300;1 300;1 649;2 143 700;0.00%
09/05/2019;1 350;1 300;1 350;1 300;1 859;2 463 175;3.85%
10/05/2019;1 440;1 400;1 440;1 400;410;582 200;6.67%
13/05/2019;1 435;1 410;1 435;1 410;743;1 056 918;-0.35%
14/05/2019;1 330;1 415;1 415;1 330;2 078;2 852 055;-7.32%
15/05/2019;1 305;1 330;1 330;1 305;755;994 713;-1.88%
16/05/2019;1 310;1 305;1 310;1 305;3 413;4 462 498;0.38%
17/05/2019;1 300;1 310;1 310;1 300;2 201;2 872 305;-0.76%
20/05/2019;1 285;1 300;1 300;1 285;1 170;1 512 225;-1.15%
21/05/2019;1 275;1 275;1 275;1 275;30;38 250;-0.78%
22/05/2019;1 250;1 275;1 275;1 250;188;237 350;-1.96%
23/05/2019;1 250;1 260;1 260;1 250;1 688;2 118 440;0.00%
27/05/2019;1 250;1 245;1 250;1 245;110;137 225;0.00%
28/05/2019;1 245;1 245;1 245;1 245;27 252;33 928 740;-0.40%
29/05/2019;1 245;1 245;1 245;1 245;2 450;3 050 250;0.00%
30/05/2019;1 245;1 245;1 245;1 245;2 450;3 050 250;0.00%
31/05/2019;1 245;1 245;1 245;1 245;73;90 885;0.00%
03/06/2019;1 235;1 245;1 245;1 235;299;370 760;-0.80%
05/06/2019;1 245;1 245;1 245;1 245;1 088;1 354 560;0.81%
06/06/2019;1 200;1 205;1 205;1 200;791;951 178;-3.61%
07/06/2019;1 250;1 200;1 250;1 200;117;143 325;4.17%
11/06/2019;1 200;1 200;1 200;1 200;406;487 200;-4.00%
12/06/2019;1 200;1 230;1 230;1 200;272;330 480;0.00%
13/06/2019;1 220;1 220;1 220;1 220;1 234;1 505 480;1.67%
14/06/2019;1 180;1 180;1 180;1 180;1 332;1 571 760;-3.28%
17/06/2019;1 180;1 180;1 180;1 180;882;1 040 760;0.00%
18/06/2019;1 180;1 185;1 185;1 180;4 384;5 184 080;0.00%
19/06/2019;1 200;1 200;1 200;1 200;65;78 000;1.69%
20/06/2019;1 180;1 180;1 180;1 180;275;324 500;-1.67%
21/06/2019;1 150;1 175;1 175;1 150;43;49 988;-2.54%
24/06/2019;1 150;1 150;1 150;1 150;840;966 000;0.00%
25/06/2019;1 175;1 175;1 175;1 175;200;235 000;2.17%
26/06/2019;1 170;1 170;1 170;1 170;2;2 340;-0.43%
27/06/2019;1 150;1 170;1 170;1 150;89;103 240;-1.71%
28/06/2019;1 145;1 150;1 150;1 145;158;181 305;-0.43%
01/07/2019;1 100;1 130;1 130;1 100;176;196 240;-3.93%
02/07/2019;1 020;1 095;1 095;1 020;50;52 875;-7.27%
03/07/2019;1 020;1 000;1 020;1 000;504;509 040;0.00%
04/07/2019;1 000;1 005;1 005;1 000;143;143 358;-1.96%
05/07/2019;990;980;990;980;4 356;4 290 660;-1.00%
08/07/2019;1 000;1 040;1 040;1 000;30;30 600;1.01%
09/07/2019;950;1 000;1 000;950;3 819;3 723 525;-5.00%
10/07/2019;950;950;950;950;35;33 250;0.00%
11/07/2019;950;950;950;950;1 390;1 320 500;0.00%
12/07/2019;950;950;950;950;87;82 650;0.00%
15/07/2019;900;950;950;900;2 750;2 543 750;-5.26%
16/07/2019;900;900;900;900;612;550 800;0.00%
17/07/2019;900;905;905;900;242;218 405;0.00%
18/07/2019;900;910;910;900;320;289 600;0.00%
19/07/2019;910;900;910;900;167;151 135;1.11%
22/07/2019;915;910;915;910;891;813 038;0.55%
23/07/2019;900;900;900;900;35;31 500;-1.64%
24/07/2019;900;900;900;900;41;36 900;0.00%
25/07/2019;900;900;900;900;83;74 700;0.00%
26/07/2019;905;900;905;900;147;132 668;0.56%
29/07/2019;950;950;950;950;204;193 800;4.97%
30/07/2019;980;980;980;980;27;26 460;3.16%
31/07/2019;1 005;1 000;1 005;1 000;220;220 550;2.55%
02/08/2019;1 080;1 080;1 080;1 080;14;15 120;7.46%
05/08/2019;1 150;1 150;1 150;1 150;1;1 150;6.48%
06/08/2019;1 155;1 155;1 155;1 155;150;173 250;0.43%
07/08/2019;1 155;1 155;1 155;1 155;150;173 250;0.00%
08/08/2019;1 100;1 150;1 150;1 100;69;77 625;-4.76%
09/08/2019;1 090;1 100;1 100;1 090;319;349 305;-0.91%
12/08/2019;1 090;1 100;1 100;1 090;319;349 305;0.00%
13/08/2019;1 095;1 090;1 095;1 090;46;50 255;0.46%
14/08/2019;1 090;1 100;1 100;1 090;416;455 520;-0.46%
15/08/2019;1 090;1 100;1 100;1 090;416;455 520;0.00%
16/08/2019;1 080;1 090;1 090;1 080;133;144 305;-0.92%
19/08/2019;1 050;1 050;1 050;1 050;98;102 900;-2.78%
20/08/2019;1 000;1 045;1 045;1 000;314;321 065;-4.76%
21/08/2019;950;995;995;950;353;343 293;-5.00%
23/08/2019;950;950;950;950;132;125 400;0.00%
26/08/2019;950;955;955;950;105;100 013;0.00%
27/08/2019;900;900;900;900;33;29 700;-5.26%
28/08/2019;950;950;950;950;862;818 900;5.56%
30/08/2019;1 000;1 000;1 000;1 000;10;10 000;5.26%
02/09/2019;955;965;965;955;24;23 040;-4.50%
03/09/2019;950;955;955;950;167;159 068;-0.52%
04/09/2019;950;950;950;950;53;50 350;0.00%
05/09/2019;945;945;945;945;20;18 900;-0.53%
09/09/2019;970;945;970;945;1 225;1 172 938;2.65%
10/09/2019;950;950;950;950;50;47 500;-2.06%
11/09/2019;970;970;970;970;26;25 220;2.11%
12/09/2019;950;980;980;950;39 448;38 067 320;-2.06%
13/09/2019;995;950;995;950;410;398 725;4.74%
16/09/2019;1 000;990;1 000;990;40 610;40 406 950;0.50%
17/09/2019;995;1 000;1 000;995;4 274;4 263 315;-0.50%
19/09/2019;930;925;930;925;373;345 958;-6.53%
20/09/2019;930;930;930;930;9;8 370;0.00%
23/09/2019;905;930;930;905;75;68 813;-2.69%
24/09/2019;930;905;930;905;74;67 895;2.76%
25/09/2019;985;970;985;970;200;195 500;5.91%
27/09/2019;950;950;950;950;395;375 250;-3.55%
01/10/2019;965;960;965;960;213;205 013;1.58%
02/10/2019;1 035;970;1 035;970;38 863;38 960 158;7.25%
03/10/2019;965;965;965;965;6 851;6 611 215;-6.76%
04/10/2019;950;950;950;950;19;18 050;-1.55%
07/10/2019;950;950;950;950;126;119 700;0.00%
08/10/2019;1 020;990;1 020;990;291;292 455;7.37%
09/10/2019;950;950;950;950;157;149 150;-6.86%
10/10/2019;950;950;950;950;7 323;6 956 850;0.00%
14/10/2019;950;950;950;950;670;636 500;0.00%
15/10/2019;950;950;950;950;1 350;1 282 500;0.00%
16/10/2019;945;940;945;940;80;75 400;-0.53%
17/10/2019;950;940;950;940;30;28 350;0.53%
18/10/2019;935;935;935;935;160;149 600;-1.58%
22/10/2019;930;930;930;930;100;93 000;-0.53%
23/10/2019;930;930;930;930;156;145 080;0.00%
24/10/2019;930;950;950;930;63;59 220;0.00%
28/10/2019;950;950;950;950;50;47 500;2.15%
31/10/2019;920;950;950;920;1 153;1 078 055;-3.16%
01/11/2019;920;950;950;920;1 153;1 078 055;0.00%
04/11/2019;985;980;985;980;389;382 193;7.07%
05/11/2019;930;980;980;930;101;96 455;-5.58%
06/11/2019;900;900;900;900;47;42 300;-3.23%
07/11/2019;890;885;890;885;15;13 313;-1.11%
08/11/2019;900;890;900;890;66 295;59 334 025;1.12%
12/11/2019;900;900;900;900;36;32 400;0.00%
13/11/2019;965;900;965;900;84;78 330;7.22%
18/11/2019;970;995;995;970;251;246 608;0.52%
19/11/2019;900;970;970;900;781;730 235;-7.22%
21/11/2019;900;900;900;900;592;532 800;-1.10%
22/11/2019;900;910;910;900;578;523 090;0.00%
25/11/2019;900;900;900;900;393;353 700;0.00%
27/11/2019;910;910;910;910;15;13 650;1.11%
28/11/2019;900;965;965;900;1 235;1 151 638;-1.10%
29/11/2019;900;910;910;900;125;113 125;0.00%
02/12/2019;900;900;900;900;86;77 400;0.00%
03/12/2019;965;900;965;900;315;293 738;7.22%
04/12/2019;900;905;905;900;574;518 035;-6.74%
05/12/2019;900;900;900;900;139;125 100;0.00%
06/12/2019;965;905;965;905;500;467 500;7.22%
09/12/2019;970;965;970;965;12 687;12 274 673;0.52%
10/12/2019;995;1 000;1 000;995;175;174 563;2.58%
12/12/2019;995;995;995;995;30;29 850;0.00%
13/12/2019;1 065;1 000;1 065;1 000;15 326;15 824 095;7.04%
16/12/2019;1 140;1 065;1 140;1 065;15 554;17 148 285;7.04%
17/12/2019;1 190;1 140;1 190;1 140;105;122 325;4.39%
18/12/2019;1 190;1 190;1 190;1 190;150;178 500;0.00%
19/12/2019;1 190;1 185;1 190;1 185;67;79 563;0.00%
20/12/2019;1 190;1 190;1 190;1 190;31 761;37 795 590;0.00%
23/12/2019;1 275;1 200;1 275;1 200;976;1 207 800;7.14%
24/12/2019;1 370;1 275;1 370;1 275;1 901;2 514 073;7.45%
25/12/2019;1 370;1 275;1 370;1 275;1 901;2 514 073;0.00%
26/12/2019;1 470;1 470;1 470;1 470;3 007;4 420 290;7.30%
27/12/2019;1 580;1 580;1 580;1 580;2 636;4 164 880;7.48%
30/12/2019;1 695;1 695;1 695;1 695;1 490;2 525 550;7.28%
31/12/2019;1 820;1 820;1 820;1 820;8 877;16 156 140;7.37%
01/01/2020;1 820;1 820;1 820;1 820;8 877;16 156 140;0.00%
02/01/2020;1 690;1 700;1 700;1 690;315;533 925;-7.14%
03/01/2020;1 565;1 585;1 585;1 565;1 706;2 686 950;-7.40%
06/01/2020;1 675;1 450;1 675;1 450;9 781;15 282 813;7.03%
07/01/2020;1 675;1 670;1 675;1 670;460;769 350;0.00%
09/01/2020;1 700;1 620;1 700;1 620;518;859 880;1.49%
10/01/2020;1 825;1 825;1 825;1 825;471;859 575;7.35%
13/01/2020;1 960;1 800;1 960;1 800;598;1 124 240;7.40%
14/01/2020;1 960;1 925;1 960;1 925;3 331;6 470 468;0.00%
15/01/2020;2 000;1 960;2 000;1 960;2 207;4 369 860;2.04%
16/01/2020;2 000;2 000;2 000;2 000;669;1 338 000;0.00%
17/01/2020;2 080;2 015;2 080;2 015;107;219 083;4.00%
20/01/2020;2 000;2 000;2 000;2 000;2;4 000;-3.85%
21/01/2020;2 150;2 100;2 150;2 100;1 072;2 278 000;7.50%
22/01/2020;2 150;2 100;2 150;2 100;585;1 243 125;0.00%
23/01/2020;1 990;1 990;1 990;1 990;3;5 970;-7.44%
24/01/2020;2 000;2 000;2 000;2 000;551;1 102 000;0.50%
27/01/2020;2 015;2 010;2 015;2 010;768;1 545 600;0.75%
28/01/2020;2 000;2 015;2 015;2 000;17;34 128;-0.74%
29/01/2020;2 150;2 000;2 150;2 000;1 351;2 803 325;7.50%
30/01/2020;2 310;2 200;2 310;2 200;2 240;5 051 200;7.44%
31/01/2020;2 320;2 300;2 320;2 300;2 342;5 410 020;0.43%
03/02/2020;2 450;2 320;2 450;2 320;10 381;24 758 685;5.60%
05/02/2020;2 310;2 300;2 310;2 300;10;23 050;-5.71%
06/02/2020;2 300;2 300;2 300;2 300;65;149 500;-0.43%
07/02/2020;2 285;2 285;2 285;2 285;100;228 500;-0.65%
10/02/2020;2 280;2 280;2 280;2 280;7;15 960;-0.22%
11/02/2020;2 250;2 250;2 250;2 250;10;22 500;-1.32%
12/02/2020;2 250;2 250;2 250;2 250;10;22 500;0.00%
13/02/2020;2 200;2 200;2 200;2 200;10 000;22 000 000;-2.22%
14/02/2020;2 190;2 190;2 190;2 190;57;124 830;-0.45%
17/02/2020;2 030;2 030;2 030;2 030;10;20 300;-7.31%
18/02/2020;1 880;1 950;1 950;1 880;128;245 120;-7.39%
21/02/2020;1 850;1 850;1 850;1 850;5;9 250;-1.60%
26/02/2020;1 790;1 715;1 790;1 715;3;5 258;-3.24%
02/03/2020;1 700;1 700;1 700;1 700;1;1 700;-5.03%
03/03/2020;1 695;1 695;1 695;1 695;100;169 500;-0.29%
04/03/2020;1 650;1 570;1 650;1 570;46;74 060;-2.65%
06/03/2020;1 530;1 620;1 620;1 530;113;177 975;-7.27%
09/03/2020;1 495;1 495;1 495;1 495;8;11 960;-2.29%
10/03/2020;1 500;1 500;1 500;1 500;40;60 000;0.33%
11/03/2020;1 480;1 480;1 480;1 480;258;381 840;-1.33%
13/03/2020;1 495;1 480;1 495;1 480;215;319 813;1.01%
18/03/2020;1 400;1 495;1 495;1 400;13;18 818;-6.35%
19/03/2020;1 380;1 420;1 420;1 380;14;19 600;-1.43%
20/03/2020;1 350;1 385;1 385;1 350;125;170 938;-2.17%
23/03/2020;1 300;1 300;1 300;1 300;100;130 000;-3.70%
24/03/2020;1 295;1 295;1 295;1 295;1;1 295;-0.38%
25/03/2020;1 250;1 250;1 250;1 250;6;7 500;-3.47%
26/03/2020;1 245;1 250;1 250;1 245;83;103 543;-0.40%
30/03/2020;1 200;1 200;1 200;1 200;180;216 000;-3.61%
31/03/2020;1 195;1 200;1 200;1 195;12;14 370;-0.42%
01/04/2020;1 110;1 200;1 200;1 110;6;6 930;-7.11%
03/04/2020;1 050;1 050;1 050;1 050;111;116 550;-5.41%
06/04/2020;1 000;1 000;1 000;1 000;6;6 000;-4.76%
07/04/2020;1 020;1 020;1 020;1 020;345;351 900;2.00%
08/04/2020;1 000;1 000;1 000;1 000;145;145 000;-1.96%
09/04/2020;1 000;1 020;1 020;1 000;505;510 050;0.00%
14/04/2020;925;930;930;925;5;4 638;-7.50%
15/04/2020;925;905;925;905;128;117 120;0.00%
17/04/2020;950;950;950;950;420;399 000;2.70%
20/04/2020;950;950;950;950;304;288 800;0.00%
21/04/2020;1 000;1 000;1 000;1 000;45;45 000;5.26%
22/04/2020;955;955;955;955;10;9 550;-4.50%
24/04/2020;1 000;1 000;1 000;1 000;2;2 000;4.71%
27/04/2020;1 000;1 000;1 000;1 000;69;69 000;0.00%
29/04/2020;1 075;1 075;1 075;1 075;14;15 050;7.50%
30/04/2020;1 100;1 100;1 100;1 100;2;2 200;2.33%
01/05/2020;1 100;1 100;1 100;1 100;2;2 200;0.00%
05/05/2020;1 180;1 150;1 180;1 150;82;95 530;7.27%
06/05/2020;1 245;1 245;1 245;1 245;3;3 735;5.51%
07/05/2020;1 180;1 245;1 245;1 180;772;936 050;-5.22%
08/05/2020;1 180;1 190;1 190;1 180;271;321 135;0.00%
13/05/2020;1 180;1 200;1 200;1 180;144;171 360;0.00%
14/05/2020;1 200;1 200;1 200;1 200;10;12 000;1.69%
15/05/2020;1 200;1 200;1 200;1 200;105;126 000;0.00%
18/05/2020;1 200;1 200;1 200;1 200;20;24 000;0.00%
19/05/2020;1 195;1 195;1 195;1 195;10;11 950;-0.42%
22/05/2020;1 150;1 150;1 150;1 150;850;977 500;-3.77%
26/05/2020;1 150;1 150;1 150;1 150;113;129 950;0.00%
27/05/2020;1 180;1 120;1 180;1 120;20;23 000;2.61%
02/06/2020;1 180;1 180;1 180;1 180;70;82 600;0.00%
03/06/2020;1 180;1 180;1 180;1 180;19;22 420;0.00%
04/06/2020;1 180;1 180;1 180;1 180;12;14 160;0.00%
05/06/2020;1 180;1 180;1 180;1 180;3 517;4 150 060;0.00%
10/06/2020;1 180;1 180;1 180;1 180;24;28 320;0.00%
12/06/2020;1 180;1 185;1 185;1 180;600;709 500;0.00%
16/06/2020;1 180;1 180;1 180;1 180;10;11 800;0.00%
17/06/2020;1 200;1 200;1 200;1 200;190;228 000;1.69%
19/06/2020;1 250;1 250;1 250;1 250;20;25 000;4.17%
22/06/2020;1 250;1 265;1 265;1 250;116;145 870;0.00%
23/06/2020;1 245;1 250;1 250;1 245;36;44 910;-0.40%
24/06/2020;1 245;1 245;1 245;1 245;48;59 760;0.00%
29/06/2020;1 240;1 240;1 240;1 240;10;12 400;-0.40%
30/06/2020;1 245;1 235;1 245;1 235;490;607 600;0.40%
02/07/2020;1 245;1 245;1 245;1 245;56;69 720;0.00%
03/07/2020;1 245;1 155;1 245;1 155;531;637 200;0.00%
08/07/2020;1 245;1 245;1 245;1 245;10;12 450;0.00%
09/07/2020;1 180;1 180;1 180;1 180;40;47 200;-5.22%
10/07/2020;1 175;1 175;1 175;1 175;12;14 100;-0.42%
13/07/2020;1 200;1 200;1 200;1 200;80;96 000;2.13%
14/07/2020;1 200;1 200;1 200;1 200;85;102 000;0.00%
15/07/2020;1 155;1 155;1 155;1 155;45;51 975;-3.75%
16/07/2020;1 155;1 075;1 155;1 075;43;47 945;0.00%
17/07/2020;1 100;1 100;1 100;1 100;35;38 500;-4.76%
20/07/2020;1 100;1 100;1 100;1 100;2;2 200;0.00%
21/07/2020;1 100;1 100;1 100;1 100;11;12 100;0.00%
22/07/2020;1 155;1 160;1 160;1 155;1 406;1 627 445;5.00%
23/07/2020;1 100;1 155;1 155;1 100;274;308 935;-4.76%
24/07/2020;1 100;1 110;1 110;1 100;55;60 775;0.00%
27/07/2020;1 105;1 110;1 110;1 105;32;35 440;0.45%
28/07/2020;1 160;1 160;1 160;1 160;110;127 600;4.98%
29/07/2020;1 100;1 100;1 100;1 100;39;42 900;-5.17%
30/07/2020;1 160;1 160;1 160;1 160;200;232 000;5.45%
31/07/2020;1 160;1 160;1 160;1 160;200;232 000;0.00%
03/08/2020;1 100;1 100;1 100;1 100;72;79 200;-5.17%
05/08/2020;1 180;1 180;1 180;1 180;20;23 600;7.27%
11/08/2020;1 180;1 180;1 180;1 180;2;2 360;0.00%
13/08/2020;1 180;1 180;1 180;1 180;241;284 380;0.00%
17/08/2020;1 100;1 175;1 175;1 100;20;22 750;-6.78%
18/08/2020;1 100;1 100;1 100;1 100;231;254 100;0.00%
21/08/2020;1 105;1 100;1 105;1 100;5 398;5 951 295;0.45%
24/08/2020;1 125;1 125;1 125;1 125;25;28 125;1.81%
25/08/2020;1 100;1 100;1 100;1 100;2 139;2 352 900;-2.22%
26/08/2020;1 125;1 125;1 125;1 125;25;28 125;2.27%
27/08/2020;1 200;1 200;1 200;1 200;4 200;5 040 000;6.67%
28/08/2020;1 200;1 210;1 210;1 200;2 139;2 577 495;0.00%
01/09/2020;1 205;1 200;1 205;1 200;300;360 750;0.42%
02/09/2020;1 295;1 295;1 295;1 295;55;71 225;7.47%
03/09/2020;1 220;1 250;1 250;1 220;373;460 655;-5.79%
04/09/2020;1 225;1 220;1 225;1 220;258;315 405;0.41%
07/09/2020;1 225;1 225;1 225;1 225;10;12 250;0.00%
08/09/2020;1 230;1 230;1 230;1 230;2;2 460;0.41%
10/09/2020;1 225;1 225;1 225;1 225;44;53 900;-0.41%
11/09/2020;1 225;1 225;1 225;1 225;20;24 500;0.00%
15/09/2020;1 250;1 250;1 250;1 250;185;231 250;2.04%
17/09/2020;1 250;1 250;1 250;1 250;10;12 500;0.00%
18/09/2020;1 300;1 255;1 300;1 255;31;39 603;4.00%
21/09/2020;1 300;1 300;1 300;1 300;40;52 000;0.00%
22/09/2020;1 255;1 255;1 255;1 255;57;71 535;-3.46%
23/09/2020;1 255;1 255;1 255;1 255;57;71 535;0.00%
24/09/2020;1 255;1 255;1 255;1 255;57;71 535;0.00%
25/09/2020;1 255;1 255;1 255;1 255;57;71 535;0.00%
28/09/2020;1 255;1 255;1 255;1 255;26;32 630;0.00%
29/09/2020;1 255;1 255;1 255;1 255;420;527 100;0.00%
01/10/2020;1 260;1 260;1 260;1 260;302;380 520;0.40%
02/10/2020;1 260;1 260;1 260;1 260;8;10 080;0.00%
06/10/2020;1 255;1 260;1 260;1 255;720;905 400;-0.40%
07/10/2020;1 260;1 260;1 260;1 260;10;12 600;0.40%
09/10/2020;1 250;1 260;1 260;1 250;203;254 765;-0.79%
12/10/2020;1 250;1 250;1 250;1 250;17;21 250;0.00%
13/10/2020;1 250;1 250;1 250;1 250;38;47 500;0.00%
15/10/2020;1 250;1 250;1 250;1 250;124;155 000;0.00%
19/10/2020;1 340;1 340;1 340;1 340;10;13 400;7.20%
21/10/2020;1 250;1 250;1 250;1 250;101;126 250;-6.72%
23/10/2020;1 260;1 260;1 260;1 260;6;7 560;0.80%
26/10/2020;1 350;1 260;1 350;1 260;270;352 350;7.14%
27/10/2020;1 400;1 400;1 400;1 400;184 822;258 750 800;3.70%
28/10/2020;1 455;1 450;1 455;1 450;150;217 875;3.93%
29/10/2020;1 455;1 450;1 455;1 450;150;217 875;0.00%
30/10/2020;1 460;1 455;1 460;1 455;18;26 235;0.34%
02/11/2020;1 500;1 500;1 500;1 500;25;37 500;2.74%
04/11/2020;1 510;1 510;1 510;1 510;9;13 590;0.67%
05/11/2020;1 550;1 550;1 550;1 550;5;7 750;2.65%
06/11/2020;1 550;1 550;1 550;1 550;190;294 500;0.00%
09/11/2020;1 610;1 600;1 610;1 600;65;104 325;3.87%
10/11/2020;1 600;1 610;1 610;1 600;481;772 005;-0.62%
11/11/2020;1 605;1 600;1 605;1 600;1 882;3 015 905;0.31%
12/11/2020;1 645;1 600;1 645;1 600;901;1 461 873;2.49%
13/11/2020;1 645;1 645;1 645;1 645;11 663;19 185 635;0.00%
17/11/2020;1 600;1 600;1 600;1 600;482;771 200;-2.74%
18/11/2020;1 610;1 510;1 610;1 510;237;369 720;0.63%
19/11/2020;1 645;1 600;1 645;1 600;2 602;4 221 745;2.17%
23/11/2020;1 650;1 600;1 650;1 600;9 036;14 683 500;0.30%
26/11/2020;1 620;1 620;1 620;1 620;16;25 920;-1.82%
27/11/2020;1 600;1 600;1 600;1 600;234;374 400;-1.23%
30/11/2020;1 600;1 600;1 600;1 600;30;48 000;0.00%
01/12/2020;1 600;1 600;1 600;1 600;58;92 800;0.00%
02/12/2020;1 650;1 600;1 650;1 600;11 521;18 721 625;3.13%
04/12/2020;1 650;1 625;1 650;1 625;125;204 688;0.00%
07/12/2020;1 530;1 530;1 530;1 530;5;7 650;-7.27%
08/12/2020;1 640;1 640;1 640;1 640;120;196 800;7.19%
09/12/2020;1 750;1 640;1 750;1 640;353;598 335;6.71%
10/12/2020;1 800;1 740;1 800;1 740;736;1 302 720;2.86%
11/12/2020;1 800;1 790;1 800;1 790;982;1 762 690;0.00%
14/12/2020;1 805;1 800;1 805;1 800;205;369 513;0.28%
15/12/2020;1 890;1 810;1 890;1 810;301;556 850;4.71%
16/12/2020;2 030;2 000;2 030;2 000;885;1 783 275;7.41%
17/12/2020;2 100;2 030;2 100;2 030;2 294;4 737 110;3.45%
18/12/2020;2 250;2 050;2 250;2 050;3 393;7 294 950;7.14%
21/12/2020;2 300;2 250;2 300;2 250;755;1 717 625;2.22%
22/12/2020;2 300;2 300;2 300;2 300;279;641 700;0.00%
23/12/2020;2 245;2 270;2 270;2 245;9;20 318;-2.39%
24/12/2020;2 200;2 200;2 200;2 200;3;6 600;-2.00%
25/12/2020;2 200;2 200;2 200;2 200;3;6 600;0.00%
29/12/2020;2 200;2 200;2 200;2 200;4 135;9 097 000;0.00%
30/12/2020;2 200;2 200;2 200;2 200;2 863;6 298 600;0.00%
31/12/2020;2 250;2 250;2 250;2 250;2 500;5 625 000;2.27%
04/01/2021;2 200;2 200;2 200;2 200;648;1 425 600;-2.22%
06/01/2021;2 200;2 200;2 200;2 200;91 874;202 122 800;0.00%
07/01/2021;2 250;2 205;2 250;2 205;618;1 376 595;2.27%
08/01/2021;2 250;2 260;2 260;2 250;54;121 770;0.00%
11/01/2021;2 250;2 250;2 250;2 250;218;490 500;0.00%
12/01/2021;2 300;2 205;2 300;2 205;1 367;3 079 168;2.22%
13/01/2021;2 350;2 245;2 350;2 245;1 218;2 798 355;2.17%
14/01/2021;2 305;2 305;2 305;2 305;92;212 060;-1.91%
15/01/2021;2 475;2 305;2 475;2 305;788;1 883 320;7.38%
18/01/2021;2 500;2 350;2 500;2 350;1 132;2 745 100;1.01%
19/01/2021;2 500;2 505;2 505;2 500;200;500 500;0.00%
20/01/2021;2 685;2 505;2 685;2 505;100;259 500;7.40%
21/01/2021;2 885;2 500;2 885;2 500;20 217;54 434 273;7.45%
22/01/2021;3 000;3 100;3 100;3 000;3 076;9 381 800;3.99%
25/01/2021;3 150;3 000;3 150;3 000;1 296;3 985 200;5.00%
26/01/2021;3 150;3 150;3 150;3 150;35;110 250;0.00%
27/01/2021;3 100;3 100;3 100;3 100;2 926;9 070 600;-1.59%
28/01/2021;3 105;3 100;3 105;3 100;339;1 051 748;0.16%
29/01/2021;3 150;3 150;3 150;3 150;10;31 500;1.45%
01/02/2021;3 200;3 150;3 200;3 150;191;606 425;1.59%
02/02/2021;3 200;3 200;3 200;3 200;189;604 800;0.00%
03/02/2021;3 350;3 350;3 350;3 350;1;3 350;4.69%
04/02/2021;3 325;3 325;3 325;3 325;87;289 275;-0.75%
05/02/2021;3 325;3 325;3 325;3 325;8;26 600;0.00%
08/02/2021;3 500;3 150;3 500;3 150;2 001;6 653 325;5.26%
09/02/2021;3 710;3 445;3 710;3 445;837;2 994 368;6.00%
10/02/2021;3 650;3 650;3 650;3 650;25;91 250;-1.62%
11/02/2021;3 900;3 400;3 900;3 400;1 352;4 934 800;6.85%
12/02/2021;3 620;3 620;3 620;3 620;3;10 860;-7.18%
15/02/2021;3 600;3 600;3 600;3 600;1;3 600;-0.55%
16/02/2021;3 550;3 550;3 550;3 550;135;479 250;-1.39%
17/02/2021;3 500;3 500;3 500;3 500;28;98 000;-1.41%
18/02/2021;3 400;3 500;3 500;3 400;222;765 900;-2.86%
19/02/2021;3 250;3 250;3 250;3 250;20;65 000;-4.41%
22/02/2021;3 250;3 250;3 250;3 250;210;682 500;0.00%
23/02/2021;3 025;3 025;3 025;3 025;2;6 050;-6.92%
24/02/2021;3 250;2 995;3 250;2 995;919;2 869 578;7.44%
02/03/2021;3 245;3 245;3 245;3 245;5;16 225;-0.15%
03/03/2021;3 245;3 245;3 245;3 245;5;16 225;0.00%
04/03/2021;3 195;3 245;3 245;3 195;93;299 460;-1.54%
05/03/2021;3 005;3 005;3 005;3 005;12;36 060;-5.95%
08/03/2021;3 000;3 000;3 000;3 000;54;162 000;-0.17%
09/03/2021;3 150;3 000;3 150;3 000;1 396;4 292 700;5.00%
10/03/2021;3 150;3 150;3 150;3 150;206;648 900;0.00%
11/03/2021;3 200;3 160;3 200;3 160;357;1 135 260;1.59%
12/03/2021;3 400;3 200;3 400;3 200;103;339 900;6.25%
15/03/2021;3 250;3 200;3 250;3 200;19 034;61 384 650;-4.41%
16/03/2021;3 400;3 245;3 400;3 245;663;2 202 818;4.62%
17/03/2021;3 450;3 400;3 450;3 400;8;27 400;1.47%
18/03/2021;3 200;3 425;3 425;3 200;176;583 000;-7.25%
19/03/2021;3 400;3 200;3 400;3 200;52;171 600;6.25%
22/03/2021;3 200;3 200;3 200;3 200;200;640 000;-5.88%
23/03/2021;3 210;3 350;3 350;3 210;876;2 873 280;0.31%
24/03/2021;3 400;3 210;3 400;3 210;209;690 745;5.92%
25/03/2021;3 150;3 150;3 150;3 150;263;828 450;-7.35%
26/03/2021;3 385;3 385;3 385;3 385;3;10 155;7.46%
29/03/2021;3 350;3 350;3 350;3 350;100;335 000;-1.03%
30/03/2021;3 150;3 150;3 150;3 150;227;715 050;-5.97%
31/03/2021;3 000;3 150;3 150;3 000;297;913 275;-4.76%
01/04/2021;3 200;3 200;3 200;3 200;2;6 400;6.67%
02/04/2021;3 000;3 100;3 100;3 000;33;100 650;-6.25%
05/04/2021;3 000;3 100;3 100;3 000;33;100 650;0.00%
06/04/2021;3 050;3 200;3 200;3 050;8;25 000;1.67%
07/04/2021;3 000;3 000;3 000;3 000;114;342 000;-1.64%
08/04/2021;3 200;3 000;3 200;3 000;220;682 000;6.67%
12/04/2021;3 000;3 000;3 000;3 000;30;90 000;-6.25%
13/04/2021;3 105;3 100;3 105;3 100;90;279 225;3.50%
14/04/2021;3 140;3 000;3 140;3 000;46;141 220;1.13%
15/04/2021;3 140;3 140;3 140;3 140;21;65 940;0.00%
16/04/2021;3 200;3 200;3 200;3 200;6;19 200;1.91%
19/04/2021;3 200;3 200;3 200;3 200;71;227 200;0.00%
20/04/2021;3 200;3 200;3 200;3 200;462;1 478 400;0.00%
21/04/2021;3 350;3 200;3 350;3 200;184;602 600;4.69%
22/04/2021;3 400;3 350;3 400;3 350;293;988 875;1.49%
23/04/2021;3 600;3 400;3 600;3 400;108;378 000;5.88%
26/04/2021;3 870;3 605;3 870;3 605;201;751 238;7.50%
27/04/2021;3 875;4 000;4 000;3 875;1 677;6 603 188;0.13%
28/04/2021;3 800;3 800;3 800;3 800;855;3 249 000;-1.94%
29/04/2021;4 050;3 995;4 050;3 995;456;1 834 260;6.58%
30/04/2021;4 050;4 050;4 050;4 050;457;1 850 850;0.00%
03/05/2021;4 350;4 350;4 350;4 350;1 401;6 094 350;7.41%
04/05/2021;4 675;4 675;4 675;4 675;124;579 700;7.47%
05/05/2021;4 395;4 410;4 410;4 395;889;3 913 823;-5.99%
06/05/2021;4 070;4 070;4 070;4 070;4 426;18 013 820;-7.39%
07/05/2021;3 765;3 765;3 765;3 765;1 584;5 963 760;-7.49%
10/05/2021;3 485;3 485;3 485;3 485;516;1 798 260;-7.44%
11/05/2021;3 225;3 225;3 225;3 225;982;3 166 950;-7.46%
12/05/2021;3 225;3 225;3 225;3 225;982;3 166 950;0.00%
14/05/2021;3 465;3 400;3 465;3 400;126;432 495;7.44%
17/05/2021;3 535;3 505;3 535;3 505;104;366 080;2.02%
18/05/2021;3 800;3 750;3 800;3 750;12;45 300;7.50%
19/05/2021;4 070;4 070;4 070;4 070;2 014;8 196 980;7.11%
20/05/2021;4 100;3 970;4 100;3 970;1 362;5 495 670;0.74%
21/05/2021;4 350;4 150;4 350;4 150;91;386 750;6.10%
24/05/2021;4 350;4 150;4 350;4 150;91;386 750;0.00%
25/05/2021;4 100;4 100;4 100;4 100;253;1 037 300;-5.75%
26/05/2021;3 925;4 010;4 010;3 925;1 647;6 534 473;-4.27%
27/05/2021;3 920;3 925;3 925;3 920;803;3 149 768;-0.13%
28/05/2021;4 000;3 950;4 000;3 950;719;2 858 025;2.04%
31/05/2021;4 000;3 950;4 000;3 950;258;1 025 550;0.00%
01/06/2021;3 990;3 990;3 990;3 990;56;223 440;-0.25%
02/06/2021;3 990;3 980;3 990;3 980;407;1 621 895;0.00%
03/06/2021;4 000;3 990;4 000;3 990;49;195 755;0.25%
04/06/2021;4 000;3 990;4 000;3 990;520;2 077 400;0.00%
07/06/2021;4 000;4 000;4 000;4 000;326;1 304 000;0.00%
08/06/2021;4 000;4 000;4 000;4 000;46;184 000;0.00%
09/06/2021;4 100;4 000;4 100;4 000;501;2 029 050;2.50%
10/06/2021;4 200;4 230;4 230;4 200;229;965 235;2.44%
11/06/2021;4 295;4 230;4 295;4 230;1 141;4 863 513;2.26%
14/06/2021;4 390;4 250;4 390;4 250;55;237 600;2.21%
15/06/2021;4 215;4 385;4 385;4 215;20;86 000;-3.99%
16/06/2021;4 300;4 300;4 300;4 300;140;602 000;2.02%
17/06/2021;4 375;4 350;4 375;4 350;30;130 875;1.74%
18/06/2021;4 260;4 370;4 370;4 260;162;699 030;-2.63%
21/06/2021;4 365;4 370;4 370;4 365;407;1 777 573;2.46%
22/06/2021;4 375;4 350;4 375;4 350;192;837 600;0.23%
23/06/2021;4 380;4 355;4 380;4 355;138;602 715;0.11%
24/06/2021;4 350;4 350;4 350;4 350;45;195 750;-0.68%
25/06/2021;4 395;4 395;4 395;4 395;1;4 395;1.03%
28/06/2021;4 350;4 200;4 350;4 200;47;200 925;-1.02%
29/06/2021;4 350;4 300;4 350;4 300;28;121 100;0.00%
01/07/2021;4 410;4 350;4 410;4 350;280;1 226 400;1.38%
02/07/2021;4 255;4 300;4 300;4 255;655;2 801 763;-3.51%
05/07/2021;4 215;4 280;4 280;4 215;47;199 633;-0.94%
06/07/2021;4 215;4 210;4 215;4 210;30;126 375;0.00%
07/07/2021;4 300;4 255;4 300;4 255;121;517 578;2.02%
08/07/2021;4 300;4 255;4 300;4 255;279;1 193 423;0.00%
09/07/2021;4 300;4 300;4 300;4 300;4;17 200;0.00%
12/07/2021;4 210;4 300;4 300;4 210;35;148 925;-2.09%
13/07/2021;4 295;4 210;4 295;4 210;36;153 090;2.02%
14/07/2021;4 250;4 290;4 290;4 250;225;960 750;-1.05%
15/07/2021;4 250;4 250;4 250;4 250;913;3 880 250;0.00%
16/07/2021;4 300;4 290;4 300;4 290;304;1 305 680;1.18%
19/07/2021;4 310;4 350;4 350;4 310;240;1 039 200;0.23%
20/07/2021;4 310;4 350;4 350;4 310;240;1 039 200;0.00%
21/07/2021;4 410;4 355;4 410;4 355;559;2 449 818;2.32%
22/07/2021;4 400;4 355;4 400;4 355;103;450 883;-0.23%
23/07/2021;4 400;4 100;4 400;4 100;170;722 500;0.00%
26/07/2021;4 395;4 395;4 395;4 395;47;206 565;-0.11%
27/07/2021;4 395;4 395;4 395;4 395;265;1 164 675;0.00%
29/07/2021;4 400;4 395;4 400;4 395;1 011;4 445 873;0.11%
30/07/2021;4 395;4 315;4 395;4 315;17;74 035;-0.11%
02/08/2021;4 395;4 110;4 395;4 110;5;21 263;0.00%
03/08/2021;4 300;4 310;4 310;4 300;87;374 535;-2.16%
04/08/2021;4 205;4 300;4 300;4 205;373;1 586 183;-2.21%
05/08/2021;4 240;4 240;4 240;4 240;2;8 480;0.83%
06/08/2021;4 245;4 240;4 245;4 240;101;428 493;0.12%
09/08/2021;4 155;4 245;4 245;4 155;1 529;6 421 800;-2.12%
10/08/2021;4 155;4 105;4 155;4 105;125;516 250;0.00%
11/08/2021;4 100;4 155;4 155;4 100;1 138;4 697 095;-1.32%
12/08/2021;4 100;4 100;4 100;4 100;6;24 600;0.00%
13/08/2021;4 350;4 350;4 350;4 350;4;17 400;6.10%
16/08/2021;4 350;4 350;4 350;4 350;210;913 500;0.00%
17/08/2021;4 370;4 400;4 400;4 370;49;214 865;0.46%
18/08/2021;4 370;4 370;4 370;4 370;89;388 930;0.00%
19/08/2021;4 400;4 350;4 400;4 350;201;879 375;0.69%
20/08/2021;4 400;4 400;4 400;4 400;234;1 029 600;0.00%
23/08/2021;4 355;4 400;4 400;4 355;647;2 832 243;-1.02%
24/08/2021;4 400;4 395;4 400;4 395;2 530;11 125 675;1.03%
25/08/2021;4 015;4 620;4 620;4 015;2 492;10 759 210;-8.75%
26/08/2021;4 315;4 205;4 315;4 205;1 266;5 393 160;7.47%
27/08/2021;4 635;4 355;4 635;4 355;53;238 235;7.42%
30/08/2021;4 980;4 720;4 980;4 720;295;1 430 750;7.44%
31/08/2021;5 290;5 345;5 345;5 290;848;4 509 240;6.22%
01/09/2021;5 230;5 235;5 235;5 230;55;287 788;-1.13%
02/09/2021;5 190;5 225;5 225;5 190;14;72 905;-0.76%
03/09/2021;5 000;5 000;5 000;5 000;405;2 025 000;-3.66%
06/09/2021;4 635;4 995;4 995;4 635;139;669 285;-7.30%
07/09/2021;4 320;4 635;4 635;4 320;708;3 170 070;-6.80%
08/09/2021;4 360;4 350;4 360;4 350;425;1 850 875;0.93%
09/09/2021;4 380;4 600;4 600;4 380;183;821 670;0.46%
10/09/2021;4 405;4 400;4 405;4 400;27;118 868;0.57%
13/09/2021;4 735;4 410;4 735;4 410;2;9 145;7.49%
14/09/2021;4 730;4 800;4 800;4 730;1 179;5 617 935;-0.11%
15/09/2021;4 995;4 995;4 995;4 995;21;104 895;5.60%
16/09/2021;4 900;4 900;4 900;4 900;141;690 900;-1.90%
17/09/2021;4 900;4 900;4 900;4 900;51;249 900;0.00%
20/09/2021;4 825;4 900;4 900;4 825;1 886;9 170 675;-1.53%
21/09/2021;4 850;4 995;4 995;4 850;616;3 032 260;0.52%
22/09/2021;4 900;4 875;4 900;4 875;188;918 850;1.03%
23/09/2021;5 265;5 265;5 265;5 265;15 500;81 607 500;7.45%
24/09/2021;5 655;5 655;5 655;5 655;10 815;61 158 825;7.41%
27/09/2021;6 000;6 000;6 000;6 000;2 152;12 912 000;6.10%
28/09/2021;5 800;6 000;6 000;5 800;1 041;6 141 900;-3.33%
29/09/2021;5 800;5 800;5 800;5 800;1 332;7 725 600;0.00%
30/09/2021;5 370;5 685;5 685;5 370;1 607;8 882 693;-7.41%
01/10/2021;5 500;5 770;5 770;5 500;329;1 853 915;2.42%
04/10/2021;5 910;5 795;5 910;5 795;96;561 840;7.45%
05/10/2021;5 795;5 605;5 795;5 605;330;1 881 000;-1.95%
06/10/2021;6 225;6 000;6 225;6 000;3 020;18 459 750;7.42%
07/10/2021;6 200;6 200;6 200;6 200;309;1 915 800;-0.40%
08/10/2021;6 200;6 200;6 200;6 200;372;2 306 400;0.00%
11/10/2021;6 005;6 200;6 200;6 005;68;414 970;-3.15%
12/10/2021;6 000;6 000;6 000;6 000;1 390;8 340 000;-0.08%
13/10/2021;6 215;5 800;6 215;5 800;2 355;14 147 663;3.58%
14/10/2021;6 200;5 800;6 200;5 800;3 130;18 780 000;-0.24%
15/10/2021;6 195;6 200;6 200;6 195;144;892 440;-0.08%
18/10/2021;6 195;6 200;6 200;6 195;144;892 440;0.00%
19/10/2021;5 740;6 190;6 190;5 740;224;1 336 160;-7.34%
20/10/2021;5 800;5 755;5 800;5 755;529;3 056 298;1.05%
21/10/2021;6 235;6 235;6 235;6 235;9 909;61 782 615;7.50%
22/10/2021;6 700;6 700;6 700;6 700;3 630;24 321 000;7.46%
25/10/2021;6 800;6 800;6 800;6 800;403;2 740 400;1.49%
26/10/2021;6 950;6 800;6 950;6 800;286;1 966 250;2.21%
27/10/2021;6 940;6 950;6 950;6 940;638;4 430 910;-0.14%
28/10/2021;6 600;6 845;6 845;6 600;626;4 208 285;-4.90%
29/10/2021;6 550;6 895;6 895;6 550;1 344;9 035 040;-0.76%
01/11/2021;6 550;6 895;6 895;6 550;1 344;9 035 040;0.00%
02/11/2021;6 740;6 735;6 740;6 735;333;2 243 588;2.90%
03/11/2021;6 650;6 600;6 650;6 600;246;1 629 750;-1.34%
04/11/2021;6 575;6 690;6 690;6 575;1 500;9 948 750;-1.13%
05/11/2021;6 690;6 575;6 690;6 575;528;3 501 960;1.75%
08/11/2021;6 510;6 610;6 610;6 510;1 273;8 350 880;-2.69%
09/11/2021;6 515;6 550;6 550;6 515;420;2 743 650;0.08%
10/11/2021;6 660;6 510;6 660;6 510;1 030;6 782 550;2.23%
11/11/2021;6 660;6 680;6 680;6 660;93;620 310;0.00%
12/11/2021;6 700;6 660;6 700;6 660;221;1 476 280;0.60%
15/11/2021;6 700;6 660;6 700;6 660;221;1 476 280;0.00%
16/11/2021;6 700;6 700;6 700;6 700;81;542 700;0.00%
17/11/2021;6 670;6 540;6 670;6 540;180;1 188 900;-0.45%
18/11/2021;6 550;6 660;6 660;6 550;811;5 356 655;-1.80%
19/11/2021;6 560;6 550;6 560;6 550;239;1 566 645;0.15%
22/11/2021;6 600;6 600;6 600;6 600;21;138 600;0.61%
23/11/2021;6 600;6 700;6 700;6 600;47;312 550;0.00%
24/11/2021;6 600;6 560;6 600;6 560;4 309;28 353 220;0.00%
25/11/2021;6 600;6 600;6 600;6 600;5 578;36 814 800;0.00%
26/11/2021;6 600;6 565;6 600;6 565;6 116;40 258 570;0.00%
29/11/2021;6 680;6 670;6 680;6 670;15 157;101 172 975;1.21%
30/11/2021;6 890;6 890;6 890;6 890;71;489 190;3.14%
01/12/2021;6 950;6 890;6 950;6 890;6 032;41 741 440;0.87%
02/12/2021;7 000;7 000;7 000;7 000;1 006;7 042 000;0.72%
03/12/2021;6 995;7 000;7 000;6 995;64;447 840;-0.07%
06/12/2021;6 900;6 985;6 985;6 900;663;4 602 878;-1.36%
07/12/2021;6 505;6 805;6 805;6 505;2 072;13 789 160;-5.72%
08/12/2021;6 700;6 500;6 700;6 500;538;3 550 800;3.00%
09/12/2021;6 560;6 690;6 690;6 560;766;5 074 750;-2.09%
10/12/2021;6 700;6 690;6 700;6 690;286;1 914 770;2.13%
13/12/2021;6 700;6 700;6 700;6 700;997;6 679 900;0.00%
14/12/2021;6 700;6 585;6 700;6 585;1 353;8 987 303;0.00%
15/12/2021;6 700;6 700;6 700;6 700;1 437;9 627 900;0.00%
16/12/2021;6 595;6 700;6 700;6 595;2 472;16 432 620;-1.57%
17/12/2021;6 600;6 590;6 600;6 590;50 245;331 365 775;0.08%
20/12/2021;6 700;6 605;6 700;6 605;204;1 357 110;1.52%
21/12/2021;6 610;6 690;6 690;6 610;256;1 702 400;-1.34%
22/12/2021;6 750;6 610;6 750;6 610;507;3 386 760;2.12%
23/12/2021;6 750;6 700;6 750;6 700;350;2 353 750;0.00%
24/12/2021;6 800;6 705;6 800;6 705;30;202 575;0.74%
27/12/2021;6 900;6 700;6 900;6 700;19;129 200;1.47%
28/12/2021;7 000;6 900;7 000;6 900;8 591;59 707 450;1.45%
29/12/2021;6 755;7 000;7 000;6 755;553;3 803 258;-3.50%
30/12/2021;6 800;6 755;6 800;6 755;401;2 717 778;0.67%
31/12/2021;6 990;6 800;6 990;6 800;127;875 665;2.79%
03/01/2022;6 800;6 900;6 900;6 800;32;219 200;-2.72%
04/01/2022;6 730;6 990;6 990;6 730;186;1 275 960;-1.03%
05/01/2022;6 750;6 730;6 750;6 730;599;4 037 260;0.30%
06/01/2022;6 750;6 750;6 750;6 750;27;182 250;0.00%
07/01/2022;6 990;6 800;6 990;6 800;43;296 485;3.56%
11/01/2022;6 990;6 800;6 990;6 800;1 310;9 032 450;0.00%
12/01/2022;6 850;6 900;6 900;6 850;651;4 475 625;-2.00%
13/01/2022;6 990;6 910;6 990;6 910;56;389 200;2.04%
17/01/2022;7 100;6 990;7 100;6 990;829;5 840 305;1.57%
18/01/2022;7 095;7 100;7 100;7 095;42 986;305 093 135;-0.07%
19/01/2022;7 110;7 110;7 110;7 110;547;3 889 170;0.21%
20/01/2022;7 100;7 250;7 250;7 100;1 185;8 502 375;-0.14%
21/01/2022;7 100;7 295;7 295;7 100;370;2 663 075;0.00%
24/01/2022;6 755;7 100;7 100;6 755;983;6 809 733;-4.86%
25/01/2022;6 800;6 715;6 800;6 715;3 619;24 455 393;0.67%
26/01/2022;6 855;6 850;6 855;6 850;100;685 250;0.81%
27/01/2022;6 910;6 900;6 910;6 900;1 081;7 464 305;0.80%
28/01/2022;7 300;7 000;7 300;7 000;560;4 004 000;5.64%
31/01/2022;7 000;7 300;7 300;7 000;7 275;52 016 250;-4.11%
01/02/2022;7 055;7 300;7 300;7 055;2 181;15 654 128;0.79%
02/02/2022;7 105;7 055;7 105;7 055;1 283;9 083 640;0.71%
03/02/2022;7 115;7 100;7 115;7 100;569;4 044 168;0.14%
04/02/2022;7 130;7 200;7 200;7 130;749;5 366 585;0.21%
07/02/2022;7 255;7 200;7 255;7 200;926;6 692 665;1.75%
08/02/2022;7 350;7 260;7 350;7 260;25 197;184 064 085;1.31%
09/02/2022;7 415;7 510;7 510;7 415;41 424;309 126 600;0.88%
10/02/2022;7 560;7 505;7 560;7 505;34 059;256 549 418;1.96%
11/02/2022;7 655;7 600;7 655;7 600;2 953;22 524 008;1.26%
14/02/2022;7 810;7 810;7 810;7 810;32 204;251 513 240;2.02%
15/02/2022;8 080;7 810;8 080;7 810;1 087;8 636 215;3.46%
16/02/2022;8 685;8 685;8 685;8 685;28 485;247 392 225;7.49%
17/02/2022;9 330;9 335;9 335;9 330;10 825;101 024 313;7.43%
18/02/2022;9 440;9 335;9 440;9 335;2 780;26 097 250;1.18%
21/02/2022;9 435;9 440;9 440;9 435;3 280;30 955 000;-0.05%
22/02/2022;9 420;8 905;9 420;8 905;748;6 853 550;-0.16%
23/02/2022;8 900;9 295;9 295;8 900;1 310;11 917 725;-5.52%
24/02/2022;9 200;8 905;9 200;8 905;14 445;130 763 363;3.37%
25/02/2022;9 100;9 000;9 100;9 000;654;5 918 700;-1.09%
28/02/2022;9 100;9 010;9 100;9 010;2 366;21 424 130;0.00%
01/03/2022;9 200;9 005;9 200;9 005;1 207;10 986 718;1.10%
02/03/2022;9 440;9 430;9 440;9 430;6 124;57 779 940;2.61%
03/03/2022;9 595;9 495;9 595;9 495;2 999;28 625 455;1.64%
04/03/2022;9 600;9 595;9 600;9 595;5 558;53 342 905;0.05%
07/03/2022;9 600;9 600;9 600;9 600;2 448;23 500 800;0.00%
08/03/2022;9 600;9 600;9 600;9 600;1 289;12 374 400;0.00%
09/03/2022;9 580;9 630;9 630;9 580;1 466;14 080 930;-0.21%
10/03/2022;9 495;9 555;9 555;9 495;426;4 057 650;-0.89%
11/03/2022;9 400;9 490;9 490;9 400;178;1 681 210;-1.00%
14/03/2022;9 495;9 400;9 495;9 400;113;1 067 568;1.01%
15/03/2022;8 900;9 495;9 495;8 900;2 117;19 471 108;-6.27%
16/03/2022;9 395;9 000;9 395;9 000;797;7 330 408;5.56%
17/03/2022;9 395;9 380;9 395;9 380;601;5 641 888;0.00%
18/03/2022;9 495;9 410;9 495;9 410;2 031;19 198 028;1.06%
21/03/2022;9 310;9 450;9 450;9 310;726;6 809 880;-1.95%
22/03/2022;9 450;9 310;9 450;9 310;1 015;9 520 700;1.50%
23/03/2022;9 600;9 445;9 600;9 445;2 654;25 272 715;1.59%
24/03/2022;9 600;9 600;9 600;9 600;65;624 000;0.00%
25/03/2022;9 600;9 595;9 600;9 595;722;6 929 395;0.00%
28/03/2022;9 500;9 600;9 600;9 500;975;9 311 250;-1.04%
29/03/2022;9 415;9 500;9 500;9 415;1 684;15 926 430;-0.89%
30/03/2022;9 410;9 415;9 415;9 410;238;2 240 175;-0.05%
31/03/2022;9 300;9 410;9 410;9 300;8 070;75 494 850;-1.17%
01/04/2022;9 400;9 250;9 400;9 250;1 690;15 759 250;1.08%
04/04/2022;9 030;9 400;9 400;9 030;3 651;33 643 965;-3.94%
05/04/2022;9 350;9 090;9 350;9 090;589;5 430 580;3.54%
06/04/2022;9 250;9 350;9 350;9 250;2 229;20 729 700;-1.07%
07/04/2022;9 250;9 250;9 250;9 250;808;7 474 000;0.00%
08/04/2022;9 250;9 250;9 250;9 250;2 067;19 119 750;0.00%
11/04/2022;9 160;9 225;9 225;9 160;16 340;150 205 450;-0.97%
12/04/2022;9 250;9 225;9 250;9 225;300;2 771 250;0.98%
13/04/2022;9 400;9 250;9 400;9 250;424;3 953 800;1.62%
14/04/2022;9 500;9 300;9 500;9 300;149;1 400 600;1.06%
15/04/2022;9 400;9 505;9 505;9 400;1 366;12 912 115;-1.05%
19/04/2022;9 490;9 700;9 700;9 490;7 299;70 033 905;0.96%
20/04/2022;9 600;9 600;9 600;9 600;8 112;77 875 200;1.16%
21/04/2022;9 715;9 610;9 715;9 610;10 750;103 871 875;1.20%
22/04/2022;9 805;10 000;10 000;9 805;1 325;13 120 813;0.93%
25/04/2022;10 300;9 815;10 300;9 815;1 126;11 324 745;5.05%
26/04/2022;10 490;10 500;10 500;10 490;1 310;13 748 450;1.84%
27/04/2022;11 275;11 275;11 275;11 275;96 220;1 084 880 500;7.48%
28/04/2022;11 275;11 275;11 275;11 275;96 220;1 084 880 500;0.00%
29/04/2022;12 100;12 120;12 120;12 100;18 149;219 784 390;7.32%
02/05/2022;12 100;12 120;12 120;12 100;18 149;219 784 390;0.00%
03/05/2022;12 800;12 280;12 800;12 280;3 364;42 184 560;5.79%
04/05/2022;13 100;13 550;13 550;13 100;11 776;156 915 200;2.34%
05/05/2022;12 995;13 095;13 095;12 995;4 011;52 323 495;-0.80%
06/05/2022;12 800;12 865;12 865;12 800;16 637;213 494 303;-1.50%
09/05/2022;12 990;12 800;12 990;12 800;2 450;31 592 750;1.48%
10/05/2022;12 975;12 985;12 985;12 975;12 704;164 897 920;-0.12%
11/05/2022;12 990;12 990;12 990;12 990;9 728;126 366 720;0.12%
12/05/2022;13 000;13 000;13 000;13 000;103;1 339 000;0.08%
13/05/2022;13 000;13 100;13 100;13 000;914;11 927 700;0.00%
16/05/2022;12 995;13 000;13 000;12 995;12 227;158 920 433;-0.04%
17/05/2022;12 950;13 000;13 000;12 950;3 406;44 192 850;-0.35%
18/05/2022;13 000;12 995;13 000;12 995;1 994;25 917 015;0.39%
19/05/2022;12 985;13 000;13 000;12 985;32 487;422 087 348;-0.12%
20/05/2022;12 810;12 900;12 900;12 810;18 912;243 113 760;-1.35%
23/05/2022;12 700;12 800;12 800;12 700;3 320;42 330 000;-0.86%
24/05/2022;12 700;12 560;12 700;12 560;2 706;34 176 780;0.00%
25/05/2022;12 700;12 700;12 700;12 700;1 151;14 617 700;0.00%
26/05/2022;12 700;12 700;12 700;12 700;1 151;14 617 700;0.00%
27/05/2022;12 695;12 690;12 695;12 690;1 327;16 842 948;-0.04%
30/05/2022;12 680;12 700;12 700;12 680;666;8 451 540;-0.12%
31/05/2022;12 795;12 675;12 795;12 675;947;12 060 045;0.91%
01/06/2022;12 700;12 770;12 770;12 700;20 681;263 372 535;-0.74%
02/06/2022;12 700;12 690;12 700;12 690;12 946;164 349 470;0.00%
03/06/2022;12 775;12 710;12 775;12 710;416;5 300 880;0.59%
06/06/2022;12 775;12 710;12 775;12 710;416;5 300 880;0.00%
07/06/2022;12 700;12 780;12 780;12 700;2 784;35 468 160;-0.59%
08/06/2022;12 695;12 775;12 775;12 695;15 166;193 139 010;-0.04%
09/06/2022;12 695;12 695;12 695;12 695;992;12 593 440;0.00%
10/06/2022;12 690;12 700;12 700;12 690;1 460;18 534 700;-0.04%
13/06/2022;12 690;12 690;12 690;12 690;1 756;22 283 640;0.00%
14/06/2022;12 700;12 700;12 700;12 700;1 254;15 925 800;0.08%
15/06/2022;12 800;12 700;12 800;12 700;7 303;93 113 250;0.79%
16/06/2022;12 800;12 800;12 800;12 800;5 654;72 371 200;0.00%
17/06/2022;12 850;12 810;12 850;12 810;1 003;12 868 490;0.39%
20/06/2022;12 800;12 800;12 800;12 800;3 595;46 016 000;-0.39%
21/06/2022;12 800;12 800;12 800;12 800;2 004;25 651 200;0.00%
22/06/2022;12 750;12 850;12 850;12 750;580;7 424 000;-0.39%
23/06/2022;12 500;12 750;12 750;12 500;16 768;211 696 000;-1.96%
24/06/2022;12 500;12 510;12 510;12 500;772;9 653 860;0.00%
27/06/2022;12 500;12 500;12 500;12 500;13 736;171 700 000;0.00%
28/06/2022;12 515;12 405;12 515;12 405;17 966;223 856 360;0.12%
29/06/2022;12 500;12 645;12 645;12 500;4 350;54 690 375;-0.12%
30/06/2022;12 625;12 500;12 625;12 500;828;10 401 750;1.00%
01/07/2022;12 625;12 625;12 625;12 625;70;883 750;0.00%
04/07/2022;12 625;12 625;12 625;12 625;520;6 565 000;0.00%
05/07/2022;12 305;12 455;12 455;12 305;2 462;30 479 560;-2.53%
06/07/2022;12 000;12 205;12 205;12 000;4 463;54 013 458;-2.48%
07/07/2022;12 000;12 000;12 000;12 000;495;5 940 000;0.00%
08/07/2022;12 100;12 100;12 100;12 100;191;2 311 100;0.83%
11/07/2022;12 100;12 195;12 195;12 100;21 802;264 839 795;0.00%
12/07/2022;12 195;12 195;12 195;12 195;22 657;276 302 115;0.79%
13/07/2022;12 100;12 200;12 200;12 100;11 688;142 009 200;-0.78%
14/07/2022;12 005;12 200;12 200;12 005;4 096;49 571 840;-0.79%
15/07/2022;12 195;12 195;12 195;12 195;2 720;33 170 400;1.58%
18/07/2022;12 100;12 005;12 100;12 005;1 382;16 656 555;-0.78%
19/07/2022;12 150;12 200;12 200;12 150;3 444;41 930 700;0.41%
20/07/2022;12 150;12 150;12 150;12 150;3 507;42 610 050;0.00%
21/07/2022;12 200;12 225;12 225;12 200;667;8 145 738;0.41%
22/07/2022;12 200;12 200;12 200;12 200;4 830;58 926 000;0.00%
25/07/2022;12 350;12 200;12 350;12 200;6 172;75 761 300;1.23%
26/07/2022;12 300;12 395;12 395;12 300;4 520;55 810 700;-0.40%
27/07/2022;12 300;12 390;12 390;12 300;2 830;34 936 350;0.00%
28/07/2022;12 400;12 400;12 400;12 400;41 099;509 627 600;0.81%
29/07/2022;12 400;12 010;12 400;12 010;4 803;58 620 615;0.00%
01/08/2022;12 000;12 055;12 055;12 000;5 095;61 280 113;-3.23%
02/08/2022;12 400;12 015;12 400;12 015;6 513;79 507 448;3.33%
03/08/2022;11 985;12 015;12 015;11 985;7 757;93 084 000;-3.35%
04/08/2022;12 295;12 300;12 300;12 295;1 266;15 568 635;2.59%
05/08/2022;12 300;12 300;12 300;12 300;3 520;43 296 000;0.04%
08/08/2022;12 300;12 300;12 300;12 300;3 520;43 296 000;0.00%
09/08/2022;12 005;12 295;12 295;12 005;5 325;64 698 750;-2.40%
10/08/2022;12 005;12 200;12 200;12 005;3 719;45 009 198;0.00%
11/08/2022;12 100;12 200;12 200;12 100;7 980;96 957 000;0.79%
12/08/2022;12 300;12 005;12 300;12 005;5 231;63 569 728;1.65%
15/08/2022;12 300;12 005;12 300;12 005;5 231;63 569 728;0.00%
16/08/2022;12 100;12 100;12 100;12 100;7 050;85 305 000;-1.63%
17/08/2022;12 000;12 300;12 300;12 000;3 217;39 086 550;-0.83%
18/08/2022;12 100;12 200;12 200;12 100;49 924;606 576 600;0.83%
19/08/2022;12 000;12 000;12 000;12 000;4 987;59 844 000;-0.83%
22/08/2022;12 000;12 000;12 000;12 000;2 782;33 384 000;0.00%
23/08/2022;12 000;12 000;12 000;12 000;6 348;76 176 000;0.00%
24/08/2022;12 000;12 050;12 050;12 000;4 403;52 946 075;0.00%
25/08/2022;12 000;12 000;12 000;12 000;3 566;42 792 000;0.00%
26/08/2022;11 985;12 000;12 000;11 985;3 292;39 479 310;-0.13%
29/08/2022;11 495;10 750;11 495;10 750;2 481;27 594 923;-4.09%
30/08/2022;11 200;11 500;11 500;11 200;3 015;34 220 250;-2.57%
31/08/2022;11 110;11 255;11 255;11 110;2 519;28 168 718;-0.80%
01/09/2022;11 095;11 115;11 115;11 095;9 940;110 383 700;-0.14%
02/09/2022;10 765;11 095;11 095;10 765;2 492;27 237 560;-2.97%
05/09/2022;11 000;10 805;11 000;10 805;244;2 660 210;2.18%
06/09/2022;10 965;11 000;11 000;10 965;2 805;30 805 913;-0.32%
07/09/2022;10 995;10 975;10 995;10 975;984;10 809 240;0.27%
08/09/2022;10 850;11 000;11 000;10 850;3 558;38 871 150;-1.32%
09/09/2022;10 700;10 975;10 975;10 700;52 827;572 512 613;-1.38%
12/09/2022;10 600;10 700;10 700;10 600;2 194;23 366 100;-0.93%
13/09/2022;10 610;10 700;10 700;10 610;1 354;14 426 870;0.09%
14/09/2022;10 600;10 760;10 760;10 600;24 874;265 654 320;-0.09%
15/09/2022;10 500;10 600;10 600;10 500;7 048;74 356 400;-0.94%
16/09/2022;10 600;10 505;10 600;10 505;6 309;66 575 723;0.95%
19/09/2022;10 760;10 600;10 760;10 600;1 678;17 921 040;1.51%
20/09/2022;10 760;10 760;10 760;10 760;2 027;21 810 520;0.00%
21/09/2022;10 765;10 700;10 765;10 700;742;7 963 515;0.05%
22/09/2022;10 755;10 765;10 765;10 755;366;3 938 160;-0.09%
23/09/2022;10 500;10 755;10 755;10 500;10 201;108 411 128;-2.37%
26/09/2022;10 500;10 500;10 500;10 500;1 418;14 889 000;0.00%
27/09/2022;10 200;10 400;10 400;10 200;8 528;87 838 400;-2.86%
28/09/2022;9 800;10 200;10 200;9 800;38 774;387 740 000;-3.92%
29/09/2022;10 500;9 800;10 500;9 800;94 497;959 144 550;7.14%
30/09/2022;10 995;10 600;10 995;10 600;28 171;304 176 373;4.71%
03/10/2022;10 175;10 995;10 995;10 175;5 812;61 520 020;-7.46%
04/10/2022;10 000;10 200;10 200;10 000;4 239;42 813 900;-1.72%
05/10/2022;10 100;10 200;10 200;10 100;7 172;72 795 800;1.00%
06/10/2022;9 910;10 120;10 120;9 910;5 560;55 683 400;-1.88%
07/10/2022;10 000;10 295;10 295;10 000;1 002;10 167 795;0.91%
10/10/2022;10 200;10 195;10 200;10 195;540;5 506 650;2.00%
11/10/2022;10 000;10 200;10 200;10 000;6 408;64 720 800;-1.96%
12/10/2022;10 000;10 200;10 200;10 000;5 220;52 722 000;0.00%
13/10/2022;9 990;10 000;10 000;9 990;672;6 716 640;-0.10%
14/10/2022;9 790;9 960;9 960;9 790;11 097;109 582 875;-2.00%
17/10/2022;9 640;9 790;9 790;9 640;16 050;155 925 750;-1.53%
18/10/2022;9 550;9 640;9 640;9 550;2 132;20 456 540;-0.93%
19/10/2022;10 265;10 265;10 265;10 265;68 335;701 458 775;7.49%
20/10/2022;11 030;10 300;11 030;10 300;11 845;126 326 925;7.45%
21/10/2022;10 995;11 190;11 190;10 995;2 031;22 528 868;-0.32%
24/10/2022;11 000;10 995;11 000;10 995;4 596;50 544 510;0.05%
25/10/2022;10 940;10 950;10 950;10 940;10 255;112 240 975;-0.55%
26/10/2022;10 900;10 950;10 950;10 900;4 471;48 845 675;-0.37%
27/10/2022;10 890;10 900;10 900;10 890;165;1 797 675;-0.09%
28/10/2022;10 895;10 845;10 895;10 845;5 308;57 697 960;0.05%
31/10/2022;10 895;10 845;10 895;10 845;5 308;57 697 960;0.00%
02/11/2022;10 745;10 895;10 895;10 745;2 563;27 731 660;-1.38%
03/11/2022;10 600;10 750;10 750;10 600;22 861;244 041 175;-1.35%
04/11/2022;10 290;10 500;10 500;10 290;23 979;249 261 705;-2.92%
07/11/2022;10 285;10 295;10 295;10 285;25 560;263 012 400;-0.05%
08/11/2022;10 230;10 285;10 285;10 230;292;2 995 190;-0.53%
09/11/2022;9 800;10 200;10 200;9 800;4 370;43 700 000;-4.20%
10/11/2022;9 800;9 805;9 805;9 800;13 970;136 940 925;0.00%
11/11/2022;9 845;9 900;9 900;9 845;1 349;13 318 003;0.46%
14/11/2022;9 800;9 845;9 845;9 800;5 001;49 122 323;-0.46%
15/11/2022;9 800;9 845;9 845;9 800;5 001;49 122 323;0.00%
16/11/2022;9 750;9 800;9 800;9 750;7 652;74 798 300;-0.51%
17/11/2022;9 750;9 600;9 750;9 600;4 806;46 498 050;0.00%
18/11/2022;9 830;9 825;9 830;9 825;904;8 884 060;0.82%
21/11/2022;9 795;9 750;9 795;9 750;1 132;11 062 470;-0.36%
22/11/2022;9 820;9 830;9 830;9 820;916;8 999 700;0.26%
23/11/2022;9 800;9 820;9 820;9 800;2 199;21 572 190;-0.20%
24/11/2022;9 800;9 820;9 820;9 800;2 608;25 584 480;0.00%
25/11/2022;9 750;9 785;9 785;9 750;3 955;38 630 463;-0.51%
28/11/2022;9 800;9 680;9 800;9 680;2 529;24 632 460;0.51%
29/11/2022;9 700;9 725;9 725;9 700;4 554;44 230 725;-1.02%
30/11/2022;9 700;9 725;9 725;9 700;4 554;44 230 725;0.00%
01/12/2022;9 700;9 725;9 725;9 700;4 554;44 230 725;0.00%
02/12/2022;9 750;9 575;9 750;9 575;1 190;11 498 375;0.52%
05/12/2022;9 750;9 515;9 750;9 515;2 279;21 952 468;0.00%
06/12/2022;9 885;9 750;9 885;9 750;1 294;12 703 845;1.38%
07/12/2022;9 885;9 800;9 885;9 800;5 409;53 238 083;0.00%
08/12/2022;9 885;9 850;9 885;9 850;184;1 815 620;0.00%
09/12/2022;9 885;9 880;9 885;9 880;11 325;111 919 313;0.00%
12/12/2022;10 625;9 880;10 625;9 880;6 637;68 045 843;7.49%
13/12/2022;10 560;10 795;10 795;10 560;45 138;481 960 995;-0.61%
14/12/2022;10 700;9 995;10 700;9 995;27 150;280 934 625;1.33%
15/12/2022;10 700;9 905;10 700;9 905;1 219;12 558 748;0.00%
16/12/2022;10 500;10 690;10 690;10 500;441;4 672 395;-1.87%
19/12/2022;10 400;10 495;10 495;10 400;1 122;11 722 095;-0.95%
20/12/2022;10 400;10 100;10 400;10 100;72;738 000;0.00%
21/12/2022;10 000;10 105;10 105;10 000;73 251;736 355 678;-3.85%
22/12/2022;10 370;10 000;10 370;10 000;6 643;67 658 955;3.70%
23/12/2022;10 385;10 380;10 385;10 380;791;8 212 558;0.14%
26/12/2022;10 385;10 380;10 385;10 380;791;8 212 558;0.00%
27/12/2022;10 375;10 005;10 375;10 005;933;9 507 270;-0.10%
28/12/2022;10 375;10 375;10 375;10 375;2 096;21 746 000;0.00%
29/12/2022;10 380;10 370;10 380;10 370;3 482;36 125 750;0.05%
30/12/2022;10 385;10 360;10 385;10 360;29 445;305 418 263;0.05%
02/01/2023;10 400;10 000;10 400;10 000;11 691;119 248 200;0.14%
03/01/2023;10 200;10 300;10 300;10 200;11 671;119 627 750;-1.92%
04/01/2023;10 000;10 200;10 200;10 000;24 943;251 924 300;-1.96%
05/01/2023;9 995;9 800;9 995;9 800;16 042;158 775 695;-0.05%
06/01/2023;9 800;10 000;10 000;9 800;823;8 147 700;-1.95%
09/01/2023;9 805;9 810;9 810;9 805;1 532;15 025 090;0.05%
10/01/2023;9 880;9 795;9 880;9 795;2 441;24 013 338;0.76%
11/01/2023;9 880;9 880;9 880;9 880;10 027;99 066 760;0.00%
12/01/2023;9 995;9 880;9 995;9 880;2 414;23 989 125;1.16%
13/01/2023;9 970;9 995;9 995;9 970;3 829;38 222 993;-0.25%
16/01/2023;9 990;9 900;9 990;9 900;4 784;47 576 880;0.20%
17/01/2023;9 990;9 920;9 990;9 920;1 364;13 578 620;0.00%
18/01/2023;9 990;9 900;9 990;9 900;3 712;36 915 840;0.00%
19/01/2023;9 990;9 990;9 990;9 990;580;5 794 200;0.00%
20/01/2023;9 980;9 990;9 990;9 980;1 948;19 450 780;-0.10%
23/01/2023;9 975;9 980;9 980;9 975;5 336;53 239 940;-0.05%
24/01/2023;9 600;9 975;9 975;9 600;3 371;32 993 663;-3.76%
25/01/2023;9 695;9 895;9 895;9 695;4 968;48 661 560;0.99%
26/01/2023;9 975;9 695;9 975;9 695;756;7 435 260;2.89%
27/01/2023;9 995;9 975;9 995;9 975;2 146;21 427 810;0.20%
30/01/2023;10 095;10 000;10 095;10 000;1 013;10 178 118;1.00%
31/01/2023;10 000;10 000;10 000;10 000;1 694;16 940 000;-0.94%
01/02/2023;9 995;9 800;9 995;9 800;526;5 206 085;-0.05%
02/02/2023;10 095;10 000;10 095;10 000;1 338;13 443 555;1.00%
03/02/2023;10 050;10 000;10 050;10 000;1 266;12 691 650;-0.45%
06/02/2023;10 050;9 995;10 050;9 995;688;6 895 480;0.00%
07/02/2023;10 095;10 050;10 095;10 050;4 905;49 405 613;0.45%
08/02/2023;10 100;10 010;10 100;10 010;13 088;131 599 840;0.05%
09/02/2023;10 145;10 100;10 145;10 100;1 921;19 445 323;0.45%
10/02/2023;10 300;10 145;10 300;10 145;4 877;49 855 133;1.53%
13/02/2023;10 695;10 300;10 695;10 300;924;9 699 690;3.83%
14/02/2023;10 850;10 695;10 850;10 695;1 351;14 553 648;1.45%
15/02/2023;10 905;10 700;10 905;10 700;6 451;69 686 928;0.51%
16/02/2023;10 990;10 905;10 990;10 905;1 195;13 082 263;0.78%
17/02/2023;11 085;11 095;11 095;11 085;9 434;104 623 060;0.86%
20/02/2023;11 080;11 095;11 095;11 080;2 892;32 065 050;-0.05%
21/02/2023;11 070;11 075;11 075;11 070;96 104;1 064 111 540;-0.09%
22/02/2023;11 065;11 065;11 065;11 065;2 055;22 738 575;-0.05%
23/02/2023;11 065;11 070;11 070;11 065;2 333;25 820 478;0.00%
24/02/2023;11 060;11 000;11 060;11 000;762;8 404 860;-0.05%
27/02/2023;11 000;11 000;11 000;11 000;1 175;12 925 000;-0.54%
28/02/2023;11 000;11 000;11 000;11 000;2 892;31 812 000;0.00%
01/03/2023;10 955;11 000;11 000;10 955;1 283;14 084 133;-0.41%
02/03/2023;10 955;10 950;10 955;10 950;1 880;20 590 700;0.00%
03/03/2023;10 950;10 950;10 950;10 950;1 875;20 531 250;-0.05%
06/03/2023;10 950;10 950;10 950;10 950;2 841;31 108 950;0.00%
07/03/2023;10 945;10 950;10 950;10 945;711;7 783 673;-0.05%
08/03/2023;10 940;10 945;10 945;10 940;2 501;27 367 193;-0.05%
09/03/2023;10 900;10 940;10 940;10 900;10 676;116 581 920;-0.37%
10/03/2023;10 875;10 895;10 895;10 875;15 848;172 505 480;-0.23%
13/03/2023;10 875;10 875;10 875;10 875;1 252;13 615 500;0.00%
14/03/2023;10 950;10 875;10 950;10 875;2 222;24 247 575;0.69%
15/03/2023;10 950;10 950;10 950;10 950;735;8 048 250;0.00%
16/03/2023;10 950;10 950;10 950;10 950;2 191;23 991 450;0.00%
17/03/2023;10 960;10 950;10 960;10 950;1 373;15 041 215;0.09%
20/03/2023;10 950;10 950;10 950;10 950;1 626;17 804 700;-0.09%
21/03/2023;10 950;10 910;10 950;10 910;359;3 923 870;0.00%
22/03/2023;10 945;10 950;10 950;10 945;7 871;86 167 773;-0.05%
23/03/2023;10 900;10 900;10 900;10 900;327;3 564 300;-0.41%
24/03/2023;10 945;10 850;10 945;10 850;3 171;34 555 973;0.41%
27/03/2023;10 940;10 945;10 945;10 940;463;5 066 378;-0.05%
28/03/2023;10 945;10 905;10 945;10 905;501;5 473 425;0.05%
29/03/2023;10 995;10 945;10 995;10 945;1 050;11 518 500;0.46%
30/03/2023;10 985;10 995;10 995;10 985;796;8 748 040;-0.09%
31/03/2023;10 980;10 950;10 980;10 950;1 988;21 798 420;-0.05%
03/04/2023;10 945;10 950;10 950;10 945;2 048;22 420 480;-0.32%
04/04/2023;10 945;10 900;10 945;10 900;1 149;12 549 953;0.00%
05/04/2023;10 945;10 945;10 945;10 945;3 423;37 464 735;0.00%
06/04/2023;10 965;10 945;10 965;10 945;1 728;18 930 240;0.18%
07/04/2023;10 950;10 965;10 965;10 950;332;3 637 890;-0.14%
10/04/2023;10 950;10 965;10 965;10 950;332;3 637 890;0.00%
11/04/2023;10 945;10 970;10 970;10 945;409;4 481 618;-0.05%
12/04/2023;10 945;10 945;10 945;10 945;348;3 808 860;0.00%
13/04/2023;10 900;10 945;10 945;10 900;880;9 611 800;-0.41%
14/04/2023;11 000;10 900;11 000;10 900;1 235;13 523 250;0.92%
17/04/2023;10 995;11 000;11 000;10 995;561;6 169 598;-0.05%
18/04/2023;10 995;11 000;11 000;10 995;561;6 169 598;0.00%
19/04/2023;10 950;10 945;10 950;10 945;6 082;66 582 695;-0.41%
20/04/2023;10 990;10 940;10 990;10 940;2 539;27 840 135;0.37%
21/04/2023;10 990;10 940;10 990;10 940;2 539;27 840 135;0.00%
24/04/2023;10 990;11 000;11 000;10 990;213;2 341 935;0.00%
25/04/2023;10 980;11 000;11 000;10 980;1 571;17 265 290;-0.09%
26/04/2023;10 160;10 160;10 160;10 160;7 328;74 452 480;-7.47%
27/04/2023;9 800;9 400;9 800;9 400;11 225;107 760 000;-3.54%
28/04/2023;10 000;9 800;10 000;9 800;2 946;29 165 400;2.04%
01/05/2023;10 000;9 800;10 000;9 800;2 946;29 165 400;0.00%
02/05/2023;9 810;9 905;9 905;9 810;2 366;23 322 845;-1.90%
03/05/2023;9 810;9 905;9 905;9 810;2 366;23 322 845;0.00%
04/05/2023;9 900;9 900;9 900;9 900;674;6 672 600;0.92%
05/05/2023;9 800;9 850;9 850;9 800;2 616;25 702 200;-1.01%
08/05/2023;9 830;9 850;9 850;9 830;2 773;27 286 320;0.31%
09/05/2023;9 600;9 805;9 805;9 600;6 362;61 727 305;-2.34%
10/05/2023;9 600;9 900;9 900;9 600;13 017;126 915 750;0.00%
11/05/2023;9 600;9 650;9 650;9 600;4 342;41 791 750;0.00%
12/05/2023;9 780;9 790;9 790;9 780;1 546;15 127 610;1.88%
15/05/2023;9 900;9 600;9 900;9 600;14 466;141 043 500;1.23%
16/05/2023;9 900;9 900;9 900;9 900;651;6 444 900;0.00%
17/05/2023;9 895;9 900;9 900;9 895;1 074;10 629 915;-0.05%
18/05/2023;9 895;9 900;9 900;9 895;1 074;10 629 915;0.00%
19/05/2023;9 890;9 900;9 900;9 890;463;4 581 385;-0.05%
22/05/2023;9 850;9 800;9 850;9 800;860;8 449 500;-0.40%
23/05/2023;9 850;9 880;9 880;9 850;1 080;10 654 200;0.00%
24/05/2023;9 780;9 850;9 850;9 780;1 329;13 044 135;-0.71%
25/05/2023;9 750;9 780;9 780;9 750;823;8 036 595;-0.31%
26/05/2023;9 790;9 785;9 790;9 785;1 419;13 888 463;0.41%
29/05/2023;9 790;9 785;9 790;9 785;1 419;13 888 463;0.00%
30/05/2023;9 790;9 790;9 790;9 790;1 374;13 451 460;0.00%
31/05/2023;9 790;9 790;9 790;9 790;430;4 209 700;0.00%
01/06/2023;9 800;9 795;9 800;9 795;711;6 966 023;0.10%
02/06/2023;9 800;9 800;9 800;9 800;2 207;21 628 600;0.00%
05/06/2023;9 795;9 800;9 800;9 795;701;6 868 048;-0.05%
06/06/2023;9 800;9 795;9 800;9 795;1 316;12 893 510;0.05%
07/06/2023;9 795;9 800;9 800;9 795;902;8 837 345;-0.05%
08/06/2023;9 755;9 795;9 795;9 755;484;4 731 100;-0.41%
09/06/2023;9 700;9 760;9 760;9 700;10 632;103 449 360;-0.56%
12/06/2023;9 700;9 705;9 705;9 700;2 606;25 284 715;0.00%
13/06/2023;9 745;9 750;9 750;9 745;1 513;14 747 968;0.46%
14/06/2023;9 745;9 745;9 745;9 745;807;7 864 215;0.00%
15/06/2023;9 605;9 700;9 700;9 605;6 272;60 540 480;-1.44%
16/06/2023;9 700;9 610;9 700;9 610;9 810;94 715 550;0.99%
19/06/2023;9 900;9 685;9 900;9 685;3 802;37 231 085;2.06%
20/06/2023;9 850;9 700;9 850;9 700;4 393;42 941 575;-0.51%
21/06/2023;9 900;9 850;9 900;9 850;27 781;274 337 375;0.51%
22/06/2023;9 900;9 700;9 900;9 700;1 861;18 237 800;0.00%
23/06/2023;9 750;9 895;9 895;9 750;3 625;35 606 563;-1.52%
26/06/2023;9 895;9 900;9 900;9 895;3 361;33 265 498;1.49%
27/06/2023;9 895;9 890;9 895;9 890;8 672;85 787 760;0.00%
28/06/2023;9 895;9 890;9 895;9 890;8 672;85 787 760;0.00%
29/06/2023;10 000;10 090;10 090;10 000;5 156;51 792 020;1.06%
30/06/2023;10 600;10 000;10 600;10 000;3 736;38 480 800;6.00%
03/07/2023;10 350;10 020;10 350;10 020;20 155;205 278 675;-2.36%
04/07/2023;10 320;10 350;10 350;10 320;5 945;61 441 575;-0.29%
05/07/2023;10 200;10 310;10 310;10 200;452;4 635 260;-1.16%
06/07/2023;10 200;10 200;10 200;10 200;3 201;32 650 200;0.00%
07/07/2023;10 250;10 200;10 250;10 200;5 119;52 341 775;0.49%
10/07/2023;10 200;10 225;10 225;10 200;3 692;37 704 550;-0.49%
11/07/2023;10 190;10 200;10 200;10 190;7 442;75 871 190;-0.10%
12/07/2023;10 180;10 195;10 195;10 180;5 812;59 209 750;-0.10%
13/07/2023;10 000;10 180;10 180;10 000;11 400;115 026 000;-1.77%
14/07/2023;9 980;10 165;10 165;9 980;14 411;145 154 798;-0.20%
17/07/2023;9 000;9 035;9 035;9 000;7 190;64 835 825;-9.82%
18/07/2023;8 890;8 900;8 900;8 890;3 933;34 984 035;-1.22%
19/07/2023;8 875;8 800;8 875;8 800;3 078;27 201 825;-0.17%
20/07/2023;8 800;8 885;8 885;8 800;20 193;178 556 603;-0.85%
21/07/2023;8 700;8 800;8 800;8 700;2 143;18 751 250;-1.14%
24/07/2023;8 600;8 700;8 700;8 600;4 180;36 157 000;-1.15%
25/07/2023;8 500;8 600;8 600;8 500;6 474;55 352 700;-1.16%
26/07/2023;8 490;8 550;8 550;8 490;8 117;69 156 840;-0.12%
27/07/2023;8 400;8 475;8 475;8 400;1 551;13 086 563;-1.06%
28/07/2023;8 345;8 385;8 385;8 345;884;7 394 660;-0.65%
31/07/2023;8 095;8 205;8 205;8 095;1 141;9 299 150;-3.00%
01/08/2023;8 040;8 000;8 040;8 000;2 142;17 178 840;-0.68%
02/08/2023;8 000;7 995;8 000;7 995;3 679;29 422 803;-0.50%
03/08/2023;8 000;8 000;8 000;8 000;2 160;17 280 000;0.00%
04/08/2023;8 040;8 035;8 040;8 035;2 645;21 259 188;0.50%
07/08/2023;8 040;8 035;8 040;8 035;2 645;21 259 188;0.00%
08/08/2023;7 995;8 090;8 090;7 995;1 389;11 171 033;-0.56%
09/08/2023;8 000;7 950;8 000;7 950;1 525;12 161 875;0.06%
10/08/2023;7 995;8 000;8 000;7 995;954;7 629 615;-0.06%
11/08/2023;7 995;7 995;7 995;7 995;1 947;15 566 265;0.00%
14/08/2023;7 995;7 995;7 995;7 995;792;6 332 040;0.00%
15/08/2023;7 995;7 995;7 995;7 995;792;6 332 040;0.00%
16/08/2023;8 000;7 995;8 000;7 995;488;3 902 780;0.06%
17/08/2023;7 995;7 995;7 995;7 995;2 199;17 581 005;-0.06%
18/08/2023;8 000;8 000;8 000;8 000;1 538;12 304 000;0.06%
21/08/2023;8 000;7 950;8 000;7 950;1 794;14 307 150;0.00%
22/08/2023;8 000;8 000;8 000;8 000;1 755;14 040 000;0.00%
23/08/2023;7 900;8 000;8 000;7 900;4 472;35 552 400;-1.25%
24/08/2023;7 900;7 950;7 950;7 900;8 370;66 332 250;0.00%
25/08/2023;7 900;7 900;7 900;7 900;10 113;79 892 700;0.00%
28/08/2023;7 900;7 950;7 950;7 900;3 072;24 345 600;0.00%
29/08/2023;7 910;7 950;7 950;7 910;405;3 211 650;0.13%
30/08/2023;7 995;7 850;7 995;7 850;301;2 384 673;1.07%
31/08/2023;7 945;7 995;7 995;7 945;562;4 479 140;-0.63%
01/09/2023;7 945;7 945;7 945;7 945;423;3 360 735;0.00%
04/09/2023;7 945;7 950;7 950;7 945;1 282;10 188 695;0.00%
05/09/2023;7 945;7 940;7 945;7 940;2 255;17 910 338;0.00%
06/09/2023;7 920;7 940;7 940;7 920;636;5 043 480;-0.31%
07/09/2023;7 935;7 800;7 935;7 800;3 451;27 150 743;0.19%
08/09/2023;7 850;7 925;7 925;7 850;822;6 483 525;-1.07%
11/09/2023;7 800;7 850;7 850;7 800;1 933;15 125 725;-0.64%
12/09/2023;7 800;7 805;7 805;7 800;1 444;11 266 810;0.00%
13/09/2023;7 780;7 800;7 800;7 780;2 196;17 106 840;-0.26%
14/09/2023;7 700;7 780;7 780;7 700;1 551;12 004 740;-1.03%
15/09/2023;7 695;7 650;7 695;7 650;4 692;35 999 370;-0.06%
18/09/2023;7 700;7 695;7 700;7 695;3 918;30 158 805;0.06%
19/09/2023;7 700;7 690;7 700;7 690;843;6 486 885;0.00%
20/09/2023;7 700;7 650;7 700;7 650;5 715;43 862 625;0.00%
21/09/2023;7 705;7 770;7 770;7 705;2 151;16 643 363;0.06%
22/09/2023;7 700;7 710;7 710;7 700;489;3 767 745;-0.06%
25/09/2023;7 700;7 700;7 700;7 700;4 702;36 205 400;0.00%
26/09/2023;7 700;7 700;7 700;7 700;2 619;20 166 300;0.00%
27/09/2023;7 700;7 700;7 700;7 700;2 619;20 166 300;0.00%
28/09/2023;7 700;7 700;7 700;7 700;922;7 099 400;0.00%
29/09/2023;7 600;7 700;7 700;7 600;1 059;8 101 350;-1.30%
02/10/2023;7 565;7 650;7 650;7 565;699;5 317 643;-0.46%
03/10/2023;7 600;7 550;7 600;7 550;2 530;19 164 750;0.46%
04/10/2023;7 490;7 550;7 550;7 490;980;7 369 600;-1.45%
05/10/2023;6 930;7 490;7 490;6 930;1 929;13 908 090;-7.48%
06/10/2023;7 195;6 930;7 195;6 930;911;6 433 938;3.82%
09/10/2023;7 200;7 250;7 250;7 200;2 777;20 063 825;0.07%
10/10/2023;7 340;7 245;7 340;7 245;945;6 891 413;1.94%
11/10/2023;7 690;7 150;7 690;7 150;1 191;8 837 220;4.77%
12/10/2023;7 695;7 690;7 695;7 690;906;6 969 405;0.07%
13/10/2023;7 690;7 695;7 695;7 690;462;3 553 935;-0.06%
16/10/2023;7 600;7 500;7 600;7 500;508;3 835 400;-1.17%
17/10/2023;7 645;7 595;7 645;7 595;3 131;23 858 220;0.59%
18/10/2023;7 450;7 645;7 645;7 450;449;3 388 828;-2.55%
19/10/2023;7 495;7 645;7 645;7 495;230;1 741 100;0.60%
20/10/2023;7 400;7 495;7 495;7 400;358;2 666 205;-1.27%
23/10/2023;7 315;7 345;7 345;7 315;1 007;7 381 310;-1.15%
24/10/2023;7 295;7 315;7 315;7 295;2 329;17 013 345;-0.27%
25/10/2023;7 250;7 200;7 250;7 200;2 945;21 277 625;-0.62%
26/10/2023;7 100;7 200;7 200;7 100;4 031;28 821 650;-2.07%
27/10/2023;7 000;7 005;7 005;7 000;1 715;12 009 288;-1.41%
30/10/2023;6 900;6 960;6 960;6 900;10 073;69 805 890;-1.43%
31/10/2023;6 900;6 900;6 900;6 900;1 203;8 300 700;0.00%
01/11/2023;6 900;6 900;6 900;6 900;1 203;8 300 700;0.00%
02/11/2023;6 875;6 950;6 950;6 875;513;3 546 113;-0.36%
03/11/2023;6 800;6 895;6 895;6 800;464;3 177 240;-1.09%
06/11/2023;6 960;6 800;6 960;6 800;3 586;24 671 680;2.35%
07/11/2023;6 950;6 950;6 950;6 950;1 210;8 409 500;-0.14%
08/11/2023;6 900;6 500;6 900;6 500;2 920;19 564 000;-0.72%
09/11/2023;6 895;6 900;6 900;6 895;773;5 331 768;-0.07%
10/11/2023;6 895;6 600;6 895;6 600;347;2 341 383;0.00%
13/11/2023;6 885;6 890;6 890;6 885;470;3 237 125;-0.15%
14/11/2023;6 880;6 880;6 880;6 880;230;1 582 400;-0.07%
15/11/2023;6 880;6 880;6 880;6 880;230;1 582 400;0.00%
16/11/2023;6 590;6 600;6 600;6 590;1 211;7 986 545;-4.22%
17/11/2023;6 875;6 450;6 875;6 450;883;5 882 988;4.32%
20/11/2023;6 500;6 600;6 600;6 500;692;4 532 600;-5.45%
21/11/2023;6 850;6 500;6 850;6 500;7 652;51 077 100;5.38%
22/11/2023;6 850;6 500;6 850;6 500;659;4 398 825;0.00%
23/11/2023;6 825;6 835;6 835;6 825;5 071;34 634 930;-0.36%
24/11/2023;6 820;6 370;6 820;6 370;288;1 899 360;-0.07%
27/11/2023;6 800;6 500;6 800;6 500;714;4 748 100;-0.29%
28/11/2023;6 415;6 500;6 500;6 415;1 528;9 867 060;-5.66%
29/11/2023;6 800;6 415;6 800;6 415;1 392;9 197 640;6.00%
30/11/2023;6 800;6 800;6 800;6 800;692;4 705 600;0.00%
01/12/2023;6 500;6 500;6 500;6 500;2 312;15 028 000;-4.41%
04/12/2023;6 500;6 450;6 500;6 450;1 304;8 443 400;0.00%
05/12/2023;6 400;6 500;6 500;6 400;763;4 921 350;-1.54%
06/12/2023;6 800;6 250;6 800;6 250;405;2 642 625;6.25%
07/12/2023;6 400;6 300;6 400;6 300;519;3 295 650;-5.88%
08/12/2023;6 795;6 400;6 795;6 400;321;2 117 798;6.17%
11/12/2023;6 795;6 795;6 795;6 795;2 273;15 445 035;0.00%
12/12/2023;6 790;6 790;6 790;6 790;410;2 783 900;-0.07%
13/12/2023;6 790;6 790;6 790;6 790;264;1 792 560;0.00%
14/12/2023;6 790;6 790;6 790;6 790;115;780 850;0.00%
15/12/2023;6 775;6 785;6 785;6 775;209;1 417 020;-0.22%
18/12/2023;6 500;6 780;6 780;6 500;1 104;7 330 560;-4.06%
19/12/2023;6 780;6 700;6 780;6 700;797;5 371 780;4.31%
20/12/2023;6 725;6 775;6 775;6 725;683;4 610 250;-0.81%
21/12/2023;6 720;6 725;6 725;6 720;673;4 524 243;-0.07%
22/12/2023;6 725;6 700;6 725;6 700;435;2 919 938;0.07%
25/12/2023;6 725;6 700;6 725;6 700;435;2 919 938;0.00%
26/12/2023;6 710;6 720;6 720;6 710;209;1 403 435;-0.22%
27/12/2023;6 725;6 700;6 725;6 700;535;3 591 188;0.22%
28/12/2023;6 710;6 780;6 780;6 710;138;930 810;-0.22%
29/12/2023;6 750;6 710;6 750;6 710;1 933;13 009 090;0.60%
01/01/2024;6 750;6 710;6 750;6 710;1 933;13 009 090;0.00%
02/01/2024;6 990;6 750;6 990;6 750;607;4 170 090;3.56%
03/01/2024;6 990;6 990;6 990;6 990;1 371;9 583 290;0.00%
04/01/2024;6 990;6 750;6 990;6 750;4 464;30 667 680;0.00%
05/01/2024;6 960;6 985;6 985;6 960;947;6 602 958;-0.43%
08/01/2024;6 900;6 910;6 910;6 900;422;2 913 910;-0.86%
09/01/2024;6 890;6 900;6 900;6 890;417;2 875 215;-0.14%
10/01/2024;6 900;6 890;6 900;6 890;256;1 765 120;0.15%
11/01/2024;6 895;6 650;6 895;6 650;427;2 891 858;-0.07%
12/01/2024;6 885;6 890;6 890;6 885;6 150;42 358 125;-0.15%
15/01/2024;6 875;6 660;6 875;6 660;307;2 077 623;-0.15%
16/01/2024;6 865;6 875;6 875;6 865;2 874;19 744 380;-0.15%
17/01/2024;6 700;6 865;6 865;6 700;96;651 120;-2.40%
18/01/2024;6 750;6 700;6 750;6 700;835;5 615 375;0.75%
19/01/2024;6 700;6 660;6 700;6 660;84;561 120;-0.74%
22/01/2024;6 700;6 700;6 700;6 700;210;1 407 000;0.00%
23/01/2024;6 660;6 700;6 700;6 660;402;2 685 360;-0.60%
24/01/2024;6 800;6 700;6 800;6 700;314;2 119 500;2.10%
25/01/2024;6 785;6 790;6 790;6 785;194;1 316 775;-0.22%
26/01/2024;6 790;6 785;6 790;6 785;214;1 452 525;0.07%
29/01/2024;6 600;6 600;6 600;6 600;182;1 201 200;-2.80%
30/01/2024;6 790;6 505;6 790;6 505;150;997 125;2.88%
31/01/2024;6 790;6 780;6 790;6 780;63;427 455;0.00%
01/02/2024;6 790;6 790;6 790;6 790;614;4 169 060;0.00%
02/02/2024;6 790;6 600;6 790;6 600;185;1 238 575;0.00%
05/02/2024;6 780;6 790;6 790;6 780;265;1 798 025;-0.15%
06/02/2024;6 790;6 775;6 790;6 775;395;2 679 088;0.15%
07/02/2024;6 750;6 790;6 790;6 750;9 189;62 209 530;-0.59%
08/02/2024;6 800;6 750;6 800;6 750;162;1 097 550;0.74%
09/02/2024;6 800;6 750;6 800;6 750;1 092;7 398 300;0.00%
12/02/2024;6 800;6 750;6 800;6 750;1 092;7 398 300;0.00%
13/02/2024;6 800;6 550;6 800;6 550;171;1 141 425;0.00%
14/02/2024;6 795;6 700;6 795;6 700;100;674 750;-0.07%
15/02/2024;6 790;6 600;6 790;6 600;2 377;15 914 015;-0.07%
16/02/2024;6 785;6 785;6 785;6 785;297;2 015 145;-0.07%
19/02/2024;6 775;6 790;6 790;6 775;708;4 802 010;-0.15%
20/02/2024;6 770;6 775;6 775;6 770;907;6 142 658;-0.07%
21/02/2024;6 780;6 770;6 780;6 770;524;3 550 100;0.15%
22/02/2024;6 780;6 770;6 780;6 770;518;3 509 450;0.00%
23/02/2024;6 900;6 300;6 900;6 300;6 760;44 616 000;1.77%
26/02/2024;6 800;6 790;6 800;6 790;332;2 255 940;-1.45%
27/02/2024;6 795;6 320;6 795;6 320;463;3 036 123;-0.07%
28/02/2024;6 775;6 750;6 775;6 750;15 546;105 129 825;-0.29%
29/02/2024;6 780;6 700;6 780;6 700;714;4 812 360;0.07%
01/03/2024;6 770;6 775;6 775;6 770;117;792 383;-0.15%
04/03/2024;6 750;6 750;6 750;6 750;8 619;58 178 250;-0.30%
05/03/2024;6 745;6 750;6 750;6 745;370;2 496 575;-0.07%
06/03/2024;6 560;6 740;6 740;6 560;1 074;7 142 100;-2.74%
07/03/2024;6 705;6 560;6 705;6 560;74;490 805;2.21%
08/03/2024;6 695;6 700;6 700;6 695;152;1 018 020;-0.15%
11/03/2024;6 700;6 695;6 700;6 695;2 229;14 928 728;0.07%
12/03/2024;6 695;6 700;6 700;6 695;1 429;9 570 728;-0.07%
13/03/2024;6 695;6 700;6 700;6 695;555;3 717 113;0.00%
14/03/2024;6 700;6 695;6 700;6 695;4 069;27 252 128;0.07%
15/03/2024;6 770;6 745;6 770;6 745;4 587;30 996 653;1.04%
18/03/2024;7 000;6 770;7 000;6 770;6 038;41 571 630;3.40%
19/03/2024;6 985;6 990;6 990;6 985;67;468 163;-0.21%
20/03/2024;7 000;6 985;7 000;6 985;1 344;9 397 920;0.21%
21/03/2024;7 000;7 000;7 000;7 000;741;5 187 000;0.00%
22/03/2024;7 000;7 000;7 000;7 000;283;1 981 000;0.00%
25/03/2024;7 000;6 995;7 000;6 995;454;3 176 865;0.00%
26/03/2024;7 000;6 950;7 000;6 950;3 580;24 970 500;0.00%
27/03/2024;7 000;7 000;7 000;7 000;89;623 000;0.00%
28/03/2024;7 000;6 995;7 000;6 995;100;699 750;0.00%
29/03/2024;6 995;6 995;6 995;6 995;4 041;28 266 795;-0.07%
01/04/2024;6 995;6 995;6 995;6 995;4 041;28 266 795;0.00%
02/04/2024;7 000;6 995;7 000;6 995;7 241;50 668 898;0.07%
03/04/2024;7 525;7 000;7 525;7 000;1 514;10 995 425;7.50%
04/04/2024;8 000;7 525;8 000;7 525;1 015;7 878 938;6.31%
05/04/2024;7 400;7 400;7 400;7 400;769;5 690 600;-7.50%
08/04/2024;7 400;7 000;7 400;7 000;3 341;24 055 200;0.00%
09/04/2024;7 400;7 400;7 400;7 400;717;5 305 800;0.00%
10/04/2024;7 400;7 400;7 400;7 400;717;5 305 800;0.00%
11/04/2024;7 400;7 400;7 400;7 400;175;1 295 000;0.00%
12/04/2024;7 400;7 400;7 400;7 400;202;1 494 800;0.00%
15/04/2024;7 400;7 400;7 400;7 400;961;7 111 400;0.00%
16/04/2024;7 400;7 280;7 400;7 280;35;256 900;0.00%
17/04/2024;7 400;7 300;7 400;7 300;628;4 615 800;0.00%
18/04/2024;7 390;7 390;7 390;7 390;731;5 402 090;-0.14%
19/04/2024;7 350;7 380;7 380;7 350;73;537 645;-0.54%
22/04/2024;7 385;7 300;7 385;7 300;429;3 149 933;0.48%
23/04/2024;7 385;7 390;7 390;7 385;318;2 349 225;0.00%
24/04/2024;7 385;7 385;7 385;7 385;2 118;15 641 430;0.00%
25/04/2024;7 385;7 385;7 385;7 385;326;2 407 510;0.00%
26/04/2024;7 385;7 385;7 385;7 385;1 499;11 070 115;0.00%
29/04/2024;7 250;6 840;7 250;6 840;200;1 409 000;-1.83%
30/04/2024;7 240;7 240;7 240;7 240;1 421;10 288 040;-0.14%
01/05/2024;7 240;7 240;7 240;7 240;1 421;10 288 040;0.00%
02/05/2024;6 700;6 800;6 800;6 700;981;6 621 750;-7.46%
03/05/2024;6 200;6 655;6 655;6 200;1 850;11 890 875;-7.46%
06/05/2024;5 735;5 735;5 735;5 735;2 264;12 984 040;-7.50%
07/05/2024;6 000;5 305;6 000;5 305;6 361;35 955 553;4.62%
08/05/2024;6 410;6 450;6 450;6 410;1 209;7 773 870;6.83%
09/05/2024;6 410;6 450;6 450;6 410;1 209;7 773 870;0.00%
10/05/2024;6 365;6 400;6 400;6 365;538;3 433 785;-0.70%
13/05/2024;6 350;6 200;6 350;6 200;1 028;6 450 700;-0.24%
14/05/2024;6 350;6 340;6 350;6 340;1 770;11 230 650;0.00%
15/05/2024;6 340;6 350;6 350;6 340;753;4 777 785;-0.16%
16/05/2024;6 300;6 300;6 300;6 300;714;4 498 200;-0.63%
17/05/2024;6 295;6 300;6 300;6 295;2 229;14 037 128;-0.08%
20/05/2024;6 295;6 300;6 300;6 295;2 229;14 037 128;0.00%
21/05/2024;6 295;6 300;6 300;6 295;614;3 866 665;0.00%
22/05/2024;6 295;6 295;6 295;6 295;4 173;26 269 035;0.00%
23/05/2024;6 000;6 295;6 295;6 000;1 459;8 969 203;-4.69%
24/05/2024;6 250;6 250;6 250;6 250;6 799;42 493 750;4.17%
27/05/2024;6 000;6 245;6 245;6 000;1 312;8 032 720;-4.00%
28/05/2024;6 000;6 000;6 000;6 000;11 673;70 038 000;0.00%
29/05/2024;6 090;6 000;6 090;6 000;7 260;43 886 700;1.50%
30/05/2024;5 900;6 090;6 090;5 900;7 989;47 894 055;-3.12%
31/05/2024;6 000;5 900;6 000;5 900;5 611;33 385 450;1.69%
03/06/2024;5 900;5 900;5 900;5 900;1 502;8 861 800;-1.67%
04/06/2024;5 900;5 900;5 900;5 900;2 144;12 649 600;0.00%
05/06/2024;5 900;5 900;5 900;5 900;1 307;7 711 300;0.00%
06/06/2024;5 900;5 900;5 900;5 900;944;5 569 600;0.00%
07/06/2024;5 895;5 900;5 900;5 895;3 405;20 080 988;-0.08%
10/06/2024;5 895;5 895;5 895;5 895;1 810;10 669 950;0.00%
11/06/2024;5 885;5 895;5 895;5 885;694;4 087 660;-0.17%
12/06/2024;5 885;5 885;5 885;5 885;3 193;18 790 805;0.00%
13/06/2024;5 795;5 790;5 795;5 790;1 128;6 533 940;-1.53%
14/06/2024;5 875;5 885;5 885;5 875;1 223;7 191 240;1.38%
18/06/2024;5 890;5 875;5 890;5 875;12 622;74 248 915;0.26%
19/06/2024;5 890;5 890;5 890;5 890;595;3 504 550;0.00%
20/06/2024;5 880;5 885;5 885;5 880;4 338;25 518 285;-0.17%
21/06/2024;5 990;5 880;5 990;5 880;1 528;9 068 680;1.87%
24/06/2024;5 990;5 990;5 990;5 990;3 355;20 096 450;0.00%
25/06/2024;6 200;5 985;6 200;5 985;11 513;70 142 953;3.51%
26/06/2024;6 220;6 195;6 220;6 195;3 709;23 023 618;0.32%
27/06/2024;6 195;6 200;6 200;6 195;819;5 075 753;-0.40%
28/06/2024;6 250;6 190;6 250;6 190;937;5 828 140;0.89%
01/07/2024;6 215;6 195;6 215;6 195;2 275;14 116 375;-0.56%
02/07/2024;6 245;6 100;6 245;6 100;479;2 956 628;0.48%
03/07/2024;6 220;6 245;6 245;6 220;4 500;28 046 250;-0.40%
04/07/2024;6 220;6 220;6 220;6 220;971;6 039 620;0.00%
05/07/2024;6 220;6 230;6 230;6 220;2 636;16 409 100;0.00%
08/07/2024;6 220;6 220;6 220;6 220;3 710;23 076 200;0.00%
09/07/2024;6 210;6 215;6 215;6 210;1 005;6 243 563;-0.16%
10/07/2024;6 155;6 210;6 210;6 155;1 324;8 185 630;-0.89%
11/07/2024;6 185;6 190;6 190;6 185;2 761;17 083 688;0.49%
12/07/2024;6 180;6 160;6 180;6 160;1 493;9 211 810;-0.08%
15/07/2024;5 800;6 180;6 180;5 800;5 892;35 293 080;-6.15%
16/07/2024;6 150;5 800;6 150;5 800;16 283;97 290 925;6.03%
17/07/2024;6 150;6 180;6 180;6 150;3 050;18 803 250;0.00%
18/07/2024;6 090;6 100;6 100;6 090;1 152;7 021 440;-0.98%
19/07/2024;6 090;6 090;6 090;6 090;1 015;6 181 350;0.00%
22/07/2024;6 000;6 080;6 080;6 000;6 098;36 831 920;-1.48%
23/07/2024;6 000;6 000;6 000;6 000;2 280;13 680 000;0.00%
24/07/2024;5 780;5 600;5 780;5 600;1 866;10 617 540;-3.67%
25/07/2024;5 750;5 770;5 770;5 750;463;2 666 880;-0.52%
26/07/2024;5 895;5 750;5 895;5 750;693;4 034 993;2.52%
29/07/2024;5 740;5 780;5 780;5 740;874;5 034 240;-2.63%
30/07/2024;5 700;5 700;5 700;5 700;6 480;36 936 000;-0.70%
31/07/2024;5 600;5 690;5 690;5 600;1 321;7 457 045;-1.75%
01/08/2024;5 540;5 580;5 580;5 540;1 158;6 438 480;-1.07%
02/08/2024;5 440;5 590;5 590;5 440;2 015;11 112 725;-1.81%
05/08/2024;5 340;5 490;5 490;5 340;4 681;25 347 615;-1.84%
06/08/2024;5 285;5 300;5 300;5 285;2 122;11 230 685;-1.03%
07/08/2024;5 285;5 300;5 300;5 285;2 122;11 230 685;0.00%
08/08/2024;5 275;5 280;5 280;5 275;3 076;16 233 590;-0.19%
09/08/2024;5 260;5 285;5 285;5 260;4 009;21 137 453;-0.28%
12/08/2024;5 260;5 235;5 260;5 235;3 829;20 092 678;0.00%
13/08/2024;4 870;5 250;5 250;4 870;7 113;35 991 780;-7.41%
14/08/2024;4 835;4 865;4 865;4 835;5 808;28 168 800;-0.72%
15/08/2024;4 835;4 865;4 865;4 835;5 808;28 168 800;0.00%
16/08/2024;4 830;4 830;4 830;4 830;20 503;99 029 490;-0.10%
19/08/2024;4 800;4 810;4 810;4 800;10 528;50 587 040;-0.62%
20/08/2024;5 160;4 830;5 160;4 830;660;3 296 700;7.50%
21/08/2024;5 000;4 865;5 000;4 865;2 607;12 859 028;-3.10%
22/08/2024;5 000;5 240;5 240;5 000;3 277;16 778 240;0.00%
23/08/2024;5 000;5 200;5 200;5 000;3 836;19 563 600;0.00%
26/08/2024;5 100;5 000;5 100;5 000;144;727 200;2.00%
27/08/2024;5 000;5 050;5 050;5 000;4 245;21 331 125;-1.96%
28/08/2024;4 980;5 080;5 080;4 980;9 878;49 686 340;-0.40%
29/08/2024;4 800;4 800;4 800;4 800;5 471;26 260 800;-3.61%
30/08/2024;4 980;5 000;5 000;4 980;8 088;40 359 120;3.75%
02/09/2024;5 000;4 805;5 000;4 805;2 147;10 525 668;0.40%
03/09/2024;4 880;5 000;5 000;4 880;8 215;40 582 100;-2.40%
04/09/2024;4 890;4 895;4 895;4 890;8 186;40 050 005;0.20%
05/09/2024;5 000;4 900;5 000;4 900;7 350;36 382 500;2.25%
06/09/2024;5 000;5 000;5 000;5 000;1 780;8 900 000;0.00%
09/09/2024;5 000;5 005;5 005;5 000;2 816;14 087 040;0.00%
10/09/2024;4 950;4 990;4 990;4 950;4 785;23 781 450;-1.00%
11/09/2024;4 925;4 805;4 925;4 805;6 491;31 578 715;-0.51%
12/09/2024;4 920;4 925;4 925;4 920;198;974 655;-0.10%
13/09/2024;4 800;4 920;4 920;4 800;7 616;37 013 760;-2.44%
16/09/2024;4 800;4 795;4 800;4 795;3 198;15 342 405;0.00%
17/09/2024;4 760;4 800;4 800;4 760;1 903;9 096 340;-0.83%
18/09/2024;4 795;4 750;4 795;4 750;11 972;57 136 370;0.74%
19/09/2024;4 995;4 795;4 995;4 795;1 244;6 089 380;4.17%
20/09/2024;4 980;4 980;4 980;4 980;174;866 520;-0.30%
23/09/2024;4 700;4 990;4 990;4 700;20 342;98 556 990;-5.62%
24/09/2024;4 800;4 710;4 800;4 710;5 676;26 989 380;2.13%
25/09/2024;4 620;4 800;4 800;4 620;3 433;16 169 430;-3.75%
26/09/2024;4 935;4 700;4 935;4 700;890;4 287 575;6.82%
27/09/2024;4 910;4 925;4 925;4 910;1 298;6 382 915;-0.51%
30/09/2024;4 810;4 910;4 910;4 810;3 669;17 831 340;-2.04%
01/10/2024;4 770;4 765;4 770;4 765;4 023;19 179 653;-0.83%
02/10/2024;4 780;4 775;4 780;4 775;645;3 081 488;0.21%
03/10/2024;4 780;4 880;4 880;4 780;3 641;17 586 030;0.00%
04/10/2024;4 700;4 780;4 780;4 700;2 599;12 319 260;-1.67%
07/10/2024;4 780;4 780;4 780;4 780;9 609;45 931 020;1.70%
08/10/2024;4 700;4 700;4 700;4 700;13 122;61 673 400;-1.67%
09/10/2024;4 750;4 700;4 750;4 700;775;3 661 875;1.06%
10/10/2024;4 800;4 750;4 800;4 750;2 593;12 381 575;1.05%
11/10/2024;4 800;4 800;4 800;4 800;5 400;25 920 000;0.00%
14/10/2024;4 700;4 800;4 800;4 700;3 522;16 729 500;-2.08%
15/10/2024;4 700;4 790;4 790;4 700;5 590;26 524 550;0.00%
16/10/2024;4 700;4 645;4 700;4 645;2 328;10 877 580;0.00%
17/10/2024;4 690;4 700;4 700;4 690;709;3 328 755;-0.21%
18/10/2024;4 690;4 700;4 700;4 690;1 178;5 530 710;0.00%
21/10/2024;4 675;4 690;4 690;4 675;7 996;37 441 270;-0.32%
22/10/2024;4 580;4 690;4 690;4 580;6 207;28 769 445;-2.03%
23/10/2024;4 600;4 585;4 600;4 585;4 008;18 406 740;0.44%
24/10/2024;4 675;4 550;4 675;4 550;1 411;6 508 238;1.63%
25/10/2024;4 560;4 650;4 650;4 560;9 131;42 048 255;-2.46%
28/10/2024;4 680;4 650;4 680;4 650;367;1 712 055;2.63%
29/10/2024;4 550;4 680;4 680;4 550;2 213;10 212 995;-2.78%
30/10/2024;4 695;4 650;4 695;4 650;1 080;5 046 300;3.19%
31/10/2024;4 695;4 690;4 695;4 690;705;3 308 213;0.00%
01/11/2024;4 695;4 690;4 695;4 690;705;3 308 213;0.00%
04/11/2024;4 650;4 695;4 695;4 650;6 382;29 819 895;-0.96%
05/11/2024;4 500;4 685;4 685;4 500;5 257;24 142 773;-3.23%
06/11/2024;4 680;4 500;4 680;4 500;666;3 056 940;4.00%
07/11/2024;4 550;4 680;4 680;4 550;3 577;16 507 855;-2.78%
08/11/2024;4 550;4 600;4 600;4 550;8 432;38 576 400;0.00%
11/11/2024;4 550;4 600;4 600;4 550;5 535;25 322 625;0.00%
12/11/2024;4 550;4 550;4 550;4 550;5 331;24 256 050;0.00%
13/11/2024;4 550;4 550;4 550;4 550;12 870;58 558 500;0.00%
14/11/2024;4 525;4 500;4 525;4 500;2 568;11 588 100;-0.55%
15/11/2024;4 525;4 500;4 525;4 500;2 568;11 588 100;0.00%
18/11/2024;4 525;4 550;4 550;4 525;10 848;49 222 800;0.00%
19/11/2024;4 525;4 600;4 600;4 525;5 846;26 672 375;0.00%
20/11/2024;4 525;4 525;4 525;4 525;1 227;5 552 175;0.00%
21/11/2024;4 500;4 520;4 520;4 500;5 453;24 593 030;-0.55%
22/11/2024;4 525;4 525;4 525;4 525;5 636;25 502 900;0.56%
25/11/2024;4 500;4 500;4 500;4 500;5 054;22 743 000;-0.55%
26/11/2024;4 500;4 500;4 500;4 500;2 204;9 918 000;0.00%
27/11/2024;4 550;4 510;4 550;4 510;366;1 657 980;1.11%
28/11/2024;4 640;4 610;4 640;4 610;315;1 456 875;1.98%
29/11/2024;4 695;4 610;4 695;4 610;1 070;4 978 175;1.19%
02/12/2024;4 525;4 690;4 690;4 525;14 910;68 697 825;-3.62%
03/12/2024;4 525;4 530;4 530;4 525;4 199;19 010 973;0.00%
04/12/2024;4 695;4 525;4 695;4 525;691;3 185 510;3.76%
05/12/2024;4 525;4 700;4 700;4 525;5 435;25 068 938;-3.62%
06/12/2024;4 520;4 525;4 525;4 520;3 398;15 367 455;-0.11%
09/12/2024;4 520;4 520;4 520;4 520;4 567;20 642 840;0.00%
10/12/2024;4 525;4 525;4 525;4 525;5 384;24 362 600;0.11%
11/12/2024;4 495;4 505;4 505;4 495;6 599;29 695 500;-0.66%
12/12/2024;4 500;4 495;4 500;4 495;1 658;7 456 855;0.11%
13/12/2024;4 495;4 500;4 500;4 495;1 017;4 573 958;-0.11%
16/12/2024;4 500;4 500;4 500;4 500;641;2 884 500;0.11%
17/12/2024;4 500;4 500;4 500;4 500;6 953;31 288 500;0.00%
18/12/2024;4 500;4 505;4 505;4 500;27 601;124 273 503;0.00%
19/12/2024;4 495;4 505;4 505;4 495;5 515;24 817 500;-0.11%
20/12/2024;4 655;4 500;4 655;4 500;963;4 408 133;3.56%
23/12/2024;4 640;4 655;4 655;4 640;1 218;5 660 655;-0.32%
24/12/2024;4 600;4 600;4 600;4 600;145;667 000;-0.86%
25/12/2024;4 600;4 620;4 620;4 600;145;668 450;0.00%
26/12/2024;4 600;4 600;4 600;4 600;1 707;7 852 200;0.00%
27/12/2024;4 620;4 620;4 620;4 620;2 208;10 200 960;0.43%
30/12/2024;4 780;4 620;4 780;4 620;7 928;37 261 600;3.46%
31/12/2024;5 000;4 790;5 000;4 790;2 811;13 759 845;4.60%
01/01/2025;5 000;4 790;5 000;4 790;2 811;13 759 845;0.00%
02/01/2025;5 000;5 000;5 000;5 000;3 182;15 910 000;0.00%
03/01/2025;4 990;4 995;4 995;4 990;3 510;17 523 675;-0.20%
06/01/2025;5 265;5 000;5 265;5 000;2 740;14 063 050;5.51%
07/01/2025;4 900;5 265;5 265;4 900;23 695;120 429 838;-6.93%
08/01/2025;4 900;5 000;5 000;4 900;9 637;47 703 150;0.00%
09/01/2025;4 800;4 925;4 925;4 800;4 224;20 539 200;-2.04%
10/01/2025;4 995;4 800;4 995;4 800;43 919;215 093 303;4.06%
13/01/2025;4 990;5 000;5 000;4 990;6 522;32 577 390;-0.10%
14/01/2025;4 800;4 990;4 990;4 800;18 796;92 006 420;-3.81%
15/01/2025;4 800;4 990;4 990;4 800;34 583;169 283 785;0.00%
16/01/2025;4 800;4 990;4 990;4 800;2 961;14 494 095;0.00%
17/01/2025;4 800;4 900;4 900;4 800;4 476;21 708 600;0.00%
20/01/2025;4 500;4 900;4 900;4 500;26 141;122 862 700;-6.25%
21/01/2025;4 500;4 790;4 790;4 500;26 048;120 992 960;0.00%
22/01/2025;4 500;4 505;4 505;4 500;9 925;44 687 313;0.00%
23/01/2025;4 500;4 500;4 500;4 500;6 101;27 454 500;0.00%
24/01/2025;4 500;4 500;4 500;4 500;7 006;31 527 000;0.00%
27/01/2025;4 665;4 500;4 665;4 500;4 859;22 266 368;3.67%
28/01/2025;4 500;4 655;4 655;4 500;5 253;24 045 608;-3.54%
29/01/2025;4 500;4 645;4 645;4 500;5 203;23 790 718;0.00%
30/01/2025;4 500;4 500;4 500;4 500;3 865;17 392 500;0.00%
31/01/2025;4 650;4 500;4 650;4 500;3 920;17 934 000;3.33%
03/02/2025;4 850;4 650;4 850;4 650;966;4 588 500;4.30%
04/02/2025;4 940;4 845;4 940;4 845;2 151;10 523 768;1.86%
05/02/2025;5 000;4 950;5 000;4 950;900;4 477 500;1.21%
06/02/2025;5 220;5 000;5 220;5 000;3 221;16 459 310;4.40%
07/02/2025;5 475;5 225;5 475;5 225;3 070;16 424 500;4.89%
10/02/2025;5 370;5 475;5 475;5 370;2 477;13 431 533;-1.92%
11/02/2025;5 360;5 375;5 375;5 360;2 007;10 772 573;-0.19%
12/02/2025;5 370;5 360;5 370;5 360;3 882;20 826 930;0.19%
13/02/2025;5 375;5 395;5 395;5 375;2 960;15 939 600;0.09%
14/02/2025;5 390;5 395;5 395;5 390;4 777;25 759 973;0.28%
17/02/2025;5 500;5 375;5 500;5 375;3 017;16 404 938;2.04%
18/02/2025;5 690;5 500;5 690;5 500;5 586;31 253 670;3.45%
19/02/2025;5 915;5 690;5 915;5 690;4 297;24 933 343;3.95%
20/02/2025;6 085;5 915;6 085;5 915;3 189;19 134 000;2.87%
21/02/2025;6 085;6 100;6 100;6 085;5 638;34 349 515;0.00%
24/02/2025;6 080;6 085;6 085;6 080;3 032;18 442 140;-0.08%
25/02/2025;6 075;6 080;6 080;6 075;1 759;10 690 323;-0.08%
26/02/2025;6 075;6 075;6 075;6 075;2 086;12 672 450;0.00%
28/02/2025;6 100;6 085;6 100;6 085;1 168;7 116 040;0.41%
03/03/2025;6 200;6 080;6 200;6 080;3 127;19 199 780;1.64%
04/03/2025;6 200;6 140;6 200;6 140;1 848;11 402 160;0.00%
05/03/2025;6 195;6 195;6 195;6 195;2 334;14 459 130;-0.08%
06/03/2025;6 085;6 100;6 100;6 085;2 167;13 202 448;-1.78%
07/03/2025;6 090;6 070;6 090;6 070;5 240;31 859 200;0.08%
10/03/2025;6 150;6 100;6 150;6 100;1 665;10 198 125;0.99%
11/03/2025;6 100;6 150;6 150;6 100;2 649;16 225 125;-0.81%
12/03/2025;6 150;6 100;6 150;6 100;2 082;12 752 250;0.82%
13/03/2025;6 200;6 150;6 200;6 150;7 021;43 354 675;0.81%
14/03/2025;6 320;6 200;6 320;6 200;1 873;11 724 980;1.94%
17/03/2025;6 490;6 325;6 490;6 325;11 753;75 307 348;2.69%
18/03/2025;6 490;6 490;6 490;6 490;1 844;11 967 560;0.00%
19/03/2025;6 490;6 490;6 490;6 490;8 234;53 438 660;0.00%
20/03/2025;6 400;6 450;6 450;6 400;5 462;35 093 350;-1.39%
21/03/2025;6 400;6 400;6 400;6 400;11 909;76 217 600;0.00%
24/03/2025;6 395;6 400;6 400;6 395;1 530;9 788 175;-0.08%
25/03/2025;6 395;6 400;6 400;6 395;2 473;15 821 018;0.00%
26/03/2025;6 340;6 350;6 350;6 340;2 582;16 382 790;-0.86%
27/03/2025;6 340;6 350;6 350;6 340;2 582;16 382 790;0.00%
28/03/2025;6 400;6 340;6 400;6 340;7 297;46 481 890;0.95%
31/03/2025;6 400;6 340;6 400;6 340;7 297;46 481 890;0.00%
01/04/2025;6 350;6 400;6 400;6 350;1 298;8 274 750;-0.78%
02/04/2025;6 085;6 300;6 300;6 085;14 825;91 803 813;-4.17%
03/04/2025;6 170;6 090;6 170;6 090;6 435;39 446 550;1.40%
04/04/2025;6 100;6 100;6 100;6 100;1 226;7 478 600;-1.13%
07/04/2025;5 950;6 050;6 050;5 950;2 160;12 960 000;-2.46%
08/04/2025;5 505;5 945;5 945;5 505;13 576;77 722 600;-7.48%
09/04/2025;5 095;5 500;5 500;5 095;7 538;39 932 555;-7.45%
10/04/2025;5 200;5 095;5 200;5 095;4 398;22 638 705;2.06%
11/04/2025;5 400;5 215;5 400;5 215;6 248;33 161 260;3.85%
14/04/2025;5 650;5 805;5 805;5 650;10 137;58 059 668;4.63%
15/04/2025;6 000;5 700;6 000;5 700;4 111;24 049 350;6.19%
16/04/2025;5 985;6 000;6 000;5 985;2 005;12 014 963;-0.25%
17/04/2025;5 900;5 980;5 980;5 900;1 833;10 888 020;-1.42%
18/04/2025;5 745;5 460;5 745;5 460;4 636;25 973 190;-2.63%
21/04/2025;5 745;5 460;5 745;5 460;4 636;25 973 190;0.00%
22/04/2025;6 150;6 175;6 175;6 150;25 684;158 277 650;7.05%
23/04/2025;6 035;6 170;6 170;6 035;37 832;230 869 780;-1.87%
24/04/2025;6 000;6 035;6 035;6 000;7 518;45 239 565;-0.58%
25/04/2025;6 085;6 000;6 085;6 000;9 514;57 488 345;1.42%
28/04/2025;6 250;6 095;6 250;6 095;9 171;56 607 998;2.71%
29/04/2025;6 200;6 195;6 200;6 195;18 174;112 633 365;-0.80%
30/04/2025;6 300;6 300;6 300;6 300;7 136;44 956 800;1.61%
01/05/2025;6 300;6 300;6 300;6 300;7 136;44 956 800;0.00%
02/05/2025;6 340;6 300;6 340;6 300;8 814;55 704 480;0.63%
05/05/2025;6 350;6 395;6 395;6 350;1 281;8 163 173;0.16%
06/05/2025;6 400;6 345;6 400;6 345;8 192;52 203 520;0.79%
07/05/2025;6 405;6 490;6 490;6 405;1 952;12 585 520;0.08%
08/05/2025;6 425;6 405;6 425;6 405;12 353;79 244 495;0.31%
09/05/2025;6 500;6 485;6 500;6 485;3 943;25 599 928;1.17%
12/05/2025;6 550;6 500;6 550;6 500;2 907;18 968 175;0.77%
13/05/2025;6 700;6 550;6 700;6 550;2 495;16 529 375;2.29%
14/05/2025;6 800;6 695;6 800;6 695;4 415;29 790 213;1.49%
15/05/2025;6 800;6 800;6 800;6 800;1 812;12 321 600;0.00%
16/05/2025;6 985;6 800;6 985;6 800;4 007;27 618 248;2.72%
19/05/2025;6 985;6 985;6 985;6 985;36 796;257 020 060;0.00%
20/05/2025;6 900;6 980;6 980;6 900;2 326;16 142 440;-1.22%
21/05/2025;6 800;6 900;6 900;6 800;3 439;23 557 150;-1.45%
22/05/2025;6 900;6 800;6 900;6 800;2 412;16 522 200;1.47%
23/05/2025;6 990;6 990;6 990;6 990;1 431;10 002 690;1.30%
26/05/2025;6 945;6 470;6 945;6 470;12 417;83 287 028;-0.64%
27/05/2025;6 900;6 950;6 950;6 900;8 758;60 649 150;-0.65%
28/05/2025;6 910;6 950;6 950;6 910;8 111;56 209 230;0.14%
29/05/2025;6 910;6 950;6 950;6 910;8 111;56 209 230;0.00%
30/05/2025;6 995;6 900;6 995;6 900;4 623;32 118 293;1.23%
02/06/2025;6 800;6 995;6 995;6 800;5 067;34 949 633;-2.79%
03/06/2025;6 800;6 700;6 800;6 700;11 011;74 324 250;0.00%
04/06/2025;6 740;6 500;6 740;6 500;11 291;74 746 420;-0.88%
05/06/2025;6 550;6 750;6 750;6 550;3 463;23 028 950;-2.82%
10/06/2025;6 985;6 600;6 985;6 600;14 651;99 516 918;6.64%
11/06/2025;7 280;6 990;7 280;6 990;22 453;160 202 155;4.22%
12/06/2025;7 450;7 280;7 450;7 280;13 815;101 747 475;2.34%
13/06/2025;7 885;7 480;7 885;7 480;24 360;187 145 700;5.84%
16/06/2025;7 820;7 880;7 880;7 820;14 614;114 719 900;-0.82%
17/06/2025;7 820;7 820;7 820;7 820;13 696;107 102 720;0.00%
18/06/2025;7 900;7 820;7 900;7 820;7 381;58 014 660;1.02%
19/06/2025;8 000;7 950;8 000;7 950;21 143;168 615 425;1.27%
20/06/2025;7 920;8 100;8 100;7 920;18 597;148 961 970;-1.00%
23/06/2025;7 990;8 000;8 000;7 990;11 433;91 406 835;0.88%
24/06/2025;7 990;7 990;7 990;7 990;10 440;83 415 600;0.00%
25/06/2025;7 885;7 985;7 985;7 885;3 386;26 867 910;-1.31%
26/06/2025;7 800;7 880;7 880;7 800;2 072;16 244 480;-1.08%
27/06/2025;8 000;7 800;8 000;7 800;15 148;119 669 200;2.56%
30/06/2025;8 380;8 000;8 380;8 000;7 836;64 176 840;4.75%
01/07/2025;8 150;8 500;8 500;8 150;30 292;252 180 900;-2.74%
02/07/2025;8 350;8 200;8 350;8 200;8 147;67 416 425;2.45%
03/07/2025;8 290;8 300;8 300;8 290;3 345;27 746 775;-0.72%
04/07/2025;8 400;8 325;8 400;8 325;6 530;54 607 125;1.33%
07/07/2025;8 350;8 350;8 350;8 350;15 272;127 521 200;-0.60%
08/07/2025;8 300;8 350;8 350;8 300;14 850;123 626 250;-0.60%
09/07/2025;8 350;8 300;8 350;8 300;4 715;39 252 375;0.60%
10/07/2025;8 300;8 360;8 360;8 300;4 017;33 461 610;-0.60%
11/07/2025;8 310;8 300;8 310;8 300;2 693;22 365 365;0.12%
14/07/2025;8 250;8 300;8 300;8 250;7 275;60 200 625;-0.72%
15/07/2025;8 250;8 250;8 250;8 250;3 723;30 714 750;0.00%
16/07/2025;8 300;8 250;8 300;8 250;6 083;50 336 825;0.61%
17/07/2025;8 200;8 250;8 250;8 200;5 092;41 881 700;-1.20%
18/07/2025;8 250;8 200;8 250;8 200;1 507;12 395 075;0.61%
21/07/2025;8 495;8 300;8 495;8 300;9 449;79 347 978;2.97%
22/07/2025;8 450;8 475;8 475;8 450;1 293;10 942 013;-0.53%
23/07/2025;8 480;8 500;8 500;8 480;14 458;122 748 420;0.36%
24/07/2025;8 500;8 485;8 500;8 485;3 242;27 532 685;0.24%
25/07/2025;8 550;8 475;8 550;8 475;533;4 537 163;0.59%
28/07/2025;8 500;8 500;8 500;8 500;3 155;26 817 500;-0.58%
29/07/2025;8 420;8 500;8 500;8 420;4 591;38 839 860;-0.94%
30/07/2025;8 450;8 450;8 450;8 450;2 694;22 764 300;0.36%
31/07/2025;8 450;8 450;8 450;8 450;2 471;20 879 950;0.00%
01/08/2025;8 530;8 450;8 530;8 450;4 578;38 867 220;0.95%
04/08/2025;8 460;8 530;8 530;8 460;474;4 026 630;-0.82%
05/08/2025;8 535;8 470;8 535;8 470;4 955;42 129 888;0.89%
06/08/2025;8 590;8 535;8 590;8 535;1 606;13 751 375;0.64%
07/08/2025;8 590;8 535;8 590;8 535;1 606;13 751 375;0.00%
08/08/2025;8 590;8 590;8 590;8 590;1 594;13 692 460;0.00%
11/08/2025;8 650;8 595;8 650;8 595;1 979;17 063 928;0.70%
12/08/2025;8 945;8 655;8 945;8 655;2 506;22 052 800;3.41%
13/08/2025;8 985;8 950;8 985;8 950;2 642;23 692 135;0.45%
14/08/2025;8 985;8 990;8 990;8 985;2 143;19 260 213;0.00%
15/08/2025;8 985;8 990;8 990;8 985;2 143;19 260 213;0.00%
18/08/2025;8 980;8 985;8 985;8 980;3 407;30 603 378;-0.06%
19/08/2025;8 995;8 995;8 995;8 995;943;8 482 285;0.17%
20/08/2025;9 140;9 000;9 140;9 000;6 767;61 376 690;1.61%
21/08/2025;9 200;9 145;9 200;9 145;4 235;38 845 538;0.66%
22/08/2025;9 210;9 200;9 210;9 200;2 013;18 529 665;0.11%
25/08/2025;9 095;9 200;9 200;9 095;3 553;32 501 068;-1.25%
26/08/2025;9 090;9 100;9 100;9 090;3 360;30 559 200;-0.05%
27/08/2025;8 850;9 090;9 090;8 850;5 420;48 617 400;-2.64%
28/08/2025;8 740;8 845;8 845;8 740;3 050;26 817 125;-1.24%
29/08/2025;8 815;8 750;8 815;8 750;2 037;17 889 953;0.86%
01/09/2025;9 000;8 815;9 000;8 815;4 588;40 867 610;2.10%
02/09/2025;9 000;9 005;9 005;9 000;4 694;42 257 735;0.00%
03/09/2025;9 000;8 950;9 000;8 950;1 406;12 618 850;0.00%
04/09/2025;9 000;8 950;9 000;8 950;1 406;12 618 850;0.00%
05/09/2025;9 000;9 000;9 000;9 000;4 993;44 937 000;0.00%
08/09/2025;8 700;8 820;8 820;8 700;7 018;61 477 680;-3.33%
09/09/2025;8 500;8 700;8 700;8 500;4 638;39 886 800;-2.30%
10/09/2025;8 600;8 500;8 600;8 500;7 327;62 645 850;1.18%
11/09/2025;8 600;8 600;8 600;8 600;3 486;29 979 600;0.00%
12/09/2025;8 800;8 600;8 800;8 600;2 672;23 246 400;2.33%
15/09/2025;9 000;8 800;9 000;8 800;2 358;20 986 200;2.27%
16/09/2025;9 100;9 000;9 100;9 000;2 740;24 797 000;1.11%
17/09/2025;9 100;9 100;9 100;9 100;5 611;51 060 100;0.00%
18/09/2025;9 100;9 100;9 100;9 100;2 037;18 536 700;0.00%
19/09/2025;9 000;9 100;9 100;9 000;1 384;12 525 200;-1.10%
22/09/2025;9 100;9 000;9 100;9 000;4 754;43 023 700;1.11%
23/09/2025;9 000;9 095;9 095;9 000;1 107;10 015 583;-1.10%
24/09/2025;9 015;9 000;9 015;9 000;1 490;13 421 175;0.17%
25/09/2025;9 245;9 000;9 245;9 000;5 424;49 480 440;2.55%
26/09/2025;9 250;9 200;9 250;9 200;1 801;16 614 225;0.05%
29/09/2025;9 200;9 250;9 250;9 200;1 061;9 787 725;-0.54%
30/09/2025;9 150;9 155;9 155;9 150;4 651;42 568 278;-0.54%
01/10/2025;9 145;9 105;9 145;9 105;959;8 750 875;-0.05%
02/10/2025;9 200;9 145;9 200;9 145;2 383;21 858 068;0.60%
03/10/2025;9 200;9 195;9 200;9 195;24 719;227 353 003;0.00%
06/10/2025;9 500;9 250;9 500;9 250;5 897;55 284 375;3.26%
07/10/2025;9 650;9 600;9 650;9 600;2 629;25 304 125;1.58%
08/10/2025;9 645;9 675;9 675;9 645;2 674;25 830 840;-0.05%
09/10/2025;9 655;9 655;9 655;9 655;2 312;22 322 360;0.10%
10/10/2025;9 515;9 655;9 655;9 515;2 890;27 700 650;-1.45%
13/10/2025;9 400;9 645;9 645;9 400;4 059;38 651 828;-1.21%
14/10/2025;9 585;9 400;9 585;9 400;3 105;29 474 213;1.97%
15/10/2025;9 690;9 695;9 695;9 690;5 829;56 497 583;1.10%
16/10/2025;9 700;9 715;9 715;9 700;4 838;46 964 885;0.10%
17/10/2025;9 300;9 890;9 890;9 300;36 238;347 703 610;-4.12%
20/10/2025;9 115;9 300;9 300;9 115;9 016;83 014 820;-1.99%
21/10/2025;8 900;9 000;9 000;8 900;7 026;62 882 700;-2.36%
22/10/2025;8 895;9 000;9 000;8 895;6 344;56 762 940;-0.06%
23/10/2025;8 805;8 895;8 895;8 805;11 000;97 350 000;-1.01%
24/10/2025;8 900;8 800;8 900;8 800;4 715;41 727 750;1.08%
27/10/2025;9 000;8 900;9 000;8 900;10 841;97 026 950;1.12%
28/10/2025;9 080;9 000;9 080;9 000;12 833;116 010 320;0.89%
29/10/2025;9 260;9 565;9 565;9 260;25 658;241 505 925;1.98%
30/10/2025;8 570;9 100;9 100;8 570;27 719;244 897 365;-7.45%
31/10/2025;8 350;7 930;8 350;7 930;9 605;78 184 700;-2.57%
03/11/2025;7 725;7 750;7 750;7 725;1 986;15 366 675;-7.49%
04/11/2025;7 150;7 150;7 150;7 150;4 838;34 591 700;-7.44%
05/11/2025;6 990;6 620;6 990;6 620;9 967;67 825 435;-2.24%
06/11/2025;7 500;7 000;7 500;7 000;10 540;76 415 000;7.30%
07/11/2025;8 060;8 060;8 060;8 060;-;0;7.47%
10/11/2025;8 450;8 200;8 450;8 200;4 299;35 789 175;4.84%
11/11/2025;8 350;8 450;8 450;8 350;4 067;34 162 800;-1.18%
12/11/2025;8 200;8 350;8 350;8 200;4 951;40 969 525;-1.80%
13/11/2025;8 150;8 200;8 200;8 150;12 856;105 097 800;-0.61%
14/11/2025;7 950;7 865;7 950;7 865;2 241;17 720 708;-2.45%
17/11/2025;8 150;7 950;8 150;7 950;8 871;71 411 550;2.52%
18/11/2025;8 090;8 000;8 090;8 000;4 767;38 350 515;-0.74%
19/11/2025;8 090;8 100;8 100;8 090;1 415;11 454 425;0.00%
20/11/2025;8 005;8 090;8 090;8 005;1 537;12 369 008;-1.05%
21/11/2025;8 095;8 100;8 100;8 095;2 941;23 814 748;1.12%
24/11/2025;8 100;8 095;8 100;8 095;4 238;34 317 205;0.06%
25/11/2025;8 190;8 100;8 190;8 100;5 305;43 209 225;1.11%
26/11/2025;8 120;8 180;8 180;8 120;1 758;14 327 700;-0.85%
27/11/2025;7 995;8 120;8 120;7 995;2 493;20 087 348;-1.54%
28/11/2025;7 950;8 000;8 000;7 950;795;6 340 125;-0.56%
01/12/2025;8 000;7 945;8 000;7 945;7 486;59 682 135;0.63%
02/12/2025;8 010;8 000;8 010;8 000;2 810;22 494 050;0.13%
03/12/2025;8 120;8 075;8 120;8 075;5 436;44 018 010;1.37%
04/12/2025;7 995;8 000;8 000;7 995;762;6 094 095;-1.54%
05/12/2025;8 100;7 995;8 100;7 995;3 839;30 894 353;1.31%
08/12/2025;8 100;8 000;8 100;8 000;2 692;21 670 600;0.00%
09/12/2025;8 095;8 100;8 100;8 095;1 114;9 020 615;-0.06%
10/12/2025;8 000;7 990;8 000;7 990;14 937;119 421 315;-1.17%
11/12/2025;8 000;8 045;8 045;8 000;462;3 706 395;0.00%
12/12/2025;7 995;7 995;7 995;7 995;522;4 173 390;-0.06%
15/12/2025;8 000;7 995;8 000;7 995;1 517;12 132 208;0.06%
16/12/2025;8 000;7 605;8 000;7 605;6 557;51 160 993;0.00%
17/12/2025;8 000;8 000;8 000;8 000;8 781;70 248 000;0.00%
18/12/2025;8 000;8 000;8 000;8 000;7 264;58 112 000;0.00%
19/12/2025;7 950;8 010;8 010;7 950;651;5 194 980;-0.63%
22/12/2025;8 000;7 975;8 000;7 975;5 443;43 475 963;0.63%
23/12/2025;8 095;8 000;8 095;8 000;4 427;35 626 283;1.19%
24/12/2025;7 945;7 705;7 945;7 705;535;4 186 375;-1.85%
25/12/2025;7 945;7 705;7 945;7 705;535;4 186 375;0.00%
26/12/2025;8 000;8 095;8 095;8 000;14 287;114 974 633;0.69%
29/12/2025;8 050;7 795;8 050;7 795;5 751;45 562 298;0.63%
30/12/2025;8 105;8 050;8 105;8 050;10 413;84 111 008;0.68%
31/12/2025;8 100;8 095;8 100;8 095;4 628;37 475 230;-0.06%
01/01/2026;8 100;8 095;8 100;8 095;4 628;37 475 230;0.00%
02/01/2026;8 000;8 100;8 100;8 000;221;1 779 050;-1.23%
05/01/2026;7 990;8 000;8 000;7 990;1 687;13 487 565;-0.13%
06/01/2026;7 950;7 995;7 995;7 950;1 432;11 416 620;-0.50%
07/01/2026;7 950;7 960;7 960;7 950;699;5 560 545;0.00%
08/01/2026;7 940;7 945;7 945;7 940;401;3 184 943;-0.13%
09/01/2026;7 960;7 940;7 960;7 940;1 404;11 161 800;0.25%
12/01/2026;7 910;7 950;7 950;7 910;565;4 480 450;-0.63%
13/01/2026;7 850;7 545;7 850;7 545;845;6 504 388;-0.76%
14/01/2026;7 900;7 860;7 900;7 860;2 447;19 282 360;0.64%
15/01/2026;7 895;7 920;7 920;7 895;2 167;17 135 553;-0.06%
16/01/2026;7 860;7 950;7 950;7 860;879;6 948 495;-0.44%
19/01/2026;8 000;7 860;8 000;7 860;3 539;28 064 270;1.78%
20/01/2026;7 860;8 000;8 000;7 860;3 000;23 790 000;-1.75%
21/01/2026;7 995;7 860;7 995;7 860;4 558;36 133 545;1.72%
22/01/2026;8 340;7 985;8 340;7 985;6 695;54 647 938;4.32%
23/01/2026;8 335;8 340;8 340;8 335;11 214;93 496 725;-0.06%
26/01/2026;8 300;8 300;8 300;8 300;5 338;44 305 400;-0.42%
27/01/2026;8 200;8 300;8 300;8 200;3 434;28 330 500;-1.20%
28/01/2026;8 200;8 290;8 290;8 200;6 540;53 922 300;0.00%
29/01/2026;8 295;8 205;8 295;8 205;1 886;15 559 500;1.16%
30/01/2026;8 205;8 285;8 285;8 205;961;7 923 445;-1.08%
02/02/2026;8 300;8 200;8 300;8 200;5 552;45 804 000;1.16%
03/02/2026;8 230;8 230;8 300;8 300;921;7 579 830;-0,84%
04/02/2026;8 235;8 230;8 235;8 230;972;8 001 990;0.06%
05/02/2026;8 320;8 300;8 320;8 300;1 773;14 733 630;1.03%
06/02/2026;8 450;8 320;8 450;8 320;5 429;45 522 165;1.56%
09/02/2026;8 505;8 435;8 505;8 435;2 285;19 353 950;0.65%
10/02/2026;8 900;8 505;8 900;8 505;12 591;109 573 178;4.64%
11/02/2026;8 950;8 900;8 950;8 900;4 855;43 330 875;0.56%
12/02/2026;8 950;9 000;9 000;8 950;4 496;40 351 600;0.00%
13/02/2026;9 000;9 000;9 000;9 000;15 717;141 453 000;0.56%
16/02/2026;9 000;9 000;9 000;9 000;6 535;58 815 000;0.00%
17/02/2026;8 995;9 000;9 000;8 995;3 046;27 406 385;-0.06%
18/02/2026;9 000;9 000;9 000;9 000;6 605;59 445 000;0.06%
19/02/2026;9 005;9 000;9 005;9 000;6 161;55 464 403;0.06%
20/02/2026;9 005;9 005;9 005;9 005;1 769;15 929 845;0,00%
23/02/2026;9 005;9 005;9 005;9 005;4 587;41 305 935;0,00%
24/02/2026;9 000;9 000;9 000;9 000;1 394;12 546 000;-0,06%
25/02/2026;9 000;9 000;9 000;9 000;6 706;60 354 000;0,00%
26/02/2026;9 000;9 000;9 000;9 000;992;8 928 000;0.00%
27/02/2026;9 050;9 000;9 050;9 000;2 337;21 091 425;0.56%
02/03/2026;9 100;9 050;9 100;9 050;671;6 089 325;0.55%
03/03/2026;9 200;9 200;9 200;9 200;619;5 694 800;1.10%
04/03/2026;9 195;9 200;9 200;9 195;3 630;33 386 925;-0.05%
05/03/2026;9 200;9 350;9 350;9 200;1 598;14 821 450;-1.60%
06/03/2026;9 100;9 100;9 200;9 200;2 268;20 638 800;-1,09%
09/03/2026;9 300;9 105;9 300;9 105;4 142;38 520 600;2,20%
10/03/2026;9 405;9 405;9 500;9 500;1 016;9 555 480;1,13%
11/03/2026;9 410;9 410;9 410;9 410;1 687;15 874 670;0,05%
12/03/2026;9 500;9 420;9 500;9 420;8 364;79 458 000;0,96%
13/03/2026;9 450;9 450;9 500;9 500;1 155;10 914 750;-0,53%
16/03/2026;9 450;9 450;9 500;9 500;1 155;10 914 750;0,00%
17/03/2026;9 440;9 435;9 440;9 435;10 014;94 532 160;-0,11%
18/03/2026;9 305;9 440;9 440;9 305;2 709;25 390 103;-1.43%
19/03/2026;9 350;9 305;9 350;9 305;1 863;17 377 133;0.48%
20/03/2026;9 350;9 305;9 350;9 305;1 863;17 419 050;0,00%
23/03/2026;9 400;9 350;9 400;9 350;3 629;34 021 875;0.53%
24/03/2026;8 695;8 695;8 695;8 695;2 140;18 607 300;-7,50%
25/03/2026;8 045;8 045;8 045;8 045;2 512;20 209 040;-7,48%
26/03/2026;8 000;7 475;8 000;7 475;6 673;51 632 338;-0.56%
27/03/2026;8 200;8 000;8 200;8 000;1 693;13 713 300;2.50%
30/03/2026;8 050;8 105;8 105;8 050;5 130;41 437 575;-1.83%
31/03/2026;8 100;8 100;8 200;8 200;2 031;16 451 100;0,62%
01/04/2026;8 080;8 080;8 100;8 100;1 562;12 620 960;-0,25%
02/04/2026;8 150;8 080;8 150;8 080;900;7 335 000;0,87%
03/04/2026;8 150;8 150;8 150;8 150;352;2 868 800;0,00%
06/04/2026;8 150;8 150;8 150;8 150;352;2 868 800;0,00%
07/04/2026;8 200;8 150;8 200;8 150;1 394;11 430 800;0,61%
08/04/2026;8 200;8 200;8 200;8 200;993;8 142 600;0.00%
09/04/2026;8 700;8 200;8 700;8 200;2 451;20 710 950;6.10%
10/04/2026;8 600;8 600;8 700;8 700;379;3 259 400;-1,15%
13/04/2026;8 500;8 500;8 500;8 500;577;4 904 500;-1,16%
14/04/2026;8 300;8 300;8 395;8 395;5 425;45 027 500;-2,35%
15/04/2026;8 035;8 035;8 195;8 195;937;7 528 795;-3,19%
16/04/2026;8 100;8 035;8 100;8 035;1 624;13 101 620;0.81%
17/04/2026;8 100;8 100;8 100;8 100;641;5 192 100;0.00%
20/04/2026;8 060;8 100;8 100;8 060;645;5 211 600;-0.49%
21/04/2026;8 060;8 100;8 100;8 060;657;5 308 560;0.00%
22/04/2026;8 060;8 060;8 100;8 100;1 696;13 669 760;0,00%
23/04/2026;7 990;7 990;8 060;8 060;658;5 257 420;-0,87%
24/04/2026;7 700;7 700;8 000;8 000;2 906;22 376 200;-3,63%
27/04/2026;7 900;7 900;7 900;7 900;1 736;13 714 400;2,60%
28/04/2026;7 800;7 800;8 000;8 000;1 251;9 757 800;-1,27%
29/04/2026;7 900;7 800;7 900;7 800;1 173;9 208 050;1.28%
30/04/2026;7 310;7 310;7 350;7 350;3 082;22 529 420;-7,47%
01/05/2026;7 310;7 310;7 350;7 350;3 082;22 529 420;0,00%
04/05/2026;7 000;6 765;7 000;6 765;10 015;68 928 238;-4.24%
05/05/2026;7 310;6 995;7 310;6 995;3 213;22 980 983;4.43%
06/05/2026;7 800;7 800;7 800;7 800;7 714;60 169 200;6.70%
07/05/2026;7 900;7 795;7 900;7 795;1 823;14 305 993;1.28%
08/05/2026;7 800;7 900;7 900;7 800;1 399;10 982 150;-1.27%
11/05/2026;7 800;7 800;7 800;7 800;3 623;28 259 400;0.00%
12/05/2026;7 850;7 700;7 850;7 700;1 639;12 743 225;0.64%
13/05/2026;7 800;7 650;7 800;7 650;765;5 909 625;-0.64%
14/05/2026;7 800;7 650;7 800;7 650;765;5 909 625;0.00%
15/05/2026;7 700;7 800;7 800;7 700;1 940;15 035 000;-1.28%
18/05/2026;7 700;7 700;7 700;7 700;1 652;12 720 400;0.00%
19/05/2026;7 690;7 700;7 700;7 690;953;7 333 335;-0.13%
20/05/2026;7 690;7 690;7 690;7 690;1 527;11 742 630;0.00%
21/05/2026;7 700;7 690;7 700;7 690;1 690;13 004 550;0.13%
22/05/2026;7 680;7 700;7 700;7 680;423;3 252 870;-0.26%
25/05/2026;7 680;7 700;7 700;7 680;423;3 252 870;0.00%
26/05/2026;7 800;7 680;7 800;7 680;2 077;16 075 980;1.56%
27/05/2026;7 800;7 680;7 800;7 680;2 077;16 075 980;0.00%
28/05/2026;7 995;7 800;7 995;7 800;2 720;21 481 200;2.50%
29/05/2026;7 975;7 995;7 995;7 975;776;6 196 360;-0.25%
01/06/2026;7 975;7 975;7 975;7 975;833;6 643 175;0.00%
02/06/2026;8 000;8 000;8 000;8 000;15 731;125 848 000;0.31%
03/06/2026;8 300;8 000;8 300;8 000;2 807;22 877 050;3.75%
04/06/2026;7 680;8 300;8 300;7 680;7 327;58 542 730;-7.47%
05/06/2026;8 255;7 740;8 255;7 740;52 326;418 477 185;7.49%
08/06/2026;8 495;8 300;8 495;8 300;890;7 473 775;2.91%
09/06/2026;8 685;8 490;8 685;8 490;6 964;59 803 350;2.24%
10/06/2026;8 690;8 685;8 690;8 685;4 038;35 080 125;0.06%
11/06/2026;8 685;8 695;8 695;8 685;2 406;20 908 140;-0.06%
12/06/2026;8 780;8 685;8 780;8 685;3 880;33 882 100;1.09%
15/06/2026;8 775;8 780;8 780;8 775;2 427;21 302 993;-0.06%
16/06/2026;8 775;8 780;8 780;8 775;4 303;37 769 583;0.00%
17/06/2026;8 625;8 775;8 775;8 625;1 051;9 143 700;-1.71%
18/06/2026;8 650;8 755;8 755;8 650;825;7 179 563;0.29%
19/06/2026;8 680;8 650;8 680;8 650;636;5 510 940;0.35%
22/06/2026;8 735;8 705;8 735;8 705;1 900;16 568 000;0.63%
23/06/2026;8 740;8 740;8 740;8 740;1 388;12 131 120;0.06%
24/06/2026;8 740;8 745;8 745;8 740;4 895;42 794 538;0.00%
25/06/2026;8 740;8 730;8 740;8 730;1 911;16 692 585;0.00%
26/06/2026;8 800;8 795;8 800;8 795;635;5 586 413;0.69%
29/06/2026;8 700;8 740;8 740;8 700;14 296;124 661 120;-1.14%
30/06/2026;8 700;8 600;8 700;8 600;9 896;85 600 400;0.00%
01/07/2026;8 730;8 600;8 730;8 600;7 989;69 224 685;0.34%
02/07/2026;8 665;8 720;8 720;8 665;2 240;19 471 200;-0.74%
03/07/2026;8 835;8 650;8 835;8 650;7 689;67 221 083;1.96%
06/07/2026;8 850;8 825;8 850;8 825;3 942;34 837 425;0.17%
07/07/2026;8 840;8 850;8 850;8 840;4 227;37 387 815;-0.11%
08/07/2026;8 840;8 840;8 840;8 840;5 673;50 149 320;0.00%
