Date;Clôture;Plus bas;Plus haut;Ouverture;Volume Titres;Volume FCFA;Variation %
04/01/2012;740;740;740;740;11;8 140;0.01%
17/01/2012;740;740;740;740;195;144 300;0.00%
18/01/2012;740;740;740;740;13;9 619;-0.01%
19/01/2012;730;730;730;730;20;14 600;-1.34%
20/01/2012;730;730;730;730;11;8 030;0.00%
27/01/2012;700;700;700;700;20;14 000;-4.11%
30/01/2012;700;700;700;700;46;32 200;0.00%
02/02/2012;700;700;700;700;4;2 800;0.00%
06/02/2012;710;710;710;710;12;8 520;1.43%
07/02/2012;730;730;730;730;8;5 840;2.82%
09/02/2012;730;730;730;730;3;2 190;0.00%
17/02/2012;701;701;701;701;16;11 216;-3.97%
20/02/2012;701;701;701;701;5;3 505;0.00%
24/02/2012;701;701;701;701;8;5 608;0.00%
27/02/2012;701;701;701;701;35;24 537;0.01%
28/02/2012;705;705;705;705;11;7 755;0.56%
09/03/2012;720;720;720;720;8;5 760;2.13%
15/03/2012;720;720;720;720;32;23 040;0.00%
19/03/2012;720;720;720;720;45;32 400;0.00%
20/03/2012;720;720;720;720;4;2 880;0.00%
21/03/2012;720;720;720;720;2;1 440;0.00%
23/03/2012;720;720;720;720;6;4 320;0.00%
28/03/2012;720;720;720;720;1;720;0.00%
30/03/2012;720;720;720;720;5;3 600;0.00%
04/04/2012;720;720;720;720;45;32 400;0.00%
05/04/2012;720;720;720;720;73;52 560;0.00%
06/04/2012;720;720;720;720;35;25 200;0.00%
13/04/2012;720;720;720;720;11;7 920;0.00%
18/04/2012;725;725;725;725;10;7 251;0.70%
19/04/2012;770;770;770;770;10;7 700;6.20%
20/04/2012;775;775;775;775;27;20 925;0.65%
23/04/2012;720;720;720;720;30;21 600;-7.10%
24/04/2012;720;720;720;720;15;10 800;0.00%
30/04/2012;720;720;720;720;9;6 480;0.00%
04/05/2012;770;770;770;770;71;54 670;6.94%
07/05/2012;800;800;800;800;200;160 000;3.90%
15/05/2012;801;801;801;801;70;56 035;0.06%
16/05/2012;800;800;800;800;650;520 000;-0.06%
18/05/2012;800;800;800;800;100;80 000;0.00%
21/05/2012;799;799;799;799;50;39 950;-0.13%
23/05/2012;775;775;775;775;108;83 700;-3.00%
01/06/2012;775;775;775;775;34;26 350;0.00%
04/06/2012;775;775;775;775;5;3 875;0.00%
05/06/2012;775;775;775;775;10;7 750;0.00%
11/06/2012;800;800;800;800;25;20 000;3.23%
13/06/2012;801;801;801;801;50;40 050;0.13%
15/06/2012;800;800;800;800;53;42 400;-0.12%
20/06/2012;800;800;800;800;2;1 600;0.00%
22/06/2012;800;800;800;800;4;3 200;0.00%
28/06/2012;810;810;810;810;13;10 530;1.25%
06/07/2012;810;810;810;810;5;4 050;0.00%
09/07/2012;810;810;810;810;5;4 050;0.00%
10/07/2012;810;810;810;810;10;8 100;0.00%
11/07/2012;810;810;810;810;21;17 010;0.00%
13/07/2012;800;800;800;800;8;6 400;-1.23%
17/07/2012;800;800;800;800;20;16 002;0.01%
23/07/2012;810;810;810;810;46;37 260;1.24%
27/07/2012;810;810;810;810;4;3 240;0.00%
30/07/2012;820;820;820;820;54;44 280;1.23%
03/08/2012;880;880;880;880;92;80 960;7.32%
09/08/2012;880;880;880;880;54;47 520;0.00%
10/08/2012;880;880;880;880;50;44 000;0.00%
17/08/2012;880;880;880;880;2;1 760;0.00%
24/08/2012;814;814;814;814;9;7 326;-7.50%
27/08/2012;814;814;814;814;458;372 812;0.00%
28/08/2012;875;875;875;875;8;7 000;7.49%
31/08/2012;811;811;811;811;25;20 275;-7.31%
03/09/2012;811;811;811;811;42;34 062;0.00%
04/09/2012;811;811;811;811;33;26 763;0.00%
12/09/2012;811;811;811;811;3;2 433;0.00%
13/09/2012;811;811;811;811;5;4 055;0.00%
17/09/2012;811;811;811;811;21;17 031;0.00%
20/09/2012;811;811;811;811;4;3 244;0.00%
02/10/2012;811;811;811;811;5;4 055;0.00%
03/10/2012;811;811;811;811;10;8 110;-0.01%
11/10/2012;850;850;850;850;13;11 050;4.81%
17/10/2012;810;810;810;810;90;72 900;-4.71%
19/10/2012;810;810;810;810;66;53 460;0.00%
23/10/2012;810;810;810;810;20;16 200;0.00%
29/10/2012;850;850;850;850;10;8 500;4.93%
30/10/2012;850;850;850;850;123;104 550;0.01%
31/10/2012;850;850;850;850;17;14 450;0.00%
07/11/2012;850;850;850;850;210;178 500;0.00%
08/11/2012;860;860;860;860;16;13 760;1.18%
09/11/2012;860;860;860;860;1;860;0.00%
12/11/2012;870;870;870;870;15;13 050;1.16%
13/11/2012;850;850;850;850;10;8 500;-2.30%
20/11/2012;875;875;875;875;34;29 752;2.95%
27/11/2012;875;875;875;875;20;17 501;0.00%
30/11/2012;875;875;875;875;6;5 250;0.00%
03/12/2012;875;875;875;875;4;3 500;0.00%
04/12/2012;875;875;875;875;2;1 750;0.00%
05/12/2012;876;876;876;876;18;15 768;0.11%
10/12/2012;860;860;860;860;35;30 100;-1.83%
14/12/2012;860;860;860;860;7;6 020;0.00%
18/12/2012;865;865;865;865;22;19 030;0.58%
20/12/2012;920;920;920;920;20;18 400;6.36%
03/01/2013;930;930;930;930;11;10 231;1.09%
09/01/2013;935;935;935;935;16;14 960;0.53%
11/01/2013;935;935;935;935;6;5 610;0.00%
15/01/2013;935;935;935;935;17;15 895;0.00%
28/01/2013;930;930;930;930;15;13 950;-0.53%
30/01/2013;930;930;930;930;1;930;0.00%
31/01/2013;930;930;930;930;14;13 020;0.00%
01/02/2013;930;930;930;930;6;5 580;0.00%
06/02/2013;930;930;930;930;4;3 720;0.00%
11/02/2013;930;930;930;930;5;4 650;0.00%
12/02/2013;930;930;930;930;4;3 720;0.00%
15/02/2013;933;933;933;933;74;69 042;0.32%
19/02/2013;933;933;933;933;5;4 665;0.00%
04/03/2013;933;933;933;933;51;47 583;0.00%
06/03/2013;933;933;933;933;7;6 531;0.00%
08/03/2013;1 000;1 000;1 000;1 000;18;18 000;7.18%
11/03/2013;933;933;933;933;30;27 992;-6.70%
18/03/2013;933;933;933;933;12;11 196;-0.01%
21/03/2013;933;933;933;933;3;2 799;0.00%
22/03/2013;933;933;933;933;12;11 196;0.00%
03/04/2013;933;933;933;933;9;8 397;0.00%
09/04/2013;935;935;935;935;12;11 221;0.23%
10/04/2013;950;950;950;950;139;132 050;1.59%
11/04/2013;1 000;1 000;1 000;1 000;10;10 000;5.26%
15/04/2013;950;950;950;950;26;24 700;-5.00%
23/04/2013;950;950;950;950;76;72 204;0.01%
24/04/2013;1 000;1 000;1 000;1 000;50;50 000;5.26%
25/04/2013;1 000;1 000;1 000;1 000;2;2 000;0.00%
30/04/2013;1 000;1 000;1 000;1 000;11;11 000;0.00%
06/05/2013;1 000;1 000;1 000;1 000;17;17 000;0.00%
10/05/2013;1 000;1 000;1 000;1 000;10;10 000;0.00%
13/05/2013;1 000;1 000;1 000;1 000;15;15 000;0.00%
22/05/2013;1 000;1 000;1 000;1 000;94;94 000;0.00%
23/05/2013;1 000;1 000;1 000;1 000;40;40 000;0.00%
28/05/2013;1 075;1 075;1 075;1 075;10;10 750;7.50%
29/05/2013;1 000;1 000;1 000;1 000;20;20 000;-6.98%
30/05/2013;1 000;1 000;1 000;1 000;2;2 000;0.00%
31/05/2013;1 010;1 010;1 010;1 010;30;30 300;1.00%
03/06/2013;1 075;1 075;1 075;1 075;15;16 125;6.44%
05/06/2013;1 075;1 075;1 075;1 075;15;16 125;0.00%
06/06/2013;1 075;1 075;1 075;1 075;74;79 550;0.00%
12/06/2013;1 075;1 075;1 075;1 075;45;48 375;0.00%
13/06/2013;1 075;1 075;1 075;1 075;8;8 600;0.00%
14/06/2013;1 075;1 075;1 075;1 075;5;5 375;0.00%
25/06/2013;1 010;1 010;1 010;1 010;3;3 030;0.00%
26/06/2013;1 010;1 010;1 010;1 010;2;2 020;0.00%
28/06/2013;1 010;1 010;1 010;1 010;2;2 020;0.00%
04/07/2013;1 000;1 000;1 000;1 000;99;99 000;-1.00%
11/07/2013;1 000;1 000;1 000;1 000;200;200 000;0.00%
12/07/2013;1 000;1 000;1 000;1 000;69;69 000;0.00%
15/07/2013;1 000;1 000;1 000;1 000;50;50 000;0.00%
18/07/2013;1 000;1 000;1 000;1 000;12;12 000;0.00%
19/07/2013;1 000;1 000;1 000;1 000;75;75 000;0.00%
23/07/2013;1 000;1 000;1 000;1 000;22;22 000;0.00%
25/07/2013;1 000;1 000;1 000;1 000;2;2 000;0.00%
30/07/2013;951;951;951;951;38;36 138;-4.90%
31/07/2013;951;951;951;951;33;31 390;0.02%
02/08/2013;951;951;951;951;54;51 354;-0.02%
05/08/2013;951;951;951;951;7;6 657;0.00%
06/08/2013;951;951;951;951;27;25 677;0.00%
23/08/2013;951;951;951;951;56;53 256;0.00%
29/08/2013;960;960;960;960;10;9 600;0.95%
30/08/2013;960;960;960;960;13;12 480;0.00%
02/09/2013;960;960;960;960;8;7 680;0.00%
03/09/2013;971;971;971;971;25;24 263;1.09%
05/09/2013;960;960;960;960;120;115 200;-1.08%
06/09/2013;960;960;960;960;14;13 440;0.00%
11/09/2013;972;972;972;972;63;61 236;1.25%
16/09/2013;972;972;972;972;20;19 440;0.00%
17/09/2013;972;972;972;972;10;9 720;0.00%
18/09/2013;972;972;972;972;93;90 396;0.00%
24/09/2013;972;972;972;972;1;972;0.00%
27/09/2013;981;981;981;981;6;5 886;0.93%
30/09/2013;980;980;980;980;9;8 820;-0.10%
01/10/2013;980;980;980;980;67;65 660;0.00%
02/10/2013;1 000;1 000;1 000;1 000;3;3 000;2.04%
03/10/2013;1 075;1 075;1 075;1 075;100;107 500;7.50%
04/10/2013;1 075;1 075;1 075;1 075;128;137 600;0.00%
10/10/2013;1 075;1 075;1 075;1 075;317;340 775;0.00%
14/10/2013;1 055;1 055;1 055;1 055;1;1 055;-1.86%
16/10/2013;1 100;1 100;1 100;1 100;2;2 200;4.27%
18/10/2013;1 100;1 100;1 100;1 100;48;52 800;0.00%
28/10/2013;1 065;1 065;1 065;1 065;40;42 600;-3.18%
29/10/2013;1 065;1 065;1 065;1 065;6;6 390;0.00%
30/10/2013;1 145;1 145;1 145;1 145;4;4 579;7.50%
31/10/2013;1 168;1 168;1 168;1 168;245;286 087;2.00%
04/11/2013;1 255;1 255;1 255;1 255;200;251 050;7.50%
05/11/2013;1 349;1 349;1 349;1 349;2;2 699;7.50%
07/11/2013;1 450;1 450;1 450;1 450;105;152 250;7.46%
08/11/2013;1 349;1 349;1 349;1 349;10;13 494;-6.94%
11/11/2013;1 350;1 350;1 350;1 350;10;13 500;0.05%
13/11/2013;1 360;1 360;1 360;1 360;109;148 245;0.74%
14/11/2013;1 462;1 462;1 462;1 462;1;1 462;7.50%
19/11/2013;1 400;1 400;1 400;1 400;1;1 400;-4.24%
20/11/2013;1 410;1 410;1 410;1 410;64;90 240;0.71%
21/11/2013;1 410;1 410;1 410;1 410;74;104 340;0.00%
22/11/2013;1 390;1 390;1 390;1 390;3;4 170;-1.42%
25/11/2013;1 410;1 410;1 410;1 410;11;15 510;1.44%
26/11/2013;1 400;1 400;1 400;1 400;1;1 400;-0.71%
27/11/2013;1 395;1 395;1 395;1 395;2;2 790;-0.36%
28/11/2013;1 412;1 412;1 412;1 412;220;310 640;1.22%
02/12/2013;1 450;1 450;1 450;1 450;1;1 450;2.69%
03/12/2013;1 440;1 440;1 440;1 440;10;14 400;-0.69%
05/12/2013;1 440;1 440;1 440;1 440;6;8 640;0.00%
06/12/2013;1 440;1 440;1 440;1 440;5;7 200;0.00%
09/12/2013;1 450;1 450;1 450;1 450;2;2 900;0.69%
10/12/2013;1 450;1 450;1 450;1 450;500;725 050;0.01%
11/12/2013;1 550;1 550;1 550;1 550;25;38 750;6.89%
13/12/2013;1 650;1 650;1 650;1 650;10;16 500;6.45%
17/12/2013;1 560;1 560;1 560;1 560;4;6 240;-5.45%
19/12/2013;1 456;1 456;1 456;1 456;125;182 000;-6.67%
20/12/2013;1 485;1 485;1 485;1 485;19;28 215;1.99%
24/12/2013;1 625;1 625;1 625;1 625;21;34 125;7.28%
26/12/2013;1 746;1 746;1 746;1 746;51;89 021;7.42%
31/12/2013;1 870;1 870;1 870;1 870;27;50 490;7.13%
03/01/2014;1 900;1 900;1 900;1 900;100;190 000;1.60%
07/01/2014;1 980;1 980;1 980;1 980;2;3 960;4.21%
14/01/2014;1 900;1 900;1 900;1 900;30;57 000;-4.04%
16/01/2014;1 890;1 890;1 890;1 890;6;11 340;-0.53%
22/01/2014;1 890;1 890;1 890;1 890;2;3 780;0.00%
24/01/2014;1 890;1 890;1 890;1 890;25;47 250;0.00%
27/01/2014;1 890;1 890;1 890;1 890;62;117 180;0.00%
03/02/2014;1 890;1 890;1 890;1 890;1;1 890;0.00%
11/02/2014;1 748;1 748;1 748;1 748;20;34 965;-7.50%
13/02/2014;1 720;1 720;1 720;1 720;8;13 760;-1.62%
20/02/2014;1 630;1 630;1 630;1 630;5;8 150;-5.23%
21/02/2014;1 630;1 630;1 630;1 630;3;4 890;0.00%
24/02/2014;1 600;1 600;1 600;1 600;2;3 200;-1.84%
26/02/2014;1 600;1 600;1 600;1 600;1;1 600;0.00%
27/02/2014;1 600;1 600;1 600;1 600;10;16 000;0.00%
03/03/2014;1 600;1 600;1 600;1 600;65;104 000;0.00%
05/03/2014;1 550;1 550;1 550;1 550;2;3 100;-3.13%
06/03/2014;1 550;1 550;1 550;1 550;1;1 550;0.00%
07/03/2014;1 550;1 550;1 550;1 550;17;26 350;0.00%
10/03/2014;1 550;1 550;1 550;1 550;4;6 200;0.00%
12/03/2014;1 550;1 550;1 550;1 550;15;23 250;0.00%
14/03/2014;1 550;1 550;1 550;1 550;68;105 400;0.00%
17/03/2014;1 519;1 519;1 519;1 519;6;9 114;-2.00%
19/03/2014;1 519;1 519;1 519;1 519;1;1 519;0.00%
26/03/2014;1 520;1 520;1 520;1 520;17;25 840;0.07%
27/03/2014;1 520;1 520;1 520;1 520;22;33 440;0.00%
28/03/2014;1 520;1 520;1 520;1 520;52;79 040;0.00%
31/03/2014;1 520;1 520;1 520;1 520;3;4 560;0.00%
02/04/2014;1 550;1 550;1 550;1 550;2;3 100;1.97%
03/04/2014;1 520;1 520;1 520;1 520;5;7 600;-1.94%
04/04/2014;1 560;1 560;1 560;1 560;100;156 000;2.63%
07/04/2014;1 520;1 520;1 520;1 520;3;4 560;-2.56%
08/04/2014;1 510;1 510;1 510;1 510;8;12 080;-0.66%
09/04/2014;1 520;1 520;1 520;1 520;53;80 560;0.66%
15/04/2014;1 520;1 520;1 520;1 520;2;3 040;0.00%
17/04/2014;1 550;1 550;1 550;1 550;192;297 600;1.97%
18/04/2014;1 520;1 520;1 520;1 520;75;114 000;-1.94%
22/04/2014;1 560;1 560;1 560;1 560;5;7 800;2.63%
28/04/2014;1 530;1 530;1 530;1 530;7;10 710;-1.92%
29/04/2014;1 530;1 530;1 530;1 530;2;3 060;0.00%
30/04/2014;1 530;1 530;1 530;1 530;10;15 300;0.00%
05/05/2014;1 520;1 520;1 520;1 520;7;10 640;-0.65%
06/05/2014;1 500;1 500;1 500;1 500;22;33 000;-1.32%
09/05/2014;1 470;1 470;1 470;1 470;33;48 510;-2.00%
12/05/2014;1 450;1 450;1 450;1 450;13;18 850;-1.36%
13/05/2014;1 450;1 450;1 450;1 450;42;60 900;0.00%
14/05/2014;1 460;1 460;1 460;1 460;92;134 320;0.69%
16/05/2014;1 500;1 500;1 500;1 500;54;81 000;2.74%
19/05/2014;1 613;1 613;1 613;1 613;4;6 450;7.50%
21/05/2014;1 560;1 560;1 560;1 560;3;4 680;-3.26%
30/05/2014;1 560;1 560;1 560;1 560;6;9 360;0.00%
02/06/2014;1 560;1 560;1 560;1 560;45;70 200;0.00%
03/06/2014;1 600;1 600;1 600;1 600;167;267 200;2.56%
05/06/2014;1 605;1 605;1 605;1 605;20;32 100;0.31%
10/06/2014;1 605;1 605;1 605;1 605;3;4 815;0.00%
11/06/2014;1 700;1 700;1 700;1 700;32;54 400;5.92%
13/06/2014;1 625;1 625;1 625;1 625;3;4 875;-4.41%
16/06/2014;1 650;1 650;1 650;1 650;3;4 950;1.54%
18/06/2014;1 530;1 530;1 530;1 530;11;16 830;-7.27%
26/06/2014;1 500;1 500;1 500;1 500;1;1 500;1.35%
27/06/2014;1 500;1 500;1 500;1 500;2;3 000;0.00%
07/07/2014;1 480;1 480;1 480;1 480;1;1 480;-1.33%
08/07/2014;1 500;1 500;1 500;1 500;4;6 000;1.35%
09/07/2014;1 500;1 500;1 500;1 500;7;10 500;0.00%
10/07/2014;1 500;1 500;1 500;1 500;18;27 000;0.00%
11/07/2014;1 500;1 500;1 500;1 500;21;31 500;0.00%
14/07/2014;1 500;1 500;1 500;1 500;11;16 500;0.00%
17/07/2014;1 550;1 550;1 550;1 550;30;46 500;3.33%
18/07/2014;1 510;1 510;1 510;1 510;76;114 768;-2.57%
22/07/2014;1 530;1 530;1 530;1 530;2;3 060;1.32%
23/07/2014;1 530;1 530;1 530;1 530;56;85 680;-0.00%
25/07/2014;1 530;1 530;1 530;1 530;2;3 060;0.00%
29/07/2014;1 530;1 530;1 530;1 530;57;87 210;0.00%
31/07/2014;1 530;1 530;1 530;1 530;1;1 530;0.00%
04/08/2014;1 530;1 530;1 530;1 530;30;45 900;-0.00%
06/08/2014;1 530;1 530;1 530;1 530;7;10 710;0.00%
07/08/2014;1 530;1 530;1 530;1 530;700;1 071 035;0.00%
11/08/2014;1 530;1 530;1 530;1 530;82;125 468;0.00%
13/08/2014;1 531;1 531;1 531;1 531;3;4 592;0.03%
14/08/2014;1 531;1 531;1 531;1 531;1;1 531;0.00%
20/08/2014;1 530;1 530;1 530;1 530;206;315 180;-0.03%
22/08/2014;1 550;1 550;1 550;1 550;17;26 350;1.31%
28/08/2014;1 550;1 550;1 550;1 550;5;7 750;0.00%
01/09/2014;1 600;1 600;1 600;1 600;10;16 000;3.23%
02/09/2014;1 550;1 550;1 550;1 550;100;155 000;-3.13%
03/09/2014;1 581;1 581;1 581;1 581;85;134 385;2.00%
04/09/2014;1 581;1 581;1 581;1 581;12;18 972;0.00%
05/09/2014;1 600;1 600;1 600;1 600;200;320 000;1.20%
10/09/2014;1 551;1 551;1 551;1 551;20;31 021;-3.06%
11/09/2014;1 570;1 570;1 570;1 570;2;3 140;1.22%
12/09/2014;1 570;1 570;1 570;1 570;8;12 560;0.00%
15/09/2014;1 600;1 600;1 600;1 600;1;1 600;1.91%
16/09/2014;1 600;1 600;1 600;1 600;3;4 800;0.00%
23/09/2014;1 550;1 550;1 550;1 550;4;6 200;0.00%
24/09/2014;1 600;1 600;1 600;1 600;62;99 200;3.22%
26/09/2014;1 600;1 600;1 600;1 600;1;1 600;0.00%
30/09/2014;1 600;1 600;1 600;1 600;322;515 200;0.00%
02/10/2014;1 600;1 600;1 600;1 600;36;57 600;0.00%
06/10/2014;1 600;1 600;1 600;1 600;19;30 400;0.00%
07/10/2014;1 600;1 600;1 600;1 600;10;16 000;0.00%
08/10/2014;1 600;1 600;1 600;1 600;16;25 600;0.00%
09/10/2014;1 580;1 580;1 580;1 580;19;30 020;-1.25%
10/10/2014;1 580;1 580;1 580;1 580;2;3 160;0.00%
13/10/2014;1 600;1 600;1 600;1 600;4;6 400;1.27%
15/10/2014;1 570;1 570;1 570;1 570;38;59 660;-1.88%
17/10/2014;1 600;1 600;1 600;1 600;1;1 600;1.91%
21/10/2014;1 600;1 600;1 600;1 600;96;153 600;0.00%
24/10/2014;1 595;1 595;1 595;1 595;5;7 975;-0.31%
28/10/2014;1 620;1 620;1 620;1 620;600;972 000;1.57%
30/10/2014;1 600;1 600;1 600;1 600;1;1 600;-1.23%
31/10/2014;1 600;1 600;1 600;1 600;7;11 200;0.00%
03/11/2014;1 650;1 650;1 650;1 650;2;3 300;3.12%
04/11/2014;1 600;1 600;1 600;1 600;50;80 000;-3.03%
05/11/2014;1 600;1 600;1 600;1 600;2;3 200;0.00%
06/11/2014;1 600;1 600;1 600;1 600;3;4 800;0.00%
10/11/2014;1 600;1 600;1 600;1 600;1;1 600;0.00%
13/11/2014;1 650;1 650;1 650;1 650;6;9 900;3.13%
18/11/2014;1 774;1 774;1 774;1 774;10;17 738;7.50%
21/11/2014;1 650;1 650;1 650;1 650;30;49 500;-6.98%
25/11/2014;1 650;1 650;1 650;1 650;25;41 250;0.00%
27/11/2014;1 605;1 605;1 605;1 605;20;32 100;-2.73%
28/11/2014;1 610;1 610;1 610;1 610;5;8 050;0.31%
02/12/2014;1 600;1 600;1 600;1 600;1;1 600;-0.62%
05/12/2014;1 600;1 600;1 600;1 600;100;160 000;0.00%
10/12/2014;1 610;1 610;1 610;1 610;5;8 050;0.63%
11/12/2014;1 610;1 610;1 610;1 610;10;16 100;-0.00%
12/12/2014;1 610;1 610;1 610;1 610;68;109 480;0.00%
15/12/2014;1 730;1 730;1 730;1 730;11;19 030;7.45%
17/12/2014;1 730;1 730;1 730;1 730;6;10 380;0.00%
18/12/2014;1 730;1 730;1 730;1 730;9 239;15 983 008;-0.00%
22/12/2014;1 859;1 859;1 859;1 859;740;1 375 660;7.46%
23/12/2014;1 900;1 900;1 900;1 900;9 442;17 939 800;2.21%
24/12/2014;1 950;1 950;1 950;1 950;25;48 750;2.63%
25/12/2014;1 950;1 950;1 950;1 950;2 500;4 875 000;0.00%
26/12/2014;1 950;1 950;1 950;1 950;6;11 700;0.00%
29/12/2014;1 950;1 950;1 950;1 950;51;99 450;0.00%
31/12/2014;2 000;2 000;2 000;2 000;200;400 000;2.56%
06/01/2015;2 000;2 000;2 000;2 000;1;2 000;0.00%
08/01/2015;2 000;2 000;2 000;2 000;3;6 000;0.00%
28/01/2015;1 980;1 980;1 980;1 980;25;49 500;-1.00%
29/01/2015;1 980;1 980;1 980;1 980;310;613 800;0.00%
03/02/2015;1 941;1 941;1 941;1 941;30;58 230;-1.97%
04/02/2015;1 970;1 970;1 970;1 970;5;9 850;1.49%
10/02/2015;1 850;1 850;1 850;1 850;19;35 150;-6.09%
11/02/2015;1 970;1 970;1 970;1 970;5;9 850;6.49%
12/02/2015;1 970;1 970;1 970;1 970;2;3 940;0.00%
20/02/2015;1 950;1 950;1 950;1 950;5;9 750;-1.02%
24/02/2015;1 950;1 950;1 950;1 950;2;3 900;0.00%
26/02/2015;1 855;1 855;1 855;1 855;15;27 826;-4.87%
27/02/2015;1 900;1 900;1 900;1 900;13;24 700;2.42%
03/03/2015;1 890;1 890;1 890;1 890;12;22 680;-0.53%
04/03/2015;1 890;1 890;1 890;1 890;10;18 900;0.00%
05/03/2015;1 900;1 900;1 900;1 900;40;76 000;0.53%
12/03/2015;1 900;1 900;1 900;1 900;1;1 900;0.00%
13/03/2015;1 900;1 900;1 900;1 900;43;81 700;0.00%
18/03/2015;1 900;1 900;1 900;1 900;34;64 598;-0.00%
19/03/2015;1 870;1 870;1 870;1 870;9;16 830;-1.58%
20/03/2015;1 850;1 850;1 850;1 850;3;5 550;-1.07%
24/03/2015;1 850;1 850;1 850;1 850;19;35 148;-0.01%
25/03/2015;1 830;1 830;1 830;1 830;57;104 310;-1.08%
26/03/2015;1 830;1 830;1 830;1 830;13;23 790;0.00%
27/03/2015;1 866;1 866;1 866;1 866;10;18 660;1.97%
30/03/2015;1 850;1 850;1 850;1 850;53;98 050;-0.86%
01/04/2015;1 850;1 850;1 850;1 850;7;12 950;0.00%
02/04/2015;1 850;1 850;1 850;1 850;33;61 050;0.00%
03/04/2015;1 850;1 850;1 850;1 850;3 204;5 927 240;-0.00%
06/04/2015;1 850;1 850;1 850;1 850;320 400;592 723 980;0.00%
07/04/2015;1 850;1 850;1 850;1 850;800;1 480 000;0.00%
10/04/2015;1 830;1 830;1 830;1 830;52;95 160;-1.08%
14/04/2015;1 825;1 825;1 825;1 825;4;7 300;-0.27%
15/04/2015;1 830;1 830;1 830;1 830;4;7 320;0.27%
22/04/2015;1 830;1 830;1 830;1 830;84;153 720;0.00%
23/04/2015;1 830;1 830;1 830;1 830;3;5 490;0.00%
24/04/2015;1 830;1 830;1 830;1 830;9;16 470;0.00%
28/04/2015;1 830;1 830;1 830;1 830;4;7 320;0.00%
29/04/2015;1 830;1 830;1 830;1 830;46;84 180;0.00%
30/04/2015;1 830;1 830;1 830;1 830;5;9 150;0.00%
04/05/2015;1 830;1 830;1 830;1 830;6;10 980;0.00%
05/05/2015;1 830;1 830;1 830;1 830;10;18 300;0.00%
06/05/2015;1 830;1 830;1 830;1 830;3;5 490;0.00%
07/05/2015;1 830;1 830;1 830;1 830;29;53 070;0.00%
13/05/2015;1 830;1 830;1 830;1 830;368;673 440;0.00%
14/05/2015;1 830;1 830;1 830;1 830;36 800;67 344 000;0.00%
19/05/2015;1 830;1 830;1 830;1 830;4;7 320;0.00%
20/05/2015;1 967;1 967;1 967;1 967;264;519 354;7.50%
21/05/2015;2 115;2 115;2 115;2 115;307;649 228;7.50%
22/05/2015;2 273;2 273;2 273;2 273;693;1 575 432;7.50%
25/05/2015;2 273;2 273;2 273;2 273;69 300;157 543 155;0.00%
26/05/2015;2 444;2 444;2 444;2 444;844;2 062 609;7.50%
27/05/2015;2 627;2 627;2 627;2 627;67;176 016;7.50%
28/05/2015;2 600;2 600;2 600;2 600;13;33 800;-1.03%
29/05/2015;2 444;2 444;2 444;2 444;32;78 208;-6.00%
01/06/2015;2 265;2 265;2 265;2 265;25;56 625;-7.32%
02/06/2015;2 265;2 265;2 265;2 265;93;210 650;0.00%
03/06/2015;2 270;2 270;2 270;2 270;318;721 860;0.22%
04/06/2015;2 389;2 389;2 389;2 389;14;33 452;5.26%
05/06/2015;2 569;2 569;2 569;2 569;9;23 118;7.50%
08/06/2015;2 761;2 761;2 761;2 761;459;1 267 414;7.50%
09/06/2015;2 949;2 949;2 949;2 949;24;70 776;6.80%
10/06/2015;3 170;3 170;3 170;3 170;69;218 730;7.49%
11/06/2015;3 405;3 405;3 405;3 405;917;3 122 385;7.41%
12/06/2015;3 250;3 250;3 250;3 250;493;1 602 250;-4.55%
16/06/2015;3 170;3 170;3 170;3 170;30;95 100;-0.94%
17/06/2015;3 200;3 200;3 200;3 200;289;924 800;0.95%
18/06/2015;3 440;3 440;3 440;3 440;100;344 000;7.50%
19/06/2015;3 500;3 500;3 500;3 500;1 762;6 167 000;1.74%
22/06/2015;3 763;3 763;3 763;3 763;41;154 263;7.50%
23/06/2015;4 044;4 044;4 044;4 044;462;1 868 328;7.48%
24/06/2015;4 320;4 320;4 320;4 320;834;3 602 880;6.82%
25/06/2015;4 050;4 050;4 050;4 050;17;68 851;-6.25%
26/06/2015;4 050;4 050;4 050;4 050;50;202 500;-0.00%
29/06/2015;4 000;4 000;4 000;4 000;40;160 000;-1.23%
30/06/2015;3 900;3 900;3 900;3 900;34;132 597;-2.50%
02/07/2015;3 610;3 610;3 610;3 610;35;126 350;-7.43%
03/07/2015;3 500;3 500;3 500;3 500;14;49 000;-3.05%
06/07/2015;3 500;3 500;3 500;3 500;664;2 324 000;0.00%
07/07/2015;3 500;3 500;3 500;3 500;59;206 500;0.00%
08/07/2015;3 500;3 500;3 500;3 500;31;108 498;-0.00%
09/07/2015;3 500;3 500;3 500;3 500;121;423 512;0.00%
10/07/2015;3 763;3 763;3 763;3 763;124;466 562;7.50%
13/07/2015;4 045;4 045;4 045;4 045;165;667 384;7.50%
14/07/2015;4 045;4 045;4 045;4 045;16 500;66 738 375;0.00%
15/07/2015;4 295;4 295;4 295;4 295;551;2 366 545;6.19%
16/07/2015;4 150;4 150;4 150;4 150;243;1 008 450;-3.38%
17/07/2015;4 150;4 150;4 150;4 150;24 300;100 845 000;0.00%
20/07/2015;4 180;4 180;4 180;4 180;224;936 320;0.72%
21/07/2015;4 200;4 200;4 200;4 200;143;600 600;0.48%
22/07/2015;4 200;4 200;4 200;4 200;1 239;5 203 800;0.00%
23/07/2015;4 249;4 249;4 249;4 249;1 692;7 189 308;1.17%
24/07/2015;4 200;4 200;4 200;4 200;555;2 330 972;-1.15%
27/07/2015;4 500;4 500;4 500;4 500;10 039;45 175 500;7.14%
28/07/2015;4 600;4 600;4 600;4 600;22 197;102 106 200;2.22%
29/07/2015;4 700;4 700;4 700;4 700;5 718;26 874 600;2.17%
30/07/2015;4 800;4 800;4 800;4 800;11 978;57 494 400;2.13%
31/07/2015;4 900;4 900;4 900;4 900;2 876;14 092 400;2.08%
03/08/2015;4 900;4 900;4 900;4 900;4 433;21 721 700;0.00%
04/08/2015;4 563;4 563;4 563;4 563;13 028;59 446 764;-6.88%
05/08/2015;4 522;4 522;4 522;4 522;3 115;14 086 030;-0.90%
06/08/2015;4 580;4 580;4 580;4 580;966;4 424 280;1.28%
07/08/2015;4 580;4 580;4 580;4 580;4 830;22 121 400;0.00%
10/08/2015;4 678;4 678;4 678;4 678;2 445;11 437 710;2.14%
11/08/2015;4 700;4 700;4 700;4 700;1 300;6 110 000;0.47%
12/08/2015;4 720;4 720;4 720;4 720;543;2 562 960;0.43%
13/08/2015;4 600;4 600;4 600;4 600;4 618;21 242 800;-2.54%
14/08/2015;4 600;4 600;4 600;4 600;5 201;23 924 600;0.00%
17/08/2015;4 600;4 600;4 600;4 600;270;1 242 000;0.00%
18/08/2015;4 640;4 640;4 640;4 640;6 048;28 062 720;0.87%
19/08/2015;4 700;4 700;4 700;4 700;23 037;108 273 900;1.29%
20/08/2015;4 800;4 800;4 800;4 800;1 267;6 081 600;2.13%
21/08/2015;4 699;4 699;4 699;4 699;1 069;5 023 231;-2.10%
24/08/2015;4 780;4 780;4 780;4 780;408;1 950 240;1.72%
25/08/2015;4 800;4 800;4 800;4 800;72;345 600;0.42%
26/08/2015;4 880;4 880;4 880;4 880;333;1 625 040;1.67%
27/08/2015;4 890;4 890;4 890;4 890;1 327;6 489 030;0.20%
28/08/2015;4 900;4 900;4 900;4 900;429;2 102 100;0.20%
31/08/2015;4 900;4 900;4 900;4 900;1 569;7 688 100;0.00%
01/09/2015;4 990;4 990;4 990;4 990;9 447;47 140 530;1.84%
02/09/2015;4 999;4 999;4 999;4 999;227;1 134 773;0.18%
03/09/2015;4 940;4 940;4 940;4 940;260;1 284 400;-1.18%
04/09/2015;4 800;4 800;4 800;4 800;1 329;6 379 200;-2.83%
07/09/2015;4 900;4 900;4 900;4 900;535;2 621 500;2.08%
08/09/2015;4 900;4 900;4 900;4 900;1 824;8 937 600;0.00%
09/09/2015;4 800;4 800;4 800;4 800;428;2 054 400;-2.04%
10/09/2015;4 751;4 751;4 751;4 751;321;1 525 071;-1.02%
11/09/2015;4 830;4 830;4 830;4 830;668;3 226 440;1.66%
15/09/2015;4 799;4 799;4 799;4 799;2 682;12 870 918;-0.02%
16/09/2015;4 799;4 799;4 799;4 799;558;2 677 842;0.00%
17/09/2015;4 780;4 780;4 780;4 780;1 418;6 778 040;-0.40%
18/09/2015;4 550;4 550;4 550;4 550;1 902;8 654 100;-4.81%
21/09/2015;4 550;4 550;4 550;4 550;254;1 155 700;0.00%
22/09/2015;4 548;4 548;4 548;4 548;285;1 296 180;-0.04%
23/09/2015;4 522;4 522;4 522;4 522;840;3 798 480;-0.57%
24/09/2015;4 522;4 522;4 522;4 522;4 200;18 992 400;0.00%
25/09/2015;4 680;4 680;4 680;4 680;8 067;37 753 560;3.49%
28/09/2015;4 799;4 799;4 799;4 799;316;1 516 484;2.54%
29/09/2015;4 701;4 701;4 701;4 701;256;1 203 456;-2.04%
30/09/2015;4 760;4 760;4 760;4 760;855;4 069 800;1.26%
01/10/2015;4 770;4 770;4 770;4 770;897;4 278 690;0.21%
02/10/2015;4 800;4 800;4 800;4 800;98;470 400;0.63%
05/10/2015;4 770;4 770;4 770;4 770;249;1 187 730;-0.63%
06/10/2015;4 769;4 769;4 769;4 769;641;3 056 929;-0.02%
07/10/2015;4 760;4 760;4 760;4 760;177;842 520;-0.19%
08/10/2015;4 751;4 751;4 751;4 751;11;52 261;-0.19%
09/10/2015;4 700;4 700;4 700;4 700;556;2 613 200;-1.07%
12/10/2015;4 699;4 699;4 699;4 699;139;653 161;-0.02%
13/10/2015;4 701;4 701;4 701;4 701;107;503 007;0.04%
14/10/2015;4 700;4 700;4 700;4 700;190;893 000;-0.02%
15/10/2015;4 701;4 701;4 701;4 701;320;1 504 320;0.02%
16/10/2015;4 700;4 700;4 700;4 700;691;3 247 700;-0.02%
19/10/2015;4 700;4 700;4 700;4 700;333;1 565 100;0.00%
20/10/2015;4 700;4 700;4 700;4 700;146;686 200;0.00%
21/10/2015;4 800;4 800;4 800;4 800;1 732;8 313 600;2.13%
22/10/2015;4 800;4 800;4 800;4 800;960;4 608 000;0.00%
23/10/2015;4 800;4 800;4 800;4 800;705;3 384 000;0.00%
26/10/2015;4 800;4 800;4 800;4 800;50;240 000;0.00%
27/10/2015;4 780;4 780;4 780;4 780;494;2 361 320;-0.42%
28/10/2015;4 779;4 779;4 779;4 779;1 185;5 663 115;-0.02%
29/10/2015;4 778;4 778;4 778;4 778;360;1 720 080;-0.02%
30/10/2015;4 700;4 700;4 700;4 700;237;1 113 900;-1.63%
02/11/2015;4 800;4 800;4 800;4 800;8 449;40 555 200;2.13%
03/11/2015;4 760;4 760;4 760;4 760;3 187;15 170 120;-0.83%
04/11/2015;4 740;4 740;4 740;4 740;269;1 275 060;-0.42%
05/11/2015;4 680;4 680;4 680;4 680;1 111;5 199 480;-1.27%
06/11/2015;4 680;4 680;4 680;4 680;413;1 932 840;0.00%
09/11/2015;4 681;4 681;4 681;4 681;778;3 641 818;0.02%
10/11/2015;4 681;4 681;4 681;4 681;548;2 565 188;0.00%
11/11/2015;4 600;4 600;4 600;4 600;575;2 645 000;-1.73%
12/11/2015;4 600;4 600;4 600;4 600;482;2 217 200;0.00%
13/11/2015;4 589;4 589;4 589;4 589;206;945 334;-0.24%
16/11/2015;4 300;4 300;4 300;4 300;508;2 184 400;-6.30%
17/11/2015;4 300;4 300;4 300;4 300;922;3 964 600;0.00%
18/11/2015;4 000;4 000;4 000;4 000;1 186;4 744 000;-6.98%
19/11/2015;4 200;4 200;4 200;4 200;11 863;49 824 600;5.00%
20/11/2015;4 200;4 200;4 200;4 200;82;344 400;0.00%
23/11/2015;4 180;4 180;4 180;4 180;1 108;4 631 440;-0.48%
24/11/2015;4 200;4 200;4 200;4 200;978;4 107 600;0.48%
25/11/2015;4 100;4 100;4 100;4 100;3 851;15 789 100;-2.38%
26/11/2015;4 390;4 390;4 390;4 390;969;4 253 910;7.07%
27/11/2015;4 600;4 600;4 600;4 600;22 458;103 306 800;4.78%
30/11/2015;4 699;4 699;4 699;4 699;10 961;51 505 739;2.15%
01/12/2015;4 600;4 600;4 600;4 600;85;391 000;-2.11%
02/12/2015;4 600;4 600;4 600;4 600;904;4 158 400;0.00%
03/12/2015;4 600;4 600;4 600;4 600;424;1 950 400;0.00%
04/12/2015;4 599;4 599;4 599;4 599;162;745 038;-0.02%
07/12/2015;4 300;4 300;4 300;4 300;48;206 400;-6.50%
08/12/2015;4 300;4 300;4 300;4 300;100;430 000;0.00%
09/12/2015;4 300;4 300;4 300;4 300;288;1 238 400;0.00%
10/12/2015;4 000;4 000;4 000;4 000;253;1 012 000;-6.98%
14/12/2015;3 900;3 900;3 900;3 900;346;1 349 400;-2.52%
15/12/2015;3 608;3 608;3 608;3 608;137;494 296;-7.49%
16/12/2015;3 870;3 870;3 870;3 870;1 652;6 393 240;7.26%
17/12/2015;4 000;4 000;4 000;4 000;246;984 000;3.36%
18/12/2015;4 000;4 000;4 000;4 000;314;1 256 000;0.00%
21/12/2015;4 290;4 290;4 290;4 290;531;2 277 990;7.25%
22/12/2015;4 100;4 100;4 100;4 100;1 230;5 043 000;-4.43%
23/12/2015;3 900;3 900;3 900;3 900;7 746;30 209 400;-4.88%
24/12/2015;3 900;3 900;3 900;3 900;38 730;151 047 000;0.00%
25/12/2015;3 900;3 900;3 900;3 900;38 730;151 047 000;0.00%
28/12/2015;3 802;3 802;3 802;3 802;613;2 330 626;-2.51%
29/12/2015;3 999;3 999;3 999;3 999;746;2 983 254;5.18%
30/12/2015;3 900;3 900;3 900;3 900;1 243;4 847 700;-2.48%
31/12/2015;4 190;4 190;4 190;4 190;664;2 782 160;7.44%
04/01/2016;3 920;3 920;3 920;3 920;142;556 640;-6.44%
05/01/2016;4 000;4 000;4 000;4 000;285;1 140 000;2.04%
06/01/2016;4 000;4 000;4 000;4 000;316;1 264 000;0.00%
07/01/2016;4 000;4 000;4 000;4 000;75;300 000;0.00%
08/01/2016;3 920;3 920;3 920;3 920;80;313 600;-2.00%
11/01/2016;3 980;3 980;3 980;3 980;352;1 400 960;1.53%
12/01/2016;3 900;3 900;3 900;3 900;303;1 181 700;-2.01%
13/01/2016;4 000;4 000;4 000;4 000;732;2 928 000;2.56%
14/01/2016;4 000;4 000;4 000;4 000;909;3 636 000;0.00%
15/01/2016;4 000;4 000;4 000;4 000;626;2 504 000;0.00%
18/01/2016;4 000;4 000;4 000;4 000;236;944 000;0.00%
19/01/2016;3 931;3 931;3 931;3 931;45;176 895;-1.73%
20/01/2016;4 000;4 000;4 000;4 000;321;1 284 000;1.76%
21/01/2016;4 000;4 000;4 000;4 000;123;492 000;0.00%
22/01/2016;3 901;3 901;3 901;3 901;77;300 377;-2.48%
25/01/2016;3 900;3 900;3 900;3 900;541;2 109 900;-0.03%
26/01/2016;3 800;3 800;3 800;3 800;185;703 000;-2.56%
27/01/2016;3 800;3 800;3 800;3 800;157;596 600;0.00%
28/01/2016;3 799;3 799;3 799;3 799;107;406 493;-0.03%
29/01/2016;3 760;3 760;3 760;3 760;356;1 338 560;-1.03%
01/02/2016;3 730;3 730;3 730;3 730;228;850 440;-0.80%
02/02/2016;3 779;3 779;3 779;3 779;37;139 823;1.31%
03/02/2016;3 700;3 700;3 700;3 700;193;714 100;-2.09%
04/02/2016;3 601;3 601;3 601;3 601;277;997 477;-2.68%
05/02/2016;3 860;3 860;3 860;3 860;2 294;8 854 840;7.19%
08/02/2016;3 860;3 860;3 860;3 860;121;467 060;0.00%
09/02/2016;3 760;3 760;3 760;3 760;71;266 960;-2.59%
10/02/2016;3 799;3 799;3 799;3 799;196;744 604;1.04%
11/02/2016;3 799;3 799;3 799;3 799;66;250 734;0.00%
12/02/2016;3 760;3 760;3 760;3 760;311;1 169 360;-1.03%
15/02/2016;3 760;3 760;3 760;3 760;115;432 400;0.00%
16/02/2016;3 700;3 700;3 700;3 700;1 025;3 792 500;-1.60%
17/02/2016;3 650;3 650;3 650;3 650;2 616;9 548 400;-1.35%
18/02/2016;3 600;3 600;3 600;3 600;2 524;9 086 400;-1.37%
19/02/2016;3 599;3 599;3 599;3 599;490;1 763 510;-0.03%
22/02/2016;3 500;3 500;3 500;3 500;960;3 360 000;-2.75%
23/02/2016;3 500;3 500;3 500;3 500;5 095;17 832 500;0.00%
24/02/2016;3 600;3 600;3 600;3 600;189;680 400;2.86%
25/02/2016;3 700;3 700;3 700;3 700;4 662;17 249 400;2.78%
26/02/2016;3 600;3 600;3 600;3 600;186;669 600;-2.70%
29/02/2016;3 600;3 600;3 600;3 600;252;907 200;0.00%
01/03/2016;3 600;3 600;3 600;3 600;280;1 008 000;0.00%
02/03/2016;3 595;3 595;3 595;3 595;52;186 940;-0.14%
03/03/2016;3 594;3 594;3 594;3 594;207;743 958;-0.03%
04/03/2016;3 598;3 598;3 598;3 598;137;492 926;0.11%
07/03/2016;3 568;3 568;3 568;3 568;412;1 470 016;-0.83%
08/03/2016;3 620;3 620;3 620;3 620;19 448;70 401 760;1.46%
09/03/2016;3 720;3 720;3 720;3 720;327;1 216 440;2.76%
11/03/2016;3 798;3 798;3 798;3 798;136;516 528;-0.03%
14/03/2016;3 680;3 680;3 680;3 680;165;607 200;-3.11%
15/03/2016;3 640;3 640;3 640;3 640;43;156 520;-1.09%
16/03/2016;3 700;3 700;3 700;3 700;143;529 100;1.65%
17/03/2016;3 700;3 700;3 700;3 700;245;906 500;0.00%
18/03/2016;3 799;3 799;3 799;3 799;134;509 066;2.68%
21/03/2016;3 760;3 760;3 760;3 760;179;673 040;-1.03%
22/03/2016;3 690;3 690;3 690;3 690;67;247 230;-1.86%
23/03/2016;3 760;3 760;3 760;3 760;55;206 800;1.90%
24/03/2016;3 700;3 700;3 700;3 700;71;262 700;-1.60%
25/03/2016;3 700;3 700;3 700;3 700;258;954 600;0.00%
28/03/2016;3 700;3 700;3 700;3 700;1 290;4 773 000;0.00%
29/03/2016;3 740;3 740;3 740;3 740;55;205 700;1.08%
30/03/2016;3 700;3 700;3 700;3 700;341;1 261 700;-1.07%
31/03/2016;3 620;3 620;3 620;3 620;1 775;6 425 500;-2.16%
01/04/2016;3 600;3 600;3 600;3 600;324;1 166 400;-0.55%
04/04/2016;3 600;3 600;3 600;3 600;442;1 591 200;0.00%
05/04/2016;3 600;3 600;3 600;3 600;144;518 400;0.00%
06/04/2016;3 600;3 600;3 600;3 600;152;547 200;0.00%
07/04/2016;3 700;3 700;3 700;3 700;1 025;3 792 500;2.78%
08/04/2016;3 702;3 702;3 702;3 702;593;2 195 286;0.05%
11/04/2016;3 740;3 740;3 740;3 740;481;1 798 940;1.03%
12/04/2016;3 720;3 720;3 720;3 720;226;840 720;-0.53%
13/04/2016;3 700;3 700;3 700;3 700;154;569 800;-0.54%
14/04/2016;3 730;3 730;3 730;3 730;154;574 420;0.81%
15/04/2016;3 700;3 700;3 700;3 700;1 183;4 377 100;-0.80%
18/04/2016;3 620;3 620;3 620;3 620;1 140;4 126 800;-2.16%
19/04/2016;3 699;3 699;3 699;3 699;339;1 253 961;2.18%
20/04/2016;3 700;3 700;3 700;3 700;419;1 550 300;0.03%
21/04/2016;3 680;3 680;3 680;3 680;795;2 925 600;-0.54%
22/04/2016;3 680;3 680;3 680;3 680;184;677 120;0.00%
25/04/2016;3 600;3 600;3 600;3 600;1 414;5 090 400;-2.17%
26/04/2016;3 600;3 600;3 600;3 600;3 884;13 982 400;0.00%
27/04/2016;3 522;3 522;3 522;3 522;266;936 852;-2.17%
28/04/2016;3 500;3 500;3 500;3 500;1 052;3 682 000;-0.62%
29/04/2016;3 441;3 441;3 441;3 441;2 030;6 985 230;-1.69%
02/05/2016;3 441;3 441;3 441;3 441;10 150;34 926 150;0.00%
03/05/2016;3 400;3 400;3 400;3 400;3 946;13 416 400;-1.19%
04/05/2016;3 498;3 498;3 498;3 498;423;1 479 654;2.88%
05/05/2016;3 498;3 498;3 498;3 498;2 115;7 398 270;0.00%
06/05/2016;3 420;3 420;3 420;3 420;2 702;9 240 840;-2.23%
09/05/2016;3 399;3 399;3 399;3 399;118;401 082;-0.61%
10/05/2016;3 400;3 400;3 400;3 400;111;377 400;0.03%
11/05/2016;3 400;3 400;3 400;3 400;305;1 037 000;0.00%
12/05/2016;3 499;3 499;3 499;3 499;10 287;35 994 213;2.91%
13/05/2016;3 302;3 302;3 302;3 302;1 549;5 114 798;-5.63%
16/05/2016;3 302;3 302;3 302;3 302;7 745;25 573 990;0.00%
17/05/2016;3 500;3 500;3 500;3 500;144;504 000;6.00%
18/05/2016;3 530;3 530;3 530;3 530;1 289;4 550 170;0.86%
19/05/2016;3 530;3 530;3 530;3 530;88;310 640;0.00%
20/05/2016;3 530;3 530;3 530;3 530;339;1 196 670;0.00%
23/05/2016;3 400;3 400;3 400;3 400;2 459;8 360 600;-3.68%
24/05/2016;3 401;3 401;3 401;3 401;48 374;164 519 974;0.03%
25/05/2016;3 400;3 400;3 400;3 400;112;380 800;-0.03%
26/05/2016;3 420;3 420;3 420;3 420;613;2 096 460;0.59%
27/05/2016;3 400;3 400;3 400;3 400;245;833 000;-0.58%
30/05/2016;3 400;3 400;3 400;3 400;603;2 050 200;0.00%
31/05/2016;3 400;3 400;3 400;3 400;2 763;9 394 200;0.00%
01/06/2016;3 303;3 303;3 303;3 303;226;746 478;-2.85%
02/06/2016;3 400;3 400;3 400;3 400;246;836 400;2.94%
03/06/2016;3 400;3 400;3 400;3 400;288;979 200;0.00%
06/06/2016;3 400;3 400;3 400;3 400;342;1 162 800;0.00%
07/06/2016;3 400;3 400;3 400;3 400;313;1 064 200;0.00%
09/06/2016;3 500;3 500;3 500;3 500;102;357 000;2.94%
10/06/2016;3 530;3 530;3 530;3 530;213;751 890;0.86%
13/06/2016;3 700;3 700;3 700;3 700;282;1 043 400;4.82%
14/06/2016;3 730;3 730;3 730;3 730;347;1 294 310;0.81%
15/06/2016;3 679;3 679;3 679;3 679;13 069;48 080 851;-1.37%
16/06/2016;3 700;3 700;3 700;3 700;399;1 476 300;0.57%
17/06/2016;3 660;3 660;3 660;3 660;214;783 240;-1.08%
20/06/2016;3 680;3 680;3 680;3 680;196;721 280;0.55%
21/06/2016;3 600;3 600;3 600;3 600;7 081;25 491 600;-2.17%
22/06/2016;3 699;3 699;3 699;3 699;148;547 452;2.75%
23/06/2016;3 700;3 700;3 700;3 700;57 285;211 954 500;0.03%
24/06/2016;3 712;3 712;3 712;3 712;361;1 340 032;0.32%
27/06/2016;3 600;3 600;3 600;3 600;402;1 447 200;-3.02%
28/06/2016;3 698;3 698;3 698;3 698;451;1 667 798;2.72%
29/06/2016;3 580;3 580;3 580;3 580;8 580;30 716 400;-3.19%
30/06/2016;3 590;3 590;3 590;3 590;335;1 202 650;0.28%
01/07/2016;3 580;3 580;3 580;3 580;268;959 440;-0.28%
04/07/2016;3 520;3 520;3 520;3 520;143;503 360;-1.68%
05/07/2016;3 558;3 558;3 558;3 558;517;1 839 486;1.08%
06/07/2016;3 558;3 558;3 558;3 558;2 585;9 197 430;0.00%
07/07/2016;3 556;3 556;3 556;3 556;481;1 710 436;-0.06%
08/07/2016;3 500;3 500;3 500;3 500;248;868 000;-1.57%
11/07/2016;3 400;3 400;3 400;3 400;822;2 794 800;-2.86%
12/07/2016;3 350;3 350;3 350;3 350;5 406;18 110 100;-1.47%
13/07/2016;3 360;3 360;3 360;3 360;112;376 320;0.30%
14/07/2016;3 340;3 340;3 340;3 340;519;1 733 460;-0.60%
15/07/2016;3 200;3 200;3 200;3 200;435;1 392 000;-4.19%
18/07/2016;3 339;3 339;3 339;3 339;17;56 763;4.34%
19/07/2016;3 260;3 260;3 260;3 260;654;2 132 040;-2.37%
20/07/2016;3 200;3 200;3 200;3 200;78;249 600;-1.84%
21/07/2016;3 240;3 240;3 240;3 240;507;1 642 680;1.25%
22/07/2016;3 180;3 180;3 180;3 180;439;1 396 020;-1.85%
25/07/2016;3 200;3 200;3 200;3 200;1 069;3 420 800;0.63%
26/07/2016;3 200;3 200;3 200;3 200;386;1 235 200;0.00%
27/07/2016;3 202;3 202;3 202;3 202;306;979 812;0.06%
28/07/2016;3 212;3 212;3 212;3 212;277;889 724;0.31%
29/07/2016;3 300;3 300;3 300;3 300;37;122 100;2.74%
01/08/2016;3 400;3 400;3 400;3 400;380;1 292 000;3.03%
02/08/2016;3 401;3 401;3 401;3 401;226;768 626;0.03%
03/08/2016;3 400;3 400;3 400;3 400;191;649 400;-0.03%
04/08/2016;3 400;3 400;3 400;3 400;207;703 800;0.00%
05/08/2016;3 400;3 400;3 400;3 400;99;336 600;0.00%
08/08/2016;3 400;3 400;3 400;3 400;495;1 683 000;0.00%
09/08/2016;3 380;3 380;3 380;3 380;858;2 900 040;-0.59%
10/08/2016;3 400;3 400;3 400;3 400;276;938 400;0.59%
11/08/2016;3 360;3 360;3 360;3 360;145;487 200;-1.18%
12/08/2016;3 400;3 400;3 400;3 400;162;550 800;1.19%
15/08/2016;3 400;3 400;3 400;3 400;810;2 754 000;0.00%
16/08/2016;3 380;3 380;3 380;3 380;114;385 320;-0.59%
17/08/2016;3 400;3 400;3 400;3 400;545;1 853 000;0.59%
18/08/2016;3 350;3 350;3 350;3 350;1 313;4 398 550;-1.47%
19/08/2016;3 500;3 500;3 500;3 500;70;245 000;4.48%
22/08/2016;3 480;3 480;3 480;3 480;219;762 120;-0.57%
23/08/2016;3 420;3 420;3 420;3 420;205;701 100;-1.72%
24/08/2016;3 596;3 596;3 596;3 596;351;1 262 196;5.15%
25/08/2016;3 865;3 865;3 865;3 865;14 622;56 514 030;7.48%
26/08/2016;3 865;3 865;3 865;3 865;2 963;11 451 995;0.00%
29/08/2016;3 870;3 870;3 870;3 870;6 795;26 296 650;0.13%
30/08/2016;3 865;3 865;3 865;3 865;159;614 535;-0.13%
31/08/2016;4 000;4 000;4 000;4 000;29 937;119 748 000;3.49%
01/09/2016;4 000;4 000;4 000;4 000;221;884 000;0.00%
02/09/2016;3 900;3 900;3 900;3 900;299;1 166 100;-2.50%
05/09/2016;3 799;3 799;3 799;3 799;1 083;4 114 317;-2.59%
07/09/2016;3 900;3 900;3 900;3 900;399;1 556 100;2.66%
08/09/2016;3 980;3 980;3 980;3 980;220;875 600;2.05%
09/09/2016;3 820;3 820;3 820;3 820;201;767 820;-4.02%
12/09/2016;3 820;3 820;3 820;3 820;1 005;3 839 100;0.00%
13/09/2016;3 700;3 700;3 700;3 700;363;1 343 100;-3.14%
14/09/2016;3 600;3 600;3 600;3 600;10 221;36 795 600;-2.70%
15/09/2016;3 800;3 800;3 800;3 800;52;197 600;5.56%
16/09/2016;3 900;3 900;3 900;3 900;184;717 600;2.63%
19/09/2016;3 900;3 900;3 900;3 900;641;2 499 900;0.00%
20/09/2016;3 860;3 860;3 860;3 860;197;760 420;-1.03%
21/09/2016;3 600;3 600;3 600;3 600;179;644 400;-6.74%
22/09/2016;3 500;3 500;3 500;3 500;282;987 000;-2.78%
23/09/2016;3 400;3 400;3 400;3 400;323;1 098 200;-2.86%
26/09/2016;3 400;3 400;3 400;3 400;197;669 800;0.00%
27/09/2016;3 655;3 655;3 655;3 655;347;1 268 285;7.50%
28/09/2016;3 600;3 600;3 600;3 600;607;2 185 200;-1.50%
29/09/2016;3 600;3 600;3 600;3 600;167;601 200;0.00%
30/09/2016;3 600;3 600;3 600;3 600;19;68 400;0.00%
03/10/2016;3 500;3 500;3 500;3 500;82;287 000;-2.78%
04/10/2016;3 499;3 499;3 499;3 499;298;1 042 702;-0.03%
05/10/2016;3 698;3 698;3 698;3 698;113;417 874;5.69%
06/10/2016;3 421;3 421;3 421;3 421;9;30 789;-7.49%
07/10/2016;3 400;3 400;3 400;3 400;875;2 975 000;-0.61%
10/10/2016;3 400;3 400;3 400;3 400;152;516 800;0.00%
11/10/2016;3 399;3 399;3 399;3 399;119;404 481;-0.03%
12/10/2016;3 399;3 399;3 399;3 399;1 861;6 325 539;0.00%
13/10/2016;3 398;3 398;3 398;3 398;47;159 706;-0.03%
14/10/2016;3 399;3 399;3 399;3 399;148;503 052;0.03%
17/10/2016;3 398;3 398;3 398;3 398;94;319 412;-0.03%
18/10/2016;3 380;3 380;3 380;3 380;89;300 820;-0.53%
19/10/2016;3 400;3 400;3 400;3 400;501;1 703 400;0.59%
20/10/2016;3 398;3 398;3 398;3 398;48;163 104;-0.06%
21/10/2016;3 400;3 400;3 400;3 400;93;316 200;0.06%
24/10/2016;3 400;3 400;3 400;3 400;150;510 000;0.00%
25/10/2016;3 320;3 320;3 320;3 320;293;972 760;-2.35%
26/10/2016;3 071;3 071;3 071;3 071;481;1 477 151;-7.50%
27/10/2016;3 081;3 081;3 081;3 081;629;1 937 949;0.33%
28/10/2016;3 210;3 210;3 210;3 210;31;99 510;4.19%
31/10/2016;3 400;3 400;3 400;3 400;1 089;3 702 600;5.92%
01/11/2016;3 400;3 400;3 400;3 400;5 445;18 513 000;0.00%
02/11/2016;3 500;3 500;3 500;3 500;35;122 500;2.94%
03/11/2016;3 500;3 500;3 500;3 500;286;1 001 000;0.00%
04/11/2016;3 400;3 400;3 400;3 400;61;207 400;-2.86%
07/11/2016;3 400;3 400;3 400;3 400;682;2 318 800;0.00%
08/11/2016;3 320;3 320;3 320;3 320;55;182 600;-2.35%
09/11/2016;3 200;3 200;3 200;3 200;49;156 800;-3.61%
10/11/2016;3 200;3 200;3 200;3 200;290;928 000;0.00%
11/11/2016;3 260;3 260;3 260;3 260;321;1 046 460;1.88%
14/11/2016;3 340;3 340;3 340;3 340;141;470 940;2.45%
15/11/2016;3 340;3 340;3 340;3 340;705;2 354 700;0.00%
16/11/2016;3 480;3 480;3 480;3 480;130;452 400;4.19%
17/11/2016;3 480;3 480;3 480;3 480;296;1 030 080;0.00%
18/11/2016;3 480;3 480;3 480;3 480;25 393;88 367 640;0.00%
21/11/2016;3 400;3 400;3 400;3 400;97;329 800;-2.30%
22/11/2016;3 500;3 500;3 500;3 500;2 252;7 882 000;2.94%
23/11/2016;3 600;3 600;3 600;3 600;9 882;35 575 200;2.86%
24/11/2016;3 400;3 400;3 400;3 400;41;139 400;-5.56%
25/11/2016;3 260;3 260;3 260;3 260;126;410 760;-4.12%
28/11/2016;3 400;3 400;3 400;3 400;87;295 800;4.29%
29/11/2016;3 600;3 600;3 600;3 600;48;172 800;5.88%
30/11/2016;3 700;3 700;3 700;3 700;1 880;6 956 000;2.78%
01/12/2016;3 423;3 423;3 423;3 423;45 194;154 699 062;-7.49%
02/12/2016;3 339;3 339;3 339;3 339;804;2 684 556;-2.45%
06/12/2016;3 400;3 400;3 400;3 400;777;2 641 800;1.80%
07/12/2016;3 600;3 600;3 600;3 600;93;334 800;5.88%
08/12/2016;3 400;3 400;3 400;3 400;91;309 400;-5.56%
09/12/2016;3 400;3 400;3 400;3 400;127;431 800;0.00%
12/12/2016;3 400;3 400;3 400;3 400;635;2 159 000;0.00%
13/12/2016;3 600;3 600;3 600;3 600;749;2 696 400;5.88%
14/12/2016;3 600;3 600;3 600;3 600;400;1 440 000;0.00%
15/12/2016;3 400;3 400;3 400;3 400;76;258 400;-5.56%
16/12/2016;3 200;3 200;3 200;3 200;64;204 800;-5.88%
19/12/2016;3 400;3 400;3 400;3 400;282;958 800;6.25%
20/12/2016;3 600;3 600;3 600;3 600;476;1 713 600;5.88%
21/12/2016;3 799;3 799;3 799;3 799;3 121;11 856 679;5.53%
22/12/2016;3 550;3 550;3 550;3 550;12 014;42 649 700;-6.55%
23/12/2016;3 500;3 500;3 500;3 500;328;1 148 000;-1.41%
26/12/2016;3 500;3 500;3 500;3 500;1 640;5 740 000;0.00%
27/12/2016;3 700;3 700;3 700;3 700;383;1 417 100;5.71%
28/12/2016;3 600;3 600;3 600;3 600;1 676;6 033 600;-2.70%
29/12/2016;3 680;3 680;3 680;3 680;1 124;4 136 320;2.22%
30/12/2016;3 900;3 900;3 900;3 900;4 484;17 487 600;5.98%
02/01/2017;3 700;3 700;3 700;3 700;41;151 700;-5.13%
03/01/2017;3 899;3 899;3 899;3 899;53;206 647;5.38%
04/01/2017;3 700;3 700;3 700;3 700;144;532 800;-5.10%
05/01/2017;3 700;3 700;3 700;3 700;90;333 000;0.00%
06/01/2017;3 698;3 698;3 698;3 698;41;151 618;-0.05%
09/01/2017;3 600;3 600;3 600;3 600;13;46 800;-2.65%
10/01/2017;3 600;3 600;3 600;3 600;16;57 600;0.00%
11/01/2017;3 600;3 600;3 600;3 600;229;824 400;0.00%
12/01/2017;3 600;3 600;3 600;3 600;161;579 600;0.00%
13/01/2017;3 600;3 600;3 600;3 600;125;450 000;0.00%
16/01/2017;3 580;3 580;3 580;3 580;39;139 620;-0.56%
17/01/2017;3 580;3 580;3 580;3 580;80;286 400;0.00%
18/01/2017;3 500;3 500;3 500;3 500;63;220 500;-2.23%
19/01/2017;3 420;3 420;3 420;3 420;225;769 500;-2.29%
20/01/2017;3 500;3 500;3 500;3 500;317;1 109 500;2.34%
23/01/2017;3 400;3 400;3 400;3 400;289;982 600;-2.86%
24/01/2017;3 500;3 500;3 500;3 500;605;2 117 500;2.94%
25/01/2017;3 400;3 400;3 400;3 400;63;214 200;-2.86%
26/01/2017;3 400;3 400;3 400;3 400;104;353 600;0.00%
27/01/2017;3 380;3 380;3 380;3 380;554;1 872 520;-0.59%
30/01/2017;3 203;3 203;3 203;3 203;272;871 216;-5.24%
31/01/2017;3 200;3 200;3 200;3 200;942;3 014 400;-0.09%
01/02/2017;3 260;3 260;3 260;3 260;164;534 640;1.88%
02/02/2017;3 290;3 290;3 290;3 290;343;1 128 470;0.92%
03/02/2017;3 200;3 200;3 200;3 200;999;3 196 800;-2.74%
06/02/2017;3 290;3 290;3 290;3 290;130;427 700;2.81%
07/02/2017;3 300;3 300;3 300;3 300;1 555;5 131 500;0.30%
08/02/2017;3 260;3 260;3 260;3 260;168;547 680;-1.21%
09/02/2017;3 240;3 240;3 240;3 240;321;1 040 040;-0.61%
10/02/2017;3 200;3 200;3 200;3 200;988;3 161 600;-1.23%
13/02/2017;3 200;3 200;3 200;3 200;161;515 200;0.00%
14/02/2017;3 200;3 200;3 200;3 200;301;963 200;0.00%
15/02/2017;3 280;3 280;3 280;3 280;1 350;4 428 000;2.50%
16/02/2017;3 180;3 180;3 180;3 180;71;225 780;-3.05%
17/02/2017;3 200;3 200;3 200;3 200;307;982 400;0.63%
20/02/2017;3 220;3 220;3 220;3 220;457;1 471 540;0.63%
21/02/2017;3 300;3 300;3 300;3 300;968;3 194 400;2.48%
22/02/2017;3 400;3 400;3 400;3 400;1 017;3 457 800;3.03%
23/02/2017;3 200;3 200;3 200;3 200;200;640 000;-5.88%
24/02/2017;3 140;3 140;3 140;3 140;405;1 271 700;-1.88%
27/02/2017;3 200;3 200;3 200;3 200;3 936;12 595 200;1.91%
28/02/2017;3 200;3 200;3 200;3 200;251;803 200;0.00%
01/03/2017;3 400;3 400;3 400;3 400;123;418 200;6.25%
02/03/2017;3 200;3 200;3 200;3 200;2 477;7 926 400;-5.88%
03/03/2017;3 140;3 140;3 140;3 140;198;621 720;-1.88%
07/03/2017;3 200;3 200;3 200;3 200;2 142;6 854 400;-0.03%
08/03/2017;3 399;3 399;3 399;3 399;134;455 466;6.22%
09/03/2017;3 399;3 399;3 399;3 399;6;20 394;0.00%
10/03/2017;3 400;3 400;3 400;3 400;126;428 400;0.03%
13/03/2017;3 400;3 400;3 400;3 400;21;71 400;0.00%
14/03/2017;3 400;3 400;3 400;3 400;90;306 000;0.00%
15/03/2017;3 380;3 380;3 380;3 380;135;456 300;-0.59%
16/03/2017;3 313;3 313;3 313;3 313;98;324 674;-1.98%
17/03/2017;3 320;3 320;3 320;3 320;76;252 320;0.21%
20/03/2017;3 320;3 320;3 320;3 320;106;351 920;0.00%
21/03/2017;3 320;3 320;3 320;3 320;52;172 640;0.00%
22/03/2017;3 190;3 190;3 190;3 190;219;698 610;-3.92%
23/03/2017;3 300;3 300;3 300;3 300;573;1 890 900;3.45%
24/03/2017;3 190;3 190;3 190;3 190;44;140 360;-3.33%
27/03/2017;3 200;3 200;3 200;3 200;88;281 600;0.31%
28/03/2017;3 199;3 199;3 199;3 199;38;121 562;-0.03%
29/03/2017;3 400;3 400;3 400;3 400;774;2 631 600;6.28%
30/03/2017;3 320;3 320;3 320;3 320;92;305 440;-2.35%
31/03/2017;3 200;3 200;3 200;3 200;147;470 400;-3.61%
03/04/2017;3 200;3 200;3 200;3 200;92;294 400;0.00%
04/04/2017;3 200;3 200;3 200;3 200;89;284 800;0.00%
05/04/2017;3 200;3 200;3 200;3 200;300;960 000;0.00%
06/04/2017;3 100;3 100;3 100;3 100;576;1 785 600;-3.13%
07/04/2017;3 100;3 100;3 100;3 100;29;89 900;0.00%
10/04/2017;3 040;3 040;3 040;3 040;200;608 000;-1.94%
11/04/2017;3 000;3 000;3 000;3 000;101;303 000;-1.32%
12/04/2017;2 800;2 800;2 800;2 800;717;2 007 600;-6.67%
13/04/2017;2 800;2 800;2 800;2 800;599;1 677 200;0.00%
14/04/2017;2 800;2 800;2 800;2 800;25;70 000;0.00%
18/04/2017;2 720;2 720;2 720;2 720;1 123;3 054 560;-2.86%
19/04/2017;2 899;2 899;2 899;2 899;362;1 049 438;6.58%
20/04/2017;2 860;2 860;2 860;2 860;314;898 040;-1.35%
21/04/2017;2 800;2 800;2 800;2 800;778;2 178 400;-2.10%
24/04/2017;2 800;2 800;2 800;2 800;67;187 600;0.00%
25/04/2017;2 600;2 600;2 600;2 600;547;1 422 200;-7.14%
26/04/2017;2 700;2 700;2 700;2 700;173;467 100;3.85%
27/04/2017;2 900;2 900;2 900;2 900;251;727 900;7.41%
28/04/2017;2 800;2 800;2 800;2 800;35;98 000;-3.45%
01/05/2017;2 800;2 800;2 800;2 800;175;490 000;0.00%
02/05/2017;2 700;2 700;2 700;2 700;228;615 600;-3.57%
03/05/2017;2 780;2 780;2 780;2 780;966;2 685 480;2.96%
04/05/2017;2 759;2 759;2 759;2 759;250;689 750;-0.76%
05/05/2017;2 599;2 599;2 599;2 599;363;943 437;-5.80%
08/05/2017;2 600;2 600;2 600;2 600;247;642 200;0.04%
09/05/2017;2 600;2 600;2 600;2 600;1 289;3 351 400;0.00%
10/05/2017;2 600;2 600;2 600;2 600;309;803 400;0.00%
11/05/2017;2 600;2 600;2 600;2 600;233;605 800;0.00%
12/05/2017;2 600;2 600;2 600;2 600;793;2 061 800;0.00%
15/05/2017;2 600;2 600;2 600;2 600;15;39 000;0.00%
16/05/2017;2 560;2 560;2 560;2 560;455;1 164 800;-1.54%
17/05/2017;2 600;2 600;2 600;2 600;485;1 261 000;1.56%
18/05/2017;2 600;2 600;2 600;2 600;145;377 000;0.00%
19/05/2017;2 500;2 500;2 500;2 500;759;1 897 500;-3.85%
22/05/2017;2 500;2 500;2 500;2 500;214;535 000;0.00%
23/05/2017;2 600;2 600;2 600;2 600;424;1 102 400;4.00%
24/05/2017;2 600;2 600;2 600;2 600;263;683 800;0.00%
25/05/2017;2 600;2 600;2 600;2 600;1 315;3 419 000;0.00%
26/05/2017;2 599;2 599;2 599;2 599;105;272 895;-0.04%
29/05/2017;2 599;2 599;2 599;2 599;403;1 047 397;0.00%
30/05/2017;2 600;2 600;2 600;2 600;304;790 400;0.04%
31/05/2017;2 679;2 679;2 679;2 679;3 234;8 663 886;3.04%
01/06/2017;2 599;2 599;2 599;2 599;225;584 775;-2.99%
02/06/2017;2 600;2 600;2 600;2 600;245;637 000;0.04%
06/06/2017;2 600;2 600;2 600;2 600;596;1 549 600;0.00%
07/06/2017;2 781;2 781;2 781;2 781;756;2 102 436;6.96%
08/06/2017;2 573;2 573;2 573;2 573;92;236 716;-7.48%
09/06/2017;2 700;2 700;2 700;2 700;114;307 800;4.94%
12/06/2017;2 501;2 501;2 501;2 501;78;195 078;-7.37%
13/06/2017;2 688;2 688;2 688;2 688;283;760 704;7.48%
14/06/2017;2 800;2 800;2 800;2 800;1 117;3 127 600;4.17%
15/06/2017;2 790;2 790;2 790;2 790;38;106 020;-0.36%
16/06/2017;2 600;2 600;2 600;2 600;22;57 200;-6.81%
19/06/2017;2 790;2 790;2 790;2 790;840;2 343 600;7.31%
20/06/2017;2 790;2 790;2 790;2 790;228;636 120;0.00%
21/06/2017;2 998;2 998;2 998;2 998;685;2 053 630;7.46%
22/06/2017;2 998;2 998;2 998;2 998;3 425;10 268 150;0.00%
23/06/2017;2 900;2 900;2 900;2 900;187;542 300;-3.27%
27/06/2017;3 000;3 000;3 000;3 000;26 848;80 544 000;3.45%
28/06/2017;2 980;2 980;2 980;2 980;154;458 920;-0.67%
29/06/2017;2 960;2 960;2 960;2 960;511;1 512 560;-0.67%
30/06/2017;3 000;3 000;3 000;3 000;1 953;5 859 000;1.35%
03/07/2017;2 939;2 939;2 939;2 939;191;561 349;-2.03%
04/07/2017;2 900;2 900;2 900;2 900;33;95 700;-1.33%
05/07/2017;2 999;2 999;2 999;2 999;685;2 054 315;3.41%
06/07/2017;2 780;2 780;2 780;2 780;233;647 740;-7.30%
07/07/2017;2 700;2 700;2 700;2 700;262;707 400;-2.88%
10/07/2017;2 740;2 740;2 740;2 740;283;775 420;1.48%
11/07/2017;2 940;2 940;2 940;2 940;5 370;15 787 800;7.30%
12/07/2017;3 140;3 140;3 140;3 140;6 478;20 340 920;6.80%
13/07/2017;3 000;3 000;3 000;3 000;18;54 000;-4.46%
14/07/2017;2 780;2 780;2 780;2 780;277;770 060;-7.33%
17/07/2017;2 600;2 600;2 600;2 600;380;988 000;-6.47%
18/07/2017;2 590;2 590;2 590;2 590;174;450 660;-0.38%
19/07/2017;2 500;2 500;2 500;2 500;673;1 682 500;-3.47%
20/07/2017;2 687;2 687;2 687;2 687;480;1 289 760;7.48%
21/07/2017;2 486;2 486;2 486;2 486;195;484 770;-7.48%
24/07/2017;2 672;2 672;2 672;2 672;719;1 921 168;7.48%
25/07/2017;2 650;2 650;2 650;2 650;773;2 048 450;-0.82%
26/07/2017;2 800;2 800;2 800;2 800;920;2 576 000;5.66%
27/07/2017;2 650;2 650;2 650;2 650;65;172 250;-5.36%
28/07/2017;2 600;2 600;2 600;2 600;3 040;7 904 000;-1.89%
31/07/2017;2 700;2 700;2 700;2 700;119;321 300;3.85%
01/08/2017;2 699;2 699;2 699;2 699;3 752;10 126 648;-0.04%
02/08/2017;2 600;2 600;2 600;2 600;236;613 600;-3.67%
03/08/2017;2 600;2 600;2 600;2 600;38;98 800;0.00%
04/08/2017;2 700;2 700;2 700;2 700;63;170 100;3.85%
07/08/2017;2 700;2 700;2 700;2 700;315;850 500;0.00%
08/08/2017;2 600;2 600;2 600;2 600;63;163 800;-3.70%
09/08/2017;2 700;2 700;2 700;2 700;354;955 800;3.85%
10/08/2017;2 498;2 498;2 498;2 498;461;1 151 578;-7.48%
11/08/2017;2 540;2 540;2 540;2 540;872;2 214 880;1.68%
14/08/2017;2 540;2 540;2 540;2 540;102;259 080;0.00%
15/08/2017;2 540;2 540;2 540;2 540;510;1 295 400;0.00%
16/08/2017;2 498;2 498;2 498;2 498;22 492;56 185 016;-1.65%
17/08/2017;2 444;2 444;2 444;2 444;97;237 068;-2.16%
18/08/2017;2 261;2 261;2 261;2 261;327;739 347;-7.49%
21/08/2017;2 092;2 092;2 092;2 092;97;202 924;-7.47%
22/08/2017;2 100;2 100;2 100;2 100;30;63 000;0.38%
23/08/2017;2 080;2 080;2 080;2 080;815;1 695 200;-0.95%
24/08/2017;2 000;2 000;2 000;2 000;1 261;2 522 000;-3.85%
25/08/2017;2 000;2 000;2 000;2 000;178;356 000;0.00%
28/08/2017;1 940;1 940;1 940;1 940;52;100 880;-3.00%
29/08/2017;1 800;1 800;1 800;1 800;211;379 800;-7.22%
30/08/2017;1 935;1 935;1 935;1 935;1 351;2 614 185;7.50%
31/08/2017;1 900;1 900;1 900;1 900;95;180 500;-1.81%
04/09/2017;1 900;1 900;1 900;1 900;35;66 500;0.00%
05/09/2017;1 880;1 880;1 880;1 880;161;302 680;-1.05%
06/09/2017;2 000;2 000;2 000;2 000;976;1 952 000;6.38%
07/09/2017;2 000;2 000;2 000;2 000;147;294 000;0.00%
08/09/2017;1 998;1 998;1 998;1 998;103;205 794;-0.10%
11/09/2017;1 990;1 990;1 990;1 990;98;195 020;-0.40%
12/09/2017;1 880;1 880;1 880;1 880;161;302 680;-5.53%
13/09/2017;1 998;1 998;1 998;1 998;417;833 166;6.28%
14/09/2017;2 000;2 000;2 000;2 000;160;320 000;0.10%
15/09/2017;1 880;1 880;1 880;1 880;55;103 400;-6.00%
18/09/2017;1 960;1 960;1 960;1 960;291;570 360;4.26%
19/09/2017;1 881;1 881;1 881;1 881;92;173 052;-4.03%
20/09/2017;1 999;1 999;1 999;1 999;138;275 862;6.27%
21/09/2017;2 000;2 000;2 000;2 000;399;798 000;0.05%
22/09/2017;1 850;1 850;1 850;1 850;736;1 361 600;-7.50%
25/09/2017;1 712;1 712;1 712;1 712;154;263 648;-7.46%
26/09/2017;1 840;1 840;1 840;1 840;423;778 320;7.48%
27/09/2017;1 978;1 978;1 978;1 978;239;472 742;7.50%
28/09/2017;1 978;1 978;1 978;1 978;30;59 340;0.00%
29/09/2017;2 000;2 000;2 000;2 000;246;492 000;1.11%
02/10/2017;2 000;2 000;2 000;2 000;97;194 000;0.00%
03/10/2017;1 990;1 990;1 990;1 990;52;103 480;-0.50%
04/10/2017;1 999;1 999;1 999;1 999;53;105 947;0.45%
05/10/2017;1 997;1 997;1 997;1 997;206;411 382;-0.10%
06/10/2017;1 997;1 997;1 997;1 997;4;7 988;0.00%
09/10/2017;1 997;1 997;1 997;1 997;1 023;2 042 931;0.00%
10/10/2017;1 997;1 997;1 997;1 997;1 247;2 490 259;0.00%
11/10/2017;1 990;1 990;1 990;1 990;100;199 000;-0.35%
12/10/2017;1 990;1 990;1 990;1 990;10;19 900;0.00%
13/10/2017;1 990;1 990;1 990;1 990;125;248 750;0.00%
16/10/2017;1 990;1 990;1 990;1 990;104;206 960;0.00%
17/10/2017;1 999;1 999;1 999;1 999;110;219 890;0.45%
18/10/2017;1 999;1 999;1 999;1 999;10;19 990;0.00%
19/10/2017;2 000;2 000;2 000;2 000;1 542;3 084 000;0.05%
20/10/2017;1 850;1 850;1 850;1 850;130;240 500;-7.50%
23/10/2017;1 988;1 988;1 988;1 988;486;966 168;7.46%
25/10/2017;1 988;1 988;1 988;1 988;370;735 560;0.00%
26/10/2017;1 900;1 900;1 900;1 900;147;279 300;-4.43%
27/10/2017;1 900;1 900;1 900;1 900;10;19 000;0.00%
30/10/2017;1 800;1 800;1 800;1 800;13;23 400;-5.26%
31/10/2017;1 900;1 900;1 900;1 900;665;1 263 500;5.56%
01/11/2017;1 900;1 900;1 900;1 900;3 325;6 317 500;0.00%
02/11/2017;1 900;1 900;1 900;1 900;984;1 869 600;0.00%
03/11/2017;1 890;1 890;1 890;1 890;165;311 850;-0.53%
06/11/2017;1 899;1 899;1 899;1 899;170;322 830;0.48%
07/11/2017;1 900;1 900;1 900;1 900;185;351 500;0.05%
08/11/2017;1 980;1 980;1 980;1 980;627;1 241 460;4.21%
09/11/2017;1 977;1 977;1 977;1 977;69;136 413;-0.15%
10/11/2017;1 829;1 829;1 829;1 829;85;155 465;-7.49%
13/11/2017;1 966;1 966;1 966;1 966;226;444 316;7.49%
14/11/2017;1 829;1 829;1 829;1 829;11;20 119;-6.97%
15/11/2017;1 829;1 829;1 829;1 829;55;100 595;0.00%
16/11/2017;1 966;1 966;1 966;1 966;2 807;5 518 562;7.49%
17/11/2017;1 820;1 820;1 820;1 820;106;192 920;-7.43%
20/11/2017;1 820;1 820;1 820;1 820;5 870;10 683 400;0.00%
21/11/2017;1 956;1 956;1 956;1 956;5;9 780;7.47%
22/11/2017;2 000;2 000;2 000;2 000;1 209;2 418 000;2.25%
23/11/2017;1 900;1 900;1 900;1 900;58;110 200;-5.00%
24/11/2017;1 899;1 899;1 899;1 899;40;75 960;-0.05%
27/11/2017;1 820;1 820;1 820;1 820;65;118 300;-4.16%
28/11/2017;1 899;1 899;1 899;1 899;556;1 055 844;4.34%
29/11/2017;1 999;1 999;1 999;1 999;2 252;4 501 748;5.27%
01/12/2017;1 920;1 920;1 920;1 920;105;201 600;0.00%
04/12/2017;1 999;1 999;1 999;1 999;67;133 933;4.11%
05/12/2017;2 000;2 000;2 000;2 000;637;1 274 000;0.05%
06/12/2017;2 000;2 000;2 000;2 000;339;678 000;0.00%
07/12/2017;2 150;2 150;2 150;2 150;982;2 111 300;7.50%
08/12/2017;2 000;2 000;2 000;2 000;227;454 000;-6.98%
11/12/2017;2 100;2 100;2 100;2 100;25;52 500;5.00%
12/12/2017;2 100;2 100;2 100;2 100;884;1 856 400;0.00%
13/12/2017;2 100;2 100;2 100;2 100;67;140 700;0.00%
14/12/2017;1 944;1 944;1 944;1 944;7;13 608;-7.43%
15/12/2017;1 944;1 944;1 944;1 944;115;223 560;0.00%
18/12/2017;2 000;2 000;2 000;2 000;143;286 000;2.88%
19/12/2017;2 100;2 100;2 100;2 100;749;1 572 900;5.00%
20/12/2017;2 140;2 140;2 140;2 140;211;451 540;1.90%
21/12/2017;2 098;2 098;2 098;2 098;5;10 490;-1.96%
22/12/2017;2 140;2 140;2 140;2 140;144;308 160;2.00%
25/12/2017;2 140;2 140;2 140;2 140;720;1 540 800;0.00%
26/12/2017;2 300;2 300;2 300;2 300;5;11 500;7.48%
27/12/2017;2 472;2 472;2 472;2 472;18;44 496;7.48%
28/12/2017;2 657;2 657;2 657;2 657;54;143 478;7.48%
29/12/2017;2 780;2 780;2 780;2 780;4 427;12 307 060;4.63%
03/01/2018;2 572;2 572;2 572;2 572;1 131;2 908 932;-7.48%
04/01/2018;2 400;2 400;2 400;2 400;18;43 200;-6.69%
05/01/2018;2 400;2 400;2 400;2 400;22;52 800;0.00%
08/01/2018;2 300;2 300;2 300;2 300;25;57 500;-4.17%
09/01/2018;2 140;2 140;2 140;2 140;10;21 400;-6.96%
10/01/2018;2 260;2 260;2 260;2 260;22;49 720;5.61%
11/01/2018;2 140;2 140;2 140;2 140;20;42 800;-5.31%
12/01/2018;2 120;2 120;2 120;2 120;52;110 240;-0.93%
15/01/2018;2 000;2 000;2 000;2 000;21;42 000;-5.66%
16/01/2018;2 000;2 000;2 000;2 000;291;582 000;0.00%
17/01/2018;2 120;2 120;2 120;2 120;628;1 331 360;6.00%
18/01/2018;2 160;2 160;2 160;2 160;190;410 400;1.89%
19/01/2018;1 998;1 998;1 998;1 998;937;1 872 126;-7.50%
22/01/2018;2 040;2 040;2 040;2 040;30;61 200;2.10%
23/01/2018;2 020;2 020;2 020;2 020;213;430 260;-0.98%
24/01/2018;2 171;2 171;2 171;2 171;610;1 324 310;7.48%
25/01/2018;2 040;2 040;2 040;2 040;45;91 800;-6.03%
26/01/2018;2 100;2 100;2 100;2 100;79;165 900;2.94%
29/01/2018;2 000;2 000;2 000;2 000;41;82 000;-4.76%
30/01/2018;1 956;1 956;1 956;1 956;1 326;2 593 656;-2.20%
31/01/2018;2 100;2 100;2 100;2 100;291;611 100;7.36%
01/02/2018;1 943;1 943;1 943;1 943;160;310 880;-7.48%
02/02/2018;1 950;1 950;1 950;1 950;11;21 450;0.36%
05/02/2018;1 998;1 998;1 998;1 998;434;867 132;2.46%
06/02/2018;2 099;2 099;2 099;2 099;825;1 731 675;5.06%
07/02/2018;2 200;2 200;2 200;2 200;1 000;2 200 000;4.81%
08/02/2018;2 040;2 040;2 040;2 040;1 595;3 253 800;-7.27%
09/02/2018;2 040;2 040;2 040;2 040;1 115;2 274 600;0.00%
12/02/2018;2 190;2 190;2 190;2 190;4 494;9 841 860;7.35%
13/02/2018;2 200;2 200;2 200;2 200;130;286 000;0.46%
14/02/2018;2 350;2 350;2 350;2 350;2 730;6 415 500;6.82%
15/02/2018;2 200;2 200;2 200;2 200;769;1 691 800;-6.38%
16/02/2018;2 185;2 185;2 185;2 185;2 797;6 111 445;-0.68%
19/02/2018;2 095;2 095;2 095;2 095;394;825 430;-4.12%
20/02/2018;2 200;2 200;2 200;2 200;4 755;10 461 000;5.01%
21/02/2018;2 350;2 350;2 350;2 350;5 829;13 698 150;6.82%
22/02/2018;2 200;2 200;2 200;2 200;291;640 200;-6.38%
23/02/2018;2 150;2 150;2 150;2 150;3 840;8 256 000;-2.27%
26/02/2018;2 150;2 150;2 150;2 150;1 139;2 448 850;0.00%
27/02/2018;2 200;2 200;2 200;2 200;876;1 927 200;2.33%
01/03/2018;2 155;2 155;2 155;2 155;1 980;4 266 900;-2.05%
02/03/2018;2 200;2 200;2 200;2 200;635;1 397 000;2.09%
05/03/2018;2 200;2 200;2 200;2 200;1 573;3 460 600;0.00%
06/03/2018;2 200;2 200;2 200;2 200;1 760;3 872 000;0.00%
07/03/2018;2 200;2 200;2 200;2 200;21 070;46 354 000;0.00%
08/03/2018;2 200;2 200;2 200;2 200;2 995;6 589 000;0.00%
09/03/2018;2 115;2 115;2 115;2 115;1 406;2 973 690;-3.86%
12/03/2018;2 000;2 000;2 000;2 000;10 524;21 048 000;-5.44%
13/03/2018;2 000;2 000;2 000;2 000;2 445;4 890 000;0.00%
14/03/2018;2 150;2 150;2 150;2 150;6 475;13 921 250;7.50%
15/03/2018;2 100;2 100;2 100;2 100;982;2 062 200;-2.33%
16/03/2018;2 100;2 100;2 100;2 100;6 542;13 738 200;0.00%
19/03/2018;2 100;2 100;2 100;2 100;2 373;4 983 300;0.00%
20/03/2018;2 190;2 190;2 190;2 190;3 796;8 313 240;4.29%
21/03/2018;2 350;2 350;2 350;2 350;9 375;22 031 250;7.31%
22/03/2018;2 300;2 300;2 300;2 300;963;2 214 900;-2.13%
23/03/2018;2 250;2 250;2 250;2 250;1 687;3 795 750;-2.17%
26/03/2018;2 250;2 250;2 250;2 250;1 775;3 993 750;0.00%
27/03/2018;2 225;2 225;2 225;2 225;3 109;6 917 525;-1.11%
28/03/2018;2 340;2 340;2 340;2 340;10 874;25 445 160;5.17%
29/03/2018;2 330;2 330;2 330;2 330;6 592;15 359 360;-0.43%
30/03/2018;2 300;2 300;2 300;2 300;12;27 600;-1.29%
02/04/2018;2 300;2 300;2 300;2 300;12;27 600;0.00%
03/04/2018;2 200;2 200;2 200;2 200;1 210;2 662 000;-4.35%
04/04/2018;2 330;2 330;2 330;2 330;4 435;10 333 550;5.91%
05/04/2018;2 200;2 200;2 200;2 200;9;19 800;-5.58%
06/04/2018;2 035;2 035;2 035;2 035;1 808;3 679 280;-7.50%
09/04/2018;2 185;2 185;2 185;2 185;2 525;5 517 125;7.37%
10/04/2018;2 250;2 250;2 250;2 250;20 537;46 208 250;2.97%
11/04/2018;2 330;2 330;2 330;2 330;2 388;5 564 040;3.56%
12/04/2018;2 325;2 325;2 325;2 325;925;2 150 625;-0.21%
13/04/2018;2 180;2 180;2 180;2 180;2 249;4 902 820;-6.24%
16/04/2018;2 050;2 050;2 050;2 050;3 418;7 006 900;-5.96%
17/04/2018;2 190;2 190;2 190;2 190;970;2 124 300;6.83%
18/04/2018;2 330;2 330;2 330;2 330;4 134;9 632 220;6.39%
19/04/2018;2 160;2 160;2 160;2 160;358;773 280;-7.30%
20/04/2018;2 160;2 160;2 160;2 160;12 696;27 423 360;0.00%
23/04/2018;2 290;2 290;2 290;2 290;7 376;16 891 040;6.02%
24/04/2018;2 300;2 300;2 300;2 300;2 050;4 715 000;0.44%
25/04/2018;2 300;2 300;2 300;2 300;1 191;2 739 300;0.00%
26/04/2018;2 285;2 285;2 285;2 285;1 146;2 618 610;-0.65%
27/04/2018;2 115;2 115;2 115;2 115;2 561;5 416 515;-7.44%
11/05/2018;2 150;2 150;2 150;2 150;9 842;21 160 300;1.65%
14/05/2018;2 000;2 000;2 000;2 000;8 360;16 720 000;-6.98%
15/05/2018;2 150;2 150;2 150;2 150;3 536;7 602 400;7.50%
16/05/2018;2 100;2 100;2 100;2 100;7 807;16 394 700;-2.33%
17/05/2018;2 000;2 000;2 000;2 000;1 961;3 922 000;-4.76%
18/05/2018;2 100;2 100;2 100;2 100;3 412;7 165 200;5.00%
21/05/2018;2 100;2 100;2 100;2 100;3 412;7 165 200;0.00%
22/05/2018;2 050;2 050;2 050;2 050;1 131;2 318 550;-2.38%
23/05/2018;2 050;2 050;2 050;2 050;824;1 689 200;0.00%
24/05/2018;1 900;1 900;1 900;1 900;2 187;4 155 300;-7.32%
25/05/2018;2 000;2 000;2 000;2 000;8 308;16 616 000;5.26%
28/05/2018;2 000;2 000;2 000;2 000;672;1 344 000;0.00%
30/05/2018;1 990;1 990;1 990;1 990;1 394;2 774 060;-0.50%
31/05/2018;1 990;1 990;1 990;1 990;165;328 350;0.00%
01/06/2018;1 845;1 845;1 845;1 845;1 816;3 350 520;-7.29%
04/06/2018;1 900;1 900;1 900;1 900;917;1 742 300;2.98%
05/06/2018;1 880;1 880;1 880;1 880;363;682 440;-1.05%
06/06/2018;1 900;1 900;1 900;1 900;3 220;6 118 000;1.06%
07/06/2018;1 775;1 775;1 775;1 775;6 508;11 551 700;-6.58%
08/06/2018;1 800;1 800;1 800;1 800;323;581 400;1.41%
11/06/2018;1 800;1 800;1 800;1 800;323;581 400;0.00%
12/06/2018;1 900;1 900;1 900;1 900;2 060;3 914 000;5.56%
13/06/2018;1 985;1 985;1 985;1 985;1 595;3 166 075;4.47%
14/06/2018;1 985;1 985;1 985;1 985;1 595;3 166 075;0.00%
15/06/2018;1 900;1 900;1 900;1 900;10 202;19 383 800;-4.28%
18/06/2018;1 875;1 875;1 875;1 875;329;616 875;-1.32%
19/06/2018;1 900;1 900;1 900;1 900;1 473;2 798 700;1.33%
20/06/2018;2 000;2 000;2 000;2 000;1 362;2 724 000;5.26%
21/06/2018;1 950;1 950;1 950;1 950;787;1 534 650;-2.50%
28/06/2018;1 890;1 890;1 890;1 890;348;657 720;-3.08%
29/06/2018;1 995;1 995;1 995;1 995;13 746;27 423 270;5.56%
02/07/2018;1 995;1 995;1 995;1 995;231;460 845;0.00%
03/07/2018;1 995;1 995;1 995;1 995;930;1 855 350;0.00%
04/07/2018;1 995;1 995;1 995;1 995;813;1 621 935;0.00%
05/07/2018;1 850;1 850;1 850;1 850;577;1 067 450;-7.27%
06/07/2018;1 755;1 755;1 755;1 755;938;1 646 190;-5.14%
09/07/2018;1 800;1 800;1 800;1 800;1 389;2 500 200;2.56%
10/07/2018;1 800;1 800;1 800;1 800;1 427;2 568 600;0.00%
11/07/2018;1 925;1 925;1 925;1 925;1 392;2 679 600;6.94%
12/07/2018;1 800;1 800;1 800;1 800;85;153 000;-6.49%
13/07/2018;1 925;1 925;1 925;1 925;807;1 553 475;6.94%
16/07/2018;1 950;1 950;1 950;1 950;3 438;6 704 100;1.30%
17/07/2018;1 980;1 980;1 980;1 980;1 028;2 035 440;1.54%
18/07/2018;1 975;1 975;1 975;1 975;140;276 500;-0.25%
19/07/2018;1 925;1 925;1 925;1 925;80;154 000;-2.53%
20/07/2018;1 925;1 925;1 925;1 925;1 957;3 767 225;0.00%
23/07/2018;1 900;1 900;1 900;1 900;230;437 000;-1.30%
24/07/2018;1 975;1 975;1 975;1 975;1 524;3 009 900;3.95%
25/07/2018;1 975;1 975;1 975;1 975;346;683 350;0.00%
26/07/2018;1 960;1 960;1 960;1 960;215;421 400;-0.76%
30/07/2018;1 950;1 950;1 950;1 950;999;1 948 050;-0.51%
31/07/2018;1 945;1 945;1 945;1 945;243;472 635;-0.26%
01/08/2018;1 900;1 900;1 900;1 900;1 435;2 726 500;-2.31%
02/08/2018;1 900;1 900;1 900;1 900;25 175;47 832 500;0.00%
03/08/2018;1 935;1 935;1 935;1 935;3 546;6 861 510;1.84%
06/08/2018;1 935;1 935;1 935;1 935;3 546;6 861 510;0.00%
07/08/2018;1 935;1 935;1 935;1 935;3 546;6 861 510;0.00%
08/08/2018;1 940;1 940;1 940;1 940;519;1 006 860;0.26%
09/08/2018;1 800;1 800;1 800;1 800;696;1 252 800;-7.22%
10/08/2018;1 920;1 920;1 920;1 920;1 212;2 327 040;6.67%
13/08/2018;1 895;1 895;1 895;1 895;285;540 075;-1.30%
14/08/2018;1 920;1 920;1 920;1 920;1 100;2 112 000;1.32%
20/08/2018;1 800;1 800;1 800;1 800;2 064;3 715 200;-6.25%
21/08/2018;1 800;1 800;1 800;1 800;2 064;3 715 200;0.00%
22/08/2018;1 895;1 895;1 895;1 895;3 780;7 163 100;5.28%
23/08/2018;1 850;1 850;1 850;1 850;55;101 750;-2.37%
24/08/2018;1 895;1 895;1 895;1 895;730;1 383 350;2.43%
28/08/2018;1 950;1 950;1 950;1 950;118;230 100;0.00%
29/08/2018;1 950;1 950;1 950;1 950;793;1 546 350;0.00%
30/08/2018;1 805;1 805;1 805;1 805;1 699;3 066 695;-7.44%
31/08/2018;1 900;1 900;1 900;1 900;6 068;11 529 200;5.26%
03/09/2018;1 800;1 800;1 800;1 800;82;147 600;-5.26%
04/09/2018;1 800;1 800;1 800;1 800;307;552 600;0.00%
05/09/2018;1 800;1 800;1 800;1 800;442;795 600;0.00%
06/09/2018;1 700;1 700;1 700;1 700;1 946;3 308 200;-5.56%
07/09/2018;1 790;1 790;1 790;1 790;374;669 460;5.29%
10/09/2018;1 790;1 790;1 790;1 790;436;780 440;0.00%
11/09/2018;1 800;1 800;1 800;1 800;11 115;20 007 000;0.56%
12/09/2018;1 795;1 795;1 795;1 795;18 050;32 399 750;-0.28%
13/09/2018;1 750;1 750;1 750;1 750;392;686 000;-2.51%
14/09/2018;1 725;1 725;1 725;1 725;61;105 225;-1.43%
17/09/2018;1 725;1 725;1 725;1 725;61;105 225;0.00%
18/09/2018;1 710;1 710;1 710;1 710;8 233;14 078 430;-0.87%
19/09/2018;1 705;1 705;1 705;1 705;290;494 450;-0.29%
20/09/2018;1 700;1 700;1 700;1 700;199;338 300;-0.29%
21/09/2018;1 700;1 700;1 700;1 700;3 835;6 519 500;0.00%
24/09/2018;1 585;1 585;1 585;1 585;1 568;2 485 280;-6.76%
25/09/2018;1 700;1 700;1 700;1 700;21 032;35 754 400;7.26%
26/09/2018;1 700;1 700;1 700;1 700;1 654;2 811 800;0.00%
27/09/2018;1 700;1 700;1 700;1 700;115;195 500;0.00%
28/09/2018;1 690;1 690;1 690;1 690;47;79 430;-0.59%
01/10/2018;1 695;1 695;1 695;1 695;1 355;2 296 725;0.30%
02/10/2018;1 600;1 600;1 600;1 600;1 740;2 784 000;-5.60%
03/10/2018;1 670;1 670;1 670;1 670;261;435 870;4.38%
04/10/2018;1 625;1 625;1 625;1 625;179;290 875;-2.69%
05/10/2018;1 625;1 625;1 625;1 625;480;780 000;0.00%
08/10/2018;1 595;1 595;1 595;1 595;1 289;2 055 955;-1.85%
09/10/2018;1 625;1 625;1 625;1 625;167;271 375;1.88%
10/10/2018;1 620;1 620;1 620;1 620;1 461;2 366 820;-0.31%
11/10/2018;1 600;1 600;1 600;1 600;1 745;2 792 000;-1.23%
12/10/2018;1 600;1 600;1 600;1 600;250;400 000;0.00%
15/10/2018;1 600;1 600;1 600;1 600;758;1 212 800;0.00%
16/10/2018;1 510;1 510;1 510;1 510;1 393;2 103 430;-5.63%
17/10/2018;1 495;1 495;1 495;1 495;61;91 195;-0.99%
18/10/2018;1 395;1 395;1 395;1 395;412;574 740;-6.69%
19/10/2018;1 375;1 375;1 375;1 375;4 110;5 651 250;-1.43%
22/10/2018;1 300;1 300;1 300;1 300;254;330 200;-5.45%
23/10/2018;1 285;1 285;1 285;1 285;3 021;3 881 985;-1.15%
24/10/2018;1 280;1 280;1 280;1 280;112;143 360;-0.39%
25/10/2018;1 290;1 290;1 290;1 290;4 036;5 206 440;0.78%
26/10/2018;1 290;1 290;1 290;1 290;114;147 060;0.00%
29/10/2018;1 350;1 350;1 350;1 350;4 918;6 639 300;4.65%
30/10/2018;1 325;1 325;1 325;1 325;490;649 250;-1.85%
31/10/2018;1 420;1 420;1 420;1 420;3 657;5 192 940;7.17%
01/11/2018;1 420;1 420;1 420;1 420;3 657;5 192 940;0.00%
02/11/2018;1 510;1 510;1 510;1 510;3 476;5 248 760;6.34%
05/11/2018;1 510;1 510;1 510;1 510;3 285;4 960 350;0.00%
06/11/2018;1 510;1 510;1 510;1 510;1 745;2 634 950;0.00%
08/11/2018;1 550;1 550;1 550;1 550;4 194;6 500 700;2.65%
09/11/2018;1 600;1 600;1 600;1 600;1 018;1 628 800;3.23%
12/11/2018;1 555;1 555;1 555;1 555;553;859 915;-2.81%
13/11/2018;1 500;1 500;1 500;1 500;998;1 497 000;-3.54%
14/11/2018;1 500;1 500;1 500;1 500;1 158;1 737 000;0.00%
15/11/2018;1 500;1 500;1 500;1 500;1 158;1 737 000;0.00%
16/11/2018;1 440;1 440;1 440;1 440;4 750;6 840 000;-4.00%
19/11/2018;1 350;1 350;1 350;1 350;4 361;5 887 350;-6.25%
20/11/2018;1 350;1 350;1 350;1 350;4 361;5 887 350;0.00%
21/11/2018;1 390;1 390;1 390;1 390;6 233;8 663 870;2.96%
22/11/2018;1 290;1 290;1 290;1 290;2 967;3 827 430;-7.19%
23/11/2018;1 300;1 300;1 300;1 300;6 145;7 988 500;0.78%
27/11/2018;1 290;1 290;1 290;1 290;3 933;5 073 570;1.57%
28/11/2018;1 290;1 290;1 290;1 290;8 730;11 261 700;0.00%
29/11/2018;1 280;1 280;1 280;1 280;2 393;3 063 040;-0.78%
30/11/2018;1 250;1 250;1 250;1 250;30;37 500;-2.34%
03/12/2018;1 225;1 225;1 225;1 225;3 843;4 707 675;-2.00%
04/12/2018;1 150;1 150;1 150;1 150;2 490;2 863 500;-6.12%
05/12/2018;1 150;1 150;1 150;1 150;3 432;3 946 800;0.00%
06/12/2018;1 105;1 105;1 105;1 105;5 542;6 123 910;-3.91%
07/12/2018;1 150;1 150;1 150;1 150;1 747;2 009 050;4.07%
10/12/2018;1 235;1 235;1 235;1 235;1 744;2 153 840;7.39%
11/12/2018;1 235;1 235;1 235;1 235;10 828;13 372 580;0.00%
12/12/2018;1 220;1 220;1 220;1 220;18 473;22 537 060;-1.21%
13/12/2018;1 150;1 150;1 150;1 150;25 264;29 053 600;-5.74%
14/12/2018;1 065;1 065;1 065;1 065;14 848;15 813 120;-7.39%
17/12/2018;1 050;1 050;1 050;1 050;6 138;6 444 900;-1.41%
18/12/2018;1 125;1 125;1 125;1 125;11 425;12 853 125;7.14%
19/12/2018;1 200;1 200;1 200;1 200;7 463;8 955 600;6.67%
20/12/2018;1 230;1 230;1 230;1 230;9 439;11 609 970;2.50%
21/12/2018;1 230;1 230;1 230;1 230;9 526;11 716 980;0.00%
24/12/2018;1 300;1 300;1 300;1 300;939;1 220 700;5.69%
25/12/2018;1 300;1 300;1 300;1 300;939;1 220 700;0.00%
26/12/2018;1 395;1 395;1 395;1 395;1 010;1 408 950;7.31%
27/12/2018;1 405;1 405;1 405;1 405;66 120;92 898 600;0.72%
28/12/2018;1 425;1 425;1 425;1 425;10 443;14 881 275;1.42%
31/12/2018;1 355;1 355;1 355;1 355;4 297;5 822 435;-4.91%
02/01/2019;1 400;1 400;1 400;1 400;240;336 000;3.32%
03/01/2019;1 350;1 350;1 350;1 350;315;425 250;-3.57%
04/01/2019;1 345;1 345;1 345;1 345;179;240 755;-0.37%
07/01/2019;1 340;1 340;1 340;1 340;2 369;3 174 460;-0.37%
08/01/2019;1 245;1 245;1 245;1 245;3 385;4 214 325;-7.09%
09/01/2019;1 300;1 300;1 300;1 300;2 091;2 718 300;4.42%
10/01/2019;1 300;1 300;1 300;1 300;621;807 300;0.00%
11/01/2019;1 295;1 295;1 295;1 295;365;472 675;-0.38%
14/01/2019;1 245;1 245;1 245;1 245;480;597 600;-3.86%
15/01/2019;1 165;1 165;1 165;1 165;495;576 675;-6.43%
16/01/2019;1 245;1 180;1 245;1 180;58;70 325;6.87%
17/01/2019;1 245;1 245;1 245;1 245;2 687;3 345 315;0.00%
18/01/2019;1 245;1 245;1 245;1 245;91;113 295;0.00%
21/01/2019;1 245;1 245;1 245;1 245;32 528;40 497 360;0.00%
22/01/2019;1 245;1 155;1 245;1 155;35 379;42 454 800;0.00%
23/01/2019;1 160;1 160;1 160;1 160;20 612;23 909 920;-6.83%
24/01/2019;1 160;1 160;1 160;1 160;16 805;19 493 800;0.00%
25/01/2019;1 160;1 160;1 160;1 160;2 564;2 974 240;0.00%
28/01/2019;1 240;1 200;1 240;1 200;2 491;3 039 020;6.90%
29/01/2019;1 240;1 230;1 240;1 230;910;1 123 850;0.00%
30/01/2019;1 240;1 240;1 240;1 240;228;282 720;0.00%
31/01/2019;1 300;1 235;1 300;1 235;8 548;10 834 590;4.84%
01/02/2019;1 275;1 300;1 300;1 275;2 148;2 765 550;-1.92%
04/02/2019;1 275;1 275;1 275;1 275;1 043;1 329 825;0.00%
05/02/2019;1 275;1 275;1 275;1 275;1 254;1 598 850;0.00%
06/02/2019;1 290;1 300;1 300;1 290;4 427;5 732 965;1.18%
07/02/2019;1 280;1 300;1 300;1 280;885;1 141 650;-0.78%
08/02/2019;1 275;1 275;1 275;1 275;605;771 375;-0.39%
11/02/2019;1 180;1 275;1 275;1 180;13 218;16 225 095;-7.45%
12/02/2019;1 250;1 250;1 250;1 250;416 166;520 207 500;5.93%
13/02/2019;1 280;1 240;1 280;1 240;1 129;1 422 540;2.40%
14/02/2019;1 280;1 250;1 280;1 250;1 797;2 273 205;0.00%
15/02/2019;1 280;1 280;1 280;1 280;10 929;13 989 120;0.00%
18/02/2019;1 280;1 280;1 280;1 280;150;192 000;0.00%
19/02/2019;1 280;1 280;1 280;1 280;4 522;5 788 160;0.00%
20/02/2019;1 375;1 280;1 375;1 280;424;562 860;7.42%
21/02/2019;1 380;1 375;1 380;1 375;5 395;7 431 613;0.36%
22/02/2019;1 345;1 360;1 360;1 345;16 713;22 604 333;-2.54%
26/02/2019;1 350;1 260;1 350;1 260;2 483;3 240 315;3.85%
27/02/2019;1 340;1 300;1 340;1 300;2 151;2 839 320;-0.74%
28/02/2019;1 300;1 340;1 340;1 300;4 560;6 019 200;-2.99%
01/03/2019;1 270;1 300;1 300;1 270;9 946;12 780 610;-2.31%
04/03/2019;1 265;1 270;1 270;1 265;3 670;4 651 725;-0.39%
05/03/2019;1 300;1 300;1 300;1 300;1 549;2 013 700;2.77%
06/03/2019;1 295;1 280;1 295;1 280;3 271;4 211 413;-0.38%
07/03/2019;1 290;1 295;1 295;1 290;3 014;3 895 595;-0.39%
08/03/2019;1 255;1 295;1 295;1 255;4 605;5 871 375;-2.71%
11/03/2019;1 270;1 260;1 270;1 260;1 530;1 935 450;1.20%
12/03/2019;1 190;1 270;1 270;1 190;3 655;4 495 650;-6.30%
13/03/2019;1 190;1 265;1 265;1 190;34 401;42 227 228;0.00%
14/03/2019;1 265;1 190;1 265;1 190;5 375;6 597 813;6.30%
15/03/2019;1 295;1 200;1 295;1 200;255;318 113;2.37%
18/03/2019;1 260;1 250;1 260;1 250;5 150;6 463 250;-2.70%
19/03/2019;1 260;1 265;1 265;1 260;841;1 061 763;0.00%
20/03/2019;1 300;1 265;1 300;1 265;3 486;4 470 795;3.17%
21/03/2019;1 340;1 300;1 340;1 300;4 275;5 643 000;3.08%
22/03/2019;1 430;1 340;1 430;1 340;1 569;2 173 065;6.72%
25/03/2019;1 430;1 400;1 430;1 400;4 651;6 581 165;0.00%
26/03/2019;1 420;1 430;1 430;1 420;2 565;3 655 125;-0.70%
27/03/2019;1 400;1 400;1 400;1 400;1 434;2 007 600;-1.41%
28/03/2019;1 500;1 400;1 500;1 400;14 591;21 156 950;7.14%
29/03/2019;1 500;1 505;1 505;1 500;10 475;15 738 688;0.00%
01/04/2019;1 500;1 500;1 500;1 500;1 330;1 995 000;0.00%
02/04/2019;1 400;1 495;1 495;1 400;1 407;2 036 633;-6.67%
03/04/2019;1 490;1 475;1 490;1 475;1 658;2 457 985;6.43%
04/04/2019;1 490;1 490;1 490;1 490;320;476 800;0.00%
05/04/2019;1 490;1 490;1 490;1 490;3 615;5 386 350;0.00%
08/04/2019;1 490;1 495;1 495;1 490;1 862;2 779 035;0.00%
09/04/2019;1 490;1 450;1 490;1 450;1 261;1 853 670;0.00%
10/04/2019;1 490;1 490;1 490;1 490;6 714;10 003 860;0.00%
11/04/2019;1 490;1 490;1 490;1 490;696;1 037 040;0.00%
12/04/2019;1 450;1 490;1 490;1 450;4 899;7 201 530;-2.68%
15/04/2019;1 400;1 410;1 410;1 400;1 422;1 997 910;-3.45%
17/04/2019;1 370;1 375;1 375;1 370;2 485;3 410 663;-2.14%
18/04/2019;1 370;1 395;1 395;1 370;865;1 195 863;0.00%
19/04/2019;1 450;1 375;1 450;1 375;27 687;39 107 888;5.84%
22/04/2019;1 450;1 375;1 450;1 375;27 687;39 107 888;0.00%
23/04/2019;1 485;1 450;1 485;1 450;3 056;4 484 680;2.41%
24/04/2019;1 500;1 550;1 550;1 500;10 092;15 390 300;1.01%
25/04/2019;1 600;1 550;1 600;1 550;15 435;24 310 125;6.67%
26/04/2019;1 510;1 600;1 600;1 510;2 857;4 442 635;-5.63%
29/04/2019;1 510;1 510;1 510;1 510;50;75 500;0.00%
30/04/2019;1 515;1 550;1 550;1 515;4 345;6 658 713;0.33%
01/05/2019;1 515;1 550;1 550;1 515;4 345;6 658 713;0.00%
02/05/2019;1 560;1 525;1 560;1 525;47 720;73 608 100;2.97%
03/05/2019;1 560;1 560;1 560;1 560;13 278;20 713 680;0.00%
06/05/2019;1 590;1 590;1 590;1 590;25 251;40 149 090;1.92%
07/05/2019;1 590;1 590;1 590;1 590;3 476;5 526 840;0.00%
08/05/2019;1 500;1 590;1 590;1 500;4 833;7 466 985;-5.66%
09/05/2019;1 500;1 500;1 500;1 500;739;1 108 500;0.00%
10/05/2019;1 500;1 500;1 500;1 500;3 240;4 860 000;0.00%
13/05/2019;1 595;1 495;1 595;1 495;4 721;7 293 945;6.33%
14/05/2019;1 500;1 590;1 590;1 500;495;764 775;-5.96%
15/05/2019;1 495;1 500;1 500;1 495;244;365 390;-0.33%
16/05/2019;1 590;1 495;1 590;1 495;2 431;3 749 818;6.35%
17/05/2019;1 495;1 500;1 500;1 495;1 008;1 509 480;-5.97%
20/05/2019;1 480;1 430;1 480;1 430;723;1 051 965;-1.00%
21/05/2019;1 430;1 430;1 430;1 430;125;178 750;-3.38%
22/05/2019;1 410;1 430;1 430;1 410;2 830;4 018 600;-1.40%
23/05/2019;1 415;1 410;1 415;1 410;2 697;3 809 513;0.35%
27/05/2019;1 420;1 415;1 420;1 415;795;1 126 913;0.35%
28/05/2019;1 430;1 420;1 430;1 420;1 989;2 834 325;0.70%
29/05/2019;1 420;1 430;1 430;1 420;2 056;2 929 800;-0.70%
30/05/2019;1 420;1 430;1 430;1 420;2 056;2 929 800;0.00%
31/05/2019;1 430;1 430;1 430;1 430;173;247 390;0.70%
03/06/2019;1 430;1 430;1 430;1 430;334;477 620;0.00%
05/06/2019;1 430;1 430;1 430;1 430;60;85 800;0.00%
06/06/2019;1 425;1 430;1 430;1 425;70;99 925;-0.35%
07/06/2019;1 480;1 425;1 480;1 425;13 647;19 822 268;3.86%
11/06/2019;1 590;1 480;1 590;1 480;3 734;5 731 690;7.43%
12/06/2019;1 580;1 585;1 585;1 580;975;1 542 938;-0.63%
13/06/2019;1 500;1 500;1 500;1 500;205;307 500;-5.06%
14/06/2019;1 500;1 500;1 500;1 500;118;177 000;0.00%
17/06/2019;1 480;1 480;1 480;1 480;1 603;2 372 440;-1.33%
18/06/2019;1 500;1 550;1 550;1 500;770;1 174 250;1.35%
19/06/2019;1 500;1 485;1 500;1 485;3 300;4 925 250;0.00%
20/06/2019;1 500;1 500;1 500;1 500;2 150;3 225 000;0.00%
21/06/2019;1 500;1 505;1 505;1 500;265;398 163;0.00%
24/06/2019;1 500;1 430;1 500;1 430;750;1 098 750;0.00%
25/06/2019;1 490;1 500;1 500;1 490;127;189 865;-0.67%
26/06/2019;1 500;1 500;1 500;1 500;115;172 500;0.67%
27/06/2019;1 430;1 490;1 490;1 430;180;262 800;-4.67%
28/06/2019;1 500;1 490;1 500;1 490;1 010;1 509 950;4.90%
01/07/2019;1 495;1 495;1 495;1 495;122;182 390;-0.33%
02/07/2019;1 500;1 495;1 500;1 495;72;107 820;0.33%
03/07/2019;1 470;1 435;1 470;1 435;837;1 215 743;-2.00%
04/07/2019;1 495;1 495;1 495;1 495;150;224 250;1.70%
05/07/2019;1 500;1 495;1 500;1 495;2 430;3 638 925;0.33%
08/07/2019;1 500;1 500;1 500;1 500;184;276 000;0.00%
09/07/2019;1 500;1 495;1 500;1 495;1 620;2 425 950;0.00%
10/07/2019;1 485;1 490;1 490;1 485;83;123 463;-1.00%
11/07/2019;1 430;1 485;1 485;1 430;485;706 888;-3.70%
12/07/2019;1 450;1 430;1 450;1 430;2 028;2 920 320;1.40%
15/07/2019;1 430;1 430;1 430;1 430;9 293;13 288 990;-1.38%
16/07/2019;1 460;1 450;1 460;1 450;1 808;2 630 640;2.10%
17/07/2019;1 450;1 450;1 450;1 450;40;58 000;-0.68%
18/07/2019;1 435;1 460;1 460;1 435;802;1 160 895;-1.03%
19/07/2019;1 460;1 455;1 460;1 455;7 315;10 661 613;1.74%
22/07/2019;1 400;1 450;1 450;1 400;1 855;2 643 375;-4.11%
23/07/2019;1 455;1 455;1 455;1 455;93;135 315;3.93%
24/07/2019;1 505;1 455;1 505;1 455;1 151;1 703 480;3.44%
25/07/2019;1 500;1 505;1 505;1 500;1 789;2 687 973;-0.33%
26/07/2019;1 420;1 500;1 500;1 420;2 407;3 514 220;-5.33%
29/07/2019;1 410;1 420;1 420;1 410;1 420;2 009 300;-0.70%
30/07/2019;1 500;1 495;1 500;1 495;1 379;2 065 053;6.38%
31/07/2019;1 400;1 500;1 500;1 400;1 370;1 986 500;-6.67%
01/08/2019;1 500;1 495;1 500;1 495;43;64 393;7.14%
02/08/2019;1 445;1 495;1 495;1 445;336;493 920;-3.67%
05/08/2019;1 450;1 445;1 450;1 445;288;416 880;0.35%
06/08/2019;1 500;1 425;1 500;1 425;606;886 275;3.45%
07/08/2019;1 500;1 425;1 500;1 425;606;886 275;0.00%
08/08/2019;1 490;1 495;1 495;1 490;484;722 370;-0.67%
09/08/2019;1 490;1 490;1 490;1 490;3 732;5 560 680;0.00%
12/08/2019;1 490;1 490;1 490;1 490;3 732;5 560 680;0.00%
13/08/2019;1 450;1 450;1 450;1 450;205;297 250;-2.68%
14/08/2019;1 450;1 485;1 485;1 450;712;1 044 860;0.00%
15/08/2019;1 450;1 485;1 485;1 450;712;1 044 860;0.00%
16/08/2019;1 420;1 420;1 420;1 420;2 089;2 966 380;-2.07%
19/08/2019;1 450;1 450;1 450;1 450;595;862 750;2.11%
20/08/2019;1 440;1 450;1 450;1 440;862;1 245 590;-0.69%
21/08/2019;1 500;1 415;1 500;1 415;5 989;8 728 968;4.17%
23/08/2019;1 450;1 500;1 500;1 450;273;402 675;2.84%
26/08/2019;1 445;1 450;1 450;1 445;3 876;5 610 510;-0.34%
27/08/2019;1 400;1 455;1 455;1 400;800;1 142 000;-3.11%
28/08/2019;1 390;1 445;1 445;1 390;20 840;29 540 700;-0.71%
29/08/2019;1 325;1 400;1 400;1 325;22 823;31 096 338;-4.68%
30/08/2019;1 325;1 325;1 325;1 325;11;14 575;0.00%
02/09/2019;1 315;1 325;1 325;1 315;803;1 059 960;-0.75%
03/09/2019;1 325;1 315;1 325;1 315;2 573;3 396 360;0.76%
04/09/2019;1 320;1 320;1 320;1 320;20 057;26 475 240;-0.38%
05/09/2019;1 320;1 300;1 320;1 300;25 085;32 861 350;0.00%
06/09/2019;1 320;1 315;1 320;1 315;5 061;6 667 868;0.00%
09/09/2019;1 400;1 400;1 400;1 400;390;546 000;6.06%
10/09/2019;1 395;1 450;1 450;1 395;2 187;3 111 008;-0.36%
11/09/2019;1 395;1 475;1 475;1 395;723;1 037 505;0.00%
12/09/2019;1 395;1 395;1 395;1 395;1 213;1 692 135;0.00%
13/09/2019;1 415;1 410;1 415;1 410;29;40 963;1.43%
16/09/2019;1 415;1 400;1 415;1 400;2 388;3 361 110;0.00%
17/09/2019;1 320;1 415;1 415;1 320;2 045;2 796 538;-6.71%
18/09/2019;1 320;1 320;1 320;1 320;1 391;1 836 120;0.00%
19/09/2019;1 320;1 320;1 320;1 320;1 348;1 779 360;0.00%
20/09/2019;1 325;1 320;1 325;1 320;2 508;3 316 830;0.38%
23/09/2019;1 320;1 325;1 325;1 320;2 036;2 692 610;-0.38%
24/09/2019;1 300;1 320;1 320;1 300;320;419 200;-1.52%
25/09/2019;1 320;1 300;1 320;1 300;325;425 750;1.54%
26/09/2019;1 320;1 320;1 320;1 320;50;66 000;0.00%
27/09/2019;1 325;1 325;1 325;1 325;464;614 800;0.38%
30/09/2019;1 325;1 325;1 325;1 325;406;537 950;0.00%
02/10/2019;1 325;1 420;1 420;1 325;1 533;2 104 043;0.00%
03/10/2019;1 325;1 325;1 325;1 325;741;981 825;0.00%
04/10/2019;1 325;1 325;1 325;1 325;515;682 375;0.00%
07/10/2019;1 325;1 280;1 325;1 280;725;944 313;0.00%
08/10/2019;1 320;1 325;1 325;1 320;135;178 538;-0.38%
09/10/2019;1 295;1 295;1 295;1 295;492;637 140;-1.89%
10/10/2019;1 290;1 290;1 290;1 290;532;686 280;-0.39%
11/10/2019;1 290;1 290;1 290;1 290;138;178 020;0.00%
14/10/2019;1 275;1 290;1 290;1 275;115;147 488;-1.16%
15/10/2019;1 250;1 275;1 275;1 250;104;131 300;-1.96%
16/10/2019;1 180;1 245;1 245;1 180;580;703 250;-5.60%
17/10/2019;1 200;1 180;1 200;1 180;1 088;1 294 720;1.69%
18/10/2019;1 220;1 200;1 220;1 200;1 590;1 923 900;1.67%
21/10/2019;1 220;1 200;1 220;1 200;618;747 780;0.00%
22/10/2019;1 200;1 220;1 220;1 200;116;140 360;-1.64%
23/10/2019;1 220;1 220;1 220;1 220;156;190 320;1.67%
24/10/2019;1 250;1 220;1 250;1 220;4 708;5 814 380;2.46%
25/10/2019;1 250;1 255;1 255;1 250;475;594 938;0.00%
28/10/2019;1 250;1 250;1 250;1 250;1 958;2 447 500;0.00%
29/10/2019;1 200;1 230;1 230;1 200;1 944;2 361 960;-4.00%
30/10/2019;1 250;1 200;1 250;1 200;15 346;18 798 850;4.17%
31/10/2019;1 250;1 200;1 250;1 200;11 280;13 818 000;0.00%
01/11/2019;1 250;1 200;1 250;1 200;11 280;13 818 000;0.00%
04/11/2019;1 295;1 225;1 295;1 225;1 776;2 237 760;3.60%
05/11/2019;1 295;1 250;1 295;1 250;14 198;18 066 955;0.00%
06/11/2019;1 250;1 250;1 250;1 250;90;112 500;-3.47%
07/11/2019;1 280;1 295;1 295;1 280;201;258 788;2.40%
08/11/2019;1 250;1 255;1 255;1 250;98 096;122 865 240;-2.34%
11/11/2019;1 255;1 255;1 255;1 255;1 035;1 298 925;0.40%
12/11/2019;1 290;1 275;1 290;1 275;1 420;1 821 150;2.79%
13/11/2019;1 280;1 280;1 280;1 280;230;294 400;-0.78%
14/11/2019;1 255;1 280;1 280;1 255;617;782 048;-1.95%
18/11/2019;1 200;1 255;1 255;1 200;1 325;1 626 438;-4.38%
19/11/2019;1 215;1 215;1 215;1 215;2 160;2 624 400;1.25%
21/11/2019;1 300;1 200;1 300;1 200;13 055;16 318 750;7.00%
22/11/2019;1 250;1 250;1 250;1 250;1 020;1 275 000;-3.85%
25/11/2019;1 225;1 225;1 225;1 225;278;340 550;-2.00%
26/11/2019;1 225;1 225;1 225;1 225;30;36 750;0.00%
27/11/2019;1 150;1 200;1 200;1 150;2 849;3 347 575;-6.12%
28/11/2019;1 225;1 150;1 225;1 150;1 661;1 972 438;6.52%
29/11/2019;1 315;1 225;1 315;1 225;2 098;2 664 460;7.35%
02/12/2019;1 400;1 300;1 400;1 300;600;810 000;6.46%
03/12/2019;1 500;1 400;1 500;1 400;3 855;5 589 750;7.14%
04/12/2019;1 400;1 390;1 400;1 390;215;299 925;-6.67%
05/12/2019;1 300;1 390;1 390;1 300;211;283 795;-7.14%
06/12/2019;1 375;1 380;1 380;1 375;63;86 783;5.77%
09/12/2019;1 370;1 375;1 375;1 370;70;96 075;-0.36%
10/12/2019;1 330;1 370;1 370;1 330;210;283 500;-2.92%
11/12/2019;1 300;1 330;1 330;1 300;105;138 075;-2.26%
12/12/2019;1 300;1 300;1 300;1 300;106;137 800;0.00%
13/12/2019;1 295;1 300;1 300;1 295;88;114 180;-0.38%
16/12/2019;1 300;1 290;1 300;1 290;932;1 206 940;0.39%
17/12/2019;1 300;1 290;1 300;1 290;893;1 156 435;0.00%
18/12/2019;1 300;1 270;1 300;1 270;11 458;14 723 530;0.00%
19/12/2019;1 330;1 270;1 330;1 270;2 025;2 632 500;2.31%
20/12/2019;1 400;1 275;1 400;1 275;28 066;37 538 275;5.26%
23/12/2019;1 500;1 390;1 500;1 390;11 397;16 468 665;7.14%
24/12/2019;1 575;1 400;1 575;1 400;32 101;47 750 238;5.00%
25/12/2019;1 575;1 400;1 575;1 400;32 101;47 750 238;0.00%
26/12/2019;1 600;1 570;1 600;1 570;4 476;7 094 460;1.59%
27/12/2019;1 600;1 500;1 600;1 500;17 321;26 847 550;0.00%
30/12/2019;1 600;1 590;1 600;1 590;2 254;3 595 130;0.00%
31/12/2019;1 700;1 595;1 700;1 595;76 444;125 941 490;6.25%
01/01/2020;1 700;1 595;1 700;1 595;76 444;125 941 490;0.00%
02/01/2020;1 700;1 700;1 700;1 700;1 981 066;3 367 812 200;0.00%
03/01/2020;1 580;1 600;1 600;1 580;89;141 510;-7.06%
06/01/2020;1 540;1 545;1 545;1 540;190;293 075;-2.53%
07/01/2020;1 450;1 500;1 500;1 450;327;482 325;-5.84%
08/01/2020;1 450;1 455;1 455;1 450;10 391;15 092 928;0.00%
09/01/2020;1 450;1 490;1 490;1 450;2 573;3 782 310;0.00%
10/01/2020;1 450;1 445;1 450;1 445;19 631;28 415 873;0.00%
13/01/2020;1 450;1 450;1 450;1 450;2;2 900;0.00%
14/01/2020;1 450;1 425;1 450;1 425;141;202 688;0.00%
15/01/2020;1 425;1 425;1 425;1 425;79;112 575;-1.72%
16/01/2020;1 390;1 390;1 390;1 390;350;486 500;-2.46%
17/01/2020;1 300;1 385;1 385;1 300;185;248 363;-6.47%
20/01/2020;1 300;1 315;1 315;1 300;145;189 588;0.00%
21/01/2020;1 250;1 315;1 315;1 250;3 700;4 745 250;-3.85%
22/01/2020;1 300;1 300;1 300;1 300;7 464;9 703 200;4.00%
23/01/2020;1 300;1 300;1 300;1 300;2 184;2 839 200;0.00%
24/01/2020;1 390;1 350;1 390;1 350;1 245;1 705 650;6.92%
27/01/2020;1 400;1 405;1 405;1 400;580;813 450;0.72%
28/01/2020;1 400;1 390;1 400;1 390;65;90 675;0.00%
29/01/2020;1 400;1 400;1 400;1 400;452;632 800;0.00%
30/01/2020;1 440;1 400;1 440;1 400;19;26 980;2.86%
31/01/2020;1 400;1 400;1 400;1 400;693;970 200;-2.78%
03/02/2020;1 400;1 400;1 400;1 400;6 235;8 729 000;0.00%
04/02/2020;1 400;1 400;1 400;1 400;4 163;5 828 200;0.00%
05/02/2020;1 390;1 400;1 400;1 390;2 147;2 995 065;-0.71%
06/02/2020;1 390;1 400;1 400;1 390;215;299 925;0.00%
07/02/2020;1 390;1 390;1 390;1 390;2 300;3 197 000;0.00%
10/02/2020;1 400;1 400;1 400;1 400;3 652;5 112 800;0.72%
11/02/2020;1 395;1 395;1 395;1 395;109;152 055;-0.36%
12/02/2020;1 395;1 395;1 395;1 395;109;152 055;0.00%
13/02/2020;1 395;1 400;1 400;1 395;85;118 788;0.00%
14/02/2020;1 390;1 395;1 395;1 390;197;274 323;-0.36%
17/02/2020;1 400;1 395;1 400;1 395;2 031;2 838 323;0.72%
18/02/2020;1 390;1 400;1 400;1 390;5 600;7 812 000;-0.71%
19/02/2020;1 400;1 400;1 400;1 400;222;310 800;0.72%
20/02/2020;1 400;1 400;1 400;1 400;229;320 600;0.00%
21/02/2020;1 390;1 400;1 400;1 390;195;272 025;-0.71%
24/02/2020;1 390;1 400;1 400;1 390;5 124;7 147 980;0.00%
25/02/2020;1 390;1 400;1 400;1 390;2 050;2 859 750;0.00%
26/02/2020;1 400;1 390;1 400;1 390;1 104;1 540 080;0.72%
27/02/2020;1 400;1 400;1 400;1 400;843;1 180 200;0.00%
28/02/2020;1 450;1 450;1 450;1 450;1 406;2 038 700;3.57%
02/03/2020;1 555;1 555;1 555;1 555;16;24 880;7.24%
03/03/2020;1 450;1 450;1 450;1 450;480;696 000;-6.75%
04/03/2020;1 455;1 500;1 500;1 455;329;486 098;0.34%
05/03/2020;1 500;1 460;1 500;1 460;770;1 139 600;3.09%
06/03/2020;1 500;1 500;1 500;1 500;675;1 012 500;0.00%
09/03/2020;1 500;1 500;1 500;1 500;563;844 500;0.00%
10/03/2020;1 500;1 500;1 500;1 500;1 902;2 853 000;0.00%
11/03/2020;1 510;1 500;1 510;1 500;4 725;7 111 125;0.67%
12/03/2020;1 500;1 505;1 505;1 500;3 837;5 765 093;-0.66%
13/03/2020;1 500;1 500;1 500;1 500;3 043;4 564 500;0.00%
17/03/2020;1 495;1 495;1 495;1 495;3;4 485;-0.33%
18/03/2020;1 465;1 470;1 470;1 465;55;80 713;-2.01%
19/03/2020;1 390;1 390;1 390;1 390;530;736 700;-5.12%
20/03/2020;1 370;1 390;1 390;1 370;440;607 200;-1.44%
23/03/2020;1 370;1 370;1 370;1 370;146;200 020;0.00%
24/03/2020;1 370;1 370;1 370;1 370;76;104 120;0.00%
25/03/2020;1 355;1 350;1 355;1 350;65;87 913;-1.09%
26/03/2020;1 300;1 355;1 355;1 300;350;464 625;-4.06%
27/03/2020;1 300;1 300;1 300;1 300;1 031;1 340 300;0.00%
30/03/2020;1 275;1 365;1 365;1 275;1 391;1 836 120;-1.92%
31/03/2020;1 250;1 275;1 275;1 250;314;396 425;-1.96%
01/04/2020;1 295;1 300;1 300;1 295;19;24 653;3.60%
03/04/2020;1 300;1 300;1 300;1 300;15;19 500;0.39%
06/04/2020;1 290;1 295;1 295;1 290;118;152 515;-0.77%
07/04/2020;1 300;1 250;1 300;1 250;1 093;1 393 575;0.78%
09/04/2020;1 350;1 365;1 365;1 350;133;180 548;3.85%
14/04/2020;1 350;1 350;1 350;1 350;11;14 850;0.00%
15/04/2020;1 350;1 350;1 350;1 350;10;13 500;0.00%
16/04/2020;1 345;1 345;1 345;1 345;30;40 350;-0.37%
17/04/2020;1 320;1 320;1 320;1 320;600;792 000;-1.86%
20/04/2020;1 345;1 300;1 345;1 300;1 400;1 851 500;1.89%
21/04/2020;1 345;1 345;1 345;1 345;1 086;1 460 670;0.00%
22/04/2020;1 350;1 340;1 350;1 340;542;728 990;0.37%
23/04/2020;1 250;1 350;1 350;1 250;1 652;2 147 600;-7.41%
24/04/2020;1 250;1 255;1 255;1 250;94;117 735;0.00%
27/04/2020;1 250;1 250;1 250;1 250;1 123;1 403 750;0.00%
28/04/2020;1 250;1 250;1 250;1 250;1 008;1 260 000;0.00%
29/04/2020;1 250;1 250;1 250;1 250;85;106 250;0.00%
30/04/2020;1 200;1 250;1 250;1 200;226;276 850;-4.00%
01/05/2020;1 200;1 250;1 250;1 200;226;276 850;0.00%
04/05/2020;1 225;1 250;1 250;1 225;16;19 800;2.08%
05/05/2020;1 250;1 250;1 250;1 250;442;552 500;2.04%
06/05/2020;1 250;1 250;1 250;1 250;83;103 750;0.00%
07/05/2020;1 250;1 200;1 250;1 200;585;716 625;0.00%
08/05/2020;1 240;1 250;1 250;1 240;328;408 360;-0.80%
11/05/2020;1 250;1 300;1 300;1 250;1 391;1 773 525;0.81%
12/05/2020;1 250;1 240;1 250;1 240;2 117;2 635 665;0.00%
13/05/2020;1 250;1 240;1 250;1 240;321;399 645;0.00%
14/05/2020;1 250;1 250;1 250;1 250;16 064;20 080 000;0.00%
15/05/2020;1 250;1 340;1 340;1 250;14;18 130;0.00%
18/05/2020;1 250;1 250;1 250;1 250;756;945 000;0.00%
19/05/2020;1 200;1 250;1 250;1 200;3 208;3 929 800;-4.00%
22/05/2020;1 200;1 200;1 200;1 200;235;282 000;0.00%
25/05/2020;1 250;1 200;1 250;1 200;351;429 975;4.17%
26/05/2020;1 200;1 250;1 250;1 200;36;44 100;-4.00%
27/05/2020;1 200;1 255;1 255;1 200;2 590;3 179 225;0.00%
28/05/2020;1 245;1 245;1 245;1 245;1 400;1 743 000;3.75%
29/05/2020;1 250;1 250;1 250;1 250;280;350 000;0.40%
01/06/2020;1 250;1 250;1 250;1 250;280;350 000;0.00%
02/06/2020;1 300;1 250;1 300;1 250;1 400;1 785 000;4.00%
03/06/2020;1 395;1 300;1 395;1 300;932;1 255 870;7.31%
04/06/2020;1 495;1 450;1 495;1 450;2 023;2 978 868;7.17%
05/06/2020;1 535;1 545;1 545;1 535;2 058;3 169 320;2.68%
08/06/2020;1 520;1 535;1 535;1 520;424;647 660;-0.98%
09/06/2020;1 495;1 495;1 495;1 495;2 610;3 901 950;-1.64%
10/06/2020;1 410;1 495;1 495;1 410;116;168 490;-5.69%
11/06/2020;1 450;1 410;1 450;1 410;161;230 230;2.84%
12/06/2020;1 495;1 345;1 495;1 345;905;1 285 100;3.10%
15/06/2020;1 450;1 490;1 490;1 450;50;73 500;-3.01%
16/06/2020;1 400;1 450;1 450;1 400;488;695 400;-3.45%
17/06/2020;1 400;1 400;1 400;1 400;30;42 000;0.00%
18/06/2020;1 400;1 475;1 475;1 400;5 800;8 337 500;0.00%
19/06/2020;1 400;1 400;1 400;1 400;354;495 600;0.00%
22/06/2020;1 395;1 400;1 400;1 395;159;222 203;-0.36%
23/06/2020;1 395;1 395;1 395;1 395;235;327 825;0.00%
24/06/2020;1 395;1 390;1 395;1 390;110;153 175;0.00%
25/06/2020;1 390;1 390;1 390;1 390;390;542 100;-0.36%
26/06/2020;1 390;1 395;1 395;1 390;405;563 963;0.00%
29/06/2020;1 365;1 365;1 365;1 365;665;907 725;-1.80%
30/06/2020;1 465;1 390;1 465;1 390;1 055;1 506 013;7.33%
01/07/2020;1 465;1 465;1 465;1 465;160;234 400;0.00%
02/07/2020;1 400;1 400;1 400;1 400;1 621;2 269 400;-4.44%
03/07/2020;1 400;1 400;1 400;1 400;178;249 200;0.00%
06/07/2020;1 350;1 350;1 350;1 350;500;675 000;-3.57%
07/07/2020;1 300;1 350;1 350;1 300;858;1 136 850;-3.70%
08/07/2020;1 205;1 300;1 300;1 205;13 011;16 296 278;-7.31%
09/07/2020;1 210;1 205;1 210;1 205;10 862;13 115 865;0.41%
10/07/2020;1 200;1 205;1 205;1 200;7 398;8 896 095;-0.83%
13/07/2020;1 200;1 200;1 200;1 200;3 960;4 752 000;0.00%
14/07/2020;1 200;1 200;1 200;1 200;5 348;6 417 600;0.00%
15/07/2020;1 200;1 205;1 205;1 200;3 789;4 556 273;0.00%
16/07/2020;1 200;1 200;1 200;1 200;785;942 000;0.00%
17/07/2020;1 200;1 135;1 200;1 135;987;1 152 323;0.00%
20/07/2020;1 200;1 200;1 200;1 200;3 903;4 683 600;0.00%
21/07/2020;1 200;1 195;1 200;1 195;2 210;2 646 475;0.00%
22/07/2020;1 200;1 200;1 200;1 200;1 199;1 438 800;0.00%
23/07/2020;1 200;1 200;1 200;1 200;1 490;1 788 000;0.00%
24/07/2020;1 200;1 200;1 200;1 200;301;361 200;0.00%
27/07/2020;1 200;1 200;1 200;1 200;527;632 400;0.00%
28/07/2020;1 290;1 200;1 290;1 200;3 516;4 377 420;7.50%
29/07/2020;1 285;1 290;1 290;1 285;1 277;1 644 138;-0.39%
30/07/2020;1 370;1 295;1 370;1 295;1 301;1 733 583;6.61%
31/07/2020;1 370;1 295;1 370;1 295;1 301;1 733 583;0.00%
03/08/2020;1 345;1 350;1 350;1 345;2;2 695;-1.82%
04/08/2020;1 290;1 295;1 295;1 290;283;365 778;-4.09%
05/08/2020;1 230;1 200;1 230;1 200;769;934 335;-4.65%
06/08/2020;1 200;1 220;1 220;1 200;2 860;3 460 600;-2.44%
07/08/2020;1 200;1 220;1 220;1 200;2 860;3 460 600;0.00%
10/08/2020;1 200;1 250;1 250;1 200;216;264 600;0.00%
11/08/2020;1 190;1 200;1 200;1 190;1 463;1 748 285;-0.83%
12/08/2020;1 195;1 190;1 195;1 190;19 017;22 677 773;0.42%
13/08/2020;1 195;1 190;1 195;1 190;1 200;1 431 000;0.00%
14/08/2020;1 280;1 195;1 280;1 195;3 185;3 941 438;7.11%
17/08/2020;1 290;1 290;1 290;1 290;12;15 480;0.78%
18/08/2020;1 295;1 290;1 295;1 290;274;354 145;0.39%
21/08/2020;1 275;1 200;1 275;1 200;177;219 038;-1.54%
24/08/2020;1 230;1 230;1 230;1 230;4;4 920;-3.53%
25/08/2020;1 200;1 270;1 270;1 200;2 076;2 563 860;-2.44%
26/08/2020;1 290;1 250;1 290;1 250;480;609 600;7.50%
27/08/2020;1 280;1 285;1 285;1 280;442;566 865;-0.78%
28/08/2020;1 245;1 275;1 275;1 245;4 051;5 104 260;-2.73%
31/08/2020;1 320;1 295;1 320;1 295;4 966;6 493 045;6.02%
01/09/2020;1 245;1 225;1 245;1 225;26;32 110;-5.68%
02/09/2020;1 225;1 240;1 240;1 225;845;1 041 463;-1.61%
03/09/2020;1 190;1 150;1 190;1 150;225;263 250;-2.86%
07/09/2020;1 200;1 225;1 225;1 200;1 746;2 117 025;0.84%
08/09/2020;1 200;1 200;1 200;1 200;2 130;2 556 000;0.00%
09/09/2020;1 195;1 200;1 200;1 195;4 016;4 809 160;-0.42%
10/09/2020;1 190;1 190;1 190;1 190;601;715 190;-0.42%
11/09/2020;1 275;1 210;1 275;1 210;30;37 275;7.14%
14/09/2020;1 290;1 200;1 290;1 200;7 152;8 904 240;1.18%
15/09/2020;1 205;1 290;1 290;1 205;4 458;5 561 355;-6.59%
16/09/2020;1 200;1 210;1 210;1 200;3 355;4 042 775;-0.41%
17/09/2020;1 195;1 280;1 280;1 195;12 003;14 853 713;-0.42%
18/09/2020;1 200;1 195;1 200;1 195;1 006;1 204 685;0.42%
21/09/2020;1 200;1 250;1 250;1 200;3 389;4 151 525;0.00%
22/09/2020;1 200;1 200;1 200;1 200;617;740 400;0.00%
23/09/2020;1 200;1 200;1 200;1 200;617;740 400;0.00%
24/09/2020;1 200;1 200;1 200;1 200;617;740 400;0.00%
25/09/2020;1 200;1 200;1 200;1 200;617;740 400;0.00%
28/09/2020;1 300;1 245;1 300;1 245;1 300;1 654 250;8.33%
29/09/2020;1 300;1 295;1 300;1 295;2 196;2 849 310;0.00%
30/09/2020;1 260;1 270;1 270;1 260;372;470 580;-3.08%
01/10/2020;1 200;1 265;1 265;1 200;733;903 423;-4.76%
02/10/2020;1 150;1 170;1 170;1 150;1 180;1 368 800;-4.17%
05/10/2020;1 190;1 200;1 200;1 190;1 787;2 135 465;3.48%
06/10/2020;1 185;1 185;1 185;1 185;150;177 750;-0.42%
07/10/2020;1 160;1 185;1 185;1 160;1 025;1 201 813;-2.11%
08/10/2020;1 150;1 170;1 170;1 150;1 943;2 253 880;-0.86%
09/10/2020;1 150;1 150;1 150;1 150;1 176;1 352 400;0.00%
12/10/2020;1 150;1 150;1 150;1 150;100;115 000;0.00%
13/10/2020;1 180;1 160;1 180;1 160;2 232;2 611 440;2.61%
14/10/2020;1 170;1 150;1 170;1 150;307;356 120;-0.85%
15/10/2020;1 085;1 150;1 150;1 085;1 588;1 774 590;-7.26%
16/10/2020;1 085;1 005;1 085;1 005;1 044;1 090 980;0.00%
19/10/2020;1 160;1 080;1 160;1 080;18 175;20 356 000;6.91%
20/10/2020;1 200;1 190;1 200;1 190;420;501 900;3.45%
21/10/2020;1 200;1 200;1 200;1 200;5;6 000;0.00%
22/10/2020;1 200;1 195;1 200;1 195;1 440;1 724 400;0.00%
23/10/2020;1 200;1 195;1 200;1 195;1 062;1 271 745;0.00%
26/10/2020;1 200;1 200;1 200;1 200;2 302;2 762 400;0.00%
27/10/2020;1 200;1 200;1 200;1 200;665;798 000;0.00%
28/10/2020;1 200;1 195;1 200;1 195;5 030;6 023 425;0.00%
29/10/2020;1 200;1 195;1 200;1 195;5 030;6 023 425;0.00%
30/10/2020;1 200;1 110;1 200;1 110;401;463 155;0.00%
02/11/2020;1 200;1 200;1 200;1 200;140;168 000;0.00%
03/11/2020;1 180;1 110;1 180;1 110;1 435;1 643 075;-1.67%
04/11/2020;1 150;1 180;1 180;1 150;200;233 000;-2.54%
05/11/2020;1 150;1 150;1 150;1 150;1 152;1 324 800;0.00%
06/11/2020;1 100;1 150;1 150;1 100;595;669 375;-4.35%
09/11/2020;1 125;1 150;1 150;1 125;382;434 525;2.27%
10/11/2020;1 120;1 100;1 120;1 100;850;943 500;-0.44%
11/11/2020;1 140;1 150;1 150;1 140;1 513;1 732 385;1.79%
12/11/2020;1 100;1 150;1 150;1 100;3 555;3 999 375;-3.51%
13/11/2020;1 150;1 090;1 150;1 090;2 524;2 826 880;4.55%
16/11/2020;1 150;1 130;1 150;1 130;510;581 400;0.00%
17/11/2020;1 225;1 200;1 225;1 200;4 095;4 965 188;6.52%
18/11/2020;1 150;1 200;1 200;1 150;1 110;1 304 250;-6.12%
19/11/2020;1 145;1 145;1 145;1 145;168;192 360;-0.43%
20/11/2020;1 220;1 200;1 220;1 200;6 352;7 685 920;6.55%
23/11/2020;1 180;1 150;1 180;1 150;975;1 135 875;-3.28%
24/11/2020;1 190;1 190;1 190;1 190;360;428 400;0.85%
25/11/2020;1 200;1 185;1 200;1 185;7 342;8 755 335;0.84%
26/11/2020;1 190;1 190;1 190;1 190;42;49 980;-0.83%
27/11/2020;1 185;1 185;1 185;1 185;22;26 070;-0.42%
30/11/2020;1 185;1 185;1 185;1 185;60;71 100;0.00%
01/12/2020;1 190;1 150;1 190;1 150;5 614;6 568 380;0.42%
02/12/2020;1 185;1 185;1 185;1 185;100;118 500;-0.42%
03/12/2020;1 180;1 185;1 185;1 180;346;409 145;-0.42%
04/12/2020;1 180;1 180;1 180;1 180;8 295;9 788 100;0.00%
07/12/2020;1 180;1 180;1 180;1 180;65;76 700;0.00%
08/12/2020;1 160;1 160;1 160;1 160;906;1 050 960;-1.69%
09/12/2020;1 180;1 180;1 180;1 180;5 805;6 849 900;1.72%
10/12/2020;1 250;1 180;1 250;1 180;55 937;67 963 455;5.93%
11/12/2020;1 180;1 180;1 180;1 180;2 074;2 447 320;-5.60%
14/12/2020;1 200;1 190;1 200;1 190;74 268;88 750 260;1.69%
15/12/2020;1 250;1 230;1 250;1 230;92 127;114 237 480;4.17%
16/12/2020;1 225;1 250;1 250;1 225;1 291;1 597 613;-2.00%
17/12/2020;1 315;1 220;1 315;1 220;189 861;240 648 818;7.35%
18/12/2020;1 410;1 300;1 410;1 300;67 421;91 355 455;7.22%
21/12/2020;1 515;1 320;1 515;1 320;26 652;37 779 210;7.45%
22/12/2020;1 625;1 410;1 625;1 410;34 178;51 865 115;7.26%
23/12/2020;1 625;1 505;1 625;1 505;2 191;3 428 915;0.00%
24/12/2020;1 515;1 600;1 600;1 515;3 986;6 208 195;-6.77%
25/12/2020;1 515;1 600;1 600;1 515;3 986;6 208 195;0.00%
28/12/2020;1 625;1 515;1 625;1 515;16 273;25 548 610;7.26%
29/12/2020;1 620;1 600;1 620;1 600;3 190;5 135 900;-0.31%
30/12/2020;1 600;1 500;1 600;1 500;1 540;2 387 000;-1.23%
31/12/2020;1 590;1 590;1 590;1 590;15 006;23 859 540;-0.63%
04/01/2021;1 550;1 500;1 550;1 500;34;51 850;-2.52%
07/01/2021;1 435;1 485;1 485;1 435;399;582 540;-7.42%
08/01/2021;1 345;1 485;1 485;1 345;183;258 945;-6.27%
11/01/2021;1 345;1 325;1 345;1 325;535;714 225;0.00%
12/01/2021;1 325;1 345;1 345;1 325;1 355;1 808 925;-1.49%
13/01/2021;1 300;1 325;1 325;1 300;127;166 688;-1.89%
14/01/2021;1 300;1 300;1 300;1 300;586;761 800;0.00%
15/01/2021;1 300;1 320;1 320;1 300;72;94 320;0.00%
18/01/2021;1 300;1 205;1 300;1 205;478;598 695;0.00%
19/01/2021;1 220;1 300;1 300;1 220;125;157 500;-6.15%
20/01/2021;1 300;1 220;1 300;1 220;665;837 900;6.56%
21/01/2021;1 300;1 300;1 300;1 300;2 129;2 767 700;0.00%
22/01/2021;1 280;1 325;1 325;1 280;225;293 063;-1.54%
25/01/2021;1 300;1 300;1 300;1 300;750;975 000;1.56%
26/01/2021;1 270;1 325;1 325;1 270;1 524;1 977 390;-2.31%
27/01/2021;1 290;1 270;1 290;1 270;91;116 480;1.57%
28/01/2021;1 300;1 300;1 300;1 300;296;384 800;0.78%
29/01/2021;1 280;1 300;1 300;1 280;637;821 730;-1.54%
01/02/2021;1 250;1 250;1 250;1 250;1 849;2 311 250;-2.34%
02/02/2021;1 245;1 250;1 250;1 245;255;318 113;-0.40%
03/02/2021;1 290;1 245;1 290;1 245;857;1 086 248;3.61%
04/02/2021;1 250;1 290;1 290;1 250;1 160;1 473 200;-3.10%
05/02/2021;1 290;1 280;1 290;1 280;2 249;2 889 965;3.20%
08/02/2021;1 290;1 290;1 290;1 290;669;863 010;0.00%
09/02/2021;1 250;1 290;1 290;1 250;2 576;3 271 520;-3.10%
10/02/2021;1 200;1 220;1 220;1 200;4 873;5 896 330;-4.00%
11/02/2021;1 200;1 200;1 200;1 200;1 192;1 430 400;0.00%
12/02/2021;1 200;1 200;1 200;1 200;1 626;1 951 200;0.00%
15/02/2021;1 200;1 200;1 200;1 200;5 689;6 826 800;0.00%
16/02/2021;1 165;1 200;1 200;1 165;1 462;1 728 815;-2.92%
17/02/2021;1 165;1 250;1 250;1 165;1 597;1 928 378;0.00%
18/02/2021;1 200;1 165;1 200;1 165;1 411;1 668 508;3.00%
19/02/2021;1 200;1 200;1 200;1 200;25;30 000;0.00%
22/02/2021;1 200;1 200;1 200;1 200;1 060;1 272 000;0.00%
23/02/2021;1 200;1 200;1 200;1 200;100;120 000;0.00%
24/02/2021;1 250;1 250;1 250;1 250;414;517 500;4.17%
25/02/2021;1 290;1 250;1 290;1 250;1 410;1 790 700;3.20%
26/02/2021;1 290;1 270;1 290;1 270;330;422 400;0.00%
01/03/2021;1 290;1 280;1 290;1 280;1 230;1 580 550;0.00%
02/03/2021;1 285;1 290;1 290;1 285;4 565;5 877 438;-0.39%
03/03/2021;1 285;1 285;1 285;1 285;1 075;1 381 375;0.00%
04/03/2021;1 285;1 285;1 285;1 285;110;141 350;0.00%
05/03/2021;1 280;1 285;1 285;1 280;813;1 042 673;-0.39%
08/03/2021;1 280;1 280;1 280;1 280;665;851 200;0.00%
09/03/2021;1 280;1 280;1 280;1 280;27;34 560;0.00%
10/03/2021;1 275;1 280;1 280;1 275;4 212;5 380 830;-0.39%
11/03/2021;1 275;1 275;1 275;1 275;5;6 375;0.00%
12/03/2021;1 275;1 270;1 275;1 270;440;559 900;0.00%
15/03/2021;1 265;1 265;1 265;1 265;29;36 685;-0.78%
16/03/2021;1 275;1 275;1 275;1 275;3 126;3 985 650;0.79%
17/03/2021;1 280;1 260;1 280;1 260;430;546 100;0.39%
18/03/2021;1 275;1 275;1 275;1 275;318;405 450;-0.39%
19/03/2021;1 250;1 250;1 250;1 250;1 111;1 388 750;-1.96%
22/03/2021;1 250;1 250;1 250;1 250;578;722 500;0.00%
23/03/2021;1 250;1 250;1 250;1 250;684;855 000;0.00%
24/03/2021;1 250;1 250;1 250;1 250;473;591 250;0.00%
25/03/2021;1 240;1 250;1 250;1 240;187;232 815;-0.80%
26/03/2021;1 230;1 240;1 240;1 230;211;260 585;-0.81%
29/03/2021;1 205;1 250;1 250;1 205;791;970 953;-2.03%
30/03/2021;1 230;1 210;1 230;1 210;1 594;1 944 680;2.07%
31/03/2021;1 225;1 225;1 225;1 225;536;656 600;-0.41%
01/04/2021;1 275;1 280;1 280;1 275;1 012;1 292 830;4.08%
02/04/2021;1 270;1 275;1 275;1 270;975;1 240 688;-0.39%
05/04/2021;1 270;1 275;1 275;1 270;975;1 240 688;0.00%
06/04/2021;1 260;1 260;1 260;1 260;520;655 200;-0.79%
07/04/2021;1 280;1 280;1 280;1 280;1 358;1 738 240;1.59%
08/04/2021;1 290;1 290;1 290;1 290;4 862;6 271 980;0.78%
09/04/2021;1 280;1 290;1 290;1 280;367;471 595;-0.78%
12/04/2021;1 290;1 280;1 290;1 280;1 265;1 625 525;0.78%
13/04/2021;1 290;1 260;1 290;1 260;295;376 125;0.00%
14/04/2021;1 280;1 290;1 290;1 280;31;39 835;-0.78%
15/04/2021;1 290;1 280;1 290;1 280;2 217;2 848 845;0.78%
16/04/2021;1 290;1 290;1 290;1 290;3 151;4 064 790;0.00%
19/04/2021;1 290;1 290;1 290;1 290;1 670;2 154 300;0.00%
20/04/2021;1 280;1 285;1 285;1 280;1 039;1 332 518;-0.78%
21/04/2021;1 280;1 290;1 290;1 280;1 107;1 422 495;0.00%
22/04/2021;1 290;1 280;1 290;1 280;2 754;3 538 890;0.78%
23/04/2021;1 275;1 275;1 275;1 275;635;809 625;-1.16%
26/04/2021;1 280;1 275;1 280;1 275;605;772 888;0.39%
27/04/2021;1 290;1 290;1 290;1 290;500;645 000;0.78%
28/04/2021;1 290;1 290;1 290;1 290;295;380 550;0.00%
29/04/2021;1 280;1 290;1 290;1 280;869;1 116 665;-0.78%
30/04/2021;1 300;1 275;1 300;1 275;3 234;4 163 775;1.56%
03/05/2021;1 300;1 300;1 300;1 300;971;1 262 300;0.00%
04/05/2021;1 300;1 300;1 300;1 300;994;1 292 200;0.00%
05/05/2021;1 310;1 315;1 315;1 310;418;548 625;0.77%
06/05/2021;1 390;1 325;1 390;1 325;206;279 645;6.11%
07/05/2021;1 485;1 390;1 485;1 390;4 810;6 914 375;6.83%
10/05/2021;1 400;1 485;1 485;1 400;611;881 368;-5.72%
11/05/2021;1 415;1 400;1 415;1 400;1 615;2 273 113;1.07%
12/05/2021;1 415;1 400;1 415;1 400;1 615;2 273 113;0.00%
14/05/2021;1 410;1 400;1 410;1 400;1 114;1 565 170;-0.35%
17/05/2021;1 415;1 400;1 415;1 400;673;947 248;0.35%
18/05/2021;1 480;1 440;1 480;1 440;1 825;2 664 500;4.59%
19/05/2021;1 480;1 480;1 480;1 480;4 968;7 352 640;0.00%
20/05/2021;1 480;1 475;1 480;1 475;174;257 085;0.00%
21/05/2021;1 475;1 480;1 480;1 475;31;45 803;-0.34%
24/05/2021;1 475;1 480;1 480;1 475;31;45 803;0.00%
25/05/2021;1 480;1 475;1 480;1 475;2 565;3 789 788;0.34%
26/05/2021;1 475;1 480;1 480;1 475;61;90 128;-0.34%
27/05/2021;1 470;1 475;1 475;1 470;113;166 393;-0.34%
28/05/2021;1 440;1 470;1 470;1 440;682;992 310;-2.04%
31/05/2021;1 400;1 415;1 415;1 400;1 076;1 514 470;-2.78%
01/06/2021;1 470;1 480;1 480;1 470;25;36 875;5.00%
02/06/2021;1 470;1 470;1 470;1 470;359;527 730;0.00%
03/06/2021;1 415;1 415;1 415;1 415;1 085;1 535 275;-3.74%
04/06/2021;1 470;1 430;1 470;1 430;584;846 800;3.89%
07/06/2021;1 460;1 460;1 460;1 460;313;456 980;-0.68%
08/06/2021;1 460;1 420;1 460;1 420;7 035;10 130 400;0.00%
09/06/2021;1 460;1 480;1 480;1 460;815;1 198 050;0.00%
10/06/2021;1 480;1 460;1 480;1 460;1 749;2 571 030;1.37%
11/06/2021;1 480;1 445;1 480;1 445;129;188 663;0.00%
14/06/2021;1 485;1 480;1 485;1 480;2 897;4 294 803;0.34%
15/06/2021;1 485;1 485;1 485;1 485;2 581;3 832 785;0.00%
16/06/2021;1 495;1 490;1 495;1 490;758;1 131 315;0.67%
17/06/2021;1 495;1 500;1 500;1 495;989;1 481 028;0.00%
18/06/2021;1 475;1 500;1 500;1 475;1 518;2 258 025;-1.34%
21/06/2021;1 495;1 485;1 495;1 485;380;566 200;1.36%
22/06/2021;1 490;1 495;1 495;1 490;120;179 100;-0.33%
23/06/2021;1 500;1 500;1 500;1 500;3 541;5 311 500;0.67%
24/06/2021;1 500;1 500;1 500;1 500;8 433;12 649 500;0.00%
25/06/2021;1 490;1 500;1 500;1 490;241;360 295;-0.67%
28/06/2021;1 500;1 500;1 500;1 500;4 369;6 553 500;0.67%
29/06/2021;1 490;1 495;1 495;1 490;610;910 425;-0.67%
30/06/2021;1 490;1 455;1 490;1 455;842;1 239 845;0.00%
01/07/2021;1 500;1 485;1 500;1 485;803;1 198 478;0.67%
02/07/2021;1 500;1 500;1 500;1 500;295;442 500;0.00%
05/07/2021;1 455;1 500;1 500;1 455;884;1 306 110;-3.00%
06/07/2021;1 560;1 455;1 560;1 455;15 519;23 394 893;7.22%
07/07/2021;1 600;1 595;1 600;1 595;309;493 628;2.56%
08/07/2021;1 695;1 600;1 695;1 600;341;561 798;5.94%
09/07/2021;1 690;1 690;1 690;1 690;10;16 900;-0.29%
12/07/2021;1 670;1 685;1 685;1 670;794;1 331 935;-1.18%
13/07/2021;1 595;1 645;1 645;1 595;1 183;1 916 460;-4.49%
14/07/2021;1 605;1 640;1 640;1 605;2 144;3 478 640;0.63%
15/07/2021;1 630;1 605;1 630;1 605;196;317 030;1.56%
16/07/2021;1 635;1 605;1 635;1 605;2 509;4 064 580;0.31%
19/07/2021;1 635;1 700;1 700;1 635;719;1 198 933;0.00%
20/07/2021;1 635;1 700;1 700;1 635;719;1 198 933;0.00%
21/07/2021;1 700;1 635;1 700;1 635;204;340 170;3.98%
22/07/2021;1 650;1 650;1 650;1 650;240;396 000;-2.94%
23/07/2021;1 650;1 650;1 650;1 650;4 167;6 875 550;0.00%
26/07/2021;1 650;1 650;1 650;1 650;40;66 000;0.00%
27/07/2021;1 700;1 650;1 700;1 650;632;1 058 600;3.03%
28/07/2021;1 700;1 700;1 700;1 700;260;442 000;0.00%
29/07/2021;1 770;1 750;1 770;1 750;487;857 120;4.12%
30/07/2021;1 840;1 895;1 895;1 840;83;155 003;3.95%
02/08/2021;1 755;1 840;1 840;1 755;317;569 808;-4.62%
03/08/2021;1 800;1 800;1 800;1 800;1 064;1 915 200;2.56%
04/08/2021;1 750;1 795;1 795;1 750;2 461;4 362 123;-2.78%
05/08/2021;1 750;1 750;1 750;1 750;995;1 741 250;0.00%
06/08/2021;1 795;1 750;1 795;1 750;90;159 525;2.57%
09/08/2021;1 750;1 750;1 750;1 750;1 794;3 139 500;-2.51%
10/08/2021;1 780;1 750;1 780;1 750;730;1 288 450;1.71%
11/08/2021;1 780;1 780;1 780;1 780;1 094;1 947 320;0.00%
12/08/2021;1 775;1 780;1 780;1 775;1 934;3 437 685;-0.28%
13/08/2021;1 750;1 740;1 750;1 740;951;1 659 495;-1.41%
16/08/2021;1 750;1 750;1 750;1 750;950;1 662 500;0.00%
17/08/2021;1 750;1 750;1 750;1 750;60;105 000;0.00%
18/08/2021;1 750;1 750;1 750;1 750;1 750;3 062 500;0.00%
19/08/2021;1 750;1 750;1 750;1 750;290;507 500;0.00%
20/08/2021;1 750;1 800;1 800;1 750;802;1 423 550;0.00%
23/08/2021;1 800;1 755;1 800;1 755;1 247;2 216 543;2.86%
24/08/2021;1 850;1 800;1 850;1 800;386;704 450;2.78%
25/08/2021;1 830;1 850;1 850;1 830;638;1 173 920;-1.08%
26/08/2021;1 830;1 850;1 850;1 830;160;294 400;0.00%
27/08/2021;1 830;1 830;1 830;1 830;744;1 361 520;0.00%
30/08/2021;1 830;1 830;1 830;1 830;666;1 218 780;0.00%
31/08/2021;1 830;1 840;1 840;1 830;302;554 170;0.00%
01/09/2021;1 820;1 830;1 830;1 820;2 350;4 288 750;-0.55%
02/09/2021;1 830;1 820;1 830;1 820;1 373;2 505 725;0.55%
03/09/2021;1 825;1 850;1 850;1 825;290;532 875;-0.27%
06/09/2021;1 850;1 850;1 850;1 850;776;1 435 600;1.37%
07/09/2021;1 905;1 870;1 905;1 870;3 790;7 153 625;2.97%
08/09/2021;1 900;1 905;1 905;1 900;1 230;2 340 075;-0.26%
09/09/2021;1 900;1 900;1 900;1 900;1 083;2 057 700;0.00%
10/09/2021;1 850;1 900;1 900;1 850;3 395;6 365 625;-2.63%
13/09/2021;1 900;1 850;1 900;1 850;1 786;3 348 750;2.70%
14/09/2021;1 945;1 850;1 945;1 850;434;823 515;2.37%
15/09/2021;1 945;1 945;1 945;1 945;120;233 400;0.00%
16/09/2021;1 945;1 905;1 945;1 905;300;577 500;0.00%
17/09/2021;1 945;1 940;1 945;1 940;587;1 140 248;0.00%
20/09/2021;1 940;1 910;1 940;1 910;2 495;4 802 875;-0.26%
21/09/2021;1 950;1 945;1 950;1 945;1 459;2 841 403;0.52%
22/09/2021;1 950;1 945;1 950;1 945;1 650;3 213 375;0.00%
23/09/2021;1 955;1 850;1 955;1 850;5 776;10 988 840;0.26%
24/09/2021;1 950;1 955;1 955;1 950;3 911;7 636 228;-0.26%
27/09/2021;1 805;1 900;1 900;1 805;1 669;3 091 823;-7.44%
28/09/2021;1 805;1 805;1 805;1 805;1 121;2 023 405;0.00%
29/09/2021;1 800;1 805;1 805;1 800;2 872;5 176 780;-0.28%
30/09/2021;1 800;1 850;1 850;1 800;2 761;5 038 825;0.00%
01/10/2021;1 800;1 800;1 800;1 800;395;711 000;0.00%
04/10/2021;1 850;1 670;1 850;1 670;2 426;4 269 760;2.78%
05/10/2021;1 840;1 850;1 850;1 840;1 145;2 112 525;-0.54%
06/10/2021;1 850;1 845;1 850;1 845;1 972;3 643 270;0.54%
07/10/2021;1 850;1 850;1 850;1 850;3 896;7 207 600;0.00%
08/10/2021;1 810;1 850;1 850;1 810;239;437 370;-2.16%
11/10/2021;1 850;1 820;1 850;1 820;1 311;2 405 685;2.21%
12/10/2021;1 895;1 820;1 895;1 820;2 314;4 298 255;2.43%
13/10/2021;1 905;1 890;1 905;1 890;2 482;4 709 595;0.53%
14/10/2021;1 910;1 910;1 910;1 910;1 146;2 188 860;0.26%
15/10/2021;1 945;1 945;1 945;1 945;154;299 530;1.83%
18/10/2021;1 945;1 945;1 945;1 945;154;299 530;0.00%
19/10/2021;1 945;1 875;1 945;1 875;902;1 722 820;0.00%
20/10/2021;1 950;1 945;1 950;1 945;495;964 013;0.26%
21/10/2021;1 950;1 950;1 950;1 950;468;912 600;0.00%
22/10/2021;1 930;1 900;1 930;1 900;270;517 050;-1.03%
25/10/2021;1 900;1 900;1 900;1 900;2 171;4 124 900;-1.55%
26/10/2021;2 000;1 900;2 000;1 900;7 815;15 239 250;5.26%
27/10/2021;2 000;1 850;2 000;1 850;5 458;10 506 650;0.00%
28/10/2021;2 150;2 150;2 150;2 150;12 406;26 672 900;7.50%
29/10/2021;2 150;2 150;2 150;2 150;6 753;14 518 950;0.00%
01/11/2021;2 150;2 150;2 150;2 150;6 753;14 518 950;0.00%
02/11/2021;2 150;2 195;2 195;2 150;3 333;7 240 943;0.00%
03/11/2021;2 150;2 150;2 150;2 150;2 383;5 123 450;0.00%
04/11/2021;2 145;2 150;2 150;2 145;1 091;2 342 923;-0.23%
05/11/2021;2 145;2 145;2 145;2 145;3 246;6 962 670;0.00%
08/11/2021;2 000;2 145;2 145;2 000;1 834;3 800 965;-6.76%
09/11/2021;2 110;2 090;2 110;2 090;4 344;9 122 400;5.50%
10/11/2021;2 100;2 110;2 110;2 100;488;1 027 240;-0.47%
11/11/2021;2 100;2 015;2 100;2 015;295;606 963;0.00%
12/11/2021;2 005;2 100;2 100;2 005;6 199;12 723 448;-4.52%
15/11/2021;2 005;2 100;2 100;2 005;6 199;12 723 448;0.00%
16/11/2021;2 140;2 005;2 140;2 005;318;659 055;6.73%
17/11/2021;2 100;2 100;2 100;2 100;125;262 500;-1.87%
18/11/2021;2 100;2 100;2 100;2 100;162;340 200;0.00%
19/11/2021;2 095;2 095;2 095;2 095;11;23 045;-0.24%
22/11/2021;2 130;2 100;2 130;2 100;2 927;6 190 605;1.67%
23/11/2021;2 140;2 130;2 140;2 130;266;567 910;0.47%
24/11/2021;2 145;2 100;2 145;2 100;5 267;11 179 208;0.23%
25/11/2021;2 200;2 100;2 200;2 100;1 161;2 496 150;2.56%
26/11/2021;2 310;2 200;2 310;2 200;1 466;3 305 830;5.00%
29/11/2021;2 350;2 480;2 480;2 350;1 953;4 716 495;1.73%
30/11/2021;2 300;2 300;2 300;2 300;328;754 400;-2.13%
01/12/2021;2 320;2 320;2 320;2 320;317;735 440;0.87%
02/12/2021;2 335;2 320;2 335;2 320;1 083;2 520 683;0.65%
03/12/2021;2 330;2 330;2 330;2 330;335;780 550;-0.21%
06/12/2021;2 320;2 330;2 330;2 320;934;2 171 550;-0.43%
07/12/2021;2 330;2 320;2 330;2 320;195;453 375;0.43%
08/12/2021;2 215;2 215;2 215;2 215;1 052;2 330 180;-4.94%
09/12/2021;2 215;2 300;2 300;2 215;556;1 255 170;0.00%
10/12/2021;2 230;2 215;2 230;2 215;472;1 049 020;0.68%
13/12/2021;2 230;2 230;2 230;2 230;124;276 520;0.00%
14/12/2021;2 220;2 230;2 230;2 220;2 243;4 990 675;-0.45%
15/12/2021;2 215;2 220;2 220;2 215;188;416 890;-0.23%
16/12/2021;2 190;2 215;2 215;2 190;20 418;44 970 645;-1.13%
17/12/2021;2 220;2 190;2 220;2 190;1 672;3 686 760;1.37%
20/12/2021;2 210;2 190;2 210;2 190;566;1 245 200;-0.45%
21/12/2021;2 050;2 190;2 190;2 050;2 740;5 808 800;-7.24%
22/12/2021;2 190;2 190;2 190;2 190;1 946;4 261 740;6.83%
23/12/2021;2 090;2 055;2 090;2 055;672;1 392 720;-4.57%
24/12/2021;2 090;2 090;2 090;2 090;749;1 565 410;0.00%
27/12/2021;2 020;2 010;2 020;2 010;605;1 219 075;-3.35%
28/12/2021;2 075;2 010;2 075;2 010;2 071;4 230 018;2.72%
29/12/2021;2 000;2 020;2 020;2 000;3 385;6 803 850;-3.61%
30/12/2021;2 090;2 050;2 090;2 050;3 870;8 010 900;4.50%
31/12/2021;2 100;2 085;2 100;2 085;1 616;3 381 480;0.48%
03/01/2022;2 050;2 100;2 100;2 050;1 080;2 241 000;-2.38%
04/01/2022;2 000;2 000;2 000;2 000;1 748;3 496 000;-2.44%
05/01/2022;2 090;2 050;2 090;2 050;472;977 040;4.50%
06/01/2022;2 050;2 050;2 050;2 050;263;539 150;-1.91%
07/01/2022;2 050;2 100;2 100;2 050;982;2 037 650;0.00%
10/01/2022;2 015;2 005;2 015;2 005;1 419;2 852 190;-1.71%
11/01/2022;2 015;2 010;2 015;2 010;2 200;4 427 500;0.00%
12/01/2022;2 150;2 015;2 150;2 015;3 245;6 757 713;6.70%
13/01/2022;2 155;2 155;2 155;2 155;475;1 023 625;0.23%
14/01/2022;2 190;2 190;2 190;2 190;161;352 590;1.62%
17/01/2022;2 185;2 190;2 190;2 185;43;94 063;-0.23%
18/01/2022;2 155;2 185;2 185;2 155;138;299 460;-1.37%
19/01/2022;2 155;2 155;2 155;2 155;607;1 308 085;0.00%
20/01/2022;2 155;2 155;2 155;2 155;47;101 285;0.00%
21/01/2022;2 175;2 165;2 175;2 165;289;627 130;0.93%
24/01/2022;2 170;2 150;2 170;2 150;739;1 596 240;-0.23%
25/01/2022;2 170;2 175;2 175;2 170;6 156;13 373 910;0.00%
26/01/2022;2 170;2 170;2 170;2 170;336;729 120;0.00%
27/01/2022;2 185;2 170;2 185;2 170;1 021;2 223 228;0.69%
28/01/2022;2 200;2 180;2 200;2 180;2 449;5 363 310;0.69%
31/01/2022;2 200;2 210;2 210;2 200;1 209;2 665 845;0.00%
01/02/2022;2 200;2 220;2 220;2 200;3 032;6 700 720;0.00%
02/02/2022;2 220;2 200;2 220;2 200;485;1 071 850;0.91%
03/02/2022;2 220;2 220;2 220;2 220;8 545;18 969 900;0.00%
04/02/2022;2 230;2 240;2 240;2 230;167;373 245;0.45%
07/02/2022;2 220;2 240;2 240;2 220;518;1 155 140;-0.45%
08/02/2022;2 230;2 220;2 230;2 220;421;936 725;0.45%
09/02/2022;2 230;2 230;2 230;2 230;251;559 730;0.00%
10/02/2022;2 245;2 245;2 245;2 245;2 308;5 181 460;0.67%
11/02/2022;2 150;2 240;2 240;2 150;11 377;24 972 515;-4.23%
14/02/2022;2 195;2 200;2 200;2 195;1 761;3 869 798;2.09%
15/02/2022;2 200;2 155;2 200;2 155;426;927 615;0.23%
16/02/2022;2 150;2 150;2 150;2 150;50;107 500;-2.27%
17/02/2022;2 225;2 100;2 225;2 100;14 076;30 439 350;3.49%
18/02/2022;2 200;2 225;2 225;2 200;1 682;3 721 425;-1.12%
21/02/2022;2 160;2 225;2 225;2 160;685;1 501 863;-1.82%
22/02/2022;2 160;2 160;2 160;2 160;2 056;4 440 960;0.00%
23/02/2022;2 160;2 200;2 200;2 160;8 600;18 748 000;0.00%
25/02/2022;2 175;2 200;2 200;2 175;388;848 750;0.69%
28/02/2022;2 250;2 200;2 250;2 200;565;1 257 125;3.45%
01/03/2022;2 350;2 310;2 350;2 310;798;1 859 340;4.44%
02/03/2022;2 200;2 330;2 330;2 200;3 290;7 451 850;-6.38%
03/03/2022;2 245;2 290;2 290;2 245;919;2 083 833;2.05%
04/03/2022;2 200;2 245;2 245;2 200;35 820;79 609 950;-2.00%
07/03/2022;2 245;2 225;2 245;2 225;729;1 629 315;2.05%
08/03/2022;2 230;2 225;2 230;2 225;1 622;3 613 005;-0.67%
09/03/2022;2 250;2 230;2 250;2 230;4 787;10 722 880;0.90%
10/03/2022;2 350;2 235;2 350;2 235;4 865;11 153 013;4.44%
11/03/2022;2 450;2 410;2 450;2 410;34 752;84 447 360;4.26%
14/03/2022;2 400;2 400;2 400;2 400;1 022;2 452 800;-2.04%
15/03/2022;2 450;2 400;2 450;2 400;1 813;4 396 525;2.08%
16/03/2022;2 390;2 445;2 445;2 390;1 873;4 527 978;-2.45%
17/03/2022;2 350;2 405;2 405;2 350;383;910 583;-1.67%
18/03/2022;2 350;2 350;2 350;2 350;189;444 150;0.00%
21/03/2022;2 400;2 350;2 400;2 350;480;1 140 000;2.13%
22/03/2022;2 350;2 350;2 350;2 350;69;162 150;-2.08%
23/03/2022;2 400;2 350;2 400;2 350;96;228 000;2.13%
24/03/2022;2 400;2 400;2 400;2 400;20;48 000;0.00%
25/03/2022;2 400;2 400;2 400;2 400;410;984 000;0.00%
28/03/2022;2 400;2 350;2 400;2 350;315;748 125;0.00%
29/03/2022;2 400;2 400;2 400;2 400;76;182 400;0.00%
30/03/2022;2 450;2 400;2 450;2 400;698;1 692 650;2.08%
31/03/2022;2 300;2 450;2 450;2 300;6 399;15 197 625;-6.12%
01/04/2022;2 410;2 375;2 410;2 375;4 606;11 019 855;4.78%
04/04/2022;2 230;2 385;2 385;2 230;2 054;4 739 605;-7.47%
05/04/2022;2 190;2 230;2 230;2 190;2 500;5 525 000;-1.79%
06/04/2022;2 300;2 200;2 300;2 200;372;837 000;5.02%
07/04/2022;2 300;2 345;2 345;2 300;2 137;4 963 183;0.00%
08/04/2022;2 300;2 300;2 300;2 300;802;1 844 600;0.00%
11/04/2022;2 240;2 300;2 300;2 240;190;431 300;-2.61%
12/04/2022;2 240;2 100;2 240;2 100;8 539;18 529 630;0.00%
13/04/2022;2 240;2 205;2 240;2 205;11 452;25 452 070;0.00%
14/04/2022;2 350;2 295;2 350;2 295;5 624;13 061 740;4.91%
15/04/2022;2 400;2 325;2 400;2 325;1 042;2 461 725;2.13%
19/04/2022;2 300;2 300;2 300;2 300;2 196;5 050 800;-4.17%
20/04/2022;2 350;2 395;2 395;2 350;652;1 546 870;2.17%
21/04/2022;2 395;2 350;2 395;2 350;488;1 157 780;1.91%
22/04/2022;2 305;2 310;2 310;2 305;606;1 398 345;-3.76%
25/04/2022;2 350;2 310;2 350;2 310;211;491 630;1.95%
26/04/2022;2 305;2 310;2 310;2 305;5 850;13 498 875;-1.91%
27/04/2022;2 310;2 305;2 310;2 305;1 005;2 319 038;0.22%
28/04/2022;2 310;2 305;2 310;2 305;1 005;2 319 038;0.00%
29/04/2022;2 380;2 310;2 380;2 310;612;1 435 140;3.03%
02/05/2022;2 380;2 310;2 380;2 310;612;1 435 140;0.00%
03/05/2022;2 315;2 380;2 380;2 315;167;392 033;-2.73%
04/05/2022;2 400;2 250;2 400;2 250;1 604;3 729 300;3.67%
05/05/2022;2 320;2 400;2 400;2 320;251;592 360;-3.33%
06/05/2022;2 280;2 320;2 320;2 280;51;117 300;-1.72%
09/05/2022;2 320;2 210;2 320;2 210;618;1 399 770;1.75%
10/05/2022;2 395;2 320;2 395;2 320;579;1 364 993;3.23%
11/05/2022;2 350;2 350;2 350;2 350;50;117 500;-1.88%
12/05/2022;2 350;2 350;2 350;2 350;50;117 500;0.00%
13/05/2022;2 205;2 300;2 300;2 205;200;450 500;-6.17%
16/05/2022;2 300;2 350;2 350;2 300;265;616 125;4.31%
17/05/2022;2 195;2 300;2 300;2 195;748;1 681 130;-4.57%
18/05/2022;2 195;2 195;2 195;2 195;843;1 850 385;0.00%
19/05/2022;2 200;2 100;2 200;2 100;289;621 350;0.23%
20/05/2022;2 200;2 195;2 200;2 195;260;571 350;0.00%
23/05/2022;2 200;2 190;2 200;2 190;551;1 209 445;0.00%
24/05/2022;2 190;2 200;2 200;2 190;330;724 350;-0.45%
25/05/2022;2 190;2 200;2 200;2 190;1 812;3 977 340;0.00%
26/05/2022;2 190;2 200;2 200;2 190;1 812;3 977 340;0.00%
27/05/2022;2 195;2 190;2 195;2 190;163;357 378;0.23%
30/05/2022;2 190;2 195;2 195;2 190;50;109 625;-0.23%
31/05/2022;2 200;2 200;2 200;2 200;557;1 225 400;0.46%
01/06/2022;2 205;2 200;2 205;2 200;32 121;70 746 503;0.23%
02/06/2022;2 220;2 350;2 350;2 220;10 526;24 051 910;0.68%
03/06/2022;2 350;2 350;2 350;2 350;2 265;5 322 750;5.86%
06/06/2022;2 350;2 350;2 350;2 350;2 265;5 322 750;0.00%
07/06/2022;2 330;2 350;2 350;2 330;796;1 862 640;-0.85%
08/06/2022;2 215;2 350;2 350;2 215;1 438;3 282 235;-4.94%
09/06/2022;2 215;2 345;2 345;2 215;2 014;4 591 920;0.00%
10/06/2022;2 215;2 300;2 300;2 215;421;950 408;0.00%
13/06/2022;2 300;2 220;2 300;2 220;200;452 000;3.84%
14/06/2022;2 370;2 380;2 380;2 370;65;154 375;3.04%
15/06/2022;2 350;2 365;2 365;2 350;20;47 150;-0.84%
16/06/2022;2 370;2 350;2 370;2 350;426;1 005 360;0.85%
17/06/2022;2 300;2 370;2 370;2 300;866;2 022 110;-2.95%
20/06/2022;2 250;2 300;2 300;2 250;4 050;9 213 750;-2.17%
21/06/2022;2 215;2 250;2 250;2 215;3 984;8 894 280;-1.56%
22/06/2022;2 300;2 300;2 300;2 300;154;354 200;3.84%
23/06/2022;2 345;2 300;2 345;2 300;307;713 008;1.96%
24/06/2022;2 210;2 345;2 345;2 210;649;1 478 098;-5.76%
27/06/2022;2 215;2 215;2 215;2 215;4 697;10 403 855;0.23%
28/06/2022;2 380;2 220;2 380;2 220;333;765 900;7.45%
29/06/2022;2 375;2 380;2 380;2 375;828;1 968 570;-0.21%
30/06/2022;2 355;2 375;2 375;2 355;188;444 620;-0.84%
01/07/2022;2 345;2 300;2 345;2 300;39;90 578;-0.42%
04/07/2022;2 345;2 340;2 345;2 340;600;1 405 500;0.00%
05/07/2022;2 345;2 220;2 345;2 220;1 251;2 855 408;0.00%
06/07/2022;2 255;2 335;2 335;2 255;4 013;9 209 835;-3.84%
07/07/2022;2 250;2 250;2 250;2 250;499;1 122 750;-0.22%
08/07/2022;2 220;2 220;2 220;2 220;307;681 540;-1.33%
11/07/2022;2 220;2 200;2 220;2 200;2 037;4 501 770;0.00%
12/07/2022;2 250;2 200;2 250;2 200;2 982;6 634 950;1.35%
13/07/2022;2 150;2 250;2 250;2 150;2 413;5 308 600;-4.44%
14/07/2022;2 200;2 150;2 200;2 150;1 555;3 382 125;2.33%
15/07/2022;2 200;2 200;2 200;2 200;3 382;7 440 400;0.00%
18/07/2022;2 200;2 200;2 200;2 200;912;2 006 400;0.00%
19/07/2022;2 200;2 150;2 200;2 150;3 851;8 375 925;0.00%
20/07/2022;2 200;2 150;2 200;2 150;4 184;9 100 200;0.00%
21/07/2022;2 200;2 200;2 200;2 200;4 397;9 673 400;0.00%
22/07/2022;2 200;2 200;2 200;2 200;2 120;4 664 000;0.00%
25/07/2022;2 220;2 200;2 220;2 200;2 587;5 717 270;0.91%
26/07/2022;2 215;2 220;2 220;2 215;39;86 483;-0.23%
27/07/2022;2 335;2 215;2 335;2 215;196;445 900;5.42%
28/07/2022;2 300;2 335;2 335;2 300;746;1 728 855;-1.50%
29/07/2022;2 300;2 300;2 300;2 300;2 351;5 407 300;0.00%
01/08/2022;2 290;2 290;2 290;2 290;334;764 860;-0.43%
02/08/2022;2 235;2 290;2 290;2 235;12 398;28 050 475;-2.40%
03/08/2022;2 250;2 250;2 250;2 250;1 185;2 666 250;0.67%
04/08/2022;2 235;2 230;2 235;2 230;1 242;2 772 765;-0.67%
05/08/2022;2 290;2 240;2 290;2 240;2 624;5 943 360;2.46%
08/08/2022;2 290;2 240;2 290;2 240;2 624;5 943 360;0.00%
09/08/2022;2 290;2 285;2 290;2 285;827;1 891 763;0.00%
10/08/2022;2 290;2 290;2 290;2 290;1 323;3 029 670;0.00%
11/08/2022;2 280;2 295;2 295;2 280;371;848 663;-0.44%
12/08/2022;2 270;2 260;2 270;2 260;230;520 950;-0.44%
15/08/2022;2 270;2 260;2 270;2 260;230;520 950;0.00%
16/08/2022;2 270;2 290;2 290;2 270;998;2 275 440;0.00%
17/08/2022;2 280;2 295;2 295;2 280;31;70 913;0.44%
18/08/2022;2 280;2 270;2 280;2 270;1 365;3 105 375;0.00%
19/08/2022;2 265;2 280;2 280;2 265;4 133;9 392 243;-0.66%
22/08/2022;2 270;2 270;2 270;2 270;1 491;3 384 570;0.22%
23/08/2022;2 265;2 270;2 270;2 265;1 146;2 598 555;-0.22%
24/08/2022;2 200;2 270;2 270;2 200;352;786 720;-2.87%
25/08/2022;2 200;2 200;2 200;2 200;1 686;3 709 200;0.00%
26/08/2022;2 250;2 215;2 250;2 215;156;348 270;2.27%
29/08/2022;2 250;2 250;2 250;2 250;279;627 750;0.00%
30/08/2022;2 225;2 250;2 250;2 225;127;284 163;-1.11%
31/08/2022;2 250;2 210;2 250;2 210;2 023;4 511 290;1.12%
01/09/2022;2 250;2 250;2 250;2 250;1 044;2 349 000;0.00%
02/09/2022;2 250;2 245;2 250;2 245;284;638 290;0.00%
05/09/2022;2 240;2 225;2 240;2 225;161;359 433;-0.44%
06/09/2022;2 240;2 245;2 245;2 240;300;672 750;0.00%
07/09/2022;2 230;2 245;2 245;2 230;215;481 063;-0.45%
08/09/2022;2 215;2 245;2 245;2 215;290;646 700;-0.67%
09/09/2022;2 240;2 240;2 240;2 240;18;40 320;1.13%
12/09/2022;2 240;2 240;2 240;2 240;114;255 360;0.00%
13/09/2022;2 145;2 235;2 235;2 145;2 429;5 319 510;-4.24%
14/09/2022;2 235;2 240;2 240;2 235;799;1 787 763;4.20%
15/09/2022;2 230;2 240;2 240;2 230;354;791 190;-0.22%
16/09/2022;2 250;2 210;2 250;2 210;7 934;17 692 820;0.90%
19/09/2022;2 250;2 270;2 270;2 250;301;680 260;0.00%
20/09/2022;2 320;2 270;2 320;2 270;7 166;16 445 970;3.11%
21/09/2022;2 300;2 295;2 300;2 295;19;43 653;-0.86%
22/09/2022;2 300;2 250;2 300;2 250;7 462;16 976 050;0.00%
23/09/2022;2 300;2 300;2 300;2 300;84;193 200;0.00%
26/09/2022;2 250;2 310;2 310;2 250;21 250;48 450 000;-2.17%
27/09/2022;2 300;2 380;2 380;2 300;216;505 440;2.22%
28/09/2022;2 375;2 300;2 375;2 300;406;949 025;3.26%
29/09/2022;2 330;2 375;2 375;2 330;180;423 450;-1.89%
30/09/2022;2 295;2 300;2 300;2 295;226;519 235;-1.50%
03/10/2022;2 300;2 300;2 300;2 300;21 464;49 367 200;0.22%
04/10/2022;2 295;2 255;2 295;2 255;680;1 547 000;-0.22%
05/10/2022;2 250;2 250;2 250;2 250;587;1 320 750;-1.96%
06/10/2022;2 240;2 250;2 250;2 240;556;1 248 220;-0.44%
07/10/2022;2 350;2 350;2 350;2 350;2 407;5 656 450;4.91%
10/10/2022;2 345;2 350;2 350;2 345;771;1 809 923;-0.21%
11/10/2022;2 330;2 345;2 345;2 330;194;453 475;-0.64%
12/10/2022;2 235;2 330;2 330;2 235;19 988;45 622 610;-4.08%
13/10/2022;2 350;2 240;2 350;2 240;4 260;9 776 700;5.15%
14/10/2022;2 300;2 350;2 350;2 300;21;48 825;-2.13%
17/10/2022;2 300;2 300;2 300;2 300;50;115 000;0.00%
18/10/2022;2 250;2 345;2 345;2 250;99;227 453;-2.17%
19/10/2022;2 340;2 345;2 345;2 340;135;316 238;4.00%
20/10/2022;2 250;2 345;2 345;2 250;2 950;6 777 625;-3.85%
21/10/2022;2 250;2 345;2 345;2 250;2 950;6 777 625;0.00%
24/10/2022;2 250;2 300;2 300;2 250;617;1 403 675;0.00%
25/10/2022;2 225;2 220;2 225;2 220;1 126;2 502 535;-1.11%
26/10/2022;2 235;2 230;2 235;2 230;539;1 203 318;0.45%
27/10/2022;2 300;2 300;2 300;2 300;540;1 242 000;2.91%
28/10/2022;2 335;2 335;2 335;2 335;2 651;6 190 085;1.52%
31/10/2022;2 335;2 335;2 335;2 335;2 651;6 190 085;0.00%
01/11/2022;2 340;2 340;2 340;2 340;46;107 640;0.21%
02/11/2022;2 330;2 335;2 335;2 330;826;1 926 645;-0.43%
03/11/2022;2 300;2 310;2 310;2 300;3 376;7 781 680;-1.29%
04/11/2022;2 215;2 300;2 300;2 215;654 927;1 478 497 703;-3.70%
07/11/2022;2 330;2 215;2 330;2 215;100;227 250;5.19%
08/11/2022;2 325;2 325;2 325;2 325;267;620 775;-0.21%
09/11/2022;2 300;2 335;2 335;2 300;97;224 798;-1.08%
10/11/2022;2 150;2 300;2 300;2 150;1 975;4 394 375;-6.52%
11/11/2022;2 300;2 010;2 300;2 010;678;1 461 090;6.98%
14/11/2022;2 200;2 200;2 200;2 200;200;440 000;-4.35%
15/11/2022;2 200;2 200;2 200;2 200;200;440 000;0.00%
16/11/2022;2 035;2 200;2 200;2 035;1 074;2 274 195;-7.50%
17/11/2022;2 185;2 100;2 185;2 100;3 076;6 590 330;7.37%
18/11/2022;2 200;2 190;2 200;2 190;604;1 325 780;0.69%
21/11/2022;2 200;2 200;2 200;2 200;216;475 200;0.00%
22/11/2022;2 195;2 200;2 200;2 195;2 605;5 724 488;-0.23%
23/11/2022;2 200;2 195;2 200;2 195;2 224;4 887 240;0.23%
24/11/2022;2 195;2 195;2 195;2 195;2 887;6 336 965;-0.23%
25/11/2022;2 195;2 100;2 195;2 100;280;601 300;0.00%
28/11/2022;2 195;2 195;2 195;2 195;4 359;9 568 005;0.00%
29/11/2022;2 145;2 195;2 195;2 145;20;43 400;-2.28%
30/11/2022;2 145;2 195;2 195;2 145;20;43 400;0.00%
01/12/2022;2 145;2 195;2 195;2 145;20;43 400;0.00%
02/12/2022;2 175;2 035;2 175;2 035;231;486 255;1.40%
05/12/2022;2 100;2 035;2 100;2 035;311;642 993;-3.45%
06/12/2022;2 100;2 090;2 100;2 090;169;354 055;0.00%
07/12/2022;2 100;2 100;2 100;2 100;3 311;6 953 100;0.00%
08/12/2022;1 945;1 945;1 945;1 945;1 000;1 945 000;-7.38%
09/12/2022;1 965;1 955;1 965;1 955;1 584;3 104 640;1.03%
12/12/2022;2 100;2 100;2 100;2 100;240;504 000;6.87%
13/12/2022;2 100;2 100;2 100;2 100;290;609 000;0.00%
14/12/2022;1 980;2 100;2 100;1 980;569;1 160 760;-5.71%
15/12/2022;2 100;2 100;2 100;2 100;810;1 701 000;6.06%
16/12/2022;2 095;2 095;2 095;2 095;53;111 035;-0.24%
19/12/2022;2 050;2 095;2 095;2 050;424;878 740;-2.15%
20/12/2022;2 050;2 050;2 050;2 050;300;615 000;0.00%
21/12/2022;2 050;1 950;2 050;1 950;730;1 460 000;0.00%
22/12/2022;1 945;2 050;2 050;1 945;241;481 398;-5.12%
23/12/2022;2 000;2 000;2 000;2 000;479;958 000;2.83%
26/12/2022;2 000;2 000;2 000;2 000;479;958 000;0.00%
27/12/2022;1 995;2 000;2 000;1 995;498;994 755;-0.25%
28/12/2022;1 900;1 960;1 960;1 900;3 628;7 002 040;-4.76%
29/12/2022;1 900;1 900;1 900;1 900;792;1 504 800;0.00%
30/12/2022;1 895;1 900;1 900;1 895;2 094;3 973 365;-0.26%
02/01/2023;1 900;1 895;1 900;1 895;1 301;2 468 648;0.26%
03/01/2023;1 900;1 895;1 900;1 895;22 346;42 401 535;0.00%
04/01/2023;2 000;2 000;2 000;2 000;1 113;2 226 000;5.26%
05/01/2023;1 990;1 995;1 995;1 990;198;394 515;-0.50%
06/01/2023;1 905;1 990;1 990;1 905;244;475 190;-4.27%
09/01/2023;1 920;1 950;1 950;1 920;841;1 627 335;0.79%
10/01/2023;1 930;1 920;1 930;1 920;244;469 700;0.52%
11/01/2023;1 900;1 905;1 905;1 900;1 229;2 338 173;-1.55%
12/01/2023;1 950;1 900;1 950;1 900;2 532;4 874 100;2.63%
13/01/2023;1 925;1 950;1 950;1 925;341;660 688;-1.28%
16/01/2023;1 950;1 905;1 950;1 905;8 810;16 981 275;1.30%
17/01/2023;1 940;1 925;1 940;1 925;3 965;7 662 363;-0.51%
18/01/2023;1 910;1 905;1 910;1 905;827;1 577 503;-1.55%
19/01/2023;1 940;1 910;1 940;1 910;361;694 925;1.57%
20/01/2023;1 950;1 940;1 950;1 940;2 263;4 401 535;0.52%
23/01/2023;1 990;1 940;1 990;1 940;1 544;3 033 960;2.05%
24/01/2023;1 990;1 945;1 990;1 945;11 038;21 717 265;0.00%
25/01/2023;2 000;1 990;2 000;1 990;295;588 525;0.50%
26/01/2023;2 000;1 990;2 000;1 990;161;321 195;0.00%
27/01/2023;2 010;2 000;2 010;2 000;1 247;2 500 235;0.50%
30/01/2023;2 010;2 000;2 010;2 000;95;190 475;0.00%
31/01/2023;2 040;2 000;2 040;2 000;801;1 618 020;1.49%
01/02/2023;2 040;2 050;2 050;2 040;473;967 285;0.00%
02/02/2023;2 100;2 040;2 100;2 040;720;1 490 400;2.94%
03/02/2023;2 100;2 100;2 100;2 100;157;329 700;0.00%
06/02/2023;2 070;2 075;2 075;2 070;165;341 963;-1.43%
07/02/2023;2 100;2 070;2 100;2 070;2 556;5 329 260;1.45%
08/02/2023;2 040;2 100;2 100;2 040;218;451 260;-2.86%
09/02/2023;2 100;2 100;2 100;2 100;659;1 383 900;2.94%
10/02/2023;2 070;2 100;2 100;2 070;257;535 845;-1.43%
13/02/2023;2 070;2 070;2 070;2 070;3 908;8 089 560;0.00%
14/02/2023;2 080;2 070;2 080;2 070;1 470;3 050 250;0.48%
15/02/2023;2 200;2 085;2 200;2 085;3 093;6 626 753;5.77%
16/02/2023;2 200;2 200;2 200;2 200;7 539;16 585 800;0.00%
17/02/2023;2 200;2 200;2 200;2 200;5 299;11 657 800;0.00%
20/02/2023;2 190;2 195;2 195;2 190;437;958 123;-0.45%
21/02/2023;2 200;2 195;2 200;2 195;1 259;2 766 653;0.46%
22/02/2023;2 195;2 195;2 195;2 195;8 825;19 370 875;-0.23%
23/02/2023;2 190;2 190;2 190;2 190;616;1 349 040;-0.23%
24/02/2023;2 185;2 095;2 185;2 095;1 029;2 202 060;-0.23%
27/02/2023;2 100;2 175;2 175;2 100;555;1 186 313;-3.89%
28/02/2023;2 100;2 010;2 100;2 010;23 754;48 814 470;0.00%
01/03/2023;2 095;2 100;2 100;2 095;1 265;2 653 338;-0.24%
02/03/2023;2 090;2 090;2 090;2 090;561;1 172 490;-0.24%
03/03/2023;2 100;2 095;2 100;2 095;144;302 040;0.48%
06/03/2023;2 100;2 005;2 100;2 005;402;825 105;0.00%
07/03/2023;2 090;2 100;2 100;2 090;339;710 205;-0.48%
08/03/2023;2 000;2 090;2 090;2 000;2 258;4 617 610;-4.31%
09/03/2023;2 100;2 000;2 100;2 000;888;1 820 400;5.00%
10/03/2023;2 200;2 100;2 200;2 100;808;1 737 200;4.76%
13/03/2023;2 195;2 195;2 195;2 195;1 454;3 191 530;-0.23%
14/03/2023;2 290;2 195;2 290;2 195;919;2 060 858;4.33%
15/03/2023;2 150;2 290;2 290;2 150;995;2 208 900;-6.11%
16/03/2023;2 150;2 140;2 150;2 140;3 658;7 846 410;0.00%
17/03/2023;2 150;2 100;2 150;2 100;5 286;11 232 750;0.00%
20/03/2023;2 150;2 145;2 150;2 145;4 602;9 882 795;0.00%
21/03/2023;2 110;2 105;2 110;2 105;2 685;5 658 638;-1.86%
22/03/2023;2 240;2 110;2 240;2 110;971;2 111 925;6.16%
23/03/2023;2 235;2 115;2 235;2 115;71;154 425;-0.22%
24/03/2023;2 235;2 235;2 235;2 235;550;1 229 250;0.00%
27/03/2023;2 230;2 235;2 235;2 230;4 392;9 805 140;-0.22%
28/03/2023;2 200;2 225;2 225;2 200;2 194;4 854 225;-1.35%
29/03/2023;2 120;2 195;2 195;2 120;68;146 710;-3.64%
30/03/2023;2 120;2 105;2 120;2 105;5 755;12 157 438;0.00%
31/03/2023;2 120;2 190;2 190;2 120;43;92 665;0.00%
03/04/2023;2 110;2 105;2 110;2 105;715;1 506 863;-0.47%
04/04/2023;2 100;2 120;2 120;2 100;1 520;3 207 200;-0.47%
05/04/2023;2 105;2 110;2 110;2 105;942;1 985 265;0.24%
06/04/2023;2 150;2 150;2 150;2 150;859;1 846 850;2.14%
07/04/2023;2 100;2 150;2 150;2 100;264;561 000;-2.33%
10/04/2023;2 100;2 150;2 150;2 100;264;561 000;0.00%
11/04/2023;2 100;2 105;2 105;2 100;340;714 850;0.00%
12/04/2023;2 150;2 100;2 150;2 100;1 816;3 859 000;2.38%
13/04/2023;2 100;2 150;2 150;2 100;118;250 750;-2.33%
14/04/2023;2 150;2 100;2 150;2 100;275;584 375;2.38%
17/04/2023;2 200;2 100;2 200;2 100;313;672 950;2.33%
18/04/2023;2 200;2 100;2 200;2 100;313;672 950;0.00%
19/04/2023;2 100;2 200;2 200;2 100;763;1 640 450;-4.55%
20/04/2023;2 100;2 100;2 100;2 100;2 109;4 428 900;0.00%
21/04/2023;2 100;2 100;2 100;2 100;2 109;4 428 900;0.00%
24/04/2023;2 100;2 100;2 100;2 100;320;672 000;0.00%
25/04/2023;2 195;2 100;2 195;2 100;604;1 297 090;4.52%
26/04/2023;2 195;2 190;2 195;2 190;201;440 693;0.00%
27/04/2023;2 195;2 195;2 195;2 195;1 315;2 886 425;0.00%
28/04/2023;2 150;2 195;2 195;2 150;17;36 933;-2.05%
01/05/2023;2 150;2 195;2 195;2 150;17;36 933;0.00%
02/05/2023;2 160;2 145;2 160;2 145;1 438;3 095 295;0.47%
03/05/2023;2 160;2 145;2 160;2 145;1 438;3 095 295;0.00%
04/05/2023;2 020;2 160;2 160;2 020;5 327;11 133 430;-6.48%
05/05/2023;2 170;2 060;2 170;2 060;652;1 378 980;7.43%
08/05/2023;2 100;2 170;2 170;2 100;160;341 600;-3.23%
09/05/2023;2 100;2 170;2 170;2 100;160;341 600;0.00%
10/05/2023;2 020;2 095;2 095;2 020;133;273 648;-3.81%
11/05/2023;2 100;2 090;2 100;2 090;540;1 131 300;3.96%
12/05/2023;2 100;2 100;2 100;2 100;942;1 978 200;0.00%
15/05/2023;2 050;2 100;2 100;2 050;263;545 725;-2.38%
16/05/2023;2 050;2 100;2 100;2 050;130;269 750;0.00%
17/05/2023;2 095;2 050;2 095;2 050;115;238 338;2.20%
18/05/2023;2 095;2 050;2 095;2 050;115;238 338;0.00%
19/05/2023;2 100;2 100;2 100;2 100;319;669 900;0.24%
22/05/2023;2 090;2 100;2 100;2 090;738;1 546 110;-0.48%
23/05/2023;2 100;2 005;2 100;2 005;599;1 229 448;0.48%
24/05/2023;2 100;2 100;2 100;2 100;3 775;7 927 500;0.00%
25/05/2023;2 200;2 170;2 200;2 170;570;1 245 450;4.76%
26/05/2023;2 100;2 195;2 195;2 100;6 989;15 008 878;-4.55%
29/05/2023;2 100;2 195;2 195;2 100;6 989;15 008 878;0.00%
30/05/2023;2 100;2 100;2 100;2 100;869;1 824 900;0.00%
31/05/2023;2 100;2 100;2 100;2 100;2 908;6 106 800;0.00%
01/06/2023;2 095;2 100;2 100;2 095;1 150;2 412 125;-0.24%
02/06/2023;2 095;2 095;2 095;2 095;312;653 640;0.00%
05/06/2023;2 090;2 100;2 100;2 090;116;243 020;-0.24%
06/06/2023;2 050;2 085;2 085;2 050;412;851 810;-1.91%
07/06/2023;2 000;2 050;2 050;2 000;3 909;7 915 725;-2.44%
08/06/2023;2 100;2 100;2 100;2 100;2 795;5 869 500;5.00%
09/06/2023;2 100;2 100;2 100;2 100;455;955 500;0.00%
12/06/2023;2 190;2 150;2 190;2 150;1 167;2 532 390;4.29%
13/06/2023;2 170;2 150;2 170;2 150;10 512;22 705 920;-0.91%
14/06/2023;2 145;2 150;2 150;2 145;306;657 135;-1.15%
15/06/2023;2 145;2 145;2 145;2 145;651;1 396 395;0.00%
16/06/2023;2 145;2 145;2 145;2 145;469;1 006 005;0.00%
19/06/2023;2 145;2 145;2 145;2 145;759;1 628 055;0.00%
20/06/2023;2 145;2 145;2 145;2 145;7 176;15 392 520;0.00%
21/06/2023;2 195;2 145;2 195;2 145;581;1 260 770;2.33%
22/06/2023;2 195;2 190;2 195;2 190;1 466;3 214 205;0.00%
23/06/2023;2 190;2 155;2 190;2 155;751;1 631 548;-0.23%
26/06/2023;2 200;2 195;2 200;2 195;2 638;5 797 005;0.46%
27/06/2023;2 220;2 195;2 220;2 195;1 009;2 227 368;0.91%
28/06/2023;2 220;2 195;2 220;2 195;1 009;2 227 368;0.00%
29/06/2023;2 285;2 295;2 295;2 285;225;515 250;2.93%
30/06/2023;2 290;2 155;2 290;2 155;33 453;74 349 293;0.22%
03/07/2023;2 160;2 290;2 290;2 160;808;1 797 800;-5.68%
04/07/2023;2 160;2 200;2 200;2 160;395;861 100;0.00%
05/07/2023;2 200;2 200;2 200;2 200;3 587;7 891 400;1.85%
06/07/2023;2 160;2 200;2 200;2 160;905;1 972 900;-1.82%
07/07/2023;2 260;2 200;2 260;2 200;139;309 970;4.63%
10/07/2023;2 260;2 260;2 260;2 260;593;1 340 180;0.00%
11/07/2023;2 260;2 260;2 260;2 260;5 551;12 545 260;0.00%
12/07/2023;2 290;2 250;2 290;2 250;548;1 243 960;1.33%
13/07/2023;2 245;2 245;2 245;2 245;5 080;11 404 600;-1.97%
14/07/2023;2 245;2 245;2 245;2 245;4 152;9 321 240;0.00%
17/07/2023;2 250;2 240;2 250;2 240;4 556;10 228 220;0.22%
18/07/2023;2 230;2 250;2 250;2 230;2 068;4 632 320;-0.89%
19/07/2023;2 230;2 230;2 230;2 230;235;524 050;0.00%
20/07/2023;2 225;2 225;2 225;2 225;740;1 646 500;-0.22%
21/07/2023;2 200;2 225;2 225;2 200;1 672;3 699 300;-1.12%
24/07/2023;2 230;2 225;2 230;2 225;762;1 697 355;1.36%
25/07/2023;2 240;2 230;2 240;2 230;9 682;21 639 270;0.45%
26/07/2023;2 240;2 235;2 240;2 235;1 010;2 259 875;0.00%
27/07/2023;2 265;2 240;2 265;2 240;4 612;10 388 530;1.12%
28/07/2023;2 265;2 240;2 265;2 240;725;1 633 063;0.00%
31/07/2023;2 380;2 265;2 380;2 265;2 560;5 945 600;5.08%
01/08/2023;2 370;2 380;2 380;2 370;1 608;3 819 000;-0.42%
02/08/2023;2 310;2 370;2 370;2 310;501;1 172 340;-2.53%
03/08/2023;2 370;2 340;2 370;2 340;804;1 893 420;2.60%
04/08/2023;2 230;2 370;2 370;2 230;1 406;3 233 800;-5.91%
07/08/2023;2 230;2 370;2 370;2 230;1 406;3 233 800;0.00%
08/08/2023;2 150;2 300;2 300;2 150;6 901;15 354 725;-3.59%
09/08/2023;2 150;2 150;2 150;2 150;2 364;5 082 600;0.00%
10/08/2023;2 160;2 145;2 160;2 145;815;1 754 288;0.47%
11/08/2023;2 150;2 160;2 160;2 150;1 246;2 685 130;-0.46%
14/08/2023;2 150;2 150;2 150;2 150;372;799 800;0.00%
15/08/2023;2 150;2 150;2 150;2 150;372;799 800;0.00%
16/08/2023;2 145;2 145;2 145;2 145;1 015;2 177 175;-0.23%
17/08/2023;2 150;2 015;2 150;2 015;27 819;57 933 068;0.23%
18/08/2023;2 150;2 150;2 150;2 150;2 637;5 669 550;0.00%
21/08/2023;2 150;2 125;2 150;2 125;1 687;3 605 963;0.00%
22/08/2023;2 150;2 150;2 150;2 150;1 445;3 106 750;0.00%
23/08/2023;2 145;2 110;2 145;2 110;2 005;4 265 638;-0.23%
24/08/2023;2 145;2 130;2 145;2 130;2 832;6 053 400;0.00%
25/08/2023;2 150;2 150;2 150;2 150;456 783;982 083 450;0.23%
28/08/2023;2 145;2 150;2 150;2 145;11 046;23 721 285;-0.23%
29/08/2023;2 130;2 145;2 145;2 130;38 844;83 029 050;-0.70%
30/08/2023;2 145;2 130;2 145;2 130;865;1 848 938;0.70%
31/08/2023;2 150;2 145;2 150;2 145;9 970;21 410 575;0.23%
01/09/2023;2 150;2 150;2 150;2 150;275;591 250;0.00%
04/09/2023;2 150;2 150;2 150;2 150;3 274;7 039 100;0.00%
05/09/2023;2 150;2 150;2 150;2 150;990;2 128 500;0.00%
06/09/2023;2 175;2 130;2 175;2 130;12 993;27 967 433;1.16%
07/09/2023;2 170;2 170;2 170;2 170;4 128;8 957 760;-0.23%
08/09/2023;2 160;2 175;2 175;2 160;3 679;7 974 233;-0.46%
11/09/2023;2 155;2 155;2 155;2 155;1 680;3 620 400;-0.23%
12/09/2023;2 155;2 155;2 155;2 155;2 332;5 025 460;0.00%
13/09/2023;2 310;2 160;2 310;2 160;22 027;49 230 345;7.19%
14/09/2023;2 300;2 315;2 315;2 300;3 419;7 889 343;-0.43%
15/09/2023;2 300;2 300;2 300;2 300;12 188;28 032 400;0.00%
18/09/2023;2 295;2 300;2 300;2 295;1 053;2 419 268;-0.22%
19/09/2023;2 150;2 160;2 160;2 150;5 840;12 585 200;-6.32%
20/09/2023;2 155;2 155;2 155;2 155;4 631;9 979 805;0.23%
21/09/2023;2 155;2 155;2 155;2 155;303;652 965;0.00%
22/09/2023;2 155;2 155;2 155;2 155;2 061;4 441 455;0.00%
25/09/2023;2 145;2 155;2 155;2 145;476;1 023 400;-0.46%
26/09/2023;2 010;2 175;2 175;2 010;1 275;2 667 938;-6.29%
27/09/2023;2 010;2 175;2 175;2 010;1 275;2 667 938;0.00%
28/09/2023;2 150;2 095;2 150;2 095;1 230;2 610 675;6.97%
29/09/2023;2 160;2 190;2 190;2 160;1 313;2 855 775;0.47%
02/10/2023;2 180;2 190;2 190;2 180;4 643;10 144 955;0.93%
03/10/2023;2 100;2 150;2 150;2 100;6 494;13 799 750;-3.67%
04/10/2023;2 100;2 100;2 100;2 100;3 114;6 539 400;0.00%
05/10/2023;2 100;2 100;2 100;2 100;418;877 800;0.00%
06/10/2023;2 100;1 945;2 100;1 945;9 352;18 914 420;0.00%
09/10/2023;2 085;2 085;2 085;2 085;3 726;7 768 710;-0.71%
10/10/2023;2 105;2 085;2 105;2 085;12 379;25 934 005;0.96%
11/10/2023;2 095;2 085;2 095;2 085;989;2 067 010;-0.48%
12/10/2023;2 120;2 095;2 120;2 095;2 605;5 490 038;1.19%
13/10/2023;2 110;2 000;2 110;2 000;635;1 304 925;-0.47%
16/10/2023;2 100;2 120;2 120;2 100;3 390;7 152 900;-0.47%
17/10/2023;2 090;2 100;2 100;2 090;7 077;14 826 315;-0.48%
18/10/2023;2 010;2 090;2 090;2 010;2 914;5 973 700;-3.83%
19/10/2023;2 000;2 050;2 050;2 000;666;1 348 650;-0.50%
20/10/2023;2 000;2 095;2 095;2 000;3 617;7 405 808;0.00%
23/10/2023;1 950;2 000;2 000;1 950;4 939;9 754 525;-2.50%
24/10/2023;1 990;1 950;1 990;1 950;3 328;6 556 160;2.05%
25/10/2023;1 950;1 990;1 990;1 950;936;1 843 920;-2.01%
26/10/2023;1 950;2 050;2 050;1 950;2 147;4 294 000;0.00%
27/10/2023;2 000;2 000;2 000;2 000;5 695;11 390 000;2.56%
30/10/2023;2 000;1 955;2 000;1 955;795;1 572 113;0.00%
31/10/2023;1 900;1 950;1 950;1 900;3 710;7 141 750;-5.00%
01/11/2023;1 900;1 950;1 950;1 900;3 710;7 141 750;0.00%
02/11/2023;1 915;1 890;1 915;1 890;1 302;2 477 055;0.79%
03/11/2023;1 990;1 950;1 990;1 950;445;876 650;3.92%
06/11/2023;1 995;2 000;2 000;1 995;163;325 593;0.25%
07/11/2023;1 995;1 990;1 995;1 990;434;864 745;0.00%
08/11/2023;1 905;1 910;1 910;1 905;7 921;15 109 308;-4.51%
09/11/2023;1 900;1 905;1 905;1 900;9 874;18 785 285;-0.26%
10/11/2023;1 850;1 870;1 870;1 850;6 094;11 334 840;-2.63%
13/11/2023;1 855;1 850;1 855;1 850;1 167;2 161 868;0.27%
14/11/2023;1 855;1 855;1 855;1 855;8;14 840;0.00%
15/11/2023;1 855;1 855;1 855;1 855;8;14 840;0.00%
16/11/2023;1 850;1 860;1 860;1 850;2 220;4 118 100;-0.27%
17/11/2023;1 850;1 845;1 850;1 845;10 733;19 829 218;0.00%
20/11/2023;1 855;1 855;1 855;1 855;994;1 843 870;0.27%
21/11/2023;1 855;1 855;1 855;1 855;2 608;4 837 840;0.00%
22/11/2023;1 800;1 850;1 850;1 800;1 431;2 611 575;-2.96%
23/11/2023;1 805;1 850;1 850;1 805;5 290;9 667 475;0.28%
24/11/2023;1 805;1 805;1 805;1 805;1 077;1 943 985;0.00%
27/11/2023;1 805;1 805;1 805;1 805;9 266;16 725 130;0.00%
28/11/2023;1 850;1 810;1 850;1 810;5 931;10 853 730;2.49%
29/11/2023;1 825;1 885;1 885;1 825;6 496;12 050 080;-1.35%
30/11/2023;1 795;1 825;1 825;1 795;2 180;3 945 800;-1.64%
01/12/2023;1 780;1 800;1 800;1 780;6 329;11 328 910;-0.84%
04/12/2023;1 770;1 745;1 770;1 745;34 490;60 616 175;-0.56%
05/12/2023;1 765;1 780;1 780;1 765;3 333;5 907 743;-0.28%
06/12/2023;1 750;1 750;1 750;1 750;2 622;4 588 500;-0.85%
07/12/2023;1 750;1 750;1 750;1 750;1 565;2 738 750;0.00%
08/12/2023;1 790;1 780;1 790;1 780;1 439;2 568 615;2.29%
11/12/2023;1 770;1 770;1 770;1 770;2 023;3 580 710;-1.12%
12/12/2023;1 800;1 800;1 800;1 800;4 081;7 345 800;1.69%
13/12/2023;1 850;1 850;1 850;1 850;10 183;18 838 550;2.78%
14/12/2023;1 800;1 850;1 850;1 800;3 701;6 754 325;-2.70%
15/12/2023;1 800;1 800;1 800;1 800;4 061;7 309 800;0.00%
18/12/2023;1 800;1 800;1 800;1 800;1 200;2 160 000;0.00%
19/12/2023;1 800;1 795;1 800;1 795;1 163;2 090 493;0.00%
20/12/2023;1 800;1 730;1 800;1 730;3 092;5 457 380;0.00%
21/12/2023;1 850;1 850;1 850;1 850;366;677 100;2.78%
22/12/2023;1 850;1 850;1 850;1 850;1 061;1 962 850;0.00%
25/12/2023;1 850;1 850;1 850;1 850;1 061;1 962 850;0.00%
26/12/2023;1 800;1 855;1 855;1 800;2 844;5 197 410;-2.70%
27/12/2023;1 800;1 800;1 800;1 800;425;765 000;0.00%
28/12/2023;1 795;1 800;1 800;1 795;1 193;2 144 418;-0.28%
29/12/2023;1 800;1 795;1 800;1 795;18 079;32 497 003;0.28%
01/01/2024;1 800;1 795;1 800;1 795;18 079;32 497 003;0.00%
02/01/2024;1 780;1 710;1 780;1 710;369;643 905;-1.11%
03/01/2024;1 750;1 795;1 795;1 750;10 735;19 027 788;-1.69%
04/01/2024;1 775;1 780;1 780;1 775;4 310;7 661 025;1.43%
05/01/2024;1 780;1 780;1 780;1 780;1 148;2 043 440;0.28%
08/01/2024;1 750;1 780;1 780;1 750;1 026;1 810 890;-1.69%
09/01/2024;1 780;1 750;1 780;1 750;2 217;3 913 005;1.71%
10/01/2024;1 780;1 780;1 780;1 780;674;1 199 720;0.00%
11/01/2024;1 760;1 780;1 780;1 760;490;867 300;-1.12%
12/01/2024;1 645;1 780;1 780;1 645;2 119;3 628 788;-6.53%
15/01/2024;1 680;1 765;1 765;1 680;842;1 450 345;2.13%
16/01/2024;1 800;1 685;1 800;1 685;606;1 055 955;7.14%
17/01/2024;1 800;1 790;1 800;1 790;264;473 880;0.00%
18/01/2024;1 860;1 785;1 860;1 785;6 274;11 434 365;3.33%
19/01/2024;1 850;1 725;1 850;1 725;1 968;3 517 800;-0.54%
22/01/2024;1 800;1 715;1 800;1 715;1 171;2 058 033;-2.70%
23/01/2024;1 860;1 695;1 860;1 695;5 186;9 218 115;3.33%
24/01/2024;1 850;1 725;1 850;1 725;1 070;1 912 625;-0.54%
25/01/2024;1 845;1 735;1 845;1 735;185;331 150;-0.27%
26/01/2024;1 800;1 735;1 800;1 735;1 222;2 159 885;-2.44%
29/01/2024;1 750;1 740;1 750;1 740;5 165;9 012 925;-2.78%
30/01/2024;1 700;1 800;1 800;1 700;4 112;7 196 000;-2.86%
31/01/2024;1 700;1 750;1 750;1 700;825;1 423 125;0.00%
01/02/2024;1 700;1 750;1 750;1 700;1 240;2 139 000;0.00%
02/02/2024;1 695;1 700;1 700;1 695;908;1 541 330;-0.29%
05/02/2024;1 700;1 700;1 700;1 700;2 230;3 791 000;0.29%
06/02/2024;1 680;1 750;1 750;1 680;3 777;6 477 555;-1.18%
07/02/2024;1 680;1 700;1 700;1 680;1 688;2 852 720;0.00%
08/02/2024;1 680;1 680;1 680;1 680;390;655 200;0.00%
09/02/2024;1 700;1 680;1 700;1 680;7 514;12 698 660;1.19%
12/02/2024;1 700;1 680;1 700;1 680;7 514;12 698 660;0.00%
13/02/2024;1 700;1 700;1 700;1 700;2 397;4 074 900;0.00%
14/02/2024;1 730;1 700;1 730;1 700;2 282;3 913 630;1.76%
15/02/2024;1 690;1 605;1 690;1 605;12 864;21 193 440;-2.31%
16/02/2024;1 690;1 660;1 690;1 660;297 231;497 861 925;0.00%
19/02/2024;1 680;1 695;1 695;1 680;13 197;22 269 938;-0.59%
20/02/2024;1 680;1 690;1 690;1 680;16 146;27 206 010;0.00%
21/02/2024;1 680;1 685;1 685;1 680;8 269;13 912 593;0.00%
22/02/2024;1 700;1 680;1 700;1 680;902;1 524 380;1.19%
23/02/2024;1 720;1 700;1 720;1 700;23 964;40 978 440;1.18%
26/02/2024;1 700;1 720;1 720;1 700;14 968;25 595 280;-1.16%
27/02/2024;1 580;1 700;1 700;1 580;12 987;21 298 680;-7.06%
28/02/2024;1 695;1 690;1 695;1 690;934;1 580 795;7.28%
29/02/2024;1 685;1 700;1 700;1 685;6 581;11 138 343;-0.59%
01/03/2024;1 675;1 685;1 685;1 675;5 487;9 218 160;-0.59%
04/03/2024;1 720;1 670;1 720;1 670;2 226;3 773 070;2.69%
05/03/2024;1 660;1 720;1 720;1 660;6 105;10 317 450;-3.49%
06/03/2024;1 650;1 610;1 650;1 610;3 011;4 907 930;-0.60%
07/03/2024;1 660;1 660;1 660;1 660;3 182;5 282 120;0.61%
08/03/2024;1 665;1 680;1 680;1 665;2 247;3 758 108;0.30%
11/03/2024;1 725;1 700;1 725;1 700;881;1 508 713;3.60%
12/03/2024;1 650;1 725;1 725;1 650;3 885;6 555 938;-4.35%
13/03/2024;1 605;1 725;1 725;1 605;6 487;10 800 855;-2.73%
14/03/2024;1 645;1 645;1 645;1 645;1 790;2 944 550;2.49%
15/03/2024;1 645;1 645;1 645;1 645;687;1 130 115;0.00%
18/03/2024;1 700;1 645;1 700;1 645;31 221;52 217 123;3.34%
19/03/2024;1 700;1 650;1 700;1 650;1 038;1 738 650;0.00%
20/03/2024;1 705;1 705;1 705;1 705;391;666 655;0.29%
21/03/2024;1 700;1 705;1 705;1 700;1 048;1 784 220;-0.29%
22/03/2024;1 700;1 700;1 700;1 700;990;1 683 000;0.00%
25/03/2024;1 710;1 705;1 710;1 705;1 176;2 008 020;0.59%
26/03/2024;1 725;1 720;1 725;1 720;769;1 324 603;0.88%
27/03/2024;1 725;1 730;1 730;1 725;11 812;20 405 230;0.00%
28/03/2024;1 750;1 725;1 750;1 725;1 722;2 991 975;1.45%
29/03/2024;1 620;1 750;1 750;1 620;17 214;29 005 590;-7.43%
01/04/2024;1 620;1 750;1 750;1 620;17 214;29 005 590;0.00%
02/04/2024;1 700;1 680;1 700;1 680;37 931;64 103 390;4.94%
03/04/2024;1 745;1 700;1 745;1 700;3 442;5 928 845;2.65%
04/04/2024;1 730;1 650;1 730;1 650;581;981 890;-0.86%
05/04/2024;1 700;1 750;1 750;1 700;1 180;2 035 500;-1.73%
08/04/2024;1 700;1 700;1 700;1 700;1 065;1 810 500;0.00%
09/04/2024;1 740;1 700;1 740;1 700;139;239 080;2.35%
10/04/2024;1 740;1 700;1 740;1 700;139;239 080;0.00%
11/04/2024;1 740;1 750;1 750;1 740;825;1 439 625;0.00%
12/04/2024;1 740;1 725;1 740;1 725;1 544;2 674 980;0.00%
15/04/2024;1 725;1 740;1 740;1 725;1 148;1 988 910;-0.86%
16/04/2024;1 720;1 700;1 720;1 700;1 210;2 069 100;-0.29%
17/04/2024;1 720;1 720;1 720;1 720;19 572;33 663 840;0.00%
18/04/2024;1 790;1 725;1 790;1 725;643;1 130 073;4.07%
19/04/2024;1 780;1 795;1 795;1 780;453;809 738;-0.56%
22/04/2024;1 780;1 780;1 780;1 780;679;1 208 620;0.00%
23/04/2024;1 800;1 790;1 800;1 790;1 660;2 979 700;1.12%
24/04/2024;1 780;1 800;1 800;1 780;450;805 500;-1.11%
25/04/2024;1 780;1 780;1 780;1 780;629;1 119 620;0.00%
26/04/2024;1 795;1 780;1 795;1 780;1 098;1 962 675;0.84%
29/04/2024;1 790;1 795;1 795;1 790;1 084;1 943 070;-0.28%
30/04/2024;1 880;1 820;1 880;1 820;6 291;11 638 350;5.03%
01/05/2024;1 880;1 820;1 880;1 820;6 291;11 638 350;0.00%
02/05/2024;1 940;1 900;1 940;1 900;3 402;6 531 840;3.19%
03/05/2024;1 900;1 900;1 900;1 900;3 592;6 824 800;-2.06%
06/05/2024;1 845;1 900;1 900;1 845;10 748;20 125 630;-2.89%
07/05/2024;1 885;1 845;1 885;1 845;5 247;9 785 655;2.17%
08/05/2024;1 930;1 885;1 930;1 885;1 245;2 374 838;2.39%
09/05/2024;1 930;1 885;1 930;1 885;1 245;2 374 838;0.00%
10/05/2024;1 945;1 940;1 945;1 940;4 481;8 704 343;0.78%
13/05/2024;1 900;1 945;1 945;1 900;2 591;4 981 198;-2.31%
14/05/2024;1 930;1 900;1 930;1 900;1 203;2 303 745;1.58%
15/05/2024;1 905;1 930;1 930;1 905;1 022;1 959 685;-1.30%
16/05/2024;1 910;1 930;1 930;1 910;1 317;2 528 640;0.26%
17/05/2024;1 915;1 910;1 915;1 910;1 790;3 423 375;0.26%
20/05/2024;1 915;1 910;1 915;1 910;1 790;3 423 375;0.00%
21/05/2024;1 920;1 920;1 920;1 920;4 097;7 866 240;0.26%
22/05/2024;1 915;1 850;1 915;1 850;3 696;6 957 720;-0.26%
23/05/2024;1 930;1 920;1 930;1 920;1 806;3 476 550;0.78%
24/05/2024;1 930;1 915;1 930;1 915;1 989;3 823 853;0.00%
27/05/2024;1 930;1 960;1 960;1 930;4 002;7 783 890;0.00%
28/05/2024;1 965;1 950;1 965;1 950;4 684;9 168 930;1.81%
29/05/2024;1 985;1 970;1 985;1 970;9 924;19 624 710;1.02%
30/05/2024;2 000;1 990;2 000;1 990;9 058;18 070 710;0.76%
31/05/2024;2 085;2 000;2 085;2 000;6 326;12 920 855;4.25%
03/06/2024;2 050;2 050;2 050;2 050;1 784;3 657 200;-1.68%
04/06/2024;2 050;2 050;2 050;2 050;3 196;6 551 800;0.00%
05/06/2024;2 055;2 050;2 055;2 050;11 445;23 490 863;0.24%
06/06/2024;2 055;2 070;2 070;2 055;503;1 037 438;0.00%
07/06/2024;2 070;2 055;2 070;2 055;604;1 245 750;0.73%
10/06/2024;2 070;2 150;2 150;2 070;1 137;2 399 070;0.00%
11/06/2024;2 085;2 080;2 085;2 080;961;2 001 283;0.72%
12/06/2024;2 055;2 085;2 085;2 055;5 032;10 416 240;-1.44%
13/06/2024;2 065;2 065;2 065;2 065;695;1 435 175;0.49%
14/06/2024;2 055;2 055;2 055;2 055;696;1 430 280;-0.48%
18/06/2024;2 055;2 055;2 055;2 055;1 094;2 248 170;0.00%
19/06/2024;2 010;2 055;2 055;2 010;1 687;3 428 828;-2.19%
20/06/2024;2 100;2 100;2 100;2 100;2 289;4 806 900;4.48%
21/06/2024;2 095;2 060;2 095;2 060;2 276;4 728 390;-0.24%
24/06/2024;2 125;2 020;2 125;2 020;1 404;2 909 790;1.43%
25/06/2024;2 125;2 095;2 125;2 095;858;1 810 380;0.00%
26/06/2024;2 115;2 115;2 115;2 115;495;1 046 925;-0.47%
27/06/2024;2 110;2 115;2 115;2 110;5 112;10 799 100;-0.24%
28/06/2024;2 110;2 100;2 110;2 100;1 194;2 513 370;0.00%
01/07/2024;2 110;2 115;2 115;2 110;1 531;3 234 238;0.00%
02/07/2024;2 170;2 185;2 185;2 170;653;1 421 908;2.84%
03/07/2024;2 180;2 170;2 180;2 170;564;1 226 700;0.46%
04/07/2024;2 175;2 185;2 185;2 175;950;2 071 000;-0.23%
05/07/2024;2 190;2 180;2 190;2 180;615;1 343 775;0.69%
08/07/2024;2 190;2 190;2 190;2 190;2 737;5 994 030;0.00%
09/07/2024;2 190;2 195;2 195;2 190;1 569;3 440 033;0.00%
10/07/2024;2 110;2 190;2 190;2 110;779;1 674 850;-3.65%
11/07/2024;2 120;2 150;2 150;2 120;26 496;56 568 960;0.47%
12/07/2024;2 145;2 150;2 150;2 145;8 099;17 392 603;1.18%
15/07/2024;2 145;2 125;2 145;2 125;10 178;21 730 030;0.00%
16/07/2024;2 145;2 120;2 145;2 120;994;2 119 705;0.00%
17/07/2024;2 145;2 145;2 145;2 145;2 282;4 894 890;0.00%
18/07/2024;2 175;2 145;2 175;2 145;988;2 134 080;1.40%
19/07/2024;2 175;2 175;2 175;2 175;10 695;23 261 625;0.00%
22/07/2024;2 195;2 190;2 195;2 190;6 251;13 705 318;0.92%
23/07/2024;2 180;2 195;2 195;2 180;623;1 362 813;-0.68%
24/07/2024;2 180;2 180;2 180;2 180;1 397;3 045 460;0.00%
25/07/2024;2 175;2 180;2 180;2 175;126;274 365;-0.23%
26/07/2024;2 180;2 175;2 180;2 175;10 418;22 685 195;0.23%
29/07/2024;2 250;2 180;2 250;2 180;3 259;7 218 685;3.21%
30/07/2024;2 240;2 245;2 245;2 240;863;1 935 278;-0.44%
31/07/2024;2 190;2 240;2 240;2 190;8 905;19 724 575;-2.23%
01/08/2024;2 250;2 245;2 250;2 245;2 373;5 333 318;2.74%
02/08/2024;2 255;2 255;2 255;2 255;1 883;4 246 165;0.22%
05/08/2024;2 270;2 290;2 290;2 270;2 879;6 564 120;0.67%
06/08/2024;2 385;2 270;2 385;2 270;1 704;3 966 060;5.07%
07/08/2024;2 385;2 270;2 385;2 270;1 704;3 966 060;0.00%
08/08/2024;2 435;2 400;2 435;2 400;18 480;44 675 400;2.10%
09/08/2024;2 435;2 395;2 435;2 395;2 580;6 230 700;0.00%
12/08/2024;2 425;2 435;2 435;2 425;23 673;57 525 390;-0.41%
13/08/2024;2 385;2 420;2 420;2 385;5 017;12 053 343;-1.65%
14/08/2024;2 385;2 385;2 385;2 385;3 669;8 750 565;0.00%
15/08/2024;2 385;2 385;2 385;2 385;3 669;8 750 565;0.00%
16/08/2024;2 380;2 400;2 400;2 380;5 281;12 621 590;-0.21%
19/08/2024;2 425;2 380;2 425;2 380;1 002;2 407 305;1.89%
20/08/2024;2 385;2 425;2 425;2 385;20 535;49 386 675;-1.65%
21/08/2024;2 415;2 390;2 415;2 390;4 029;9 679 673;1.26%
22/08/2024;2 425;2 400;2 425;2 400;1 440;3 474 000;0.41%
23/08/2024;2 425;2 425;2 425;2 425;26 566;64 422 550;0.00%
26/08/2024;2 445;2 480;2 480;2 445;18 243;44 923 388;0.82%
27/08/2024;2 300;2 435;2 435;2 300;57 363;135 806 903;-5.93%
28/08/2024;2 400;2 400;2 400;2 400;13 582;32 596 800;4.35%
29/08/2024;2 450;2 400;2 450;2 400;26 440;64 117 000;2.08%
30/08/2024;2 600;2 570;2 600;2 570;7 125;18 418 125;6.12%
02/09/2024;2 535;2 600;2 600;2 535;2 376;6 100 380;-2.50%
03/09/2024;2 620;2 535;2 620;2 535;8 662;22 326 305;3.35%
04/09/2024;2 600;2 600;2 600;2 600;7 720;20 072 000;-0.76%
05/09/2024;2 615;2 600;2 615;2 600;18 191;47 433 033;0.58%
06/09/2024;2 630;2 615;2 630;2 615;17 281;45 319 423;0.57%
09/09/2024;2 615;2 615;2 615;2 615;1 479;3 867 585;-0.57%
10/09/2024;2 650;2 630;2 650;2 630;12 870;33 976 800;1.34%
11/09/2024;2 650;2 520;2 650;2 520;4 706;12 165 010;0.00%
12/09/2024;2 690;2 650;2 690;2 650;5 756;15 368 520;1.51%
13/09/2024;2 490;2 650;2 650;2 490;772;1 984 040;-7.43%
16/09/2024;2 420;2 490;2 490;2 420;2 461;6 041 755;-2.81%
17/09/2024;2 385;2 400;2 400;2 385;1 455;3 481 088;-1.45%
18/09/2024;2 300;2 380;2 380;2 300;1 701;3 980 340;-3.56%
19/09/2024;2 300;2 300;2 300;2 300;6 103;14 036 900;0.00%
20/09/2024;2 375;2 300;2 375;2 300;7 752;18 120 300;3.26%
23/09/2024;2 490;2 400;2 490;2 400;4 319;10 559 955;4.84%
24/09/2024;2 395;2 480;2 480;2 395;5 016;12 226 500;-3.82%
25/09/2024;2 365;2 360;2 365;2 360;3 518;8 311 275;-1.25%
26/09/2024;2 360;2 365;2 365;2 360;12 362;29 205 225;-0.21%
27/09/2024;2 350;2 360;2 360;2 350;833;1 961 715;-0.42%
30/09/2024;2 290;2 300;2 300;2 290;8 149;18 701 955;-2.55%
01/10/2024;2 395;2 270;2 395;2 270;5 808;13 547 160;4.59%
02/10/2024;2 300;2 350;2 350;2 300;2 067;4 805 775;-3.97%
03/10/2024;2 340;2 340;2 340;2 340;109;255 060;1.74%
04/10/2024;2 330;2 325;2 330;2 325;742;1 727 005;-0.43%
07/10/2024;2 260;2 330;2 330;2 260;1 646;3 777 570;-3.00%
08/10/2024;2 250;2 340;2 340;2 250;2 838;6 513 210;-0.44%
09/10/2024;2 230;2 260;2 260;2 230;1 523;3 419 135;-0.89%
10/10/2024;2 160;2 250;2 250;2 160;8 593;18 947 565;-3.14%
11/10/2024;2 290;2 300;2 300;2 290;1 638;3 759 210;6.02%
14/10/2024;2 285;2 290;2 290;2 285;412;942 450;-0.22%
15/10/2024;2 300;2 285;2 300;2 285;44 678;102 424 315;0.66%
16/10/2024;2 260;2 285;2 285;2 260;860;1 954 350;-1.74%
17/10/2024;2 335;2 340;2 340;2 335;632;1 477 300;3.32%
18/10/2024;2 340;2 335;2 340;2 335;4 319;10 095 663;0.21%
21/10/2024;2 365;2 340;2 365;2 340;2 953;6 946 933;1.07%
22/10/2024;2 375;2 400;2 400;2 375;1 292;3 084 650;0.42%
23/10/2024;2 375;2 380;2 380;2 375;517;1 229 168;0.00%
24/10/2024;2 405;2 375;2 405;2 375;1 373;3 281 470;1.26%
25/10/2024;2 525;2 405;2 525;2 405;5 713;14 082 545;4.99%
28/10/2024;2 525;2 525;2 525;2 525;14 654;37 001 350;0.00%
29/10/2024;2 505;2 520;2 520;2 505;7 151;17 966 888;-0.79%
30/10/2024;2 500;2 505;2 505;2 500;2 360;5 905 900;-0.20%
31/10/2024;2 450;2 500;2 500;2 450;542;1 341 450;-2.00%
01/11/2024;2 450;2 500;2 500;2 450;542;1 341 450;0.00%
04/11/2024;2 460;2 450;2 460;2 450;4 366;10 718 530;0.41%
05/11/2024;2 460;2 500;2 500;2 460;8 750;21 700 000;0.00%
06/11/2024;2 480;2 460;2 480;2 460;1 258;3 107 260;0.81%
07/11/2024;2 485;2 480;2 485;2 480;1 112;2 760 540;0.20%
08/11/2024;2 485;2 460;2 485;2 460;782;1 933 495;0.00%
11/11/2024;2 490;2 485;2 490;2 485;2 254;5 606 825;0.20%
12/11/2024;2 490;2 500;2 500;2 490;5 816;14 510 920;0.00%
13/11/2024;2 495;2 490;2 495;2 490;1 306;3 255 205;0.20%
14/11/2024;2 490;2 495;2 495;2 490;550;1 370 875;-0.20%
15/11/2024;2 490;2 495;2 495;2 490;550;1 370 875;0.00%
18/11/2024;2 480;2 495;2 495;2 480;2 494;6 203 825;-0.40%
19/11/2024;2 490;2 490;2 490;2 490;2 695;6 710 550;0.40%
20/11/2024;2 500;2 490;2 500;2 490;849;2 118 255;0.40%
21/11/2024;2 485;2 495;2 495;2 485;746;1 857 540;-0.60%
22/11/2024;2 495;2 490;2 495;2 490;780;1 944 150;0.40%
25/11/2024;2 395;2 485;2 485;2 395;6 866;16 753 040;-4.01%
26/11/2024;2 395;2 355;2 395;2 355;4 269;10 138 875;0.00%
27/11/2024;2 350;2 410;2 410;2 350;2 284;5 435 920;-1.88%
28/11/2024;2 390;2 350;2 390;2 350;630;1 493 100;1.70%
29/11/2024;2 390;2 390;2 390;2 390;2 568;6 137 520;0.00%
02/12/2024;2 380;2 390;2 390;2 380;713;1 700 505;-0.42%
03/12/2024;2 410;2 385;2 410;2 385;8 111;19 446 123;1.26%
04/12/2024;2 400;2 380;2 400;2 380;656;1 567 840;-0.41%
05/12/2024;2 380;2 400;2 400;2 380;984;2 351 760;-0.83%
06/12/2024;2 370;2 380;2 380;2 370;1 141;2 709 875;-0.42%
09/12/2024;2 370;2 370;2 370;2 370;514;1 218 180;0.00%
10/12/2024;2 350;2 370;2 370;2 350;2 126;5 017 360;-0.84%
11/12/2024;2 340;2 350;2 350;2 340;162;379 890;-0.43%
12/12/2024;2 345;2 340;2 345;2 340;297;695 723;0.21%
13/12/2024;2 350;2 345;2 350;2 345;1 329;3 119 828;0.21%
16/12/2024;2 345;2 350;2 350;2 345;563;1 321 643;-0.21%
17/12/2024;2 180;2 340;2 340;2 180;8 836;19 969 360;-7.04%
18/12/2024;2 315;2 200;2 315;2 200;859;1 939 193;6.19%
19/12/2024;2 340;2 315;2 340;2 315;8 262;19 229 805;1.08%
20/12/2024;2 340;2 300;2 340;2 300;326;756 320;0.00%
23/12/2024;2 300;2 315;2 315;2 300;18 024;41 590 380;-1.71%
24/12/2024;2 300;2 300;2 300;2 300;201;462 300;0.00%
25/12/2024;2 300;2 300;2 300;2 300;201;462 300;0.00%
26/12/2024;2 335;2 335;2 335;2 335;4 150;9 690 250;1.52%
27/12/2024;2 400;2 400;2 400;2 400;1 493;3 583 200;2.78%
30/12/2024;2 480;2 390;2 480;2 390;3 687;8 977 845;3.33%
31/12/2024;2 500;2 500;2 500;2 500;3 473;8 682 500;0.81%
01/01/2025;2 500;2 500;2 500;2 500;3 473;8 682 500;0.00%
02/01/2025;2 500;2 500;2 500;2 500;2 035;5 087 500;0.00%
03/01/2025;2 480;2 480;2 480;2 480;189;468 720;-0.80%
06/01/2025;2 480;2 405;2 480;2 405;516;1 260 330;0.00%
07/01/2025;2 435;2 480;2 480;2 435;2 363;5 807 073;-1.81%
08/01/2025;2 495;2 500;2 500;2 495;19 825;49 512 938;2.46%
09/01/2025;2 425;2 495;2 495;2 425;3 397;8 356 620;-2.81%
10/01/2025;2 500;2 495;2 500;2 495;3 217;8 034 458;3.09%
13/01/2025;2 435;2 495;2 495;2 435;2 235;5 509 275;-2.60%
14/01/2025;2 500;2 500;2 500;2 500;2 808;7 020 000;2.67%
15/01/2025;2 450;2 500;2 500;2 450;1 248;3 088 800;-2.00%
16/01/2025;2 425;2 450;2 450;2 425;1 742;4 246 125;-1.02%
17/01/2025;2 425;2 430;2 430;2 425;295;716 113;0.00%
20/01/2025;2 450;2 425;2 450;2 425;1 405;3 424 688;1.03%
21/01/2025;2 485;2 450;2 485;2 450;6 817;16 820 948;1.43%
22/01/2025;2 450;2 450;2 450;2 450;1 138;2 788 100;-1.41%
23/01/2025;2 405;2 450;2 450;2 405;1 051;2 551 303;-1.84%
24/01/2025;2 425;2 405;2 425;2 405;542;1 308 930;0.83%
27/01/2025;2 450;2 425;2 450;2 425;1 046;2 549 625;1.03%
28/01/2025;2 420;2 445;2 445;2 420;545;1 325 713;-1.22%
29/01/2025;2 425;2 350;2 425;2 350;965;2 303 938;0.21%
30/01/2025;2 355;2 400;2 400;2 355;3 018;7 175 295;-2.89%
31/01/2025;2 495;2 495;2 495;2 495;1 074;2 679 630;5.94%
03/02/2025;2 420;2 375;2 420;2 375;980;2 349 550;-3.01%
04/02/2025;2 480;2 420;2 480;2 420;1 198;2 935 100;2.48%
05/02/2025;2 450;2 495;2 495;2 450;584;1 443 940;-1.21%
06/02/2025;2 450;2 490;2 490;2 450;700;1 729 000;0.00%
07/02/2025;2 495;2 455;2 495;2 455;500;1 237 500;1.84%
10/02/2025;2 500;2 500;2 500;2 500;1 799;4 497 500;0.20%
11/02/2025;2 495;2 500;2 500;2 495;1 128;2 817 180;-0.20%
12/02/2025;2 500;2 500;2 500;2 500;483;1 207 500;0.20%
13/02/2025;2 530;2 500;2 530;2 500;22 379;56 283 185;1.20%
14/02/2025;2 705;2 530;2 705;2 530;50 392;131 901 060;6.92%
17/02/2025;2 855;2 705;2 855;2 705;15 768;43 835 040;5.55%
18/02/2025;3 065;3 065;3 065;3 065;15 023;46 045 495;7.36%
19/02/2025;3 280;3 290;3 290;3 280;14 574;47 875 590;7.01%
20/02/2025;3 300;3 260;3 300;3 260;12 425;40 754 000;0.61%
21/02/2025;3 300;3 290;3 300;3 290;12 026;39 625 670;0.00%
24/02/2025;3 055;3 300;3 300;3 055;2 531;8 042 253;-7.42%
25/02/2025;3 200;3 055;3 200;3 055;3 600;11 259 000;4.75%
26/02/2025;3 355;3 195;3 355;3 195;13 265;43 442 875;4.84%
28/02/2025;3 790;3 550;3 790;3 550;16 952;62 213 840;12.97%
03/03/2025;3 785;3 555;3 785;3 555;24 153;88 641 510;-0.13%
04/03/2025;3 785;3 780;3 785;3 780;17 669;66 832 993;0.00%
05/03/2025;3 670;3 660;3 670;3 660;22 518;82 528 470;-3.04%
06/03/2025;3 745;3 670;3 745;3 670;1 126;4 174 645;2.04%
07/03/2025;3 740;3 725;3 740;3 725;1 298;4 844 785;-0.13%
10/03/2025;3 730;3 740;3 740;3 730;3 494;13 050 090;-0.27%
11/03/2025;3 600;3 700;3 700;3 600;25 021;91 326 650;-3.49%
12/03/2025;3 605;3 690;3 690;3 605;5 187;18 919 583;0.14%
13/03/2025;3 550;3 605;3 605;3 550;21 024;75 213 360;-1.53%
14/03/2025;3 650;3 605;3 650;3 605;1 108;4 019 270;2.82%
17/03/2025;3 620;3 680;3 680;3 620;14 962;54 611 300;-0.82%
18/03/2025;3 635;3 645;3 645;3 635;3 611;13 144 040;0.41%
19/03/2025;3 800;3 905;3 905;3 800;15 172;58 450 130;4.54%
20/03/2025;3 695;3 795;3 795;3 695;12 806;47 958 470;-2.76%
21/03/2025;3 620;3 640;3 640;3 620;4 146;15 049 980;-2.03%
24/03/2025;3 605;3 660;3 660;3 605;8 996;32 677 970;-0.41%
25/03/2025;3 495;3 600;3 600;3 495;5 249;18 620 828;-3.05%
26/03/2025;3 495;3 500;3 500;3 495;2 954;10 331 615;0.00%
27/03/2025;3 495;3 500;3 500;3 495;2 954;10 331 615;0.00%
28/03/2025;3 480;3 490;3 490;3 480;1 712;5 966 320;-0.43%
31/03/2025;3 480;3 490;3 490;3 480;1 712;5 966 320;0.00%
01/04/2025;3 465;3 485;3 485;3 465;1 708;5 935 300;-0.43%
02/04/2025;3 380;3 465;3 465;3 380;4 407;15 082 958;-2.45%
03/04/2025;3 440;3 380;3 440;3 380;3 369;11 488 290;1.78%
04/04/2025;3 390;3 440;3 440;3 390;1 129;3 855 535;-1.45%
07/04/2025;3 245;3 390;3 390;3 245;6 066;20 123 955;-4.28%
08/04/2025;3 380;3 245;3 380;3 245;11 157;36 957 563;4.16%
09/04/2025;3 630;3 600;3 630;3 600;12 201;44 106 615;7.40%
10/04/2025;3 900;3 900;3 900;3 900;47 664;185 889 600;7.44%
11/04/2025;3 960;4 190;4 190;3 960;39 783;162 115 725;1.54%
14/04/2025;3 950;4 000;4 000;3 950;12 500;49 687 500;-0.25%
15/04/2025;3 750;3 940;3 940;3 750;7 682;29 537 290;-5.06%
16/04/2025;3 745;3 750;3 750;3 745;11 381;42 650 298;-0.13%
17/04/2025;3 650;3 725;3 725;3 650;17 160;63 277 500;-2.54%
18/04/2025;3 600;3 640;3 640;3 600;6 545;23 692 900;-1.37%
21/04/2025;3 600;3 640;3 640;3 600;6 545;23 692 900;0.00%
22/04/2025;3 500;3 600;3 600;3 500;6 317;22 425 350;-2.78%
23/04/2025;3 450;3 500;3 500;3 450;11 781;40 938 975;-1.43%
24/04/2025;3 650;3 450;3 650;3 450;2 045;7 259 750;5.80%
25/04/2025;3 620;3 640;3 640;3 620;3 556;12 908 280;-0.82%
28/04/2025;3 600;3 620;3 620;3 600;3 350;12 093 500;-0.55%
29/04/2025;3 600;3 600;3 600;3 600;26 202;94 327 200;0.00%
30/04/2025;3 545;3 410;3 545;3 410;7 759;26 981 923;-1.53%
01/05/2025;3 545;3 410;3 545;3 410;7 759;26 981 923;0.00%
02/05/2025;3 280;3 280;3 280;3 280;4 438;14 556 640;-7.48%
05/05/2025;3 035;3 035;3 035;3 035;1 277;3 875 695;-7.47%
06/05/2025;2 810;2 810;2 810;2 810;2 114;5 940 340;-7.41%
07/05/2025;2 600;2 600;2 600;2 600;1 766;4 591 600;-7.47%
08/05/2025;2 405;2 405;2 405;2 405;51 155;123 027 775;-7.50%
09/05/2025;2 390;2 370;2 390;2 370;8 747;20 817 860;-0.62%
12/05/2025;2 320;2 225;2 320;2 225;6 045;13 737 263;-2.93%
13/05/2025;2 395;2 320;2 395;2 320;8 229;19 399 868;3.23%
14/05/2025;2 395;2 395;2 395;2 395;7 318;17 526 610;0.00%
15/05/2025;2 390;2 395;2 395;2 390;17 935;42 909 488;-0.21%
16/05/2025;2 395;2 380;2 395;2 380;3 352;8 002 900;0.21%
19/05/2025;2 395;2 395;2 395;2 395;9 916;23 748 820;0.00%
20/05/2025;2 405;2 400;2 405;2 400;6 396;15 366 390;0.42%
21/05/2025;2 585;2 400;2 585;2 400;9 612;23 957 910;7.48%
22/05/2025;2 700;2 765;2 765;2 700;4 079;11 145 868;4.45%
23/05/2025;2 600;2 750;2 750;2 600;8 615;23 045 125;-3.70%
26/05/2025;2 575;2 500;2 575;2 500;4 471;11 345 163;-0.96%
27/05/2025;2 585;2 570;2 585;2 570;5 370;13 841 175;0.39%
28/05/2025;2 585;2 585;2 585;2 585;5 644;14 589 740;0.00%
29/05/2025;2 585;2 585;2 585;2 585;5 644;14 589 740;0.00%
30/05/2025;2 540;2 585;2 585;2 540;20 533;52 615 813;-1.74%
02/06/2025;2 580;2 410;2 580;2 410;4 772;11 906 140;1.57%
03/06/2025;2 770;2 580;2 770;2 580;17 205;46 023 375;7.36%
04/06/2025;2 885;2 775;2 885;2 775;15 996;45 268 680;4.15%
05/06/2025;2 900;2 940;2 940;2 900;4 189;12 231 880;0.52%
10/06/2025;2 685;2 875;2 875;2 685;27 360;76 060 800;-7.41%
11/06/2025;2 675;2 490;2 675;2 490;4 535;11 711 638;-0.37%
12/06/2025;2 665;2 505;2 665;2 505;12 080;31 226 800;-0.37%
13/06/2025;2 665;2 665;2 665;2 665;5 744;15 307 760;0.00%
16/06/2025;2 700;2 665;2 700;2 665;16 093;43 169 473;1.31%
17/06/2025;2 795;2 700;2 795;2 700;12 872;35 365 820;3.52%
18/06/2025;2 775;2 790;2 790;2 775;10 119;28 156 118;-0.72%
19/06/2025;2 575;2 780;2 780;2 575;23 221;62 174 228;-7.21%
20/06/2025;2 575;2 575;2 575;2 575;10 725;27 616 875;0.00%
23/06/2025;2 600;2 640;2 640;2 600;13 377;35 047 740;0.97%
24/06/2025;2 585;2 600;2 600;2 585;4 781;12 394 743;-0.58%
25/06/2025;2 585;2 585;2 585;2 585;6 982;18 048 470;0.00%
26/06/2025;2 510;2 600;2 600;2 510;3 831;9 788 205;-2.90%
27/06/2025;2 595;2 600;2 600;2 595;7 958;20 670 905;3.39%
30/06/2025;2 650;2 595;2 650;2 595;9 292;24 368 270;2.12%
01/07/2025;2 645;2 695;2 695;2 645;1 496;3 994 320;-0.19%
02/07/2025;2 665;2 650;2 665;2 650;12 668;33 665 210;0.76%
03/07/2025;2 680;2 680;2 680;2 680;1 416;3 794 880;0.56%
04/07/2025;2 695;2 675;2 695;2 675;15 775;42 355 875;0.56%
07/07/2025;2 670;2 650;2 670;2 650;768;2 042 880;-0.93%
08/07/2025;2 645;2 680;2 680;2 645;6 550;17 439 375;-0.94%
09/07/2025;2 645;2 645;2 645;2 645;7 538;19 938 010;0.00%
10/07/2025;2 620;2 645;2 645;2 620;1 112;2 927 340;-0.95%
11/07/2025;2 660;2 600;2 660;2 600;2 861;7 524 430;1.53%
14/07/2025;2 665;2 625;2 665;2 625;4 530;11 981 850;0.19%
15/07/2025;2 665;2 650;2 665;2 650;4 358;11 581 385;0.00%
16/07/2025;2 600;2 670;2 670;2 600;1 685;4 439 975;-2.44%
17/07/2025;2 550;2 630;2 630;2 550;7 131;18 469 290;-1.92%
18/07/2025;2 540;2 550;2 550;2 540;758;1 929 110;-0.39%
21/07/2025;2 605;2 540;2 605;2 540;1 886;4 851 735;2.56%
22/07/2025;2 500;2 600;2 600;2 500;12 542;31 982 100;-4.03%
23/07/2025;2 500;2 595;2 595;2 500;16 456;41 921 660;0.00%
24/07/2025;2 500;2 500;2 500;2 500;773;1 932 500;0.00%
25/07/2025;2 500;2 500;2 500;2 500;3 689;9 222 500;0.00%
28/07/2025;2 500;2 500;2 500;2 500;2 636;6 590 000;0.00%
29/07/2025;2 500;2 450;2 500;2 450;1 898;4 697 550;0.00%
30/07/2025;2 460;2 470;2 470;2 460;1 967;4 848 655;-1.60%
31/07/2025;2 525;2 460;2 525;2 460;5 410;13 484 425;2.64%
01/08/2025;2 600;2 550;2 600;2 550;2 366;6 092 450;2.97%
04/08/2025;2 570;2 600;2 600;2 570;1 194;3 086 490;-1.15%
05/08/2025;2 595;2 570;2 595;2 570;1 780;4 596 850;0.97%
06/08/2025;2 595;2 595;2 595;2 595;500;1 297 500;0.00%
07/08/2025;2 595;2 595;2 595;2 595;500;1 297 500;0.00%
08/08/2025;2 595;2 595;2 595;2 595;2 338;6 067 110;0.00%
11/08/2025;2 425;2 595;2 595;2 425;49 595;124 483 450;-6.55%
12/08/2025;2 500;2 460;2 500;2 460;1 021;2 532 080;3.09%
13/08/2025;2 520;2 550;2 550;2 520;448;1 135 680;0.80%
14/08/2025;2 550;2 500;2 550;2 500;923;2 330 575;1.19%
15/08/2025;2 550;2 500;2 550;2 500;923;2 330 575;0.00%
18/08/2025;2 595;2 550;2 595;2 550;2 725;7 010 063;1.76%
19/08/2025;2 600;2 595;2 600;2 595;26 547;68 955 833;0.19%
20/08/2025;2 590;2 410;2 590;2 410;10 924;27 310 000;-0.38%
21/08/2025;2 575;2 590;2 590;2 575;48 344;124 848 380;-0.58%
22/08/2025;2 580;2 580;2 580;2 580;24 720;63 777 600;0.19%
25/08/2025;2 455;2 580;2 580;2 455;69 828;175 791 990;-4.84%
26/08/2025;2 580;2 560;2 580;2 560;6 915;17 771 550;5.09%
27/08/2025;2 540;2 580;2 580;2 540;27 591;70 632 960;-1.55%
28/08/2025;2 540;2 540;2 540;2 540;2 264;5 750 560;0.00%
29/08/2025;2 540;2 540;2 540;2 540;2 688;6 827 520;0.00%
01/09/2025;2 445;2 480;2 480;2 445;5 607;13 807 238;-3.74%
02/09/2025;2 440;2 440;2 440;2 440;2 797;6 824 680;-0.20%
03/09/2025;2 440;2 435;2 440;2 435;2 852;6 951 750;0.00%
04/09/2025;2 440;2 435;2 440;2 435;2 852;6 951 750;0.00%
05/09/2025;2 440;2 440;2 440;2 440;6 692;16 328 480;0.00%
08/09/2025;2 435;2 440;2 440;2 435;6 106;14 883 375;-0.20%
09/09/2025;2 400;2 435;2 435;2 400;7 322;17 700 935;-1.44%
10/09/2025;2 395;2 400;2 400;2 395;12 832;30 764 720;-0.21%
11/09/2025;2 380;2 395;2 395;2 380;7 781;18 577 138;-0.63%
12/09/2025;2 350;2 380;2 380;2 350;13 623;32 218 395;-1.26%
15/09/2025;2 395;2 350;2 395;2 350;4 046;9 599 135;1.91%
16/09/2025;2 300;2 395;2 395;2 300;34 966;82 082 685;-3.97%
17/09/2025;2 385;2 395;2 395;2 385;2 516;6 013 240;3.70%
18/09/2025;2 410;2 390;2 410;2 390;2 090;5 016 000;1.05%
19/09/2025;2 425;2 440;2 440;2 425;1 948;4 738 510;0.62%
22/09/2025;2 450;2 440;2 450;2 440;13 475;32 946 375;1.03%
23/09/2025;2 460;2 450;2 460;2 450;1 603;3 935 365;0.41%
24/09/2025;2 450;2 460;2 460;2 450;2 648;6 500 840;-0.41%
25/09/2025;2 450;2 450;2 450;2 450;12 738;31 208 100;0.00%
26/09/2025;2 450;2 460;2 460;2 450;5 335;13 097 425;0.00%
29/09/2025;2 450;2 450;2 450;2 450;2 897;7 097 650;0.00%
30/09/2025;2 400;2 450;2 450;2 400;2 829;6 860 325;-2.04%
01/10/2025;2 400;2 445;2 445;2 400;2 842;6 884 745;0.00%
02/10/2025;2 425;2 400;2 425;2 400;1 134;2 735 775;1.04%
03/10/2025;2 445;2 390;2 445;2 390;6 717;16 238 348;0.82%
06/10/2025;2 500;2 445;2 500;2 445;21 653;53 537 043;2.25%
07/10/2025;2 450;2 500;2 500;2 450;14 054;34 783 650;-2.00%
08/10/2025;2 480;2 500;2 500;2 480;1 333;3 319 170;1.22%
09/10/2025;2 490;2 480;2 490;2 480;4 326;10 750 110;0.40%
10/10/2025;2 490;2 490;2 490;2 490;2 000;4 980 000;0.00%
13/10/2025;2 500;2 485;2 500;2 485;4 403;10 974 478;0.40%
14/10/2025;2 325;2 500;2 500;2 325;119 261;287 717 163;-7.00%
15/10/2025;2 445;2 395;2 445;2 395;52 095;126 069 900;5.16%
16/10/2025;2 450;2 445;2 450;2 445;26 355;64 503 863;0.20%
17/10/2025;2 270;2 270;2 270;2 270;17 624;40 006 480;-7.35%
20/10/2025;2 300;2 100;2 300;2 100;15 882;34 940 400;1.32%
21/10/2025;2 400;2 300;2 400;2 300;11 077;26 030 950;4.35%
22/10/2025;2 350;2 400;2 400;2 350;5 129;12 181 375;-2.08%
23/10/2025;2 345;2 400;2 400;2 345;8 715;20 676 338;-0.21%
24/10/2025;2 390;2 350;2 390;2 350;2 846;6 745 020;1.92%
27/10/2025;2 390;2 390;2 390;2 390;5 468;13 068 520;0.00%
28/10/2025;2 350;2 390;2 390;2 350;11 083;26 266 710;-1.67%
29/10/2025;2 355;2 350;2 355;2 350;8 067;18 977 618;0.21%
30/10/2025;2 350;2 350;2 350;2 350;7 440;17 484 000;-0.21%
31/10/2025;2 380;2 350;2 380;2 350;8 270;19 558 550;1.28%
03/11/2025;2 325;2 380;2 380;2 325;4 924;11 583 710;-2.31%
04/11/2025;2 325;2 320;2 325;2 320;11 627;27 003 708;0.00%
05/11/2025;2 325;2 320;2 325;2 320;4 344;10 088 940;0.00%
06/11/2025;2 335;2 320;2 335;2 320;6 366;14 816 865;0.43%
07/11/2025;2 335;2 335;2 335;2 335;-;0;0.00%
10/11/2025;2 335;2 335;2 335;2 335;2 947;6 881 245;0.00%
11/11/2025;2 325;2 315;2 325;2 315;11 542;26 777 440;-0.43%
12/11/2025;2 300;2 250;2 300;2 250;7 828;17 808 700;-1.08%
13/11/2025;2 345;2 350;2 350;2 345;2 293;5 382 818;1.96%
14/11/2025;2 360;2 350;2 360;2 350;1 191;2 804 805;0.64%
17/11/2025;2 380;2 360;2 380;2 360;2 759;6 538 830;0.85%
18/11/2025;2 350;2 380;2 380;2 350;374;884 510;-1.26%
19/11/2025;2 370;2 350;2 370;2 350;2 526;5 961 360;0.85%
20/11/2025;2 365;2 370;2 370;2 365;4 740;11 221 950;-0.21%
21/11/2025;2 360;2 355;2 360;2 355;2 603;6 136 573;-0.21%
24/11/2025;2 350;2 250;2 350;2 250;9 356;21 518 800;-0.42%
25/11/2025;2 325;2 400;2 400;2 325;1 999;4 722 638;-1.06%
26/11/2025;2 300;2 325;2 325;2 300;2 125;4 914 063;-1.08%
27/11/2025;2 305;2 325;2 325;2 305;1 381;3 197 015;0.22%
28/11/2025;2 345;2 305;2 345;2 305;1 211;2 815 575;1.74%
01/12/2025;2 395;2 350;2 395;2 350;1 602;3 800 745;2.13%
02/12/2025;2 390;2 395;2 395;2 390;567;1 356 548;-0.21%
03/12/2025;2 370;2 395;2 395;2 370;2 079;4 953 218;-0.84%
04/12/2025;2 365;2 370;2 370;2 365;1 056;2 500 080;-0.21%
05/12/2025;2 370;2 365;2 370;2 365;2 916;6 903 630;0.21%
08/12/2025;2 385;2 390;2 390;2 385;1 721;4 108 888;0.63%
09/12/2025;2 385;2 375;2 385;2 375;2 709;6 447 420;0.00%
10/12/2025;2 385;2 385;2 385;2 385;3 226;7 694 010;0.00%
11/12/2025;2 390;2 395;2 395;2 390;1 062;2 540 835;0.21%
12/12/2025;2 395;2 390;2 395;2 390;2 059;4 926 158;0.21%
15/12/2025;2 390;2 395;2 395;2 390;929;2 222 633;-0.21%
16/12/2025;2 370;2 370;2 370;2 370;2 308;5 469 960;-0.84%
17/12/2025;2 360;2 360;2 360;2 360;1 059;2 499 240;-0.42%
18/12/2025;2 360;2 300;2 360;2 300;785;1 829 050;0.00%
19/12/2025;2 360;2 360;2 360;2 360;2 019;4 764 840;0.00%
22/12/2025;2 340;2 350;2 350;2 340;2 592;6 078 240;-0.85%
23/12/2025;2 345;2 340;2 345;2 340;581;1 360 993;0.21%
24/12/2025;2 340;2 345;2 345;2 340;449;1 051 783;-0.21%
25/12/2025;2 340;2 345;2 345;2 340;449;1 051 783;0.00%
26/12/2025;2 345;2 345;2 345;2 345;4 186;9 816 170;0.21%
29/12/2025;2 345;2 325;2 345;2 325;4 807;11 224 345;0.00%
30/12/2025;2 340;2 345;2 345;2 340;6 748;15 807 190;-0.21%
31/12/2025;2 335;2 340;2 340;2 335;882;2 061 675;-0.21%
01/01/2026;2 335;2 340;2 340;2 335;882;2 061 675;0.00%
02/01/2026;2 335;2 335;2 335;2 335;738;1 723 230;0.00%
05/01/2026;2 350;2 335;2 350;2 335;11 041;25 863 543;0.64%
06/01/2026;2 350;2 400;2 400;2 350;3 223;7 654 625;0.00%
07/01/2026;2 345;2 350;2 350;2 345;3 607;8 467 433;-0.21%
08/01/2026;2 310;2 340;2 340;2 310;914;2 125 050;-1.49%
09/01/2026;2 350;2 360;2 360;2 350;1 531;3 605 505;1.73%
12/01/2026;2 380;2 395;2 395;2 380;1 389;3 316 238;1.28%
13/01/2026;2 355;2 380;2 380;2 355;1 248;2 954 640;-1.05%
14/01/2026;2 370;2 380;2 380;2 370;1 310;3 111 250;0.64%
15/01/2026;2 395;2 370;2 395;2 370;2 227;5 305 828;1.05%
16/01/2026;2 350;2 395;2 395;2 350;908;2 154 230;-1.88%
19/01/2026;2 385;2 350;2 385;2 350;5 462;12 931 285;1.49%
20/01/2026;2 380;2 340;2 380;2 340;2 488;5 871 680;-0.21%
21/01/2026;2 385;2 395;2 395;2 385;3 543;8 467 770;0.21%
22/01/2026;2 390;2 400;2 400;2 390;2 021;4 840 295;0.21%
23/01/2026;2 400;2 390;2 400;2 390;1 935;4 634 325;0.42%
26/01/2026;2 420;2 415;2 420;2 415;3 956;9 563 630;0.83%
27/01/2026;2 400;2 450;2 450;2 400;1 758;4 263 150;-0.83%
28/01/2026;2 410;2 400;2 410;2 400;1 264;3 039 920;0.42%
29/01/2026;2 400;2 410;2 410;2 400;4 915;11 820 575;-0.41%
30/01/2026;2 350;2 400;2 400;2 350;2 334;5 543 250;-2.08%
02/02/2026;2 350;2 400;2 400;2 350;3 339;7 930 125;0.00%
03/02/2026;2 320;2 350;2 350;2 320;2 072;4 838 120;-1.28%
04/02/2026;2 400;2 350;2 400;2 350;477;1 132 875;3.45%
05/02/2026;2 395;2 400;2 400;2 395;2 908;6 971 930;-0.21%
06/02/2026;2 400;2 395;2 400;2 395;1 507;3 613 033;0.21%
09/02/2026;2 445;2 400;2 445;2 400;3 701;8 965 673;1.88%
10/02/2026;2 405;2 440;2 440;2 405;11 777;28 529 783;-1.64%
11/02/2026;2 450;2 445;2 450;2 445;5 020;12 286 450;1.87%
12/02/2026;2 450;2 405;2 450;2 405;4 805;11 664 138;0.00%
13/02/2026;2 470;2 450;2 470;2 450;3 677;9 045 420;0.82%
16/02/2026;2 450;2 470;2 470;2 450;3 534;8 693 640;-0.81%
17/02/2026;2 495;2 455;2 495;2 455;3 324;8 226 900;1.84%
18/02/2026;2 520;2 495;2 520;2 495;6 906;17 316 795;1.00%
19/02/2026;2 690;2 520;2 690;2 520;11 223;29 235 915;6.75%
20/02/2026;2 820;2 890;2 890;2 820;8 046;22 971 330;4.83%
23/02/2026;2 725;2 690;2 725;2 690;5 462;14 788 365;-3.37%
24/02/2026;2 705;2 725;2 725;2 705;3 111;8 446 365;-0.73%
25/02/2026;2 750;2 705;2 750;2 705;15 534;42 368 985;1.66%
26/02/2026;2 745;2 750;2 750;2 745;3 509;9 640 978;-0.18%
27/02/2026;2 800;2 740;2 800;2 740;5 513;15 271 010;2.00%
02/03/2026;3 000;2 850;3 000;2 850;29 198;85 404 150;7.14%
03/03/2026;3 125;3 025;3 125;3 025;22 053;67 812 975;4.17%
04/03/2026;3 275;3 300;3 300;3 275;4 388;14 425 550;4.80%
05/03/2026;2 930;3 150;3 150;2 930;17 292;52 567 680;-7.28%
06/03/2026;2 850;2 905;2 905;2 850;28 889;83 128 098;-2.73%
09/03/2026;2 855;2 850;2 855;2 850;16 374;46 706 835;0.18%
10/03/2026;2 850;2 900;2 900;2 850;7 812;22 459 500;-0.18%
11/03/2026;2 800;2 855;2 855;2 800;65 735;185 865 713;-1.75%
12/03/2026;2 810;2 800;2 810;2 800;16 601;46 565 805;0.36%
13/03/2026;2 740;2 810;2 810;2 740;2 027;5 624 925;-2.49%
16/03/2026;2 740;2 810;2 810;2 740;2 027;5 624 925;0.00%
17/03/2026;2 760;2 750;2 760;2 750;6 545;18 031 475;0.73%
18/03/2026;2 900;2 770;2 900;2 770;7 707;21 849 345;5.07%
19/03/2026;2 950;2 905;2 950;2 905;49 250;144 179 375;1.72%
20/03/2026;2 950;2 905;2 950;2 905;49 250;144 179 375;0.00%
23/03/2026;2 995;2 950;2 995;2 950;19 837;58 965 483;1.53%
24/03/2026;2 810;3 000;3 000;2 810;27 668;80 375 540;-6.18%
25/03/2026;2 815;2 810;2 815;2 810;33 317;93 704 063;0.18%
26/03/2026;2 870;3 025;3 025;2 870;18 826;55 489 635;1.95%
27/03/2026;2 975;2 975;2 975;2 975;3 260;9 698 500;3.66%
30/03/2026;2 895;2 975;2 975;2 895;8 947;26 259 445;-2.69%
31/03/2026;2 880;2 885;2 885;2 880;11 807;34 033 678;-0.52%
01/04/2026;2 720;2 750;2 750;2 720;38 621;105 628 435;-5.56%
02/04/2026;2 705;2 710;2 710;2 705;26 390;71 450 925;-0.55%
03/04/2026;2 705;2 705;2 705;2 705;23 774;64 308 670;0.00%
06/04/2026;2 705;2 705;2 705;2 705;23 774;64 308 670;0.00%
07/04/2026;2 650;2 705;2 705;2 650;9 877;26 445 668;-2.03%
08/04/2026;2 650;2 700;2 700;2 650;2 843;7 605 025;0.00%
09/04/2026;2 700;2 650;2 700;2 650;10 764;28 793 700;1.89%
10/04/2026;2 800;2 650;2 800;2 650;58 126;158 393 350;3.70%
13/04/2026;2 795;2 800;2 800;2 795;1 469;4 109 528;-0.18%
14/04/2026;2 840;2 795;2 840;2 795;2 957;8 331 348;1.61%
15/04/2026;2 795;2 840;2 840;2 795;912;2 569 560;-1.58%
16/04/2026;2 795;2 800;2 800;2 795;12 503;34 977 143;0.00%
17/04/2026;2 795;2 795;2 795;2 795;885;2 473 575;0.00%
20/04/2026;2 750;2 800;2 800;2 750;1 371;3 804 525;-1.61%
21/04/2026;2 700;2 700;2 700;2 700;10 612;28 652 400;-1.82%
22/04/2026;2 650;2 700;2 700;2 650;3 469;9 279 575;-1.85%
23/04/2026;2 700;2 650;2 700;2 650;2 347;6 278 225;1.89%
24/04/2026;2 700;2 700;2 700;2 700;2 004;5 410 800;0.00%
27/04/2026;2 705;2 750;2 750;2 705;7 688;20 969 020;0.19%
28/04/2026;2 700;2 700;2 700;2 700;2 813;7 595 100;-0.18%
29/04/2026;2 750;2 750;2 750;2 750;7 425;20 418 750;1.85%
30/04/2026;2 740;2 750;2 750;2 740;1 147;3 148 515;-0.36%
01/05/2026;2 740;2 750;2 750;2 740;1 147;3 148 515;0.00%
04/05/2026;2 750;2 700;2 750;2 700;10 095;27 508 875;0.36%
05/05/2026;2 745;2 740;2 745;2 740;6 789;18 618 833;-0.18%
06/05/2026;2 740;2 740;2 740;2 740;4 177;11 444 980;-0.18%
07/05/2026;2 720;2 740;2 740;2 720;6 470;17 663 100;-0.73%
08/05/2026;2 750;2 705;2 750;2 705;4 953;13 509 308;1.10%
11/05/2026;2 850;2 750;2 850;2 750;9 699;27 157 200;3.64%
12/05/2026;3 060;2 850;3 060;2 850;19 254;56 895 570;7.37%
13/05/2026;2 995;2 850;2 995;2 850;10 912;31 890 320;-2.12%
14/05/2026;2 995;2 850;2 995;2 850;10 912;31 890 320;0.00%
15/05/2026;2 910;3 000;3 000;2 910;4 805;14 198 775;-2.84%
18/05/2026;2 905;2 995;2 995;2 905;934;2 755 300;-0.17%
19/05/2026;2 900;2 905;2 905;2 900;3 221;9 348 953;-0.17%
20/05/2026;2 900;2 900;2 900;2 900;2 103;6 098 700;0.00%
21/05/2026;2 880;2 850;2 880;2 850;4 018;11 511 570;-0.69%
22/05/2026;2 875;2 895;2 895;2 875;705;2 033 925;-0.17%
25/05/2026;2 875;2 895;2 895;2 875;705;2 033 925;0.00%
26/05/2026;2 870;2 870;2 870;2 870;693;1 988 910;-0.17%
27/05/2026;2 870;2 870;2 870;2 870;693;1 988 910;0.00%
28/05/2026;2 880;2 870;2 880;2 870;3 356;9 648 500;0.35%
29/05/2026;2 850;2 870;2 870;2 850;1 082;3 094 520;-1.04%
01/06/2026;2 850;2 885;2 885;2 850;4 518;12 955 365;0.00%
02/06/2026;2 900;2 850;2 900;2 850;2 304;6 624 000;1.75%
03/06/2026;2 905;2 900;2 905;2 900;8 390;24 351 975;0.17%
04/06/2026;2 890;2 900;2 900;2 890;2 330;6 745 350;-0.52%
05/06/2026;2 890;2 890;2 890;2 890;5 222;15 091 580;0.00%
08/06/2026;2 825;2 805;2 825;2 805;6 584;18 533 960;-2.25%
09/06/2026;2 805;2 890;2 890;2 805;8 839;25 169 053;-0.71%
10/06/2026;2 890;2 850;2 890;2 850;8 815;25 299 050;3.03%
11/06/2026;2 850;2 890;2 890;2 850;9 974;28 625 380;-1.38%
12/06/2026;2 870;2 850;2 870;2 850;1 859;5 316 740;0.70%
15/06/2026;2 870;2 870;2 870;2 870;2 350;6 744 500;0.00%
16/06/2026;2 800;2 870;2 870;2 800;9 162;25 974 270;-2.44%
17/06/2026;2 850;2 800;2 850;2 800;12 519;35 366 175;1.79%
18/06/2026;2 845;2 870;2 870;2 845;4 111;11 747 183;-0.18%
19/06/2026;2 900;2 850;2 900;2 850;2 795;8 035 625;1.93%
22/06/2026;2 900;2 760;2 900;2 760;10 671;30 198 930;0.00%
23/06/2026;2 895;2 900;2 900;2 895;6 940;20 108 650;-0.17%
24/06/2026;2 855;2 895;2 895;2 855;4 282;12 310 750;-1.38%
25/06/2026;2 780;2 855;2 855;2 780;6 066;17 090 955;-2.63%
26/06/2026;2 855;2 855;2 855;2 855;8 664;24 735 720;2.70%
29/06/2026;2 795;2 900;2 900;2 795;14 389;40 972 678;-2.10%
30/06/2026;2 870;2 995;2 995;2 870;9 833;28 835 273;2.68%
01/07/2026;2 950;2 800;2 950;2 800;3 683;10 588 625;2.79%
02/07/2026;2 945;2 950;2 950;2 945;9 103;26 831 093;-0.17%
03/07/2026;2 925;2 940;2 940;2 925;2 230;6 539 475;-0.68%
06/07/2026;2 940;2 925;2 940;2 925;2 728;7 999 860;0.51%
07/07/2026;2 940;2 940;2 940;2 940;3 072;9 031 680;0.00%
08/07/2026;2 850;2 940;2 940;2 850;69 260;200 507 700;-3.06%
09/07/2026;2 920;2 920;2 920;2 920;3 113;9 089 960;2.46%
10/07/2026;2 800;2 920;2 920;2 800;11 198;32 026 280;-4.11%
13/07/2026;2 990;2 895;2 990;2 895;2 372;6 979 610;6.79%
14/07/2026;2 945;2 990;2 990;2 945;3 103;9 208 153;-1.51%
15/07/2026;2 800;2 945;2 945;2 800;13 280;38 146 800;-4.92%
16/07/2026;2 900;2 945;2 945;2 900;9 368;27 377 980;3.57%
17/07/2026;2 900;2 900;2 900;2 900;4 252;12 330 800;0.00%
20/07/2026;2 875;2 900;2 900;2 875;1 239;3 577 613;-0.86%
21/07/2026;2 885;2 875;2 885;2 875;1 205;3 470 400;0.35%
22/07/2026;2 950;2 885;2 950;2 885;4 107;11 982 173;2.25%
23/07/2026;3 000;3 000;3 000;3 000;3 087;9 261 000;1.69%
24/07/2026;2 995;2 995;2 995;2 995;3 210;9 613 950;-0.17%
27/07/2026;2 990;2 995;2 995;2 990;1 998;5 979 015;-0.17%
28/07/2026;3 000;2 990;3 000;2 990;15 015;44 969 925;0.33%
29/07/2026;2 990;2 995;2 995;2 990;5 236;15 668 730;-0.33%
30/07/2026;2 770;2 900;2 900;2 770;8 892;25 208 820;-7.36%
31/07/2026;2 975;2 975;2 975;2 975;2 184;6 497 400;7.40%
03/08/2026;2 990;2 975;2 990;2 975;7 265;21 667 863;0.50%
04/08/2026;2 905;2 985;2 985;2 905;2 716;7 998 620;-2.84%
05/08/2026;2 980;2 905;2 980;2 905;1 345;3 957 663;2.58%
06/08/2026;2 805;2 980;2 980;2 805;3 506;10 141 105;-5.87%
07/08/2026;2 805;2 980;2 980;2 805;3 506;10 141 105;0.00%
10/08/2026;2 995;2 900;2 995;2 900;2 907;8 568 383;6.77%
11/08/2026;2 950;2 995;2 995;2 950;6 202;18 435 445;-1.50%
