Date;Clôture;Plus bas;Plus haut;Ouverture;Volume Titres;Volume FCFA;Variation %
05/01/2012;700;700;700;700;10;7 000;0.14%
06/01/2012;680;680;680;680;26;17 680;-2.86%
10/01/2012;670;670;670;670;8;5 360;-1.47%
18/01/2012;720;720;720;720;150;108 000;7.46%
19/01/2012;670;670;670;670;14;9 380;-6.94%
23/01/2012;720;720;720;720;99;71 280;7.46%
24/01/2012;720;720;720;720;148;106 560;0.00%
25/01/2012;720;720;720;720;1;720;0.00%
27/01/2012;720;720;720;720;1 201;864 720;0.00%
30/01/2012;720;720;720;720;903;650 160;0.00%
03/02/2012;720;720;720;720;30;21 600;0.00%
06/02/2012;720;720;720;720;10;7 200;0.00%
07/02/2012;720;720;720;720;30;21 600;0.00%
08/02/2012;720;720;720;720;75;54 000;0.00%
14/02/2012;720;720;720;720;17;12 240;0.00%
15/02/2012;720;720;720;720;35;25 200;0.00%
16/02/2012;720;720;720;720;6;4 320;0.00%
17/02/2012;719;719;719;719;40;28 760;-0.14%
23/02/2012;700;700;700;700;40;28 000;-2.64%
24/02/2012;720;720;720;720;59;42 480;2.86%
27/02/2012;700;700;700;700;49;34 300;-2.78%
28/02/2012;700;700;700;700;5;3 500;0.00%
29/02/2012;700;700;700;700;8;5 600;0.00%
01/03/2012;700;700;700;700;5;3 500;0.00%
02/03/2012;700;700;700;700;13;9 100;0.00%
05/03/2012;670;670;670;670;53;35 510;-4.29%
06/03/2012;649;649;649;649;143;92 807;-3.13%
07/03/2012;649;649;649;649;70;45 430;0.00%
08/03/2012;620;620;620;620;19;11 780;-4.47%
09/03/2012;650;650;650;650;117;76 050;4.84%
12/03/2012;650;650;650;650;177;115 050;0.00%
13/03/2012;650;650;650;650;44;28 600;0.00%
14/03/2012;650;650;650;650;6;3 900;0.00%
15/03/2012;650;650;650;650;50;32 500;0.00%
16/03/2012;650;650;650;650;70;45 500;0.00%
19/03/2012;650;650;650;650;36;23 400;0.00%
20/03/2012;650;650;650;650;15;9 750;0.00%
21/03/2012;650;650;650;650;10;6 500;0.00%
26/03/2012;650;650;650;650;42;27 300;0.00%
27/03/2012;665;665;665;665;225;149 625;2.31%
28/03/2012;675;675;675;675;14;9 450;1.50%
29/03/2012;690;690;690;690;185;127 650;2.22%
30/03/2012;740;740;740;740;53;39 220;7.25%
03/04/2012;849;849;849;849;39;33 111;7.47%
04/04/2012;849;849;849;849;16;13 584;0.00%
05/04/2012;820;820;820;820;89;72 980;-3.42%
06/04/2012;825;825;825;825;12;9 900;0.61%
10/04/2012;820;820;820;820;40;32 800;-0.61%
11/04/2012;826;826;826;826;995;821 870;0.73%
12/04/2012;826;826;826;826;59;48 734;0.00%
13/04/2012;831;831;831;831;117;97 227;0.61%
16/04/2012;820;820;820;820;1 117;915 940;-1.32%
18/04/2012;750;750;750;750;583;437 250;-8.54%
19/04/2012;750;750;750;750;502;376 500;0.00%
20/04/2012;740;740;740;740;32;23 680;-1.33%
23/04/2012;730;730;730;730;23;16 790;-1.35%
24/04/2012;730;730;730;730;21;15 330;0.00%
25/04/2012;700;700;700;700;52;36 400;-4.11%
26/04/2012;690;690;690;690;63;43 470;-1.43%
30/04/2012;690;690;690;690;80;55 200;0.00%
03/05/2012;680;680;680;680;25;17 000;-1.45%
04/05/2012;680;680;680;680;39;26 520;0.00%
07/05/2012;680;680;680;680;16;10 880;0.00%
21/05/2012;695;695;695;695;120;83 400;2.21%
22/05/2012;680;680;680;680;8;5 440;-2.16%
23/05/2012;680;680;680;680;5;3 400;0.00%
24/05/2012;680;680;680;680;5;3 400;0.00%
25/05/2012;680;680;680;680;20;13 600;0.00%
31/05/2012;680;680;680;680;46;31 280;0.00%
04/06/2012;680;680;680;680;85;57 800;0.00%
05/06/2012;690;690;690;690;70;48 300;1.47%
06/06/2012;690;690;690;690;571;393 990;0.00%
12/06/2012;700;700;700;700;30;21 000;1.45%
13/06/2012;753;753;753;753;170;128 010;7.57%
14/06/2012;809;809;809;809;10;8 090;7.44%
15/06/2012;809;809;809;809;65;52 585;0.00%
19/06/2012;809;809;809;809;5;4 045;0.00%
20/06/2012;809;809;809;809;15;12 135;0.00%
21/06/2012;800;800;800;800;37;29 600;-1.11%
22/06/2012;800;800;800;800;30;24 000;0.00%
26/06/2012;750;750;750;750;10;7 500;-6.25%
27/06/2012;694;694;694;694;109;75 646;-7.47%
28/06/2012;700;700;700;700;20;14 000;0.86%
02/07/2012;740;740;740;740;269;199 060;0.00%
03/07/2012;740;740;740;740;74;54 760;0.00%
05/07/2012;740;740;740;740;75;55 500;0.00%
06/07/2012;740;740;740;740;175;129 500;0.00%
09/07/2012;740;740;740;740;25;18 500;0.00%
10/07/2012;740;740;740;740;12;8 880;0.00%
11/07/2012;740;740;740;740;18;13 320;0.00%
13/07/2012;740;740;740;740;2;1 480;0.00%
18/07/2012;740;740;740;740;13;9 620;0.00%
20/07/2012;740;740;740;740;9;6 660;0.00%
24/07/2012;740;740;740;740;55;40 700;0.00%
25/07/2012;740;740;740;740;20;14 800;0.00%
27/07/2012;740;740;740;740;5;3 700;0.00%
30/07/2012;700;700;700;700;17;11 900;-5.41%
01/08/2012;700;700;700;700;105;73 500;0.00%
09/08/2012;701;701;701;701;20;14 020;0.14%
10/08/2012;720;720;720;720;30;21 600;2.71%
14/08/2012;720;720;720;720;50;36 000;0.00%
16/08/2012;720;720;720;720;20;14 400;0.00%
28/08/2012;720;720;720;720;25;18 000;0.00%
29/08/2012;720;720;720;720;9;6 480;0.00%
30/08/2012;720;720;720;720;11;7 920;0.00%
31/08/2012;720;720;720;720;155;111 600;0.00%
04/09/2012;721;721;721;721;50;36 050;0.14%
05/09/2012;725;725;725;725;8;5 800;0.55%
06/09/2012;725;725;725;725;31;22 475;0.00%
07/09/2012;735;735;735;735;149;109 515;1.38%
10/09/2012;721;721;721;721;40;28 840;-1.90%
11/09/2012;722;722;722;722;50;36 100;0.14%
12/09/2012;730;730;730;730;10;7 300;1.11%
13/09/2012;730;730;730;730;121;88 330;0.00%
21/09/2012;780;780;780;780;20;15 600;6.85%
24/09/2012;800;800;800;800;18;14 400;2.56%
25/09/2012;800;800;800;800;19;15 200;0.00%
28/09/2012;740;740;740;740;18;13 320;0.00%
01/10/2012;740;740;740;740;5;3 700;0.00%
02/10/2012;740;740;740;740;1;740;0.00%
03/10/2012;740;740;740;740;5;3 700;0.00%
04/10/2012;740;740;740;740;180;133 200;0.00%
08/10/2012;750;750;750;750;57;42 750;1.35%
09/10/2012;700;700;700;700;45;31 500;-6.67%
10/10/2012;700;700;700;700;6;4 200;0.00%
11/10/2012;700;700;700;700;55;38 500;0.00%
18/10/2012;750;750;750;750;25;18 750;7.14%
19/10/2012;800;800;800;800;57;45 600;6.67%
23/10/2012;800;800;800;800;9;7 200;0.00%
24/10/2012;800;800;800;800;97;77 600;0.00%
25/10/2012;860;860;860;860;1 287;1 106 820;7.50%
29/10/2012;925;925;925;925;973;900 025;7.56%
30/10/2012;900;900;900;900;3 533;3 179 700;-2.70%
31/10/2012;905;905;905;905;806;729 430;0.56%
02/11/2012;905;905;905;905;534;483 270;0.00%
05/11/2012;973;973;973;973;46;44 758;7.51%
06/11/2012;980;980;980;980;900;882 000;0.72%
07/11/2012;1 000;1 000;1 000;1 000;193;193 000;2.04%
08/11/2012;1 075;1 075;1 075;1 075;266;285 950;7.50%
09/11/2012;1 100;1 100;1 100;1 100;263;289 300;2.33%
12/11/2012;1 100;1 100;1 100;1 100;66;72 600;0.00%
13/11/2012;1 050;1 050;1 050;1 050;34;35 700;-4.55%
14/11/2012;1 051;1 051;1 051;1 051;275;289 025;0.10%
16/11/2012;1 080;1 080;1 080;1 080;491;530 280;2.76%
19/11/2012;1 050;1 050;1 050;1 050;353;370 650;-2.78%
20/11/2012;1 050;1 050;1 050;1 050;20;21 000;0.00%
21/11/2012;1 000;1 000;1 000;1 000;55;55 000;-4.76%
23/11/2012;1 000;1 000;1 000;1 000;10;10 000;0.00%
26/11/2012;1 050;1 050;1 050;1 050;35;36 750;5.00%
27/11/2012;1 050;1 050;1 050;1 050;79;82 950;0.00%
30/11/2012;1 000;1 000;1 000;1 000;134;134 000;-4.76%
04/12/2012;1 000;1 000;1 000;1 000;109;109 000;0.00%
05/12/2012;1 000;1 000;1 000;1 000;63;63 000;0.00%
06/12/2012;995;995;995;995;252;250 740;-0.50%
11/12/2012;950;950;950;950;16;15 200;-4.52%
12/12/2012;950;950;950;950;55;52 250;0.00%
13/12/2012;995;995;995;995;81;80 595;4.74%
14/12/2012;950;950;950;950;44;41 800;-4.52%
17/12/2012;950;950;950;950;35;33 250;0.00%
18/12/2012;950;950;950;950;75;71 250;0.00%
19/12/2012;950;950;950;950;44;41 800;0.00%
24/12/2012;950;950;950;950;7;6 650;0.00%
28/12/2012;900;900;900;900;10;9 000;0.00%
31/12/2012;900;900;900;900;53;47 700;0.00%
02/01/2013;900;900;900;900;116;104 400;0.00%
03/01/2013;900;900;900;900;90;81 000;0.00%
04/01/2013;900;900;900;900;94;84 600;0.00%
07/01/2013;900;900;900;900;68;61 200;0.00%
08/01/2013;833;833;833;833;109;90 797;-7.44%
09/01/2013;800;800;800;800;86;68 800;-3.96%
10/01/2013;860;860;860;860;45;38 700;7.50%
11/01/2013;870;870;870;870;154;133 980;1.16%
14/01/2013;900;900;900;900;112;100 800;3.45%
15/01/2013;968;968;968;968;98;94 864;7.56%
16/01/2013;920;920;920;920;239;219 880;-4.96%
17/01/2013;900;900;900;900;56;50 400;-2.17%
18/01/2013;900;900;900;900;50;45 000;0.00%
23/01/2013;968;968;968;968;13;12 584;7.56%
25/01/2013;1 040;1 040;1 040;1 040;19;19 760;7.44%
28/01/2013;1 000;1 000;1 000;1 000;117;117 000;-3.85%
29/01/2013;1 000;1 000;1 000;1 000;49;49 000;0.00%
31/01/2013;950;950;950;950;1 000;950 000;-5.00%
01/02/2013;1 000;1 000;1 000;1 000;25;25 000;5.26%
06/02/2013;1 000;1 000;1 000;1 000;1;1 000;0.00%
07/02/2013;1 075;1 075;1 075;1 075;29;31 175;7.50%
08/02/2013;1 100;1 100;1 100;1 100;125;137 500;2.33%
11/02/2013;1 070;1 070;1 070;1 070;60;64 200;-2.73%
12/02/2013;1 099;1 099;1 099;1 099;10;10 990;2.71%
14/02/2013;1 090;1 090;1 090;1 090;39;42 510;-0.82%
18/02/2013;1 010;1 010;1 010;1 010;31;31 310;-7.34%
19/02/2013;1 010;1 010;1 010;1 010;25;25 250;0.00%
20/02/2013;1 050;1 050;1 050;1 050;143;150 150;3.96%
21/02/2013;1 100;1 100;1 100;1 100;71;78 100;4.76%
25/02/2013;1 100;1 100;1 100;1 100;22;24 200;0.00%
26/02/2013;1 070;1 070;1 070;1 070;117;125 190;-2.73%
27/02/2013;1 100;1 100;1 100;1 100;88;96 800;2.80%
28/02/2013;1 150;1 150;1 150;1 150;60;69 000;4.55%
01/03/2013;1 100;1 100;1 100;1 100;53;58 300;-4.35%
04/03/2013;1 060;1 060;1 060;1 060;12;12 720;-3.64%
05/03/2013;1 100;1 100;1 100;1 100;51;56 100;3.77%
07/03/2013;1 150;1 150;1 150;1 150;156;179 400;4.55%
08/03/2013;1 130;1 130;1 130;1 130;40;45 200;-1.74%
11/03/2013;1 100;1 100;1 100;1 100;120;132 000;-2.65%
12/03/2013;1 100;1 100;1 100;1 100;82;90 200;0.00%
13/03/2013;1 065;1 065;1 065;1 065;10;10 650;-3.18%
15/03/2013;1 065;1 065;1 065;1 065;50;53 250;0.00%
19/03/2013;1 140;1 140;1 140;1 140;20;22 800;7.04%
21/03/2013;1 065;1 065;1 065;1 065;8;8 520;-6.58%
22/03/2013;1 060;1 060;1 060;1 060;32;33 920;-0.47%
25/03/2013;1 060;1 060;1 060;1 060;203;215 180;0.00%
27/03/2013;1 060;1 060;1 060;1 060;80;84 800;0.00%
28/03/2013;1 060;1 060;1 060;1 060;109;115 540;0.00%
29/03/2013;1 062;1 062;1 062;1 062;330;350 460;0.19%
02/04/2013;1 061;1 061;1 061;1 061;100;106 100;-0.09%
03/04/2013;1 061;1 061;1 061;1 061;200;212 200;0.00%
04/04/2013;1 061;1 061;1 061;1 061;88;93 368;0.00%
05/04/2013;1 060;1 060;1 060;1 060;164;173 840;-0.09%
08/04/2013;1 000;1 000;1 000;1 000;445;445 000;-5.66%
09/04/2013;1 040;1 040;1 040;1 040;91;94 640;4.00%
15/04/2013;1 080;1 080;1 080;1 080;94;101 520;3.85%
24/04/2013;1 080;1 080;1 080;1 080;19;20 520;0.00%
26/04/2013;1 090;1 090;1 090;1 090;108;117 720;0.93%
29/04/2013;1 090;1 090;1 090;1 090;30;32 700;0.00%
30/04/2013;1 090;1 090;1 090;1 090;25;27 250;0.00%
06/05/2013;1 172;1 172;1 172;1 172;45;52 740;7.52%
07/05/2013;1 172;1 172;1 172;1 172;92;107 824;0.00%
08/05/2013;1 200;1 200;1 200;1 200;123;147 600;2.39%
10/05/2013;1 190;1 190;1 190;1 190;77;91 630;-0.83%
14/05/2013;1 190;1 190;1 190;1 190;63;74 970;0.00%
15/05/2013;1 120;1 120;1 120;1 120;30;33 600;-5.88%
17/05/2013;1 204;1 204;1 204;1 204;146;175 784;7.50%
21/05/2013;1 200;1 200;1 200;1 200;47;56 400;-0.33%
22/05/2013;1 200;1 200;1 200;1 200;393;471 600;0.00%
23/05/2013;1 210;1 210;1 210;1 210;580;701 800;0.83%
24/05/2013;1 300;1 300;1 300;1 300;40;52 000;7.44%
27/05/2013;1 398;1 398;1 398;1 398;778;1 087 644;7.54%
28/05/2013;1 395;1 395;1 395;1 395;155;216 225;-0.21%
29/05/2013;1 490;1 490;1 490;1 490;316;470 840;6.81%
30/05/2013;1 490;1 490;1 490;1 490;46;68 540;0.00%
31/05/2013;1 490;1 490;1 490;1 490;25;37 250;0.00%
06/06/2013;1 378;1 378;1 378;1 378;34;46 852;-7.52%
07/06/2013;1 378;1 378;1 378;1 378;83;114 374;0.00%
10/06/2013;1 301;1 301;1 301;1 301;15;19 515;-5.59%
11/06/2013;1 301;1 301;1 301;1 301;5;6 505;0.00%
12/06/2013;1 300;1 300;1 300;1 300;48;62 400;-0.08%
13/06/2013;1 300;1 300;1 300;1 300;5;6 500;0.00%
14/06/2013;1 300;1 300;1 300;1 300;1;1 300;0.00%
18/06/2013;1 275;1 275;1 275;1 275;36;45 900;-1.92%
19/06/2013;1 300;1 300;1 300;1 300;169;219 700;1.96%
20/06/2013;1 300;1 300;1 300;1 300;30;39 000;0.00%
21/06/2013;1 300;1 300;1 300;1 300;134;174 200;0.00%
25/06/2013;1 300;1 300;1 300;1 300;33;42 900;0.00%
27/06/2013;1 300;1 300;1 300;1 300;35;45 500;0.00%
02/07/2013;1 203;1 203;1 203;1 203;60;72 180;-7.46%
04/07/2013;1 205;1 205;1 205;1 205;60;72 300;0.17%
05/07/2013;1 205;1 205;1 205;1 205;111;133 755;0.00%
08/07/2013;1 200;1 200;1 200;1 200;25;30 000;-0.41%
09/07/2013;1 200;1 200;1 200;1 200;115;138 000;0.00%
10/07/2013;1 200;1 200;1 200;1 200;16;19 200;0.00%
11/07/2013;1 200;1 200;1 200;1 200;199;238 800;0.00%
12/07/2013;1 290;1 290;1 290;1 290;389;501 810;7.50%
15/07/2013;1 201;1 201;1 201;1 201;40;48 040;-6.90%
16/07/2013;1 202;1 202;1 202;1 202;25;30 050;0.08%
18/07/2013;1 202;1 202;1 202;1 202;56;67 312;0.00%
19/07/2013;1 290;1 290;1 290;1 290;37;47 730;7.32%
22/07/2013;1 250;1 250;1 250;1 250;181;226 250;-3.10%
23/07/2013;1 250;1 250;1 250;1 250;18;22 500;0.00%
25/07/2013;1 200;1 200;1 200;1 200;228;273 600;-4.00%
29/07/2013;1 200;1 200;1 200;1 200;2;2 400;0.00%
30/07/2013;1 200;1 200;1 200;1 200;62;74 400;0.00%
31/07/2013;1 200;1 200;1 200;1 200;40;48 000;0.00%
02/08/2013;1 201;1 201;1 201;1 201;18;21 618;0.08%
05/08/2013;1 201;1 201;1 201;1 201;13;15 613;0.00%
06/08/2013;1 201;1 201;1 201;1 201;77;92 477;0.00%
09/08/2013;1 250;1 250;1 250;1 250;58;72 500;4.08%
13/08/2013;1 200;1 200;1 200;1 200;71;85 200;-4.00%
14/08/2013;1 200;1 200;1 200;1 200;114;136 800;0.00%
16/08/2013;1 200;1 200;1 200;1 200;213;255 600;0.00%
19/08/2013;1 220;1 220;1 220;1 220;120;146 400;1.67%
20/08/2013;1 219;1 219;1 219;1 219;61;74 359;-0.08%
21/08/2013;1 200;1 200;1 200;1 200;59;70 800;-1.56%
22/08/2013;1 220;1 220;1 220;1 220;12;14 640;1.67%
23/08/2013;1 200;1 200;1 200;1 200;225;270 000;-1.64%
26/08/2013;1 220;1 220;1 220;1 220;40;48 800;1.67%
27/08/2013;1 221;1 221;1 221;1 221;20;24 420;0.08%
28/08/2013;1 200;1 200;1 200;1 200;80;96 000;-1.72%
29/08/2013;1 250;1 250;1 250;1 250;10;12 500;4.17%
02/09/2013;1 251;1 251;1 251;1 251;52;65 052;0.08%
03/09/2013;1 251;1 251;1 251;1 251;19;23 769;0.00%
05/09/2013;1 251;1 251;1 251;1 251;12;15 012;0.00%
06/09/2013;1 253;1 253;1 253;1 253;50;62 650;0.16%
10/09/2013;1 300;1 300;1 300;1 300;110;143 000;3.75%
11/09/2013;1 300;1 300;1 300;1 300;76;98 800;0.00%
12/09/2013;1 300;1 300;1 300;1 300;30;39 000;0.00%
13/09/2013;1 300;1 300;1 300;1 300;51;66 300;0.00%
16/09/2013;1 300;1 300;1 300;1 300;117;152 100;0.00%
17/09/2013;1 251;1 251;1 251;1 251;30;37 530;-3.77%
18/09/2013;1 250;1 250;1 250;1 250;25;31 250;-0.08%
19/09/2013;1 250;1 250;1 250;1 250;359;448 750;0.00%
24/09/2013;1 251;1 251;1 251;1 251;71;88 821;0.00%
25/09/2013;1 299;1 299;1 299;1 299;53;68 847;3.84%
26/09/2013;1 270;1 270;1 270;1 270;92;116 840;-2.23%
27/09/2013;1 270;1 270;1 270;1 270;1;1 270;0.00%
30/09/2013;1 299;1 299;1 299;1 299;18;23 382;2.28%
01/10/2013;1 270;1 270;1 270;1 270;3;3 810;-2.23%
03/10/2013;1 299;1 299;1 299;1 299;60;77 940;2.28%
04/10/2013;1 299;1 299;1 299;1 299;8;10 392;0.00%
07/10/2013;1 300;1 300;1 300;1 300;200;260 000;0.08%
08/10/2013;1 300;1 300;1 300;1 300;1;1 300;0.00%
09/10/2013;1 300;1 300;1 300;1 300;25;32 500;0.00%
10/10/2013;1 300;1 300;1 300;1 300;45;58 500;0.00%
14/10/2013;1 290;1 290;1 290;1 290;84;108 360;-0.77%
16/10/2013;1 270;1 270;1 270;1 270;34;43 180;-1.55%
17/10/2013;1 300;1 300;1 300;1 300;30;39 000;2.36%
18/10/2013;1 261;1 261;1 261;1 261;33;41 613;-3.00%
21/10/2013;1 270;1 270;1 270;1 270;34;43 180;0.71%
22/10/2013;1 270;1 270;1 270;1 270;52;66 040;0.00%
24/10/2013;1 350;1 350;1 350;1 350;12;16 200;6.30%
25/10/2013;1 301;1 301;1 301;1 301;48;62 448;-3.63%
28/10/2013;1 350;1 350;1 350;1 350;14;18 900;3.77%
29/10/2013;1 302;1 302;1 302;1 302;24;31 248;-3.56%
30/10/2013;1 310;1 310;1 310;1 310;3;3 930;0.61%
31/10/2013;1 310;1 310;1 310;1 310;92;120 520;0.00%
04/11/2013;1 300;1 300;1 300;1 300;36;46 800;-0.76%
05/11/2013;1 285;1 285;1 285;1 285;26;33 410;-1.15%
06/11/2013;1 251;1 251;1 251;1 251;18;22 518;-2.65%
07/11/2013;1 245;1 245;1 245;1 245;51;63 495;-0.48%
08/11/2013;1 245;1 245;1 245;1 245;11;13 695;0.00%
11/11/2013;1 300;1 300;1 300;1 300;707;919 100;4.42%
12/11/2013;1 300;1 300;1 300;1 300;2 044;2 657 200;0.00%
13/11/2013;1 301;1 301;1 301;1 301;152;197 752;0.08%
18/11/2013;1 301;1 301;1 301;1 301;205;266 705;0.00%
19/11/2013;1 301;1 301;1 301;1 301;20;26 020;0.00%
20/11/2013;1 301;1 301;1 301;1 301;18;23 418;0.00%
21/11/2013;1 301;1 301;1 301;1 301;14;18 214;0.00%
25/11/2013;1 310;1 310;1 310;1 310;2;2 620;0.69%
27/11/2013;1 300;1 300;1 300;1 300;1 390;1 807 000;-0.76%
28/11/2013;1 300;1 300;1 300;1 300;430;559 000;0.00%
29/11/2013;1 300;1 300;1 300;1 300;3;3 900;0.00%
02/12/2013;1 300;1 300;1 300;1 300;123;159 900;0.00%
03/12/2013;1 300;1 300;1 300;1 300;47;61 100;0.00%
04/12/2013;1 300;1 300;1 300;1 300;54;70 200;0.00%
05/12/2013;1 280;1 280;1 280;1 280;797;1 020 160;-1.54%
06/12/2013;1 300;1 300;1 300;1 300;6;7 800;1.56%
09/12/2013;1 300;1 300;1 300;1 300;42;54 600;0.00%
10/12/2013;1 290;1 290;1 290;1 290;27;34 830;-0.77%
11/12/2013;1 380;1 380;1 380;1 380;52;71 760;6.98%
12/12/2013;1 484;1 484;1 484;1 484;195;289 380;7.54%
13/12/2013;1 595;1 595;1 595;1 595;6;9 570;7.48%
16/12/2013;1 595;1 595;1 595;1 595;100;159 500;0.00%
17/12/2013;1 595;1 595;1 595;1 595;33;52 635;0.00%
19/12/2013;1 600;1 600;1 600;1 600;28;44 800;0.31%
20/12/2013;1 600;1 600;1 600;1 600;67;107 200;0.00%
31/12/2013;1 595;1 595;1 595;1 595;25;39 875;0.00%
03/01/2014;1 595;1 595;1 595;1 595;8;12 760;0.00%
07/01/2014;1 700;1 700;1 700;1 700;93;158 100;6.58%
08/01/2014;1 700;1 700;1 700;1 700;3;5 100;0.00%
09/01/2014;1 700;1 700;1 700;1 700;485;824 500;0.00%
10/01/2014;1 700;1 700;1 700;1 700;1 029;1 749 300;0.00%
14/01/2014;1 800;1 800;1 800;1 800;217;390 600;5.88%
16/01/2014;1 800;1 800;1 800;1 800;40;72 000;0.00%
17/01/2014;1 828;1 828;1 828;1 828;28;51 184;1.56%
20/01/2014;1 850;1 850;1 850;1 850;14;25 900;1.20%
21/01/2014;1 989;1 989;1 989;1 989;27;53 703;7.51%
22/01/2014;1 989;1 989;1 989;1 989;65;129 285;0.00%
23/01/2014;1 989;1 989;1 989;1 989;25;49 725;0.00%
24/01/2014;2 100;2 100;2 100;2 100;5;10 500;5.58%
27/01/2014;2 000;2 000;2 000;2 000;15;30 000;-4.76%
28/01/2014;2 000;2 000;2 000;2 000;55;110 000;0.00%
29/01/2014;2 100;2 100;2 100;2 100;87;182 700;5.00%
31/01/2014;2 050;2 050;2 050;2 050;2;4 100;-2.38%
03/02/2014;2 000;2 000;2 000;2 000;93;186 000;-2.44%
05/02/2014;2 050;2 050;2 050;2 050;58;118 900;2.50%
07/02/2014;2 100;2 100;2 100;2 100;55;115 500;2.44%
10/02/2014;2 100;2 100;2 100;2 100;10;21 000;0.00%
11/02/2014;2 100;2 100;2 100;2 100;45;94 500;0.00%
12/02/2014;2 100;2 100;2 100;2 100;44;92 400;0.00%
14/02/2014;2 142;2 142;2 142;2 142;30;64 260;2.00%
17/02/2014;2 050;2 050;2 050;2 050;226;463 300;-4.30%
18/02/2014;2 100;2 100;2 100;2 100;44;92 400;2.44%
19/02/2014;2 150;2 150;2 150;2 150;17;36 550;2.38%
20/02/2014;2 192;2 192;2 192;2 192;70;153 440;1.95%
21/02/2014;2 150;2 150;2 150;2 150;12;25 800;-1.92%
24/02/2014;2 150;2 150;2 150;2 150;51;109 650;0.00%
25/02/2014;2 145;2 145;2 145;2 145;5;10 725;-0.23%
26/02/2014;2 100;2 100;2 100;2 100;25;52 500;-2.10%
03/03/2014;2 100;2 100;2 100;2 100;27;56 700;0.00%
04/03/2014;2 100;2 100;2 100;2 100;18;37 800;0.00%
05/03/2014;2 100;2 100;2 100;2 100;44;92 400;0.00%
06/03/2014;2 100;2 100;2 100;2 100;30;63 000;0.00%
10/03/2014;2 100;2 100;2 100;2 100;12;25 200;0.00%
11/03/2014;2 050;2 050;2 050;2 050;16;32 800;-2.38%
14/03/2014;2 050;2 050;2 050;2 050;35;71 750;0.00%
17/03/2014;2 050;2 050;2 050;2 050;10;20 500;0.00%
18/03/2014;2 050;2 050;2 050;2 050;55;112 750;0.00%
19/03/2014;2 050;2 050;2 050;2 050;25;51 250;0.00%
20/03/2014;2 050;2 050;2 050;2 050;9;18 450;0.00%
26/03/2014;2 000;2 000;2 000;2 000;27;54 000;-2.44%
27/03/2014;2 000;2 000;2 000;2 000;40;80 000;0.00%
28/03/2014;2 000;2 000;2 000;2 000;35;70 000;0.00%
31/03/2014;1 999;1 999;1 999;1 999;15;29 985;-0.05%
01/04/2014;2 000;2 000;2 000;2 000;40;80 000;0.05%
03/04/2014;1 950;1 950;1 950;1 950;5;9 750;-2.50%
04/04/2014;1 955;1 955;1 955;1 955;15;29 325;0.26%
07/04/2014;1 900;1 900;1 900;1 900;4;7 600;-2.81%
08/04/2014;1 950;1 950;1 950;1 950;218;425 100;2.63%
11/04/2014;1 950;1 950;1 950;1 950;102;198 900;0.00%
14/04/2014;1 950;1 950;1 950;1 950;17;33 150;0.00%
15/04/2014;1 950;1 950;1 950;1 950;5;9 750;0.00%
16/04/2014;1 910;1 910;1 910;1 910;10;19 100;-2.05%
17/04/2014;1 910;1 910;1 910;1 910;10;19 100;0.00%
22/04/2014;1 945;1 945;1 945;1 945;5;9 725;1.83%
23/04/2014;1 900;1 900;1 900;1 900;2;3 800;-2.31%
24/04/2014;1 900;1 900;1 900;1 900;8;15 200;0.00%
25/04/2014;1 900;1 900;1 900;1 900;64;121 600;0.00%
28/04/2014;1 900;1 900;1 900;1 900;20;38 000;0.00%
29/04/2014;1 850;1 850;1 850;1 850;40;74 000;-2.63%
30/04/2014;1 850;1 850;1 850;1 850;25;46 250;0.00%
02/05/2014;1 820;1 820;1 820;1 820;17;30 940;-1.62%
06/05/2014;1 700;1 700;1 700;1 700;52;88 400;-6.59%
07/05/2014;1 700;1 700;1 700;1 700;33;56 100;0.00%
08/05/2014;1 700;1 700;1 700;1 700;56;95 200;0.00%
09/05/2014;1 700;1 700;1 700;1 700;7;11 900;0.00%
12/05/2014;1 700;1 700;1 700;1 700;1;1 700;0.00%
13/05/2014;1 650;1 650;1 650;1 650;10;16 500;-2.94%
14/05/2014;1 641;1 641;1 641;1 641;39;63 999;-0.55%
15/05/2014;1 700;1 700;1 700;1 700;15;25 500;3.60%
16/05/2014;1 700;1 700;1 700;1 700;1;1 700;0.00%
19/05/2014;1 650;1 650;1 650;1 650;10;16 500;-2.94%
20/05/2014;1 700;1 700;1 700;1 700;25;42 500;3.03%
21/05/2014;1 690;1 690;1 690;1 690;45;76 050;-0.59%
23/05/2014;1 689;1 689;1 689;1 689;42;70 938;-0.06%
27/05/2014;1 688;1 688;1 688;1 688;127;214 376;-0.06%
28/05/2014;1 689;1 689;1 689;1 689;25;42 225;0.06%
30/05/2014;1 689;1 689;1 689;1 689;138;233 082;0.00%
02/06/2014;1 689;1 689;1 689;1 689;2;3 378;0.00%
03/06/2014;1 680;1 680;1 680;1 680;14;23 520;-0.53%
04/06/2014;1 680;1 680;1 680;1 680;15;25 200;0.00%
05/06/2014;1 670;1 670;1 670;1 670;102;170 340;-0.60%
06/06/2014;1 670;1 670;1 670;1 670;1;1 670;0.00%
10/06/2014;1 670;1 670;1 670;1 670;33;55 110;0.00%
11/06/2014;1 750;1 750;1 750;1 750;706;1 235 500;4.79%
12/06/2014;1 800;1 800;1 800;1 800;13;23 400;2.86%
13/06/2014;1 800;1 800;1 800;1 800;50;90 000;0.00%
16/06/2014;1 935;1 935;1 935;1 935;4;7 740;7.50%
17/06/2014;1 950;1 950;1 950;1 950;16;31 200;0.78%
18/06/2014;1 804;1 804;1 804;1 804;144;259 776;-7.49%
20/06/2014;1 804;1 804;1 804;1 804;30;54 120;0.00%
23/06/2014;1 850;1 850;1 850;1 850;5;9 250;2.55%
24/06/2014;1 900;1 900;1 900;1 900;28;53 200;2.70%
25/06/2014;1 950;1 950;1 950;1 950;113;220 350;2.63%
26/06/2014;1 950;1 950;1 950;1 950;2;3 900;0.00%
30/06/2014;1 950;1 950;1 950;1 950;156;304 200;0.00%
01/07/2014;1 950;1 950;1 950;1 950;50;97 500;0.00%
04/07/2014;1 880;1 880;1 880;1 880;13;24 440;-3.59%
07/07/2014;1 780;1 780;1 780;1 780;10;17 800;-5.32%
08/07/2014;1 845;1 845;1 845;1 845;22;40 590;3.65%
09/07/2014;1 845;1 845;1 845;1 845;1;1 845;0.00%
10/07/2014;1 840;1 840;1 840;1 840;10;18 400;-0.27%
15/07/2014;1 780;1 780;1 780;1 780;35;62 300;-3.26%
16/07/2014;1 800;1 800;1 800;1 800;54;97 200;1.12%
17/07/2014;1 800;1 800;1 800;1 800;36;64 800;0.00%
18/07/2014;1 800;1 800;1 800;1 800;8;14 400;0.00%
21/07/2014;1 799;1 799;1 799;1 799;7;12 593;-0.06%
22/07/2014;1 780;1 780;1 780;1 780;6;10 680;-1.06%
25/07/2014;1 740;1 740;1 740;1 740;21;36 540;-2.25%
29/07/2014;1 610;1 610;1 610;1 610;103;165 830;-7.47%
30/07/2014;1 600;1 600;1 600;1 600;25;40 000;-0.62%
31/07/2014;1 600;1 600;1 600;1 600;85;136 000;0.00%
01/08/2014;1 600;1 600;1 600;1 600;420;672 000;0.00%
04/08/2014;1 601;1 601;1 601;1 601;88;140 888;0.06%
08/08/2014;1 650;1 650;1 650;1 650;15;24 750;3.06%
11/08/2014;1 650;1 650;1 650;1 650;60;99 000;0.00%
13/08/2014;1 735;1 735;1 735;1 735;57;98 895;5.15%
14/08/2014;1 735;1 735;1 735;1 735;4;6 940;0.00%
18/08/2014;1 780;1 780;1 780;1 780;400;712 000;2.59%
19/08/2014;1 750;1 750;1 750;1 750;230;402 500;-1.69%
20/08/2014;1 781;1 781;1 781;1 781;15;26 715;1.77%
21/08/2014;1 780;1 780;1 780;1 780;120;213 600;-0.06%
25/08/2014;1 900;1 900;1 900;1 900;28;53 200;6.74%
26/08/2014;1 950;1 950;1 950;1 950;518;1 010 100;2.63%
27/08/2014;1 950;1 950;1 950;1 950;3 513;6 850 350;0.00%
28/08/2014;1 950;1 950;1 950;1 950;5;9 750;0.00%
29/08/2014;1 950;1 950;1 950;1 950;22;42 900;0.00%
01/09/2014;1 900;1 900;1 900;1 900;19;36 100;-2.56%
02/09/2014;1 900;1 900;1 900;1 900;138;262 200;0.00%
03/09/2014;1 900;1 900;1 900;1 900;38;72 200;0.00%
04/09/2014;1 850;1 850;1 850;1 850;50;92 500;-2.63%
05/09/2014;1 890;1 890;1 890;1 890;68;128 520;2.16%
08/09/2014;1 800;1 800;1 800;1 800;20;36 000;-4.76%
09/09/2014;1 781;1 781;1 781;1 781;24;42 744;-1.06%
10/09/2014;1 800;1 800;1 800;1 800;26;46 800;1.07%
11/09/2014;1 700;1 700;1 700;1 700;46;78 200;-5.56%
12/09/2014;1 750;1 750;1 750;1 750;200;350 000;2.94%
15/09/2014;1 750;1 750;1 750;1 750;52;91 000;0.00%
16/09/2014;1 750;1 750;1 750;1 750;59;103 250;0.00%
18/09/2014;1 800;1 800;1 800;1 800;207;372 600;2.86%
19/09/2014;1 800;1 800;1 800;1 800;35;63 000;0.00%
22/09/2014;1 801;1 801;1 801;1 801;140;252 140;0.06%
23/09/2014;1 900;1 900;1 900;1 900;15;28 500;5.50%
24/09/2014;1 850;1 850;1 850;1 850;45;83 250;-2.63%
25/09/2014;1 810;1 810;1 810;1 810;170;307 700;-2.16%
26/09/2014;1 900;1 900;1 900;1 900;20;38 000;4.97%
29/09/2014;1 800;1 800;1 800;1 800;15;27 000;-5.26%
30/09/2014;1 800;1 800;1 800;1 800;5;9 000;0.00%
01/10/2014;1 815;1 815;1 815;1 815;10;18 150;0.83%
02/10/2014;1 800;1 800;1 800;1 800;201;361 800;-0.83%
03/10/2014;1 800;1 800;1 800;1 800;226;406 800;0.00%
06/10/2014;1 800;1 800;1 800;1 800;16;28 800;0.00%
08/10/2014;1 836;1 836;1 836;1 836;14;25 704;2.00%
09/10/2014;1 800;1 800;1 800;1 800;118;212 400;-1.96%
10/10/2014;1 760;1 760;1 760;1 760;44;77 440;-2.22%
13/10/2014;1 730;1 730;1 730;1 730;22;38 060;-1.70%
15/10/2014;1 700;1 700;1 700;1 700;73;124 100;-1.73%
17/10/2014;1 700;1 700;1 700;1 700;95;161 500;0.00%
21/10/2014;1 700;1 700;1 700;1 700;10;17 000;0.00%
22/10/2014;1 690;1 690;1 690;1 690;8;13 520;-0.59%
23/10/2014;1 564;1 564;1 564;1 564;8;12 512;-7.46%
27/10/2014;1 565;1 565;1 565;1 565;100;156 500;0.06%
29/10/2014;1 565;1 565;1 565;1 565;48;75 120;0.00%
30/10/2014;1 565;1 565;1 565;1 565;73;114 245;0.00%
31/10/2014;1 565;1 565;1 565;1 565;50;78 250;0.00%
03/11/2014;1 565;1 565;1 565;1 565;10;15 650;0.00%
04/11/2014;1 682;1 682;1 682;1 682;257;432 274;7.48%
07/11/2014;1 680;1 680;1 680;1 680;5;8 400;-0.12%
11/11/2014;1 700;1 700;1 700;1 700;32;54 400;1.19%
12/11/2014;1 700;1 700;1 700;1 700;20;34 000;0.00%
13/11/2014;1 750;1 750;1 750;1 750;101;176 750;2.94%
14/11/2014;1 750;1 750;1 750;1 750;12;21 000;0.00%
18/11/2014;1 740;1 740;1 740;1 740;12;20 880;-0.57%
20/11/2014;1 750;1 750;1 750;1 750;81;141 750;0.57%
21/11/2014;1 830;1 830;1 830;1 830;20;36 600;4.57%
26/11/2014;1 755;1 755;1 755;1 755;25;43 875;-4.10%
27/11/2014;1 750;1 750;1 750;1 750;36;63 000;-0.28%
28/11/2014;1 751;1 751;1 751;1 751;62;108 562;0.06%
01/12/2014;1 751;1 751;1 751;1 751;30;52 530;0.00%
02/12/2014;1 751;1 751;1 751;1 751;65;113 815;0.00%
03/12/2014;1 752;1 752;1 752;1 752;29;50 808;0.06%
04/12/2014;1 752;1 752;1 752;1 752;22;38 544;0.00%
09/12/2014;1 760;1 760;1 760;1 760;124;218 240;0.46%
10/12/2014;1 760;1 760;1 760;1 760;6;10 560;0.00%
11/12/2014;1 760;1 760;1 760;1 760;50;88 000;0.00%
12/12/2014;1 760;1 760;1 760;1 760;70;123 200;0.00%
15/12/2014;1 760;1 760;1 760;1 760;45;79 200;0.00%
17/12/2014;1 760;1 760;1 760;1 760;13;22 880;0.57%
18/12/2014;1 750;1 750;1 750;1 750;83;145 250;-0.57%
22/12/2014;1 700;1 700;1 700;1 700;32;54 400;-2.86%
23/12/2014;1 700;1 700;1 700;1 700;5;8 500;0.00%
24/12/2014;1 701;1 701;1 701;1 701;2;3 402;0.06%
25/12/2014;1 701;1 701;1 701;1 701;20;34 020;0.00%
26/12/2014;1 760;1 760;1 760;1 760;6;10 560;3.47%
30/12/2014;1 700;1 700;1 700;1 700;26;44 200;-3.41%
02/01/2015;1 700;1 700;1 700;1 700;11;18 700;0.00%
06/01/2015;1 666;1 666;1 666;1 666;5;8 330;-2.00%
07/01/2015;1 700;1 700;1 700;1 700;70;119 000;2.04%
08/01/2015;1 670;1 670;1 670;1 670;569;950 230;-1.76%
09/01/2015;1 670;1 670;1 670;1 670;168;280 560;0.00%
12/01/2015;1 675;1 675;1 675;1 675;15;25 125;0.30%
13/01/2015;1 676;1 676;1 676;1 676;217;363 692;0.06%
14/01/2015;1 800;1 800;1 800;1 800;3;5 400;7.40%
15/01/2015;1 935;1 935;1 935;1 935;193;373 455;7.50%
16/01/2015;2 080;2 080;2 080;2 080;27;56 160;7.49%
19/01/2015;2 111;2 111;2 111;2 111;421;888 731;1.49%
20/01/2015;2 080;2 080;2 080;2 080;14;29 120;-1.47%
22/01/2015;2 000;2 000;2 000;2 000;42;84 000;-3.85%
23/01/2015;2 000;2 000;2 000;2 000;22;44 000;0.00%
26/01/2015;1 950;1 950;1 950;1 950;33;64 350;-2.50%
27/01/2015;1 960;1 960;1 960;1 960;124;243 040;0.51%
28/01/2015;2 079;2 079;2 079;2 079;463;962 577;6.07%
29/01/2015;2 235;2 235;2 235;2 235;305;681 675;7.50%
30/01/2015;2 400;2 400;2 400;2 400;493;1 183 200;7.38%
02/02/2015;2 500;2 500;2 500;2 500;237;592 500;4.17%
03/02/2015;2 500;2 500;2 500;2 500;86;215 000;0.00%
04/02/2015;2 500;2 500;2 500;2 500;350;875 000;0.00%
06/02/2015;2 445;2 445;2 445;2 445;867;2 119 815;-2.20%
09/02/2015;2 445;2 445;2 445;2 445;8 670;21 198 150;0.00%
10/02/2015;2 450;2 450;2 450;2 450;131;320 950;0.20%
12/02/2015;2 450;2 450;2 450;2 450;479;1 173 550;0.00%
13/02/2015;2 450;2 450;2 450;2 450;21;51 450;0.00%
16/02/2015;2 400;2 400;2 400;2 400;51;122 400;-2.04%
17/02/2015;2 440;2 440;2 440;2 440;33;80 520;1.67%
18/02/2015;2 440;2 440;2 440;2 440;4;9 760;0.00%
19/02/2015;2 400;2 400;2 400;2 400;64;153 600;-1.64%
20/02/2015;2 400;2 400;2 400;2 400;6;14 400;0.00%
23/02/2015;2 300;2 300;2 300;2 300;108;248 400;-4.17%
24/02/2015;2 300;2 300;2 300;2 300;43;98 900;0.00%
25/02/2015;2 450;2 450;2 450;2 450;92;225 400;6.52%
26/02/2015;2 634;2 634;2 634;2 634;170;447 780;7.51%
27/02/2015;2 600;2 600;2 600;2 600;10;26 000;-1.29%
02/03/2015;2 451;2 451;2 451;2 451;42;102 942;-5.73%
03/03/2015;2 451;2 451;2 451;2 451;53;129 903;0.00%
04/03/2015;2 450;2 450;2 450;2 450;22;53 900;-0.04%
05/03/2015;2 450;2 450;2 450;2 450;13;31 850;0.00%
06/03/2015;2 450;2 450;2 450;2 450;84;205 800;0.00%
11/03/2015;2 630;2 630;2 630;2 630;5;13 150;7.35%
12/03/2015;2 440;2 440;2 440;2 440;15;36 600;-7.22%
13/03/2015;2 351;2 351;2 351;2 351;3 168;7 447 968;-3.65%
17/03/2015;2 350;2 350;2 350;2 350;27;63 450;0.00%
18/03/2015;2 350;2 350;2 350;2 350;13;30 550;0.00%
19/03/2015;2 400;2 400;2 400;2 400;8;19 200;2.13%
20/03/2015;2 350;2 350;2 350;2 350;26;61 100;-2.08%
24/03/2015;2 299;2 299;2 299;2 299;25;57 475;-2.17%
25/03/2015;2 250;2 250;2 250;2 250;53;119 250;-2.13%
26/03/2015;2 250;2 250;2 250;2 250;13;29 250;0.00%
27/03/2015;2 289;2 289;2 289;2 289;39;89 271;1.73%
30/03/2015;2 300;2 300;2 300;2 300;218;501 400;0.48%
31/03/2015;2 293;2 293;2 293;2 293;15;34 395;-0.30%
01/04/2015;2 290;2 290;2 290;2 290;77;176 330;-0.13%
02/04/2015;2 280;2 280;2 280;2 280;160;364 800;-0.44%
03/04/2015;2 280;2 280;2 280;2 280;51;116 280;0.00%
06/04/2015;2 280;2 280;2 280;2 280;510;1 162 800;0.00%
07/04/2015;2 280;2 280;2 280;2 280;92;209 760;0.00%
08/04/2015;2 280;2 280;2 280;2 280;6;13 680;0.00%
09/04/2015;2 270;2 270;2 270;2 270;120;272 400;-0.44%
10/04/2015;2 265;2 265;2 265;2 265;38;86 070;-0.22%
13/04/2015;2 268;2 268;2 268;2 268;56;127 008;0.13%
14/04/2015;2 265;2 265;2 265;2 265;1 769;4 006 785;-0.13%
15/04/2015;2 300;2 300;2 300;2 300;20;46 000;1.55%
16/04/2015;2 300;2 300;2 300;2 300;42;96 600;0.00%
21/04/2015;2 316;2 316;2 316;2 316;15;34 740;0.70%
23/04/2015;2 320;2 320;2 320;2 320;15;34 800;0.17%
24/04/2015;2 350;2 350;2 350;2 350;100;235 000;1.29%
27/04/2015;2 350;2 350;2 350;2 350;247;580 450;0.00%
29/04/2015;2 350;2 350;2 350;2 350;39;91 650;0.00%
30/04/2015;2 350;2 350;2 350;2 350;20;47 000;0.00%
05/05/2015;2 350;2 350;2 350;2 350;10;23 500;0.00%
06/05/2015;2 350;2 350;2 350;2 350;39;91 650;0.00%
07/05/2015;2 350;2 350;2 350;2 350;184;432 400;0.00%
11/05/2015;2 305;2 305;2 305;2 305;21;48 405;-1.91%
12/05/2015;2 270;2 270;2 270;2 270;50;113 500;-1.52%
13/05/2015;2 280;2 280;2 280;2 280;50;114 000;0.44%
14/05/2015;2 280;2 280;2 280;2 280;500;1 140 000;0.00%
15/05/2015;2 293;2 293;2 293;2 293;243;557 199;0.57%
18/05/2015;2 290;2 290;2 290;2 290;39;89 310;-0.13%
19/05/2015;2 270;2 270;2 270;2 270;65;147 550;-0.87%
20/05/2015;2 263;2 263;2 263;2 263;3;6 789;-0.31%
26/05/2015;2 250;2 250;2 250;2 250;82;184 500;-0.57%
27/05/2015;2 082;2 082;2 082;2 082;42;87 444;-7.47%
28/05/2015;2 080;2 080;2 080;2 080;27;56 160;-0.10%
29/05/2015;2 000;2 000;2 000;2 000;64;128 000;-3.85%
01/06/2015;1 950;1 950;1 950;1 950;3;5 850;-2.50%
02/06/2015;1 950;1 950;1 950;1 950;105;204 750;0.00%
04/06/2015;1 940;1 940;1 940;1 940;50;97 000;-0.51%
05/06/2015;1 900;1 900;1 900;1 900;10;19 000;-2.06%
10/06/2015;1 900;1 900;1 900;1 900;50;95 000;0.00%
11/06/2015;1 900;1 900;1 900;1 900;34;64 600;0.00%
12/06/2015;1 900;1 900;1 900;1 900;50;95 000;0.00%
16/06/2015;1 940;1 940;1 940;1 940;113;219 220;0.00%
17/06/2015;1 940;1 940;1 940;1 940;1;1 940;0.00%
18/06/2015;1 900;1 900;1 900;1 900;753;1 430 700;-2.06%
19/06/2015;1 760;1 760;1 760;1 760;764;1 344 640;-7.37%
22/06/2015;1 760;1 760;1 760;1 760;5;8 800;0.00%
23/06/2015;1 760;1 760;1 760;1 760;25;44 000;0.00%
24/06/2015;1 760;1 760;1 760;1 760;50;88 000;0.00%
25/06/2015;1 760;1 760;1 760;1 760;7;12 320;0.00%
26/06/2015;1 760;1 760;1 760;1 760;17;29 920;0.00%
29/06/2015;1 850;1 850;1 850;1 850;107;197 950;5.11%
30/06/2015;1 901;1 901;1 901;1 901;27;51 327;2.76%
01/07/2015;1 930;1 930;1 930;1 930;167;322 310;1.53%
02/07/2015;1 930;1 930;1 930;1 930;25;48 250;0.00%
03/07/2015;1 930;1 930;1 930;1 930;55;106 150;0.00%
06/07/2015;1 930;1 930;1 930;1 930;32;61 760;0.00%
07/07/2015;1 900;1 900;1 900;1 900;522;991 800;-1.55%
08/07/2015;1 900;1 900;1 900;1 900;85;161 500;0.00%
09/07/2015;1 900;1 900;1 900;1 900;8;15 200;0.00%
10/07/2015;1 911;1 911;1 911;1 911;37;70 707;0.58%
13/07/2015;1 911;1 911;1 911;1 911;139;265 629;0.00%
14/07/2015;1 911;1 911;1 911;1 911;1 390;2 656 290;0.00%
16/07/2015;2 040;2 040;2 040;2 040;260;530 400;6.75%
17/07/2015;2 040;2 040;2 040;2 040;2 600;5 304 000;0.00%
20/07/2015;2 000;2 000;2 000;2 000;90;180 000;-1.96%
21/07/2015;2 001;2 001;2 001;2 001;55;110 055;0.05%
22/07/2015;2 010;2 010;2 010;2 010;35;70 350;0.45%
23/07/2015;2 000;2 000;2 000;2 000;12;24 000;-0.50%
24/07/2015;2 000;2 000;2 000;2 000;11;22 000;0.00%
27/07/2015;2 028;2 028;2 028;2 028;25;50 700;1.40%
28/07/2015;2 150;2 150;2 150;2 150;10;21 500;6.02%
29/07/2015;2 028;2 028;2 028;2 028;137;277 836;-5.67%
30/07/2015;2 100;2 100;2 100;2 100;34;71 400;3.55%
31/07/2015;2 258;2 258;2 258;2 258;13;29 354;7.52%
03/08/2015;2 300;2 300;2 300;2 300;51;117 300;1.86%
04/08/2015;2 310;2 310;2 310;2 310;96;221 760;0.43%
05/08/2015;2 300;2 300;2 300;2 300;43;98 900;-0.43%
06/08/2015;2 280;2 280;2 280;2 280;129;294 120;-0.87%
07/08/2015;2 280;2 280;2 280;2 280;1 290;2 941 200;0.00%
10/08/2015;2 280;2 280;2 280;2 280;5 505;12 551 400;0.00%
12/08/2015;2 200;2 200;2 200;2 200;4;8 800;-3.51%
13/08/2015;2 100;2 100;2 100;2 100;22;46 200;-4.55%
14/08/2015;2 050;2 050;2 050;2 050;6;12 300;-2.38%
17/08/2015;2 050;2 050;2 050;2 050;7;14 350;0.00%
19/08/2015;2 050;2 050;2 050;2 050;27;55 350;0.00%
20/08/2015;2 050;2 050;2 050;2 050;100;205 000;0.00%
21/08/2015;2 050;2 050;2 050;2 050;131;268 550;0.00%
24/08/2015;2 001;2 001;2 001;2 001;69;138 069;-2.39%
25/08/2015;2 050;2 050;2 050;2 050;177;362 850;2.45%
26/08/2015;2 050;2 050;2 050;2 050;113;231 650;0.00%
27/08/2015;1 920;1 920;1 920;1 920;877;1 683 840;-6.34%
31/08/2015;2 000;2 000;2 000;2 000;113;226 000;4.17%
01/09/2015;2 000;2 000;2 000;2 000;71;142 000;0.00%
02/09/2015;2 050;2 050;2 050;2 050;91;186 550;2.50%
03/09/2015;2 050;2 050;2 050;2 050;222;455 100;0.00%
04/09/2015;2 050;2 050;2 050;2 050;20;41 000;0.00%
07/09/2015;2 050;2 050;2 050;2 050;102;209 100;0.00%
08/09/2015;2 050;2 050;2 050;2 050;20;41 000;0.00%
09/09/2015;2 050;2 050;2 050;2 050;60;123 000;0.00%
10/09/2015;2 050;2 050;2 050;2 050;65;133 250;0.00%
15/09/2015;2 050;2 050;2 050;2 050;9;18 450;-5.09%
16/09/2015;2 160;2 160;2 160;2 160;34;73 440;5.37%
17/09/2015;2 150;2 150;2 150;2 150;3;6 450;-0.46%
22/09/2015;2 150;2 150;2 150;2 150;4;8 600;0.00%
23/09/2015;2 050;2 050;2 050;2 050;12;24 600;-4.65%
24/09/2015;2 050;2 050;2 050;2 050;120;246 000;0.00%
25/09/2015;2 050;2 050;2 050;2 050;10;20 500;0.00%
28/09/2015;1 950;1 950;1 950;1 950;127;247 650;-4.88%
29/09/2015;2 050;2 050;2 050;2 050;10;20 500;5.13%
30/09/2015;2 050;2 050;2 050;2 050;195;399 750;0.00%
01/10/2015;2 050;2 050;2 050;2 050;10;20 500;0.00%
02/10/2015;2 050;2 050;2 050;2 050;27;55 350;0.00%
05/10/2015;2 050;2 050;2 050;2 050;214;438 700;0.00%
06/10/2015;2 100;2 100;2 100;2 100;28;58 800;2.44%
07/10/2015;2 100;2 100;2 100;2 100;50;105 000;0.00%
09/10/2015;2 100;2 100;2 100;2 100;113;237 300;0.00%
12/10/2015;2 100;2 100;2 100;2 100;20;42 000;0.00%
13/10/2015;2 050;2 050;2 050;2 050;149;305 450;-2.38%
14/10/2015;2 100;2 100;2 100;2 100;140;294 000;2.44%
16/10/2015;2 100;2 100;2 100;2 100;316;663 600;0.00%
19/10/2015;2 100;2 100;2 100;2 100;10;21 000;0.00%
21/10/2015;2 200;2 200;2 200;2 200;117;257 400;4.76%
22/10/2015;2 190;2 190;2 190;2 190;70;153 300;-0.45%
23/10/2015;2 200;2 200;2 200;2 200;9;19 800;0.46%
26/10/2015;2 200;2 200;2 200;2 200;3;6 600;0.00%
27/10/2015;2 035;2 035;2 035;2 035;6;12 210;-7.50%
28/10/2015;2 035;2 035;2 035;2 035;1;2 035;0.00%
29/10/2015;2 010;2 010;2 010;2 010;111;223 110;-1.23%
02/11/2015;1 940;1 940;1 940;1 940;9;17 460;-3.48%
03/11/2015;1 960;1 960;1 960;1 960;60;117 600;1.03%
04/11/2015;1 940;1 940;1 940;1 940;55;106 700;-1.02%
06/11/2015;2 000;2 000;2 000;2 000;84;168 000;3.09%
09/11/2015;2 000;2 000;2 000;2 000;16;32 000;0.00%
10/11/2015;2 000;2 000;2 000;2 000;24;48 000;0.00%
11/11/2015;2 000;2 000;2 000;2 000;5;10 000;0.00%
12/11/2015;2 000;2 000;2 000;2 000;2;4 000;0.00%
13/11/2015;1 940;1 940;1 940;1 940;100;194 000;-3.00%
16/11/2015;2 000;2 000;2 000;2 000;50;100 000;3.09%
17/11/2015;2 000;2 000;2 000;2 000;101;202 000;0.00%
18/11/2015;2 000;2 000;2 000;2 000;3;6 000;0.00%
19/11/2015;2 000;2 000;2 000;2 000;92;184 000;0.00%
20/11/2015;2 000;2 000;2 000;2 000;72;144 000;0.00%
23/11/2015;2 000;2 000;2 000;2 000;5;10 000;0.00%
24/11/2015;2 000;2 000;2 000;2 000;2;4 000;0.00%
25/11/2015;2 050;2 050;2 050;2 050;8;16 400;2.50%
27/11/2015;2 200;2 200;2 200;2 200;17;37 400;7.32%
30/11/2015;2 100;2 100;2 100;2 100;4;8 400;-4.55%
01/12/2015;2 050;2 050;2 050;2 050;144;295 200;-2.38%
02/12/2015;2 000;2 000;2 000;2 000;127;254 000;-2.44%
03/12/2015;2 100;2 100;2 100;2 100;2;4 200;5.00%
04/12/2015;2 000;2 000;2 000;2 000;5;10 000;-4.76%
07/12/2015;1 950;1 950;1 950;1 950;14;27 300;-2.50%
08/12/2015;2 000;2 000;2 000;2 000;14;28 000;2.56%
09/12/2015;1 950;1 950;1 950;1 950;5;9 750;-2.50%
10/12/2015;1 940;1 940;1 940;1 940;40;77 600;-0.51%
14/12/2015;1 950;1 950;1 950;1 950;17;33 150;-2.50%
15/12/2015;1 940;1 940;1 940;1 940;540;1 047 600;-0.51%
16/12/2015;1 940;1 940;1 940;1 940;124;240 560;0.00%
18/12/2015;1 940;1 940;1 940;1 940;2;3 880;0.00%
21/12/2015;1 940;1 940;1 940;1 940;51;98 940;0.00%
22/12/2015;1 950;1 950;1 950;1 950;50;97 500;0.52%
23/12/2015;1 940;1 940;1 940;1 940;433;840 020;-0.51%
24/12/2015;1 940;1 940;1 940;1 940;4 330;8 400 200;0.00%
25/12/2015;1 940;1 940;1 940;1 940;4 330;8 400 200;0.00%
28/12/2015;1 950;1 950;1 950;1 950;17;33 150;0.52%
29/12/2015;1 950;1 950;1 950;1 950;107;208 650;0.00%
30/12/2015;2 000;2 000;2 000;2 000;10;20 000;2.56%
04/01/2016;1 950;1 950;1 950;1 950;32;62 400;-2.50%
05/01/2016;1 950;1 950;1 950;1 950;130;253 500;0.00%
06/01/2016;1 950;1 950;1 950;1 950;10;19 500;0.00%
07/01/2016;1 951;1 951;1 951;1 951;4;7 804;0.05%
08/01/2016;1 950;1 950;1 950;1 950;9;17 550;-0.05%
11/01/2016;1 950;1 950;1 950;1 950;5;9 750;0.00%
14/01/2016;1 950;1 950;1 950;1 950;53;103 350;0.00%
15/01/2016;1 950;1 950;1 950;1 950;3;5 850;0.00%
18/01/2016;2 000;2 000;2 000;2 000;1 615;3 230 000;2.56%
19/01/2016;1 940;1 940;1 940;1 940;2;3 880;-3.00%
20/01/2016;2 000;2 000;2 000;2 000;20;40 000;3.09%
21/01/2016;2 000;2 000;2 000;2 000;55;110 000;0.00%
22/01/2016;2 000;2 000;2 000;2 000;9;18 000;0.00%
25/01/2016;2 000;2 000;2 000;2 000;3;6 000;0.00%
26/01/2016;2 000;2 000;2 000;2 000;595;1 190 000;0.00%
27/01/2016;2 000;2 000;2 000;2 000;8;16 000;0.00%
28/01/2016;2 001;2 001;2 001;2 001;55;110 055;0.05%
01/02/2016;2 001;2 001;2 001;2 001;2;4 002;0.00%
02/02/2016;2 000;2 000;2 000;2 000;275;550 000;-0.05%
03/02/2016;2 000;2 000;2 000;2 000;187;374 000;0.00%
04/02/2016;2 000;2 000;2 000;2 000;853;1 706 000;0.00%
05/02/2016;1 999;1 999;1 999;1 999;49;97 951;-0.05%
08/02/2016;2 000;2 000;2 000;2 000;6;12 000;0.05%
09/02/2016;2 000;2 000;2 000;2 000;19;38 000;0.00%
10/02/2016;2 000;2 000;2 000;2 000;32;64 000;0.00%
11/02/2016;2 000;2 000;2 000;2 000;51;102 000;0.00%
12/02/2016;1 965;1 965;1 965;1 965;3;5 895;-1.75%
15/02/2016;2 000;2 000;2 000;2 000;5;10 000;1.78%
16/02/2016;2 000;2 000;2 000;2 000;373;746 000;0.00%
17/02/2016;2 001;2 001;2 001;2 001;8;16 008;0.05%
18/02/2016;2 001;2 001;2 001;2 001;51;102 051;0.00%
19/02/2016;2 001;2 001;2 001;2 001;5;10 005;0.00%
22/02/2016;2 001;2 001;2 001;2 001;25;50 025;0.00%
23/02/2016;2 000;2 000;2 000;2 000;50;100 000;-0.05%
25/02/2016;2 001;2 001;2 001;2 001;13;26 013;0.05%
26/02/2016;2 020;2 020;2 020;2 020;389;785 780;0.95%
01/03/2016;2 010;2 010;2 010;2 010;8;16 080;-0.50%
02/03/2016;2 001;2 001;2 001;2 001;39;78 039;-0.45%
03/03/2016;2 100;2 100;2 100;2 100;35;73 500;4.95%
04/03/2016;2 061;2 061;2 061;2 061;20;41 220;-1.86%
07/03/2016;2 030;2 030;2 030;2 030;2 090;4 242 700;-1.50%
08/03/2016;2 010;2 010;2 010;2 010;34;68 340;-0.99%
09/03/2016;2 000;2 000;2 000;2 000;10;20 000;-0.50%
11/03/2016;1 900;1 900;1 900;1 900;164;311 600;-4.52%
14/03/2016;1 950;1 950;1 950;1 950;118;230 100;2.63%
15/03/2016;1 920;1 920;1 920;1 920;301;577 920;-1.54%
16/03/2016;1 920;1 920;1 920;1 920;20;38 400;0.00%
17/03/2016;1 920;1 920;1 920;1 920;40;76 800;0.00%
18/03/2016;1 920;1 920;1 920;1 920;20;38 400;0.00%
22/03/2016;1 922;1 922;1 922;1 922;7;13 454;0.10%
23/03/2016;1 922;1 922;1 922;1 922;20;38 440;0.00%
24/03/2016;1 950;1 950;1 950;1 950;6;11 700;1.46%
25/03/2016;2 000;2 000;2 000;2 000;7;14 000;2.56%
28/03/2016;2 000;2 000;2 000;2 000;70;140 000;0.00%
29/03/2016;2 000;2 000;2 000;2 000;2;4 000;0.00%
30/03/2016;1 960;1 960;1 960;1 960;77;150 920;-2.00%
31/03/2016;2 000;2 000;2 000;2 000;293;586 000;2.04%
01/04/2016;2 010;2 010;2 010;2 010;34;68 340;0.50%
04/04/2016;2 100;2 100;2 100;2 100;61;128 100;4.48%
05/04/2016;2 112;2 112;2 112;2 112;15;31 680;0.57%
06/04/2016;2 112;2 112;2 112;2 112;302;637 824;0.00%
07/04/2016;2 101;2 101;2 101;2 101;8;16 808;-0.52%
08/04/2016;2 100;2 100;2 100;2 100;9;18 900;-0.05%
11/04/2016;2 056;2 056;2 056;2 056;42;86 352;-2.10%
12/04/2016;2 051;2 051;2 051;2 051;158;324 058;-0.24%
13/04/2016;2 100;2 100;2 100;2 100;31;65 100;2.39%
14/04/2016;2 112;2 112;2 112;2 112;38;80 256;0.57%
15/04/2016;2 113;2 113;2 113;2 113;10;21 130;0.05%
18/04/2016;2 250;2 250;2 250;2 250;62;139 500;6.48%
19/04/2016;2 100;2 100;2 100;2 100;2 062;4 330 200;-6.67%
21/04/2016;2 100;2 100;2 100;2 100;115;241 500;0.00%
22/04/2016;2 010;2 010;2 010;2 010;101;203 010;-4.29%
25/04/2016;1 950;1 950;1 950;1 950;28;54 600;-2.99%
26/04/2016;2 000;2 000;2 000;2 000;1 012;2 024 000;2.56%
28/04/2016;2 100;2 100;2 100;2 100;538;1 129 800;5.00%
29/04/2016;2 100;2 100;2 100;2 100;362;760 200;0.00%
02/05/2016;2 100;2 100;2 100;2 100;3 620;7 602 000;0.00%
03/05/2016;2 200;2 200;2 200;2 200;51;112 200;4.76%
04/05/2016;2 190;2 190;2 190;2 190;204;446 760;-0.45%
05/05/2016;2 190;2 190;2 190;2 190;2 040;4 467 600;0.00%
06/05/2016;2 100;2 100;2 100;2 100;17;35 700;-4.11%
10/05/2016;2 049;2 049;2 049;2 049;11;22 539;-2.43%
12/05/2016;1 902;1 902;1 902;1 902;98;186 396;-7.17%
13/05/2016;1 901;1 901;1 901;1 901;23;43 723;-0.05%
16/05/2016;1 901;1 901;1 901;1 901;230;437 230;0.00%
17/05/2016;1 900;1 900;1 900;1 900;170;323 000;-0.05%
18/05/2016;1 920;1 920;1 920;1 920;18;34 560;1.05%
19/05/2016;1 920;1 920;1 920;1 920;119;228 480;0.00%
20/05/2016;1 920;1 920;1 920;1 920;2;3 840;0.00%
23/05/2016;1 930;1 930;1 930;1 930;7;13 510;0.52%
24/05/2016;2 000;2 000;2 000;2 000;331;662 000;3.63%
25/05/2016;2 000;2 000;2 000;2 000;3;6 000;0.00%
26/05/2016;1 950;1 950;1 950;1 950;1;1 950;-2.50%
27/05/2016;1 900;1 900;1 900;1 900;14;26 600;-2.56%
30/05/2016;1 900;1 900;1 900;1 900;7;13 300;0.00%
01/06/2016;1 900;1 900;1 900;1 900;25;47 500;0.00%
03/06/2016;1 900;1 900;1 900;1 900;18;34 200;0.00%
06/06/2016;1 805;1 805;1 805;1 805;229;413 345;-5.00%
10/06/2016;1 900;1 900;1 900;1 900;81;153 900;0.00%
14/06/2016;2 000;2 000;2 000;2 000;16;32 000;5.26%
15/06/2016;1 960;1 960;1 960;1 960;10;19 600;-2.00%
16/06/2016;1 960;1 960;1 960;1 960;53;103 880;0.00%
17/06/2016;2 000;2 000;2 000;2 000;72;144 000;2.04%
20/06/2016;1 950;1 950;1 950;1 950;15;29 250;-2.50%
21/06/2016;1 950;1 950;1 950;1 950;22;42 900;0.00%
22/06/2016;1 820;1 820;1 820;1 820;40;72 800;-6.67%
23/06/2016;1 822;1 822;1 822;1 822;5;9 110;0.11%
24/06/2016;1 822;1 822;1 822;1 822;22;40 084;0.00%
27/06/2016;1 825;1 825;1 825;1 825;265;483 625;0.16%
28/06/2016;1 900;1 900;1 900;1 900;883;1 677 700;4.11%
29/06/2016;1 900;1 900;1 900;1 900;15;28 500;0.00%
01/07/2016;1 835;1 835;1 835;1 835;70;128 450;-3.42%
04/07/2016;1 850;1 850;1 850;1 850;23;42 550;0.82%
05/07/2016;1 850;1 850;1 850;1 850;8;14 800;0.00%
06/07/2016;1 850;1 850;1 850;1 850;80;148 000;0.00%
07/07/2016;1 870;1 870;1 870;1 870;176;329 120;1.08%
08/07/2016;1 851;1 851;1 851;1 851;181;335 031;-1.02%
11/07/2016;1 850;1 850;1 850;1 850;174;321 900;-0.05%
12/07/2016;1 831;1 831;1 831;1 831;232;424 792;-1.03%
13/07/2016;1 851;1 851;1 851;1 851;94;173 994;1.09%
14/07/2016;1 831;1 831;1 831;1 831;31;56 761;-1.08%
15/07/2016;1 849;1 849;1 849;1 849;11;20 339;0.98%
18/07/2016;1 831;1 831;1 831;1 831;112;205 072;-0.97%
19/07/2016;1 835;1 835;1 835;1 835;22;40 370;0.22%
20/07/2016;1 851;1 851;1 851;1 851;518;958 818;0.87%
21/07/2016;1 836;1 836;1 836;1 836;20;36 720;-0.81%
22/07/2016;1 831;1 831;1 831;1 831;110;201 410;-0.27%
25/07/2016;1 832;1 832;1 832;1 832;77;141 064;0.05%
26/07/2016;1 831;1 831;1 831;1 831;33;60 423;-0.05%
27/07/2016;1 831;1 831;1 831;1 831;15;27 465;0.00%
28/07/2016;1 832;1 832;1 832;1 832;11;20 152;0.05%
29/07/2016;1 832;1 832;1 832;1 832;20;36 640;0.00%
01/08/2016;1 832;1 832;1 832;1 832;143;261 976;0.00%
02/08/2016;1 849;1 849;1 849;1 849;7;12 943;0.93%
05/08/2016;1 945;1 945;1 945;1 945;150;291 750;5.19%
08/08/2016;1 945;1 945;1 945;1 945;1 500;2 917 500;0.00%
09/08/2016;1 945;1 945;1 945;1 945;5;9 725;0.00%
10/08/2016;1 900;1 900;1 900;1 900;3;5 700;-2.31%
11/08/2016;1 845;1 845;1 845;1 845;28;51 660;-2.89%
12/08/2016;1 830;1 830;1 830;1 830;29;53 070;-0.81%
15/08/2016;1 830;1 830;1 830;1 830;290;530 700;0.00%
16/08/2016;1 830;1 830;1 830;1 830;304;556 320;0.00%
17/08/2016;1 830;1 830;1 830;1 830;13;23 790;0.00%
18/08/2016;1 800;1 800;1 800;1 800;507;912 600;-1.64%
26/08/2016;1 800;1 800;1 800;1 800;5;9 000;0.00%
29/08/2016;1 800;1 800;1 800;1 800;10;18 000;0.00%
30/08/2016;1 705;1 705;1 705;1 705;215;366 575;-5.28%
01/09/2016;1 700;1 700;1 700;1 700;503;855 100;-0.29%
02/09/2016;1 680;1 680;1 680;1 680;11;18 480;-1.18%
05/09/2016;1 680;1 680;1 680;1 680;427;717 360;0.00%
07/09/2016;1 650;1 650;1 650;1 650;6 588;10 870 200;0.00%
08/09/2016;1 650;1 650;1 650;1 650;510;841 500;0.00%
09/09/2016;1 650;1 650;1 650;1 650;441;727 650;0.00%
12/09/2016;1 650;1 650;1 650;1 650;4 410;7 276 500;0.00%
13/09/2016;1 650;1 650;1 650;1 650;29;47 850;0.00%
14/09/2016;1 610;1 610;1 610;1 610;571;919 310;-2.42%
15/09/2016;1 610;1 610;1 610;1 610;94;151 340;0.00%
16/09/2016;1 610;1 610;1 610;1 610;444;714 840;0.00%
20/09/2016;1 612;1 612;1 612;1 612;148;238 576;0.12%
21/09/2016;1 640;1 640;1 640;1 640;28;45 920;1.74%
22/09/2016;1 611;1 611;1 611;1 611;524;844 164;-1.77%
23/09/2016;1 613;1 613;1 613;1 613;10;16 130;0.12%
26/09/2016;1 620;1 620;1 620;1 620;78;126 360;0.43%
27/09/2016;1 620;1 620;1 620;1 620;106;171 720;0.00%
28/09/2016;1 620;1 620;1 620;1 620;610;988 200;0.00%
29/09/2016;1 620;1 620;1 620;1 620;21;34 020;0.00%
05/10/2016;1 600;1 600;1 600;1 600;25;40 000;-1.23%
06/10/2016;1 600;1 600;1 600;1 600;5;8 000;0.00%
07/10/2016;1 600;1 600;1 600;1 600;61;97 600;0.00%
10/10/2016;1 520;1 520;1 520;1 520;176;267 520;-5.00%
11/10/2016;1 500;1 500;1 500;1 500;3;4 500;-1.32%
12/10/2016;1 388;1 388;1 388;1 388;179;248 452;-7.47%
13/10/2016;1 400;1 400;1 400;1 400;1 488;2 083 200;0.86%
14/10/2016;1 388;1 388;1 388;1 388;10;13 880;-0.86%
17/10/2016;1 400;1 400;1 400;1 400;287;401 800;0.86%
18/10/2016;1 400;1 400;1 400;1 400;47;65 800;0.00%
19/10/2016;1 401;1 401;1 401;1 401;55;77 055;0.07%
20/10/2016;1 506;1 506;1 506;1 506;10;15 060;7.49%
21/10/2016;1 506;1 506;1 506;1 506;10;15 060;0.00%
24/10/2016;1 400;1 400;1 400;1 400;30;42 000;-7.04%
25/10/2016;1 480;1 480;1 480;1 480;895;1 324 600;5.71%
27/10/2016;1 480;1 480;1 480;1 480;31;45 880;0.00%
28/10/2016;1 480;1 480;1 480;1 480;8;11 840;0.00%
31/10/2016;1 480;1 480;1 480;1 480;113;167 240;0.00%
01/11/2016;1 480;1 480;1 480;1 480;1 130;1 672 400;0.00%
02/11/2016;1 480;1 480;1 480;1 480;74;109 520;0.00%
04/11/2016;1 480;1 480;1 480;1 480;99;146 520;0.00%
07/11/2016;1 480;1 480;1 480;1 480;34;50 320;0.00%
08/11/2016;1 400;1 400;1 400;1 400;24;33 600;-5.41%
09/11/2016;1 400;1 400;1 400;1 400;7;9 800;0.00%
10/11/2016;1 450;1 450;1 450;1 450;30;43 500;3.57%
11/11/2016;1 450;1 450;1 450;1 450;28;40 600;0.00%
14/11/2016;1 342;1 342;1 342;1 342;10;13 420;-7.45%
15/11/2016;1 342;1 342;1 342;1 342;100;134 150;-0.04%
16/11/2016;1 342;1 342;1 342;1 342;35;46 970;0.04%
18/11/2016;1 250;1 250;1 250;1 250;25;31 250;-6.86%
21/11/2016;1 342;1 342;1 342;1 342;4;5 368;7.36%
22/11/2016;1 250;1 250;1 250;1 250;75;93 750;-6.86%
23/11/2016;1 200;1 200;1 200;1 200;62;74 400;-4.00%
24/11/2016;1 200;1 200;1 200;1 200;10;12 000;0.00%
25/11/2016;1 200;1 200;1 200;1 200;69;82 800;0.00%
28/11/2016;1 190;1 190;1 190;1 190;15;17 850;-0.83%
29/11/2016;1 190;1 190;1 190;1 190;10;11 900;0.00%
30/11/2016;1 188;1 188;1 188;1 188;72;85 536;-0.17%
01/12/2016;1 101;1 101;1 101;1 101;1 847;2 033 547;-7.32%
02/12/2016;1 105;1 105;1 105;1 105;25;27 625;0.36%
06/12/2016;1 105;1 105;1 105;1 105;199;219 895;-0.45%
07/12/2016;1 106;1 106;1 106;1 106;143;158 158;0.09%
08/12/2016;1 105;1 105;1 105;1 105;77;85 085;-0.09%
13/12/2016;1 110;1 110;1 110;1 110;18;19 980;0.45%
14/12/2016;1 100;1 100;1 100;1 100;3;3 300;-0.90%
15/12/2016;1 100;1 100;1 100;1 100;370;407 000;0.00%
16/12/2016;1 090;1 090;1 090;1 090;19;20 710;-0.91%
21/12/2016;1 100;1 100;1 100;1 100;103;113 300;0.92%
22/12/2016;1 099;1 099;1 099;1 099;103;113 197;-0.09%
23/12/2016;1 099;1 099;1 099;1 099;14;15 386;0.00%
26/12/2016;1 099;1 099;1 099;1 099;140;153 860;0.00%
27/12/2016;1 099;1 099;1 099;1 099;5;5 495;0.00%
28/12/2016;1 099;1 099;1 099;1 099;25;27 475;0.00%
29/12/2016;1 090;1 090;1 090;1 090;110;119 900;-0.82%
30/12/2016;1 100;1 100;1 100;1 100;115;126 500;0.92%
02/01/2017;1 090;1 090;1 090;1 090;55;59 950;-0.91%
03/01/2017;1 090;1 090;1 090;1 090;66;71 940;0.00%
04/01/2017;1 100;1 100;1 100;1 100;350;385 000;0.92%
05/01/2017;1 090;1 090;1 090;1 090;46;50 140;-0.91%
06/01/2017;1 080;1 080;1 080;1 080;200;216 000;-0.92%
09/01/2017;1 080;1 080;1 080;1 080;88;95 040;0.00%
10/01/2017;1 081;1 081;1 081;1 081;77;83 237;0.09%
11/01/2017;1 081;1 081;1 081;1 081;3;3 243;0.00%
12/01/2017;1 110;1 110;1 110;1 110;6;6 660;2.68%
16/01/2017;1 111;1 111;1 111;1 111;4;4 444;0.09%
17/01/2017;1 120;1 120;1 120;1 120;73;81 760;0.81%
19/01/2017;1 130;1 130;1 130;1 130;32;36 160;0.89%
20/01/2017;1 110;1 110;1 110;1 110;10;11 100;-1.77%
23/01/2017;1 193;1 193;1 193;1 193;33;39 369;7.48%
24/01/2017;1 150;1 150;1 150;1 150;135;155 250;-3.60%
25/01/2017;1 100;1 100;1 100;1 100;50;55 000;-4.35%
26/01/2017;1 150;1 150;1 150;1 150;39;44 850;4.55%
27/01/2017;1 150;1 150;1 150;1 150;187;215 050;0.00%
30/01/2017;1 100;1 100;1 100;1 100;2;2 200;-4.35%
31/01/2017;1 100;1 100;1 100;1 100;23;25 300;0.00%
01/02/2017;1 150;1 150;1 150;1 150;32;36 800;4.55%
02/02/2017;1 150;1 150;1 150;1 150;20;23 000;0.00%
03/02/2017;1 100;1 100;1 100;1 100;34;37 400;-4.35%
07/02/2017;1 018;1 018;1 018;1 018;22;22 396;-7.45%
08/02/2017;1 030;1 030;1 030;1 030;12;12 360;1.18%
09/02/2017;1 000;1 000;1 000;1 000;137;137 000;-2.91%
10/02/2017;1 001;1 001;1 001;1 001;21;21 021;0.10%
13/02/2017;1 050;1 050;1 050;1 050;58;60 900;4.90%
14/02/2017;1 100;1 100;1 100;1 100;146;160 600;4.76%
15/02/2017;1 100;1 100;1 100;1 100;441;485 100;0.00%
16/02/2017;1 120;1 120;1 120;1 120;5;5 600;1.82%
17/02/2017;1 100;1 100;1 100;1 100;55;60 500;-1.79%
20/02/2017;1 100;1 100;1 100;1 100;236;259 600;0.00%
21/02/2017;1 100;1 100;1 100;1 100;44;48 400;0.00%
22/02/2017;1 100;1 100;1 100;1 100;82;90 200;0.00%
23/02/2017;1 080;1 080;1 080;1 080;106;114 480;-1.82%
24/02/2017;1 100;1 100;1 100;1 100;117;128 700;1.85%
27/02/2017;1 100;1 100;1 100;1 100;25;27 500;0.00%
28/02/2017;1 100;1 100;1 100;1 100;10;11 000;0.00%
01/03/2017;1 100;1 100;1 100;1 100;1;1 100;0.00%
02/03/2017;1 060;1 060;1 060;1 060;10;10 600;-3.64%
03/03/2017;1 100;1 100;1 100;1 100;25;27 500;3.77%
07/03/2017;1 050;1 050;1 050;1 050;100;105 000;-1.22%
08/03/2017;1 020;1 020;1 020;1 020;17;17 340;-2.86%
09/03/2017;950;950;950;950;373;354 350;-6.86%
10/03/2017;1 000;1 000;1 000;1 000;98;98 000;5.26%
13/03/2017;998;998;998;998;110;109 780;-0.20%
14/03/2017;990;990;990;990;10;9 900;-0.80%
15/03/2017;995;995;995;995;12;11 940;0.51%
16/03/2017;921;921;921;921;730;672 330;-7.44%
17/03/2017;880;880;880;880;325;286 000;-4.45%
21/03/2017;900;900;900;900;46;41 400;2.27%
22/03/2017;879;879;879;879;9;7 911;-2.33%
23/03/2017;814;814;814;814;233;189 662;-7.39%
24/03/2017;800;800;800;800;156;124 800;-1.72%
27/03/2017;790;790;790;790;1 157;914 030;-1.25%
28/03/2017;789;789;789;789;27;21 303;-0.13%
29/03/2017;747;747;747;747;246;183 762;-5.32%
30/03/2017;747;747;747;747;36;26 892;0.00%
31/03/2017;699;699;699;699;22;15 378;-6.43%
03/04/2017;660;660;660;660;1 139;751 740;-5.58%
04/04/2017;660;660;660;660;693;457 380;0.00%
05/04/2017;650;650;650;650;197;128 050;-1.52%
06/04/2017;660;660;660;660;202;133 320;1.54%
07/04/2017;660;660;660;660;79;52 140;0.00%
10/04/2017;611;611;611;611;130;79 430;-7.42%
11/04/2017;650;650;650;650;4;2 600;6.38%
12/04/2017;610;610;610;610;156;95 160;-6.15%
13/04/2017;565;565;565;565;174;98 310;-7.38%
14/04/2017;600;600;600;600;10;6 000;6.19%
18/04/2017;600;600;600;600;21;12 600;0.00%
19/04/2017;600;600;600;600;325;195 000;0.00%
20/04/2017;600;600;600;600;210;126 000;0.00%
21/04/2017;600;600;600;600;80;48 000;0.00%
24/04/2017;600;600;600;600;56;33 600;0.00%
25/04/2017;600;600;600;600;111;66 600;0.00%
26/04/2017;575;575;575;575;245;140 875;-4.17%
27/04/2017;575;575;575;575;207;119 025;0.00%
28/04/2017;600;600;600;600;305;183 000;4.35%
01/05/2017;600;600;600;600;3 050;1 830 000;0.00%
02/05/2017;600;600;600;600;450;270 000;0.00%
03/05/2017;600;600;600;600;394;236 400;0.00%
04/05/2017;605;605;605;605;526;318 230;0.83%
05/05/2017;605;605;605;605;52;31 460;0.00%
08/05/2017;605;605;605;605;8;4 840;0.00%
09/05/2017;606;606;606;606;238;144 228;0.17%
10/05/2017;600;600;600;600;147;88 200;-0.99%
11/05/2017;606;606;606;606;66;39 996;1.00%
15/05/2017;610;610;610;610;45;27 450;0.66%
17/05/2017;620;620;620;620;252;156 240;1.64%
18/05/2017;620;620;620;620;10;6 200;0.00%
22/05/2017;650;650;650;650;68;44 200;4.84%
23/05/2017;650;650;650;650;205;133 250;0.00%
24/05/2017;651;651;651;651;9;5 859;0.15%
25/05/2017;651;651;651;651;90;58 545;-0.08%
26/05/2017;699;699;699;699;265;185 235;7.46%
29/05/2017;700;700;700;700;116;81 200;0.14%
30/05/2017;752;752;752;752;70;52 640;7.43%
31/05/2017;808;808;808;808;13;10 504;7.45%
01/06/2017;800;800;800;800;41;32 800;-0.99%
02/06/2017;800;800;800;800;376;300 800;0.00%
06/06/2017;800;800;800;800;15;12 000;0.00%
07/06/2017;850;850;850;850;92;78 200;6.25%
08/06/2017;860;860;860;860;32;27 520;1.18%
09/06/2017;860;860;860;860;75;64 500;0.00%
12/06/2017;859;859;859;859;24;20 616;-0.12%
13/06/2017;800;800;800;800;61;48 800;-6.87%
14/06/2017;800;800;800;800;23;18 400;0.00%
15/06/2017;800;800;800;800;75;60 000;0.00%
16/06/2017;850;850;850;850;160;136 000;6.25%
19/06/2017;850;850;850;850;142;120 700;0.00%
20/06/2017;859;859;859;859;145;124 555;1.06%
21/06/2017;859;859;859;859;20;17 180;0.00%
22/06/2017;859;859;859;859;200;171 800;0.00%
23/06/2017;820;820;820;820;9;7 380;-4.54%
27/06/2017;855;855;855;855;16;13 680;4.27%
28/06/2017;791;791;791;791;69;54 579;-7.49%
29/06/2017;768;768;768;768;47;36 096;-2.91%
30/06/2017;780;780;780;780;34;26 520;1.56%
03/07/2017;795;795;795;795;6;4 770;1.92%
04/07/2017;800;800;800;800;10;8 000;0.63%
05/07/2017;800;800;800;800;5;4 000;0.00%
06/07/2017;820;820;820;820;175;143 500;2.50%
10/07/2017;880;880;880;880;170;149 600;7.32%
11/07/2017;820;820;820;820;20;16 400;-6.82%
12/07/2017;800;800;800;800;36;28 800;-2.44%
13/07/2017;800;800;800;800;58;46 400;0.00%
14/07/2017;760;760;760;760;94;71 440;-5.00%
17/07/2017;800;800;800;800;80;64 000;5.26%
19/07/2017;800;800;800;800;80;64 000;0.00%
20/07/2017;800;800;800;800;82;65 600;0.00%
21/07/2017;760;760;760;760;6;4 560;-5.00%
24/07/2017;760;760;760;760;40;30 400;0.00%
25/07/2017;760;760;760;760;93;70 680;0.00%
26/07/2017;800;800;800;800;32;25 600;5.26%
28/07/2017;790;790;790;790;3;2 370;-1.25%
31/07/2017;800;800;800;800;51;40 800;1.27%
01/08/2017;790;790;790;790;31;24 490;-1.25%
02/08/2017;790;790;790;790;40;31 600;0.00%
03/08/2017;790;790;790;790;8;6 320;0.00%
04/08/2017;760;760;760;760;1;760;-3.80%
07/08/2017;760;760;760;760;10;7 600;0.00%
09/08/2017;750;750;750;750;26;19 500;-1.32%
10/08/2017;750;750;750;750;9;6 750;0.00%
11/08/2017;770;770;770;770;42;32 340;2.67%
16/08/2017;800;800;800;800;75;60 000;3.90%
17/08/2017;740;740;740;740;40;29 600;-7.50%
21/08/2017;685;685;685;685;39;26 715;-7.43%
22/08/2017;634;634;634;634;11;6 974;-7.45%
23/08/2017;634;634;634;634;2;1 268;0.00%
24/08/2017;600;600;600;600;11;6 600;-5.36%
25/08/2017;600;600;600;600;1;600;0.00%
28/08/2017;600;600;600;600;12;7 200;0.00%
29/08/2017;600;600;600;600;57;34 200;0.00%
30/08/2017;630;630;630;630;65;40 950;5.00%
31/08/2017;630;630;630;630;10;6 300;0.00%
04/09/2017;600;600;600;600;14;8 400;-4.76%
05/09/2017;600;600;600;600;82;49 200;0.00%
06/09/2017;580;580;580;580;37;21 460;-3.33%
07/09/2017;600;600;600;600;22;13 200;3.45%
08/09/2017;630;630;630;630;6;3 780;5.00%
11/09/2017;630;630;630;630;18;11 340;0.00%
12/09/2017;630;630;630;630;9;5 670;0.00%
13/09/2017;630;630;630;630;35;22 050;0.00%
14/09/2017;630;630;630;630;3;1 890;0.00%
15/09/2017;600;600;600;600;163;97 800;-4.76%
18/09/2017;620;620;620;620;35;21 700;3.33%
19/09/2017;620;620;620;620;280;173 600;0.00%
20/09/2017;625;625;625;625;68;42 500;0.81%
21/09/2017;631;631;631;631;85;53 635;0.96%
22/09/2017;631;631;631;631;380;239 780;0.00%
26/09/2017;678;678;678;678;9;6 102;7.45%
28/09/2017;615;615;615;615;7;4 305;-9.29%
29/09/2017;615;615;615;615;7;4 305;0.00%
02/10/2017;650;650;650;650;10;6 500;5.69%
03/10/2017;615;615;615;615;6;3 690;-5.38%
04/10/2017;590;590;590;590;9;5 310;-4.07%
05/10/2017;590;590;590;590;34;20 060;0.00%
06/10/2017;600;600;600;600;72;43 200;1.69%
09/10/2017;600;600;600;600;14;8 400;0.00%
10/10/2017;600;600;600;600;33;19 800;0.00%
11/10/2017;590;590;590;590;50;29 500;-1.67%
12/10/2017;590;590;590;590;18;10 620;0.00%
16/10/2017;600;600;600;600;98;58 800;1.69%
17/10/2017;590;590;590;590;59;34 810;-1.67%
18/10/2017;570;570;570;570;213;121 410;-3.39%
20/10/2017;571;571;571;571;225;128 475;0.18%
24/10/2017;571;571;571;571;2;1 142;0.00%
25/10/2017;571;571;571;571;7;3 997;0.00%
27/10/2017;600;600;600;600;4;2 400;5.08%
30/10/2017;645;645;645;645;23;14 835;7.50%
31/10/2017;600;600;600;600;143;85 800;-6.98%
01/11/2017;600;600;600;600;1 430;858 000;0.00%
02/11/2017;580;580;580;580;374;216 920;-3.33%
03/11/2017;540;540;540;540;60;32 400;-6.90%
06/11/2017;570;570;570;570;60;34 200;5.56%
07/11/2017;540;540;540;540;67;36 180;-5.26%
08/11/2017;540;540;540;540;38;20 520;0.00%
09/11/2017;500;500;500;500;5;2 500;-7.41%
10/11/2017;463;463;463;463;10;4 630;-7.40%
13/11/2017;465;465;465;465;129;59 985;0.43%
14/11/2017;442;442;442;442;407;179 894;-4.95%
15/11/2017;442;442;442;442;4 070;1 798 940;0.00%
16/11/2017;442;442;442;442;316;139 672;0.00%
17/11/2017;421;421;421;421;17;7 157;-4.75%
20/11/2017;420;420;420;420;558;234 360;-0.24%
21/11/2017;420;420;420;420;19;7 980;0.00%
22/11/2017;420;420;420;420;95;39 900;0.00%
23/11/2017;420;420;420;420;5;2 100;0.00%
27/11/2017;420;420;420;420;13;5 460;0.00%
28/11/2017;430;430;430;430;10;4 300;2.38%
29/11/2017;430;430;430;430;3;1 290;0.00%
05/12/2017;430;430;430;430;2;860;0.00%
06/12/2017;420;420;420;420;6;2 520;-2.33%
07/12/2017;425;425;425;425;15;6 375;1.19%
08/12/2017;420;420;420;420;287;120 540;-1.18%
11/12/2017;411;411;411;411;7;2 877;-2.14%
12/12/2017;430;430;430;430;351;150 930;4.62%
13/12/2017;430;430;430;430;60;25 800;0.00%
14/12/2017;430;430;430;430;11;4 730;0.00%
15/12/2017;430;430;430;430;16;6 880;0.00%
20/12/2017;430;430;430;430;3;1 290;0.00%
22/12/2017;430;430;430;430;77;33 110;0.00%
25/12/2017;430;430;430;430;77;33 110;0.00%
26/12/2017;430;430;430;430;1 333;573 190;0.00%
27/12/2017;410;410;410;410;258;105 780;-4.65%
28/12/2017;420;420;420;420;1 442;605 640;2.44%
29/12/2017;400;400;400;400;100;40 000;-4.76%
02/01/2018;420;420;420;420;310;130 200;5.00%
03/01/2018;420;420;420;420;472;198 240;0.00%
04/01/2018;415;415;415;415;688;285 520;-1.19%
05/01/2018;410;410;410;410;305;125 050;-1.20%
08/01/2018;410;410;410;410;1 073;439 930;0.00%
09/01/2018;410;410;410;410;242;99 220;0.00%
10/01/2018;410;410;410;410;1 493;612 130;0.00%
11/01/2018;410;410;410;410;134;54 940;0.00%
12/01/2018;420;420;420;420;367;154 140;2.44%
16/01/2018;420;420;420;420;1 200;504 000;0.00%
17/01/2018;420;420;420;420;2 544;1 068 480;0.00%
18/01/2018;420;420;420;420;367;154 140;0.00%
19/01/2018;400;400;400;400;1 984;793 600;-4.76%
22/01/2018;420;420;420;420;16;6 720;5.00%
23/01/2018;420;420;420;420;564;236 880;0.00%
24/01/2018;430;430;430;430;1 000;430 000;2.38%
25/01/2018;430;430;430;430;674;289 820;0.00%
26/01/2018;460;460;460;460;137;63 020;6.98%
29/01/2018;430;430;430;430;1 142;491 060;-6.52%
30/01/2018;430;430;430;430;170;73 100;0.00%
31/01/2018;430;430;430;430;200;86 000;0.00%
01/02/2018;425;425;425;425;509;216 325;-1.16%
02/02/2018;455;455;455;455;208;94 640;7.06%
05/02/2018;455;455;455;455;354;161 070;0.00%
06/02/2018;455;455;455;455;280;127 400;0.00%
07/02/2018;455;455;455;455;170;77 350;0.00%
08/02/2018;435;435;435;435;1 108;481 980;-4.40%
09/02/2018;430;430;430;430;559;240 370;-1.15%
12/02/2018;430;430;430;430;190;81 700;0.00%
13/02/2018;450;450;450;450;270;121 500;4.65%
14/02/2018;450;450;450;450;400;180 000;0.00%
15/02/2018;445;445;445;445;427;190 015;-1.11%
16/02/2018;425;425;425;425;1 470;624 750;-4.49%
19/02/2018;440;440;440;440;1 090;479 600;3.53%
20/02/2018;430;430;430;430;215;92 450;-2.27%
21/02/2018;440;440;440;440;102;44 880;2.33%
22/02/2018;440;440;440;440;10;4 400;0.00%
23/02/2018;440;440;440;440;25;11 000;0.00%
26/02/2018;440;440;440;440;627;275 880;0.00%
27/02/2018;455;455;455;455;448;203 840;3.41%
01/03/2018;455;455;455;455;2 517;1 145 235;0.00%
02/03/2018;455;455;455;455;1 026;466 830;0.00%
05/03/2018;485;485;485;485;130;63 050;6.59%
06/03/2018;520;520;520;520;311;161 720;7.22%
07/03/2018;550;550;550;550;350;192 500;5.77%
08/03/2018;590;590;590;590;160;94 400;7.27%
09/03/2018;555;555;555;555;3 719;2 064 045;-5.93%
12/03/2018;545;545;545;545;4 424;2 411 080;-1.80%
13/03/2018;550;550;550;550;3 036;1 669 800;0.92%
14/03/2018;585;585;585;585;361;211 185;6.36%
15/03/2018;600;600;600;600;2 021;1 212 600;2.56%
16/03/2018;640;640;640;640;758;485 120;6.67%
19/03/2018;660;660;660;660;105;69 300;3.13%
20/03/2018;645;645;645;645;467;301 215;-2.27%
21/03/2018;645;645;645;645;339;218 655;0.00%
22/03/2018;660;660;660;660;455;300 300;2.33%
23/03/2018;705;705;705;705;1 619;1 141 395;6.82%
26/03/2018;700;700;700;700;271;189 700;-0.71%
27/03/2018;700;700;700;700;160;112 000;0.00%
28/03/2018;700;700;700;700;800;560 000;0.00%
29/03/2018;695;695;695;695;2;1 390;-0.71%
30/03/2018;650;650;650;650;805;523 250;-6.47%
02/04/2018;650;650;650;650;805;523 250;0.00%
03/04/2018;695;695;695;695;305;211 975;6.92%
04/04/2018;695;695;695;695;750;521 250;0.00%
05/04/2018;645;645;645;645;150;96 750;-7.19%
06/04/2018;690;690;690;690;60;41 400;6.98%
09/04/2018;640;640;640;640;457;292 480;-7.25%
10/04/2018;630;630;630;630;425;267 750;-1.56%
11/04/2018;630;630;630;630;1 442;908 460;0.00%
13/04/2018;620;620;620;620;394;244 280;-1.59%
16/04/2018;620;620;620;620;140;86 800;0.00%
17/04/2018;600;600;600;600;1 180;708 000;-3.23%
18/04/2018;595;595;595;595;340;202 300;-0.83%
19/04/2018;570;570;570;570;146;83 220;-4.20%
20/04/2018;530;530;530;530;50;26 500;-7.02%
23/04/2018;530;530;530;530;222;117 660;0.00%
24/04/2018;555;555;555;555;217;120 435;4.72%
25/04/2018;545;545;545;545;105;57 225;-1.80%
26/04/2018;535;535;535;535;189;101 115;-1.83%
27/04/2018;525;525;525;525;1 650;866 250;-1.87%
09/05/2018;420;420;420;420;520;218 400;-20.00%
10/05/2018;420;420;420;420;520;218 400;0.00%
11/05/2018;420;420;420;420;2 945;1 236 900;0.00%
14/05/2018;400;400;400;400;1 090;436 000;-4.76%
15/05/2018;430;430;430;430;4 055;1 743 650;7.50%
16/05/2018;450;450;450;450;1 805;812 250;4.65%
17/05/2018;430;430;430;430;303;130 290;-4.44%
18/05/2018;400;400;400;400;397;158 800;-6.98%
21/05/2018;400;400;400;400;397;158 800;0.00%
22/05/2018;395;395;395;395;2 200;869 000;-1.25%
23/05/2018;400;400;400;400;1 517;606 800;1.27%
24/05/2018;425;425;425;425;730;310 250;6.25%
25/05/2018;450;450;450;450;1 280;576 000;5.88%
28/05/2018;450;450;450;450;10;4 500;0.00%
30/05/2018;460;460;460;460;7;3 220;2.22%
31/05/2018;440;440;440;440;340;149 600;-4.35%
01/06/2018;450;450;450;450;50;22 500;2.27%
04/06/2018;425;425;425;425;255;108 375;-5.56%
05/06/2018;400;400;400;400;2 466;986 400;-5.88%
06/06/2018;415;415;415;415;10 194;4 230 510;3.75%
07/06/2018;410;410;410;410;5 117;2 097 970;-1.20%
08/06/2018;415;415;415;415;1 074;445 710;1.22%
11/06/2018;415;415;415;415;1 074;445 710;0.00%
12/06/2018;385;385;385;385;710;273 350;-7.23%
13/06/2018;370;370;370;370;1 365;505 050;-3.90%
14/06/2018;370;370;370;370;1 365;505 050;0.00%
15/06/2018;375;375;375;375;6 245;2 341 875;1.35%
18/06/2018;350;350;350;350;1 155;404 250;-6.67%
19/06/2018;375;375;375;375;1 192;447 000;7.14%
20/06/2018;350;350;350;350;3 490;1 221 500;-6.67%
21/06/2018;350;350;350;350;550;192 500;0.00%
28/06/2018;360;360;360;360;3 740;1 346 400;2.86%
29/06/2018;350;350;350;350;3 065;1 072 750;-2.78%
02/07/2018;350;350;350;350;2 170;759 500;0.00%
03/07/2018;350;350;350;350;16 039;5 613 650;0.00%
04/07/2018;375;375;375;375;11 360;4 260 000;7.14%
05/07/2018;400;400;400;400;130;52 000;6.67%
06/07/2018;410;410;410;410;396;162 360;2.50%
09/07/2018;435;435;435;435;2 134;928 290;6.10%
10/07/2018;450;450;450;450;110;49 500;3.45%
11/07/2018;480;480;480;480;1 377;660 960;6.67%
12/07/2018;490;490;490;490;4 500;2 205 000;2.08%
13/07/2018;475;475;475;475;2 674;1 270 150;-3.06%
16/07/2018;485;485;485;485;3 130;1 518 050;2.11%
17/07/2018;480;480;480;480;274;131 520;-1.03%
18/07/2018;485;485;485;485;168;81 480;1.04%
19/07/2018;490;490;490;490;179;87 710;1.03%
20/07/2018;490;490;490;490;334;163 660;0.00%
23/07/2018;490;490;490;490;11 662;5 714 380;0.00%
24/07/2018;480;480;480;480;2 073;995 040;-2.04%
25/07/2018;480;480;480;480;10;4 800;0.00%
26/07/2018;485;485;485;485;1 850;897 250;1.04%
31/07/2018;480;480;480;480;21 383;10 263 840;-1.03%
02/08/2018;475;475;475;475;72;34 200;-1.04%
03/08/2018;495;495;495;495;14 757;7 304 715;4.21%
06/08/2018;495;495;495;495;14 757;7 304 715;0.00%
07/08/2018;495;495;495;495;14 757;7 304 715;0.00%
08/08/2018;475;475;475;475;208;98 800;-4.04%
09/08/2018;475;475;475;475;6 772;3 216 700;0.00%
10/08/2018;470;470;470;470;30;14 100;-1.05%
13/08/2018;495;495;495;495;600;297 000;5.32%
22/08/2018;500;500;500;500;659;329 500;1.01%
23/08/2018;475;475;475;475;118;56 050;-5.00%
24/08/2018;475;475;475;475;50;23 750;0.00%
28/08/2018;490;490;490;490;270;132 300;-2.00%
29/08/2018;490;490;490;490;1 510;739 900;0.00%
30/08/2018;490;490;490;490;210;102 900;0.00%
31/08/2018;490;490;490;490;10;4 900;0.00%
03/09/2018;490;490;490;490;510;249 900;0.00%
04/09/2018;490;490;490;490;114;55 860;0.00%
05/09/2018;480;480;480;480;50;24 000;-2.04%
06/09/2018;470;470;470;470;36;16 920;-2.08%
10/09/2018;470;470;470;470;80;37 600;0.00%
11/09/2018;470;470;470;470;3 408;1 601 760;0.00%
12/09/2018;470;470;470;470;700;329 000;0.00%
13/09/2018;470;470;470;470;210;98 700;0.00%
18/09/2018;470;470;470;470;19;8 930;0.00%
20/09/2018;470;470;470;470;1 761;827 670;0.00%
24/09/2018;470;470;470;470;50;23 500;0.00%
25/09/2018;465;465;465;465;95;44 175;-1.06%
26/09/2018;455;455;455;455;12;5 460;-2.15%
27/09/2018;470;470;470;470;1 060;498 200;3.30%
28/09/2018;470;470;470;470;20;9 400;0.00%
01/10/2018;470;470;470;470;250;117 500;0.00%
02/10/2018;475;475;475;475;5;2 375;1.06%
03/10/2018;465;465;465;465;270;125 550;-2.11%
05/10/2018;465;465;465;465;201;93 465;0.00%
08/10/2018;465;465;465;465;40;18 600;0.00%
09/10/2018;470;470;470;470;4 755;2 234 850;1.08%
11/10/2018;480;480;480;480;80;38 400;2.13%
12/10/2018;470;470;470;470;2 021;949 870;-2.08%
16/10/2018;440;440;440;440;60;26 400;-6.38%
17/10/2018;465;465;465;465;40;18 600;5.68%
18/10/2018;465;465;465;465;50;23 250;0.00%
19/10/2018;450;450;450;450;20;9 000;-3.23%
22/10/2018;470;470;470;470;412;193 640;4.44%
23/10/2018;440;440;440;440;25 008;11 003 520;-6.38%
24/10/2018;445;445;445;445;100;44 500;1.14%
25/10/2018;470;470;470;470;5 242;2 463 740;5.62%
29/10/2018;450;450;450;450;80;36 000;-4.26%
30/10/2018;450;450;450;450;200;90 000;0.00%
31/10/2018;450;450;450;450;4;1 800;0.00%
01/11/2018;450;450;450;450;4;1 800;0.00%
05/11/2018;445;445;445;445;203;90 335;-1.11%
06/11/2018;440;440;440;440;980;431 200;-1.12%
07/11/2018;440;440;440;440;36;15 840;0.00%
08/11/2018;470;470;470;470;4 000;1 880 000;6.82%
09/11/2018;470;470;470;470;298;140 060;0.00%
12/11/2018;470;470;470;470;250;117 500;0.00%
13/11/2018;470;470;470;470;1 921;902 870;0.00%
14/11/2018;470;470;470;470;1 069;502 430;0.00%
15/11/2018;470;470;470;470;1 069;502 430;0.00%
16/11/2018;465;465;465;465;78;36 270;-1.06%
19/11/2018;465;465;465;465;108;50 220;0.00%
20/11/2018;465;465;465;465;108;50 220;0.00%
21/11/2018;450;450;450;450;3;1 350;-3.23%
23/11/2018;450;450;450;450;460;207 000;0.00%
29/11/2018;450;450;450;450;98;44 100;0.00%
30/11/2018;450;450;450;450;4;1 800;0.00%
03/12/2018;445;445;445;445;3;1 335;-1.11%
04/12/2018;415;415;415;415;8;3 320;-6.74%
05/12/2018;400;400;400;400;29;11 600;-3.61%
06/12/2018;400;400;400;400;50;20 000;0.00%
07/12/2018;430;430;430;430;6;2 580;7.50%
10/12/2018;440;440;440;440;51;22 440;2.33%
11/12/2018;465;465;465;465;73;33 945;5.68%
14/12/2018;465;465;465;465;122;56 730;0.00%
17/12/2018;460;460;460;460;100;46 000;-1.08%
18/12/2018;460;460;460;460;711;327 060;0.00%
19/12/2018;460;460;460;460;290;133 400;0.00%
20/12/2018;465;465;465;465;1 240;576 600;1.09%
24/12/2018;465;465;465;465;202;93 930;0.00%
25/12/2018;465;465;465;465;202;93 930;0.00%
26/12/2018;495;495;495;495;925;457 875;6.45%
27/12/2018;500;500;500;500;1 200;600 000;1.01%
28/12/2018;500;500;500;500;200;100 000;0.00%
31/12/2018;535;535;535;535;2 210;1 182 350;7.00%
02/01/2019;525;525;525;525;4;2 100;-1.87%
03/01/2019;500;500;500;500;113;56 500;-4.76%
04/01/2019;500;500;500;500;10;5 000;0.00%
08/01/2019;500;500;500;500;35;17 500;0.00%
09/01/2019;490;490;490;490;20;9 800;-2.00%
11/01/2019;490;490;490;490;2;980;0.00%
15/01/2019;500;500;500;500;600;300 000;2.04%
16/01/2019;490;490;490;490;10;4 900;-2.00%
17/01/2019;495;495;495;495;50;24 750;1.02%
18/01/2019;495;495;495;495;36;17 820;0.00%
21/01/2019;490;490;490;490;289;141 610;-1.01%
23/01/2019;490;490;490;490;45;22 050;0.00%
24/01/2019;490;490;490;490;254;124 460;0.00%
25/01/2019;490;490;490;490;10;4 900;0.00%
29/01/2019;490;490;490;490;100;49 000;0.00%
30/01/2019;500;500;500;500;2;1 000;2.04%
31/01/2019;505;500;505;500;1 001;503 003;1.00%
04/02/2019;505;505;505;505;10;5 050;0.00%
05/02/2019;505;505;505;505;50;25 250;0.00%
07/02/2019;500;500;500;500;29;14 500;-0.99%
11/02/2019;485;490;490;485;20;9 750;-3.00%
12/02/2019;450;450;450;450;310;139 500;-7.22%
18/02/2019;445;445;445;445;115;51 175;-1.11%
19/02/2019;440;440;440;440;1;440;-1.12%
20/02/2019;430;430;430;430;395;169 850;-2.27%
21/02/2019;425;425;425;425;25;10 625;-1.16%
22/02/2019;400;400;400;400;1 000;400 000;-5.88%
26/02/2019;400;400;400;400;233;93 200;0.00%
27/02/2019;400;400;400;400;49;19 600;0.00%
28/02/2019;395;395;395;395;40;15 800;-1.25%
01/03/2019;400;400;400;400;35;14 000;1.27%
04/03/2019;395;400;400;395;562;223 395;-1.25%
05/03/2019;385;385;385;385;53;20 405;-2.53%
06/03/2019;410;370;410;370;2 327;907 530;6.49%
07/03/2019;410;410;410;410;510;209 100;0.00%
08/03/2019;410;410;410;410;556;227 960;0.00%
11/03/2019;440;440;440;440;39;17 160;7.32%
12/03/2019;465;440;465;440;186;84 165;5.68%
13/03/2019;490;495;495;490;284;139 870;5.38%
14/03/2019;490;490;490;490;322;157 780;0.00%
15/03/2019;490;490;490;490;125;61 250;0.00%
18/03/2019;490;490;490;490;100;49 000;0.00%
19/03/2019;490;490;490;490;11;5 390;0.00%
21/03/2019;485;485;485;485;50;24 250;-1.02%
22/03/2019;450;450;450;450;1;450;-7.22%
26/03/2019;420;420;420;420;55;23 100;-6.67%
28/03/2019;415;400;415;400;140;57 050;-1.19%
29/03/2019;400;400;400;400;119;47 600;-3.61%
01/04/2019;400;400;400;400;158;63 200;0.00%
03/04/2019;410;410;410;410;421;172 610;2.50%
04/04/2019;430;410;430;410;1 154;484 680;4.88%
05/04/2019;430;450;450;430;7 620;3 352 800;0.00%
08/04/2019;430;430;430;430;1 307;562 010;0.00%
09/04/2019;425;415;425;415;65;27 300;-1.16%
10/04/2019;415;415;415;415;57;23 655;-2.35%
11/04/2019;415;415;415;415;144;59 760;0.00%
12/04/2019;385;415;415;385;70;28 000;-7.23%
15/04/2019;385;385;385;385;204;78 540;0.00%
17/04/2019;410;410;410;410;129;52 890;6.49%
18/04/2019;410;410;410;410;5;2 050;0.00%
19/04/2019;410;410;410;410;27;11 070;0.00%
22/04/2019;410;410;410;410;27;11 070;0.00%
23/04/2019;410;410;410;410;34;13 940;0.00%
24/04/2019;410;410;410;410;604;247 640;0.00%
25/04/2019;410;410;410;410;20;8 200;0.00%
26/04/2019;430;410;430;410;1 765;741 300;4.88%
29/04/2019;430;430;430;430;20;8 600;0.00%
30/04/2019;430;430;430;430;193;82 990;0.00%
01/05/2019;430;430;430;430;193;82 990;0.00%
02/05/2019;430;450;450;430;1 005;442 200;0.00%
03/05/2019;450;450;450;450;169;76 050;4.65%
06/05/2019;445;430;445;430;669;292 688;-1.11%
07/05/2019;450;445;450;445;1 800;805 500;1.12%
10/05/2019;420;420;420;420;21;8 820;-6.67%
13/05/2019;405;400;405;400;5 640;2 270 100;-3.57%
14/05/2019;400;400;400;400;200;80 000;-1.23%
15/05/2019;380;390;390;380;183;70 455;-5.00%
16/05/2019;380;380;380;380;785;298 300;0.00%
17/05/2019;390;390;390;390;6;2 340;2.63%
20/05/2019;380;380;380;380;402;152 760;-2.56%
21/05/2019;400;380;400;380;732;285 480;5.26%
22/05/2019;380;390;390;380;2 000;770 000;-5.00%
23/05/2019;405;405;405;405;1;405;6.58%
28/05/2019;420;400;420;400;21;8 610;5.00%
31/05/2019;420;415;420;415;429;179 108;0.00%
03/06/2019;425;425;425;425;332;141 100;1.19%
05/06/2019;425;425;425;425;554;235 450;0.00%
06/06/2019;425;425;425;425;11;4 675;0.00%
07/06/2019;425;425;425;425;400;170 000;0.00%
11/06/2019;430;425;430;425;74;31 635;1.18%
12/06/2019;425;425;425;425;144;61 200;-1.16%
17/06/2019;425;425;425;425;260;110 500;0.00%
19/06/2019;430;430;430;430;30;12 900;1.18%
20/06/2019;425;425;425;425;50;21 250;-1.16%
21/06/2019;425;425;425;425;8;3 400;0.00%
24/06/2019;425;425;425;425;876;372 300;0.00%
27/06/2019;410;420;420;410;53;21 995;-3.53%
28/06/2019;410;410;410;410;15;6 150;0.00%
02/07/2019;400;400;400;400;2;800;-2.44%
03/07/2019;400;400;400;400;500;200 000;0.00%
04/07/2019;395;395;395;395;75;29 625;-1.25%
10/07/2019;390;390;390;390;14;5 460;-1.27%
15/07/2019;375;375;375;375;19;7 125;-3.85%
16/07/2019;375;350;375;350;522;189 225;0.00%
18/07/2019;350;360;360;350;1 562;554 510;-6.67%
22/07/2019;350;350;350;350;1;350;0.00%
25/07/2019;375;375;375;375;538;201 750;7.14%
26/07/2019;350;350;350;350;373;130 550;-6.67%
29/07/2019;330;325;330;325;2 814;921 585;-5.71%
30/07/2019;350;350;350;350;30;10 500;6.06%
31/07/2019;375;375;375;375;736;276 000;7.14%
01/08/2019;375;375;375;375;10;3 750;0.00%
08/08/2019;375;375;375;375;22;8 250;0.00%
09/08/2019;375;375;375;375;750;281 250;0.00%
12/08/2019;375;375;375;375;750;281 250;0.00%
13/08/2019;390;370;390;370;38;14 440;4.00%
14/08/2019;375;375;375;375;255;95 625;-3.85%
15/08/2019;375;375;375;375;255;95 625;0.00%
16/08/2019;365;350;365;350;252;90 090;-2.67%
19/08/2019;345;350;350;345;550;191 125;-5.48%
20/08/2019;350;320;350;320;1 308;438 180;1.45%
21/08/2019;370;370;370;370;3;1 110;5.71%
23/08/2019;370;370;370;370;8;2 960;0.00%
28/08/2019;365;370;370;365;12;4 410;-1.35%
02/09/2019;360;360;360;360;280;100 800;-1.37%
03/09/2019;350;350;350;350;1 000;350 000;-2.78%
11/09/2019;325;325;325;325;1 057;343 525;-7.14%
12/09/2019;325;325;325;325;214;69 550;0.00%
13/09/2019;305;305;305;305;20;6 100;-6.15%
16/09/2019;300;305;305;300;566;171 215;-1.64%
17/09/2019;305;305;305;305;810;247 050;1.67%
18/09/2019;325;305;325;305;1 045;329 175;6.56%
19/09/2019;310;345;345;310;368;120 520;-4.62%
20/09/2019;315;310;315;310;1 402;438 125;1.61%
25/09/2019;315;315;315;315;180;56 700;0.00%
26/09/2019;310;310;310;310;800;248 000;-1.59%
27/09/2019;310;310;310;310;1 245;385 950;0.00%
01/10/2019;310;310;310;310;374;115 940;0.00%
07/10/2019;305;305;305;305;100;30 500;-1.61%
08/10/2019;300;300;300;300;270;81 000;-1.64%
10/10/2019;300;300;300;300;380;114 000;0.00%
14/10/2019;300;300;300;300;4 000;1 200 000;0.00%
15/10/2019;300;300;300;300;30;9 000;0.00%
16/10/2019;300;300;300;300;45;13 500;0.00%
17/10/2019;315;315;315;315;60;18 900;5.00%
18/10/2019;300;315;315;300;1 742;535 665;-4.76%
22/10/2019;315;305;315;305;5;1 550;5.00%
24/10/2019;300;300;300;300;70;21 000;-4.76%
25/10/2019;300;300;300;300;462;138 600;0.00%
28/10/2019;300;300;300;300;400;120 000;0.00%
30/10/2019;300;300;300;300;23;6 900;0.00%
04/11/2019;290;300;300;290;552;162 840;-3.33%
05/11/2019;290;290;290;290;50;14 500;0.00%
07/11/2019;290;290;290;290;2;580;0.00%
08/11/2019;300;300;300;300;321;96 300;3.45%
11/11/2019;290;300;300;290;70;20 650;-3.33%
12/11/2019;290;290;290;290;160;46 400;0.00%
13/11/2019;290;290;290;290;3;870;0.00%
18/11/2019;290;290;290;290;10;2 900;0.00%
19/11/2019;270;270;270;270;1 540;415 800;-6.90%
21/11/2019;260;260;260;260;500;130 000;-3.70%
25/11/2019;250;260;260;250;857;218 535;-3.85%
26/11/2019;250;250;250;250;4;1 000;0.00%
27/11/2019;250;250;250;250;5 835;1 458 750;0.00%
28/11/2019;245;245;245;245;586;143 570;-2.00%
02/12/2019;250;250;250;250;1 579;394 750;2.04%
03/12/2019;250;245;250;245;80;19 800;0.00%
04/12/2019;245;245;245;245;5;1 225;-2.00%
05/12/2019;230;245;245;230;255;60 563;-6.12%
06/12/2019;215;225;225;215;232;51 040;-6.52%
09/12/2019;205;225;225;205;470;101 050;-4.65%
10/12/2019;220;205;220;205;1 429;303 663;7.32%
11/12/2019;215;210;215;210;1 200;255 000;-2.27%
12/12/2019;200;215;215;200;306;63 495;-6.98%
17/12/2019;205;200;205;200;207;41 918;2.50%
18/12/2019;200;205;205;200;500;101 250;-2.44%
19/12/2019;210;210;210;210;7;1 470;5.00%
20/12/2019;200;200;200;200;500;100 000;-4.76%
23/12/2019;200;200;200;200;1 000;200 000;0.00%
27/12/2019;185;185;185;185;346;64 010;-7.50%
30/12/2019;180;185;185;180;173;31 573;-2.70%
31/12/2019;185;185;185;185;77;14 245;2.78%
01/01/2020;185;185;185;185;77;14 245;0.00%
03/01/2020;195;190;195;190;7;1 348;5.41%
06/01/2020;200;195;200;195;884;174 590;2.56%
08/01/2020;215;215;215;215;100;21 500;7.50%
09/01/2020;225;230;230;225;425;96 688;4.65%
10/01/2020;225;225;225;225;387;87 075;0.00%
13/01/2020;225;225;225;225;176;39 600;0.00%
14/01/2020;225;230;230;225;608;138 320;0.00%
15/01/2020;225;230;230;225;767;174 493;0.00%
16/01/2020;210;230;230;210;7 184;1 580 480;-6.67%
17/01/2020;210;210;210;210;301;63 210;0.00%
20/01/2020;210;210;210;210;407;85 470;0.00%
21/01/2020;225;225;225;225;284;63 900;7.14%
22/01/2020;225;225;225;225;30;6 750;0.00%
23/01/2020;240;240;240;240;2;480;6.67%
24/01/2020;255;255;255;255;50;12 750;6.25%
27/01/2020;245;240;245;240;324;78 570;-3.92%
28/01/2020;245;245;245;245;300;73 500;0.00%
29/01/2020;240;245;245;240;146;35 405;-2.04%
30/01/2020;240;240;240;240;797;191 280;0.00%
31/01/2020;240;240;240;240;142;34 080;0.00%
03/02/2020;235;235;235;235;630;148 050;-2.08%
04/02/2020;235;235;235;235;901;211 735;0.00%
05/02/2020;230;230;230;230;1 207;277 610;-2.13%
06/02/2020;240;240;240;240;5;1 200;4.35%
07/02/2020;230;230;230;230;225;51 750;-4.17%
10/02/2020;230;240;240;230;44;10 340;0.00%
11/02/2020;240;240;240;240;170;40 800;4.35%
12/02/2020;240;240;240;240;170;40 800;0.00%
17/02/2020;230;230;230;230;520;119 600;-4.17%
20/02/2020;230;230;230;230;187;43 010;0.00%
28/02/2020;230;230;230;230;145;33 350;0.00%
02/03/2020;230;230;230;230;75;17 250;0.00%
03/03/2020;230;235;235;230;151;35 108;0.00%
04/03/2020;225;230;230;225;185;42 088;-2.17%
05/03/2020;225;225;225;225;58;13 050;0.00%
06/03/2020;225;225;225;225;4;900;0.00%
09/03/2020;210;210;210;210;200;42 000;-6.67%
10/03/2020;210;210;210;210;504;105 840;0.00%
11/03/2020;210;210;210;210;462;97 020;0.00%
12/03/2020;210;210;210;210;5;1 050;0.00%
13/03/2020;200;200;200;200;650;130 000;-4.76%
16/03/2020;200;200;200;200;969;193 800;0.00%
17/03/2020;210;210;210;210;489;102 690;5.00%
18/03/2020;225;210;225;210;89;19 358;7.14%
19/03/2020;210;230;230;210;386;84 920;-6.67%
23/03/2020;210;210;210;210;525;110 250;0.00%
24/03/2020;210;215;215;210;1 723;366 138;0.00%
25/03/2020;215;215;215;215;412;88 580;2.38%
26/03/2020;220;220;220;220;25;5 500;2.33%
30/03/2020;220;220;220;220;970;213 400;0.00%
31/03/2020;235;220;235;220;293;66 658;6.82%
01/04/2020;240;235;240;235;2 410;572 375;2.13%
02/04/2020;240;250;250;240;114;27 930;0.00%
03/04/2020;225;240;240;225;320;74 400;-6.25%
06/04/2020;240;240;240;240;305;73 200;6.67%
07/04/2020;240;240;240;240;225;54 000;0.00%
08/04/2020;240;245;245;240;215;52 138;0.00%
09/04/2020;250;240;250;240;221;54 145;4.17%
10/04/2020;250;250;250;250;530;132 500;0.00%
13/04/2020;250;250;250;250;530;132 500;0.00%
14/04/2020;265;265;265;265;1 005;266 325;6.00%
16/04/2020;275;270;275;270;135;36 788;3.77%
20/04/2020;285;280;285;280;225;63 563;3.64%
21/04/2020;285;285;285;285;328;93 480;0.00%
22/04/2020;285;285;285;285;500;142 500;0.00%
24/04/2020;285;285;285;285;15;4 275;0.00%
28/04/2020;280;280;280;280;40;11 200;-1.75%
29/04/2020;265;275;275;265;2 025;546 750;-5.36%
04/05/2020;250;250;250;250;139;34 750;-5.66%
05/05/2020;235;235;235;235;70;16 450;-6.00%
07/05/2020;225;225;225;225;450;101 250;-4.26%
08/05/2020;210;215;215;210;354;75 225;-6.67%
11/05/2020;195;205;205;195;1 975;395 000;-7.14%
12/05/2020;195;195;195;195;391;76 245;0.00%
15/05/2020;200;200;200;200;9;1 800;2.56%
19/05/2020;205;205;205;205;300;61 500;2.50%
26/05/2020;200;200;200;200;100;20 000;-2.44%
29/05/2020;210;210;210;210;2;420;5.00%
01/06/2020;210;210;210;210;2;420;0.00%
02/06/2020;200;200;200;200;1 150;230 000;-4.76%
03/06/2020;200;200;200;200;1 000;200 000;0.00%
04/06/2020;200;200;200;200;1 638;327 600;0.00%
08/06/2020;200;210;210;200;2 480;508 400;0.00%
09/06/2020;215;215;215;215;1;215;7.50%
10/06/2020;230;230;230;230;1;230;6.98%
11/06/2020;245;245;245;245;1;245;6.52%
12/06/2020;245;250;250;245;28;6 930;0.00%
15/06/2020;245;245;245;245;60;14 700;0.00%
16/06/2020;240;245;245;240;60;14 550;-2.04%
17/06/2020;240;245;245;240;973;235 953;0.00%
18/06/2020;240;240;240;240;2 938;705 120;0.00%
19/06/2020;240;240;240;240;932;223 680;0.00%
22/06/2020;240;240;240;240;3 071;737 040;0.00%
23/06/2020;245;245;245;245;1 374;336 630;2.08%
24/06/2020;250;250;250;250;367;91 750;2.04%
25/06/2020;250;250;250;250;601;150 250;0.00%
26/06/2020;250;250;250;250;3 388;847 000;0.00%
29/06/2020;235;235;235;235;43;10 105;-6.00%
30/06/2020;235;250;250;235;201;48 743;0.00%
01/07/2020;235;235;235;235;1;235;0.00%
03/07/2020;235;235;235;235;1;235;0.00%
06/07/2020;220;235;235;220;59;13 423;-6.38%
07/07/2020;220;225;225;220;98;21 805;0.00%
08/07/2020;220;220;220;220;302;66 440;0.00%
13/07/2020;210;210;210;210;1;210;-4.55%
15/07/2020;210;215;215;210;18 949;4 026 663;0.00%
16/07/2020;210;210;210;210;1 200;252 000;0.00%
17/07/2020;195;195;195;195;28;5 460;-7.14%
20/07/2020;200;200;200;200;801;160 200;2.56%
21/07/2020;215;215;215;215;2;430;7.50%
23/07/2020;230;230;230;230;5;1 150;6.98%
24/07/2020;245;245;245;245;41;10 045;6.52%
27/07/2020;230;230;230;230;40;9 200;-6.12%
28/07/2020;215;215;215;215;72;15 480;-6.52%
29/07/2020;220;220;220;220;120;26 400;2.33%
30/07/2020;225;225;225;225;15;3 375;2.27%
31/07/2020;225;225;225;225;15;3 375;0.00%
03/08/2020;220;225;225;220;140;31 150;-2.22%
04/08/2020;220;220;220;220;2 743;603 460;0.00%
05/08/2020;210;210;210;210;49;10 290;-4.55%
10/08/2020;200;200;200;200;35;7 000;-4.76%
11/08/2020;215;215;215;215;1;215;7.50%
12/08/2020;215;220;220;215;81;17 618;0.00%
13/08/2020;200;215;215;200;300;62 250;-6.98%
18/08/2020;200;200;200;200;230;46 000;0.00%
21/08/2020;210;210;210;210;3 080;646 800;5.00%
25/08/2020;210;210;210;210;5;1 050;0.00%
26/08/2020;195;195;195;195;100;19 500;-7.14%
28/08/2020;185;185;185;185;1 807;334 295;-5.13%
31/08/2020;175;175;175;175;2 393;418 775;-5.41%
02/09/2020;165;165;165;165;137;22 605;-5.71%
04/09/2020;175;175;175;175;1 200;210 000;6.06%
07/09/2020;175;165;175;165;333;56 610;0.00%
08/09/2020;175;175;175;175;212;37 100;0.00%
10/09/2020;175;175;175;175;35;6 125;0.00%
14/09/2020;185;185;185;185;10;1 850;5.71%
15/09/2020;185;185;185;185;171;31 635;0.00%
17/09/2020;180;180;180;180;2;360;-2.70%
18/09/2020;185;180;185;180;508;92 710;2.78%
21/09/2020;195;180;195;180;601;112 688;5.41%
29/09/2020;205;195;205;195;12;2 400;5.13%
02/10/2020;210;210;210;210;190;39 900;2.44%
05/10/2020;210;210;210;210;6;1 260;0.00%
06/10/2020;210;210;210;210;207;43 470;0.00%
07/10/2020;210;210;210;210;85;17 850;0.00%
08/10/2020;225;210;225;210;517;112 448;7.14%
09/10/2020;225;225;225;225;200;45 000;0.00%
12/10/2020;220;220;220;220;776;170 720;-2.22%
14/10/2020;220;220;220;220;1;220;0.00%
15/10/2020;220;220;220;220;10;2 200;0.00%
19/10/2020;215;215;215;215;60;12 900;-2.27%
20/10/2020;215;215;215;215;44;9 460;0.00%
22/10/2020;210;210;210;210;167;35 070;-2.33%
23/10/2020;195;195;195;195;200;39 000;-7.14%
26/10/2020;195;195;195;195;107;20 865;0.00%
27/10/2020;195;195;195;195;48;9 360;0.00%
28/10/2020;185;185;185;185;75;13 875;-5.13%
29/10/2020;185;185;185;185;75;13 875;0.00%
30/10/2020;185;185;185;185;153;28 305;0.00%
03/11/2020;185;185;185;185;101;18 685;0.00%
04/11/2020;185;185;185;185;1 167;215 895;0.00%
05/11/2020;185;185;185;185;301;55 685;0.00%
09/11/2020;175;175;175;175;637;111 475;-5.41%
11/11/2020;175;175;175;175;94;16 450;0.00%
12/11/2020;175;175;175;175;506;88 550;0.00%
13/11/2020;175;175;175;175;150;26 250;0.00%
19/11/2020;185;185;185;185;1;185;5.71%
20/11/2020;195;195;195;195;4;780;5.41%
23/11/2020;205;205;205;205;1;205;5.13%
24/11/2020;195;195;195;195;50;9 750;-4.88%
25/11/2020;205;205;205;205;6;1 230;5.13%
27/11/2020;200;200;200;200;83;16 600;-2.44%
30/11/2020;200;200;200;200;17;3 400;0.00%
01/12/2020;205;200;205;200;14 943;3 025 958;2.50%
02/12/2020;190;190;190;190;60;11 400;-7.32%
15/12/2020;195;195;195;195;15;2 925;2.63%
16/12/2020;200;200;200;200;5 514;1 102 800;2.56%
17/12/2020;200;200;200;200;154;30 800;0.00%
18/12/2020;200;200;200;200;66 011;13 202 200;0.00%
23/12/2020;215;215;215;215;3;645;7.50%
24/12/2020;200;200;200;200;453;90 600;-6.98%
25/12/2020;200;200;200;200;453;90 600;0.00%
28/12/2020;185;200;200;185;693;133 403;-7.50%
29/12/2020;195;185;195;185;3 404;646 760;5.41%
30/12/2020;195;195;195;195;25;4 875;0.00%
31/12/2020;185;185;185;185;15;2 775;-5.13%
05/01/2021;185;185;185;185;840;155 400;0.00%
06/01/2021;185;180;185;180;2 336;426 320;0.00%
07/01/2021;190;190;190;190;100;19 000;2.70%
11/01/2021;200;200;200;200;35;7 000;5.26%
12/01/2021;200;200;200;200;1;200;0.00%
13/01/2021;200;200;200;200;1 464;292 800;0.00%
14/01/2021;200;200;200;200;52;10 400;0.00%
18/01/2021;200;200;200;200;245;49 000;0.00%
19/01/2021;200;200;200;200;15;3 000;0.00%
20/01/2021;200;200;200;200;135;27 000;0.00%
21/01/2021;195;195;195;195;165;32 175;-2.50%
22/01/2021;200;195;200;195;580;114 550;2.56%
26/01/2021;200;200;200;200;2 528;505 600;0.00%
27/01/2021;200;200;200;200;3 086;617 200;0.00%
28/01/2021;200;200;200;200;605;121 000;0.00%
29/01/2021;205;205;205;205;200;41 000;2.50%
01/02/2021;215;215;215;215;30;6 450;4.88%
02/02/2021;205;215;215;205;746;156 660;-4.65%
03/02/2021;205;205;205;205;2 821;578 305;0.00%
04/02/2021;205;205;205;205;326;66 830;0.00%
05/02/2021;205;205;205;205;100;20 500;0.00%
08/02/2021;205;205;205;205;45;9 225;0.00%
09/02/2021;200;200;200;200;250;50 000;-2.44%
10/02/2021;205;205;205;205;10;2 050;2.50%
11/02/2021;200;205;205;200;78;15 795;-2.44%
12/02/2021;205;205;205;205;30;6 150;2.50%
15/02/2021;200;205;205;200;146;29 565;-2.44%
16/02/2021;200;200;200;200;1 926;385 200;0.00%
17/02/2021;205;205;205;205;1;205;2.50%
18/02/2021;200;205;205;200;289;58 523;-2.44%
19/02/2021;205;205;205;205;100;20 500;2.50%
22/02/2021;200;200;200;200;200;40 000;-2.44%
24/02/2021;205;200;205;200;40;8 100;2.50%
26/02/2021;205;205;205;205;1;205;0.00%
02/03/2021;205;205;205;205;230;47 150;0.00%
03/03/2021;200;200;200;200;200;40 000;-2.44%
04/03/2021;200;200;200;200;140;28 000;0.00%
05/03/2021;205;205;205;205;500;102 500;2.50%
09/03/2021;205;205;205;205;12;2 460;0.00%
10/03/2021;200;200;200;200;40;8 000;-2.44%
11/03/2021;205;205;205;205;58;11 890;2.50%
12/03/2021;210;210;210;210;40;8 400;2.44%
15/03/2021;210;210;210;210;15;3 150;0.00%
16/03/2021;210;210;210;210;65;13 650;0.00%
17/03/2021;210;210;210;210;10;2 100;0.00%
18/03/2021;210;210;210;210;26;5 460;0.00%
19/03/2021;210;205;210;205;478;99 185;0.00%
22/03/2021;210;210;210;210;839;176 190;0.00%
24/03/2021;210;210;210;210;235;49 350;0.00%
26/03/2021;210;210;210;210;300;63 000;0.00%
31/03/2021;210;210;210;210;170;35 700;0.00%
01/04/2021;210;210;210;210;110;23 100;0.00%
06/04/2021;210;210;210;210;100;21 000;0.00%
07/04/2021;210;210;210;210;281;59 010;0.00%
08/04/2021;210;215;215;210;7;1 488;0.00%
09/04/2021;210;210;210;210;15;3 150;0.00%
12/04/2021;210;210;210;210;719;150 990;0.00%
13/04/2021;210;210;210;210;52;10 920;0.00%
14/04/2021;210;210;210;210;18;3 780;0.00%
15/04/2021;205;210;210;205;202;41 915;-2.38%
16/04/2021;200;205;205;200;7 655;1 550 138;-2.44%
19/04/2021;200;200;200;200;10;2 000;0.00%
20/04/2021;200;200;200;200;100;20 000;0.00%
22/04/2021;200;200;200;200;1 383;276 600;0.00%
23/04/2021;200;200;200;200;250;50 000;0.00%
26/04/2021;215;200;215;200;1 785;370 388;7.50%
27/04/2021;220;210;220;210;407;87 505;2.33%
28/04/2021;220;210;220;210;1 228;264 020;0.00%
29/04/2021;220;220;220;220;1 100;242 000;0.00%
30/04/2021;215;220;220;215;104;22 620;-2.27%
03/05/2021;215;215;215;215;637;136 955;0.00%
04/05/2021;220;220;220;220;3;660;2.33%
05/05/2021;220;220;220;220;135;29 700;0.00%
07/05/2021;220;235;235;220;251;57 103;0.00%
10/05/2021;235;235;235;235;104;24 440;6.82%
11/05/2021;250;250;250;250;149;37 250;6.38%
12/05/2021;250;250;250;250;149;37 250;0.00%
14/05/2021;265;265;265;265;5;1 325;6.00%
17/05/2021;280;265;280;265;66;17 985;5.66%
18/05/2021;300;260;300;260;885;247 800;7.14%
19/05/2021;320;300;320;300;3 184;987 040;6.67%
20/05/2021;340;340;340;340;360;122 400;6.25%
21/05/2021;365;345;365;345;83;29 465;7.35%
24/05/2021;365;345;365;345;83;29 465;0.00%
25/05/2021;390;365;390;365;1 183;446 583;6.85%
26/05/2021;390;390;390;390;860;335 400;0.00%
27/05/2021;410;390;410;390;1 655;662 000;5.13%
28/05/2021;435;435;435;435;440;191 400;6.10%
31/05/2021;435;440;440;435;516;225 750;0.00%
01/06/2021;435;435;435;435;114;49 590;0.00%
02/06/2021;425;435;435;425;287;123 410;-2.30%
03/06/2021;395;395;395;395;749;295 855;-7.06%
04/06/2021;370;390;390;370;4 109;1 561 420;-6.33%
07/06/2021;345;365;365;345;1 115;395 825;-6.76%
08/06/2021;320;320;320;320;696;222 720;-7.25%
09/06/2021;325;320;325;320;1 617;521 483;1.56%
10/06/2021;335;325;335;325;152;50 160;3.08%
11/06/2021;345;335;345;335;1 383;470 220;2.99%
14/06/2021;370;360;370;360;1 201;438 365;7.25%
15/06/2021;370;370;370;370;821;303 770;0.00%
16/06/2021;370;370;370;370;717;265 290;0.00%
18/06/2021;395;350;395;350;9 032;3 364 420;6.76%
21/06/2021;420;420;420;420;252;105 840;6.33%
22/06/2021;450;435;450;435;1 312;580 560;7.14%
23/06/2021;480;480;480;480;10 420;5 001 600;6.67%
24/06/2021;480;480;480;480;371;178 080;0.00%
25/06/2021;470;480;480;470;240;114 000;-2.08%
28/06/2021;435;450;450;435;251;111 068;-7.45%
29/06/2021;410;435;435;410;422;178 295;-5.75%
30/06/2021;410;380;410;380;520;205 400;0.00%
01/07/2021;420;390;420;390;3 455;1 399 275;2.44%
02/07/2021;450;435;450;435;903;399 578;7.14%
05/07/2021;435;450;450;435;498;220 365;-3.33%
06/07/2021;435;435;435;435;50;21 750;0.00%
07/07/2021;435;450;450;435;123;54 428;0.00%
08/07/2021;435;440;440;435;78;34 125;0.00%
09/07/2021;425;450;450;425;202;88 375;-2.30%
12/07/2021;455;425;455;425;997;438 680;7.06%
13/07/2021;470;470;470;470;155;72 850;3.30%
14/07/2021;470;455;470;455;21;9 713;0.00%
15/07/2021;470;470;470;470;1 070;502 900;0.00%
16/07/2021;470;470;470;470;328;154 160;0.00%
19/07/2021;465;465;465;465;137;63 705;-1.06%
20/07/2021;465;465;465;465;137;63 705;0.00%
21/07/2021;465;465;465;465;379;176 235;0.00%
22/07/2021;465;465;465;465;758;352 470;0.00%
23/07/2021;465;465;465;465;137;63 705;0.00%
26/07/2021;465;465;465;465;152;70 680;0.00%
27/07/2021;470;465;470;465;1 044;488 070;1.08%
28/07/2021;465;470;470;465;4 149;1 939 658;-1.06%
29/07/2021;465;470;470;465;136;63 580;0.00%
30/07/2021;450;465;465;450;1 587;726 053;-3.23%
02/08/2021;465;450;465;450;413;188 948;3.33%
03/08/2021;445;450;450;445;49;21 928;-4.30%
04/08/2021;445;425;445;425;1 355;589 425;0.00%
05/08/2021;465;465;465;465;356;165 540;4.49%
09/08/2021;465;465;465;465;285;132 525;0.00%
10/08/2021;450;460;460;450;115;52 325;-3.23%
11/08/2021;450;455;455;450;596;269 690;0.00%
12/08/2021;455;435;455;435;72;32 040;1.11%
13/08/2021;460;455;460;455;240;109 800;1.10%
16/08/2021;450;460;460;450;150;68 250;-2.17%
17/08/2021;450;460;460;450;97;44 135;0.00%
18/08/2021;455;455;455;455;95;43 225;1.11%
19/08/2021;450;455;455;450;530;239 825;-1.10%
20/08/2021;455;460;460;455;513;234 698;1.11%
23/08/2021;455;460;460;455;508;232 410;0.00%
24/08/2021;455;455;455;455;771;350 805;0.00%
25/08/2021;455;455;455;455;452;205 660;0.00%
26/08/2021;465;465;465;465;315;146 475;2.20%
27/08/2021;460;465;465;460;1 046;483 775;-1.08%
30/08/2021;465;460;465;460;4;1 850;1.09%
31/08/2021;460;460;460;460;170;78 200;-1.08%
01/09/2021;460;465;465;460;30;13 875;0.00%
03/09/2021;460;460;460;460;1 384;636 640;0.00%
06/09/2021;455;455;455;455;558;253 890;-1.09%
07/09/2021;455;455;455;455;1 191;541 905;0.00%
08/09/2021;450;455;455;450;351;158 828;-1.10%
09/09/2021;455;455;455;455;100;45 500;1.11%
10/09/2021;455;450;455;450;686;310 415;0.00%
13/09/2021;455;455;455;455;260;118 300;0.00%
14/09/2021;455;455;455;455;50;22 750;0.00%
15/09/2021;455;455;455;455;35;15 925;0.00%
16/09/2021;455;455;455;455;78;35 490;0.00%
20/09/2021;460;460;460;460;5 868;2 699 280;1.10%
21/09/2021;460;460;460;460;646;297 160;0.00%
22/09/2021;460;465;465;460;747;345 488;0.00%
23/09/2021;490;470;490;470;3 135;1 504 800;6.52%
24/09/2021;500;500;500;500;5 148;2 574 000;2.04%
27/09/2021;535;535;535;535;51;27 285;7.00%
28/09/2021;545;575;575;545;6 889;3 857 840;1.87%
29/09/2021;585;570;585;570;268;154 770;7.34%
30/09/2021;625;585;625;585;1 263;764 115;6.84%
01/10/2021;670;625;670;625;345;223 388;7.20%
04/10/2021;665;670;670;665;1 011;674 843;-0.75%
05/10/2021;660;665;665;660;492;325 950;-0.75%
06/10/2021;650;660;660;650;219;143 445;-1.52%
07/10/2021;615;650;650;615;785;496 513;-5.38%
08/10/2021;615;600;615;600;1 185;719 888;0.00%
11/10/2021;610;610;610;610;1 300;793 000;-0.81%
12/10/2021;600;610;610;600;1 258;761 090;-1.64%
13/10/2021;645;600;645;600;2 602;1 619 745;7.50%
14/10/2021;645;645;645;645;12;7 740;0.00%
15/10/2021;635;645;645;635;176;112 640;-1.55%
18/10/2021;635;645;645;635;176;112 640;0.00%
19/10/2021;635;615;635;615;644;402 500;0.00%
20/10/2021;615;615;615;615;110;67 650;-3.15%
21/10/2021;635;615;635;615;867;541 875;3.25%
22/10/2021;610;640;640;610;214;133 750;-3.94%
25/10/2021;600;600;600;600;250;150 000;-1.64%
26/10/2021;630;600;630;600;522;321 030;5.00%
27/10/2021;615;615;615;615;50;30 750;-2.38%
28/10/2021;620;600;620;600;64;39 040;0.81%
29/10/2021;615;620;620;615;296;182 780;-0.81%
01/11/2021;615;620;620;615;296;182 780;0.00%
02/11/2021;610;600;610;600;3 202;1 937 210;-0.81%
03/11/2021;600;615;615;600;119;72 293;-1.64%
04/11/2021;605;605;605;605;310;187 550;0.83%
05/11/2021;615;615;615;615;265;162 975;1.65%
08/11/2021;600;610;610;600;2 087;1 262 635;-2.44%
09/11/2021;615;615;615;615;2 392;1 471 080;2.50%
10/11/2021;610;615;615;610;827;506 538;-0.81%
11/11/2021;610;610;610;610;1 418;864 980;0.00%
12/11/2021;615;605;615;605;135;82 350;0.82%
15/11/2021;615;605;615;605;135;82 350;0.00%
16/11/2021;605;605;605;605;1 302;787 710;-1.63%
17/11/2021;615;605;615;605;1 914;1 167 540;1.65%
18/11/2021;605;605;605;605;705;426 525;-1.63%
19/11/2021;600;605;605;600;788;474 770;-0.83%
22/11/2021;600;600;600;600;4;2 400;0.00%
23/11/2021;615;615;615;615;1 836;1 129 140;2.50%
24/11/2021;615;615;615;615;5 635;3 465 525;0.00%
25/11/2021;615;615;615;615;679;417 585;0.00%
26/11/2021;610;615;615;610;443;271 338;-0.81%
29/11/2021;605;605;605;605;257;155 485;-0.82%
30/11/2021;600;600;600;600;150;90 000;-0.83%
01/12/2021;600;600;600;600;51;30 600;0.00%
02/12/2021;595;580;595;580;547;321 363;-0.83%
03/12/2021;610;580;610;580;179;106 505;2.52%
06/12/2021;615;600;615;600;1 868;1 134 810;0.82%
07/12/2021;600;600;600;600;3 146;1 887 600;-2.44%
08/12/2021;595;600;600;595;1 472;879 520;-0.83%
09/12/2021;595;595;595;595;93;55 335;0.00%
10/12/2021;580;590;590;580;140;81 900;-2.52%
13/12/2021;585;585;585;585;100;58 500;0.86%
14/12/2021;585;585;585;585;68;39 780;0.00%
15/12/2021;580;580;580;580;103;59 740;-0.85%
16/12/2021;580;580;580;580;80;46 400;0.00%
17/12/2021;580;580;580;580;145;84 100;0.00%
20/12/2021;620;585;620;585;75 278;45 354 995;6.90%
21/12/2021;665;600;665;600;12 933;8 180 123;7.26%
22/12/2021;710;665;710;665;2 163;1 487 063;6.77%
23/12/2021;760;710;760;710;1 196;879 060;7.04%
24/12/2021;815;750;815;750;139;108 768;7.24%
27/12/2021;875;815;875;815;840;709 800;7.36%
28/12/2021;900;810;900;810;6 313;5 397 615;2.86%
29/12/2021;835;840;840;835;474;396 975;-7.22%
30/12/2021;835;850;850;835;77 977;65 695 623;0.00%
31/12/2021;895;835;895;835;3 516;3 041 340;7.19%
03/01/2022;960;895;960;895;1 289;1 195 548;7.26%
04/01/2022;950;895;950;895;2 281;2 104 223;-1.04%
05/01/2022;900;900;900;900;395;355 500;-5.26%
06/01/2022;875;875;875;875;1 290;1 128 750;-2.78%
07/01/2022;880;835;880;835;355;304 413;0.57%
10/01/2022;835;880;880;835;55;47 163;-5.11%
11/01/2022;775;835;835;775;2 276;1 832 180;-7.19%
12/01/2022;830;775;830;775;302;242 355;7.10%
13/01/2022;880;830;880;830;202;172 710;6.02%
14/01/2022;830;830;830;830;612;507 960;-5.68%
17/01/2022;815;815;815;815;150;122 250;-1.81%
18/01/2022;780;830;830;780;147;118 335;-4.29%
19/01/2022;815;780;815;780;198;157 905;4.49%
20/01/2022;875;815;875;815;1 639;1 384 955;7.36%
21/01/2022;875;850;875;850;510;439 875;0.00%
24/01/2022;875;875;875;875;645;564 375;0.00%
25/01/2022;875;875;875;875;764;668 500;0.00%
26/01/2022;875;875;875;875;371;324 625;0.00%
27/01/2022;875;875;875;875;298;260 750;0.00%
28/01/2022;925;875;925;875;286;257 400;5.71%
31/01/2022;875;925;925;875;428;385 200;-5.41%
01/02/2022;875;875;875;875;230;201 250;0.00%
02/02/2022;900;875;900;875;941;835 138;2.86%
03/02/2022;900;875;900;875;401;355 888;0.00%
07/02/2022;900;835;900;835;1 730;1 500 775;0.00%
08/02/2022;835;900;900;835;359;311 433;-7.22%
09/02/2022;775;840;840;775;2 846;2 298 145;-7.19%
10/02/2022;720;775;775;720;83 356;62 308 610;-7.10%
11/02/2022;770;770;770;770;8 838;6 805 260;6.94%
14/02/2022;825;825;825;825;228;188 100;7.14%
15/02/2022;875;885;885;875;84 996;74 796 480;6.06%
16/02/2022;940;875;940;875;8 116;7 365 270;7.43%
17/02/2022;940;940;940;940;1 667;1 566 980;0.00%
18/02/2022;1 000;940;1 000;940;79 766;77 373 020;6.38%
21/02/2022;925;960;960;925;8 242;7 768 085;-7.50%
22/02/2022;860;900;900;860;485;426 800;-7.03%
23/02/2022;800;850;850;800;1 549;1 277 925;-6.98%
24/02/2022;740;860;860;740;2 408;1 926 400;-7.50%
25/02/2022;695;740;740;695;2 675;1 919 313;-6.08%
28/02/2022;700;745;745;700;4 378;3 163 105;0.72%
01/03/2022;750;750;750;750;71 493;53 619 750;7.14%
02/03/2022;805;805;805;805;759;610 995;7.33%
03/03/2022;860;865;865;860;9 103;7 851 338;6.83%
04/03/2022;920;865;920;865;3 967;3 540 548;6.98%
07/03/2022;855;910;910;855;63 505;56 043 163;-7.07%
08/03/2022;850;850;850;850;1 571;1 335 350;-0.58%
09/03/2022;840;850;850;840;11 074;9 357 530;-1.18%
10/03/2022;840;860;860;840;4 515;3 837 750;0.00%
11/03/2022;835;835;835;835;993;829 155;-0.60%
14/03/2022;850;840;850;840;871;735 995;1.80%
15/03/2022;790;850;850;790;530;434 600;-7.06%
16/03/2022;790;790;790;790;214;169 060;0.00%
17/03/2022;770;750;770;750;1 161;882 360;-2.53%
18/03/2022;805;760;805;760;1 447;1 132 278;4.55%
21/03/2022;805;805;805;805;164;132 020;0.00%
22/03/2022;800;805;805;800;530;425 325;-0.62%
23/03/2022;795;800;800;795;1 673;1 334 218;-0.63%
24/03/2022;795;795;795;795;380;302 100;0.00%
25/03/2022;795;770;795;770;208;162 760;0.00%
28/03/2022;850;795;850;795;758;623 455;6.92%
29/03/2022;840;845;845;840;332;279 710;-1.18%
30/03/2022;835;840;840;835;110;92 125;-0.60%
31/03/2022;890;835;890;835;9 694;8 361 075;6.59%
01/04/2022;840;890;890;840;1 138;984 370;-5.62%
04/04/2022;840;840;840;840;1 035;869 400;0.00%
05/04/2022;835;835;835;835;487;406 645;-0.60%
06/04/2022;800;800;800;800;9 262;7 409 600;-4.19%
07/04/2022;800;800;800;800;1 070;856 000;0.00%
08/04/2022;840;845;845;840;741;624 293;5.00%
11/04/2022;830;845;845;830;877;734 488;-1.19%
12/04/2022;830;830;830;830;106;87 980;0.00%
13/04/2022;825;825;825;825;27;22 275;-0.60%
14/04/2022;825;825;825;825;652;537 900;0.00%
15/04/2022;825;825;825;825;50;41 250;0.00%
19/04/2022;820;825;825;820;112;92 120;-0.61%
20/04/2022;775;815;815;775;274;217 830;-5.49%
21/04/2022;770;775;775;770;3 456;2 669 760;-0.65%
22/04/2022;810;770;810;770;1 187;937 730;5.19%
25/04/2022;825;800;825;800;13 566;11 022 375;1.85%
26/04/2022;875;885;885;875;2 682;2 360 160;6.06%
27/04/2022;840;850;850;840;1 990;1 681 550;-4.00%
28/04/2022;840;850;850;840;1 990;1 681 550;0.00%
29/04/2022;840;840;840;840;100;84 000;0.00%
02/05/2022;840;840;840;840;100;84 000;0.00%
03/05/2022;830;830;830;830;1 485;1 232 550;-1.19%
04/05/2022;825;830;830;825;3 530;2 921 075;-0.60%
05/05/2022;825;825;825;825;1 876;1 547 700;0.00%
06/05/2022;885;825;885;825;3 817;3 263 535;7.27%
09/05/2022;880;885;885;880;706;623 045;-0.56%
10/05/2022;830;880;880;830;362;309 510;-5.68%
11/05/2022;830;885;885;830;1 887;1 618 103;0.00%
12/05/2022;830;885;885;830;1 887;1 618 103;0.00%
13/05/2022;880;825;880;825;227;193 518;6.02%
16/05/2022;830;830;830;830;1 030;854 900;-5.68%
17/05/2022;850;830;850;830;173;145 320;2.41%
18/05/2022;825;830;830;825;217;179 568;-2.94%
19/05/2022;825;825;825;825;180;148 500;0.00%
20/05/2022;825;825;825;825;1 513;1 248 225;0.00%
23/05/2022;845;850;850;845;327;277 133;2.42%
24/05/2022;825;845;845;825;882;736 470;-2.37%
25/05/2022;825;845;845;825;882;736 470;0.00%
27/05/2022;825;825;825;825;1 203;992 475;0.00%
30/05/2022;870;825;870;825;545;461 888;5.45%
31/05/2022;825;825;825;825;910;750 750;-5.17%
01/06/2022;825;825;825;825;1 360;1 122 000;0.00%
02/06/2022;865;825;865;825;539;455 455;4.85%
03/06/2022;855;860;860;855;103;88 323;-1.16%
06/06/2022;855;860;860;855;103;88 323;0.00%
07/06/2022;825;850;850;825;456;381 900;-3.51%
08/06/2022;825;825;825;825;1 165;961 125;0.00%
09/06/2022;825;825;825;825;1 008;831 600;0.00%
10/06/2022;825;825;825;825;2 247;1 853 775;0.00%
13/06/2022;850;825;850;825;103;86 263;3.03%
14/06/2022;850;845;850;845;1 417;1 200 908;0.00%
15/06/2022;825;850;850;825;292;244 550;-2.94%
16/06/2022;845;845;845;845;1;845;2.42%
17/06/2022;850;845;850;845;392;332 220;0.59%
20/06/2022;845;850;850;845;650;550 875;-0.59%
21/06/2022;845;845;845;845;7;5 915;0.00%
22/06/2022;845;845;845;845;100;84 500;0.00%
23/06/2022;825;845;845;825;500;417 500;-2.37%
24/06/2022;845;845;845;845;10;8 450;2.42%
27/06/2022;850;850;850;850;520;442 000;0.59%
28/06/2022;830;830;830;830;470;390 100;-2.35%
29/06/2022;850;830;850;830;225;189 000;2.41%
30/06/2022;850;850;850;850;16;13 600;0.00%
01/07/2022;850;850;850;850;20;17 000;0.00%
04/07/2022;850;850;850;850;4;3 400;0.00%
05/07/2022;850;850;850;850;14;11 900;0.00%
06/07/2022;835;835;835;835;50;41 750;-1.76%
07/07/2022;850;850;850;850;110;93 500;1.80%
08/07/2022;835;850;850;835;101;85 093;-1.76%
11/07/2022;835;835;835;835;106;88 510;0.00%
12/07/2022;835;835;835;835;335;279 725;0.00%
13/07/2022;830;835;835;830;125;104 063;-0.60%
14/07/2022;835;830;835;830;213;177 323;0.60%
15/07/2022;835;830;835;830;213;177 323;0.00%
18/07/2022;835;830;835;830;1 256;1 045 620;0.00%
19/07/2022;830;830;830;830;238;197 540;-0.60%
20/07/2022;825;830;830;825;309;255 698;-0.60%
21/07/2022;825;830;830;825;2 015;1 667 413;0.00%
22/07/2022;845;825;845;825;25;20 875;2.42%
25/07/2022;825;840;840;825;1 099;914 918;-2.37%
26/07/2022;825;825;825;825;110;90 750;0.00%
27/07/2022;830;825;830;825;381;315 278;0.61%
28/07/2022;830;830;830;830;318;263 940;0.00%
29/07/2022;830;825;830;825;258;213 495;0.00%
01/08/2022;840;830;840;830;87;72 645;1.20%
02/08/2022;835;840;840;835;27;22 613;-0.60%
03/08/2022;825;835;835;825;929;771 070;-1.20%
04/08/2022;840;840;840;840;39;32 760;1.82%
05/08/2022;840;840;840;840;85;71 400;0.00%
08/08/2022;840;840;840;840;85;71 400;0.00%
09/08/2022;840;835;840;835;143;119 763;0.00%
10/08/2022;835;835;835;835;16;13 360;-0.60%
11/08/2022;825;835;835;825;1 096;909 680;-1.20%
12/08/2022;825;825;825;825;72;59 400;0.00%
15/08/2022;825;825;825;825;72;59 400;0.00%
16/08/2022;810;820;820;810;330;268 950;-1.82%
17/08/2022;810;810;810;810;1 140;923 400;0.00%
18/08/2022;830;810;830;810;4 181;3 428 420;2.47%
19/08/2022;830;810;830;810;4 181;3 428 420;0.00%
22/08/2022;825;825;825;825;53;43 725;-0.60%
23/08/2022;815;815;815;815;5;4 075;-1.21%
24/08/2022;815;815;815;815;5;4 075;0.00%
25/08/2022;810;820;820;810;1 041;848 415;-0.61%
26/08/2022;810;810;810;810;56;45 360;0.00%
29/08/2022;810;810;810;810;45;36 450;0.00%
30/08/2022;750;790;790;750;1 373;1 057 210;-7.41%
31/08/2022;750;750;750;750;1 044;783 000;0.00%
01/09/2022;800;750;800;750;1 727;1 338 425;6.67%
02/09/2022;750;750;750;750;50;37 500;-6.25%
05/09/2022;780;780;780;780;57;44 460;4.00%
06/09/2022;755;750;755;750;460;346 150;-3.21%
07/09/2022;755;755;755;755;100;75 500;0.00%
08/09/2022;780;780;780;780;659;514 020;3.31%
09/09/2022;770;765;770;765;345;264 788;-1.28%
12/09/2022;730;770;770;730;796;597 000;-5.19%
13/09/2022;730;765;765;730;43;32 143;0.00%
14/09/2022;680;750;750;680;408;291 720;-6.85%
15/09/2022;730;680;730;680;214;150 870;7.35%
16/09/2022;770;770;770;770;226;174 020;5.48%
19/09/2022;750;770;770;750;1 156;878 560;-2.60%
20/09/2022;750;750;750;750;126;94 500;0.00%
21/09/2022;695;745;745;695;755;543 600;-7.33%
22/09/2022;745;695;745;695;72 035;51 865 200;7.19%
23/09/2022;800;750;800;750;6 163;4 776 325;7.38%
26/09/2022;850;740;850;740;5 237;4 163 415;6.25%
27/09/2022;910;850;910;850;3 445;3 031 600;7.06%
28/09/2022;975;900;975;900;7 660;7 181 250;7.14%
29/09/2022;910;975;975;910;788;742 690;-6.67%
30/09/2022;845;845;845;845;577;487 565;-7.14%
03/10/2022;840;845;845;840;837;705 173;-0.59%
04/10/2022;835;790;835;790;351;285 188;-0.60%
05/10/2022;895;835;895;835;2 345;2 028 425;7.19%
06/10/2022;895;895;895;895;2 659;2 379 805;0.00%
07/10/2022;895;835;895;835;18;15 570;0.00%
10/10/2022;895;835;895;835;266;230 090;0.00%
11/10/2022;950;895;950;895;8 935;8 242 538;6.15%
12/10/2022;930;945;945;930;284;266 250;-2.11%
13/10/2022;865;880;880;865;1 072;935 320;-6.99%
14/10/2022;865;865;865;865;103;89 095;0.00%
17/10/2022;860;860;860;860;313;269 180;-0.58%
18/10/2022;840;850;850;840;105;88 725;-2.33%
19/10/2022;840;840;840;840;65;54 600;0.00%
20/10/2022;845;845;845;845;3 710;3 134 950;0.60%
21/10/2022;860;860;860;860;100;86 000;1.78%
24/10/2022;820;835;835;820;219;181 223;-4.65%
25/10/2022;860;860;860;860;1;860;4.88%
26/10/2022;800;800;800;800;243;194 400;-6.98%
27/10/2022;860;860;860;860;46;39 560;7.50%
28/10/2022;800;860;860;800;103;85 490;-6.98%
31/10/2022;800;860;860;800;103;85 490;0.00%
02/11/2022;840;855;855;840;63;53 393;5.00%
03/11/2022;860;835;860;835;3 226;2 734 035;2.38%
04/11/2022;800;800;800;800;1 190;952 000;-6.98%
07/11/2022;800;800;800;800;1 190;952 000;0.00%
08/11/2022;800;800;800;800;88;70 400;0.00%
09/11/2022;800;800;800;800;308;246 400;0.00%
10/11/2022;800;800;800;800;21;16 800;0.00%
11/11/2022;795;795;795;795;7;5 565;-0.63%
14/11/2022;800;795;800;795;169;134 778;0.63%
15/11/2022;800;795;800;795;169;134 778;0.00%
16/11/2022;860;800;860;800;722;599 260;7.50%
17/11/2022;860;800;860;800;16;13 280;0.00%
18/11/2022;860;800;860;800;16;13 280;0.00%
21/11/2022;860;860;860;860;10;8 600;0.00%
22/11/2022;860;860;860;860;30;25 800;0.00%
23/11/2022;800;800;800;800;119;95 200;-6.98%
24/11/2022;800;800;800;800;116;92 800;0.00%
25/11/2022;785;785;785;785;221;173 485;-1.88%
28/11/2022;785;785;785;785;8;6 280;0.00%
29/11/2022;745;745;745;745;278;207 110;-5.10%
30/11/2022;745;745;745;745;278;207 110;0.00%
01/12/2022;745;745;745;745;278;207 110;0.00%
02/12/2022;700;700;700;700;494;345 800;-6.04%
05/12/2022;700;700;700;700;728;509 600;0.00%
06/12/2022;750;750;750;750;20;15 000;7.14%
07/12/2022;750;750;750;750;20;15 000;0.00%
08/12/2022;740;740;740;740;15;11 100;-1.33%
09/12/2022;740;760;760;740;23;17 250;0.00%
12/12/2022;730;730;730;730;12;8 760;-1.35%
13/12/2022;720;720;720;720;98;70 560;-1.37%
14/12/2022;700;720;720;700;221;156 910;-2.78%
15/12/2022;700;700;700;700;1 162;813 400;0.00%
16/12/2022;695;695;695;695;841;584 495;-0.71%
19/12/2022;690;695;695;690;486;336 555;-0.72%
20/12/2022;650;690;690;650;115;77 050;-5.80%
21/12/2022;650;690;690;650;115;77 050;0.00%
22/12/2022;695;655;695;655;3 915;2 642 625;6.92%
23/12/2022;695;695;695;695;135;93 825;0.00%
26/12/2022;695;695;695;695;135;93 825;0.00%
27/12/2022;715;695;715;695;428;301 740;2.88%
28/12/2022;715;695;715;695;428;301 740;0.00%
29/12/2022;675;715;715;675;566;393 370;-5.59%
30/12/2022;675;680;680;675;429;290 648;0.00%
02/01/2023;675;675;675;675;40;27 000;0.00%
03/01/2023;675;625;675;625;1 765;1 147 250;0.00%
04/01/2023;625;675;675;625;2 231;1 450 150;-7.41%
05/01/2023;625;625;625;625;109;68 125;0.00%
06/01/2023;625;670;670;625;22;14 245;0.00%
09/01/2023;670;625;670;625;175;113 313;7.20%
10/01/2023;620;670;670;620;2 148;1 385 460;-7.46%
11/01/2023;665;620;665;620;3 383;2 173 578;7.26%
12/01/2023;665;665;665;665;338;224 770;0.00%
13/01/2023;620;660;660;620;1 488;952 320;-6.77%
16/01/2023;620;620;620;620;12 265;7 604 300;0.00%
17/01/2023;620;620;620;620;3 262;2 022 440;0.00%
18/01/2023;620;610;620;610;252;154 980;0.00%
19/01/2023;660;665;665;660;44;29 150;6.45%
20/01/2023;700;660;700;660;745;506 600;6.06%
23/01/2023;715;650;715;650;660;450 450;2.14%
24/01/2023;715;695;715;695;170;119 850;0.00%
25/01/2023;715;695;715;695;170;119 850;0.00%
26/01/2023;710;715;715;710;120;85 500;-0.70%
27/01/2023;710;710;710;710;715;507 650;0.00%
30/01/2023;710;710;710;710;715;507 650;0.00%
31/01/2023;710;700;710;700;1 066;751 530;0.00%
01/02/2023;700;700;700;700;101;70 700;-1.41%
02/02/2023;700;700;700;700;10;7 000;0.00%
03/02/2023;720;700;720;700;3 326;2 361 460;2.86%
06/02/2023;750;750;750;750;10;7 500;4.17%
07/02/2023;740;740;740;740;162;119 880;-1.33%
08/02/2023;740;740;740;740;612;452 880;0.00%
09/02/2023;735;735;735;735;17;12 495;-0.68%
10/02/2023;735;725;735;725;753;549 690;0.00%
13/02/2023;730;740;740;730;29;21 315;-0.68%
14/02/2023;730;680;730;680;3 079;2 170 695;0.00%
15/02/2023;730;730;730;730;310;226 300;0.00%
16/02/2023;730;730;730;730;66;48 180;0.00%
17/02/2023;730;730;730;730;20;14 600;0.00%
20/02/2023;720;730;730;720;180;130 500;-1.37%
21/02/2023;720;670;720;670;21;14 595;0.00%
22/02/2023;720;720;720;720;554;398 880;0.00%
23/02/2023;720;720;720;720;554;398 880;0.00%
24/02/2023;710;715;715;710;135;96 188;-1.39%
27/02/2023;710;715;715;710;135;96 188;0.00%
28/02/2023;700;700;700;700;51;35 700;-1.41%
01/03/2023;700;655;700;655;634;429 535;0.00%
02/03/2023;700;655;700;655;634;429 535;0.00%
03/03/2023;700;700;700;700;60;42 000;0.00%
06/03/2023;710;650;710;650;6 708;4 561 440;1.43%
07/03/2023;710;650;710;650;6 708;4 561 440;0.00%
08/03/2023;700;700;700;700;107;74 900;-1.41%
09/03/2023;690;695;695;690;821;568 543;-1.43%
10/03/2023;690;695;695;690;821;568 543;0.00%
13/03/2023;680;685;685;680;602;410 865;-1.45%
14/03/2023;670;675;675;670;73;49 093;-1.47%
15/03/2023;665;620;665;620;2 214;1 422 495;-0.75%
16/03/2023;645;645;645;645;226;145 770;-3.01%
17/03/2023;640;645;645;640;1 011;649 568;-0.78%
20/03/2023;640;635;640;635;901;574 388;0.00%
21/03/2023;640;600;640;600;818;507 160;0.00%
22/03/2023;640;640;640;640;1 352;865 280;0.00%
23/03/2023;635;635;635;635;230;146 050;-0.78%
24/03/2023;635;625;635;625;55;34 650;0.00%
27/03/2023;635;615;635;615;226;141 250;0.00%
28/03/2023;635;635;635;635;384;243 840;0.00%
29/03/2023;635;620;635;620;613;384 658;0.00%
30/03/2023;605;600;605;600;650;391 625;-4.72%
31/03/2023;625;610;625;610;4 002;2 471 235;3.31%
03/04/2023;635;625;635;625;260;163 800;1.60%
04/04/2023;630;625;630;625;829;520 198;-0.79%
05/04/2023;635;635;635;635;24;15 240;0.79%
06/04/2023;630;635;635;630;51;32 258;-0.79%
07/04/2023;630;635;635;630;51;32 258;0.00%
11/04/2023;630;630;630;630;306;192 780;0.00%
12/04/2023;630;630;630;630;306;192 780;0.00%
13/04/2023;630;630;630;630;100;63 000;0.00%
14/04/2023;625;625;625;625;198;123 750;-0.79%
17/04/2023;625;605;625;605;493;303 195;0.00%
18/04/2023;625;605;625;605;493;303 195;0.00%
19/04/2023;625;605;625;605;3;1 845;0.00%
20/04/2023;625;605;625;605;290;178 350;0.00%
21/04/2023;625;605;625;605;290;178 350;0.00%
24/04/2023;625;625;625;625;7;4 375;0.00%
25/04/2023;620;605;620;605;707;433 038;-0.80%
26/04/2023;630;620;630;620;7 197;4 498 125;1.61%
27/04/2023;630;630;630;630;2 012;1 267 560;0.00%
28/04/2023;630;625;630;625;132;82 830;0.00%
01/05/2023;630;625;630;625;132;82 830;0.00%
02/05/2023;630;600;630;600;945;581 175;0.00%
03/05/2023;630;600;630;600;945;581 175;0.00%
04/05/2023;600;600;600;600;3 278;1 966 800;-4.76%
05/05/2023;620;600;620;600;5 910;3 605 100;3.33%
08/05/2023;610;615;615;610;210;128 625;-1.61%
09/05/2023;600;610;610;600;512;309 760;-1.64%
10/05/2023;610;590;610;590;258;154 800;1.67%
11/05/2023;600;610;610;600;288;174 240;-1.64%
12/05/2023;605;600;605;600;212;127 730;0.83%
15/05/2023;600;605;605;600;10;6 025;-0.83%
16/05/2023;605;600;605;600;84;50 610;0.83%
17/05/2023;565;605;605;565;205;119 925;-6.61%
18/05/2023;565;605;605;565;205;119 925;0.00%
19/05/2023;550;550;550;550;75;41 250;-2.65%
22/05/2023;565;565;565;565;93;52 545;2.73%
23/05/2023;600;600;600;600;32;19 200;6.19%
24/05/2023;600;565;600;565;392;228 340;0.00%
25/05/2023;600;600;600;600;140;84 000;0.00%
26/05/2023;600;605;605;600;120;72 300;0.00%
29/05/2023;600;605;605;600;120;72 300;0.00%
30/05/2023;600;600;600;600;106;63 600;0.00%
31/05/2023;600;600;600;600;10;6 000;0.00%
01/06/2023;590;600;600;590;397;236 215;-1.67%
02/06/2023;600;550;600;550;1 549;890 675;1.69%
05/06/2023;605;600;605;600;60;36 150;0.83%
06/06/2023;605;600;605;600;46;27 715;0.00%
07/06/2023;600;605;605;600;9 351;5 633 978;-0.83%
08/06/2023;600;600;600;600;143;85 800;0.00%
09/06/2023;600;605;605;600;43;25 908;0.00%
12/06/2023;600;600;600;600;17;10 200;0.00%
13/06/2023;600;600;600;600;2;1 200;0.00%
14/06/2023;600;600;600;600;2;1 200;0.00%
15/06/2023;600;600;600;600;87;52 200;0.00%
16/06/2023;600;600;600;600;2;1 200;0.00%
19/06/2023;600;600;600;600;53;31 800;0.00%
20/06/2023;600;600;600;600;1;600;0.00%
21/06/2023;600;600;600;600;193;115 800;0.00%
22/06/2023;600;600;600;600;3;1 800;0.00%
23/06/2023;600;600;600;600;219;131 400;0.00%
26/06/2023;600;600;600;600;219;131 400;0.00%
27/06/2023;585;585;585;585;80;46 800;-2.50%
28/06/2023;585;585;585;585;80;46 800;0.00%
29/06/2023;585;585;585;585;95;55 575;0.00%
30/06/2023;600;600;600;600;400;240 000;2.56%
03/07/2023;580;585;585;580;855;498 038;-3.33%
04/07/2023;580;550;580;550;252;142 380;0.00%
05/07/2023;580;580;580;580;50;29 000;0.00%
06/07/2023;580;580;580;580;189;109 620;0.00%
07/07/2023;575;570;575;570;530;303 425;-0.86%
10/07/2023;570;580;580;570;487;280 025;-0.87%
11/07/2023;560;555;560;555;128;71 360;-1.75%
12/07/2023;560;555;560;555;128;71 360;0.00%
13/07/2023;575;570;575;570;209;119 653;2.68%
14/07/2023;550;575;575;550;1 028;578 250;-4.35%
17/07/2023;570;550;570;550;357;199 920;3.64%
18/07/2023;550;570;570;550;79;44 240;-3.51%
19/07/2023;570;550;570;550;51;28 560;3.64%
20/07/2023;570;570;570;570;130;74 100;0.00%
21/07/2023;580;570;580;570;451;259 325;1.75%
24/07/2023;580;580;580;580;156;90 480;0.00%
25/07/2023;550;580;580;550;112;63 280;-5.17%
26/07/2023;570;570;570;570;145;82 650;3.64%
27/07/2023;570;570;570;570;135;76 950;0.00%
28/07/2023;570;570;570;570;98;55 860;0.00%
31/07/2023;570;570;570;570;1 555;886 350;0.00%
01/08/2023;545;570;570;545;58;32 335;-4.39%
02/08/2023;545;545;545;545;416;226 720;0.00%
03/08/2023;560;545;560;545;212;117 130;2.75%
04/08/2023;560;560;560;560;91;50 960;0.00%
07/08/2023;560;560;560;560;91;50 960;0.00%
08/08/2023;560;560;560;560;32;17 920;0.00%
09/08/2023;560;560;560;560;69;38 640;0.00%
10/08/2023;560;560;560;560;165;92 400;0.00%
11/08/2023;520;560;560;520;150;81 000;-7.14%
14/08/2023;550;550;550;550;535;294 250;5.77%
15/08/2023;550;550;550;550;535;294 250;0.00%
16/08/2023;560;560;560;560;300;168 000;1.82%
17/08/2023;560;560;560;560;435;243 600;0.00%
18/08/2023;550;560;560;550;381;211 455;-1.79%
21/08/2023;550;550;550;550;495;272 250;0.00%
22/08/2023;550;550;550;550;33;18 150;0.00%
23/08/2023;560;560;560;560;2;1 120;1.82%
24/08/2023;550;550;550;550;425;233 750;-1.79%
25/08/2023;550;550;550;550;411;226 050;0.00%
28/08/2023;550;550;550;550;1 114;612 700;0.00%
29/08/2023;550;550;550;550;51;28 050;0.00%
30/08/2023;550;550;550;550;13;7 150;0.00%
31/08/2023;550;550;550;550;111;61 050;0.00%
01/09/2023;550;510;550;510;230;121 900;0.00%
04/09/2023;515;510;515;510;1 550;794 375;-6.36%
05/09/2023;515;550;550;515;198;105 435;0.00%
06/09/2023;515;515;515;515;690;355 350;0.00%
07/09/2023;515;515;515;515;1 758;905 370;0.00%
08/09/2023;515;515;515;515;1 758;905 370;0.00%
11/09/2023;515;515;515;515;127;65 405;0.00%
12/09/2023;525;515;525;515;147;76 440;1.94%
13/09/2023;525;525;525;525;205;107 625;0.00%
14/09/2023;525;525;525;525;120;63 000;0.00%
15/09/2023;525;525;525;525;276;144 900;0.00%
18/09/2023;515;550;550;515;207;110 228;-1.90%
19/09/2023;525;525;525;525;10;5 250;1.94%
20/09/2023;515;545;545;515;319;169 070;-1.90%
21/09/2023;525;515;525;515;340;176 800;1.94%
22/09/2023;545;545;545;545;10;5 450;3.81%
25/09/2023;545;545;545;545;903;492 135;0.00%
26/09/2023;505;545;545;505;306;160 650;-7.34%
27/09/2023;505;545;545;505;306;160 650;0.00%
28/09/2023;505;500;505;500;514;258 285;0.00%
29/09/2023;500;500;500;500;834;417 000;-0.99%
02/10/2023;535;500;535;500;283;146 453;7.00%
03/10/2023;495;535;535;495;474;244 110;-7.48%
04/10/2023;525;500;525;500;104;53 300;6.06%
05/10/2023;530;530;530;530;193;102 290;0.95%
06/10/2023;530;530;530;530;564;298 920;0.00%
09/10/2023;495;495;495;495;15;7 425;-6.60%
10/10/2023;510;510;510;510;333;169 830;3.03%
11/10/2023;530;495;530;495;80;41 000;3.92%
12/10/2023;565;530;565;530;7 761;4 249 148;6.60%
13/10/2023;565;550;565;550;35;19 513;0.00%
16/10/2023;560;560;560;560;20;11 200;-0.88%
17/10/2023;525;555;555;525;147;79 380;-6.25%
18/10/2023;555;555;555;555;1 191;661 005;5.71%
19/10/2023;595;555;595;555;1 516;871 700;7.21%
20/10/2023;635;595;635;595;5 114;3 145 110;6.72%
23/10/2023;595;635;635;595;125;76 875;-6.30%
24/10/2023;615;615;615;615;229;140 835;3.36%
25/10/2023;615;615;615;615;53;32 595;0.00%
26/10/2023;615;615;615;615;10;6 150;0.00%
27/10/2023;615;600;615;600;996;605 070;0.00%
30/10/2023;605;605;605;605;200;121 000;-1.63%
31/10/2023;600;615;615;600;350;212 625;-0.83%
01/11/2023;600;615;615;600;350;212 625;0.00%
02/11/2023;555;600;600;555;107;61 793;-7.50%
03/11/2023;555;555;555;555;7;3 885;0.00%
06/11/2023;595;515;595;515;548;304 140;7.21%
07/11/2023;600;595;600;595;83;49 593;0.84%
09/11/2023;595;595;595;595;100;59 500;-0.83%
13/11/2023;595;590;595;590;3;1 778;0.00%
14/11/2023;620;585;620;585;61 812;37 241 730;4.20%
15/11/2023;620;585;620;585;61 812;37 241 730;0.00%
16/11/2023;665;595;665;595;4 496;2 832 480;7.26%
17/11/2023;680;665;680;665;6 972;4 688 670;2.26%
20/11/2023;720;680;720;680;3 334;2 333 800;5.88%
21/11/2023;750;680;750;680;5 543;3 963 245;4.17%
22/11/2023;800;725;800;725;1 137;866 963;6.67%
23/11/2023;840;795;840;795;1 060;866 550;5.00%
24/11/2023;900;800;900;800;2 216;1 883 600;7.14%
27/11/2023;895;840;895;840;96 240;83 488 200;-0.56%
28/11/2023;890;855;890;855;1 340;1 169 150;-0.56%
29/11/2023;885;855;885;855;377;327 990;-0.56%
30/11/2023;820;820;820;820;922;756 040;-7.34%
01/12/2023;820;820;820;820;6;4 920;0.00%
04/12/2023;790;760;790;760;122;94 550;-3.66%
05/12/2023;750;750;750;750;752;564 000;-5.06%
06/12/2023;700;700;700;700;485;339 500;-6.67%
07/12/2023;695;695;695;695;541;375 995;-0.71%
08/12/2023;720;695;720;695;3 534;2 500 305;3.60%
11/12/2023;750;750;750;750;69 840;52 380 000;4.17%
12/12/2023;755;755;755;755;1 870;1 411 850;0.67%
13/12/2023;755;755;755;755;1 080;815 400;0.00%
14/12/2023;810;755;810;755;864;676 080;7.28%
15/12/2023;850;755;850;755;1 714;1 375 485;4.94%
19/12/2023;850;845;850;845;83 620;70 867 950;0.00%
22/12/2023;790;790;790;790;1;790;-7.06%
25/12/2023;790;790;790;790;1;790;0.00%
26/12/2023;840;840;840;840;2;1 680;6.33%
27/12/2023;840;800;840;800;135;110 700;0.00%
28/12/2023;830;840;840;830;20 530;17 142 550;-1.19%
29/12/2023;830;790;830;790;192;155 520;0.00%
01/01/2024;830;790;830;790;192;155 520;0.00%
02/01/2024;830;830;830;830;14;11 620;0.00%
03/01/2024;820;820;820;820;162;132 840;-1.20%
04/01/2024;825;825;825;825;68 008;56 106 600;0.61%
05/01/2024;830;765;830;765;12;9 570;0.61%
08/01/2024;830;825;830;825;17 644;14 600 410;0.00%
09/01/2024;845;830;845;830;177;148 238;1.81%
10/01/2024;845;845;845;845;141;119 145;0.00%
11/01/2024;830;785;830;785;87;70 253;-1.78%
12/01/2024;825;825;825;825;30;24 750;-0.60%
15/01/2024;825;825;825;825;230;189 750;0.00%
16/01/2024;820;770;820;770;105;83 475;-0.61%
17/01/2024;820;760;820;760;6 568;5 188 720;0.00%
18/01/2024;825;820;825;820;179;147 228;0.61%
19/01/2024;825;825;825;825;150;123 750;0.00%
22/01/2024;825;825;825;825;105;86 625;0.00%
24/01/2024;820;820;820;820;20;16 400;-0.61%
25/01/2024;820;760;820;760;715;564 850;0.00%
26/01/2024;820;820;820;820;20;16 400;0.00%
29/01/2024;820;760;820;760;1 891;1 493 890;0.00%
30/01/2024;820;810;820;810;513;418 095;0.00%
31/01/2024;820;820;820;820;8;6 560;0.00%
01/02/2024;820;810;820;810;620;505 300;0.00%
02/02/2024;815;820;820;815;74;60 495;-0.61%
05/02/2024;820;760;820;760;2 354;1 859 660;0.61%
06/02/2024;820;815;820;815;361;295 118;0.00%
07/02/2024;815;805;815;805;1 493;1 209 330;-0.61%
09/02/2024;815;815;815;815;20;16 300;0.00%
12/02/2024;815;815;815;815;20;16 300;0.00%
13/02/2024;820;810;820;810;179;145 885;0.61%
14/02/2024;820;820;820;820;10;8 200;0.00%
16/02/2024;820;800;820;800;861;697 410;0.00%
19/02/2024;815;815;815;815;28;22 820;-0.61%
20/02/2024;815;815;815;815;27;22 005;0.00%
21/02/2024;815;810;815;810;150;121 875;0.00%
22/02/2024;815;815;815;815;10;8 150;0.00%
23/02/2024;815;815;815;815;192;156 480;0.00%
26/02/2024;815;815;815;815;60;48 900;0.00%
27/02/2024;815;815;815;815;50;40 750;0.00%
28/02/2024;815;815;815;815;50;40 750;0.00%
01/03/2024;815;760;815;760;901;709 538;0.00%
05/03/2024;800;800;800;800;10;8 000;-1.84%
06/03/2024;800;800;800;800;35;28 000;0.00%
07/03/2024;800;800;800;800;33;26 400;0.00%
08/03/2024;800;795;800;795;67;53 433;0.00%
11/03/2024;800;755;800;755;152;118 180;0.00%
12/03/2024;800;790;800;790;478;380 010;0.00%
13/03/2024;800;800;800;800;69;55 200;0.00%
14/03/2024;800;800;800;800;5;4 000;0.00%
18/03/2024;800;800;800;800;300;240 000;0.00%
19/03/2024;800;755;800;755;356;276 790;0.00%
21/03/2024;790;795;795;790;608;481 840;-1.25%
22/03/2024;790;790;790;790;39;30 810;0.00%
26/03/2024;785;780;785;780;473;370 123;-0.63%
28/03/2024;810;780;810;780;1 842;1 464 390;3.18%
29/03/2024;805;805;805;805;136;109 480;-0.62%
01/04/2024;805;805;805;805;136;109 480;0.00%
02/04/2024;800;800;800;800;122;97 600;-0.62%
03/04/2024;800;800;800;800;6;4 800;0.00%
04/04/2024;800;800;800;800;130;104 000;0.00%
05/04/2024;800;800;800;800;130;104 000;0.00%
08/04/2024;800;800;800;800;5 142;4 113 600;0.00%
09/04/2024;800;740;800;740;56;43 120;0.00%
10/04/2024;800;740;800;740;56;43 120;0.00%
11/04/2024;800;800;800;800;5;4 000;0.00%
12/04/2024;800;800;800;800;264;211 200;0.00%
15/04/2024;800;750;800;750;33;25 575;0.00%
16/04/2024;800;800;800;800;73;58 400;0.00%
17/04/2024;800;750;800;750;341;264 275;0.00%
18/04/2024;800;750;800;750;341;264 275;0.00%
19/04/2024;800;740;800;740;142;109 340;0.00%
22/04/2024;800;800;800;800;1;800;0.00%
23/04/2024;800;800;800;800;102;81 600;0.00%
24/04/2024;800;750;800;750;102;79 050;0.00%
25/04/2024;800;800;800;800;21;16 800;0.00%
26/04/2024;800;800;800;800;21;16 800;0.00%
29/04/2024;750;740;750;740;9;6 705;-6.25%
30/04/2024;740;740;740;740;7;5 180;-1.33%
01/05/2024;740;740;740;740;7;5 180;0.00%
02/05/2024;740;740;740;740;109;80 660;0.00%
03/05/2024;685;740;740;685;21;14 963;-7.43%
06/05/2024;685;685;685;685;75;51 375;0.00%
07/05/2024;675;675;675;675;50;33 750;-1.46%
08/05/2024;650;650;650;650;100;65 000;-3.70%
09/05/2024;650;650;650;650;100;65 000;0.00%
10/05/2024;675;675;675;675;144;97 200;3.85%
13/05/2024;675;675;675;675;144;97 200;0.00%
14/05/2024;700;675;700;675;266;182 875;3.70%
15/05/2024;700;700;700;700;143;100 100;0.00%
16/05/2024;650;650;650;650;151;98 150;-7.14%
17/05/2024;650;650;650;650;597;388 050;0.00%
20/05/2024;650;650;650;650;597;388 050;0.00%
21/05/2024;650;650;650;650;401;260 650;0.00%
22/05/2024;605;605;605;605;8;4 840;-6.92%
23/05/2024;605;605;605;605;22;13 310;0.00%
24/05/2024;605;645;645;605;155;96 875;0.00%
27/05/2024;650;650;650;650;486;315 900;7.44%
28/05/2024;650;650;650;650;486;315 900;0.00%
29/05/2024;605;650;650;605;27;16 943;-6.92%
30/05/2024;645;600;645;600;90;56 025;6.61%
31/05/2024;645;645;645;645;154;99 330;0.00%
03/06/2024;600;600;600;600;114;68 400;-6.98%
04/06/2024;640;600;640;600;963;597 060;6.67%
05/06/2024;595;640;640;595;191;117 943;-7.03%
06/06/2024;580;555;580;555;312;177 060;-2.52%
07/06/2024;580;580;580;580;206;119 480;0.00%
10/06/2024;575;580;580;575;18;10 395;-0.86%
11/06/2024;575;575;575;575;26;14 950;0.00%
12/06/2024;575;575;575;575;1 204;692 300;0.00%
13/06/2024;575;575;575;575;853;490 475;0.00%
14/06/2024;575;575;575;575;105;60 375;0.00%
18/06/2024;560;570;570;560;590;333 350;-2.61%
19/06/2024;525;560;560;525;1 116;605 430;-6.25%
20/06/2024;500;550;550;500;23 062;12 107 550;-4.76%
21/06/2024;500;500;500;500;1 474;737 000;0.00%
24/06/2024;490;500;500;490;104;51 480;-2.00%
25/06/2024;455;500;500;455;1 334;636 985;-7.14%
26/06/2024;480;480;480;480;177;84 960;5.49%
27/06/2024;500;500;500;500;373;186 500;4.17%
28/06/2024;500;500;500;500;1 125;562 500;0.00%
01/07/2024;500;500;500;500;51;25 500;0.00%
02/07/2024;500;500;500;500;11;5 500;0.00%
03/07/2024;495;500;500;495;26;12 935;-1.00%
04/07/2024;490;495;495;490;730;359 525;-1.01%
05/07/2024;490;490;490;490;139;68 110;0.00%
08/07/2024;465;490;490;465;259;123 673;-5.10%
09/07/2024;490;490;490;490;788;386 120;5.38%
10/07/2024;490;490;490;490;1 218;596 820;0.00%
11/07/2024;490;490;490;490;103;50 470;0.00%
12/07/2024;490;490;490;490;812;397 880;0.00%
15/07/2024;490;490;490;490;67;32 830;0.00%
16/07/2024;490;490;490;490;4 952;2 426 480;0.00%
17/07/2024;500;490;500;490;462;228 690;2.04%
18/07/2024;500;500;500;500;33 071;16 535 500;0.00%
19/07/2024;470;500;500;470;11 081;5 374 285;-6.00%
22/07/2024;495;470;495;470;33 362;16 097 165;5.32%
23/07/2024;490;495;495;490;24 357;11 995 823;-1.01%
24/07/2024;495;490;495;490;1 621;798 343;1.02%
25/07/2024;500;495;500;495;2 439;1 213 403;1.01%
26/07/2024;495;510;510;495;1 602;805 005;-1.00%
29/07/2024;495;495;495;495;1 023;506 385;0.00%
30/07/2024;510;495;510;495;5 875;2 952 188;3.03%
31/07/2024;545;510;545;510;454;239 485;6.86%
01/08/2024;575;545;575;545;1 052;589 120;5.50%
02/08/2024;575;575;575;575;20 756;11 934 700;0.00%
05/08/2024;565;575;575;565;509;290 130;-1.74%
06/08/2024;565;570;570;565;52;29 510;0.00%
07/08/2024;565;570;570;565;52;29 510;0.00%
08/08/2024;570;570;570;570;3 211;1 830 270;0.88%
09/08/2024;560;550;560;550;378;209 790;-1.75%
12/08/2024;570;555;570;555;196;110 250;1.79%
13/08/2024;605;570;605;570;1 655;972 313;6.14%
14/08/2024;650;650;650;650;163;105 950;7.44%
15/08/2024;650;650;650;650;163;105 950;0.00%
16/08/2024;695;655;695;655;1 143;771 525;6.92%
19/08/2024;645;720;720;645;8 097;5 526 203;-7.19%
20/08/2024;600;600;600;600;1 591;954 600;-6.98%
21/08/2024;600;590;600;590;17 458;10 387 510;0.00%
22/08/2024;600;600;600;600;53;31 800;0.00%
23/08/2024;640;645;645;640;282;181 185;6.67%
26/08/2024;640;640;640;640;102;65 280;0.00%
27/08/2024;670;600;670;600;193;122 555;4.69%
28/08/2024;660;660;660;660;144;95 040;-1.49%
29/08/2024;700;660;700;660;766;520 880;6.06%
30/08/2024;650;690;690;650;295;197 650;-7.14%
02/09/2024;650;650;650;650;363;235 950;0.00%
03/09/2024;625;650;650;625;1 677;1 069 088;-3.85%
04/09/2024;645;650;650;645;1 021;661 098;3.20%
05/09/2024;640;625;640;625;206;130 295;-0.78%
06/09/2024;595;640;640;595;520;321 100;-7.03%
09/09/2024;585;590;590;585;920;540 500;-1.68%
10/09/2024;595;595;595;595;333;198 135;1.71%
11/09/2024;595;555;595;555;11 772;6 768 900;0.00%
12/09/2024;555;595;595;555;2 996;1 722 700;-6.72%
13/09/2024;555;555;555;555;1 407;780 885;0.00%
16/09/2024;565;565;565;565;490;276 850;1.80%
17/09/2024;565;555;565;555;6 195;3 469 200;0.00%
18/09/2024;525;565;565;525;4 891;2 665 595;-7.08%
19/09/2024;555;525;555;525;24 168;13 050 720;5.71%
20/09/2024;555;555;555;555;2 930;1 626 150;0.00%
23/09/2024;555;555;555;555;832;461 760;0.00%
24/09/2024;560;560;560;560;2 981;1 669 360;0.90%
25/09/2024;520;555;555;520;923;496 113;-7.14%
26/09/2024;500;520;520;500;2 264;1 154 640;-3.85%
27/09/2024;535;505;535;505;3 107;1 615 640;7.00%
30/09/2024;535;555;555;535;10 648;5 803 160;0.00%
01/10/2024;525;560;560;525;2 301;1 248 293;-1.87%
02/10/2024;520;535;535;520;2 781;1 466 978;-0.95%
03/10/2024;540;520;540;520;15 791;8 369 230;3.85%
04/10/2024;535;540;540;535;6 933;3 726 488;-0.93%
07/10/2024;500;535;535;500;5 244;2 713 770;-6.54%
08/10/2024;500;535;535;500;1 191;616 343;0.00%
09/10/2024;500;505;505;500;6 082;3 056 205;0.00%
10/10/2024;475;530;530;475;1 876;942 690;-5.00%
11/10/2024;505;475;505;475;4 084;2 001 160;6.32%
14/10/2024;505;510;510;505;3 181;1 614 358;0.00%
15/10/2024;520;505;520;505;1 305;668 813;2.97%
16/10/2024;510;520;520;510;981;505 215;-1.92%
17/10/2024;525;510;525;510;358;185 265;2.94%
18/10/2024;525;525;525;525;2 532;1 329 300;0.00%
21/10/2024;525;525;525;525;10 686;5 610 150;0.00%
22/10/2024;525;495;525;495;2 192;1 117 920;0.00%
23/10/2024;525;525;525;525;152;79 800;0.00%
24/10/2024;530;525;530;525;977;515 368;0.95%
25/10/2024;520;530;530;520;389;204 225;-1.89%
28/10/2024;520;520;520;520;66;34 320;0.00%
29/10/2024;520;520;520;520;857;445 640;0.00%
30/10/2024;520;520;520;520;17;8 840;0.00%
31/10/2024;520;520;520;520;24;12 480;0.00%
01/11/2024;520;520;520;520;24;12 480;0.00%
04/11/2024;520;520;520;520;5 180;2 693 600;0.00%
05/11/2024;535;500;535;500;2 536;1 312 380;2.88%
06/11/2024;530;535;535;530;866;461 145;-0.93%
07/11/2024;520;525;525;520;1 627;850 108;-1.89%
08/11/2024;520;520;520;520;263;136 760;0.00%
11/11/2024;485;490;490;485;7 783;3 794 213;-6.73%
12/11/2024;500;490;500;490;794;393 030;3.09%
13/11/2024;500;520;520;500;986;502 860;0.00%
14/11/2024;500;500;500;500;1 109;554 500;0.00%
15/11/2024;500;500;500;500;1 109;554 500;0.00%
18/11/2024;495;500;500;495;2 472;1 229 820;-1.00%
19/11/2024;510;485;510;485;2 327;1 157 683;3.03%
20/11/2024;510;495;510;495;5 044;2 534 610;0.00%
21/11/2024;510;495;510;495;588;295 470;0.00%
22/11/2024;510;510;510;510;117;59 670;0.00%
25/11/2024;510;510;510;510;66;33 660;0.00%
26/11/2024;510;510;510;510;7;3 570;0.00%
27/11/2024;510;510;510;510;5;2 550;0.00%
28/11/2024;510;510;510;510;193;98 430;0.00%
29/11/2024;515;510;515;510;492;252 150;0.98%
02/12/2024;495;515;515;495;294;148 470;-3.88%
03/12/2024;500;530;530;500;2 151;1 107 765;1.01%
04/12/2024;510;495;510;495;940;472 350;2.00%
05/12/2024;500;530;530;500;2 375;1 223 125;-1.96%
06/12/2024;515;500;515;500;778;394 835;3.00%
09/12/2024;510;515;515;510;1 423;729 288;-0.97%
10/12/2024;510;515;515;510;267;136 838;0.00%
11/12/2024;510;515;515;510;41;21 013;0.00%
12/12/2024;510;510;510;510;28;14 280;0.00%
13/12/2024;500;510;510;500;254;128 270;-1.96%
16/12/2024;500;520;520;500;332;169 320;0.00%
17/12/2024;515;520;520;515;464;240 120;3.00%
18/12/2024;515;520;520;515;512;264 960;0.00%
19/12/2024;510;520;520;510;4 763;2 452 945;-0.97%
20/12/2024;510;510;510;510;51;26 010;0.00%
23/12/2024;500;515;515;500;589;298 918;-1.96%
26/12/2024;485;485;485;485;84;40 740;-3.00%
27/12/2024;510;510;510;510;21;10 710;5.15%
30/12/2024;475;500;500;475;331;161 363;-6.86%
31/12/2024;500;500;500;500;141;70 500;5.26%
01/01/2025;500;500;500;500;141;70 500;0.00%
02/01/2025;500;500;500;500;48;24 000;0.00%
03/01/2025;495;495;495;495;90;44 550;-1.00%
06/01/2025;495;495;495;495;216;106 920;0.00%
07/01/2025;510;495;510;495;171;85 928;3.03%
08/01/2025;510;495;510;495;27;13 568;0.00%
09/01/2025;510;510;510;510;145;73 950;0.00%
10/01/2025;510;500;510;500;76;38 380;0.00%
13/01/2025;500;510;510;500;102;51 510;-1.96%
14/01/2025;500;500;500;500;131;65 500;0.00%
15/01/2025;475;495;495;475;145;70 325;-5.00%
16/01/2025;450;500;500;450;4 633;2 200 675;-5.26%
17/01/2025;475;450;475;450;829;383 413;5.56%
20/01/2025;495;475;495;475;115;55 775;4.21%
21/01/2025;485;495;495;485;145;71 050;-2.02%
22/01/2025;450;485;485;450;27;12 623;-7.22%
23/01/2025;455;455;455;455;91;41 405;1.11%
24/01/2025;480;485;485;480;197;95 053;5.49%
27/01/2025;480;485;485;480;171;82 508;0.00%
28/01/2025;475;495;495;475;61;29 585;-1.04%
29/01/2025;485;450;485;450;163;76 203;2.11%
30/01/2025;480;485;485;480;634;305 905;-1.03%
31/01/2025;480;480;480;480;81;38 880;0.00%
03/02/2025;490;495;495;490;617;303 873;2.08%
04/02/2025;480;490;490;480;401;194 485;-2.04%
05/02/2025;485;490;490;485;144;70 200;1.04%
06/02/2025;455;490;490;455;920;434 700;-6.19%
07/02/2025;485;460;485;460;142;67 095;6.59%
10/02/2025;490;485;490;485;811;395 363;1.03%
11/02/2025;490;490;490;490;624;305 760;0.00%
12/02/2025;495;490;495;490;53;26 103;1.02%
13/02/2025;490;495;495;490;130;64 025;-1.01%
14/02/2025;490;490;490;490;430;210 700;0.00%
17/02/2025;490;490;490;490;199;97 510;0.00%
18/02/2025;490;490;490;490;3 734;1 829 660;0.00%
19/02/2025;490;460;490;460;171;81 225;0.00%
20/02/2025;495;490;495;490;356;175 330;1.02%
21/02/2025;500;495;500;495;1 841;915 898;1.01%
24/02/2025;500;500;500;500;196;98 000;0.00%
25/02/2025;500;500;500;500;683;341 500;0.00%
26/02/2025;500;500;500;500;3 649;1 824 500;0.00%
28/02/2025;510;510;510;510;85;43 350;2.00%
03/03/2025;510;510;510;510;328;167 280;0.00%
04/03/2025;510;510;510;510;262;133 620;0.00%
05/03/2025;505;505;505;505;834;421 170;-0.98%
06/03/2025;500;500;500;500;222;111 000;-0.99%
07/03/2025;500;495;500;495;1 373;683 068;0.00%
10/03/2025;500;500;500;500;255;127 500;0.00%
11/03/2025;495;500;500;495;290;144 275;-1.00%
12/03/2025;510;495;510;495;782;392 955;3.03%
13/03/2025;500;520;520;500;1 018;519 180;-1.96%
14/03/2025;505;500;505;500;4 329;2 175 323;1.00%
17/03/2025;505;510;510;505;4 974;2 524 305;0.00%
18/03/2025;505;505;505;505;17 364;8 768 820;0.00%
19/03/2025;505;490;505;490;6 762;3 364 095;0.00%
20/03/2025;475;505;505;475;5 821;2 852 290;-5.94%
21/03/2025;510;475;510;475;3 192;1 572 060;7.37%
24/03/2025;510;510;510;510;175;89 250;0.00%
25/03/2025;510;510;510;510;156;79 560;0.00%
26/03/2025;500;510;510;500;4 328;2 185 640;-1.96%
27/03/2025;500;510;510;500;4 328;2 185 640;0.00%
28/03/2025;510;510;510;510;503;256 530;2.00%
31/03/2025;510;510;510;510;503;256 530;0.00%
01/04/2025;500;505;505;500;1 207;606 518;-1.96%
02/04/2025;505;500;505;500;2 581;1 296 953;1.00%
03/04/2025;500;505;505;500;331;166 328;-0.99%
04/04/2025;500;510;510;500;1 127;569 135;0.00%
07/04/2025;505;500;505;500;13;6 533;1.00%
08/04/2025;500;500;500;500;1 576;788 000;-0.99%
09/04/2025;505;500;505;500;20 746;10 424 865;1.00%
10/04/2025;495;500;500;495;17 925;8 917 688;-1.98%
11/04/2025;495;495;495;495;1 978;979 110;0.00%
14/04/2025;460;500;500;460;2 228;1 069 440;-7.07%
15/04/2025;460;465;465;460;10 770;4 981 125;0.00%
16/04/2025;465;465;465;465;25 853;12 021 645;1.09%
17/04/2025;470;470;470;470;3 672;1 725 840;1.08%
18/04/2025;465;505;505;465;1 091;529 135;-1.06%
21/04/2025;465;505;505;465;1 091;529 135;0.00%
22/04/2025;495;465;495;465;3 090;1 483 200;6.45%
23/04/2025;505;495;505;495;5 861;2 930 500;2.02%
24/04/2025;505;505;505;505;317;160 085;0.00%
25/04/2025;505;505;505;505;204;103 020;0.00%
28/04/2025;505;480;505;480;55;27 088;0.00%
29/04/2025;505;490;505;490;8 543;4 250 143;0.00%
30/04/2025;500;505;505;500;164;82 410;-0.99%
01/05/2025;500;505;505;500;164;82 410;0.00%
02/05/2025;505;500;505;500;788;395 970;1.00%
05/05/2025;505;505;505;505;50;25 250;0.00%
06/05/2025;505;505;505;505;3 940;1 989 700;0.00%
07/05/2025;540;520;540;520;17 552;9 302 560;6.93%
08/05/2025;575;515;575;515;1 746;951 570;6.48%
09/05/2025;595;570;595;570;1 248;726 960;3.48%
12/05/2025;585;595;595;585;5 743;3 388 370;-1.68%
13/05/2025;560;565;565;560;14 885;8 372 813;-4.27%
14/05/2025;535;545;545;535;4 699;2 537 460;-4.46%
15/05/2025;535;535;535;535;1 557;832 995;0.00%
16/05/2025;530;535;535;530;512;272 640;-0.93%
19/05/2025;550;530;550;530;955;515 700;3.77%
20/05/2025;550;550;550;550;853;469 150;0.00%
21/05/2025;520;520;520;520;822;427 440;-5.45%
22/05/2025;510;520;520;510;971;500 065;-1.92%
23/05/2025;520;515;520;515;2 343;1 212 503;1.96%
26/05/2025;515;515;515;515;646;332 690;-0.96%
27/05/2025;520;515;520;515;3 961;2 049 818;0.97%
28/05/2025;545;520;545;520;31 571;16 811 558;4.81%
29/05/2025;545;520;545;520;31 571;16 811 558;0.00%
30/05/2025;545;545;545;545;893;486 685;0.00%
02/06/2025;550;530;550;530;618;333 720;0.92%
03/06/2025;535;545;545;535;764;412 560;-2.73%
04/06/2025;530;545;545;530;875;470 313;-0.93%
05/06/2025;535;520;535;520;222;117 105;0.94%
10/06/2025;565;525;565;525;4 992;2 720 640;5.61%
11/06/2025;555;565;565;555;1 314;735 840;-1.77%
12/06/2025;550;550;550;550;197;108 350;-0.90%
13/06/2025;510;550;550;510;5 362;2 841 860;-7.27%
16/06/2025;545;515;545;515;1 896;1 004 880;6.86%
17/06/2025;505;545;545;505;2 876;1 509 900;-7.34%
18/06/2025;540;540;540;540;1 005;542 700;6.93%
19/06/2025;550;545;550;545;1 580;865 050;1.85%
20/06/2025;545;545;545;545;732;398 940;-0.91%
23/06/2025;540;545;545;540;3 202;1 737 085;-0.92%
24/06/2025;540;540;540;540;426;230 040;0.00%
25/06/2025;535;540;540;535;1 711;919 663;-0.93%
26/06/2025;535;545;545;535;461;248 940;0.00%
27/06/2025;535;540;540;535;438;235 425;0.00%
30/06/2025;535;535;535;535;2 796;1 495 860;0.00%
01/07/2025;525;535;535;525;265;140 450;-1.87%
02/07/2025;530;540;540;530;328;175 480;0.95%
03/07/2025;530;540;540;530;318;170 130;0.00%
04/07/2025;530;540;540;530;173;92 555;0.00%
07/07/2025;530;530;530;530;1 407;745 710;0.00%
08/07/2025;530;535;535;530;261;138 983;0.00%
09/07/2025;530;530;530;530;118;62 540;0.00%
10/07/2025;525;530;530;525;229;120 798;-0.94%
11/07/2025;525;525;525;525;19 251;10 106 775;0.00%
14/07/2025;510;525;525;510;688;356 040;-2.86%
15/07/2025;510;520;520;510;1 989;1 024 335;0.00%
16/07/2025;530;515;530;515;4 619;2 413 428;3.92%
17/07/2025;525;530;530;525;961;506 928;-0.94%
18/07/2025;510;520;520;510;399;205 485;-2.86%
21/07/2025;525;530;530;525;303;159 833;2.94%
22/07/2025;510;530;530;510;761;395 720;-2.86%
23/07/2025;520;525;525;520;124;64 790;1.96%
24/07/2025;510;520;520;510;1 156;595 340;-1.92%
25/07/2025;525;520;525;520;1 985;1 037 163;2.94%
28/07/2025;525;525;525;525;1 569;823 725;0.00%
29/07/2025;525;505;525;505;478;246 170;0.00%
30/07/2025;525;525;525;525;722;379 050;0.00%
31/07/2025;510;505;510;505;6 312;3 203 340;-2.86%
01/08/2025;520;525;525;520;242;126 445;1.96%
04/08/2025;525;520;525;520;426;222 585;0.96%
05/08/2025;550;525;550;525;1 738;934 175;4.76%
06/08/2025;540;545;545;540;222;120 435;-1.82%
07/08/2025;540;545;545;540;222;120 435;0.00%
08/08/2025;540;540;540;540;113;61 020;0.00%
11/08/2025;550;540;550;540;945;515 025;1.85%
12/08/2025;545;550;550;545;568;310 980;-0.91%
13/08/2025;545;550;550;545;15 562;8 520 195;0.00%
14/08/2025;545;545;545;545;370;201 650;0.00%
15/08/2025;545;545;545;545;370;201 650;0.00%
18/08/2025;540;545;545;540;3 689;2 001 283;-0.92%
19/08/2025;550;545;550;545;3 146;1 722 435;1.85%
20/08/2025;590;550;590;550;1 767;1 007 190;7.27%
21/08/2025;590;590;590;590;6 652;3 924 680;0.00%
22/08/2025;590;590;590;590;2 556;1 508 040;0.00%
25/08/2025;595;590;595;590;1 670;989 475;0.85%
26/08/2025;585;590;590;585;949;557 538;-1.68%
27/08/2025;575;585;585;575;2 797;1 622 260;-1.71%
28/08/2025;595;585;595;585;3 113;1 836 670;3.48%
29/08/2025;600;595;600;595;5 348;3 195 430;0.84%
01/09/2025;600;600;600;600;5 170;3 102 000;0.00%
02/09/2025;595;600;600;595;1 173;700 868;-0.83%
03/09/2025;585;595;595;585;3 852;2 272 680;-1.68%
04/09/2025;585;595;595;585;3 852;2 272 680;0.00%
05/09/2025;600;590;600;590;18 574;11 051 530;2.56%
08/09/2025;600;600;600;600;4 068;2 440 800;0.00%
09/09/2025;625;590;625;590;6 201;3 767 108;4.17%
10/09/2025;670;625;670;625;3 818;2 472 155;7.20%
11/09/2025;705;715;715;705;2 772;1 968 120;5.22%
12/09/2025;695;700;700;695;2 377;1 657 958;-1.42%
15/09/2025;695;700;700;695;1 781;1 242 248;0.00%
16/09/2025;695;695;695;695;11 131;7 736 045;0.00%
17/09/2025;695;690;695;690;1 386;959 805;0.00%
18/09/2025;695;690;695;690;1 117;773 523;0.00%
19/09/2025;685;695;695;685;1 628;1 123 320;-1.44%
22/09/2025;690;695;695;690;1 351;935 568;0.73%
23/09/2025;685;690;690;685;4 167;2 864 813;-0.72%
24/09/2025;685;685;685;685;10 528;7 211 680;0.00%
25/09/2025;700;685;700;685;6 582;4 558 035;2.19%
26/09/2025;690;700;700;690;9 219;6 407 205;-1.43%
29/09/2025;680;690;690;680;11 169;7 650 765;-1.45%
30/09/2025;680;680;680;680;2 523;1 715 640;0.00%
01/10/2025;680;690;690;680;10 497;7 190 445;0.00%
02/10/2025;630;680;680;630;12 844;8 412 820;-7.35%
03/10/2025;630;625;630;625;8 884;5 574 710;0.00%
06/10/2025;665;650;665;650;12 629;8 303 568;5.56%
07/10/2025;670;670;670;670;5 540;3 711 800;0.75%
08/10/2025;665;670;670;665;11 777;7 861 148;-0.75%
09/10/2025;675;665;675;665;3 267;2 188 890;1.50%
10/10/2025;670;675;675;670;2 298;1 545 405;-0.74%
13/10/2025;655;675;675;655;6 383;4 244 695;-2.24%
14/10/2025;680;670;680;670;16 294;10 998 450;3.82%
15/10/2025;715;700;715;700;15 733;11 131 098;5.15%
16/10/2025;690;720;720;690;10 469;7 380 645;-3.50%
17/10/2025;700;715;715;700;4 025;2 847 688;1.45%
20/10/2025;715;700;715;700;4 073;2 881 648;2.14%
21/10/2025;670;715;715;670;4 981;3 449 343;-6.29%
22/10/2025;680;710;710;680;32 309;22 454 755;1.49%
23/10/2025;710;675;710;675;5 518;3 821 215;4.41%
24/10/2025;670;710;710;670;14 636;10 098 840;-5.63%
27/10/2025;705;710;710;705;1 824;1 290 480;5.22%
28/10/2025;710;700;710;700;6 934;4 888 470;0.71%
29/10/2025;710;710;710;710;23 117;16 413 070;0.00%
30/10/2025;700;710;710;700;18 697;13 181 385;-1.41%
31/10/2025;700;700;700;700;5 019;3 513 300;0.00%
03/11/2025;690;695;695;690;1 250;865 625;-1.43%
04/11/2025;680;690;690;680;5 522;3 782 570;-1.45%
05/11/2025;680;690;690;680;2 007;1 374 795;0.00%
06/11/2025;695;700;700;695;2 814;1 962 765;2.21%
07/11/2025;695;695;695;695;-;0;0.00%
10/11/2025;700;715;715;700;5 078;3 592 685;0.72%
11/11/2025;705;700;705;700;515;361 788;0.71%
12/11/2025;700;705;705;700;1 799;1 263 798;-0.71%
13/11/2025;685;700;700;685;22 943;15 888 028;-2.14%
14/11/2025;695;700;700;695;3 776;2 633 760;1.46%
17/11/2025;700;695;700;695;1 839;1 282 703;0.72%
18/11/2025;685;700;700;685;788;545 690;-2.14%
19/11/2025;700;685;700;685;1 734;1 200 795;2.19%
20/11/2025;695;700;700;695;681;474 998;-0.71%
21/11/2025;690;695;695;690;1 107;766 598;-0.72%
24/11/2025;695;685;695;685;4 578;3 158 820;0.72%
25/11/2025;700;680;700;680;3 607;2 488 830;0.72%
26/11/2025;695;700;700;695;2 952;2 059 020;-0.71%
27/11/2025;720;700;720;700;5 601;3 976 710;3.60%
28/11/2025;715;720;720;715;3 076;2 207 030;-0.69%
01/12/2025;665;665;665;665;10 877;7 233 205;-6.99%
02/12/2025;700;665;700;665;16 510;11 268 075;5.26%
03/12/2025;705;700;705;700;3 029;2 127 873;0.71%
04/12/2025;705;700;705;700;10 144;7 126 160;0.00%
05/12/2025;755;705;755;705;50 981;37 216 130;7.09%
08/12/2025;810;810;810;810;2 459;1 991 790;7.28%
09/12/2025;870;870;870;870;1 191;1 036 170;7.41%
10/12/2025;935;935;935;935;3 233;3 022 855;7.47%
11/12/2025;1 005;1 005;1 005;1 005;6 010;6 040 050;7.49%
12/12/2025;1 080;1 080;1 080;1 080;3 408;3 680 640;7.46%
15/12/2025;1 160;1 160;1 160;1 160;42 373;49 152 680;7.41%
16/12/2025;1 245;1 245;1 245;1 245;5 283;6 577 335;7.33%
17/12/2025;1 335;1 335;1 335;1 335;1 073;1 432 455;7.23%
18/12/2025;1 435;1 435;1 435;1 435;4 680;6 715 800;7.49%
19/12/2025;1 540;1 540;1 540;1 540;5 495;8 462 300;7.32%
22/12/2025;1 655;1 655;1 655;1 655;1 951;3 228 905;7.47%
23/12/2025;1 775;1 660;1 775;1 660;86 341;148 290 668;7.25%
24/12/2025;1 775;1 805;1 805;1 775;22 277;39 875 830;0.00%
25/12/2025;1 775;1 805;1 805;1 775;22 277;39 875 830;0.00%
26/12/2025;1 720;1 780;1 780;1 720;41 200;72 100 000;-3.10%
29/12/2025;1 600;1 680;1 680;1 600;14 051;23 043 640;-6.98%
30/12/2025;1 500;1 485;1 500;1 485;37 047;55 292 648;-6.25%
31/12/2025;1 580;1 505;1 580;1 505;11 592;17 880 660;5.33%
01/01/2026;1 580;1 505;1 580;1 505;11 592;17 880 660;0.00%
02/01/2026;1 680;1 695;1 695;1 680;10 948;18 474 750;6.33%
05/01/2026;1 715;1 700;1 715;1 700;8 529;14 563 268;2.08%
06/01/2026;1 695;1 700;1 700;1 695;6 255;10 617 863;-1.17%
07/01/2026;1 665;1 700;1 700;1 665;13 220;22 242 650;-1.77%
08/01/2026;1 600;1 665;1 665;1 600;4 725;7 713 563;-3.90%
09/01/2026;1 660;1 670;1 670;1 660;1 782;2 967 030;3.75%
12/01/2026;1 650;1 660;1 660;1 650;1 996;3 303 380;-0.60%
13/01/2026;1 670;1 670;1 670;1 670;660;1 102 200;1.21%
14/01/2026;1 685;1 675;1 685;1 675;6 478;10 883 040;0.90%
15/01/2026;1 695;1 690;1 695;1 690;4 357;7 374 223;0.59%
16/01/2026;1 700;1 685;1 700;1 685;9 648;16 329 240;0.29%
19/01/2026;1 700;1 700;1 700;1 700;8 753;14 880 100;0.00%
20/01/2026;1 695;1 700;1 700;1 695;2 467;4 187 733;-0.29%
21/01/2026;1 710;1 695;1 710;1 695;24 319;41 403 098;0.88%
22/01/2026;1 710;1 700;1 710;1 700;10 071;17 171 055;0.00%
23/01/2026;1 750;1 720;1 750;1 720;1 478;2 564 330;2.34%
26/01/2026;1 800;1 730;1 800;1 730;16 099;28 414 735;2.86%
27/01/2026;1 800;1 800;1 800;1 800;7 930;14 274 000;0.00%
28/01/2026;1 935;1 815;1 935;1 815;3 874;7 263 750;7.50%
29/01/2026;2 050;2 000;2 050;2 000;13 523;27 384 075;5.94%
30/01/2026;2 150;2 200;2 200;2 150;8 184;17 800 200;4.88%
02/02/2026;2 050;2 150;2 150;2 050;7 964;16 724 400;-4.65%
03/02/2026;2 100;2 050;2 100;2 050;5 491;11 393 825;2.44%
04/02/2026;2 120;2 100;2 120;2 100;4 701;9 919 110;0.95%
05/02/2026;2 150;2 125;2 150;2 125;8 970;19 173 375;1.42%
06/02/2026;2 310;2 150;2 310;2 150;16 767;37 390 410;7.44%
09/02/2026;2 480;2 480;2 480;2 480;17 410;43 176 800;7.36%
10/02/2026;2 665;2 480;2 665;2 480;11 987;30 836 558;7.46%
11/02/2026;2 850;2 850;2 850;2 850;10 556;30 084 600;6.94%
12/02/2026;2 640;2 850;2 850;2 640;8 185;22 467 825;-7.37%
13/02/2026;2 445;2 445;2 445;2 445;8 337;20 383 965;-7.39%
16/02/2026;2 550;2 290;2 550;2 290;25 804;62 445 680;4.29%
17/02/2026;2 740;2 570;2 740;2 570;7 148;18 977 940;7.45%
18/02/2026;2 695;2 740;2 740;2 695;7 149;19 427 408;-1.64%
19/02/2026;2 695;2 690;2 695;2 690;8 945;24 084 413;0.00%
20/02/2026;2 790;2 720;2 790;2 720;8 253;22 737 015;3.53%
23/02/2026;2 850;2 790;2 850;2 790;18 542;52 288 440;2.15%
24/02/2026;2 950;2 850;2 950;2 850;3 830;11 107 000;3.51%
25/02/2026;3 000;2 945;3 000;2 945;4 636;13 780 510;1.69%
26/02/2026;3 000;2 995;3 000;2 995;13 127;39 348 183;0.00%
27/02/2026;3 000;3 010;3 010;3 000;14 177;42 601 885;0.00%
02/03/2026;2 900;2 995;2 995;2 900;15 368;45 297 180;-3.33%
03/03/2026;2 685;2 900;2 900;2 685;36 289;101 337 033;-7.41%
04/03/2026;2 500;2 500;2 500;2 500;27 960;69 900 000;-6.89%
05/03/2026;2 685;2 525;2 685;2 525;24 845;64 721 225;7.40%
06/03/2026;2 800;2 650;2 800;2 650;16 941;46 164 225;4.28%
09/03/2026;2 840;2 800;2 840;2 800;4 677;13 189 140;1.43%
10/03/2026;2 835;2 840;2 840;2 835;1 631;4 627 963;-0.18%
11/03/2026;2 710;2 835;2 835;2 710;2 302;6 382 295;-4.41%
12/03/2026;2 620;2 700;2 700;2 620;18 763;49 909 580;-3.32%
13/03/2026;2 650;2 620;2 650;2 620;6 275;16 534 625;1.15%
16/03/2026;2 650;2 620;2 650;2 620;6 275;16 534 625;0.00%
17/03/2026;2 695;2 650;2 695;2 650;5 832;15 586 020;1.70%
18/03/2026;2 690;2 695;2 695;2 690;2 260;6 085 050;-0.19%
19/03/2026;2 675;2 655;2 675;2 655;3 696;9 849 840;-0.56%
20/03/2026;2 675;2 655;2 675;2 655;3 696;9 849 840;0.00%
23/03/2026;2 675;2 670;2 675;2 670;1 826;4 879 985;0.00%
24/03/2026;2 775;2 700;2 775;2 700;4 633;12 682 838;3.74%
25/03/2026;2 835;2 775;2 835;2 775;3 708;10 400 940;2.16%
26/03/2026;2 800;2 830;2 830;2 800;3 490;9 824 350;-1.23%
27/03/2026;2 995;2 800;2 995;2 800;20 624;59 758 040;6.96%
30/03/2026;2 975;2 995;2 995;2 975;4 432;13 229 520;-0.67%
31/03/2026;2 950;2 975;2 975;2 950;4 727;14 003 738;-0.84%
01/04/2026;2 920;2 950;2 950;2 920;2 322;6 815 070;-1.02%
02/04/2026;2 930;2 920;2 930;2 920;2 937;8 590 725;0.34%
03/04/2026;2 940;2 935;2 940;2 935;747;2 194 313;0.34%
06/04/2026;2 940;2 935;2 940;2 935;747;2 194 313;0.00%
07/04/2026;2 935;2 930;2 935;2 930;3 480;10 205 100;-0.17%
08/04/2026;2 935;2 935;2 935;2 935;866;2 541 710;0.00%
09/04/2026;3 005;2 935;3 005;2 935;8 414;24 989 580;2.39%
10/04/2026;3 060;3 005;3 060;3 005;14 544;44 104 680;1.83%
13/04/2026;3 215;3 080;3 215;3 080;3 388;10 663 730;5.07%
14/04/2026;3 160;3 215;3 215;3 160;3 365;10 725 938;-1.71%
15/04/2026;2 925;3 160;3 160;2 925;6 359;19 347 258;-7.44%
16/04/2026;2 800;2 800;2 800;2 800;9 421;26 378 800;-4.27%
17/04/2026;2 700;2 750;2 750;2 700;3 270;8 910 750;-3.57%
20/04/2026;2 695;2 700;2 700;2 695;4 506;12 154 935;-0.19%
21/04/2026;2 695;2 695;2 695;2 695;4 529;12 205 655;0.00%
22/04/2026;2 700;2 700;2 700;2 700;1 187;3 204 900;0.19%
23/04/2026;2 760;2 700;2 760;2 700;2 527;6 898 710;2.22%
24/04/2026;2 800;2 765;2 800;2 765;2 534;7 050 855;1.45%
27/04/2026;2 810;2 810;2 810;2 810;1 454;4 085 740;0.36%
28/04/2026;2 760;2 775;2 775;2 760;1 136;3 143 880;-1.78%
29/04/2026;2 765;2 765;2 765;2 765;2 119;5 859 035;0.18%
30/04/2026;2 785;2 750;2 785;2 750;1 017;2 814 548;0.72%
01/05/2026;2 785;2 750;2 785;2 750;1 017;2 814 548;0.00%
04/05/2026;2 775;2 780;2 780;2 775;3 324;9 232 410;-0.36%
05/05/2026;2 720;2 775;2 775;2 720;2 266;6 225 835;-1.98%
06/05/2026;2 810;2 700;2 810;2 700;13 395;36 903 225;3.31%
07/05/2026;2 850;2 810;2 850;2 810;10 754;30 433 820;1.42%
08/05/2026;2 845;2 845;2 845;2 845;2 079;5 914 755;-0.18%
11/05/2026;2 855;2 800;2 855;2 800;8 733;24 692 558;0.35%
12/05/2026;2 860;2 865;2 865;2 860;4 743;13 576 838;0.18%
13/05/2026;2 860;2 860;2 860;2 860;4 274;12 223 640;0.00%
14/05/2026;2 860;2 860;2 860;2 860;4 274;12 223 640;0.00%
15/05/2026;2 850;2 860;2 860;2 850;3 423;9 772 665;-0.35%
18/05/2026;2 845;2 845;2 845;2 845;1 138;3 237 610;-0.18%
19/05/2026;2 850;2 800;2 850;2 800;1 778;5 022 850;0.18%
20/05/2026;2 860;2 850;2 860;2 850;5 040;14 389 200;0.35%
21/05/2026;2 855;2 895;2 895;2 855;2 109;6 063 375;-0.17%
22/05/2026;2 855;2 855;2 855;2 855;735;2 098 425;0.00%
25/05/2026;2 855;2 855;2 855;2 855;735;2 098 425;0.00%
26/05/2026;2 875;2 900;2 900;2 875;1 098;3 170 475;0.70%
27/05/2026;2 875;2 900;2 900;2 875;1 098;3 170 475;0.00%
28/05/2026;2 875;2 875;2 875;2 875;1 109;3 188 375;0.00%
29/05/2026;2 875;2 875;2 875;2 875;4 323;12 428 625;0.00%
01/06/2026;2 860;2 875;2 875;2 860;1 696;4 863 280;-0.52%
02/06/2026;2 845;2 855;2 855;2 845;1 572;4 480 200;-0.52%
03/06/2026;2 685;2 700;2 700;2 685;6 639;17 875 508;-5.62%
04/06/2026;2 820;2 695;2 820;2 695;21 546;59 413 095;5.03%
05/06/2026;2 830;2 800;2 830;2 800;1 856;5 224 640;0.35%
08/06/2026;2 840;2 870;2 870;2 840;2 193;6 261 015;0.35%
09/06/2026;2 845;2 840;2 845;2 840;1 185;3 368 363;0.18%
10/06/2026;2 840;2 665;2 840;2 665;10 409;28 650 773;-0.18%
11/06/2026;2 835;2 840;2 840;2 835;691;1 960 713;-0.18%
12/06/2026;2 830;2 835;2 835;2 830;2 645;7 491 963;-0.18%
15/06/2026;2 800;2 815;2 815;2 800;9 571;26 870 583;-1.06%
16/06/2026;2 795;2 800;2 800;2 795;2 314;6 473 415;-0.18%
17/06/2026;2 795;2 790;2 795;2 790;3 492;9 751 410;0.00%
18/06/2026;2 795;2 795;2 795;2 795;3 406;9 519 770;0.00%
19/06/2026;2 640;2 770;2 770;2 640;24 152;65 331 160;-5.55%
22/06/2026;2 445;2 445;2 445;2 445;11 613;28 393 785;-7.39%
23/06/2026;2 625;2 305;2 625;2 305;25 768;63 518 120;7.36%
24/06/2026;2 730;2 790;2 790;2 730;4 008;11 062 080;4.00%
25/06/2026;2 650;2 730;2 730;2 650;5 894;15 854 860;-2.93%
26/06/2026;2 625;2 640;2 640;2 625;2 305;6 067 913;-0.94%
29/06/2026;2 575;2 600;2 600;2 575;8 096;20 948 400;-1.90%
30/06/2026;2 500;2 575;2 575;2 500;6 817;17 298 138;-2.91%
01/07/2026;2 455;2 500;2 500;2 455;6 010;14 889 775;-1.80%
02/07/2026;2 430;2 455;2 455;2 430;6 980;17 048 650;-1.02%
03/07/2026;2 355;2 400;2 400;2 355;4 866;11 568 915;-3.09%
06/07/2026;2 335;2 355;2 355;2 335;9 970;23 379 650;-0.85%
07/07/2026;2 160;2 305;2 305;2 160;11 552;25 789 840;-7.49%
08/07/2026;2 000;2 000;2 000;2 000;6 010;12 020 000;-7.41%
09/07/2026;1 920;1 850;1 920;1 850;22 833;43 040 205;-4.00%
10/07/2026;2 060;1 900;2 060;1 900;15 169;30 034 620;7.29%
13/07/2026;2 210;2 210;2 210;2 210;2 714;5 997 940;7.28%
14/07/2026;2 375;2 375;2 375;2 375;13 087;31 081 625;7.47%
15/07/2026;2 530;2 550;2 550;2 530;10 595;26 911 300;6.53%
16/07/2026;2 345;2 520;2 520;2 345;6 261;15 229 883;-7.31%
17/07/2026;2 400;2 170;2 400;2 170;16 842;38 483 970;2.35%
20/07/2026;2 300;2 250;2 300;2 250;2 943;6 695 325;-4.17%
21/07/2026;2 160;2 300;2 300;2 160;11 976;26 706 480;-6.09%
22/07/2026;2 250;2 170;2 250;2 170;1 340;2 961 400;4.17%
23/07/2026;2 250;2 295;2 295;2 250;2 394;5 440 365;0.00%
24/07/2026;2 250;2 250;2 250;2 250;4 484;10 089 000;0.00%
27/07/2026;2 240;2 250;2 250;2 240;2 348;5 271 260;-0.44%
