Date;Clôture;Plus bas;Plus haut;Ouverture;Volume Titres;Volume FCFA;Variation %
11/01/2012;3 100;3 100;3 100;3 100;1 036;3 211 600;-3.13%
13/01/2012;3 100;3 100;3 100;3 100;10;31 000;0.00%
16/01/2012;3 100;3 100;3 100;3 100;191;592 100;0.00%
17/01/2012;3 100;3 100;3 100;3 100;20;62 000;0.00%
18/01/2012;3 100;3 100;3 100;3 100;132;409 200;0.00%
26/01/2012;3 200;3 200;3 200;3 200;33;105 600;3.23%
27/01/2012;3 205;3 205;3 205;3 205;60;192 300;0.16%
01/02/2012;3 201;3 201;3 201;3 201;30;96 030;-0.12%
02/02/2012;3 201;3 201;3 201;3 201;17;54 417;0.00%
03/02/2012;3 251;3 251;3 251;3 251;105;341 355;1.56%
06/02/2012;3 300;3 300;3 300;3 300;75;247 500;1.51%
08/02/2012;3 300;3 300;3 300;3 300;8;26 400;0.00%
09/02/2012;3 300;3 300;3 300;3 300;10;33 000;0.00%
16/02/2012;3 301;3 301;3 301;3 301;12;39 612;0.03%
20/02/2012;3 301;3 301;3 301;3 301;1;3 301;0.00%
27/02/2012;3 301;3 301;3 301;3 301;3;9 903;0.00%
28/02/2012;3 301;3 301;3 301;3 301;12;39 612;0.00%
07/03/2012;3 500;3 500;3 500;3 500;10;35 000;6.03%
08/03/2012;3 500;3 500;3 500;3 500;1;3 500;0.00%
09/03/2012;3 763;3 763;3 763;3 763;20;75 260;7.51%
12/03/2012;3 763;3 763;3 763;3 763;43;161 809;0.00%
16/03/2012;3 763;3 763;3 763;3 763;47;176 861;0.00%
19/03/2012;3 700;3 700;3 700;3 700;37;136 900;-1.67%
28/03/2012;3 700;3 700;3 700;3 700;21;77 700;0.00%
03/04/2012;3 700;3 700;3 700;3 700;205;758 500;0.00%
05/04/2012;3 700;3 700;3 700;3 700;65;240 500;0.00%
06/04/2012;3 699;3 699;3 699;3 699;11;40 689;-0.03%
12/04/2012;3 700;3 700;3 700;3 700;50;185 000;0.03%
26/04/2012;3 600;3 600;3 600;3 600;52;187 200;-2.70%
04/05/2012;3 600;3 600;3 600;3 600;124;446 400;0.00%
10/05/2012;3 600;3 600;3 600;3 600;1;3 600;0.00%
14/05/2012;3 600;3 600;3 600;3 600;12;43 200;0.00%
15/05/2012;3 600;3 600;3 600;3 600;27;97 200;0.00%
21/05/2012;3 550;3 550;3 550;3 550;10;35 500;-1.39%
22/05/2012;3 500;3 500;3 500;3 500;10;35 000;-1.41%
23/05/2012;3 500;3 500;3 500;3 500;20;70 000;0.00%
25/05/2012;3 500;3 500;3 500;3 500;14;49 000;0.00%
29/05/2012;3 500;3 500;3 500;3 500;322;1 127 000;0.00%
01/06/2012;3 500;3 500;3 500;3 500;4;14 000;0.00%
04/06/2012;3 500;3 500;3 500;3 500;16;56 000;0.00%
05/06/2012;3 600;3 600;3 600;3 600;41;147 600;2.86%
07/06/2012;3 600;3 600;3 600;3 600;334;1 202 400;0.00%
18/06/2012;3 600;3 600;3 600;3 600;56;201 600;0.00%
21/06/2012;3 610;3 610;3 610;3 610;145;523 450;0.28%
27/06/2012;3 610;3 610;3 610;3 610;67;241 870;0.00%
03/07/2012;3 611;3 611;3 611;3 611;29;104 719;0.03%
11/07/2012;3 611;3 611;3 611;3 611;11;39 721;0.00%
12/07/2012;3 611;3 611;3 611;3 611;1;3 611;0.00%
13/07/2012;3 611;3 611;3 611;3 611;18;64 998;0.00%
16/07/2012;3 611;3 611;3 611;3 611;7;25 277;0.00%
17/07/2012;3 600;3 600;3 600;3 600;125;450 000;-0.30%
19/07/2012;3 600;3 600;3 600;3 600;7;25 200;0.00%
20/07/2012;3 700;3 700;3 700;3 700;12;44 400;2.78%
23/07/2012;3 700;3 700;3 700;3 700;130;481 000;0.00%
24/07/2012;3 700;3 700;3 700;3 700;10;37 000;0.00%
30/07/2012;3 700;3 700;3 700;3 700;100;370 000;0.00%
31/07/2012;3 700;3 700;3 700;3 700;105;388 500;0.00%
02/08/2012;3 600;3 600;3 600;3 600;40;144 000;-2.70%
08/08/2012;3 600;3 600;3 600;3 600;50;180 000;0.00%
09/08/2012;3 600;3 600;3 600;3 600;335;1 206 000;0.00%
10/08/2012;3 600;3 600;3 600;3 600;4;14 400;0.00%
13/08/2012;3 600;3 600;3 600;3 600;83;298 800;0.00%
14/08/2012;3 590;3 590;3 590;3 590;30;107 700;-0.28%
17/08/2012;3 590;3 590;3 590;3 590;4;14 360;0.00%
21/08/2012;3 590;3 590;3 590;3 590;3;10 770;0.00%
22/08/2012;3 600;3 600;3 600;3 600;80;288 000;0.28%
23/08/2012;3 600;3 600;3 600;3 600;64;230 400;0.00%
28/08/2012;3 590;3 590;3 590;3 590;18;64 620;-0.28%
31/08/2012;3 590;3 590;3 590;3 590;204;732 360;0.00%
06/09/2012;3 590;3 590;3 590;3 590;10;35 900;0.00%
10/09/2012;3 600;3 600;3 600;3 600;11;39 600;0.28%
11/09/2012;3 600;3 600;3 600;3 600;40;144 000;0.00%
12/09/2012;3 600;3 600;3 600;3 600;2;7 200;0.00%
17/09/2012;3 600;3 600;3 600;3 600;10;36 000;0.00%
18/09/2012;3 600;3 600;3 600;3 600;1;3 600;0.00%
20/09/2012;3 330;3 330;3 330;3 330;30;99 900;-7.50%
28/09/2012;3 600;3 600;3 600;3 600;10;36 000;4.35%
02/10/2012;3 600;3 600;3 600;3 600;9;32 400;0.00%
03/10/2012;3 600;3 600;3 600;3 600;229;824 400;0.00%
05/10/2012;3 600;3 600;3 600;3 600;10;36 000;0.00%
10/10/2012;3 600;3 600;3 600;3 600;2;7 200;0.00%
11/10/2012;3 600;3 600;3 600;3 600;6;21 600;0.00%
16/10/2012;3 600;3 600;3 600;3 600;2 218;7 984 800;0.00%
17/10/2012;3 600;3 600;3 600;3 600;7;25 200;0.00%
19/10/2012;3 800;3 800;3 800;3 800;89;338 200;5.56%
29/10/2012;3 600;3 600;3 600;3 600;30;108 000;-5.26%
30/10/2012;3 600;3 600;3 600;3 600;1;3 600;0.00%
31/10/2012;3 600;3 600;3 600;3 600;10;36 000;0.00%
05/11/2012;3 850;3 850;3 850;3 850;10;38 500;6.94%
07/11/2012;3 850;3 850;3 850;3 850;5 403;20 801 550;0.00%
14/11/2012;3 850;3 850;3 850;3 850;8;30 800;0.00%
16/11/2012;3 850;3 850;3 850;3 850;28;107 800;0.00%
20/11/2012;3 851;3 851;3 851;3 851;40;154 040;0.03%
21/11/2012;3 851;3 851;3 851;3 851;40;154 040;0.00%
22/11/2012;3 600;3 600;3 600;3 600;100;360 000;-6.52%
27/11/2012;3 610;3 610;3 610;3 610;102;368 220;0.28%
28/11/2012;3 600;3 600;3 600;3 600;18;64 800;-0.28%
30/11/2012;3 610;3 610;3 610;3 610;10;36 100;0.28%
03/12/2012;3 610;3 610;3 610;3 610;1;3 610;0.00%
04/12/2012;3 620;3 620;3 620;3 620;11;39 820;0.28%
11/12/2012;3 620;3 620;3 620;3 620;14;50 680;0.00%
12/12/2012;3 620;3 620;3 620;3 620;25;90 500;0.00%
13/12/2012;3 620;3 620;3 620;3 620;16;57 920;0.00%
18/12/2012;3 620;3 620;3 620;3 620;267;966 540;0.00%
19/12/2012;3 620;3 620;3 620;3 620;1;3 620;0.00%
20/12/2012;3 620;3 620;3 620;3 620;3;10 860;0.00%
27/12/2012;3 660;3 660;3 660;3 660;25;91 500;0.83%
28/12/2012;3 660;3 660;3 660;3 660;52;190 320;0.00%
31/12/2012;3 660;3 660;3 660;3 660;19;69 540;0.00%
03/01/2013;3 660;3 660;3 660;3 660;14;51 240;0.00%
04/01/2013;3 670;3 670;3 670;3 670;28;102 760;0.27%
07/01/2013;3 700;3 700;3 700;3 700;32;118 400;0.82%
09/01/2013;3 700;3 700;3 700;3 700;6;22 200;0.00%
10/01/2013;3 700;3 700;3 700;3 700;10;37 000;0.00%
14/01/2013;3 700;3 700;3 700;3 700;1;3 700;0.00%
17/01/2013;3 700;3 700;3 700;3 700;130;481 000;0.00%
21/01/2013;3 720;3 720;3 720;3 720;100;372 000;0.54%
29/01/2013;3 750;3 750;3 750;3 750;10;37 500;0.81%
01/02/2013;3 750;3 750;3 750;3 750;443;1 661 250;0.00%
05/02/2013;3 815;3 815;3 815;3 815;110;419 650;1.73%
07/02/2013;3 815;3 815;3 815;3 815;3 320;12 665 800;0.00%
08/02/2013;3 815;3 815;3 815;3 815;1 505;5 741 575;0.00%
11/02/2013;3 999;3 999;3 999;3 999;18;71 982;4.82%
12/02/2013;3 850;3 850;3 850;3 850;695;2 675 750;-3.73%
13/02/2013;3 850;3 850;3 850;3 850;3 002;11 557 700;0.00%
14/02/2013;3 855;3 855;3 855;3 855;9;34 695;0.13%
15/02/2013;3 900;3 900;3 900;3 900;10;39 000;1.17%
18/02/2013;4 001;4 001;4 001;4 001;31;124 031;2.59%
19/02/2013;4 200;4 200;4 200;4 200;45;189 000;4.97%
21/02/2013;4 210;4 210;4 210;4 210;26;109 460;0.24%
22/02/2013;4 210;4 210;4 210;4 210;45;189 450;0.00%
26/02/2013;4 210;4 210;4 210;4 210;94;395 740;0.00%
27/02/2013;4 210;4 210;4 210;4 210;20;84 200;0.00%
01/03/2013;4 210;4 210;4 210;4 210;6;25 260;0.00%
07/03/2013;4 210;4 210;4 210;4 210;42;176 820;0.00%
11/03/2013;4 200;4 200;4 200;4 200;420;1 764 000;-0.24%
13/03/2013;4 200;4 200;4 200;4 200;50;210 000;0.00%
22/03/2013;4 000;4 000;4 000;4 000;68;272 000;-4.76%
25/03/2013;4 200;4 200;4 200;4 200;10;42 000;5.00%
28/03/2013;4 200;4 200;4 200;4 200;37;155 400;0.00%
29/03/2013;4 201;4 201;4 201;4 201;20;84 020;0.02%
03/04/2013;4 202;4 202;4 202;4 202;25;105 050;0.02%
04/04/2013;4 250;4 250;4 250;4 250;20;85 000;1.14%
09/04/2013;4 250;4 250;4 250;4 250;26;110 500;0.00%
12/04/2013;4 250;4 250;4 250;4 250;4;17 000;0.00%
26/04/2013;4 250;4 250;4 250;4 250;12;51 000;0.00%
07/05/2013;4 250;4 250;4 250;4 250;16;68 000;0.00%
14/05/2013;4 250;4 250;4 250;4 250;15;63 750;0.00%
15/05/2013;4 250;4 250;4 250;4 250;290;1 232 500;0.00%
23/05/2013;4 250;4 250;4 250;4 250;18;76 500;0.00%
28/05/2013;4 261;4 261;4 261;4 261;15;63 915;0.26%
29/05/2013;4 261;4 261;4 261;4 261;12;51 132;0.00%
03/06/2013;4 261;4 261;4 261;4 261;10;42 610;0.00%
06/06/2013;4 261;4 261;4 261;4 261;30;127 830;0.00%
10/06/2013;4 261;4 261;4 261;4 261;82;349 402;0.00%
11/06/2013;4 261;4 261;4 261;4 261;20;85 220;0.00%
17/06/2013;4 317;4 317;4 317;4 317;10;43 170;1.31%
18/06/2013;4 300;4 300;4 300;4 300;282;1 212 600;-0.39%
20/06/2013;4 300;4 300;4 300;4 300;78;335 400;0.00%
21/06/2013;4 300;4 300;4 300;4 300;41;176 300;0.00%
25/06/2013;4 300;4 300;4 300;4 300;10;43 000;0.00%
26/06/2013;4 300;4 300;4 300;4 300;105;451 500;0.00%
01/07/2013;4 300;4 300;4 300;4 300;3;12 900;0.00%
03/07/2013;4 300;4 300;4 300;4 300;52;223 600;0.00%
04/07/2013;4 300;4 300;4 300;4 300;150;645 000;0.00%
10/07/2013;4 300;4 300;4 300;4 300;2;8 600;0.00%
11/07/2013;4 200;4 200;4 200;4 200;200;840 000;-2.33%
15/07/2013;4 200;4 200;4 200;4 200;100;420 000;0.00%
22/07/2013;4 200;4 200;4 200;4 200;1;4 200;0.00%
25/07/2013;4 200;4 200;4 200;4 200;277;1 163 400;0.00%
31/07/2013;4 200;4 200;4 200;4 200;62;260 400;0.00%
02/08/2013;4 200;4 200;4 200;4 200;40;168 000;0.00%
09/08/2013;4 200;4 200;4 200;4 200;5;21 000;0.00%
13/08/2013;4 200;4 200;4 200;4 200;103;432 600;0.00%
16/08/2013;4 200;4 200;4 200;4 200;5;21 000;0.00%
19/08/2013;4 050;4 050;4 050;4 050;45;182 250;-3.57%
20/08/2013;4 100;4 100;4 100;4 100;100;410 000;1.23%
21/08/2013;4 200;4 200;4 200;4 200;10;42 000;2.44%
23/08/2013;4 200;4 200;4 200;4 200;10;42 000;0.00%
27/08/2013;4 100;4 100;4 100;4 100;16;65 600;-2.38%
28/08/2013;4 100;4 100;4 100;4 100;135;553 500;0.00%
29/08/2013;4 100;4 100;4 100;4 100;9;36 900;0.00%
30/08/2013;4 000;4 000;4 000;4 000;125;500 000;-2.44%
04/09/2013;4 000;4 000;4 000;4 000;6;24 000;0.00%
06/09/2013;4 000;4 000;4 000;4 000;8;32 000;0.00%
16/09/2013;4 300;4 300;4 300;4 300;50;215 000;7.50%
18/09/2013;4 300;4 300;4 300;4 300;95;408 500;0.00%
19/09/2013;4 200;4 200;4 200;4 200;60;252 000;-2.33%
20/09/2013;4 200;4 200;4 200;4 200;100;420 000;0.00%
03/10/2013;3 900;3 900;3 900;3 900;44;171 600;-7.14%
08/10/2013;4 000;4 000;4 000;4 000;7;28 000;2.56%
10/10/2013;4 000;4 000;4 000;4 000;47;188 000;0.00%
16/10/2013;4 000;4 000;4 000;4 000;10;40 000;0.00%
18/10/2013;4 000;4 000;4 000;4 000;166;664 000;0.00%
23/10/2013;4 010;4 010;4 010;4 010;10;40 100;0.25%
24/10/2013;4 100;4 100;4 100;4 100;110;451 000;2.24%
25/10/2013;4 016;4 016;4 016;4 016;11;44 176;-2.05%
28/10/2013;4 300;4 300;4 300;4 300;228;980 400;7.07%
29/10/2013;4 623;4 623;4 623;4 623;670;3 097 410;7.51%
30/10/2013;4 969;4 969;4 969;4 969;144;715 536;7.48%
31/10/2013;4 850;4 850;4 850;4 850;1 100;5 335 000;-2.39%
04/11/2013;4 850;4 850;4 850;4 850;111;538 350;0.00%
05/11/2013;5 000;5 000;5 000;5 000;271;1 355 000;3.09%
06/11/2013;4 900;4 900;4 900;4 900;90;441 000;-2.00%
08/11/2013;5 100;5 100;5 100;5 100;63;321 300;4.08%
11/11/2013;5 200;5 200;5 200;5 200;16;83 200;1.96%
12/11/2013;5 520;5 520;5 520;5 520;3;16 560;6.15%
13/11/2013;5 700;5 700;5 700;5 700;19;108 300;3.26%
14/11/2013;5 950;5 950;5 950;5 950;140;833 000;4.39%
18/11/2013;6 000;6 000;6 000;6 000;231;1 386 000;0.84%
19/11/2013;6 000;6 000;6 000;6 000;393;2 358 000;0.00%
20/11/2013;6 000;6 000;6 000;6 000;119;714 000;0.00%
21/11/2013;6 000;6 000;6 000;6 000;25;150 000;0.00%
22/11/2013;6 000;6 000;6 000;6 000;322;1 932 000;0.00%
25/11/2013;6 300;6 300;6 300;6 300;116;730 800;5.00%
26/11/2013;6 000;6 000;6 000;6 000;107;642 000;-4.76%
02/12/2013;5 551;5 551;5 551;5 551;414;2 298 114;-7.48%
04/12/2013;5 900;5 900;5 900;5 900;511;3 014 900;6.29%
05/12/2013;5 900;5 900;5 900;5 900;2;11 800;0.00%
06/12/2013;6 000;6 000;6 000;6 000;66;396 000;1.69%
09/12/2013;6 000;6 000;6 000;6 000;270;1 620 000;0.00%
10/12/2013;6 000;6 000;6 000;6 000;74;444 000;0.00%
12/12/2013;5 900;5 900;5 900;5 900;20;118 000;-1.67%
17/12/2013;5 950;5 950;5 950;5 950;25;148 750;0.85%
18/12/2013;5 950;5 950;5 950;5 950;15;89 250;0.00%
19/12/2013;6 000;6 000;6 000;6 000;28;168 000;0.84%
20/12/2013;6 000;6 000;6 000;6 000;104;624 000;0.00%
24/12/2013;6 000;6 000;6 000;6 000;5;30 000;6.67%
26/12/2013;5 630;5 630;5 630;5 630;10;56 300;-6.17%
30/12/2013;6 000;6 000;6 000;6 000;101;606 000;6.57%
31/12/2013;6 000;6 000;6 000;6 000;29;174 000;0.00%
02/01/2014;5 650;5 650;5 650;5 650;72;406 800;-5.83%
06/01/2014;5 800;5 800;5 800;5 800;25;145 000;2.65%
07/01/2014;5 800;5 800;5 800;5 800;436;2 528 800;0.00%
08/01/2014;5 800;5 800;5 800;5 800;22;127 600;0.00%
09/01/2014;5 800;5 800;5 800;5 800;193;1 119 400;0.00%
14/01/2014;5 801;5 801;5 801;5 801;54;313 254;0.02%
15/01/2014;5 805;5 805;5 805;5 805;35;203 175;0.07%
16/01/2014;5 950;5 950;5 950;5 950;42;249 900;2.50%
17/01/2014;5 800;5 800;5 800;5 800;11;63 800;-2.52%
22/01/2014;6 000;6 000;6 000;6 000;5;30 000;3.45%
23/01/2014;6 001;6 001;6 001;6 001;60;360 060;0.02%
24/01/2014;6 000;6 000;6 000;6 000;87;522 000;-0.02%
27/01/2014;6 001;6 001;6 001;6 001;5;30 005;0.02%
28/01/2014;6 100;6 100;6 100;6 100;14;85 400;1.65%
29/01/2014;6 100;6 100;6 100;6 100;5;30 500;0.00%
30/01/2014;6 100;6 100;6 100;6 100;2;12 200;0.00%
31/01/2014;6 101;6 101;6 101;6 101;5;30 505;0.02%
03/02/2014;6 550;6 550;6 550;6 550;50;327 500;7.36%
04/02/2014;6 300;6 300;6 300;6 300;43;270 900;-3.82%
05/02/2014;6 750;6 750;6 750;6 750;151;1 019 250;7.14%
11/02/2014;6 800;6 800;6 800;6 800;23;156 400;0.74%
12/02/2014;6 500;6 500;6 500;6 500;2;13 000;-4.41%
13/02/2014;6 750;6 750;6 750;6 750;54;364 500;3.85%
17/02/2014;6 800;6 800;6 800;6 800;29;197 200;0.74%
18/02/2014;7 100;7 100;7 100;7 100;102;724 200;4.41%
19/02/2014;7 100;7 100;7 100;7 100;27;191 700;0.00%
21/02/2014;7 100;7 100;7 100;7 100;1;7 100;0.00%
24/02/2014;7 000;7 000;7 000;7 000;5;35 000;-1.41%
25/02/2014;7 000;7 000;7 000;7 000;25;175 000;0.00%
26/02/2014;6 500;6 500;6 500;6 500;1;6 500;-7.14%
28/02/2014;6 751;6 751;6 751;6 751;844;5 697 844;3.86%
04/03/2014;6 751;6 751;6 751;6 751;1;6 751;0.00%
06/03/2014;6 755;6 755;6 755;6 755;2;13 510;0.06%
07/03/2014;6 950;6 950;6 950;6 950;4;27 800;2.89%
12/03/2014;6 700;6 700;6 700;6 700;3;20 100;-3.60%
13/03/2014;6 811;6 811;6 811;6 811;1;6 811;1.66%
14/03/2014;6 700;6 700;6 700;6 700;201;1 346 700;-1.63%
18/03/2014;6 701;6 701;6 701;6 701;2;13 402;0.01%
19/03/2014;6 701;6 701;6 701;6 701;9;60 309;0.00%
20/03/2014;6 900;6 900;6 900;6 900;5;34 500;2.97%
27/03/2014;6 650;6 650;6 650;6 650;1;6 650;0.00%
28/03/2014;6 650;6 650;6 650;6 650;15;99 750;0.00%
01/04/2014;6 900;6 900;6 900;6 900;30;207 000;3.76%
02/04/2014;6 900;6 900;6 900;6 900;20;138 000;0.00%
04/04/2014;6 900;6 900;6 900;6 900;7;48 300;0.00%
09/04/2014;6 600;6 600;6 600;6 600;139;917 400;-4.35%
10/04/2014;6 600;6 600;6 600;6 600;36;237 600;0.00%
14/04/2014;6 900;6 900;6 900;6 900;4;27 600;4.55%
15/04/2014;6 600;6 600;6 600;6 600;40;264 000;-4.35%
17/04/2014;6 900;6 900;6 900;6 900;7;48 300;4.55%
18/04/2014;6 900;6 900;6 900;6 900;2;13 800;0.00%
22/04/2014;6 601;6 601;6 601;6 601;28;184 828;-4.33%
28/04/2014;6 601;6 601;6 601;6 601;210;1 386 210;0.00%
29/04/2014;6 900;6 900;6 900;6 900;8;55 200;4.53%
30/04/2014;6 600;6 600;6 600;6 600;25;165 000;-4.35%
05/05/2014;6 600;6 600;6 600;6 600;514;3 392 400;0.00%
06/05/2014;6 600;6 600;6 600;6 600;50;330 000;0.00%
08/05/2014;6 301;6 301;6 301;6 301;3;18 903;-4.53%
12/05/2014;6 300;6 300;6 300;6 300;71;447 300;-0.02%
13/05/2014;6 340;6 340;6 340;6 340;195;1 236 300;0.63%
14/05/2014;6 300;6 300;6 300;6 300;202;1 272 600;-0.63%
15/05/2014;6 773;6 773;6 773;6 773;526;3 562 598;7.51%
16/05/2014;6 700;6 700;6 700;6 700;418;2 800 600;-1.08%
19/05/2014;6 700;6 700;6 700;6 700;10;67 000;0.00%
21/05/2014;6 600;6 600;6 600;6 600;70;462 000;-1.49%
23/05/2014;6 700;6 700;6 700;6 700;62;415 400;1.52%
26/05/2014;6 700;6 700;6 700;6 700;24;160 800;0.00%
30/05/2014;6 600;6 600;6 600;6 600;30;198 000;-1.49%
02/06/2014;6 700;6 700;6 700;6 700;31;207 700;1.52%
03/06/2014;7 000;7 000;7 000;7 000;22;154 000;4.48%
05/06/2014;7 000;7 000;7 000;7 000;4;28 000;0.00%
06/06/2014;7 000;7 000;7 000;7 000;7;49 000;0.00%
12/06/2014;6 900;6 900;6 900;6 900;5;34 500;-1.43%
13/06/2014;6 703;6 703;6 703;6 703;27;180 981;-2.86%
16/06/2014;6 900;6 900;6 900;6 900;74;510 600;2.94%
18/06/2014;7 000;7 000;7 000;7 000;15;105 000;1.45%
24/06/2014;6 900;6 900;6 900;6 900;7;48 300;0.00%
27/06/2014;6 900;6 900;6 900;6 900;416;2 870 400;0.00%
30/06/2014;6 900;6 900;6 900;6 900;15;103 500;0.00%
01/07/2014;6 900;6 900;6 900;6 900;40;276 000;0.00%
03/07/2014;6 800;6 800;6 800;6 800;320;2 176 000;-1.45%
04/07/2014;6 800;6 800;6 800;6 800;27;183 600;0.00%
08/07/2014;6 700;6 700;6 700;6 700;56;375 200;-1.47%
09/07/2014;6 900;6 900;6 900;6 900;28;193 200;2.99%
10/07/2014;6 700;6 700;6 700;6 700;656;4 395 200;-2.90%
11/07/2014;6 800;6 800;6 800;6 800;294;1 999 200;1.49%
14/07/2014;6 800;6 800;6 800;6 800;25;170 000;0.00%
17/07/2014;7 300;7 300;7 300;7 300;57;416 100;7.35%
22/07/2014;7 299;7 299;7 299;7 299;13;94 887;-0.01%
23/07/2014;7 300;7 300;7 300;7 300;112;817 600;0.01%
25/07/2014;7 250;7 250;7 250;7 250;10;72 500;-0.68%
29/07/2014;6 900;6 900;6 900;6 900;41;282 900;-4.83%
04/08/2014;6 400;6 400;6 400;6 400;7;44 800;-7.25%
05/08/2014;6 400;6 400;6 400;6 400;22;140 800;0.00%
06/08/2014;6 001;6 001;6 001;6 001;444;2 664 444;-6.23%
07/08/2014;6 001;6 001;6 001;6 001;4 440;26 644 440;0.00%
11/08/2014;6 100;6 100;6 100;6 100;250;1 525 000;1.65%
13/08/2014;6 151;6 151;6 151;6 151;522;3 210 822;0.84%
20/08/2014;6 600;6 600;6 600;6 600;10;66 000;7.30%
22/08/2014;6 700;6 700;6 700;6 700;1 139;7 631 300;1.52%
26/08/2014;6 710;6 710;6 710;6 710;9;60 390;0.15%
27/08/2014;6 750;6 750;6 750;6 750;82;553 500;0.60%
28/08/2014;6 770;6 770;6 770;6 770;30;203 100;0.30%
29/08/2014;6 771;6 771;6 771;6 771;5;33 855;0.01%
02/09/2014;6 800;6 800;6 800;6 800;36;244 800;0.43%
03/09/2014;6 800;6 800;6 800;6 800;53;360 400;0.00%
04/09/2014;6 800;6 800;6 800;6 800;85;578 000;0.00%
05/09/2014;6 800;6 800;6 800;6 800;43;292 400;0.00%
09/09/2014;6 801;6 801;6 801;6 801;29;197 229;0.01%
10/09/2014;6 801;6 801;6 801;6 801;9;61 209;0.00%
11/09/2014;6 900;6 900;6 900;6 900;26;179 400;1.46%
12/09/2014;6 900;6 900;6 900;6 900;30;207 000;0.00%
15/09/2014;6 801;6 801;6 801;6 801;11;74 811;-1.43%
16/09/2014;6 899;6 899;6 899;6 899;173;1 193 527;1.44%
26/09/2014;6 999;6 999;6 999;6 999;30;209 970;-0.01%
29/09/2014;7 000;7 000;7 000;7 000;109;763 000;0.01%
30/09/2014;7 140;7 140;7 140;7 140;5;35 700;2.00%
02/10/2014;7 100;7 100;7 100;7 100;12;85 200;-0.56%
03/10/2014;7 240;7 240;7 240;7 240;25;181 000;1.97%
06/10/2014;7 240;7 240;7 240;7 240;5;36 200;0.00%
07/10/2014;7 240;7 240;7 240;7 240;12;86 880;0.00%
08/10/2014;7 240;7 240;7 240;7 240;40;289 600;0.00%
09/10/2014;6 802;6 802;6 802;6 802;219;1 489 638;-6.05%
10/10/2014;7 000;7 000;7 000;7 000;261;1 827 000;2.91%
13/10/2014;7 140;7 140;7 140;7 140;75;535 500;2.00%
14/10/2014;7 190;7 190;7 190;7 190;153;1 100 070;0.70%
15/10/2014;7 000;7 000;7 000;7 000;2;14 000;-2.64%
16/10/2014;6 900;6 900;6 900;6 900;905;6 244 500;-1.43%
17/10/2014;6 802;6 802;6 802;6 802;90;612 180;-1.42%
21/10/2014;7 000;7 000;7 000;7 000;36;252 000;2.91%
22/10/2014;7 000;7 000;7 000;7 000;10;70 000;0.00%
23/10/2014;7 000;7 000;7 000;7 000;9;63 000;0.00%
24/10/2014;7 000;7 000;7 000;7 000;145;1 015 000;0.00%
27/10/2014;7 450;7 450;7 450;7 450;24;178 800;6.43%
31/10/2014;7 100;7 100;7 100;7 100;2;14 200;-4.70%
03/11/2014;7 100;7 100;7 100;7 100;169;1 199 900;0.00%
04/11/2014;7 001;7 001;7 001;7 001;8;56 008;-1.39%
05/11/2014;7 400;7 400;7 400;7 400;29;214 600;5.70%
10/11/2014;7 200;7 200;7 200;7 200;1;7 200;-2.70%
13/11/2014;7 300;7 300;7 300;7 300;3;21 900;1.39%
14/11/2014;7 300;7 300;7 300;7 300;20;146 000;0.00%
18/11/2014;7 848;7 848;7 848;7 848;14;109 872;7.51%
19/11/2014;7 800;7 800;7 800;7 800;15;117 000;-0.61%
27/11/2014;7 215;7 215;7 215;7 215;74;533 910;-7.50%
01/12/2014;7 001;7 001;7 001;7 001;907;6 349 907;-2.97%
02/12/2014;7 500;7 500;7 500;7 500;75;562 500;7.13%
03/12/2014;7 800;7 800;7 800;7 800;310;2 418 000;4.00%
05/12/2014;7 800;7 800;7 800;7 800;5;39 000;0.00%
08/12/2014;7 800;7 800;7 800;7 800;440;3 432 000;0.00%
12/12/2014;7 780;7 780;7 780;7 780;21;163 380;-0.26%
15/12/2014;7 790;7 790;7 790;7 790;2;15 580;0.13%
18/12/2014;7 779;7 779;7 779;7 779;10 000;77 790 000;-0.01%
19/12/2014;7 775;7 775;7 775;7 775;55 877;434 443 675;-0.05%
22/12/2014;7 700;7 700;7 700;7 700;112;862 400;-0.96%
23/12/2014;7 700;7 700;7 700;7 700;10 000;77 000 000;0.00%
24/12/2014;7 780;7 780;7 780;7 780;56 170;437 002 600;1.04%
25/12/2014;7 780;7 780;7 780;7 780;561 700;4 369 745 150;-0.01%
26/12/2014;7 750;7 750;7 750;7 750;16;124 000;-0.38%
30/12/2014;7 740;7 740;7 740;7 740;134;1 037 160;-0.13%
31/12/2014;7 800;7 800;7 800;7 800;44;343 200;0.78%
02/01/2015;8 385;8 385;8 385;8 385;2;16 770;7.50%
06/01/2015;8 350;8 350;8 350;8 350;102;851 700;-0.42%
08/01/2015;8 000;8 000;8 000;8 000;24;192 000;-4.19%
09/01/2015;8 200;8 200;8 200;8 200;4;32 800;2.50%
13/01/2015;7 800;7 800;7 800;7 800;249;1 942 200;-4.88%
14/01/2015;7 900;7 900;7 900;7 900;202;1 595 800;1.28%
15/01/2015;7 801;7 801;7 801;7 801;21;163 821;-1.25%
19/01/2015;7 800;7 800;7 800;7 800;15;117 000;-0.01%
20/01/2015;7 900;7 900;7 900;7 900;2;15 800;1.28%
21/01/2015;7 800;7 800;7 800;7 800;8;62 400;-1.27%
22/01/2015;7 800;7 800;7 800;7 800;10;78 000;0.00%
23/01/2015;8 000;8 000;8 000;8 000;30;240 000;2.56%
26/01/2015;8 000;8 000;8 000;8 000;2;16 000;0.00%
27/01/2015;7 901;7 901;7 901;7 901;105;829 605;-1.24%
28/01/2015;7 901;7 901;7 901;7 901;64;505 664;0.00%
29/01/2015;7 901;7 901;7 901;7 901;44;347 644;0.00%
02/02/2015;7 901;7 901;7 901;7 901;66;521 466;0.00%
03/02/2015;7 910;7 910;7 910;7 910;60;474 600;0.11%
04/02/2015;8 200;8 200;8 200;8 200;135;1 107 000;3.67%
05/02/2015;8 200;8 200;8 200;8 200;48;393 600;0.00%
06/02/2015;8 350;8 350;8 350;8 350;104;868 400;1.83%
09/02/2015;8 350;8 350;8 350;8 350;1 040;8 684 000;0.00%
10/02/2015;8 350;8 350;8 350;8 350;18;150 300;0.00%
11/02/2015;8 385;8 385;8 385;8 385;141;1 182 285;0.42%
12/02/2015;9 014;9 014;9 014;9 014;1;9 014;7.50%
13/02/2015;9 014;9 014;9 014;9 014;29;261 406;0.00%
16/02/2015;9 150;9 150;9 150;9 150;90;823 500;1.51%
20/02/2015;9 000;9 000;9 000;9 000;2;18 000;-1.64%
24/02/2015;8 385;8 385;8 385;8 385;1;8 385;-6.83%
25/02/2015;9 000;9 000;9 000;9 000;2;18 000;7.33%
27/02/2015;9 000;9 000;9 000;9 000;10;90 000;0.00%
02/03/2015;8 400;8 400;8 400;8 400;20;168 000;-6.67%
03/03/2015;8 400;8 400;8 400;8 400;300;2 520 000;0.00%
04/03/2015;8 900;8 900;8 900;8 900;134;1 192 600;5.95%
05/03/2015;8 400;8 400;8 400;8 400;251;2 108 400;-5.62%
06/03/2015;8 400;8 400;8 400;8 400;68;571 200;0.00%
11/03/2015;8 250;8 250;8 250;8 250;4;33 000;-1.79%
13/03/2015;8 200;8 200;8 200;8 200;531;4 354 200;-0.61%
20/03/2015;8 200;8 200;8 200;8 200;40;328 000;0.00%
23/03/2015;8 200;8 200;8 200;8 200;100;820 000;0.00%
24/03/2015;8 200;8 200;8 200;8 200;159;1 303 800;0.00%
30/03/2015;8 200;8 200;8 200;8 200;309;2 533 800;0.00%
31/03/2015;8 200;8 200;8 200;8 200;3;24 600;0.00%
03/04/2015;8 201;8 201;8 201;8 201;212;1 738 612;0.01%
06/04/2015;8 201;8 201;8 201;8 201;2 120;17 385 060;-0.01%
07/04/2015;8 303;8 303;8 303;8 303;406;3 371 018;1.25%
08/04/2015;8 401;8 401;8 401;8 401;10;84 010;1.18%
09/04/2015;8 401;8 401;8 401;8 401;24;201 624;0.00%
10/04/2015;8 400;8 400;8 400;8 400;5;42 000;-0.01%
13/04/2015;8 450;8 450;8 450;8 450;31;261 950;0.60%
14/04/2015;8 699;8 699;8 699;8 699;9;78 291;2.95%
16/04/2015;8 451;8 451;8 451;8 451;38;321 138;-2.85%
17/04/2015;8 750;8 750;8 750;8 750;3;26 250;3.54%
20/04/2015;8 557;8 557;8 557;8 557;20;171 140;-2.21%
21/04/2015;8 749;8 749;8 749;8 749;1;8 749;2.24%
22/04/2015;8 750;8 750;8 750;8 750;1;8 750;0.01%
24/04/2015;8 900;8 900;8 900;8 900;1;8 900;1.71%
27/04/2015;9 000;9 000;9 000;9 000;17;153 000;1.12%
29/04/2015;9 400;9 400;9 400;9 400;27;253 800;4.44%
30/04/2015;9 500;9 500;9 500;9 500;80;760 000;1.06%
04/05/2015;8 791;8 791;8 791;8 791;1;8 791;-7.46%
05/05/2015;9 000;9 000;9 000;9 000;32;288 000;2.38%
07/05/2015;8 700;8 700;8 700;8 700;50;435 000;-3.33%
08/05/2015;8 750;8 750;8 750;8 750;5;43 750;0.57%
13/05/2015;8 801;8 801;8 801;8 801;10;88 010;0.58%
14/05/2015;8 801;8 801;8 801;8 801;100;880 100;0.00%
15/05/2015;8 700;8 700;8 700;8 700;200;1 740 000;-1.15%
18/05/2015;9 350;9 350;9 350;9 350;35;327 250;7.47%
20/05/2015;9 350;9 350;9 350;9 350;203;1 898 050;0.00%
21/05/2015;9 349;9 349;9 349;9 349;1;9 349;-0.01%
29/05/2015;8 751;8 751;8 751;8 751;62;542 562;-6.40%
01/06/2015;9 000;9 000;9 000;9 000;2;18 000;2.85%
02/06/2015;9 000;9 000;9 000;9 000;1;9 000;0.00%
04/06/2015;8 800;8 800;8 800;8 800;10;88 000;-2.22%
08/06/2015;8 800;8 800;8 800;8 800;30;264 000;0.00%
10/06/2015;8 750;8 750;8 750;8 750;65;568 750;-0.57%
12/06/2015;8 750;8 750;8 750;8 750;61;533 750;0.00%
17/06/2015;9 000;9 000;9 000;9 000;19;171 000;2.86%
18/06/2015;8 950;8 950;8 950;8 950;23;205 850;-0.56%
19/06/2015;8 562;8 562;8 562;8 562;66;565 092;-4.34%
22/06/2015;8 562;8 562;8 562;8 562;31;265 422;0.00%
23/06/2015;8 562;8 562;8 562;8 562;2;17 124;0.00%
24/06/2015;8 700;8 700;8 700;8 700;4;34 800;1.61%
25/06/2015;8 700;8 700;8 700;8 700;5;43 500;0.00%
26/06/2015;8 700;8 700;8 700;8 700;8;69 600;0.00%
29/06/2015;8 700;8 700;8 700;8 700;2;17 400;0.00%
30/06/2015;8 701;8 701;8 701;8 701;27;234 927;0.01%
02/07/2015;8 751;8 751;8 751;8 751;15;131 265;0.57%
03/07/2015;8 700;8 700;8 700;8 700;5;43 500;-0.58%
07/07/2015;8 760;8 760;8 760;8 760;515;4 511 400;0.69%
09/07/2015;9 001;9 001;9 001;9 001;20;180 020;2.75%
20/07/2015;9 000;9 000;9 000;9 000;12;108 000;-0.01%
23/07/2015;9 100;9 100;9 100;9 100;12;109 200;1.11%
24/07/2015;9 100;9 100;9 100;9 100;10;91 000;0.00%
27/07/2015;8 770;8 770;8 770;8 770;9;78 930;-3.63%
29/07/2015;8 770;8 770;8 770;8 770;30;263 100;0.00%
30/07/2015;8 770;8 770;8 770;8 770;11;96 470;0.00%
31/07/2015;8 770;8 770;8 770;8 770;15;131 550;0.00%
03/08/2015;9 100;9 100;9 100;9 100;66;600 600;3.76%
04/08/2015;9 100;9 100;9 100;9 100;10;91 000;0.00%
05/08/2015;9 100;9 100;9 100;9 100;11;100 100;0.00%
06/08/2015;9 001;9 001;9 001;9 001;12;108 012;-1.09%
07/08/2015;9 001;9 001;9 001;9 001;120;1 080 060;-0.01%
10/08/2015;9 001;9 001;9 001;9 001;51;459 051;0.01%
11/08/2015;9 100;9 100;9 100;9 100;5;45 500;1.10%
12/08/2015;9 100;9 100;9 100;9 100;62;564 200;0.00%
13/08/2015;9 200;9 200;9 200;9 200;82;754 400;1.10%
17/08/2015;9 200;9 200;9 200;9 200;33;303 600;0.00%
18/08/2015;9 201;9 201;9 201;9 201;34;312 834;0.01%
20/08/2015;8 902;8 902;8 902;8 902;21;186 942;-3.25%
21/08/2015;9 000;9 000;9 000;9 000;8;72 000;1.10%
24/08/2015;9 100;9 100;9 100;9 100;19;172 900;1.11%
25/08/2015;9 100;9 100;9 100;9 100;8;72 800;0.00%
26/08/2015;9 100;9 100;9 100;9 100;26;236 600;0.00%
27/08/2015;9 105;9 105;9 105;9 105;1;9 105;0.05%
28/08/2015;9 105;9 105;9 105;9 105;88;801 240;0.00%
01/09/2015;9 106;9 106;9 106;9 106;208;1 894 048;0.01%
03/09/2015;9 150;9 150;9 150;9 150;11;100 650;0.48%
04/09/2015;9 100;9 100;9 100;9 100;820;7 462 000;-0.55%
07/09/2015;9 200;9 200;9 200;9 200;12;110 400;1.10%
08/09/2015;9 201;9 201;9 201;9 201;4;36 804;0.01%
09/09/2015;9 250;9 250;9 250;9 250;13;120 250;0.53%
10/09/2015;9 230;9 230;9 230;9 230;8;73 840;-0.22%
11/09/2015;9 300;9 300;9 300;9 300;20;186 000;0.76%
15/09/2015;9 350;9 350;9 350;9 350;14;130 900;0.43%
16/09/2015;9 351;9 351;9 351;9 351;50;467 550;0.01%
17/09/2015;9 351;9 351;9 351;9 351;525;4 909 275;0.00%
18/09/2015;9 351;9 351;9 351;9 351;6;56 106;0.00%
21/09/2015;9 350;9 350;9 350;9 350;13;121 550;-0.01%
22/09/2015;9 500;9 500;9 500;9 500;25;237 500;1.60%
25/09/2015;9 501;9 501;9 501;9 501;268;2 546 268;0.01%
28/09/2015;9 510;9 510;9 510;9 510;720;6 847 200;0.09%
29/09/2015;10 000;10 000;10 000;10 000;580;5 800 000;5.15%
02/10/2015;10 000;10 000;10 000;10 000;150;1 500 000;0.00%
05/10/2015;10 001;10 001;10 001;10 001;36;360 036;0.01%
06/10/2015;10 001;10 001;10 001;10 001;15;150 015;0.00%
07/10/2015;10 100;10 100;10 100;10 100;16;161 600;0.99%
08/10/2015;10 110;10 110;10 110;10 110;198;2 001 780;0.10%
09/10/2015;10 200;10 200;10 200;10 200;554;5 650 800;0.89%
12/10/2015;10 300;10 300;10 300;10 300;148;1 524 400;0.98%
13/10/2015;10 300;10 300;10 300;10 300;5;51 500;0.00%
14/10/2015;10 100;10 100;10 100;10 100;160;1 616 000;-1.94%
15/10/2015;10 400;10 400;10 400;10 400;777;8 080 800;2.97%
19/10/2015;10 200;10 200;10 200;10 200;31;316 200;-1.92%
20/10/2015;10 200;10 200;10 200;10 200;13;132 600;0.00%
21/10/2015;10 200;10 200;10 200;10 200;65;663 000;0.00%
22/10/2015;9 997;9 997;9 997;9 997;20;199 940;-1.99%
23/10/2015;10 000;10 000;10 000;10 000;20;200 000;0.03%
27/10/2015;10 000;10 000;10 000;10 000;522;5 220 000;0.00%
28/10/2015;10 300;10 300;10 300;10 300;35;360 500;3.00%
29/10/2015;10 100;10 100;10 100;10 100;12;121 200;-1.94%
02/11/2015;10 000;10 000;10 000;10 000;12;120 000;-0.99%
03/11/2015;10 000;10 000;10 000;10 000;34;340 000;0.00%
04/11/2015;10 000;10 000;10 000;10 000;2;20 000;0.00%
05/11/2015;9 800;9 800;9 800;9 800;2;19 600;-2.00%
06/11/2015;9 800;9 800;9 800;9 800;15;147 000;0.00%
09/11/2015;9 700;9 700;9 700;9 700;10;97 000;-1.02%
10/11/2015;9 800;9 800;9 800;9 800;14;137 200;1.03%
13/11/2015;9 800;9 800;9 800;9 800;23;225 400;0.00%
18/11/2015;9 800;9 800;9 800;9 800;3;29 400;0.00%
19/11/2015;9 810;9 810;9 810;9 810;396;3 884 760;0.10%
20/11/2015;9 810;9 810;9 810;9 810;111;1 088 910;0.00%
25/11/2015;9 810;9 810;9 810;9 810;20;196 200;0.00%
26/11/2015;9 810;9 810;9 810;9 810;30;294 300;0.00%
02/12/2015;9 800;9 800;9 800;9 800;59;578 200;-0.10%
04/12/2015;10 480;10 480;10 480;10 480;113;1 184 240;6.94%
07/12/2015;10 750;10 750;10 750;10 750;116;1 247 000;2.58%
10/12/2015;10 500;10 500;10 500;10 500;10;105 000;-2.33%
15/12/2015;10 000;10 000;10 000;10 000;9;90 000;-4.58%
16/12/2015;9 550;9 550;9 550;9 550;4;38 200;-4.50%
18/12/2015;9 500;9 500;9 500;9 500;57;541 500;-0.52%
21/12/2015;9 500;9 500;9 500;9 500;50;475 000;0.00%
22/12/2015;9 600;9 600;9 600;9 600;225;2 160 000;1.05%
23/12/2015;10 000;10 000;10 000;10 000;2;20 000;4.17%
24/12/2015;10 000;10 000;10 000;10 000;20;200 000;0.00%
25/12/2015;10 000;10 000;10 000;10 000;20;200 000;0.00%
28/12/2015;10 000;10 000;10 000;10 000;102;1 020 000;0.00%
29/12/2015;10 000;10 000;10 000;10 000;14;140 000;0.00%
30/12/2015;10 000;10 000;10 000;10 000;1;10 000;0.00%
31/12/2015;10 100;10 100;10 100;10 100;51;515 100;1.00%
04/01/2016;10 000;10 000;10 000;10 000;29;290 000;-0.99%
06/01/2016;10 000;10 000;10 000;10 000;3;30 000;0.00%
07/01/2016;9 800;9 800;9 800;9 800;10;98 000;-2.00%
11/01/2016;9 600;9 600;9 600;9 600;2;19 200;-2.04%
12/01/2016;9 800;9 800;9 800;9 800;8;78 400;2.08%
13/01/2016;9 600;9 600;9 600;9 600;9;86 400;-2.04%
14/01/2016;9 600;9 600;9 600;9 600;101;969 600;0.00%
19/01/2016;9 600;9 600;9 600;9 600;8;76 800;0.00%
20/01/2016;9 950;9 950;9 950;9 950;10;99 500;3.65%
22/01/2016;9 500;9 500;9 500;9 500;105;997 500;-4.52%
25/01/2016;9 520;9 520;9 520;9 520;102;971 040;0.21%
26/01/2016;9 500;9 500;9 500;9 500;44;418 000;-0.21%
27/01/2016;9 950;9 950;9 950;9 950;34;338 300;4.74%
28/01/2016;9 950;9 950;9 950;9 950;70;696 500;0.00%
01/02/2016;9 780;9 780;9 780;9 780;17;166 260;-1.71%
02/02/2016;9 630;9 630;9 630;9 630;249;2 397 870;-1.53%
03/02/2016;9 600;9 600;9 600;9 600;34;326 400;-0.31%
09/02/2016;9 510;9 510;9 510;9 510;2;19 020;-0.94%
10/02/2016;9 600;9 600;9 600;9 600;96;921 600;0.95%
11/02/2016;9 550;9 550;9 550;9 550;107;1 021 850;-0.52%
12/02/2016;9 550;9 550;9 550;9 550;287;2 740 850;0.00%
15/02/2016;9 650;9 650;9 650;9 650;65;627 250;1.05%
16/02/2016;9 700;9 700;9 700;9 700;125;1 212 500;0.52%
17/02/2016;9 795;9 795;9 795;9 795;1;9 795;0.98%
18/02/2016;9 720;9 720;9 720;9 720;2;19 440;-0.77%
19/02/2016;9 800;9 800;9 800;9 800;51;499 800;0.82%
22/02/2016;9 800;9 800;9 800;9 800;50;490 000;0.00%
23/02/2016;9 800;9 800;9 800;9 800;4;39 200;0.00%
24/02/2016;9 801;9 801;9 801;9 801;2;19 602;0.01%
02/03/2016;9 870;9 870;9 870;9 870;10;98 700;0.70%
03/03/2016;9 812;9 812;9 812;9 812;200;1 962 400;-0.59%
04/03/2016;10 000;10 000;10 000;10 000;4;40 000;1.92%
07/03/2016;9 900;9 900;9 900;9 900;28;277 200;-1.00%
08/03/2016;10 000;10 000;10 000;10 000;10;100 000;1.01%
09/03/2016;10 001;10 001;10 001;10 001;2;20 002;0.01%
11/03/2016;10 500;10 500;10 500;10 500;105;1 102 500;0.00%
14/03/2016;10 501;10 501;10 501;10 501;218;2 289 218;0.01%
15/03/2016;10 500;10 500;10 500;10 500;15;157 500;-0.01%
16/03/2016;10 501;10 501;10 501;10 501;5;52 505;0.01%
17/03/2016;10 600;10 600;10 600;10 600;15;159 000;0.94%
18/03/2016;10 501;10 501;10 501;10 501;53;556 553;-0.93%
22/03/2016;10 506;10 506;10 506;10 506;261;2 742 066;0.05%
23/03/2016;10 505;10 505;10 505;10 505;31;325 655;-0.01%
29/03/2016;10 500;10 500;10 500;10 500;337;3 538 500;-0.05%
30/03/2016;10 000;10 000;10 000;10 000;274;2 740 000;-4.76%
31/03/2016;10 000;10 000;10 000;10 000;5;50 000;0.00%
01/04/2016;10 000;10 000;10 000;10 000;23;230 000;0.00%
04/04/2016;10 501;10 501;10 501;10 501;2;21 002;5.01%
05/04/2016;10 700;10 700;10 700;10 700;10;107 000;1.90%
06/04/2016;10 486;10 486;10 486;10 486;101;1 059 086;-2.00%
07/04/2016;10 300;10 300;10 300;10 300;11;113 300;-1.77%
08/04/2016;10 200;10 200;10 200;10 200;50;510 000;-0.97%
11/04/2016;10 200;10 200;10 200;10 200;27;275 400;0.00%
12/04/2016;10 200;10 200;10 200;10 200;60;612 000;0.00%
13/04/2016;10 200;10 200;10 200;10 200;214;2 182 800;0.00%
15/04/2016;9 901;9 901;9 901;9 901;145;1 435 645;-2.93%
19/04/2016;10 200;10 200;10 200;10 200;66;673 200;3.02%
20/04/2016;10 500;10 500;10 500;10 500;116;1 218 000;2.94%
22/04/2016;10 500;10 500;10 500;10 500;2;21 000;0.00%
25/04/2016;10 200;10 200;10 200;10 200;99;1 009 800;-2.86%
26/04/2016;10 100;10 100;10 100;10 100;326;3 292 600;-0.98%
27/04/2016;10 100;10 100;10 100;10 100;70;707 000;0.00%
28/04/2016;10 000;10 000;10 000;10 000;71;710 000;-0.99%
29/04/2016;10 100;10 100;10 100;10 100;187;1 888 700;1.00%
02/05/2016;10 100;10 100;10 100;10 100;1 870;18 887 000;0.00%
03/05/2016;10 500;10 500;10 500;10 500;28;294 000;3.96%
04/05/2016;10 500;10 500;10 500;10 500;60;630 000;0.00%
05/05/2016;10 500;10 500;10 500;10 500;600;6 300 000;0.00%
09/05/2016;10 400;10 400;10 400;10 400;31;322 400;-0.95%
10/05/2016;10 300;10 300;10 300;10 300;230;2 369 000;-0.96%
11/05/2016;10 100;10 100;10 100;10 100;181;1 828 100;-1.94%
12/05/2016;10 000;10 000;10 000;10 000;86;860 000;-0.99%
13/05/2016;10 100;10 100;10 100;10 100;15;151 500;1.00%
16/05/2016;10 100;10 100;10 100;10 100;150;1 515 000;0.00%
17/05/2016;10 100;10 100;10 100;10 100;115;1 161 500;0.00%
18/05/2016;10 100;10 100;10 100;10 100;24;242 400;0.00%
19/05/2016;10 100;10 100;10 100;10 100;154;1 555 400;0.00%
20/05/2016;10 100;10 100;10 100;10 100;61;616 100;0.00%
23/05/2016;9 950;9 950;9 950;9 950;114;1 134 300;-1.49%
24/05/2016;9 900;9 900;9 900;9 900;453;4 484 700;-0.50%
25/05/2016;9 951;9 951;9 951;9 951;45;447 795;0.52%
26/05/2016;9 900;9 900;9 900;9 900;123;1 217 700;-0.51%
27/05/2016;9 940;9 940;9 940;9 940;147;1 461 180;0.40%
31/05/2016;9 940;9 940;9 940;9 940;11;109 340;0.00%
01/06/2016;9 930;9 930;9 930;9 930;408;4 051 440;-0.10%
02/06/2016;9 940;9 940;9 940;9 940;4;39 760;0.10%
03/06/2016;9 950;9 950;9 950;9 950;86;855 700;0.10%
06/06/2016;9 935;9 935;9 935;9 935;1;9 935;-0.15%
10/06/2016;10 600;10 600;10 600;10 600;10;106 000;3.92%
13/06/2016;10 600;10 600;10 600;10 600;291;3 084 600;0.00%
14/06/2016;10 500;10 500;10 500;10 500;22;231 000;-0.94%
16/06/2016;10 500;10 500;10 500;10 500;43;451 500;0.00%
17/06/2016;10 200;10 200;10 200;10 200;25;255 000;-2.86%
20/06/2016;10 000;10 000;10 000;10 000;83;830 000;-1.96%
21/06/2016;9 951;9 951;9 951;9 951;11;109 461;-0.49%
22/06/2016;10 000;10 000;10 000;10 000;34;340 000;0.49%
24/06/2016;10 000;10 000;10 000;10 000;62;620 000;0.00%
27/06/2016;10 400;10 400;10 400;10 400;1;10 400;4.00%
28/06/2016;10 000;10 000;10 000;10 000;52;520 000;-3.85%
29/06/2016;10 000;10 000;10 000;10 000;2;20 000;0.00%
30/06/2016;10 001;10 001;10 001;10 001;11;110 011;0.01%
01/07/2016;10 000;10 000;10 000;10 000;6;60 000;-0.01%
04/07/2016;10 000;10 000;10 000;10 000;35;350 000;0.00%
05/07/2016;10 000;10 000;10 000;10 000;97;970 000;0.00%
06/07/2016;10 000;10 000;10 000;10 000;970;9 700 000;0.00%
07/07/2016;10 000;10 000;10 000;10 000;10;100 000;0.00%
11/07/2016;9 500;9 500;9 500;9 500;42;399 000;-5.00%
12/07/2016;9 500;9 500;9 500;9 500;9;85 500;0.00%
13/07/2016;9 500;9 500;9 500;9 500;30;285 000;0.00%
15/07/2016;9 900;9 900;9 900;9 900;358;3 544 200;4.21%
18/07/2016;9 500;9 500;9 500;9 500;30;285 000;-4.04%
19/07/2016;9 500;9 500;9 500;9 500;62;589 000;0.00%
20/07/2016;9 450;9 450;9 450;9 450;7;66 150;-0.53%
21/07/2016;9 500;9 500;9 500;9 500;6;57 000;0.53%
22/07/2016;9 400;9 400;9 400;9 400;12;112 800;-1.05%
25/07/2016;9 450;9 450;9 450;9 450;41;387 450;0.53%
26/07/2016;9 100;9 100;9 100;9 100;186;1 692 600;-3.70%
27/07/2016;9 001;9 001;9 001;9 001;74;666 074;-1.09%
28/07/2016;9 001;9 001;9 001;9 001;52;468 052;0.00%
29/07/2016;9 001;9 001;9 001;9 001;18;162 018;0.00%
01/08/2016;9 100;9 100;9 100;9 100;10;91 000;1.10%
02/08/2016;9 100;9 100;9 100;9 100;32;291 200;0.00%
03/08/2016;9 000;9 000;9 000;9 000;15;135 000;-1.10%
05/08/2016;9 100;9 100;9 100;9 100;15;136 500;1.11%
08/08/2016;9 100;9 100;9 100;9 100;150;1 365 000;0.00%
09/08/2016;9 003;9 003;9 003;9 003;11;99 033;-1.07%
10/08/2016;9 003;9 003;9 003;9 003;10;90 030;0.00%
11/08/2016;8 900;8 900;8 900;8 900;66;587 400;-1.14%
12/08/2016;9 000;9 000;9 000;9 000;5;45 000;1.12%
15/08/2016;9 000;9 000;9 000;9 000;50;450 000;0.00%
16/08/2016;9 000;9 000;9 000;9 000;11;99 000;0.00%
17/08/2016;9 001;9 001;9 001;9 001;12;108 012;0.01%
18/08/2016;9 001;9 001;9 001;9 001;43;387 043;0.00%
19/08/2016;9 001;9 001;9 001;9 001;19;171 019;0.00%
22/08/2016;9 100;9 100;9 100;9 100;72;655 200;1.10%
23/08/2016;9 100;9 100;9 100;9 100;37;336 700;0.00%
24/08/2016;9 101;9 101;9 101;9 101;35;318 535;0.01%
25/08/2016;9 100;9 100;9 100;9 100;210;1 911 000;-0.01%
26/08/2016;9 101;9 101;9 101;9 101;14;127 414;0.01%
29/08/2016;9 102;9 102;9 102;9 102;1;9 102;0.01%
30/08/2016;9 103;9 103;9 103;9 103;10;91 030;0.01%
31/08/2016;9 106;9 106;9 106;9 106;16;145 696;0.03%
01/09/2016;9 123;9 123;9 123;9 123;3;27 369;0.19%
05/09/2016;9 123;9 123;9 123;9 123;44;401 412;0.00%
07/09/2016;9 110;9 110;9 110;9 110;111;1 011 210;0.00%
08/09/2016;9 110;9 110;9 110;9 110;128;1 166 080;0.00%
13/09/2016;9 200;9 200;9 200;9 200;1;9 200;0.99%
14/09/2016;8 566;8 566;8 566;8 566;700;5 996 200;-6.89%
15/09/2016;9 201;9 201;9 201;9 201;10;92 010;7.41%
16/09/2016;9 200;9 200;9 200;9 200;1 303;11 987 600;-0.01%
20/09/2016;8 950;8 950;8 950;8 950;10;89 500;-2.72%
21/09/2016;8 900;8 900;8 900;8 900;20;178 000;-0.56%
22/09/2016;8 900;8 900;8 900;8 900;5;44 500;0.00%
23/09/2016;8 600;8 600;8 600;8 600;40;344 000;-3.37%
26/09/2016;8 800;8 800;8 800;8 800;2;17 600;2.33%
27/09/2016;8 800;8 800;8 800;8 800;36;316 800;0.00%
28/09/2016;8 800;8 800;8 800;8 800;26;228 800;0.00%
29/09/2016;8 950;8 950;8 950;8 950;80;716 000;1.70%
30/09/2016;8 790;8 790;8 790;8 790;6;52 740;-1.79%
03/10/2016;8 750;8 750;8 750;8 750;9;78 750;-0.46%
05/10/2016;8 700;8 700;8 700;8 700;5;43 500;-0.57%
06/10/2016;8 700;8 700;8 700;8 700;13;113 100;0.00%
07/10/2016;8 750;8 750;8 750;8 750;67;586 250;0.57%
10/10/2016;8 700;8 700;8 700;8 700;1;8 700;-0.57%
11/10/2016;8 850;8 850;8 850;8 850;15 973;141 361 050;1.72%
13/10/2016;8 750;8 750;8 750;8 750;1;8 750;-1.13%
14/10/2016;8 750;8 750;8 750;8 750;23;201 250;0.00%
18/10/2016;8 800;8 800;8 800;8 800;4;35 200;0.57%
19/10/2016;9 000;9 000;9 000;9 000;77;693 000;2.27%
24/10/2016;9 000;9 000;9 000;9 000;8;72 000;0.00%
25/10/2016;8 900;8 900;8 900;8 900;238;2 118 200;-1.11%
26/10/2016;8 900;8 900;8 900;8 900;33;293 700;0.00%
27/10/2016;9 000;9 000;9 000;9 000;21;189 000;1.12%
28/10/2016;8 900;8 900;8 900;8 900;10;89 000;-1.11%
31/10/2016;8 900;8 900;8 900;8 900;15;133 500;0.00%
01/11/2016;8 900;8 900;8 900;8 900;150;1 335 000;0.00%
02/11/2016;9 000;9 000;9 000;9 000;4;36 000;1.12%
03/11/2016;9 000;9 000;9 000;9 000;26;234 000;0.00%
04/11/2016;9 000;9 000;9 000;9 000;50;450 000;0.00%
07/11/2016;9 000;9 000;9 000;9 000;11;99 000;0.00%
08/11/2016;9 001;9 001;9 001;9 001;10;90 010;0.01%
09/11/2016;9 000;9 000;9 000;9 000;25;225 000;-0.01%
10/11/2016;9 000;9 000;9 000;9 000;23;207 000;0.00%
11/11/2016;9 000;9 000;9 000;9 000;26;234 000;0.00%
14/11/2016;8 900;8 900;8 900;8 900;21;186 900;-1.11%
15/11/2016;8 900;8 900;8 900;8 900;210;1 869 000;0.00%
16/11/2016;8 901;8 901;8 901;8 901;130;1 157 130;0.01%
17/11/2016;9 000;9 000;9 000;9 000;56;504 000;1.11%
18/11/2016;8 950;8 950;8 950;8 950;181;1 619 950;-0.56%
21/11/2016;8 901;8 901;8 901;8 901;26;231 426;-0.55%
22/11/2016;8 901;8 901;8 901;8 901;30;267 030;0.00%
24/11/2016;8 900;8 900;8 900;8 900;4;35 600;-0.01%
25/11/2016;8 900;8 900;8 900;8 900;18;160 200;0.00%
28/11/2016;8 901;8 901;8 901;8 901;15;133 515;0.01%
29/11/2016;9 000;9 000;9 000;9 000;12;108 000;1.11%
30/11/2016;9 000;9 000;9 000;9 000;251;2 259 000;0.00%
01/12/2016;9 000;9 000;9 000;9 000;4;36 000;0.00%
02/12/2016;9 000;9 000;9 000;9 000;59;531 000;0.00%
06/12/2016;9 000;9 000;9 000;9 000;189;1 701 000;0.00%
07/12/2016;9 000;9 000;9 000;9 000;44;396 000;0.00%
08/12/2016;9 000;9 000;9 000;9 000;22;198 000;0.00%
09/12/2016;9 000;9 000;9 000;9 000;10;90 000;0.00%
12/12/2016;9 000;9 000;9 000;9 000;100;900 000;0.00%
13/12/2016;9 000;9 000;9 000;9 000;5;45 000;0.00%
14/12/2016;9 000;9 000;9 000;9 000;24;216 000;0.00%
15/12/2016;9 000;9 000;9 000;9 000;2;18 000;0.00%
16/12/2016;9 002;9 002;9 002;9 002;27;243 054;0.02%
19/12/2016;9 100;9 100;9 100;9 100;2;18 200;1.09%
20/12/2016;9 100;9 100;9 100;9 100;12;109 200;0.00%
21/12/2016;9 200;9 200;9 200;9 200;51;469 200;1.10%
23/12/2016;9 000;9 000;9 000;9 000;76;684 000;-2.17%
26/12/2016;9 000;9 000;9 000;9 000;760;6 840 000;0.00%
27/12/2016;9 001;9 001;9 001;9 001;40 011;360 139 011;0.01%
28/12/2016;9 100;9 100;9 100;9 100;3;27 300;1.10%
29/12/2016;9 200;9 200;9 200;9 200;165;1 518 000;1.10%
30/12/2016;9 890;9 890;9 890;9 890;9;89 010;7.50%
05/01/2017;9 750;9 750;9 750;9 750;2;19 500;-1.42%
09/01/2017;9 750;9 750;9 750;9 750;5;48 750;0.00%
12/01/2017;9 100;9 100;9 100;9 100;6;54 600;-6.67%
17/01/2017;9 010;9 010;9 010;9 010;24;216 240;-0.99%
18/01/2017;9 100;9 100;9 100;9 100;10;91 000;1.00%
19/01/2017;9 100;9 100;9 100;9 100;4;36 400;0.00%
20/01/2017;9 100;9 100;9 100;9 100;46;418 600;0.00%
23/01/2017;9 100;9 100;9 100;9 100;22;200 200;0.00%
24/01/2017;9 100;9 100;9 100;9 100;70;637 000;0.00%
25/01/2017;9 100;9 100;9 100;9 100;1;9 100;0.00%
26/01/2017;9 101;9 101;9 101;9 101;350;3 185 350;0.01%
30/01/2017;9 400;9 400;9 400;9 400;8;75 200;3.29%
01/02/2017;9 400;9 400;9 400;9 400;65;611 000;0.00%
03/02/2017;9 400;9 400;9 400;9 400;46;432 400;0.00%
06/02/2017;9 450;9 450;9 450;9 450;6;56 700;0.53%
08/02/2017;9 110;9 110;9 110;9 110;48;437 280;-3.60%
09/02/2017;9 400;9 400;9 400;9 400;34;319 600;3.18%
10/02/2017;9 400;9 400;9 400;9 400;37;347 800;0.00%
13/02/2017;9 401;9 401;9 401;9 401;15;141 015;0.01%
14/02/2017;9 401;9 401;9 401;9 401;9;84 609;0.00%
16/02/2017;9 400;9 400;9 400;9 400;2;18 800;-0.01%
17/02/2017;9 500;9 500;9 500;9 500;21;199 500;1.06%
20/02/2017;9 405;9 405;9 405;9 405;36;338 580;-1.00%
21/02/2017;9 101;9 101;9 101;9 101;687;6 252 387;-3.23%
22/02/2017;9 100;9 100;9 100;9 100;1;9 100;-0.01%
23/02/2017;9 100;9 100;9 100;9 100;2;18 200;0.00%
24/02/2017;9 450;9 450;9 450;9 450;9;85 050;3.85%
27/02/2017;9 500;9 500;9 500;9 500;21;199 500;0.53%
28/02/2017;9 500;9 500;9 500;9 500;340;3 230 000;0.00%
01/03/2017;10 000;10 000;10 000;10 000;23;230 000;5.26%
02/03/2017;10 000;10 000;10 000;10 000;20;200 000;0.00%
07/03/2017;9 501;9 501;9 501;9 501;10;95 010;2.15%
10/03/2017;9 450;9 450;9 450;9 450;20;189 000;-0.54%
13/03/2017;9 301;9 301;9 301;9 301;21;195 321;-1.58%
14/03/2017;9 500;9 500;9 500;9 500;7;66 500;2.14%
15/03/2017;9 500;9 500;9 500;9 500;6;57 000;0.00%
16/03/2017;9 510;9 510;9 510;9 510;29;275 790;0.11%
17/03/2017;9 550;9 550;9 550;9 550;1;9 550;0.42%
20/03/2017;9 510;9 510;9 510;9 510;6;57 060;-0.42%
21/03/2017;9 600;9 600;9 600;9 600;43;412 800;0.95%
23/03/2017;10 000;10 000;10 000;10 000;12;120 000;4.17%
24/03/2017;9 610;9 610;9 610;9 610;6;57 660;-3.90%
27/03/2017;9 900;9 900;9 900;9 900;11;108 900;3.02%
28/03/2017;9 900;9 900;9 900;9 900;23;227 700;0.00%
29/03/2017;9 605;9 605;9 605;9 605;8;76 840;-2.98%
30/03/2017;9 605;9 605;9 605;9 605;4;38 420;0.00%
31/03/2017;9 900;9 900;9 900;9 900;25;247 500;3.07%
03/04/2017;9 606;9 606;9 606;9 606;25;240 150;-2.97%
04/04/2017;9 800;9 800;9 800;9 800;36;352 800;2.02%
05/04/2017;9 880;9 880;9 880;9 880;10;98 800;0.82%
10/04/2017;9 800;9 800;9 800;9 800;26;254 800;-0.81%
11/04/2017;9 800;9 800;9 800;9 800;6;58 800;0.00%
12/04/2017;9 605;9 605;9 605;9 605;16;153 680;-1.99%
13/04/2017;9 605;9 605;9 605;9 605;2;19 210;0.00%
18/04/2017;9 700;9 700;9 700;9 700;15;145 500;0.99%
19/04/2017;9 880;9 880;9 880;9 880;7;69 160;1.86%
20/04/2017;9 900;9 900;9 900;9 900;3;29 700;0.20%
21/04/2017;9 900;9 900;9 900;9 900;105;1 039 500;0.00%
24/04/2017;10 000;10 000;10 000;10 000;20;200 000;1.01%
25/04/2017;10 000;10 000;10 000;10 000;14;140 000;0.00%
26/04/2017;10 000;10 000;10 000;10 000;11;110 000;0.00%
28/04/2017;10 000;10 000;10 000;10 000;42;420 000;0.00%
01/05/2017;10 000;10 000;10 000;10 000;420;4 200 000;0.00%
02/05/2017;10 000;10 000;10 000;10 000;3;30 000;0.00%
03/05/2017;10 000;10 000;10 000;10 000;8;80 000;0.00%
04/05/2017;9 750;9 750;9 750;9 750;22;214 500;-2.50%
05/05/2017;9 750;9 750;9 750;9 750;100;975 000;0.00%
08/05/2017;9 700;9 700;9 700;9 700;46;446 200;-0.51%
09/05/2017;9 900;9 900;9 900;9 900;8;79 200;2.06%
10/05/2017;9 900;9 900;9 900;9 900;15;148 500;0.00%
12/05/2017;9 900;9 900;9 900;9 900;9;89 100;0.00%
15/05/2017;10 000;10 000;10 000;10 000;60;600 000;1.01%
16/05/2017;10 000;10 000;10 000;10 000;3;30 000;0.00%
17/05/2017;9 800;9 800;9 800;9 800;4;39 200;-2.00%
18/05/2017;9 900;9 900;9 900;9 900;62;613 800;1.02%
19/05/2017;9 700;9 700;9 700;9 700;11;106 700;-2.02%
22/05/2017;9 700;9 700;9 700;9 700;158;1 532 600;0.00%
23/05/2017;9 700;9 700;9 700;9 700;6;58 200;0.00%
24/05/2017;9 700;9 700;9 700;9 700;8;77 600;0.00%
25/05/2017;9 700;9 700;9 700;9 700;80;776 000;0.00%
26/05/2017;9 700;9 700;9 700;9 700;55;533 500;0.00%
29/05/2017;9 700;9 700;9 700;9 700;297;2 880 900;0.00%
30/05/2017;9 500;9 500;9 500;9 500;29;275 500;-2.06%
31/05/2017;9 500;9 500;9 500;9 500;39;370 500;0.00%
01/06/2017;9 750;9 750;9 750;9 750;9;87 750;2.63%
07/06/2017;9 500;9 500;9 500;9 500;7;66 500;0.00%
08/06/2017;9 100;9 100;9 100;9 100;9;81 900;-4.21%
09/06/2017;9 200;9 200;9 200;9 200;186;1 711 200;1.10%
12/06/2017;8 800;8 800;8 800;8 800;12;105 600;-4.35%
13/06/2017;8 800;8 800;8 800;8 800;88;774 400;0.00%
14/06/2017;9 000;9 000;9 000;9 000;170;1 530 000;2.27%
16/06/2017;8 800;8 800;8 800;8 800;19;167 200;-2.22%
19/06/2017;8 492;8 492;8 492;8 492;32;271 744;-3.50%
23/06/2017;8 300;8 300;8 300;8 300;141;1 170 300;-2.26%
27/06/2017;8 300;8 300;8 300;8 300;58;481 400;0.00%
05/07/2017;8 923;8 923;8 923;8 923;9;80 307;7.51%
06/07/2017;8 923;8 923;8 923;8 923;5;44 615;0.00%
07/07/2017;8 900;8 900;8 900;8 900;5;44 500;-0.26%
10/07/2017;8 900;8 900;8 900;8 900;41;364 900;0.00%
11/07/2017;8 900;8 900;8 900;8 900;46;409 400;0.00%
12/07/2017;9 200;9 200;9 200;9 200;13;119 600;3.37%
13/07/2017;8 900;8 900;8 900;8 900;107;952 300;-3.26%
14/07/2017;9 000;9 000;9 000;9 000;1;9 000;1.12%
18/07/2017;9 000;9 000;9 000;9 000;24;216 000;0.00%
20/07/2017;9 000;9 000;9 000;9 000;43;387 000;0.00%
24/07/2017;9 000;9 000;9 000;9 000;30;270 000;0.00%
25/07/2017;9 000;9 000;9 000;9 000;11;99 000;0.00%
26/07/2017;9 000;9 000;9 000;9 000;4;36 000;0.00%
31/07/2017;8 970;8 970;8 970;8 970;5;44 850;-0.33%
02/08/2017;8 899;8 899;8 899;8 899;1;8 899;-0.79%
03/08/2017;8 850;8 850;8 850;8 850;7 178;63 525 300;-0.55%
04/08/2017;8 850;8 850;8 850;8 850;209;1 849 650;0.00%
07/08/2017;8 850;8 850;8 850;8 850;2 090;18 495 455;-0.01%
08/08/2017;8 900;8 900;8 900;8 900;61;542 900;0.57%
11/08/2017;8 790;8 790;8 790;8 790;20;175 800;-1.24%
23/08/2017;8 131;8 131;8 131;8 131;33;268 323;-7.50%
24/08/2017;7 522;7 522;7 522;7 522;36;270 792;-7.49%
25/08/2017;6 958;6 958;6 958;6 958;35;243 530;-7.50%
28/08/2017;6 440;6 440;6 440;6 440;35;225 400;-7.44%
29/08/2017;6 900;6 900;6 900;6 900;99;683 100;7.14%
30/08/2017;6 900;6 900;6 900;6 900;158;1 090 200;0.00%
31/08/2017;7 100;7 100;7 100;7 100;19;134 900;2.90%
04/09/2017;7 100;7 100;7 100;7 100;3;21 300;0.00%
05/09/2017;7 000;7 000;7 000;7 000;51;357 000;-1.41%
06/09/2017;7 000;7 000;7 000;7 000;197;1 379 000;0.00%
07/09/2017;7 000;7 000;7 000;7 000;152;1 064 000;0.00%
08/09/2017;7 525;7 525;7 525;7 525;858;6 456 450;7.50%
11/09/2017;8 080;8 080;8 080;8 080;388;3 135 040;7.38%
12/09/2017;8 550;8 550;8 550;8 550;501;4 283 550;5.82%
13/09/2017;9 191;9 191;9 191;9 191;227;2 086 357;7.50%
18/09/2017;9 000;9 000;9 000;9 000;721;6 489 000;-2.08%
19/09/2017;8 325;8 325;8 325;8 325;1;8 325;-7.50%
26/09/2017;7 701;7 701;7 701;7 701;32;246 432;-7.50%
27/09/2017;7 200;7 200;7 200;7 200;233;1 677 600;-6.51%
28/09/2017;7 200;7 200;7 200;7 200;31;223 200;0.00%
03/10/2017;7 740;7 740;7 740;7 740;117;905 580;7.50%
04/10/2017;8 321;8 321;8 321;8 321;16;133 136;7.51%
05/10/2017;8 945;8 945;8 945;8 945;44;393 580;7.50%
09/10/2017;8 500;8 500;8 500;8 500;52;442 000;-4.97%
10/10/2017;8 900;8 900;8 900;8 900;301;2 678 900;4.71%
11/10/2017;8 500;8 500;8 500;8 500;181;1 538 500;-4.49%
12/10/2017;8 895;8 895;8 895;8 895;1 530;13 609 350;4.65%
13/10/2017;8 895;8 895;8 895;8 895;92;818 340;0.00%
16/10/2017;8 895;8 895;8 895;8 895;777;6 911 415;0.00%
17/10/2017;8 800;8 800;8 800;8 800;402;3 537 600;-1.07%
18/10/2017;8 500;8 500;8 500;8 500;1 917;16 294 500;-3.41%
19/10/2017;7 865;7 865;7 865;7 865;973;7 652 645;-7.47%
20/10/2017;8 450;8 450;8 450;8 450;115;971 750;7.44%
23/10/2017;8 890;8 890;8 890;8 890;480;4 267 200;5.21%
24/10/2017;8 800;8 800;8 800;8 800;410;3 608 000;-1.01%
25/10/2017;8 645;8 645;8 645;8 645;1 434;12 396 930;-1.76%
26/10/2017;8 500;8 500;8 500;8 500;84;714 000;-1.68%
27/10/2017;8 165;8 165;8 165;8 165;500;4 082 500;-3.94%
30/10/2017;8 350;8 350;8 350;8 350;195;1 628 250;2.27%
31/10/2017;8 350;8 350;8 350;8 350;340;2 839 000;0.00%
01/11/2017;8 350;8 350;8 350;8 350;340;2 839 000;0.00%
02/11/2017;8 595;8 595;8 595;8 595;307;2 638 665;2.93%
03/11/2017;8 500;8 500;8 500;8 500;2 290;19 465 000;-1.11%
06/11/2017;8 500;8 500;8 500;8 500;742;6 307 000;0.00%
07/11/2017;8 500;8 500;8 500;8 500;261;2 218 500;0.00%
08/11/2017;8 505;8 505;8 505;8 505;25;212 625;0.06%
09/11/2017;8 500;8 500;8 500;8 500;170;1 445 000;-0.06%
10/11/2017;8 595;8 595;8 595;8 595;1 376;11 826 720;1.12%
13/11/2017;8 355;8 355;8 355;8 355;2 082;17 395 110;-2.79%
14/11/2017;8 150;8 150;8 150;8 150;770;6 275 500;-2.45%
15/11/2017;8 150;8 150;8 150;8 150;770;6 275 500;0.00%
16/11/2017;8 500;8 500;8 500;8 500;394;3 349 000;4.29%
17/11/2017;8 400;8 400;8 400;8 400;75;630 000;-1.18%
20/11/2017;8 395;8 395;8 395;8 395;1 580;13 264 100;-0.06%
21/11/2017;8 200;8 200;8 200;8 200;1 305;10 701 000;-2.32%
22/11/2017;8 500;8 500;8 500;8 500;370;3 145 000;3.66%
23/11/2017;8 400;8 400;8 400;8 400;11;92 400;-1.18%
24/11/2017;8 350;8 350;8 350;8 350;91;759 850;-0.60%
28/11/2017;8 350;8 350;8 350;8 350;51;425 850;0.00%
29/11/2017;8 350;8 350;8 350;8 350;32;267 200;0.00%
01/12/2017;8 350;8 350;8 350;8 350;3;25 050;0.00%
04/12/2017;8 495;8 495;8 495;8 495;106;900 470;1.74%
05/12/2017;8 250;8 250;8 250;8 250;5;41 250;-2.88%
06/12/2017;8 495;8 495;8 495;8 495;196;1 665 020;2.97%
07/12/2017;8 500;8 500;8 500;8 500;11;93 500;0.06%
08/12/2017;8 400;8 400;8 400;8 400;10 200;85 680 000;-1.18%
11/12/2017;8 400;8 400;8 400;8 400;180;1 512 000;0.00%
12/12/2017;8 500;8 500;8 500;8 500;30;255 000;1.19%
13/12/2017;8 200;8 200;8 200;8 200;385;3 157 000;-3.53%
14/12/2017;8 500;8 500;8 500;8 500;30;255 000;3.66%
15/12/2017;8 500;8 500;8 500;8 500;35;297 500;0.00%
19/12/2017;8 495;8 495;8 495;8 495;711;6 039 945;-0.06%
20/12/2017;8 500;8 500;8 500;8 500;81 343;691 415 500;0.06%
21/12/2017;8 300;8 300;8 300;8 300;8;66 400;-2.35%
22/12/2017;8 300;8 300;8 300;8 300;31;257 300;0.00%
25/12/2017;8 300;8 300;8 300;8 300;31;257 300;0.00%
26/12/2017;8 500;8 500;8 500;8 500;779 429;6 625 146 500;2.41%
27/12/2017;8 500;8 500;8 500;8 500;2;17 000;0.00%
28/12/2017;8 305;8 305;8 305;8 305;140;1 162 700;-2.29%
29/12/2017;8 490;8 490;8 490;8 490;1 805;15 324 450;2.23%
02/01/2018;8 700;8 700;8 700;8 700;759;6 603 300;2.47%
03/01/2018;8 200;8 200;8 200;8 200;143;1 172 600;-5.75%
04/01/2018;8 200;8 200;8 200;8 200;29;237 800;0.00%
05/01/2018;8 500;8 500;8 500;8 500;82;697 000;3.66%
08/01/2018;8 500;8 500;8 500;8 500;25;212 500;0.00%
10/01/2018;8 700;8 700;8 700;8 700;13;113 100;2.35%
11/01/2018;8 700;8 700;8 700;8 700;159;1 383 300;0.00%
12/01/2018;8 500;8 500;8 500;8 500;36;306 000;-2.30%
15/01/2018;8 500;8 500;8 500;8 500;116;986 000;0.00%
16/01/2018;8 700;8 700;8 700;8 700;86;748 200;2.35%
17/01/2018;8 700;8 700;8 700;8 700;68;591 600;0.00%
18/01/2018;8 750;8 750;8 750;8 750;556;4 865 000;0.57%
19/01/2018;8 600;8 600;8 600;8 600;65;559 000;-1.71%
22/01/2018;8 500;8 500;8 500;8 500;60;510 000;-1.16%
23/01/2018;8 500;8 500;8 500;8 500;139;1 181 500;0.00%
24/01/2018;7 870;7 870;7 870;7 870;2 103;16 550 610;-7.41%
25/01/2018;8 000;8 000;8 000;8 000;494;3 952 000;1.65%
26/01/2018;8 000;8 000;8 000;8 000;54;432 000;0.00%
29/01/2018;7 870;7 870;7 870;7 870;69;543 030;-1.63%
30/01/2018;8 055;8 055;8 055;8 055;132;1 063 260;2.35%
31/01/2018;7 455;7 455;7 455;7 455;207;1 543 185;-7.45%
01/02/2018;8 000;8 000;8 000;8 000;25 154;201 232 000;7.31%
02/02/2018;8 300;8 300;8 300;8 300;33;273 900;3.75%
05/02/2018;8 500;8 500;8 500;8 500;183;1 555 500;2.41%
06/02/2018;8 510;8 510;8 510;8 510;105;893 550;0.12%
07/02/2018;8 500;8 500;8 500;8 500;237;2 014 500;-0.12%
08/02/2018;8 600;8 600;8 600;8 600;50;430 000;1.18%
09/02/2018;8 595;8 595;8 595;8 595;150;1 289 250;-0.06%
12/02/2018;8 500;8 500;8 500;8 500;60;510 000;-1.11%
13/02/2018;8 495;8 495;8 495;8 495;50;424 750;-0.06%
14/02/2018;8 485;8 485;8 485;8 485;65;551 525;-0.12%
15/02/2018;8 485;8 485;8 485;8 485;135;1 145 475;0.00%
16/02/2018;8 450;8 450;8 450;8 450;100;845 000;-0.41%
19/02/2018;8 300;8 300;8 300;8 300;80;664 000;-1.78%
20/02/2018;8 450;8 450;8 450;8 450;150;1 267 500;1.81%
21/02/2018;7 820;7 820;7 820;7 820;217;1 696 940;-7.46%
22/02/2018;7 855;7 855;7 855;7 855;50;392 750;0.45%
23/02/2018;8 195;8 195;8 195;8 195;27;221 265;4.33%
26/02/2018;8 100;8 100;8 100;8 100;2 591;20 987 100;-1.16%
27/02/2018;8 100;8 100;8 100;8 100;3 239;26 235 900;0.00%
01/03/2018;8 390;8 390;8 390;8 390;217;1 820 630;3.58%
02/03/2018;8 390;8 390;8 390;8 390;517;4 337 630;0.00%
05/03/2018;8 200;8 200;8 200;8 200;50;410 000;-2.26%
06/03/2018;8 395;8 395;8 395;8 395;3;25 185;2.38%
07/03/2018;8 350;8 350;8 350;8 350;197;1 644 950;-0.54%
08/03/2018;8 350;8 350;8 350;8 350;91;759 850;0.00%
09/03/2018;8 355;8 355;8 355;8 355;1 014;8 471 970;0.06%
12/03/2018;8 365;8 365;8 365;8 365;936;7 829 640;0.12%
13/03/2018;8 200;8 200;8 200;8 200;2 397;19 655 400;-1.97%
14/03/2018;8 445;8 445;8 445;8 445;45;380 025;2.99%
15/03/2018;8 300;8 300;8 300;8 300;100;830 000;-1.72%
16/03/2018;8 200;8 200;8 200;8 200;360;2 952 000;-1.20%
19/03/2018;7 800;7 800;7 800;7 800;60;468 000;-4.88%
20/03/2018;8 100;8 100;8 100;8 100;52;421 200;3.85%
21/03/2018;8 200;8 200;8 200;8 200;444;3 640 800;1.23%
22/03/2018;8 495;8 495;8 495;8 495;1 913;16 250 935;3.60%
23/03/2018;8 450;8 450;8 450;8 450;330;2 788 500;-0.53%
26/03/2018;8 290;8 290;8 290;8 290;81;671 490;-1.89%
27/03/2018;8 200;8 200;8 200;8 200;132;1 082 400;-1.09%
28/03/2018;7 585;7 585;7 585;7 585;60;455 100;-7.50%
29/03/2018;8 000;8 000;8 000;8 000;16;128 000;5.47%
30/03/2018;7 995;7 995;7 995;7 995;52;415 740;-0.06%
02/04/2018;7 995;7 995;7 995;7 995;52;415 740;0.00%
03/04/2018;7 410;7 410;7 410;7 410;413;3 060 330;-7.32%
04/04/2018;7 000;7 000;7 000;7 000;950;6 650 000;-5.53%
05/04/2018;7 400;7 400;7 400;7 400;232;1 716 800;5.71%
06/04/2018;7 400;7 400;7 400;7 400;352;2 604 800;0.00%
09/04/2018;7 745;7 745;7 745;7 745;898;6 955 010;4.66%
10/04/2018;7 500;7 500;7 500;7 500;2 609;19 567 500;-3.16%
11/04/2018;7 985;7 985;7 985;7 985;117;934 245;6.47%
12/04/2018;7 610;7 610;7 610;7 610;524;3 987 640;-4.70%
13/04/2018;8 000;8 000;8 000;8 000;1 871;14 968 000;5.12%
16/04/2018;7 650;7 650;7 650;7 650;1 027;7 856 550;-4.38%
17/04/2018;7 900;7 900;7 900;7 900;1 715;13 548 500;3.27%
18/04/2018;7 900;7 900;7 900;7 900;1 191;9 408 900;0.00%
19/04/2018;8 000;8 000;8 000;8 000;805;6 440 000;1.27%
20/04/2018;8 000;8 000;8 000;8 000;1 256;10 048 000;0.00%
23/04/2018;8 000;8 000;8 000;8 000;745;5 960 000;0.00%
24/04/2018;8 000;8 000;8 000;8 000;91;728 000;0.00%
25/04/2018;7 995;7 995;7 995;7 995;714;5 708 430;-0.06%
26/04/2018;8 000;8 000;8 000;8 000;422;3 376 000;0.06%
27/04/2018;8 000;8 000;8 000;8 000;295;2 360 000;0.00%
09/05/2018;7 600;7 600;7 600;7 600;35;266 000;-5.00%
10/05/2018;7 600;7 600;7 600;7 600;35;266 000;0.00%
11/05/2018;7 030;7 030;7 030;7 030;40;281 200;-7.50%
14/05/2018;7 350;7 350;7 350;7 350;127;933 450;4.55%
15/05/2018;7 340;7 340;7 340;7 340;14;102 760;-0.14%
16/05/2018;7 200;7 200;7 200;7 200;216;1 555 200;-1.91%
17/05/2018;7 050;7 050;7 050;7 050;73;514 650;-2.08%
18/05/2018;7 050;7 050;7 050;7 050;106;747 300;0.00%
21/05/2018;7 050;7 050;7 050;7 050;106;747 300;0.00%
22/05/2018;6 995;6 995;6 995;6 995;130;909 350;-0.78%
23/05/2018;6 995;6 995;6 995;6 995;110;769 450;0.00%
24/05/2018;6 500;6 500;6 500;6 500;29;188 500;-7.08%
25/05/2018;6 985;6 985;6 985;6 985;3;20 955;7.46%
28/05/2018;6 465;6 465;6 465;6 465;100;646 500;-7.44%
30/05/2018;6 600;6 600;6 600;6 600;46;303 600;-4.35%
31/05/2018;6 600;6 600;6 600;6 600;89;587 400;0.00%
01/06/2018;6 600;6 600;6 600;6 600;45;297 000;0.00%
04/06/2018;6 295;6 295;6 295;6 295;251;1 580 045;-4.62%
05/06/2018;6 300;6 300;6 300;6 300;600;3 780 000;0.08%
06/06/2018;6 295;6 295;6 295;6 295;69;434 355;-0.08%
07/06/2018;6 290;6 290;6 290;6 290;511;3 214 190;-0.08%
08/06/2018;6 285;6 285;6 285;6 285;7;43 995;-0.08%
11/06/2018;6 285;6 285;6 285;6 285;7;43 995;0.00%
12/06/2018;6 280;6 280;6 280;6 280;152;954 560;-0.08%
13/06/2018;6 100;6 100;6 100;6 100;73;445 300;-2.87%
14/06/2018;6 100;6 100;6 100;6 100;73;445 300;0.00%
15/06/2018;6 250;6 250;6 250;6 250;30;187 500;2.46%
18/06/2018;6 470;6 470;6 470;6 470;517;3 344 990;3.52%
19/06/2018;6 350;6 350;6 350;6 350;14;88 900;-1.85%
20/06/2018;6 825;6 825;6 825;6 825;143;975 975;7.48%
21/06/2018;6 790;6 790;6 790;6 790;71;482 090;-0.51%
28/06/2018;7 200;7 200;7 200;7 200;5;36 000;6.04%
29/06/2018;7 340;7 340;7 340;7 340;10;73 400;1.94%
02/07/2018;7 300;7 300;7 300;7 300;183;1 335 900;-0.54%
03/07/2018;7 295;7 295;7 295;7 295;25;182 375;-0.07%
04/07/2018;6 750;6 750;6 750;6 750;80;540 000;-7.47%
05/07/2018;6 245;6 245;6 245;6 245;450;2 810 250;-7.48%
06/07/2018;6 365;6 365;6 365;6 365;47;299 155;1.92%
09/07/2018;6 300;6 300;6 300;6 300;55;346 500;-1.02%
10/07/2018;6 160;6 160;6 160;6 160;225;1 386 000;-2.22%
11/07/2018;6 155;6 155;6 155;6 155;608;3 742 240;-0.08%
12/07/2018;6 100;6 100;6 100;6 100;68;414 800;-0.89%
13/07/2018;6 100;6 100;6 100;6 100;1 001;6 106 100;0.00%
16/07/2018;6 100;6 100;6 100;6 100;600;3 660 000;0.00%
17/07/2018;6 100;6 100;6 100;6 100;101;616 100;0.00%
18/07/2018;6 100;6 100;6 100;6 100;233;1 421 300;0.00%
20/07/2018;6 100;6 100;6 100;6 100;161;982 100;0.00%
23/07/2018;6 100;6 100;6 100;6 100;30;183 000;0.00%
24/07/2018;6 100;6 100;6 100;6 100;11;67 100;0.00%
25/07/2018;6 095;6 095;6 095;6 095;6;36 570;-0.08%
26/07/2018;6 100;6 100;6 100;6 100;388;2 366 800;0.08%
30/07/2018;6 095;6 095;6 095;6 095;843;5 138 085;-0.08%
31/07/2018;6 005;6 005;6 005;6 005;428;2 570 140;-1.48%
01/08/2018;6 090;6 090;6 090;6 090;224;1 364 160;1.42%
02/08/2018;5 950;5 950;5 950;5 950;389;2 314 550;-2.30%
03/08/2018;5 990;5 990;5 990;5 990;75;449 250;0.67%
06/08/2018;5 990;5 990;5 990;5 990;75;449 250;0.00%
07/08/2018;5 990;5 990;5 990;5 990;75;449 250;0.00%
08/08/2018;5 775;5 775;5 775;5 775;175;1 010 625;-3.59%
09/08/2018;5 895;5 895;5 895;5 895;85;501 075;2.08%
10/08/2018;5 800;5 800;5 800;5 800;134;777 200;-1.61%
13/08/2018;5 700;5 700;5 700;5 700;407;2 319 900;-1.72%
14/08/2018;5 700;5 700;5 700;5 700;58;330 600;0.00%
20/08/2018;5 500;5 500;5 500;5 500;37;203 500;-3.51%
21/08/2018;5 500;5 500;5 500;5 500;37;203 500;0.00%
22/08/2018;5 500;5 500;5 500;5 500;31;170 500;0.00%
24/08/2018;5 300;5 300;5 300;5 300;60;318 000;-3.64%
28/08/2018;5 190;5 190;5 190;5 190;134;695 460;-2.08%
29/08/2018;5 285;5 285;5 285;5 285;60;317 100;1.83%
30/08/2018;5 280;5 280;5 280;5 280;46;242 880;-0.09%
31/08/2018;5 300;5 300;5 300;5 300;15 062;79 828 600;0.38%
04/09/2018;5 185;5 185;5 185;5 185;83;430 355;-2.17%
05/09/2018;4 995;4 995;4 995;4 995;13;64 935;-3.66%
06/09/2018;4 875;4 875;4 875;4 875;87;424 125;-2.40%
07/09/2018;4 985;4 985;4 985;4 985;47;234 295;2.26%
10/09/2018;4 900;4 900;4 900;4 900;131;641 900;-1.71%
11/09/2018;4 885;4 885;4 885;4 885;17;83 045;-0.31%
12/09/2018;4 875;4 875;4 875;4 875;8;39 000;-0.20%
13/09/2018;4 875;4 875;4 875;4 875;1;4 875;0.00%
14/09/2018;4 550;4 550;4 550;4 550;1 089;4 954 950;-6.67%
17/09/2018;4 550;4 550;4 550;4 550;1 089;4 954 950;0.00%
18/09/2018;4 535;4 535;4 535;4 535;31;140 585;-0.33%
19/09/2018;4 550;4 550;4 550;4 550;600;2 730 000;0.33%
20/09/2018;4 500;4 500;4 500;4 500;73;328 500;-1.10%
21/09/2018;4 300;4 300;4 300;4 300;10;43 000;-4.44%
24/09/2018;4 000;4 000;4 000;4 000;325;1 300 000;-6.98%
25/09/2018;4 000;4 000;4 000;4 000;215;860 000;0.00%
26/09/2018;4 000;4 000;4 000;4 000;1 791;7 164 000;0.00%
27/09/2018;4 015;4 015;4 015;4 015;566;2 272 490;0.38%
28/09/2018;4 020;4 020;4 020;4 020;245;984 900;0.12%
01/10/2018;4 100;4 100;4 100;4 100;170;697 000;1.99%
02/10/2018;4 205;4 205;4 205;4 205;270;1 135 350;2.56%
03/10/2018;4 400;4 400;4 400;4 400;175;770 000;4.64%
04/10/2018;4 500;4 500;4 500;4 500;384;1 728 000;2.27%
05/10/2018;4 670;4 670;4 670;4 670;61;284 870;3.78%
08/10/2018;4 500;4 500;4 500;4 500;5 605;25 222 500;-3.64%
09/10/2018;4 500;4 500;4 500;4 500;70;315 000;0.00%
11/10/2018;4 800;4 800;4 800;4 800;40;192 000;6.67%
12/10/2018;4 800;4 800;4 800;4 800;143;686 400;0.00%
15/10/2018;4 835;4 835;4 835;4 835;42;203 070;0.73%
16/10/2018;4 500;4 500;4 500;4 500;420;1 890 000;-6.93%
17/10/2018;4 500;4 500;4 500;4 500;305;1 372 500;0.00%
18/10/2018;4 500;4 500;4 500;4 500;25;112 500;0.00%
22/10/2018;4 400;4 400;4 400;4 400;153;673 200;-2.22%
23/10/2018;4 400;4 400;4 400;4 400;534;2 349 600;0.00%
25/10/2018;4 395;4 395;4 395;4 395;9;39 555;-0.11%
26/10/2018;4 400;4 400;4 400;4 400;10;44 000;0.11%
29/10/2018;4 400;4 400;4 400;4 400;10;44 000;0.00%
30/10/2018;4 180;4 180;4 180;4 180;5 530;23 115 400;-5.00%
31/10/2018;4 180;4 180;4 180;4 180;450;1 881 000;0.00%
01/11/2018;4 180;4 180;4 180;4 180;450;1 881 000;0.00%
02/11/2018;4 100;4 100;4 100;4 100;253;1 037 300;-1.91%
05/11/2018;4 000;4 000;4 000;4 000;88;352 000;-2.44%
06/11/2018;4 000;4 000;4 000;4 000;25;100 000;0.00%
07/11/2018;3 900;3 900;3 900;3 900;2 143;8 357 700;-2.50%
08/11/2018;3 890;3 890;3 890;3 890;117;455 130;-0.26%
09/11/2018;3 795;3 795;3 795;3 795;740;2 808 300;-2.44%
12/11/2018;3 900;3 900;3 900;3 900;3 344;13 041 600;2.77%
13/11/2018;4 000;4 000;4 000;4 000;1 390;5 560 000;2.56%
14/11/2018;4 000;4 000;4 000;4 000;1 014;4 056 000;0.00%
15/11/2018;4 000;4 000;4 000;4 000;1 014;4 056 000;0.00%
16/11/2018;4 300;4 300;4 300;4 300;591;2 541 300;7.50%
19/11/2018;4 620;4 620;4 620;4 620;5 130;23 700 600;7.44%
20/11/2018;4 620;4 620;4 620;4 620;5 130;23 700 600;0.00%
21/11/2018;4 615;4 615;4 615;4 615;83;383 045;-0.11%
22/11/2018;4 960;4 960;4 960;4 960;2 411;11 958 560;7.48%
23/11/2018;5 325;5 325;5 325;5 325;175;931 875;7.36%
27/11/2018;6 145;6 145;6 145;6 145;457;2 808 265;7.43%
28/11/2018;6 605;6 605;6 605;6 605;700;4 623 500;7.49%
29/11/2018;7 100;7 100;7 100;7 100;725;5 147 500;7.49%
30/11/2018;7 490;7 490;7 490;7 490;1 478;11 070 220;5.49%
03/12/2018;7 200;7 200;7 200;7 200;296;2 131 200;-3.87%
04/12/2018;7 300;7 300;7 300;7 300;57;416 100;1.39%
05/12/2018;7 845;7 845;7 845;7 845;843;6 613 335;7.47%
06/12/2018;7 500;7 500;7 500;7 500;36;270 000;-4.40%
07/12/2018;7 650;7 650;7 650;7 650;170;1 300 500;2.00%
10/12/2018;7 595;7 595;7 595;7 595;128;972 160;-0.72%
11/12/2018;7 400;7 400;7 400;7 400;29;214 600;-2.57%
12/12/2018;7 955;7 955;7 955;7 955;799;6 356 045;7.50%
14/12/2018;7 400;7 400;7 400;7 400;2 526;18 692 400;-6.98%
17/12/2018;6 845;6 845;6 845;6 845;146;999 370;-7.50%
18/12/2018;7 355;7 355;7 355;7 355;678;4 986 690;7.45%
19/12/2018;7 500;7 500;7 500;7 500;1 975;14 812 500;1.97%
20/12/2018;7 700;7 700;7 700;7 700;1 665;12 820 500;2.67%
24/12/2018;7 900;7 900;7 900;7 900;3 592;28 376 800;2.60%
25/12/2018;7 900;7 900;7 900;7 900;3 592;28 376 800;0.00%
26/12/2018;7 950;7 950;7 950;7 950;31 390;249 550 500;0.63%
27/12/2018;7 900;7 900;7 900;7 900;144;1 137 600;-0.63%
04/01/2019;7 550;7 550;7 550;7 550;9;67 950;-4.43%
07/01/2019;7 550;7 550;7 550;7 550;9;67 950;0.00%
08/01/2019;7 295;7 295;7 295;7 295;30;218 850;-3.38%
10/01/2019;7 280;7 280;7 280;7 280;10;72 800;-0.21%
15/01/2019;6 735;6 735;6 735;6 735;1 000;6 735 000;-7.49%
18/01/2019;6 300;6 300;6 300;6 300;10;63 000;-6.46%
21/01/2019;6 300;6 295;6 300;6 295;45;283 388;0.00%
22/01/2019;6 645;6 280;6 645;6 280;1 241;8 019 963;5.48%
23/01/2019;6 645;6 645;6 645;6 645;7;46 515;0.00%
25/01/2019;6 640;6 640;6 640;6 640;10;66 400;-0.08%
29/01/2019;6 300;6 300;6 300;6 300;10;63 000;-5.12%
31/01/2019;6 300;6 300;6 300;6 300;79;497 700;0.00%
01/02/2019;6 200;6 595;6 595;6 200;434;2 776 515;-1.59%
04/02/2019;6 200;6 100;6 200;6 100;316;1 943 400;0.00%
05/02/2019;6 200;6 200;6 200;6 200;28;173 600;0.00%
06/02/2019;6 000;6 000;6 000;6 000;616;3 696 000;-3.23%
07/02/2019;5 900;5 995;5 995;5 900;208;1 237 080;-1.67%
08/02/2019;5 900;5 900;5 900;5 900;3;17 700;0.00%
11/02/2019;5 800;5 800;5 800;5 800;42;243 600;-1.69%
12/02/2019;5 700;5 800;5 800;5 700;20;115 000;-1.72%
14/02/2019;5 695;5 700;5 700;5 695;70;398 825;-0.09%
15/02/2019;5 700;5 700;5 700;5 700;22;125 400;0.09%
18/02/2019;5 695;5 695;5 695;5 695;25;142 375;-0.09%
19/02/2019;5 595;5 695;5 695;5 595;30;169 350;-1.76%
20/02/2019;5 595;5 590;5 595;5 590;50;279 625;0.00%
21/02/2019;5 490;5 490;5 490;5 490;20;109 800;-1.88%
22/02/2019;5 450;5 480;5 480;5 450;57;311 505;-0.73%
28/02/2019;5 335;5 335;5 335;5 335;25;133 375;-1.84%
01/03/2019;5 295;5 295;5 295;5 295;20;105 900;-0.75%
05/03/2019;5 200;5 250;5 250;5 200;210;1 097 250;-1.79%
06/03/2019;5 000;4 990;5 000;4 990;208;1 038 960;-3.85%
07/03/2019;5 000;5 000;5 000;5 000;15;75 000;0.00%
08/03/2019;5 000;5 000;5 000;5 000;33;165 000;0.00%
12/03/2019;4 900;4 900;4 900;4 900;10;49 000;-2.00%
14/03/2019;4 900;4 900;4 900;4 900;25;122 500;0.00%
15/03/2019;4 900;4 900;4 900;4 900;1;4 900;0.00%
18/03/2019;4 900;4 900;4 900;4 900;1;4 900;0.00%
19/03/2019;4 895;4 900;4 900;4 895;15;73 463;-0.10%
20/03/2019;4 900;4 895;4 900;4 895;62;303 645;0.10%
21/03/2019;4 890;4 900;4 900;4 890;178;871 310;-0.20%
22/03/2019;4 885;4 885;4 885;4 885;32;156 320;-0.10%
25/03/2019;4 890;4 890;4 890;4 890;401;1 960 890;0.10%
26/03/2019;4 890;4 890;4 890;4 890;175;855 750;0.00%
27/03/2019;4 875;4 880;4 880;4 875;28;136 570;-0.31%
28/03/2019;4 880;4 800;4 880;4 800;65;314 600;0.10%
29/03/2019;4 875;4 875;4 875;4 875;620;3 022 500;-0.10%
01/04/2019;4 875;4 875;4 875;4 875;50;243 750;0.00%
02/04/2019;4 870;4 870;4 870;4 870;35;170 450;-0.10%
03/04/2019;4 870;4 800;4 870;4 800;75;362 625;0.00%
04/04/2019;4 870;4 870;4 870;4 870;1;4 870;0.00%
05/04/2019;4 870;4 870;4 870;4 870;52;253 240;0.00%
08/04/2019;4 875;4 875;4 875;4 875;7;34 125;0.10%
09/04/2019;4 865;4 875;4 875;4 865;124;603 880;-0.21%
10/04/2019;4 865;4 865;4 865;4 865;2;9 730;0.00%
11/04/2019;4 865;4 865;4 865;4 865;6;29 190;0.00%
12/04/2019;4 800;4 865;4 865;4 800;40;193 300;-1.34%
17/04/2019;4 800;4 800;4 800;4 800;15;72 000;0.00%
18/04/2019;4 600;4 800;4 800;4 600;224;1 052 800;-4.17%
19/04/2019;4 500;4 600;4 600;4 500;128;582 400;-2.17%
22/04/2019;4 500;4 600;4 600;4 500;128;582 400;0.00%
23/04/2019;4 495;4 500;4 500;4 495;355;1 596 613;-0.11%
24/04/2019;4 495;4 500;4 500;4 495;68;305 830;0.00%
25/04/2019;4 500;4 500;4 500;4 500;71;319 500;0.11%
26/04/2019;4 300;4 500;4 500;4 300;100;440 000;-4.44%
29/04/2019;4 300;4 300;4 300;4 300;4 110;17 673 000;0.00%
30/04/2019;4 300;4 200;4 300;4 200;30;127 500;0.00%
01/05/2019;4 300;4 200;4 300;4 200;30;127 500;0.00%
02/05/2019;4 500;4 380;4 500;4 380;406;1 802 640;4.65%
03/05/2019;4 500;4 500;4 500;4 500;652;2 934 000;0.00%
06/05/2019;4 830;4 600;4 830;4 600;3 507;16 535 505;7.33%
07/05/2019;4 800;4 870;4 870;4 800;433;2 093 555;-0.62%
09/05/2019;4 805;4 870;4 870;4 805;398;1 925 325;0.10%
10/05/2019;4 800;4 850;4 850;4 800;1 026;4 950 450;-0.10%
13/05/2019;4 650;4 805;4 805;4 650;13;61 458;-3.13%
14/05/2019;4 850;4 800;4 850;4 800;104;501 800;4.30%
16/05/2019;4 805;4 805;4 805;4 805;240;1 153 200;-0.93%
17/05/2019;4 800;4 805;4 805;4 800;150;720 375;-0.10%
20/05/2019;4 750;4 800;4 800;4 750;34;162 350;-1.04%
21/05/2019;4 600;4 700;4 700;4 600;328;1 525 200;-3.16%
22/05/2019;4 500;4 560;4 560;4 500;415;1 879 950;-2.17%
23/05/2019;4 400;4 500;4 500;4 400;173;769 850;-2.22%
27/05/2019;4 400;4 400;4 400;4 400;428;1 883 200;0.00%
28/05/2019;4 400;4 400;4 400;4 400;161;708 400;0.00%
29/05/2019;4 400;4 400;4 400;4 400;55;242 000;0.00%
30/05/2019;4 400;4 400;4 400;4 400;55;242 000;0.00%
31/05/2019;4 250;4 400;4 400;4 250;1 977;8 550 525;-3.41%
03/06/2019;4 400;4 400;4 400;4 400;15;66 000;3.53%
05/06/2019;4 730;4 730;4 730;4 730;5;23 650;7.50%
06/06/2019;4 600;4 600;4 600;4 600;102;469 200;-2.75%
07/06/2019;4 600;4 600;4 600;4 600;24;110 400;0.00%
11/06/2019;4 600;4 650;4 650;4 600;22;101 750;0.00%
12/06/2019;4 600;4 600;4 600;4 600;139;639 400;0.00%
13/06/2019;4 700;4 600;4 700;4 600;72;334 800;2.17%
14/06/2019;4 700;4 600;4 700;4 600;55;255 750;0.00%
17/06/2019;4 700;4 700;4 700;4 700;8;37 600;0.00%
18/06/2019;4 600;4 600;4 600;4 600;15;69 000;-2.13%
19/06/2019;4 500;4 600;4 600;4 500;91;414 050;-2.17%
21/06/2019;4 490;4 500;4 500;4 490;135;606 825;-0.22%
24/06/2019;4 495;4 495;4 495;4 495;212;952 940;0.11%
25/06/2019;4 500;4 500;4 500;4 500;160;720 000;0.11%
26/06/2019;4 500;4 400;4 500;4 400;762;3 390 900;0.00%
27/06/2019;4 500;4 500;4 500;4 500;1 017;4 576 500;0.00%
28/06/2019;4 500;4 500;4 500;4 500;150;675 000;0.00%
01/07/2019;4 500;4 500;4 500;4 500;42;189 000;0.00%
02/07/2019;4 495;4 495;4 495;4 495;100;449 500;-0.11%
03/07/2019;4 160;4 495;4 495;4 160;225;973 688;-7.45%
04/07/2019;4 160;4 160;4 160;4 160;32;133 120;0.00%
05/07/2019;4 160;4 160;4 160;4 160;27;112 320;0.00%
09/07/2019;4 160;4 160;4 160;4 160;66;274 560;0.00%
10/07/2019;4 195;4 200;4 200;4 195;20;83 950;0.84%
11/07/2019;4 190;4 005;4 190;4 005;271;1 110 423;-0.12%
12/07/2019;4 190;4 190;4 190;4 190;13;54 470;0.00%
15/07/2019;4 000;4 000;4 000;4 000;5;20 000;-4.53%
16/07/2019;4 090;4 000;4 090;4 000;244;986 980;2.25%
17/07/2019;4 000;4 050;4 050;4 000;138;555 450;-2.20%
18/07/2019;4 090;4 090;4 090;4 090;127;519 430;2.25%
19/07/2019;4 145;4 090;4 145;4 090;1 670;6 876 225;1.34%
22/07/2019;4 150;4 090;4 150;4 090;489;2 014 680;0.12%
23/07/2019;4 150;4 150;4 150;4 150;90;373 500;0.00%
24/07/2019;4 150;4 150;4 150;4 150;3;12 450;0.00%
25/07/2019;4 145;4 150;4 150;4 145;131;543 323;-0.12%
26/07/2019;4 145;4 145;4 145;4 145;169;700 505;0.00%
29/07/2019;4 100;4 100;4 100;4 100;30;123 000;-1.09%
30/07/2019;4 150;4 145;4 150;4 145;75;311 063;1.22%
01/08/2019;4 150;4 140;4 150;4 140;346;1 434 170;0.00%
02/08/2019;4 145;4 145;4 145;4 145;27;111 915;-0.12%
05/08/2019;4 100;4 100;4 100;4 100;10;41 000;-1.09%
06/08/2019;4 150;4 100;4 150;4 100;8;33 000;1.22%
07/08/2019;4 150;4 100;4 150;4 100;8;33 000;0.00%
08/08/2019;4 100;4 100;4 100;4 100;106;434 600;-1.20%
09/08/2019;4 100;4 000;4 100;4 000;126;510 300;0.00%
12/08/2019;4 100;4 000;4 100;4 000;126;510 300;0.00%
13/08/2019;4 095;4 095;4 095;4 095;25;102 375;-0.12%
14/08/2019;4 000;4 000;4 000;4 000;13;52 000;-2.32%
15/08/2019;4 000;4 000;4 000;4 000;13;52 000;0.00%
16/08/2019;3 710;3 995;3 995;3 710;70;269 675;-7.25%
19/08/2019;3 850;3 750;3 850;3 750;918;3 488 400;3.77%
20/08/2019;3 850;3 850;3 850;3 850;50;192 500;0.00%
21/08/2019;3 850;3 850;3 850;3 850;129;496 650;0.00%
23/08/2019;3 850;3 850;3 850;3 850;49;188 650;0.00%
26/08/2019;3 750;3 750;3 750;3 750;19;71 250;-2.60%
27/08/2019;3 800;3 750;3 800;3 750;263;992 825;1.33%
28/08/2019;3 900;3 800;3 900;3 800;1 362;5 243 700;2.63%
29/08/2019;3 995;3 995;3 995;3 995;2 033;8 121 835;2.44%
30/08/2019;3 905;3 950;3 950;3 905;30;117 825;-2.25%
02/09/2019;3 800;3 900;3 900;3 800;71;273 350;-2.69%
03/09/2019;3 800;3 800;3 800;3 800;25;95 000;0.00%
04/09/2019;3 850;3 850;3 850;3 850;10;38 500;1.32%
06/09/2019;3 800;3 800;3 800;3 800;66;250 800;-1.30%
09/09/2019;3 730;3 795;3 795;3 730;42;158 025;-1.84%
10/09/2019;3 800;3 795;3 800;3 795;10;37 975;1.88%
11/09/2019;3 710;3 730;3 730;3 710;125;465 000;-2.37%
12/09/2019;3 745;3 790;3 790;3 745;56;210 980;0.94%
13/09/2019;4 000;3 745;4 000;3 745;941;3 644 023;6.81%
16/09/2019;4 250;4 250;4 250;4 250;127;539 750;6.25%
17/09/2019;4 250;4 000;4 250;4 000;524;2 161 500;0.00%
18/09/2019;4 250;4 250;4 250;4 250;423;1 797 750;0.00%
19/09/2019;4 250;4 250;4 250;4 250;20;85 000;0.00%
20/09/2019;4 565;4 250;4 565;4 250;656;2 891 320;7.41%
23/09/2019;4 565;4 565;4 565;4 565;10;45 650;0.00%
25/09/2019;4 565;4 560;4 565;4 560;1 380;6 296 250;0.00%
26/09/2019;4 900;4 560;4 900;4 560;265;1 253 450;7.34%
27/09/2019;5 200;4 880;5 200;4 880;672;3 386 880;6.12%
30/09/2019;5 145;5 145;5 145;5 145;741;3 812 445;-1.06%
01/10/2019;5 100;5 100;5 100;5 100;14;71 400;-0.87%
03/10/2019;5 140;5 100;5 140;5 100;1 210;6 195 200;0.78%
04/10/2019;5 090;5 090;5 090;5 090;281;1 430 290;-0.97%
07/10/2019;5 000;4 995;5 000;4 995;150;749 625;-1.77%
09/10/2019;4 995;4 990;4 995;4 990;60;299 550;-0.10%
11/10/2019;5 000;4 800;5 000;4 800;514;2 518 600;0.10%
14/10/2019;5 000;4 950;5 000;4 950;722;3 591 950;0.00%
15/10/2019;4 995;4 995;4 995;4 995;25;124 875;-0.10%
16/10/2019;4 995;4 990;4 995;4 990;4;19 970;0.00%
17/10/2019;4 985;4 985;4 985;4 985;2;9 970;-0.20%
18/10/2019;4 985;4 985;4 985;4 985;6;29 910;0.00%
21/10/2019;4 975;4 980;4 980;4 975;60;298 650;-0.20%
25/10/2019;5 200;4 630;5 200;4 630;10 825;53 204 875;4.52%
29/10/2019;5 200;5 150;5 200;5 150;575;2 975 625;0.00%
30/10/2019;5 550;5 400;5 550;5 400;40;219 000;6.73%
31/10/2019;5 550;5 550;5 550;5 550;25;138 750;0.00%
01/11/2019;5 550;5 550;5 550;5 550;25;138 750;0.00%
04/11/2019;5 200;5 200;5 200;5 200;210;1 092 000;-6.31%
05/11/2019;5 300;5 300;5 300;5 300;1;5 300;1.92%
06/11/2019;5 600;5 300;5 600;5 300;310;1 689 500;5.66%
08/11/2019;5 500;5 500;5 500;5 500;450;2 475 000;-1.79%
12/11/2019;5 200;5 500;5 500;5 200;123;658 050;-5.45%
13/11/2019;5 590;5 495;5 590;5 495;338;1 873 365;7.50%
18/11/2019;5 200;5 200;5 200;5 200;29;150 800;-6.98%
25/11/2019;5 550;5 300;5 550;5 300;1 868;10 133 900;0.00%
26/11/2019;5 965;5 595;5 965;5 595;807;4 664 460;7.48%
27/11/2019;6 410;5 955;6 410;5 955;250;1 545 625;7.46%
28/11/2019;6 890;6 885;6 890;6 885;957;6 591 338;7.49%
04/12/2019;6 600;6 600;6 600;6 600;200;1 320 000;-4.21%
05/12/2019;6 850;6 850;6 850;6 850;400;2 740 000;3.79%
06/12/2019;6 375;6 375;6 375;6 375;30;191 250;-6.93%
09/12/2019;6 795;6 795;6 795;6 795;10;67 950;6.59%
18/12/2019;6 400;6 290;6 400;6 290;2 080;13 197 600;-5.81%
19/12/2019;6 795;6 345;6 795;6 345;2 614;17 173 980;6.17%
26/12/2019;6 500;6 300;6 500;6 300;5 926;37 926 400;-4.34%
27/12/2019;6 795;6 495;6 795;6 495;6 795;45 152 775;4.54%
31/12/2019;6 800;6 800;6 800;6 800;6 106;41 520 800;0.07%
01/01/2020;6 800;6 800;6 800;6 800;6 106;41 520 800;0.00%
10/01/2020;6 500;6 500;6 500;6 500;24;156 000;-4.41%
13/01/2020;6 500;6 370;6 500;6 370;29;186 615;0.00%
14/01/2020;6 495;6 495;6 495;6 495;10;64 950;-0.08%
29/01/2020;6 010;6 010;6 010;6 010;24;144 240;-7.47%
30/01/2020;6 000;6 000;6 000;6 000;50;300 000;-0.17%
04/02/2020;5 800;5 800;5 800;5 800;12;69 600;-3.33%
07/02/2020;5 650;5 650;5 650;5 650;5;28 250;-2.59%
10/02/2020;5 500;5 500;5 500;5 500;5;27 500;-2.65%
14/02/2020;5 300;5 300;5 300;5 300;9;47 700;-3.64%
17/02/2020;4 910;4 910;4 910;4 910;210;1 031 100;-7.36%
18/02/2020;4 910;4 910;4 910;4 910;50;245 500;0.00%
20/02/2020;4 895;4 895;4 895;4 895;5;24 475;-0.31%
21/02/2020;4 890;4 895;4 895;4 890;13;63 603;-0.10%
25/02/2020;4 525;4 525;4 525;4 525;16;72 400;-7.46%
26/02/2020;4 430;4 435;4 435;4 430;21;93 083;-2.10%
27/02/2020;4 760;4 345;4 760;4 345;1 809;8 235 473;7.45%
03/03/2020;4 750;4 745;4 750;4 745;11;52 223;-0.21%
05/03/2020;4 700;4 700;4 700;4 700;5;23 500;-1.05%
06/03/2020;4 695;4 695;4 695;4 695;6;28 170;-0.11%
11/03/2020;4 450;4 345;4 450;4 345;135;593 663;-5.22%
12/03/2020;4 345;4 345;4 345;4 345;65;282 425;-2.36%
13/03/2020;4 340;4 400;4 400;4 340;281;1 227 970;-0.12%
16/03/2020;4 335;4 335;4 335;4 335;50;216 750;-0.12%
20/03/2020;4 100;4 100;4 100;4 100;21;86 100;-5.42%
23/03/2020;4 100;4 095;4 100;4 095;252;1 032 570;0.00%
24/03/2020;4 095;4 100;4 100;4 095;61;249 948;-0.12%
25/03/2020;4 100;4 100;4 100;4 100;1;4 100;0.12%
27/03/2020;4 000;4 000;4 000;4 000;50;200 000;-2.44%
30/03/2020;3 900;3 950;3 950;3 900;18;70 650;-2.50%
31/03/2020;4 100;4 100;4 100;4 100;1 250;5 125 000;5.13%
01/04/2020;4 200;4 000;4 200;4 000;260;1 066 000;2.44%
02/04/2020;4 200;4 200;4 200;4 200;191;802 200;0.00%
06/04/2020;4 200;4 200;4 200;4 200;100;420 000;0.00%
07/04/2020;4 200;4 200;4 200;4 200;50;210 000;0.00%
10/04/2020;4 190;4 190;4 190;4 190;506;2 120 140;-0.24%
13/04/2020;4 190;4 190;4 190;4 190;506;2 120 140;0.00%
14/04/2020;4 000;4 190;4 190;4 000;554;2 268 630;-4.53%
15/04/2020;4 000;4 000;4 000;4 000;50;200 000;0.00%
20/04/2020;3 800;3 750;3 800;3 750;282;1 064 550;-5.00%
21/04/2020;3 700;3 800;3 800;3 700;2 311;8 666 250;-2.63%
22/04/2020;3 700;3 700;3 700;3 700;1 445;5 346 500;0.00%
23/04/2020;3 600;3 650;3 650;3 600;121;438 625;-2.70%
24/04/2020;3 330;3 600;3 600;3 330;1 125;3 898 125;-7.50%
27/04/2020;3 085;3 575;3 575;3 085;2 164;7 206 120;-7.36%
28/04/2020;3 000;3 000;3 000;3 000;1 581;4 743 000;-2.76%
29/04/2020;2 855;3 000;3 000;2 855;671;1 964 353;-4.83%
30/04/2020;3 065;3 065;3 065;3 065;22;67 430;7.36%
01/05/2020;3 065;3 065;3 065;3 065;22;67 430;0.00%
05/05/2020;3 290;3 290;3 290;3 290;149;490 210;7.34%
06/05/2020;3 535;3 535;3 535;3 535;1;3 535;7.45%
07/05/2020;3 600;3 535;3 600;3 535;121;431 668;1.84%
08/05/2020;3 600;3 600;3 600;3 600;94;338 400;0.00%
12/05/2020;3 600;3 600;3 600;3 600;40;144 000;0.00%
13/05/2020;3 600;3 665;3 665;3 600;624;2 266 680;0.00%
14/05/2020;3 670;3 650;3 670;3 650;25;91 500;1.94%
19/05/2020;3 670;3 670;3 670;3 670;5;18 350;0.00%
22/05/2020;3 600;3 600;3 600;3 600;15;54 000;-1.91%
25/05/2020;3 500;3 500;3 500;3 500;67;234 500;-2.78%
26/05/2020;3 325;3 430;3 430;3 325;256;864 640;-5.00%
27/05/2020;3 500;3 500;3 500;3 500;117;409 500;5.26%
28/05/2020;3 500;3 500;3 500;3 500;695;2 432 500;0.00%
02/06/2020;3 500;3 670;3 670;3 500;41;146 985;0.00%
03/06/2020;3 600;3 500;3 600;3 500;416;1 476 800;2.86%
04/06/2020;3 930;3 670;3 930;3 670;1 556;5 912 800;9.17%
05/06/2020;4 000;3 820;4 000;3 820;528;2 064 480;1.78%
09/06/2020;4 200;3 900;4 200;3 900;50;202 500;5.00%
11/06/2020;4 500;4 200;4 500;4 200;305;1 326 750;7.14%
12/06/2020;4 835;4 500;4 835;4 500;60;280 050;7.44%
16/06/2020;4 500;4 500;4 500;4 500;20;90 000;-6.93%
17/06/2020;4 200;4 195;4 200;4 195;705;2 959 238;-6.67%
18/06/2020;4 200;4 200;4 200;4 200;2;8 400;0.00%
19/06/2020;4 200;4 120;4 200;4 120;140;582 400;0.00%
22/06/2020;4 200;4 200;4 200;4 200;10;42 000;0.00%
23/06/2020;4 200;4 200;4 200;4 200;272;1 142 400;0.00%
26/06/2020;4 375;4 350;4 375;4 350;138;602 025;4.17%
30/06/2020;4 295;4 295;4 295;4 295;210;901 950;-1.83%
01/07/2020;4 250;4 250;4 250;4 250;22;93 500;-1.05%
02/07/2020;4 295;4 295;4 295;4 295;3;12 885;1.06%
03/07/2020;4 250;4 250;4 250;4 250;125;531 250;-1.05%
07/07/2020;4 250;4 245;4 250;4 245;32;135 920;0.00%
08/07/2020;4 500;4 500;4 500;4 500;50;225 000;5.88%
09/07/2020;4 830;4 830;4 830;4 830;250;1 207 500;7.33%
10/07/2020;4 700;4 700;4 700;4 700;5;23 500;-2.69%
13/07/2020;4 500;4 500;4 500;4 500;630;2 835 000;-4.26%
15/07/2020;4 695;4 500;4 695;4 500;3 105;14 275 238;4.33%
16/07/2020;4 695;4 695;4 695;4 695;5;23 475;0.00%
17/07/2020;4 695;4 690;4 695;4 690;270;1 266 975;0.00%
21/07/2020;4 695;4 695;4 695;4 695;4 800;22 536 000;0.00%
23/07/2020;4 820;4 820;4 820;4 820;193;930 260;2.66%
24/07/2020;4 820;4 820;4 820;4 820;2 281;10 994 420;0.00%
27/07/2020;5 100;5 100;5 100;5 100;50;255 000;5.81%
28/07/2020;5 200;5 200;5 200;5 200;707;3 676 400;1.96%
29/07/2020;5 100;5 100;5 100;5 100;59;300 900;-1.92%
30/07/2020;4 850;4 880;4 880;4 850;109;530 285;-4.90%
31/07/2020;4 850;4 880;4 880;4 850;109;530 285;0.00%
03/08/2020;5 000;4 750;5 000;4 750;610;2 973 750;3.09%
04/08/2020;5 000;5 000;5 000;5 000;157;785 000;0.00%
10/08/2020;5 000;4 630;5 000;4 630;130;625 950;0.00%
14/08/2020;5 000;4 800;5 000;4 800;1 597;7 825 300;0.00%
17/08/2020;4 995;4 750;4 995;4 750;153;745 493;-0.10%
18/08/2020;4 900;4 900;4 900;4 900;60;294 000;-1.90%
24/08/2020;4 945;4 945;4 945;4 945;5;24 725;0.92%
25/08/2020;4 950;4 950;4 950;4 950;20;99 000;0.10%
28/08/2020;4 850;4 855;4 855;4 850;5 079;24 645 848;-2.02%
31/08/2020;5 210;4 850;5 210;4 850;3 972;19 979 160;7.42%
01/09/2020;5 400;5 400;5 400;5 400;20;108 000;3.65%
03/09/2020;5 000;5 000;5 000;5 000;5 000;25 000 000;-7.41%
07/09/2020;5 290;5 000;5 290;5 000;195;1 003 275;5.80%
09/09/2020;4 895;4 900;4 900;4 895;20;97 950;-7.47%
11/09/2020;5 100;4 575;5 100;4 575;1 843;8 915 513;4.19%
14/09/2020;5 290;5 095;5 290;5 095;231;1 199 468;3.73%
01/10/2020;5 400;5 400;5 400;5 400;5;27 000;2.08%
02/10/2020;5 000;5 100;5 100;5 000;1 046;5 282 300;-7.41%
06/10/2020;4 625;4 625;4 625;4 625;50;231 250;-7.50%
07/10/2020;4 900;4 900;4 900;4 900;60;294 000;5.95%
09/10/2020;4 900;4 900;4 900;4 900;3;14 700;0.00%
12/10/2020;4 900;4 900;4 900;4 900;3;14 700;0.00%
13/10/2020;4 850;4 850;4 850;4 850;5;24 250;-1.02%
14/10/2020;4 895;4 895;4 895;4 895;3;14 685;0.93%
15/10/2020;4 900;4 895;4 900;4 895;3 801;18 615 398;0.10%
16/10/2020;4 950;4 950;4 950;4 950;170;841 500;1.02%
19/10/2020;4 950;4 950;4 950;4 950;1 044;5 167 800;0.00%
20/10/2020;5 320;4 945;5 320;4 945;188;964 910;7.47%
21/10/2020;5 320;5 200;5 320;5 200;2 010;10 572 600;0.00%
26/10/2020;5 715;5 200;5 715;5 200;1 530;8 349 975;7.42%
27/10/2020;6 140;6 140;6 140;6 140;5;30 700;7.44%
28/10/2020;6 500;6 100;6 500;6 100;258;1 625 400;5.86%
29/10/2020;6 500;6 100;6 500;6 100;258;1 625 400;0.00%
02/11/2020;6 500;6 370;6 500;6 370;8 847;56 930 445;0.00%
06/11/2020;6 500;6 140;6 500;6 140;300;1 896 000;0.00%
13/11/2020;6 400;6 050;6 400;6 050;9 042;56 286 450;-1.54%
16/11/2020;6 440;6 440;6 440;6 440;1 000;6 440 000;0.63%
17/11/2020;6 890;6 400;6 890;6 400;16 000;106 320 000;6.99%
18/11/2020;6 790;6 395;6 790;6 395;150;988 875;-1.45%
19/11/2020;6 400;6 495;6 495;6 400;557;3 591 258;-5.74%
20/11/2020;6 400;6 335;6 400;6 335;1 661;10 576 418;0.00%
23/11/2020;6 400;6 400;6 400;6 400;4 000;25 600 000;0.00%
24/11/2020;6 395;6 000;6 395;6 000;2 935;18 189 663;-0.08%
25/11/2020;6 390;6 390;6 390;6 390;17;108 630;-0.08%
26/11/2020;6 385;6 005;6 385;6 005;581;3 599 295;-0.08%
01/12/2020;6 860;6 000;6 860;6 000;28 740;184 798 200;7.44%
02/12/2020;6 870;6 860;6 870;6 860;194;1 331 810;0.15%
03/12/2020;6 680;6 550;6 680;6 550;1 434;9 485 910;-2.77%
29/12/2020;6 395;6 180;6 395;6 180;5 491;34 524 663;-4.27%
30/12/2020;6 675;6 000;6 675;6 000;16 112;102 109 800;4.38%
31/12/2020;6 680;6 395;6 680;6 395;34 080;222 798 000;0.07%
04/01/2021;6 180;6 680;6 680;6 180;289 555;1 861 838 650;-7.49%
07/01/2021;6 000;6 000;6 000;6 000;250;1 500 000;-2.91%
13/01/2021;5 550;5 550;5 550;5 550;23;127 650;-7.50%
14/01/2021;5 150;5 150;5 150;5 150;69;355 350;-7.21%
15/01/2021;4 900;5 150;5 150;4 900;435;2 185 875;-4.85%
18/01/2021;4 900;4 900;4 900;4 900;47;230 300;0.00%
19/01/2021;4 900;4 900;4 900;4 900;1;4 900;0.00%
20/01/2021;4 850;4 855;4 855;4 850;13;63 083;-1.02%
21/01/2021;4 900;4 900;4 900;4 900;10;49 000;1.03%
22/01/2021;4 900;4 895;4 900;4 895;60;293 850;0.00%
26/01/2021;4 900;4 900;4 900;4 900;110;539 000;0.00%
27/01/2021;4 900;4 900;4 900;4 900;137;671 300;0.00%
28/01/2021;5 265;5 265;5 265;5 265;10;52 650;7.45%
29/01/2021;5 655;5 265;5 655;5 265;50;273 000;7.41%
01/02/2021;6 000;5 800;6 000;5 800;440;2 596 000;6.10%
02/02/2021;6 450;6 000;6 450;6 000;1 595;9 928 875;7.50%
03/02/2021;6 680;6 600;6 680;6 600;84 453;560 767 920;3.57%
04/02/2021;6 450;6 450;6 450;6 450;2;12 900;-3.44%
08/02/2021;5 970;5 970;5 970;5 970;198;1 182 060;-7.44%
11/02/2021;5 700;5 700;5 700;5 700;6;34 200;-4.52%
12/02/2021;5 700;5 700;5 700;5 700;115;655 500;0.00%
16/02/2021;5 300;5 300;5 300;5 300;2;10 600;-7.02%
17/02/2021;5 000;5 005;5 005;5 000;178;890 445;-5.66%
18/02/2021;5 000;5 000;5 000;5 000;4 399;21 995 000;0.00%
19/02/2021;5 000;5 000;5 000;5 000;398;1 990 000;0.00%
22/02/2021;4 625;4 995;4 995;4 625;1 020;4 906 200;-7.50%
24/02/2021;4 625;4 625;4 625;4 625;25;115 625;0.00%
26/02/2021;4 280;4 280;4 280;4 280;1 692;7 241 760;-7.46%
01/03/2021;4 500;4 310;4 500;4 310;180;792 900;5.14%
02/03/2021;4 600;4 500;4 600;4 500;15;68 250;2.22%
03/03/2021;4 945;4 800;4 945;4 800;28;136 430;7.50%
04/03/2021;4 995;4 980;4 995;4 980;13;64 838;1.01%
05/03/2021;5 195;4 995;5 195;4 995;187;952 765;4.00%
08/03/2021;5 500;5 500;5 500;5 500;10;55 000;5.87%
09/03/2021;5 490;5 490;5 490;5 490;25;137 250;-0.18%
11/03/2021;5 395;5 395;5 395;5 395;5;26 975;-1.73%
12/03/2021;5 000;5 100;5 100;5 000;835;4 216 750;-7.32%
15/03/2021;5 000;5 000;5 000;5 000;62;310 000;0.00%
16/03/2021;5 000;5 000;5 000;5 000;130;650 000;0.00%
17/03/2021;5 005;5 005;5 005;5 005;146;730 730;0.10%
18/03/2021;5 100;5 100;5 100;5 100;90;459 000;1.90%
19/03/2021;5 380;5 380;5 380;5 380;1;5 380;5.49%
23/03/2021;5 370;5 370;5 370;5 370;2;10 740;-0.19%
25/03/2021;5 350;5 350;5 350;5 350;10;53 500;-0.37%
26/03/2021;5 000;5 000;5 000;5 000;25;125 000;-6.54%
29/03/2021;5 375;5 000;5 375;5 000;1 040;5 395 000;7.50%
30/03/2021;5 200;5 000;5 200;5 000;105;535 500;-3.26%
31/03/2021;5 005;5 005;5 005;5 005;60;300 300;-3.75%
01/04/2021;5 005;5 000;5 005;5 000;300;1 500 750;0.00%
06/04/2021;5 005;5 015;5 015;5 005;304;1 523 040;0.00%
07/04/2021;5 005;5 005;5 005;5 005;75;375 375;0.00%
08/04/2021;5 380;5 005;5 380;5 005;206;1 069 655;7.49%
09/04/2021;5 250;5 010;5 250;5 010;301;1 544 130;-2.42%
15/04/2021;5 250;5 250;5 250;5 250;5;26 250;0.00%
21/04/2021;5 220;5 220;5 220;5 220;20;104 400;-0.57%
22/04/2021;5 300;5 300;5 300;5 300;21;111 300;1.53%
26/04/2021;5 500;5 380;5 500;5 380;65;353 600;3.77%
27/04/2021;5 910;5 400;5 910;5 400;159;899 145;7.45%
28/04/2021;5 550;5 550;5 550;5 550;95;527 250;-6.09%
29/04/2021;5 135;5 135;5 135;5 135;7;35 945;-7.48%
30/04/2021;5 130;5 105;5 130;5 105;1 493;7 640 428;-0.10%
03/05/2021;5 135;5 180;5 180;5 135;163;840 673;0.10%
04/05/2021;5 450;5 180;5 450;5 180;16;85 040;6.13%
07/05/2021;5 425;5 425;5 425;5 425;5;27 125;-0.46%
10/05/2021;5 255;5 390;5 390;5 255;155;824 988;-3.13%
11/05/2021;5 400;5 400;5 400;5 400;1;5 400;2.76%
12/05/2021;5 400;5 400;5 400;5 400;1;5 400;0.00%
14/05/2021;5 300;5 300;5 300;5 300;1;5 300;-1.85%
17/05/2021;5 250;5 250;5 250;5 250;34;178 500;-0.94%
18/05/2021;5 300;5 300;5 300;5 300;33;174 900;0.95%
19/05/2021;5 300;5 300;5 300;5 300;580;3 074 000;0.00%
20/05/2021;5 400;5 300;5 400;5 300;265;1 417 750;1.89%
21/05/2021;5 640;5 640;5 640;5 640;50;282 000;4.44%
24/05/2021;5 640;5 640;5 640;5 640;50;282 000;0.00%
25/05/2021;5 300;5 300;5 300;5 300;1 646;8 723 800;-6.03%
26/05/2021;5 300;5 155;5 300;5 155;614;3 209 685;0.00%
28/05/2021;5 500;5 300;5 500;5 300;14;75 600;3.77%
31/05/2021;5 500;5 500;5 500;5 500;16;88 000;0.00%
01/06/2021;5 320;5 500;5 500;5 320;277;1 498 570;-3.27%
02/06/2021;5 300;5 500;5 500;5 300;1 498;8 089 200;-0.38%
03/06/2021;5 300;5 300;5 300;5 300;250;1 325 000;0.00%
04/06/2021;5 300;5 200;5 300;5 200;2 265;11 891 250;0.00%
07/06/2021;5 305;5 300;5 305;5 300;450;2 386 125;0.09%
08/06/2021;5 640;5 640;5 640;5 640;34;191 760;6.31%
09/06/2021;5 795;5 640;5 795;5 640;120;686 100;2.75%
10/06/2021;5 790;5 790;5 790;5 790;511;2 958 690;-0.09%
11/06/2021;5 750;5 700;5 750;5 700;4;22 900;-0.69%
14/06/2021;5 600;5 600;5 600;5 600;140;784 000;-2.61%
15/06/2021;5 400;5 500;5 500;5 400;1 477;8 049 650;-3.57%
16/06/2021;5 300;5 355;5 355;5 300;950;5 061 125;-1.85%
17/06/2021;5 400;5 400;5 400;5 400;623;3 364 200;1.89%
18/06/2021;5 680;5 680;5 680;5 680;345;1 959 600;5.19%
21/06/2021;5 750;5 700;5 750;5 700;112;641 200;1.23%
22/06/2021;5 700;5 695;5 700;5 695;50;284 875;-0.87%
23/06/2021;5 600;5 600;5 600;5 600;43;240 800;-1.75%
24/06/2021;5 200;5 200;5 200;5 200;192;998 400;-7.14%
25/06/2021;5 300;5 200;5 300;5 200;499;2 619 750;1.92%
28/06/2021;5 300;5 325;5 325;5 300;180;956 250;0.00%
01/07/2021;5 350;5 500;5 500;5 350;70;379 750;0.94%
02/07/2021;5 600;5 600;5 600;5 600;20;112 000;4.67%
05/07/2021;5 480;5 350;5 480;5 350;318;1 721 970;-2.14%
06/07/2021;5 480;5 480;5 480;5 480;70;383 600;0.00%
07/07/2021;5 490;5 480;5 490;5 480;366;2 007 510;0.18%
08/07/2021;5 450;5 485;5 485;5 450;600;3 280 500;-0.73%
09/07/2021;5 350;5 450;5 450;5 350;1 730;9 342 000;-1.83%
12/07/2021;5 350;5 450;5 450;5 350;33;178 200;0.00%
13/07/2021;5 350;5 350;5 350;5 350;166;888 100;0.00%
14/07/2021;5 350;5 350;5 350;5 350;432;2 311 200;0.00%
15/07/2021;5 600;5 350;5 600;5 350;20;109 500;4.67%
16/07/2021;5 365;5 355;5 365;5 355;90;482 400;-4.20%
19/07/2021;5 500;5 550;5 550;5 500;1 070;5 911 750;2.52%
20/07/2021;5 500;5 550;5 550;5 500;1 070;5 911 750;0.00%
21/07/2021;5 500;5 500;5 500;5 500;20;110 000;0.00%
22/07/2021;5 500;5 900;5 900;5 500;11;62 700;0.00%
23/07/2021;5 355;5 500;5 500;5 355;320;1 736 800;-2.64%
26/07/2021;5 370;5 365;5 370;5 365;216;1 159 380;0.28%
27/07/2021;5 770;5 770;5 770;5 770;261;1 505 970;7.45%
28/07/2021;5 760;5 760;5 760;5 760;10;57 600;-0.17%
29/07/2021;5 600;5 600;5 600;5 600;2;11 200;-2.78%
30/07/2021;5 700;5 700;5 700;5 700;15;85 500;1.79%
03/08/2021;5 505;5 505;5 505;5 505;34;187 170;-3.42%
04/08/2021;5 750;5 735;5 750;5 735;2 049;11 766 383;4.45%
05/08/2021;5 750;5 600;5 750;5 600;6 224;35 321 200;0.00%
06/08/2021;5 750;5 750;5 750;5 750;376;2 162 000;0.00%
09/08/2021;5 750;5 760;5 760;5 750;417;2 399 835;0.00%
10/08/2021;5 995;5 760;5 995;5 760;203;1 193 133;4.26%
11/08/2021;6 195;5 995;6 195;5 995;394;2 401 430;3.34%
12/08/2021;6 195;6 195;6 195;6 195;8;49 560;0.00%
13/08/2021;6 185;6 185;6 185;6 185;27;166 995;-0.16%
16/08/2021;6 190;6 190;6 190;6 190;7;43 330;0.08%
17/08/2021;6 180;6 000;6 180;6 000;612;3 727 080;-0.16%
18/08/2021;6 190;6 190;6 190;6 190;100;619 000;0.16%
20/08/2021;6 175;6 175;6 175;6 175;10;61 750;-0.24%
23/08/2021;6 170;6 175;6 175;6 170;71;438 248;-0.08%
24/08/2021;6 000;6 010;6 010;6 000;521;3 128 605;-2.76%
25/08/2021;6 000;6 000;6 000;6 000;29;174 000;0.00%
26/08/2021;6 000;6 000;6 000;6 000;5;30 000;0.00%
27/08/2021;5 800;5 800;5 800;5 800;137;794 600;-3.33%
30/08/2021;5 800;5 800;5 800;5 800;160;928 000;0.00%
31/08/2021;6 000;5 800;6 000;5 800;1 680;9 912 000;3.45%
01/09/2021;6 000;6 000;6 000;6 000;37;222 000;0.00%
02/09/2021;6 200;6 200;6 200;6 200;350;2 170 000;3.33%
03/09/2021;6 500;6 500;6 500;6 500;15;97 500;4.84%
06/09/2021;6 500;6 495;6 500;6 495;20;129 950;0.00%
07/09/2021;6 500;6 500;6 500;6 500;10;65 000;0.00%
08/09/2021;6 495;6 495;6 495;6 495;20;129 900;-0.08%
09/09/2021;6 100;6 100;6 100;6 100;55;335 500;-6.08%
10/09/2021;6 100;6 300;6 300;6 100;106;657 200;0.00%
13/09/2021;6 100;6 100;6 100;6 100;486;2 964 600;0.00%
14/09/2021;6 100;6 100;6 100;6 100;82;500 200;0.00%
15/09/2021;6 495;5 645;6 495;5 645;1 655;10 045 850;6.48%
16/09/2021;6 495;6 495;6 495;6 495;14;90 930;0.00%
17/09/2021;6 495;6 130;6 495;6 130;143;902 688;0.00%
20/09/2021;6 450;6 475;6 475;6 450;24;155 100;-0.69%
21/09/2021;6 100;6 475;6 475;6 100;75;471 563;-5.43%
22/09/2021;6 300;5 700;6 300;5 700;536;3 216 000;3.28%
23/09/2021;6 250;6 200;6 250;6 200;11;68 475;-0.79%
24/09/2021;6 250;6 250;6 250;6 250;271;1 693 750;0.00%
27/09/2021;6 250;6 250;6 250;6 250;6;37 500;0.00%
28/09/2021;6 100;6 100;6 100;6 100;13;79 300;-2.40%
29/09/2021;6 250;6 100;6 250;6 100;61;376 675;2.46%
30/09/2021;6 100;6 100;6 100;6 100;357;2 177 700;-2.40%
01/10/2021;6 100;6 050;6 100;6 050;23;139 725;0.00%
04/10/2021;6 250;5 645;6 250;5 645;1 143;6 797 993;2.46%
05/10/2021;6 250;6 250;6 250;6 250;102;637 500;0.00%
06/10/2021;6 245;6 200;6 245;6 200;100;622 250;-0.08%
07/10/2021;5 900;6 200;6 200;5 900;180;1 089 000;-5.52%
08/10/2021;6 150;6 200;6 200;6 150;140;864 500;4.24%
11/10/2021;6 190;5 915;6 190;5 915;249;1 507 073;0.65%
12/10/2021;6 190;6 190;6 190;6 190;40;247 600;0.00%
14/10/2021;6 400;6 000;6 400;6 000;41;254 200;3.39%
15/10/2021;6 400;6 000;6 400;6 000;206;1 277 200;0.00%
18/10/2021;6 400;6 000;6 400;6 000;206;1 277 200;0.00%
21/10/2021;6 300;6 000;6 300;6 000;59;362 850;-1.56%
22/10/2021;6 200;6 300;6 300;6 200;76;475 000;-1.59%
25/10/2021;6 200;6 400;6 400;6 200;3 359;21 161 700;0.00%
26/10/2021;6 400;6 400;6 400;6 400;1;6 400;3.23%
27/10/2021;6 000;6 000;6 000;6 000;195;1 170 000;-6.25%
28/10/2021;5 995;5 995;5 995;5 995;367;2 200 165;-0.08%
29/10/2021;6 000;5 950;6 000;5 950;287;1 714 825;0.08%
01/11/2021;6 000;5 950;6 000;5 950;287;1 714 825;0.00%
02/11/2021;6 000;5 940;6 000;5 940;33;197 010;0.00%
03/11/2021;6 000;5 955;6 000;5 955;110;657 525;0.00%
04/11/2021;6 000;6 000;6 000;6 000;1 020;6 120 000;0.00%
05/11/2021;6 000;6 000;6 000;6 000;10;60 000;0.00%
08/11/2021;5 990;5 955;5 990;5 955;77;459 883;-0.17%
09/11/2021;5 990;5 990;5 990;5 990;25;149 750;0.00%
10/11/2021;5 955;5 955;5 955;5 955;220;1 310 100;-0.58%
11/11/2021;5 990;5 955;5 990;5 955;31;185 148;0.59%
12/11/2021;6 000;5 990;6 000;5 990;813;4 873 935;0.17%
15/11/2021;6 000;5 990;6 000;5 990;813;4 873 935;0.00%
16/11/2021;6 000;5 995;6 000;5 995;139;833 653;0.00%
17/11/2021;5 995;5 995;5 995;5 995;257;1 540 715;-0.08%
18/11/2021;6 000;5 995;6 000;5 995;4 883;29 285 793;0.08%
19/11/2021;6 000;5 990;6 000;5 990;290;1 738 550;0.00%
22/11/2021;5 990;5 990;5 990;5 990;79;473 210;-0.17%
23/11/2021;6 000;5 995;6 000;5 995;1 204;7 220 990;0.17%
24/11/2021;6 000;5 990;6 000;5 990;160;959 200;0.00%
25/11/2021;6 000;6 000;6 000;6 000;425;2 550 000;0.00%
29/11/2021;6 000;6 000;6 000;6 000;20;120 000;0.00%
30/11/2021;6 000;5 980;6 000;5 980;53;317 470;0.00%
01/12/2021;6 000;6 000;6 000;6 000;405;2 430 000;0.00%
02/12/2021;6 000;6 000;6 000;6 000;1 140;6 840 000;0.00%
03/12/2021;6 000;6 000;6 000;6 000;466;2 796 000;0.00%
06/12/2021;6 000;5 995;6 000;5 995;2 483;14 891 793;0.00%
07/12/2021;6 000;6 000;6 000;6 000;2 000;12 000 000;0.00%
08/12/2021;6 000;6 000;6 000;6 000;3 880;23 280 000;0.00%
09/12/2021;6 000;6 000;6 000;6 000;5 730;34 380 000;0.00%
10/12/2021;6 000;6 000;6 000;6 000;7 280;43 680 000;0.00%
13/12/2021;6 000;6 000;6 000;6 000;84 407;506 442 000;0.00%
14/12/2021;6 445;6 200;6 445;6 200;4 246;26 845 335;7.42%
15/12/2021;6 800;6 445;6 800;6 445;3 993;26 443 643;5.51%
16/12/2021;6 890;6 800;6 890;6 800;2 435;16 667 575;1.32%
17/12/2021;6 800;6 375;6 800;6 375;2;13 175;-1.31%
20/12/2021;7 000;6 600;7 000;6 600;31 021;210 942 800;2.94%
21/12/2021;7 000;7 000;7 000;7 000;11;77 000;0.00%
23/12/2021;7 000;6 950;7 000;6 950;1 013;7 065 675;0.00%
24/12/2021;7 000;7 000;7 000;7 000;260;1 820 000;0.00%
27/12/2021;7 525;6 990;7 525;6 990;33 045;239 824 088;7.50%
28/12/2021;7 525;7 525;7 525;7 525;1 100;8 277 500;0.00%
29/12/2021;7 525;7 525;7 525;7 525;2 875;21 634 375;0.00%
30/12/2021;7 500;6 965;7 500;6 965;2 953;21 357 573;-0.33%
31/12/2021;7 400;7 400;7 400;7 400;300;2 220 000;-1.33%
03/01/2022;7 250;7 250;7 250;7 250;5;36 250;-2.03%
04/01/2022;6 710;6 710;6 710;6 710;5;33 550;-7.45%
05/01/2022;6 210;6 210;6 210;6 210;5;31 050;-7.45%
07/01/2022;6 100;6 100;6 100;6 100;90;549 000;-1.77%
10/01/2022;6 050;6 100;6 100;6 050;1 530;9 294 750;-0.82%
11/01/2022;6 000;6 100;6 100;6 000;1 885;11 404 250;-0.83%
12/01/2022;6 000;6 000;6 000;6 000;40;240 000;0.00%
13/01/2022;6 000;6 000;6 000;6 000;10;60 000;0.00%
17/01/2022;6 000;6 000;6 000;6 000;3 005;18 030 000;0.00%
18/01/2022;6 400;6 400;6 400;6 400;1;6 400;6.67%
20/01/2022;6 000;6 000;6 000;6 000;3 329;19 974 000;-6.25%
21/01/2022;6 400;6 000;6 400;6 000;31;192 200;6.67%
24/01/2022;6 425;6 400;6 425;6 400;132;846 450;0.39%
25/01/2022;6 410;6 410;6 410;6 410;100;641 000;-0.23%
27/01/2022;6 100;6 400;6 400;6 100;55;343 750;-4.84%
28/01/2022;6 000;6 000;6 000;6 000;102;612 000;-1.64%
31/01/2022;6 000;6 000;6 000;6 000;11;66 000;0.00%
01/02/2022;6 000;6 000;6 000;6 000;4 170;25 020 000;0.00%
02/02/2022;5 925;6 000;6 000;5 925;33;196 763;-1.25%
03/02/2022;5 800;5 925;5 925;5 800;928;5 440 400;-2.11%
04/02/2022;5 915;5 800;5 915;5 800;130;761 475;1.98%
07/02/2022;6 300;5 915;6 300;5 915;151;922 233;6.51%
08/02/2022;6 295;6 295;6 295;6 295;31;195 145;-0.08%
09/02/2022;6 295;6 295;6 295;6 295;20;125 900;0.00%
10/02/2022;5 860;5 855;5 860;5 855;150;878 625;-6.91%
11/02/2022;6 290;5 865;6 290;5 865;12;72 930;7.34%
15/02/2022;6 250;6 250;6 250;6 250;122;762 500;-0.64%
16/02/2022;6 280;6 280;6 280;6 280;25;157 000;0.48%
17/02/2022;6 200;6 280;6 280;6 200;211;1 316 640;-1.27%
18/02/2022;6 200;6 200;6 200;6 200;1 982;12 288 400;0.00%
21/02/2022;6 200;6 200;6 200;6 200;262;1 624 400;0.00%
22/02/2022;6 010;6 200;6 200;6 010;1 275;7 783 875;-3.06%
24/02/2022;6 020;6 020;6 020;6 020;15;90 300;0.17%
25/02/2022;6 400;6 020;6 400;6 020;1 105;6 862 050;6.31%
28/02/2022;6 050;6 050;6 050;6 050;123;744 150;-5.47%
01/03/2022;6 050;6 050;6 050;6 050;1 797;10 871 850;0.00%
02/03/2022;6 000;6 050;6 050;6 000;64;385 600;-0.83%
03/03/2022;6 000;5 950;6 000;5 950;444;2 652 900;0.00%
04/03/2022;6 100;6 195;6 195;6 100;1 159;7 124 953;1.67%
07/03/2022;6 000;6 000;6 000;6 000;388;2 328 000;-1.64%
08/03/2022;6 000;6 000;6 000;6 000;158;948 000;0.00%
09/03/2022;5 950;6 000;6 000;5 950;22;131 450;-0.83%
10/03/2022;5 900;5 900;5 900;5 900;157;926 300;-0.84%
11/03/2022;6 000;5 900;6 000;5 900;187;1 112 650;1.69%
14/03/2022;5 990;6 000;6 000;5 990;95;569 525;-0.17%
15/03/2022;5 990;5 900;5 990;5 900;18;107 010;0.00%
16/03/2022;5 990;5 990;5 990;5 990;1;5 990;0.00%
17/03/2022;5 990;5 990;5 990;5 990;821;4 917 790;0.00%
18/03/2022;6 000;5 900;6 000;5 900;1 000;5 950 000;0.17%
21/03/2022;6 000;6 000;6 000;6 000;3 031;18 186 000;0.00%
22/03/2022;5 900;5 900;5 900;5 900;90;531 000;-1.67%
23/03/2022;5 990;5 900;5 990;5 900;506;3 008 170;1.53%
24/03/2022;6 000;5 990;6 000;5 990;1 367;8 195 165;0.17%
25/03/2022;6 000;5 810;6 000;5 810;22;129 910;0.00%
28/03/2022;6 400;5 815;6 400;5 815;1 006;6 144 145;6.67%
29/03/2022;6 070;6 390;6 390;6 070;59;367 570;-5.16%
30/03/2022;6 390;6 395;6 395;6 390;630;4 027 275;5.27%
31/03/2022;6 395;6 390;6 395;6 390;10;63 925;0.08%
01/04/2022;6 000;6 300;6 300;6 000;46;282 900;-6.18%
04/04/2022;5 900;5 900;5 900;5 900;2 636;15 552 400;-1.67%
05/04/2022;6 340;6 000;6 340;6 000;40;246 800;7.46%
06/04/2022;6 335;6 340;6 340;6 335;165;1 045 688;-0.08%
07/04/2022;6 340;6 330;6 340;6 330;15 417;97 666 695;0.08%
08/04/2022;6 250;6 340;6 340;6 250;2 105;13 250 975;-1.42%
11/04/2022;6 000;6 000;6 000;6 000;2 401;14 406 000;-4.00%
12/04/2022;6 000;6 000;6 000;6 000;365;2 190 000;0.00%
13/04/2022;6 295;6 000;6 295;6 000;990;6 086 025;4.92%
14/04/2022;6 295;6 250;6 295;6 250;495;3 104 888;0.00%
15/04/2022;6 350;6 285;6 350;6 285;935;5 906 863;0.87%
19/04/2022;6 200;6 200;6 200;6 200;20;124 000;-2.36%
20/04/2022;5 955;6 200;6 200;5 955;144;875 160;-3.95%
21/04/2022;6 300;6 335;6 335;6 300;341;2 154 268;5.79%
22/04/2022;6 000;6 250;6 250;6 000;3 000;18 375 000;-4.76%
25/04/2022;6 300;6 000;6 300;6 000;23 294;143 258 100;5.00%
26/04/2022;6 300;6 300;6 300;6 300;27;170 100;0.00%
27/04/2022;6 300;6 300;6 300;6 300;27;170 100;0.00%
29/04/2022;6 200;6 200;6 200;6 200;112;694 400;-1.59%
02/05/2022;6 200;6 200;6 200;6 200;112;694 400;0.00%
03/05/2022;6 000;6 000;6 000;6 000;143;858 000;-3.23%
04/05/2022;6 280;6 000;6 280;6 000;821;5 040 940;4.67%
05/05/2022;6 145;6 145;6 145;6 145;5;30 725;-2.15%
06/05/2022;6 285;6 285;6 285;6 285;6;37 710;2.28%
09/05/2022;6 285;6 010;6 285;6 010;56;344 260;0.00%
10/05/2022;6 285;6 285;6 285;6 285;3;18 855;0.00%
11/05/2022;6 285;6 245;6 285;6 245;89;557 585;0.00%
12/05/2022;6 285;6 245;6 285;6 245;89;557 585;0.00%
13/05/2022;6 240;6 245;6 245;6 240;42;262 185;-0.72%
16/05/2022;6 000;6 100;6 100;6 000;1 106;6 691 300;-3.85%
17/05/2022;5 550;6 000;6 000;5 550;498;2 875 950;-7.50%
18/05/2022;5 560;5 560;5 560;5 560;10;55 600;0.18%
19/05/2022;5 975;5 975;5 975;5 975;1;5 975;7.46%
20/05/2022;6 000;6 000;6 000;6 000;500;3 000 000;0.42%
23/05/2022;6 200;5 600;6 200;5 600;213;1 256 700;3.33%
24/05/2022;6 200;5 600;6 200;5 600;213;1 256 700;0.00%
25/05/2022;6 195;6 190;6 195;6 190;100;619 250;-0.08%
26/05/2022;6 195;6 190;6 195;6 190;100;619 250;0.00%
27/05/2022;6 195;6 000;6 195;6 000;610;3 719 475;0.00%
30/05/2022;6 010;6 010;6 010;6 010;50;300 500;-2.99%
31/05/2022;6 010;6 010;6 010;6 010;20;120 200;0.00%
01/06/2022;6 170;6 170;6 170;6 170;30;185 100;2.66%
02/06/2022;6 170;6 170;6 170;6 170;36;222 120;0.00%
03/06/2022;6 000;6 000;6 000;6 000;11;66 000;-2.76%
06/06/2022;6 000;6 000;6 000;6 000;11;66 000;0.00%
07/06/2022;6 000;6 000;6 000;6 000;108;648 000;0.00%
08/06/2022;6 000;6 000;6 000;6 000;37;222 000;0.00%
09/06/2022;6 000;6 000;6 000;6 000;50;300 000;0.00%
10/06/2022;6 000;6 000;6 000;6 000;50;300 000;0.00%
13/06/2022;6 150;5 995;6 150;5 995;444;2 696 190;2.50%
14/06/2022;6 200;6 150;6 200;6 150;1 503;9 281 025;0.81%
15/06/2022;6 200;6 195;6 200;6 195;2 012;12 469 370;0.00%
16/06/2022;6 200;6 190;6 200;6 190;501;3 103 695;0.00%
17/06/2022;6 200;6 195;6 200;6 195;594;3 681 315;0.00%
20/06/2022;6 200;6 200;6 200;6 200;276;1 711 200;0.00%
21/06/2022;6 250;5 900;6 250;5 900;152;923 400;0.81%
22/06/2022;6 250;5 900;6 250;5 900;152;923 400;0.00%
27/06/2022;6 250;6 250;6 250;6 250;105;656 250;0.00%
28/06/2022;6 250;6 200;6 250;6 200;506;3 149 850;0.00%
29/06/2022;6 200;6 200;6 200;6 200;100;620 000;-0.80%
30/06/2022;6 295;6 250;6 295;6 250;1 187;7 445 458;1.53%
01/07/2022;6 295;6 250;6 295;6 250;1 187;7 445 458;0.00%
04/07/2022;6 300;6 300;6 300;6 300;50;315 000;0.08%
05/07/2022;6 300;6 300;6 300;6 300;60;378 000;0.00%
06/07/2022;6 300;6 300;6 300;6 300;30;189 000;0.00%
07/07/2022;6 735;6 735;6 735;6 735;6;40 410;6.90%
08/07/2022;6 595;6 595;6 595;6 595;384;2 532 480;-2.08%
11/07/2022;6 595;6 600;6 600;6 595;21;138 548;0.00%
12/07/2022;6 560;6 600;6 600;6 560;266;1 750 280;-0.53%
13/07/2022;6 300;6 300;6 300;6 300;2 033;12 807 900;-3.96%
14/07/2022;6 250;6 300;6 300;6 250;38;238 450;-0.79%
15/07/2022;6 715;6 250;6 715;6 250;1 483;9 613 548;7.44%
18/07/2022;6 305;6 800;6 800;6 305;69;452 123;-6.11%
19/07/2022;6 430;6 300;6 430;6 300;4 860;30 933 900;1.98%
20/07/2022;6 430;6 300;6 430;6 300;4 860;30 933 900;0.00%
21/07/2022;6 000;6 440;6 440;6 000;90;559 800;-6.69%
22/07/2022;6 400;6 000;6 400;6 000;401;2 486 200;6.67%
25/07/2022;6 400;6 000;6 400;6 000;401;2 486 200;0.00%
27/07/2022;6 400;6 400;6 400;6 400;1;6 400;0.00%
28/07/2022;6 100;6 200;6 200;6 100;150;922 500;-4.69%
29/07/2022;6 100;6 200;6 200;6 100;150;922 500;0.00%
01/08/2022;6 430;6 400;6 430;6 400;1 248;8 005 920;5.41%
02/08/2022;6 430;6 430;6 430;6 430;868;5 581 240;0.00%
03/08/2022;6 600;6 500;6 600;6 500;26;170 300;2.64%
04/08/2022;6 550;6 550;6 550;6 550;14;91 700;-0.76%
05/08/2022;6 900;6 550;6 900;6 550;385;2 589 125;5.34%
08/08/2022;6 900;6 550;6 900;6 550;385;2 589 125;0.00%
09/08/2022;6 800;6 900;6 900;6 800;146;1 000 100;-1.45%
10/08/2022;6 400;6 400;6 400;6 400;65;416 000;-5.88%
11/08/2022;6 405;6 800;6 800;6 405;31;204 678;0.08%
12/08/2022;6 405;6 405;6 405;6 405;2;12 810;0.00%
15/08/2022;6 405;6 405;6 405;6 405;2;12 810;0.00%
16/08/2022;6 405;6 405;6 405;6 405;40;256 200;0.00%
17/08/2022;6 400;6 400;6 400;6 400;100;640 000;-0.08%
18/08/2022;6 700;6 700;6 700;6 700;5;33 500;4.69%
19/08/2022;6 695;6 695;6 695;6 695;50;334 750;-0.07%
22/08/2022;6 900;6 695;6 900;6 695;860;5 845 850;3.06%
23/08/2022;6 875;6 875;6 875;6 875;18;123 750;-0.36%
24/08/2022;6 900;6 800;6 900;6 800;115;787 750;0.36%
25/08/2022;6 900;6 800;6 900;6 800;115;787 750;0.00%
26/08/2022;6 895;6 895;6 895;6 895;15;103 425;-0.07%
29/08/2022;6 895;6 895;6 895;6 895;15;103 425;0.00%
30/08/2022;6 800;6 800;6 800;6 800;5;34 000;-1.38%
31/08/2022;6 890;6 790;6 890;6 790;489;3 344 760;1.32%
01/09/2022;6 790;6 790;6 790;6 790;50;339 500;-1.45%
02/09/2022;6 500;6 500;6 500;6 500;117;760 500;-4.27%
05/09/2022;6 790;6 790;6 790;6 790;442;3 001 180;4.46%
06/09/2022;6 550;6 550;6 550;6 550;168;1 100 400;-3.53%
07/09/2022;6 500;6 550;6 550;6 500;319;2 081 475;-0.76%
08/09/2022;6 580;6 550;6 580;6 550;142;932 230;1.23%
09/09/2022;6 750;6 750;6 750;6 750;12;81 000;2.58%
12/09/2022;6 700;6 700;6 700;6 700;60;402 000;-0.74%
13/09/2022;6 700;6 690;6 700;6 690;100;669 500;0.00%
14/09/2022;6 700;6 690;6 700;6 690;100;669 500;0.00%
15/09/2022;6 690;6 690;6 690;6 690;25;167 250;-0.15%
16/09/2022;6 690;6 690;6 690;6 690;15;100 350;0.00%
19/09/2022;6 600;6 600;6 600;6 600;175;1 155 000;-1.35%
20/09/2022;6 590;6 605;6 605;6 590;681;4 492 898;-0.15%
21/09/2022;6 590;6 590;6 590;6 590;10;65 900;0.00%
22/09/2022;6 500;6 590;6 590;6 500;30;196 350;-1.37%
23/09/2022;6 500;6 500;6 500;6 500;8;52 000;0.00%
26/09/2022;6 500;6 500;6 500;6 500;4;26 000;0.00%
27/09/2022;6 500;6 500;6 500;6 500;4;26 000;0.00%
30/09/2022;6 505;6 695;6 695;6 505;450;2 970 000;0.08%
03/10/2022;6 550;6 900;6 900;6 550;632;4 250 200;0.69%
04/10/2022;6 550;6 900;6 900;6 550;632;4 250 200;0.00%
05/10/2022;6 550;6 550;6 550;6 550;5;32 750;0.00%
06/10/2022;6 600;6 550;6 600;6 550;45;295 875;0.76%
07/10/2022;6 600;6 700;6 700;6 600;15;99 750;0.00%
10/10/2022;6 600;6 600;6 600;6 600;5;33 000;0.00%
11/10/2022;6 600;6 600;6 600;6 600;2 925;19 305 000;0.00%
12/10/2022;6 600;6 600;6 600;6 600;100;660 000;0.00%
13/10/2022;6 500;6 600;6 600;6 500;962;6 301 100;-1.52%
14/10/2022;6 600;6 500;6 600;6 500;96;628 800;1.54%
17/10/2022;6 500;6 500;6 500;6 500;7;45 500;-1.52%
18/10/2022;6 370;6 015;6 370;6 015;16;99 080;-2.00%
19/10/2022;6 400;6 400;6 400;6 400;45;288 000;0.47%
20/10/2022;6 550;6 600;6 600;6 550;1 092;7 179 900;2.34%
21/10/2022;6 500;6 550;6 550;6 500;299;1 950 975;-0.76%
24/10/2022;6 500;6 550;6 550;6 500;299;1 950 975;0.00%
25/10/2022;6 600;6 700;6 700;6 600;4;26 600;1.54%
26/10/2022;6 600;6 600;6 600;6 600;3 814;25 172 400;0.00%
27/10/2022;6 505;6 550;6 550;6 505;510;3 329 025;-1.44%
28/10/2022;6 500;6 500;6 500;6 500;15;97 500;-0.08%
31/10/2022;6 500;6 500;6 500;6 500;15;97 500;0.00%
01/11/2022;6 400;6 400;6 400;6 400;20;128 000;-1.54%
02/11/2022;6 400;5 925;6 400;5 925;3 010;18 549 125;0.00%
03/11/2022;6 400;6 400;6 400;6 400;490;3 136 000;0.00%
04/11/2022;6 400;6 400;6 400;6 400;27;172 800;0.00%
07/11/2022;6 400;6 400;6 400;6 400;54;345 600;0.00%
08/11/2022;6 500;6 500;6 500;6 500;17;110 500;1.56%
09/11/2022;6 500;6 500;6 500;6 500;17;110 500;0.00%
10/11/2022;6 400;6 405;6 405;6 400;70;448 175;-1.54%
11/11/2022;6 400;6 405;6 405;6 400;70;448 175;0.00%
16/11/2022;6 395;5 920;6 395;5 920;1 425;8 774 438;-0.08%
17/11/2022;6 390;6 385;6 390;6 385;1 107;7 070 963;-0.08%
18/11/2022;6 390;6 385;6 390;6 385;1 107;7 070 963;0.00%
21/11/2022;6 390;6 390;6 390;6 390;1 500;9 585 000;0.00%
22/11/2022;6 390;6 390;6 390;6 390;10;63 900;0.00%
23/11/2022;6 385;6 200;6 385;6 200;91;572 618;-0.08%
24/11/2022;6 390;6 385;6 390;6 385;150;958 125;0.08%
25/11/2022;6 390;6 385;6 390;6 385;150;958 125;0.00%
28/11/2022;6 390;6 380;6 390;6 380;26;166 010;0.00%
29/11/2022;6 385;6 385;6 385;6 385;2;12 770;-0.08%
30/11/2022;6 385;6 385;6 385;6 385;2;12 770;0.00%
01/12/2022;6 385;6 385;6 385;6 385;2;12 770;0.00%
02/12/2022;6 385;6 385;6 385;6 385;2;12 770;0.00%
05/12/2022;6 380;5 910;6 380;5 910;66;405 570;-0.08%
06/12/2022;6 380;5 910;6 380;5 910;66;405 570;0.00%
09/12/2022;6 600;5 905;6 600;5 905;1 580;9 878 950;3.45%
12/12/2022;7 000;7 000;7 000;7 000;14 620;102 340 000;6.06%
13/12/2022;6 950;6 945;6 950;6 945;103;715 593;-0.71%
14/12/2022;6 945;6 430;6 945;6 430;42;280 875;-0.07%
15/12/2022;6 945;6 430;6 945;6 430;42;280 875;0.00%
16/12/2022;6 995;6 500;6 995;6 500;4 157;28 049 358;0.72%
19/12/2022;6 950;6 950;6 950;6 950;15;104 250;-0.64%
20/12/2022;6 990;6 890;6 990;6 890;893;6 197 420;0.58%
21/12/2022;6 990;6 890;6 990;6 890;893;6 197 420;0.00%
22/12/2022;6 975;6 975;6 975;6 975;1;6 975;-0.21%
23/12/2022;6 975;6 975;6 975;6 975;1;6 975;0.00%
26/12/2022;6 975;6 975;6 975;6 975;1;6 975;0.00%
27/12/2022;6 980;6 550;6 980;6 550;3 910;26 451 150;0.07%
28/12/2022;6 980;6 900;6 980;6 900;2 346;16 281 240;0.00%
29/12/2022;6 900;6 900;6 900;6 900;15;103 500;-1.15%
30/12/2022;6 850;6 500;6 850;6 500;40;267 000;-0.72%
02/01/2023;6 850;6 500;6 850;6 500;40;267 000;0.00%
03/01/2023;6 840;6 840;6 840;6 840;5;34 200;-0.15%
04/01/2023;6 330;6 330;6 330;6 330;88;557 040;-7.46%
05/01/2023;6 330;6 330;6 330;6 330;5;31 650;0.00%
06/01/2023;6 700;6 700;6 700;6 700;65;435 500;5.85%
09/01/2023;6 700;6 700;6 700;6 700;65;435 500;0.00%
10/01/2023;6 330;6 330;6 330;6 330;160;1 012 800;-5.52%
11/01/2023;6 330;6 330;6 330;6 330;160;1 012 800;0.00%
12/01/2023;6 330;6 330;6 330;6 330;923;5 842 590;0.00%
13/01/2023;6 325;6 325;6 325;6 325;4;25 300;-0.08%
16/01/2023;6 295;6 325;6 325;6 295;28;176 680;-0.47%
17/01/2023;6 300;6 295;6 300;6 295;55;346 363;0.08%
18/01/2023;6 200;6 200;6 200;6 200;1 465;9 083 000;-1.59%
19/01/2023;6 150;6 150;6 150;6 150;5;30 750;-0.81%
20/01/2023;6 100;6 100;6 100;6 100;524;3 196 400;-0.81%
23/01/2023;6 050;6 050;6 050;6 050;59;356 950;-0.82%
24/01/2023;6 000;6 000;6 000;6 000;1 059;6 354 000;-0.83%
25/01/2023;6 000;6 000;6 000;6 000;110;660 000;0.00%
26/01/2023;6 000;6 000;6 000;6 000;1 650;9 900 000;0.00%
27/01/2023;6 000;5 995;6 000;5 995;516;3 094 710;0.00%
30/01/2023;6 000;5 995;6 000;5 995;516;3 094 710;0.00%
31/01/2023;6 000;6 000;6 000;6 000;268;1 608 000;0.00%
01/02/2023;6 000;6 000;6 000;6 000;116;696 000;0.00%
02/02/2023;6 000;6 000;6 000;6 000;70;420 000;0.00%
03/02/2023;6 000;6 000;6 000;6 000;27;162 000;0.00%
06/02/2023;6 000;6 000;6 000;6 000;12;72 000;0.00%
07/02/2023;5 995;6 000;6 000;5 995;220;1 319 450;-0.08%
08/02/2023;5 995;6 000;6 000;5 995;220;1 319 450;0.00%
09/02/2023;5 900;5 895;5 900;5 895;2 061;12 154 748;-1.58%
10/02/2023;5 900;5 900;5 900;5 900;10;59 000;0.00%
13/02/2023;5 785;5 785;5 785;5 785;1 264;7 312 240;-1.95%
14/02/2023;6 150;5 790;6 150;5 790;223;1 331 310;6.31%
15/02/2023;6 500;6 150;6 500;6 150;333;2 106 225;5.69%
16/02/2023;6 500;6 150;6 500;6 150;333;2 106 225;0.00%
17/02/2023;6 500;6 500;6 500;6 500;498;3 237 000;0.00%
20/02/2023;6 400;6 400;6 400;6 400;12;76 800;-1.54%
21/02/2023;6 330;6 400;6 400;6 330;636;4 048 140;-1.09%
22/02/2023;6 330;6 330;6 330;6 330;290;1 835 700;0.00%
23/02/2023;6 390;6 390;6 390;6 390;3;19 170;0.95%
24/02/2023;6 390;6 330;6 390;6 330;1 074;6 830 640;0.00%
27/02/2023;6 390;6 390;6 390;6 390;601;3 840 390;0.00%
28/02/2023;6 390;6 390;6 390;6 390;115;734 850;0.00%
01/03/2023;6 495;6 390;6 495;6 390;7;45 098;1.64%
02/03/2023;6 445;6 350;6 445;6 350;11;70 373;-0.77%
03/03/2023;6 445;6 350;6 445;6 350;11;70 373;0.00%
06/03/2023;6 440;6 400;6 440;6 400;6 385;40 991 700;-0.08%
07/03/2023;6 400;6 400;6 400;6 400;2;12 800;-0.62%
08/03/2023;6 400;6 400;6 400;6 400;36;230 400;0.00%
09/03/2023;6 400;6 400;6 400;6 400;36;230 400;0.00%
10/03/2023;6 400;6 200;6 400;6 200;709;4 466 700;0.00%
13/03/2023;6 400;6 400;6 400;6 400;32;204 800;0.00%
14/03/2023;6 440;6 440;6 440;6 440;32;206 080;0.63%
15/03/2023;6 435;6 400;6 435;6 400;448;2 875 040;-0.08%
16/03/2023;6 495;6 440;6 495;6 440;77;497 998;0.93%
17/03/2023;6 495;6 400;6 495;6 400;794;5 119 315;0.00%
20/03/2023;6 440;6 440;6 440;6 440;868;5 589 920;-0.85%
21/03/2023;6 440;6 440;6 440;6 440;71;457 240;0.00%
22/03/2023;6 410;6 410;6 410;6 410;1 943;12 454 630;-0.47%
23/03/2023;6 300;6 400;6 400;6 300;275;1 746 250;-1.72%
24/03/2023;6 300;6 410;6 410;6 300;550;3 495 250;0.00%
27/03/2023;6 300;6 300;6 300;6 300;650;4 095 000;0.00%
28/03/2023;6 200;6 300;6 300;6 200;103;643 750;-1.59%
29/03/2023;6 200;6 250;6 250;6 200;60;373 500;0.00%
30/03/2023;6 200;6 200;6 200;6 200;8;49 600;0.00%
31/03/2023;6 400;6 400;6 400;6 400;7;44 800;3.23%
03/04/2023;6 400;6 200;6 400;6 200;1 001;6 306 300;0.00%
04/04/2023;6 400;6 200;6 400;6 200;1 001;6 306 300;0.00%
05/04/2023;6 275;6 275;6 275;6 275;9;56 475;-1.95%
06/04/2023;6 275;6 275;6 275;6 275;100;627 500;0.00%
07/04/2023;6 275;6 275;6 275;6 275;100;627 500;0.00%
11/04/2023;6 275;6 275;6 275;6 275;20;125 500;0.00%
12/04/2023;6 250;6 200;6 250;6 200;59;367 275;-0.40%
13/04/2023;6 300;6 200;6 300;6 200;30;187 500;0.80%
14/04/2023;6 295;6 295;6 295;6 295;10;62 950;-0.08%
17/04/2023;6 200;6 200;6 200;6 200;32;198 400;-1.51%
18/04/2023;6 200;6 200;6 200;6 200;32;198 400;0.00%
19/04/2023;6 400;6 200;6 400;6 200;102 158;643 595 400;3.23%
20/04/2023;6 300;6 400;6 400;6 300;1 010;6 413 500;-1.56%
21/04/2023;6 300;6 400;6 400;6 300;1 010;6 413 500;0.00%
24/04/2023;6 400;6 200;6 400;6 200;2 806;17 677 800;1.59%
25/04/2023;6 400;6 400;6 400;6 400;5;32 000;0.00%
26/04/2023;6 300;6 400;6 400;6 300;27;171 450;-1.56%
27/04/2023;6 295;6 295;6 295;6 295;10;62 950;-0.08%
28/04/2023;6 290;5 825;6 290;5 825;251;1 520 433;-0.08%
01/05/2023;6 290;5 825;6 290;5 825;251;1 520 433;0.00%
02/05/2023;6 200;6 200;6 200;6 200;96;595 200;-1.43%
03/05/2023;6 200;6 200;6 200;6 200;96;595 200;0.00%
04/05/2023;6 190;6 190;6 190;6 190;3;18 570;-0.16%
05/05/2023;6 190;6 190;6 190;6 190;37;229 030;0.00%
08/05/2023;6 200;6 190;6 200;6 190;591;3 661 245;0.16%
09/05/2023;6 200;6 200;6 200;6 200;963;5 970 600;0.00%
10/05/2023;6 295;6 190;6 295;6 190;1 814;11 323 895;1.53%
11/05/2023;6 250;6 200;6 250;6 200;1 005;6 256 125;-0.71%
12/05/2023;6 200;6 200;6 200;6 200;15;93 000;-0.80%
15/05/2023;6 400;6 250;6 400;6 250;1 025;6 483 125;3.23%
16/05/2023;6 400;6 250;6 400;6 250;1 025;6 483 125;0.00%
17/05/2023;6 450;6 450;6 450;6 450;1 000;6 450 000;0.78%
18/05/2023;6 450;6 450;6 450;6 450;1 000;6 450 000;0.00%
19/05/2023;6 695;6 450;6 695;6 450;404;2 655 290;3.80%
22/05/2023;6 695;6 695;6 695;6 695;82;548 990;0.00%
23/05/2023;6 695;6 695;6 695;6 695;176;1 178 320;0.00%
24/05/2023;6 695;6 695;6 695;6 695;7;46 865;0.00%
25/05/2023;6 500;6 500;6 500;6 500;8;52 000;-2.91%
26/05/2023;6 800;6 600;6 800;6 600;637;4 267 900;4.62%
29/05/2023;6 800;6 600;6 800;6 600;637;4 267 900;0.00%
30/05/2023;6 700;6 700;6 700;6 700;88;589 600;-1.47%
31/05/2023;6 700;6 700;6 700;6 700;13;87 100;0.00%
01/06/2023;6 700;6 700;6 700;6 700;13;87 100;0.00%
02/06/2023;6 800;6 700;6 800;6 700;400;2 700 000;1.49%
05/06/2023;6 800;6 800;6 800;6 800;68;462 400;0.00%
06/06/2023;6 700;6 700;6 700;6 700;102;683 400;-1.47%
07/06/2023;6 700;6 700;6 700;6 700;102;683 400;0.00%
08/06/2023;6 800;6 700;6 800;6 700;906;6 115 500;1.49%
09/06/2023;6 800;6 800;6 800;6 800;46;312 800;0.00%
12/06/2023;6 800;6 800;6 800;6 800;46;312 800;0.00%
13/06/2023;6 800;6 800;6 800;6 800;1 539;10 465 200;0.00%
14/06/2023;7 000;6 800;7 000;6 800;113;779 700;2.94%
15/06/2023;6 900;6 800;6 900;6 800;1 510;10 343 500;-1.43%
16/06/2023;6 900;6 900;6 900;6 900;398;2 746 200;0.00%
19/06/2023;6 900;6 900;6 900;6 900;113;779 700;0.00%
20/06/2023;7 000;7 000;7 000;7 000;2 000;14 000 000;1.45%
21/06/2023;7 000;7 000;7 000;7 000;1 050;7 350 000;0.00%
22/06/2023;7 100;7 100;7 100;7 100;4;28 400;1.43%
23/06/2023;6 850;6 800;6 850;6 800;460;3 139 500;-3.52%
26/06/2023;6 700;6 700;6 700;6 700;9;60 300;-2.19%
27/06/2023;6 985;6 945;6 985;6 945;16;111 440;4.25%
28/06/2023;6 985;6 945;6 985;6 945;16;111 440;0.00%
29/06/2023;6 900;6 900;6 900;6 900;35;241 500;-1.22%
30/06/2023;6 890;6 895;6 895;6 890;1 019;7 023 458;-0.14%
03/07/2023;6 890;6 895;6 895;6 890;1 019;7 023 458;0.00%
04/07/2023;6 600;6 740;6 740;6 600;1 737;11 585 790;-4.21%
05/07/2023;6 600;6 600;6 600;6 600;45;297 000;0.00%
06/07/2023;6 600;6 600;6 600;6 600;32;211 200;0.00%
07/07/2023;6 600;6 600;6 600;6 600;32;211 200;0.00%
10/07/2023;6 595;6 595;6 595;6 595;137;903 515;-0.08%
11/07/2023;6 595;6 595;6 595;6 595;20;131 900;0.00%
12/07/2023;6 595;6 595;6 595;6 595;3;19 785;0.00%
13/07/2023;6 595;6 595;6 595;6 595;3;19 785;0.00%
14/07/2023;6 575;6 575;6 575;6 575;14;92 050;-0.30%
17/07/2023;6 575;6 575;6 575;6 575;7;46 025;0.00%
18/07/2023;6 580;6 575;6 580;6 575;873;5 742 158;0.08%
19/07/2023;6 600;6 600;6 600;6 600;52;343 200;0.30%
20/07/2023;6 580;6 580;6 580;6 580;40;263 200;-0.30%
21/07/2023;6 580;6 600;6 600;6 580;247;1 627 730;0.00%
24/07/2023;6 600;6 590;6 600;6 590;406;2 677 570;0.30%
25/07/2023;6 600;6 600;6 600;6 600;100;660 000;0.00%
26/07/2023;6 800;6 800;6 800;6 800;5;34 000;3.03%
27/07/2023;6 800;6 800;6 800;6 800;2;13 600;0.00%
28/07/2023;6 800;6 800;6 800;6 800;10;68 000;0.00%
31/07/2023;6 800;6 800;6 800;6 800;17;115 600;0.00%
01/08/2023;6 800;6 800;6 800;6 800;17;115 600;0.00%
02/08/2023;6 900;6 900;6 900;6 900;279;1 925 100;1.47%
03/08/2023;6 900;6 900;6 900;6 900;279;1 925 100;0.00%
04/08/2023;6 995;6 810;6 995;6 810;46;317 515;1.38%
07/08/2023;6 995;6 810;6 995;6 810;46;317 515;0.00%
08/08/2023;6 995;6 810;6 995;6 810;4;27 610;0.00%
09/08/2023;6 995;6 810;6 995;6 810;716;4 942 190;0.00%
10/08/2023;6 995;6 900;6 995;6 900;573;3 980 918;0.00%
11/08/2023;6 865;6 865;6 865;6 865;87;597 255;-1.86%
14/08/2023;7 000;6 895;7 000;6 895;653;4 536 718;1.97%
15/08/2023;7 000;6 895;7 000;6 895;653;4 536 718;0.00%
16/08/2023;6 800;6 800;6 800;6 800;674;4 583 200;-2.86%
17/08/2023;6 800;6 950;6 950;6 800;243;1 670 625;0.00%
18/08/2023;6 750;6 800;6 800;6 750;54;365 850;-0.74%
21/08/2023;6 400;6 700;6 700;6 400;167;1 093 850;-5.19%
22/08/2023;6 700;6 400;6 700;6 400;1 077;7 054 350;4.69%
23/08/2023;6 900;6 700;6 900;6 700;139;945 200;2.99%
24/08/2023;6 700;6 705;6 705;6 700;2 543;17 044 458;-2.90%
25/08/2023;6 990;6 720;6 990;6 720;1 010;6 923 550;4.33%
28/08/2023;6 990;6 990;6 990;6 990;387;2 705 130;0.00%
29/08/2023;6 900;6 900;6 900;6 900;1 520;10 488 000;-1.29%
30/08/2023;6 895;6 895;6 895;6 895;7;48 265;-0.07%
31/08/2023;6 700;6 700;6 700;6 700;2 880;19 296 000;-2.83%
01/09/2023;6 700;6 700;6 700;6 700;2 880;19 296 000;0.00%
04/09/2023;6 900;6 900;6 900;6 900;7;48 300;2.99%
05/09/2023;6 900;6 900;6 900;6 900;20;138 000;0.00%
06/09/2023;6 700;6 700;6 700;6 700;36;241 200;-2.90%
07/09/2023;6 700;6 700;6 700;6 700;8;53 600;0.00%
08/09/2023;6 800;6 800;6 800;6 800;120;816 000;1.49%
11/09/2023;6 900;6 900;6 900;6 900;30;207 000;1.47%
12/09/2023;7 000;7 000;7 000;7 000;30;210 000;1.45%
13/09/2023;6 950;7 000;7 000;6 950;35;244 125;-0.71%
14/09/2023;6 800;6 945;6 945;6 800;1 020;7 009 950;-2.16%
15/09/2023;6 795;6 945;6 945;6 795;320;2 198 400;-0.07%
18/09/2023;6 795;6 945;6 945;6 795;320;2 198 400;0.00%
19/09/2023;6 905;6 900;6 905;6 900;170;1 173 425;1.62%
20/09/2023;6 950;6 905;6 950;6 905;1 763;12 213 183;0.65%
21/09/2023;6 900;6 905;6 905;6 900;794;5 480 585;-0.72%
22/09/2023;6 900;6 905;6 905;6 900;794;5 480 585;0.00%
25/09/2023;6 900;6 900;6 900;6 900;113;779 700;0.00%
26/09/2023;6 900;6 850;6 900;6 850;3 688;25 355 000;0.00%
27/09/2023;6 900;6 850;6 900;6 850;3 688;25 355 000;0.00%
28/09/2023;6 895;6 800;6 895;6 800;26;178 035;-0.07%
29/09/2023;6 895;6 890;6 895;6 890;2 577;17 761 973;0.00%
02/10/2023;6 895;6 895;6 895;6 895;2;13 790;0.00%
03/10/2023;6 895;6 895;6 895;6 895;14;96 530;0.00%
04/10/2023;6 895;6 895;6 895;6 895;5;34 475;0.00%
05/10/2023;6 900;6 900;6 900;6 900;15;103 500;0.07%
06/10/2023;6 900;6 900;6 900;6 900;4;27 600;0.00%
09/10/2023;6 900;6 900;6 900;6 900;4;27 600;0.00%
10/10/2023;6 900;6 905;6 905;6 900;205;1 415 013;0.00%
11/10/2023;6 900;6 900;6 900;6 900;12;82 800;0.00%
12/10/2023;6 800;6 800;6 800;6 800;48;326 400;-1.45%
13/10/2023;6 900;6 900;6 900;6 900;5;34 500;1.47%
16/10/2023;6 895;6 800;6 895;6 800;48;328 680;-0.07%
17/10/2023;6 800;6 895;6 895;6 800;417;2 855 408;-1.38%
18/10/2023;6 800;6 800;6 800;6 800;30;204 000;0.00%
19/10/2023;6 700;6 800;6 800;6 700;769;5 190 750;-1.47%
20/10/2023;6 700;6 700;6 700;6 700;2 252;15 088 400;0.00%
23/10/2023;6 700;6 700;6 700;6 700;2 252;15 088 400;0.00%
24/10/2023;6 700;6 700;6 700;6 700;16 811;112 633 700;0.00%
25/10/2023;6 800;6 800;6 800;6 800;30;204 000;1.49%
26/10/2023;6 800;6 800;6 800;6 800;129;877 200;0.00%
27/10/2023;6 800;6 800;6 800;6 800;355;2 414 000;0.00%
30/10/2023;6 800;6 800;6 800;6 800;104;707 200;0.00%
31/10/2023;6 800;6 800;6 800;6 800;1 016;6 908 800;0.00%
01/11/2023;6 800;6 800;6 800;6 800;1 016;6 908 800;0.00%
02/11/2023;6 900;6 900;6 900;6 900;22;151 800;1.47%
03/11/2023;6 900;6 900;6 900;6 900;2 430;16 767 000;0.00%
06/11/2023;6 900;6 950;6 950;6 900;1 040;7 202 000;0.00%
07/11/2023;6 700;6 900;6 900;6 700;18;122 400;-2.90%
09/11/2023;6 750;6 750;6 750;6 750;130;877 500;0.75%
10/11/2023;6 895;6 750;6 895;6 750;499;3 404 428;2.15%
13/11/2023;6 705;6 900;6 900;6 705;106;721 065;-2.76%
16/11/2023;6 700;6 700;6 700;6 700;5 340;35 778 000;-0.07%
17/11/2023;6 895;6 800;6 895;6 800;604;4 135 890;2.91%
20/11/2023;6 750;6 895;6 895;6 750;38;259 255;-2.10%
22/11/2023;6 950;6 750;6 950;6 750;3 087;21 145 950;2.96%
23/11/2023;7 000;6 950;7 000;6 950;325;2 266 875;0.72%
27/11/2023;7 000;6 700;7 000;6 700;2 272;15 563 200;0.00%
28/11/2023;6 950;6 705;6 950;6 705;44;300 410;-0.71%
29/11/2023;6 700;6 950;6 950;6 700;160;1 092 000;-3.60%
30/11/2023;6 930;6 700;6 930;6 700;540;3 680 100;3.43%
01/12/2023;6 930;6 930;6 930;6 930;1;6 930;0.00%
04/12/2023;6 900;6 900;6 900;6 900;25;172 500;-0.43%
05/12/2023;6 900;6 900;6 900;6 900;278;1 918 200;0.00%
06/12/2023;6 900;6 900;6 900;6 900;130;897 000;0.00%
08/12/2023;6 980;6 795;6 980;6 795;2 524;17 384 050;1.16%
12/12/2023;6 980;6 980;6 980;6 980;37;258 260;0.00%
13/12/2023;6 800;6 800;6 800;6 800;25;170 000;-2.58%
14/12/2023;6 800;6 805;6 805;6 800;109;741 473;0.00%
15/12/2023;6 805;6 805;6 805;6 805;20;136 100;0.07%
18/12/2023;6 980;6 300;6 980;6 300;444;2 948 160;2.57%
19/12/2023;6 980;6 980;6 980;6 980;13;90 740;0.00%
22/12/2023;7 495;6 900;7 495;6 900;7 070;50 886 325;7.38%
25/12/2023;7 495;6 900;7 495;6 900;7 070;50 886 325;0.00%
26/12/2023;7 495;7 495;7 495;7 495;5;37 475;0.00%
28/12/2023;7 490;7 490;7 490;7 490;2;14 980;-0.07%
04/01/2024;7 485;7 450;7 485;7 450;17;126 948;-0.07%
11/01/2024;7 400;7 300;7 400;7 300;67;492 450;-1.14%
12/01/2024;7 395;7 395;7 395;7 395;3;22 185;-0.07%
15/01/2024;7 480;7 390;7 480;7 390;137;1 018 595;1.15%
16/01/2024;7 450;7 450;7 450;7 450;5;37 250;-0.40%
17/01/2024;7 480;7 400;7 480;7 400;6;44 640;0.40%
22/01/2024;7 400;7 400;7 400;7 400;5;37 000;-1.07%
23/01/2024;7 400;7 300;7 400;7 300;3;22 050;0.00%
24/01/2024;7 400;7 400;7 400;7 400;1;7 400;0.00%
25/01/2024;7 450;7 400;7 450;7 400;4;29 700;0.68%
26/01/2024;7 480;7 450;7 480;7 450;74;552 410;0.40%
30/01/2024;7 400;6 920;7 400;6 920;112;801 920;-1.07%
31/01/2024;7 480;7 400;7 480;7 400;762;5 669 280;1.08%
01/02/2024;7 450;7 480;7 480;7 450;382;2 851 630;-0.40%
02/02/2024;7 450;7 350;7 450;7 350;7;51 800;0.00%
05/02/2024;7 445;7 350;7 445;7 350;27;199 733;-0.07%
06/02/2024;7 445;6 900;7 445;6 900;122;875 045;0.00%
08/02/2024;7 445;7 445;7 445;7 445;50;372 250;0.00%
09/02/2024;7 445;7 445;7 445;7 445;11;81 895;0.00%
12/02/2024;7 445;7 445;7 445;7 445;11;81 895;0.00%
14/02/2024;7 440;7 440;7 440;7 440;8;59 520;-0.07%
15/02/2024;7 440;7 400;7 440;7 400;25;185 500;0.00%
19/02/2024;7 430;7 430;7 430;7 430;316;2 347 880;-0.13%
20/02/2024;7 430;7 430;7 430;7 430;150;1 114 500;0.00%
26/02/2024;7 410;6 875;7 410;6 875;59;421 408;-0.27%
28/02/2024;7 430;7 410;7 430;7 410;71;526 820;0.27%
29/02/2024;6 885;6 885;6 885;6 885;6 188;42 604 380;-7.34%
04/03/2024;7 400;7 400;7 400;7 400;7;51 800;7.48%
05/03/2024;7 395;7 395;7 395;7 395;8;59 160;-0.07%
06/03/2024;7 400;7 395;7 400;7 395;27;199 733;0.07%
07/03/2024;7 400;7 400;7 400;7 400;2;14 800;0.00%
08/03/2024;7 395;7 395;7 395;7 395;15;110 925;-0.07%
11/03/2024;7 395;7 395;7 395;7 395;903;6 677 685;0.00%
12/03/2024;7 395;6 845;7 395;6 845;414;2 947 680;0.00%
13/03/2024;6 845;6 845;6 845;6 845;171;1 170 495;-7.44%
14/03/2024;6 845;6 845;6 845;6 845;171;1 170 495;0.00%
15/03/2024;7 350;6 850;7 350;6 850;22;156 200;7.38%
18/03/2024;7 350;6 800;7 350;6 800;22;155 650;0.00%
20/03/2024;7 300;7 295;7 300;7 295;133;970 568;-0.68%
21/03/2024;7 350;6 805;7 350;6 805;665;4 706 538;0.68%
25/03/2024;7 300;7 200;7 300;7 200;40;290 000;-0.68%
26/03/2024;7 300;7 300;7 300;7 300;40;292 000;0.00%
27/03/2024;7 295;7 295;7 295;7 295;4;29 180;-0.07%
28/03/2024;7 400;7 290;7 400;7 290;105;771 225;1.44%
29/03/2024;7 300;7 300;7 300;7 300;7;51 100;-1.35%
01/04/2024;7 300;7 300;7 300;7 300;7;51 100;0.00%
02/04/2024;7 295;7 300;7 300;7 295;24;175 140;-0.07%
03/04/2024;7 350;7 350;7 350;7 350;72;529 200;0.75%
04/04/2024;7 350;7 345;7 350;7 345;412;3 027 170;0.00%
05/04/2024;7 400;7 350;7 400;7 350;146;1 076 750;0.68%
08/04/2024;7 345;7 400;7 400;7 345;17;125 333;-0.74%
09/04/2024;7 400;6 900;7 400;6 900;1 061;7 586 150;0.75%
10/04/2024;7 400;6 900;7 400;6 900;1 061;7 586 150;0.00%
11/04/2024;7 400;6 875;7 400;6 875;17;121 338;0.00%
12/04/2024;7 000;7 000;7 000;7 000;58;406 000;-5.41%
15/04/2024;7 000;7 000;7 000;7 000;101;707 000;0.00%
16/04/2024;7 000;7 000;7 000;7 000;23;161 000;0.00%
17/04/2024;7 000;7 000;7 000;7 000;74;518 000;0.00%
18/04/2024;7 400;7 400;7 400;7 400;808;5 979 200;5.71%
19/04/2024;7 400;7 400;7 400;7 400;52;384 800;0.00%
22/04/2024;7 415;7 400;7 415;7 400;391;2 896 333;0.20%
23/04/2024;7 400;7 430;7 430;7 400;217;1 609 055;-0.20%
24/04/2024;7 430;7 400;7 430;7 400;57;422 655;0.41%
25/04/2024;7 400;7 430;7 430;7 400;26;192 790;-0.40%
26/04/2024;7 400;7 430;7 430;7 400;19;140 885;0.00%
29/04/2024;7 430;7 400;7 430;7 400;15;111 225;0.41%
30/04/2024;7 500;7 500;7 500;7 500;2;15 000;0.94%
01/05/2024;7 500;7 500;7 500;7 500;2;15 000;0.00%
02/05/2024;7 510;7 500;7 510;7 500;208;1 561 040;0.13%
03/05/2024;7 800;7 510;7 800;7 510;5;38 275;3.86%
06/05/2024;7 995;7 825;7 995;7 825;166;1 313 060;2.50%
07/05/2024;7 915;7 990;7 990;7 915;34;270 385;-1.00%
08/05/2024;7 985;7 920;7 985;7 920;16;127 240;0.88%
09/05/2024;7 985;7 920;7 985;7 920;16;127 240;0.00%
10/05/2024;7 990;7 985;7 990;7 985;198;1 581 525;0.06%
13/05/2024;7 990;7 990;7 990;7 990;27;215 730;0.00%
14/05/2024;7 985;7 985;7 985;7 985;8;63 880;-0.06%
15/05/2024;8 400;7 990;8 400;7 990;210;1 720 950;5.20%
16/05/2024;8 400;7 990;8 400;7 990;525;4 302 375;0.00%
17/05/2024;8 300;8 300;8 300;8 300;166;1 377 800;-1.19%
20/05/2024;8 300;8 300;8 300;8 300;166;1 377 800;0.00%
21/05/2024;8 300;8 300;8 300;8 300;962;7 984 600;0.00%
22/05/2024;8 005;8 300;8 300;8 005;235;1 915 838;-3.55%
23/05/2024;8 325;8 325;8 325;8 325;2;16 650;4.00%
24/05/2024;8 325;8 325;8 325;8 325;1;8 325;0.00%
27/05/2024;8 325;8 295;8 325;8 295;83;689 730;0.00%
28/05/2024;8 325;8 325;8 325;8 325;12;99 900;0.00%
29/05/2024;8 325;8 325;8 325;8 325;12;99 900;0.00%
30/05/2024;8 005;8 945;8 945;8 005;94;796 650;-3.84%
31/05/2024;8 605;8 605;8 605;8 605;2 585;22 243 925;7.50%
03/06/2024;9 250;9 250;9 250;9 250;171;1 581 750;7.50%
04/06/2024;9 940;9 250;9 940;9 250;840;8 059 800;7.46%
05/06/2024;10 000;9 945;10 000;9 945;111;1 106 948;0.60%
06/06/2024;10 105;10 105;10 105;10 105;251;2 536 355;1.05%
07/06/2024;10 000;10 105;10 105;10 000;191;1 920 028;-1.04%
10/06/2024;10 100;10 000;10 100;10 000;12;120 600;1.00%
11/06/2024;10 150;10 690;10 690;10 150;13;135 460;0.50%
12/06/2024;10 150;10 150;10 150;10 150;89;903 350;0.00%
13/06/2024;10 300;10 300;10 300;10 300;137;1 411 100;1.48%
14/06/2024;10 410;10 650;10 650;10 410;29;305 370;1.07%
18/06/2024;10 410;10 650;10 650;10 410;78;821 340;0.00%
19/06/2024;10 420;10 420;10 420;10 420;12;125 040;0.10%
20/06/2024;10 700;10 700;10 700;10 700;2;21 400;2.69%
21/06/2024;10 700;11 200;11 200;10 700;632;6 920 400;0.00%
24/06/2024;10 700;11 500;11 500;10 700;86;954 600;0.00%
25/06/2024;10 300;10 300;10 300;10 300;32;329 600;-3.74%
26/06/2024;10 705;10 300;10 705;10 300;40;420 100;3.93%
27/06/2024;10 005;10 705;10 705;10 005;157;1 625 735;-6.54%
28/06/2024;10 000;10 000;10 000;10 000;73;730 000;-0.05%
01/07/2024;10 000;10 640;10 640;10 000;563;5 810 160;0.00%
02/07/2024;9 900;10 000;10 000;9 900;1 660;16 517 000;-1.00%
03/07/2024;9 925;9 900;9 925;9 900;25;247 813;0.25%
04/07/2024;9 200;9 185;9 200;9 185;161;1 479 993;-7.30%
05/07/2024;9 200;9 250;9 250;9 200;1 084;9 999 900;0.00%
08/07/2024;9 200;9 185;9 200;9 185;166;1 525 955;0.00%
09/07/2024;9 200;9 185;9 200;9 185;197;1 810 923;0.00%
10/07/2024;9 200;9 885;9 885;9 200;172;1 641 310;0.00%
11/07/2024;9 885;9 200;9 885;9 200;48;458 040;7.45%
12/07/2024;9 800;9 880;9 880;9 800;226;2 223 840;-0.86%
15/07/2024;9 800;9 800;9 800;9 800;30;294 000;0.00%
16/07/2024;9 800;9 800;9 800;9 800;1 755;17 199 000;0.00%
17/07/2024;9 185;9 700;9 700;9 185;500;4 721 250;-6.28%
18/07/2024;9 695;9 695;9 695;9 695;32;310 240;5.55%
19/07/2024;9 500;9 500;9 500;9 500;68;646 000;-2.01%
22/07/2024;9 870;9 520;9 870;9 520;13;126 035;3.89%
23/07/2024;9 800;9 870;9 870;9 800;3 011;29 613 185;-0.71%
24/07/2024;9 800;9 790;9 800;9 790;6;58 770;0.00%
25/07/2024;9 700;9 700;9 700;9 700;151;1 464 700;-1.02%
26/07/2024;9 800;9 640;9 800;9 640;2 225;21 627 000;1.03%
29/07/2024;9 790;9 790;9 790;9 790;50;489 500;-0.10%
30/07/2024;9 740;9 800;9 800;9 740;281;2 745 370;-0.51%
31/07/2024;9 740;9 740;9 740;9 740;2 077;20 229 980;0.00%
01/08/2024;9 740;9 700;9 740;9 700;67;651 240;0.00%
02/08/2024;9 740;9 750;9 750;9 740;1 397;13 613 765;0.00%
05/08/2024;9 800;9 750;9 800;9 750;415;4 056 625;0.62%
06/08/2024;9 800;9 800;9 800;9 800;6;58 800;0.00%
07/08/2024;9 800;9 800;9 800;9 800;6;58 800;0.00%
08/08/2024;9 800;9 800;9 800;9 800;122;1 195 600;0.00%
09/08/2024;9 800;9 800;9 800;9 800;2 587;25 352 600;0.00%
12/08/2024;9 700;9 725;9 725;9 700;350;3 399 375;-1.02%
13/08/2024;9 850;9 700;9 850;9 700;2 377;23 235 175;1.55%
14/08/2024;9 850;9 850;9 850;9 850;10;98 500;0.00%
15/08/2024;9 850;9 850;9 850;9 850;10;98 500;0.00%
16/08/2024;9 850;9 850;9 850;9 850;184;1 812 400;0.00%
19/08/2024;9 750;9 850;9 850;9 750;220;2 156 000;-1.02%
20/08/2024;9 850;9 750;9 850;9 750;1 336;13 092 800;1.03%
21/08/2024;9 995;9 995;9 995;9 995;28;279 860;1.47%
22/08/2024;9 755;9 995;9 995;9 755;3 109;30 701 375;-2.40%
23/08/2024;9 755;9 995;9 995;9 755;3 109;30 701 375;0.00%
26/08/2024;10 000;10 000;10 000;10 000;41;410 000;2.51%
27/08/2024;10 000;10 000;10 000;10 000;2;20 000;0.00%
28/08/2024;10 000;9 995;10 000;9 995;323;3 229 193;0.00%
29/08/2024;10 750;10 000;10 750;10 000;11 017;114 301 375;7.50%
30/08/2024;10 100;10 750;10 750;10 100;47;489 975;-6.05%
02/09/2024;10 100;10 100;10 100;10 100;287;2 898 700;0.00%
03/09/2024;10 100;10 100;10 100;10 100;27;272 700;0.00%
04/09/2024;10 100;10 100;10 100;10 100;239;2 413 900;0.00%
05/09/2024;10 100;10 100;10 100;10 100;239;2 413 900;0.00%
06/09/2024;10 750;10 040;10 750;10 040;74;769 230;6.44%
09/09/2024;10 750;10 750;10 750;10 750;14;150 500;0.00%
10/09/2024;10 750;10 750;10 750;10 750;14;150 500;0.00%
11/09/2024;10 500;10 750;10 750;10 500;55;584 375;-2.33%
12/09/2024;10 160;10 990;10 990;10 160;18;190 350;-3.24%
13/09/2024;10 500;10 500;10 500;10 500;54;567 000;3.35%
16/09/2024;10 550;10 500;10 550;10 500;1 411;14 850 775;0.48%
17/09/2024;10 500;10 550;10 550;10 500;13;136 825;-0.47%
18/09/2024;10 550;10 500;10 550;10 500;477;5 020 425;0.48%
19/09/2024;10 500;10 505;10 505;10 500;3 683;38 680 708;-0.47%
20/09/2024;10 500;10 500;10 500;10 500;7;73 500;0.00%
23/09/2024;10 550;10 500;10 550;10 500;14;147 350;0.48%
24/09/2024;10 575;10 500;10 575;10 500;22;231 825;0.24%
25/09/2024;10 600;10 575;10 600;10 575;87;921 113;0.24%
26/09/2024;10 600;10 600;10 600;10 600;961;10 186 600;0.00%
27/09/2024;10 600;10 625;10 625;10 600;62;657 975;0.00%
30/09/2024;10 750;10 700;10 750;10 700;12;128 700;1.42%
01/10/2024;10 750;10 750;10 750;10 750;100;1 075 000;0.00%
02/10/2024;11 100;11 000;11 100;11 000;956;10 563 800;3.26%
03/10/2024;11 100;11 000;11 100;11 000;177;1 955 850;0.00%
04/10/2024;11 100;11 100;11 100;11 100;96;1 065 600;0.00%
07/10/2024;11 100;11 100;11 100;11 100;16;177 600;0.00%
08/10/2024;11 100;11 000;11 100;11 000;120;1 326 000;0.00%
09/10/2024;11 100;11 100;11 100;11 100;2 833;31 446 300;0.00%
10/10/2024;10 530;11 100;11 100;10 530;38;410 970;-5.14%
11/10/2024;11 000;11 000;11 000;11 000;11;121 000;4.46%
14/10/2024;10 950;10 950;10 950;10 950;4;43 800;-0.45%
15/10/2024;10 950;10 950;10 950;10 950;441;4 828 950;0.00%
16/10/2024;10 950;10 940;10 950;10 940;35;383 075;0.00%
17/10/2024;10 950;10 950;10 950;10 950;97;1 062 150;0.00%
18/10/2024;10 950;10 950;10 950;10 950;344;3 766 800;0.00%
21/10/2024;10 950;10 950;10 950;10 950;67;733 650;0.00%
22/10/2024;10 900;10 900;10 900;10 900;11;119 900;-0.46%
23/10/2024;10 900;10 900;10 900;10 900;2;21 800;0.00%
24/10/2024;10 950;10 900;10 950;10 900;151;1 649 675;0.46%
25/10/2024;10 945;10 950;10 950;10 945;51;558 323;-0.05%
29/10/2024;10 800;10 945;10 945;10 800;220;2 391 950;-1.32%
30/10/2024;10 945;10 945;10 945;10 945;99;1 083 555;1.34%
31/10/2024;10 805;10 805;10 805;10 805;457;4 937 885;-1.28%
01/11/2024;10 805;10 805;10 805;10 805;457;4 937 885;0.00%
04/11/2024;11 615;11 615;11 615;11 615;3 163;36 738 245;7.50%
05/11/2024;11 600;11 050;11 600;11 050;183;2 072 475;-0.13%
06/11/2024;11 495;11 600;11 600;11 495;41;473 448;-0.91%
07/11/2024;11 650;11 495;11 650;11 495;1 166;13 493 535;1.35%
08/11/2024;12 000;11 650;12 000;11 650;1 886;22 301 950;3.00%
11/11/2024;12 900;12 000;12 900;12 000;4 081;50 808 450;7.50%
12/11/2024;12 900;12 900;12 900;12 900;1 923;24 806 700;0.00%
13/11/2024;12 900;12 900;12 900;12 900;1 029;13 274 100;0.00%
14/11/2024;12 900;12 900;12 900;12 900;1 809;23 336 100;0.00%
15/11/2024;12 900;12 900;12 900;12 900;1 809;23 336 100;0.00%
18/11/2024;12 800;12 800;12 800;12 800;49;627 200;-0.78%
19/11/2024;12 895;12 500;12 895;12 500;660;8 380 350;0.74%
20/11/2024;12 800;12 895;12 895;12 800;287;3 687 233;-0.74%
21/11/2024;12 900;12 805;12 900;12 805;821;10 551 903;0.78%
22/11/2024;12 900;13 000;13 000;12 900;512;6 630 400;0.00%
25/11/2024;12 900;12 900;12 900;12 900;54;696 600;0.00%
26/11/2024;12 500;12 900;12 900;12 500;2 948;37 439 600;-3.10%
27/11/2024;13 425;13 425;13 425;13 425;46;617 550;7.40%
28/11/2024;13 425;13 425;13 425;13 425;200;2 685 000;0.00%
29/11/2024;13 490;13 425;13 490;13 425;1 117;15 032 028;0.48%
02/12/2024;13 485;13 490;13 490;13 485;43;579 963;-0.04%
03/12/2024;13 485;13 485;13 485;13 485;518;6 985 230;0.00%
04/12/2024;13 500;13 485;13 500;13 485;335;4 519 988;0.11%
05/12/2024;13 500;13 500;13 500;13 500;198;2 673 000;0.00%
06/12/2024;13 500;13 500;13 500;13 500;1 520;20 520 000;0.00%
09/12/2024;13 500;13 550;13 550;13 500;65;879 125;0.00%
10/12/2024;13 500;13 500;13 500;13 500;2 628;35 478 000;0.00%
11/12/2024;13 800;13 500;13 800;13 500;1 052;14 359 800;2.22%
12/12/2024;13 800;13 800;13 800;13 800;94;1 297 200;0.00%
13/12/2024;13 800;13 800;13 800;13 800;22;303 600;0.00%
16/12/2024;13 800;13 800;13 800;13 800;37;510 600;0.00%
17/12/2024;13 800;13 800;13 800;13 800;41;565 800;0.00%
18/12/2024;14 000;13 800;14 000;13 800;1 364;18 959 600;1.45%
19/12/2024;14 000;14 000;14 000;14 000;275;3 850 000;0.00%
20/12/2024;14 225;14 000;14 225;14 000;956;13 491 550;1.61%
23/12/2024;14 220;14 225;14 225;14 220;19;270 228;-0.04%
24/12/2024;14 220;14 220;14 220;14 220;28;398 160;0.00%
25/12/2024;14 220;14 220;14 220;14 220;28;398 160;0.00%
26/12/2024;14 005;14 005;14 005;14 005;746;10 447 730;-1.51%
27/12/2024;14 225;14 225;14 225;14 225;10;142 250;1.57%
30/12/2024;14 225;14 220;14 225;14 220;19 414;276 115 615;0.00%
31/12/2024;14 000;14 000;14 000;14 000;3;42 000;-1.58%
01/01/2025;14 000;14 000;14 000;14 000;3;42 000;0.00%
03/01/2025;14 000;14 100;14 100;14 000;516;7 249 800;0.00%
06/01/2025;14 000;14 000;14 000;14 000;112;1 568 000;0.00%
07/01/2025;14 220;14 000;14 220;14 000;80;1 128 800;1.57%
08/01/2025;14 200;14 220;14 220;14 200;22;312 620;-0.14%
09/01/2025;14 115;14 200;14 200;14 115;264;3 737 580;-0.60%
10/01/2025;14 115;14 500;14 500;14 115;349;4 993 318;0.00%
13/01/2025;14 220;14 500;14 500;14 220;1 283;18 423 880;0.74%
14/01/2025;14 000;14 220;14 220;14 000;222;3 132 420;-1.55%
15/01/2025;13 655;13 995;13 995;13 655;59;815 675;-2.46%
16/01/2025;14 000;13 670;14 000;13 670;113;1 563 355;2.53%
17/01/2025;13 750;14 000;14 000;13 750;7;97 125;-1.79%
20/01/2025;13 750;14 000;14 000;13 750;193;2 677 875;0.00%
22/01/2025;14 000;14 000;14 000;14 000;249;3 486 000;1.82%
23/01/2025;14 000;14 000;14 000;14 000;105;1 470 000;0.00%
24/01/2025;14 470;14 100;14 470;14 100;61;871 385;3.36%
27/01/2025;15 000;14 000;15 000;14 000;57;826 500;3.66%
28/01/2025;15 990;16 000;16 000;15 990;493;7 885 535;6.60%
29/01/2025;15 990;15 990;15 990;15 990;320;5 116 800;0.00%
30/01/2025;16 000;16 000;16 000;16 000;132;2 112 000;0.06%
31/01/2025;16 000;16 000;16 000;16 000;130;2 080 000;0.00%
03/02/2025;16 000;16 000;16 000;16 000;9;144 000;0.00%
04/02/2025;15 995;16 000;16 000;15 995;687;10 990 283;-0.03%
05/02/2025;16 000;16 000;16 000;16 000;34;544 000;0.03%
06/02/2025;16 000;16 000;16 000;16 000;476;7 616 000;0.00%
07/02/2025;16 000;16 000;16 000;16 000;3;48 000;0.00%
10/02/2025;16 000;15 990;16 000;15 990;77;1 231 615;0.00%
11/02/2025;15 500;15 990;15 990;15 500;402;6 329 490;-3.13%
12/02/2025;15 500;15 500;15 500;15 500;1;15 500;0.00%
13/02/2025;15 500;15 500;15 500;15 500;88;1 364 000;0.00%
14/02/2025;15 500;15 500;15 500;15 500;246;3 813 000;0.00%
17/02/2025;15 500;15 500;15 500;15 500;88;1 364 000;0.00%
18/02/2025;15 300;15 500;15 500;15 300;290;4 466 000;-1.29%
19/02/2025;15 295;15 300;15 300;15 295;1 288;19 703 180;-0.03%
20/02/2025;15 295;15 295;15 295;15 295;32;489 440;0.00%
21/02/2025;15 250;15 295;15 295;15 250;3 155;48 184 738;-0.29%
24/02/2025;16 000;16 000;16 000;16 000;297;4 752 000;4.92%
25/02/2025;16 000;16 000;16 000;16 000;1 084;17 344 000;0.00%
26/02/2025;15 800;16 000;16 000;15 800;117;1 860 300;-1.25%
28/02/2025;16 000;15 800;16 000;15 800;116;1 844 400;1.27%
03/03/2025;16 000;16 000;16 000;16 000;56;896 000;0.00%
04/03/2025;15 995;15 995;15 995;15 995;400;6 398 000;-0.03%
05/03/2025;15 800;15 800;15 800;15 800;31;489 800;-1.22%
06/03/2025;15 995;15 000;15 995;15 000;709;10 987 728;1.23%
07/03/2025;15 990;15 995;15 995;15 990;621;9 931 343;-0.03%
10/03/2025;15 995;15 990;15 995;15 990;70;1 119 475;0.03%
11/03/2025;15 995;15 995;15 995;15 995;125;1 999 375;0.00%
12/03/2025;15 950;15 995;15 995;15 950;208;3 322 280;-0.28%
13/03/2025;15 900;15 990;15 990;15 900;228;3 635 460;-0.31%
14/03/2025;15 950;15 900;15 950;15 900;229;3 646 825;0.31%
17/03/2025;15 900;15 995;15 995;15 900;319;5 087 253;-0.31%
18/03/2025;15 900;15 900;15 900;15 900;29;461 100;0.00%
19/03/2025;16 000;16 000;16 000;16 000;2 190;35 040 000;0.63%
20/03/2025;16 000;16 000;16 000;16 000;47;752 000;0.00%
21/03/2025;16 200;16 000;16 200;16 000;617;9 933 700;1.25%
24/03/2025;16 200;16 200;16 200;16 200;2 374;38 458 800;0.00%
25/03/2025;16 000;16 200;16 200;16 000;271;4 363 100;-1.23%
26/03/2025;16 000;16 000;16 000;16 000;10;160 000;0.00%
27/03/2025;16 000;16 000;16 000;16 000;10;160 000;0.00%
28/03/2025;15 990;16 000;16 000;15 990;145;2 319 275;-0.06%
31/03/2025;15 990;16 000;16 000;15 990;145;2 319 275;0.00%
01/04/2025;15 900;15 950;15 950;15 900;175;2 786 875;-0.56%
02/04/2025;15 700;15 900;15 900;15 700;344;5 435 200;-1.26%
03/04/2025;15 800;15 600;15 800;15 600;55;863 500;0.64%
04/04/2025;15 700;15 800;15 800;15 700;122;1 921 500;-0.63%
07/04/2025;15 700;15 700;15 700;15 700;113;1 774 100;0.00%
08/04/2025;15 800;15 690;15 800;15 690;296;4 660 520;0.64%
09/04/2025;15 900;15 800;15 900;15 800;64;1 014 400;0.63%
10/04/2025;15 900;15 850;15 900;15 850;24;381 000;0.00%
11/04/2025;14 915;15 900;15 900;14 915;1 149;17 703 218;-6.19%
14/04/2025;15 500;15 500;15 500;15 500;2 068;32 054 000;3.92%
15/04/2025;15 500;14 905;15 500;14 905;435;6 613 088;0.00%
16/04/2025;15 500;15 500;15 500;15 500;71;1 100 500;0.00%
17/04/2025;15 500;15 500;15 500;15 500;65;1 007 500;0.00%
22/04/2025;15 450;15 450;15 450;15 450;33;509 850;-0.32%
23/04/2025;15 440;15 450;15 450;15 440;86;1 328 270;-0.06%
24/04/2025;15 450;15 450;15 450;15 450;96;1 483 200;0.06%
25/04/2025;15 440;14 295;15 440;14 295;300;4 460 250;-0.06%
28/04/2025;15 435;15 440;15 440;15 435;8;123 500;-0.03%
29/04/2025;15 500;15 305;15 500;15 305;556;8 563 790;0.42%
30/04/2025;15 400;15 945;15 945;15 400;29;454 503;-0.65%
01/05/2025;15 400;15 945;15 945;15 400;29;454 503;0.00%
02/05/2025;15 400;15 400;15 400;15 400;114;1 755 600;0.00%
05/05/2025;15 400;15 400;15 400;15 400;106;1 632 400;0.00%
06/05/2025;15 400;15 400;15 400;15 400;51;785 400;0.00%
07/05/2025;15 900;15 400;15 900;15 400;20;313 000;3.25%
08/05/2025;15 850;15 895;15 895;15 850;541;8 587 023;-0.31%
09/05/2025;15 945;15 890;15 945;15 890;122;1 941 935;0.60%
13/05/2025;15 900;15 900;15 900;15 900;180;2 862 000;-0.28%
14/05/2025;14 755;15 900;15 900;14 755;109;1 670 698;-7.20%
15/05/2025;15 850;14 800;15 850;14 800;15;229 875;7.42%
16/05/2025;15 500;15 800;15 800;15 500;39;610 350;-2.21%
19/05/2025;15 500;15 860;15 860;15 500;234;3 669 120;0.00%
20/05/2025;15 500;15 855;15 855;15 500;43;674 133;0.00%
21/05/2025;15 770;14 000;15 770;14 000;148;2 202 980;1.74%
22/05/2025;16 950;15 800;16 950;15 800;198;3 242 250;7.48%
23/05/2025;17 500;18 220;18 220;17 500;509;9 090 740;3.24%
26/05/2025;17 000;17 000;17 000;17 000;826;14 042 000;-2.86%
27/05/2025;17 000;17 000;17 000;17 000;307;5 219 000;0.00%
28/05/2025;17 000;17 000;17 000;17 000;90;1 530 000;0.00%
29/05/2025;17 000;17 000;17 000;17 000;90;1 530 000;0.00%
30/05/2025;17 000;17 000;17 000;17 000;706;12 002 000;0.00%
02/06/2025;16 050;17 000;17 000;16 050;59;974 975;-5.59%
03/06/2025;16 000;16 100;16 100;16 000;293;4 702 650;-0.31%
04/06/2025;16 900;16 000;16 900;16 000;126;2 072 700;5.63%
05/06/2025;16 895;16 900;16 900;16 895;211;3 565 373;-0.03%
10/06/2025;17 000;16 000;17 000;16 000;528;8 712 000;0.62%
11/06/2025;17 000;16 800;17 000;16 800;52;878 800;0.00%
12/06/2025;17 000;17 000;17 000;17 000;1 520;25 840 000;0.00%
13/06/2025;16 100;17 000;17 000;16 100;920;15 226 000;-5.29%
16/06/2025;16 900;17 000;17 000;16 900;384;6 508 800;4.97%
17/06/2025;16 900;16 900;16 900;16 900;53;895 700;0.00%
18/06/2025;16 600;16 600;16 600;16 600;250;4 150 000;-1.78%
19/06/2025;16 990;16 505;16 990;16 505;17;284 708;2.35%
20/06/2025;16 990;17 000;17 000;16 990;14;237 930;0.00%
23/06/2025;16 950;16 990;16 990;16 950;145;2 460 650;-0.24%
24/06/2025;16 500;16 990;16 990;16 500;1 561;26 138 945;-2.65%
25/06/2025;16 850;16 500;16 850;16 500;420;7 003 500;2.12%
26/06/2025;16 750;16 750;16 750;16 750;15;251 250;-0.59%
27/06/2025;16 700;16 750;16 750;16 700;47;786 075;-0.30%
30/06/2025;16 700;16 700;16 700;16 700;125;2 087 500;0.00%
01/07/2025;16 580;16 580;16 580;16 580;101;1 674 580;-0.72%
02/07/2025;16 700;16 700;16 700;16 700;310;5 177 000;0.72%
03/07/2025;16 700;16 700;16 700;16 700;64;1 068 800;0.00%
04/07/2025;16 265;16 700;16 700;16 265;4 122;67 940 865;-2.60%
07/07/2025;16 500;16 265;16 500;16 265;110;1 802 075;1.44%
08/07/2025;16 500;16 500;16 500;16 500;24;396 000;0.00%
09/07/2025;16 700;16 500;16 700;16 500;710;11 786 000;1.21%
10/07/2025;16 275;16 500;16 500;16 275;210;3 441 375;-2.54%
11/07/2025;16 500;16 500;16 500;16 500;1 747;28 825 500;1.38%
14/07/2025;16 500;16 280;16 500;16 280;164;2 687 960;0.00%
15/07/2025;16 500;17 460;17 460;16 500;39;662 220;0.00%
16/07/2025;17 440;17 500;17 500;17 440;47;821 090;5.70%
17/07/2025;16 850;17 420;17 420;16 850;12;205 620;-3.38%
18/07/2025;16 845;16 845;16 845;16 845;1;16 845;-0.03%
21/07/2025;16 845;16 505;16 845;16 505;582;9 704 850;0.00%
22/07/2025;16 700;16 845;16 845;16 700;86;1 442 435;-0.86%
23/07/2025;16 705;16 705;16 705;16 705;27;451 035;0.03%
24/07/2025;17 955;16 700;17 955;16 700;104;1 802 060;7.48%
25/07/2025;16 800;18 005;18 005;16 800;518;9 014 495;-6.43%
28/07/2025;16 950;18 060;18 060;16 950;148;2 590 740;0.89%
29/07/2025;16 950;16 700;16 950;16 700;12 561;211 338 825;0.00%
30/07/2025;17 050;16 950;17 050;16 950;565;9 605 000;0.59%
31/07/2025;17 050;16 500;17 050;16 500;510;8 555 250;0.00%
01/08/2025;17 000;17 000;17 000;17 000;38;646 000;-0.29%
04/08/2025;16 515;16 505;16 515;16 505;36;594 360;-2.85%
05/08/2025;16 515;16 700;16 700;16 515;2 780;46 168 850;0.00%
06/08/2025;16 505;16 700;16 700;16 505;158;2 623 195;-0.06%
07/08/2025;16 505;16 700;16 700;16 505;158;2 623 195;0.00%
08/08/2025;16 600;16 750;16 750;16 600;1 400;23 345 000;0.58%
11/08/2025;16 600;16 600;16 600;16 600;334;5 544 400;0.00%
12/08/2025;16 600;17 210;17 210;16 600;2 477;41 873 685;0.00%
13/08/2025;16 500;16 600;16 600;16 500;142;2 350 100;-0.60%
14/08/2025;16 500;16 700;16 700;16 500;630;10 458 000;0.00%
15/08/2025;16 500;16 700;16 700;16 500;630;10 458 000;0.00%
18/08/2025;16 600;16 600;16 600;16 600;3 698;61 386 800;0.61%
19/08/2025;16 300;16 115;16 300;16 115;2 058;33 355 035;-1.81%
20/08/2025;16 150;16 250;16 250;16 150;603;9 768 600;-0.92%
21/08/2025;16 250;16 300;16 300;16 250;165;2 685 375;0.62%
22/08/2025;16 240;16 240;16 240;16 240;178;2 890 720;-0.06%
25/08/2025;16 000;16 200;16 200;16 000;1 696;27 305 600;-1.48%
26/08/2025;15 600;16 000;16 000;15 600;15 582;246 195 600;-2.50%
27/08/2025;15 600;15 505;15 600;15 505;3 741;58 181 903;0.00%
28/08/2025;15 520;15 600;15 600;15 520;1 758;27 354 480;-0.51%
29/08/2025;15 515;15 600;15 600;15 515;1 964;30 554 930;-0.03%
01/09/2025;15 400;15 505;15 505;15 400;2 790;43 112 475;-0.74%
02/09/2025;15 500;15 500;15 500;15 500;3 038;47 089 000;0.65%
03/09/2025;15 850;15 695;15 850;15 695;2 261;35 661 623;2.26%
04/09/2025;15 850;15 695;15 850;15 695;2 261;35 661 623;0.00%
05/09/2025;16 395;17 000;17 000;16 395;4 370;72 968 075;3.44%
08/09/2025;16 390;16 385;16 390;16 385;204;3 343 050;-0.03%
09/09/2025;15 165;16 385;16 385;15 165;7 978;125 852 950;-7.47%
10/09/2025;15 500;16 240;16 240;15 500;11 456;181 806 720;2.21%
11/09/2025;15 650;16 000;16 000;15 650;730;11 552 250;0.97%
12/09/2025;15 500;15 650;15 650;15 500;11 004;171 387 300;-0.96%
15/09/2025;15 400;15 500;15 500;15 400;1 508;23 298 600;-0.65%
16/09/2025;15 500;15 500;15 500;15 500;966;14 973 000;0.65%
17/09/2025;15 995;15 600;15 995;15 600;1 698;26 824 155;3.19%
18/09/2025;16 000;16 100;16 100;16 000;2 107;33 817 350;0.03%
19/09/2025;16 000;16 000;16 000;16 000;125;2 000 000;0.00%
22/09/2025;16 085;16 000;16 085;16 000;496;7 957 080;0.53%
23/09/2025;16 085;16 080;16 085;16 080;434;6 979 805;0.00%
24/09/2025;16 400;16 220;16 400;16 220;311;5 072 410;1.96%
25/09/2025;16 320;16 400;16 400;16 320;488;7 983 680;-0.49%
26/09/2025;16 575;16 320;16 575;16 320;424;6 973 740;1.56%
29/09/2025;16 940;16 575;16 940;16 575;296;4 960 220;2.20%
30/09/2025;16 885;16 945;16 945;16 885;455;7 696 325;-0.32%
01/10/2025;16 900;16 885;16 900;16 885;331;5 591 418;0.09%
02/10/2025;17 150;17 000;17 150;17 000;2 010;34 320 750;1.48%
03/10/2025;17 285;17 255;17 285;17 255;1 100;18 997 000;0.79%
06/10/2025;17 285;17 400;17 400;17 285;931;16 145 868;0.00%
07/10/2025;17 295;17 305;17 305;17 295;1 061;18 355 300;0.06%
08/10/2025;17 300;17 295;17 300;17 295;320;5 535 200;0.03%
09/10/2025;17 380;17 295;17 380;17 295;2 830;49 065 125;0.46%
10/10/2025;18 295;17 450;18 295;17 450;384;6 863 040;5.26%
13/10/2025;18 195;18 300;18 300;18 195;1 233;22 499 168;-0.55%
14/10/2025;18 200;18 225;18 225;18 200;1 888;34 385 200;0.03%
15/10/2025;18 490;18 440;18 490;18 440;1 330;24 558 450;1.59%
16/10/2025;18 600;18 490;18 600;18 490;724;13 426 580;0.59%
17/10/2025;18 740;18 000;18 740;18 000;1 211;22 246 070;0.75%
20/10/2025;18 500;18 600;18 600;18 500;284;5 268 200;-1.28%
21/10/2025;18 750;18 500;18 750;18 500;739;13 763 875;1.35%
22/10/2025;19 495;20 000;20 000;19 495;3 932;77 647 170;3.97%
23/10/2025;19 350;19 005;19 350;19 005;3 767;72 241 643;-0.74%
24/10/2025;19 450;19 490;19 490;19 450;1 075;20 930 250;0.52%
27/10/2025;19 480;19 450;19 480;19 450;1 183;23 027 095;0.15%
28/10/2025;19 480;19 500;19 500;19 480;588;11 460 120;0.00%
29/10/2025;19 445;19 465;19 465;19 445;1 066;20 739 030;-0.18%
30/10/2025;19 400;19 500;19 500;19 400;2 751;53 506 950;-0.23%
31/10/2025;19 340;19 400;19 400;19 340;843;16 328 910;-0.31%
03/11/2025;18 900;19 330;19 330;18 900;2 319;44 327 685;-2.28%
04/11/2025;18 755;18 900;18 900;18 755;1 591;29 954 553;-0.77%
05/11/2025;18 600;18 750;18 750;18 600;1 957;36 546 975;-0.83%
06/11/2025;19 490;18 995;19 490;18 995;893;17 183 553;4.78%
07/11/2025;19 900;19 900;19 900;19 900;-;0;2.10%
10/11/2025;19 900;19 910;19 910;19 900;938;18 670 890;0.00%
11/11/2025;20 000;19 970;20 000;19 970;954;19 065 690;0.50%
12/11/2025;19 500;19 950;19 950;19 500;152;2 998 200;-2.50%
13/11/2025;19 500;19 650;19 650;19 500;306;5 989 950;0.00%
14/11/2025;19 900;19 500;19 900;19 500;254;5 003 800;2.05%
17/11/2025;19 500;19 900;19 900;19 500;1 030;20 291 000;-2.01%
18/11/2025;19 500;20 100;20 100;19 500;739;14 632 200;0.00%
19/11/2025;20 350;20 335;20 350;20 335;1 146;23 312 505;4.36%
20/11/2025;19 500;20 000;20 000;19 500;923;18 229 250;-4.18%
21/11/2025;20 250;20 200;20 250;20 200;321;6 492 225;3.85%
24/11/2025;20 350;20 250;20 350;20 250;102;2 070 600;0.49%
25/11/2025;20 000;20 350;20 350;20 000;1 560;31 473 000;-1.72%
26/11/2025;20 000;20 350;20 350;20 000;532;10 733 100;0.00%
27/11/2025;20 150;20 345;20 345;20 150;5 120;103 667 200;0.75%
28/11/2025;19 500;20 100;20 100;19 500;592;11 721 600;-3.23%
01/12/2025;20 050;20 150;20 150;20 050;228;4 582 800;2.82%
02/12/2025;19 940;20 075;20 075;19 940;32;640 240;-0.55%
03/12/2025;19 500;19 995;19 995;19 500;756;14 929 110;-2.21%
04/12/2025;19 995;19 500;19 995;19 500;102;2 014 245;2.54%
05/12/2025;19 950;19 950;19 950;19 950;63;1 256 850;-0.23%
08/12/2025;19 925;20 030;20 030;19 925;164;3 276 310;-0.13%
09/12/2025;19 950;19 950;19 950;19 950;246;4 907 700;0.13%
10/12/2025;19 850;19 600;19 850;19 600;43;848 175;-0.50%
11/12/2025;19 650;19 850;19 850;19 650;143;2 824 250;-1.01%
12/12/2025;19 800;19 850;19 850;19 800;181;3 588 325;0.76%
15/12/2025;19 750;19 510;19 750;19 510;250;4 907 500;-0.25%
16/12/2025;19 845;19 750;19 845;19 750;388;7 681 430;0.48%
17/12/2025;19 825;19 845;19 845;19 825;191;3 788 485;-0.10%
18/12/2025;19 500;18 600;19 500;18 600;1 058;20 154 900;-1.64%
19/12/2025;19 495;19 500;19 500;19 495;140;2 729 650;-0.03%
22/12/2025;19 405;19 445;19 445;19 405;1 493;29 001 525;-0.46%
23/12/2025;19 340;19 400;19 400;19 340;51;987 870;-0.33%
24/12/2025;19 380;19 335;19 380;19 335;1 025;19 841 438;0.21%
25/12/2025;19 380;19 335;19 380;19 335;1 025;19 841 438;0.00%
26/12/2025;19 450;19 005;19 450;19 005;391;7 517 953;0.36%
29/12/2025;19 300;19 400;19 400;19 300;490;9 481 500;-0.77%
30/12/2025;19 300;19 445;19 445;19 300;129;2 499 053;0.00%
31/12/2025;19 445;19 300;19 445;19 300;703;13 618 868;0.75%
01/01/2026;19 445;19 300;19 445;19 300;703;13 618 868;0.00%
02/01/2026;19 300;19 300;19 300;19 300;1 143;22 059 900;-0.75%
05/01/2026;19 250;19 295;19 295;19 250;143;2 755 968;-0.26%
06/01/2026;19 290;19 295;19 295;19 290;158;3 048 215;0.21%
07/01/2026;19 270;19 290;19 290;19 270;201;3 875 280;-0.10%
08/01/2026;19 270;19 265;19 270;19 265;501;9 653 018;0.00%
09/01/2026;19 250;19 270;19 270;19 250;115;2 214 900;-0.10%
12/01/2026;19 105;19 230;19 230;19 105;137;2 625 948;-0.75%
13/01/2026;19 175;19 200;19 200;19 175;136;2 609 500;0.37%
14/01/2026;19 195;19 185;19 195;19 185;507;9 729 330;0.10%
15/01/2026;19 195;19 100;19 195;19 100;652;12 484 170;0.00%
16/01/2026;19 295;19 195;19 295;19 195;287;5 523 315;0.52%
19/01/2026;19 200;19 295;19 295;19 200;697;13 415 508;-0.49%
20/01/2026;19 150;19 200;19 200;19 150;511;9 798 425;-0.26%
21/01/2026;19 200;19 105;19 200;19 105;426;8 158 965;0.26%
22/01/2026;19 200;19 200;19 200;19 200;289;5 548 800;0.00%
23/01/2026;19 200;19 300;19 300;19 200;385;7 411 250;0.00%
26/01/2026;19 150;19 200;19 200;19 150;775;14 860 625;-0.26%
27/01/2026;19 100;19 300;19 300;19 100;828;15 897 600;-0.26%
28/01/2026;19 300;19 100;19 300;19 100;3 099;59 500 800;1.05%
29/01/2026;19 200;19 300;19 300;19 200;1 117;21 502 250;-0.52%
30/01/2026;19 200;19 300;19 300;19 200;2 486;47 855 500;0.00%
02/02/2026;19 300;19 250;19 300;19 250;936;18 041 400;0.52%
03/02/2026;19 200;19 300;19 300;19 200;1 710;32 917 500;-0.52%
04/02/2026;19 300;19 300;19 300;19 300;305;5 886 500;0.52%
05/02/2026;19 450;19 400;19 450;19 400;2 709;52 622 325;0.78%
06/02/2026;19 295;19 450;19 450;19 295;1 596;30 918 510;-0.80%
09/02/2026;19 750;19 580;19 750;19 580;159;3 126 735;2.36%
10/02/2026;19 890;19 775;19 890;19 775;411;8 151 158;0.71%
11/02/2026;20 000;19 890;20 000;19 890;440;8 775 800;0.55%
12/02/2026;20 000;20 000;20 000;20 000;333;6 660 000;0.00%
13/02/2026;19 995;20 000;20 000;19 995;483;9 658 793;-0.03%
16/02/2026;20 050;20 000;20 050;20 000;4 045;81 001 125;0.28%
17/02/2026;20 100;20 050;20 100;20 050;350;7 026 250;0.25%
18/02/2026;21 015;20 160;21 015;20 160;1 469;30 243 038;4.55%
19/02/2026;21 500;21 450;21 500;21 450;738;15 848 550;2.31%
20/02/2026;22 995;23 100;23 100;22 995;2 314;53 331 915;6.95%
23/02/2026;24 000;22 000;24 000;22 000;938;21 574 000;4.37%
24/02/2026;24 000;23 995;24 000;23 995;3 503;84 063 243;0.00%
25/02/2026;24 625;24 995;24 995;24 625;1 351;33 518 310;2.60%
26/02/2026;25 500;24 625;25 500;24 625;2 849;71 403 063;3.55%
27/02/2026;24 900;25 500;25 500;24 900;1 289;32 482 800;-2.35%
02/03/2026;24 500;25 445;25 445;24 500;1 416;35 361 060;-1.61%
03/03/2026;24 520;24 505;24 520;24 505;218;5 343 725;0.08%
04/03/2026;24 900;25 100;25 100;24 900;789;19 725 000;1.55%
05/03/2026;24 900;24 745;24 900;24 745;1 275;31 648 688;0.40%
06/03/2026;24 910;24 900;24 910;24 900;3 665;91 276 825;0.04%
09/03/2026;25 350;25 000;25 350;25 000;617;15 532 975;1.77%
10/03/2026;25 705;25 350;25 705;25 350;700;17 869 250;1.40%
11/03/2026;26 055;27 630;27 630;26 055;1 178;31 620 465;1.36%
12/03/2026;26 950;27 000;27 000;26 950;2 639;71 187 025;3.44%
13/03/2026;26 055;26 950;26 950;26 055;1 419;37 607 048;-3.32%
16/03/2026;26 055;26 950;26 950;26 055;1 419;37 607 048;0.00%
17/03/2026;25 900;26 055;26 055;25 900;594;15 430 635;-0.59%
18/03/2026;26 000;26 000;26 000;26 000;408;10 608 000;0.39%
19/03/2026;25 555;26 000;26 000;25 555;2 038;52 534 545;-1.71%
20/03/2026;25 555;26 000;26 000;25 555;2 038;52 534 545;0.00%
23/03/2026;24 745;26 000;26 000;24 745;1 558;39 530 355;-3.17%
24/03/2026;24 400;24 000;24 400;24 000;817;19 771 400;-1.39%
25/03/2026;24 900;24 400;24 900;24 400;2 460;60 639 000;2.05%
26/03/2026;26 000;24 900;26 000;24 900;1 523;38 760 350;4.42%
27/03/2026;25 600;26 000;26 000;25 600;3 544;91 435 200;-1.54%
30/03/2026;25 475;25 600;25 600;25 475;2 125;54 267 188;-0.49%
31/03/2026;25 400;25 200;25 400;25 200;363;9 183 900;-0.29%
01/04/2026;24 250;25 400;25 400;24 250;1 177;29 219 025;-4.53%
02/04/2026;24 600;24 025;24 600;24 025;381;9 263 063;1.44%
03/04/2026;24 000;24 750;24 750;24 000;2 349;57 256 875;-2.44%
06/04/2026;24 000;24 750;24 750;24 000;2 349;57 256 875;0.00%
07/04/2026;23 605;24 000;24 000;23 605;2 641;62 862 403;-1.65%
08/04/2026;24 000;23 750;24 000;23 750;282;6 732 750;1.67%
09/04/2026;23 500;24 000;24 000;23 500;909;21 588 750;-2.08%
10/04/2026;23 500;23 500;23 500;23 500;324;7 614 000;0.00%
13/04/2026;22 500;23 600;23 600;22 500;1 872;43 149 600;-4.26%
14/04/2026;23 010;22 600;23 010;22 600;959;21 869 995;2.27%
15/04/2026;23 250;23 100;23 250;23 100;554;12 838 950;1.04%
16/04/2026;23 500;23 500;23 500;23 500;1 721;40 443 500;1.08%
17/04/2026;23 705;23 500;23 705;23 500;251;5 924 228;0.87%
20/04/2026;25 000;25 100;25 100;25 000;649;16 257 450;5.46%
21/04/2026;24 850;25 000;25 000;24 850;197;4 910 225;-0.60%
22/04/2026;23 705;24 850;24 850;23 705;400;9 711 000;-4.61%
23/04/2026;23 755;23 750;23 755;23 750;133;3 159 083;0.21%
24/04/2026;23 760;23 755;23 760;23 755;243;5 773 073;0.02%
27/04/2026;24 400;23 765;24 400;23 765;336;8 091 720;2.69%
28/04/2026;24 800;24 400;24 800;24 400;442;10 873 200;1.64%
29/04/2026;24 850;24 500;24 850;24 500;69;1 702 575;0.20%
30/04/2026;24 850;24 850;24 850;24 850;411;10 213 350;0.00%
01/05/2026;24 850;24 850;24 850;24 850;411;10 213 350;0.00%
04/05/2026;25 000;25 000;25 000;25 000;1 716;42 900 000;0.60%
05/05/2026;24 445;24 850;24 850;24 445;2 291;56 467 423;-2.22%
06/05/2026;24 995;24 980;24 995;24 980;445;11 119 438;2.25%
07/05/2026;25 200;24 750;25 200;24 750;383;9 565 425;0.82%
08/05/2026;26 000;25 300;26 000;25 300;1 041;26 701 650;3.17%
11/05/2026;26 200;26 095;26 200;26 095;562;14 694 895;0.77%
12/05/2026;26 300;26 200;26 300;26 200;561;14 726 250;0.38%
13/05/2026;26 400;26 300;26 400;26 300;1 209;31 857 150;0.38%
14/05/2026;26 400;26 300;26 400;26 300;1 209;31 857 150;0.00%
15/05/2026;26 450;26 400;26 450;26 400;922;24 363 850;0.19%
18/05/2026;26 450;26 450;26 450;26 450;953;25 206 850;0.00%
19/05/2026;26 450;26 400;26 450;26 400;319;8 429 575;0.00%
20/05/2026;27 000;26 450;27 000;26 450;241;6 440 725;2.08%
21/05/2026;27 000;27 000;27 000;27 000;291;7 857 000;0.00%
22/05/2026;27 000;27 000;27 000;27 000;594;16 038 000;0.00%
25/05/2026;27 000;27 000;27 000;27 000;594;16 038 000;0.00%
26/05/2026;27 500;27 100;27 500;27 100;117;3 194 100;1.85%
27/05/2026;27 500;27 100;27 500;27 100;117;3 194 100;0.00%
28/05/2026;27 895;27 500;27 895;27 500;253;7 007 468;1.44%
29/05/2026;28 250;27 950;28 250;27 950;288;8 092 800;1.27%
01/06/2026;28 300;28 950;28 950;28 300;2 243;64 205 875;0.18%
02/06/2026;29 000;29 240;29 240;29 000;253;7 367 360;2.47%
03/06/2026;28 975;29 000;29 000;28 975;693;20 088 338;-0.09%
04/06/2026;28 970;28 975;28 975;28 970;626;18 136 785;-0.02%
05/06/2026;28 970;29 000;29 000;28 970;717;20 782 245;0.00%
08/06/2026;28 965;28 970;28 970;28 965;448;12 977 440;-0.02%
09/06/2026;28 900;28 900;28 900;28 900;860;24 854 000;-0.22%
10/06/2026;28 500;28 900;28 900;28 500;1 301;37 338 700;-1.38%
11/06/2026;28 450;28 320;28 450;28 320;276;7 834 260;-0.18%
12/06/2026;28 495;28 500;28 500;28 495;170;4 844 575;0.16%
15/06/2026;28 295;28 500;28 500;28 295;465;13 204 838;-0.70%
16/06/2026;27 750;28 495;28 495;27 750;840;23 622 900;-1.93%
17/06/2026;28 200;27 800;28 200;27 800;439;12 292 000;1.62%
18/06/2026;28 445;28 210;28 445;28 210;189;5 353 898;0.87%
19/06/2026;28 420;28 400;28 420;28 400;386;10 966 260;-0.09%
22/06/2026;28 500;28 420;28 500;28 420;309;8 794 140;0.28%
23/06/2026;28 460;28 490;28 490;28 460;356;10 137 100;-0.14%
24/06/2026;27 760;28 460;28 460;27 760;833;23 415 630;-2.46%
25/06/2026;28 900;27 800;28 900;27 800;456;12 927 600;4.11%
26/06/2026;29 000;28 950;29 000;28 950;368;10 662 800;0.35%
29/06/2026;29 000;29 000;29 000;29 000;1 529;44 341 000;0.00%
30/06/2026;29 000;29 000;29 000;29 000;344;9 976 000;0.00%
01/07/2026;29 490;29 000;29 490;29 000;363;10 615 935;1.69%
02/07/2026;29 250;29 490;29 490;29 250;1 255;36 859 350;-0.81%
03/07/2026;29 380;29 250;29 380;29 250;312;9 146 280;0.44%
06/07/2026;28 110;28 150;28 150;28 110;562;15 809 060;-4.32%
07/07/2026;28 200;28 110;28 200;28 110;374;10 529 970;0.32%
08/07/2026;28 250;28 250;28 250;28 250;393;11 102 250;0.18%
09/07/2026;28 350;28 250;28 350;28 250;255;7 216 500;0.35%
10/07/2026;28 800;28 360;28 800;28 360;960;27 436 800;1.59%
13/07/2026;28 650;28 800;28 800;28 650;112;3 217 200;-0.52%
14/07/2026;28 600;28 640;28 640;28 600;996;28 505 520;-0.17%
15/07/2026;27 800;28 600;28 600;27 800;645;18 189 000;-2.80%
16/07/2026;27 705;27 800;27 800;27 705;629;17 456 323;-0.34%
17/07/2026;28 100;27 705;28 100;27 705;1 162;32 422 705;1.43%
20/07/2026;28 000;28 100;28 100;28 000;709;19 887 450;-0.36%
21/07/2026;28 040;28 000;28 040;28 000;299;8 377 980;0.14%
22/07/2026;28 050;28 000;28 050;28 000;227;6 361 675;0.04%
23/07/2026;27 505;28 100;28 100;27 505;720;20 017 800;-1.94%
24/07/2026;28 305;28 000;28 305;28 000;1 187;33 417 018;2.91%
27/07/2026;28 700;28 305;28 700;28 305;845;24 084 613;1.40%
28/07/2026;28 880;28 700;28 880;28 700;401;11 544 790;0.63%
29/07/2026;28 880;28 880;28 880;28 880;1 276;36 850 880;0.00%
30/07/2026;29 000;28 880;29 000;28 880;589;17 045 660;0.42%
31/07/2026;28 670;29 005;29 005;28 670;439;12 659 663;-1.14%
03/08/2026;29 015;28 675;29 015;28 675;57;1 644 165;1.20%
04/08/2026;29 000;29 005;29 005;29 000;919;26 653 298;-0.05%
05/08/2026;29 000;29 000;29 000;29 000;709;20 561 000;0.00%
06/08/2026;29 100;29 000;29 100;29 000;148;4 299 400;0.34%
07/08/2026;29 100;29 000;29 100;29 000;148;4 299 400;0.00%
10/08/2026;29 150;29 100;29 150;29 100;464;13 514 000;0.17%
11/08/2026;29 200;29 150;29 200;29 150;389;11 349 075;0.17%
12/08/2026;29 000;29 200;29 200;29 000;302;8 788 200;-0.68%
13/08/2026;29 000;29 000;29 000;29 000;618;17 922 000;0.00%
