Date;Clôture;Plus bas;Plus haut;Ouverture;Volume Titres;Volume FCFA;Variation %
05/01/2012;1 491;1 491;1 491;1 491;48;71 550;0.00%
06/01/2012;1 491;1 491;1 491;1 491;57;84 966;0.00%
12/01/2012;1 443;1 443;1 443;1 443;57;82 223;-3.23%
17/01/2012;1 491;1 491;1 491;1 491;30;44 719;3.34%
18/01/2012;1 491;1 491;1 491;1 491;22;32 794;0.00%
19/01/2012;1 491;1 491;1 491;1 491;80;119 250;0.00%
20/01/2012;1 491;1 491;1 491;1 491;96;143 100;0.00%
24/01/2012;1 491;1 491;1 491;1 491;153;228 066;0.00%
25/01/2012;1 491;1 491;1 491;1 491;41;61 116;0.00%
26/01/2012;1 514;1 514;1 514;1 514;27;40 888;1.59%
31/01/2012;1 539;1 539;1 539;1 539;92;141 565;1.61%
02/02/2012;1 539;1 539;1 539;1 539;691;1 063 276;0.00%
03/02/2012;1 539;1 539;1 539;1 539;112;172 340;0.00%
06/02/2012;1 539;1 539;1 539;1 539;19;29 236;0.00%
07/02/2012;1 539;1 539;1 539;1 539;75;115 406;0.00%
08/02/2012;1 539;1 539;1 539;1 539;1;1 539;0.00%
09/02/2012;1 514;1 514;1 514;1 514;254;384 651;-1.58%
10/02/2012;1 586;1 586;1 586;1 586;160;253 800;4.75%
14/02/2012;1 586;1 586;1 586;1 586;916;1 453 005;0.00%
15/02/2012;1 586;1 586;1 586;1 586;24;38 070;0.00%
16/02/2012;1 586;1 586;1 586;1 586;212;336 285;0.00%
17/02/2012;1 586;1 586;1 586;1 586;99;157 039;0.00%
20/02/2012;1 514;1 514;1 514;1 514;67;101 463;-4.53%
22/02/2012;1 514;1 514;1 514;1 514;382;578 491;0.00%
24/02/2012;1 514;1 514;1 514;1 514;12;18 173;0.00%
28/02/2012;1 514;1 514;1 514;1 514;196;296 818;0.00%
29/02/2012;1 514;1 514;1 514;1 514;480;726 900;0.00%
01/03/2012;1 514;1 514;1 514;1 514;800;1 211 500;0.00%
02/03/2012;1 514;1 514;1 514;1 514;502;760 216;0.00%
07/03/2012;1 586;1 586;1 586;1 586;80;126 900;4.75%
08/03/2012;1 514;1 514;1 514;1 514;806;1 220 586;-4.53%
09/03/2012;1 577;1 577;1 577;1 577;56;88 305;4.13%
12/03/2012;1 577;1 577;1 577;1 577;67;105 651;0.00%
13/03/2012;1 577;1 577;1 577;1 577;75;118 266;0.00%
14/03/2012;1 577;1 577;1 577;1 577;132;208 148;0.00%
15/03/2012;1 586;1 586;1 586;1 586;590;935 888;0.59%
16/03/2012;1 586;1 586;1 586;1 586;217;344 216;0.00%
19/03/2012;1 587;1 587;1 587;1 587;96;152 340;0.04%
21/03/2012;1 586;1 586;1 586;1 586;99;157 039;-0.04%
22/03/2012;1 586;1 586;1 586;1 586;49;77 726;0.00%
26/03/2012;1 587;1 587;1 587;1 587;92;145 993;0.04%
28/03/2012;1 611;1 611;1 611;1 611;12;19 328;1.50%
29/03/2012;1 731;1 731;1 731;1 731;12;20 775;7.49%
30/03/2012;1 639;1 639;1 639;1 639;4 544;7 449 320;-5.31%
03/04/2012;1 587;1 587;1 587;1 587;891;1 413 906;-5.72%
06/04/2012;1 683;1 683;1 683;1 683;12;20 198;6.07%
12/04/2012;1 779;1 779;1 779;1 779;12;21 345;5.68%
13/04/2012;1 779;1 779;1 779;1 779;83;147 636;0.00%
16/04/2012;1 779;1 779;1 779;1 779;81;144 079;0.00%
17/04/2012;1 786;1 786;1 786;1 786;16;28 580;0.42%
18/04/2012;1 786;1 786;1 786;1 786;16;28 580;0.00%
23/04/2012;1 827;1 827;1 827;1 827;89;162 592;2.27%
24/04/2012;1 827;1 827;1 827;1 827;88;160 765;0.00%
27/04/2012;1 832;1 832;1 832;1 832;14;25 646;0.27%
07/05/2012;1 923;1 923;1 923;1 923;92;176 928;4.98%
09/05/2012;1 928;1 928;1 928;1 928;48;92 550;0.26%
10/05/2012;1 972;1 972;1 972;1 972;16;31 550;2.27%
11/05/2012;1 976;1 976;1 976;1 976;132;260 865;0.22%
14/05/2012;2 072;2 072;2 072;2 072;96;198 900;4.84%
15/05/2012;2 072;2 072;2 072;2 072;62;128 456;0.00%
16/05/2012;2 019;2 019;2 019;2 019;3 955;7 986 628;-2.53%
18/05/2012;2 043;2 043;2 043;2 043;19;38 819;1.18%
21/05/2012;2 043;2 043;2 043;2 043;44;89 898;0.00%
22/05/2012;1 563;1 563;1 563;1 563;81;126 563;-23.52%
23/05/2012;1 563;1 563;1 563;1 563;14;21 875;0.00%
24/05/2012;1 563;1 563;1 563;1 563;14;21 875;0.00%
01/06/2012;1 563;1 563;1 563;1 563;2 424;3 787 500;0.00%
04/06/2012;1 563;1 563;1 563;1 563;8;12 500;0.00%
05/06/2012;1 563;1 563;1 563;1 563;12;18 750;0.00%
06/06/2012;1 563;1 563;1 563;1 563;3;4 688;0.00%
07/06/2012;1 586;1 586;1 586;1 586;25;39 656;1.52%
08/06/2012;1 586;1 586;1 586;1 586;27;42 829;0.00%
11/06/2012;1 586;1 586;1 586;1 586;8;12 690;0.00%
13/06/2012;1 586;1 586;1 586;1 586;30;47 588;0.00%
18/06/2012;1 591;1 591;1 591;1 591;91;144 804;0.32%
19/06/2012;1 591;1 591;1 591;1 591;9;14 321;0.00%
21/06/2012;1 711;1 711;1 711;1 711;16;27 370;7.50%
22/06/2012;1 803;1 803;1 803;1 803;36;64 913;5.41%
25/06/2012;1 591;1 591;1 591;1 591;41;65 241;-11.75%
26/06/2012;1 594;1 594;1 594;1 594;212;337 875;0.16%
27/06/2012;1 586;1 586;1 586;1 586;176;279 180;-0.47%
28/06/2012;1 591;1 591;1 591;1 591;390;620 588;0.32%
03/07/2012;1 591;1 591;1 591;1 591;294 491;468 608 804;0.00%
04/07/2012;1 594;1 594;1 594;1 594;190;302 813;0.16%
06/07/2012;1 591;1 591;1 591;1 591;124;197 315;-0.16%
09/07/2012;1 596;1 596;1 596;1 596;68;108 545;0.31%
10/07/2012;1 616;1 616;1 616;1 616;262;423 294;1.21%
11/07/2012;1 634;1 634;1 634;1 634;528;862 950;1.16%
12/07/2012;1 563;1 563;1 563;1 563;320;500 000;-4.40%
13/07/2012;1 611;1 611;1 611;1 611;160;257 700;3.08%
17/07/2012;1 611;1 611;1 611;1 611;230;370 444;0.00%
18/07/2012;1 611;1 611;1 611;1 611;176;283 470;0.00%
19/07/2012;1 611;1 611;1 611;1 611;32;51 540;0.00%
20/07/2012;1 634;1 634;1 634;1 634;195;318 703;1.47%
24/07/2012;1 635;1 635;1 635;1 635;211;344 985;0.04%
25/07/2012;1 635;1 635;1 635;1 635;148;241 980;0.00%
26/07/2012;1 758;1 758;1 758;1 758;240;421 800;7.49%
27/07/2012;1 635;1 635;1 635;1 635;46;75 210;-6.97%
30/07/2012;1 636;1 636;1 636;1 636;152;248 615;0.04%
31/07/2012;1 635;1 635;1 635;1 635;265;433 275;-0.04%
08/08/2012;1 636;1 636;1 636;1 636;75;122 672;0.04%
09/08/2012;1 758;1 758;1 758;1 758;48;84 390;7.49%
10/08/2012;1 644;1 644;1 644;1 644;59;97 018;-6.47%
17/08/2012;1 659;1 659;1 659;1 659;40;66 350;0.87%
21/08/2012;1 659;1 659;1 659;1 659;182;301 893;0.00%
22/08/2012;1 659;1 659;1 659;1 659;22;36 493;0.00%
23/08/2012;1 659;1 659;1 659;1 659;3 553;5 893 539;0.00%
27/08/2012;1 683;1 683;1 683;1 683;176;296 120;1.43%
28/08/2012;1 683;1 683;1 683;1 683;182;306 215;0.00%
30/08/2012;1 707;1 707;1 707;1 707;390;665 681;1.45%
31/08/2012;1 683;1 683;1 683;1 683;470;790 775;-1.43%
03/09/2012;1 683;1 683;1 683;1 683;214;360 055;0.00%
04/09/2012;1 683;1 683;1 683;1 683;480;807 600;0.00%
05/09/2012;1 659;1 659;1 659;1 659;244;404 735;-1.41%
07/09/2012;1 683;1 683;1 683;1 683;404;679 730;1.43%
10/09/2012;1 659;1 659;1 659;1 659;960;1 592 400;-1.41%
11/09/2012;1 659;1 659;1 659;1 659;100;165 875;0.00%
12/09/2012;1 683;1 683;1 683;1 683;32;53 840;1.43%
13/09/2012;1 683;1 683;1 683;1 683;268;450 910;0.00%
14/09/2012;1 683;1 683;1 683;1 683;48;80 760;0.00%
18/09/2012;1 659;1 659;1 659;1 659;20;33 175;-1.41%
19/09/2012;1 659;1 659;1 659;1 659;172;285 305;0.00%
20/09/2012;1 659;1 659;1 659;1 659;160;265 400;0.00%
24/09/2012;1 658;1 658;1 658;1 658;62;102 804;-0.04%
26/09/2012;1 635;1 635;1 635;1 635;16;26 160;-1.39%
28/09/2012;1 633;1 633;1 633;1 633;16;26 120;-0.11%
01/10/2012;1 683;1 683;1 683;1 683;851;1 431 808;3.06%
04/10/2012;1 683;1 683;1 683;1 683;49;82 443;0.00%
08/10/2012;1 683;1 683;1 683;1 683;326;548 495;0.00%
09/10/2012;1 704;1 704;1 704;1 704;160;272 700;1.30%
11/10/2012;1 832;1 832;1 832;1 832;80;146 550;7.48%
12/10/2012;1 731;1 731;1 731;1 731;12;20 768;-5.53%
15/10/2012;1 779;1 779;1 779;1 779;3 065;5 451 869;2.78%
17/10/2012;1 755;1 755;1 755;1 755;16;28 080;-1.34%
19/10/2012;1 731;1 731;1 731;1 731;721;1 247 781;-1.39%
24/10/2012;1 731;1 731;1 731;1 731;28;48 458;0.00%
25/10/2012;1 707;1 707;1 707;1 707;417;711 767;-1.37%
29/10/2012;1 707;1 707;1 707;1 707;72;122 895;0.00%
30/10/2012;1 707;1 707;1 707;1 707;17;29 017;0.00%
02/11/2012;1 707;1 707;1 707;1 707;3;5 121;0.00%
05/11/2012;1 707;1 707;1 707;1 707;4;6 828;0.00%
06/11/2012;1 683;1 683;1 683;1 683;24;40 380;-1.43%
07/11/2012;1 683;1 683;1 683;1 683;16;26 920;0.00%
08/11/2012;1 707;1 707;1 707;1 707;614;1 048 021;1.45%
09/11/2012;1 731;1 731;1 731;1 731;160;276 900;1.39%
14/11/2012;1 731;1 731;1 731;1 731;160;276 900;0.00%
16/11/2012;1 731;1 731;1 731;1 731;764;1 322 198;0.00%
19/11/2012;1 731;1 731;1 731;1 731;57;98 681;0.04%
21/11/2012;1 731;1 731;1 731;1 731;284;491 498;-0.04%
22/11/2012;1 731;1 731;1 731;1 731;337;583 221;0.00%
26/11/2012;1 731;1 731;1 731;1 731;84;145 373;0.00%
27/11/2012;1 731;1 731;1 731;1 731;19;32 882;0.00%
28/11/2012;1 731;1 731;1 731;1 731;928;1 606 600;0.04%
29/11/2012;1 736;1 736;1 736;1 736;2 425;4 208 891;0.25%
30/11/2012;1 736;1 736;1 736;1 736;30;52 069;0.00%
04/12/2012;1 731;1 731;1 731;1 731;22;38 074;-0.29%
06/12/2012;1 755;1 755;1 755;1 755;499;875 745;1.41%
07/12/2012;1 755;1 755;1 755;1 755;209;366 795;0.00%
11/12/2012;1 755;1 755;1 755;1 755;448;786 240;0.00%
14/12/2012;1 875;1 875;1 875;1 875;126;236 250;6.84%
17/12/2012;1 779;1 779;1 779;1 779;64;113 840;-5.13%
18/12/2012;1 759;1 759;1 759;1 759;22;38 706;-1.09%
19/12/2012;1 731;1 731;1 731;1 731;68;117 683;-1.63%
20/12/2012;1 731;1 731;1 731;1 731;52;89 993;0.00%
21/12/2012;1 731;1 731;1 731;1 731;160;276 900;0.00%
24/12/2012;1 759;1 759;1 759;1 759;80;140 750;1.66%
27/12/2012;1 755;1 755;1 755;1 755;6;10 530;0.00%
28/12/2012;1 755;1 755;1 755;1 755;40;70 200;0.00%
31/12/2012;1 755;1 755;1 755;1 755;160;280 800;0.00%
02/01/2013;1 875;1 875;1 875;1 875;1 072;2 010 000;6.84%
03/01/2013;1 875;1 875;1 875;1 875;2 011;3 770 625;0.00%
04/01/2013;1 875;1 875;1 875;1 875;696;1 305 000;0.00%
07/01/2013;1 875;1 875;1 875;1 875;640;1 200 000;0.00%
08/01/2013;1 866;1 866;1 866;1 866;32;59 700;-0.50%
11/01/2013;1 866;1 866;1 866;1 866;99;184 697;0.00%
16/01/2013;1 866;1 866;1 866;1 866;48;89 550;0.00%
17/01/2013;1 827;1 827;1 827;1 827;28;51 153;-2.08%
18/01/2013;1 779;1 779;1 779;1 779;86;152 973;-2.63%
22/01/2013;1 866;1 866;1 866;1 866;33;61 566;4.88%
23/01/2013;1 731;1 731;1 731;1 731;153;264 786;-7.24%
25/01/2013;1 861;1 861;1 861;1 861;49;91 171;7.51%
28/01/2013;1 875;1 875;1 875;1 875;516;967 500;0.77%
29/01/2013;1 861;1 861;1 861;1 861;91;169 317;-0.77%
30/01/2013;1 875;1 875;1 875;1 875;35;65 625;0.77%
31/01/2013;1 875;1 875;1 875;1 875;345;646 875;0.00%
01/02/2013;1 875;1 875;1 875;1 875;8;15 000;0.00%
07/02/2013;1 875;1 875;1 875;1 875;64;120 000;0.00%
13/02/2013;1 875;1 875;1 875;1 875;20;37 500;0.00%
15/02/2013;1 875;1 875;1 875;1 875;152;285 000;0.00%
18/02/2013;1 827;1 827;1 827;1 827;19;34 711;-2.57%
19/02/2013;1 851;1 851;1 851;1 851;46;85 158;1.33%
22/02/2013;1 851;1 851;1 851;1 851;2 403;4 448 554;0.00%
25/02/2013;1 875;1 875;1 875;1 875;208;390 000;1.28%
26/02/2013;1 883;1 883;1 883;1 883;35;65 888;0.40%
28/02/2013;1 875;1 875;1 875;1 875;96;180 000;-0.40%
01/03/2013;1 875;1 875;1 875;1 875;8;15 000;0.00%
04/03/2013;1 923;1 923;1 923;1 923;619;1 190 414;2.57%
05/03/2013;1 875;1 875;1 875;1 875;33;61 875;-2.50%
06/03/2013;2 016;2 016;2 016;2 016;278;560 344;7.50%
07/03/2013;2 016;2 016;2 016;2 016;192;387 000;0.00%
08/03/2013;2 016;2 016;2 016;2 016;33;66 516;0.00%
11/03/2013;2 016;2 016;2 016;2 016;150;302 344;0.00%
13/03/2013;1 875;1 875;1 875;1 875;35;65 625;-6.98%
15/03/2013;1 875;1 875;1 875;1 875;17;31 875;0.00%
18/03/2013;1 875;1 875;1 875;1 875;160;300 000;0.00%
19/03/2013;2 016;2 016;2 016;2 016;36;72 563;7.50%
21/03/2013;1 899;1 899;1 899;1 899;160;303 900;-5.77%
22/03/2013;1 899;1 899;1 899;1 899;160;303 900;0.00%
25/03/2013;1 923;1 923;1 923;1 923;12;23 078;1.25%
28/03/2013;2 019;2 019;2 019;2 019;38;76 736;3.06%
29/03/2013;2 072;2 072;2 072;2 072;44;91 163;2.60%
03/04/2013;2 068;2 068;2 068;2 068;212;438 310;-0.21%
04/04/2013;2 068;2 068;2 068;2 068;8 008;16 556 540;0.00%
05/04/2013;1 971;1 971;1 971;1 971;3 715;7 323 194;-4.66%
08/04/2013;1 971;1 971;1 971;1 971;182;358 768;0.00%
10/04/2013;1 923;1 923;1 923;1 923;80;153 850;-2.44%
11/04/2013;1 971;1 971;1 971;1 971;59;116 304;2.50%
12/04/2013;1 923;1 923;1 923;1 923;33;63 463;-2.44%
15/04/2013;1 971;1 971;1 971;1 971;84;165 585;2.50%
18/04/2013;1 971;1 971;1 971;1 971;16;31 540;0.00%
19/04/2013;2 019;2 019;2 019;2 019;424;856 215;2.44%
22/04/2013;2 031;2 031;2 031;2 031;216;438 750;0.59%
23/04/2013;2 034;2 034;2 034;2 034;328;667 070;0.12%
24/04/2013;2 036;2 036;2 036;2 036;425;865 406;0.12%
26/04/2013;2 036;2 036;2 036;2 036;49;99 776;0.00%
02/05/2013;2 019;2 019;2 019;2 019;224;452 340;-0.83%
03/05/2013;1 971;1 971;1 971;1 971;94;185 298;-2.38%
07/05/2013;1 971;1 971;1 971;1 971;16;31 540;0.00%
10/05/2013;1 972;1 972;1 972;1 972;19;37 466;0.03%
14/05/2013;1 973;1 973;1 973;1 973;27;53 258;0.03%
15/05/2013;1 995;1 995;1 995;1 995;134;267 330;1.14%
16/05/2013;2 145;2 145;2 145;2 145;27;57 915;7.52%
21/05/2013;2 168;2 168;2 168;2 168;363;787 029;1.08%
23/05/2013;2 024;2 024;2 024;2 024;83;167 971;-6.66%
28/05/2013;2 176;2 176;2 176;2 176;435;946 397;7.50%
29/05/2013;2 188;2 188;2 188;2 188;132;288 750;0.55%
30/05/2013;2 043;2 043;2 043;2 043;192;392 280;-6.60%
03/06/2013;2 068;2 068;2 068;2 068;107;221 223;1.19%
04/06/2013;2 068;2 068;2 068;2 068;6;12 405;0.00%
06/06/2013;2 116;2 116;2 116;2 116;28;59 238;2.33%
11/06/2013;2 116;2 116;2 116;2 116;80;169 250;0.00%
12/06/2013;2 164;2 164;2 164;2 164;214;463 043;2.27%
13/06/2013;2 139;2 139;2 139;2 139;1 580;3 380 213;-1.13%
14/06/2013;2 164;2 164;2 164;2 164;446;965 033;1.14%
18/06/2013;2 001;2 001;2 001;2 001;68;136 085;-7.51%
19/06/2013;2 001;2 001;2 001;2 001;64;128 080;0.00%
20/06/2013;2 019;2 019;2 019;2 019;12;24 233;0.91%
27/06/2013;2 164;2 164;2 164;2 164;16;34 620;0.00%
28/06/2013;2 164;2 164;2 164;2 164;16;34 620;0.00%
01/07/2013;2 043;2 043;2 043;2 043;33;67 423;-5.57%
04/07/2013;2 043;2 043;2 043;2 043;65;132 803;0.00%
05/07/2013;2 043;2 043;2 043;2 043;25;51 078;0.00%
08/07/2013;2 043;2 043;2 043;2 043;54;110 329;0.00%
09/07/2013;2 043;2 043;2 043;2 043;56;114 415;0.00%
10/07/2013;2 043;2 043;2 043;2 043;43;87 854;0.00%
11/07/2013;2 043;2 043;2 043;2 043;54;110 329;0.00%
15/07/2013;2 164;2 164;2 164;2 164;81;175 264;5.90%
17/07/2013;2 116;2 116;2 116;2 116;24;50 775;-2.22%
19/07/2013;2 068;2 068;2 068;2 068;80;165 400;-2.27%
22/07/2013;2 077;2 077;2 077;2 077;137;284 532;0.45%
24/07/2013;2 091;2 091;2 091;2 091;44;92 015;0.69%
29/07/2013;2 092;2 092;2 092;2 092;41;85 767;0.03%
30/07/2013;2 091;2 091;2 091;2 091;432;903 420;-0.03%
05/08/2013;2 091;2 091;2 091;2 091;20;41 825;0.00%
06/08/2013;2 091;2 091;2 091;2 091;531;1 110 454;0.00%
09/08/2013;2 091;2 091;2 091;2 091;176;368 060;0.00%
13/08/2013;2 091;2 091;2 091;2 091;132;276 045;0.00%
14/08/2013;2 091;2 091;2 091;2 091;78;163 118;0.00%
16/08/2013;1 971;1 971;1 971;1 971;96;189 240;-5.74%
20/08/2013;2 019;2 019;2 019;2 019;356;718 898;2.44%
22/08/2013;2 019;2 019;2 019;2 019;480;969 300;0.00%
23/08/2013;2 043;2 043;2 043;2 043;587;1 199 314;1.18%
26/08/2013;2 171;2 171;2 171;2 171;337;731 501;6.24%
27/08/2013;2 171;2 171;2 171;2 171;160;347 300;0.00%
28/08/2013;2 043;2 043;2 043;2 043;180;367 763;-5.87%
30/08/2013;2 043;2 043;2 043;2 043;4;8 173;0.00%
03/09/2013;2 043;2 043;2 043;2 043;11;22 474;0.00%
04/09/2013;1 890;1 890;1 890;1 890;340;642 600;-7.49%
06/09/2013;2 019;2 019;2 019;2 019;19;38 368;6.85%
10/09/2013;2 019;2 019;2 019;2 019;14;28 271;0.00%
13/09/2013;1 923;1 923;1 923;1 923;166;319 239;-4.77%
16/09/2013;2 019;2 019;2 019;2 019;32;64 620;5.00%
17/09/2013;2 019;2 019;2 019;2 019;406;819 866;0.00%
18/09/2013;2 019;2 019;2 019;2 019;278;561 386;0.00%
19/09/2013;1 995;1 995;1 995;1 995;20;39 900;-1.21%
20/09/2013;1 995;1 995;1 995;1 995;56;111 720;0.00%
24/09/2013;2 019;2 019;2 019;2 019;1 003;2 025 433;1.22%
25/09/2013;1 971;1 971;1 971;1 971;747;1 472 524;-2.38%
26/09/2013;2 019;2 019;2 019;2 019;30;60 581;2.44%
27/09/2013;1 947;1 947;1 947;1 947;62;120 706;-3.59%
01/10/2013;1 947;1 947;1 947;1 947;582;1 133 081;0.00%
02/10/2013;2 019;2 019;2 019;2 019;14;28 271;3.72%
03/10/2013;2 019;2 019;2 019;2 019;43;86 833;0.00%
07/10/2013;2 019;2 019;2 019;2 019;38;76 713;-0.03%
09/10/2013;1 995;1 995;1 995;1 995;1;1 995;-1.18%
10/10/2013;1 995;1 995;1 995;1 995;331;660 345;0.00%
11/10/2013;1 995;1 995;1 995;1 995;86;171 570;0.00%
14/10/2013;1 995;1 995;1 995;1 995;88;175 560;0.00%
17/10/2013;1 995;1 995;1 995;1 995;8;15 960;0.00%
21/10/2013;1 995;1 995;1 995;1 995;6;11 970;0.00%
22/10/2013;2 019;2 019;2 019;2 019;104;210 015;1.22%
23/10/2013;2 019;2 019;2 019;2 019;336;678 510;0.00%
24/10/2013;2 019;2 019;2 019;2 019;323;652 258;0.00%
28/10/2013;2 019;2 019;2 019;2 019;536;1 082 385;0.00%
31/10/2013;1 955;1 955;1 955;1 955;51;99 705;-3.19%
04/11/2013;1 955;1 955;1 955;1 955;3;5 865;0.00%
05/11/2013;2 019;2 019;2 019;2 019;32;64 620;3.29%
06/11/2013;2 044;2 044;2 044;2 044;88;179 850;1.21%
07/11/2013;2 043;2 043;2 043;2 043;16;32 690;-0.03%
11/11/2013;2 043;2 043;2 043;2 043;1 628;3 326 208;0.00%
12/11/2013;2 068;2 068;2 068;2 068;9;18 608;1.19%
13/11/2013;2 068;2 068;2 068;2 068;30;62 025;0.00%
14/11/2013;2 102;2 102;2 102;2 102;59;124 011;1.66%
18/11/2013;2 068;2 068;2 068;2 068;299;618 183;-1.64%
20/11/2013;2 068;2 068;2 068;2 068;441;911 768;0.00%
21/11/2013;2 068;2 068;2 068;2 068;721;1 490 668;0.00%
22/11/2013;2 068;2 068;2 068;2 068;28;57 890;0.00%
25/11/2013;2 068;2 068;2 068;2 068;41;84 768;0.00%
26/11/2013;2 068;2 068;2 068;2 068;352;727 760;0.00%
27/11/2013;2 068;2 068;2 068;2 068;286;591 305;0.00%
02/12/2013;2 116;2 116;2 116;2 116;8;16 925;2.33%
03/12/2013;2 116;2 116;2 116;2 116;120;253 875;0.00%
04/12/2013;2 164;2 164;2 164;2 164;214;463 043;2.27%
05/12/2013;2 164;2 164;2 164;2 164;35;75 731;0.00%
06/12/2013;2 164;2 164;2 164;2 164;1 176;2 544 570;0.00%
09/12/2013;2 068;2 068;2 068;2 068;185;382 488;-4.45%
10/12/2013;2 068;2 068;2 068;2 068;20;41 350;0.00%
11/12/2013;2 019;2 019;2 019;2 019;180;363 488;-2.33%
12/12/2013;2 068;2 068;2 068;2 068;123;254 303;2.38%
13/12/2013;2 019;2 019;2 019;2 019;16;32 310;-2.33%
16/12/2013;2 068;2 068;2 068;2 068;296;611 980;2.38%
17/12/2013;2 019;2 019;2 019;2 019;89;179 724;-2.33%
18/12/2013;2 068;2 068;2 068;2 068;206;425 905;2.38%
19/12/2013;2 068;2 068;2 068;2 068;51;105 443;0.00%
20/12/2013;2 068;2 068;2 068;2 068;643;1 329 403;0.00%
26/12/2013;2 068;2 068;2 068;2 068;1 574;3 254 245;0.00%
27/12/2013;2 068;2 068;2 068;2 068;3 600;7 443 000;0.00%
30/12/2013;2 072;2 072;2 072;2 072;131;271 416;0.21%
31/12/2013;2 077;2 077;2 077;2 077;364;755 983;0.24%
03/01/2014;2 079;2 079;2 079;2 079;27;56 143;0.12%
06/01/2014;2 164;2 164;2 164;2 164;1 926;4 167 383;4.06%
07/01/2014;2 164;2 164;2 164;2 164;152;328 890;0.00%
08/01/2014;2 173;2 173;2 173;2 173;59;128 214;0.43%
09/01/2014;2 116;2 116;2 116;2 116;507;1 072 622;-2.65%
10/01/2014;2 116;2 116;2 116;2 116;126;266 569;0.00%
14/01/2014;2 128;2 128;2 128;2 128;30;63 825;0.56%
15/01/2014;2 125;2 125;2 125;2 125;49;104 125;-0.12%
17/01/2014;2 125;2 125;2 125;2 125;16;34 000;0.00%
21/01/2014;2 139;2 139;2 139;2 139;4;8 558;0.68%
22/01/2014;2 139;2 139;2 139;2 139;4;8 558;0.00%
24/01/2014;2 144;2 144;2 144;2 144;17;36 454;0.23%
27/01/2014;2 149;2 149;2 149;2 149;12;25 785;0.20%
28/01/2014;2 151;2 151;2 151;2 151;102;219 428;0.12%
31/01/2014;2 188;2 188;2 188;2 188;24;52 500;1.69%
03/02/2014;2 212;2 212;2 212;2 212;33;72 992;1.11%
04/02/2014;2 211;2 211;2 211;2 211;6;13 268;-0.03%
07/02/2014;2 212;2 212;2 212;2 212;73;161 467;0.03%
10/02/2014;2 217;2 217;2 217;2 217;291;645 111;0.23%
11/02/2014;2 216;2 216;2 216;2 216;48;106 380;-0.03%
12/02/2014;2 236;2 236;2 236;2 236;200;447 125;0.87%
13/02/2014;2 217;2 217;2 217;2 217;4;8 868;-0.84%
14/02/2014;2 221;2 221;2 221;2 221;2 833;6 292 801;0.20%
17/02/2014;2 221;2 221;2 221;2 221;56;124 390;0.00%
18/02/2014;2 222;2 222;2 222;2 222;6 576;14 611 050;0.03%
19/02/2014;2 226;2 226;2 226;2 226;25;55 656;0.20%
20/02/2014;2 263;2 263;2 263;2 263;1 489;3 368 863;1.63%
24/02/2014;2 284;2 284;2 284;2 284;3;6 851;0.94%
25/02/2014;2 384;2 384;2 384;2 384;62;147 831;4.41%
26/02/2014;2 384;2 384;2 384;2 384;638;1 521 231;0.00%
03/03/2014;2 401;2 401;2 401;2 401;8;19 210;0.71%
04/03/2014;2 384;2 384;2 384;2 384;33;78 684;-0.70%
05/03/2014;2 380;2 380;2 380;2 380;72;171 360;-0.18%
06/03/2014;2 380;2 380;2 380;2 380;41;97 580;0.00%
07/03/2014;2 356;2 356;2 356;2 356;59;138 982;-1.02%
10/03/2014;2 380;2 380;2 380;2 380;16;38 080;1.03%
11/03/2014;2 356;2 356;2 356;2 356;43;101 292;-1.02%
12/03/2014;2 332;2 332;2 332;2 332;72;167 895;-1.01%
13/03/2014;2 259;2 259;2 259;2 259;64;144 600;-3.11%
14/03/2014;2 259;2 259;2 259;2 259;192;433 800;0.00%
17/03/2014;2 308;2 308;2 308;2 308;641;1 479 108;2.13%
18/03/2014;2 259;2 259;2 259;2 259;128;289 200;-2.09%
19/03/2014;2 264;2 264;2 264;2 264;9;20 379;0.22%
20/03/2014;2 264;2 264;2 264;2 264;16;36 230;0.00%
24/03/2014;2 308;2 308;2 308;2 308;872;2 012 140;1.90%
25/03/2014;2 356;2 356;2 356;2 356;2 800;6 597 500;2.11%
26/03/2014;2 433;2 433;2 433;2 433;155;377 038;3.24%
28/03/2014;2 452;2 452;2 452;2 452;1;2 452;0.80%
31/03/2014;2 563;2 563;2 563;2 563;84;215 250;4.51%
01/04/2014;2 741;2 741;2 741;2 741;201;550 866;6.95%
02/04/2014;2 803;2 803;2 803;2 803;80;224 250;2.28%
03/04/2014;2 813;2 813;2 813;2 813;17;47 813;0.33%
04/04/2014;2 884;2 884;2 884;2 884;38;109 606;2.56%
07/04/2014;2 884;2 884;2 884;2 884;52;149 988;0.00%
08/04/2014;2 884;2 884;2 884;2 884;86;248 056;0.00%
09/04/2014;3 029;3 029;3 029;3 029;304;920 740;5.01%
10/04/2014;3 029;3 029;3 029;3 029;32;96 920;0.00%
11/04/2014;3 029;3 029;3 029;3 029;1;3 029;0.00%
14/04/2014;3 029;3 029;3 029;3 029;137;415 024;0.02%
15/04/2014;3 029;3 029;3 029;3 029;12;36 353;0.00%
16/04/2014;3 029;3 029;3 029;3 029;43;130 263;0.00%
17/04/2014;3 034;3 034;3 034;3 034;12;36 405;0.14%
18/04/2014;3 029;3 029;3 029;3 029;57;172 639;-0.16%
22/04/2014;3 029;3 029;3 029;3 029;248;751 130;0.00%
23/04/2014;2 981;2 981;2 981;2 981;3;8 942;-1.59%
25/04/2014;3 029;3 029;3 029;3 029;24;72 690;1.61%
28/04/2014;2 981;2 981;2 981;2 981;14;41 729;-1.59%
29/04/2014;2 981;2 981;2 981;2 981;44;131 148;0.00%
30/04/2014;2 981;2 981;2 981;2 981;113;336 811;0.00%
05/05/2014;2 981;2 981;2 981;2 981;24;71 535;0.00%
06/05/2014;2 884;2 884;2 884;2 884;40;115 375;-3.23%
07/05/2014;2 813;2 813;2 813;2 813;3;8 438;-2.49%
08/05/2014;2 928;2 928;2 928;2 928;17;49 778;4.11%
13/05/2014;2 933;2 933;2 933;2 933;36;105 593;0.17%
15/05/2014;2 928;2 928;2 928;2 928;51;149 334;-0.17%
16/05/2014;2 933;2 933;2 933;2 933;76;222 870;0.15%
19/05/2014;2 933;2 933;2 933;2 933;33;96 773;0.00%
20/05/2014;2 884;2 884;2 884;2 884;57;164 409;-1.64%
21/05/2014;2 884;2 884;2 884;2 884;25;72 109;0.00%
22/05/2014;2 884;2 884;2 884;2 884;44;126 913;0.00%
23/05/2014;2 884;2 884;2 884;2 884;22;63 456;0.00%
26/05/2014;2 884;2 884;2 884;2 884;12;34 613;0.00%
27/05/2014;2 884;2 884;2 884;2 884;54;155 756;0.00%
28/05/2014;2 884;2 884;2 884;2 884;16;46 150;0.00%
02/06/2014;2 836;2 836;2 836;2 836;195;553 069;-1.67%
03/06/2014;2 836;2 836;2 836;2 836;164;465 145;0.00%
04/06/2014;2 837;2 837;2 837;2 837;4;11 348;0.02%
05/06/2014;2 837;2 837;2 837;2 837;16;45 390;0.00%
06/06/2014;2 933;2 933;2 933;2 933;144;422 280;3.37%
10/06/2014;2 981;2 981;2 981;2 981;65;193 741;1.64%
11/06/2014;2 981;2 981;2 981;2 981;33;98 361;0.00%
12/06/2014;2 884;2 884;2 884;2 884;94;271 131;-3.23%
13/06/2014;2 933;2 933;2 933;2 933;118;346 035;1.67%
16/06/2014;2 836;2 836;2 836;2 836;99;280 789;-3.28%
17/06/2014;2 837;2 837;2 837;2 837;38;107 801;0.02%
18/06/2014;2 836;2 836;2 836;2 836;73;207 046;-0.02%
20/06/2014;2 884;2 884;2 884;2 884;377;1 087 409;0.00%
24/06/2014;2 884;2 884;2 884;2 884;38;109 606;0.00%
26/06/2014;2 884;2 884;2 884;2 884;544;1 569 100;0.00%
27/06/2014;2 884;2 884;2 884;2 884;1;2 884;0.00%
30/06/2014;2 884;2 884;2 884;2 884;388;1 119 138;0.00%
01/07/2014;2 884;2 884;2 884;2 884;1 062;3 063 206;0.00%
02/07/2014;2 933;2 933;2 933;2 933;241;706 733;1.67%
03/07/2014;2 938;2 938;2 938;2 938;96;282 000;0.17%
04/07/2014;2 933;2 933;2 933;2 933;120;351 900;-0.17%
08/07/2014;2 933;2 933;2 933;2 933;49;143 693;0.00%
09/07/2014;2 933;2 933;2 933;2 933;49;143 693;0.00%
10/07/2014;2 933;2 933;2 933;2 933;216;633 420;0.00%
11/07/2014;2 957;2 957;2 957;2 957;11;32 526;0.83%
14/07/2014;2 933;2 933;2 933;2 933;203;595 298;-0.82%
15/07/2014;2 933;2 933;2 933;2 933;56;164 220;0.00%
16/07/2014;2 933;2 933;2 933;2 933;324;950 130;0.00%
18/07/2014;2 981;2 981;2 981;2 981;1 139;3 394 932;1.64%
21/07/2014;3 204;3 204;3 204;3 204;19;60 883;7.51%
23/07/2014;3 125;3 125;3 125;3 125;2 835;8 859 375;-2.48%
25/07/2014;3 269;3 269;3 269;3 269;350;1 144 281;4.62%
29/07/2014;3 269;3 269;3 269;3 269;28;91 543;0.00%
30/07/2014;3 125;3 125;3 125;3 125;1 748;5 462 500;-4.42%
31/07/2014;2 981;2 981;2 981;2 981;16;47 690;-4.62%
01/08/2014;2 981;2 981;2 981;2 981;3;8 942;0.00%
04/08/2014;2 982;2 982;2 982;2 982;41;122 257;0.04%
05/08/2014;2 981;2 981;2 981;2 981;176;524 590;-0.04%
06/08/2014;2 981;2 981;2 981;2 981;518;1 543 964;0.00%
07/08/2014;3 875;3 875;3 875;3 875;5 184;20 088 000;30.01%
08/08/2014;2 789;2 789;2 789;2 789;14;39 043;-28.03%
11/08/2014;2 789;2 789;2 789;2 789;235;655 356;0.00%
12/08/2014;2 981;2 981;2 981;2 981;104;309 985;6.88%
14/08/2014;2 981;2 981;2 981;2 981;41;122 206;0.00%
18/08/2014;2 981;2 981;2 981;2 981;80;238 450;0.00%
19/08/2014;2 981;2 981;2 981;2 981;12;35 768;0.00%
20/08/2014;2 981;2 981;2 981;2 981;3;8 942;0.00%
21/08/2014;2 981;2 981;2 981;2 981;265;789 866;0.00%
22/08/2014;3 029;3 029;3 029;3 029;54;163 553;1.61%
25/08/2014;3 029;3 029;3 029;3 029;22;66 633;0.00%
27/08/2014;3 029;3 029;3 029;3 029;3 105;9 406 209;0.02%
28/08/2014;3 029;3 029;3 029;3 029;5 078;15 379 993;-0.02%
29/08/2014;3 029;3 029;3 029;3 029;67;202 926;0.00%
01/09/2014;3 029;3 029;3 029;3 029;1 784;5 403 290;0.00%
02/09/2014;3 029;3 029;3 029;3 029;523;1 584 036;0.00%
03/09/2014;3 029;3 029;3 029;3 029;11;33 316;0.00%
04/09/2014;3 029;3 029;3 029;3 029;324;981 315;0.00%
05/09/2014;2 981;2 981;2 981;2 981;168;500 745;-1.59%
08/09/2014;3 029;3 029;3 029;3 029;12;36 345;1.61%
09/09/2014;3 005;3 005;3 005;3 005;16;48 080;-0.78%
10/09/2014;3 005;3 005;3 005;3 005;27;81 135;0.00%
11/09/2014;2 933;2 933;2 933;2 933;3 654;10 715 355;-2.41%
12/09/2014;2 981;2 981;2 981;2 981;8;23 845;1.64%
15/09/2014;2 981;2 981;2 981;2 981;24;71 535;0.00%
16/09/2014;3 005;3 005;3 005;3 005;6;18 030;0.82%
18/09/2014;3 005;3 005;3 005;3 005;1;3 005;0.00%
19/09/2014;3 005;3 005;3 005;3 005;193;579 965;0.00%
22/09/2014;3 005;3 005;3 005;3 005;4 913;14 763 565;0.00%
23/09/2014;3 005;3 005;3 005;3 005;483;1 451 415;0.00%
24/09/2014;3 005;3 005;3 005;3 005;232;697 160;0.00%
26/09/2014;3 029;3 029;3 029;3 029;4 800;14 538 000;0.79%
29/09/2014;3 029;3 029;3 029;3 029;886;2 683 473;0.00%
01/10/2014;3 125;3 125;3 125;3 125;160;500 000;3.18%
02/10/2014;3 005;3 005;3 005;3 005;16;48 080;-3.84%
03/10/2014;3 029;3 029;3 029;3 029;12;36 345;0.79%
06/10/2014;3 029;3 029;3 029;3 029;529;1 602 209;0.00%
07/10/2014;3 029;3 029;3 029;3 029;6;18 173;0.00%
08/10/2014;3 029;3 029;3 029;3 029;345;1 044 919;0.00%
09/10/2014;3 029;3 029;3 029;3 029;24;72 690;0.00%
10/10/2014;3 029;3 029;3 029;3 029;80;242 300;0.00%
13/10/2014;3 008;3 008;3 008;3 008;1 401;4 213 508;-0.70%
14/10/2014;3 005;3 005;3 005;3 005;121;363 605;-0.08%
15/10/2014;3 005;3 005;3 005;3 005;923;2 773 615;0.00%
16/10/2014;2 981;2 981;2 981;2 981;17;50 671;-0.81%
17/10/2014;3 005;3 005;3 005;3 005;38;114 190;0.82%
20/10/2014;2 981;2 981;2 981;2 981;584;1 740 685;-0.81%
21/10/2014;2 981;2 981;2 981;2 981;8;23 845;0.00%
22/10/2014;3 005;3 005;3 005;3 005;64;192 320;0.82%
23/10/2014;2 981;2 981;2 981;2 981;36;107 303;-0.81%
24/10/2014;2 981;2 981;2 981;2 981;2 454;7 314 454;0.00%
27/10/2014;2 981;2 981;2 981;2 981;1;2 981;0.00%
28/10/2014;2 981;2 981;2 981;2 981;80;238 450;0.00%
29/10/2014;2 933;2 933;2 933;2 933;43;126 098;-1.61%
30/10/2014;2 981;2 981;2 981;2 981;1;2 981;1.64%
03/11/2014;2 933;2 933;2 933;2 933;7 772;22 796 248;-1.59%
04/11/2014;2 884;2 884;2 884;2 884;115;331 703;-1.66%
05/11/2014;2 884;2 884;2 884;2 884;115;331 703;0.00%
06/11/2014;2 884;2 884;2 884;2 884;14;40 381;0.00%
07/11/2014;2 884;2 884;2 884;2 884;270;778 781;0.00%
11/11/2014;3 005;3 005;3 005;3 005;249;748 245;4.18%
12/11/2014;2 933;2 933;2 933;2 933;52;152 490;-2.41%
13/11/2014;2 981;2 981;2 981;2 981;486;1 448 584;1.64%
14/11/2014;2 981;2 981;2 981;2 981;995;2 965 722;0.00%
17/11/2014;2 981;2 981;2 981;2 981;51;152 012;0.00%
18/11/2014;2 981;2 981;2 981;2 981;900;2 682 563;0.00%
19/11/2014;2 981;2 981;2 981;2 981;62;184 799;0.00%
20/11/2014;2 981;2 981;2 981;2 981;25;74 516;0.00%
21/11/2014;2 933;2 933;2 933;2 933;2 105;6 174 228;-1.59%
24/11/2014;2 957;2 957;2 957;2 957;75;221 766;0.81%
25/11/2014;2 993;2 993;2 993;2 993;104;311 220;1.20%
26/11/2014;2 939;2 939;2 939;2 939;25;73 469;-1.80%
27/11/2014;2 957;2 957;2 957;2 957;281;830 882;0.62%
01/12/2014;2 981;2 981;2 981;2 981;27;80 477;0.80%
02/12/2014;2 981;2 981;2 981;2 981;1;2 981;0.00%
03/12/2014;2 981;2 981;2 981;2 981;30;89 419;0.00%
04/12/2014;2 981;2 981;2 981;2 981;112;333 830;0.00%
08/12/2014;3 005;3 005;3 005;3 005;48;144 240;0.82%
09/12/2014;3 005;3 005;3 005;3 005;627;1 884 135;0.00%
10/12/2014;3 005;3 005;3 005;3 005;315;946 575;0.00%
11/12/2014;3 005;3 005;3 005;3 005;24;72 120;0.00%
12/12/2014;2 993;2 993;2 993;2 993;224;670 320;-0.42%
15/12/2014;3 125;3 125;3 125;3 125;105;328 125;4.43%
17/12/2014;3 611;3 611;3 611;3 611;153;552 426;7.48%
18/12/2014;3 879;3 879;3 879;3 879;296;1 148 295;7.44%
23/12/2014;3 943;3 943;3 943;3 943;628;2 475 890;1.63%
24/12/2014;4 086;4 086;4 086;4 086;280;1 144 150;3.65%
25/12/2014;5 312;5 312;5 312;5 312;2 800;14 874 125;30.00%
29/12/2014;4 086;4 086;4 086;4 086;44;179 795;-23.08%
30/12/2014;4 086;4 086;4 086;4 086;323;1 319 859;0.00%
31/12/2014;4 183;4 183;4 183;4 183;524;2 191 630;2.36%
08/01/2015;4 086;4 086;4 086;4 086;217;886 716;-2.30%
09/01/2015;3 846;3 846;3 846;3 846;8;30 770;-5.87%
12/01/2015;4 039;4 039;4 039;4 039;110;444 263;5.00%
13/01/2015;4 038;4 038;4 038;4 038;38;153 449;-0.02%
14/01/2015;4 086;4 086;4 086;4 086;80;326 900;1.19%
15/01/2015;3 846;3 846;3 846;3 846;14;53 848;-5.87%
16/01/2015;3 846;3 846;3 846;3 846;11;42 309;0.00%
19/01/2015;3 846;3 846;3 846;3 846;320;1 230 800;0.00%
21/01/2015;3 991;3 991;3 991;3 991;304;1 213 150;3.75%
23/01/2015;3 995;3 995;3 995;3 995;28;111 860;0.11%
26/01/2015;3 995;3 995;3 995;3 995;24;95 880;0.00%
27/01/2015;4 086;4 086;4 086;4 086;43;175 709;2.28%
28/01/2015;4 183;4 183;4 183;4 183;208;869 960;2.36%
29/01/2015;4 134;4 134;4 134;4 134;6 238;25 790 231;-1.15%
30/01/2015;4 444;4 444;4 444;4 444;688;3 057 730;7.50%
02/02/2015;4 423;4 423;4 423;4 423;180;796 163;-0.48%
03/02/2015;4 322;4 322;4 322;4 322;8 580;37 081 688;-2.29%
04/02/2015;4 279;4 279;4 279;4 279;104;444 990;-1.00%
05/02/2015;4 279;4 279;4 279;4 279;32;136 920;0.00%
06/02/2015;4 279;4 279;4 279;4 279;1;4 279;0.00%
09/02/2015;5 563;5 563;5 563;5 563;16;89 000;30.00%
10/02/2015;4 086;4 086;4 086;4 086;179;731 439;-26.54%
11/02/2015;4 091;4 091;4 091;4 091;174;711 878;0.12%
12/02/2015;4 091;4 091;4 091;4 091;11;45 004;0.00%
16/02/2015;4 039;4 039;4 039;4 039;328;1 324 710;-1.28%
18/02/2015;4 039;4 039;4 039;4 039;12;48 465;0.00%
20/02/2015;4 039;4 039;4 039;4 039;4;16 155;0.00%
24/02/2015;3 991;3 991;3 991;3 991;19;75 822;-1.19%
25/02/2015;3 966;3 966;3 966;3 966;456;1 808 610;-0.61%
27/02/2015;3 846;3 846;3 846;3 846;625;2 403 906;-3.03%
02/03/2015;3 846;3 846;3 846;3 846;19;73 079;0.00%
04/03/2015;3 846;3 846;3 846;3 846;48;184 620;0.00%
05/03/2015;3 870;3 870;3 870;3 870;51;197 370;0.62%
06/03/2015;3 851;3 851;3 851;3 851;496;1 910 220;-0.48%
09/03/2015;3 856;3 856;3 856;3 856;64;246 800;0.13%
10/03/2015;3 918;3 918;3 918;3 918;22;86 199;1.60%
11/03/2015;3 921;3 921;3 921;3 921;22;86 254;0.06%
12/03/2015;3 943;3 943;3 943;3 943;22;86 735;0.56%
13/03/2015;3 918;3 918;3 918;3 918;508;1 990 408;-0.62%
18/03/2015;4 213;4 213;4 213;4 213;16;67 400;7.50%
19/03/2015;3 918;3 918;3 918;3 918;3 198;12 530 164;-6.99%
20/03/2015;3 918;3 918;3 918;3 918;836;3 275 553;0.00%
23/03/2015;3 894;3 894;3 894;3 894;4 451;17 333 863;-0.61%
24/03/2015;3 909;3 909;3 909;3 909;41;160 259;0.37%
25/03/2015;3 822;3 822;3 822;3 822;3 099;11 843 991;-2.22%
26/03/2015;3 822;3 822;3 822;3 822;260;993 688;0.00%
30/03/2015;3 918;3 918;3 918;3 918;955;3 741 809;2.52%
31/03/2015;3 894;3 894;3 894;3 894;40;155 775;-0.61%
01/04/2015;3 918;3 918;3 918;3 918;219;858 069;0.61%
02/04/2015;3 846;3 846;3 846;3 846;4;15 385;-1.83%
07/04/2015;3 846;3 846;3 846;3 846;124;476 935;0.00%
08/04/2015;3 846;3 846;3 846;3 846;54;207 698;0.00%
09/04/2015;3 846;3 846;3 846;3 846;80;307 700;0.00%
10/04/2015;3 870;3 870;3 870;3 870;2 400;9 288 000;0.62%
13/04/2015;3 894;3 894;3 894;3 894;80;311 550;0.63%
14/04/2015;3 894;3 894;3 894;3 894;1 385;5 393 709;0.00%
15/04/2015;3 918;3 918;3 918;3 918;24 028;94 144 708;0.61%
16/04/2015;3 991;3 991;3 991;3 991;6 403;25 551 972;1.85%
23/04/2015;3 991;3 991;3 991;3 991;8;31 925;0.00%
24/04/2015;3 991;3 991;3 991;3 991;20;79 813;0.00%
27/04/2015;3 991;3 991;3 991;3 991;91;363 147;0.00%
29/04/2015;3 991;3 991;3 991;3 991;385;1 536 391;0.00%
05/05/2015;3 894;3 894;3 894;3 894;4;15 578;-2.41%
08/05/2015;3 822;3 822;3 822;3 822;163;622 966;-1.86%
12/05/2015;3 822;3 822;3 822;3 822;1;3 822;0.00%
19/05/2015;3 608;3 608;3 608;3 608;113;407 648;-5.61%
20/05/2015;3 654;3 654;3 654;3 654;3;10 961;1.28%
21/05/2015;3 654;3 654;3 654;3 654;1 307;4 775 451;0.00%
22/05/2015;3 654;3 654;3 654;3 654;11;40 198;0.02%
25/05/2015;4 750;4 750;4 750;4 750;112;532 035;29.99%
26/05/2015;3 702;3 702;3 702;3 702;22;81 441;-22.07%
27/05/2015;3 822;3 822;3 822;3 822;41;156 697;3.24%
28/05/2015;3 774;3 774;3 774;3 774;59;222 651;-1.26%
29/05/2015;3 726;3 726;3 726;3 726;32;119 240;-1.26%
01/06/2015;3 822;3 822;3 822;3 822;848;3 240 950;2.57%
02/06/2015;3 774;3 774;3 774;3 774;8;30 190;-1.26%
03/06/2015;3 774;3 774;3 774;3 774;779;2 939 751;0.00%
04/06/2015;3 707;3 707;3 707;3 707;1 120;4 151 700;-1.77%
05/06/2015;3 707;3 707;3 707;3 707;64;237 240;0.00%
08/06/2015;3 702;3 702;3 702;3 702;1 411;5 223 346;-0.13%
09/06/2015;3 726;3 726;3 726;3 726;110;409 888;0.66%
10/06/2015;3 707;3 707;3 707;3 707;56;207 585;-0.52%
11/06/2015;3 707;3 707;3 707;3 707;419;1 553 181;0.00%
17/06/2015;3 707;3 707;3 707;3 707;433;1 605 077;-1.15%
18/06/2015;3 711;3 711;3 711;3 711;11;40 824;0.12%
19/06/2015;3 702;3 702;3 702;3 702;3 216;11 905 230;-0.25%
22/06/2015;3 846;3 846;3 846;3 846;65;250 006;3.90%
23/06/2015;3 846;3 846;3 846;3 846;160;615 300;-0.02%
25/06/2015;3 798;3 798;3 798;3 798;14;53 174;-1.24%
26/06/2015;3 784;3 784;3 784;3 784;19;71 891;-0.38%
29/06/2015;3 784;3 784;3 784;3 784;43;162 701;0.00%
30/06/2015;3 798;3 798;3 798;3 798;22;83 559;0.38%
01/07/2015;3 798;3 798;3 798;3 798;145;550 728;0.00%
02/07/2015;3 798;3 798;3 798;3 798;572;2 172 528;0.00%
03/07/2015;3 726;3 726;3 726;3 726;177;659 546;-1.89%
06/07/2015;3 703;3 703;3 703;3 703;113;418 383;-0.64%
07/07/2015;3 750;3 750;3 750;3 750;75;281 250;1.28%
10/07/2015;3 751;3 751;3 751;3 751;11;41 257;0.02%
13/07/2015;3 846;3 846;3 846;3 846;68;261 545;2.55%
14/07/2015;5 000;5 000;5 000;5 000;688;3 440 000;30.00%
15/07/2015;3 798;3 798;3 798;3 798;94;357 024;-24.04%
16/07/2015;3 750;3 750;3 750;3 750;4;15 000;-1.27%
17/07/2015;4 875;4 875;4 875;4 875;48;234 000;30.00%
20/07/2015;3 759;3 759;3 759;3 759;24;90 225;-22.88%
21/07/2015;3 774;3 774;3 774;3 774;6;22 643;0.38%
22/07/2015;3 822;3 822;3 822;3 822;1 280;4 892 000;1.28%
23/07/2015;3 798;3 798;3 798;3 798;180;683 663;-0.62%
24/07/2015;3 774;3 774;3 774;3 774;161;607 574;-0.64%
27/07/2015;3 803;3 803;3 803;3 803;16;60 850;0.78%
29/07/2015;3 727;3 727;3 727;3 727;2 844;10 599 233;-2.00%
30/07/2015;3 727;3 727;3 727;3 727;3;11 181;0.00%
31/07/2015;3 798;3 798;3 798;3 798;52;197 503;1.91%
03/08/2015;3 798;3 798;3 798;3 798;36;136 733;0.00%
04/08/2015;3 827;3 827;3 827;3 827;48;183 690;0.76%
05/08/2015;3 827;3 827;3 827;3 827;296;1 132 755;0.00%
06/08/2015;3 827;3 827;3 827;3 827;184;704 145;0.00%
07/08/2015;4 975;4 975;4 975;4 975;1 840;9 154 000;30.00%
10/08/2015;3 798;3 798;3 798;3 798;88;334 235;-23.66%
11/08/2015;3 822;3 822;3 822;3 822;24;91 725;0.63%
12/08/2015;3 827;3 827;3 827;3 827;336;1 285 830;0.13%
13/08/2015;3 846;3 846;3 846;3 846;132;507 705;0.51%
14/08/2015;3 846;3 846;3 846;3 846;57;219 236;0.00%
17/08/2015;3 846;3 846;3 846;3 846;144;553 860;0.00%
18/08/2015;3 827;3 827;3 827;3 827;36;137 768;-0.50%
19/08/2015;3 799;3 799;3 799;3 799;16;60 780;-0.73%
20/08/2015;3 823;3 823;3 823;3 823;72;275 220;0.63%
21/08/2015;3 829;3 829;3 829;3 829;100;382 938;0.18%
24/08/2015;3 846;3 846;3 846;3 846;368;1 415 420;0.44%
25/08/2015;3 828;3 828;3 828;3 828;11;42 103;-0.49%
26/08/2015;3 846;3 846;3 846;3 846;572;2 200 055;0.49%
27/08/2015;3 846;3 846;3 846;3 846;112;430 780;0.00%
28/08/2015;3 873;3 873;3 873;3 873;11;42 598;0.68%
31/08/2015;3 894;3 894;3 894;3 894;6;23 366;0.56%
01/09/2015;3 894;3 894;3 894;3 894;11;42 838;0.00%
02/09/2015;3 966;3 966;3 966;3 966;56;222 110;1.85%
03/09/2015;3 991;3 991;3 991;3 991;48;191 550;0.61%
04/09/2015;3 967;3 967;3 967;3 967;86;341 151;-0.60%
07/09/2015;3 991;3 991;3 991;3 991;16;63 850;0.60%
08/09/2015;3 974;3 974;3 974;3 974;342;1 359 023;-0.42%
09/09/2015;3 991;3 991;3 991;3 991;40;159 625;0.42%
10/09/2015;4 000;4 000;4 000;4 000;19;76 000;0.23%
11/09/2015;4 014;4 014;4 014;4 014;30;120 431;0.36%
15/09/2015;4 039;4 039;4 039;4 039;19;76 736;0.61%
17/09/2015;4 086;4 086;4 086;4 086;62;253 348;1.18%
18/09/2015;4 134;4 134;4 134;4 134;80;330 750;1.18%
21/09/2015;4 039;4 039;4 039;4 039;156;630 045;-2.31%
22/09/2015;4 039;4 039;4 039;4 039;84;339 255;0.00%
23/09/2015;4 039;4 039;4 039;4 039;155;626 006;0.00%
24/09/2015;5 250;5 250;5 250;5 250;1 552;8 148 000;29.99%
25/09/2015;4 082;4 082;4 082;4 082;6;24 491;-22.25%
28/09/2015;4 039;4 039;4 039;4 039;19;76 736;-1.06%
29/09/2015;4 086;4 086;4 086;4 086;345;1 409 756;1.18%
30/09/2015;4 087;4 087;4 087;4 087;91;371 906;0.02%
01/10/2015;4 086;4 086;4 086;4 086;200;817 250;-0.02%
02/10/2015;4 087;4 087;4 087;4 087;102;416 861;0.02%
05/10/2015;4 086;4 086;4 086;4 086;326;1 332 118;-0.02%
06/10/2015;4 044;4 044;4 044;4 044;784;3 170 300;-1.04%
08/10/2015;4 014;4 014;4 014;4 014;1 985;7 968 534;-0.73%
09/10/2015;3 991;3 991;3 991;3 991;915;3 651 422;-0.59%
13/10/2015;3 995;3 995;3 995;3 995;4;15 980;0.11%
14/10/2015;4 086;4 086;4 086;4 086;1 006;4 110 768;2.28%
15/10/2015;4 134;4 134;4 134;4 134;139;574 678;1.18%
16/10/2015;4 134;4 134;4 134;4 134;4;16 538;0.00%
19/10/2015;4 135;4 135;4 135;4 135;1;4 135;0.02%
20/10/2015;4 135;4 135;4 135;4 135;96;396 960;0.00%
21/10/2015;4 135;4 135;4 135;4 135;14;57 890;0.00%
22/10/2015;4 140;4 140;4 140;4 140;105;434 700;0.12%
23/10/2015;4 140;4 140;4 140;4 140;20;82 800;0.00%
26/10/2015;4 135;4 135;4 135;4 135;417;1 724 295;-0.12%
27/10/2015;4 135;4 135;4 135;4 135;48;198 480;0.00%
28/10/2015;4 135;4 135;4 135;4 135;16;66 160;0.00%
03/11/2015;4 183;4 183;4 183;4 183;3;12 548;1.15%
04/11/2015;4 183;4 183;4 183;4 183;249;1 041 443;0.00%
05/11/2015;4 039;4 039;4 039;4 039;1 347;5 440 196;-3.44%
06/11/2015;4 086;4 086;4 086;4 086;19;77 639;1.18%
09/11/2015;4 039;4 039;4 039;4 039;297;1 199 509;-1.16%
10/11/2015;4 043;4 043;4 043;4 043;24;97 035;0.11%
12/11/2015;4 039;4 039;4 039;4 039;840;3 392 550;-0.11%
13/11/2015;4 044;4 044;4 044;4 044;54;218 363;0.12%
16/11/2015;4 039;4 039;4 039;4 039;68;274 635;-0.12%
17/11/2015;4 029;4 029;4 029;4 029;27;108 776;-0.25%
18/11/2015;3 943;3 943;3 943;3 943;80;315 400;-2.14%
19/11/2015;3 943;3 943;3 943;3 943;51;201 068;0.00%
20/11/2015;3 918;3 918;3 918;3 918;12;47 018;-0.62%
23/11/2015;3 870;3 870;3 870;3 870;54;208 980;-1.23%
24/11/2015;3 870;3 870;3 870;3 870;238;921 060;0.00%
25/11/2015;3 846;3 846;3 846;3 846;38;146 158;-0.61%
26/11/2015;3 870;3 870;3 870;3 870;580;2 244 600;0.62%
27/11/2015;3 846;3 846;3 846;3 846;192;738 480;-0.61%
30/11/2015;3 798;3 798;3 798;3 798;30;113 944;-1.25%
01/12/2015;3 798;3 798;3 798;3 798;340;1 291 363;0.00%
02/12/2015;3 798;3 798;3 798;3 798;33;125 338;0.00%
03/12/2015;3 798;3 798;3 798;3 798;1;3 798;0.00%
04/12/2015;3 774;3 774;3 774;3 774;1 606;6 061 646;-0.63%
07/12/2015;3 774;3 774;3 774;3 774;17;64 154;-0.02%
08/12/2015;3 796;3 796;3 796;3 796;24;91 095;0.58%
09/12/2015;3 762;3 762;3 762;3 762;35;131 666;-0.89%
14/12/2015;3 798;3 798;3 798;3 798;128;486 160;0.83%
17/12/2015;3 798;3 798;3 798;3 798;616;2 339 645;0.00%
18/12/2015;3 798;3 798;3 798;3 798;1 273;4 835 013;0.00%
21/12/2015;3 798;3 798;3 798;3 798;16;60 770;0.00%
22/12/2015;3 822;3 822;3 822;3 822;1 347;5 148 066;0.63%
23/12/2015;3 822;3 822;3 822;3 822;19;72 616;0.00%
24/12/2015;4 969;4 969;4 969;4 969;192;954 000;30.01%
25/12/2015;4 969;4 969;4 969;4 969;192;954 000;0.00%
28/12/2015;3 846;3 846;3 846;3 846;38;146 158;-22.59%
29/12/2015;4 134;4 134;4 134;4 134;20;82 688;7.49%
31/12/2015;4 086;4 086;4 086;4 086;1;4 086;-1.16%
05/01/2016;3 798;3 798;3 798;3 798;225;854 578;-7.05%
06/01/2016;3 803;3 803;3 803;3 803;20;76 063;0.13%
07/01/2016;3 803;3 803;3 803;3 803;3;11 409;0.00%
08/01/2016;3 846;3 846;3 846;3 846;147;565 399;1.13%
11/01/2016;3 847;3 847;3 847;3 847;11;42 316;0.02%
12/01/2016;4 086;4 086;4 086;4 086;14;57 208;6.22%
13/01/2016;3 991;3 991;3 991;3 991;40;159 625;-2.34%
14/01/2016;4 063;4 063;4 063;4 063;673;2 734 063;1.80%
18/01/2016;4 134;4 134;4 134;4 134;32;132 300;1.77%
19/01/2016;4 134;4 134;4 134;4 134;211;872 353;0.00%
20/01/2016;4 086;4 086;4 086;4 086;57;232 916;-1.16%
21/01/2016;4 086;4 086;4 086;4 086;46;187 968;0.00%
22/01/2016;4 142;4 142;4 142;4 142;320;1 325 400;1.36%
25/01/2016;4 144;4 144;4 144;4 144;40;165 775;0.06%
26/01/2016;4 147;4 147;4 147;4 147;219;908 166;0.06%
27/01/2016;4 161;4 161;4 161;4 161;3 254;13 540 708;0.35%
28/01/2016;4 327;4 327;4 327;4 327;411;1 778 346;3.98%
29/01/2016;4 375;4 375;4 375;4 375;43;188 125;1.11%
01/02/2016;4 336;4 336;4 336;4 336;3 356;14 552 455;-0.89%
02/02/2016;4 375;4 375;4 375;4 375;168;735 000;0.89%
03/02/2016;4 375;4 375;4 375;4 375;163;713 125;0.00%
04/02/2016;4 380;4 380;4 380;4 380;148;648 240;0.11%
05/02/2016;4 381;4 381;4 381;4 381;1 283;5 621 144;0.03%
08/02/2016;4 399;4 399;4 399;4 399;1 105;4 860 619;0.40%
09/02/2016;4 404;4 404;4 404;4 404;3;13 211;0.11%
10/02/2016;4 339;4 339;4 339;4 339;392;1 701 035;-1.46%
11/02/2016;4 375;4 375;4 375;4 375;16;70 000;0.82%
12/02/2016;4 384;4 384;4 384;4 384;20;87 688;0.21%
15/02/2016;4 375;4 375;4 375;4 375;326;1 426 250;-0.21%
16/02/2016;4 380;4 380;4 380;4 380;172;753 360;0.11%
17/02/2016;4 424;4 424;4 424;4 424;1;4 424;1.00%
18/02/2016;4 568;4 568;4 568;4 568;6;27 405;3.25%
19/02/2016;4 616;4 616;4 616;4 616;70;323 094;1.05%
22/02/2016;4 616;4 616;4 616;4 616;924;4 264 838;0.00%
23/02/2016;4 616;4 616;4 616;4 616;1 003;4 629 472;0.00%
24/02/2016;4 625;4 625;4 625;4 625;9;41 625;0.20%
25/02/2016;4 625;4 625;4 625;4 625;4;18 500;0.00%
26/02/2016;4 626;4 626;4 626;4 626;8;37 005;0.01%
29/02/2016;4 639;4 639;4 639;4 639;32;148 460;0.30%
01/03/2016;4 649;4 649;4 649;4 649;1;4 649;0.20%
02/03/2016;4 664;4 664;4 664;4 664;145;676 244;0.32%
03/03/2016;4 711;4 711;4 711;4 711;54;254 408;1.02%
04/03/2016;4 760;4 760;4 760;4 760;20;95 200;1.03%
07/03/2016;5 117;5 117;5 117;5 117;105;537 272;7.50%
08/03/2016;5 501;5 501;5 501;5 501;571;3 140 857;7.50%
09/03/2016;5 913;5 913;5 913;5 913;96;567 660;7.50%
11/03/2016;6 250;6 250;6 250;6 250;1 051;6 568 750;0.00%
14/03/2016;5 793;5 793;5 793;5 793;80;463 450;-7.31%
15/03/2016;5 359;5 359;5 359;5 359;35;187 556;-7.50%
16/03/2016;5 096;5 096;5 096;5 096;163;830 689;-4.90%
17/03/2016;4 808;4 808;4 808;4 808;60;288 450;-5.67%
18/03/2016;4 952;4 952;4 952;4 952;6;29 711;3.00%
21/03/2016;5 106;5 106;5 106;5 106;2 339;11 942 057;3.10%
22/03/2016;5 130;5 130;5 130;5 130;769;3 944 970;0.48%
23/03/2016;5 144;5 144;5 144;5 144;1 152;5 926 320;0.28%
24/03/2016;5 279;5 279;5 279;5 279;1 395;7 363 856;2.61%
25/03/2016;5 241;5 241;5 241;5 241;25;131 016;-0.72%
28/03/2016;6 813;6 813;6 813;6 813;256;1 744 000;29.99%
29/03/2016;5 625;5 625;5 625;5 625;228;1 282 500;-17.43%
30/03/2016;5 625;5 625;5 625;5 625;2 678;15 063 750;0.00%
31/03/2016;5 502;5 502;5 502;5 502;1 616;8 891 030;-2.19%
01/04/2016;5 514;5 514;5 514;5 514;2 121;11 695 989;0.23%
04/04/2016;5 505;5 505;5 505;5 505;868;4 778 340;-0.17%
05/04/2016;5 384;5 384;5 384;5 384;6 113;32 914 684;-2.19%
06/04/2016;5 384;5 384;5 384;5 384;73;393 059;0.00%
07/04/2016;5 289;5 289;5 289;5 289;3 123;16 516 766;-1.78%
08/04/2016;5 289;5 289;5 289;5 289;83;438 966;0.00%
11/04/2016;5 048;5 048;5 048;5 048;65;328 128;-4.55%
12/04/2016;5 048;5 048;5 048;5 048;67;338 224;0.00%
13/04/2016;5 313;5 313;5 313;5 313;19;100 938;5.24%
14/04/2016;5 313;5 313;5 313;5 313;4;21 250;0.00%
15/04/2016;5 313;5 313;5 313;5 313;1 188;6 311 250;0.00%
18/04/2016;5 313;5 313;5 313;5 313;571;3 033 438;0.00%
19/04/2016;5 193;5 193;5 193;5 193;524;2 720 870;-2.26%
20/04/2016;5 193;5 193;5 193;5 193;449;2 331 433;0.00%
21/04/2016;5 202;5 202;5 202;5 202;281;1 461 727;0.18%
22/04/2016;5 313;5 313;5 313;5 313;182;966 875;2.13%
25/04/2016;5 313;5 313;5 313;5 313;521;2 767 813;0.00%
26/04/2016;5 313;5 313;5 313;5 313;467;2 480 938;0.00%
27/04/2016;5 193;5 193;5 193;5 193;20;103 850;-2.26%
28/04/2016;5 241;5 241;5 241;5 241;3;15 722;0.93%
29/04/2016;5 241;5 241;5 241;5 241;32;167 700;0.00%
02/05/2016;6 813;6 813;6 813;6 813;320;2 180 100;30.00%
03/05/2016;5 289;5 289;5 289;5 289;368;1 946 260;-22.37%
04/05/2016;5 154;5 154;5 154;5 154;1 233;6 354 574;-2.55%
05/05/2016;6 700;6 700;6 700;6 700;12 336;82 651 200;30.00%
06/05/2016;5 193;5 193;5 193;5 193;24;124 620;-22.50%
09/05/2016;5 241;5 241;5 241;5 241;225;1 179 141;0.93%
10/05/2016;5 289;5 289;5 289;5 289;91;481 276;0.92%
11/05/2016;5 241;5 241;5 241;5 241;16;83 850;-0.91%
12/05/2016;5 241;5 241;5 241;5 241;134;702 244;0.00%
13/05/2016;5 241;5 241;5 241;5 241;4;20 963;0.00%
16/05/2016;6 813;6 813;6 813;6 813;48;327 000;29.99%
17/05/2016;5 336;5 336;5 336;5 336;208;1 109 940;-21.67%
18/05/2016;5 289;5 289;5 289;5 289;305;1 613 069;-0.89%
19/05/2016;5 361;5 361;5 361;5 361;113;605 751;1.36%
20/05/2016;5 384;5 384;5 384;5 384;44;236 913;0.44%
23/05/2016;5 361;5 361;5 361;5 361;8;42 885;-0.44%
24/05/2016;5 384;5 384;5 384;5 384;222;1 195 331;0.44%
25/05/2016;5 384;5 384;5 384;5 384;312;1 679 925;0.00%
26/05/2016;5 529;5 529;5 529;5 529;1 464;8 094 090;2.68%
27/05/2016;5 481;5 481;5 481;5 481;14;76 729;-0.87%
30/05/2016;5 289;5 289;5 289;5 289;443;2 342 916;-3.50%
31/05/2016;5 241;5 241;5 241;5 241;56;293 475;-0.91%
01/06/2016;5 384;5 384;5 384;5 384;451;2 428 353;2.74%
02/06/2016;5 481;5 481;5 481;5 481;59;323 357;1.79%
03/06/2016;5 048;5 048;5 048;5 048;32;161 540;-7.89%
06/06/2016;4 808;4 808;4 808;4 808;89;427 923;-4.75%
07/06/2016;4 568;4 568;4 568;4 568;54;246 645;-5.00%
09/06/2016;4 808;4 808;4 808;4 808;148;711 510;0.00%
10/06/2016;4 808;4 808;4 808;4 808;24;115 380;0.00%
14/06/2016;5 049;5 049;5 049;5 049;134;676 533;5.02%
15/06/2016;5 049;5 049;5 049;5 049;56;282 765;0.01%
16/06/2016;5 053;5 053;5 053;5 053;278;1 404 769;0.07%
17/06/2016;5 096;5 096;5 096;5 096;435;2 216 869;0.85%
20/06/2016;5 049;5 049;5 049;5 049;92;464 485;-0.93%
21/06/2016;5 048;5 048;5 048;5 048;164;827 893;-0.01%
22/06/2016;5 048;5 048;5 048;5 048;81;408 898;0.00%
23/06/2016;5 049;5 049;5 049;5 049;16;80 780;0.01%
24/06/2016;5 049;5 049;5 049;5 049;192;969 360;0.00%
27/06/2016;5 072;5 072;5 072;5 072;227;1 151 316;0.46%
28/06/2016;5 072;5 072;5 072;5 072;8;40 575;0.00%
29/06/2016;5 049;5 049;5 049;5 049;289;1 459 089;-0.46%
30/06/2016;5 049;5 049;5 049;5 049;126;636 143;0.00%
01/07/2016;5 000;5 000;5 000;5 000;57;285 000;-0.97%
04/07/2016;4 904;4 904;4 904;4 904;112;549 220;-1.93%
05/07/2016;4 952;4 952;4 952;4 952;17;84 182;0.98%
06/07/2016;6 438;6 438;6 438;6 438;176;1 133 000;30.00%
07/07/2016;4 904;4 904;4 904;4 904;404;1 981 115;-23.83%
08/07/2016;4 808;4 808;4 808;4 808;22;105 765;-1.96%
11/07/2016;4 711;4 711;4 711;4 711;52;244 953;-2.02%
12/07/2016;4 711;4 711;4 711;4 711;30;141 319;0.00%
13/07/2016;4 616;4 616;4 616;4 616;16;73 850;-2.02%
14/07/2016;4 327;4 327;4 327;4 327;142;614 416;-6.26%
15/07/2016;4 327;4 327;4 327;4 327;9;38 942;0.00%
19/07/2016;4 327;4 327;4 327;4 327;52;224 998;0.00%
20/07/2016;4 423;4 423;4 423;4 423;48;212 310;2.22%
21/07/2016;4 423;4 423;4 423;4 423;41;181 348;0.00%
22/07/2016;4 423;4 423;4 423;4 423;27;119 424;0.00%
25/07/2016;4 332;4 332;4 332;4 332;38;164 611;-2.06%
26/07/2016;4 423;4 423;4 423;4 423;11;48 654;2.11%
28/07/2016;4 423;4 423;4 423;4 423;52;230 003;0.00%
29/07/2016;4 423;4 423;4 423;4 423;182;805 009;0.00%
02/08/2016;4 423;4 423;4 423;4 423;36;159 233;0.00%
03/08/2016;4 448;4 448;4 448;4 448;20;88 950;0.55%
04/08/2016;4 781;4 781;4 781;4 781;3;14 342;7.49%
05/08/2016;4 450;4 450;4 450;4 450;24;106 800;-6.92%
08/08/2016;5 785;5 785;5 785;5 785;240;1 388 400;30.00%
09/08/2016;4 450;4 450;4 450;4 450;288;1 281 600;-23.08%
10/08/2016;4 451;4 451;4 451;4 451;75;333 797;0.01%
11/08/2016;4 471;4 471;4 471;4 471;4;17 885;0.46%
12/08/2016;4 519;4 519;4 519;4 519;4;18 078;1.08%
15/08/2016;5 875;5 875;5 875;5 875;48;282 000;30.00%
16/08/2016;4 519;4 519;4 519;4 519;12;54 233;-23.07%
17/08/2016;4 519;4 519;4 519;4 519;67;302 798;0.00%
18/08/2016;4 519;4 519;4 519;4 519;220;994 263;0.00%
19/08/2016;4 519;4 519;4 519;4 519;92;415 783;0.00%
22/08/2016;4 519;4 519;4 519;4 519;56;253 085;0.00%
23/08/2016;4 476;4 476;4 476;4 476;4;17 905;-0.95%
24/08/2016;4 519;4 519;4 519;4 519;203;917 433;0.96%
25/08/2016;4 519;4 519;4 519;4 519;150;677 906;0.00%
26/08/2016;4 519;4 519;4 519;4 519;156;705 023;0.00%
29/08/2016;4 519;4 519;4 519;4 519;92;415 783;0.00%
30/08/2016;4 568;4 568;4 568;4 568;24;109 620;1.06%
31/08/2016;4 568;4 568;4 568;4 568;44;200 970;0.00%
01/09/2016;4 568;4 568;4 568;4 568;91;415 643;0.00%
02/09/2016;4 568;4 568;4 568;4 568;49;223 808;0.00%
05/09/2016;4 568;4 568;4 568;4 568;25;114 203;0.01%
07/09/2016;4 495;4 495;4 495;4 495;435;1 955 325;-1.59%
08/09/2016;4 568;4 568;4 568;4 568;286;1 306 305;1.61%
09/09/2016;4 568;4 568;4 568;4 568;89;406 508;0.00%
12/09/2016;5 938;5 938;5 938;5 938;896;5 320 560;30.01%
13/09/2016;4 711;4 711;4 711;4 711;987;4 650 004;-20.66%
14/09/2016;4 711;4 711;4 711;4 711;272;1 281 460;0.00%
15/09/2016;5 065;5 065;5 065;5 065;475;2 405 875;7.51%
16/09/2016;4 688;4 688;4 688;4 688;92;431 250;-7.45%
19/09/2016;4 543;4 543;4 543;4 543;131;595 149;-3.08%
20/09/2016;4 711;4 711;4 711;4 711;180;848 025;3.70%
21/09/2016;4 615;4 615;4 615;4 615;145;669 175;-2.04%
22/09/2016;4 519;4 519;4 519;4 519;51;230 488;-2.07%
23/09/2016;4 327;4 327;4 327;4 327;60;259 613;-4.26%
26/09/2016;4 039;4 039;4 039;4 039;312;1 260 090;-6.66%
27/09/2016;4 039;4 039;4 039;4 039;68;274 635;0.00%
28/09/2016;4 087;4 087;4 087;4 087;452;1 847 268;1.19%
29/09/2016;4 393;4 393;4 393;4 393;136;597 465;7.49%
30/09/2016;4 519;4 519;4 519;4 519;17;76 829;2.87%
03/10/2016;4 327;4 327;4 327;4 327;121;523 552;-4.26%
04/10/2016;4 134;4 134;4 134;4 134;3;12 403;-4.45%
05/10/2016;4 327;4 327;4 327;4 327;52;224 998;4.66%
06/10/2016;4 519;4 519;4 519;4 519;27;122 023;4.45%
07/10/2016;4 332;4 332;4 332;4 332;166;719 091;-4.15%
10/10/2016;4 332;4 332;4 332;4 332;3;12 996;0.00%
11/10/2016;4 332;4 332;4 332;4 332;304;1 316 890;0.00%
12/10/2016;4 332;4 332;4 332;4 332;6;25 991;0.00%
13/10/2016;4 327;4 327;4 327;4 327;262;1 133 641;-0.12%
14/10/2016;4 327;4 327;4 327;4 327;27;116 826;0.00%
17/10/2016;4 332;4 332;4 332;4 332;3;12 996;0.12%
18/10/2016;4 332;4 332;4 332;4 332;72;311 895;0.00%
19/10/2016;4 332;4 332;4 332;4 332;65;281 572;0.00%
20/10/2016;4 375;4 375;4 375;4 375;65;284 375;1.00%
21/10/2016;4 519;4 519;4 519;4 519;142;641 751;3.30%
24/10/2016;4 519;4 519;4 519;4 519;198;894 836;0.00%
25/10/2016;4 519;4 519;4 519;4 519;14;63 271;0.00%
26/10/2016;4 519;4 519;4 519;4 519;57;257 604;0.00%
27/10/2016;4 519;4 519;4 519;4 519;65;293 759;0.00%
28/10/2016;4 514;4 514;4 514;4 514;113;510 124;-0.11%
31/10/2016;4 335;4 335;4 335;4 335;17;73 695;-3.97%
01/11/2016;5 636;5 636;5 636;5 636;176;991 870;30.00%
02/11/2016;4 327;4 327;4 327;4 327;116;501 918;-23.22%
03/11/2016;4 519;4 519;4 519;4 519;24;108 465;4.45%
04/11/2016;4 519;4 519;4 519;4 519;132;596 475;-0.01%
07/11/2016;4 327;4 327;4 327;4 327;73;315 862;-4.25%
08/11/2016;4 423;4 423;4 423;4 423;51 281;226 822 273;2.22%
09/11/2016;4 375;4 375;4 375;4 375;35;153 125;-1.09%
10/11/2016;4 327;4 327;4 327;4 327;113;488 937;-1.10%
11/11/2016;4 375;4 375;4 375;4 375;16;70 000;1.11%
16/11/2016;4 327;4 327;4 327;4 327;76;328 843;-1.10%
17/11/2016;4 327;4 327;4 327;4 327;120;519 225;0.00%
18/11/2016;4 327;4 327;4 327;4 327;158;683 646;0.00%
21/11/2016;4 039;4 039;4 039;4 039;600;2 423 250;-6.66%
22/11/2016;4 134;4 134;4 134;4 134;36;148 838;2.37%
23/11/2016;4 351;4 351;4 351;4 351;116;504 745;5.25%
25/11/2016;4 327;4 327;4 327;4 327;57;246 632;-0.56%
28/11/2016;4 327;4 327;4 327;4 327;160;692 300;0.00%
30/11/2016;4 423;4 423;4 423;4 423;382;1 689 634;2.22%
01/12/2016;4 423;4 423;4 423;4 423;76 632;338 952 915;0.00%
02/12/2016;4 423;4 423;4 423;4 423;16;70 770;0.00%
06/12/2016;4 237;4 237;4 237;4 237;163;690 611;-2.09%
08/12/2016;4 327;4 327;4 327;4 327;116;501 918;2.12%
09/12/2016;4 375;4 375;4 375;4 375;1 316;5 757 500;1.11%
12/12/2016;5 687;5 687;5 687;5 687;13 168;74 888 885;29.99%
13/12/2016;4 303;4 303;4 303;4 303;17;73 153;-24.34%
14/12/2016;4 327;4 327;4 327;4 327;4;17 308;0.55%
15/12/2016;4 303;4 303;4 303;4 303;160;688 500;-0.55%
16/12/2016;4 327;4 327;4 327;4 327;40;173 075;0.55%
19/12/2016;4 318;4 318;4 318;4 318;59;254 733;-0.22%
20/12/2016;4 318;4 318;4 318;4 318;28;120 890;0.00%
21/12/2016;4 303;4 303;4 303;4 303;3 920;16 865 800;-0.35%
22/12/2016;4 303;4 303;4 303;4 303;272;1 170 450;0.01%
23/12/2016;4 279;4 279;4 279;4 279;376;1 608 810;-0.57%
26/12/2016;5 563;5 563;5 563;5 563;3 760;20 915 000;30.00%
27/12/2016;4 207;4 207;4 207;4 207;48;201 930;-24.37%
28/12/2016;4 327;4 327;4 327;4 327;256;1 107 680;2.85%
29/12/2016;4 207;4 207;4 207;4 207;236;992 823;-2.77%
30/12/2016;4 327;4 327;4 327;4 327;488;2 111 515;2.85%
02/01/2017;4 327;4 327;4 327;4 327;169;731 242;0.00%
03/01/2017;4 279;4 279;4 279;4 279;240;1 026 900;-1.11%
04/01/2017;4 231;4 231;4 231;4 231;1;4 231;-1.11%
05/01/2017;4 231;4 231;4 231;4 231;134;566 904;-0.01%
06/01/2017;4 231;4 231;4 231;4 231;65;274 991;0.00%
09/01/2017;4 231;4 231;4 231;4 231;12;50 768;0.00%
10/01/2017;4 231;4 231;4 231;4 231;3;12 692;0.00%
11/01/2017;4 134;4 134;4 134;4 134;88;363 825;-2.28%
12/01/2017;4 183;4 183;4 183;4 183;9;37 643;1.16%
13/01/2017;4 231;4 231;4 231;4 231;25;105 766;1.15%
16/01/2017;4 134;4 134;4 134;4 134;225;930 234;-2.28%
17/01/2017;4 159;4 159;4 159;4 159;104;432 510;0.59%
18/01/2017;4 183;4 183;4 183;4 183;99;414 068;0.57%
19/01/2017;4 183;4 183;4 183;4 183;339;1 417 868;0.00%
20/01/2017;4 231;4 231;4 231;4 231;8;33 845;1.15%
23/01/2017;4 231;4 231;4 231;4 231;6;25 384;0.00%
24/01/2017;4 087;4 087;4 087;4 087;27;110 346;-3.40%
25/01/2017;4 231;4 231;4 231;4 231;48;203 070;3.52%
26/01/2017;4 183;4 183;4 183;4 183;1;4 183;-1.14%
27/01/2017;4 086;4 086;4 086;4 086;747;3 052 429;-2.30%
30/01/2017;4 183;4 183;4 183;4 183;48;200 760;2.36%
31/01/2017;4 231;4 231;4 231;4 231;182;769 974;1.15%
01/02/2017;4 231;4 231;4 231;4 231;131;554 212;0.00%
02/02/2017;4 231;4 231;4 231;4 231;284;1 201 498;0.00%
03/02/2017;4 279;4 279;4 279;4 279;75;320 906;1.14%
06/02/2017;4 303;4 303;4 303;4 303;137;589 528;0.57%
07/02/2017;4 279;4 279;4 279;4 279;48;205 380;-0.57%
08/02/2017;4 279;4 279;4 279;4 279;139;594 833;0.01%
09/02/2017;4 279;4 279;4 279;4 279;80;342 300;-0.01%
10/02/2017;4 279;4 279;4 279;4 279;107;457 826;0.00%
13/02/2017;4 279;4 279;4 279;4 279;160;684 600;0.00%
14/02/2017;4 351;4 351;4 351;4 351;38;165 348;1.69%
15/02/2017;4 423;4 423;4 423;4 423;118;521 929;1.65%
16/02/2017;4 423;4 423;4 423;4 423;560;2 476 950;0.00%
17/02/2017;4 423;4 423;4 423;4 423;672;2 972 340;0.00%
20/02/2017;4 471;4 471;4 471;4 471;41;183 321;1.09%
21/02/2017;4 519;4 519;4 519;4 519;147;664 348;1.08%
22/02/2017;4 808;4 808;4 808;4 808;1 054;5 067 105;6.38%
23/02/2017;4 808;4 808;4 808;4 808;56;269 220;0.00%
24/02/2017;5 048;5 048;5 048;5 048;662;3 341 859;5.01%
27/02/2017;5 144;5 144;5 144;5 144;1 169;6 013 774;1.91%
28/02/2017;4 808;4 808;4 808;4 808;73;350 948;-6.55%
01/03/2017;4 808;4 808;4 808;4 808;123;591 323;0.00%
02/03/2017;4 808;4 808;4 808;4 808;308;1 480 710;0.00%
03/03/2017;4 711;4 711;4 711;4 711;54;254 408;-2.00%
07/03/2017;4 711;4 711;4 711;4 711;112;527 660;-1.52%
08/03/2017;4 616;4 616;4 616;4 616;385;1 777 016;-2.03%
09/03/2017;4 664;4 664;4 664;4 664;513;2 392 504;1.04%
10/03/2017;4 568;4 568;4 568;4 568;144;657 720;-2.06%
13/03/2017;4 519;4 519;4 519;4 519;428;1 934 293;-1.05%
14/03/2017;4 568;4 568;4 568;4 568;1 067;4 873 523;1.06%
15/03/2017;4 591;4 591;4 591;4 591;692;3 177 145;0.52%
16/03/2017;4 630;4 630;4 630;4 630;628;2 907 640;0.84%
17/03/2017;4 711;4 711;4 711;4 711;283;1 333 284;1.75%
20/03/2017;4 711;4 711;4 711;4 711;1 230;5 794 838;0.00%
21/03/2017;4 760;4 760;4 760;4 760;492;2 341 920;1.03%
22/03/2017;5 117;5 117;5 117;5 117;1 782;9 118 271;7.50%
23/03/2017;5 501;5 501;5 501;5 501;753;4 141 971;7.50%
24/03/2017;5 481;5 481;5 481;5 481;678;3 715 864;-0.36%
27/03/2017;5 070;5 070;5 070;5 070;705;3 574 350;-7.49%
28/03/2017;4 711;4 711;4 711;4 711;363;1 710 184;-7.08%
29/03/2017;4 569;4 569;4 569;4 569;228;1 041 675;-3.02%
30/03/2017;4 567;4 567;4 567;4 567;142;648 496;-0.04%
31/03/2017;4 664;4 664;4 664;4 664;240;1 119 300;2.12%
03/04/2017;4 568;4 568;4 568;4 568;214;977 445;-2.06%
04/04/2017;4 664;4 664;4 664;4 664;105;489 694;2.11%
05/04/2017;5 013;5 013;5 013;5 013;11;55 144;7.49%
06/04/2017;4 639;4 639;4 639;4 639;4 726;21 925 686;-7.46%
07/04/2017;4 988;4 988;4 988;4 988;44;219 450;7.50%
10/04/2017;4 952;4 952;4 952;4 952;20;99 038;-0.71%
11/04/2017;4 808;4 808;4 808;4 808;267;1 283 603;-2.92%
12/04/2017;4 808;4 808;4 808;4 808;22;105 765;0.00%
13/04/2017;4 808;4 808;4 808;4 808;337;1 620 128;0.00%
14/04/2017;4 808;4 808;4 808;4 808;1 744;8 384 280;0.00%
18/04/2017;4 784;4 784;4 784;4 784;52;248 755;-0.49%
19/04/2017;4 711;4 711;4 711;4 711;48;226 110;-1.53%
20/04/2017;4 568;4 568;4 568;4 568;168;767 340;-3.04%
21/04/2017;4 759;4 759;4 759;4 759;20;95 188;4.20%
24/04/2017;4 711;4 711;4 711;4 711;62;292 098;-1.01%
25/04/2017;4 711;4 711;4 711;4 711;158;744 378;0.00%
26/04/2017;4 808;4 808;4 808;4 808;267;1 283 603;2.04%
27/04/2017;4 573;4 573;4 573;4 573;78;356 655;-4.89%
28/04/2017;4 664;4 664;4 664;4 664;3;13 991;2.00%
01/05/2017;6 063;6 063;6 063;6 063;32;194 010;30.00%
02/05/2017;4 664;4 664;4 664;4 664;48;223 860;-23.08%
03/05/2017;4 808;4 808;4 808;4 808;48;230 760;3.08%
04/05/2017;4 759;4 759;4 759;4 759;41;195 134;-1.00%
05/05/2017;4 711;4 711;4 711;4 711;46;216 718;-1.01%
08/05/2017;4 711;4 711;4 711;4 711;244;1 149 545;0.00%
09/05/2017;4 664;4 664;4 664;4 664;153;713 554;-1.01%
10/05/2017;4 711;4 711;4 711;4 711;196;923 405;1.02%
11/05/2017;4 808;4 808;4 808;4 808;540;2 596 050;2.04%
12/05/2017;4 713;4 713;4 713;4 713;76;358 150;-1.98%
15/05/2017;4 712;4 712;4 712;4 712;187;881 121;-0.01%
16/05/2017;4 711;4 711;4 711;4 711;179;843 314;-0.01%
17/05/2017;4 471;4 471;4 471;4 471;4;17 885;-5.09%
18/05/2017;4 471;4 471;4 471;4 471;582;2 602 268;0.00%
19/05/2017;4 471;4 471;4 471;4 471;40;178 850;0.00%
22/05/2017;4 471;4 471;4 471;4 471;6;26 828;0.00%
23/05/2017;4 471;4 471;4 471;4 471;64;286 160;0.00%
24/05/2017;4 471;4 471;4 471;4 471;160;715 400;0.00%
25/05/2017;5 813;5 813;5 813;5 813;1 600;9 300 000;30.00%
26/05/2017;4 375;4 375;4 375;4 375;59;258 125;-24.73%
29/05/2017;4 375;4 375;4 375;4 375;28;122 500;0.00%
30/05/2017;4 327;4 327;4 327;4 327;41;177 402;-1.10%
31/05/2017;4 321;4 321;4 321;4 321;4;17 285;-0.13%
01/06/2017;4 303;4 303;4 303;4 303;305;1 312 453;-0.42%
02/06/2017;4 303;4 303;4 303;4 303;116;499 163;0.00%
06/06/2017;4 300;4 300;4 300;4 300;25;107 500;-23.13%
07/06/2017;4 231;4 231;4 231;4 231;89;376 526;-1.61%
08/06/2017;4 086;4 086;4 086;4 086;64;261 520;-3.41%
09/06/2017;3 943;3 943;3 943;3 943;761;3 000 243;-3.52%
12/06/2017;3 894;3 894;3 894;3 894;22;85 676;-1.22%
13/06/2017;3 894;3 894;3 894;3 894;192;747 720;0.00%
14/06/2017;3 894;3 894;3 894;3 894;236;919 073;0.00%
15/06/2017;3 894;3 894;3 894;3 894;35;136 303;0.00%
16/06/2017;3 846;3 846;3 846;3 846;60;230 775;-1.24%
19/06/2017;3 846;3 846;3 846;3 846;497;1 911 586;0.00%
20/06/2017;3 846;3 846;3 846;3 846;160;615 400;0.00%
21/06/2017;4 134;4 134;4 134;4 134;38;157 106;7.49%
22/06/2017;4 134;4 134;4 134;4 134;384;1 587 600;0.00%
23/06/2017;4 063;4 063;4 063;4 063;504;2 047 500;-1.74%
27/06/2017;4 062;4 062;4 062;4 062;32;129 980;-0.02%
29/06/2017;4 030;4 030;4 030;4 030;308;1 241 240;-0.78%
30/06/2017;3 728;3 728;3 728;3 728;164;611 413;-7.49%
03/07/2017;3 719;3 719;3 719;3 719;6;22 313;-0.25%
04/07/2017;3 750;3 750;3 750;3 750;4;15 000;0.84%
06/07/2017;3 750;3 750;3 750;3 750;3;11 250;0.00%
07/07/2017;3 750;3 750;3 750;3 750;94;352 500;0.00%
10/07/2017;3 750;3 750;3 750;3 750;30;112 500;0.00%
11/07/2017;3 749;3 749;3 749;3 749;11;41 243;-0.02%
13/07/2017;3 731;3 731;3 731;3 731;326;1 216 388;-0.48%
17/07/2017;3 619;3 619;3 619;3 619;8;28 950;-3.02%
18/07/2017;3 348;3 348;3 348;3 348;46;153 985;-7.50%
19/07/2017;3 313;3 313;3 313;3 313;27;89 438;-1.05%
20/07/2017;3 125;3 125;3 125;3 125;8;25 000;-5.66%
21/07/2017;3 125;3 125;3 125;3 125;521;1 628 125;0.00%
24/07/2017;3 125;3 125;3 125;3 125;238;743 750;0.00%
25/07/2017;3 313;3 313;3 313;3 313;27;89 438;6.00%
26/07/2017;3 225;3 225;3 225;3 225;208;670 800;-2.64%
27/07/2017;3 125;3 125;3 125;3 125;120;375 000;-3.10%
28/07/2017;3 063;3 063;3 063;3 063;70;214 375;-2.00%
31/07/2017;3 125;3 125;3 125;3 125;24;75 000;2.04%
01/08/2017;3 313;3 313;3 313;3 313;3;9 938;6.00%
02/08/2017;3 125;3 125;3 125;3 125;57;178 125;-5.66%
03/08/2017;3 126;3 126;3 126;3 126;17;53 136;0.02%
04/08/2017;3 124;3 124;3 124;3 124;88;274 945;-0.04%
07/08/2017;3 124;3 124;3 124;3 124;880;2 749 450;0.00%
08/08/2017;3 156;3 156;3 156;3 156;188;593 375;1.02%
09/08/2017;3 125;3 125;3 125;3 125;251;784 375;-0.99%
10/08/2017;3 188;3 188;3 188;3 188;20;63 750;2.00%
11/08/2017;3 125;3 125;3 125;3 125;11;34 375;-1.96%
14/08/2017;3 094;3 094;3 094;3 094;33;102 094;-1.00%
15/08/2017;3 094;3 094;3 094;3 094;336;1 039 500;0.00%
16/08/2017;3 125;3 125;3 125;3 125;134;418 750;1.01%
17/08/2017;3 063;3 063;3 063;3 063;17;52 063;-2.00%
18/08/2017;3 031;3 031;3 031;3 031;27;81 844;-1.02%
21/08/2017;3 062;3 062;3 062;3 062;8;24 495;1.01%
23/08/2017;3 061;3 061;3 061;3 061;28;85 715;-0.02%
24/08/2017;3 050;3 050;3 050;3 050;83;253 150;-0.37%
28/08/2017;3 031;3 031;3 031;3 031;1 611;4 883 344;-0.61%
29/08/2017;3 031;3 031;3 031;3 031;72;218 205;-0.02%
05/09/2017;2 804;2 804;2 804;2 804;4;11 215;0.00%
06/09/2017;2 688;2 688;2 688;2 688;22;59 125;-4.15%
07/09/2017;2 594;2 594;2 594;2 594;638;1 654 813;-3.49%
08/09/2017;2 600;2 600;2 600;2 600;220;572 000;0.24%
11/09/2017;2 600;2 600;2 600;2 600;193;501 800;0.00%
12/09/2017;2 625;2 625;2 625;2 625;44;115 500;0.96%
13/09/2017;2 650;2 650;2 650;2 650;142;376 300;0.95%
14/09/2017;2 719;2 719;2 719;2 719;174;473 063;2.59%
15/09/2017;2 719;2 719;2 719;2 719;62;168 601;0.02%
18/09/2017;2 700;2 700;2 700;2 700;526;1 420 200;-0.71%
19/09/2017;2 719;2 719;2 719;2 719;588;1 598 625;0.69%
20/09/2017;2 700;2 700;2 700;2 700;3;8 100;-0.69%
21/09/2017;2 656;2 656;2 656;2 656;212;563 125;-1.62%
22/09/2017;2 656;2 656;2 656;2 656;9 001;23 908 906;0.00%
25/09/2017;2 563;2 563;2 563;2 563;65;166 563;-3.53%
26/09/2017;2 556;2 556;2 556;2 556;38;97 138;-0.24%
27/09/2017;2 556;2 556;2 556;2 556;214;546 904;-0.02%
28/09/2017;2 563;2 563;2 563;2 563;1;2 563;0.27%
29/09/2017;2 563;2 563;2 563;2 563;41;105 063;0.00%
02/10/2017;2 500;2 500;2 500;2 500;96;240 000;-2.44%
03/10/2017;2 500;2 500;2 500;2 500;99;247 500;0.00%
04/10/2017;2 500;2 500;2 500;2 500;102;255 000;0.00%
05/10/2017;2 438;2 438;2 438;2 438;230;560 625;-2.50%
06/10/2017;2 438;2 438;2 438;2 438;24;58 500;0.00%
09/10/2017;2 500;2 500;2 500;2 500;65;162 500;2.56%
10/10/2017;2 500;2 500;2 500;2 500;2 771;6 927 500;0.00%
11/10/2017;2 438;2 438;2 438;2 438;19;46 313;-2.50%
12/10/2017;2 438;2 438;2 438;2 438;35;85 313;0.00%
13/10/2017;2 438;2 438;2 438;2 438;816;1 989 000;0.00%
16/10/2017;2 406;2 406;2 406;2 406;54;129 938;-1.28%
17/10/2017;2 438;2 438;2 438;2 438;268;653 250;1.30%
18/10/2017;2 438;2 438;2 438;2 438;115;280 313;0.00%
19/10/2017;2 438;2 438;2 438;2 438;897;2 186 438;0.00%
20/10/2017;2 469;2 469;2 469;2 469;1;2 469;1.28%
23/10/2017;2 406;2 406;2 406;2 406;108;259 875;-2.53%
24/10/2017;2 469;2 469;2 469;2 469;24;59 250;2.60%
25/10/2017;2 438;2 438;2 438;2 438;153;372 938;-1.27%
26/10/2017;2 469;2 469;2 469;2 469;36;88 875;1.28%
27/10/2017;2 466;2 466;2 466;2 466;214;527 644;-0.13%
30/10/2017;2 300;2 300;2 300;2 300;342;786 600;-6.72%
31/10/2017;2 375;2 375;2 375;2 375;665;1 579 375;3.26%
01/11/2017;2 375;2 375;2 375;2 375;665;1 579 375;0.00%
02/11/2017;2 431;2 431;2 431;2 431;1 817;4 417 581;2.37%
03/11/2017;2 406;2 406;2 406;2 406;152;365 750;-1.03%
06/11/2017;2 375;2 375;2 375;2 375;3 854;9 153 250;-1.30%
07/11/2017;2 438;2 438;2 438;2 438;480;1 170 000;2.63%
08/11/2017;2 484;2 484;2 484;2 484;1 006;2 499 281;1.92%
09/11/2017;2 497;2 497;2 497;2 497;334;833 956;0.50%
10/11/2017;2 500;2 500;2 500;2 500;257;642 500;0.13%
13/11/2017;2 688;2 688;2 688;2 688;539;1 448 563;7.50%
14/11/2017;2 875;2 875;2 875;2 875;1 718;4 939 250;6.98%
15/11/2017;2 875;2 875;2 875;2 875;1 718;4 939 250;0.00%
16/11/2017;2 813;2 813;2 813;2 813;4 976;13 995 000;-2.17%
17/11/2017;2 813;2 813;2 813;2 813;1 956;5 501 250;0.00%
20/11/2017;2 750;2 750;2 750;2 750;1 563;4 298 250;-2.22%
21/11/2017;2 750;2 750;2 750;2 750;1 251;3 440 250;0.00%
22/11/2017;2 750;2 750;2 750;2 750;2 105;5 788 750;0.00%
23/11/2017;2 747;2 747;2 747;2 747;2 380;6 537 563;-0.11%
24/11/2017;2 688;2 688;2 688;2 688;2 350;6 315 625;-2.16%
27/11/2017;2 688;2 688;2 688;2 688;3 105;8 344 688;0.00%
28/11/2017;2 625;2 625;2 625;2 625;3 819;10 024 875;-2.33%
29/11/2017;2 438;2 438;2 438;2 438;86 622;211 141 125;-7.14%
01/12/2017;2 438;2 438;2 438;2 438;345;840 938;0.00%
04/12/2017;2 438;2 438;2 438;2 438;3 862;9 413 625;0.00%
05/12/2017;2 375;2 375;2 375;2 375;7 894;18 748 250;-2.56%
06/12/2017;2 375;2 375;2 375;2 375;320;760 000;0.00%
07/12/2017;2 344;2 344;2 344;2 344;907;2 125 781;-1.32%
08/12/2017;2 375;2 375;2 375;2 375;729;1 731 375;1.33%
11/12/2017;2 344;2 344;2 344;2 344;2 787;6 532 031;-1.32%
12/12/2017;2 438;2 438;2 438;2 438;24 472;59 650 500;4.00%
13/12/2017;2 375;2 375;2 375;2 375;5 051;11 996 125;-2.56%
14/12/2017;2 375;2 375;2 375;2 375;1 731;4 111 125;0.00%
15/12/2017;2 438;2 438;2 438;2 438;4 648;11 329 500;2.63%
18/12/2017;2 438;2 438;2 438;2 438;2 392;5 830 500;0.00%
19/12/2017;2 406;2 406;2 406;2 406;1 955;4 704 219;-1.28%
20/12/2017;2 375;2 375;2 375;2 375;17 228;40 916 500;-1.30%
21/12/2017;2 494;2 494;2 494;2 494;731;1 822 931;5.00%
22/12/2017;2 500;2 500;2 500;2 500;1 515;3 787 500;0.25%
25/12/2017;2 500;2 500;2 500;2 500;1 515;3 787 500;0.00%
26/12/2017;2 688;2 688;2 688;2 688;1 592;4 278 500;7.50%
27/12/2017;2 888;2 888;2 888;2 888;982;2 835 525;7.44%
28/12/2017;3 103;3 103;3 103;3 103;1 217;3 776 503;7.47%
29/12/2017;3 094;3 094;3 094;3 094;1 833;5 670 844;-0.30%
02/01/2018;3 059;3 059;3 059;3 059;75;229 453;-1.11%
03/01/2018;2 875;2 875;2 875;2 875;18 104;52 049 000;-6.03%
04/01/2018;2 688;2 688;2 688;2 688;4 705;12 644 688;-6.52%
05/01/2018;2 688;2 688;2 688;2 688;2 857;7 678 188;0.00%
08/01/2018;2 778;2 778;2 778;2 778;644;1 789 113;3.37%
09/01/2018;2 784;2 784;2 784;2 784;131;364 753;0.22%
10/01/2018;2 719;2 719;2 719;2 719;540;1 468 125;-2.36%
11/01/2018;2 625;2 625;2 625;2 625;1 155;3 031 875;-3.45%
12/01/2018;2 747;2 747;2 747;2 747;184;505 425;4.64%
15/01/2018;2 813;2 813;2 813;2 813;356;1 001 250;2.39%
16/01/2018;2 875;2 875;2 875;2 875;8 356;24 023 500;2.22%
17/01/2018;2 813;2 813;2 813;2 813;968;2 722 500;-2.17%
18/01/2018;3 000;3 000;3 000;3 000;4 518;13 554 000;6.67%
19/01/2018;3 188;3 188;3 188;3 188;4 148;13 221 750;6.25%
22/01/2018;3 125;3 125;3 125;3 125;664;2 075 000;-1.96%
23/01/2018;3 000;3 000;3 000;3 000;2 440;7 320 000;-4.00%
24/01/2018;3 000;3 000;3 000;3 000;624;1 872 000;0.00%
25/01/2018;3 063;3 063;3 063;3 063;1 876;5 745 250;2.08%
26/01/2018;3 059;3 059;3 059;3 059;160;489 500;-0.10%
29/01/2018;2 941;2 941;2 941;2 941;768;2 258 400;-3.88%
30/01/2018;2 938;2 938;2 938;2 938;3 526;10 357 625;-0.11%
31/01/2018;3 000;3 000;3 000;3 000;657;1 971 000;2.13%
01/02/2018;2 925;2 925;2 925;2 925;758;2 217 150;-2.50%
02/02/2018;3 000;3 000;3 000;3 000;795;2 385 000;2.56%
05/02/2018;3 000;3 000;3 000;3 000;353;1 059 000;0.00%
06/02/2018;3 000;3 000;3 000;3 000;2 448;7 344 000;0.00%
07/02/2018;3 063;3 063;3 063;3 063;174;532 875;2.08%
08/02/2018;3 063;3 063;3 063;3 063;1 195;3 659 688;0.00%
09/02/2018;3 125;3 125;3 125;3 125;1 004;3 137 500;2.04%
12/02/2018;3 063;3 063;3 063;3 063;488;1 494 500;-2.00%
13/02/2018;3 063;3 063;3 063;3 063;504;1 543 500;0.00%
14/02/2018;3 063;3 063;3 063;3 063;931;2 851 188;0.00%
15/02/2018;3 003;3 003;3 003;3 003;7 560;22 703 625;-1.94%
16/02/2018;3 125;3 125;3 125;3 125;1 553;4 853 125;4.06%
19/02/2018;3 000;3 000;3 000;3 000;6 296;18 888 000;-4.00%
20/02/2018;3 181;3 181;3 181;3 181;1 427;4 539 644;6.04%
21/02/2018;3 125;3 125;3 125;3 125;5 416;16 925 000;-1.77%
22/02/2018;3 188;3 188;3 188;3 188;288;918 000;2.00%
23/02/2018;3 200;3 200;3 200;3 200;590;1 888 000;0.39%
26/02/2018;3 125;3 125;3 125;3 125;251;784 375;-2.34%
27/02/2018;3 200;3 200;3 200;3 200;3 521;11 267 200;2.40%
01/03/2018;3 188;3 188;3 188;3 188;441;1 405 688;2.00%
02/03/2018;3 188;3 188;3 188;3 188;1 108;3 531 750;0.00%
05/03/2018;3 188;3 188;3 188;3 188;3 553;11 325 188;0.00%
06/03/2018;3 188;3 188;3 188;3 188;1 555;4 956 563;0.00%
07/03/2018;3 125;3 125;3 125;3 125;4 579;14 309 375;-1.96%
08/03/2018;3 094;3 094;3 094;3 094;451;1 395 281;-1.00%
09/03/2018;3 125;3 125;3 125;3 125;12 846;40 143 750;1.01%
12/03/2018;3 125;3 125;3 125;3 125;6 660;20 812 500;0.00%
13/03/2018;3 238;3 238;3 238;3 238;23 441;75 890 238;3.60%
14/03/2018;3 244;3 244;3 244;3 244;5 008;16 244 700;0.19%
15/03/2018;3 125;3 125;3 125;3 125;496;1 550 000;-3.66%
16/03/2018;3 063;3 063;3 063;3 063;550;1 684 375;-2.00%
19/03/2018;3 003;3 003;3 003;3 003;771;2 315 409;-1.94%
20/03/2018;3 125;3 125;3 125;3 125;16 905;52 828 125;4.06%
21/03/2018;3 125;3 125;3 125;3 125;5 502;17 193 750;0.00%
22/03/2018;3 009;3 009;3 009;3 009;4 145;12 473 859;-3.70%
23/03/2018;3 063;3 063;3 063;3 063;2 230;6 829 375;1.77%
26/03/2018;3 009;3 009;3 009;3 009;1 755;5 281 453;-1.73%
27/03/2018;3 122;3 122;3 122;3 122;595;1 857 516;3.74%
28/03/2018;3 119;3 119;3 119;3 119;2 257;7 039 019;-0.10%
29/03/2018;3 063;3 063;3 063;3 063;3 272;10 020 500;-1.80%
30/03/2018;3 113;3 113;3 113;3 113;745;2 318 813;1.63%
02/04/2018;3 113;3 113;3 113;3 113;745;2 318 813;0.00%
03/04/2018;3 000;3 000;3 000;3 000;3 659;10 977 000;-3.61%
04/04/2018;3 000;3 000;3 000;3 000;1 177;3 531 000;0.00%
05/04/2018;3 000;3 000;3 000;3 000;2 376;7 128 000;0.00%
06/04/2018;2 969;2 969;2 969;2 969;2 361;7 009 219;-1.04%
09/04/2018;3 000;3 000;3 000;3 000;4 923;14 769 000;1.05%
10/04/2018;3 034;3 034;3 034;3 034;881;2 673 284;1.15%
11/04/2018;3 031;3 031;3 031;3 031;3 774;11 439 938;-0.10%
12/04/2018;3 031;3 031;3 031;3 031;5 494;16 653 688;0.00%
13/04/2018;3 094;3 094;3 094;3 094;4 560;14 107 500;2.06%
16/04/2018;3 031;3 031;3 031;3 031;20 782;62 995 438;-2.02%
17/04/2018;2 938;2 938;2 938;2 938;334;981 125;-3.09%
18/04/2018;2 938;2 938;2 938;2 938;508;1 492 250;0.00%
19/04/2018;3 000;3 000;3 000;3 000;705;2 115 000;2.13%
20/04/2018;2 997;2 997;2 997;2 997;420;1 258 688;-0.10%
23/04/2018;2 909;2 909;2 909;2 909;468;1 361 588;-2.92%
24/04/2018;2 875;2 875;2 875;2 875;699;2 009 625;-1.18%
25/04/2018;2 994;2 994;2 994;2 994;3 619;10 834 381;4.13%
26/04/2018;2 869;2 869;2 869;2 869;33 587;96 352 706;-4.18%
27/04/2018;2 875;2 875;2 875;2 875;1 702;4 893 250;0.22%
09/05/2018;2 813;2 813;2 813;2 813;4 424;12 442 500;-2.17%
10/05/2018;2 813;2 813;2 813;2 813;4 424;12 442 500;0.00%
11/05/2018;2 875;2 875;2 875;2 875;30 620;88 032 500;2.22%
14/05/2018;2 688;2 688;2 688;2 688;7 040;18 920 000;-6.52%
15/05/2018;2 563;2 563;2 563;2 563;348;891 750;-4.65%
16/05/2018;2 688;2 688;2 688;2 688;2 123;5 705 563;4.88%
17/05/2018;2 625;2 625;2 625;2 625;534;1 401 750;-2.33%
18/05/2018;2 625;2 625;2 625;2 625;323;847 875;0.00%
21/05/2018;2 625;2 625;2 625;2 625;323;847 875;0.00%
22/05/2018;2 625;2 625;2 625;2 625;920;2 415 000;0.00%
23/05/2018;2 806;2 806;2 806;2 806;1 980;5 556 375;6.90%
24/05/2018;2 813;2 813;2 813;2 813;891;2 505 938;0.22%
25/05/2018;2 750;2 750;2 750;2 750;4 550;12 512 500;-2.22%
28/05/2018;2 750;2 750;2 750;2 750;2 659;7 312 250;0.00%
30/05/2018;2 609;2 609;2 609;2 609;1 051;2 742 453;-2.91%
31/05/2018;2 656;2 656;2 656;2 656;8 566;22 753 438;1.80%
01/06/2018;2 594;2 594;2 594;2 594;478;1 239 813;-2.35%
04/06/2018;2 584;2 584;2 584;2 584;246;635 756;-0.36%
05/06/2018;2 584;2 584;2 584;2 584;2 408;6 223 175;0.00%
06/06/2018;2 584;2 584;2 584;2 584;6 164;15 930 088;0.00%
07/06/2018;2 500;2 500;2 500;2 500;160;400 000;-3.26%
08/06/2018;2 500;2 500;2 500;2 500;4 195;10 487 500;0.00%
11/06/2018;2 500;2 500;2 500;2 500;4 195;10 487 500;0.00%
12/06/2018;2 584;2 584;2 584;2 584;1 304;3 370 025;3.38%
13/06/2018;2 563;2 563;2 563;2 563;7 187;18 416 688;-0.85%
14/06/2018;2 563;2 563;2 563;2 563;7 187;18 416 688;0.00%
15/06/2018;2 594;2 594;2 594;2 594;1 323;3 431 531;1.22%
18/06/2018;2 506;2 506;2 506;2 506;1 155;2 894 719;-3.37%
19/06/2018;2 500;2 500;2 500;2 500;2 731;6 827 500;-0.25%
20/06/2018;2 563;2 563;2 563;2 563;2 548;6 529 250;2.50%
21/06/2018;2 500;2 500;2 500;2 500;3 128;7 820 000;-2.44%
28/06/2018;2 619;2 619;2 619;2 619;5 296;13 868 900;4.75%
29/06/2018;2 684;2 684;2 684;2 684;9 347;25 090 853;2.51%
02/07/2018;2 656;2 656;2 656;2 656;1 558;4 138 438;-1.05%
03/07/2018;2 656;2 656;2 656;2 656;680;1 806 250;0.00%
04/07/2018;2 625;2 625;2 625;2 625;1 203;3 157 875;-1.18%
05/07/2018;2 688;2 688;2 688;2 688;14 931;40 127 063;2.38%
06/07/2018;2 813;2 813;2 813;2 813;5 654;15 901 875;4.65%
09/07/2018;2 781;2 781;2 781;2 781;18 860;52 454 375;-1.11%
10/07/2018;2 813;2 813;2 813;2 813;10 225;28 757 813;1.12%
11/07/2018;2 875;2 875;2 875;2 875;1 547;4 447 625;2.22%
12/07/2018;2 719;2 719;2 719;2 719;240;652 500;-5.43%
13/07/2018;2 750;2 750;2 750;2 750;1 011;2 780 250;1.15%
16/07/2018;2 875;2 875;2 875;2 875;1 036;2 978 500;4.55%
17/07/2018;2 938;2 938;2 938;2 938;2 011;5 907 313;2.17%
18/07/2018;2 938;2 938;2 938;2 938;2 481;7 287 938;0.00%
19/07/2018;2 781;2 781;2 781;2 781;776;2 158 250;-5.32%
20/07/2018;2 875;2 875;2 875;2 875;104;299 000;3.37%
23/07/2018;2 688;2 688;2 688;2 688;2 267;6 092 563;-6.52%
24/07/2018;2 863;2 863;2 863;2 863;3 804;10 888 950;6.51%
25/07/2018;2 934;2 934;2 934;2 934;3 136;9 202 200;2.51%
26/07/2018;2 906;2 906;2 906;2 906;1 084;3 150 375;-0.96%
30/07/2018;2 838;2 838;2 838;2 838;2 582;7 326 425;-2.37%
31/07/2018;2 844;2 844;2 844;2 844;5 849;16 633 094;0.22%
01/08/2018;2 875;2 875;2 875;2 875;1 667;4 792 625;1.10%
02/08/2018;2 809;2 809;2 809;2 809;467;1 311 978;-2.28%
03/08/2018;2 809;2 809;2 809;2 809;699;1 963 753;0.00%
06/08/2018;2 809;2 809;2 809;2 809;699;1 963 753;0.00%
07/08/2018;2 809;2 809;2 809;2 809;699;1 963 753;0.00%
08/08/2018;2 625;2 625;2 625;2 625;4 502;11 817 750;-6.56%
09/08/2018;2 500;2 500;2 500;2 500;150;375 000;-4.76%
10/08/2018;2 563;2 563;2 563;2 563;2 632;6 744 500;2.50%
13/08/2018;2 469;2 469;2 469;2 469;1 825;4 505 469;-3.66%
14/08/2018;2 625;2 625;2 625;2 625;800;2 100 000;6.33%
20/08/2018;2 469;2 469;2 469;2 469;694;1 713 313;-5.95%
21/08/2018;2 469;2 469;2 469;2 469;694;1 713 313;0.00%
22/08/2018;2 625;2 625;2 625;2 625;6 569;17 243 625;6.33%
23/08/2018;2 500;2 500;2 500;2 500;1 337;3 342 500;-4.76%
24/08/2018;2 500;2 500;2 500;2 500;166;415 000;0.00%
28/08/2018;2 616;2 616;2 616;2 616;260;680 063;-0.36%
29/08/2018;2 809;2 809;2 809;2 809;3 249;9 127 659;7.41%
31/08/2018;2 781;2 781;2 781;2 781;6 363;17 697 094;-1.00%
03/09/2018;2 656;2 656;2 656;2 656;72;191 250;-4.49%
04/09/2018;2 563;2 563;2 563;2 563;3 764;9 645 250;-3.53%
05/09/2018;2 750;2 750;2 750;2 750;29 800;81 950 000;7.32%
06/09/2018;2 563;2 563;2 563;2 563;8;20 500;-6.82%
07/09/2018;2 438;2 438;2 438;2 438;262;638 625;-4.88%
10/09/2018;2 469;2 469;2 469;2 469;5 142;12 694 313;1.28%
11/09/2018;2 500;2 500;2 500;2 500;2 504;6 260 000;1.27%
12/09/2018;2 500;2 500;2 500;2 500;92;230 000;0.00%
13/09/2018;2 469;2 469;2 469;2 469;2 920;7 208 750;-1.25%
14/09/2018;2 463;2 463;2 463;2 463;1 630;4 013 875;-0.25%
17/09/2018;2 463;2 463;2 463;2 463;1 630;4 013 875;0.00%
18/09/2018;2 375;2 375;2 375;2 375;438;1 040 250;-3.55%
19/09/2018;2 375;2 375;2 375;2 375;1 139;2 705 125;0.00%
20/09/2018;2 372;2 372;2 372;2 372;3 777;8 958 572;-0.13%
21/09/2018;2 313;2 313;2 313;2 313;241;557 313;-2.50%
24/09/2018;2 313;2 313;2 313;2 313;660;1 526 250;0.00%
25/09/2018;2 313;2 313;2 313;2 313;684;1 581 750;0.00%
26/09/2018;2 375;2 375;2 375;2 375;2 100;4 987 500;2.70%
27/09/2018;2 438;2 438;2 438;2 438;283;689 813;2.63%
28/09/2018;2 500;2 500;2 500;2 500;3 884;9 710 000;2.56%
01/10/2018;2 469;2 469;2 469;2 469;160;395 000;-1.25%
02/10/2018;2 403;2 403;2 403;2 403;1 497;3 597 478;-2.66%
03/10/2018;2 438;2 438;2 438;2 438;1 422;3 466 125;1.43%
04/10/2018;2 375;2 375;2 375;2 375;403;957 125;-2.56%
05/10/2018;2 247;2 247;2 247;2 247;2 060;4 628 563;-5.39%
08/10/2018;2 247;2 247;2 247;2 247;278;624 631;0.00%
09/10/2018;2 306;2 306;2 306;2 306;2 366;5 456 588;2.64%
10/10/2018;2 281;2 281;2 281;2 281;270;615 938;-1.08%
11/10/2018;2 313;2 313;2 313;2 313;1 152;2 664 000;1.37%
12/10/2018;2 306;2 306;2 306;2 306;515;1 187 719;-0.27%
15/10/2018;2 250;2 250;2 250;2 250;2 640;5 940 000;-2.44%
16/10/2018;2 281;2 281;2 281;2 281;15 233;34 750 281;1.39%
17/10/2018;2 438;2 438;2 438;2 438;504;1 228 500;6.85%
18/10/2018;2 313;2 313;2 313;2 313;2 185;5 052 813;-5.13%
19/10/2018;2 344;2 344;2 344;2 344;243 128;569 831 250;1.35%
22/10/2018;2 313;2 313;2 313;2 313;6 590;15 239 375;-1.33%
23/10/2018;2 425;2 425;2 425;2 425;228;552 900;4.86%
24/10/2018;2 469;2 469;2 469;2 469;6 300;15 553 125;1.80%
25/10/2018;2 406;2 406;2 406;2 406;1 169;2 812 906;-2.53%
26/10/2018;2 375;2 375;2 375;2 375;553;1 313 375;-1.30%
29/10/2018;2 250;2 250;2 250;2 250;2 080;4 680 000;-5.26%
30/10/2018;2 375;2 375;2 375;2 375;3 908;9 281 500;5.56%
31/10/2018;2 500;2 500;2 500;2 500;3 137;7 842 500;5.26%
01/11/2018;2 500;2 500;2 500;2 500;3 137;7 842 500;0.00%
02/11/2018;2 375;2 375;2 375;2 375;172;408 500;-5.00%
05/11/2018;2 375;2 375;2 375;2 375;627;1 489 125;0.00%
06/11/2018;2 250;2 250;2 250;2 250;432;972 000;-5.26%
07/11/2018;2 188;2 188;2 188;2 188;753;1 647 188;-2.78%
08/11/2018;2 181;2 181;2 181;2 181;1 232;2 687 300;-0.29%
09/11/2018;2 181;2 181;2 181;2 181;184;401 350;0.00%
12/11/2018;2 181;2 181;2 181;2 181;132;287 925;0.00%
13/11/2018;2 156;2 156;2 156;2 156;136;293 250;-1.15%
14/11/2018;2 309;2 309;2 309;2 309;612;1 413 338;7.10%
15/11/2018;2 309;2 309;2 309;2 309;612;1 413 338;0.00%
16/11/2018;2 219;2 219;2 219;2 219;1 012;2 245 375;-3.92%
19/11/2018;2 063;2 063;2 063;2 063;1 017;2 097 563;-7.04%
20/11/2018;2 063;2 063;2 063;2 063;1 017;2 097 563;0.00%
21/11/2018;2 094;2 094;2 094;2 094;488;1 021 750;1.52%
22/11/2018;2 113;2 113;2 113;2 113;1 288;2 720 900;0.90%
23/11/2018;1 956;1 956;1 956;1 956;96;187 800;-7.40%
27/11/2018;1 938;1 938;1 938;1 938;665;1 288 438;-0.96%
28/11/2018;1 875;1 875;1 875;1 875;236;442 500;-3.23%
29/11/2018;1 813;1 813;1 813;1 813;1 296;2 349 000;-3.33%
30/11/2018;1 813;1 813;1 813;1 813;480;870 000;0.00%
03/12/2018;1 769;1 769;1 769;1 769;262;463 413;-2.41%
04/12/2018;1 734;1 734;1 734;1 734;52;90 188;-1.94%
05/12/2018;1 694;1 694;1 694;1 694;488;826 550;-2.34%
06/12/2018;1 678;1 678;1 678;1 678;1 152;1 933 200;-0.92%
07/12/2018;1 563;1 563;1 563;1 563;1 347;2 104 688;-6.89%
10/12/2018;1 563;1 563;1 563;1 563;2 038;3 184 375;0.00%
11/12/2018;1 531;1 531;1 531;1 531;1 243;1 903 344;-2.00%
12/12/2018;1 625;1 625;1 625;1 625;4 555;7 401 875;6.12%
13/12/2018;1 678;1 678;1 678;1 678;2 937;4 928 653;3.27%
14/12/2018;1 803;1 803;1 803;1 803;2 224;4 010 150;7.45%
17/12/2018;1 938;1 938;1 938;1 938;4 668;9 044 250;7.45%
18/12/2018;2 063;2 063;2 063;2 063;1 132;2 334 750;6.45%
19/12/2018;2 103;2 103;2 103;2 103;968;2 035 825;1.97%
20/12/2018;2 197;2 197;2 197;2 197;3 225;7 084 922;4.46%
21/12/2018;2 313;2 313;2 313;2 313;2 552;5 901 500;5.26%
24/12/2018;2 484;2 484;2 484;2 484;4 585;11 390 859;7.43%
25/12/2018;2 484;2 484;2 484;2 484;4 585;11 390 859;0.00%
26/12/2018;2 500;2 500;2 500;2 500;120;300 000;0.63%
27/12/2018;2 491;2 491;2 491;2 491;457;1 138 216;-0.38%
28/12/2018;2 563;2 563;2 563;2 563;3 632;9 307 000;2.89%
31/12/2018;2 438;2 438;2 438;2 438;840;2 047 500;-4.88%
02/01/2019;2 431;2 431;2 431;2 431;169;410 881;-0.26%
03/01/2019;2 425;2 425;2 425;2 425;236;572 300;-0.26%
04/01/2019;2 425;2 425;2 425;2 425;220;533 500;0.00%
07/01/2019;2 244;2 244;2 244;2 244;3 268;7 332 575;-7.47%
08/01/2019;2 191;2 191;2 191;2 191;5 342;11 702 319;-2.37%
09/01/2019;2 194;2 194;2 194;2 194;899;1 972 181;0.14%
10/01/2019;2 194;2 194;2 194;2 194;28;61 425;0.00%
11/01/2019;2 241;2 241;2 241;2 241;75;168 047;2.14%
14/01/2019;2 241;2 241;2 241;2 241;1 104;2 473 650;0.00%
15/01/2019;2 244;2 244;2 244;2 244;80;179 500;0.14%
16/01/2019;2 344;2 244;2 344;2 244;526;1 206 513;4.46%
17/01/2019;2 344;2 344;2 344;2 344;2 443;5 725 781;0.00%
18/01/2019;2 328;2 328;2 328;2 328;1;2 328;-0.67%
21/01/2019;2 313;2 313;2 313;2 313;536;1 239 500;-0.67%
22/01/2019;2 313;2 281;2 313;2 281;636;1 460 813;0.00%
23/01/2019;2 438;2 313;2 438;2 313;1 958;4 650 250;5.41%
25/01/2019;2 375;2 375;2 375;2 375;9;21 375;-2.56%
28/01/2019;2 344;2 344;2 344;2 344;352;825 000;-1.32%
29/01/2019;2 331;2 331;2 331;2 331;572;1 333 475;-0.53%
30/01/2019;2 331;2 331;2 331;2 331;256;596 800;0.00%
31/01/2019;2 438;2 316;2 438;2 316;1 289;3 063 389;4.56%
01/02/2019;2 372;2 391;2 391;2 372;272;647 700;-2.69%
04/02/2019;2 372;2 372;2 372;2 372;524;1 242 863;0.00%
05/02/2019;2 375;2 372;2 375;2 372;89;211 236;0.13%
06/02/2019;2 500;2 500;2 500;2 500;132;330 000;5.26%
07/02/2019;2 500;2 500;2 500;2 500;417;1 042 500;0.00%
08/02/2019;2 469;2 406;2 469;2 406;5 910;14 405 625;-1.25%
11/02/2019;2 328;2 372;2 372;2 328;256;601 600;-5.70%
12/02/2019;2 369;2 369;2 369;2 369;3 104;7 352 600;1.74%
13/02/2019;2 500;2 369;2 500;2 369;265;645 109;5.54%
14/02/2019;2 375;2 375;2 375;2 375;329;781 375;-5.00%
15/02/2019;2 431;2 431;2 431;2 431;1 376;3 345 400;2.37%
18/02/2019;2 406;2 406;2 406;2 406;2 193;5 276 906;-1.03%
19/02/2019;2 500;2 438;2 500;2 438;779;1 923 156;3.90%
20/02/2019;2 497;2 438;2 497;2 438;337;831 442;-0.13%
21/02/2019;2 497;2 497;2 497;2 497;204;509 363;0.00%
22/02/2019;2 497;2 494;2 497;2 494;1 502;3 747 959;0.00%
26/02/2019;2 406;2 494;2 494;2 406;81;198 450;-3.51%
27/02/2019;2 438;2 406;2 438;2 406;1 628;3 942 813;1.30%
28/02/2019;2 434;2 434;2 434;2 434;16;38 950;-0.13%
01/03/2019;2 438;2 406;2 438;2 406;104;251 875;0.13%
04/03/2019;2 438;2 438;2 438;2 438;1 409;3 434 438;0.00%
05/03/2019;2 550;2 438;2 550;2 438;254;633 413;4.62%
06/03/2019;2 472;2 469;2 472;2 469;520;1 284 563;-3.06%
07/03/2019;2 563;2 472;2 563;2 472;1 248;3 141 450;3.67%
08/03/2019;2 500;2 500;2 500;2 500;968;2 420 000;-2.44%
11/03/2019;2 466;2 469;2 469;2 466;1 088;2 684 300;-1.38%
12/03/2019;2 438;2 438;2 438;2 438;144;351 000;-1.14%
13/03/2019;2 500;2 438;2 500;2 438;712;1 757 750;2.56%
14/03/2019;2 559;2 469;2 559;2 469;286;719 022;2.38%
15/03/2019;2 438;2 563;2 563;2 438;398;995 000;-4.76%
18/03/2019;2 559;2 500;2 559;2 500;808;2 043 988;5.00%
19/03/2019;2 463;2 500;2 500;2 463;153;379 631;-3.79%
20/03/2019;2 469;2 438;2 469;2 438;230;564 219;0.25%
21/03/2019;2 628;2 500;2 628;2 500;2 942;7 543 472;6.46%
22/03/2019;2 625;2 656;2 656;2 625;1 912;5 048 875;-0.12%
25/03/2019;2 581;2 625;2 625;2 581;625;1 626 953;-1.67%
26/03/2019;2 559;2 563;2 563;2 559;880;2 253 625;-0.85%
27/03/2019;2 559;2 559;2 559;2 559;417;1 067 259;0.00%
28/03/2019;2 625;2 559;2 625;2 559;1 648;4 271 925;2.56%
29/03/2019;2 625;2 656;2 656;2 625;2 892;7 636 688;0.00%
02/04/2019;2 631;2 631;2 631;2 631;12;31 575;0.24%
03/04/2019;2 625;2 659;2 659;2 625;417;1 101 792;-0.24%
04/04/2019;2 625;2 656;2 656;2 625;625;1 650 391;0.00%
05/04/2019;2 563;2 563;2 563;2 563;56;143 500;-2.38%
08/04/2019;2 750;2 556;2 750;2 556;1 444;3 831 113;7.32%
09/04/2019;2 625;2 750;2 750;2 625;2 336;6 278 000;-4.55%
10/04/2019;2 594;2 656;2 656;2 594;1 272;3 339 000;-1.19%
11/04/2019;2 750;2 594;2 750;2 594;91;243 141;6.02%
12/04/2019;2 625;2 684;2 684;2 625;1 243;3 299 777;-4.55%
15/04/2019;2 744;2 688;2 744;2 688;603;1 637 522;4.52%
16/04/2019;2 625;2 625;2 625;2 625;240;630 000;-4.33%
17/04/2019;2 625;2 628;2 628;2 625;854;2 243 084;0.00%
18/04/2019;2 625;2 631;2 631;2 625;1 545;4 060 453;0.00%
19/04/2019;2 625;2 656;2 656;2 625;1 028;2 714 563;0.00%
22/04/2019;2 625;2 656;2 656;2 625;1 028;2 714 563;0.00%
23/04/2019;2 688;2 656;2 688;2 656;1 566;4 184 156;2.38%
24/04/2019;2 750;2 688;2 750;2 688;1 868;5 078 625;2.33%
25/04/2019;2 747;2 747;2 747;2 747;16;43 950;-0.11%
26/04/2019;2 747;2 747;2 747;2 747;11;30 216;0.00%
29/04/2019;2 797;2 750;2 797;2 750;700;1 941 406;1.82%
30/04/2019;2 813;2 813;2 813;2 813;13 041;36 677 813;0.56%
01/05/2019;2 813;2 813;2 813;2 813;13 041;36 677 813;0.00%
02/05/2019;2 822;2 813;2 822;2 813;480;1 352 250;0.33%
03/05/2019;2 822;2 813;2 822;2 813;1 081;3 045 380;0.00%
06/05/2019;2 872;2 872;2 872;2 872;1 696;4 870 700;1.77%
07/05/2019;2 872;2 872;2 872;2 872;3 590;10 310 031;0.00%
08/05/2019;2 872;2 872;2 872;2 872;331;950 591;0.00%
09/05/2019;2 788;2 822;2 822;2 788;163;457 164;-2.94%
10/05/2019;2 844;2 872;2 872;2 844;193;551 558;2.02%
13/05/2019;2 806;2 788;2 806;2 788;195;545 391;-1.32%
14/05/2019;2 750;2 750;2 750;2 750;1 611;4 430 250;-2.00%
15/05/2019;2 656;2 656;2 656;2 656;49;130 156;-3.41%
16/05/2019;2 688;2 688;2 688;2 688;356;956 750;1.18%
17/05/2019;2 625;2 656;2 656;2 625;59;155 797;-2.33%
20/05/2019;2 500;2 594;2 594;2 500;1 486;3 784 656;-4.76%
21/05/2019;2 563;2 438;2 563;2 438;555;1 387 500;2.50%
22/05/2019;2 500;2 500;2 500;2 500;78;195 000;-2.44%
23/05/2019;2 378;2 428;2 428;2 378;12 628;30 346 663;-4.88%
27/05/2019;2 284;2 284;2 284;2 284;6 121;13 982 659;-3.31%
28/05/2019;2 284;2 284;2 284;2 284;2 852;6 515 038;0.00%
29/05/2019;2 284;2 313;2 313;2 284;14;32 178;0.00%
30/05/2019;2 284;2 313;2 313;2 284;14;32 178;0.00%
31/05/2019;2 244;2 284;2 284;2 244;3 265;7 392 164;-1.78%
03/06/2019;2 216;2 216;2 216;2 216;4 790;10 612 844;-1.25%
05/06/2019;2 213;2 284;2 284;2 213;80;179 875;-0.14%
06/06/2019;2 284;2 216;2 284;2 216;292;657 000;3.25%
07/06/2019;2 281;2 284;2 284;2 281;115;262 523;-0.14%
11/06/2019;2 219;2 281;2 281;2 219;68;153 000;-2.74%
12/06/2019;2 284;2 219;2 284;2 219;856;1 927 338;2.96%
13/06/2019;2 188;2 284;2 284;2 188;243;543 333;-4.24%
14/06/2019;2 188;2 234;2 234;2 188;1 056;2 334 750;0.00%
17/06/2019;2 219;2 188;2 219;2 188;1 740;3 833 438;1.43%
18/06/2019;2 219;2 284;2 284;2 219;1 440;3 242 250;0.00%
19/06/2019;2 234;2 219;2 234;2 219;548;1 220 156;0.70%
20/06/2019;2 219;2 250;2 250;2 219;4 576;10 224 500;-0.70%
21/06/2019;2 188;2 188;2 188;2 188;1 955;4 276 563;-1.41%
24/06/2019;2 188;2 184;2 188;2 184;662;1 447 091;0.00%
25/06/2019;2 144;2 184;2 184;2 144;1 732;3 748 156;-2.00%
26/06/2019;2 184;2 138;2 184;2 138;3 323;7 180 795;1.90%
27/06/2019;2 156;2 156;2 156;2 156;481;1 037 156;-1.29%
28/06/2019;2 138;2 156;2 156;2 138;755;1 620 891;-0.87%
02/07/2019;2 156;2 156;2 156;2 156;4 027;8 683 219;0.88%
03/07/2019;2 156;2 156;2 156;2 156;472;1 017 750;0.00%
04/07/2019;2 156;2 156;2 156;2 156;86;185 438;0.00%
05/07/2019;2 138;2 153;2 153;2 138;4 883;10 475 561;-0.87%
08/07/2019;2 138;2 153;2 153;2 138;728;1 561 788;0.00%
09/07/2019;2 138;2 125;2 138;2 125;902;1 922 388;0.00%
10/07/2019;2 138;2 156;2 156;2 138;187;401 466;0.00%
11/07/2019;2 125;2 138;2 138;2 125;156;332 475;-0.58%
12/07/2019;2 138;2 138;2 138;2 138;44;94 050;0.59%
15/07/2019;2 138;2 138;2 138;2 138;872;1 863 900;0.00%
16/07/2019;2 113;2 138;2 138;2 113;336;714 000;-1.17%
17/07/2019;2 094;2 113;2 113;2 094;160;336 500;-0.89%
18/07/2019;2 075;2 091;2 091;2 075;364;758 144;-0.90%
19/07/2019;2 075;2 075;2 075;2 075;144;298 800;0.00%
22/07/2019;2 094;2 094;2 094;2 094;96;201 000;0.90%
23/07/2019;2 113;2 097;2 113;2 097;1 404;2 954 981;0.90%
24/07/2019;2 113;2 113;2 113;2 113;624;1 318 200;0.00%
25/07/2019;2 113;2 113;2 113;2 113;72;152 100;0.00%
26/07/2019;2 119;2 153;2 153;2 119;235;501 945;0.30%
29/07/2019;2 188;2 125;2 188;2 125;3 233;6 971 156;3.24%
30/07/2019;2 125;2 188;2 188;2 125;251;541 219;-2.86%
31/07/2019;2 125;2 125;2 125;2 125;1;2 125;0.00%
01/08/2019;2 188;2 188;2 188;2 188;16;35 000;2.94%
02/08/2019;2 188;2 188;2 188;2 188;113;247 188;0.00%
05/08/2019;2 188;2 188;2 188;2 188;184;402 500;0.00%
06/08/2019;2 188;2 188;2 188;2 188;200;437 500;0.00%
07/08/2019;2 188;2 188;2 188;2 188;200;437 500;0.00%
08/08/2019;2 125;2 188;2 188;2 125;948;2 044 125;-2.86%
09/08/2019;2 125;2 184;2 184;2 125;302;650 716;0.00%
12/08/2019;2 125;2 184;2 184;2 125;302;650 716;0.00%
13/08/2019;2 181;2 125;2 181;2 125;422;908 619;2.65%
14/08/2019;2 125;2 125;2 125;2 125;1 446;3 072 750;-2.58%
15/08/2019;2 125;2 125;2 125;2 125;1 446;3 072 750;0.00%
16/08/2019;2 119;2 122;2 122;2 119;1 064;2 256 013;-0.29%
19/08/2019;2 125;2 119;2 125;2 119;577;1 224 322;0.29%
20/08/2019;2 125;2 125;2 125;2 125;1 452;3 085 500;0.00%
21/08/2019;2 153;2 122;2 153;2 122;388;829 350;1.32%
23/08/2019;2 106;2 122;2 122;2 106;548;1 158 506;-0.88%
26/08/2019;2 125;2 097;2 125;2 097;3 688;7 785 138;0.89%
27/08/2019;2 188;2 125;2 188;2 125;635;1 369 219;2.94%
28/08/2019;2 125;2 113;2 125;2 113;1 248;2 644 200;-2.86%
29/08/2019;2 125;2 125;2 125;2 125;3 688;7 837 000;0.00%
30/08/2019;2 125;2 094;2 125;2 094;710;1 497 656;0.00%
02/09/2019;2 122;2 119;2 122;2 119;1 920;4 071 000;-0.15%
03/09/2019;2 091;2 094;2 094;2 091;601;1 257 405;-1.47%
04/09/2019;2 091;2 088;2 091;2 088;2 443;5 103 580;0.00%
05/09/2019;2 091;2 091;2 091;2 091;409;855 066;0.00%
06/09/2019;2 075;2 088;2 088;2 075;748;1 556 775;-0.75%
09/09/2019;2 081;2 075;2 081;2 075;756;1 571 063;0.30%
10/09/2019;2 063;2 059;2 063;2 059;854;1 760 041;-0.90%
11/09/2019;2 031;2 034;2 034;2 031;651;1 323 361;-1.52%
12/09/2019;2 066;2 063;2 066;2 063;616;1 271 463;1.69%
13/09/2019;2 063;2 063;2 063;2 063;123;253 688;-0.15%
16/09/2019;2 188;2 063;2 188;2 063;2 724;5 788 500;6.06%
17/09/2019;2 188;2 188;2 188;2 188;92;201 250;0.00%
18/09/2019;2 188;2 188;2 188;2 188;323;706 563;0.00%
19/09/2019;2 188;2 188;2 188;2 188;502;1 098 125;0.00%
20/09/2019;2 125;2 188;2 188;2 125;2 905;6 263 906;-2.86%
23/09/2019;2 125;2 125;2 125;2 125;160;340 000;0.00%
24/09/2019;2 106;2 103;2 106;2 103;19 296;40 612 050;-0.88%
25/09/2019;2 094;2 094;2 094;2 094;3 184;6 666 500;-0.59%
26/09/2019;2 056;2 097;2 097;2 056;3 078;6 391 659;-1.79%
27/09/2019;2 003;2 056;2 056;2 003;1 675;3 399 727;-2.58%
30/09/2019;2 003;2 019;2 019;2 003;464;933 075;0.00%
01/10/2019;2 003;2 003;2 003;2 003;1 073;2 149 353;0.00%
02/10/2019;2 000;2 003;2 003;2 000;1 777;3 556 777;-0.16%
03/10/2019;2 000;2 000;2 000;2 000;568;1 136 000;0.00%
04/10/2019;2 006;2 000;2 006;2 000;457;915 428;0.31%
07/10/2019;2 006;2 013;2 013;2 006;3 745;7 525 109;0.00%
08/10/2019;2 000;2 000;2 000;2 000;209;418 000;-0.31%
09/10/2019;1 969;1 969;1 969;1 969;153;301 219;-1.56%
10/10/2019;1 938;1 969;1 969;1 938;521;1 017 578;-1.59%
11/10/2019;1 938;1 938;1 938;1 938;235;455 313;0.00%
14/10/2019;1 938;1 944;1 944;1 938;416;807 300;0.00%
15/10/2019;1 934;1 938;1 938;1 934;179;346 533;-0.16%
16/10/2019;1 906;1 903;1 906;1 903;400;761 875;-1.45%
17/10/2019;1 931;1 931;1 931;1 931;70;135 188;1.31%
18/10/2019;1 900;1 906;1 906;1 900;243;462 459;-1.62%
21/10/2019;1 903;1 906;1 906;1 903;905;1 723 742;0.16%
22/10/2019;1 878;1 906;1 906;1 878;8 782;16 617 191;-1.31%
23/10/2019;1 878;1 881;1 881;1 878;552;1 037 588;0.00%
24/10/2019;1 931;1 878;1 931;1 878;7 057;13 441 380;2.83%
25/10/2019;1 931;1 938;1 938;1 931;771;1 491 403;0.00%
28/10/2019;1 969;1 969;1 969;1 969;48;94 500;1.94%
29/10/2019;1 875;1 969;1 969;1 875;3 745;7 197 422;-4.76%
30/10/2019;1 906;1 906;1 906;1 906;387;737 719;1.67%
31/10/2019;1 875;1 906;1 906;1 875;409;773 266;-1.64%
01/11/2019;1 875;1 906;1 906;1 875;409;773 266;0.00%
04/11/2019;1 875;1 875;1 875;1 875;1 091;2 045 625;0.00%
05/11/2019;1 875;1 875;1 875;1 875;176;330 000;0.00%
07/11/2019;1 869;1 869;1 869;1 869;3;5 606;-0.33%
08/11/2019;1 750;1 813;1 813;1 750;940;1 674 375;-6.35%
11/11/2019;1 763;1 763;1 763;1 763;3 259;5 743 988;0.71%
12/11/2019;1 844;1 844;1 844;1 844;40;73 750;4.61%
13/11/2019;1 809;1 816;1 816;1 809;448;812 000;-1.86%
14/11/2019;1 756;1 781;1 781;1 756;1 355;2 396 656;-2.94%
18/11/2019;1 750;1 763;1 763;1 750;1 768;3 105 050;-0.36%
19/11/2019;1 738;1 756;1 756;1 738;721;1 259 497;-0.71%
21/11/2019;1 719;1 750;1 750;1 719;2 643;4 583 953;-1.79%
22/11/2019;1 747;1 750;1 750;1 747;1 040;1 818 375;1.64%
25/11/2019;1 753;1 722;1 753;1 722;2 240;3 892 000;0.36%
26/11/2019;1 688;1 688;1 688;1 688;2 464;4 158 000;-3.74%
27/11/2019;1 688;1 691;1 691;1 688;2 052;3 465 956;0.00%
28/11/2019;1 750;1 750;1 750;1 750;164;287 000;3.70%
29/11/2019;1 750;1 750;1 750;1 750;496;868 000;0.00%
02/12/2019;1 756;1 781;1 781;1 756;425;751 719;0.36%
03/12/2019;1 781;1 759;1 781;1 759;585;1 035 633;1.42%
04/12/2019;1 819;1 819;1 819;1 819;16;29 100;2.11%
06/12/2019;1 938;1 875;1 938;1 875;2 515;4 794 219;6.53%
09/12/2019;1 938;1 938;1 938;1 938;7 201;13 951 938;0.00%
10/12/2019;2 081;1 938;2 081;1 938;3 940;7 916 938;7.42%
11/12/2019;2 094;2 097;2 097;2 094;1 188;2 489 231;0.60%
12/12/2019;2 125;2 122;2 125;2 122;1 408;2 989 800;1.49%
13/12/2019;2 247;2 159;2 247;2 159;208;458 250;5.74%
16/12/2019;2 188;2 247;2 247;2 188;163;361 402;-2.64%
17/12/2019;2 250;2 188;2 250;2 188;1 076;2 387 375;2.86%
18/12/2019;2 313;2 191;2 313;2 191;633;1 425 239;2.78%
19/12/2019;2 250;2 313;2 313;2 250;3 492;7 966 125;-2.70%
20/12/2019;2 250;2 250;2 250;2 250;731;1 644 750;0.00%
23/12/2019;2 200;2 197;2 200;2 197;14;30 778;-2.22%
24/12/2019;2 200;2 200;2 200;2 200;20;44 000;0.00%
25/12/2019;2 200;2 200;2 200;2 200;20;44 000;0.00%
26/12/2019;2 197;2 200;2 200;2 197;235;516 633;-0.14%
27/12/2019;2 163;2 194;2 194;2 163;329;716 603;-1.56%
30/12/2019;2 003;2 159;2 159;2 003;659;1 371 544;-7.37%
31/12/2019;2 116;2 003;2 116;2 003;6 934;14 279 706;5.62%
01/01/2020;2 116;2 003;2 116;2 003;6 934;14 279 706;0.00%
02/01/2020;2 219;2 116;2 219;2 116;3 836;8 313 331;4.87%
03/01/2020;2 188;2 188;2 188;2 188;544;1 190 000;-1.41%
06/01/2020;2 188;2 219;2 219;2 188;3 620;7 975 313;0.00%
07/01/2020;2 125;2 125;2 125;2 125;48;102 000;-2.86%
08/01/2020;2 125;2 125;2 125;2 125;256;544 000;0.00%
09/01/2020;2 063;2 119;2 119;2 063;1 664;3 478 800;-2.94%
10/01/2020;2 122;2 122;2 122;2 122;1;2 122;2.88%
13/01/2020;2 063;2 122;2 122;2 063;2 912;6 092 450;-2.80%
14/01/2020;2 003;2 063;2 063;2 003;214;435 022;-2.88%
15/01/2020;2 059;2 063;2 063;2 059;1 417;2 920 348;2.81%
16/01/2020;2 125;2 063;2 125;2 063;1 676;3 509 125;3.19%
17/01/2020;2 125;2 125;2 125;2 125;619;1 315 375;0.00%
20/01/2020;2 125;2 125;2 125;2 125;668;1 419 500;0.00%
21/01/2020;2 125;2 125;2 125;2 125;448;952 000;0.00%
22/01/2020;2 128;2 128;2 128;2 128;4;8 513;0.15%
23/01/2020;2 188;2 188;2 188;2 188;8 016;17 535 000;2.79%
24/01/2020;2 191;2 188;2 191;2 188;1 849;4 047 577;0.14%
27/01/2020;2 188;2 194;2 194;2 188;1 731;3 791 972;-0.14%
28/01/2020;2 184;2 181;2 184;2 181;796;1 737 519;-0.14%
29/01/2020;2 156;2 184;2 184;2 156;7 025;15 246 445;-1.29%
30/01/2020;2 219;2 131;2 219;2 131;433;941 775;2.90%
31/01/2020;2 250;2 269;2 269;2 250;92;207 863;1.41%
03/02/2020;2 406;2 253;2 406;2 253;2 888;6 728 138;6.94%
04/02/2020;2 253;2 375;2 375;2 253;1 089;2 520 014;-6.36%
05/02/2020;2 253;2 253;2 253;2 253;249;561 028;0.00%
06/02/2020;2 250;2 281;2 281;2 250;470;1 064 844;-0.14%
07/02/2020;2 250;2 253;2 253;2 250;968;2 179 513;0.00%
10/02/2020;2 188;2 250;2 250;2 188;2 640;5 857 500;-2.78%
11/02/2020;2 188;2 125;2 188;2 125;2 656;5 727 000;0.00%
12/02/2020;2 188;2 125;2 188;2 125;2 656;5 727 000;0.00%
13/02/2020;2 125;2 125;2 125;2 125;524;1 113 500;-2.86%
14/02/2020;2 128;2 125;2 128;2 125;1 403;2 983 567;0.15%
17/02/2020;2 128;2 128;2 128;2 128;305;649 078;0.00%
18/02/2020;2 125;2 125;2 125;2 125;208;442 000;-0.15%
19/02/2020;2 125;2 128;2 128;2 125;179;380 655;0.00%
20/02/2020;2 125;2 125;2 125;2 125;1 320;2 805 000;0.00%
21/02/2020;2 188;2 188;2 188;2 188;51;111 563;2.94%
24/02/2020;2 128;2 156;2 156;2 128;1 160;2 484 938;-2.71%
25/02/2020;2 188;2 128;2 188;2 128;164;353 881;2.79%
26/02/2020;2 188;2 181;2 188;2 181;224;489 300;0.00%
27/02/2020;2 188;2 125;2 188;2 125;937;2 020 406;0.00%
28/02/2020;2 188;2 188;2 188;2 188;9;19 688;0.00%
02/03/2020;2 313;2 313;2 313;2 313;689;1 593 313;5.71%
03/03/2020;2 313;2 313;2 313;2 313;118;272 875;0.00%
04/03/2020;2 159;2 188;2 188;2 159;57;123 886;-6.62%
05/03/2020;2 188;2 250;2 250;2 188;220;488 125;1.30%
06/03/2020;2 188;2 188;2 188;2 188;104;227 500;0.00%
09/03/2020;2 194;2 194;2 194;2 194;48;105 300;0.29%
10/03/2020;2 194;2 194;2 194;2 194;227;497 981;0.00%
11/03/2020;2 225;2 188;2 225;2 188;664;1 464 950;1.42%
12/03/2020;2 225;2 250;2 250;2 225;153;342 338;0.00%
13/03/2020;2 250;2 225;2 250;2 225;483;1 080 713;1.12%
16/03/2020;2 250;2 250;2 250;2 250;724;1 629 000;0.00%
17/03/2020;2 300;2 250;2 300;2 250;73;166 075;2.22%
18/03/2020;2 372;2 375;2 375;2 372;726;1 723 116;3.13%
19/03/2020;2 375;2 375;2 375;2 375;1 616;3 838 000;0.13%
20/03/2020;2 344;2 375;2 375;2 344;3 683;8 689 578;-1.32%
23/03/2020;2 313;2 344;2 344;2 313;1 976;4 600 375;-1.33%
24/03/2020;2 344;2 250;2 344;2 250;1 092;2 508 188;1.35%
25/03/2020;2 344;2 344;2 344;2 344;244;571 875;0.00%
27/03/2020;2 325;2 325;2 325;2 325;163;378 975;-0.80%
30/03/2020;2 309;2 313;2 313;2 309;204;471 431;-0.67%
31/03/2020;2 219;2 250;2 250;2 219;177;395 484;-3.92%
01/04/2020;2 219;2 188;2 219;2 188;164;361 313;0.00%
02/04/2020;2 184;2 250;2 250;2 184;558;1 237 191;-1.55%
03/04/2020;2 188;2 216;2 216;2 188;462;1 017 122;0.14%
06/04/2020;2 128;2 125;2 128;2 125;224;476 350;-2.71%
07/04/2020;2 219;2 125;2 219;2 125;4 140;8 991 563;4.26%
08/04/2020;2 219;2 219;2 219;2 219;710;1 575 313;0.00%
09/04/2020;2 250;2 250;2 250;2 250;1 052;2 367 000;1.41%
10/04/2020;2 250;2 253;2 253;2 250;609;1 371 202;0.00%
13/04/2020;2 250;2 253;2 253;2 250;609;1 371 202;0.00%
14/04/2020;2 313;2 306;2 313;2 306;13 201;30 486 059;2.78%
15/04/2020;2 313;2 313;2 313;2 313;8 244;19 064 250;0.00%
16/04/2020;2 313;2 313;2 313;2 313;278;642 875;0.00%
17/04/2020;2 313;2 338;2 338;2 313;289;671 925;0.00%
20/04/2020;2 344;2 338;2 344;2 338;2 424;5 673 675;1.35%
21/04/2020;2 369;2 369;2 369;2 369;1 360;3 221 500;1.07%
22/04/2020;2 406;2 369;2 406;2 369;7 363;17 579 163;1.58%
23/04/2020;2 406;2 406;2 406;2 406;121;291 156;0.00%
24/04/2020;2 406;2 406;2 406;2 406;278;668 938;0.00%
27/04/2020;2 434;2 406;2 434;2 406;3 520;8 519 500;1.17%
28/04/2020;2 375;2 322;2 375;2 322;1 078;2 531 616;-2.44%
29/04/2020;2 406;2 375;2 406;2 375;137;327 516;1.32%
30/04/2020;2 391;2 406;2 406;2 391;417;1 000 148;-0.65%
01/05/2020;2 391;2 406;2 406;2 391;417;1 000 148;0.00%
04/05/2020;2 391;2 406;2 406;2 391;4 683;11 231 883;0.00%
05/05/2020;2 406;2 375;2 406;2 375;8 004;19 134 563;0.65%
06/05/2020;2 406;2 409;2 409;2 406;91;219 111;0.00%
07/05/2020;2 378;2 406;2 406;2 378;462;1 105 191;-1.17%
08/05/2020;2 406;2 378;2 406;2 378;10 129;24 230 467;1.18%
11/05/2020;2 378;2 375;2 378;2 375;1 307;3 106 167;-1.17%
12/05/2020;2 406;2 400;2 406;2 400;9 488;22 800 850;1.18%
13/05/2020;2 413;2 406;2 413;2 406;2 544;6 129 450;0.26%
14/05/2020;2 375;2 422;2 422;2 375;1 038;2 489 578;-1.55%
15/05/2020;2 375;2 375;2 375;2 375;7 059;16 765 125;0.00%
18/05/2020;2 109;2 109;2 109;2 109;16;33 750;-11.18%
19/05/2020;2 125;2 109;2 125;2 109;14;29 641;0.74%
22/05/2020;2 125;2 109;2 125;2 109;1 993;4 219 555;0.00%
25/05/2020;2 125;2 125;2 125;2 125;1 808;3 842 000;0.00%
26/05/2020;2 188;2 125;2 188;2 125;72;155 250;2.94%
27/05/2020;2 181;2 156;2 181;2 156;1 091;2 366 106;-0.29%
28/05/2020;2 181;2 159;2 181;2 159;2 403;5 215 261;0.00%
29/05/2020;2 188;2 181;2 188;2 181;1 414;3 088 706;0.29%
01/06/2020;2 188;2 181;2 188;2 181;1 414;3 088 706;0.00%
02/06/2020;2 188;2 156;2 188;2 156;1 329;2 886 422;0.00%
03/06/2020;2 188;2 188;2 188;2 188;1 792;3 920 000;0.00%
04/06/2020;2 188;2 191;2 191;2 188;1 136;2 486 775;0.00%
05/06/2020;2 219;2 188;2 219;2 188;3 411;7 514 859;1.43%
08/06/2020;2 188;2 219;2 219;2 188;2 240;4 935 000;-1.41%
09/06/2020;2 188;2 188;2 188;2 188;160;350 000;0.00%
10/06/2020;2 125;2 188;2 188;2 125;64;138 000;-2.86%
12/06/2020;2 188;2 156;2 188;2 156;7 492;16 271 688;2.94%
15/06/2020;2 063;2 188;2 188;2 063;950;2 018 750;-5.71%
16/06/2020;2 125;2 066;2 125;2 066;16 192;33 927 300;3.03%
17/06/2020;2 125;2 122;2 125;2 122;376;798 413;0.00%
18/06/2020;2 125;2 125;2 125;2 125;62;131 750;0.00%
19/06/2020;2 131;2 131;2 131;2 131;64;136 400;0.29%
22/06/2020;2 131;2 131;2 131;2 131;9 456;20 153 100;0.00%
23/06/2020;2 134;2 188;2 188;2 134;1 672;3 613 088;0.15%
24/06/2020;2 156;2 156;2 156;2 156;208;448 500;1.02%
25/06/2020;2 159;2 266;2 266;2 159;216;477 900;0.14%
26/06/2020;2 163;2 163;2 163;2 163;73;157 863;0.14%
29/06/2020;2 322;2 247;2 322;2 247;312;712 725;7.37%
30/06/2020;2 325;2 313;2 325;2 313;3 392;7 865 200;0.13%
01/07/2020;2 309;2 281;2 309;2 281;92;211 169;-0.67%
02/07/2020;2 325;2 309;2 325;2 309;286;662 716;0.68%
03/07/2020;2 325;2 313;2 325;2 313;1 200;2 782 500;0.00%
08/07/2020;2 188;2 188;2 188;2 188;504;1 102 500;-5.91%
09/07/2020;2 313;2 313;2 313;2 313;352;814 000;5.71%
10/07/2020;2 200;2 244;2 244;2 200;1 312;2 915 100;-4.86%
13/07/2020;2 231;2 231;2 231;2 231;38;84 788;1.42%
15/07/2020;2 200;2 231;2 231;2 200;105;232 641;-1.40%
16/07/2020;2 134;2 231;2 231;2 134;996;2 174 081;-2.98%
17/07/2020;2 131;2 156;2 156;2 131;864;1 852 200;-0.15%
20/07/2020;2 134;2 188;2 188;2 134;696;1 504 013;0.15%
21/07/2020;2 188;2 219;2 219;2 188;32;70 500;2.49%
22/07/2020;2 181;2 181;2 181;2 181;14;30 538;-0.29%
24/07/2020;2 181;2 181;2 181;2 181;4;8 725;0.00%
27/07/2020;2 125;2 134;2 134;2 125;499;1 062 714;-2.58%
28/07/2020;2 091;2 125;2 125;2 091;257;541 708;-1.62%
29/07/2020;2 125;2 063;2 125;2 063;3 204;6 708 375;1.64%
30/07/2020;2 125;2 125;2 125;2 125;1 168;2 482 000;0.00%
31/07/2020;2 125;2 125;2 125;2 125;1 168;2 482 000;0.00%
03/08/2020;2 125;2 131;2 131;2 125;419;891 684;0.00%
04/08/2020;2 125;2 125;2 125;2 125;228;484 500;0.00%
05/08/2020;2 125;2 125;2 125;2 125;1 432;3 043 000;0.00%
10/08/2020;2 188;2 131;2 188;2 131;11 078;23 921 556;2.94%
11/08/2020;2 188;2 156;2 188;2 156;177;384 422;0.00%
12/08/2020;2 250;2 244;2 250;2 244;5 240;11 773 625;2.86%
13/08/2020;2 250;2 250;2 250;2 250;208;468 000;0.00%
14/08/2020;2 250;2 250;2 250;2 250;140;315 000;0.00%
17/08/2020;2 256;2 250;2 256;2 250;112;252 350;0.28%
18/08/2020;2 250;2 256;2 256;2 250;552;1 243 725;-0.28%
21/08/2020;2 063;2 125;2 125;2 063;952;1 993 250;-8.33%
24/08/2020;2 125;2 125;2 125;2 125;331;703 375;3.03%
25/08/2020;2 094;2 122;2 122;2 094;2 918;6 150 597;-1.47%
26/08/2020;2 097;2 097;2 097;2 097;480;1 006 500;0.15%
27/08/2020;2 063;2 063;2 063;2 063;1 012;2 087 250;-1.64%
28/08/2020;2 097;2 103;2 103;2 097;9 017;18 935 700;1.67%
31/08/2020;2 097;2 063;2 097;2 063;1 328;2 761 825;0.00%
01/09/2020;2 094;2 125;2 125;2 094;521;1 098 984;-0.15%
02/09/2020;2 097;2 097;2 097;2 097;320;671 000;0.15%
03/09/2020;2 000;2 100;2 100;2 000;140;287 000;-4.62%
04/09/2020;2 097;2 097;2 097;2 097;1 990;4 172 781;4.84%
07/09/2020;2 100;2 100;2 100;2 100;161;338 100;0.15%
08/09/2020;2 097;2 100;2 100;2 097;1 916;4 020 606;-0.15%
09/09/2020;2 097;2 063;2 097;2 063;460;956 656;0.00%
10/09/2020;2 063;2 066;2 066;2 063;267;551 105;-1.64%
11/09/2020;2 094;2 066;2 094;2 066;137;284 917;1.52%
14/09/2020;2 063;2 094;2 094;2 063;787;1 635 484;-1.49%
15/09/2020;2 122;2 122;2 122;2 122;80;169 750;2.88%
16/09/2020;2 122;2 063;2 122;2 063;2 356;4 929 194;0.00%
17/09/2020;2 125;2 122;2 125;2 122;3 608;7 661 363;0.15%
18/09/2020;2 125;2 125;2 125;2 125;1 619;3 440 375;0.00%
21/09/2020;2 063;2 094;2 094;2 063;1 731;3 597 234;-2.94%
22/09/2020;2 122;2 063;2 122;2 063;473;989 605;2.88%
23/09/2020;2 122;2 063;2 122;2 063;473;989 605;0.00%
24/09/2020;2 122;2 063;2 122;2 063;473;989 605;0.00%
25/09/2020;2 122;2 063;2 122;2 063;473;989 605;0.00%
28/09/2020;2 313;2 188;2 313;2 188;3 416;7 686 000;8.98%
29/09/2020;2 250;2 141;2 250;2 141;104;228 313;-2.70%
01/10/2020;2 156;2 206;2 206;2 156;7 297;15 916 581;-4.17%
02/10/2020;2 156;2 188;2 188;2 156;8 163;17 729 016;0.00%
05/10/2020;2 122;2 156;2 156;2 122;9 664;20 671 900;-1.59%
06/10/2020;2 156;2 125;2 156;2 125;14 544;31 133 250;1.62%
07/10/2020;2 156;2 156;2 156;2 156;3 768;8 124 750;0.00%
08/10/2020;2 156;2 156;2 156;2 156;32;69 000;0.00%
09/10/2020;2 128;2 150;2 150;2 128;184;393 588;-1.30%
12/10/2020;2 156;2 156;2 156;2 156;884;1 906 125;1.32%
13/10/2020;2 125;2 128;2 128;2 125;248;527 388;-1.45%
14/10/2020;2 156;2 156;2 156;2 156;41;88 406;1.47%
16/10/2020;2 156;2 156;2 156;2 156;32;69 000;0.00%
19/10/2020;2 188;2 156;2 188;2 156;323;701 516;1.45%
20/10/2020;2 156;2 156;2 156;2 156;244;526 125;-1.43%
22/10/2020;2 156;2 156;2 156;2 156;240;517 500;0.00%
23/10/2020;2 156;2 156;2 156;2 156;400;862 500;0.00%
26/10/2020;2 125;2 159;2 159;2 125;8 913;19 093 317;-1.45%
27/10/2020;2 094;2 125;2 125;2 094;6 080;12 825 000;-1.47%
28/10/2020;2 125;2 097;2 125;2 097;1 576;3 326 838;1.49%
29/10/2020;2 125;2 097;2 125;2 097;1 576;3 326 838;0.00%
30/10/2020;2 063;2 125;2 125;2 063;2 315;4 847 031;-2.94%
02/11/2020;1 941;2 031;2 031;1 941;1 195;2 373 195;-5.91%
03/11/2020;1 972;1 966;1 972;1 966;752;1 480 500;1.61%
04/11/2020;2 063;2 063;2 063;2 063;16;33 000;4.60%
05/11/2020;2 063;2 031;2 063;2 031;112;229 250;0.00%
09/11/2020;2 188;2 188;2 188;2 188;16;35 000;6.06%
10/11/2020;2 031;2 031;2 031;2 031;2 744;5 573 750;-7.14%
11/11/2020;2 031;2 063;2 063;2 031;43 721;89 491 422;0.00%
12/11/2020;2 000;2 000;2 000;2 000;832;1 664 000;-1.54%
13/11/2020;1 941;1 969;1 969;1 941;26 284;51 377 006;-2.97%
16/11/2020;1 938;1 944;1 944;1 938;2 739;5 315 372;-0.16%
17/11/2020;1 938;1 938;1 938;1 938;5 070;9 823 125;0.00%
18/11/2020;1 916;1 938;1 938;1 916;969;1 866 839;-1.13%
19/11/2020;1 938;1 934;1 938;1 934;9 836;19 041 881;1.14%
20/11/2020;1 988;1 988;1 988;1 988;56;111 300;2.58%
23/11/2020;2 031;1 988;2 031;1 988;1 004;2 017 413;2.20%
24/11/2020;2 000;2 063;2 063;2 000;555;1 127 344;-1.54%
25/11/2020;2 000;2 000;2 000;2 000;329;658 000;0.00%
26/11/2020;2 063;2 006;2 063;2 006;1 841;3 745 284;3.13%
27/11/2020;2 181;2 181;2 181;2 181;272;593 300;5.76%
30/11/2020;2 066;2 066;2 066;2 066;48;99 150;-5.30%
01/12/2020;2 088;2 066;2 088;2 066;1 793;3 723 277;1.06%
02/12/2020;2 094;2 063;2 094;2 063;10 163;21 119 984;0.30%
03/12/2020;2 063;2 063;2 063;2 063;19 683;40 596 188;-1.49%
04/12/2020;2 066;2 063;2 066;2 063;3 499;7 222 155;0.15%
07/12/2020;2 094;2 063;2 094;2 063;11 168;23 208 500;1.36%
08/12/2020;2 097;2 094;2 097;2 094;8 008;16 779 263;0.15%
09/12/2020;2 063;2 094;2 094;2 063;3 200;6 650 000;-1.64%
10/12/2020;2 031;2 066;2 066;2 031;8 600;17 616 563;-1.52%
11/12/2020;2 031;2 031;2 031;2 031;32;65 000;0.00%
14/12/2020;2 063;2 063;2 063;2 063;3 200;6 600 000;1.54%
15/12/2020;2 063;2 072;2 072;2 063;6 552;13 544 213;0.00%
16/12/2020;2 063;2 063;2 063;2 063;20 276;41 819 250;0.00%
17/12/2020;2 063;2 063;2 063;2 063;11 852;24 444 750;0.00%
18/12/2020;2 066;2 031;2 066;2 031;496;1 016 025;0.15%
21/12/2020;2 091;2 084;2 091;2 084;148;308 950;1.21%
22/12/2020;2 156;2 094;2 156;2 094;5 027;10 682 375;3.14%
23/12/2020;2 163;2 163;2 163;2 163;2 737;5 918 763;0.29%
24/12/2020;2 141;2 125;2 141;2 125;404;861 656;-1.01%
25/12/2020;2 141;2 125;2 141;2 125;404;861 656;0.00%
28/12/2020;2 156;2 188;2 188;2 156;11 686;25 380 531;0.73%
29/12/2020;2 188;2 156;2 188;2 156;16 217;35 221 297;1.45%
30/12/2020;2 094;2 156;2 156;2 094;977;2 076 125;-4.29%
31/12/2020;2 188;2 109;2 188;2 109;9 628;20 685 156;4.48%
04/01/2021;2 125;2 125;2 125;2 125;240;510 000;-2.86%
05/01/2021;2 100;2 122;2 122;2 100;603;1 272 895;-1.18%
06/01/2021;2 103;2 103;2 103;2 103;403;847 559;0.15%
07/01/2021;2 091;2 094;2 094;2 091;1 593;3 332 855;-0.59%
08/01/2021;2 103;2 091;2 103;2 091;227;475 991;0.60%
11/01/2021;2 097;2 094;2 097;2 094;534;1 118 897;-0.30%
12/01/2021;2 094;2 097;2 097;2 094;2 665;5 584 008;-0.15%
13/01/2021;2 094;2 094;2 094;2 094;80;167 500;0.00%
14/01/2021;2 097;2 094;2 097;2 094;1 499;3 140 873;0.15%
15/01/2021;2 106;2 097;2 106;2 097;1 241;2 608 039;0.45%
19/01/2021;2 188;2 125;2 188;2 125;9 787;21 103 219;3.86%
20/01/2021;2 188;2 188;2 188;2 188;10 422;22 798 125;0.00%
21/01/2021;2 188;2 188;2 188;2 188;16 035;35 076 563;0.00%
22/01/2021;2 188;2 188;2 188;2 188;803;1 756 563;0.00%
25/01/2021;2 188;2 188;2 188;2 188;64;140 000;0.00%
27/01/2021;2 219;2 219;2 219;2 219;30 494;67 658 563;1.43%
28/01/2021;2 219;2 219;2 219;2 219;142;315 063;0.00%
29/01/2021;2 219;2 244;2 244;2 219;264;589 050;0.00%
01/02/2021;2 219;2 219;2 219;2 219;3 516;7 801 125;0.00%
02/02/2021;2 219;2 225;2 225;2 219;29 233;64 952 072;0.00%
03/02/2021;2 244;2 241;2 244;2 241;23 112;51 821 438;1.13%
04/02/2021;2 247;2 222;2 247;2 222;3 294;7 360 031;0.14%
05/02/2021;2 250;2 247;2 250;2 247;1 752;3 939 263;0.14%
08/02/2021;2 247;2 247;2 247;2 247;118;265 131;-0.14%
09/02/2021;2 231;2 247;2 247;2 231;411;920 255;-0.70%
10/02/2021;2 250;2 228;2 250;2 228;164;367 206;0.84%
11/02/2021;2 231;2 250;2 250;2 231;328;734 925;-0.83%
12/02/2021;2 250;2 231;2 250;2 231;8 552;19 161 825;0.84%
15/02/2021;2 250;2 231;2 250;2 231;48;107 550;0.00%
16/02/2021;2 250;2 247;2 250;2 247;11 360;25 542 250;0.00%
17/02/2021;2 234;2 250;2 250;2 234;8 891;19 935 289;-0.69%
18/02/2021;2 250;2 250;2 250;2 250;2 769;6 230 250;0.70%
19/02/2021;2 250;2 250;2 250;2 250;10 657;23 978 250;0.00%
22/02/2021;2 244;2 250;2 250;2 244;7 102;15 957 306;-0.28%
23/02/2021;2 250;2 244;2 250;2 244;3 232;7 261 900;0.28%
24/02/2021;2 250;2 247;2 250;2 247;6 302;14 169 653;0.00%
25/02/2021;2 250;2 250;2 250;2 250;5 676;12 771 000;0.00%
26/02/2021;2 375;2 250;2 375;2 250;1 748;4 042 250;5.56%
01/03/2021;2 375;2 250;2 375;2 250;425;982 813;0.00%
02/03/2021;2 263;2 313;2 313;2 263;747;1 708 763;-4.74%
03/03/2021;2 284;2 284;2 284;2 284;3;6 853;0.97%
04/03/2021;2 369;2 375;2 375;2 369;148;351 038;3.69%
05/03/2021;2 338;2 344;2 344;2 338;27;63 197;-1.32%
08/03/2021;2 316;2 316;2 316;2 316;2 000;4 631 250;-0.94%
09/03/2021;2 313;2 331;2 331;2 313;4 222;9 802 956;-0.13%
10/03/2021;2 313;2 313;2 313;2 313;12 267;28 367 438;0.00%
11/03/2021;2 313;2 316;2 316;2 313;16 408;37 969 138;0.00%
12/03/2021;2 375;2 313;2 375;2 313;5 104;11 962 500;2.70%
15/03/2021;2 363;2 313;2 363;2 313;2 064;4 824 600;-0.53%
16/03/2021;2 322;2 363;2 363;2 322;3 240;7 588 688;-1.72%
17/03/2021;2 494;2 444;2 494;2 444;5 364;13 242 375;7.40%
18/03/2021;2 500;2 441;2 500;2 441;5 675;14 019 023;0.25%
19/03/2021;2 500;2 500;2 500;2 500;500;1 250 000;0.00%
22/03/2021;2 494;2 500;2 500;2 494;1 708;4 264 663;-0.25%
23/03/2021;2 494;2 494;2 494;2 494;1 025;2 556 094;0.00%
24/03/2021;2 438;2 481;2 481;2 438;2 771;6 814 928;-2.26%
25/03/2021;2 469;2 438;2 469;2 438;2 409;5 909 578;1.28%
26/03/2021;2 469;2 466;2 469;2 466;1 552;3 829 075;0.00%
29/03/2021;2 406;2 406;2 406;2 406;5 880;14 148 750;-2.53%
30/03/2021;2 406;2 406;2 406;2 406;1 616;3 888 500;0.00%
31/03/2021;2 406;2 406;2 406;2 406;3 755;9 035 469;0.00%
01/04/2021;2 466;2 406;2 466;2 406;12 937;31 513 723;2.47%
02/04/2021;2 438;2 466;2 466;2 438;6 632;16 258 763;-1.14%
05/04/2021;2 438;2 466;2 466;2 438;6 632;16 258 763;0.00%
06/04/2021;2 375;2 434;2 434;2 375;7 652;18 400 669;-2.56%
07/04/2021;2 494;2 375;2 494;2 375;3 377;8 220 884;5.00%
08/04/2021;2 438;2 434;2 438;2 434;83;202 183;-2.26%
09/04/2021;2 438;2 494;2 494;2 438;11 873;29 274 366;0.00%
12/04/2021;2 350;2 438;2 438;2 350;1 140;2 728 875;-3.59%
13/04/2021;2 375;2 359;2 375;2 359;336;795 375;1.06%
14/04/2021;2 438;2 438;2 438;2 438;222;541 125;2.63%
15/04/2021;2 494;2 375;2 494;2 375;446;1 085 731;2.31%
16/04/2021;2 438;2 491;2 491;2 438;1 128;2 779 463;-2.26%
19/04/2021;2 494;2 494;2 494;2 494;464;1 157 100;2.31%
20/04/2021;2 494;2 491;2 494;2 491;174;433 641;0.00%
21/04/2021;2 494;2 491;2 494;2 491;1 923;4 792 477;0.00%
22/04/2021;2 494;2 469;2 494;2 469;262;650 088;0.00%
23/04/2021;2 488;2 494;2 494;2 488;1 046;2 605 194;-0.25%
26/04/2021;2 494;2 494;2 494;2 494;3 019;7 528 631;0.25%
27/04/2021;2 494;2 494;2 494;2 494;156;389 025;0.00%
28/04/2021;2 491;2 494;2 494;2 491;969;2 414 930;-0.13%
29/04/2021;2 475;2 469;2 475;2 469;3 435;8 490 891;-0.63%
30/04/2021;2 463;2 438;2 463;2 438;2 832;6 938 400;-0.51%
03/05/2021;2 475;2 475;2 475;2 475;304;752 400;0.51%
04/05/2021;2 369;2 375;2 375;2 369;227;538 416;-4.29%
05/05/2021;2 313;2 313;2 313;2 313;2 622;6 063 375;-2.37%
06/05/2021;2 309;2 294;2 309;2 294;766;1 762 997;-0.14%
07/05/2021;2 306;2 306;2 306;2 306;899;2 073 319;-0.14%
10/05/2021;2 188;2 188;2 188;2 188;3 555;7 776 563;-5.15%
11/05/2021;2 281;2 188;2 281;2 188;424;947 375;4.29%
12/05/2021;2 281;2 188;2 281;2 188;424;947 375;0.00%
14/05/2021;2 188;2 250;2 250;2 188;916;2 032 375;-4.11%
17/05/2021;2 250;2 188;2 250;2 188;377;836 469;2.86%
18/05/2021;2 250;2 203;2 250;2 203;248;552 188;0.00%
19/05/2021;2 206;2 250;2 250;2 206;1 272;2 834 175;-1.94%
20/05/2021;2 206;2 203;2 206;2 203;2 176;4 797 400;0.00%
21/05/2021;2 206;2 206;2 206;2 206;2 400;5 295 000;0.00%
24/05/2021;2 206;2 206;2 206;2 206;2 400;5 295 000;0.00%
25/05/2021;2 206;2 231;2 231;2 206;876;1 943 625;0.00%
26/05/2021;2 231;2 191;2 231;2 191;408;902 063;1.13%
27/05/2021;2 250;2 250;2 250;2 250;1 622;3 649 500;0.84%
28/05/2021;2 263;2 253;2 263;2 253;859;1 939 461;0.56%
31/05/2021;2 281;2 263;2 281;2 263;481;1 092 772;0.83%
01/06/2021;2 281;2 281;2 281;2 281;219;499 594;0.00%
02/06/2021;2 281;2 281;2 281;2 281;84;191 625;0.00%
03/06/2021;2 278;2 281;2 281;2 278;689;1 570 705;-0.14%
04/06/2021;2 278;2 278;2 278;2 278;1 068;2 433 038;0.00%
07/06/2021;2 278;2 266;2 278;2 266;1 539;3 496 416;0.00%
08/06/2021;2 263;2 266;2 266;2 263;1 673;3 787 777;-0.69%
09/06/2021;2 278;2 263;2 278;2 263;1 595;3 621 148;0.69%
10/06/2021;2 250;2 281;2 281;2 250;572;1 295 938;-1.23%
11/06/2021;2 250;2 250;2 250;2 250;1 289;2 900 250;0.00%
14/06/2021;2 275;2 250;2 275;2 250;582;1 316 775;1.11%
15/06/2021;2 263;2 266;2 266;2 263;664;1 503 338;-0.55%
16/06/2021;2 263;2 272;2 272;2 263;416;943 150;0.00%
17/06/2021;2 269;2 272;2 272;2 269;33;74 920;0.28%
18/06/2021;2 272;2 269;2 272;2 269;835;1 895 711;0.14%
21/06/2021;2 272;2 281;2 281;2 272;1 763;4 013 580;0.00%
22/06/2021;2 281;2 250;2 281;2 250;1 968;4 458 750;0.41%
23/06/2021;2 272;2 272;2 272;2 272;222;504 356;-0.41%
24/06/2021;2 306;2 272;2 306;2 272;2 075;4 749 805;1.51%
25/06/2021;2 434;2 450;2 450;2 434;272;664 275;5.56%
28/06/2021;2 425;2 431;2 431;2 425;1 052;2 554 388;-0.39%
29/06/2021;2 331;2 425;2 425;2 331;459;1 091 559;-3.87%
30/06/2021;2 419;2 331;2 419;2 331;488;1 159 000;3.75%
01/07/2021;2 313;2 419;2 419;2 313;136;321 725;-4.39%
02/07/2021;2 313;2 313;2 313;2 313;577;1 334 313;0.00%
05/07/2021;2 313;2 313;2 313;2 313;1 636;3 783 250;0.00%
06/07/2021;2 328;2 316;2 328;2 316;1 755;4 074 891;0.68%
07/07/2021;2 344;2 328;2 344;2 328;390;911 016;0.67%
08/07/2021;2 344;2 328;2 344;2 328;636;1 485 656;0.00%
09/07/2021;2 313;2 344;2 344;2 313;1 748;4 069 563;-1.33%
12/07/2021;2 284;2 313;2 313;2 284;395;907 883;-1.22%
13/07/2021;2 369;2 281;2 369;2 281;1 379;3 206 175;3.69%
15/07/2021;2 284;2 344;2 344;2 284;184;425 788;-3.56%
16/07/2021;2 344;2 350;2 350;2 344;32;75 100;2.60%
19/07/2021;2 369;2 363;2 369;2 363;163;385 597;1.07%
20/07/2021;2 369;2 363;2 369;2 363;163;385 597;0.00%
21/07/2021;2 313;2 369;2 369;2 313;512;1 198 400;-2.37%
22/07/2021;2 313;2 369;2 369;2 313;512;1 198 400;0.00%
23/07/2021;2 369;2 369;2 369;2 369;72;170 550;2.43%
26/07/2021;2 375;2 375;2 375;2 375;88;209 000;0.26%
27/07/2021;2 406;2 375;2 406;2 375;2 923;6 987 797;1.32%
28/07/2021;2 406;2 406;2 406;2 406;704;1 694 000;0.00%
29/07/2021;2 384;2 375;2 384;2 375;875;2 082 227;-0.91%
30/07/2021;2 406;2 406;2 406;2 406;884;2 127 125;0.92%
02/08/2021;2 406;2 409;2 409;2 406;187;450 261;0.00%
03/08/2021;2 419;2 419;2 419;2 419;1 267;3 064 556;0.52%
04/08/2021;2 463;2 438;2 463;2 438;913;2 236 850;1.81%
05/08/2021;2 419;2 463;2 463;2 419;8 892;21 702 038;-1.78%
06/08/2021;2 438;2 419;2 438;2 419;1 236;3 001 163;0.78%
09/08/2021;2 438;2 406;2 438;2 406;948;2 295 938;0.00%
10/08/2021;2 381;2 406;2 406;2 381;294;703 763;-2.31%
11/08/2021;2 438;2 438;2 438;2 438;132;321 750;2.36%
12/08/2021;2 438;2 438;2 438;2 438;329;801 938;0.00%
13/08/2021;2 438;2 438;2 438;2 438;1 691;4 121 813;0.00%
16/08/2021;2 434;2 438;2 438;2 434;366;891 553;-0.13%
17/08/2021;2 613;2 431;2 613;2 431;32 998;83 216 831;7.32%
18/08/2021;2 594;2 594;2 594;2 594;510;1 322 813;-0.72%
19/08/2021;2 578;2 591;2 591;2 578;14 048;36 305 300;-0.60%
20/08/2021;2 613;2 594;2 613;2 594;12 904;33 590 725;1.33%
23/08/2021;2 625;2 806;2 806;2 625;9 598;26 064 569;0.48%
24/08/2021;2 703;2 625;2 703;2 625;4 244;11 306 281;2.98%
25/08/2021;2 688;2 703;2 703;2 688;3 787;10 207 148;-0.58%
26/08/2021;2 688;2 703;2 703;2 688;5 968;16 085 625;0.00%
27/08/2021;2 656;2 684;2 684;2 656;608;1 623 550;-1.16%
30/08/2021;2 688;2 684;2 688;2 684;184;494 213;1.18%
31/08/2021;2 688;2 703;2 703;2 688;958;2 582 109;0.00%
01/09/2021;2 656;2 688;2 688;2 656;204;545 063;-1.16%
02/09/2021;2 625;2 684;2 684;2 625;561;1 489 280;-1.18%
03/09/2021;2 625;2 625;2 625;2 625;3 960;10 395 000;0.00%
06/09/2021;2 625;2 625;2 625;2 625;763;2 002 875;0.00%
07/09/2021;2 688;2 688;2 688;2 688;422;1 134 125;2.38%
08/09/2021;2 719;2 719;2 719;2 719;5 120;13 920 000;1.16%
09/09/2021;2 703;2 703;2 703;2 703;116;313 563;-0.57%
10/09/2021;2 719;2 725;2 725;2 719;185;503 547;0.58%
13/09/2021;2 706;2 719;2 719;2 706;764;2 072 350;-0.46%
14/09/2021;2 806;2 719;2 806;2 719;1 110;3 066 375;3.70%
15/09/2021;2 781;2 719;2 781;2 719;49;134 750;-0.89%
16/09/2021;2 750;2 766;2 766;2 750;8 062;22 233 484;-1.12%
17/09/2021;2 806;2 806;2 806;2 806;1 326;3 721 088;2.05%
20/09/2021;2 766;2 794;2 794;2 766;1 747;4 856 114;-1.45%
21/09/2021;2 816;2 906;2 906;2 816;350;1 001 328;1.81%
22/09/2021;2 938;2 938;2 938;2 938;11;32 313;4.33%
23/09/2021;2 972;2 938;2 972;2 938;1 139;3 365 389;1.17%
24/09/2021;2 900;2 972;2 972;2 900;10 264;30 134 463;-2.42%
27/09/2021;2 975;2 972;2 975;2 972;305;906 898;2.59%
28/09/2021;2 984;2 822;2 984;2 822;6 230;18 086 469;0.32%
29/09/2021;3 084;3 000;3 084;3 000;8 184;24 897 263;3.35%
30/09/2021;3 003;3 125;3 125;3 003;825;2 527 852;-2.63%
01/10/2021;3 088;3 003;3 088;3 003;6 731;20 497 998;2.81%
04/10/2021;3 000;3 088;3 088;3 000;1 726;5 253 513;-2.83%
05/10/2021;3 063;3 000;3 063;3 000;1 238;3 752 688;2.08%
06/10/2021;3 291;3 250;3 291;3 250;6 540;21 387 844;7.45%
07/10/2021;3 291;3 281;3 291;3 281;1 126;3 699 966;0.00%
08/10/2021;3 281;3 291;3 291;3 281;1 201;3 946 411;-0.28%
11/10/2021;3 250;3 281;3 281;3 250;1 024;3 344 000;-0.95%
12/10/2021;3 184;3 250;3 250;3 184;1 753;5 639 730;-2.02%
13/10/2021;3 141;3 188;3 188;3 141;2 073;6 559 102;-1.37%
14/10/2021;3 188;3 141;3 188;3 141;1 664;5 265 000;1.49%
15/10/2021;3 188;3 188;3 188;3 188;771;2 457 563;0.00%
18/10/2021;3 188;3 188;3 188;3 188;771;2 457 563;0.00%
19/10/2021;3 063;3 188;3 188;3 063;2 240;7 000 000;-3.92%
20/10/2021;3 125;3 181;3 181;3 125;699;2 204 034;2.04%
21/10/2021;3 125;3 125;3 125;3 125;678;2 118 750;0.00%
22/10/2021;3 063;3 125;3 125;3 063;1 289;3 987 844;-2.00%
25/10/2021;2 941;3 063;3 063;2 941;5 731;17 201 955;-3.98%
26/10/2021;2 941;3 156;3 156;2 941;1 576;4 804 338;0.00%
27/10/2021;3 144;2 969;3 144;2 969;196;599 025;6.91%
28/10/2021;3 156;3 141;3 156;3 141;260;818 594;0.40%
29/10/2021;3 125;3 156;3 156;3 125;25 995;81 640 547;-0.99%
01/11/2021;3 125;3 156;3 156;3 125;25 995;81 640 547;0.00%
02/11/2021;3 247;3 250;3 250;3 247;339;1 101 220;3.90%
03/11/2021;3 188;3 169;3 188;3 169;1 268;4 029 863;-1.83%
04/11/2021;3 188;3 188;3 188;3 188;1 483;4 727 063;0.00%
05/11/2021;3 188;3 188;3 188;3 188;865;2 757 188;0.00%
08/11/2021;3 188;3 188;3 188;3 188;344;1 096 500;0.00%
09/11/2021;3 188;3 184;3 188;3 184;795;2 532 820;0.00%
10/11/2021;3 250;3 188;3 250;3 188;260;836 875;1.96%
11/11/2021;3 250;3 250;3 250;3 250;448;1 456 000;0.00%
12/11/2021;3 188;3 188;3 188;3 188;304;969 000;-1.92%
15/11/2021;3 188;3 188;3 188;3 188;304;969 000;0.00%
16/11/2021;3 188;3 188;3 188;3 188;212;675 750;0.00%
17/11/2021;3 188;3 247;3 247;3 188;419;1 348 002;0.00%
18/11/2021;3 169;3 188;3 188;3 169;841;2 672 803;-0.59%
19/11/2021;3 184;3 169;3 184;3 169;155;492 367;0.49%
22/11/2021;3 313;3 184;3 313;3 184;2 275;7 390 195;4.02%
23/11/2021;3 313;3 313;3 313;3 313;136;450 500;0.00%
24/11/2021;3 331;3 313;3 331;3 313;368;1 222 450;0.57%
25/11/2021;3 331;3 313;3 331;3 313;1 371;4 554 291;0.00%
26/11/2021;3 313;3 313;3 313;3 313;235;778 438;-0.56%
29/11/2021;3 313;3 313;3 313;3 313;1 249;4 137 313;0.00%
30/11/2021;3 328;3 319;3 328;3 319;1 315;4 370 320;0.47%
01/12/2021;3 313;3 328;3 328;3 313;276;916 406;-0.47%
02/12/2021;3 313;3 281;3 313;3 281;611;2 014 391;0.00%
03/12/2021;3 331;3 313;3 331;3 313;916;3 042 838;0.57%
06/12/2021;3 188;3 313;3 313;3 188;11 000;35 750 000;-4.32%
07/12/2021;3 219;3 219;3 219;3 219;16;51 500;0.98%
08/12/2021;3 200;3 222;3 222;3 200;4 382;14 070 328;-0.58%
09/12/2021;3 219;3 219;3 219;3 219;686;2 208 063;0.59%
10/12/2021;3 231;3 203;3 231;3 203;2 950;9 490 703;0.39%
13/12/2021;3 219;3 225;3 225;3 219;390;1 256 531;-0.39%
14/12/2021;3 219;3 250;3 250;3 219;1 262;4 081 781;0.00%
15/12/2021;3 256;3 250;3 256;3 250;43;139 884;1.17%
16/12/2021;3 256;3 219;3 256;3 219;412;1 333 850;0.00%
17/12/2021;3 256;3 256;3 256;3 256;1 118;3 640 488;0.00%
20/12/2021;3 253;3 256;3 256;3 253;686;2 232 716;-0.10%
21/12/2021;3 250;3 253;3 253;3 250;11 126;36 176 884;-0.10%
22/12/2021;3 250;3 250;3 250;3 250;1 043;3 389 750;0.00%
23/12/2021;3 238;3 250;3 250;3 238;864;2 802 600;-0.38%
24/12/2021;3 238;3 238;3 238;3 238;16;51 800;0.00%
27/12/2021;3 219;3 219;3 219;3 219;86;276 813;-0.58%
28/12/2021;3 219;3 238;3 238;3 219;1 028;3 318 513;0.00%
29/12/2021;3 219;3 200;3 219;3 200;211;677 178;0.00%
30/12/2021;3 219;3 219;3 219;3 219;211;679 156;0.00%
31/12/2021;3 188;3 188;3 188;3 188;689;2 196 188;-0.97%
03/01/2022;3 219;3 219;3 219;3 219;8;25 750;0.98%
04/01/2022;3 216;3 219;3 219;3 216;6 628;21 323 519;-0.10%
05/01/2022;3 188;3 191;3 191;3 188;11 792;37 605 425;-0.87%
06/01/2022;3 219;3 188;3 219;3 188;680;2 178 125;0.98%
07/01/2022;3 219;3 216;3 219;3 216;700;2 252 031;0.00%
10/01/2022;3 141;3 216;3 216;3 141;166;527 569;-2.43%
11/01/2022;3 188;3 213;3 213;3 188;11 203;35 849 600;1.49%
12/01/2022;3 188;3 188;3 188;3 188;208;663 000;0.00%
13/01/2022;3 188;3 188;3 188;3 188;340;1 083 750;0.00%
14/01/2022;3 156;3 156;3 156;3 156;451;1 423 469;-0.98%
17/01/2022;3 125;3 006;3 125;3 006;1 883;5 772 572;-0.99%
18/01/2022;3 125;3 119;3 125;3 119;1 380;4 308 188;0.00%
19/01/2022;3 125;3 100;3 125;3 100;1 136;3 535 800;0.00%
20/01/2022;3 219;3 125;3 219;3 125;3 361;10 660 672;3.00%
21/01/2022;3 219;3 125;3 219;3 125;2 200;6 978 125;0.00%
24/01/2022;3 216;3 128;3 216;3 128;121;383 797;-0.10%
25/01/2022;3 175;3 188;3 188;3 175;164;521 725;-1.26%
26/01/2022;3 203;3 216;3 216;3 203;1 200;3 851 250;0.89%
27/01/2022;3 188;3 188;3 188;3 188;198;631 125;-0.49%
28/01/2022;3 203;3 203;3 203;3 203;216;691 875;0.49%
31/01/2022;3 206;3 203;3 206;3 203;320;1 025 500;0.10%
01/02/2022;3 219;3 216;3 219;3 216;1 396;4 491 194;0.39%
02/02/2022;3 228;3 206;3 228;3 206;888;2 856 863;0.29%
03/02/2022;3 206;3 219;3 219;3 206;2 081;6 685 213;-0.68%
04/02/2022;3 250;3 206;3 250;3 206;57 004;184 016 038;1.36%
07/02/2022;3 216;3 250;3 250;3 216;526;1 700 459;-1.06%
08/02/2022;3 216;3 250;3 250;3 216;10 027;32 415 411;0.00%
09/02/2022;3 216;3 216;3 216;3 216;209;672 066;0.00%
10/02/2022;3 191;3 216;3 216;3 191;480;1 537 500;-0.78%
11/02/2022;3 372;3 306;3 372;3 306;601;2 006 777;5.68%
14/02/2022;3 550;3 372;3 550;3 372;1 283;4 440 383;5.28%
15/02/2022;3 444;3 547;3 547;3 444;968;3 383 463;-2.99%
16/02/2022;3 469;3 444;3 469;3 444;14 256;49 272 300;0.73%
17/02/2022;3 688;3 475;3 688;3 475;1 580;5 658 375;6.31%
18/02/2022;3 681;3 688;3 688;3 681;8 998;33 152 006;-0.17%
21/02/2022;3 750;3 688;3 750;3 688;17 926;66 662 313;1.87%
22/02/2022;3 759;3 681;3 759;3 681;14 217;52 891 683;0.25%
23/02/2022;3 747;3 750;3 750;3 747;913;3 422 323;-0.33%
24/02/2022;3 741;3 747;3 747;3 741;286;1 070 713;-0.17%
25/02/2022;3 747;3 747;3 747;3 747;3 756;14 073 263;0.17%
28/02/2022;3 747;3 747;3 747;3 747;1 736;6 504 575;0.00%
01/03/2022;3 875;3 750;3 875;3 750;2 502;9 538 875;3.42%
02/03/2022;3 791;3 750;3 791;3 750;4 264;16 076 613;-2.18%
03/03/2022;3 938;3 756;3 938;3 756;568;2 185 025;3.87%
04/03/2022;3 791;3 938;3 938;3 791;5 680;21 947 875;-3.73%
07/03/2022;4 000;3 788;4 000;3 788;1 883;7 331 931;5.52%
08/03/2022;3 903;3 869;3 903;3 869;1 656;6 435 113;-2.42%
09/03/2022;3 903;3 903;3 903;3 903;9 728;37 969 600;0.00%
10/03/2022;4 000;3 903;4 000;3 903;1 670;6 599 109;2.48%
11/03/2022;3 978;3 994;3 994;3 978;1 971;7 856 283;-0.55%
14/03/2022;3 978;4 000;4 000;3 978;433;1 727 264;0.00%
15/03/2022;3 966;4 000;4 000;3 966;1 862;7 415 997;-0.31%
16/03/2022;3 966;3 938;3 966;3 938;1 009;3 987 127;0.00%
17/03/2022;3 966;3 966;3 966;3 966;1 084;4 298 738;0.00%
18/03/2022;4 044;3 984;4 044;3 984;10 804;43 367 931;1.97%
21/03/2022;3 953;4 003;4 003;3 953;1 000;3 978 125;-2.24%
22/03/2022;3 963;3 956;3 963;3 956;1 843;7 297 128;0.24%
23/03/2022;4 000;3 994;4 000;3 994;1 556;6 219 138;0.95%
24/03/2022;4 025;4 000;4 025;4 000;459;1 841 738;0.63%
25/03/2022;4 034;4 031;4 034;4 031;1 494;6 025 022;0.23%
28/03/2022;4 063;4 031;4 063;4 031;4 880;19 748 750;0.70%
29/03/2022;4 119;4 063;4 119;4 063;548;2 241 663;1.38%
30/03/2022;4 122;4 119;4 122;4 119;1 488;6 131 025;0.08%
31/03/2022;4 122;4 125;4 125;4 122;3 147;12 976 458;0.00%
01/04/2022;4 119;4 122;4 122;4 119;1 427;5 879 686;-0.08%
04/04/2022;4 122;4 122;4 122;4 122;3 582;14 764 556;0.08%
05/04/2022;4 156;4 122;4 156;4 122;3 462;14 329 434;0.83%
06/04/2022;4 188;4 125;4 188;4 125;864;3 591 000;0.75%
07/04/2022;4 309;4 169;4 309;4 169;3 531;14 968 130;2.91%
08/04/2022;4 219;4 219;4 219;4 219;4 313;18 195 469;-2.10%
11/04/2022;4 219;4 219;4 219;4 219;3 200;13 500 000;0.00%
12/04/2022;4 219;4 250;4 250;4 219;452;1 913 938;0.00%
13/04/2022;4 250;4 219;4 250;4 219;2 835;12 004 453;0.74%
14/04/2022;4 500;4 219;4 500;4 219;3 339;14 555 953;5.88%
15/04/2022;4 500;4 500;4 500;4 500;660;2 970 000;0.00%
19/04/2022;4 406;4 500;4 500;4 406;91;405 234;-2.08%
20/04/2022;4 375;4 406;4 406;4 375;3 918;17 202 469;-0.71%
21/04/2022;4 313;4 316;4 316;4 313;60;258 844;-1.43%
22/04/2022;4 372;4 313;4 372;4 313;2 144;9 309 650;1.38%
25/04/2022;4 359;4 372;4 372;4 359;259;1 130 697;-0.29%
26/04/2022;4 375;4 372;4 375;4 372;892;3 901 106;0.36%
27/04/2022;4 372;4 372;4 372;4 372;105;459 047;-0.07%
28/04/2022;4 372;4 372;4 372;4 372;105;459 047;0.00%
29/04/2022;4 359;4 372;4 372;4 359;417;1 820 466;-0.29%
02/05/2022;4 359;4 372;4 372;4 359;417;1 820 466;0.00%
03/05/2022;4 359;4 359;4 359;4 359;451;1 966 078;0.00%
04/05/2022;4 359;4 359;4 359;4 359;318;1 386 281;0.00%
05/05/2022;4 356;4 350;4 356;4 350;196;853 213;-0.07%
06/05/2022;4 359;4 344;4 359;4 344;6 872;29 903 938;0.07%
09/05/2022;4 359;4 359;4 359;4 359;1 102;4 804 031;0.00%
10/05/2022;4 300;4 306;4 306;4 300;131;563 709;-1.36%
11/05/2022;4 359;4 303;4 359;4 303;10 803;46 790 494;1.38%
12/05/2022;4 359;4 303;4 359;4 303;10 803;46 790 494;0.00%
13/05/2022;4 344;4 347;4 347;4 344;9 619;41 797 561;-0.36%
16/05/2022;4 313;4 313;4 313;4 313;49 185;212 110 313;-0.72%
17/05/2022;4 000;4 000;4 000;4 000;7 896;31 584 000;-7.25%
18/05/2022;3 938;3 816;3 938;3 816;1 475;5 717 930;-1.56%
19/05/2022;3 875;3 934;3 934;3 875;5 339;20 847 127;-1.59%
20/05/2022;3 809;3 813;3 813;3 809;782;2 980 153;-1.69%
23/05/2022;3 813;3 750;3 813;3 750;2 585;9 774 531;0.08%
24/05/2022;3 656;3 813;3 813;3 656;1 521;5 679 984;-4.10%
25/05/2022;3 650;3 656;3 656;3 650;2 209;8 069 753;-0.17%
26/05/2022;3 650;3 656;3 656;3 650;2 209;8 069 753;0.00%
27/05/2022;3 594;3 622;3 622;3 594;2 273;8 200 558;-1.54%
30/05/2022;3 863;3 594;3 863;3 594;7 115;26 525 609;7.48%
31/05/2022;4 122;3 594;4 122;3 594;2 809;10 836 595;6.72%
01/06/2022;4 119;4 125;4 125;4 119;184;758 425;-0.08%
02/06/2022;4 063;4 063;4 063;4 063;15 478;62 879 375;-1.37%
03/06/2022;4 063;3 813;4 063;3 813;196;771 750;0.00%
06/06/2022;4 063;3 813;4 063;3 813;196;771 750;0.00%
07/06/2022;3 813;4 063;4 063;3 813;2 968;11 686 500;-6.15%
08/06/2022;3 813;3 813;3 813;3 813;454;1 730 875;0.00%
09/06/2022;4 063;4 063;4 063;4 063;1 792;7 280 000;6.56%
10/06/2022;3 816;4 063;4 063;3 816;8 475;33 383 555;-6.08%
13/06/2022;4 063;3 816;4 063;3 816;504;1 985 288;6.47%
14/06/2022;4 063;4 063;4 063;4 063;11;44 688;0.00%
15/06/2022;4 063;4 031;4 063;4 031;123;497 766;0.00%
16/06/2022;4 063;4 063;4 063;4 063;1 441;5 854 063;0.00%
17/06/2022;4 063;4 063;4 063;4 063;15 073;61 234 063;0.00%
20/06/2022;4 063;4 063;4 063;4 063;25;101 563;0.00%
21/06/2022;4 063;4 059;4 063;4 059;80;324 875;0.00%
22/06/2022;4 091;4 059;4 091;4 059;11 881;48 415 075;0.69%
23/06/2022;4 003;4 063;4 063;4 003;2 460;9 920 719;-2.14%
24/06/2022;4 063;4 063;4 063;4 063;32;130 000;1.48%
27/06/2022;4 063;4 063;4 063;4 063;372;1 511 250;0.00%
28/06/2022;4 000;4 063;4 063;4 000;204;822 375;-1.54%
29/06/2022;3 969;4 056;4 056;3 969;640;2 568 000;-0.78%
30/06/2022;3 969;3 969;3 969;3 969;184;730 250;0.00%
01/07/2022;4 000;4 003;4 003;4 000;664;2 657 038;0.79%
04/07/2022;4 063;4 003;4 063;4 003;11 040;44 522 250;1.56%
05/07/2022;4 063;4 059;4 063;4 059;4 385;17 807 211;0.00%
06/07/2022;4 031;4 031;4 031;4 031;40;161 250;-0.77%
07/07/2022;4 000;4 063;4 063;4 000;204;822 375;-0.78%
08/07/2022;4 000;4 000;4 000;4 000;163;652 000;0.00%
11/07/2022;4 000;4 000;4 000;4 000;1 224;4 896 000;0.00%
12/07/2022;4 000;4 000;4 000;4 000;1 233;4 932 000;0.00%
13/07/2022;3 875;3 969;3 969;3 875;4 515;17 707 266;-3.13%
14/07/2022;3 916;3 875;3 916;3 875;1 380;5 375 531;1.05%
15/07/2022;3 916;3 916;3 916;3 916;849;3 324 366;0.00%
18/07/2022;3 938;3 916;3 938;3 916;2 960;11 622 625;0.56%
19/07/2022;3 938;3 753;3 938;3 753;155;596 023;0.00%
20/07/2022;3 938;3 875;3 938;3 875;192;750 000;0.00%
21/07/2022;3 938;3 938;3 938;3 938;75;295 313;0.00%
22/07/2022;3 938;3 906;3 938;3 906;113;443 172;0.00%
25/07/2022;3 906;3 906;3 906;3 906;760;2 968 750;-0.79%
26/07/2022;3 934;3 906;3 934;3 906;217;850 708;0.72%
27/07/2022;3 934;3 816;3 934;3 816;132;511 500;0.00%
28/07/2022;3 844;3 844;3 844;3 844;8;30 750;-2.30%
29/07/2022;3 938;3 875;3 938;3 875;1 476;5 765 625;2.44%
01/08/2022;3 938;3 938;3 938;3 938;217;854 438;0.00%
02/08/2022;3 938;3 847;3 938;3 847;3;11 677;0.00%
03/08/2022;3 934;3 875;3 934;3 875;272;1 062 075;-0.08%
04/08/2022;3 934;3 934;3 934;3 934;508;1 998 663;0.00%
05/08/2022;3 934;3 934;3 934;3 934;720;2 832 750;0.00%
08/08/2022;3 934;3 934;3 934;3 934;720;2 832 750;0.00%
09/08/2022;3 881;3 906;3 906;3 881;4 502;17 529 663;-1.35%
10/08/2022;3 934;3 884;3 934;3 884;3 899;15 242 653;1.37%
11/08/2022;3 928;3 881;3 928;3 881;1 150;4 490 391;-0.16%
12/08/2022;3 928;3 938;3 938;3 928;248;975 338;0.00%
15/08/2022;3 928;3 938;3 938;3 928;248;975 338;0.00%
16/08/2022;3 875;3 938;3 938;3 875;294;1 148 438;-1.35%
17/08/2022;3 875;3 875;3 875;3 875;246;953 250;0.00%
18/08/2022;3 875;3 875;3 875;3 875;641;2 483 875;0.00%
19/08/2022;3 934;3 938;3 938;3 934;1 284;5 053 744;1.53%
22/08/2022;3 875;3 875;3 875;3 875;795;3 080 625;-1.51%
23/08/2022;3 875;3 844;3 875;3 844;1 908;7 363 688;0.00%
24/08/2022;3 875;3 875;3 875;3 875;86;333 250;0.00%
25/08/2022;3 875;3 875;3 875;3 875;606;2 348 250;0.00%
26/08/2022;3 934;3 875;3 934;3 875;244;952 744;1.53%
29/08/2022;3 938;3 875;3 938;3 875;2 760;10 781 250;0.08%
30/08/2022;3 934;3 938;3 938;3 934;1 910;7 517 641;-0.08%
31/08/2022;3 938;3 934;3 938;3 934;176;692 725;0.08%
01/09/2022;3 878;3 934;3 934;3 878;176;687 500;-1.51%
02/09/2022;3 938;3 881;3 938;3 881;259;1 012 528;1.53%
05/09/2022;3 878;3 906;3 906;3 878;72;280 238;-1.51%
06/09/2022;3 938;3 881;3 938;3 881;448;1 751 400;1.53%
07/09/2022;3 938;3 938;3 938;3 938;1;3 938;0.00%
08/09/2022;3 906;3 906;3 906;3 906;1 536;6 000 000;-0.79%
09/09/2022;3 913;3 913;3 913;3 913;144;563 400;0.16%
12/09/2022;4 063;3 913;4 063;3 913;17 204;68 600 950;3.83%
13/09/2022;4 063;3 881;4 063;3 881;652;2 589 663;0.00%
14/09/2022;4 184;4 047;4 184;4 047;137;563 841;3.00%
15/09/2022;4 125;4 184;4 184;4 125;283;1 175 777;-1.42%
16/09/2022;4 375;4 125;4 375;4 125;3 993;16 970 250;6.06%
19/09/2022;4 375;4 375;4 375;4 375;281;1 229 375;0.00%
20/09/2022;4 063;4 063;4 063;4 063;11 720;47 612 500;-7.14%
21/09/2022;4 125;4 063;4 125;4 063;2 475;10 132 031;1.54%
22/09/2022;4 125;3 969;4 125;3 969;53 905;218 146 797;0.00%
23/09/2022;4 122;4 063;4 122;4 063;364;1 489 556;-0.08%
26/09/2022;4 122;3 875;4 122;3 875;10 000;39 984 375;0.00%
27/09/2022;4 122;3 938;4 122;3 938;9 923;39 986 589;0.00%
28/09/2022;4 122;4 119;4 122;4 119;272;1 120 725;0.00%
29/09/2022;4 122;4 122;4 122;4 122;457;1 883 697;0.00%
30/09/2022;4 281;4 000;4 281;4 000;3 288;13 614 375;3.87%
03/10/2022;4 278;4 281;4 281;4 278;328;1 403 738;-0.07%
04/10/2022;4 184;4 184;4 184;4 184;283;1 184 178;-2.19%
05/10/2022;4 181;4 156;4 181;4 156;244;1 017 175;-0.07%
06/10/2022;4 181;4 063;4 181;4 063;150;618 281;0.00%
07/10/2022;3 875;4 181;4 181;3 875;385;1 550 828;-7.32%
10/10/2022;4 063;3 881;4 063;3 881;344;1 366 325;4.84%
11/10/2022;3 938;3 878;3 938;3 878;480;1 875 750;-3.08%
12/10/2022;3 881;3 906;3 906;3 881;555;2 161 031;-1.43%
13/10/2022;3 909;3 909;3 909;3 909;20;78 188;0.72%
14/10/2022;3 906;3 881;3 906;3 881;302;1 175 913;-0.08%
17/10/2022;3 691;3 906;3 906;3 691;4 870;18 498 391;-5.52%
18/10/2022;3 906;3 750;3 906;3 750;3 238;12 395 469;5.84%
19/10/2022;3 906;3 625;3 906;3 625;1 926;7 252 594;0.00%
20/10/2022;3 875;3 875;3 875;3 875;40;155 000;-0.80%
21/10/2022;3 813;3 875;3 875;3 813;116;445 875;-1.61%
24/10/2022;3 813;3 781;3 813;3 781;240;911 250;0.00%
25/10/2022;3 888;3 813;3 888;3 813;3 379;13 009 150;1.97%
26/10/2022;3 888;3 888;3 888;3 888;96;373 200;0.00%
27/10/2022;3 938;3 625;3 938;3 625;1 012;3 826 625;1.29%
28/10/2022;3 844;3 938;3 938;3 844;3 224;12 543 375;-2.38%
31/10/2022;3 844;3 938;3 938;3 844;3 224;12 543 375;0.00%
01/11/2022;3 813;3 844;3 844;3 813;5 616;21 498 750;-0.81%
02/11/2022;3 750;3 841;3 841;3 750;1 888;7 165 550;-1.64%
03/11/2022;3 731;3 750;3 750;3 731;44 899;167 950 322;-0.50%
04/11/2022;3 938;3 731;3 938;3 731;7 137;27 365 934;5.53%
07/11/2022;3 844;3 938;3 938;3 844;224;871 500;-2.38%
08/11/2022;3 781;3 844;3 844;3 781;360;1 372 500;-1.63%
09/11/2022;3 781;3 750;3 781;3 750;252;948 938;0.00%
10/11/2022;3 781;3 750;3 781;3 750;252;948 938;0.00%
11/11/2022;3 813;3 813;3 813;3 813;784;2 989 000;0.83%
14/11/2022;3 875;3 875;3 875;3 875;8;31 000;1.64%
15/11/2022;3 875;3 875;3 875;3 875;8;31 000;0.00%
16/11/2022;3 750;3 875;3 875;3 750;417;1 589 813;-3.23%
17/11/2022;3 625;3 653;3 653;3 625;2 668;9 709 019;-3.33%
18/11/2022;3 622;3 622;3 622;3 622;604;2 187 613;-0.09%
21/11/2022;3 594;3 578;3 594;3 578;25 608;91 828 688;-0.78%
22/11/2022;3 566;3 578;3 578;3 566;118;421 481;-0.78%
23/11/2022;3 569;3 569;3 569;3 569;561;2 002 069;0.09%
24/11/2022;3 613;3 563;3 613;3 563;1 142;4 096 925;1.23%
25/11/2022;3 594;3 547;3 594;3 547;76;271 344;-0.52%
28/11/2022;3 494;3 494;3 494;3 494;8;27 950;-2.78%
29/11/2022;3 494;3 494;3 494;3 494;304;1 062 100;0.00%
30/11/2022;3 494;3 494;3 494;3 494;304;1 062 100;0.00%
01/12/2022;3 494;3 494;3 494;3 494;304;1 062 100;0.00%
02/12/2022;3 494;3 438;3 494;3 438;153;530 241;0.00%
05/12/2022;3 500;3 438;3 500;3 438;104;360 750;0.18%
06/12/2022;3 438;3 500;3 500;3 438;268;929 625;-1.79%
07/12/2022;3 438;3 559;3 559;3 438;1 153;4 033 698;0.00%
08/12/2022;3 438;3 438;3 438;3 438;257;883 438;0.00%
09/12/2022;3 438;3 409;3 438;3 409;153;523 786;0.00%
12/12/2022;3 559;3 409;3 559;3 409;5 030;17 526 406;3.55%
13/12/2022;3 750;3 559;3 750;3 559;3 788;13 843 956;5.36%
14/12/2022;3 997;3 747;3 997;3 747;5 699;22 065 816;6.58%
15/12/2022;4 184;3 700;4 184;3 700;2 888;11 385 038;4.69%
16/12/2022;4 094;4 094;4 094;4 094;116;474 875;-2.17%
19/12/2022;3 969;4 031;4 031;3 969;176;704 000;-3.05%
20/12/2022;4 050;3 906;4 050;3 906;4 600;18 299 375;2.05%
21/12/2022;4 000;3 750;4 000;3 750;1 008;3 906 000;-1.23%
22/12/2022;3 863;3 750;3 863;3 750;1 593;6 063 356;-3.44%
23/12/2022;3 884;3 625;3 884;3 625;2 961;11 117 630;0.57%
26/12/2022;3 884;3 625;3 884;3 625;2 961;11 117 630;0.00%
27/12/2022;3 841;3 625;3 841;3 625;272;1 015 325;-1.13%
28/12/2022;3 625;3 766;3 766;3 625;500;1 847 656;-5.61%
29/12/2022;3 622;3 622;3 622;3 622;1 734;6 280 331;-0.09%
30/12/2022;3 616;3 619;3 619;3 616;513;1 855 617;-0.17%
02/01/2023;3 616;3 616;3 616;3 616;1;3 616;0.00%
03/01/2023;3 597;3 613;3 613;3 597;355;1 279 664;-0.52%
04/01/2023;3 597;3 563;3 597;3 563;1 059;3 790 889;0.00%
05/01/2023;3 594;3 375;3 594;3 375;44;153 313;-0.09%
06/01/2023;3 563;3 591;3 591;3 563;556;1 988 569;-0.87%
09/01/2023;3 500;3 563;3 563;3 500;979;3 457 094;-1.75%
10/01/2023;3 563;3 575;3 575;3 563;102;364 013;1.79%
11/01/2023;3 563;3 575;3 575;3 563;979;3 493 806;0.00%
12/01/2023;3 575;3 563;3 575;3 563;182;649 513;0.35%
13/01/2023;3 575;3 575;3 575;3 575;1 088;3 889 600;0.00%
16/01/2023;3 575;3 575;3 575;3 575;113;403 975;0.00%
17/01/2023;3 572;3 572;3 572;3 572;25;89 297;-0.09%
18/01/2023;3 563;3 575;3 575;3 563;1 532;5 467 325;-0.26%
19/01/2023;3 563;3 563;3 563;3 563;937;3 338 063;0.00%
20/01/2023;3 572;3 572;3 572;3 572;4 332;15 473 363;0.26%
23/01/2023;3 563;3 572;3 572;3 563;329;1 173 605;-0.26%
24/01/2023;3 438;3 438;3 438;3 438;1 905;6 548 438;-3.51%
25/01/2023;3 438;3 438;3 438;3 438;308;1 058 750;0.00%
26/01/2023;3 313;3 375;3 375;3 313;12 868;43 027 375;-3.64%
27/01/2023;3 500;3 344;3 500;3 344;3 251;11 124 516;5.66%
30/01/2023;3 344;3 488;3 488;3 344;3 755;12 825 672;-4.46%
31/01/2023;3 344;3 375;3 375;3 344;4 024;13 518 125;0.00%
01/02/2023;3 375;3 344;3 375;3 344;2 576;8 653 750;0.93%
02/02/2023;3 375;3 344;3 375;3 344;1 289;4 330 234;0.00%
03/02/2023;3 375;3 347;3 375;3 347;289;971 311;0.00%
06/02/2023;3 375;3 375;3 375;3 375;947;3 196 125;0.00%
07/02/2023;3 488;3 347;3 488;3 347;7 281;24 880 542;3.33%
08/02/2023;3 500;3 375;3 500;3 375;6 806;23 395 625;0.36%
09/02/2023;3 500;3 572;3 572;3 500;622;2 199 353;0.00%
10/02/2023;3 688;3 572;3 688;3 572;192;696 900;5.36%
13/02/2023;3 625;3 688;3 688;3 625;3 296;12 051 000;-1.69%
14/02/2023;3 619;3 625;3 625;3 619;592;2 144 150;-0.17%
15/02/2023;3 619;3 619;3 619;3 619;76;275 025;0.00%
16/02/2023;3 688;3 619;3 688;3 619;1 211;4 423 934;1.90%
17/02/2023;3 688;3 688;3 688;3 688;160;590 000;0.00%
20/02/2023;3 688;3 619;3 688;3 619;5 412;19 770 713;0.00%
21/02/2023;3 594;3 594;3 594;3 594;2 459;8 837 031;-2.54%
22/02/2023;3 591;3 594;3 594;3 591;179;643 002;-0.09%
23/02/2023;3 594;3 563;3 594;3 563;363;1 298 859;0.09%
24/02/2023;3 588;3 534;3 588;3 534;401;1 427 936;-0.17%
27/02/2023;3 563;3 588;3 588;3 563;1 384;4 947 800;-0.70%
28/02/2023;3 594;3 563;3 594;3 563;5 308;18 992 688;0.88%
01/03/2023;3 656;3 591;3 656;3 591;7 689;27 860 611;1.74%
02/03/2023;3 688;3 581;3 688;3 581;3 148;11 441 013;0.85%
03/03/2023;3 750;3 688;3 750;3 688;4 209;15 652 219;1.69%
06/03/2023;3 747;3 750;3 750;3 747;5 699;21 362 345;-0.08%
07/03/2023;3 813;3 747;3 813;3 747;4 472;16 902 763;1.75%
08/03/2023;3 806;3 809;3 809;3 806;323;1 229 923;-0.16%
09/03/2023;4 063;3 806;4 063;3 806;20 216;79 537 325;6.73%
10/03/2023;4 025;3 813;4 025;3 813;1 025;4 016 719;-0.92%
13/03/2023;3 938;3 938;3 938;3 938;211;830 813;-2.17%
14/03/2023;3 934;3 931;3 934;3 931;1 150;4 522 734;-0.08%
15/03/2023;3 934;3 875;3 934;3 875;5 022;19 609 341;0.00%
16/03/2023;3 938;3 931;3 938;3 931;4 403;17 323 053;0.08%
17/03/2023;3 925;3 875;3 925;3 875;812;3 166 800;-0.32%
20/03/2023;3 925;3 925;3 925;3 925;507;1 989 975;0.00%
21/03/2023;3 919;3 844;3 919;3 844;768;2 980 800;-0.16%
22/03/2023;3 872;3 813;3 872;3 813;3 470;13 332 391;-1.20%
23/03/2023;3 844;3 797;3 844;3 797;425;1 623 633;-0.73%
24/03/2023;3 872;3 753;3 872;3 753;7 073;26 965 813;0.73%
27/03/2023;3 856;3 872;3 872;3 856;784;3 029 425;-0.40%
28/03/2023;3 859;3 756;3 859;3 756;6 889;26 232 020;0.08%
29/03/2023;3 813;3 859;3 859;3 813;1 080;4 142 813;-1.21%
30/03/2023;3 813;3 813;3 813;3 813;656;2 501 000;0.00%
31/03/2023;3 809;3 813;3 813;3 809;1 270;4 839 891;-0.08%
03/04/2023;3 809;3 809;3 809;3 809;544;2 072 300;0.00%
04/04/2023;3 809;3 781;3 809;3 781;454;1 723 072;0.00%
05/04/2023;3 813;3 806;3 813;3 806;6 267;23 873 353;0.08%
06/04/2023;3 806;3 813;3 813;3 806;508;1 935 163;-0.16%
07/04/2023;3 813;3 806;3 813;3 806;171;651 403;0.16%
10/04/2023;3 813;3 806;3 813;3 806;171;651 403;0.00%
11/04/2023;3 809;3 813;3 813;3 809;259;987 033;-0.08%
12/04/2023;3 813;3 806;3 813;3 806;668;2 544 663;0.08%
13/04/2023;3 800;3 813;3 813;3 800;2 777;10 569 956;-0.33%
14/04/2023;3 797;3 800;3 800;3 797;2 510;9 534 078;-0.08%
17/04/2023;3 791;3 797;3 797;3 791;14 686;55 715 013;-0.16%
18/04/2023;3 791;3 797;3 797;3 791;14 686;55 715 013;0.00%
19/04/2023;3 788;3 788;3 788;3 788;444;1 681 650;-0.08%
20/04/2023;3 781;3 788;3 788;3 781;368;1 392 650;-0.17%
21/04/2023;3 781;3 788;3 788;3 781;368;1 392 650;0.00%
24/04/2023;3 781;3 781;3 781;3 781;356;1 346 125;0.00%
25/04/2023;3 781;3 750;3 781;3 750;488;1 837 625;0.00%
26/04/2023;3 775;3 778;3 778;3 775;1 772;6 692 069;-0.17%
27/04/2023;3 731;3 750;3 750;3 731;15 601;58 357 491;-1.16%
28/04/2023;3 781;3 731;3 781;3 731;544;2 043 400;1.34%
01/05/2023;3 781;3 731;3 781;3 731;544;2 043 400;0.00%
02/05/2023;3 781;3 781;3 781;3 781;955;3 611 094;0.00%
03/05/2023;3 781;3 781;3 781;3 781;955;3 611 094;0.00%
04/05/2023;3 750;3 750;3 750;3 750;65 121;244 203 750;-0.83%
05/05/2023;3 750;3 744;3 750;3 744;7 907;29 626 541;0.00%
08/05/2023;3 766;3 750;3 766;3 750;1 521;5 715 633;0.42%
09/05/2023;3 750;3 750;3 750;3 750;1 886;7 072 500;-0.41%
10/05/2023;3 766;3 766;3 766;3 766;3 177;11 963 391;0.42%
11/05/2023;3 813;3 750;3 813;3 750;9 833;37 181 031;1.24%
12/05/2023;3 813;3 813;3 813;3 813;7 248;27 633 000;0.00%
15/05/2023;3 844;3 813;3 844;3 813;5 416;20 733 125;0.82%
16/05/2023;3 813;3 841;3 841;3 813;1 808;6 918 425;-0.81%
17/05/2023;3 813;3 813;3 813;3 813;11 849;45 174 313;0.00%
18/05/2023;3 813;3 813;3 813;3 813;11 849;45 174 313;0.00%
19/05/2023;3 781;3 813;3 813;3 781;4 868;18 483 188;-0.82%
22/05/2023;3 781;3 781;3 781;3 781;3 366;12 727 688;0.00%
23/05/2023;3 497;3 403;3 497;3 403;3 646;12 578 700;-7.52%
24/05/2023;3 497;3 497;3 497;3 497;905;3 164 672;0.00%
25/05/2023;3 497;3 497;3 497;3 497;992;3 468 900;0.00%
26/05/2023;3 625;3 497;3 625;3 497;1 920;6 837 000;3.66%
29/05/2023;3 625;3 497;3 625;3 497;1 920;6 837 000;0.00%
30/05/2023;3 675;3 688;3 688;3 675;37 536;138 179 400;1.38%
31/05/2023;3 669;3 625;3 669;3 625;996;3 632 288;-0.17%
01/06/2023;3 625;3 669;3 669;3 625;35;127 641;-1.19%
02/06/2023;3 616;3 625;3 625;3 616;464;1 679 825;-0.26%
05/06/2023;3 622;3 503;3 622;3 503;700;2 493 750;0.17%
06/06/2023;3 563;3 463;3 563;3 463;729;2 560 613;-1.64%
07/06/2023;3 622;3 563;3 622;3 563;358;1 286 003;1.67%
08/06/2023;3 563;3 675;3 675;3 563;2 422;8 764 613;-1.64%
09/06/2023;3 616;3 563;3 616;3 563;118;423 509;1.49%
12/06/2023;3 563;3 616;3 616;3 563;489;1 755 052;-1.47%
13/06/2023;3 594;3 559;3 594;3 559;8 675;31 026 680;0.88%
14/06/2023;3 591;3 550;3 591;3 550;252;899 719;-0.09%
15/06/2023;3 666;3 594;3 666;3 594;521;1 891 067;2.09%
16/06/2023;3 672;3 666;3 672;3 666;800;2 935 000;0.17%
19/06/2023;3 666;3 663;3 666;3 663;556;2 037 219;-0.17%
20/06/2023;3 666;3 594;3 666;3 594;251;911 052;0.00%
21/06/2023;3 672;3 666;3 672;3 666;6 545;24 011 969;0.17%
22/06/2023;3 666;3 672;3 672;3 666;316;1 159 325;-0.17%
23/06/2023;3 672;3 666;3 672;3 666;193;708 069;0.17%
26/06/2023;3 666;3 672;3 672;3 666;1 233;4 523 569;-0.17%
27/06/2023;3 666;3 666;3 666;3 666;1 323;4 849 622;0.00%
28/06/2023;3 666;3 666;3 666;3 666;1 323;4 849 622;0.00%
29/06/2023;3 672;3 666;3 672;3 666;755;2 769 906;0.17%
30/06/2023;3 672;3 666;3 672;3 666;185;678 719;0.00%
03/07/2023;3 669;3 603;3 669;3 603;371;1 348 933;-0.09%
04/07/2023;3 672;3 669;3 672;3 669;1 992;7 311 263;0.09%
05/07/2023;3 669;3 578;3 669;3 578;976;3 536 475;-0.09%
06/07/2023;3 669;3 669;3 669;3 669;254;931 863;0.00%
07/07/2023;3 669;3 672;3 672;3 669;329;1 207 533;0.00%
10/07/2023;3 669;3 672;3 672;3 669;688;2 525 175;0.00%
11/07/2023;3 672;3 669;3 672;3 669;414;1 519 509;0.09%
12/07/2023;3 669;3 669;3 669;3 669;550;2 017 813;-0.09%
13/07/2023;3 625;3 669;3 669;3 625;2 531;9 230 241;-1.19%
14/07/2023;3 675;3 631;3 675;3 631;32 012;116 943 838;1.38%
17/07/2023;3 688;3 631;3 688;3 631;2 233;8 171 384;0.34%
18/07/2023;3 750;3 688;3 750;3 688;4 376;16 273 250;1.69%
19/07/2023;3 688;3 678;3 688;3 678;577;2 124 983;-1.67%
20/07/2023;3 694;3 691;3 694;3 691;1 412;5 213 369;0.17%
21/07/2023;3 703;3 719;3 719;3 703;5 729;21 259 961;0.25%
24/07/2023;3 694;3 688;3 694;3 688;347;1 280 647;-0.25%
25/07/2023;3 688;3 694;3 694;3 688;2 248;8 296 525;-0.17%
26/07/2023;3 688;3 675;3 688;3 675;379;1 395 194;0.00%
27/07/2023;3 622;3 684;3 684;3 622;1 084;3 959 988;-1.78%
28/07/2023;3 622;3 594;3 622;3 594;1 235;4 455 648;0.00%
31/07/2023;3 588;3 566;3 588;3 566;18 782;67 174 997;-0.95%
01/08/2023;3 500;3 563;3 563;3 500;1 044;3 686 625;-2.44%
02/08/2023;3 434;3 500;3 500;3 434;5 536;19 194 350;-1.88%
03/08/2023;3 178;3 238;3 238;3 178;5 190;16 648 547;-7.46%
04/08/2023;2 941;2 941;2 941;2 941;3 467;10 195 147;-7.47%
07/08/2023;2 941;2 941;2 941;2 941;3 467;10 195 147;0.00%
08/08/2023;2 722;2 722;2 722;2 722;11 075;30 144 766;-7.44%
09/08/2023;2 878;2 519;2 878;2 519;22 454;60 590 716;5.74%
10/08/2023;3 072;2 900;3 072;2 900;17 848;53 293 013;6.73%
11/08/2023;3 047;3 063;3 063;3 047;2 188;6 683 656;-0.81%
14/08/2023;3 003;2 944;3 003;2 944;995;2 958 570;-1.44%
15/08/2023;3 003;2 944;3 003;2 944;995;2 958 570;0.00%
16/08/2023;3 031;3 000;3 031;3 000;2 664;8 033 625;0.94%
17/08/2023;2 897;3 031;3 031;2 897;11 377;33 722 139;-4.43%
18/08/2023;2 897;2 897;2 897;2 897;4 108;11 900 363;0.00%
21/08/2023;2 897;2 813;2 897;2 813;4 172;11 909 756;0.00%
22/08/2023;2 938;2 897;2 938;2 897;12 352;36 033 100;1.40%
23/08/2023;2 966;2 931;2 966;2 931;2 507;7 391 733;0.96%
24/08/2023;2 925;2 966;2 966;2 925;4 275;12 591 211;-1.37%
25/08/2023;2 966;2 925;2 966;2 925;2 440;7 186 563;1.39%
28/08/2023;2 938;2 966;2 966;2 938;5 814;17 160 384;-0.95%
29/08/2023;2 956;2 909;2 956;2 909;7 038;20 641 134;0.64%
30/08/2023;2 941;2 922;2 941;2 922;5 808;17 024 700;-0.53%
31/08/2023;2 947;2 941;2 947;2 941;7 857;23 129 044;0.21%
01/09/2023;2 938;2 956;2 956;2 938;5 595;16 487 766;-0.32%
04/09/2023;2 956;2 919;2 956;2 919;3 278;9 629 125;0.64%
05/09/2023;2 953;2 950;2 953;2 950;2 651;7 824 592;-0.11%
06/09/2023;2 956;2 953;2 956;2 953;3 408;10 069 575;0.11%
07/09/2023;3 031;2 956;3 031;2 956;6 302;18 866 613;2.54%
08/09/2023;3 063;3 031;3 063;3 031;2 401;7 315 547;1.03%
11/09/2023;3 063;3 063;3 063;3 063;4 707;14 415 188;0.00%
12/09/2023;3 063;3 063;3 063;3 063;355;1 087 188;0.00%
13/09/2023;3 047;3 047;3 047;3 047;1 089;3 318 047;-0.51%
14/09/2023;3 047;2 994;3 047;2 994;4 009;12 108 433;0.00%
15/09/2023;3 053;3 047;3 053;3 047;6 337;19 327 850;0.21%
18/09/2023;3 053;3 053;3 053;3 053;596;1 819 663;0.00%
19/09/2023;3 053;3 053;3 053;3 053;1 409;4 301 853;0.00%
20/09/2023;3 016;3 016;3 016;3 016;1 179;3 555 422;-1.23%
21/09/2023;3 000;2 875;3 000;2 875;11 440;33 605 000;-0.52%
22/09/2023;3 000;3 000;3 000;3 000;571;1 713 000;0.00%
25/09/2023;2 988;3 000;3 000;2 988;128;383 200;-0.42%
26/09/2023;3 050;2 875;3 050;2 875;3 443;10 199 888;2.09%
27/09/2023;3 050;2 875;3 050;2 875;3 443;10 199 888;0.00%
28/09/2023;3 050;2 875;3 050;2 875;9 393;27 826 763;0.00%
29/09/2023;3 050;2 875;3 050;2 875;9 393;27 826 763;0.00%
02/10/2023;3 053;3 063;3 063;3 053;1 273;3 892 595;0.10%
03/10/2023;2 875;2 875;2 875;2 875;10 844;31 176 500;-5.83%
04/10/2023;3 050;2 878;3 050;2 878;454;1 345 684;6.09%
05/10/2023;3 047;3 050;3 050;3 047;646;1 969 291;-0.10%
06/10/2023;3 044;3 044;3 044;3 044;660;2 008 875;-0.10%
09/10/2023;2 875;2 875;2 875;2 875;7 870;22 626 250;-5.54%
10/10/2023;3 000;3 038;3 038;3 000;3 155;9 524 156;4.35%
11/10/2023;2 991;2 884;2 991;2 884;619;1 818 313;-0.31%
12/10/2023;2 963;2 938;2 963;2 938;579;1 708 050;-0.94%
13/10/2023;2 922;2 925;2 925;2 922;1 782;5 209 566;-1.37%
16/10/2023;2 875;2 875;2 875;2 875;1 998;5 744 250;-1.60%
17/10/2023;2 872;2 872;2 872;2 872;13 990;40 177 531;-0.11%
18/10/2023;2 869;2 659;2 869;2 659;7 880;21 780 813;-0.11%
19/10/2023;2 750;2 813;2 813;2 750;2 368;6 586 000;-4.14%
20/10/2023;2 741;2 753;2 753;2 741;18 516;50 861 138;-0.34%
23/10/2023;2 684;2 625;2 684;2 625;9 216;24 465 600;-2.05%
24/10/2023;2 684;2 534;2 684;2 534;4 376;11 418 625;0.00%
25/10/2023;2 675;2 681;2 681;2 675;416;1 114 100;-0.35%
26/10/2023;2 697;2 719;2 719;2 697;660;1 787 156;0.82%
27/10/2023;2 697;2 697;2 697;2 697;771;2 079 291;0.00%
30/10/2023;2 700;2 697;2 700;2 697;1 187;3 203 045;0.12%
31/10/2023;2 688;2 688;2 688;2 688;612;1 644 750;-0.46%
01/11/2023;2 688;2 688;2 688;2 688;612;1 644 750;0.00%
02/11/2023;2 675;2 688;2 688;2 675;1 601;4 292 681;-0.47%
03/11/2023;2 656;2 675;2 675;2 656;684;1 823 288;-0.70%
06/11/2023;2 844;2 675;2 844;2 675;11 012;30 386 238;7.06%
07/11/2023;2 844;2 844;2 844;2 844;665;1 891 094;0.00%
08/11/2023;2 844;2 844;2 844;2 844;926;2 633 313;0.00%
09/11/2023;2 844;2 844;2 844;2 844;622;1 768 813;0.00%
10/11/2023;2 844;2 844;2 844;2 844;921;2 619 094;0.00%
13/11/2023;2 844;2 844;2 844;2 844;1 092;3 105 375;0.00%
14/11/2023;2 844;2 844;2 844;2 844;862;2 451 313;0.00%
15/11/2023;2 844;2 844;2 844;2 844;862;2 451 313;0.00%
16/11/2023;2 841;2 844;2 844;2 841;641;1 821 842;-0.11%
17/11/2023;2 841;2 781;2 841;2 781;582;1 635 966;0.00%
20/11/2023;2 844;2 844;2 844;2 844;2 840;8 076 250;0.11%
21/11/2023;3 047;2 844;3 047;2 844;4 724;13 913 656;7.14%
22/11/2023;3 044;2 844;3 044;2 844;281;827 194;-0.10%
23/11/2023;3 000;3 038;3 038;3 000;1 035;3 124 406;-1.44%
24/11/2023;3 216;3 047;3 216;3 047;26 630;83 385 188;7.19%
27/11/2023;3 163;3 213;3 213;3 163;286;911 625;-1.65%
28/11/2023;3 375;3 063;3 375;3 063;2 340;7 531 875;6.72%
29/11/2023;3 363;3 372;3 372;3 363;16 483;55 501 352;-0.37%
30/11/2023;3 344;3 363;3 363;3 344;224;751 100;-0.56%
01/12/2023;3 375;3 372;3 375;3 372;3 513;11 850 886;0.93%
04/12/2023;3 563;3 375;3 563;3 375;6 401;22 203 469;5.56%
05/12/2023;3 559;3 500;3 559;3 500;1 672;5 901 638;-0.09%
06/12/2023;3 500;3 559;3 559;3 500;18 820;66 428 719;-1.67%
07/12/2023;3 438;3 475;3 475;3 438;472;1 631 350;-1.79%
08/12/2023;3 500;3 438;3 500;3 438;648;2 247 750;1.82%
11/12/2023;3 472;3 472;3 472;3 472;3 152;10 943 350;-0.80%
12/12/2023;3 494;3 494;3 494;3 494;430;1 502 313;0.63%
13/12/2023;3 438;3 438;3 438;3 438;336;1 155 000;-1.61%
14/12/2023;3 406;3 438;3 438;3 406;1 465;5 013 047;-0.91%
15/12/2023;3 406;3 375;3 406;3 375;808;2 739 625;0.00%
18/12/2023;3 388;3 406;3 406;3 388;3 955;13 434 641;-0.55%
19/12/2023;3 438;3 388;3 438;3 388;1 022;3 487 575;1.48%
20/12/2023;3 438;3 438;3 438;3 438;2 705;9 298 438;0.00%
21/12/2023;3 438;3 438;3 438;3 438;5 049;17 355 938;0.00%
22/12/2023;3 434;3 434;3 434;3 434;241;827 684;-0.09%
25/12/2023;3 434;3 434;3 434;3 434;241;827 684;0.00%
26/12/2023;3 434;3 438;3 438;3 434;9 801;33 675 623;0.00%
27/12/2023;3 188;3 428;3 428;3 188;1 649;5 454 583;-7.19%
28/12/2023;3 394;3 188;3 394;3 188;3 283;10 803 122;6.47%
29/12/2023;3 369;3 372;3 372;3 369;15 376;51 821 925;-0.74%
01/01/2024;3 369;3 372;3 372;3 369;15 376;51 821 925;0.00%
02/01/2024;3 363;3 366;3 366;3 363;33;111 014;-0.19%
03/01/2024;3 359;3 363;3 363;3 359;129;433 561;-0.09%
04/01/2024;3 359;3 359;3 359;3 359;104;349 375;0.00%
05/01/2024;3 356;3 188;3 356;3 188;747;2 444 091;-0.09%
08/01/2024;3 356;3 356;3 356;3 356;651;2 184 919;0.00%
09/01/2024;3 344;3 356;3 356;3 344;102;341 700;-0.37%
10/01/2024;3 341;3 313;3 341;3 313;508;1 689 894;-0.09%
11/01/2024;3 344;3 275;3 344;3 275;40;132 375;0.09%
12/01/2024;3 325;3 281;3 325;3 281;32;105 700;-0.56%
15/01/2024;3 309;3 325;3 325;3 309;428;1 419 756;-0.47%
16/01/2024;3 313;3 281;3 313;3 281;353;1 163 797;0.09%
17/01/2024;3 313;3 309;3 313;3 309;337;1 115 786;0.00%
18/01/2024;3 313;3 313;3 313;3 313;507;1 679 438;0.00%
19/01/2024;3 313;3 313;3 313;3 313;104;344 500;0.00%
22/01/2024;3 319;3 313;3 319;3 313;16 252;53 885 538;0.19%
23/01/2024;3 309;3 309;3 309;3 309;320;1 059 000;-0.28%
24/01/2024;3 309;3 281;3 309;3 281;131;431 686;0.00%
25/01/2024;3 309;3 309;3 309;3 309;91;301 153;0.00%
26/01/2024;3 300;3 147;3 300;3 147;620;1 998 531;-0.28%
29/01/2024;3 188;3 297;3 297;3 188;144;466 875;-3.41%
30/01/2024;3 125;3 159;3 159;3 125;2 449;7 695 217;-1.96%
31/01/2024;3 063;3 000;3 063;3 000;806;2 443 188;-2.00%
01/02/2024;2 938;3 031;3 031;2 938;390;1 163 906;-4.08%
02/02/2024;2 938;2 875;2 938;2 875;13 972;40 606 125;0.00%
05/02/2024;2 938;2 875;2 938;2 875;246;714 938;0.00%
06/02/2024;2 938;2 938;2 938;2 938;17;49 938;0.00%
07/02/2024;2 938;2 934;2 938;2 934;2 438;7 157 816;0.00%
08/02/2024;3 000;2 938;3 000;2 938;497;1 475 469;2.13%
09/02/2024;3 063;3 000;3 063;3 000;859;2 603 844;2.08%
12/02/2024;3 063;3 000;3 063;3 000;859;2 603 844;0.00%
13/02/2024;3 063;3 044;3 063;3 044;5 337;16 294 528;0.00%
14/02/2024;3 063;3 063;3 063;3 063;1 864;5 708 500;0.00%
15/02/2024;3 063;3 063;3 063;3 063;291;891 188;0.00%
16/02/2024;3 047;3 056;3 056;3 047;329;1 003 964;-0.51%
19/02/2024;3 059;3 059;3 059;3 059;3 457;10 576 259;0.41%
20/02/2024;3 056;3 056;3 056;3 056;681;2 081 306;-0.10%
21/02/2024;3 056;3 056;3 056;3 056;326;996 338;0.00%
22/02/2024;3 188;3 063;3 188;3 063;8 180;25 562 500;4.29%
23/02/2024;3 188;3 188;3 188;3 188;3 601;11 478 188;0.00%
26/02/2024;3 219;3 188;3 219;3 188;1 977;6 332 578;0.98%
27/02/2024;3 244;3 219;3 244;3 219;1 590;5 137 688;0.78%
28/02/2024;3 375;3 200;3 375;3 200;2 988;9 823 050;4.05%
29/02/2024;3 313;3 313;3 313;3 313;7 377;24 436 313;-1.85%
01/03/2024;3 313;3 203;3 313;3 203;1 843;6 004 148;0.00%
04/03/2024;3 344;3 313;3 344;3 313;31 297;104 160 328;0.94%
05/03/2024;3 438;3 347;3 438;3 347;1 278;4 335 216;2.80%
06/03/2024;3 619;3 438;3 619;3 438;2 108;7 437 288;5.27%
07/03/2024;3 609;3 625;3 625;3 609;7 945;28 738 555;-0.26%
08/03/2024;3 625;3 609;3 625;3 609;2 206;7 979 516;0.43%
11/03/2024;3 622;3 613;3 622;3 613;6 102;22 072 078;-0.09%
12/03/2024;3 622;3 622;3 622;3 622;3 265;11 825 422;0.00%
13/03/2024;3 594;3 609;3 609;3 594;1 163;4 188 617;-0.78%
14/03/2024;3 594;3 566;3 594;3 566;1 070;3 830 266;0.00%
15/03/2024;3 609;3 591;3 609;3 591;8 985;32 346 000;0.43%
18/03/2024;3 563;3 563;3 563;3 563;3 008;10 716 000;-1.30%
19/03/2024;3 563;3 559;3 563;3 559;2 404;8 560 494;0.00%
20/03/2024;3 619;3 609;3 619;3 609;13 724;49 599 394;1.58%
21/03/2024;3 622;3 622;3 622;3 622;972;3 520 463;0.09%
22/03/2024;3 734;3 656;3 734;3 656;3 865;14 282 383;3.11%
25/03/2024;3 734;3 734;3 734;3 734;1 801;6 725 609;0.00%
26/03/2024;3 744;3 738;3 744;3 738;1 862;6 965 044;0.25%
27/03/2024;3 738;3 744;3 744;3 738;496;1 855 350;-0.17%
28/03/2024;3 809;3 738;3 809;3 738;2 915;10 999 570;1.92%
29/03/2024;3 806;3 809;3 809;3 806;1 403;5 342 361;-0.08%
01/04/2024;3 806;3 809;3 809;3 806;1 403;5 342 361;0.00%
02/04/2024;3 806;3 806;3 806;3 806;1 457;5 545 706;0.00%
03/04/2024;3 747;3 806;3 806;3 747;6 916;26 118 706;-1.56%
04/04/2024;3 750;3 750;3 750;3 750;3 340;12 525 000;0.08%
05/04/2024;3 778;3 781;3 781;3 778;6 204;23 449 181;0.75%
08/04/2024;3 809;3 778;3 809;3 778;2 075;7 872 031;0.83%
09/04/2024;3 794;3 778;3 794;3 778;1 476;5 588 044;-0.41%
10/04/2024;3 794;3 778;3 794;3 778;1 476;5 588 044;0.00%
11/04/2024;3 794;3 794;3 794;3 794;2 577;9 776 494;0.00%
12/04/2024;3 794;3 794;3 794;3 794;2 500;9 484 375;0.00%
15/04/2024;3 750;3 753;3 753;3 750;16 380;61 450 594;-1.15%
16/04/2024;3 750;3 797;3 797;3 750;6 089;22 976 461;0.00%
17/04/2024;3 788;3 750;3 788;3 750;8 320;31 356 000;1.00%
18/04/2024;3 784;3 788;3 788;3 784;2 361;8 938 598;-0.08%
19/04/2024;3 784;3 750;3 784;3 750;1 680;6 328 875;0.00%
22/04/2024;3 750;3 784;3 784;3 750;5 923;22 313 052;-0.91%
23/04/2024;3 778;3 781;3 781;3 778;4 937;18 660 317;0.75%
24/04/2024;3 756;3 778;3 778;3 756;2 974;11 203 616;-0.58%
25/04/2024;3 763;3 756;3 763;3 756;5 137;19 311 909;0.17%
26/04/2024;3 763;3 763;3 763;3 763;1 396;5 252 450;0.00%
29/04/2024;3 750;3 763;3 763;3 750;8 684;32 619 275;-0.33%
30/04/2024;3 744;3 763;3 763;3 744;1 326;4 976 644;-0.17%
01/05/2024;3 744;3 763;3 763;3 744;1 326;4 976 644;0.00%
02/05/2024;3 747;3 750;3 750;3 747;3 382;12 677 216;0.08%
03/05/2024;3 744;3 719;3 744;3 719;6 992;26 088 900;-0.08%
06/05/2024;3 688;3 741;3 741;3 688;1 990;7 390 984;-1.50%
07/05/2024;3 734;3 703;3 734;3 703;1 150;4 276 563;1.27%
08/05/2024;3 688;3 734;3 734;3 688;2 411;8 947 070;-1.26%
09/05/2024;3 688;3 734;3 734;3 688;2 411;8 947 070;0.00%
10/05/2024;3 688;3 681;3 688;3 681;880;3 242 250;0.00%
13/05/2024;3 688;3 688;3 688;3 688;7 884;29 072 250;0.00%
14/05/2024;3 688;3 688;3 688;3 688;318;1 172 625;0.00%
15/05/2024;3 688;3 688;3 688;3 688;5 945;21 922 188;0.00%
16/05/2024;3 600;3 688;3 688;3 600;8 723;31 784 431;-2.37%
17/05/2024;3 600;3 600;3 600;3 600;1 904;6 854 400;0.00%
20/05/2024;3 600;3 600;3 600;3 600;1 904;6 854 400;0.00%
21/05/2024;3 575;3 600;3 600;3 575;5 176;18 568 900;-0.69%
22/05/2024;3 653;3 575;3 653;3 575;5 523;19 960 467;2.19%
23/05/2024;3 597;3 681;3 681;3 597;7 508;27 322 081;-1.54%
24/05/2024;3 684;3 678;3 684;3 678;7 067;26 015 394;2.43%
27/05/2024;3 609;3 684;3 684;3 609;3 729;13 599 197;-2.04%
28/05/2024;3 688;3 681;3 688;3 681;7 729;28 476 534;2.16%
29/05/2024;3 434;3 438;3 438;3 434;2 473;8 497 073;-6.86%
30/05/2024;3 431;3 434;3 434;3 431;2 016;6 920 550;-0.09%
31/05/2024;3 406;3 384;3 406;3 384;5 012;17 017 306;-0.73%
03/06/2024;3 394;3 394;3 394;3 394;2 635;8 942 531;-0.37%
04/06/2024;3 394;3 406;3 406;3 394;9 100;30 940 000;0.00%
05/06/2024;3 400;3 394;3 400;3 394;3 348;11 372 738;0.18%
06/06/2024;3 375;3 400;3 400;3 375;4 083;13 831 163;-0.74%
07/06/2024;3 369;3 372;3 372;3 369;2 864;9 652 575;-0.19%
10/06/2024;3 363;3 366;3 366;3 363;20 833;70 083 514;-0.19%
11/06/2024;3 363;3 363;3 363;3 363;3 531;11 872 988;0.00%
12/06/2024;3 359;3 363;3 363;3 359;2 459;8 264 545;-0.09%
13/06/2024;3 328;3 359;3 359;3 328;4 772;15 956 375;-0.93%
14/06/2024;3 344;3 328;3 344;3 328;1 793;5 981 336;0.47%
18/06/2024;3 341;3 344;3 344;3 341;2 347;7 844 114;-0.09%
19/06/2024;3 313;3 341;3 341;3 313;5 755;19 144 367;-0.84%
20/06/2024;3 281;3 313;3 313;3 281;6 188;20 401 063;-0.94%
21/06/2024;3 281;3 281;3 281;3 281;246;807 188;0.00%
24/06/2024;3 281;3 222;3 281;3 222;2 500;8 128 906;0.00%
25/06/2024;3 313;3 281;3 313;3 281;6 435;21 215 391;0.95%
26/06/2024;3 313;3 281;3 313;3 281;2 396;7 899 313;0.00%
27/06/2024;3 313;3 313;3 313;3 313;6 224;20 617 000;0.00%
28/06/2024;3 319;3 313;3 319;3 313;16 038;53 175 994;0.19%
01/07/2024;3 309;3 319;3 319;3 309;852;2 823 581;-0.28%
02/07/2024;3 309;3 309;3 309;3 309;353;1 168 209;0.00%
03/07/2024;3 306;3 306;3 306;3 306;1 456;4 813 900;-0.09%
04/07/2024;3 306;3 306;3 306;3 306;544;1 798 600;0.00%
05/07/2024;3 306;3 306;3 306;3 306;758;2 506 138;0.00%
08/07/2024;3 288;3 306;3 306;3 288;3 374;11 123 656;-0.57%
09/07/2024;3 294;3 278;3 294;3 278;454;1 491 816;0.19%
10/07/2024;3 288;3 288;3 288;3 288;1 256;4 129 100;-0.19%
11/07/2024;3 281;3 281;3 281;3 281;1 262;4 140 938;-0.19%
12/07/2024;3 281;3 281;3 281;3 281;792;2 598 750;0.00%
15/07/2024;3 278;3 281;3 281;3 278;876;2 873 006;-0.10%
16/07/2024;3 250;3 266;3 266;3 250;1 099;3 580 336;-0.86%
17/07/2024;3 241;3 247;3 247;3 241;1 020;3 308 625;-0.29%
18/07/2024;3 244;3 244;3 244;3 244;412;1 336 425;0.10%
19/07/2024;3 244;3 222;3 244;3 222;675;2 182 148;0.00%
22/07/2024;3 244;3 244;3 244;3 244;648;2 101 950;0.00%
23/07/2024;3 231;3 244;3 244;3 231;457;1 479 538;-0.39%
24/07/2024;3 244;3 231;3 244;3 231;169;547 138;0.39%
25/07/2024;3 231;3 244;3 244;3 231;2 843;9 204 213;-0.39%
26/07/2024;3 288;3 231;3 288;3 231;3 048;9 934 575;1.74%
29/07/2024;3 288;3 288;3 288;3 288;1 380;4 536 750;0.00%
30/07/2024;3 284;3 281;3 284;3 281;4 440;14 575 688;-0.10%
31/07/2024;3 272;3 284;3 284;3 272;11 123;36 462 584;-0.38%
01/08/2024;3 250;3 272;3 272;3 250;692;2 256 569;-0.67%
02/08/2024;3 281;3 269;3 281;3 269;21 729;71 162 475;0.96%
05/08/2024;3 372;3 281;3 372;3 281;12 460;41 448 969;2.76%
06/08/2024;3 372;3 372;3 372;3 372;6 891;23 235 591;0.00%
07/08/2024;3 372;3 372;3 372;3 372;6 891;23 235 591;0.00%
08/08/2024;3 366;3 375;3 375;3 366;5 827;19 638 811;-0.19%
09/08/2024;3 313;3 366;3 366;3 313;3 795;12 671 742;-1.58%
12/08/2024;3 366;3 313;3 366;3 313;4 681;15 630 152;1.60%
13/08/2024;3 375;3 366;3 375;3 366;12 787;43 096 186;0.28%
14/08/2024;3 375;3 375;3 375;3 375;1 972;6 655 500;0.00%
15/08/2024;3 375;3 375;3 375;3 375;1 972;6 655 500;0.00%
16/08/2024;3 359;3 375;3 375;3 359;5 459;18 381 477;-0.46%
19/08/2024;3 359;3 313;3 359;3 313;4 307;14 367 883;0.00%
20/08/2024;3 353;3 359;3 359;3 353;2 916;9 786 825;-0.19%
21/08/2024;3 281;3 328;3 328;3 281;3 564;11 777 906;-2.14%
22/08/2024;3 281;3 278;3 281;3 278;862;2 827 091;0.00%
23/08/2024;3 281;3 281;3 281;3 281;5 100;16 734 375;0.00%
26/08/2024;3 269;3 281;3 281;3 269;3 356;10 990 900;-0.38%
27/08/2024;3 247;3 269;3 269;3 247;1 235;4 023 398;-0.67%
28/08/2024;3 263;3 266;3 266;3 263;5 035;16 434 555;0.48%
29/08/2024;3 250;3 263;3 263;3 250;2 556;8 322 975;-0.38%
30/08/2024;3 250;3 250;3 250;3 250;7 088;23 036 000;0.00%
02/09/2024;3 269;3 250;3 269;3 250;5 574;18 167 756;0.58%
03/09/2024;3 263;3 266;3 266;3 263;26 105;85 208 352;-0.19%
04/09/2024;3 500;3 500;3 500;3 500;8 096;28 336 000;7.28%
05/09/2024;3 760;3 645;3 760;3 645;16 740;61 979 850;7.43%
06/09/2024;3 850;3 995;3 995;3 850;5 583;21 899 318;2.39%
09/09/2024;3 800;3 760;3 800;3 760;1 633;6 172 740;-1.30%
10/09/2024;3 700;3 830;3 830;3 700;1 924;7 243 860;-2.63%
11/09/2024;3 670;3 700;3 700;3 670;856;3 154 360;-0.81%
12/09/2024;3 585;3 645;3 645;3 585;1 274;4 605 510;-2.32%
13/09/2024;3 400;3 550;3 550;3 400;2 447;8 503 325;-5.16%
16/09/2024;3 145;3 350;3 350;3 145;1 905;6 186 488;-7.50%
17/09/2024;3 160;3 145;3 160;3 145;754;2 376 985;0.48%
18/09/2024;3 255;3 200;3 255;3 200;1 123;3 624 483;3.01%
19/09/2024;3 140;3 155;3 155;3 140;1 873;5 895 268;-3.53%
20/09/2024;3 140;3 100;3 140;3 100;433;1 350 960;0.00%
23/09/2024;3 110;3 130;3 130;3 110;1 814;5 659 680;-0.96%
24/09/2024;3 120;3 110;3 120;3 110;1 659;5 167 785;0.32%
25/09/2024;3 120;3 120;3 120;3 120;5 513;17 200 560;0.00%
26/09/2024;3 105;3 100;3 105;3 100;3 297;10 228 943;-0.48%
27/09/2024;3 140;3 120;3 140;3 120;738;2 309 940;1.13%
30/09/2024;3 285;3 140;3 285;3 140;4 974;15 978 975;4.62%
01/10/2024;3 350;3 485;3 485;3 350;486;1 660 905;1.98%
02/10/2024;3 300;3 160;3 300;3 160;1 419;4 583 370;-1.49%
03/10/2024;3 350;3 300;3 350;3 300;2 239;7 444 675;1.52%
04/10/2024;3 350;3 350;3 350;3 350;832;2 787 200;0.00%
07/10/2024;3 350;3 350;3 350;3 350;719;2 408 650;0.00%
08/10/2024;3 290;3 300;3 300;3 290;544;1 792 480;-1.79%
09/10/2024;3 250;3 280;3 280;3 250;1 576;5 145 640;-1.22%
10/10/2024;3 350;3 250;3 350;3 250;1 091;3 600 300;3.08%
11/10/2024;3 300;3 250;3 300;3 250;1 811;5 931 025;-1.49%
14/10/2024;3 250;3 300;3 300;3 250;2 488;8 148 200;-1.52%
15/10/2024;3 250;3 290;3 290;3 250;2 876;9 404 520;0.00%
16/10/2024;3 300;3 200;3 300;3 200;2 493;8 102 250;1.54%
17/10/2024;3 300;3 300;3 300;3 300;333;1 098 900;0.00%
18/10/2024;3 300;3 300;3 300;3 300;355;1 171 500;0.00%
21/10/2024;3 495;3 300;3 495;3 300;3 298;11 204 955;5.91%
22/10/2024;3 300;3 255;3 300;3 255;2 117;6 938 468;-5.58%
23/10/2024;3 250;3 305;3 305;3 250;1 513;4 958 858;-1.52%
24/10/2024;3 250;3 245;3 250;3 245;2 006;6 514 485;0.00%
25/10/2024;3 015;3 010;3 015;3 010;11 945;35 984 313;-7.23%
28/10/2024;3 100;3 030;3 100;3 030;710;2 176 150;2.82%
29/10/2024;3 115;3 100;3 115;3 100;416;1 292 720;0.48%
30/10/2024;3 200;3 200;3 200;3 200;235;752 000;2.73%
31/10/2024;3 200;3 200;3 200;3 200;85;272 000;0.00%
01/11/2024;3 200;3 200;3 200;3 200;85;272 000;0.00%
04/11/2024;3 185;3 150;3 185;3 150;1 103;3 493 753;-0.47%
05/11/2024;3 180;3 185;3 185;3 180;366;1 164 795;-0.16%
06/11/2024;3 000;3 000;3 000;3 000;2 034;6 102 000;-5.66%
07/11/2024;2 995;3 000;3 000;2 995;513;1 537 718;-0.17%
08/11/2024;2 995;3 000;3 000;2 995;1 030;3 087 425;0.00%
11/11/2024;2 990;2 990;2 990;2 990;964;2 882 360;-0.17%
12/11/2024;2 990;3 000;3 000;2 990;620;1 856 900;0.00%
13/11/2024;2 990;2 990;2 990;2 990;1 047;3 130 530;0.00%
14/11/2024;2 950;2 990;2 990;2 950;60;178 200;-1.34%
15/11/2024;2 950;2 990;2 990;2 950;60;178 200;0.00%
18/11/2024;2 940;2 950;2 950;2 940;618;1 820 010;-0.34%
19/11/2024;2 940;2 900;2 940;2 900;1 015;2 963 800;0.00%
20/11/2024;2 900;2 940;2 940;2 900;4 379;12 786 680;-1.36%
21/11/2024;2 885;2 885;2 885;2 885;659;1 901 215;-0.52%
22/11/2024;2 800;2 885;2 885;2 800;1 676;4 764 030;-2.95%
25/11/2024;2 800;2 790;2 800;2 790;905;2 529 475;0.00%
26/11/2024;2 745;2 800;2 800;2 745;1 703;4 721 568;-1.96%
27/11/2024;2 745;2 745;2 745;2 745;378;1 037 610;0.00%
28/11/2024;2 720;2 745;2 745;2 720;799;2 183 268;-0.91%
29/11/2024;2 745;2 745;2 745;2 745;1 423;3 906 135;0.92%
02/12/2024;2 720;2 740;2 740;2 720;994;2 713 620;-0.91%
03/12/2024;2 710;2 700;2 710;2 700;945;2 556 225;-0.37%
04/12/2024;2 710;2 710;2 710;2 710;1 853;5 021 630;0.00%
05/12/2024;2 690;2 710;2 710;2 690;805;2 173 500;-0.74%
06/12/2024;2 690;2 690;2 690;2 690;751;2 020 190;0.00%
09/12/2024;2 650;2 690;2 690;2 650;770;2 055 900;-1.49%
10/12/2024;2 600;2 605;2 605;2 600;2 117;5 509 493;-1.89%
11/12/2024;2 600;2 650;2 650;2 600;3 465;9 095 625;0.00%
12/12/2024;2 650;2 600;2 650;2 600;7 005;18 388 125;1.92%
13/12/2024;2 520;2 600;2 600;2 520;681;1 743 360;-4.91%
16/12/2024;2 600;2 605;2 605;2 600;5 845;15 211 613;3.17%
17/12/2024;2 595;2 605;2 605;2 595;5 712;14 851 200;-0.19%
18/12/2024;2 605;2 560;2 605;2 560;3 551;9 170 458;0.39%
19/12/2024;2 565;2 605;2 605;2 565;6 656;17 205 760;-1.54%
20/12/2024;2 570;2 565;2 570;2 565;569;1 460 908;0.19%
23/12/2024;2 590;2 565;2 590;2 565;1 452;3 742 530;0.78%
24/12/2024;2 600;2 600;2 600;2 600;979;2 545 400;0.39%
25/12/2024;2 600;2 590;2 600;2 590;979;2 540 505;0.00%
26/12/2024;2 600;2 600;2 600;2 600;1 869;4 859 400;0.00%
27/12/2024;2 595;2 595;2 595;2 595;2 624;6 809 280;-0.19%
30/12/2024;2 595;2 500;2 595;2 500;1 430;3 642 925;0.00%
31/12/2024;2 575;2 595;2 595;2 575;546;1 411 410;-0.77%
01/01/2025;2 575;2 595;2 595;2 575;546;1 411 410;0.00%
02/01/2025;2 580;2 580;2 580;2 580;52;134 160;0.19%
03/01/2025;2 590;2 590;2 590;2 590;175;453 250;0.39%
06/01/2025;2 590;2 600;2 600;2 590;510;1 323 450;0.00%
07/01/2025;2 500;2 510;2 510;2 500;1 619;4 055 595;-3.47%
08/01/2025;2 490;2 500;2 500;2 490;1 569;3 914 655;-0.40%
09/01/2025;2 500;2 500;2 500;2 500;700;1 750 000;0.40%
10/01/2025;2 500;2 500;2 500;2 500;162;405 000;0.00%
13/01/2025;2 400;2 315;2 400;2 315;4 112;9 694 040;-4.00%
14/01/2025;2 475;2 485;2 485;2 475;287;711 760;3.13%
15/01/2025;2 450;2 475;2 475;2 450;2 670;6 574 875;-1.01%
16/01/2025;2 410;2 450;2 450;2 410;428;1 040 040;-1.63%
17/01/2025;2 450;2 440;2 450;2 440;5 011;12 251 895;1.66%
20/01/2025;2 435;2 445;2 445;2 435;281;685 640;-0.61%
21/01/2025;2 390;2 435;2 435;2 390;730;1 761 125;-1.85%
22/01/2025;2 385;2 395;2 395;2 385;1 668;3 986 520;-0.21%
23/01/2025;2 360;2 370;2 370;2 360;1 108;2 620 420;-1.05%
24/01/2025;2 360;2 385;2 385;2 360;229;543 303;0.00%
27/01/2025;2 300;2 360;2 360;2 300;639;1 488 870;-2.54%
28/01/2025;2 200;2 290;2 290;2 200;1 680;3 771 600;-4.35%
29/01/2025;2 195;2 200;2 200;2 195;1 669;3 667 628;-0.23%
30/01/2025;2 150;2 195;2 195;2 150;2 807;6 098 208;-2.05%
31/01/2025;2 295;2 150;2 295;2 150;4 678;10 396 855;6.74%
03/02/2025;2 200;2 295;2 295;2 200;4 399;9 886 753;-4.14%
04/02/2025;2 190;2 195;2 195;2 190;1 414;3 100 195;-0.45%
05/02/2025;2 200;2 190;2 200;2 190;2 765;6 069 175;0.46%
06/02/2025;2 300;2 200;2 300;2 200;3 975;8 943 750;4.55%
07/02/2025;2 295;2 300;2 300;2 295;2 472;5 679 420;-0.22%
10/02/2025;2 350;2 300;2 350;2 300;1 569;3 647 925;2.40%
11/02/2025;2 350;2 350;2 350;2 350;838;1 969 300;0.00%
12/02/2025;2 365;2 350;2 365;2 350;2 756;6 497 270;0.64%
13/02/2025;2 400;2 365;2 400;2 365;6 332;15 085 990;1.48%
14/02/2025;2 385;2 380;2 385;2 380;2 529;6 025 343;-0.63%
17/02/2025;2 440;2 450;2 450;2 440;1 034;2 528 130;2.31%
18/02/2025;2 475;2 445;2 475;2 445;1 027;2 526 420;1.43%
19/02/2025;2 425;2 400;2 425;2 400;12 377;29 859 513;-2.02%
20/02/2025;2 500;2 480;2 500;2 480;4 062;10 114 380;3.09%
21/02/2025;2 570;2 510;2 570;2 510;4 287;10 888 980;2.80%
24/02/2025;2 610;2 600;2 610;2 600;639;1 664 595;1.56%
25/02/2025;2 720;2 720;2 720;2 720;2 028;5 516 160;4.21%
26/02/2025;2 750;2 795;2 795;2 750;1 501;4 161 523;1.10%
28/02/2025;2 800;2 850;2 850;2 800;1 243;3 511 475;1.82%
03/03/2025;2 840;2 800;2 840;2 800;729;2 055 780;1.43%
04/03/2025;3 050;2 890;3 050;2 890;6 062;18 004 140;7.39%
05/03/2025;3 100;3 275;3 275;3 100;2 714;8 650 875;1.64%
06/03/2025;3 045;3 110;3 110;3 045;1 242;3 822 255;-1.77%
07/03/2025;2 900;3 000;3 000;2 900;3 986;11 758 700;-4.76%
10/03/2025;2 995;3 040;3 040;2 995;991;2 990 343;3.28%
11/03/2025;2 995;2 995;2 995;2 995;6 792;20 342 040;0.00%
12/03/2025;3 000;2 995;3 000;2 995;748;2 242 130;0.17%
13/03/2025;3 040;3 000;3 040;3 000;1 167;3 524 340;1.33%
14/03/2025;2 910;3 050;3 050;2 910;15 375;45 817 500;-4.28%
17/03/2025;2 910;2 925;2 925;2 910;56 713;165 460 178;0.00%
18/03/2025;2 915;2 950;2 950;2 915;1 949;5 715 443;0.17%
19/03/2025;2 900;2 925;2 925;2 900;11 170;32 532 625;-0.51%
20/03/2025;2 685;2 685;2 685;2 685;1 863;5 002 155;-7.41%
21/03/2025;2 675;2 600;2 675;2 600;45 519;120 056 363;-0.37%
24/03/2025;2 675;2 675;2 675;2 675;2 112;5 649 600;0.00%
25/03/2025;2 675;2 685;2 685;2 675;1 253;3 358 040;0.00%
26/03/2025;2 795;2 685;2 795;2 685;2 399;6 573 260;4.49%
27/03/2025;2 795;2 685;2 795;2 685;2 399;6 573 260;0.00%
28/03/2025;2 795;2 795;2 795;2 795;4 411;12 328 745;0.00%
31/03/2025;2 795;2 795;2 795;2 795;4 411;12 328 745;0.00%
01/04/2025;2 770;2 790;2 790;2 770;1 031;2 866 180;-0.89%
02/04/2025;2 770;2 770;2 770;2 770;131;362 870;0.00%
03/04/2025;2 770;2 770;2 770;2 770;1 871;5 182 670;0.00%
04/04/2025;2 710;2 795;2 795;2 710;591;1 626 728;-2.17%
07/04/2025;2 780;2 710;2 780;2 710;963;2 643 435;2.58%
08/04/2025;2 780;2 780;2 780;2 780;439;1 220 420;0.00%
09/04/2025;2 760;2 780;2 780;2 760;806;2 232 620;-0.72%
10/04/2025;2 765;2 760;2 765;2 760;42 236;116 676 950;0.18%
11/04/2025;2 790;2 765;2 790;2 765;2 453;6 813 208;0.90%
14/04/2025;2 785;2 785;2 785;2 785;121;336 985;-0.18%
15/04/2025;2 790;2 790;2 790;2 790;1 897;5 292 630;0.18%
16/04/2025;2 790;2 790;2 790;2 790;1 879;5 242 410;0.00%
17/04/2025;2 790;2 790;2 790;2 790;309;862 110;0.00%
18/04/2025;2 775;2 790;2 790;2 775;343;954 398;-0.54%
21/04/2025;2 775;2 790;2 790;2 775;343;954 398;0.00%
22/04/2025;2 775;2 775;2 775;2 775;304;843 600;0.00%
23/04/2025;2 775;2 775;2 775;2 775;5 053;14 022 075;0.00%
24/04/2025;2 775;2 710;2 775;2 710;429;1 176 533;0.00%
25/04/2025;2 790;2 705;2 790;2 705;1 522;4 181 695;0.54%
28/04/2025;2 775;2 790;2 790;2 775;328;912 660;-0.54%
29/04/2025;2 795;2 775;2 795;2 775;1 769;4 926 665;0.72%
30/04/2025;2 590;2 600;2 600;2 590;9 036;23 448 420;-7.33%
01/05/2025;2 590;2 600;2 600;2 590;9 036;23 448 420;0.00%
02/05/2025;2 550;2 600;2 600;2 550;7 465;19 222 375;-1.54%
05/05/2025;2 650;2 550;2 650;2 550;853;2 217 800;3.92%
06/05/2025;2 600;2 650;2 650;2 600;2 575;6 759 375;-1.89%
07/05/2025;2 575;2 590;2 590;2 575;1 473;3 804 023;-0.96%
08/05/2025;2 575;2 575;2 575;2 575;282;726 150;0.00%
09/05/2025;2 575;2 575;2 575;2 575;5 132;13 214 900;0.00%
12/05/2025;2 595;2 580;2 595;2 580;244;631 350;0.78%
13/05/2025;2 595;2 600;2 600;2 595;9 151;23 769 723;0.00%
14/05/2025;2 680;2 600;2 680;2 600;3 242;8 558 880;3.28%
15/05/2025;2 600;2 680;2 680;2 600;685;1 808 400;-2.99%
16/05/2025;2 640;2 650;2 650;2 640;12;31 740;1.54%
19/05/2025;2 750;2 650;2 750;2 650;5 870;15 849 000;4.17%
20/05/2025;2 795;2 750;2 795;2 750;295;817 888;1.64%
21/05/2025;2 820;2 795;2 820;2 795;486;1 364 445;0.89%
22/05/2025;2 800;2 820;2 820;2 800;611;1 716 910;-0.71%
23/05/2025;2 705;2 800;2 800;2 705;752;2 069 880;-3.39%
26/05/2025;2 800;2 795;2 800;2 795;10 320;28 870 200;3.51%
27/05/2025;2 800;2 800;2 800;2 800;805;2 254 000;0.00%
28/05/2025;2 850;2 800;2 850;2 800;8 889;25 111 425;1.79%
29/05/2025;2 850;2 800;2 850;2 800;8 889;25 111 425;0.00%
30/05/2025;2 600;2 450;2 600;2 450;1 329;3 355 725;-8.77%
02/06/2025;2 600;2 600;2 600;2 600;239;621 400;0.00%
03/06/2025;2 590;2 595;2 595;2 590;2 622;6 797 535;-0.38%
04/06/2025;2 595;2 425;2 595;2 425;648;1 626 480;0.19%
05/06/2025;2 595;2 600;2 600;2 595;1 381;3 587 148;0.00%
10/06/2025;2 600;2 595;2 600;2 595;8 602;22 343 695;0.19%
11/06/2025;2 585;2 465;2 585;2 465;950;2 398 750;-0.58%
12/06/2025;2 630;2 580;2 630;2 580;6 044;15 744 620;1.74%
13/06/2025;2 690;2 630;2 690;2 630;2 031;5 402 460;2.28%
16/06/2025;2 710;2 690;2 710;2 690;1 939;5 235 300;0.74%
17/06/2025;2 700;2 705;2 705;2 700;3 512;9 491 180;-0.37%
18/06/2025;2 700;2 730;2 730;2 700;280;760 200;0.00%
19/06/2025;2 700;2 700;2 700;2 700;705;1 903 500;0.00%
20/06/2025;2 695;2 700;2 700;2 695;2 368;6 387 680;-0.19%
23/06/2025;2 685;2 695;2 695;2 685;38 031;102 303 390;-0.37%
24/06/2025;2 745;2 685;2 745;2 685;34 278;93 064 770;2.23%
25/06/2025;2 695;2 745;2 745;2 695;298;810 560;-1.82%
26/06/2025;2 500;2 695;2 695;2 500;4 556;11 834 210;-7.24%
27/06/2025;2 650;2 500;2 650;2 500;5 308;13 668 100;6.00%
30/06/2025;2 630;2 645;2 645;2 630;7 169;18 908 238;-0.75%
01/07/2025;2 455;2 625;2 625;2 455;5 990;15 214 600;-6.65%
02/07/2025;2 405;2 405;2 405;2 405;4 333;10 420 865;-2.04%
03/07/2025;2 375;2 405;2 405;2 375;6 761;16 158 790;-1.25%
04/07/2025;2 400;2 375;2 400;2 375;17 783;42 456 913;1.05%
07/07/2025;2 540;2 450;2 540;2 450;8 092;20 189 540;5.83%
08/07/2025;2 490;2 515;2 515;2 490;2 679;6 704 198;-1.97%
09/07/2025;2 500;2 540;2 540;2 500;9 825;24 759 000;0.40%
10/07/2025;2 585;2 520;2 585;2 520;440;1 123 100;3.40%
11/07/2025;2 580;2 585;2 585;2 580;327;844 478;-0.19%
14/07/2025;2 580;2 505;2 580;2 505;438;1 113 615;0.00%
15/07/2025;2 545;2 580;2 580;2 545;1 237;3 169 813;-1.36%
16/07/2025;2 550;2 550;2 550;2 550;289;736 950;0.20%
17/07/2025;2 545;2 550;2 550;2 545;952;2 425 220;-0.20%
18/07/2025;2 530;2 540;2 540;2 530;1 833;4 646 655;-0.59%
21/07/2025;2 450;2 530;2 530;2 450;2 897;7 213 530;-3.16%
22/07/2025;2 575;2 430;2 575;2 430;5 539;13 861 348;5.10%
23/07/2025;2 590;2 575;2 590;2 575;34 315;88 618 488;0.58%
24/07/2025;2 575;2 425;2 575;2 425;2 663;6 657 500;-0.58%
25/07/2025;2 575;2 590;2 590;2 575;21 473;55 454 023;0.00%
28/07/2025;2 445;2 570;2 570;2 445;6 063;15 202 973;-5.05%
29/07/2025;2 500;2 450;2 500;2 450;3 107;7 689 825;2.25%
30/07/2025;2 450;2 400;2 450;2 400;10 937;26 522 225;-2.00%
31/07/2025;2 510;2 455;2 510;2 455;25 501;63 306 233;2.45%
01/08/2025;2 455;2 510;2 510;2 455;33 282;82 622 565;-2.19%
04/08/2025;2 510;2 505;2 510;2 505;347;870 103;2.24%
05/08/2025;2 500;2 510;2 510;2 500;2 913;7 297 065;-0.40%
06/08/2025;2 580;2 510;2 580;2 510;1 149;2 924 205;3.20%
07/08/2025;2 580;2 510;2 580;2 510;1 149;2 924 205;0.00%
08/08/2025;2 510;2 600;2 600;2 510;2 534;6 474 370;-2.71%
11/08/2025;2 580;2 510;2 580;2 510;5 139;13 078 755;2.79%
12/08/2025;2 550;2 580;2 580;2 550;891;2 285 415;-1.16%
13/08/2025;2 580;2 525;2 580;2 525;1 710;4 364 775;1.18%
14/08/2025;2 600;2 555;2 600;2 555;1 532;3 948 730;0.78%
15/08/2025;2 600;2 555;2 600;2 555;1 532;3 948 730;0.00%
18/08/2025;2 585;2 505;2 585;2 505;1 598;4 066 910;-0.58%
19/08/2025;2 595;2 525;2 595;2 525;470;1 203 200;0.39%
20/08/2025;2 590;2 595;2 595;2 590;3 750;9 721 875;-0.19%
21/08/2025;2 590;2 600;2 600;2 590;1 787;4 637 265;0.00%
22/08/2025;2 595;2 595;2 595;2 595;1 290;3 347 550;0.19%
25/08/2025;2 585;2 585;2 585;2 585;5 549;14 344 165;-0.39%
26/08/2025;2 600;2 600;2 600;2 600;5 626;14 627 600;0.58%
27/08/2025;2 600;2 600;2 600;2 600;6 486;16 863 600;0.00%
28/08/2025;2 595;2 600;2 600;2 595;3 043;7 904 193;-0.19%
29/08/2025;2 625;2 595;2 625;2 595;25 296;66 022 560;1.16%
01/09/2025;2 630;2 625;2 630;2 625;2 183;5 735 833;0.19%
02/09/2025;2 500;2 625;2 625;2 500;6 608;16 933 000;-4.94%
03/09/2025;2 600;2 500;2 600;2 500;5 451;13 900 050;4.00%
04/09/2025;2 600;2 500;2 600;2 500;5 451;13 900 050;0.00%
05/09/2025;2 595;2 580;2 595;2 580;2 567;6 642 113;-0.19%
08/09/2025;2 595;2 590;2 595;2 590;915;2 372 138;0.00%
09/09/2025;2 600;2 595;2 600;2 595;3 861;10 028 948;0.19%
10/09/2025;2 600;2 590;2 600;2 590;4 912;12 746 640;0.00%
11/09/2025;2 595;2 600;2 600;2 595;3 558;9 241 905;-0.19%
12/09/2025;2 575;2 595;2 595;2 575;3 003;7 762 755;-0.77%
15/09/2025;2 570;2 575;2 575;2 570;2 051;5 276 198;-0.19%
16/09/2025;2 535;2 560;2 560;2 535;8 178;20 833 455;-1.36%
17/09/2025;2 545;2 535;2 545;2 535;5 084;12 913 360;0.39%
18/09/2025;2 545;2 545;2 545;2 545;2 214;5 634 630;0.00%
19/09/2025;2 520;2 545;2 545;2 520;5 803;14 696 098;-0.98%
22/09/2025;2 550;2 515;2 550;2 515;3 956;10 018 570;1.19%
23/09/2025;2 515;2 460;2 515;2 460;10 591;26 345 113;-1.37%
24/09/2025;2 500;2 515;2 515;2 500;2 237;5 609 278;-0.60%
25/09/2025;2 510;2 520;2 520;2 510;3 547;8 920 705;0.40%
26/09/2025;2 515;2 515;2 515;2 515;1 633;4 106 995;0.20%
29/09/2025;2 505;2 515;2 515;2 505;3 438;8 629 380;-0.40%
30/09/2025;2 500;2 500;2 500;2 500;3 013;7 532 500;-0.20%
01/10/2025;2 500;2 495;2 500;2 495;2 805;7 005 488;0.00%
02/10/2025;2 500;2 500;2 500;2 500;3 589;8 972 500;0.00%
03/10/2025;2 480;2 460;2 480;2 460;6 381;15 761 070;-0.80%
06/10/2025;2 490;2 545;2 545;2 490;4 805;12 096 588;0.40%
07/10/2025;2 545;2 500;2 545;2 500;5 008;12 632 680;2.21%
08/10/2025;2 600;2 550;2 600;2 550;2 104;5 417 800;2.16%
09/10/2025;2 700;2 725;2 725;2 700;2 449;6 642 913;3.85%
10/10/2025;2 700;2 725;2 725;2 700;3 837;10 407 863;0.00%
13/10/2025;2 600;2 700;2 700;2 600;5 414;14 347 100;-3.70%
14/10/2025;2 650;2 600;2 650;2 600;16 368;42 966 000;1.92%
15/10/2025;2 600;2 600;2 600;2 600;3 214;8 356 400;-1.89%
16/10/2025;2 600;2 595;2 600;2 595;4 177;10 849 758;0.00%
17/10/2025;2 595;2 600;2 600;2 595;2 538;6 592 455;-0.19%
20/10/2025;2 530;2 500;2 530;2 500;2 958;7 439 370;-2.50%
21/10/2025;2 530;2 595;2 595;2 530;1 378;3 531 125;0.00%
22/10/2025;2 570;2 570;2 570;2 570;2 479;6 371 030;1.58%
23/10/2025;2 595;2 570;2 595;2 570;1 149;2 967 293;0.97%
24/10/2025;2 595;2 600;2 600;2 595;4 653;12 086 168;0.00%
27/10/2025;2 580;2 595;2 595;2 580;1 053;2 724 638;-0.58%
28/10/2025;2 580;2 600;2 600;2 580;1 765;4 571 350;0.00%
29/10/2025;2 595;2 590;2 595;2 590;5 424;14 061 720;0.58%
30/10/2025;2 590;2 590;2 590;2 590;3 482;9 018 380;-0.19%
31/10/2025;2 595;2 580;2 595;2 580;16 642;43 061 175;0.19%
03/11/2025;2 560;2 595;2 595;2 560;2 474;6 376 735;-1.35%
04/11/2025;2 550;2 560;2 560;2 550;1 193 492;3 049 372 060;-0.39%
05/11/2025;2 560;2 550;2 560;2 550;1 709;4 366 495;0.39%
06/11/2025;2 560;2 555;2 560;2 555;1 544;3 948 780;0.00%
07/11/2025;2 500;2 500;2 500;2 500;-;0;-2.34%
10/11/2025;2 545;2 510;2 545;2 510;474;1 198 035;1.80%
11/11/2025;2 545;2 545;2 545;2 545;1 633;4 155 985;0.00%
12/11/2025;2 545;2 550;2 550;2 545;1 054;2 685 065;0.00%
13/11/2025;2 500;2 510;2 510;2 500;1 658;4 153 290;-1.77%
14/11/2025;2 510;2 500;2 510;2 500;2 061;5 162 805;0.40%
17/11/2025;2 530;2 510;2 530;2 510;484;1 219 680;0.80%
18/11/2025;2 530;2 530;2 530;2 530;1 459;3 691 270;0.00%
19/11/2025;2 530;2 530;2 530;2 530;5 852;14 805 560;0.00%
20/11/2025;2 525;2 530;2 530;2 525;1 623;4 102 133;-0.20%
21/11/2025;2 525;2 525;2 525;2 525;231;583 275;0.00%
24/11/2025;2 520;2 520;2 520;2 520;616;1 552 320;-0.20%
25/11/2025;2 500;2 505;2 505;2 500;6 865;17 179 663;-0.79%
26/11/2025;2 500;2 500;2 500;2 500;503;1 257 500;0.00%
27/11/2025;2 495;2 500;2 500;2 495;3 742;9 345 645;-0.20%
28/11/2025;2 495;2 500;2 500;2 495;971;2 425 073;0.00%
01/12/2025;2 500;2 500;2 500;2 500;971;2 427 500;0.20%
02/12/2025;2 500;2 500;2 500;2 500;3 332;8 330 000;0.00%
03/12/2025;2 500;2 500;2 500;2 500;5 479;13 697 500;0.00%
04/12/2025;2 495;2 500;2 500;2 495;10 081;25 177 298;-0.20%
05/12/2025;2 490;2 490;2 490;2 490;2 318;5 771 820;-0.20%
08/12/2025;2 500;2 495;2 500;2 495;1 895;4 732 763;0.40%
09/12/2025;2 490;2 500;2 500;2 490;3 696;9 221 520;-0.40%
10/12/2025;2 490;2 485;2 490;2 485;4 856;12 079 300;0.00%
11/12/2025;2 480;2 490;2 490;2 480;1 867;4 639 495;-0.40%
12/12/2025;2 500;2 480;2 500;2 480;2 102;5 233 980;0.81%
15/12/2025;2 500;2 500;2 500;2 500;657;1 642 500;0.00%
16/12/2025;2 530;2 500;2 530;2 500;943;2 371 645;1.20%
17/12/2025;2 620;2 530;2 620;2 530;1 229;3 164 675;3.56%
18/12/2025;2 600;2 620;2 620;2 600;3 803;9 925 830;-0.76%
19/12/2025;2 565;2 600;2 600;2 565;5 364;13 852 530;-1.35%
22/12/2025;2 600;2 600;2 600;2 600;7 543;19 611 800;1.36%
23/12/2025;2 750;2 750;2 750;2 750;442;1 215 500;5.77%
24/12/2025;2 545;2 545;2 545;2 545;4 127;10 503 215;-7.45%
25/12/2025;2 545;2 545;2 545;2 545;4 127;10 503 215;0.00%
26/12/2025;2 650;2 545;2 650;2 545;1 333;3 462 468;4.13%
29/12/2025;2 635;2 475;2 635;2 475;5 119;13 079 045;-0.57%
30/12/2025;2 615;2 630;2 630;2 615;394;1 033 265;-0.76%
31/12/2025;2 610;2 615;2 615;2 610;1 476;3 856 050;-0.19%
01/01/2026;2 610;2 615;2 615;2 610;1 476;3 856 050;0.00%
02/01/2026;2 600;2 455;2 600;2 455;1 117;2 823 218;-0.38%
05/01/2026;2 590;2 595;2 595;2 590;410;1 062 925;-0.38%
06/01/2026;2 575;2 550;2 575;2 550;1 932;4 950 750;-0.58%
07/01/2026;2 550;2 500;2 550;2 500;964;2 434 100;-0.97%
08/01/2026;2 570;2 550;2 570;2 550;586;1 500 160;0.78%
09/01/2026;2 605;2 570;2 605;2 570;1 051;2 719 463;1.36%
12/01/2026;2 620;2 640;2 640;2 620;765;2 011 950;0.58%
13/01/2026;2 600;2 620;2 620;2 600;1 236;3 225 960;-0.76%
14/01/2026;2 550;2 625;2 625;2 550;1 674;4 331 475;-1.92%
15/01/2026;2 550;2 560;2 560;2 550;957;2 445 135;0.00%
16/01/2026;2 635;2 500;2 635;2 500;821;2 107 918;3.33%
19/01/2026;2 645;2 650;2 650;2 645;1 001;2 650 148;0.38%
20/01/2026;2 640;2 640;2 640;2 640;984;2 597 760;-0.19%
21/01/2026;2 630;2 645;2 645;2 630;802;2 115 275;-0.38%
22/01/2026;2 600;2 600;2 600;2 600;1 312;3 411 200;-1.14%
23/01/2026;2 595;2 600;2 600;2 595;1 493;3 878 068;-0.19%
26/01/2026;2 625;2 600;2 625;2 600;3 020;7 889 750;1.16%
27/01/2026;2 600;2 625;2 625;2 600;1 117;2 918 163;-0.95%
28/01/2026;2 600;2 605;2 605;2 600;3 581;9 319 553;0.00%
29/01/2026;2 605;2 605;2 605;2 605;869;2 263 745;0.19%
30/01/2026;2 625;2 615;2 625;2 615;3 001;7 862 620;0.77%
02/02/2026;2 635;2 625;2 635;2 625;4 827;12 695 010;0.38%
03/02/2026;2 625;2 625;2 625;2 625;887;2 328 375;-0.38%
04/02/2026;2 650;2 625;2 650;2 625;739;1 949 113;0.95%
05/02/2026;2 605;2 605;2 605;2 605;4 430;11 540 150;-1.70%
06/02/2026;2 605;2 605;2 605;2 605;5 483;14 283 215;0.00%
09/02/2026;2 600;2 600;2 600;2 600;3 263;8 483 800;-0.19%
10/02/2026;2 575;2 600;2 600;2 575;3 026;7 829 775;-0.96%
11/02/2026;2 600;2 605;2 605;2 600;934;2 430 735;0.97%
12/02/2026;2 550;2 595;2 595;2 550;3 319;8 538 128;-1.92%
13/02/2026;2 500;2 550;2 550;2 500;4 151;10 481 275;-1.96%
16/02/2026;2 545;2 550;2 550;2 545;1 626;4 142 235;1.80%
17/02/2026;2 595;2 505;2 595;2 505;6 505;16 587 750;1.96%
18/02/2026;2 600;2 590;2 600;2 590;5 093;13 216 335;0.19%
19/02/2026;2 600;2 600;2 600;2 600;2 791;7 256 600;0.00%
20/02/2026;2 580;2 600;2 600;2 580;3 687;9 549 330;-0.77%
23/02/2026;2 615;2 570;2 615;2 570;4 876;12 641 030;1.36%
24/02/2026;2 690;2 615;2 690;2 615;2 888;7 660 420;2.87%
25/02/2026;2 840;2 700;2 840;2 700;12 801;35 458 770;5.58%
26/02/2026;2 995;2 840;2 995;2 840;24 734;72 161 445;5.46%
27/02/2026;2 910;2 995;2 995;2 910;19 456;57 443 840;-2.84%
02/03/2026;2 750;2 900;2 900;2 750;54 376;153 612 200;-5.50%
03/03/2026;2 700;2 885;2 885;2 700;8 580;23 959 650;-1.82%
04/03/2026;2 720;2 800;2 800;2 720;9 401;25 946 760;0.74%
05/03/2026;2 700;2 720;2 720;2 700;19 836;53 755 560;-0.74%
06/03/2026;2 780;2 700;2 780;2 700;28 284;77 498 160;2.96%
09/03/2026;2 975;2 785;2 975;2 785;16 405;47 246 400;7.01%
10/03/2026;2 985;2 985;2 985;2 985;9 031;26 957 535;0.34%
11/03/2026;2 985;2 995;2 995;2 985;6 640;19 853 600;0.00%
12/03/2026;2 950;2 985;2 985;2 950;5 783;17 161 053;-1.17%
13/03/2026;2 950;2 950;2 950;2 950;4 051;11 950 450;0.00%
16/03/2026;2 950;2 950;2 950;2 950;4 051;11 950 450;0.00%
17/03/2026;2 730;2 730;2 730;2 730;25 606;69 904 380;-7.46%
18/03/2026;2 610;2 600;2 610;2 600;20 168;52 537 640;-4.40%
19/03/2026;2 535;2 550;2 550;2 535;11 069;28 142 933;-2.87%
20/03/2026;2 535;2 550;2 550;2 535;11 069;28 142 933;0.00%
23/03/2026;2 460;2 505;2 505;2 460;14 412;35 777 790;-2.96%
24/03/2026;2 575;2 510;2 575;2 510;5 655;14 377 838;4.67%
25/03/2026;2 610;2 610;2 610;2 610;3 950;10 309 500;1.36%
26/03/2026;2 690;2 630;2 690;2 630;6 847;18 213 020;3.07%
27/03/2026;2 650;2 690;2 690;2 650;7 920;21 146 400;-1.49%
30/03/2026;2 635;2 700;2 700;2 635;5 456;14 553 880;-0.57%
31/03/2026;2 620;2 650;2 650;2 620;3 969;10 458 315;-0.57%
01/04/2026;2 700;2 625;2 700;2 625;7 882;20 985 825;3.05%
02/04/2026;2 660;2 700;2 700;2 660;592;1 586 560;-1.48%
03/04/2026;2 660;2 695;2 695;2 660;3 357;8 988 368;0.00%
06/04/2026;2 660;2 695;2 695;2 660;3 357;8 988 368;0.00%
07/04/2026;2 810;2 685;2 810;2 685;10 115;27 790 963;5.64%
08/04/2026;2 800;2 800;2 800;2 800;27 559;77 165 200;-0.36%
09/04/2026;2 800;2 810;2 810;2 800;9 701;27 211 305;0.00%
10/04/2026;2 825;2 800;2 825;2 800;7 462;20 986 875;0.89%
13/04/2026;2 895;2 890;2 895;2 890;8 701;25 167 643;2.48%
14/04/2026;2 830;2 900;2 900;2 830;5 755;16 488 075;-2.25%
15/04/2026;2 830;2 820;2 830;2 820;3 810;10 763 250;0.00%
16/04/2026;3 000;2 830;3 000;2 830;45 775;133 434 125;6.01%
17/04/2026;3 200;3 000;3 200;3 000;32 890;101 959 000;6.67%
20/04/2026;3 305;3 440;3 440;3 305;27 574;92 993 315;3.28%
21/04/2026;3 360;3 325;3 360;3 325;20 041;66 987 043;1.66%
22/04/2026;3 500;3 365;3 500;3 365;32 917;112 987 603;4.17%
23/04/2026;3 760;3 545;3 760;3 545;16 818;61 427 745;7.43%
24/04/2026;3 615;3 750;3 750;3 615;6 513;23 984 123;-3.86%
27/04/2026;3 415;3 600;3 600;3 415;3 271;11 473 033;-5.53%
28/04/2026;3 500;3 300;3 500;3 300;8 854;30 103 600;2.49%
29/04/2026;3 545;3 500;3 545;3 500;2 571;9 056 348;1.29%
30/04/2026;3 660;3 600;3 660;3 600;8 197;29 755 110;3.24%
01/05/2026;3 660;3 600;3 660;3 600;8 197;29 755 110;0.00%
04/05/2026;3 630;3 660;3 660;3 630;9 029;32 910 705;-0.82%
05/05/2026;3 500;3 625;3 625;3 500;5 746;20 470 125;-3.58%
06/05/2026;3 500;3 505;3 505;3 500;5 287;18 517 718;0.00%
07/05/2026;3 500;3 550;3 550;3 500;9 120;32 148 000;0.00%
08/05/2026;3 485;3 500;3 500;3 485;10 423;36 402 328;-0.43%
11/05/2026;3 450;3 480;3 480;3 450;10 497;36 372 105;-1.00%
12/05/2026;3 440;3 445;3 445;3 440;5 724;19 704 870;-0.29%
13/05/2026;3 395;3 445;3 445;3 395;7 385;25 256 700;-1.31%
14/05/2026;3 395;3 445;3 445;3 395;7 385;25 256 700;0.00%
15/05/2026;3 445;3 445;3 445;3 445;9 702;33 423 390;1.47%
18/05/2026;3 490;3 450;3 490;3 450;6 300;21 861 000;1.31%
19/05/2026;3 470;3 490;3 490;3 470;4 031;14 027 880;-0.57%
20/05/2026;3 690;3 480;3 690;3 480;29 157;104 527 845;6.34%
21/05/2026;3 700;3 690;3 700;3 690;11 543;42 651 385;0.27%
22/05/2026;3 730;3 700;3 730;3 700;6 204;23 047 860;0.81%
25/05/2026;3 730;3 700;3 730;3 700;6 204;23 047 860;0.00%
26/05/2026;3 740;3 750;3 750;3 740;2 678;10 029 110;0.27%
27/05/2026;3 740;3 750;3 750;3 740;2 678;10 029 110;0.00%
28/05/2026;3 730;3 730;3 730;3 730;3 568;13 308 640;-0.27%
29/05/2026;3 730;3 740;3 740;3 730;4 089;15 272 415;0.00%
01/06/2026;3 700;3 730;3 730;3 700;6 604;24 533 860;-0.80%
02/06/2026;3 695;3 700;3 700;3 695;4 551;16 827 323;-0.14%
03/06/2026;3 740;3 700;3 740;3 700;18 073;67 231 560;1.22%
04/06/2026;3 740;3 755;3 755;3 740;13 144;49 257 140;0.00%
05/06/2026;3 705;3 740;3 740;3 705;24 317;90 520 033;-0.94%
08/06/2026;3 700;3 705;3 705;3 700;27 802;102 936 905;-0.13%
09/06/2026;3 740;3 705;3 740;3 705;2 941;10 947 873;1.08%
10/06/2026;3 735;3 765;3 765;3 735;22 523;84 461 250;-0.13%
11/06/2026;3 700;3 735;3 735;3 700;7 083;26 331 053;-0.94%
12/06/2026;3 700;3 700;3 700;3 700;6 030;22 311 000;0.00%
15/06/2026;3 705;3 705;3 705;3 705;5 867;21 737 235;0.14%
16/06/2026;3 705;3 715;3 715;3 705;7 893;29 283 030;0.00%
17/06/2026;3 760;3 750;3 760;3 750;13 176;49 475 880;1.48%
18/06/2026;3 705;3 705;3 705;3 705;5 930;21 970 650;-1.46%
19/06/2026;3 760;3 710;3 760;3 710;9 156;34 197 660;1.48%
22/06/2026;3 850;3 760;3 850;3 760;3 728;14 185 040;2.39%
23/06/2026;3 985;3 850;3 985;3 850;26 431;103 543 443;3.51%
24/06/2026;4 180;3 990;4 180;3 990;7 334;29 959 390;4.89%
25/06/2026;4 045;4 185;4 185;4 045;9 079;37 360 085;-3.23%
26/06/2026;4 115;4 045;4 115;4 045;4 944;20 171 520;1.73%
