Date;Clôture;Plus bas;Plus haut;Ouverture;Volume Titres;Volume FCFA;Variation %
01/06/2016;2 311;2 311;2 311;2 311;15;34 660;7.47%
02/06/2016;2 483;2 483;2 483;2 483;328;814 533;7.47%
03/06/2016;2 670;2 670;2 670;2 670;30;80 100;7.52%
06/06/2016;2 870;2 870;2 870;2 870;21;60 270;7.49%
07/06/2016;3 085;3 085;3 085;3 085;7;21 593;7.48%
09/06/2016;3 565;3 565;3 565;3 565;600;2 138 800;7.50%
10/06/2016;3 831;3 831;3 831;3 831;88;337 157;7.48%
13/06/2016;4 119;4 119;4 119;4 119;322;1 326 211;7.50%
14/06/2016;4 427;4 427;4 427;4 427;370;1 638 113;7.49%
15/06/2016;4 759;4 759;4 759;4 759;6 619;31 502 027;7.50%
16/06/2016;5 117;5 117;5 117;5 117;2 464;12 607 467;7.51%
17/06/2016;5 500;5 500;5 500;5 500;2 043;11 236 500;7.49%
20/06/2016;5 913;5 913;5 913;5 913;6 666;39 413 836;7.50%
21/06/2016;5 778;5 778;5 778;5 778;32 988;190 604 664;-2.28%
22/06/2016;5 345;5 345;5 345;5 345;6 925;37 011 817;-7.50%
23/06/2016;5 333;5 333;5 333;5 333;20 434;108 981 333;-0.21%
24/06/2016;5 379;5 379;5 379;5 379;5 401;29 050 179;0.85%
27/06/2016;5 778;5 778;5 778;5 778;7 288;42 110 064;7.42%
28/06/2016;5 955;5 955;5 955;5 955;5 667;33 748 874;3.07%
29/06/2016;6 045;6 045;6 045;6 045;4 801;29 020 445;1.50%
30/06/2016;5 867;5 867;5 867;5 867;2 587;15 177 067;-2.94%
01/07/2016;5 875;5 875;5 875;5 875;3 292;19 341 597;0.15%
04/07/2016;5 689;5 689;5 689;5 689;4 239;24 114 258;-3.18%
05/07/2016;5 955;5 955;5 955;5 955;8 224;48 971 179;4.68%
07/07/2016;5 640;5 640;5 640;5 640;2 076;11 708 640;-5.28%
08/07/2016;5 778;5 778;5 778;5 778;1 626;9 395 028;2.45%
11/07/2016;5 345;5 345;5 345;5 345;618;3 303 004;-7.50%
12/07/2016;4 978;4 978;4 978;4 978;3 373;16 790 794;-6.86%
13/07/2016;5 246;5 246;5 246;5 246;1 278;6 704 388;5.38%
14/07/2016;5 245;5 245;5 245;5 245;1 041;5 459 698;-0.03%
15/07/2016;5 289;5 289;5 289;5 289;2 004;10 598 488;0.84%
18/07/2016;5 245;5 245;5 245;5 245;423;2 218 494;-0.83%
19/07/2016;5 245;5 245;5 245;5 245;2 022;10 604 716;0.00%
20/07/2016;5 245;5 245;5 245;5 245;1 686;8 842 508;0.00%
21/07/2016;5 245;5 245;5 245;5 245;861;4 515 658;0.00%
22/07/2016;5 325;5 325;5 325;5 325;411;2 188 438;1.53%
25/07/2016;5 245;5 245;5 245;5 245;447;2 344 366;-1.50%
26/07/2016;5 245;5 245;5 245;5 245;607;3 183 513;0.00%
27/07/2016;5 245;5 245;5 245;5 245;709;3 718 469;0.00%
28/07/2016;5 245;5 245;5 245;5 245;996;5 223 688;0.00%
29/07/2016;5 333;5 333;5 333;5 333;2 088;11 136 000;1.69%
01/08/2016;5 333;5 333;5 333;5 333;1 038;5 536 000;0.00%
02/08/2016;5 289;5 289;5 289;5 289;697;3 686 201;-0.84%
03/08/2016;5 246;5 246;5 246;5 246;2 283;11 976 618;-0.81%
04/08/2016;5 245;5 245;5 245;5 245;1 357;7 117 013;-0.03%
05/08/2016;5 271;5 271;5 271;5 271;243;1 280 772;0.50%
09/08/2016;5 271;5 271;5 271;5 271;1 231;6 488 191;0.00%
10/08/2016;5 245;5 245;5 245;5 245;403;2 113 601;-0.49%
11/08/2016;5 244;5 244;5 244;5 244;411;2 155 284;-0.01%
12/08/2016;5 165;5 165;5 165;5 165;645;3 331 210;-1.51%
16/08/2016;5 165;5 165;5 165;5 165;561;2 897 752;0.01%
17/08/2016;5 165;5 165;5 165;5 165;1 485;7 669 530;-0.01%
18/08/2016;5 173;5 173;5 173;5 173;687;3 554 080;0.17%
19/08/2016;5 173;5 173;5 173;5 173;1 551;8 023 840;0.00%
22/08/2016;5 178;5 178;5 178;5 178;867;4 489 326;0.09%
23/08/2016;5 173;5 173;5 173;5 173;1 065;5 509 600;-0.09%
24/08/2016;5 200;5 200;5 200;5 200;2 605;13 546 000;0.52%
25/08/2016;5 200;5 200;5 200;5 200;2 889;15 022 800;0.00%
26/08/2016;5 200;5 200;5 200;5 200;1 720;8 944 000;0.00%
29/08/2016;5 200;5 200;5 200;5 200;2 001;10 405 200;0.00%
30/08/2016;5 222;5 222;5 222;5 222;580;3 028 760;0.42%
31/08/2016;5 227;5 227;5 227;5 227;808;4 223 147;0.09%
01/09/2016;5 298;5 298;5 298;5 298;2 329;12 339 042;1.36%
02/09/2016;5 245;5 245;5 245;5 245;1 746;9 157 188;-1.01%
05/09/2016;5 209;5 209;5 209;5 209;5 349;27 861 158;-0.69%
07/09/2016;5 245;5 245;5 245;5 245;829;4 347 829;0.00%
08/09/2016;5 245;5 245;5 245;5 245;6 180;32 412 040;0.00%
09/09/2016;5 155;5 155;5 155;5 155;6 391;32 947 735;-1.70%
13/09/2016;4 889;4 889;4 889;4 889;2 226;10 883 656;-5.16%
14/09/2016;5 244;5 244;5 244;5 244;1 672;8 767 968;7.25%
15/09/2016;5 155;5 155;5 155;5 155;763;3 933 519;-1.69%
16/09/2016;5 067;5 067;5 067;5 067;2 317;11 739 467;-1.72%
19/09/2016;4 687;4 687;4 687;4 687;3 354;15 719 080;-7.50%
20/09/2016;4 335;4 335;4 335;4 335;6 250;27 095 833;-7.50%
21/09/2016;4 161;4 161;4 161;4 161;3 498;14 554 012;-4.03%
22/09/2016;3 849;3 849;3 849;3 849;1 258;4 841 623;-7.50%
23/09/2016;3 560;3 560;3 560;3 560;1 452;5 169 120;-7.50%
26/09/2016;3 293;3 293;3 293;3 293;942;3 102 320;-7.49%
27/09/2016;3 540;3 540;3 540;3 540;316;1 118 640;7.49%
28/09/2016;3 805;3 805;3 805;3 805;210;799 120;7.50%
29/09/2016;4 091;4 091;4 091;4 091;1 281;5 240 144;7.50%
30/09/2016;4 397;4 397;4 397;4 397;3 090;13 587 760;7.50%
03/10/2016;4 445;4 445;4 445;4 445;958;4 257 991;1.08%
04/10/2016;4 622;4 622;4 622;4 622;889;4 108 958;3.99%
05/10/2016;4 533;4 533;4 533;4 533;181;820 533;-1.92%
06/10/2016;4 533;4 533;4 533;4 533;303;1 373 600;0.00%
07/10/2016;4 267;4 267;4 267;4 267;298;1 271 467;-5.88%
10/10/2016;4 311;4 311;4 311;4 311;99;426 822;1.05%
11/10/2016;4 249;4 249;4 249;4 249;307;1 304 341;-1.45%
12/10/2016;4 178;4 178;4 178;4 178;190;793 820;-1.66%
13/10/2016;4 177;4 177;4 177;4 177;423;1 767 012;-0.02%
14/10/2016;3 999;3 999;3 999;3 999;237;947 842;-4.26%
17/10/2016;3 733;3 733;3 733;3 733;1 261;4 707 733;-6.65%
18/10/2016;3 955;3 955;3 955;3 955;499;1 973 711;5.95%
19/10/2016;3 955;3 955;3 955;3 955;267;1 056 074;0.00%
20/10/2016;3 955;3 955;3 955;3 955;397;1 570 267;0.00%
21/10/2016;3 955;3 955;3 955;3 955;97;383 667;0.00%
24/10/2016;3 955;3 955;3 955;3 955;330;1 305 260;0.00%
25/10/2016;3 733;3 733;3 733;3 733;459;1 713 600;-5.61%
26/10/2016;3 555;3 555;3 555;3 555;1 369;4 867 251;-4.77%
27/10/2016;3 555;3 555;3 555;3 555;2 695;9 581 623;0.00%
28/10/2016;3 555;3 555;3 555;3 555;729;2 591 352;-0.02%
31/10/2016;3 555;3 555;3 555;3 555;1 021;3 629 995;0.02%
02/11/2016;3 555;3 555;3 555;3 555;109;387 531;0.00%
03/11/2016;3 458;3 458;3 458;3 458;253;874 874;-2.74%
04/11/2016;3 457;3 457;3 457;3 457;759;2 624 116;-0.02%
07/11/2016;3 413;3 413;3 413;3 413;522;1 781 760;-1.27%
08/11/2016;3 378;3 378;3 378;3 378;313;1 057 314;-1.04%
09/11/2016;3 502;3 502;3 502;3 502;859;3 008 218;3.67%
10/11/2016;3 465;3 465;3 465;3 465;343;1 188 381;-1.07%
11/11/2016;3 467;3 467;3 467;3 467;1 117;3 872 267;0.06%
14/11/2016;3 467;3 467;3 467;3 467;367;1 272 267;0.00%
16/11/2016;3 467;3 467;3 467;3 467;1 677;5 813 600;0.00%
17/11/2016;3 467;3 467;3 467;3 467;1 216;4 215 467;0.00%
18/11/2016;3 467;3 467;3 467;3 467;124;429 867;0.00%
21/11/2016;3 511;3 511;3 511;3 511;646;2 268 321;1.29%
22/11/2016;3 511;3 511;3 511;3 511;997;3 500 799;0.00%
23/11/2016;3 511;3 511;3 511;3 511;1 638;5 751 564;0.00%
24/11/2016;3 511;3 511;3 511;3 511;1 785;6 267 730;0.00%
25/11/2016;3 538;3 538;3 538;3 538;982;3 474 316;0.76%
28/11/2016;3 520;3 520;3 520;3 520;1 900;6 688 000;-0.51%
29/11/2016;3 511;3 511;3 511;3 511;294;1 032 332;-0.25%
30/11/2016;3 467;3 467;3 467;3 467;1 326;4 596 800;-1.27%
01/12/2016;3 538;3 538;3 538;3 538;1 495;5 289 310;2.06%
02/12/2016;3 538;3 538;3 538;3 538;505;1 786 690;0.00%
06/12/2016;3 511;3 511;3 511;3 511;268;941 037;-0.75%
07/12/2016;3 538;3 538;3 538;3 538;297;1 050 786;0.76%
08/12/2016;3 511;3 511;3 511;3 511;310;1 088 513;-0.75%
09/12/2016;3 538;3 538;3 538;3 538;289;1 022 482;0.76%
13/12/2016;3 511;3 511;3 511;3 511;687;2 412 286;-0.75%
14/12/2016;3 511;3 511;3 511;3 511;694;2 436 865;0.00%
15/12/2016;3 511;3 511;3 511;3 511;291;1 021 798;0.00%
16/12/2016;3 507;3 507;3 507;3 507;597;2 093 480;-0.13%
19/12/2016;3 507;3 507;3 507;3 507;694;2 433 627;0.00%
20/12/2016;3 511;3 511;3 511;3 511;916;3 216 381;0.13%
21/12/2016;3 511;3 511;3 511;3 511;859;3 016 235;0.00%
22/12/2016;3 511;3 511;3 511;3 511;703;2 468 467;0.00%
23/12/2016;3 555;3 555;3 555;3 555;1 377;4 895 694;1.25%
27/12/2016;3 555;3 555;3 555;3 555;562;1 998 097;0.00%
28/12/2016;3 555;3 555;3 555;3 555;549;1 951 878;0.00%
29/12/2016;3 547;3 547;3 547;3 547;1 408;4 993 707;-0.24%
30/12/2016;3 555;3 555;3 555;3 555;505;1 795 443;0.24%
02/01/2017;3 555;3 555;3 555;3 555;217;771 507;0.00%
03/01/2017;3 555;3 555;3 555;3 555;367;1 304 807;0.00%
04/01/2017;3 555;3 555;3 555;3 555;400;1 422 133;0.00%
05/01/2017;3 467;3 467;3 467;3 467;538;1 865 067;-2.49%
06/01/2017;3 555;3 555;3 555;3 555;640;2 275 413;2.56%
09/01/2017;3 555;3 555;3 555;3 555;243;863 784;-0.02%
10/01/2017;3 555;3 555;3 555;3 555;316;1 123 485;0.02%
11/01/2017;3 555;3 555;3 555;3 555;1 354;4 813 921;0.00%
12/01/2017;3 555;3 555;3 555;3 555;139;494 191;0.00%
13/01/2017;3 555;3 555;3 555;3 555;723;2 570 506;0.00%
16/01/2017;3 555;3 555;3 555;3 555;1 105;3 928 643;0.00%
17/01/2017;3 582;3 582;3 582;3 582;600;2 149 200;0.75%
18/01/2017;3 600;3 600;3 600;3 600;663;2 386 800;0.50%
19/01/2017;3 645;3 645;3 645;3 645;865;3 152 637;1.24%
20/01/2017;3 918;3 918;3 918;3 918;432;1 692 576;7.50%
23/01/2017;3 733;3 733;3 733;3 733;649;2 422 933;-4.71%
24/01/2017;3 813;3 813;3 813;3 813;226;861 663;2.12%
25/01/2017;3 911;3 911;3 911;3 911;370;1 446 947;2.57%
26/01/2017;4 045;4 045;4 045;4 045;124;501 539;3.43%
27/01/2017;4 222;4 222;4 222;4 222;363;1 532 586;4.38%
30/01/2017;4 311;4 311;4 311;4 311;1 353;5 833 234;2.12%
31/01/2017;4 426;4 426;4 426;4 426;396;1 752 696;2.66%
01/02/2017;4 355;4 355;4 355;4 355;2 166;9 433 652;-1.60%
02/02/2017;4 311;4 311;4 311;4 311;541;2 332 431;-1.01%
03/02/2017;4 267;4 267;4 267;4 267;685;2 922 667;-1.04%
06/02/2017;4 355;4 355;4 355;4 355;2 013;8 767 286;2.08%
07/02/2017;4 409;4 409;4 409;4 409;99;436 458;1.22%
08/02/2017;4 418;4 418;4 418;4 418;706;3 119 108;0.21%
09/02/2017;4 445;4 445;4 445;4 445;505;2 244 557;0.60%
10/02/2017;4 445;4 445;4 445;4 445;1 836;8 160 408;0.00%
13/02/2017;4 445;4 445;4 445;4 445;379;1 684 529;0.00%
14/02/2017;4 445;4 445;4 445;4 445;192;853 376;0.00%
15/02/2017;4 445;4 445;4 445;4 445;180;800 040;0.00%
16/02/2017;4 778;4 778;4 778;4 778;1 326;6 335 628;7.50%
17/02/2017;5 136;5 136;5 136;5 136;565;2 901 840;7.49%
20/02/2017;5 136;5 136;5 136;5 136;480;2 465 280;0.00%
21/02/2017;5 066;5 066;5 066;5 066;315;1 595 790;-1.36%
22/02/2017;4 978;4 978;4 978;4 978;1 567;7 800 526;-1.74%
23/02/2017;4 889;4 889;4 889;4 889;661;3 231 409;-1.79%
24/02/2017;4 889;4 889;4 889;4 889;381;1 862 582;0.00%
27/02/2017;4 889;4 889;4 889;4 889;1 201;5 871 289;0.00%
28/02/2017;4 889;4 889;4 889;4 889;822;4 018 484;0.00%
01/03/2017;4 889;4 889;4 889;4 889;165;806 630;0.00%
02/03/2017;4 800;4 800;4 800;4 800;1 216;5 836 800;-1.81%
03/03/2017;4 845;4 845;4 845;4 845;82;397 263;0.93%
07/03/2017;4 800;4 800;4 800;4 800;330;1 584 000;-1.81%
08/03/2017;4 755;4 755;4 755;4 755;103;489 799;-0.93%
09/03/2017;4 711;4 711;4 711;4 711;381;1 795 018;-0.93%
10/03/2017;4 711;4 711;4 711;4 711;312;1 469 936;0.00%
13/03/2017;4 667;4 667;4 667;4 667;781;3 644 667;-0.95%
14/03/2017;4 711;4 711;4 711;4 711;481;2 265 831;0.94%
15/03/2017;4 711;4 711;4 711;4 711;394;1 856 003;0.00%
16/03/2017;4 889;4 889;4 889;4 889;412;2 014 131;3.78%
17/03/2017;4 889;4 889;4 889;4 889;939;4 590 458;0.00%
20/03/2017;4 889;4 889;4 889;4 889;769;3 759 385;0.00%
21/03/2017;4 978;4 978;4 978;4 978;2 065;10 279 570;1.83%
22/03/2017;5 351;5 351;5 351;5 351;2 700;14 448 600;7.50%
23/03/2017;5 753;5 753;5 753;5 753;1 107;6 368 202;7.50%
24/03/2017;5 600;5 600;5 600;5 600;1 540;8 624 000;-2.65%
27/03/2017;5 180;5 180;5 180;5 180;192;994 560;-7.50%
28/03/2017;4 791;4 791;4 791;4 791;468;2 242 344;-7.50%
29/03/2017;4 435;4 435;4 435;4 435;1 908;8 462 616;-7.43%
30/03/2017;4 445;4 445;4 445;4 445;2 535;11 267 230;0.21%
31/03/2017;4 711;4 711;4 711;4 711;927;4 367 406;6.00%
03/04/2017;4 800;4 800;4 800;4 800;870;4 176 000;1.88%
04/04/2017;4 889;4 889;4 889;4 889;537;2 625 214;1.85%
05/04/2017;4 800;4 800;4 800;4 800;420;2 016 000;-1.81%
06/04/2017;4 622;4 622;4 622;4 622;372;1 719 384;-3.71%
07/04/2017;4 622;4 622;4 622;4 622;904;4 178 288;0.00%
10/04/2017;4 445;4 445;4 445;4 445;636;2 826 808;-3.84%
11/04/2017;4 622;4 622;4 622;4 622;367;1 696 274;3.99%
12/04/2017;4 618;4 618;4 618;4 618;318;1 468 524;-0.09%
13/04/2017;4 533;4 533;4 533;4 533;387;1 754 142;-1.85%
14/04/2017;4 533;4 533;4 533;4 533;151;684 533;0.01%
18/04/2017;4 489;4 489;4 489;4 489;366;1 642 852;-0.99%
19/04/2017;4 444;4 444;4 444;4 444;567;2 519 748;-1.00%
20/04/2017;4 444;4 444;4 444;4 444;532;2 364 208;0.00%
21/04/2017;4 400;4 400;4 400;4 400;115;506 000;-0.99%
24/04/2017;4 400;4 400;4 400;4 400;463;2 037 200;0.00%
25/04/2017;4 355;4 355;4 355;4 355;3 348;14 581 656;-1.02%
26/04/2017;4 382;4 382;4 382;4 382;271;1 187 522;0.61%
27/04/2017;4 351;4 351;4 351;4 351;307;1 335 859;-0.70%
28/04/2017;4 400;4 400;4 400;4 400;643;2 829 200;1.12%
02/05/2017;4 267;4 267;4 267;4 267;346;1 476 267;-3.03%
03/05/2017;4 258;4 258;4 258;4 258;1 614;6 872 412;-0.20%
04/05/2017;4 178;4 178;4 178;4 178;747;3 120 966;-1.88%
05/05/2017;4 178;4 178;4 178;4 178;123;513 894;0.00%
08/05/2017;4 089;4 089;4 089;4 089;310;1 267 487;-2.14%
09/05/2017;4 169;4 169;4 169;4 169;1 108;4 618 883;1.96%
10/05/2017;4 089;4 089;4 089;4 089;1 066;4 358 519;-1.92%
11/05/2017;4 089;4 089;4 089;4 089;346;1 414 679;0.00%
12/05/2017;4 089;4 089;4 089;4 089;273;1 116 206;0.00%
15/05/2017;4 087;4 087;4 087;4 087;48;196 192;-0.03%
16/05/2017;4 074;4 074;4 074;4 074;375;1 527 750;-0.33%
17/05/2017;4 079;4 079;4 079;4 079;258;1 052 468;0.13%
18/05/2017;4 062;4 062;4 062;4 062;324;1 316 088;-0.42%
19/05/2017;4 000;4 000;4 000;4 000;235;940 000;-1.53%
22/05/2017;3 999;3 999;3 999;3 999;289;1 155 807;-0.02%
23/05/2017;4 000;4 000;4 000;4 000;259;1 036 000;0.02%
24/05/2017;4 000;4 000;4 000;4 000;600;2 400 000;0.00%
26/05/2017;3 999;3 999;3 999;3 999;72;287 952;-0.02%
29/05/2017;3 965;3 965;3 965;3 965;1 201;4 761 565;-0.87%
30/05/2017;3 911;3 911;3 911;3 911;11 419;44 663 515;-1.35%
31/05/2017;3 911;3 911;3 911;3 911;2 041;7 983 031;0.00%
01/06/2017;3 822;3 822;3 822;3 822;588;2 247 336;-2.28%
02/06/2017;3 822;3 822;3 822;3 822;822;3 141 684;0.00%
07/06/2017;3 867;3 867;3 867;3 867;729;2 818 800;0.00%
08/06/2017;3 822;3 822;3 822;3 822;810;3 095 820;-1.16%
09/06/2017;3 867;3 867;3 867;3 867;330;1 276 000;1.17%
12/06/2017;3 858;3 858;3 858;3 858;433;1 670 514;-0.22%
13/06/2017;3 822;3 822;3 822;3 822;1 213;4 636 086;-0.93%
14/06/2017;3 938;3 938;3 938;3 938;5 832;22 966 416;3.04%
15/06/2017;4 000;4 000;4 000;4 000;1 255;5 020 000;1.57%
16/06/2017;4 045;4 045;4 045;4 045;540;2 184 120;1.12%
19/06/2017;4 089;4 089;4 089;4 089;909;3 716 598;1.09%
20/06/2017;4 090;4 090;4 090;4 090;1 405;5 746 450;0.03%
21/06/2017;4 089;4 089;4 089;4 089;981;4 010 982;-0.03%
23/06/2017;4 045;4 045;4 045;4 045;1 755;7 098 390;-1.08%
27/06/2017;4 089;4 089;4 089;4 089;631;2 579 949;1.09%
28/06/2017;3 991;3 991;3 991;3 991;123;490 934;-2.38%
29/06/2017;4 000;4 000;4 000;4 000;1 261;5 044 000;0.22%
30/06/2017;3 911;3 911;3 911;3 911;283;1 106 719;-2.23%
03/07/2017;3 911;3 911;3 911;3 911;723;2 827 894;0.02%
04/07/2017;3 911;3 911;3 911;3 911;117;457 626;0.00%
05/07/2017;3 885;3 885;3 885;3 885;175;679 817;-0.68%
06/07/2017;3 866;3 866;3 866;3 866;478;1 847 948;-0.48%
07/07/2017;3 822;3 822;3 822;3 822;666;2 545 452;-1.14%
10/07/2017;3 822;3 822;3 822;3 822;100;382 200;0.00%
11/07/2017;3 858;3 858;3 858;3 858;691;2 665 878;0.94%
12/07/2017;3 822;3 822;3 822;3 822;289;1 104 558;-0.93%
13/07/2017;3 822;3 822;3 822;3 822;232;886 704;0.00%
14/07/2017;3 733;3 733;3 733;3 733;141;526 400;-2.32%
17/07/2017;3 645;3 645;3 645;3 645;141;513 898;-2.38%
18/07/2017;3 645;3 645;3 645;3 645;357;1 301 146;0.00%
19/07/2017;3 555;3 555;3 555;3 555;169;600 739;-2.47%
20/07/2017;3 554;3 554;3 554;3 554;484;1 720 136;-0.02%
21/07/2017;3 551;3 551;3 551;3 551;303;1 076 054;-0.08%
24/07/2017;3 555;3 555;3 555;3 555;388;1 379 469;0.11%
25/07/2017;3 645;3 645;3 645;3 645;96;349 888;2.51%
26/07/2017;3 555;3 555;3 555;3 555;190;675 513;-2.45%
27/07/2017;3 555;3 555;3 555;3 555;96;341 312;0.00%
28/07/2017;3 555;3 555;3 555;3 555;103;366 199;0.00%
31/07/2017;3 555;3 555;3 555;3 555;117;415 974;0.00%
01/08/2017;3 555;3 555;3 555;3 555;183;650 626;0.00%
02/08/2017;3 467;3 467;3 467;3 467;223;773 067;-2.49%
03/08/2017;3 467;3 467;3 467;3 467;94;325 867;0.00%
04/08/2017;3 466;3 466;3 466;3 466;54;187 164;-0.02%
08/08/2017;3 465;3 465;3 465;3 465;132;457 424;-0.02%
09/08/2017;3 422;3 422;3 422;3 422;165;564 630;-1.25%
10/08/2017;3 457;3 457;3 457;3 457;70;242 013;1.03%
11/08/2017;3 467;3 467;3 467;3 467;189;655 200;0.27%
14/08/2017;3 378;3 378;3 378;3 378;15;50 670;-2.56%
16/08/2017;3 467;3 467;3 467;3 467;85;294 667;2.62%
17/08/2017;3 466;3 466;3 466;3 466;346;1 199 236;-0.02%
18/08/2017;3 466;3 466;3 466;3 466;273;946 218;0.00%
21/08/2017;3 467;3 467;3 467;3 467;186;644 800;0.02%
22/08/2017;3 466;3 466;3 466;3 466;232;804 112;-0.02%
23/08/2017;3 378;3 378;3 378;3 378;148;499 944;-2.54%
24/08/2017;3 289;3 289;3 289;3 289;85;279 537;-2.64%
25/08/2017;3 378;3 378;3 378;3 378;112;378 336;2.72%
28/08/2017;3 378;3 378;3 378;3 378;168;567 504;0.00%
29/08/2017;3 302;3 302;3 302;3 302;73;241 046;-2.25%
30/08/2017;3 378;3 378;3 378;3 378;138;466 164;2.30%
31/08/2017;3 378;3 378;3 378;3 378;151;510 078;0.00%
05/09/2017;3 333;3 333;3 333;3 333;136;453 333;-1.05%
06/09/2017;3 289;3 289;3 289;3 289;178;585 383;-1.34%
07/09/2017;3 351;3 351;3 351;3 351;76;254 701;1.91%
08/09/2017;3 200;3 200;3 200;3 200;145;464 000;-4.52%
11/09/2017;3 288;3 288;3 288;3 288;267;877 896;2.75%
12/09/2017;3 155;3 155;3 155;3 155;333;1 050 726;-4.03%
13/09/2017;3 111;3 111;3 111;3 111;756;2 352 168;-1.39%
14/09/2017;3 199;3 199;3 199;3 199;552;1 766 032;2.83%
15/09/2017;3 111;3 111;3 111;3 111;433;1 347 207;-2.75%
18/09/2017;3 199;3 199;3 199;3 199;387;1 238 142;2.83%
19/09/2017;3 111;3 111;3 111;3 111;628;1 953 917;-2.75%
20/09/2017;3 343;3 343;3 343;3 343;9;30 090;7.46%
21/09/2017;3 333;3 333;3 333;3 333;262;873 333;-0.30%
22/09/2017;3 333;3 333;3 333;3 333;489;1 630 000;0.00%
25/09/2017;3 333;3 333;3 333;3 333;139;463 333;0.00%
26/09/2017;3 333;3 333;3 333;3 333;349;1 163 101;-0.02%
27/09/2017;3 333;3 333;3 333;3 333;679;2 263 333;0.02%
28/09/2017;3 333;3 333;3 333;3 333;45;149 970;-0.02%
29/09/2017;3 333;3 333;3 333;3 333;163;543 333;0.02%
02/10/2017;3 333;3 333;3 333;3 333;88;293 275;-0.02%
03/10/2017;3 333;3 333;3 333;3 333;1 431;4 769 046;0.00%
04/10/2017;3 333;3 333;3 333;3 333;223;743 185;0.00%
05/10/2017;3 333;3 333;3 333;3 333;255;849 830;0.00%
06/10/2017;3 320;3 320;3 320;3 320;300;996 000;-0.38%
09/10/2017;3 313;3 313;3 313;3 313;52;172 293;-0.20%
10/10/2017;3 307;3 307;3 307;3 307;208;687 787;-0.20%
11/10/2017;3 319;3 319;3 319;3 319;2 701;8 965 519;0.38%
12/10/2017;3 307;3 307;3 307;3 307;604;1 997 227;-0.38%
13/10/2017;3 307;3 307;3 307;3 307;778;2 572 587;0.00%
16/10/2017;3 307;3 307;3 307;3 307;1 651;5 459 307;0.00%
17/10/2017;3 306;3 306;3 306;3 306;88;290 928;-0.02%
18/10/2017;3 293;3 293;3 293;3 293;844;2 779 573;-0.38%
19/10/2017;3 307;3 307;3 307;3 307;180;595 200;0.40%
20/10/2017;3 307;3 307;3 307;3 307;126;416 640;0.00%
23/10/2017;3 300;3 300;3 300;3 300;156;514 800;-0.20%
24/10/2017;3 267;3 267;3 267;3 267;256;836 267;-1.01%
25/10/2017;3 300;3 300;3 300;3 300;118;389 400;1.02%
26/10/2017;3 307;3 307;3 307;3 307;136;449 707;0.20%
27/10/2017;3 307;3 307;3 307;3 307;211;697 707;0.00%
30/10/2017;3 307;3 307;3 307;3 307;87;287 680;0.00%
31/10/2017;3 307;3 307;3 307;3 307;121;400 107;0.00%
02/11/2017;3 305;3 305;3 305;3 305;184;608 181;-0.04%
03/11/2017;3 240;3 240;3 240;3 240;160;518 400;-1.98%
06/11/2017;3 199;3 199;3 199;3 199;49;156 735;-1.28%
07/11/2017;3 120;3 120;3 120;3 120;13;40 560;-2.46%
09/11/2017;3 052;3 052;3 052;3 052;333;1 016 316;-2.18%
10/11/2017;2 999;2 999;2 999;2 999;534;1 601 644;-1.73%
13/11/2017;3 013;3 013;3 013;3 013;235;708 133;0.47%
14/11/2017;3 120;3 120;3 120;3 120;60;187 200;3.54%
16/11/2017;3 119;3 119;3 119;3 119;357;1 113 602;-0.02%
17/11/2017;3 120;3 120;3 120;3 120;189;589 680;0.02%
20/11/2017;3 119;3 119;3 119;3 119;235;733 043;-0.02%
21/11/2017;3 107;3 107;3 107;3 107;205;636 867;-0.41%
22/11/2017;3 120;3 120;3 120;3 120;954;2 976 480;0.43%
23/11/2017;3 113;3 113;3 113;3 113;88;273 973;-0.21%
24/11/2017;3 120;3 120;3 120;3 120;87;271 440;0.21%
27/11/2017;3 120;3 120;3 120;3 120;408;1 272 960;0.00%
28/11/2017;3 120;3 120;3 120;3 120;100;312 000;0.00%
29/11/2017;3 173;3 173;3 173;3 173;819;2 598 960;1.71%
04/12/2017;3 160;3 160;3 160;3 160;471;1 488 360;-0.42%
05/12/2017;3 160;3 160;3 160;3 160;208;657 280;0.00%
06/12/2017;3 120;3 120;3 120;3 120;60;187 200;-1.27%
07/12/2017;3 120;3 120;3 120;3 120;438;1 366 560;0.00%
08/12/2017;3 120;3 120;3 120;3 120;18;56 160;0.00%
11/12/2017;3 113;3 113;3 113;3 113;37;115 193;-0.21%
12/12/2017;3 107;3 107;3 107;3 107;324;1 006 560;-0.21%
14/12/2017;3 107;3 107;3 107;3 107;264;820 160;0.00%
15/12/2017;3 120;3 120;3 120;3 120;364;1 135 680;0.43%
18/12/2017;3 120;3 120;3 120;3 120;30;93 600;0.00%
19/12/2017;3 087;3 087;3 087;3 087;6;18 520;-1.07%
20/12/2017;3 080;3 080;3 080;3 080;51;157 080;-0.22%
21/12/2017;3 067;3 067;3 067;3 067;154;472 267;-0.43%
22/12/2017;3 297;3 297;3 297;3 297;480;1 582 400;7.50%
26/12/2017;3 467;3 467;3 467;3 467;3 844;13 325 867;5.16%
27/12/2017;3 467;3 467;3 467;3 467;1 179;4 087 200;0.00%
28/12/2017;3 467;3 467;3 467;3 467;648;2 246 400;0.00%
29/12/2017;3 467;3 467;3 467;3 467;1 525;5 286 667;0.00%
02/01/2018;3 400;3 400;3 400;3 400;624;2 121 600;-1.92%
03/01/2018;3 333;3 333;3 333;3 333;367;1 223 333;-1.96%
04/01/2018;3 333;3 333;3 333;3 333;3 562;11 873 333;0.00%
05/01/2018;3 333;3 333;3 333;3 333;622;2 073 333;0.00%
08/01/2018;3 467;3 467;3 467;3 467;1 053;3 650 400;4.00%
09/01/2018;3 303;3 303;3 303;3 303;1 336;4 413 253;-4.71%
10/01/2018;3 303;3 303;3 303;3 303;573;1 892 810;0.00%
11/01/2018;3 300;3 300;3 300;3 300;5 956;19 654 800;-0.10%
12/01/2018;3 333;3 333;3 333;3 333;3 997;13 323 333;1.01%
15/01/2018;3 330;3 330;3 330;3 330;1 650;5 494 500;-0.10%
16/01/2018;3 167;3 167;3 167;3 167;600;1 900 000;-4.90%
17/01/2018;3 327;3 327;3 327;3 327;1 401;4 660 660;5.05%
18/01/2018;3 330;3 330;3 330;3 330;1 731;5 764 230;0.10%
19/01/2018;3 260;3 260;3 260;3 260;990;3 227 400;-2.10%
22/01/2018;3 200;3 200;3 200;3 200;2 481;7 939 200;-1.84%
23/01/2018;3 200;3 200;3 200;3 200;1 383;4 425 600;0.00%
24/01/2018;3 200;3 200;3 200;3 200;3 141;10 051 200;0.00%
25/01/2018;3 200;3 200;3 200;3 200;7 162;22 918 400;0.00%
26/01/2018;3 180;3 180;3 180;3 180;1 269;4 035 420;-0.63%
29/01/2018;3 200;3 200;3 200;3 200;3 354;10 732 800;0.63%
30/01/2018;3 167;3 167;3 167;3 167;3 321;10 516 500;-1.04%
31/01/2018;3 167;3 167;3 167;3 167;685;2 169 167;0.00%
01/02/2018;3 063;3 063;3 063;3 063;838;2 567 073;-3.26%
02/02/2018;3 000;3 000;3 000;3 000;832;2 496 000;-2.07%
05/02/2018;2 917;2 917;2 917;2 917;1 050;3 062 500;-2.78%
06/02/2018;2 900;2 900;2 900;2 900;1 050;3 045 000;-0.57%
07/02/2018;2 793;2 793;2 793;2 793;5 730;16 005 800;-3.68%
08/02/2018;2 930;2 930;2 930;2 930;3 315;9 712 950;4.89%
09/02/2018;2 900;2 900;2 900;2 900;5 775;16 747 500;-1.02%
12/02/2018;2 900;2 900;2 900;2 900;600;1 740 000;0.00%
13/02/2018;2 897;2 897;2 897;2 897;1 200;3 476 000;-0.11%
14/02/2018;2 867;2 867;2 867;2 867;1 530;4 386 000;-1.04%
15/02/2018;2 893;2 893;2 893;2 893;690;1 996 400;0.93%
16/02/2018;2 890;2 890;2 890;2 890;1 395;4 031 550;-0.12%
19/02/2018;2 893;2 893;2 893;2 893;345;998 200;0.12%
20/02/2018;2 863;2 863;2 863;2 863;825;2 362 250;-1.04%
21/02/2018;2 863;2 863;2 863;2 863;3 525;10 093 250;0.00%
22/02/2018;2 900;2 900;2 900;2 900;9 345;27 100 500;1.28%
23/02/2018;2 900;2 900;2 900;2 900;510;1 479 000;0.00%
26/02/2018;2 897;2 897;2 897;2 897;825;2 389 750;-0.11%
27/02/2018;2 890;2 890;2 890;2 890;2 595;7 499 550;-0.23%
01/03/2018;2 877;2 877;2 877;2 877;2 505;7 206 050;-0.12%
02/03/2018;2 833;2 833;2 833;2 833;4 815;13 642 500;-1.51%
05/03/2018;2 867;2 867;2 867;2 867;900;2 580 000;1.18%
06/03/2018;2 867;2 867;2 867;2 867;7 275;20 855 000;0.00%
07/03/2018;2 867;2 867;2 867;2 867;4 275;12 255 000;0.00%
08/03/2018;2 867;2 867;2 867;2 867;945;2 709 000;0.00%
09/03/2018;2 767;2 767;2 767;2 767;5 985;16 558 500;-3.49%
12/03/2018;2 867;2 867;2 867;2 867;2 250;6 450 000;3.61%
13/03/2018;2 810;2 810;2 810;2 810;14 850;41 728 500;-1.98%
14/03/2018;2 860;2 860;2 860;2 860;18 525;52 981 500;1.78%
15/03/2018;2 833;2 833;2 833;2 833;3 090;8 755 000;-0.93%
16/03/2018;2 833;2 833;2 833;2 833;1 755;4 972 500;0.00%
19/03/2018;2 797;2 797;2 797;2 797;3 780;10 571 400;-1.29%
20/03/2018;2 590;2 590;2 590;2 590;7 275;18 842 250;-7.39%
21/03/2018;2 783;2 783;2 783;2 783;2 355;6 554 750;7.46%
22/03/2018;2 783;2 783;2 783;2 783;12 195;33 942 750;0.00%
23/03/2018;2 837;2 837;2 837;2 837;6 030;17 105 100;1.92%
26/03/2018;2 800;2 800;2 800;2 800;705;1 974 000;-1.29%
27/03/2018;2 800;2 800;2 800;2 800;1 455;4 074 000;0.00%
28/03/2018;2 793;2 793;2 793;2 793;1 650;4 609 000;-0.24%
29/03/2018;2 767;2 767;2 767;2 767;2 250;6 225 000;-0.95%
30/03/2018;2 833;2 833;2 833;2 833;2 490;7 055 000;2.41%
03/04/2018;2 733;2 733;2 733;2 733;2 760;7 544 000;-3.53%
04/04/2018;2 767;2 767;2 767;2 767;2 310;6 391 000;1.22%
05/04/2018;2 667;2 667;2 667;2 667;1 380;3 680 000;-3.61%
06/04/2018;2 667;2 667;2 667;2 667;450;1 200 000;0.00%
09/04/2018;2 600;2 600;2 600;2 600;1 350;3 510 000;-2.50%
10/04/2018;2 667;2 667;2 667;2 667;570;1 520 000;2.56%
11/04/2018;2 630;2 630;2 630;2 630;1 515;3 984 450;-1.37%
12/04/2018;2 633;2 633;2 633;2 633;1 530;4 029 000;0.13%
13/04/2018;2 667;2 667;2 667;2 667;1 560;4 160 000;1.27%
16/04/2018;2 633;2 633;2 633;2 633;105;276 500;-1.25%
17/04/2018;2 600;2 600;2 600;2 600;255;663 000;-1.27%
18/04/2018;2 600;2 600;2 600;2 600;345;897 000;0.00%
19/04/2018;2 533;2 533;2 533;2 533;1 365;3 458 000;-2.56%
20/04/2018;2 460;2 460;2 460;2 460;2 115;5 202 900;-2.89%
23/04/2018;2 367;2 367;2 367;2 367;615;1 455 500;-3.79%
24/04/2018;2 500;2 500;2 500;2 500;4 815;12 037 500;5.63%
25/04/2018;2 467;2 467;2 467;2 467;690;1 702 000;-1.33%
26/04/2018;2 467;2 467;2 467;2 467;1 170;2 886 000;0.00%
27/04/2018;2 463;2 463;2 463;2 463;150;369 500;-0.14%
30/04/2018;2 500;2 500;2 500;2 500;75;187 500;1.49%
02/05/2018;2 467;2 467;2 467;2 467;1 005;2 479 000;-1.33%
03/05/2018;2 283;2 283;2 283;2 283;165;376 750;-7.43%
04/05/2018;2 387;2 387;2 387;2 387;2 790;6 658 800;4.53%
07/05/2018;2 283;2 283;2 283;2 283;525;1 198 750;-4.33%
08/05/2018;2 383;2 383;2 383;2 383;300;715 000;4.38%
09/05/2018;2 330;2 330;2 330;2 330;975;2 271 750;-2.24%
11/05/2018;2 157;2 157;2 157;2 157;975;2 102 750;-7.44%
14/05/2018;2 140;2 140;2 140;2 140;3 195;6 837 300;-0.77%
15/05/2018;2 067;2 067;2 067;2 067;1 185;2 449 000;-3.43%
16/05/2018;2 067;2 067;2 067;2 067;1 695;3 503 000;0.00%
17/05/2018;2 033;2 033;2 033;2 033;1 005;2 043 500;-1.61%
18/05/2018;2 067;2 067;2 067;2 067;1 215;2 511 000;1.64%
22/05/2018;2 000;2 000;2 000;2 000;660;1 320 000;-3.23%
23/05/2018;2 003;2 003;2 003;2 003;660;1 322 200;0.17%
24/05/2018;2 000;2 000;2 000;2 000;1 350;2 700 000;-0.17%
25/05/2018;2 067;2 067;2 067;2 067;1 650;3 410 000;3.33%
28/05/2018;2 087;2 087;2 087;2 087;1 050;2 191 000;0.97%
30/05/2018;1 863;1 863;1 863;1 863;1 350;2 515 500;-4.93%
31/05/2018;1 763;1 763;1 763;1 763;2 235;3 941 050;-5.37%
01/06/2018;1 733;1 733;1 733;1 733;10 725;18 590 000;-1.70%
04/06/2018;1 800;1 800;1 800;1 800;1 035;1 863 000;3.85%
05/06/2018;1 800;1 800;1 800;1 800;840;1 512 000;0.00%
06/06/2018;1 800;1 800;1 800;1 800;885;1 593 000;0.00%
07/06/2018;1 803;1 803;1 803;1 803;1 710;3 083 700;0.19%
08/06/2018;1 883;1 883;1 883;1 883;780;1 469 000;4.44%
12/06/2018;1 937;1 937;1 937;1 937;1 995;3 863 650;2.83%
13/06/2018;1 997;1 997;1 997;1 997;900;1 797 000;3.10%
15/06/2018;1 997;1 997;1 997;1 997;1 305;2 605 650;0.00%
18/06/2018;1 997;1 997;1 997;1 997;660;1 317 800;0.00%
19/06/2018;2 000;2 000;2 000;2 000;2 145;4 290 000;0.17%
20/06/2018;2 000;2 000;2 000;2 000;4 515;9 030 000;0.00%
21/06/2018;2 000;2 000;2 000;2 000;8 190;16 380 000;0.00%
22/06/2018;2 133;2 133;2 133;2 133;15 795;33 696 000;6.67%
25/06/2018;2 130;2 130;2 130;2 130;270;575 100;-0.16%
26/06/2018;2 130;2 130;2 130;2 130;975;2 076 750;0.00%
27/06/2018;2 067;2 067;2 067;2 067;1 230;2 542 000;-2.97%
28/06/2018;2 067;2 067;2 067;2 067;2 100;4 340 000;0.00%
29/06/2018;2 127;2 127;2 127;2 127;3 765;8 006 900;2.90%
02/07/2018;2 127;2 127;2 127;2 127;975;2 073 500;0.00%
03/07/2018;2 123;2 123;2 123;2 123;1 020;2 165 800;-0.16%
04/07/2018;2 120;2 120;2 120;2 120;585;1 240 200;-0.16%
05/07/2018;2 067;2 067;2 067;2 067;570;1 178 000;-2.52%
06/07/2018;2 123;2 123;2 123;2 123;645;1 369 550;2.74%
09/07/2018;2 120;2 120;2 120;2 120;375;795 000;-0.16%
10/07/2018;2 120;2 120;2 120;2 120;990;2 098 800;0.00%
11/07/2018;2 100;2 100;2 100;2 100;5 205;10 930 500;-0.94%
12/07/2018;2 117;2 117;2 117;2 117;540;1 143 000;0.79%
13/07/2018;2 037;2 037;2 037;2 037;1 125;2 291 250;-3.78%
16/07/2018;2 100;2 100;2 100;2 100;49 845;104 674 500;3.11%
17/07/2018;2 100;2 100;2 100;2 100;375;787 500;0.00%
18/07/2018;2 080;2 080;2 080;2 080;555;1 154 400;-0.95%
19/07/2018;2 067;2 067;2 067;2 067;2 115;4 371 000;-0.64%
20/07/2018;2 080;2 080;2 080;2 080;120;249 600;0.65%
23/07/2018;2 067;2 067;2 067;2 067;825;1 705 000;-0.64%
24/07/2018;2 067;2 067;2 067;2 067;450;930 000;0.00%
25/07/2018;2 063;2 063;2 063;2 063;195;402 350;-0.16%
26/07/2018;2 067;2 067;2 067;2 067;285;589 000;0.16%
27/07/2018;2 067;2 067;2 067;2 067;450;930 000;0.00%
30/07/2018;2 067;2 067;2 067;2 067;1 770;3 658 000;0.00%
31/07/2018;2 067;2 067;2 067;2 067;1 155;2 387 000;0.00%
01/08/2018;2 040;2 040;2 040;2 040;855;1 744 200;-1.29%
02/08/2018;2 050;2 050;2 050;2 050;1 755;3 597 750;0.49%
03/08/2018;2 040;2 040;2 040;2 040;1 410;2 876 400;-0.49%
08/08/2018;2 000;2 000;2 000;2 000;780;1 560 000;-1.96%
09/08/2018;1 967;1 967;1 967;1 967;330;649 000;-1.67%
10/08/2018;2 000;2 000;2 000;2 000;240;480 000;1.69%
13/08/2018;2 033;2 033;2 033;2 033;930;1 891 000;1.67%
14/08/2018;2 000;2 000;2 000;2 000;270;540 000;-1.64%
16/08/2018;2 017;2 017;2 017;2 017;1 590;3 206 500;0.83%
17/08/2018;2 000;2 000;2 000;2 000;510;1 020 000;-0.83%
20/08/2018;1 970;1 970;1 970;1 970;765;1 507 050;-1.50%
22/08/2018;2 000;2 000;2 000;2 000;510;1 020 000;1.52%
23/08/2018;1 903;1 903;1 903;1 903;1 605;3 054 850;-4.83%
24/08/2018;1 933;1 933;1 933;1 933;630;1 218 000;1.58%
28/08/2018;2 000;2 000;2 000;2 000;2 250;4 500 000;4.17%
29/08/2018;1 993;1 993;1 993;1 993;420;837 200;-0.33%
30/08/2018;1 903;1 903;1 903;1 903;225;428 250;-4.52%
31/08/2018;1 863;1 863;1 863;1 863;435;810 550;-2.10%
03/09/2018;1 867;1 867;1 867;1 867;3 705;6 916 000;0.18%
04/09/2018;1 727;1 727;1 727;1 727;300;518 000;-7.50%
05/09/2018;1 667;1 667;1 667;1 667;2 580;4 300 000;-3.47%
06/09/2018;1 663;1 663;1 663;1 663;360;598 800;-0.20%
07/09/2018;1 663;1 663;1 663;1 663;615;1 022 950;0.00%
10/09/2018;1 667;1 667;1 667;1 667;480;800 000;0.20%
11/09/2018;1 633;1 633;1 633;1 633;270;441 000;-2.00%
12/09/2018;1 600;1 600;1 600;1 600;360;576 000;-2.04%
13/09/2018;1 600;1 600;1 600;1 600;765;1 224 000;0.00%
14/09/2018;1 563;1 563;1 563;1 563;270;422 100;-2.29%
17/09/2018;1 533;1 533;1 533;1 533;435;667 000;-1.92%
18/09/2018;1 530;1 530;1 530;1 530;870;1 331 100;-0.22%
19/09/2018;1 567;1 567;1 567;1 567;735;1 151 500;2.40%
20/09/2018;1 513;1 513;1 513;1 513;810;1 225 800;-3.40%
21/09/2018;1 487;1 487;1 487;1 487;3 015;4 482 300;-1.76%
24/09/2018;1 460;1 460;1 460;1 460;795;1 160 700;-1.79%
25/09/2018;1 457;1 457;1 457;1 457;675;983 250;-0.23%
26/09/2018;1 390;1 390;1 390;1 390;1 065;1 480 350;-4.58%
27/09/2018;1 380;1 380;1 380;1 380;2 220;3 063 600;-0.72%
28/09/2018;1 333;1 333;1 333;1 333;555;740 000;-3.38%
01/10/2018;1 333;1 333;1 333;1 333;3 495;4 660 000;0.00%
02/10/2018;1 283;1 283;1 283;1 283;1 245;1 597 750;-3.75%
03/10/2018;1 333;1 333;1 333;1 333;5 475;7 300 000;3.90%
04/10/2018;1 333;1 333;1 333;1 333;540;720 000;0.00%
05/10/2018;1 333;1 333;1 333;1 333;1 260;1 680 000;0.00%
08/10/2018;1 400;1 400;1 400;1 400;1 200;1 680 000;5.00%
09/10/2018;1 333;1 333;1 333;1 333;540;720 000;-4.76%
10/10/2018;1 333;1 333;1 333;1 333;2 880;3 840 000;0.00%
11/10/2018;1 433;1 433;1 433;1 433;285;408 500;7.50%
12/10/2018;1 333;1 333;1 333;1 333;225;300 000;-6.98%
15/10/2018;1 347;1 347;1 347;1 347;1 005;1 353 400;1.00%
16/10/2018;1 400;1 400;1 400;1 400;1 035;1 449 000;3.96%
17/10/2018;1 403;1 403;1 403;1 403;1 380;1 936 600;0.24%
18/10/2018;1 470;1 470;1 470;1 470;675;992 250;4.75%
19/10/2018;1 517;1 517;1 517;1 517;2 385;3 617 250;3.17%
22/10/2018;1 593;1 593;1 593;1 593;2 415;3 847 900;5.05%
23/10/2018;1 593;1 593;1 593;1 593;30;47 800;0.00%
24/10/2018;1 593;1 593;1 593;1 593;2 160;3 441 600;0.00%
25/10/2018;1 593;1 593;1 593;1 593;990;1 577 400;0.00%
26/10/2018;1 633;1 633;1 633;1 633;315;514 500;2.51%
29/10/2018;1 513;1 513;1 513;1 513;2 085;3 155 300;-7.35%
30/10/2018;1 513;1 513;1 513;1 513;3 360;5 084 800;0.00%
31/10/2018;1 533;1 533;1 533;1 533;150;230 000;1.32%
02/11/2018;1 593;1 593;1 593;1 593;2 295;3 656 700;3.91%
05/11/2018;1 597;1 597;1 597;1 597;480;766 400;0.21%
06/11/2018;1 593;1 593;1 593;1 593;1 905;3 035 300;-0.21%
07/11/2018;1 593;1 593;1 593;1 593;765;1 218 900;0.00%
08/11/2018;1 557;1 557;1 557;1 557;105;163 450;-2.30%
09/11/2018;1 613;1 613;1 613;1 613;840;1 355 200;3.64%
12/11/2018;1 600;1 600;1 600;1 600;135;216 000;-0.83%
13/11/2018;1 513;1 513;1 513;1 513;855;1 293 900;-5.42%
14/11/2018;1 530;1 530;1 530;1 530;390;596 700;1.10%
16/11/2018;1 530;1 530;1 530;1 530;495;757 350;0.00%
19/11/2018;1 500;1 500;1 500;1 500;480;720 000;-1.96%
21/11/2018;1 440;1 440;1 440;1 440;615;885 600;-4.00%
22/11/2018;1 500;1 500;1 500;1 500;720;1 080 000;4.17%
23/11/2018;1 400;1 400;1 400;1 400;690;966 000;-6.67%
27/11/2018;1 467;1 467;1 467;1 467;2 280;3 344 000;4.76%
28/11/2018;1 500;1 500;1 500;1 500;1 425;2 137 500;2.27%
29/11/2018;1 467;1 467;1 467;1 467;345;506 000;-2.22%
30/11/2018;1 463;1 463;1 463;1 463;840;1 229 200;-0.23%
03/12/2018;1 400;1 400;1 400;1 400;30;42 000;-4.33%
04/12/2018;1 297;1 297;1 297;1 297;900;1 167 000;-7.38%
05/12/2018;1 300;1 300;1 300;1 300;1 995;2 593 500;0.26%
06/12/2018;1 397;1 397;1 397;1 397;3 285;4 588 050;7.44%
07/12/2018;1 397;1 397;1 397;1 397;15;20 950;0.00%
10/12/2018;1 333;1 333;1 333;1 333;345;460 000;-4.53%
11/12/2018;1 333;1 333;1 333;1 333;15;20 000;0.00%
12/12/2018;1 363;1 363;1 363;1 363;1 050;1 431 500;2.25%
13/12/2018;1 300;1 300;1 300;1 300;1 605;2 086 500;-4.65%
14/12/2018;1 333;1 333;1 333;1 333;1 590;2 120 000;2.56%
17/12/2018;1 333;1 333;1 333;1 333;360;480 000;0.00%
18/12/2018;1 333;1 333;1 333;1 333;60;80 000;0.00%
19/12/2018;1 333;1 333;1 333;1 333;480;640 000;0.00%
20/12/2018;1 333;1 333;1 333;1 333;1 620;2 160 000;0.00%
21/12/2018;1 433;1 433;1 433;1 433;780;1 118 000;7.50%
24/12/2018;1 530;1 530;1 530;1 530;735;1 124 550;6.74%
25/12/2018;1 530;1 530;1 530;1 530;733;1 121 490;0.00%
26/12/2018;1 633;1 633;1 633;1 633;120;196 000;6.75%
27/12/2018;1 633;1 633;1 633;1 633;450;735 000;0.00%
28/12/2018;1 753;1 753;1 753;1 753;360;631 200;7.35%
31/12/2018;1 633;1 633;1 633;1 633;1 620;2 646 000;-6.84%
02/01/2019;1 533;1 533;1 533;1 533;960;1 472 000;-6.12%
03/01/2019;1 567;1 567;1 567;1 567;105;164 500;2.17%
04/01/2019;1 567;1 567;1 567;1 567;645;1 010 500;0.00%
07/01/2019;1 567;1 567;1 567;1 567;2 955;4 629 500;0.00%
08/01/2019;1 667;1 667;1 667;1 667;2 790;4 650 000;6.38%
09/01/2019;1 767;1 767;1 767;1 767;291;514 100;6.00%
10/01/2019;1 670;1 670;1 670;1 670;187;312 290;-5.47%
11/01/2019;1 567;1 567;1 567;1 567;1 543;2 417 367;-6.19%
14/01/2019;1 633;1 633;1 633;1 633;165;269 500;4.26%
15/01/2019;1 600;1 600;1 600;1 600;978;1 564 800;-2.04%
16/01/2019;1 533;1 533;1 533;1 533;342;524 400;-4.17%
17/01/2019;1 467;1 500;1 500;1 467;1 822;2 702 633;-4.35%
18/01/2019;1 433;1 433;1 433;1 433;157;225 033;-2.27%
21/01/2019;1 333;1 400;1 400;1 333;3 090;4 223 000;-6.98%
22/01/2019;1 353;1 363;1 363;1 353;181;245 858;1.50%
23/01/2019;1 433;1 333;1 433;1 333;1 929;2 668 450;5.91%
25/01/2019;1 420;1 420;1 420;1 420;30;42 600;-0.93%
29/01/2019;1 523;1 340;1 523;1 340;4 200;6 013 000;7.28%
30/01/2019;1 530;1 527;1 530;1 527;148;226 193;0.44%
31/01/2019;1 533;1 523;1 533;1 523;565;863 508;0.22%
01/02/2019;1 500;1 500;1 500;1 500;127;190 500;-2.17%
04/02/2019;1 500;1 500;1 500;1 500;28;42 000;0.00%
05/02/2019;1 467;1 467;1 467;1 467;40;58 667;-2.22%
06/02/2019;1 467;1 463;1 467;1 463;375;549 375;0.00%
07/02/2019;1 400;1 463;1 463;1 400;33;47 245;-4.55%
08/02/2019;1 333;1 353;1 353;1 333;2 056;2 761 893;-4.76%
11/02/2019;1 400;1 400;1 400;1 400;510;714 000;5.00%
12/02/2019;1 367;1 367;1 367;1 367;93;127 100;-2.38%
13/02/2019;1 367;1 340;1 367;1 340;1 542;2 086 840;0.00%
14/02/2019;1 367;1 367;1 367;1 367;510;697 000;0.00%
15/02/2019;1 367;1 367;1 367;1 367;20 454;27 953 800;0.00%
18/02/2019;1 340;1 367;1 367;1 340;480;649 600;-1.95%
19/02/2019;1 400;1 340;1 400;1 340;532;728 840;4.48%
20/02/2019;1 500;1 433;1 500;1 433;2 076;3 044 800;7.14%
21/02/2019;1 400;1 467;1 467;1 400;318;455 800;-6.67%
22/02/2019;1 463;1 367;1 463;1 367;153;216 495;4.52%
26/02/2019;1 433;1 400;1 433;1 400;474;671 500;3.61%
27/02/2019;1 433;1 433;1 433;1 433;150;215 000;0.00%
28/02/2019;1 463;1 433;1 463;1 433;465;673 475;2.09%
01/03/2019;1 467;1 460;1 467;1 460;100;146 333;0.23%
04/03/2019;1 500;1 500;1 500;1 500;397;595 500;2.27%
05/03/2019;1 500;1 467;1 500;1 467;1 155;1 713 250;0.00%
06/03/2019;1 463;1 467;1 467;1 463;1 155;1 692 075;-2.44%
07/03/2019;1 463;1 463;1 463;1 463;856;1 252 613;0.00%
08/03/2019;1 400;1 400;1 400;1 400;76;106 400;-4.33%
11/03/2019;1 400;1 400;1 400;1 400;435;609 000;0.00%
12/03/2019;1 373;1 373;1 373;1 373;325;446 333;-1.90%
13/03/2019;1 370;1 370;1 370;1 370;636;871 320;-0.24%
14/03/2019;1 367;1 370;1 370;1 367;408;558 280;-0.24%
15/03/2019;1 400;1 370;1 400;1 370;516;714 660;2.44%
18/03/2019;1 367;1 363;1 367;1 363;297;405 405;-2.38%
19/03/2019;1 367;1 367;1 367;1 367;723;988 100;0.00%
20/03/2019;1 367;1 363;1 367;1 363;990;1 351 350;0.00%
21/03/2019;1 400;1 363;1 400;1 363;1 009;1 394 102;2.44%
22/03/2019;1 397;1 397;1 397;1 397;1 275;1 780 750;-0.24%
25/03/2019;1 430;1 400;1 430;1 400;1 741;2 463 515;2.39%
26/03/2019;1 400;1 400;1 400;1 400;876;1 226 400;-2.10%
27/03/2019;1 433;1 400;1 433;1 400;14 002;19 836 167;2.38%
28/03/2019;1 373;1 400;1 400;1 373;637;883 307;-4.19%
29/03/2019;1 430;1 400;1 430;1 400;909;1 286 235;4.13%
01/04/2019;1 433;1 367;1 433;1 367;622;870 800;0.23%
02/04/2019;1 367;1 430;1 430;1 367;997;1 394 138;-4.65%
03/04/2019;1 400;1 433;1 433;1 400;292;413 667;2.44%
04/04/2019;1 463;1 400;1 463;1 400;1 768;2 531 187;4.52%
05/04/2019;1 570;1 570;1 570;1 570;3 835;6 020 950;7.29%
08/04/2019;1 687;1 687;1 687;1 687;13 941;23 513 820;7.43%
09/04/2019;1 810;1 810;1 810;1 810;4 410;7 982 100;7.31%
10/04/2019;1 817;1 840;1 840;1 817;8 277;15 133 115;0.37%
11/04/2019;1 867;1 810;1 867;1 810;2 139;3 932 195;2.75%
12/04/2019;1 800;1 860;1 860;1 800;18 504;33 862 320;-3.57%
15/04/2019;1 853;1 800;1 853;1 800;82;149 787;2.96%
16/04/2019;1 830;1 830;1 830;1 830;363;664 290;-1.26%
17/04/2019;1 800;1 807;1 807;1 800;3 897;7 027 590;-1.64%
18/04/2019;1 900;1 807;1 900;1 807;555;1 028 600;5.56%
19/04/2019;1 800;1 800;1 800;1 800;10 077;18 138 600;-5.26%
22/04/2019;1 800;1 800;1 800;1 800;10 077;18 138 600;0.00%
23/04/2019;1 803;1 800;1 803;1 800;580;1 044 967;0.19%
24/04/2019;1 937;1 803;1 937;1 803;3 679;6 879 730;7.39%
25/04/2019;2 000;1 867;2 000;1 867;3 540;6 844 000;3.27%
26/04/2019;1 933;1 933;1 933;1 933;523;1 011 133;-3.33%
29/04/2019;1 933;1 917;1 933;1 917;2 044;3 934 700;0.00%
30/04/2019;1 967;1 997;1 997;1 967;657;1 301 955;1.72%
01/05/2019;1 967;1 997;1 997;1 967;657;1 301 955;0.00%
02/05/2019;1 940;1 940;1 940;1 940;1 368;2 653 920;-1.36%
03/05/2019;1 867;1 967;1 967;1 867;1 968;3 772 000;-3.78%
06/05/2019;1 933;1 933;1 933;1 933;1 309;2 530 733;3.57%
07/05/2019;1 970;1 933;1 970;1 933;4 131;8 062 335;1.90%
08/05/2019;1 950;1 950;1 950;1 950;1;1 950;-1.02%
09/05/2019;1 933;1 950;1 950;1 933;5 029;9 764 642;-0.85%
10/05/2019;1 900;1 930;1 930;1 900;3 453;6 612 495;-1.72%
13/05/2019;1 797;1 800;1 800;1 797;120;215 800;-5.44%
14/05/2019;1 767;1 767;1 767;1 767;928;1 639 467;-1.67%
15/05/2019;1 763;1 767;1 767;1 763;445;785 425;-0.19%
16/05/2019;1 733;1 767;1 767;1 733;1 462;2 558 500;-1.70%
17/05/2019;1 730;1 750;1 750;1 730;1 110;1 931 400;-0.19%
20/05/2019;1 633;1 633;1 633;1 633;793;1 295 233;-5.59%
21/05/2019;1 603;1 633;1 633;1 603;2 302;3 725 403;-1.84%
22/05/2019;1 603;1 600;1 603;1 600;2 200;3 523 667;0.00%
23/05/2019;1 633;1 610;1 633;1 610;3 303;5 356 365;1.87%
27/05/2019;1 533;1 600;1 600;1 533;180;282 000;-4.17%
28/05/2019;1 597;1 533;1 597;1 533;1 339;2 095 535;4.13%
03/06/2019;1 527;1 480;1 527;1 480;720;1 082 400;-4.38%
05/06/2019;1 463;1 490;1 490;1 463;1 350;1 993 500;-4.15%
06/06/2019;1 400;1 463;1 463;1 400;1 344;1 924 160;-4.33%
07/06/2019;1 467;1 463;1 467;1 463;292;427 780;4.76%
11/06/2019;1 493;1 470;1 493;1 470;856;1 268 307;1.82%
12/06/2019;1 467;1 490;1 490;1 467;273;403 585;-1.79%
13/06/2019;1 463;1 533;1 533;1 463;253;379 078;-0.23%
14/06/2019;1 467;1 410;1 467;1 410;105;151 025;0.23%
17/06/2019;1 367;1 453;1 453;1 367;2 053;2 894 730;-6.82%
18/06/2019;1 333;1 363;1 363;1 333;9 837;13 263 555;-2.44%
19/06/2019;1 297;1 333;1 333;1 297;442;581 230;-2.75%
20/06/2019;1 297;1 300;1 300;1 297;1 747;2 268 188;0.00%
21/06/2019;1 297;1 310;1 310;1 297;2 569;3 348 263;0.00%
24/06/2019;1 257;1 277;1 277;1 257;3 235;4 097 667;-3.08%
25/06/2019;1 293;1 267;1 293;1 267;1 158;1 482 240;2.92%
26/06/2019;1 293;1 293;1 293;1 293;579;748 840;0.00%
27/06/2019;1 290;1 290;1 290;1 290;240;309 600;-0.26%
28/06/2019;1 287;1 267;1 287;1 267;1 945;2 483 117;-0.26%
01/07/2019;1 283;1 287;1 287;1 283;225;289 125;-0.26%
02/07/2019;1 280;1 283;1 283;1 280;385;493 442;-0.26%
03/07/2019;1 293;1 283;1 293;1 283;6 790;8 747 783;1.04%
04/07/2019;1 233;1 333;1 333;1 233;2 437;3 127 483;-4.64%
05/07/2019;1 293;1 293;1 293;1 293;75;97 000;4.86%
08/07/2019;1 320;1 333;1 333;1 320;495;656 700;2.06%
09/07/2019;1 320;1 320;1 320;1 320;273;360 360;0.00%
10/07/2019;1 330;1 320;1 330;1 320;145;192 125;0.76%
11/07/2019;1 333;1 330;1 333;1 330;1 879;2 502 202;0.25%
12/07/2019;1 367;1 333;1 367;1 333;162;218 700;2.50%
15/07/2019;1 463;1 367;1 463;1 367;619;875 885;7.07%
16/07/2019;1 463;1 367;1 463;1 367;765;1 082 475;0.00%
17/07/2019;1 463;1 460;1 463;1 460;202;295 257;0.00%
18/07/2019;1 450;1 373;1 450;1 373;1 785;2 519 825;-0.91%
19/07/2019;1 433;1 433;1 433;1 433;496;710 933;-1.15%
22/07/2019;1 367;1 433;1 433;1 367;1 222;1 710 800;-4.65%
23/07/2019;1 333;1 337;1 337;1 333;19 291;25 753 485;-2.44%
24/07/2019;1 333;1 367;1 367;1 333;4 782;6 455 700;0.00%
25/07/2019;1 333;1 333;1 333;1 333;24;32 000;0.00%
26/07/2019;1 350;1 350;1 350;1 350;7;9 450;1.25%
29/07/2019;1 333;1 350;1 350;1 333;154;206 617;-1.23%
30/07/2019;1 433;1 347;1 433;1 347;817;1 135 630;7.50%
31/07/2019;1 430;1 430;1 430;1 430;4;5 720;-0.23%
01/08/2019;1 393;1 393;1 393;1 393;102;142 120;-2.56%
02/08/2019;1 323;1 340;1 340;1 323;2 214;2 948 310;-5.02%
05/08/2019;1 367;1 387;1 387;1 367;1 036;1 426 227;3.27%
06/08/2019;1 367;1 367;1 367;1 367;1 650;2 255 000;0.00%
07/08/2019;1 367;1 367;1 367;1 367;1 650;2 255 000;0.00%
08/08/2019;1 367;1 390;1 390;1 367;1 213;1 671 918;0.00%
09/08/2019;1 367;1 367;1 367;1 367;1 051;1 436 367;0.00%
12/08/2019;1 367;1 367;1 367;1 367;1 051;1 436 367;0.00%
13/08/2019;1 340;1 333;1 340;1 333;330;441 100;-1.95%
14/08/2019;1 340;1 333;1 340;1 333;418;558 727;0.00%
15/08/2019;1 340;1 333;1 340;1 333;418;558 727;0.00%
16/08/2019;1 343;1 343;1 343;1 343;1 432;1 923 653;0.25%
19/08/2019;1 343;1 343;1 343;1 343;415;557 483;0.00%
20/08/2019;1 337;1 343;1 343;1 337;2 014;2 698 760;-0.50%
21/08/2019;1 337;1 343;1 343;1 337;415;556 100;0.00%
23/08/2019;1 333;1 360;1 360;1 333;417;561 560;0.00%
26/08/2019;1 333;1 337;1 337;1 333;826;1 102 710;0.00%
27/08/2019;1 360;1 337;1 360;1 337;1 431;1 929 465;2.00%
28/08/2019;1 360;1 343;1 360;1 343;282;381 170;0.00%
29/08/2019;1 400;1 337;1 400;1 337;2 940;4 022 900;2.94%
02/09/2019;1 333;1 357;1 357;1 333;3 847;5 174 215;-4.76%
03/09/2019;1 333;1 337;1 337;1 333;5 077;6 777 795;0.00%
04/09/2019;1 367;1 367;1 367;1 367;1 050;1 435 000;2.50%
05/09/2019;1 333;1 367;1 367;1 333;450;607 500;-2.44%
06/09/2019;1 333;1 333;1 333;1 333;3 019;4 025 333;0.00%
09/09/2019;1 333;1 337;1 337;1 333;615;821 025;0.00%
10/09/2019;1 333;1 333;1 333;1 333;450;600 000;0.00%
11/09/2019;1 333;1 333;1 333;1 333;1 708;2 277 333;0.00%
12/09/2019;1 333;1 333;1 333;1 333;3 000;4 000 000;0.00%
13/09/2019;1 330;1 303;1 330;1 303;124;163 267;-0.25%
16/09/2019;1 300;1 330;1 330;1 300;1 150;1 512 250;-2.26%
17/09/2019;1 303;1 303;1 303;1 303;564;735 080;0.26%
18/09/2019;1 333;1 333;1 333;1 333;322;429 333;2.30%
19/09/2019;1 330;1 330;1 330;1 330;1;1 330;-0.25%
20/09/2019;1 293;1 300;1 300;1 293;1 461;1 894 430;-2.76%
23/09/2019;1 300;1 290;1 300;1 290;3 165;4 098 675;0.52%
24/09/2019;1 227;1 267;1 267;1 227;3 538;4 410 707;-5.64%
25/09/2019;1 137;1 167;1 167;1 137;4 177;4 810 512;-7.34%
26/09/2019;1 053;1 053;1 053;1 053;6 054;6 376 880;-7.33%
27/09/2019;977;977;977;977;60;58 600;-7.28%
30/09/2019;907;907;907;907;1 197;1 085 280;-7.17%
01/10/2019;840;867;867;840;1 240;1 058 133;-7.35%
02/10/2019;797;780;797;780;2 727;2 149 785;-5.16%
03/10/2019;740;790;790;740;2 851;2 181 015;-7.11%
04/10/2019;687;740;740;687;5 452;3 889 093;-7.21%
07/10/2019;637;687;687;637;3 048;2 016 760;-7.28%
08/10/2019;590;590;590;590;967;570 530;-7.33%
09/10/2019;547;547;547;547;6 517;3 562 627;-7.34%
10/10/2019;543;547;547;543;6 925;3 774 125;-0.61%
11/10/2019;547;540;547;540;6 903;3 750 630;0.61%
14/10/2019;533;547;547;533;5 983;3 230 820;-2.44%
15/10/2019;543;533;543;533;11 883;6 397 015;1.87%
16/10/2019;543;547;547;543;13 137;7 159 665;0.00%
17/10/2019;543;543;543;543;8 683;4 717 763;0.00%
18/10/2019;537;540;540;537;4 828;2 599 073;-1.23%
21/10/2019;543;543;543;543;3 981;2 163 010;1.24%
22/10/2019;543;547;547;543;13 224;7 207 080;0.00%
23/10/2019;533;553;553;533;2 619;1 422 990;-1.84%
24/10/2019;533;543;543;533;3 054;1 644 070;0.00%
25/10/2019;540;533;540;533;2 403;1 289 610;1.25%
28/10/2019;550;550;550;550;225;123 750;1.85%
29/10/2019;580;573;580;573;64;36 907;5.45%
30/10/2019;603;600;603;600;124;74 607;4.02%
31/10/2019;617;617;617;617;4;2 467;2.21%
01/11/2019;617;617;617;617;4;2 467;0.00%
04/11/2019;617;623;623;617;9 846;6 104 520;0.00%
05/11/2019;617;623;623;617;1 563;969 060;0.00%
06/11/2019;660;617;660;617;820;523 433;7.03%
07/11/2019;667;667;667;667;472;314 667;1.01%
08/11/2019;707;707;707;707;73;51 587;6.00%
11/11/2019;707;733;733;707;1 863;1 341 360;0.00%
12/11/2019;703;710;710;703;2 509;1 773 027;-0.47%
13/11/2019;667;710;710;667;9 318;6 413 890;-5.21%
14/11/2019;717;717;717;717;217;155 517;7.50%
18/11/2019;770;717;770;717;153;113 730;7.44%
19/11/2019;827;827;827;827;1 117;923 387;7.36%
21/11/2019;827;867;867;827;10 305;8 724 900;-0.80%
22/11/2019;800;827;827;800;1 060;862 133;-3.23%
25/11/2019;800;807;807;800;162;130 140;0.00%
26/11/2019;800;797;800;797;75;59 875;0.00%
27/11/2019;800;800;800;800;1 150;920 000;0.00%
28/11/2019;793;800;800;793;268;213 507;-0.83%
29/11/2019;793;797;797;793;361;286 995;0.00%
02/12/2019;753;780;780;753;1 156;886 267;-5.04%
03/12/2019;757;753;757;753;819;618 345;0.44%
04/12/2019;733;747;747;733;183;135 420;-3.08%
05/12/2019;730;737;737;730;412;302 133;-0.45%
06/12/2019;717;720;720;717;868;623 513;-1.83%
09/12/2019;700;700;700;700;192;134 400;-2.33%
10/12/2019;690;693;693;690;261;180 525;-1.43%
11/12/2019;693;690;693;690;258;178 450;0.48%
12/12/2019;687;697;697;687;409;282 892;-0.96%
13/12/2019;687;690;690;687;1 030;708 983;0.00%
16/12/2019;673;687;687;673;1 185;805 800;-1.94%
17/12/2019;717;677;717;677;2 467;1 718 677;6.44%
18/12/2019;720;717;720;717;1 839;1 321 015;0.47%
19/12/2019;747;720;747;720;468;343 200;3.70%
20/12/2019;767;747;767;747;10 843;8 204 537;2.68%
23/12/2019;813;763;813;763;2 356;1 857 313;6.09%
24/12/2019;867;813;867;813;460;386 400;6.56%
25/12/2019;867;813;867;813;460;386 400;0.00%
26/12/2019;927;867;927;867;4 602;4 126 460;6.92%
27/12/2019;867;867;867;867;198;171 600;-6.47%
30/12/2019;807;827;827;807;4 843;3 955 117;-6.92%
31/12/2019;767;800;800;767;2 619;2 051 550;-4.96%
01/01/2020;767;800;800;767;2 619;2 051 550;0.00%
02/01/2020;737;737;737;737;897;660 790;-3.91%
03/01/2020;743;737;743;737;2 077;1 536 980;0.90%
06/01/2020;737;747;747;737;1 438;1 066 517;-0.90%
07/01/2020;733;740;740;733;469;345 497;-0.45%
08/01/2020;740;740;740;740;1 386;1 025 640;0.91%
09/01/2020;733;740;740;733;570;419 900;-0.90%
10/01/2020;740;733;740;733;36;26 520;0.91%
13/01/2020;740;740;740;740;165;122 100;0.00%
14/01/2020;793;740;793;740;1 678;1 286 467;7.21%
15/01/2020;767;740;767;740;466;351 053;-3.36%
16/01/2020;747;750;750;747;1 189;889 768;-2.61%
17/01/2020;790;743;790;743;2 478;1 899 800;5.80%
20/01/2020;800;787;800;787;5 220;4 141 200;1.27%
21/01/2020;790;793;793;790;219;173 375;-1.25%
22/01/2020;797;790;797;790;1 408;1 117 013;0.84%
23/01/2020;797;797;797;797;3 067;2 443 377;0.00%
24/01/2020;793;797;797;793;868;690 060;-0.42%
27/01/2020;793;800;800;793;1 158;922 540;0.00%
28/01/2020;797;797;797;797;2 085;1 661 050;0.42%
29/01/2020;797;767;797;767;952;744 147;0.00%
30/01/2020;807;800;807;800;441;354 270;1.26%
31/01/2020;833;813;833;813;735;605 150;3.31%
03/02/2020;833;867;867;833;3 823;3 249 550;0.00%
04/02/2020;810;833;833;810;4 218;3 465 790;-2.80%
05/02/2020;823;823;823;823;2 358;1 941 420;1.65%
06/02/2020;800;820;820;800;7 629;6 179 490;-2.83%
07/02/2020;767;820;820;767;1 255;995 633;-4.17%
10/02/2020;757;800;800;757;1 962;1 527 090;-1.30%
11/02/2020;733;733;733;733;2 161;1 584 733;-3.08%
12/02/2020;733;733;733;733;2 161;1 584 733;0.00%
13/02/2020;733;733;733;733;354;259 600;0.00%
14/02/2020;787;733;787;733;3 624;2 754 240;7.27%
17/02/2020;787;740;787;740;487;371 743;0.00%
18/02/2020;783;787;787;783;1 050;824 250;-0.42%
19/02/2020;787;783;787;783;214;167 990;0.43%
20/02/2020;767;767;767;767;4 218;3 233 800;-2.54%
21/02/2020;743;763;763;743;283;213 193;-3.04%
24/02/2020;753;767;767;753;2 127;1 616 520;1.35%
25/02/2020;753;753;753;753;3 561;2 682 620;0.00%
26/02/2020;753;753;753;753;1 974;1 487 080;0.00%
27/02/2020;753;753;753;753;585;440 700;0.00%
02/03/2020;767;767;767;767;894;685 400;1.77%
03/03/2020;767;767;767;767;331;253 767;0.00%
04/03/2020;767;753;767;753;706;536 560;0.00%
05/03/2020;733;767;767;733;937;702 750;-4.35%
06/03/2020;707;733;733;707;228;164 160;-3.64%
09/03/2020;700;733;733;700;828;593 400;-0.94%
10/03/2020;733;733;733;733;2 635;1 932 333;4.76%
11/03/2020;733;733;733;733;531;389 400;0.00%
12/03/2020;733;733;733;733;384;281 600;0.00%
13/03/2020;733;733;733;733;90;66 000;0.00%
16/03/2020;707;703;707;703;471;332 055;-3.64%
17/03/2020;700;713;713;700;513;362 520;-0.94%
18/03/2020;733;713;733;713;3 781;2 734 923;4.76%
19/03/2020;703;733;733;703;2 026;1 455 343;-4.09%
20/03/2020;660;670;670;660;1 351;898 415;-6.16%
23/03/2020;613;613;613;613;138;84 640;-7.07%
24/03/2020;613;600;613;600;120;72 800;0.00%
25/03/2020;570;570;570;570;1 072;611 040;-7.07%
26/03/2020;537;537;537;537;7 261;3 896 737;-5.85%
27/03/2020;567;570;570;567;808;459 213;5.59%
30/03/2020;567;547;567;547;1 084;603 427;0.00%
31/03/2020;547;547;547;547;1 026;560 880;-3.53%
01/04/2020;587;567;587;567;747;430 770;7.32%
02/04/2020;567;587;587;567;1 692;975 720;-3.41%
03/04/2020;600;567;600;567;948;553 000;5.88%
06/04/2020;603;567;603;567;435;254 475;0.56%
07/04/2020;600;600;600;600;733;439 800;-0.55%
08/04/2020;600;600;600;600;925;555 000;0.00%
09/04/2020;610;600;610;600;991;599 555;1.67%
10/04/2020;613;610;613;610;460;281 367;0.55%
13/04/2020;613;610;613;610;460;281 367;0.00%
14/04/2020;613;613;613;613;1 279;784 453;0.00%
15/04/2020;613;613;613;613;1 794;1 100 320;0.00%
16/04/2020;633;613;633;613;1 344;837 760;3.26%
17/04/2020;633;633;633;633;159;100 700;0.00%
20/04/2020;680;640;680;640;531;350 460;7.37%
22/04/2020;680;687;687;680;526;359 433;0.00%
23/04/2020;727;687;727;687;333;235 320;6.86%
24/04/2020;727;727;727;727;33;23 980;0.00%
27/04/2020;700;717;717;700;412;291 833;-3.67%
28/04/2020;697;700;700;697;3 030;2 115 950;-0.48%
29/04/2020;647;707;707;647;4 423;2 992 897;-7.18%
30/04/2020;660;633;660;633;3 012;1 947 760;2.06%
01/05/2020;660;633;660;633;3 012;1 947 760;0.00%
04/05/2020;640;640;640;640;96;61 440;-3.03%
05/05/2020;643;643;643;643;78;50 180;0.52%
06/05/2020;643;647;647;643;339;218 655;0.00%
07/05/2020;637;667;667;637;465;303 025;-1.04%
08/05/2020;667;667;667;667;60;40 000;4.71%
11/05/2020;643;643;643;643;7;4 503;-3.50%
12/05/2020;667;647;667;647;492;323 080;3.63%
13/05/2020;663;700;700;663;294;200 410;-0.50%
14/05/2020;647;667;667;647;114;74 860;-2.51%
15/05/2020;647;647;647;647;223;144 207;0.00%
18/05/2020;653;647;653;647;561;364 650;1.03%
19/05/2020;650;650;650;650;1 585;1 030 250;-0.51%
22/05/2020;647;650;650;647;103;66 778;-0.51%
25/05/2020;650;647;650;647;147;95 305;0.52%
26/05/2020;667;650;667;650;735;483 875;2.56%
27/05/2020;700;663;700;663;736;501 707;5.00%
28/05/2020;667;670;670;667;1 365;912 275;-4.76%
29/05/2020;663;663;663;663;345;228 850;-0.50%
01/06/2020;663;663;663;663;345;228 850;0.00%
02/06/2020;663;667;667;663;1 717;1 141 805;0.00%
03/06/2020;663;660;663;660;1 977;1 308 115;0.00%
04/06/2020;647;633;647;633;2 793;1 787 520;-2.51%
05/06/2020;660;650;660;650;232;151 960;2.06%
08/06/2020;667;663;667;663;355;236 075;1.01%
09/06/2020;667;660;667;660;2 128;1 411 573;0.00%
10/06/2020;667;667;667;667;652;434 667;0.00%
11/06/2020;660;660;660;660;4 342;2 865 720;-1.00%
12/06/2020;667;657;667;657;2 614;1 729 597;1.01%
15/06/2020;660;667;667;660;157;104 143;-1.00%
16/06/2020;663;660;663;660;765;506 175;0.51%
17/06/2020;667;667;667;667;3 130;2 086 667;0.50%
18/06/2020;667;667;667;667;37;24 667;0.00%
19/06/2020;667;667;667;667;343;228 667;0.00%
22/06/2020;667;700;700;667;9;6 150;0.00%
23/06/2020;667;667;667;667;33;22 000;0.00%
24/06/2020;700;680;700;680;465;320 850;5.00%
25/06/2020;703;703;703;703;39;27 430;0.48%
26/06/2020;733;753;753;733;9 186;6 828 260;4.27%
29/06/2020;733;733;733;733;385;282 333;0.00%
30/06/2020;733;733;733;733;555;407 000;0.00%
01/07/2020;760;733;760;733;184;137 387;3.64%
02/07/2020;703;760;760;703;420;307 300;-7.46%
03/07/2020;690;717;717;690;285;200 450;-1.90%
06/07/2020;693;703;703;693;613;428 078;0.48%
07/07/2020;690;690;690;690;168;115 920;-0.48%
08/07/2020;733;693;733;693;690;492 200;6.28%
09/07/2020;733;737;737;733;52;38 220;0.00%
10/07/2020;733;733;733;733;2 379;1 744 600;0.00%
13/07/2020;727;727;727;727;75;54 500;-0.91%
14/07/2020;707;723;723;707;856;612 040;-2.75%
15/07/2020;693;703;703;693;6 064;4 234 693;-1.89%
16/07/2020;680;690;690;680;520;356 200;-1.92%
17/07/2020;683;687;687;683;219;150 015;0.49%
20/07/2020;680;680;680;680;832;565 760;-0.49%
21/07/2020;680;680;680;680;454;308 720;0.00%
22/07/2020;680;680;680;680;742;504 560;0.00%
23/07/2020;680;670;680;670;217;146 475;0.00%
24/07/2020;680;680;680;680;12;8 160;0.00%
27/07/2020;680;670;680;670;25;16 875;0.00%
28/07/2020;673;680;680;673;540;365 400;-0.98%
29/07/2020;667;673;673;667;2 112;1 415 040;-0.99%
30/07/2020;667;667;667;667;127;84 667;0.00%
31/07/2020;667;667;667;667;127;84 667;0.00%
03/08/2020;667;680;680;667;7;4 713;0.00%
04/08/2020;667;667;667;667;508;338 667;0.00%
05/08/2020;667;667;667;667;1 519;1 012 667;0.00%
06/08/2020;667;667;667;667;7 806;5 204 000;0.00%
07/08/2020;667;667;667;667;7 806;5 204 000;0.00%
10/08/2020;660;667;667;660;435;288 550;-1.00%
11/08/2020;660;660;660;660;240;158 400;0.00%
12/08/2020;677;680;680;677;1 068;724 460;2.53%
13/08/2020;667;667;667;667;295;196 667;-1.48%
14/08/2020;653;667;667;653;291;192 060;-2.00%
17/08/2020;650;653;653;650;615;400 775;-0.51%
18/08/2020;657;653;657;653;286;187 330;1.03%
21/08/2020;643;647;647;643;2 721;1 755 045;-2.03%
24/08/2020;647;647;647;647;60;38 800;0.52%
25/08/2020;667;647;667;647;14 551;9 555 157;3.09%
27/08/2020;653;677;677;653;2 772;1 843 380;-2.00%
28/08/2020;667;653;667;653;1 143;754 380;2.04%
31/08/2020;640;647;647;640;387;248 970;-4.00%
01/09/2020;660;663;663;660;169;111 822;3.13%
02/09/2020;660;647;660;647;103;67 293;0.00%
03/09/2020;650;650;650;650;67;43 550;-1.52%
04/09/2020;640;647;647;640;3 265;2 100 483;-1.54%
07/09/2020;633;633;633;633;412;260 933;-1.04%
08/09/2020;630;627;630;627;9 544;5 996 813;-0.53%
09/09/2020;627;620;627;620;3 175;1 979 083;-0.53%
10/09/2020;620;620;620;620;994;616 280;-1.06%
11/09/2020;617;617;617;617;247;152 317;-0.54%
14/09/2020;610;617;617;610;2 257;1 384 293;-1.08%
15/09/2020;620;617;620;617;225;139 125;1.64%
16/09/2020;600;617;617;600;5 040;3 066 000;-3.23%
17/09/2020;600;600;600;600;1 009;605 400;0.00%
18/09/2020;600;613;613;600;385;233 567;0.00%
21/09/2020;610;607;610;607;19 338;11 763 950;1.67%
22/09/2020;610;610;610;610;277;168 970;0.00%
23/09/2020;610;610;610;610;277;168 970;0.00%
24/09/2020;610;610;610;610;277;168 970;0.00%
25/09/2020;610;610;610;610;277;168 970;0.00%
28/09/2020;633;603;633;603;159;98 315;3.83%
29/09/2020;603;630;630;603;228;140 600;-4.74%
30/09/2020;603;607;607;603;337;203 885;0.00%
01/10/2020;647;603;647;603;1 635;1 021 875;7.18%
02/10/2020;607;647;647;607;22;13 787;-6.19%
05/10/2020;650;607;650;607;1 695;1 065 025;7.14%
06/10/2020;667;650;667;650;2 289;1 506 925;2.56%
07/10/2020;687;680;687;680;301;205 683;3.00%
08/10/2020;690;683;690;683;214;146 947;0.49%
09/10/2020;673;690;690;673;225;153 375;-2.42%
12/10/2020;700;673;700;673;2 625;1 802 500;3.96%
13/10/2020;713;700;713;700;2 734;1 932 027;1.90%
14/10/2020;730;723;730;723;6 594;4 791 640;2.34%
15/10/2020;683;733;733;683;360;255 000;-6.39%
16/10/2020;667;683;683;667;3 352;2 262 600;-2.44%
19/10/2020;667;667;667;667;1 822;1 214 667;0.00%
20/10/2020;667;667;667;667;30;20 000;0.00%
21/10/2020;667;667;667;667;1 027;684 667;0.00%
22/10/2020;700;667;700;667;210;143 500;5.00%
23/10/2020;707;667;707;667;366;251 320;0.95%
26/10/2020;697;707;707;697;2 541;1 782 935;-1.42%
27/10/2020;700;700;700;700;9 993;6 995 100;0.48%
28/10/2020;697;700;700;697;112;78 213;-0.48%
29/10/2020;697;700;700;697;112;78 213;0.00%
30/10/2020;697;700;700;697;1 882;1 314 263;0.00%
02/11/2020;703;710;710;703;1 285;908 067;0.96%
03/11/2020;697;703;703;697;454;317 800;-0.95%
04/11/2020;703;697;703;697;120;84 000;0.96%
05/11/2020;700;703;703;700;1 012;710 087;-0.47%
06/11/2020;680;680;680;680;2 052;1 395 360;-2.86%
09/11/2020;693;700;700;693;292;203 427;1.96%
10/11/2020;693;693;693;693;154;106 773;0.00%
11/11/2020;697;693;697;693;1 537;1 068 215;0.48%
12/11/2020;693;697;697;693;184;127 880;-0.48%
13/11/2020;700;700;700;700;1 761;1 232 700;0.96%
16/11/2020;687;700;700;687;5 269;3 653 173;-1.90%
17/11/2020;703;700;703;700;549;385 215;2.43%
18/11/2020;703;703;703;703;3 691;2 596 003;0.00%
19/11/2020;700;700;700;700;3 055;2 138 500;-0.47%
20/11/2020;703;703;703;703;97;68 223;0.48%
23/11/2020;703;703;703;703;3 028;2 129 693;0.00%
24/11/2020;700;707;707;700;226;158 953;-0.47%
25/11/2020;703;703;703;703;2 031;1 428 470;0.48%
26/11/2020;733;707;733;707;1 552;1 117 440;4.27%
27/11/2020;713;713;713;713;3;2 140;-2.73%
30/11/2020;733;713;733;713;988;714 653;2.80%
01/12/2020;733;737;737;733;2 943;2 163 105;0.00%
02/12/2020;733;733;733;733;45;33 000;0.00%
03/12/2020;767;737;767;737;1 732;1 301 887;4.55%
07/12/2020;763;763;763;763;12;9 160;-0.43%
08/12/2020;737;737;737;737;180;132 600;-3.49%
09/12/2020;750;750;750;750;435;326 250;1.81%
10/12/2020;753;750;753;750;3 843;2 888 655;0.44%
11/12/2020;767;760;767;760;1 461;1 115 230;1.77%
14/12/2020;787;767;787;767;609;472 990;2.61%
15/12/2020;787;767;787;767;520;403 867;0.00%
16/12/2020;787;793;793;787;2 421;1 912 590;0.00%
17/12/2020;767;770;770;767;1 947;1 495 945;-2.54%
18/12/2020;787;770;787;770;337;262 298;2.61%
21/12/2020;767;770;770;767;775;595 458;-2.54%
22/12/2020;767;770;770;767;75;57 625;0.00%
23/12/2020;780;780;780;780;6 636;5 176 080;1.74%
24/12/2020;787;773;787;773;6 496;5 066 880;0.85%
25/12/2020;787;773;787;773;6 496;5 066 880;0.00%
28/12/2020;773;783;783;773;3 235;2 517 908;-1.69%
29/12/2020;767;777;777;767;2 590;1 998 617;-0.86%
30/12/2020;750;767;767;750;10 753;8 154 358;-2.17%
31/12/2020;750;753;753;750;2 362;1 775 437;0.00%
04/01/2021;733;733;733;733;795;583 000;-2.22%
05/01/2021;733;733;733;733;4 008;2 939 200;0.00%
06/01/2021;733;733;733;733;100;73 333;0.00%
07/01/2021;730;730;730;730;199;145 270;-0.45%
08/01/2021;730;730;730;730;1 035;755 550;0.00%
11/01/2021;733;733;733;733;477;349 800;0.46%
12/01/2021;737;737;737;737;1;737;0.45%
13/01/2021;737;737;737;737;1 114;820 647;0.00%
14/01/2021;740;750;750;740;1 002;746 490;0.45%
15/01/2021;733;737;737;733;654;480 690;-0.90%
18/01/2021;737;737;737;737;628;462 627;0.45%
19/01/2021;743;743;743;743;286;212 593;0.90%
20/01/2021;767;743;767;743;1 027;775 385;3.14%
21/01/2021;773;773;773;773;489;378 160;0.87%
22/01/2021;767;767;767;767;37;28 367;-0.86%
25/01/2021;767;767;767;767;1 912;1 465 867;0.00%
26/01/2021;767;767;767;767;30;23 000;0.00%
27/01/2021;787;767;787;767;547;424 837;2.61%
28/01/2021;793;787;793;787;2 679;2 116 410;0.85%
29/01/2021;800;800;800;800;3 123;2 498 400;0.84%
01/02/2021;813;813;813;813;916;745 013;1.67%
02/02/2021;800;813;813;800;346;279 107;-1.64%
03/02/2021;860;813;860;813;1 066;891 887;7.50%
04/02/2021;923;900;923;900;1 639;1 494 222;7.36%
05/02/2021;990;977;990;977;8 770;8 623 833;7.22%
08/02/2021;1 063;993;1 063;993;7 183;7 386 518;7.41%
09/02/2021;1 060;1 063;1 063;1 060;700;743 167;-0.31%
10/02/2021;993;1 000;1 000;993;52;51 827;-6.29%
11/02/2021;920;993;993;920;6 090;5 826 100;-7.38%
12/02/2021;870;920;920;870;10 152;9 086 040;-5.43%
15/02/2021;870;807;870;807;30 151;25 276 588;0.00%
16/02/2021;810;837;837;810;15 310;12 605 233;-6.90%
17/02/2021;810;810;810;810;271;219 510;0.00%
18/02/2021;867;810;867;810;339;284 195;7.00%
19/02/2021;813;867;867;813;186;156 240;-6.15%
22/02/2021;813;863;863;813;1 680;1 408 400;0.00%
23/02/2021;833;813;833;813;2 125;1 749 583;2.46%
24/02/2021;833;837;837;833;205;171 175;0.00%
25/02/2021;833;833;833;833;2 265;1 887 500;0.00%
26/02/2021;850;813;850;813;1 527;1 269 955;2.00%
01/03/2021;817;813;817;813;1 855;1 511 825;-3.92%
02/03/2021;843;813;843;813;3 762;3 116 190;3.27%
03/03/2021;800;820;820;800;1 717;1 390 770;-5.14%
04/03/2021;803;807;807;803;264;212 520;0.42%
05/03/2021;800;803;803;800;3 565;2 857 942;-0.41%
08/03/2021;830;800;830;800;654;533 010;3.75%
09/03/2021;833;833;833;833;594;495 000;0.40%
10/03/2021;833;833;833;833;168;140 000;0.00%
11/03/2021;893;833;893;833;93;80 290;7.20%
12/03/2021;863;890;890;863;2 944;2 580 907;-3.36%
15/03/2021;833;863;863;833;6 577;5 579 488;-3.47%
16/03/2021;833;870;870;833;1 027;874 662;0.00%
17/03/2021;870;837;870;837;4 236;3 614 720;4.40%
18/03/2021;863;833;863;833;355;301 158;-0.77%
19/03/2021;860;860;860;860;279;239 940;-0.39%
22/03/2021;833;860;860;833;547;463 127;-3.10%
23/03/2021;833;823;833;823;886;733 903;0.00%
24/03/2021;800;820;820;800;9 747;7 895 070;-4.00%
25/03/2021;800;800;800;800;7 623;6 098 400;0.00%
26/03/2021;800;800;800;800;2 673;2 138 400;0.00%
29/03/2021;833;793;833;793;1 720;1 398 933;4.17%
30/03/2021;823;827;827;823;46;37 950;-1.20%
31/03/2021;807;807;807;807;67;54 047;-2.02%
01/04/2021;820;807;820;807;1 327;1 079 293;1.65%
02/04/2021;820;820;820;820;3 565;2 923 300;0.00%
05/04/2021;820;820;820;820;3 565;2 923 300;0.00%
06/04/2021;833;823;833;823;832;689 173;1.63%
07/04/2021;823;810;823;810;730;596 167;-1.20%
08/04/2021;810;823;823;810;2 455;2 004 917;-1.62%
09/04/2021;833;807;833;807;394;323 080;2.88%
12/04/2021;833;817;833;817;4 155;3 427 875;0.00%
13/04/2021;833;833;833;833;1 456;1 213 333;0.00%
14/04/2021;847;833;847;833;904;759 360;1.60%
15/04/2021;833;847;847;833;9 708;8 154 720;-1.57%
16/04/2021;813;833;833;813;2 415;1 988 350;-2.40%
19/04/2021;840;813;840;813;555;458 800;3.28%
20/04/2021;847;833;847;833;4 029;3 384 360;0.79%
21/04/2021;843;833;843;833;202;169 343;-0.39%
22/04/2021;810;837;837;810;13 597;11 194 863;-3.95%
23/04/2021;830;833;833;830;2 074;1 724 877;2.47%
26/04/2021;840;833;840;833;76;63 587;1.20%
27/04/2021;837;833;837;833;729;608 715;-0.40%
28/04/2021;857;837;857;837;313;265 007;2.39%
29/04/2021;917;857;917;857;10 296;9 129 120;7.00%
30/04/2021;917;900;917;900;8 113;7 369 308;0.00%
03/05/2021;917;867;917;867;8 116;7 236 767;0.00%
04/05/2021;927;910;927;910;8 707;7 995 928;1.09%
05/05/2021;920;927;927;920;3 079;2 842 943;-0.72%
06/05/2021;917;917;917;917;5 842;5 355 167;-0.36%
07/05/2021;933;947;947;933;213;200 220;1.82%
10/05/2021;900;947;947;900;397;366 563;-3.57%
11/05/2021;873;933;933;873;508;458 893;-2.96%
12/05/2021;873;933;933;873;508;458 893;0.00%
14/05/2021;933;873;933;873;319;288 163;6.87%
17/05/2021;900;900;900;900;145;130 500;-3.57%
18/05/2021;900;900;900;900;97;87 300;0.00%
19/05/2021;867;900;900;867;972;858 600;-3.70%
20/05/2021;867;867;867;867;435;377 000;0.00%
21/05/2021;840;867;867;840;150;128 000;-3.08%
24/05/2021;840;867;867;840;150;128 000;0.00%
25/05/2021;867;863;867;863;117;101 205;3.17%
26/05/2021;883;883;883;883;75;66 250;1.92%
27/05/2021;897;897;897;897;13;11 657;1.51%
28/05/2021;913;897;913;897;4 687;4 241 735;1.86%
31/05/2021;913;913;913;913;1 102;1 006 493;0.00%
01/06/2021;913;900;913;900;168;152 320;0.00%
02/06/2021;913;913;913;913;939;857 620;0.00%
03/06/2021;910;903;910;903;2 545;2 307 467;-0.36%
04/06/2021;910;900;910;900;325;294 125;0.00%
07/06/2021;910;907;910;907;343;311 558;0.00%
08/06/2021;913;903;913;903;483;438 725;0.37%
09/06/2021;913;913;913;913;2 338;2 135 373;0.00%
10/06/2021;910;910;910;910;15;13 650;-0.36%
11/06/2021;913;907;913;907;820;746 200;0.37%
14/06/2021;913;913;913;913;969;885 020;0.00%
15/06/2021;913;913;913;913;5 697;5 203 260;0.00%
16/06/2021;933;933;933;933;4 575;4 270 000;2.19%
17/06/2021;917;933;933;917;2 815;2 603 875;-1.79%
18/06/2021;983;940;983;940;2 766;2 659 970;7.27%
21/06/2021;1 057;1 000;1 057;1 000;5 143;5 288 718;7.46%
22/06/2021;1 080;1 067;1 080;1 067;6 408;6 877 920;2.21%
23/06/2021;1 050;1 060;1 060;1 050;3 079;3 248 345;-2.78%
24/06/2021;987;1 050;1 050;987;2 892;2 945 020;-6.03%
25/06/2021;960;1 003;1 003;960;3 954;3 881 510;-2.70%
28/06/2021;960;920;960;920;1 221;1 147 740;0.00%
29/06/2021;953;960;960;953;526;503 207;-0.69%
30/06/2021;933;933;933;933;816;761 600;-2.10%
01/07/2021;953;903;953;903;7 359;6 831 605;2.14%
02/07/2021;947;933;947;933;547;514 180;-0.70%
05/07/2021;920;933;933;920;85;78 767;-2.82%
06/07/2021;913;933;933;913;1 732;1 599 213;-0.72%
07/07/2021;950;950;950;950;1 779;1 690 050;4.01%
08/07/2021;950;950;950;950;435;413 250;0.00%
09/07/2021;917;937;937;917;6 486;6 010 360;-3.51%
12/07/2021;933;960;960;933;5 778;5 469 840;1.82%
13/07/2021;1 003;933;1 003;933;1 290;1 249 150;7.50%
14/07/2021;1 000;1 033;1 033;1 000;3 277;3 331 617;-0.33%
15/07/2021;1 057;1 057;1 057;1 057;270;285 300;5.67%
16/07/2021;1 080;1 067;1 080;1 067;2 554;2 741 293;2.21%
19/07/2021;1 080;1 067;1 080;1 067;1 080;1 159 200;0.00%
20/07/2021;1 080;1 067;1 080;1 067;1 080;1 159 200;0.00%
21/07/2021;1 067;1 077;1 077;1 067;951;1 019 155;-1.23%
22/07/2021;1 053;1 067;1 067;1 053;2 094;2 219 640;-1.25%
23/07/2021;1 053;1 053;1 053;1 053;160;168 533;0.00%
26/07/2021;1 037;1 033;1 037;1 033;613;634 455;-1.58%
27/07/2021;1 000;1 047;1 047;1 000;2 919;2 987 110;-3.54%
28/07/2021;1 033;1 047;1 047;1 033;3 309;3 441 360;3.33%
29/07/2021;1 033;1 020;1 033;1 020;36 138;37 101 680;0.00%
30/07/2021;1 067;1 050;1 067;1 050;435;460 375;3.23%
02/08/2021;1 053;1 063;1 063;1 053;29 071;30 766 808;-1.25%
03/08/2021;1 053;1 050;1 053;1 050;816;858 160;0.00%
04/08/2021;1 027;1 053;1 053;1 027;1 665;1 731 600;-2.53%
05/08/2021;1 033;1 027;1 033;1 027;234;241 020;0.65%
06/08/2021;1 067;1 067;1 067;1 067;676;721 067;3.23%
09/08/2021;1 067;1 063;1 067;1 063;2 164;2 304 660;0.00%
10/08/2021;1 067;1 063;1 067;1 063;47 923;51 037 995;0.00%
11/08/2021;1 067;1 067;1 067;1 067;25 416;27 110 400;0.00%
12/08/2021;1 067;1 100;1 100;1 067;11 748;12 727 000;0.00%
13/08/2021;1 067;1 100;1 100;1 067;10 039;10 875 583;0.00%
16/08/2021;1 100;1 100;1 100;1 100;14 148;15 562 800;3.12%
17/08/2021;1 100;1 100;1 100;1 100;24 330;26 763 000;0.00%
18/08/2021;1 100;1 100;1 100;1 100;19 512;21 463 200;0.00%
19/08/2021;1 103;1 100;1 103;1 100;10 306;11 353 777;0.30%
20/08/2021;1 160;1 133;1 160;1 133;1 354;1 552 587;5.14%
23/08/2021;1 247;1 160;1 247;1 160;1 972;2 372 973;7.47%
24/08/2021;1 333;1 333;1 333;1 333;12 102;16 136 000;6.95%
25/08/2021;1 337;1 340;1 340;1 337;12 907;17 273 868;0.25%
26/08/2021;1 320;1 343;1 343;1 320;22 656;30 170 240;-1.25%
27/08/2021;1 313;1 317;1 317;1 313;3 780;4 970 700;-0.51%
30/08/2021;1 287;1 267;1 287;1 267;1 365;1 742 650;-2.03%
31/08/2021;1 290;1 287;1 290;1 287;2 722;3 506 843;0.26%
01/09/2021;1 290;1 290;1 290;1 290;1 381;1 781 490;0.00%
02/09/2021;1 290;1 290;1 290;1 290;534;688 860;0.00%
03/09/2021;1 313;1 307;1 313;1 307;582;762 420;1.81%
06/09/2021;1 320;1 327;1 327;1 320;319;422 143;0.51%
07/09/2021;1 320;1 327;1 327;1 320;213;281 870;0.00%
08/09/2021;1 317;1 320;1 320;1 317;2 151;2 835 735;-0.25%
09/09/2021;1 323;1 323;1 323;1 323;2 142;2 834 580;0.51%
10/09/2021;1 323;1 323;1 323;1 323;5 983;7 917 503;0.00%
13/09/2021;1 323;1 323;1 323;1 323;682;902 513;0.00%
14/09/2021;1 333;1 327;1 333;1 327;724;962 920;0.76%
15/09/2021;1 333;1 333;1 333;1 333;16 749;22 332 000;0.00%
16/09/2021;1 333;1 333;1 333;1 333;1 729;2 305 333;0.00%
17/09/2021;1 333;1 333;1 333;1 333;589;785 333;0.00%
20/09/2021;1 333;1 333;1 333;1 333;457;609 333;0.00%
21/09/2021;1 333;1 340;1 340;1 333;1 186;1 585 287;0.00%
22/09/2021;1 347;1 347;1 347;1 347;792;1 066 560;1.00%
23/09/2021;1 367;1 367;1 367;1 367;5 373;7 343 100;1.49%
24/09/2021;1 377;1 377;1 377;1 377;981;1 350 510;0.73%
27/09/2021;1 383;1 377;1 383;1 377;11 683;16 122 540;0.48%
28/09/2021;1 383;1 383;1 383;1 383;23 115;31 975 750;0.00%
29/09/2021;1 343;1 383;1 383;1 343;15 076;20 553 613;-2.89%
30/09/2021;1 333;1 343;1 343;1 333;8 763;11 727 815;-0.74%
01/10/2021;1 333;1 333;1 333;1 333;6 715;8 953 333;0.00%
04/10/2021;1 327;1 333;1 333;1 327;3 562;4 737 460;-0.50%
05/10/2021;1 320;1 327;1 327;1 320;4 351;5 757 823;-0.50%
06/10/2021;1 227;1 323;1 323;1 227;2 095;2 671 125;-7.07%
07/10/2021;1 300;1 293;1 300;1 293;765;991 950;5.98%
08/10/2021;1 290;1 207;1 290;1 207;1 086;1 355 690;-0.77%
11/10/2021;1 287;1 290;1 290;1 287;198;255 090;-0.26%
12/10/2021;1 247;1 287;1 287;1 247;1 483;1 878 467;-3.11%
13/10/2021;1 247;1 263;1 263;1 247;337;422 935;0.00%
14/10/2021;1 200;1 267;1 267;1 200;6 288;7 755 200;-3.74%
15/10/2021;1 110;1 143;1 143;1 110;4 575;5 154 500;-7.50%
18/10/2021;1 110;1 143;1 143;1 110;4 575;5 154 500;0.00%
19/10/2021;1 030;1 030;1 030;1 030;6 501;6 696 030;-7.21%
20/10/2021;953;1 000;1 000;953;2 193;2 141 830;-7.44%
21/10/2021;1 000;960;1 000;960;8 401;8 232 980;4.90%
22/10/2021;1 067;1 000;1 067;1 000;2 986;3 085 533;6.67%
25/10/2021;1 100;1 067;1 100;1 067;859;930 583;3.12%
26/10/2021;1 120;1 067;1 120;1 067;2 080;2 274 133;1.82%
27/10/2021;1 200;1 123;1 200;1 123;4 507;5 235 632;7.14%
28/10/2021;1 183;1 200;1 200;1 183;976;1 163 067;-1.39%
29/10/2021;1 197;1 133;1 197;1 133;981;1 142 865;1.13%
01/11/2021;1 197;1 133;1 197;1 133;981;1 142 865;0.00%
02/11/2021;1 160;1 197;1 197;1 160;532;626 873;-3.06%
03/11/2021;1 180;1 160;1 180;1 160;534;624 780;1.72%
04/11/2021;1 177;1 173;1 177;1 173;1 206;1 417 050;-0.28%
05/11/2021;1 133;1 133;1 133;1 133;6 849;7 762 200;-3.68%
08/11/2021;1 133;1 067;1 133;1 067;955;1 050 500;0.00%
09/11/2021;1 127;1 130;1 130;1 127;292;329 473;-0.59%
10/11/2021;1 127;1 067;1 127;1 067;3 259;3 574 037;0.00%
11/11/2021;1 133;1 130;1 133;1 130;2 223;2 515 695;0.59%
12/11/2021;1 147;1 160;1 160;1 147;57;65 740;1.18%
15/11/2021;1 147;1 160;1 160;1 147;57;65 740;0.00%
16/11/2021;1 127;1 147;1 147;1 127;4 257;4 838 790;-1.74%
17/11/2021;1 100;1 127;1 127;1 100;1 411;1 570 913;-2.37%
18/11/2021;1 100;1 100;1 100;1 100;538;591 800;0.00%
19/11/2021;1 100;1 100;1 100;1 100;223;245 300;0.00%
22/11/2021;1 097;1 100;1 100;1 097;1 036;1 137 873;-0.30%
23/11/2021;1 060;1 117;1 117;1 060;3 159;3 438 045;-3.34%
24/11/2021;1 067;1 060;1 067;1 060;1 272;1 352 560;0.63%
25/11/2021;1 063;1 067;1 067;1 063;294;313 110;-0.31%
26/11/2021;1 060;1 060;1 060;1 060;552;585 120;-0.31%
29/11/2021;1 040;1 063;1 063;1 040;3 780;3 975 300;-1.89%
30/11/2021;1 033;1 040;1 040;1 033;543;562 910;-0.64%
01/12/2021;1 010;1 033;1 033;1 010;1 545;1 578 475;-2.26%
02/12/2021;1 010;1 023;1 023;1 010;7 180;7 299 667;0.00%
03/12/2021;1 057;1 033;1 057;1 033;495;517 275;4.62%
06/12/2021;1 040;1 033;1 040;1 033;1 551;1 607 870;-1.58%
07/12/2021;1 067;1 060;1 067;1 060;2 896;3 079 413;2.56%
08/12/2021;1 053;1 060;1 060;1 053;577;609 697;-1.25%
09/12/2021;1 053;1 060;1 060;1 053;3 922;4 144 247;0.00%
10/12/2021;1 053;1 053;1 053;1 053;115;121 133;0.00%
13/12/2021;1 033;1 053;1 053;1 033;91;94 943;-1.90%
14/12/2021;1 033;1 053;1 053;1 033;766;799 193;0.00%
15/12/2021;1 033;1 033;1 033;1 033;5 161;5 333 033;0.00%
16/12/2021;1 013;1 033;1 033;1 013;232;237 413;-1.94%
17/12/2021;993;1 003;1 003;993;2 635;2 630 608;-1.97%
20/12/2021;997;993;997;993;645;641 775;0.34%
21/12/2021;987;993;993;987;1 149;1 137 510;-1.00%
22/12/2021;993;987;993;987;363;359 370;0.68%
23/12/2021;987;997;997;987;2 950;2 925 417;-0.67%
24/12/2021;1 000;987;1 000;987;510;506 600;1.35%
27/12/2021;1 000;1 000;1 000;1 000;604;604 000;0.00%
29/12/2021;1 000;1 000;1 000;1 000;367;367 000;0.00%
30/12/2021;990;1 000;1 000;990;2 424;2 411 880;-1.00%
31/12/2021;990;1 000;1 000;990;3 940;3 920 300;0.00%
03/01/2022;990;987;990;987;3 124;3 087 553;0.00%
04/01/2022;993;990;993;990;3 361;3 332 992;0.34%
05/01/2022;1 027;997;1 027;997;172;174 007;3.36%
06/01/2022;1 033;1 027;1 033;1 027;1 420;1 462 600;0.65%
07/01/2022;1 027;1 027;1 027;1 027;12;12 320;-0.65%
10/01/2022;950;967;967;950;4 726;4 529 083;-7.47%
11/01/2022;880;933;933;880;7 443;6 748 320;-7.37%
12/01/2022;860;867;867;860;7 116;6 143 480;-2.27%
13/01/2022;853;860;860;853;3 036;2 600 840;-0.78%
14/01/2022;883;857;883;857;5 349;4 653 630;3.52%
17/01/2022;880;883;883;880;4 693;4 137 662;-0.38%
18/01/2022;880;880;880;880;4 752;4 181 760;0.00%
19/01/2022;933;880;933;880;12 750;11 560 000;6.06%
20/01/2022;1 000;933;1 000;933;8 697;8 407 100;7.14%
21/01/2022;933;937;937;933;4 576;4 278 560;-6.67%
24/01/2022;933;933;933;933;765;714 000;0.00%
25/01/2022;933;913;933;913;8 740;8 069 933;0.00%
26/01/2022;967;947;967;947;460;440 067;3.57%
27/01/2022;940;967;967;940;5 661;5 396 820;-2.76%
28/01/2022;950;940;950;940;4 581;4 329 045;1.06%
31/01/2022;940;940;940;940;867;814 980;-1.05%
01/02/2022;933;937;937;933;3 540;3 309 900;-0.71%
02/02/2022;930;933;933;930;5 914;5 509 877;-0.36%
03/02/2022;937;900;937;900;1 960;1 799 933;0.72%
04/02/2022;937;933;937;933;714;667 590;0.00%
07/02/2022;933;933;933;933;1 450;1 353 333;-0.36%
08/02/2022;930;933;933;930;3 369;3 138 785;-0.36%
09/02/2022;920;930;930;920;1 189;1 099 825;-1.08%
10/02/2022;910;920;920;910;154;140 910;-1.09%
11/02/2022;907;907;907;907;979;887 627;-0.37%
14/02/2022;900;900;900;900;7 954;7 158 600;-0.74%
15/02/2022;900;900;900;900;16 480;14 832 000;0.00%
16/02/2022;870;870;870;870;1 975;1 718 250;-3.33%
17/02/2022;927;873;927;873;11 197;10 077 300;6.51%
18/02/2022;967;927;967;927;2 638;2 497 307;4.32%
21/02/2022;953;997;997;953;1 890;1 842 750;-1.38%
22/02/2022;967;933;967;933;2 485;2 360 750;1.40%
23/02/2022;933;933;933;933;513;478 800;-3.45%
24/02/2022;933;957;957;933;2 079;1 964 655;0.00%
25/02/2022;927;960;960;927;954;899 940;-0.71%
28/02/2022;890;927;927;890;1 779;1 615 925;-3.96%
01/03/2022;900;923;923;900;384;350 080;1.12%
02/03/2022;867;900;900;867;5 194;4 588 033;-3.70%
03/03/2022;867;860;867;860;6 921;5 975 130;0.00%
04/03/2022;883;887;887;883;6 913;6 118 005;1.92%
07/03/2022;923;883;923;883;886;800 353;4.53%
08/03/2022;913;920;920;913;234;214 500;-1.08%
09/03/2022;910;913;913;910;4 072;3 712 307;-0.36%
10/03/2022;900;907;907;900;10 077;9 102 890;-1.10%
11/03/2022;900;900;900;900;3 852;3 466 800;0.00%
14/03/2022;867;897;897;867;3 163;2 788 712;-3.70%
15/03/2022;897;860;897;860;15 376;13 505 253;3.46%
16/03/2022;867;890;890;867;11 424;10 034 080;-3.35%
17/03/2022;867;867;867;867;1 701;1 474 200;0.00%
18/03/2022;867;867;867;867;1 312;1 137 067;0.00%
21/03/2022;867;867;867;867;1 864;1 615 467;0.00%
22/03/2022;887;867;887;867;303;265 630;2.31%
23/03/2022;867;887;887;867;7 588;6 652 147;-2.26%
24/03/2022;900;867;900;867;2 673;2 361 150;3.85%
25/03/2022;933;927;933;927;15 618;14 524 740;3.70%
28/03/2022;947;933;947;933;9 267;8 710 980;1.43%
29/03/2022;947;943;947;943;1 255;1 185 975;0.00%
30/03/2022;933;967;967;933;2 103;1 997 850;-1.41%
31/03/2022;933;940;940;933;6 982;6 539 807;0.00%
01/04/2022;933;933;933;933;5 677;5 298 533;0.00%
04/04/2022;943;960;960;943;2 611;2 484 802;1.07%
05/04/2022;943;937;943;937;75;70 500;0.00%
06/04/2022;950;950;950;950;810;769 500;0.71%
07/04/2022;943;950;950;943;478;452 507;-0.70%
08/04/2022;933;943;943;933;75;70 375;-1.06%
11/04/2022;900;933;933;900;1 054;966 167;-3.57%
12/04/2022;900;900;900;900;3 021;2 718 900;0.00%
13/04/2022;900;900;900;900;597;537 300;0.00%
14/04/2022;900;900;900;900;7 809;7 028 100;0.00%
15/04/2022;933;930;933;930;3 349;3 120 152;3.70%
19/04/2022;900;920;920;900;3 826;3 481 660;-3.57%
20/04/2022;913;900;913;900;285;258 400;1.48%
21/04/2022;913;910;913;910;72;65 640;0.00%
22/04/2022;907;913;913;907;307;279 370;-0.73%
25/04/2022;900;900;900;900;1 380;1 242 000;-0.74%
26/04/2022;893;900;900;893;9 187;8 237 677;-0.74%
27/04/2022;893;900;900;893;270;242 100;0.00%
28/04/2022;893;900;900;893;270;242 100;0.00%
29/04/2022;867;893;893;867;517;454 960;-2.99%
02/05/2022;867;893;893;867;517;454 960;0.00%
03/05/2022;807;803;807;803;981;789 705;-6.92%
04/05/2022;833;807;833;807;5 311;4 355 020;3.31%
05/05/2022;833;890;890;833;1 335;1 150 325;0.00%
06/05/2022;867;840;867;840;181;154 453;4.00%
09/05/2022;867;867;867;867;2 572;2 229 067;0.00%
10/05/2022;850;900;900;850;1 878;1 643 250;-1.92%
11/05/2022;897;867;897;867;204;179 860;5.49%
12/05/2022;897;867;897;867;204;179 860;0.00%
13/05/2022;900;900;900;900;823;740 700;0.37%
16/05/2022;860;890;890;860;570;498 750;-4.44%
17/05/2022;867;867;867;867;930;806 000;0.78%
18/05/2022;893;867;893;867;1 498;1 318 240;3.08%
19/05/2022;833;900;900;833;3 087;2 675 400;-6.72%
20/05/2022;867;890;890;867;322;282 823;4.00%
23/05/2022;833;833;833;833;5 533;4 610 833;-3.85%
24/05/2022;833;820;833;820;2 137;1 766 587;0.00%
25/05/2022;893;893;893;893;301;268 893;7.20%
26/05/2022;893;893;893;893;301;268 893;0.00%
27/05/2022;890;867;890;867;1 722;1 512 490;-0.37%
30/05/2022;867;893;893;867;2 613;2 299 440;-2.62%
31/05/2022;893;840;893;840;523;453 267;3.08%
01/06/2022;847;843;847;843;475;401 375;-5.22%
02/06/2022;887;887;887;887;247;219 007;4.72%
03/06/2022;897;887;897;887;3 900;3 477 500;1.13%
06/06/2022;897;887;897;887;3 900;3 477 500;0.00%
07/06/2022;900;867;900;867;6 669;5 890 950;0.37%
08/06/2022;897;897;897;897;505;452 817;-0.37%
09/06/2022;887;893;893;887;562;500 180;-1.12%
10/06/2022;893;883;893;883;409;363 328;0.75%
13/06/2022;883;867;883;867;4 095;3 583 125;-1.12%
14/06/2022;897;883;897;883;3 988;3 549 320;1.51%
15/06/2022;897;897;897;897;3 012;2 700 760;0.00%
16/06/2022;873;893;893;873;3 295;2 910 583;-2.60%
17/06/2022;873;870;873;870;4 012;3 497 127;0.00%
20/06/2022;913;913;913;913;1 746;1 594 680;4.58%
21/06/2022;877;877;877;877;381;334 010;-4.01%
22/06/2022;933;877;933;877;1 542;1 395 510;6.46%
23/06/2022;933;933;933;933;469;437 733;0.00%
24/06/2022;877;933;933;877;1 710;1 547 550;-6.07%
27/06/2022;933;933;933;933;1 963;1 832 133;6.46%
28/06/2022;933;933;933;933;978;912 800;0.00%
29/06/2022;900;933;933;900;2 767;2 536 417;-3.57%
30/06/2022;900;900;900;900;2 083;1 874 700;0.00%
01/07/2022;933;933;933;933;610;569 333;3.70%
04/07/2022;1 003;947;1 003;947;1 038;1 012 050;7.50%
05/07/2022;1 077;1 060;1 077;1 060;5 652;6 038 220;7.31%
06/07/2022;1 157;1 133;1 157;1 133;10 831;12 401 495;7.43%
07/07/2022;1 200;1 193;1 200;1 193;4 060;4 858 467;3.75%
08/07/2022;1 267;1 290;1 290;1 267;5 397;6 899 165;5.56%
11/07/2022;1 263;1 267;1 267;1 263;888;1 123 320;-0.26%
12/07/2022;1 233;1 267;1 267;1 233;2 752;3 440 000;-2.37%
13/07/2022;1 227;1 263;1 263;1 227;4 525;5 633 625;-0.54%
14/07/2022;1 223;1 223;1 223;1 223;25 603;31 321 003;-0.27%
15/07/2022;1 190;1 210;1 210;1 190;1 171;1 405 200;-2.72%
18/07/2022;1 133;1 133;1 133;1 133;2 085;2 363 000;-4.76%
19/07/2022;1 080;1 100;1 100;1 080;1 002;1 092 180;-4.71%
20/07/2022;1 053;1 077;1 077;1 053;657;699 705;-2.47%
21/07/2022;1 060;1 080;1 080;1 060;264;282 480;0.63%
22/07/2022;983;1 060;1 060;983;865;883 742;-7.23%
25/07/2022;1 050;983;1 050;983;675;686 250;6.78%
26/07/2022;1 050;1 050;1 050;1 050;2 037;2 138 850;0.00%
27/07/2022;1 067;1 053;1 067;1 053;1 734;1 838 040;1.59%
28/07/2022;1 070;1 070;1 070;1 070;1 135;1 214 450;0.31%
29/07/2022;1 100;1 073;1 100;1 073;1 788;1 942 960;2.80%
01/08/2022;1 067;1 093;1 093;1 067;259;279 720;-3.03%
02/08/2022;1 050;1 053;1 053;1 050;532;559 487;-1.56%
03/08/2022;1 050;1 050;1 050;1 050;1 705;1 790 250;0.00%
04/08/2022;1 050;1 050;1 050;1 050;1 932;2 028 600;0.00%
05/08/2022;1 040;1 050;1 050;1 040;663;692 835;-0.95%
08/08/2022;1 040;1 050;1 050;1 040;663;692 835;0.00%
09/08/2022;987;1 040;1 040;987;1 321;1 338 613;-5.13%
10/08/2022;1 040;1 040;1 040;1 040;610;634 400;5.41%
11/08/2022;987;1 040;1 040;987;2 113;2 141 173;-5.13%
12/08/2022;987;990;990;987;2 086;2 061 663;0.00%
15/08/2022;987;990;990;987;2 086;2 061 663;0.00%
16/08/2022;1 037;987;1 037;987;2 385;2 412 825;5.07%
17/08/2022;1 037;1 033;1 037;1 033;1 492;1 544 220;0.00%
18/08/2022;960;960;960;960;2 479;2 379 840;-7.40%
19/08/2022;967;967;967;967;76;73 467;0.69%
22/08/2022;967;937;967;937;642;610 970;0.00%
23/08/2022;1 000;967;1 000;967;2 823;2 775 950;3.45%
24/08/2022;927;1 033;1 033;927;1 041;1 020 180;-7.33%
25/08/2022;950;927;950;927;2 059;1 932 028;2.52%
26/08/2022;987;987;987;987;754;743 947;3.86%
29/08/2022;1 017;1 000;1 017;1 000;1 600;1 613 333;3.04%
30/08/2022;1 017;1 017;1 017;1 017;195;198 250;0.00%
31/08/2022;1 000;1 000;1 000;1 000;1 462;1 462 000;-1.64%
01/09/2022;1 000;1 000;1 000;1 000;6 375;6 375 000;0.00%
02/09/2022;1 033;1 003;1 033;1 003;1 780;1 812 633;3.33%
05/09/2022;1 033;1 050;1 050;1 033;1 024;1 066 667;0.00%
06/09/2022;1 000;1 000;1 000;1 000;2 680;2 680 000;-3.23%
07/09/2022;1 033;1 000;1 033;1 000;1 621;1 648 017;3.33%
08/09/2022;1 013;1 033;1 033;1 013;100;102 333;-1.94%
09/09/2022;1 010;1 003;1 010;1 003;88;88 587;-0.33%
12/09/2022;1 020;1 007;1 020;1 007;1 360;1 378 133;0.99%
13/09/2022;1 043;1 020;1 043;1 020;885;913 025;2.29%
14/09/2022;1 013;1 013;1 013;1 013;492;498 560;-2.88%
15/09/2022;1 013;1 013;1 013;1 013;285;288 800;0.00%
16/09/2022;1 033;1 037;1 037;1 033;664;687 240;1.97%
19/09/2022;1 067;1 067;1 067;1 067;223;237 867;3.23%
20/09/2022;1 077;1 067;1 077;1 067;1 017;1 089 885;0.94%
21/09/2022;1 077;1 067;1 077;1 067;97;103 952;0.00%
22/09/2022;1 017;1 020;1 020;1 017;1 857;1 891 045;-5.57%
23/09/2022;1 017;1 063;1 063;1 017;528;549 120;0.00%
26/09/2022;1 017;1 017;1 017;1 017;160;162 667;0.00%
27/09/2022;1 017;1 017;1 017;1 017;703;714 717;0.00%
28/09/2022;1 000;1 023;1 023;1 000;1 030;1 042 017;-1.64%
29/09/2022;1 000;1 000;1 000;1 000;312;312 000;0.00%
30/09/2022;1 033;1 023;1 033;1 023;103;105 918;3.33%
03/10/2022;1 067;1 033;1 067;1 033;1 572;1 650 600;3.23%
04/10/2022;1 063;1 063;1 063;1 063;1 636;1 739 613;-0.31%
05/10/2022;1 057;1 033;1 057;1 033;117;122 265;-0.63%
06/10/2022;980;1 063;1 063;980;40;40 867;-7.26%
07/10/2022;987;987;987;987;280;276 267;0.68%
10/10/2022;987;987;987;987;391;385 787;0.00%
11/10/2022;987;927;987;927;229;219 077;0.00%
12/10/2022;987;967;987;967;249;243 190;0.00%
13/10/2022;983;987;987;983;172;169 420;-0.34%
14/10/2022;983;983;983;983;517;508 383;0.00%
17/10/2022;980;1 000;1 000;980;184;182 160;-0.34%
18/10/2022;1 000;1 000;1 000;1 000;4 200;4 200 000;2.04%
19/10/2022;1 000;1 023;1 023;1 000;528;534 160;0.00%
20/10/2022;967;967;967;967;942;910 600;-3.33%
21/10/2022;1 023;967;1 023;967;481;478 595;5.86%
24/10/2022;1 020;1 023;1 023;1 020;82;83 777;-0.33%
25/10/2022;947;947;947;947;1 822;1 724 827;-7.19%
26/10/2022;933;947;947;933;601;564 940;-1.41%
27/10/2022;947;940;947;940;1 720;1 622 533;1.43%
28/10/2022;1 003;947;1 003;947;954;930 150;5.99%
31/10/2022;1 003;947;1 003;947;954;930 150;0.00%
01/11/2022;937;993;993;937;4 761;4 594 365;-6.64%
02/11/2022;987;1 000;1 000;987;862;856 253;5.34%
03/11/2022;1 023;1 000;1 023;1 000;642;649 490;3.72%
04/11/2022;993;1 000;1 000;993;630;627 900;-2.93%
07/11/2022;980;947;980;947;783;754 290;-1.34%
08/11/2022;993;980;993;980;826;814 987;1.36%
09/11/2022;990;940;990;940;109;105 185;-0.34%
10/11/2022;993;987;993;987;10 312;10 208 880;0.34%
11/11/2022;977;980;980;977;1 140;1 115 300;-1.68%
14/11/2022;1 000;1 000;1 000;1 000;193;193 000;2.39%
15/11/2022;1 000;1 000;1 000;1 000;193;193 000;0.00%
16/11/2022;1 003;1 000;1 003;1 000;267;267 445;0.33%
17/11/2022;1 000;1 003;1 003;1 000;331;331 552;-0.33%
18/11/2022;1 000;1 000;1 000;1 000;120;120 000;0.00%
21/11/2022;987;1 000;1 000;987;682;677 453;-1.33%
22/11/2022;980;980;980;980;304;297 920;-0.68%
23/11/2022;967;967;967;967;217;209 767;-1.36%
24/11/2022;940;940;940;940;1 108;1 041 520;-2.76%
25/11/2022;933;940;940;933;4 381;4 103 537;-0.71%
28/11/2022;930;933;933;930;124;115 527;-0.36%
29/11/2022;903;917;917;903;229;208 390;-2.87%
30/11/2022;903;917;917;903;229;208 390;0.00%
01/12/2022;903;917;917;903;229;208 390;0.00%
02/12/2022;903;903;903;903;292;263 773;0.00%
05/12/2022;903;907;907;903;1 434;1 297 770;0.00%
06/12/2022;903;903;903;903;408;368 560;0.00%
07/12/2022;933;903;933;903;76;69 793;3.32%
08/12/2022;900;900;900;900;307;276 300;-3.57%
09/12/2022;900;900;900;900;162;145 800;0.00%
12/12/2022;900;913;913;900;633;573 920;0.00%
13/12/2022;917;933;933;917;52;48 100;1.85%
14/12/2022;917;907;917;907;246;224 270;0.00%
15/12/2022;917;933;933;917;1 123;1 038 775;0.00%
16/12/2022;917;933;933;917;1 123;1 038 775;0.00%
19/12/2022;900;917;917;900;1 317;1 196 275;-1.82%
20/12/2022;900;900;900;900;75;67 500;0.00%
21/12/2022;967;903;967;903;196;183 260;7.41%
22/12/2022;983;963;983;963;402;391 280;1.72%
23/12/2022;967;930;967;930;354;335 710;-1.69%
26/12/2022;967;930;967;930;354;335 710;0.00%
27/12/2022;950;963;963;950;885;846 650;-1.72%
28/12/2022;983;950;983;950;40;38 667;3.51%
29/12/2022;967;980;980;967;219;213 160;-1.69%
30/12/2022;933;963;963;933;84;79 660;-3.45%
02/01/2023;933;963;963;933;84;79 660;0.00%
03/01/2023;900;900;900;900;1 065;958 500;-3.57%
04/01/2023;873;900;900;873;1 060;939 867;-2.96%
05/01/2023;897;873;897;873;640;566 400;2.67%
06/01/2023;873;873;873;873;1 740;1 519 600;-2.60%
09/01/2023;883;900;900;883;1 272;1 134 200;1.15%
10/01/2023;900;883;900;883;1 195;1 065 542;1.89%
11/01/2023;913;933;933;913;330;304 700;1.48%
12/01/2023;907;913;913;907;856;778 960;-0.73%
13/01/2023;900;903;903;900;352;317 387;-0.74%
16/01/2023;873;903;903;873;1 297;1 152 168;-2.96%
17/01/2023;887;890;890;887;1 462;1 298 743;1.53%
18/01/2023;887;887;887;887;418;370 627;0.00%
19/01/2023;887;887;887;887;3 214;2 849 747;0.00%
20/01/2023;887;833;887;833;195;167 700;0.00%
23/01/2023;907;877;907;877;1 725;1 538 125;2.26%
24/01/2023;907;907;907;907;142;128 747;0.00%
25/01/2023;880;907;907;880;1 045;933 533;-2.94%
26/01/2023;883;887;887;883;220;194 700;0.38%
27/01/2023;887;887;887;887;175;155 167;0.38%
30/01/2023;880;877;880;877;496;435 653;-0.75%
31/01/2023;877;887;887;877;997;879 022;-0.38%
01/02/2023;867;877;877;867;2 134;1 860 137;-1.14%
02/02/2023;877;863;877;863;648;563 760;1.15%
03/02/2023;887;867;887;867;292;255 987;1.14%
06/02/2023;867;833;867;833;1 009;857 650;-2.26%
07/02/2023;837;867;867;837;295;251 242;-3.46%
08/02/2023;887;850;887;850;655;568 758;5.98%
09/02/2023;870;887;887;870;406;356 603;-1.88%
10/02/2023;867;870;870;867;753;653 855;-0.38%
13/02/2023;853;867;867;853;3 345;2 876 700;-1.54%
14/02/2023;887;853;887;853;673;585 510;3.91%
15/02/2023;897;867;897;867;8 254;7 277 277;1.13%
16/02/2023;870;867;870;867;175;151 958;-2.97%
17/02/2023;897;870;897;870;1 641;1 449 550;3.07%
20/02/2023;840;840;840;840;1 773;1 489 320;-6.32%
21/02/2023;900;843;900;843;360;313 800;7.14%
22/02/2023;900;900;900;900;562;505 800;0.00%
23/02/2023;857;853;857;853;691;590 805;-4.81%
24/02/2023;887;853;887;853;2 760;2 401 200;3.50%
27/02/2023;853;887;887;853;352;306 240;-3.76%
28/02/2023;887;860;887;860;690;602 600;3.91%
01/03/2023;860;887;887;860;865;755 433;-3.01%
02/03/2023;900;823;900;823;1 639;1 412 272;4.65%
03/03/2023;860;900;900;860;744;654 720;-4.44%
06/03/2023;867;860;867;860;825;712 250;0.78%
07/03/2023;870;870;870;870;7;6 090;0.38%
08/03/2023;887;900;900;887;166;148 293;1.92%
09/03/2023;887;900;900;887;166;148 293;0.00%
10/03/2023;887;887;887;887;394;349 347;0.00%
13/03/2023;887;867;887;867;3 244;2 843 907;0.00%
14/03/2023;893;827;893;827;756;650 160;0.75%
15/03/2023;933;890;933;890;2 482;2 262 757;4.48%
16/03/2023;863;867;867;863;3 796;3 283 540;-7.50%
17/03/2023;800;830;830;800;3 439;2 802 785;-7.34%
20/03/2023;803;800;803;800;6 367;5 104 212;0.42%
21/03/2023;837;800;837;800;9 121;7 464 018;4.15%
22/03/2023;810;847;847;810;790;654 383;-3.19%
23/03/2023;867;813;867;813;15 543;13 056 120;7.00%
24/03/2023;863;890;890;863;484;424 307;-0.38%
27/03/2023;863;807;863;807;25;20 875;0.00%
28/03/2023;820;833;833;820;522;431 520;-5.02%
29/03/2023;830;833;833;830;75;62 375;1.22%
30/03/2023;827;810;827;810;375;306 875;-0.40%
31/03/2023;813;827;827;813;904;741 280;-1.61%
03/04/2023;820;820;820;820;1 203;986 460;0.82%
04/04/2023;800;820;820;800;1 692;1 370 520;-2.44%
05/04/2023;803;807;807;803;370;297 850;0.42%
06/04/2023;820;827;827;820;180;148 200;2.07%
07/04/2023;803;803;803;803;564;453 080;-2.03%
10/04/2023;803;803;803;803;564;453 080;0.00%
11/04/2023;807;810;810;807;1 393;1 126 008;0.41%
12/04/2023;803;807;807;803;1 237;995 785;-0.41%
13/04/2023;807;803;807;803;420;338 100;0.41%
14/04/2023;807;810;810;807;1 512;1 222 200;0.00%
17/04/2023;830;807;830;807;316;258 593;2.89%
18/04/2023;830;807;830;807;316;258 593;0.00%
19/04/2023;820;830;830;820;1 236;1 019 700;-1.20%
20/04/2023;833;833;833;833;3 205;2 670 833;1.63%
21/04/2023;833;833;833;833;3 205;2 670 833;0.00%
24/04/2023;810;833;833;810;1 224;1 005 720;-2.80%
25/04/2023;800;810;810;800;9 271;7 463 155;-1.23%
26/04/2023;800;800;800;800;1 420;1 136 000;0.00%
27/04/2023;857;810;857;810;1 236;1 030 000;7.08%
28/04/2023;860;817;860;817;88;73 773;0.39%
01/05/2023;860;817;860;817;88;73 773;0.00%
02/05/2023;857;803;857;803;219;181 770;-0.39%
03/05/2023;857;803;857;803;219;181 770;0.00%
04/05/2023;833;820;833;820;343;283 547;-2.72%
05/05/2023;830;820;830;820;42;34 650;-0.40%
08/05/2023;890;863;890;863;768;673 280;7.23%
09/05/2023;887;887;887;887;4;3 547;-0.37%
10/05/2023;883;887;887;883;583;515 955;-0.38%
11/05/2023;883;837;883;837;121;104 060;0.00%
12/05/2023;867;840;867;840;1 234;1 053 013;-1.89%
15/05/2023;867;867;867;867;871;754 867;0.00%
16/05/2023;867;863;867;863;1 120;968 800;0.00%
17/05/2023;883;863;883;863;886;773 773;1.92%
18/05/2023;883;863;883;863;886;773 773;0.00%
19/05/2023;883;887;887;883;8 926;7 899 510;0.00%
22/05/2023;910;883;910;883;1 269;1 137 870;3.02%
23/05/2023;913;910;913;910;394;359 197;0.37%
24/05/2023;950;933;950;933;211;198 692;4.01%
25/05/2023;917;950;950;917;6 201;5 787 600;-3.51%
26/05/2023;893;917;917;893;363;328 515;-2.55%
29/05/2023;893;917;917;893;363;328 515;0.00%
30/05/2023;867;893;893;867;3 789;3 334 320;-2.99%
31/05/2023;867;867;867;867;153;132 600;0.00%
01/06/2023;847;867;867;847;1 168;1 000 587;-2.31%
02/06/2023;867;847;867;847;939;804 410;2.36%
05/06/2023;867;867;867;867;327;283 400;0.00%
06/06/2023;867;867;867;867;2 662;2 307 067;0.00%
07/06/2023;867;867;867;867;552;478 400;0.00%
08/06/2023;870;833;870;833;5 571;4 744 635;0.38%
09/06/2023;907;900;907;900;505;456 183;4.21%
12/06/2023;910;907;910;907;535;485 958;0.37%
13/06/2023;903;867;903;867;3 889;3 441 765;-0.73%
14/06/2023;840;903;903;840;373;325 132;-7.01%
15/06/2023;840;867;867;840;3 807;3 248 640;0.00%
16/06/2023;867;840;867;840;2 146;1 831 253;3.17%
19/06/2023;867;867;867;867;2 338;2 026 267;0.00%
20/06/2023;903;867;903;867;2 373;2 100 105;4.23%
21/06/2023;873;900;900;873;1 686;1 494 920;-3.32%
22/06/2023;903;903;903;903;1 045;943 983;3.44%
23/06/2023;903;900;903;900;418;376 897;0.00%
26/06/2023;933;923;933;923;1 930;1 791 683;3.32%
27/06/2023;933;923;933;923;1 930;1 791 683;0.00%
29/06/2023;927;927;927;927;493;456 847;-0.71%
30/06/2023;880;900;900;880;1 684;1 498 760;-5.04%
03/07/2023;900;933;933;900;4 885;4 477 917;2.27%
04/07/2023;933;933;933;933;454;423 733;3.70%
05/07/2023;897;933;933;897;2 134;1 952 610;-3.93%
06/07/2023;933;933;933;933;400;373 333;4.09%
07/07/2023;900;933;933;900;1 714;1 571 167;-3.57%
10/07/2023;893;893;893;893;2 482;2 217 253;-0.74%
11/07/2023;933;893;933;893;1 534;1 401 053;4.48%
12/07/2023;930;933;933;930;651;606 515;-0.36%
13/07/2023;930;930;930;930;465;432 450;0.00%
14/07/2023;927;907;927;907;1 900;1 741 667;-0.36%
17/07/2023;917;920;920;917;58;53 263;-1.08%
18/07/2023;867;917;917;867;7 561;6 741 892;-5.45%
19/07/2023;870;927;927;870;1 026;921 690;0.38%
20/07/2023;923;867;923;867;507;453 765;6.13%
21/07/2023;877;907;907;877;11 308;10 082 967;-5.05%
24/07/2023;900;880;900;880;10;8 900;2.66%
25/07/2023;900;900;900;900;387;348 300;0.00%
26/07/2023;923;880;923;880;1 153;1 039 622;2.59%
27/07/2023;923;923;923;923;1 774;1 637 993;0.00%
28/07/2023;883;883;883;883;658;581 233;-4.33%
31/07/2023;923;900;923;900;1 003;914 402;4.53%
01/08/2023;950;923;950;923;8 164;7 646 947;2.89%
02/08/2023;947;933;947;933;502;471 880;-0.35%
03/08/2023;967;947;967;947;1 420;1 358 467;2.11%
04/08/2023;1 000;967;1 000;967;1 884;1 852 600;3.45%
07/08/2023;1 000;967;1 000;967;1 884;1 852 600;0.00%
08/08/2023;1 000;1 000;1 000;1 000;1 258;1 258 000;0.00%
09/08/2023;1 020;1 000;1 020;1 000;1 732;1 749 320;2.00%
10/08/2023;1 020;1 023;1 023;1 020;4 767;4 870 285;0.00%
11/08/2023;1 000;1 000;1 000;1 000;1 378;1 378 000;-1.96%
14/08/2023;1 000;1 000;1 000;1 000;486;486 000;0.00%
15/08/2023;1 000;1 000;1 000;1 000;486;486 000;0.00%
16/08/2023;1 000;970;1 000;970;48;47 280;0.00%
17/08/2023;933;967;967;933;5 541;5 263 950;-6.67%
18/08/2023;967;933;967;933;4 068;3 864 600;3.57%
21/08/2023;967;903;967;903;2 425;2 267 375;0.00%
22/08/2023;967;933;967;933;699;664 050;0.00%
23/08/2023;967;967;967;967;426;411 800;0.00%
24/08/2023;903;967;967;903;5 880;5 497 800;-6.55%
25/08/2023;913;903;913;903;2 632;2 390 733;1.11%
28/08/2023;933;920;933;920;334;309 507;2.19%
29/08/2023;917;933;933;917;1 801;1 665 925;-1.79%
30/08/2023;913;903;913;903;5 023;4 562 558;-0.36%
31/08/2023;913;900;913;900;4 935;4 474 400;0.00%
01/09/2023;880;913;913;880;843;755 890;-3.65%
04/09/2023;920;880;920;880;1 369;1 232 100;4.55%
05/09/2023;967;920;967;920;1 252;1 181 053;5.07%
06/09/2023;947;920;947;920;745;695 333;-2.07%
07/09/2023;933;920;933;920;1 290;1 195 400;-1.41%
08/09/2023;903;933;933;903;327;300 295;-3.21%
11/09/2023;963;943;963;943;1 168;1 113 493;6.64%
12/09/2023;960;963;963;960;375;360 625;-0.35%
13/09/2023;963;963;963;963;525;505 750;0.35%
14/09/2023;923;963;963;923;708;667 880;-4.15%
15/09/2023;967;923;967;923;1 366;1 290 870;4.69%
18/09/2023;943;940;943;940;850;800 417;-2.41%
19/09/2023;940;967;967;940;2 032;1 937 173;-0.35%
20/09/2023;967;943;967;943;3 472;3 315 760;2.84%
21/09/2023;967;967;967;967;168;162 400;0.00%
22/09/2023;967;967;967;967;384;371 200;0.00%
25/09/2023;967;967;967;967;2 262;2 186 600;0.00%
26/09/2023;943;993;993;943;210;203 350;-2.41%
27/09/2023;943;993;993;943;210;203 350;0.00%
28/09/2023;967;943;967;943;138;131 790;2.47%
29/09/2023;967;967;967;967;433;418 567;0.00%
02/10/2023;943;967;967;943;1 243;1 187 065;-2.41%
03/10/2023;940;940;940;940;9 838;9 247 720;-0.35%
04/10/2023;967;1 000;1 000;967;1 173;1 153 450;2.84%
05/10/2023;960;973;973;960;1 816;1 755 467;-0.69%
06/10/2023;967;963;967;963;45;43 425;0.69%
09/10/2023;1 000;967;1 000;967;382;375 633;3.45%
10/10/2023;967;997;997;967;363;356 345;-3.33%
11/10/2023;960;990;990;960;2 718;2 650 050;-0.69%
12/10/2023;940;1 000;1 000;940;2 859;2 773 230;-2.08%
13/10/2023;940;950;950;940;475;448 875;0.00%
16/10/2023;997;943;997;943;1 194;1 158 180;6.03%
17/10/2023;960;1 000;1 000;960;2 616;2 563 680;-3.68%
18/10/2023;950;1 000;1 000;950;3 228;3 147 300;-1.04%
19/10/2023;960;960;960;960;708;679 680;1.05%
20/10/2023;967;960;967;960;345;332 350;0.69%
23/10/2023;997;970;997;970;2 467;2 425 883;3.10%
24/10/2023;983;993;993;983;600;593 000;-1.34%
25/10/2023;983;987;987;983;442;435 370;0.00%
26/10/2023;1 000;983;1 000;983;3 208;3 181 267;1.69%
27/10/2023;1 000;997;1 000;997;771;769 715;0.00%
30/10/2023;993;1 000;1 000;993;331;329 897;-0.67%
31/10/2023;990;990;990;990;622;615 780;-0.34%
01/11/2023;990;990;990;990;622;615 780;0.00%
02/11/2023;987;993;993;987;261;258 390;-0.34%
03/11/2023;990;997;997;990;2 155;2 140 633;0.34%
06/11/2023;927;987;987;927;9 064;8 671 227;-6.40%
07/11/2023;920;927;927;920;1 131;1 044 290;-0.72%
08/11/2023;920;917;920;917;936;859 560;0.00%
09/11/2023;913;903;913;903;637;578 608;-0.72%
10/11/2023;920;917;920;917;286;262 643;0.73%
13/11/2023;930;920;930;920;2 128;1 968 400;1.09%
14/11/2023;907;920;920;907;1 950;1 781 000;-2.51%
15/11/2023;907;920;920;907;1 950;1 781 000;0.00%
16/11/2023;973;913;973;913;465;438 650;7.35%
17/11/2023;930;930;930;930;2 158;2 006 940;-4.45%
20/11/2023;933;933;933;933;63;58 800;0.36%
21/11/2023;933;990;990;933;469;451 022;0.00%
22/11/2023;993;933;993;933;2 371;2 284 063;6.43%
23/11/2023;977;990;990;977;138;135 700;-1.68%
24/11/2023;933;933;933;933;1 861;1 736 933;-4.44%
27/11/2023;993;937;993;937;345;332 925;6.43%
28/11/2023;983;993;993;983;342;338 010;-1.01%
29/11/2023;983;937;983;937;1 611;1 546 560;0.00%
30/11/2023;953;983;983;953;712;689 453;-3.05%
01/12/2023;933;983;983;933;4 555;4 365 208;-2.10%
04/12/2023;933;983;983;933;14 421;13 820 125;0.00%
05/12/2023;1 003;980;1 003;980;2 937;2 912 525;7.50%
06/12/2023;1 043;1 007;1 043;1 007;4 666;4 782 650;3.99%
07/12/2023;1 003;1 043;1 043;1 003;3 612;3 696 280;-3.83%
08/12/2023;1 017;1 003;1 017;1 003;3 855;3 893 550;1.33%
11/12/2023;1 017;1 017;1 017;1 017;1 911;1 942 850;0.00%
12/12/2023;1 000;1 000;1 000;1 000;604;604 000;-1.64%
13/12/2023;1 000;1 000;1 000;1 000;297;297 000;0.00%
14/12/2023;1 000;997;1 000;997;577;576 038;0.00%
15/12/2023;997;993;997;993;879;874 605;-0.33%
18/12/2023;997;993;997;993;436;433 820;0.00%
19/12/2023;987;993;993;987;2 703;2 675 970;-1.00%
20/12/2023;967;987;987;967;6 528;6 375 680;-2.03%
21/12/2023;967;967;967;967;298;288 067;0.00%
22/12/2023;1 003;967;1 003;967;694;683 590;3.79%
25/12/2023;1 003;967;1 003;967;694;683 590;0.00%
26/12/2023;967;1 000;1 000;967;2 022;1 988 300;-3.65%
27/12/2023;950;970;970;950;54;51 840;-1.72%
28/12/2023;987;993;993;987;1 980;1 960 200;3.86%
29/12/2023;983;987;987;983;3 660;3 605 100;-0.34%
01/01/2024;983;987;987;983;3 660;3 605 100;0.00%
02/01/2024;967;967;967;967;535;517 167;-1.69%
03/01/2024;967;967;967;967;531;513 300;0.00%
04/01/2024;967;967;967;967;985;952 167;0.00%
05/01/2024;980;967;980;967;250;243 333;1.38%
08/01/2024;980;980;980;980;867;849 660;0.00%
09/01/2024;967;980;980;967;829;806 893;-1.36%
10/01/2024;967;967;967;967;1 603;1 549 567;0.00%
11/01/2024;970;953;970;953;324;311 580;0.34%
12/01/2024;980;970;980;970;766;746 850;1.03%
15/01/2024;973;967;973;967;75;72 750;-0.68%
16/01/2024;980;973;980;973;219;213 890;0.68%
17/01/2024;980;980;980;980;430;421 400;0.00%
18/01/2024;967;967;967;967;69;66 700;-1.36%
19/01/2024;970;967;970;967;2 313;2 239 755;0.34%
22/01/2024;913;950;950;913;6 199;5 775 402;-5.84%
23/01/2024;917;970;970;917;619;583 923;0.36%
24/01/2024;907;933;933;907;1 738;1 598 960;-1.09%
25/01/2024;923;907;923;907;2 473;2 262 795;1.84%
26/01/2024;917;900;917;900;252;228 900;-0.72%
29/01/2024;917;927;927;917;2 610;2 405 550;0.00%
30/01/2024;910;867;910;867;7 522;6 682 043;-0.73%
31/01/2024;867;867;867;867;3 615;3 133 000;-4.76%
01/02/2024;867;867;867;867;783;678 600;0.00%
02/02/2024;867;867;867;867;801;694 200;0.00%
05/02/2024;867;863;867;863;1 318;1 140 070;0.00%
06/02/2024;867;867;867;867;2 323;2 013 267;0.00%
07/02/2024;893;870;893;870;135;119 025;3.08%
08/02/2024;893;897;897;893;1 305;1 167 975;0.00%
09/02/2024;897;893;897;893;219;196 005;0.37%
12/02/2024;897;893;897;893;219;196 005;0.00%
13/02/2024;893;897;897;893;1 275;1 141 125;-0.37%
14/02/2024;897;893;897;893;348;311 460;0.37%
15/02/2024;873;873;873;873;2 656;2 319 573;-2.60%
16/02/2024;900;883;900;883;255;227 375;3.05%
19/02/2024;867;883;883;867;1 875;1 640 625;-3.70%
20/02/2024;857;867;867;857;1 386;1 194 270;-1.15%
21/02/2024;867;857;867;857;1 786;1 538 937;1.17%
22/02/2024;867;860;867;860;9 267;8 000 510;0.00%
23/02/2024;867;863;867;863;1 501;1 298 365;0.00%
26/02/2024;867;867;867;867;8 856;7 675 200;0.00%
27/02/2024;867;867;867;867;1 149;995 800;0.00%
28/02/2024;910;873;910;873;853;760 592;5.00%
29/02/2024;917;910;917;910;685;625 633;0.73%
01/03/2024;933;917;933;917;582;538 350;1.82%
04/03/2024;930;933;933;930;2 158;2 010 537;-0.36%
05/03/2024;967;933;967;933;1 671;1 587 450;3.94%
06/03/2024;967;967;967;967;8 305;8 028 167;0.00%
07/03/2024;967;967;967;967;928;897 067;0.00%
08/03/2024;997;967;997;967;1 542;1 513 730;3.10%
11/03/2024;933;993;993;933;3 747;3 609 610;-6.35%
12/03/2024;987;967;987;967;8 010;7 823 100;5.71%
13/03/2024;967;987;987;967;1 117;1 090 937;-2.03%
14/03/2024;967;967;967;967;1 200;1 160 000;0.00%
15/03/2024;983;967;983;967;1 420;1 384 500;1.72%
18/03/2024;983;967;983;967;1 918;1 870 050;0.00%
19/03/2024;973;967;973;967;4 180;4 054 600;-1.02%
20/03/2024;977;973;977;973;756;737 100;0.34%
21/03/2024;997;993;997;993;495;492 525;2.05%
22/03/2024;1 070;1 000;1 070;1 000;7 128;7 377 480;7.36%
25/03/2024;1 143;1 117;1 143;1 117;3 796;4 289 480;6.85%
26/03/2024;1 133;1 143;1 143;1 133;2 415;2 749 075;-0.87%
27/03/2024;1 123;1 130;1 130;1 123;873;983 580;-0.88%
28/03/2024;1 123;1 123;1 123;1 123;634;712 193;0.00%
29/03/2024;1 120;1 127;1 127;1 120;565;634 683;-0.30%
01/04/2024;1 120;1 127;1 127;1 120;565;634 683;0.00%
02/04/2024;1 063;1 120;1 120;1 063;1 636;1 785 967;-5.06%
03/04/2024;1 060;1 063;1 063;1 060;2 805;2 977 975;-0.31%
04/04/2024;1 067;1 063;1 067;1 063;1 848;1 968 120;0.63%
05/04/2024;1 063;1 063;1 063;1 063;1 795;1 908 683;-0.31%
08/04/2024;1 067;1 067;1 067;1 067;1 675;1 786 667;0.31%
09/04/2024;1 070;1 067;1 070;1 067;756;807 660;0.31%
10/04/2024;1 070;1 067;1 070;1 067;756;807 660;0.00%
11/04/2024;1 073;1 073;1 073;1 073;645;692 300;0.31%
12/04/2024;1 080;1 093;1 093;1 080;1 177;1 279 007;0.62%
15/04/2024;1 080;1 080;1 080;1 080;1 162;1 254 960;0.00%
16/04/2024;1 077;1 073;1 077;1 073;772;829 900;-0.31%
17/04/2024;1 077;1 077;1 077;1 077;1 524;1 640 840;0.00%
18/04/2024;1 067;1 077;1 077;1 067;1 344;1 440 320;-0.93%
19/04/2024;1 070;1 070;1 070;1 070;136;145 520;0.31%
22/04/2024;1 077;1 073;1 077;1 073;907;975 025;0.62%
23/04/2024;1 077;1 077;1 077;1 077;904;973 307;0.00%
24/04/2024;1 067;1 073;1 073;1 067;14 295;15 295 650;-0.93%
25/04/2024;1 077;1 073;1 077;1 073;90;96 750;0.94%
26/04/2024;1 080;1 077;1 080;1 077;783;844 335;0.31%
29/04/2024;1 147;1 080;1 147;1 080;11 922;13 273 160;6.17%
30/04/2024;1 147;1 147;1 147;1 147;549;629 520;0.00%
01/05/2024;1 147;1 147;1 147;1 147;549;629 520;0.00%
02/05/2024;1 133;1 147;1 147;1 133;1 923;2 192 220;-1.16%
03/05/2024;1 140;1 143;1 143;1 140;1 948;2 223 967;0.59%
06/05/2024;1 133;1 140;1 140;1 133;1 549;1 760 697;-0.58%
07/05/2024;1 140;1 133;1 140;1 133;2 622;2 980 340;0.59%
08/05/2024;1 140;1 140;1 140;1 140;1 660;1 892 400;0.00%
09/05/2024;1 140;1 140;1 140;1 140;1 660;1 892 400;0.00%
10/05/2024;1 133;1 133;1 133;1 133;1 849;2 095 533;-0.58%
13/05/2024;1 140;1 133;1 140;1 133;774;879 780;0.59%
14/05/2024;1 133;1 143;1 143;1 133;886;1 008 563;-0.58%
15/05/2024;1 133;1 133;1 133;1 133;8 596;9 742 133;0.00%
16/05/2024;1 050;1 050;1 050;1 050;2 592;2 721 600;-7.35%
17/05/2024;1 067;1 050;1 067;1 050;324;342 900;1.59%
20/05/2024;1 067;1 050;1 067;1 050;324;342 900;0.00%
21/05/2024;1 050;1 067;1 067;1 050;1 242;1 314 450;-1.56%
22/05/2024;1 113;1 050;1 113;1 050;3 601;3 895 082;6.03%
23/05/2024;1 087;1 100;1 100;1 087;1 480;1 618 133;-2.40%
24/05/2024;1 087;1 067;1 087;1 067;1 449;1 560 090;0.00%
27/05/2024;1 097;1 087;1 097;1 087;1 776;1 938 800;0.92%
28/05/2024;1 093;1 097;1 097;1 093;1 425;1 560 375;-0.30%
29/05/2024;1 087;1 093;1 093;1 087;564;614 760;-0.61%
30/05/2024;1 097;1 087;1 097;1 087;187;204 142;0.92%
31/05/2024;1 087;1 087;1 087;1 087;991;1 076 887;-0.91%
03/06/2024;1 073;1 073;1 073;1 073;999;1 072 260;-1.23%
04/06/2024;1 077;1 083;1 083;1 077;336;362 880;0.31%
05/06/2024;1 073;1 077;1 077;1 073;1 485;1 596 375;-0.31%
06/06/2024;1 080;1 073;1 080;1 073;669;720 290;0.62%
07/06/2024;1 070;1 080;1 080;1 070;3 202;3 442 150;-0.93%
10/06/2024;1 073;1 073;1 073;1 073;841;902 673;0.31%
11/06/2024;1 053;1 073;1 073;1 053;1 822;1 937 393;-1.86%
12/06/2024;1 053;1 053;1 053;1 053;489;515 080;0.00%
13/06/2024;1 057;1 053;1 057;1 053;1 644;1 734 420;0.32%
14/06/2024;1 033;1 060;1 060;1 033;829;867 687;-2.21%
18/06/2024;1 033;1 033;1 033;1 033;955;986 833;0.00%
19/06/2024;1 033;1 040;1 040;1 033;562;582 607;0.00%
20/06/2024;1 033;1 033;1 033;1 033;463;478 433;0.00%
21/06/2024;1 020;1 033;1 033;1 020;1 273;1 306 947;-1.29%
24/06/2024;1 033;1 020;1 033;1 020;673;690 947;1.31%
25/06/2024;1 033;1 033;1 033;1 033;11 223;11 597 100;0.00%
26/06/2024;1 043;1 033;1 043;1 033;2 313;2 401 665;0.97%
27/06/2024;1 047;1 037;1 047;1 037;933;971 875;0.32%
28/06/2024;1 057;1 047;1 057;1 047;573;602 605;0.96%
01/07/2024;1 067;1 057;1 067;1 057;2 079;2 207 205;0.95%
02/07/2024;1 047;1 067;1 067;1 047;6 120;6 466 800;-1.87%
03/07/2024;1 033;1 060;1 060;1 033;1 300;1 360 667;-1.27%
04/07/2024;1 067;1 037;1 067;1 037;858;902 330;3.23%
05/07/2024;1 067;1 067;1 067;1 067;1 654;1 764 267;0.00%
08/07/2024;1 087;1 067;1 087;1 067;690;742 900;1.87%
09/07/2024;1 067;1 070;1 070;1 067;334;356 823;-1.84%
10/07/2024;1 087;1 087;1 087;1 087;84;91 280;1.87%
11/07/2024;1 067;1 070;1 070;1 067;645;689 075;-1.84%
12/07/2024;1 087;1 067;1 087;1 067;1 576;1 696 827;1.87%
15/07/2024;1 087;1 087;1 087;1 087;1 197;1 300 740;0.00%
16/07/2024;1 087;1 087;1 087;1 087;552;599 840;0.00%
17/07/2024;1 087;1 087;1 087;1 087;1 008;1 095 360;0.00%
18/07/2024;1 067;1 067;1 067;1 067;262;279 467;-1.84%
19/07/2024;1 067;1 083;1 083;1 067;1 605;1 725 375;0.00%
22/07/2024;1 083;1 087;1 087;1 083;36;39 060;1.56%
23/07/2024;1 083;1 083;1 083;1 083;135;146 250;0.00%
24/07/2024;1 083;1 083;1 083;1 083;373;404 083;0.00%
25/07/2024;1 073;1 067;1 073;1 067;883;944 810;-0.92%
26/07/2024;1 153;1 087;1 153;1 087;22 459;25 154 080;7.45%
29/07/2024;1 237;1 220;1 237;1 220;4 615;5 668 758;7.23%
30/07/2024;1 327;1 273;1 327;1 273;3 069;3 989 700;7.28%
31/07/2024;1 400;1 327;1 400;1 327;9 633;13 132 990;5.53%
01/08/2024;1 397;1 397;1 397;1 397;8 257;11 532 277;-0.24%
02/08/2024;1 397;1 397;1 397;1 397;14 334;20 019 820;0.00%
05/08/2024;1 383;1 387;1 387;1 383;1 434;1 986 090;-0.95%
06/08/2024;1 390;1 333;1 390;1 333;810;1 102 950;0.48%
07/08/2024;1 390;1 333;1 390;1 333;810;1 102 950;0.00%
08/08/2024;1 397;1 390;1 397;1 390;4 618;6 434 413;0.48%
09/08/2024;1 400;1 400;1 400;1 400;1 908;2 671 200;0.24%
12/08/2024;1 400;1 400;1 400;1 400;1 785;2 499 000;0.00%
13/08/2024;1 400;1 407;1 407;1 400;6 357;8 920 990;0.00%
14/08/2024;1 400;1 400;1 400;1 400;1 174;1 643 600;0.00%
15/08/2024;1 400;1 400;1 400;1 400;1 174;1 643 600;0.00%
16/08/2024;1 397;1 393;1 397;1 393;7 515;10 483 425;-0.24%
19/08/2024;1 393;1 403;1 403;1 393;5 370;7 509 050;-0.24%
20/08/2024;1 427;1 393;1 427;1 393;5 020;7 078 200;2.39%
21/08/2024;1 400;1 423;1 423;1 400;3 373;4 761 552;-1.87%
22/08/2024;1 370;1 400;1 400;1 370;2 596;3 595 460;-2.14%
23/08/2024;1 370;1 400;1 400;1 370;4 029;5 580 165;0.00%
26/08/2024;1 333;1 370;1 370;1 333;2 607;3 523 795;-2.68%
27/08/2024;1 347;1 333;1 347;1 333;1 413;1 893 420;1.00%
28/08/2024;1 445;1 245;1 445;1 245;82;110 290;7.30%
29/08/2024;1 535;1 530;1 535;1 530;40;61 300;6.23%
30/08/2024;1 650;1 650;1 650;1 650;1 467;2 420 550;7.49%
02/09/2024;1 770;1 675;1 770;1 675;61;105 073;7.27%
03/09/2024;1 900;1 800;1 900;1 800;916;1 694 600;7.34%
04/09/2024;2 040;2 040;2 040;2 040;887;1 809 480;7.37%
05/09/2024;1 890;2 090;2 090;1 890;4 994;9 938 060;-7.35%
06/09/2024;1 750;1 890;1 890;1 750;1 591;2 895 620;-7.41%
09/09/2024;1 755;1 750;1 755;1 750;1 044;1 829 610;0.29%
10/09/2024;1 755;1 800;1 800;1 755;711;1 263 803;0.00%
11/09/2024;1 800;1 755;1 800;1 755;3 533;6 279 908;2.56%
12/09/2024;1 850;1 850;1 850;1 850;550;1 017 500;2.78%
13/09/2024;1 835;1 845;1 845;1 835;1 519;2 794 960;-0.81%
16/09/2024;1 750;1 840;1 840;1 750;901;1 617 295;-4.63%
17/09/2024;1 650;1 795;1 795;1 650;485;835 413;-5.71%
18/09/2024;1 765;1 660;1 765;1 660;3 145;5 385 813;6.97%
19/09/2024;1 755;1 750;1 755;1 750;692;1 212 730;-0.57%
20/09/2024;1 760;1 755;1 760;1 755;711;1 249 583;0.28%
23/09/2024;1 755;1 700;1 755;1 700;106;183 115;-0.28%
24/09/2024;1 760;1 760;1 760;1 760;316;556 160;0.28%
25/09/2024;1 705;1 760;1 760;1 705;739;1 280 318;-3.13%
26/09/2024;1 755;1 755;1 755;1 755;145;254 475;2.93%
27/09/2024;1 800;1 755;1 800;1 755;782;1 390 005;2.56%
30/09/2024;1 800;1 820;1 820;1 800;383;693 230;0.00%
01/10/2024;1 800;1 815;1 815;1 800;3 616;6 535 920;0.00%
02/10/2024;1 750;1 800;1 800;1 750;5 224;9 272 600;-2.78%
03/10/2024;1 880;1 865;1 880;1 865;1 929;3 612 053;7.43%
04/10/2024;2 020;2 020;2 020;2 020;1 394;2 815 880;7.45%
07/10/2024;2 170;2 170;2 170;2 170;1 424;3 090 080;7.43%
08/10/2024;2 330;2 330;2 330;2 330;2 182;5 084 060;7.37%
09/10/2024;2 500;2 500;2 500;2 500;4 324;10 810 000;7.30%
10/10/2024;2 450;2 685;2 685;2 450;18 072;46 399 860;-2.00%
11/10/2024;2 350;2 445;2 445;2 350;2 484;5 955 390;-4.08%
14/10/2024;2 245;2 245;2 245;2 245;558;1 252 710;-4.47%
15/10/2024;2 240;2 300;2 300;2 240;502;1 139 540;-0.22%
16/10/2024;2 150;2 100;2 150;2 100;631;1 340 875;-4.02%
17/10/2024;2 145;2 200;2 200;2 145;2 589;5 624 603;-0.23%
18/10/2024;2 010;1 990;2 010;1 990;782;1 564 000;-6.29%
21/10/2024;2 120;2 150;2 150;2 120;9 541;20 370 035;5.47%
22/10/2024;2 150;2 050;2 150;2 050;620;1 302 000;1.42%
23/10/2024;2 090;2 150;2 150;2 090;1 073;2 274 760;-2.79%
24/10/2024;2 090;2 090;2 090;2 090;2 408;5 032 720;0.00%
25/10/2024;2 145;2 090;2 145;2 090;1 743;3 690 803;2.63%
28/10/2024;2 090;2 145;2 145;2 090;772;1 634 710;-2.56%
29/10/2024;2 090;2 100;2 100;2 090;1 707;3 576 165;0.00%
30/10/2024;2 045;2 050;2 050;2 045;581;1 189 598;-2.15%
31/10/2024;2 045;2 045;2 045;2 045;130;265 850;0.00%
01/11/2024;2 045;2 045;2 045;2 045;130;265 850;0.00%
04/11/2024;2 045;2 040;2 045;2 040;1 945;3 972 663;0.00%
05/11/2024;2 000;1 920;2 000;1 920;2 028;3 974 880;-2.20%
06/11/2024;2 000;2 000;2 000;2 000;321;642 000;0.00%
07/11/2024;2 000;2 000;2 000;2 000;306;612 000;0.00%
08/11/2024;2 000;2 000;2 000;2 000;677;1 354 000;0.00%
11/11/2024;2 000;1 995;2 000;1 995;1 094;2 185 265;0.00%
12/11/2024;2 000;2 000;2 000;2 000;1 511;3 022 000;0.00%
13/11/2024;2 000;2 020;2 020;2 000;1 443;2 900 430;0.00%
14/11/2024;1 960;2 000;2 000;1 960;3 129;6 195 420;-2.00%
15/11/2024;1 960;2 000;2 000;1 960;3 129;6 195 420;0.00%
18/11/2024;2 000;1 950;2 000;1 950;1 681;3 319 975;2.04%
19/11/2024;2 000;2 000;2 000;2 000;2 295;4 590 000;0.00%
20/11/2024;2 000;1 960;2 000;1 960;1 533;3 035 340;0.00%
21/11/2024;1 965;1 960;1 965;1 960;1 310;2 570 875;-1.75%
22/11/2024;1 970;1 965;1 970;1 965;2 139;4 208 483;0.25%
25/11/2024;2 000;1 980;2 000;1 980;4 999;9 948 010;1.52%
26/11/2024;2 000;1 990;2 000;1 990;7 964;15 888 180;0.00%
27/11/2024;2 000;2 000;2 000;2 000;2 810;5 620 000;0.00%
28/11/2024;1 995;1 970;1 995;1 970;3 094;6 133 855;-0.25%
29/11/2024;2 000;1 995;2 000;1 995;1 985;3 965 038;0.25%
02/12/2024;1 995;2 000;2 000;1 995;232;463 420;-0.25%
03/12/2024;2 000;1 980;2 000;1 980;1 686;3 355 140;0.25%
04/12/2024;1 995;1 995;1 995;1 995;1 643;3 277 785;-0.25%
05/12/2024;2 000;1 995;2 000;1 995;547;1 092 633;0.25%
06/12/2024;2 005;2 000;2 005;2 000;4 061;8 132 153;0.25%
09/12/2024;2 000;1 985;2 000;1 985;1 165;2 321 263;-0.25%
10/12/2024;1 980;1 985;1 985;1 980;1 947;3 859 928;-1.00%
11/12/2024;1 975;1 980;1 980;1 975;373;737 608;-0.25%
12/12/2024;1 980;1 975;1 980;1 975;1 243;2 458 033;0.25%
13/12/2024;1 980;1 975;1 980;1 975;1 272;2 515 380;0.00%
16/12/2024;1 970;1 980;1 980;1 970;646;1 275 850;-0.51%
17/12/2024;1 970;1 970;1 970;1 970;968;1 906 960;0.00%
18/12/2024;1 970;1 970;1 970;1 970;270;531 900;0.00%
19/12/2024;1 910;1 970;1 970;1 910;6 065;11 766 100;-3.05%
20/12/2024;1 940;1 900;1 940;1 900;3 575;6 864 000;1.57%
23/12/2024;1 900;1 910;1 910;1 900;5 674;10 808 970;-2.06%
24/12/2024;1 940;1 940;1 940;1 940;76;147 440;2.11%
25/12/2024;1 940;1 940;1 940;1 940;76;147 440;0.00%
26/12/2024;1 920;1 920;1 920;1 920;3 716;7 134 720;-1.03%
27/12/2024;1 905;1 905;1 905;1 905;742;1 413 510;-0.78%
30/12/2024;1 900;1 920;1 920;1 900;1 533;2 928 030;-0.26%
31/12/2024;1 890;1 900;1 900;1 890;899;1 703 605;-0.53%
01/01/2025;1 890;1 900;1 900;1 890;899;1 703 605;0.00%
02/01/2025;1 890;1 890;1 890;1 890;1 026;1 939 140;0.00%
03/01/2025;1 890;1 860;1 890;1 860;567;1 063 125;0.00%
06/01/2025;1 865;1 865;1 865;1 865;1 564;2 916 860;-1.32%
07/01/2025;1 845;1 860;1 860;1 845;249;461 273;-1.07%
08/01/2025;1 830;1 830;1 830;1 830;1 400;2 562 000;-0.81%
09/01/2025;1 815;1 830;1 830;1 815;484;882 090;-0.82%
10/01/2025;1 815;1 810;1 815;1 810;2 879;5 218 188;0.00%
13/01/2025;1 820;1 815;1 820;1 815;438;796 065;0.28%
14/01/2025;1 820;1 815;1 820;1 815;5 541;10 070 768;0.00%
15/01/2025;1 825;1 820;1 825;1 820;139;253 328;0.27%
16/01/2025;1 805;1 825;1 825;1 805;2 751;4 993 065;-1.10%
17/01/2025;1 700;1 805;1 805;1 700;2 615;4 582 788;-5.82%
20/01/2025;1 800;1 715;1 800;1 715;862;1 514 965;5.88%
21/01/2025;1 820;1 800;1 820;1 800;2 524;4 568 440;1.11%
22/01/2025;1 815;1 815;1 815;1 815;738;1 339 470;-0.27%
23/01/2025;1 800;1 800;1 800;1 800;344;619 200;-0.83%
24/01/2025;1 800;1 800;1 800;1 800;610;1 098 000;0.00%
27/01/2025;1 760;1 800;1 800;1 760;527;938 060;-2.22%
28/01/2025;1 750;1 795;1 795;1 750;592;1 049 320;-0.57%
29/01/2025;1 725;1 700;1 725;1 700;1 555;2 662 938;-1.43%
30/01/2025;1 725;1 700;1 725;1 700;1 857;3 180 113;0.00%
31/01/2025;1 710;1 750;1 750;1 710;494;854 620;-0.87%
03/02/2025;1 705;1 710;1 710;1 705;679;1 159 393;-0.29%
04/02/2025;1 720;1 705;1 720;1 705;427;731 238;0.88%
05/02/2025;1 710;1 710;1 710;1 710;1 318;2 253 780;-0.58%
06/02/2025;1 680;1 705;1 705;1 680;2 973;5 031 803;-1.75%
07/02/2025;1 700;1 690;1 700;1 690;1 463;2 479 785;1.19%
10/02/2025;1 720;1 705;1 720;1 705;2 803;4 800 138;1.18%
11/02/2025;1 795;1 800;1 800;1 795;475;853 813;4.36%
12/02/2025;1 760;1 710;1 760;1 710;1 120;1 943 200;-1.95%
13/02/2025;1 750;1 760;1 760;1 750;565;991 575;-0.57%
14/02/2025;1 780;1 750;1 780;1 750;1 597;2 818 705;1.71%
17/02/2025;1 780;1 750;1 780;1 750;3 297;5 819 205;0.00%
18/02/2025;1 805;1 780;1 805;1 780;2 545;4 561 913;1.40%
19/02/2025;1 805;1 890;1 890;1 805;3 007;5 555 433;0.00%
20/02/2025;1 850;1 820;1 850;1 820;941;1 726 735;2.49%
21/02/2025;1 885;1 850;1 885;1 850;5 941;11 094 818;1.89%
24/02/2025;1 940;1 890;1 940;1 890;4 591;8 791 765;2.92%
25/02/2025;1 945;1 940;1 945;1 940;2 913;5 658 503;0.26%
26/02/2025;1 930;1 945;1 945;1 930;963;1 865 813;-0.77%
28/02/2025;1 930;1 930;1 930;1 930;616;1 188 880;0.00%
03/03/2025;1 950;1 915;1 950;1 915;1 882;3 636 965;1.04%
04/03/2025;1 950;1 960;1 960;1 950;2 937;5 741 835;0.00%
05/03/2025;1 995;1 950;1 995;1 950;4 536;8 947 260;2.31%
06/03/2025;2 075;2 005;2 075;2 005;2 373;4 840 920;4.01%
07/03/2025;2 130;2 050;2 130;2 050;1 970;4 117 300;2.65%
10/03/2025;2 150;2 230;2 230;2 150;2 208;4 835 520;0.94%
11/03/2025;2 125;2 130;2 130;2 125;4 089;8 699 348;-1.16%
12/03/2025;2 105;2 125;2 125;2 105;1 791;3 787 965;-0.94%
13/03/2025;2 130;2 130;2 130;2 130;697;1 484 610;1.19%
14/03/2025;2 130;2 130;2 130;2 130;150;319 500;0.00%
17/03/2025;2 130;2 130;2 130;2 130;2 364;5 035 320;0.00%
18/03/2025;2 090;2 130;2 130;2 090;1 516;3 198 760;-1.88%
19/03/2025;2 100;2 090;2 100;2 090;2 516;5 271 020;0.48%
20/03/2025;2 255;2 255;2 255;2 255;10 969;24 735 095;7.38%
21/03/2025;2 420;2 420;2 420;2 420;1 616;3 910 720;7.32%
24/03/2025;2 420;2 420;2 420;2 420;11 262;27 254 040;0.00%
25/03/2025;2 320;2 430;2 430;2 320;17 280;41 040 000;-4.13%
26/03/2025;2 375;2 295;2 375;2 295;22 413;52 334 355;2.37%
27/03/2025;2 375;2 295;2 375;2 295;22 413;52 334 355;0.00%
28/03/2025;2 400;2 375;2 400;2 375;3 754;8 962 675;1.05%
31/03/2025;2 400;2 375;2 400;2 375;3 754;8 962 675;0.00%
01/04/2025;2 350;2 400;2 400;2 350;7 165;17 016 875;-2.08%
02/04/2025;2 400;2 380;2 400;2 380;11 549;27 602 110;2.13%
03/04/2025;2 400;2 400;2 400;2 400;10 977;26 344 800;0.00%
04/04/2025;2 400;2 405;2 405;2 400;12 591;30 249 878;0.00%
07/04/2025;2 500;2 405;2 500;2 405;4 476;10 977 390;4.17%
08/04/2025;2 550;2 505;2 550;2 505;6 912;17 470 080;2.00%
09/04/2025;2 540;2 550;2 550;2 540;4 891;12 447 595;-0.39%
10/04/2025;2 500;2 500;2 500;2 500;2 627;6 567 500;-1.57%
11/04/2025;2 595;2 500;2 595;2 500;19 790;50 415 025;3.80%
14/04/2025;2 600;2 595;2 600;2 595;1 811;4 704 073;0.19%
15/04/2025;2 685;2 605;2 685;2 605;1 092;2 888 340;3.27%
16/04/2025;2 685;2 685;2 685;2 685;3 529;9 475 365;0.00%
17/04/2025;2 750;2 680;2 750;2 680;6 138;16 664 670;2.42%
18/04/2025;2 685;2 700;2 700;2 685;1 609;4 332 233;-2.36%
21/04/2025;2 685;2 700;2 700;2 685;1 609;4 332 233;0.00%
22/04/2025;2 640;2 650;2 650;2 640;2 216;5 861 320;-1.68%
23/04/2025;2 640;2 640;2 640;2 640;2 662;7 027 680;0.00%
24/04/2025;2 660;2 660;2 660;2 660;6 538;17 391 080;0.76%
25/04/2025;2 645;2 680;2 680;2 645;2 788;7 423 050;-0.56%
28/04/2025;2 650;2 645;2 650;2 645;9 598;25 410 705;0.19%
29/04/2025;2 660;2 650;2 660;2 650;1 606;4 263 930;0.38%
30/04/2025;2 500;2 600;2 600;2 500;6 077;15 496 350;-6.02%
01/05/2025;2 500;2 600;2 600;2 500;6 077;15 496 350;0.00%
02/05/2025;2 580;2 595;2 595;2 580;903;2 336 513;3.20%
05/05/2025;2 600;2 500;2 600;2 500;2 376;6 058 800;0.78%
06/05/2025;2 600;2 590;2 600;2 590;4 139;10 740 705;0.00%
07/05/2025;2 550;2 530;2 550;2 530;4 649;11 808 460;-1.92%
08/05/2025;2 595;2 550;2 595;2 550;7 243;18 632 618;1.76%
09/05/2025;2 565;2 590;2 590;2 565;1 150;2 964 125;-1.16%
12/05/2025;2 575;2 590;2 590;2 575;1 054;2 721 955;0.39%
13/05/2025;2 625;2 590;2 625;2 590;6 778;17 673 635;1.94%
14/05/2025;2 675;2 650;2 675;2 650;1 043;2 776 988;1.90%
15/05/2025;2 650;2 675;2 675;2 650;1 784;4 749 900;-0.93%
16/05/2025;2 760;2 695;2 760;2 695;12 680;34 584 700;4.15%
19/05/2025;2 780;2 770;2 780;2 770;3 049;8 460 975;0.72%
20/05/2025;2 800;2 760;2 800;2 760;8 445;23 477 100;0.72%
21/05/2025;2 800;2 790;2 800;2 790;6 990;19 537 050;0.00%
22/05/2025;2 825;2 795;2 825;2 795;6 412;18 017 720;0.89%
23/05/2025;2 825;2 805;2 825;2 805;8 907;25 073 205;0.00%
26/05/2025;2 800;2 780;2 800;2 780;6 880;19 195 200;-0.88%
27/05/2025;2 900;2 850;2 900;2 850;11 263;32 381 125;3.57%
28/05/2025;2 895;2 895;2 895;2 895;8 843;25 600 485;-0.17%
29/05/2025;2 895;2 895;2 895;2 895;8 843;25 600 485;0.00%
30/05/2025;2 635;2 700;2 700;2 635;20 791;55 459 993;-8.98%
02/06/2025;2 550;2 635;2 635;2 550;5 786;15 000 205;-3.23%
03/06/2025;2 600;2 560;2 600;2 560;4 119;10 627 020;1.96%
04/06/2025;2 795;2 795;2 795;2 795;18 793;52 526 435;7.50%
05/06/2025;3 000;3 000;3 000;3 000;15 232;45 696 000;7.33%
10/06/2025;3 150;3 225;3 225;3 150;15 201;48 453 188;5.00%
11/06/2025;3 130;3 180;3 180;3 130;14 623;46 135 565;-0.63%
12/06/2025;3 065;3 100;3 100;3 065;13 138;40 497 885;-2.08%
13/06/2025;3 000;3 125;3 125;3 000;33 200;101 675 000;-2.12%
16/06/2025;3 085;3 095;3 095;3 085;8 406;25 974 540;2.83%
17/06/2025;3 095;3 100;3 100;3 095;14 455;44 774 363;0.32%
18/06/2025;3 090;3 095;3 095;3 090;9 032;27 931 460;-0.16%
19/06/2025;3 070;3 090;3 090;3 070;12 939;39 852 120;-0.65%
20/06/2025;3 070;3 080;3 080;3 070;7 612;23 406 900;0.00%
23/06/2025;3 060;3 070;3 070;3 060;5 712;17 507 280;-0.33%
24/06/2025;3 000;3 060;3 060;3 000;13 055;39 556 650;-1.96%
25/06/2025;2 995;2 900;2 995;2 900;6 830;20 131 425;-0.17%
26/06/2025;2 900;3 000;3 000;2 900;13 174;38 863 300;-3.17%
27/06/2025;2 815;2 900;2 900;2 815;11 006;31 449 645;-2.93%
30/06/2025;2 990;2 840;2 990;2 840;10 665;31 088 475;6.22%
01/07/2025;3 000;2 995;3 000;2 995;5 410;16 216 475;0.33%
02/07/2025;3 040;3 070;3 070;3 040;4 944;15 103 920;1.33%
03/07/2025;3 040;3 040;3 040;3 040;4 935;15 002 400;0.00%
04/07/2025;3 070;3 040;3 070;3 040;4 614;14 095 770;0.99%
07/07/2025;3 095;3 070;3 095;3 070;4 829;14 885 393;0.81%
08/07/2025;3 305;3 095;3 305;3 095;7 950;25 440 000;6.79%
09/07/2025;3 470;3 310;3 470;3 310;6 109;20 709 510;4.99%
10/07/2025;3 470;3 470;3 470;3 470;4 600;15 962 000;0.00%
11/07/2025;3 460;3 470;3 470;3 460;3 888;13 471 920;-0.29%
14/07/2025;3 450;3 450;3 450;3 450;4 929;17 005 050;-0.29%
15/07/2025;3 450;3 470;3 470;3 450;4 258;14 732 680;0.00%
16/07/2025;3 420;3 450;3 450;3 420;1 384;4 754 040;-0.87%
17/07/2025;3 420;3 425;3 425;3 420;1 429;4 890 753;0.00%
18/07/2025;3 400;3 420;3 420;3 400;9 815;33 469 150;-0.58%
21/07/2025;3 335;3 400;3 400;3 335;2 028;6 829 290;-1.91%
22/07/2025;3 335;3 170;3 335;3 170;16 928;55 058 320;0.00%
23/07/2025;3 300;3 350;3 350;3 300;3 139;10 437 175;-1.05%
24/07/2025;3 350;3 300;3 350;3 300;4 449;14 792 925;1.52%
25/07/2025;3 340;3 340;3 340;3 340;6 377;21 299 180;-0.30%
28/07/2025;3 335;3 340;3 340;3 335;7 456;24 884 400;-0.15%
29/07/2025;3 310;3 305;3 310;3 305;5 101;16 871 558;-0.75%
30/07/2025;3 300;3 310;3 310;3 300;2 613;8 635 965;-0.30%
31/07/2025;3 375;3 300;3 375;3 300;8 848;29 530 200;2.27%
01/08/2025;3 390;3 395;3 395;3 390;1 935;6 564 488;0.44%
04/08/2025;3 390;3 400;3 400;3 390;5 316;18 047 820;0.00%
05/08/2025;3 640;3 450;3 640;3 450;3 351;11 879 295;7.37%
06/08/2025;3 635;3 630;3 635;3 630;8 476;30 789 070;-0.14%
07/08/2025;3 635;3 630;3 635;3 630;8 476;30 789 070;0.00%
08/08/2025;3 670;3 640;3 670;3 640;9 641;35 237 855;0.96%
11/08/2025;3 650;3 695;3 695;3 650;21 231;77 970 848;-0.54%
12/08/2025;3 640;3 640;3 640;3 640;8 497;30 929 080;-0.27%
13/08/2025;3 635;3 640;3 640;3 635;2 884;10 490 550;-0.14%
14/08/2025;3 580;3 635;3 635;3 580;1 351;4 873 733;-1.51%
15/08/2025;3 580;3 635;3 635;3 580;1 351;4 873 733;0.00%
18/08/2025;3 500;3 575;3 575;3 500;5 451;19 282 913;-2.23%
19/08/2025;3 495;3 460;3 495;3 460;3 256;11 322 740;-0.14%
20/08/2025;3 490;3 495;3 495;3 490;2 791;9 747 568;-0.14%
21/08/2025;3 495;3 490;3 495;3 490;2 591;9 049 068;0.14%
22/08/2025;3 490;3 500;3 500;3 490;4 141;14 472 795;-0.14%
25/08/2025;3 525;3 500;3 525;3 500;6 278;22 051 475;1.00%
26/08/2025;3 580;3 550;3 580;3 550;7 253;25 856 945;1.56%
27/08/2025;3 555;3 585;3 585;3 555;3 435;12 262 950;-0.70%
28/08/2025;3 580;3 555;3 580;3 555;4 246;15 147 605;0.70%
29/08/2025;3 620;3 580;3 620;3 580;4 352;15 667 200;1.12%
01/09/2025;3 585;3 530;3 585;3 530;4 810;17 111 575;-0.97%
02/09/2025;3 665;3 595;3 665;3 595;4 118;14 948 340;2.23%
03/09/2025;3 665;3 660;3 665;3 660;6 793;24 879 363;0.00%
04/09/2025;3 665;3 660;3 665;3 660;6 793;24 879 363;0.00%
05/09/2025;3 600;3 640;3 640;3 600;3 208;11 612 960;-1.77%
08/09/2025;3 685;3 630;3 685;3 630;2 836;10 372 670;2.36%
09/09/2025;3 700;3 720;3 720;3 700;7 461;27 680 310;0.41%
10/09/2025;3 850;3 700;3 850;3 700;3 582;13 522 050;4.05%
11/09/2025;3 920;3 885;3 920;3 885;3 749;14 630 473;1.82%
12/09/2025;3 935;3 945;3 945;3 935;4 148;16 343 120;0.38%
15/09/2025;3 995;3 935;3 995;3 935;10 630;42 147 950;1.52%
16/09/2025;3 995;4 000;4 000;3 995;4 791;19 152 023;0.00%
17/09/2025;4 000;3 995;4 000;3 995;1 568;6 268 080;0.13%
18/09/2025;3 805;3 900;3 900;3 805;6 872;26 474 380;-4.88%
19/09/2025;3 900;3 990;3 990;3 900;5 525;21 796 125;2.50%
22/09/2025;4 010;4 005;4 010;4 005;18 758;75 172 685;2.82%
23/09/2025;4 150;4 140;4 150;4 140;13 230;54 838 350;3.49%
24/09/2025;4 170;4 245;4 245;4 170;16 626;69 953 895;0.48%
25/09/2025;4 300;4 200;4 300;4 200;5 476;23 273 000;3.12%
26/09/2025;4 335;4 300;4 335;4 300;5 756;24 851 530;0.81%
29/09/2025;4 350;4 350;4 350;4 350;7 772;33 808 200;0.35%
30/09/2025;4 400;4 350;4 400;4 350;3 977;17 399 375;1.15%
01/10/2025;4 395;4 395;4 395;4 395;6 236;27 407 220;-0.11%
02/10/2025;4 345;4 400;4 400;4 345;9 564;41 818 590;-1.14%
03/10/2025;4 295;4 350;4 350;4 295;5 782;24 992 695;-1.15%
06/10/2025;4 235;4 295;4 295;4 235;8 552;36 474 280;-1.40%
07/10/2025;4 245;4 300;4 300;4 245;3 325;14 206 063;0.24%
08/10/2025;4 300;4 300;4 300;4 300;4 947;21 272 100;1.30%
09/10/2025;4 300;4 300;4 300;4 300;7 071;30 405 300;0.00%
10/10/2025;4 300;4 290;4 300;4 290;6 155;26 435 725;0.00%
13/10/2025;4 350;4 375;4 375;4 350;8 067;35 192 288;1.16%
14/10/2025;4 345;4 400;4 400;4 345;6 291;27 507 398;-0.11%
15/10/2025;4 250;4 345;4 345;4 250;6 211;26 691 773;-2.19%
16/10/2025;4 235;4 295;4 295;4 235;7 820;33 352 300;-0.35%
17/10/2025;4 235;4 395;4 395;4 235;16 326;70 446 690;0.00%
20/10/2025;4 205;4 235;4 235;4 205;3 332;14 061 040;-0.71%
21/10/2025;4 200;4 200;4 200;4 200;8 968;37 665 600;-0.12%
22/10/2025;4 250;4 200;4 250;4 200;3 282;13 866 450;1.19%
23/10/2025;4 355;4 250;4 355;4 250;5 269;22 669 873;2.47%
24/10/2025;4 365;4 300;4 365;4 300;14 434;62 535 305;0.23%
27/10/2025;4 305;4 365;4 365;4 305;3 779;16 381 965;-1.37%
28/10/2025;4 280;4 255;4 280;4 255;4 886;20 851 005;-0.58%
29/10/2025;4 020;4 250;4 250;4 020;18 801;77 742 135;-6.07%
30/10/2025;4 015;4 050;4 050;4 015;34 273;138 205 873;-0.12%
31/10/2025;3 715;3 890;3 890;3 715;12 747;48 470 468;-7.47%
03/11/2025;3 440;3 440;3 440;3 440;8 024;27 602 560;-7.40%
04/11/2025;3 600;3 440;3 600;3 440;17 194;60 522 880;4.65%
05/11/2025;3 575;3 700;3 700;3 575;10 123;36 822 413;-0.69%
06/11/2025;3 650;3 600;3 650;3 600;8 148;29 536 500;2.10%
07/11/2025;3 800;3 800;3 800;3 800;-;0;4.11%
10/11/2025;3 795;3 910;3 910;3 795;12 466;48 025 265;-0.13%
11/11/2025;3 810;3 900;3 900;3 810;10 671;41 136 705;0.40%
12/11/2025;3 825;3 845;3 845;3 825;4 775;18 312 125;0.39%
13/11/2025;3 835;3 825;3 835;3 825;1 574;6 028 420;0.26%
14/11/2025;3 770;3 825;3 825;3 770;6 916;26 263 510;-1.69%
17/11/2025;3 795;3 775;3 795;3 775;1 437;5 439 045;0.66%
18/11/2025;3 800;3 795;3 800;3 795;1 924;7 306 390;0.13%
19/11/2025;3 800;3 800;3 800;3 800;4 743;18 023 400;0.00%
20/11/2025;3 800;3 800;3 800;3 800;12 013;45 649 400;0.00%
21/11/2025;3 800;3 800;3 800;3 800;2 389;9 078 200;0.00%
24/11/2025;3 790;3 800;3 800;3 790;3 513;13 331 835;-0.26%
25/11/2025;3 990;3 805;3 990;3 805;17 071;66 534 223;5.28%
26/11/2025;3 995;3 985;3 995;3 985;13 444;53 641 560;0.13%
27/11/2025;3 995;3 995;3 995;3 995;7 599;30 358 005;0.00%
28/11/2025;4 000;4 000;4 000;4 000;3 052;12 208 000;0.13%
01/12/2025;4 000;4 000;4 000;4 000;6 642;26 568 000;0.00%
02/12/2025;3 995;4 045;4 045;3 995;4 795;19 275 900;-0.13%
03/12/2025;4 055;4 000;4 055;4 000;1 671;6 729 953;1.50%
04/12/2025;4 060;4 060;4 060;4 060;2 487;10 097 220;0.12%
05/12/2025;4 195;4 200;4 200;4 195;1 671;7 014 023;3.33%
08/12/2025;4 090;4 190;4 190;4 090;942;3 899 880;-2.50%
09/12/2025;4 090;4 090;4 090;4 090;970;3 967 300;0.00%
10/12/2025;4 170;4 100;4 170;4 100;3 302;13 653 770;1.96%
11/12/2025;4 180;4 175;4 180;4 175;2 546;10 635 915;0.24%
12/12/2025;4 245;4 200;4 245;4 200;1 395;5 890 388;1.56%
15/12/2025;4 345;4 300;4 345;4 300;7 018;30 335 305;2.36%
16/12/2025;4 310;4 350;4 350;4 310;11 683;50 587 390;-0.81%
17/12/2025;4 310;4 340;4 340;4 310;916;3 961 700;0.00%
18/12/2025;4 350;4 345;4 350;4 345;1 360;5 912 600;0.93%
19/12/2025;4 370;4 350;4 370;4 350;2 324;10 132 640;0.46%
22/12/2025;4 350;4 300;4 350;4 300;5 844;25 275 300;-0.46%
23/12/2025;4 290;4 300;4 300;4 290;1 273;5 467 535;-1.38%
24/12/2025;4 175;4 200;4 200;4 175;1 828;7 654 750;-2.68%
25/12/2025;4 175;4 200;4 200;4 175;1 828;7 654 750;0.00%
26/12/2025;4 170;4 190;4 190;4 170;2 038;8 518 840;-0.12%
29/12/2025;4 160;4 100;4 160;4 100;3 605;14 888 650;-0.24%
30/12/2025;4 145;4 160;4 160;4 145;1 156;4 800 290;-0.36%
31/12/2025;4 000;4 145;4 145;4 000;7 291;29 692 598;-3.50%
01/01/2026;4 000;4 145;4 145;4 000;7 291;29 692 598;0.00%
02/01/2026;3 990;3 995;3 995;3 990;2 004;8 000 970;-0.25%
05/01/2026;3 990;3 995;3 995;3 990;4 096;16 353 280;0.00%
06/01/2026;3 990;3 990;3 990;3 990;2 105;8 398 950;0.00%
07/01/2026;3 995;3 990;3 995;3 990;18 631;74 384 268;0.13%
08/01/2026;4 000;3 990;4 000;3 990;4 780;19 096 100;0.13%
09/01/2026;3 900;4 000;4 000;3 900;15 339;60 589 050;-2.50%
12/01/2026;4 090;4 000;4 090;4 000;4 335;17 535 075;4.87%
13/01/2026;4 060;4 150;4 150;4 060;5 382;22 093 110;-0.73%
14/01/2026;4 100;4 190;4 190;4 100;5 175;21 450 375;0.99%
15/01/2026;4 100;4 100;4 100;4 100;4 381;17 962 100;0.00%
16/01/2026;4 150;4 150;4 150;4 150;3 735;15 500 250;1.22%
19/01/2026;4 150;4 145;4 150;4 145;4 254;17 643 465;0.00%
20/01/2026;4 120;4 145;4 145;4 120;5 939;24 542 918;-0.72%
21/01/2026;4 145;4 120;4 145;4 120;1 899;7 847 618;0.61%
22/01/2026;4 145;4 145;4 145;4 145;3 994;16 555 130;0.00%
23/01/2026;4 200;4 145;4 200;4 145;6 890;28 748 525;1.33%
26/01/2026;4 200;4 200;4 200;4 200;7 498;31 491 600;0.00%
27/01/2026;4 230;4 265;4 265;4 230;3 303;14 029 493;0.71%
28/01/2026;4 290;4 260;4 290;4 260;1 856;7 934 400;1.42%
29/01/2026;4 350;4 290;4 350;4 290;6 362;27 483 840;1.40%
30/01/2026;4 395;4 350;4 395;4 350;1 817;7 944 833;1.03%
02/02/2026;4 345;4 360;4 360;4 345;5 949;25 893 023;-1.14%
03/02/2026;4 300;4 300;4 345;4 345;3 683;15 836 900;-1,04%
04/02/2026;4 355;4 300;4 355;4 300;2 224;9 624 360;1.28%
05/02/2026;4 250;4 360;4 360;4 250;2 982;12 837 510;-2.41%
06/02/2026;4 250;4 250;4 250;4 250;5 939;25 240 750;0.00%
09/02/2026;4 250;4 250;4 250;4 250;2 725;11 581 250;0.00%
10/02/2026;4 230;4 250;4 250;4 230;8 859;37 562 160;-0.47%
11/02/2026;4 285;4 300;4 300;4 285;11 036;47 372 030;1.30%
12/02/2026;4 300;4 300;4 300;4 300;9 252;39 783 600;0.35%
13/02/2026;4 345;4 375;4 375;4 345;5 324;23 212 640;1.05%
16/02/2026;4 350;4 340;4 350;4 340;3 390;14 729 550;0.12%
17/02/2026;4 360;4 350;4 360;4 350;1 930;8 405 150;0.23%
18/02/2026;4 400;4 360;4 400;4 360;3 664;16 048 320;0.92%
19/02/2026;4 450;4 405;4 450;4 405;5 035;22 292 463;1.14%
20/02/2026;4 460;4 400;4 460;4 400;4 889;21 804 940;0,22%
23/02/2026;4 475;4 460;4 475;4 460;17 262;77 247 450;0,34%
24/02/2026;4 470;4 470;4 470;4 470;3 799;16 981 530;-0,11%
25/02/2026;4 520;4 475;4 520;4 475;9 516;43 012 320;1,12%
26/02/2026;4 520;4 525;4 525;4 520;5 445;24 625 013;0.00%
27/02/2026;4 515;4 520;4 520;4 515;12 363;55 849 853;-0.11%
02/03/2026;4 700;4 550;4 700;4 550;3 734;17 269 750;4.10%
03/03/2026;4 700;4 700;4 700;4 700;4 735;22 254 500;0.00%
04/03/2026;4 695;4 700;4 700;4 695;2 061;9 681 548;-0.11%
05/03/2026;4 590;4 600;4 600;4 590;5 152;23 673 440;-0.22%
06/03/2026;4 595;4 595;4 600;4 600;3 185;14 635 075;0,11%
09/03/2026;4 655;4 595;4 655;4 595;5 677;26 426 435;1,31%
10/03/2026;4 705;4 655;4 705;4 655;8 815;41 474 575;1,07%
11/03/2026;4 730;4 705;4 730;4 705;4 303;20 353 190;0,53%
12/03/2026;4 750;4 735;4 750;4 735;4 635;22 016 250;0,42%
13/03/2026;4 755;4 750;4 755;4 750;5 790;27 531 450;0,11%
16/03/2026;4 755;4 750;4 755;4 750;5 790;27 531 450;0,00%
17/03/2026;4 770;4 760;4 770;4 760;7 359;35 102 430;0,32%
18/03/2026;4 785;4 765;4 785;4 765;4 765;22 752 875;0.31%
19/03/2026;4 760;4 770;4 770;4 760;7 006;33 383 590;-0.52%
20/03/2026;4 760;4 760;4 770;4 770;7 006;33 348 560;0,00%
23/03/2026;4 790;4 760;4 790;4 760;14 163;67 628 325;0.63%
24/03/2026;4 760;4 760;4 770;4 770;8 710;41 459 600;-0,63%
25/03/2026;4 760;4 760;4 765;4 765;23 706;112 840 560;0,00%
26/03/2026;4 695;4 760;4 760;4 695;4 167;19 699 493;-1.37%
27/03/2026;4 695;4 700;4 700;4 695;10 090;47 397 775;0.00%
30/03/2026;4 595;4 695;4 695;4 595;6 634;30 814 930;-2.13%
31/03/2026;4 680;4 600;4 680;4 600;9 490;44 413 200;1,85%
01/04/2026;4 680;4 680;4 695;4 695;3 775;17 667 000;0,00%
02/04/2026;4 600;4 600;4 600;4 600;4 117;18 938 200;-1,71%
03/04/2026;4 685;4 685;4 695;4 695;418;1 958 330;1,85%
06/04/2026;4 685;4 685;4 695;4 695;418;1 958 330;0,00%
07/04/2026;4 595;4 595;4 685;4 685;5 991;27 528 645;-1,92%
08/04/2026;4 650;4 600;4 650;4 600;4 432;20 498 000;1.20%
09/04/2026;4 645;4 595;4 645;4 595;1 392;6 431 040;-0.11%
10/04/2026;4 630;4 630;4 640;4 640;1 144;5 296 720;-0,32%
13/04/2026;4 580;4 580;4 630;4 630;4 235;19 396 300;-1,08%
14/04/2026;4 590;4 580;4 590;4 580;7 197;33 034 230;0,22%
15/04/2026;4 590;4 590;4 595;4 595;4 106;18 846 540;0,00%
16/04/2026;4 650;4 590;4 650;4 590;9 730;44 952 600;1.31%
17/04/2026;4 700;4 650;4 700;4 650;3 562;16 652 350;1.08%
20/04/2026;4 700;4 700;4 700;4 700;4 060;19 082 000;0.00%
21/04/2026;4 695;4 700;4 700;4 695;6 853;32 191 968;-0.11%
22/04/2026;4 675;4 675;4 690;4 690;2 892;13 520 100;-0,43%
23/04/2026;4 685;4 685;4 700;4 700;2 774;12 996 190;0,21%
24/04/2026;4 670;4 670;4 685;4 685;9 068;42 347 560;-0,32%
27/04/2026;4 670;4 670;4 670;4 670;10 322;48 203 740;0,00%
28/04/2026;4 670;4 670;4 670;4 670;8 964;41 861 880;0,00%
29/04/2026;4 670;4 670;4 670;4 670;2 671;12 473 570;0.00%
30/04/2026;4 670;4 670;4 675;4 675;3 114;14 542 380;0,00%
01/05/2026;4 670;4 675;4 675;4 670;3 114;14 550 165;0.00%
04/05/2026;4 700;4 670;4 700;4 670;14 009;65 632 165;0.64%
05/05/2026;4 700;4 690;4 700;4 690;4 930;23 146 350;0.00%
06/05/2026;4 680;4 690;4 690;4 680;4 529;21 218 365;-0.43%
07/05/2026;4 690;4 680;4 690;4 680;1 139;5 336 215;0.21%
08/05/2026;4 700;4 690;4 700;4 690;3 183;14 944 185;0.21%
11/05/2026;4 685;4 700;4 700;4 685;4 465;20 952 013;-0.32%
12/05/2026;4 680;4 695;4 695;4 680;4 155;19 476 563;-0.11%
13/05/2026;4 675;4 680;4 680;4 675;3 021;14 130 728;-0.11%
14/05/2026;4 675;4 680;4 680;4 675;3 021;14 130 728;0.00%
15/05/2026;4 690;4 685;4 690;4 685;9 992;46 837 500;0.32%
18/05/2026;4 690;4 690;4 690;4 690;7 503;35 189 070;0.00%
19/05/2026;4 900;4 690;4 900;4 690;4 871;23 356 445;4.48%
20/05/2026;4 900;4 850;4 900;4 850;5 088;24 804 000;0.00%
21/05/2026;4 940;4 915;4 940;4 915;2 209;10 884 848;0.82%
22/05/2026;4 990;4 960;4 990;4 960;3 684;18 327 900;1.01%
25/05/2026;4 990;4 960;4 990;4 960;3 684;18 327 900;0.00%
26/05/2026;5 000;4 995;5 000;4 995;7 441;37 186 398;0.20%
27/05/2026;5 000;4 995;5 000;4 995;7 441;37 186 398;0.00%
28/05/2026;5 090;5 000;5 090;5 000;3 765;18 994 425;1.80%
29/05/2026;5 200;5 015;5 200;5 015;7 833;40 007 048;2.16%
01/06/2026;5 245;5 300;5 300;5 245;7 144;37 666 740;0.87%
02/06/2026;4 980;5 000;5 000;4 980;5 787;28 877 130;-5.05%
03/06/2026;4 890;4 980;4 980;4 890;3 590;17 716 650;-1.81%
04/06/2026;4 690;4 875;4 875;4 690;8 068;38 585 210;-4.09%
05/06/2026;4 675;4 685;4 685;4 675;5 664;26 507 520;-0.32%
08/06/2026;4 665;4 665;4 665;4 665;6 058;28 260 570;-0.21%
09/06/2026;4 630;4 655;4 655;4 630;2 993;13 895 003;-0.75%
10/06/2026;4 635;4 655;4 655;4 635;5 810;26 987 450;0.11%
11/06/2026;4 630;4 635;4 635;4 630;3 901;18 071 383;-0.11%
12/06/2026;4 630;4 630;4 630;4 630;4 744;21 964 720;0.00%
15/06/2026;4 505;4 630;4 630;4 505;12 011;54 860 243;-2.70%
16/06/2026;4 435;4 505;4 505;4 435;8 367;37 400 490;-1.55%
17/06/2026;4 450;4 435;4 450;4 435;10 860;48 245 550;0.34%
18/06/2026;4 505;4 450;4 505;4 450;6 559;29 367 923;1.24%
19/06/2026;4 555;4 500;4 555;4 500;3 310;14 986 025;1.11%
22/06/2026;4 450;4 550;4 550;4 450;8 879;39 955 500;-2.31%
23/06/2026;4 425;4 425;4 425;4 425;4 247;18 792 975;-0.56%
24/06/2026;4 755;4 755;4 755;4 755;8 164;38 819 820;7.46%
25/06/2026;5 110;5 110;5 110;5 110;10 230;52 275 300;7.47%
26/06/2026;4 855;5 135;5 135;4 855;21 107;105 429 465;-4.99%
29/06/2026;5 000;5 000;5 000;5 000;8 047;40 235 000;2.99%
30/06/2026;4 980;5 000;5 000;4 980;15 079;75 244 210;-0.40%
01/07/2026;4 970;4 990;4 990;4 970;4 022;20 029 560;-0.20%
02/07/2026;4 965;4 970;4 970;4 965;4 008;19 909 740;-0.10%
03/07/2026;4 970;4 965;4 970;4 965;3 413;16 954 078;0.10%
06/07/2026;4 930;4 960;4 960;4 930;9 650;47 719 250;-0.80%
07/07/2026;5 100;4 950;5 100;4 950;26 476;133 041 900;3.45%
08/07/2026;5 395;5 100;5 395;5 100;11 802;61 930 995;5.78%
09/07/2026;5 425;5 400;5 425;5 400;9 120;49 362 000;0.56%
10/07/2026;5 450;5 400;5 450;5 400;6 237;33 835 725;0.46%
13/07/2026;5 595;5 450;5 595;5 450;4 423;24 426 018;2.66%
14/07/2026;5 685;5 600;5 685;5 600;2 961;16 707 443;1.61%
15/07/2026;5 680;5 685;5 685;5 680;4 872;27 685 140;-0.09%
16/07/2026;5 770;5 680;5 770;5 680;4 848;27 754 800;1.58%
17/07/2026;5 755;5 770;5 770;5 755;4 932;28 420 650;-0.26%
20/07/2026;5 700;5 750;5 750;5 700;5 498;31 476 050;-0.96%
21/07/2026;5 665;5 700;5 700;5 665;2 211;12 564 008;-0.61%
22/07/2026;5 630;5 655;5 655;5 630;3 931;22 180 668;-0.62%
23/07/2026;5 615;5 620;5 620;5 615;3 670;20 616 225;-0.27%
24/07/2026;5 600;5 615;5 615;5 600;4 824;27 050 580;-0.27%
27/07/2026;5 350;5 590;5 590;5 350;7 257;39 695 790;-4.46%
28/07/2026;5 630;5 350;5 630;5 350;8 125;44 606 250;5.23%
29/07/2026;5 675;5 630;5 675;5 630;12 275;69 384 438;0.80%
30/07/2026;5 660;5 675;5 675;5 660;4 027;22 823 023;-0.26%
31/07/2026;5 665;5 660;5 665;5 660;5 309;30 062 213;0.09%
03/08/2026;5 625;5 670;5 670;5 625;3 155;17 817 863;-0.71%
04/08/2026;5 590;5 625;5 625;5 590;2 883;16 166 423;-0.62%
05/08/2026;5 585;5 590;5 590;5 585;2 790;15 589 125;-0.09%
06/08/2026;5 590;5 585;5 590;5 585;849;4 743 788;0.09%
07/08/2026;5 590;5 585;5 590;5 585;849;4 743 788;0.00%
10/08/2026;5 700;5 595;5 700;5 595;6 483;36 612 743;1.97%
11/08/2026;5 850;5 725;5 850;5 725;4 486;25 962 725;2.63%
12/08/2026;6 050;5 855;6 050;5 855;6 087;36 232 868;3.42%
