Date;Clôture;Plus bas;Plus haut;Ouverture;Volume Titres;Volume FCFA;Variation %
03/01/2012;4 000;4 000;4 000;4 000;10;40 000;0.00%
04/01/2012;3 800;3 800;3 800;3 800;24;91 200;-5.00%
05/01/2012;3 800;3 800;3 800;3 800;39;148 200;0.00%
09/01/2012;3 800;3 800;3 800;3 800;1 400;5 320 000;0.00%
12/01/2012;4 000;4 000;4 000;4 000;27;108 000;5.26%
13/01/2012;3 900;3 900;3 900;3 900;10;39 000;-2.50%
17/01/2012;3 900;3 900;3 900;3 900;6;23 400;0.00%
18/01/2012;4 000;4 000;4 000;4 000;14;56 000;2.56%
19/01/2012;4 200;4 200;4 200;4 200;50;210 000;5.00%
20/01/2012;4 500;4 500;4 500;4 500;24;108 000;7.14%
23/01/2012;4 490;4 490;4 490;4 490;26;116 740;-0.22%
24/01/2012;4 490;4 490;4 490;4 490;15;67 350;0.00%
25/01/2012;4 290;4 290;4 290;4 290;46;197 340;-4.45%
26/01/2012;4 020;4 020;4 020;4 020;25;100 500;-6.29%
27/01/2012;3 719;3 719;3 719;3 719;106;394 214;-7.49%
30/01/2012;3 600;3 600;3 600;3 600;136;489 600;-3.20%
31/01/2012;3 650;3 650;3 650;3 650;62;226 300;1.39%
01/02/2012;3 719;3 719;3 719;3 719;106;394 214;1.89%
02/02/2012;3 720;3 720;3 720;3 720;20;74 400;0.03%
03/02/2012;3 720;3 720;3 720;3 720;10;37 200;0.00%
06/02/2012;3 800;3 800;3 800;3 800;26;98 800;2.15%
08/02/2012;3 800;3 800;3 800;3 800;2;7 600;0.00%
09/02/2012;3 850;3 850;3 850;3 850;16;61 600;1.32%
10/02/2012;4 000;4 000;4 000;4 000;122;488 000;3.90%
14/02/2012;4 000;4 000;4 000;4 000;13;52 000;0.00%
15/02/2012;4 000;4 000;4 000;4 000;5;20 000;0.00%
16/02/2012;4 000;4 000;4 000;4 000;39;156 000;0.00%
17/02/2012;4 000;4 000;4 000;4 000;16;64 000;0.00%
20/02/2012;3 980;3 980;3 980;3 980;112;445 760;-0.50%
21/02/2012;3 900;3 900;3 900;3 900;1 012;3 946 800;-2.01%
22/02/2012;3 900;3 900;3 900;3 900;352;1 372 800;0.00%
23/02/2012;3 900;3 900;3 900;3 900;295;1 150 500;0.00%
27/02/2012;4 100;4 100;4 100;4 100;14;57 400;5.13%
28/02/2012;4 300;4 300;4 300;4 300;30;129 000;4.88%
29/02/2012;4 300;4 300;4 300;4 300;20;86 000;0.00%
01/03/2012;4 300;4 300;4 300;4 300;560;2 408 000;0.00%
02/03/2012;4 200;4 200;4 200;4 200;127;533 400;-2.33%
05/03/2012;4 200;4 200;4 200;4 200;61;256 200;0.00%
06/03/2012;4 150;4 150;4 150;4 150;47;195 050;-1.19%
07/03/2012;4 150;4 150;4 150;4 150;30;124 500;0.00%
08/03/2012;4 150;4 150;4 150;4 150;24;99 600;0.00%
12/03/2012;4 150;4 150;4 150;4 150;5;20 750;0.00%
13/03/2012;4 000;4 000;4 000;4 000;2 326;9 304 000;-3.61%
14/03/2012;3 900;3 900;3 900;3 900;9;35 100;-2.50%
15/03/2012;3 900;3 900;3 900;3 900;56;218 400;0.00%
16/03/2012;3 900;3 900;3 900;3 900;50;195 000;0.00%
19/03/2012;4 000;4 000;4 000;4 000;369;1 476 000;2.56%
20/03/2012;4 000;4 000;4 000;4 000;56;224 000;0.00%
21/03/2012;4 000;4 000;4 000;4 000;100;400 000;0.00%
22/03/2012;4 000;4 000;4 000;4 000;10;40 000;0.00%
23/03/2012;3 900;3 900;3 900;3 900;98;382 200;-2.50%
26/03/2012;4 000;4 000;4 000;4 000;46;184 000;2.56%
27/03/2012;4 000;4 000;4 000;4 000;35;140 000;0.00%
28/03/2012;3 900;3 900;3 900;3 900;28;109 200;-2.50%
29/03/2012;3 900;3 900;3 900;3 900;1;3 900;0.00%
30/03/2012;4 000;4 000;4 000;4 000;133;532 000;2.56%
04/04/2012;4 000;4 000;4 000;4 000;1 241;4 964 000;2.56%
05/04/2012;4 000;4 000;4 000;4 000;15;60 000;0.00%
06/04/2012;4 000;4 000;4 000;4 000;685;2 740 000;0.00%
10/04/2012;4 000;4 000;4 000;4 000;13;52 000;0.00%
11/04/2012;3 900;3 900;3 900;3 900;10;39 000;-2.50%
12/04/2012;3 950;3 950;3 950;3 950;75;296 250;1.28%
13/04/2012;4 000;4 000;4 000;4 000;546;2 184 000;1.27%
16/04/2012;4 000;4 000;4 000;4 000;17;68 000;0.00%
17/04/2012;4 000;4 000;4 000;4 000;119;476 000;0.00%
18/04/2012;4 000;4 000;4 000;4 000;3;12 000;0.00%
19/04/2012;4 000;4 000;4 000;4 000;809;3 236 000;0.00%
20/04/2012;4 000;4 000;4 000;4 000;1;4 000;0.00%
23/04/2012;4 000;4 000;4 000;4 000;47;188 000;0.00%
24/04/2012;4 000;4 000;4 000;4 000;8;32 000;0.00%
26/04/2012;4 000;4 000;4 000;4 000;50;200 000;0.00%
30/04/2012;4 300;4 300;4 300;4 300;10;43 000;7.50%
02/05/2012;4 300;4 300;4 300;4 300;278;1 195 400;0.00%
03/05/2012;4 300;4 300;4 300;4 300;27;116 100;0.00%
04/05/2012;4 301;4 301;4 301;4 301;12;51 612;0.02%
07/05/2012;4 200;4 200;4 200;4 200;5 000;21 000 000;-2.35%
08/05/2012;4 301;4 301;4 301;4 301;205;881 705;2.40%
09/05/2012;4 301;4 301;4 301;4 301;33;141 933;0.00%
10/05/2012;4 210;4 210;4 210;4 210;9;37 890;-2.12%
11/05/2012;4 300;4 300;4 300;4 300;11;47 300;2.14%
14/05/2012;4 301;4 301;4 301;4 301;40;172 040;0.02%
15/05/2012;4 301;4 301;4 301;4 301;281;1 208 581;0.00%
16/05/2012;4 301;4 301;4 301;4 301;350;1 505 350;0.00%
18/05/2012;4 200;4 200;4 200;4 200;797;3 347 400;-2.35%
21/05/2012;4 200;4 200;4 200;4 200;303;1 272 600;0.00%
22/05/2012;4 200;4 200;4 200;4 200;4;16 800;0.00%
23/05/2012;4 200;4 200;4 200;4 200;81;340 200;0.00%
24/05/2012;4 200;4 200;4 200;4 200;27;113 400;0.00%
25/05/2012;4 200;4 200;4 200;4 200;10;42 000;0.00%
29/05/2012;4 200;4 200;4 200;4 200;362;1 520 400;0.00%
30/05/2012;4 210;4 210;4 210;4 210;15;63 150;0.24%
31/05/2012;4 200;4 200;4 200;4 200;262;1 100 400;-0.24%
11/06/2012;4 261;4 261;4 261;4 261;15;63 915;1.45%
12/06/2012;4 271;4 271;4 271;4 271;8;34 168;0.23%
14/06/2012;4 591;4 591;4 591;4 591;137;628 967;7.49%
15/06/2012;4 600;4 600;4 600;4 600;225;1 035 000;0.20%
18/06/2012;4 945;4 945;4 945;4 945;100;494 500;7.50%
19/06/2012;4 600;4 600;4 600;4 600;177;814 200;-6.98%
20/06/2012;4 600;4 600;4 600;4 600;14;64 400;0.00%
21/06/2012;4 500;4 500;4 500;4 500;29;130 500;-2.17%
22/06/2012;4 500;4 500;4 500;4 500;36;162 000;0.00%
25/06/2012;4 501;4 501;4 501;4 501;333;1 498 833;0.02%
26/06/2012;4 500;4 500;4 500;4 500;304;1 368 000;-0.02%
02/07/2012;4 500;4 500;4 500;4 500;55;247 500;0.00%
03/07/2012;4 500;4 500;4 500;4 500;72;324 000;0.00%
04/07/2012;4 500;4 500;4 500;4 500;12;54 000;0.00%
06/07/2012;4 600;4 600;4 600;4 600;8;36 800;2.22%
09/07/2012;4 500;4 500;4 500;4 500;45;202 500;-2.17%
11/07/2012;4 500;4 500;4 500;4 500;20;90 000;0.00%
12/07/2012;4 500;4 500;4 500;4 500;195;877 500;0.00%
13/07/2012;4 251;4 251;4 251;4 251;123;522 873;-5.53%
19/07/2012;4 500;4 500;4 500;4 500;4 432;19 944 000;5.86%
20/07/2012;4 500;4 500;4 500;4 500;14;63 000;0.00%
24/07/2012;4 500;4 500;4 500;4 500;18;81 000;0.00%
26/07/2012;4 400;4 400;4 400;4 400;17;74 800;-2.22%
27/07/2012;4 500;4 500;4 500;4 500;65;292 500;2.27%
30/07/2012;4 500;4 500;4 500;4 500;29;130 500;0.00%
01/08/2012;4 500;4 500;4 500;4 500;7;31 500;0.00%
02/08/2012;4 501;4 501;4 501;4 501;17;76 517;0.02%
08/08/2012;4 501;4 501;4 501;4 501;56;252 056;0.00%
09/08/2012;4 501;4 501;4 501;4 501;11;49 511;0.00%
10/08/2012;4 501;4 501;4 501;4 501;20;90 020;0.00%
14/08/2012;4 800;4 800;4 800;4 800;33;158 400;6.64%
17/08/2012;4 601;4 601;4 601;4 601;29;133 429;-4.15%
22/08/2012;4 600;4 600;4 600;4 600;30;138 000;-0.02%
23/08/2012;4 600;4 600;4 600;4 600;65;299 000;0.00%
24/08/2012;4 700;4 700;4 700;4 700;10;47 000;2.17%
27/08/2012;4 500;4 500;4 500;4 500;4 014;18 063 000;-4.26%
28/08/2012;4 500;4 500;4 500;4 500;2 411;10 849 500;0.00%
29/08/2012;4 500;4 500;4 500;4 500;118;531 000;0.00%
31/08/2012;4 600;4 600;4 600;4 600;10;46 000;2.22%
03/09/2012;4 600;4 600;4 600;4 600;2;9 200;0.00%
05/09/2012;4 800;4 800;4 800;4 800;10;48 000;4.35%
07/09/2012;4 810;4 810;4 810;4 810;10;48 100;0.21%
10/09/2012;4 600;4 600;4 600;4 600;150;690 000;-4.37%
11/09/2012;4 602;4 602;4 602;4 602;50;230 100;0.04%
12/09/2012;4 500;4 500;4 500;4 500;1 263;5 683 500;-2.22%
17/09/2012;4 700;4 700;4 700;4 700;10;47 000;4.44%
18/09/2012;4 805;4 805;4 805;4 805;13;62 465;2.23%
24/09/2012;4 750;4 750;4 750;4 750;106;503 500;-1.14%
25/09/2012;4 810;4 810;4 810;4 810;181;870 610;1.26%
26/09/2012;4 810;4 810;4 810;4 810;55;264 550;0.00%
28/09/2012;4 811;4 811;4 811;4 811;38;182 818;0.23%
02/10/2012;4 810;4 810;4 810;4 810;249;1 197 690;-0.02%
03/10/2012;4 800;4 800;4 800;4 800;107;513 600;-0.21%
08/10/2012;4 701;4 701;4 701;4 701;18;84 618;-2.06%
09/10/2012;4 700;4 700;4 700;4 700;467;2 194 900;-0.02%
10/10/2012;4 700;4 700;4 700;4 700;372;1 748 400;0.00%
11/10/2012;4 700;4 700;4 700;4 700;15;70 500;0.00%
15/10/2012;4 700;4 700;4 700;4 700;10;47 000;0.00%
16/10/2012;4 700;4 700;4 700;4 700;2 460;11 562 000;0.00%
17/10/2012;4 600;4 600;4 600;4 600;174;800 400;-2.13%
18/10/2012;4 600;4 600;4 600;4 600;197;906 200;0.00%
19/10/2012;4 500;4 500;4 500;4 500;411;1 849 500;-2.17%
22/10/2012;4 600;4 600;4 600;4 600;18;82 800;2.22%
23/10/2012;4 700;4 700;4 700;4 700;64;300 800;2.17%
24/10/2012;4 700;4 700;4 700;4 700;4;18 800;0.00%
25/10/2012;4 700;4 700;4 700;4 700;75;352 500;0.00%
30/10/2012;4 700;4 700;4 700;4 700;808;3 797 600;0.00%
31/10/2012;4 700;4 700;4 700;4 700;13;61 100;0.00%
02/11/2012;4 700;4 700;4 700;4 700;252;1 184 400;0.00%
05/11/2012;4 700;4 700;4 700;4 700;36;169 200;0.00%
07/11/2012;4 900;4 900;4 900;4 900;125;612 500;4.26%
12/11/2012;5 268;5 268;5 268;5 268;8;42 144;7.51%
13/11/2012;5 268;5 268;5 268;5 268;20;105 360;0.00%
14/11/2012;5 663;5 663;5 663;5 663;225;1 274 175;7.50%
16/11/2012;6 087;6 087;6 087;6 087;75;456 525;7.49%
19/11/2012;5 900;5 900;5 900;5 900;331;1 952 900;-3.07%
20/11/2012;5 800;5 800;5 800;5 800;149;864 200;-1.69%
22/11/2012;5 500;5 500;5 500;5 500;748;4 114 000;-5.17%
26/11/2012;5 600;5 600;5 600;5 600;1 000;5 600 000;1.82%
27/11/2012;5 600;5 600;5 600;5 600;2 010;11 256 000;0.00%
28/11/2012;5 600;5 600;5 600;5 600;645;3 612 000;0.00%
29/11/2012;5 600;5 600;5 600;5 600;215;1 204 000;0.00%
30/11/2012;5 300;5 300;5 300;5 300;66;349 800;-5.36%
03/12/2012;5 300;5 300;5 300;5 300;13;68 900;0.00%
04/12/2012;5 600;5 600;5 600;5 600;45;252 000;5.66%
05/12/2012;5 500;5 500;5 500;5 500;30;165 000;-1.79%
06/12/2012;5 500;5 500;5 500;5 500;3 169;17 429 500;0.00%
07/12/2012;5 500;5 500;5 500;5 500;551;3 030 500;0.00%
10/12/2012;5 913;5 913;5 913;5 913;168;993 384;7.51%
11/12/2012;6 000;6 000;6 000;6 000;204;1 224 000;1.47%
13/12/2012;5 990;5 990;5 990;5 990;21;125 790;-0.17%
17/12/2012;5 990;5 990;5 990;5 990;17;101 830;0.00%
18/12/2012;5 900;5 900;5 900;5 900;52;306 800;-1.50%
19/12/2012;5 600;5 600;5 600;5 600;551;3 085 600;-5.08%
21/12/2012;5 900;5 900;5 900;5 900;294;1 734 600;5.36%
24/12/2012;5 900;5 900;5 900;5 900;217;1 280 300;0.00%
27/12/2012;5 900;5 900;5 900;5 900;60;354 000;4.42%
28/12/2012;5 900;5 900;5 900;5 900;20;118 000;0.00%
31/12/2012;5 900;5 900;5 900;5 900;110;649 000;0.00%
02/01/2013;5 901;5 901;5 901;5 901;8;47 208;0.02%
03/01/2013;5 900;5 900;5 900;5 900;544;3 209 600;-0.02%
04/01/2013;5 900;5 900;5 900;5 900;83;489 700;0.00%
07/01/2013;5 900;5 900;5 900;5 900;590;3 481 000;0.00%
10/01/2013;6 343;6 343;6 343;6 343;11;69 773;7.51%
11/01/2013;5 900;5 900;5 900;5 900;773;4 560 700;-6.98%
14/01/2013;5 900;5 900;5 900;5 900;333;1 964 700;0.00%
15/01/2013;5 801;5 801;5 801;5 801;12;69 612;-1.68%
16/01/2013;5 900;5 900;5 900;5 900;2 545;15 015 500;1.71%
17/01/2013;5 900;5 900;5 900;5 900;5;29 500;0.00%
18/01/2013;5 900;5 900;5 900;5 900;8;47 200;0.00%
21/01/2013;5 900;5 900;5 900;5 900;61;359 900;0.00%
22/01/2013;5 800;5 800;5 800;5 800;947;5 492 600;-1.69%
23/01/2013;5 800;5 800;5 800;5 800;1 522;8 827 600;0.00%
25/01/2013;5 800;5 800;5 800;5 800;636;3 688 800;0.00%
28/01/2013;5 800;5 800;5 800;5 800;23;133 400;0.00%
30/01/2013;6 005;6 005;6 005;6 005;25;150 125;3.53%
31/01/2013;5 900;5 900;5 900;5 900;1 817;10 720 300;-1.75%
01/02/2013;5 900;5 900;5 900;5 900;6;35 400;0.00%
04/02/2013;5 900;5 900;5 900;5 900;556;3 280 400;0.00%
05/02/2013;5 900;5 900;5 900;5 900;45;265 500;0.00%
06/02/2013;6 000;6 000;6 000;6 000;329;1 974 000;1.69%
07/02/2013;5 900;5 900;5 900;5 900;133;784 700;-1.67%
08/02/2013;6 343;6 343;6 343;6 343;49;310 807;7.51%
11/02/2013;6 343;6 343;6 343;6 343;20;126 860;0.00%
12/02/2013;6 343;6 343;6 343;6 343;796;5 049 028;0.00%
13/02/2013;6 500;6 500;6 500;6 500;115;747 500;2.48%
14/02/2013;6 500;6 500;6 500;6 500;83;539 500;0.00%
15/02/2013;6 900;6 900;6 900;6 900;9;62 100;6.15%
18/02/2013;6 900;6 900;6 900;6 900;21;144 900;0.00%
19/02/2013;6 900;6 900;6 900;6 900;614;4 236 600;0.00%
20/02/2013;6 900;6 900;6 900;6 900;200;1 380 000;0.00%
21/02/2013;6 900;6 900;6 900;6 900;76;524 400;0.00%
22/02/2013;6 900;6 900;6 900;6 900;113;779 700;0.00%
25/02/2013;6 900;6 900;6 900;6 900;332;2 290 800;0.00%
26/02/2013;6 890;6 890;6 890;6 890;110;757 900;-0.14%
27/02/2013;6 799;6 799;6 799;6 799;710;4 827 290;-1.32%
01/03/2013;6 300;6 300;6 300;6 300;222;1 398 600;-7.34%
04/03/2013;6 200;6 200;6 200;6 200;530;3 286 000;-1.59%
05/03/2013;6 665;6 665;6 665;6 665;700;4 665 500;7.50%
06/03/2013;6 600;6 600;6 600;6 600;320;2 112 000;-0.98%
07/03/2013;6 200;6 200;6 200;6 200;19;117 800;-6.06%
08/03/2013;6 600;6 600;6 600;6 600;998;6 586 800;6.45%
11/03/2013;6 200;6 200;6 200;6 200;105;651 000;-6.06%
12/03/2013;6 600;6 600;6 600;6 600;9;59 400;6.45%
13/03/2013;6 200;6 200;6 200;6 200;414;2 566 800;-6.06%
14/03/2013;6 200;6 200;6 200;6 200;57;353 400;0.00%
15/03/2013;5 800;5 800;5 800;5 800;46;266 800;-6.45%
18/03/2013;6 000;6 000;6 000;6 000;1 144;6 864 000;3.45%
19/03/2013;6 000;6 000;6 000;6 000;903;5 418 000;0.00%
20/03/2013;6 000;6 000;6 000;6 000;241;1 446 000;0.00%
21/03/2013;6 000;6 000;6 000;6 000;346;2 076 000;0.00%
22/03/2013;6 000;6 000;6 000;6 000;220;1 320 000;0.00%
25/03/2013;6 000;6 000;6 000;6 000;441;2 646 000;0.00%
27/03/2013;6 000;6 000;6 000;6 000;15 377;92 262 000;0.00%
28/03/2013;6 000;6 000;6 000;6 000;239;1 434 000;0.00%
29/03/2013;6 000;6 000;6 000;6 000;515;3 090 000;0.00%
02/04/2013;6 000;6 000;6 000;6 000;421;2 526 000;0.00%
03/04/2013;6 000;6 000;6 000;6 000;349;2 094 000;0.00%
04/04/2013;5 900;5 900;5 900;5 900;1 272;7 504 800;-1.67%
05/04/2013;5 900;5 900;5 900;5 900;1 277;7 534 300;0.00%
08/04/2013;5 900;5 900;5 900;5 900;361;2 129 900;0.00%
09/04/2013;5 900;5 900;5 900;5 900;232;1 368 800;0.00%
10/04/2013;5 899;5 899;5 899;5 899;513;3 026 187;-0.02%
11/04/2013;5 890;5 890;5 890;5 890;1 203;7 085 670;-0.15%
12/04/2013;5 800;5 800;5 800;5 800;3 833;22 231 400;-1.53%
15/04/2013;5 800;5 800;5 800;5 800;1 291;7 487 800;0.00%
16/04/2013;5 950;5 950;5 950;5 950;344;2 046 800;2.59%
17/04/2013;6 001;6 001;6 001;6 001;118;708 118;0.86%
18/04/2013;6 000;6 000;6 000;6 000;155;930 000;-0.02%
19/04/2013;6 000;6 000;6 000;6 000;149;894 000;0.00%
22/04/2013;6 000;6 000;6 000;6 000;233;1 398 000;0.00%
23/04/2013;6 000;6 000;6 000;6 000;107;642 000;0.00%
24/04/2013;6 000;6 000;6 000;6 000;10;60 000;0.00%
25/04/2013;6 000;6 000;6 000;6 000;119;714 000;0.00%
26/04/2013;6 000;6 000;6 000;6 000;474;2 844 000;0.00%
29/04/2013;6 000;6 000;6 000;6 000;33;198 000;0.00%
30/04/2013;6 000;6 000;6 000;6 000;556;3 336 000;0.00%
02/05/2013;6 450;6 450;6 450;6 450;566;3 650 700;7.50%
03/05/2013;6 460;6 460;6 460;6 460;86;555 560;0.16%
06/05/2013;6 150;6 150;6 150;6 150;42;258 300;-4.80%
07/05/2013;6 200;6 200;6 200;6 200;312;1 934 400;0.81%
08/05/2013;6 300;6 300;6 300;6 300;72;453 600;1.61%
10/05/2013;6 300;6 300;6 300;6 300;100;630 000;0.00%
14/05/2013;6 773;6 773;6 773;6 773;30;203 190;7.51%
15/05/2013;6 500;6 500;6 500;6 500;147;955 500;-4.03%
16/05/2013;6 500;6 500;6 500;6 500;163;1 059 500;0.00%
17/05/2013;6 900;6 900;6 900;6 900;54;372 600;6.15%
21/05/2013;6 600;6 600;6 600;6 600;10;66 000;-4.35%
22/05/2013;6 615;6 615;6 615;6 615;32;211 680;0.23%
23/05/2013;6 650;6 650;6 650;6 650;31;206 150;0.53%
24/05/2013;7 000;7 000;7 000;7 000;50;350 000;5.26%
27/05/2013;7 000;7 000;7 000;7 000;31;217 000;0.00%
29/05/2013;7 000;7 000;7 000;7 000;6 877;48 139 000;0.00%
30/05/2013;6 500;6 500;6 500;6 500;433;2 814 500;-7.14%
31/05/2013;6 988;6 988;6 988;6 988;81;566 028;7.51%
03/06/2013;6 900;6 900;6 900;6 900;220;1 518 000;-1.26%
04/06/2013;6 500;6 500;6 500;6 500;25;162 500;-5.80%
05/06/2013;6 700;6 700;6 700;6 700;200;1 340 000;3.08%
06/06/2013;6 500;6 500;6 500;6 500;15;97 500;-2.99%
07/06/2013;6 890;6 890;6 890;6 890;165;1 136 850;6.00%
10/06/2013;7 399;7 399;7 399;7 399;80;591 920;7.39%
12/06/2013;7 190;7 190;7 190;7 190;358;2 574 020;-2.82%
14/06/2013;6 700;6 700;6 700;6 700;101;676 700;-6.82%
17/06/2013;6 700;6 700;6 700;6 700;139;931 300;0.00%
18/06/2013;7 203;7 203;7 203;7 203;75;540 225;7.51%
19/06/2013;7 300;7 300;7 300;7 300;108;788 400;1.35%
20/06/2013;6 800;6 800;6 800;6 800;292;1 985 600;-6.85%
21/06/2013;7 100;7 100;7 100;7 100;112;795 200;4.41%
25/06/2013;7 300;7 300;7 300;7 300;26;189 800;4.43%
26/06/2013;7 000;7 000;7 000;7 000;234;1 638 000;-4.11%
27/06/2013;7 000;7 000;7 000;7 000;317;2 219 000;0.00%
28/06/2013;7 000;7 000;7 000;7 000;60;420 000;0.00%
01/07/2013;7 000;7 000;7 000;7 000;8;56 000;0.00%
02/07/2013;6 851;6 851;6 851;6 851;15;102 765;-2.13%
03/07/2013;7 000;7 000;7 000;7 000;69;483 000;2.17%
08/07/2013;7 500;7 500;7 500;7 500;69;517 500;7.14%
09/07/2013;7 001;7 001;7 001;7 001;284;1 988 284;-6.65%
10/07/2013;7 500;7 500;7 500;7 500;18;135 000;7.13%
11/07/2013;7 300;7 300;7 300;7 300;300;2 190 000;-2.67%
12/07/2013;6 850;6 850;6 850;6 850;310;2 123 500;-6.16%
15/07/2013;6 800;6 800;6 800;6 800;40;272 000;-0.73%
16/07/2013;6 850;6 850;6 850;6 850;92;630 200;0.74%
17/07/2013;6 850;6 850;6 850;6 850;429;2 938 650;0.00%
18/07/2013;6 870;6 870;6 870;6 870;15;103 050;0.29%
19/07/2013;6 891;6 891;6 891;6 891;391;2 694 381;0.31%
22/07/2013;6 891;6 891;6 891;6 891;67;461 697;0.00%
23/07/2013;6 891;6 891;6 891;6 891;298;2 053 518;0.00%
25/07/2013;6 891;6 891;6 891;6 891;62;427 242;0.00%
26/07/2013;6 900;6 900;6 900;6 900;22;151 800;0.13%
29/07/2013;6 891;6 891;6 891;6 891;114;785 574;-0.13%
30/07/2013;6 891;6 891;6 891;6 891;74;509 934;0.00%
31/07/2013;6 900;6 900;6 900;6 900;12;82 800;0.13%
02/08/2013;6 901;6 901;6 901;6 901;30;207 030;0.01%
05/08/2013;6 900;6 900;6 900;6 900;9;62 100;-0.01%
06/08/2013;6 850;6 850;6 850;6 850;8 949;61 300 650;-0.72%
09/08/2013;6 500;6 500;6 500;6 500;216;1 404 000;-5.11%
12/08/2013;6 013;6 013;6 013;6 013;124;745 612;-7.49%
13/08/2013;6 460;6 460;6 460;6 460;100;646 000;7.43%
14/08/2013;6 500;6 500;6 500;6 500;337;2 190 500;0.62%
16/08/2013;6 450;6 450;6 450;6 450;200;1 290 000;-0.77%
19/08/2013;6 450;6 450;6 450;6 450;513;3 308 850;0.00%
20/08/2013;6 440;6 440;6 440;6 440;95;611 800;-0.16%
21/08/2013;6 439;6 439;6 439;6 439;53;341 267;-0.02%
22/08/2013;6 200;6 200;6 200;6 200;610;3 782 000;-3.71%
23/08/2013;6 100;6 100;6 100;6 100;1 086;6 624 600;-1.61%
26/08/2013;6 100;6 100;6 100;6 100;335;2 043 500;0.00%
27/08/2013;6 100;6 100;6 100;6 100;159;969 900;0.00%
28/08/2013;6 100;6 100;6 100;6 100;458;2 793 800;0.00%
29/08/2013;6 000;6 000;6 000;6 000;511;3 066 000;-1.64%
30/08/2013;6 000;6 000;6 000;6 000;574;3 444 000;0.00%
02/09/2013;6 000;6 000;6 000;6 000;124;744 000;0.00%
03/09/2013;6 000;6 000;6 000;6 000;252;1 512 000;0.00%
04/09/2013;6 000;6 000;6 000;6 000;513;3 078 000;0.00%
05/09/2013;6 000;6 000;6 000;6 000;880;5 280 000;0.00%
06/09/2013;6 000;6 000;6 000;6 000;1 003;6 018 000;0.00%
09/09/2013;6 000;6 000;6 000;6 000;545;3 270 000;0.00%
10/09/2013;6 000;6 000;6 000;6 000;400;2 400 000;0.00%
11/09/2013;5 999;5 999;5 999;5 999;532;3 191 468;-0.02%
12/09/2013;6 000;6 000;6 000;6 000;560;3 360 000;0.02%
13/09/2013;6 000;6 000;6 000;6 000;1 119;6 714 000;0.00%
16/09/2013;6 011;6 011;6 011;6 011;72;432 792;0.18%
17/09/2013;6 440;6 440;6 440;6 440;596;3 838 240;7.14%
18/09/2013;6 060;6 060;6 060;6 060;347;2 102 820;-5.90%
19/09/2013;6 100;6 100;6 100;6 100;280;1 708 000;0.66%
20/09/2013;6 100;6 100;6 100;6 100;180;1 098 000;0.00%
25/09/2013;6 200;6 200;6 200;6 200;175;1 085 000;2.12%
27/09/2013;6 500;6 500;6 500;6 500;2 117;13 760 500;4.84%
30/09/2013;6 500;6 500;6 500;6 500;15;97 500;0.00%
01/10/2013;6 450;6 450;6 450;6 450;133;857 850;-0.77%
02/10/2013;6 500;6 500;6 500;6 500;10;65 000;0.78%
03/10/2013;6 500;6 500;6 500;6 500;99;643 500;0.00%
04/10/2013;6 500;6 500;6 500;6 500;14;91 000;0.00%
07/10/2013;6 650;6 650;6 650;6 650;59;392 350;2.31%
08/10/2013;6 550;6 550;6 550;6 550;123;805 650;-1.50%
09/10/2013;6 600;6 600;6 600;6 600;50;330 000;0.76%
10/10/2013;6 600;6 600;6 600;6 600;18;118 800;0.00%
11/10/2013;6 649;6 649;6 649;6 649;6;39 894;0.74%
14/10/2013;6 600;6 600;6 600;6 600;18;118 800;-0.74%
16/10/2013;6 649;6 649;6 649;6 649;119;791 231;0.74%
17/10/2013;6 700;6 700;6 700;6 700;18;120 600;0.77%
18/10/2013;7 000;7 000;7 000;7 000;17;119 000;4.48%
21/10/2013;7 000;7 000;7 000;7 000;6;42 000;0.00%
22/10/2013;6 901;6 901;6 901;6 901;117;807 417;-1.41%
23/10/2013;6 950;6 950;6 950;6 950;31;215 450;0.71%
24/10/2013;7 001;7 001;7 001;7 001;344;2 408 344;0.73%
25/10/2013;7 062;7 062;7 062;7 062;34;240 108;0.87%
28/10/2013;7 062;7 062;7 062;7 062;10;70 620;0.00%
29/10/2013;6 532;6 532;6 532;6 532;1 875;12 247 500;-7.50%
30/10/2013;6 043;6 043;6 043;6 043;263;1 589 309;-7.49%
31/10/2013;6 110;6 110;6 110;6 110;141;861 510;1.11%
04/11/2013;6 560;6 560;6 560;6 560;613;4 021 280;7.36%
05/11/2013;6 603;6 603;6 603;6 603;481;3 176 043;0.66%
06/11/2013;6 650;6 650;6 650;6 650;648;4 309 200;0.71%
08/11/2013;6 305;6 305;6 305;6 305;31;195 455;-5.19%
11/11/2013;6 650;6 650;6 650;6 650;59;392 350;5.47%
12/11/2013;6 401;6 401;6 401;6 401;29;185 629;-3.74%
13/11/2013;6 350;6 350;6 350;6 350;59;374 650;-0.80%
14/11/2013;6 350;6 350;6 350;6 350;100;635 000;0.00%
18/11/2013;6 351;6 351;6 351;6 351;20;127 020;0.02%
19/11/2013;6 355;6 355;6 355;6 355;74;470 270;0.06%
20/11/2013;6 360;6 360;6 360;6 360;255;1 621 800;0.08%
21/11/2013;6 360;6 360;6 360;6 360;105;667 800;0.00%
22/11/2013;6 400;6 400;6 400;6 400;83;531 200;0.63%
25/11/2013;6 550;6 550;6 550;6 550;416;2 724 800;2.34%
26/11/2013;6 450;6 450;6 450;6 450;327;2 109 150;-1.53%
27/11/2013;6 350;6 350;6 350;6 350;150;952 500;-1.55%
28/11/2013;6 300;6 300;6 300;6 300;30;189 000;-0.79%
29/11/2013;6 400;6 400;6 400;6 400;15;96 000;1.59%
02/12/2013;6 400;6 400;6 400;6 400;143;915 200;0.00%
03/12/2013;6 400;6 400;6 400;6 400;24;153 600;0.00%
04/12/2013;6 590;6 590;6 590;6 590;246;1 621 140;2.97%
05/12/2013;6 590;6 590;6 590;6 590;23;151 570;0.00%
06/12/2013;6 500;6 500;6 500;6 500;300;1 950 000;-1.37%
09/12/2013;6 500;6 500;6 500;6 500;586;3 809 000;0.00%
10/12/2013;6 500;6 500;6 500;6 500;147;955 500;0.00%
11/12/2013;6 500;6 500;6 500;6 500;28;182 000;0.00%
12/12/2013;6 630;6 630;6 630;6 630;265;1 756 950;2.00%
13/12/2013;7 100;7 100;7 100;7 100;105;745 500;7.09%
16/12/2013;7 150;7 150;7 150;7 150;15;107 250;0.70%
17/12/2013;7 200;7 200;7 200;7 200;5;36 000;0.70%
18/12/2013;7 089;7 089;7 089;7 089;28;198 492;-1.54%
19/12/2013;7 000;7 000;7 000;7 000;29;203 000;-1.26%
20/12/2013;6 800;6 800;6 800;6 800;238;1 618 400;-2.86%
26/12/2013;6 901;6 901;6 901;6 901;15;103 515;1.49%
27/12/2013;7 000;7 000;7 000;7 000;5;35 000;1.43%
31/12/2013;7 500;7 500;7 500;7 500;157;1 177 500;7.14%
02/01/2014;6 938;6 938;6 938;6 938;3;20 814;-7.49%
03/01/2014;7 076;7 076;7 076;7 076;21;148 596;1.99%
06/01/2014;7 000;7 000;7 000;7 000;2;14 000;-1.07%
07/01/2014;7 000;7 000;7 000;7 000;16;112 000;0.00%
08/01/2014;7 200;7 200;7 200;7 200;499;3 592 800;2.86%
09/01/2014;7 200;7 200;7 200;7 200;124;892 800;0.00%
10/01/2014;7 200;7 200;7 200;7 200;28;201 600;0.00%
14/01/2014;7 200;7 200;7 200;7 200;136;979 200;0.00%
15/01/2014;7 251;7 251;7 251;7 251;228;1 653 228;0.71%
16/01/2014;7 200;7 200;7 200;7 200;56;403 200;-0.70%
17/01/2014;7 200;7 200;7 200;7 200;9;64 800;0.00%
21/01/2014;7 500;7 500;7 500;7 500;73;547 500;4.17%
22/01/2014;7 500;7 500;7 500;7 500;50;375 000;0.00%
24/01/2014;7 500;7 500;7 500;7 500;270;2 025 000;0.00%
28/01/2014;7 250;7 250;7 250;7 250;65;471 250;-3.33%
29/01/2014;7 250;7 250;7 250;7 250;45;326 250;0.00%
30/01/2014;7 500;7 500;7 500;7 500;369;2 767 500;3.45%
31/01/2014;7 500;7 500;7 500;7 500;200;1 500 000;0.00%
03/02/2014;7 500;7 500;7 500;7 500;550;4 125 000;0.00%
04/02/2014;7 300;7 300;7 300;7 300;20;146 000;-2.67%
05/02/2014;7 601;7 601;7 601;7 601;271;2 059 871;4.12%
06/02/2014;7 700;7 700;7 700;7 700;10;77 000;1.30%
07/02/2014;7 610;7 610;7 610;7 610;61;464 210;-1.17%
10/02/2014;7 601;7 601;7 601;7 601;152;1 155 352;-0.12%
11/02/2014;7 601;7 601;7 601;7 601;3 581;27 219 181;0.00%
12/02/2014;7 700;7 700;7 700;7 700;158;1 216 600;1.30%
13/02/2014;7 600;7 600;7 600;7 600;590;4 484 000;-1.30%
14/02/2014;7 450;7 450;7 450;7 450;8;59 600;-1.97%
17/02/2014;7 400;7 400;7 400;7 400;53;392 200;-0.67%
18/02/2014;7 400;7 400;7 400;7 400;94;695 600;0.00%
19/02/2014;7 400;7 400;7 400;7 400;249;1 842 600;0.00%
20/02/2014;7 599;7 599;7 599;7 599;1;7 599;2.69%
21/02/2014;7 350;7 350;7 350;7 350;6;44 100;-3.28%
24/02/2014;7 380;7 380;7 380;7 380;9;66 420;0.41%
25/02/2014;7 400;7 400;7 400;7 400;100;740 000;0.27%
26/02/2014;7 400;7 400;7 400;7 400;37;273 800;0.00%
27/02/2014;7 400;7 400;7 400;7 400;56;414 400;0.00%
28/02/2014;7 400;7 400;7 400;7 400;620;4 588 000;0.00%
03/03/2014;7 400;7 400;7 400;7 400;105;777 000;0.00%
04/03/2014;7 400;7 400;7 400;7 400;65;481 000;0.00%
05/03/2014;7 400;7 400;7 400;7 400;751;5 557 400;0.00%
06/03/2014;7 400;7 400;7 400;7 400;3;22 200;0.00%
07/03/2014;7 500;7 500;7 500;7 500;2;15 000;1.35%
10/03/2014;7 550;7 550;7 550;7 550;58;437 900;0.67%
11/03/2014;7 690;7 690;7 690;7 690;74;569 060;1.85%
12/03/2014;7 400;7 400;7 400;7 400;33;244 200;-3.77%
13/03/2014;7 400;7 400;7 400;7 400;82;606 800;0.00%
14/03/2014;7 351;7 351;7 351;7 351;10;73 510;-0.66%
17/03/2014;7 351;7 351;7 351;7 351;70;514 570;0.00%
18/03/2014;7 351;7 351;7 351;7 351;12;88 212;0.00%
19/03/2014;7 350;7 350;7 350;7 350;178;1 308 300;-0.01%
20/03/2014;7 200;7 200;7 200;7 200;30;216 000;-2.04%
24/03/2014;7 350;7 350;7 350;7 350;32;235 200;0.14%
25/03/2014;7 350;7 350;7 350;7 350;20;147 000;0.00%
26/03/2014;7 350;7 350;7 350;7 350;437;3 211 950;0.00%
27/03/2014;7 300;7 300;7 300;7 300;69;503 700;-0.68%
28/03/2014;7 250;7 250;7 250;7 250;100;725 000;-0.68%
31/03/2014;7 251;7 251;7 251;7 251;15;108 765;0.01%
01/04/2014;7 150;7 150;7 150;7 150;300;2 145 000;-1.39%
03/04/2014;7 160;7 160;7 160;7 160;25;179 000;0.14%
04/04/2014;7 000;7 000;7 000;7 000;11;77 000;-2.23%
07/04/2014;7 000;7 000;7 000;7 000;162;1 134 000;0.00%
09/04/2014;7 340;7 340;7 340;7 340;50;367 000;4.86%
10/04/2014;7 300;7 300;7 300;7 300;12;87 600;-0.54%
11/04/2014;7 200;7 200;7 200;7 200;50;360 000;-1.37%
14/04/2014;7 100;7 100;7 100;7 100;2;14 200;-1.39%
15/04/2014;7 200;7 200;7 200;7 200;119;856 800;1.41%
16/04/2014;7 100;7 100;7 100;7 100;5;35 500;-1.39%
18/04/2014;7 100;7 100;7 100;7 100;38;269 800;0.00%
22/04/2014;6 950;6 950;6 950;6 950;109;757 550;-2.11%
23/04/2014;7 050;7 050;7 050;7 050;4;28 200;1.44%
24/04/2014;7 000;7 000;7 000;7 000;79;553 000;-0.71%
25/04/2014;6 475;6 475;6 475;6 475;31;200 725;-7.50%
28/04/2014;6 000;6 000;6 000;6 000;282;1 692 000;-7.34%
29/04/2014;6 450;6 450;6 450;6 450;51;328 950;7.50%
30/04/2014;6 934;6 934;6 934;6 934;1 427;9 894 818;7.50%
02/05/2014;7 000;7 000;7 000;7 000;1 045;7 315 000;0.95%
05/05/2014;6 500;6 500;6 500;6 500;203;1 319 500;-7.14%
06/05/2014;6 850;6 850;6 850;6 850;50;342 500;5.38%
07/05/2014;7 000;7 000;7 000;7 000;307;2 149 000;2.19%
08/05/2014;7 000;7 000;7 000;7 000;1 199;8 393 000;0.00%
09/05/2014;7 000;7 000;7 000;7 000;220;1 540 000;0.00%
12/05/2014;7 000;7 000;7 000;7 000;22;154 000;0.00%
13/05/2014;7 000;7 000;7 000;7 000;37;259 000;0.00%
14/05/2014;6 900;6 900;6 900;6 900;492;3 394 800;-1.43%
15/05/2014;6 900;6 900;6 900;6 900;276;1 904 400;0.00%
16/05/2014;6 900;6 900;6 900;6 900;143;986 700;0.00%
19/05/2014;6 900;6 900;6 900;6 900;250;1 725 000;0.00%
20/05/2014;6 900;6 900;6 900;6 900;354;2 442 600;0.00%
21/05/2014;7 050;7 050;7 050;7 050;398;2 805 900;2.17%
22/05/2014;7 050;7 050;7 050;7 050;16;112 800;0.00%
23/05/2014;7 500;7 500;7 500;7 500;10;75 000;6.38%
26/05/2014;7 500;7 500;7 500;7 500;14;105 000;0.00%
27/05/2014;7 500;7 500;7 500;7 500;30;225 000;0.00%
02/06/2014;7 500;7 500;7 500;7 500;30;225 000;0.00%
03/06/2014;7 001;7 001;7 001;7 001;51;357 051;-6.65%
04/06/2014;7 000;7 000;7 000;7 000;124;868 000;-0.01%
05/06/2014;7 000;7 000;7 000;7 000;3;21 000;0.00%
06/06/2014;7 001;7 001;7 001;7 001;12;84 012;0.01%
10/06/2014;7 001;7 001;7 001;7 001;74;518 074;0.00%
11/06/2014;7 200;7 200;7 200;7 200;414;2 980 800;2.84%
12/06/2014;7 350;7 350;7 350;7 350;894;6 570 900;2.08%
16/06/2014;7 101;7 101;7 101;7 101;14;99 414;-3.39%
17/06/2014;7 350;7 350;7 350;7 350;1 400;10 290 000;3.51%
18/06/2014;7 300;7 300;7 300;7 300;227;1 657 100;-0.68%
23/06/2014;7 200;7 200;7 200;7 200;81;583 200;-1.37%
24/06/2014;7 200;7 200;7 200;7 200;371;2 671 200;0.00%
25/06/2014;7 200;7 200;7 200;7 200;10;72 000;0.00%
26/06/2014;7 200;7 200;7 200;7 200;801;5 767 200;0.00%
27/06/2014;7 260;7 260;7 260;7 260;2 000;14 520 000;0.83%
30/06/2014;7 200;7 200;7 200;7 200;55;396 000;-0.83%
01/07/2014;7 200;7 200;7 200;7 200;50;360 000;0.00%
02/07/2014;7 000;7 000;7 000;7 000;462;3 234 000;-2.78%
03/07/2014;7 100;7 100;7 100;7 100;326;2 314 600;1.43%
04/07/2014;7 000;7 000;7 000;7 000;597;4 179 000;-1.41%
07/07/2014;7 100;7 100;7 100;7 100;30;213 000;1.43%
08/07/2014;7 000;7 000;7 000;7 000;175;1 225 000;-1.41%
09/07/2014;7 000;7 000;7 000;7 000;536;3 752 000;0.00%
10/07/2014;7 000;7 000;7 000;7 000;517;3 619 000;0.00%
11/07/2014;7 000;7 000;7 000;7 000;491;3 437 000;0.00%
16/07/2014;6 900;6 900;6 900;6 900;5;34 500;-1.43%
17/07/2014;7 000;7 000;7 000;7 000;2;14 000;1.45%
18/07/2014;7 000;7 000;7 000;7 000;18;126 000;0.00%
21/07/2014;7 000;7 000;7 000;7 000;22;154 000;0.00%
22/07/2014;7 000;7 000;7 000;7 000;52;364 000;0.00%
25/07/2014;7 000;7 000;7 000;7 000;47;329 000;0.00%
29/07/2014;7 010;7 010;7 010;7 010;20;140 200;0.14%
30/07/2014;7 010;7 010;7 010;7 010;3;21 030;0.00%
31/07/2014;7 200;7 200;7 200;7 200;325;2 340 000;2.71%
04/08/2014;7 200;7 200;7 200;7 200;59;424 800;0.00%
05/08/2014;7 200;7 200;7 200;7 200;8 069;58 096 800;0.00%
06/08/2014;7 300;7 300;7 300;7 300;80;584 000;1.39%
07/08/2014;7 300;7 300;7 300;7 300;800;5 840 000;0.00%
08/08/2014;7 300;7 300;7 300;7 300;1 519;11 088 700;0.00%
11/08/2014;7 600;7 600;7 600;7 600;538;4 088 800;4.11%
12/08/2014;7 300;7 300;7 300;7 300;250;1 825 000;-3.95%
14/08/2014;7 310;7 310;7 310;7 310;38;277 780;0.14%
18/08/2014;7 310;7 310;7 310;7 310;160;1 169 600;0.00%
19/08/2014;7 300;7 300;7 300;7 300;5;36 500;-0.14%
20/08/2014;7 300;7 300;7 300;7 300;6;43 800;0.00%
21/08/2014;7 600;7 600;7 600;7 600;88;668 800;4.11%
22/08/2014;8 170;8 170;8 170;8 170;59;482 030;7.50%
25/08/2014;7 709;7 709;7 709;7 709;26;200 434;-5.64%
26/08/2014;7 700;7 700;7 700;7 700;2;15 400;-0.12%
27/08/2014;7 700;7 700;7 700;7 700;9;69 300;0.00%
28/08/2014;7 510;7 510;7 510;7 510;41;307 910;-2.47%
29/08/2014;7 400;7 400;7 400;7 400;2 630;19 462 000;-1.46%
01/09/2014;7 500;7 500;7 500;7 500;379;2 842 500;1.35%
03/09/2014;7 500;7 500;7 500;7 500;23;172 500;0.00%
04/09/2014;7 600;7 600;7 600;7 600;79;600 400;1.33%
05/09/2014;7 500;7 500;7 500;7 500;37;277 500;-1.32%
08/09/2014;7 500;7 500;7 500;7 500;54;405 000;0.00%
09/09/2014;7 500;7 500;7 500;7 500;4;30 000;0.00%
10/09/2014;7 500;7 500;7 500;7 500;2 496;18 720 000;0.00%
11/09/2014;7 500;7 500;7 500;7 500;3;22 500;0.00%
12/09/2014;7 410;7 410;7 410;7 410;1 129;8 365 890;-1.20%
15/09/2014;7 410;7 410;7 410;7 410;193;1 430 130;0.00%
16/09/2014;7 900;7 900;7 900;7 900;9;71 100;6.61%
18/09/2014;7 700;7 700;7 700;7 700;33;254 100;1.32%
19/09/2014;7 550;7 550;7 550;7 550;15;113 250;-1.95%
22/09/2014;7 650;7 650;7 650;7 650;12;91 800;1.32%
23/09/2014;7 501;7 501;7 501;7 501;11;82 511;-1.95%
24/09/2014;7 601;7 601;7 601;7 601;359;2 728 759;1.33%
25/09/2014;7 850;7 850;7 850;7 850;121;949 850;3.28%
29/09/2014;8 000;8 000;8 000;8 000;686;5 488 000;1.91%
30/09/2014;8 250;8 250;8 250;8 250;514;4 240 500;3.13%
02/10/2014;8 100;8 100;8 100;8 100;1 740;14 094 000;-1.82%
03/10/2014;8 700;8 700;8 700;8 700;2 404;20 914 800;7.41%
06/10/2014;8 800;8 800;8 800;8 800;4;35 200;1.15%
07/10/2014;9 400;9 400;9 400;9 400;55;517 000;6.82%
08/10/2014;9 180;9 180;9 180;9 180;146;1 340 280;-2.34%
09/10/2014;9 201;9 201;9 201;9 201;329;3 027 129;0.23%
10/10/2014;9 200;9 200;9 200;9 200;68;625 600;-0.01%
14/10/2014;9 199;9 199;9 199;9 199;10;91 990;-0.01%
15/10/2014;9 000;9 000;9 000;9 000;27;243 000;-2.16%
16/10/2014;9 200;9 200;9 200;9 200;852;7 838 400;2.22%
17/10/2014;9 500;9 500;9 500;9 500;1 851;17 584 500;3.26%
20/10/2014;9 700;9 700;9 700;9 700;130;1 261 000;2.11%
22/10/2014;9 600;9 600;9 600;9 600;2;19 200;-1.03%
23/10/2014;9 500;9 500;9 500;9 500;251;2 384 500;-1.04%
24/10/2014;9 595;9 595;9 595;9 595;1 000;9 595 000;1.00%
28/10/2014;9 500;9 500;9 500;9 500;1 191;11 314 500;-0.99%
29/10/2014;9 301;9 301;9 301;9 301;77;716 177;-2.09%
30/10/2014;9 300;9 300;9 300;9 300;530;4 929 000;-0.01%
31/10/2014;9 200;9 200;9 200;9 200;200;1 840 000;-1.08%
03/11/2014;9 444;9 444;9 444;9 444;656;6 195 264;2.65%
04/11/2014;9 000;9 000;9 000;9 000;10;90 000;-4.70%
05/11/2014;9 500;9 500;9 500;9 500;1 005;9 547 500;5.56%
06/11/2014;9 000;9 000;9 000;9 000;7;63 000;-5.26%
07/11/2014;9 200;9 200;9 200;9 200;50;460 000;2.22%
10/11/2014;9 550;9 550;9 550;9 550;2 150;20 532 500;3.80%
11/11/2014;9 600;9 600;9 600;9 600;2;19 200;0.52%
12/11/2014;9 700;9 700;9 700;9 700;25;242 500;1.04%
13/11/2014;9 700;9 700;9 700;9 700;250;2 425 000;0.00%
14/11/2014;9 700;9 700;9 700;9 700;9;87 300;0.00%
18/11/2014;9 500;9 500;9 500;9 500;23;218 500;-2.06%
19/11/2014;9 500;9 500;9 500;9 500;25;237 500;0.00%
20/11/2014;9 700;9 700;9 700;9 700;1 050;10 185 000;2.11%
25/11/2014;9 200;9 200;9 200;9 200;35;322 000;-5.15%
26/11/2014;9 500;9 500;9 500;9 500;45;427 500;3.26%
27/11/2014;9 250;9 250;9 250;9 250;42;388 500;-2.63%
28/11/2014;9 250;9 250;9 250;9 250;11;101 750;0.00%
01/12/2014;9 435;9 435;9 435;9 435;13;122 655;2.00%
02/12/2014;9 500;9 500;9 500;9 500;410;3 895 000;0.69%
03/12/2014;9 500;9 500;9 500;9 500;111;1 054 500;0.00%
04/12/2014;9 500;9 500;9 500;9 500;1;9 500;0.00%
05/12/2014;9 300;9 300;9 300;9 300;14;130 200;-2.11%
09/12/2014;9 500;9 500;9 500;9 500;305;2 897 500;2.15%
10/12/2014;9 650;9 650;9 650;9 650;141;1 360 650;1.58%
11/12/2014;9 700;9 700;9 700;9 700;103;999 100;0.52%
12/12/2014;9 700;9 700;9 700;9 700;71;688 700;0.00%
15/12/2014;9 700;9 700;9 700;9 700;26;252 200;0.00%
17/12/2014;9 700;9 700;9 700;9 700;48;465 600;0.00%
18/12/2014;9 401;9 401;9 401;9 401;1 020;9 589 020;-3.08%
19/12/2014;9 700;9 700;9 700;9 700;572;5 548 400;3.18%
22/12/2014;9 300;9 300;9 300;9 300;17;158 100;-4.12%
23/12/2014;9 300;9 300;9 300;9 300;100;930 000;0.00%
24/12/2014;9 700;9 700;9 700;9 700;850;8 245 000;4.30%
25/12/2014;9 700;9 700;9 700;9 700;8 500;82 450 000;0.00%
29/12/2014;9 500;9 500;9 500;9 500;362;3 439 000;-2.06%
30/12/2014;9 680;9 680;9 680;9 680;373;3 610 640;1.89%
02/01/2015;9 500;9 500;9 500;9 500;16;152 000;-1.86%
06/01/2015;9 500;9 500;9 500;9 500;16;152 000;0.00%
07/01/2015;9 400;9 400;9 400;9 400;165;1 551 000;-1.05%
08/01/2015;9 400;9 400;9 400;9 400;55;517 000;0.00%
09/01/2015;9 400;9 400;9 400;9 400;65;611 000;0.00%
12/01/2015;9 400;9 400;9 400;9 400;36;338 400;0.00%
13/01/2015;9 400;9 400;9 400;9 400;96;902 400;0.00%
14/01/2015;9 400;9 400;9 400;9 400;99;930 600;0.00%
15/01/2015;9 400;9 400;9 400;9 400;205;1 927 000;0.00%
16/01/2015;9 400;9 400;9 400;9 400;1;9 400;0.00%
19/01/2015;9 700;9 700;9 700;9 700;842;8 167 400;3.19%
20/01/2015;9 400;9 400;9 400;9 400;14;131 600;-3.09%
21/01/2015;9 400;9 400;9 400;9 400;32;300 800;0.00%
22/01/2015;9 400;9 400;9 400;9 400;10;94 000;0.00%
23/01/2015;9 700;9 700;9 700;9 700;2 142;20 777 400;3.19%
26/01/2015;9 600;9 600;9 600;9 600;18;172 800;-1.03%
27/01/2015;9 500;9 500;9 500;9 500;12;114 000;-1.04%
29/01/2015;9 500;9 500;9 500;9 500;249;2 365 500;0.00%
30/01/2015;9 500;9 500;9 500;9 500;66;627 000;0.00%
02/02/2015;9 500;9 500;9 500;9 500;61;579 500;0.00%
03/02/2015;9 420;9 420;9 420;9 420;26;244 920;-0.84%
04/02/2015;9 500;9 500;9 500;9 500;125;1 187 500;0.85%
05/02/2015;9 700;9 700;9 700;9 700;120;1 164 000;2.11%
06/02/2015;9 650;9 650;9 650;9 650;2 043;19 714 950;-0.52%
09/02/2015;9 650;9 650;9 650;9 650;20 430;197 149 500;0.00%
10/02/2015;9 500;9 500;9 500;9 500;1 089;10 345 500;-1.55%
11/02/2015;9 700;9 700;9 700;9 700;87;843 900;2.11%
12/02/2015;9 650;9 650;9 650;9 650;15;144 750;-0.52%
13/02/2015;9 500;9 500;9 500;9 500;330;3 135 000;-1.55%
16/02/2015;9 500;9 500;9 500;9 500;852;8 094 000;0.00%
17/02/2015;9 400;9 400;9 400;9 400;355;3 337 000;-1.05%
18/02/2015;9 400;9 400;9 400;9 400;59;554 600;0.00%
23/02/2015;9 500;9 500;9 500;9 500;682;6 479 000;1.06%
24/02/2015;9 400;9 400;9 400;9 400;296;2 782 400;-1.05%
25/02/2015;9 800;9 800;9 800;9 800;177;1 734 600;4.26%
26/02/2015;9 500;9 500;9 500;9 500;318;3 021 000;-3.06%
27/02/2015;9 500;9 500;9 500;9 500;35;332 500;0.00%
02/03/2015;9 500;9 500;9 500;9 500;86;817 000;0.00%
03/03/2015;9 500;9 500;9 500;9 500;519;4 930 500;0.00%
04/03/2015;9 600;9 600;9 600;9 600;551;5 289 600;1.05%
05/03/2015;9 510;9 510;9 510;9 510;188;1 787 880;-0.94%
06/03/2015;9 500;9 500;9 500;9 500;1 761;16 729 500;-0.11%
09/03/2015;9 520;9 520;9 520;9 520;515;4 902 800;0.21%
10/03/2015;9 530;9 530;9 530;9 530;93;886 290;0.11%
11/03/2015;9 530;9 530;9 530;9 530;185;1 763 050;0.00%
12/03/2015;9 500;9 500;9 500;9 500;521;4 949 500;-0.31%
13/03/2015;9 530;9 530;9 530;9 530;51;486 030;0.32%
17/03/2015;9 500;9 500;9 500;9 500;581;5 519 500;1.06%
18/03/2015;9 500;9 500;9 500;9 500;226;2 147 000;0.00%
19/03/2015;9 500;9 500;9 500;9 500;999;9 490 500;0.00%
20/03/2015;9 475;9 475;9 475;9 475;452;4 282 700;-0.26%
23/03/2015;9 500;9 500;9 500;9 500;67;636 500;0.26%
24/03/2015;9 700;9 700;9 700;9 700;219;2 124 300;2.11%
25/03/2015;9 550;9 550;9 550;9 550;31;296 050;-1.55%
26/03/2015;9 690;9 690;9 690;9 690;250;2 422 500;1.47%
27/03/2015;9 700;9 700;9 700;9 700;1 248;12 105 600;0.10%
30/03/2015;9 500;9 500;9 500;9 500;1 374;13 053 000;-2.06%
31/03/2015;9 600;9 600;9 600;9 600;167;1 603 200;1.05%
01/04/2015;9 700;9 700;9 700;9 700;646;6 266 200;1.04%
02/04/2015;9 600;9 600;9 600;9 600;69;662 400;-1.03%
03/04/2015;9 700;9 700;9 700;9 700;105;1 018 500;1.04%
06/04/2015;9 700;9 700;9 700;9 700;1 050;10 185 000;0.00%
07/04/2015;9 700;9 700;9 700;9 700;2 569;24 919 300;0.00%
08/04/2015;9 690;9 690;9 690;9 690;39;377 910;-0.10%
09/04/2015;9 700;9 700;9 700;9 700;336;3 259 200;0.10%
10/04/2015;9 610;9 610;9 610;9 610;54;518 940;-0.93%
13/04/2015;9 700;9 700;9 700;9 700;621;6 023 700;0.94%
14/04/2015;9 700;9 700;9 700;9 700;1 011;9 806 700;0.00%
15/04/2015;9 700;9 700;9 700;9 700;104;1 008 800;0.00%
16/04/2015;9 550;9 550;9 550;9 550;1 356;12 949 800;-1.55%
17/04/2015;9 700;9 700;9 700;9 700;155;1 503 500;1.57%
20/04/2015;9 700;9 700;9 700;9 700;887;8 603 900;0.00%
21/04/2015;9 600;9 600;9 600;9 600;41;393 600;-1.03%
22/04/2015;9 650;9 650;9 650;9 650;180;1 737 000;0.52%
23/04/2015;9 660;9 660;9 660;9 660;164;1 584 240;0.10%
24/04/2015;9 700;9 700;9 700;9 700;316;3 065 200;0.41%
27/04/2015;9 700;9 700;9 700;9 700;1 229;11 921 300;0.00%
28/04/2015;9 690;9 690;9 690;9 690;4 066;39 399 540;-0.10%
29/04/2015;9 680;9 680;9 680;9 680;2 510;24 296 800;-0.10%
30/04/2015;9 700;9 700;9 700;9 700;125;1 212 500;0.21%
04/05/2015;9 700;9 700;9 700;9 700;524;5 082 800;0.00%
05/05/2015;9 650;9 650;9 650;9 650;120;1 158 000;-0.52%
06/05/2015;9 700;9 700;9 700;9 700;8;77 600;0.52%
07/05/2015;9 700;9 700;9 700;9 700;887;8 603 900;0.00%
08/05/2015;9 700;9 700;9 700;9 700;57;552 900;0.00%
11/05/2015;9 700;9 700;9 700;9 700;996;9 661 200;0.00%
12/05/2015;10 300;10 300;10 300;10 300;18;185 400;6.19%
13/05/2015;9 701;9 701;9 701;9 701;15;145 515;-5.82%
14/05/2015;9 701;9 701;9 701;9 701;150;1 455 075;-0.01%
15/05/2015;9 701;9 701;9 701;9 701;16;155 216;0.01%
18/05/2015;9 700;9 700;9 700;9 700;643;6 237 100;-0.01%
19/05/2015;9 750;9 750;9 750;9 750;430;4 192 500;0.52%
20/05/2015;9 700;9 700;9 700;9 700;18;174 600;-0.51%
21/05/2015;9 600;9 600;9 600;9 600;23;220 800;-1.03%
22/05/2015;9 700;9 700;9 700;9 700;80;776 000;1.04%
25/05/2015;9 700;9 700;9 700;9 700;800;7 760 000;0.00%
26/05/2015;10 200;10 200;10 200;10 200;6 884;70 216 800;5.15%
28/05/2015;9 730;9 730;9 730;9 730;31;301 630;-4.61%
29/05/2015;9 750;9 750;9 750;9 750;1 233;12 021 750;0.21%
01/06/2015;9 700;9 700;9 700;9 700;9;87 300;-0.51%
02/06/2015;9 800;9 800;9 800;9 800;182;1 783 600;1.03%
03/06/2015;9 800;9 800;9 800;9 800;22;215 600;0.00%
04/06/2015;9 750;9 750;9 750;9 750;440;4 290 000;-0.51%
05/06/2015;9 750;9 750;9 750;9 750;31;302 250;0.00%
09/06/2015;9 750;9 750;9 750;9 750;50;487 500;0.00%
10/06/2015;9 940;9 940;9 940;9 940;13;129 220;1.95%
11/06/2015;9 850;9 850;9 850;9 850;5;49 250;-0.91%
12/06/2015;9 850;9 850;9 850;9 850;51;502 350;0.00%
16/06/2015;9 950;9 950;9 950;9 950;57;567 150;0.00%
17/06/2015;9 951;9 951;9 951;9 951;252;2 507 652;0.01%
18/06/2015;9 960;9 960;9 960;9 960;296;2 948 160;0.09%
19/06/2015;10 000;10 000;10 000;10 000;1 092;10 920 000;0.40%
22/06/2015;10 290;10 290;10 290;10 290;59;607 110;2.90%
23/06/2015;10 300;10 300;10 300;10 300;59;607 700;0.10%
24/06/2015;10 450;10 450;10 450;10 450;80;836 000;1.46%
25/06/2015;10 450;10 450;10 450;10 450;111;1 159 950;0.00%
26/06/2015;10 450;10 450;10 450;10 450;34;355 300;0.00%
29/06/2015;10 700;10 700;10 700;10 700;56;599 200;2.39%
30/06/2015;10 850;10 850;10 850;10 850;503;5 457 550;1.40%
01/07/2015;10 850;10 850;10 850;10 850;45;488 250;0.00%
02/07/2015;10 960;10 960;10 960;10 960;38;416 480;1.01%
03/07/2015;10 800;10 800;10 800;10 800;48;518 400;-1.46%
06/07/2015;11 000;11 000;11 000;11 000;387;4 257 000;1.85%
07/07/2015;10 900;10 900;10 900;10 900;135;1 471 500;-0.91%
08/07/2015;11 700;11 700;11 700;11 700;964;11 278 800;7.34%
09/07/2015;11 000;11 000;11 000;11 000;13;143 000;-5.98%
10/07/2015;10 500;10 500;10 500;10 500;18;189 000;-4.55%
13/07/2015;10 290;10 290;10 290;10 290;21;216 090;-2.00%
14/07/2015;10 290;10 290;10 290;10 290;210;2 160 900;0.00%
15/07/2015;10 700;10 700;10 700;10 700;349;3 734 300;3.98%
16/07/2015;10 500;10 500;10 500;10 500;1 067;11 203 500;-1.87%
17/07/2015;10 500;10 500;10 500;10 500;10 670;112 035 000;0.00%
20/07/2015;10 500;10 500;10 500;10 500;86;903 000;0.00%
21/07/2015;10 500;10 500;10 500;10 500;249;2 614 500;0.00%
22/07/2015;10 500;10 500;10 500;10 500;1 115;11 707 500;0.00%
23/07/2015;10 500;10 500;10 500;10 500;85;892 500;0.00%
24/07/2015;10 380;10 380;10 380;10 380;85;882 300;-1.14%
27/07/2015;10 102;10 102;10 102;10 102;762;7 697 724;-2.68%
28/07/2015;10 000;10 000;10 000;10 000;31;310 000;-1.01%
29/07/2015;9 990;9 990;9 990;9 990;519;5 184 810;-0.10%
30/07/2015;10 100;10 100;10 100;10 100;86;868 600;1.10%
31/07/2015;10 449;10 449;10 449;10 449;213;2 225 637;3.46%
03/08/2015;10 350;10 350;10 350;10 350;484;5 009 400;-0.95%
04/08/2015;10 700;10 700;10 700;10 700;1 290;13 803 000;3.38%
05/08/2015;10 300;10 300;10 300;10 300;1 200;12 360 000;-3.74%
06/08/2015;10 400;10 400;10 400;10 400;2 118;22 027 200;0.97%
07/08/2015;10 400;10 400;10 400;10 400;21 180;220 272 000;0.00%
10/08/2015;10 300;10 300;10 300;10 300;1 277;13 153 100;-0.96%
11/08/2015;10 300;10 300;10 300;10 300;641;6 602 300;0.00%
12/08/2015;10 300;10 300;10 300;10 300;168;1 730 400;0.00%
13/08/2015;10 400;10 400;10 400;10 400;130;1 352 000;0.97%
14/08/2015;10 400;10 400;10 400;10 400;1 272;13 228 800;0.00%
17/08/2015;10 450;10 450;10 450;10 450;575;6 008 750;0.48%
18/08/2015;10 700;10 700;10 700;10 700;1 124;12 026 800;2.39%
19/08/2015;10 600;10 600;10 600;10 600;10;106 000;-0.93%
20/08/2015;10 450;10 450;10 450;10 450;416;4 347 200;-1.42%
21/08/2015;10 500;10 500;10 500;10 500;850;8 925 000;0.48%
24/08/2015;10 550;10 550;10 550;10 550;624;6 583 200;0.48%
25/08/2015;10 600;10 600;10 600;10 600;85;901 000;0.47%
26/08/2015;10 600;10 600;10 600;10 600;1 099;11 649 400;0.00%
27/08/2015;10 555;10 555;10 555;10 555;149;1 572 695;-0.42%
28/08/2015;10 510;10 510;10 510;10 510;64;672 640;-0.43%
31/08/2015;10 700;10 700;10 700;10 700;652;6 976 400;1.81%
01/09/2015;10 698;10 698;10 698;10 698;125;1 337 250;-0.02%
02/09/2015;10 600;10 600;10 600;10 600;45;477 000;-0.92%
04/09/2015;10 698;10 698;10 698;10 698;95;1 016 310;0.92%
07/09/2015;10 700;10 700;10 700;10 700;16;171 200;0.02%
08/09/2015;10 703;10 703;10 703;10 703;80;856 240;0.03%
09/09/2015;11 000;11 000;11 000;11 000;3 014;33 154 000;2.77%
10/09/2015;11 000;11 000;11 000;11 000;628;6 908 000;0.00%
11/09/2015;11 001;11 001;11 001;11 001;8;88 008;0.01%
15/09/2015;11 250;11 250;11 250;11 250;2 684;30 195 000;1.81%
16/09/2015;11 250;11 250;11 250;11 250;28;315 000;0.00%
17/09/2015;11 245;11 245;11 245;11 245;52;584 740;-0.04%
18/09/2015;11 270;11 270;11 270;11 270;151;1 701 770;0.22%
21/09/2015;11 271;11 271;11 271;11 271;6;67 626;0.01%
22/09/2015;11 301;11 301;11 301;11 301;81;915 381;0.27%
23/09/2015;11 250;11 250;11 250;11 250;783;8 808 750;-0.45%
24/09/2015;11 250;11 250;11 250;11 250;7 830;88 087 500;0.00%
25/09/2015;11 300;11 300;11 300;11 300;4;45 200;0.44%
28/09/2015;11 310;11 310;11 310;11 310;489;5 530 590;0.09%
29/09/2015;11 300;11 300;11 300;11 300;549;6 203 700;-0.09%
30/09/2015;11 400;11 400;11 400;11 400;33;376 200;0.88%
01/10/2015;11 500;11 500;11 500;11 500;385;4 427 500;0.88%
02/10/2015;11 500;11 500;11 500;11 500;1 110;12 765 000;0.00%
05/10/2015;11 800;11 800;11 800;11 800;2 823;33 311 400;2.61%
06/10/2015;12 685;12 685;12 685;12 685;2 039;25 864 715;7.50%
07/10/2015;12 200;12 200;12 200;12 200;7 510;91 622 000;-3.82%
08/10/2015;12 199;12 199;12 199;12 199;1 455;17 749 545;-0.01%
09/10/2015;12 199;12 199;12 199;12 199;694;8 466 106;0.00%
12/10/2015;12 000;12 000;12 000;12 000;3 391;40 692 000;-1.63%
13/10/2015;12 210;12 210;12 210;12 210;1 661;20 280 810;1.75%
14/10/2015;12 200;12 200;12 200;12 200;2 356;28 743 200;-0.08%
15/10/2015;12 000;12 000;12 000;12 000;273;3 276 000;-1.64%
16/10/2015;12 000;12 000;12 000;12 000;113;1 356 000;0.00%
19/10/2015;12 200;12 200;12 200;12 200;1 041;12 700 200;1.67%
20/10/2015;12 050;12 050;12 050;12 050;43;518 150;-1.23%
21/10/2015;12 600;12 600;12 600;12 600;29;365 400;4.56%
22/10/2015;12 600;12 600;12 600;12 600;20;252 000;0.00%
23/10/2015;12 610;12 610;12 610;12 610;2 300;29 003 000;0.08%
26/10/2015;13 000;13 000;13 000;13 000;49;637 000;3.09%
27/10/2015;13 975;13 975;13 975;13 975;1 616;22 583 600;7.50%
28/10/2015;14 000;14 000;14 000;14 000;1 503;21 042 000;0.18%
29/10/2015;13 898;13 898;13 898;13 898;3 479;48 351 142;-0.73%
30/10/2015;13 000;13 000;13 000;13 000;1 296;16 848 000;-6.46%
02/11/2015;13 200;13 200;13 200;13 200;2 875;37 950 000;1.54%
03/11/2015;13 300;13 300;13 300;13 300;14;186 200;0.76%
04/11/2015;12 551;12 551;12 551;12 551;10;125 510;-5.63%
05/11/2015;12 555;12 555;12 555;12 555;1 056;13 258 080;0.03%
06/11/2015;12 551;12 551;12 551;12 551;107;1 342 957;-0.03%
09/11/2015;12 551;12 551;12 551;12 551;358;4 493 258;0.00%
10/11/2015;12 552;12 552;12 552;12 552;44;552 288;0.01%
11/11/2015;12 550;12 550;12 550;12 550;139;1 744 450;-0.02%
12/11/2015;13 200;13 200;13 200;13 200;32;422 400;5.18%
13/11/2015;12 600;12 600;12 600;12 600;23;289 800;-4.55%
16/11/2015;12 700;12 700;12 700;12 700;29;368 300;0.79%
17/11/2015;12 800;12 800;12 800;12 800;37;473 600;0.79%
18/11/2015;12 700;12 700;12 700;12 700;162;2 057 400;-0.78%
19/11/2015;12 700;12 700;12 700;12 700;3 126;39 700 200;0.00%
20/11/2015;12 800;12 800;12 800;12 800;76;972 800;0.79%
23/11/2015;12 805;12 805;12 805;12 805;281;3 598 205;0.04%
24/11/2015;12 650;12 650;12 650;12 650;5;63 250;-1.21%
25/11/2015;12 700;12 700;12 700;12 700;4;50 800;0.40%
26/11/2015;12 700;12 700;12 700;12 700;97;1 231 900;0.00%
27/11/2015;13 400;13 400;13 400;13 400;676;9 058 400;5.51%
30/11/2015;12 800;12 800;12 800;12 800;20;256 000;-4.48%
01/12/2015;12 600;12 600;12 600;12 600;932;11 743 200;-1.56%
02/12/2015;13 490;13 490;13 490;13 490;244;3 291 560;7.06%
03/12/2015;12 600;12 600;12 600;12 600;64;806 400;-6.60%
04/12/2015;12 601;12 601;12 601;12 601;594;7 484 994;0.01%
07/12/2015;12 990;12 990;12 990;12 990;8;103 920;3.09%
08/12/2015;12 700;12 700;12 700;12 700;19;241 300;-2.23%
09/12/2015;12 700;12 700;12 700;12 700;51;647 700;0.00%
10/12/2015;12 700;12 700;12 700;12 700;1 218;15 468 600;0.00%
14/12/2015;12 400;12 400;12 400;12 400;52;644 800;-3.88%
15/12/2015;12 000;12 000;12 000;12 000;36;432 000;-3.23%
16/12/2015;12 000;12 000;12 000;12 000;169;2 028 000;0.00%
17/12/2015;12 000;12 000;12 000;12 000;49;588 000;0.00%
18/12/2015;11 700;11 700;11 700;11 700;26;304 200;-2.50%
21/12/2015;12 560;12 560;12 560;12 560;633;7 950 480;7.35%
22/12/2015;13 000;13 000;13 000;13 000;17;221 000;3.50%
23/12/2015;13 000;13 000;13 000;13 000;707;9 191 000;0.00%
24/12/2015;13 000;13 000;13 000;13 000;7 070;91 910 000;0.00%
25/12/2015;13 000;13 000;13 000;13 000;7 070;91 910 000;0.00%
28/12/2015;12 999;12 999;12 999;12 999;11;142 989;-0.01%
29/12/2015;12 997;12 997;12 997;12 997;77;1 000 769;-0.02%
30/12/2015;13 500;13 500;13 500;13 500;262;3 537 000;3.87%
31/12/2015;13 400;13 400;13 400;13 400;1 206;16 160 400;-0.74%
04/01/2016;13 300;13 300;13 300;13 300;6;79 800;-0.75%
06/01/2016;13 000;13 000;13 000;13 000;17;221 000;-2.26%
07/01/2016;13 100;13 100;13 100;13 100;20;262 000;0.77%
08/01/2016;13 000;13 000;13 000;13 000;5;65 000;-0.76%
11/01/2016;12 500;12 500;12 500;12 500;77;962 500;-3.85%
12/01/2016;12 450;12 450;12 450;12 450;430;5 353 500;-0.40%
13/01/2016;12 300;12 300;12 300;12 300;19;233 700;-1.20%
14/01/2016;12 600;12 600;12 600;12 600;1;12 600;2.44%
15/01/2016;12 500;12 500;12 500;12 500;2 163;27 037 500;-0.79%
18/01/2016;12 150;12 150;12 150;12 150;105;1 275 750;-2.80%
19/01/2016;12 500;12 500;12 500;12 500;2 049;25 612 500;2.88%
20/01/2016;12 500;12 500;12 500;12 500;158;1 975 000;0.00%
21/01/2016;12 300;12 300;12 300;12 300;2 518;30 971 400;-1.60%
22/01/2016;12 300;12 300;12 300;12 300;838;10 307 400;0.00%
25/01/2016;12 360;12 360;12 360;12 360;857;10 592 520;0.49%
26/01/2016;12 301;12 301;12 301;12 301;641;7 884 941;-0.48%
27/01/2016;12 311;12 311;12 311;12 311;155;1 908 205;0.08%
28/01/2016;12 600;12 600;12 600;12 600;6;75 600;2.35%
29/01/2016;13 000;13 000;13 000;13 000;22;286 000;3.17%
01/02/2016;12 802;12 802;12 802;12 802;25;320 050;-1.52%
02/02/2016;13 000;13 000;13 000;13 000;5;65 000;1.55%
03/02/2016;13 200;13 200;13 200;13 200;141;1 861 200;1.54%
04/02/2016;13 300;13 300;13 300;13 300;452;6 011 600;0.76%
09/02/2016;13 637;13 637;13 637;13 637;6;81 822;2.53%
10/02/2016;13 400;13 400;13 400;13 400;150;2 010 000;-1.74%
11/02/2016;13 700;13 700;13 700;13 700;85;1 164 500;2.24%
12/02/2016;13 700;13 700;13 700;13 700;3;41 100;0.00%
15/02/2016;13 500;13 500;13 500;13 500;16;216 000;-1.46%
16/02/2016;14 513;14 513;14 513;14 513;506;7 343 578;7.50%
17/02/2016;13 920;13 920;13 920;13 920;2 347;32 670 240;-4.09%
18/02/2016;14 050;14 050;14 050;14 050;79;1 109 950;0.93%
19/02/2016;14 001;14 001;14 001;14 001;2 921;40 896 921;-0.35%
22/02/2016;14 513;14 513;14 513;14 513;1 128;16 370 664;3.66%
23/02/2016;14 301;14 301;14 301;14 301;230;3 289 230;-1.46%
24/02/2016;14 500;14 500;14 500;14 500;278;4 031 000;1.39%
25/02/2016;14 501;14 501;14 501;14 501;230;3 335 230;0.01%
26/02/2016;15 300;15 300;15 300;15 300;132;2 019 600;5.51%
29/02/2016;14 510;14 510;14 510;14 510;142;2 060 420;-5.16%
01/03/2016;14 600;14 600;14 600;14 600;53;773 800;0.62%
02/03/2016;14 611;14 611;14 611;14 611;5;73 055;0.08%
03/03/2016;15 600;15 600;15 600;15 600;838;13 072 800;6.77%
04/03/2016;15 000;15 000;15 000;15 000;12;180 000;-3.85%
07/03/2016;15 800;15 800;15 800;15 800;81;1 279 800;5.33%
08/03/2016;15 800;15 800;15 800;15 800;394;6 225 200;0.00%
09/03/2016;15 201;15 201;15 201;15 201;85;1 292 085;-3.79%
11/03/2016;15 400;15 400;15 400;15 400;166;2 556 400;-3.75%
14/03/2016;15 400;15 400;15 400;15 400;36;554 400;0.00%
15/03/2016;15 400;15 400;15 400;15 400;4;61 600;0.00%
16/03/2016;14 500;14 500;14 500;14 500;62;899 000;-5.84%
17/03/2016;13 600;13 600;13 600;13 600;60;816 000;-6.21%
18/03/2016;14 330;14 330;14 330;14 330;108;1 547 640;5.37%
21/03/2016;14 930;14 930;14 930;14 930;153;2 284 290;4.19%
22/03/2016;16 000;16 000;16 000;16 000;2 050;32 800 000;7.17%
23/03/2016;15 900;15 900;15 900;15 900;2 847;45 267 300;-0.63%
24/03/2016;15 800;15 800;15 800;15 800;1 626;25 690 800;-0.63%
25/03/2016;15 500;15 500;15 500;15 500;13;201 500;-1.90%
28/03/2016;15 500;15 500;15 500;15 500;130;2 015 000;0.00%
29/03/2016;15 900;15 900;15 900;15 900;1 182;18 793 800;2.58%
30/03/2016;15 800;15 800;15 800;15 800;1 227;19 386 600;-0.63%
31/03/2016;15 500;15 500;15 500;15 500;105;1 627 500;-1.90%
01/04/2016;15 300;15 300;15 300;15 300;820;12 546 000;-1.29%
04/04/2016;15 200;15 200;15 200;15 200;718;10 913 600;-0.65%
05/04/2016;15 200;15 200;15 200;15 200;35;532 000;0.00%
06/04/2016;15 490;15 490;15 490;15 490;719;11 137 310;1.91%
07/04/2016;15 500;15 500;15 500;15 500;110;1 705 000;0.06%
08/04/2016;15 500;15 500;15 500;15 500;30;465 000;0.00%
11/04/2016;15 250;15 250;15 250;15 250;1 059;16 149 750;-1.61%
12/04/2016;15 700;15 700;15 700;15 700;2 456;38 559 200;2.95%
13/04/2016;15 750;15 750;15 750;15 750;14;220 500;0.32%
14/04/2016;15 700;15 700;15 700;15 700;5;78 500;-0.32%
15/04/2016;15 701;15 701;15 701;15 701;1;15 701;0.01%
18/04/2016;16 000;16 000;16 000;16 000;45;720 000;1.90%
19/04/2016;16 300;16 300;16 300;16 300;2 042;33 284 600;1.88%
20/04/2016;15 700;15 700;15 700;15 700;110;1 727 000;-3.68%
21/04/2016;15 650;15 650;15 650;15 650;113;1 768 450;-0.32%
22/04/2016;16 824;16 824;16 824;16 824;346;5 821 104;7.50%
25/04/2016;16 000;16 000;16 000;16 000;4 036;64 576 000;-4.90%
26/04/2016;15 600;15 600;15 600;15 600;151;2 355 600;-2.50%
27/04/2016;16 000;16 000;16 000;16 000;526;8 416 000;2.56%
28/04/2016;15 600;15 600;15 600;15 600;1 701;26 535 600;-2.50%
29/04/2016;15 600;15 600;15 600;15 600;120;1 872 000;0.00%
02/05/2016;15 600;15 600;15 600;15 600;1 200;18 720 000;0.00%
03/05/2016;15 400;15 400;15 400;15 400;2 631;40 517 400;-1.28%
04/05/2016;15 400;15 400;15 400;15 400;153;2 356 200;0.00%
05/05/2016;15 400;15 400;15 400;15 400;1 530;23 561 235;-0.00%
06/05/2016;15 000;15 000;15 000;15 000;93;1 395 000;-2.59%
09/05/2016;14 500;14 500;14 500;14 500;31;449 500;-3.33%
10/05/2016;14 500;14 500;14 500;14 500;696;10 092 000;0.00%
11/05/2016;14 500;14 500;14 500;14 500;22;319 000;0.00%
13/05/2016;15 000;15 000;15 000;15 000;30;450 000;3.45%
16/05/2016;15 000;15 000;15 000;15 000;300;4 500 000;0.00%
17/05/2016;15 000;15 000;15 000;15 000;176;2 640 000;0.00%
18/05/2016;15 550;15 550;15 550;15 550;560;8 708 000;3.67%
19/05/2016;15 600;15 600;15 600;15 600;78;1 216 800;0.32%
20/05/2016;15 450;15 450;15 450;15 450;50;772 500;-0.96%
23/05/2016;15 000;15 000;15 000;15 000;36;540 000;-2.91%
24/05/2016;15 000;15 000;15 000;15 000;737;11 055 000;0.00%
25/05/2016;15 000;15 000;15 000;15 000;340;5 100 000;0.00%
26/05/2016;15 000;15 000;15 000;15 000;15;225 000;0.00%
27/05/2016;15 000;15 000;15 000;15 000;17;255 000;0.00%
30/05/2016;14 950;14 950;14 950;14 950;30;448 500;-0.33%
31/05/2016;14 950;14 950;14 950;14 950;1;14 950;0.00%
01/06/2016;15 450;15 450;15 450;15 450;47;726 150;3.34%
02/06/2016;15 002;15 002;15 002;15 002;29;435 058;-2.90%
03/06/2016;15 002;15 002;15 002;15 002;37;555 074;0.00%
06/06/2016;15 000;15 000;15 000;15 000;497;7 455 000;-0.01%
07/06/2016;15 000;15 000;15 000;15 000;26;390 000;0.00%
09/06/2016;14 999;14 999;14 999;14 999;63;944 937;0.25%
10/06/2016;15 500;15 500;15 500;15 500;158;2 449 000;3.34%
13/06/2016;15 450;15 450;15 450;15 450;416;6 427 200;-0.32%
14/06/2016;15 200;15 200;15 200;15 200;3;45 600;-1.62%
15/06/2016;15 010;15 010;15 010;15 010;257;3 857 570;-1.25%
16/06/2016;15 002;15 002;15 002;15 002;1 067;16 007 134;-0.05%
17/06/2016;15 000;15 000;15 000;15 000;161;2 415 000;-0.01%
20/06/2016;14 999;14 999;14 999;14 999;29;434 971;-0.01%
21/06/2016;14 800;14 800;14 800;14 800;839;12 417 200;-1.33%
22/06/2016;15 000;15 000;15 000;15 000;143;2 145 000;1.35%
23/06/2016;15 100;15 100;15 100;15 100;5;75 500;0.67%
24/06/2016;14 950;14 950;14 950;14 950;46;687 700;-0.99%
27/06/2016;14 550;14 550;14 550;14 550;31;451 050;-2.68%
28/06/2016;14 552;14 552;14 552;14 552;75;1 091 400;0.01%
29/06/2016;14 500;14 500;14 500;14 500;100;1 450 000;-0.36%
30/06/2016;14 500;14 500;14 500;14 500;249;3 610 500;0.00%
01/07/2016;14 150;14 150;14 150;14 150;30;424 500;-2.41%
04/07/2016;14 000;14 000;14 000;14 000;348;4 872 000;-1.06%
05/07/2016;14 000;14 000;14 000;14 000;76;1 064 000;0.00%
06/07/2016;14 000;14 000;14 000;14 000;760;10 640 000;0.00%
07/07/2016;14 000;14 000;14 000;14 000;386;5 404 000;0.00%
08/07/2016;13 900;13 900;13 900;13 900;126;1 751 400;-0.71%
11/07/2016;13 800;13 800;13 800;13 800;277;3 822 600;-0.72%
12/07/2016;13 700;13 700;13 700;13 700;251;3 438 700;-0.72%
13/07/2016;13 700;13 700;13 700;13 700;11;150 700;0.00%
14/07/2016;13 700;13 700;13 700;13 700;363;4 973 100;0.00%
15/07/2016;13 500;13 500;13 500;13 500;12;162 000;-1.46%
18/07/2016;13 000;13 000;13 000;13 000;120;1 560 000;-3.70%
19/07/2016;12 900;12 900;12 900;12 900;263;3 392 700;-0.77%
20/07/2016;12 000;12 000;12 000;12 000;175;2 100 000;-6.98%
21/07/2016;12 000;12 000;12 000;12 000;1 078;12 936 000;0.00%
22/07/2016;12 111;12 111;12 111;12 111;7;84 777;0.93%
25/07/2016;12 501;12 501;12 501;12 501;8;100 008;3.22%
26/07/2016;12 750;12 750;12 750;12 750;52;663 000;1.99%
27/07/2016;13 700;13 700;13 700;13 700;142;1 945 400;7.45%
28/07/2016;13 100;13 100;13 100;13 100;279;3 654 900;-4.38%
29/07/2016;13 500;13 500;13 500;13 500;99;1 336 500;3.05%
01/08/2016;13 101;13 101;13 101;13 101;22;288 222;-2.96%
02/08/2016;13 500;13 500;13 500;13 500;36;486 000;3.05%
03/08/2016;13 501;13 501;13 501;13 501;19;256 519;0.01%
04/08/2016;13 200;13 200;13 200;13 200;77;1 016 400;-2.23%
05/08/2016;13 090;13 090;13 090;13 090;226;2 958 340;-0.83%
08/08/2016;13 090;13 090;13 090;13 090;2 260;29 583 400;0.00%
09/08/2016;13 090;13 090;13 090;13 090;5;65 450;0.00%
10/08/2016;13 000;13 000;13 000;13 000;38;494 000;-0.69%
11/08/2016;13 000;13 000;13 000;13 000;77;1 001 000;0.00%
12/08/2016;12 950;12 950;12 950;12 950;29;375 550;-0.38%
15/08/2016;12 950;12 950;12 950;12 950;290;3 755 500;0.00%
16/08/2016;13 000;13 000;13 000;13 000;50;650 000;0.39%
17/08/2016;13 000;13 000;13 000;13 000;53;689 000;0.00%
18/08/2016;12 602;12 602;12 602;12 602;167;2 104 534;-3.06%
19/08/2016;12 651;12 651;12 651;12 651;105;1 328 355;0.39%
22/08/2016;12 900;12 900;12 900;12 900;1 439;18 563 100;1.97%
23/08/2016;12 900;12 900;12 900;12 900;323;4 166 700;0.00%
24/08/2016;13 500;13 500;13 500;13 500;74;999 000;4.65%
25/08/2016;13 500;13 500;13 500;13 500;1 638;22 113 000;0.00%
26/08/2016;13 500;13 500;13 500;13 500;22;297 000;0.00%
29/08/2016;13 002;13 002;13 002;13 002;372;4 836 744;-3.69%
30/08/2016;13 100;13 100;13 100;13 100;383;5 017 300;0.75%
31/08/2016;13 500;13 500;13 500;13 500;137;1 849 500;3.05%
01/09/2016;13 500;13 500;13 500;13 500;556;7 506 000;0.00%
02/09/2016;13 500;13 500;13 500;13 500;484;6 534 000;0.00%
05/09/2016;13 300;13 300;13 300;13 300;10;133 000;-1.48%
07/09/2016;13 300;13 300;13 300;13 300;30;399 000;0.68%
08/09/2016;13 500;13 500;13 500;13 500;25;337 500;1.50%
09/09/2016;13 500;13 500;13 500;13 500;11;148 500;0.00%
12/09/2016;13 500;13 500;13 500;13 500;110;1 485 000;0.00%
13/09/2016;13 501;13 501;13 501;13 501;37;499 537;0.01%
14/09/2016;13 021;13 021;13 021;13 021;47;611 987;-3.56%
15/09/2016;13 500;13 500;13 500;13 500;1 379;18 616 500;3.68%
16/09/2016;13 201;13 201;13 201;13 201;7;92 407;-2.21%
19/09/2016;13 500;13 500;13 500;13 500;56;756 000;2.26%
20/09/2016;14 500;14 500;14 500;14 500;6;87 000;7.41%
21/09/2016;13 500;13 500;13 500;13 500;3 951;53 338 500;-6.90%
22/09/2016;13 200;13 200;13 200;13 200;29;382 800;-2.22%
23/09/2016;13 200;13 200;13 200;13 200;210;2 772 000;0.00%
26/09/2016;13 300;13 300;13 300;13 300;72;957 600;0.76%
27/09/2016;13 500;13 500;13 500;13 500;46;621 000;1.50%
28/09/2016;13 500;13 500;13 500;13 500;829;11 191 500;0.00%
29/09/2016;13 500;13 500;13 500;13 500;85;1 147 500;0.00%
30/09/2016;13 400;13 400;13 400;13 400;2;26 800;-0.74%
03/10/2016;12 800;12 800;12 800;12 800;82;1 049 600;-4.48%
04/10/2016;12 810;12 810;12 810;12 810;481;6 161 610;0.08%
05/10/2016;13 771;13 771;13 771;13 771;5 829;80 271 159;7.50%
06/10/2016;13 810;13 810;13 810;13 810;331;4 571 110;0.28%
07/10/2016;13 700;13 700;13 700;13 700;366;5 014 200;-0.80%
10/10/2016;13 500;13 500;13 500;13 500;68;918 000;-1.46%
11/10/2016;13 400;13 400;13 400;13 400;20;268 000;-0.74%
12/10/2016;13 000;13 000;13 000;13 000;516;6 708 000;-2.99%
13/10/2016;13 000;13 000;13 000;13 000;15;195 000;0.00%
14/10/2016;13 400;13 400;13 400;13 400;452;6 056 800;3.08%
17/10/2016;13 000;13 000;13 000;13 000;277;3 601 000;-2.99%
18/10/2016;13 000;13 000;13 000;13 000;159;2 067 000;0.00%
19/10/2016;12 899;12 899;12 899;12 899;360;4 643 640;-0.78%
20/10/2016;12 800;12 800;12 800;12 800;141;1 804 800;-0.77%
21/10/2016;12 900;12 900;12 900;12 900;34;438 600;0.78%
24/10/2016;12 700;12 700;12 700;12 700;122;1 549 400;-1.55%
25/10/2016;12 450;12 450;12 450;12 450;391;4 867 950;-1.97%
26/10/2016;12 550;12 550;12 550;12 550;63;790 650;0.80%
27/10/2016;12 700;12 700;12 700;12 700;113;1 435 100;1.20%
28/10/2016;13 500;13 500;13 500;13 500;3 915;52 852 500;6.30%
31/10/2016;13 500;13 500;13 500;13 500;58;783 000;0.00%
01/11/2016;13 500;13 500;13 500;13 500;580;7 830 000;0.00%
02/11/2016;13 500;13 500;13 500;13 500;32;432 000;0.00%
03/11/2016;13 000;13 000;13 000;13 000;48;624 000;-3.70%
04/11/2016;13 000;13 000;13 000;13 000;90;1 170 000;0.00%
07/11/2016;12 801;12 801;12 801;12 801;62;793 662;-1.53%
08/11/2016;13 500;13 500;13 500;13 500;750;10 125 000;5.46%
09/11/2016;14 300;14 300;14 300;14 300;3 292;47 075 600;5.93%
10/11/2016;13 228;13 228;13 228;13 228;13;171 964;-7.50%
11/11/2016;13 250;13 250;13 250;13 250;172;2 279 000;0.17%
14/11/2016;13 050;13 050;13 050;13 050;282;3 680 100;-1.51%
15/11/2016;13 050;13 050;13 050;13 050;2 820;36 801 000;0.00%
16/11/2016;14 000;14 000;14 000;14 000;242;3 388 000;7.28%
17/11/2016;13 500;13 500;13 500;13 500;514;6 939 000;-3.57%
18/11/2016;13 500;13 500;13 500;13 500;65;877 500;0.00%
21/11/2016;13 500;13 500;13 500;13 500;11;148 500;0.00%
22/11/2016;13 999;13 999;13 999;13 999;263;3 681 737;3.70%
23/11/2016;14 400;14 400;14 400;14 400;456;6 566 400;2.86%
24/11/2016;13 500;13 500;13 500;13 500;63;850 500;-6.25%
25/11/2016;13 980;13 980;13 980;13 980;26;363 480;3.56%
28/11/2016;13 500;13 500;13 500;13 500;152;2 052 000;-3.43%
29/11/2016;14 000;14 000;14 000;14 000;309;4 326 000;3.70%
30/11/2016;14 400;14 400;14 400;14 400;537;7 732 800;2.86%
01/12/2016;14 000;14 000;14 000;14 000;23;322 000;-2.78%
02/12/2016;14 400;14 400;14 400;14 400;46;662 400;2.86%
06/12/2016;14 400;14 400;14 400;14 400;160;2 304 000;-0.35%
07/12/2016;14 950;14 950;14 950;14 950;117;1 749 150;3.82%
08/12/2016;14 000;14 000;14 000;14 000;20;280 000;-6.35%
09/12/2016;14 400;14 400;14 400;14 400;69;993 600;2.86%
12/12/2016;14 400;14 400;14 400;14 400;690;9 935 655;-0.00%
13/12/2016;14 250;14 250;14 250;14 250;9;128 250;-1.04%
14/12/2016;15 000;15 000;15 000;15 000;1 127;16 905 000;5.26%
15/12/2016;15 000;15 000;15 000;15 000;18;270 000;0.00%
16/12/2016;13 950;13 950;13 950;13 950;29;404 550;-7.00%
19/12/2016;13 950;13 950;13 950;13 950;12;167 400;0.00%
20/12/2016;14 500;14 500;14 500;14 500;49;710 500;3.94%
21/12/2016;14 900;14 900;14 900;14 900;859;12 799 100;2.76%
23/12/2016;14 700;14 700;14 700;14 700;516;7 585 200;-1.34%
26/12/2016;14 700;14 700;14 700;14 700;5 160;75 852 000;0.00%
27/12/2016;14 000;14 000;14 000;14 000;165;2 310 000;-4.76%
28/12/2016;14 000;14 000;14 000;14 000;172;2 408 000;0.00%
29/12/2016;14 000;14 000;14 000;14 000;37;518 000;0.00%
30/12/2016;14 600;14 600;14 600;14 600;3 305;48 253 000;4.29%
02/01/2017;13 850;13 850;13 850;13 850;15;207 750;-5.14%
03/01/2017;13 800;13 800;13 800;13 800;50;690 000;-0.36%
04/01/2017;13 810;13 810;13 810;13 810;5;69 050;0.07%
05/01/2017;13 800;13 800;13 800;13 800;7;96 600;-0.07%
06/01/2017;13 600;13 600;13 600;13 600;37;503 200;-1.45%
09/01/2017;13 800;13 800;13 800;13 800;38;524 400;1.47%
10/01/2017;13 650;13 650;13 650;13 650;63;859 950;-1.09%
12/01/2017;13 800;13 800;13 800;13 800;43;593 400;1.10%
13/01/2017;13 800;13 800;13 800;13 800;10;138 000;0.00%
16/01/2017;13 751;13 751;13 751;13 751;57;783 807;-0.36%
17/01/2017;13 652;13 652;13 652;13 652;83;1 133 116;-0.72%
18/01/2017;13 651;13 651;13 651;13 651;39;532 389;-0.01%
19/01/2017;13 651;13 651;13 651;13 651;215;2 934 965;0.00%
20/01/2017;14 000;14 000;14 000;14 000;89;1 246 000;2.56%
23/01/2017;13 700;13 700;13 700;13 700;13;178 100;-2.14%
24/01/2017;13 800;13 800;13 800;13 800;420;5 796 000;0.73%
25/01/2017;13 660;13 660;13 660;13 660;114;1 557 240;-1.01%
26/01/2017;14 000;14 000;14 000;14 000;203;2 842 000;2.49%
27/01/2017;13 503;13 503;13 503;13 503;28;378 084;-3.55%
30/01/2017;13 800;13 800;13 800;13 800;387;5 340 600;2.20%
31/01/2017;14 000;14 000;14 000;14 000;56;784 000;1.45%
01/02/2017;14 000;14 000;14 000;14 000;303;4 242 000;0.00%
02/02/2017;14 001;14 001;14 001;14 001;4;56 004;0.01%
03/02/2017;14 000;14 000;14 000;14 000;305;4 270 000;-0.01%
06/02/2017;14 000;14 000;14 000;14 000;595;8 330 000;0.00%
07/02/2017;14 000;14 000;14 000;14 000;291;4 074 000;0.00%
08/02/2017;14 002;14 002;14 002;14 002;16;224 032;0.01%
09/02/2017;14 500;14 500;14 500;14 500;79;1 145 500;3.56%
13/02/2017;14 500;14 500;14 500;14 500;92;1 334 000;0.00%
14/02/2017;14 100;14 100;14 100;14 100;163;2 298 300;-2.76%
15/02/2017;14 300;14 300;14 300;14 300;85;1 215 500;1.42%
16/02/2017;14 501;14 501;14 501;14 501;23;333 523;1.41%
17/02/2017;14 554;14 554;14 554;14 554;10;145 540;0.37%
20/02/2017;14 601;14 601;14 601;14 601;81;1 182 681;0.32%
21/02/2017;14 603;14 603;14 603;14 603;18;262 854;0.01%
22/02/2017;14 660;14 660;14 660;14 660;242;3 547 720;0.39%
23/02/2017;14 661;14 661;14 661;14 661;71;1 040 931;0.01%
24/02/2017;14 980;14 980;14 980;14 980;96;1 438 080;2.18%
27/02/2017;15 002;15 002;15 002;15 002;65;975 130;0.15%
28/02/2017;15 001;15 001;15 001;15 001;331;4 965 331;-0.01%
01/03/2017;16 000;16 000;16 000;16 000;173;2 768 000;6.66%
02/03/2017;15 000;15 000;15 000;15 000;742;11 130 000;-6.25%
03/03/2017;15 001;15 001;15 001;15 001;356;5 340 356;0.01%
07/03/2017;15 000;15 000;15 000;15 000;90;1 350 000;-0.01%
08/03/2017;15 000;15 000;15 000;15 000;650;9 750 000;0.00%
09/03/2017;15 000;15 000;15 000;15 000;57;855 000;0.00%
10/03/2017;15 000;15 000;15 000;15 000;440;6 600 000;0.00%
13/03/2017;14 999;14 999;14 999;14 999;13;194 987;-0.01%
14/03/2017;15 500;15 500;15 500;15 500;632;9 796 000;3.34%
15/03/2017;15 500;15 500;15 500;15 500;1 262;19 561 000;0.00%
16/03/2017;15 200;15 200;15 200;15 200;20;304 000;-1.94%
17/03/2017;15 101;15 101;15 101;15 101;137;2 068 837;-0.65%
20/03/2017;15 200;15 200;15 200;15 200;127;1 930 400;0.66%
21/03/2017;15 000;15 000;15 000;15 000;301;4 515 000;-1.32%
22/03/2017;15 000;15 000;15 000;15 000;472;7 080 000;0.00%
23/03/2017;15 000;15 000;15 000;15 000;1 425;21 375 000;0.00%
24/03/2017;15 200;15 200;15 200;15 200;920;13 984 000;1.33%
27/03/2017;15 200;15 200;15 200;15 200;39;592 800;0.00%
28/03/2017;15 250;15 250;15 250;15 250;119;1 814 750;0.33%
29/03/2017;15 500;15 500;15 500;15 500;136;2 108 000;1.64%
30/03/2017;15 350;15 350;15 350;15 350;147;2 256 450;-0.97%
31/03/2017;15 500;15 500;15 500;15 500;190;2 945 000;0.98%
03/04/2017;15 500;15 500;15 500;15 500;68;1 054 000;0.00%
04/04/2017;15 352;15 352;15 352;15 352;109;1 673 368;-0.95%
05/04/2017;15 500;15 500;15 500;15 500;142;2 201 000;0.96%
06/04/2017;15 500;15 500;15 500;15 500;66;1 023 000;0.00%
07/04/2017;15 500;15 500;15 500;15 500;133;2 061 500;0.00%
10/04/2017;15 500;15 500;15 500;15 500;51;790 500;0.00%
11/04/2017;15 500;15 500;15 500;15 500;281;4 355 500;0.00%
12/04/2017;15 380;15 380;15 380;15 380;144;2 214 720;-0.77%
13/04/2017;15 550;15 550;15 550;15 550;108;1 679 400;1.11%
14/04/2017;15 500;15 500;15 500;15 500;1 168;18 104 000;-0.32%
18/04/2017;15 510;15 510;15 510;15 510;63;977 130;0.06%
19/04/2017;15 300;15 300;15 300;15 300;377;5 768 100;-1.35%
20/04/2017;15 500;15 500;15 500;15 500;190;2 945 000;1.31%
21/04/2017;15 501;15 501;15 501;15 501;73;1 131 573;0.01%
24/04/2017;15 500;15 500;15 500;15 500;142;2 201 000;-0.01%
25/04/2017;16 000;16 000;16 000;16 000;426;6 816 000;3.23%
26/04/2017;16 000;16 000;16 000;16 000;207;3 312 000;0.00%
27/04/2017;16 000;16 000;16 000;16 000;17;272 000;0.00%
28/04/2017;15 900;15 900;15 900;15 900;10;159 000;-0.63%
01/05/2017;15 900;15 900;15 900;15 900;100;1 590 000;0.00%
02/05/2017;15 500;15 500;15 500;15 500;27;418 500;-2.52%
03/05/2017;15 500;15 500;15 500;15 500;31;480 500;0.00%
04/05/2017;15 500;15 500;15 500;15 500;20;310 000;0.00%
05/05/2017;15 350;15 350;15 350;15 350;16;245 600;-0.97%
08/05/2017;15 400;15 400;15 400;15 400;2 082;32 062 800;0.33%
09/05/2017;15 498;15 498;15 498;15 498;56;867 888;0.64%
10/05/2017;15 550;15 550;15 550;15 550;539;8 381 450;0.34%
11/05/2017;15 500;15 500;15 500;15 500;1;15 500;-0.32%
12/05/2017;15 600;15 600;15 600;15 600;270;4 212 000;0.65%
16/05/2017;15 550;15 550;15 550;15 550;255;3 965 250;-0.32%
17/05/2017;15 500;15 500;15 500;15 500;81;1 255 500;-0.32%
18/05/2017;15 500;15 500;15 500;15 500;4;62 000;0.00%
19/05/2017;15 000;15 000;15 000;15 000;292;4 380 000;-3.23%
22/05/2017;14 998;14 998;14 998;14 998;115;1 724 770;-0.01%
23/05/2017;15 000;15 000;15 000;15 000;32;480 000;0.01%
24/05/2017;16 000;16 000;16 000;16 000;669;10 704 000;6.67%
25/05/2017;16 000;16 000;16 000;16 000;6 690;107 040 000;0.00%
26/05/2017;15 500;15 500;15 500;15 500;55;852 500;-3.13%
29/05/2017;15 500;15 500;15 500;15 500;62;961 000;0.00%
30/05/2017;15 500;15 500;15 500;15 500;283;4 386 500;0.00%
31/05/2017;16 000;16 000;16 000;16 000;1 348;21 568 000;3.23%
01/06/2017;15 000;15 000;15 000;15 000;25;375 000;-6.25%
02/06/2017;15 000;15 000;15 000;15 000;263;3 945 000;0.00%
06/06/2017;14 600;14 600;14 600;14 600;782;11 417 200;-2.67%
07/06/2017;15 500;15 500;15 500;15 500;547;8 478 500;6.16%
08/06/2017;14 500;14 500;14 500;14 500;47;681 500;-6.45%
09/06/2017;14 700;14 700;14 700;14 700;20;294 000;1.38%
12/06/2017;14 500;14 500;14 500;14 500;39;565 500;-1.36%
13/06/2017;14 900;14 900;14 900;14 900;86;1 281 400;2.76%
14/06/2017;16 000;16 000;16 000;16 000;666;10 656 000;7.38%
15/06/2017;14 900;14 900;14 900;14 900;24;357 600;-6.88%
16/06/2017;15 000;15 000;15 000;15 000;4;60 000;0.67%
19/06/2017;14 500;14 500;14 500;14 500;380;5 510 000;-3.33%
20/06/2017;15 500;15 500;15 500;15 500;84;1 302 000;6.90%
21/06/2017;16 000;16 000;16 000;16 000;552;8 832 000;3.23%
22/06/2017;16 000;16 000;16 000;16 000;5 520;88 320 000;0.00%
23/06/2017;15 000;15 000;15 000;15 000;2;30 000;-6.25%
27/06/2017;15 000;15 000;15 000;15 000;88;1 320 000;0.00%
28/06/2017;16 000;16 000;16 000;16 000;455;7 280 000;6.67%
29/06/2017;15 000;15 000;15 000;15 000;271;4 065 000;-6.25%
30/06/2017;14 900;14 900;14 900;14 900;175;2 607 500;-0.67%
03/07/2017;14 000;14 000;14 000;14 000;20;280 000;-6.04%
04/07/2017;14 700;14 700;14 700;14 700;168;2 469 600;5.00%
05/07/2017;15 803;15 803;15 803;15 803;167;2 639 101;7.50%
06/07/2017;15 000;15 000;15 000;15 000;1;15 000;-5.08%
07/07/2017;14 000;14 000;14 000;14 000;287;4 018 000;-6.67%
10/07/2017;14 000;14 000;14 000;14 000;1 123;15 722 000;0.00%
11/07/2017;15 000;15 000;15 000;15 000;671;10 065 000;7.14%
12/07/2017;16 000;16 000;16 000;16 000;732;11 712 000;6.67%
13/07/2017;14 800;14 800;14 800;14 800;2;29 600;-7.50%
14/07/2017;13 690;13 690;13 690;13 690;323;4 421 870;-7.50%
17/07/2017;13 000;13 000;13 000;13 000;648;8 424 000;-5.04%
18/07/2017;13 500;13 500;13 500;13 500;124;1 674 000;3.85%
19/07/2017;14 500;14 500;14 500;14 500;803;11 643 500;7.41%
20/07/2017;14 300;14 300;14 300;14 300;5;71 500;-1.38%
21/07/2017;13 250;13 250;13 250;13 250;53;702 250;-7.34%
24/07/2017;13 800;13 800;13 800;13 800;527;7 272 600;4.15%
25/07/2017;14 000;14 000;14 000;14 000;170;2 380 000;1.45%
26/07/2017;14 800;14 800;14 800;14 800;516;7 636 800;5.71%
27/07/2017;14 000;14 000;14 000;14 000;77;1 078 000;-5.41%
28/07/2017;13 889;13 889;13 889;13 889;117;1 625 013;-0.79%
31/07/2017;13 800;13 800;13 800;13 800;299;4 126 200;-0.64%
01/08/2017;13 250;13 250;13 250;13 250;128;1 696 000;-3.99%
02/08/2017;13 750;13 750;13 750;13 750;857;11 783 750;3.77%
03/08/2017;13 600;13 600;13 600;13 600;77;1 047 200;-1.09%
04/08/2017;13 000;13 000;13 000;13 000;219;2 847 000;-4.41%
07/08/2017;13 000;13 000;13 000;13 000;2 190;28 470 000;0.00%
08/08/2017;13 200;13 200;13 200;13 200;370;4 884 000;1.54%
09/08/2017;13 400;13 400;13 400;13 400;322;4 314 800;1.52%
10/08/2017;12 990;12 990;12 990;12 990;151;1 961 490;-3.06%
11/08/2017;12 900;12 900;12 900;12 900;78;1 006 200;-0.69%
14/08/2017;12 550;12 550;12 550;12 550;31;389 050;-2.71%
15/08/2017;12 550;12 550;12 550;12 550;310;3 890 500;0.00%
16/08/2017;12 800;12 800;12 800;12 800;824;10 547 200;1.99%
17/08/2017;11 990;11 990;11 990;11 990;1 748;20 958 520;-6.33%
18/08/2017;11 970;11 970;11 970;11 970;3 279;39 249 630;-0.17%
21/08/2017;11 940;11 940;11 940;11 940;608;7 259 520;-0.25%
22/08/2017;12 000;12 000;12 000;12 000;112;1 344 000;0.50%
23/08/2017;12 000;12 000;12 000;12 000;151;1 812 000;0.00%
24/08/2017;11 760;11 760;11 760;11 760;583;6 856 080;-2.00%
25/08/2017;12 000;12 000;12 000;12 000;938;11 256 000;2.04%
28/08/2017;11 500;11 500;11 500;11 500;1 896;21 804 000;-4.17%
29/08/2017;12 000;12 000;12 000;12 000;3 981;47 772 000;4.35%
30/08/2017;12 000;12 000;12 000;12 000;1 805;21 660 000;0.00%
31/08/2017;11 805;11 805;11 805;11 805;1 545;18 238 725;-1.63%
04/09/2017;11 805;11 805;11 805;11 805;27 195;321 036 975;0.00%
05/09/2017;11 700;11 700;11 700;11 700;4 111;48 098 700;-0.89%
06/09/2017;11 700;11 700;11 700;11 700;1 544;18 064 800;0.00%
07/09/2017;11 400;11 400;11 400;11 400;6 538;74 533 200;-2.56%
08/09/2017;11 400;11 400;11 400;11 400;1 313;14 968 200;0.00%
11/09/2017;11 400;11 400;11 400;11 400;1 132;12 904 800;0.00%
12/09/2017;11 300;11 300;11 300;11 300;525;5 932 500;-0.88%
13/09/2017;11 395;11 395;11 395;11 395;20 587;234 588 865;0.84%
14/09/2017;11 395;11 395;11 395;11 395;861;9 811 095;0.00%
15/09/2017;11 395;11 395;11 395;11 395;1 390;15 839 050;0.00%
18/09/2017;11 395;11 395;11 395;11 395;75 495;860 265 525;0.00%
19/09/2017;11 295;11 295;11 295;11 295;388;4 382 460;-0.88%
20/09/2017;11 300;11 300;11 300;11 300;6 388;72 184 400;0.04%
21/09/2017;11 300;11 300;11 300;11 300;7 064;79 823 200;0.00%
22/09/2017;11 295;11 295;11 295;11 295;668;7 545 060;-0.04%
25/09/2017;11 005;11 005;11 005;11 005;2 509;27 611 545;-2.57%
26/09/2017;11 005;11 005;11 005;11 005;1 683;18 521 415;0.00%
27/09/2017;11 000;11 000;11 000;11 000;1 319;14 509 000;-0.05%
28/09/2017;11 300;11 300;11 300;11 300;1 834;20 724 200;2.73%
29/09/2017;11 000;11 000;11 000;11 000;13 437;147 807 000;-2.65%
02/10/2017;11 000;11 000;11 000;11 000;1 267;13 937 000;0.00%
03/10/2017;11 100;11 100;11 100;11 100;551;6 116 100;0.91%
04/10/2017;11 695;11 695;11 695;11 695;1 118;13 075 010;5.36%
05/10/2017;11 000;11 000;11 000;11 000;574;6 314 000;-5.94%
06/10/2017;11 200;11 200;11 200;11 200;3 540;39 648 000;1.82%
09/10/2017;10 995;10 995;10 995;10 995;650;7 146 750;-1.83%
10/10/2017;11 200;11 200;11 200;11 200;1 461;16 363 200;1.86%
11/10/2017;11 900;11 900;11 900;11 900;15 193;180 796 700;6.25%
12/10/2017;11 100;11 100;11 100;11 100;557;6 182 700;-6.72%
13/10/2017;10 815;10 815;10 815;10 815;4 008;43 346 520;-2.57%
16/10/2017;10 100;10 100;10 100;10 100;34 132;344 733 200;-6.61%
17/10/2017;10 855;10 855;10 855;10 855;1 463;15 880 865;7.48%
18/10/2017;11 665;11 665;11 665;11 665;5 065;59 083 225;7.46%
19/10/2017;11 000;11 000;11 000;11 000;639;7 029 000;-5.70%
20/10/2017;11 000;11 000;11 000;11 000;1 134;12 474 000;0.00%
23/10/2017;11 000;11 000;11 000;11 000;1 084;11 924 000;0.00%
24/10/2017;10 800;10 800;10 800;10 800;1 646;17 776 800;-1.82%
25/10/2017;11 500;11 500;11 500;11 500;2 452;28 198 000;6.48%
26/10/2017;11 400;11 400;11 400;11 400;775;8 835 000;-0.87%
27/10/2017;11 400;11 400;11 400;11 400;2 945;33 573 000;0.00%
30/10/2017;11 600;11 600;11 600;11 600;672;7 795 200;1.75%
31/10/2017;11 105;11 105;11 105;11 105;3 451;38 323 355;-4.27%
01/11/2017;11 105;11 105;11 105;11 105;3 451;38 323 355;0.00%
02/11/2017;11 690;11 690;11 690;11 690;1 550;18 119 500;5.27%
03/11/2017;11 000;11 000;11 000;11 000;2 947;32 417 000;-5.90%
06/11/2017;11 500;11 500;11 500;11 500;742;8 533 000;4.55%
07/11/2017;11 500;11 500;11 500;11 500;840;9 660 000;0.00%
08/11/2017;12 300;12 300;12 300;12 300;1 043;12 828 900;6.96%
09/11/2017;11 995;11 995;11 995;11 995;318;3 814 410;-2.48%
10/11/2017;11 500;11 500;11 500;11 500;1 285;14 777 500;-4.13%
13/11/2017;12 000;12 000;12 000;12 000;2 390;28 680 000;4.35%
14/11/2017;12 000;12 000;12 000;12 000;2 225;26 700 000;0.00%
15/11/2017;12 000;12 000;12 000;12 000;2 225;26 700 000;0.00%
16/11/2017;12 000;12 000;12 000;12 000;2 783;33 396 000;0.00%
17/11/2017;11 995;11 995;11 995;11 995;123;1 475 385;-0.04%
20/11/2017;11 900;11 900;11 900;11 900;2 078;24 728 200;-0.79%
21/11/2017;11 500;11 500;11 500;11 500;3 543;40 744 500;-3.36%
22/11/2017;11 990;11 990;11 990;11 990;3 245;38 907 550;4.26%
23/11/2017;11 450;11 450;11 450;11 450;396;4 534 200;-4.50%
24/11/2017;11 500;11 500;11 500;11 500;380;4 370 000;0.44%
27/11/2017;11 490;11 490;11 490;11 490;658;7 560 420;-0.09%
28/11/2017;11 450;11 450;11 450;11 450;5 546;63 501 700;-0.35%
29/11/2017;11 450;11 450;11 450;11 450;344;3 938 800;0.00%
01/12/2017;11 450;11 450;11 450;11 450;728;8 335 600;0.00%
04/12/2017;11 450;11 450;11 450;11 450;3 765;43 109 250;0.00%
05/12/2017;11 460;11 460;11 460;11 460;104;1 191 840;0.09%
06/12/2017;11 800;11 800;11 800;11 800;1 209;14 266 200;2.97%
07/12/2017;11 500;11 500;11 500;11 500;3 827;44 010 500;-2.54%
08/12/2017;11 500;11 500;11 500;11 500;676;7 774 000;0.00%
11/12/2017;11 500;11 500;11 500;11 500;732;8 418 000;0.00%
12/12/2017;11 490;11 490;11 490;11 490;222;2 550 780;-0.09%
13/12/2017;11 500;11 500;11 500;11 500;1 103;12 684 500;0.09%
14/12/2017;11 500;11 500;11 500;11 500;1 253;14 409 500;0.00%
15/12/2017;11 500;11 500;11 500;11 500;1 204;13 846 000;0.00%
18/12/2017;11 490;11 490;11 490;11 490;7 248;83 279 520;-0.09%
19/12/2017;11 495;11 495;11 495;11 495;5 587;64 222 565;0.04%
20/12/2017;11 485;11 485;11 485;11 485;6 094;69 989 590;-0.09%
21/12/2017;11 300;11 300;11 300;11 300;1 293;14 610 900;-1.61%
22/12/2017;11 495;11 495;11 495;11 495;1 365;15 690 675;1.73%
25/12/2017;11 495;11 495;11 495;11 495;1 365;15 690 675;0.00%
26/12/2017;11 500;11 500;11 500;11 500;172;1 978 000;0.04%
27/12/2017;11 400;11 400;11 400;11 400;981;11 183 400;-0.87%
28/12/2017;11 490;11 490;11 490;11 490;534;6 135 660;0.79%
29/12/2017;11 550;11 550;11 550;11 550;7 962;91 961 100;0.52%
02/01/2018;11 550;11 550;11 550;11 550;2 099;24 243 450;0.00%
03/01/2018;11 700;11 700;11 700;11 700;393;4 598 100;1.30%
04/01/2018;11 595;11 595;11 595;11 595;120;1 391 400;-0.90%
05/01/2018;11 600;11 600;11 600;11 600;806;9 349 600;0.04%
08/01/2018;11 300;11 300;11 300;11 300;3 670;41 471 000;-2.59%
09/01/2018;11 355;11 355;11 355;11 355;674;7 653 270;0.49%
10/01/2018;11 550;11 550;11 550;11 550;87;1 004 850;1.72%
11/01/2018;11 590;11 590;11 590;11 590;55 824;647 000 160;0.35%
12/01/2018;11 500;11 500;11 500;11 500;590;6 785 000;-0.78%
15/01/2018;11 495;11 495;11 495;11 495;308;3 540 460;-0.04%
16/01/2018;11 400;11 400;11 400;11 400;386;4 400 400;-0.83%
17/01/2018;11 350;11 350;11 350;11 350;450;5 107 500;-0.44%
18/01/2018;11 395;11 395;11 395;11 395;3 036;34 595 220;0.40%
19/01/2018;11 480;11 480;11 480;11 480;2 768;31 776 640;0.75%
22/01/2018;11 000;11 000;11 000;11 000;526;5 786 000;-4.18%
23/01/2018;11 490;11 490;11 490;11 490;701;8 054 490;4.45%
24/01/2018;11 800;11 800;11 800;11 800;2 549;30 078 200;2.70%
25/01/2018;11 400;11 400;11 400;11 400;664;7 569 600;-3.39%
26/01/2018;11 500;11 500;11 500;11 500;330;3 795 000;0.88%
29/01/2018;11 800;11 800;11 800;11 800;3 692;43 565 600;2.61%
30/01/2018;11 500;11 500;11 500;11 500;689;7 923 500;-2.54%
31/01/2018;11 795;11 795;11 795;11 795;4 630;54 610 850;2.57%
01/02/2018;11 995;11 995;11 995;11 995;51 595;618 882 025;1.70%
02/02/2018;12 490;12 490;12 490;12 490;15 688;195 943 120;4.13%
05/02/2018;12 490;12 490;12 490;12 490;3 910;48 835 900;0.00%
06/02/2018;13 000;13 000;13 000;13 000;1 468;19 084 000;4.08%
07/02/2018;12 990;12 990;12 990;12 990;495;6 430 050;-0.08%
08/02/2018;12 985;12 985;12 985;12 985;127;1 649 095;-0.04%
09/02/2018;12 900;12 900;12 900;12 900;2 422;31 243 800;-0.65%
12/02/2018;12 895;12 895;12 895;12 895;3 223;41 560 585;-0.04%
13/02/2018;12 800;12 800;12 800;12 800;1 100;14 080 000;-0.74%
14/02/2018;13 000;13 000;13 000;13 000;5 046;65 598 000;1.56%
15/02/2018;13 000;13 000;13 000;13 000;321;4 173 000;0.00%
16/02/2018;13 200;13 200;13 200;13 200;4 931;65 089 200;1.54%
19/02/2018;13 490;13 490;13 490;13 490;3 843;51 842 070;2.20%
20/02/2018;13 595;13 595;13 595;13 595;2 374;32 274 530;0.78%
21/02/2018;14 220;14 220;14 220;14 220;3 198;45 475 560;4.60%
22/02/2018;14 000;14 000;14 000;14 000;297;4 158 000;-1.55%
23/02/2018;13 995;13 995;13 995;13 995;971;13 589 145;-0.04%
26/02/2018;13 990;13 990;13 990;13 990;439;6 141 610;-0.04%
27/02/2018;14 000;14 000;14 000;14 000;7 175;100 450 000;0.07%
01/03/2018;14 000;14 000;14 000;14 000;201;2 814 000;-3.38%
02/03/2018;13 995;13 995;13 995;13 995;1 350;18 893 250;-0.04%
05/03/2018;14 185;14 185;14 185;14 185;1 122;15 915 570;1.36%
06/03/2018;14 465;14 465;14 465;14 465;24 261;350 935 365;1.97%
07/03/2018;14 000;14 000;14 000;14 000;9 811;137 354 000;-3.21%
08/03/2018;14 000;14 000;14 000;14 000;609;8 526 000;0.00%
09/03/2018;14 000;14 000;14 000;14 000;104;1 456 000;0.00%
12/03/2018;14 150;14 150;14 150;14 150;2 956;41 827 400;1.07%
13/03/2018;14 000;14 000;14 000;14 000;9 531;133 434 000;-1.06%
14/03/2018;14 460;14 460;14 460;14 460;3 887;56 206 020;3.29%
15/03/2018;13 980;13 980;13 980;13 980;2 105;29 427 900;-3.32%
16/03/2018;13 900;13 900;13 900;13 900;1 861;25 867 900;-0.57%
19/03/2018;13 980;13 980;13 980;13 980;1 647;23 025 060;0.58%
20/03/2018;14 395;14 395;14 395;14 395;2 824;40 651 480;2.97%
21/03/2018;14 490;14 490;14 490;14 490;6 471;93 764 790;0.66%
22/03/2018;14 000;14 000;14 000;14 000;1 638;22 932 000;-3.38%
23/03/2018;13 700;13 700;13 700;13 700;2 247;30 783 900;-2.14%
26/03/2018;14 190;14 190;14 190;14 190;1 288;18 276 720;3.58%
27/03/2018;14 000;14 000;14 000;14 000;3 789;53 046 000;-1.34%
28/03/2018;14 275;14 275;14 275;14 275;4 568;65 208 200;1.96%
29/03/2018;14 145;14 145;14 145;14 145;9 840;139 186 800;-0.91%
30/03/2018;14 000;14 000;14 000;14 000;141;1 974 000;-1.03%
02/04/2018;14 000;14 000;14 000;14 000;141;1 974 000;0.00%
03/04/2018;13 900;13 900;13 900;13 900;10 384;144 337 600;-0.71%
04/04/2018;13 995;13 995;13 995;13 995;1 420;19 872 900;0.68%
05/04/2018;13 990;13 990;13 990;13 990;314;4 392 860;-0.04%
06/04/2018;13 900;13 900;13 900;13 900;415;5 768 500;-0.64%
09/04/2018;13 810;13 810;13 810;13 810;818;11 296 580;-0.65%
10/04/2018;13 900;13 900;13 900;13 900;1 421;19 751 900;0.65%
11/04/2018;14 000;14 000;14 000;14 000;3 718;52 052 000;0.72%
12/04/2018;13 700;13 700;13 700;13 700;14 434;197 745 800;-2.14%
13/04/2018;13 950;13 950;13 950;13 950;10 484;146 251 800;1.82%
16/04/2018;13 890;13 890;13 890;13 890;130;1 805 700;-0.43%
17/04/2018;13 800;13 800;13 800;13 800;1 146;15 814 800;-0.65%
18/04/2018;13 800;13 800;13 800;13 800;3 433;47 375 400;0.00%
19/04/2018;13 600;13 600;13 600;13 600;3 467;47 151 200;-1.45%
20/04/2018;13 700;13 700;13 700;13 700;5 247;71 883 900;0.74%
23/04/2018;13 600;13 600;13 600;13 600;1 148;15 612 800;-0.73%
24/04/2018;13 700;13 700;13 700;13 700;2 800;38 360 000;0.74%
25/04/2018;13 750;13 750;13 750;13 750;616;8 470 000;0.36%
26/04/2018;13 695;13 695;13 695;13 695;1 437;19 679 715;-0.40%
27/04/2018;13 500;13 500;13 500;13 500;1 620;21 870 000;-1.42%
09/05/2018;13 200;13 200;13 200;13 200;3 622;47 810 400;-2.22%
10/05/2018;13 200;13 200;13 200;13 200;3 622;47 810 400;0.00%
11/05/2018;13 000;13 000;13 000;13 000;2 372;30 836 000;-1.52%
14/05/2018;12 950;12 950;12 950;12 950;833;10 787 350;-0.38%
15/05/2018;12 890;12 890;12 890;12 890;1 186;15 287 540;-0.46%
16/05/2018;12 000;12 000;12 000;12 000;519;6 228 000;-6.90%
17/05/2018;11 700;11 700;11 700;11 700;697;8 154 900;-2.50%
18/05/2018;11 700;11 700;11 700;11 700;1 629;19 059 300;0.00%
21/05/2018;11 700;11 700;11 700;11 700;1 629;19 059 300;0.00%
22/05/2018;12 000;12 000;12 000;12 000;729;8 748 000;2.56%
23/05/2018;12 000;12 000;12 000;12 000;1 369;16 428 000;0.00%
24/05/2018;11 750;11 750;11 750;11 750;5 028;59 079 000;-2.08%
25/05/2018;11 900;11 900;11 900;11 900;16 278;193 708 200;1.28%
28/05/2018;11 500;11 500;11 500;11 500;1 836;21 114 000;-3.36%
30/05/2018;11 500;11 500;11 500;11 500;1 367;15 720 500;-0.86%
31/05/2018;11 975;11 975;11 975;11 975;917;10 981 075;4.13%
01/06/2018;11 900;11 900;11 900;11 900;103;1 225 700;-0.63%
04/06/2018;11 895;11 895;11 895;11 895;814;9 682 530;-0.04%
05/06/2018;12 380;12 380;12 380;12 380;1 481;18 334 780;4.08%
06/06/2018;12 130;12 130;12 130;12 130;4 397;53 335 610;-2.02%
07/06/2018;12 120;12 120;12 120;12 120;749;9 077 880;-0.08%
08/06/2018;12 000;12 000;12 000;12 000;2 310;27 720 000;-0.99%
11/06/2018;12 000;12 000;12 000;12 000;2 310;27 720 000;0.00%
12/06/2018;11 990;11 990;11 990;11 990;580;6 954 200;-0.08%
13/06/2018;11 900;11 900;11 900;11 900;1 774;21 110 600;-0.75%
14/06/2018;11 900;11 900;11 900;11 900;1 774;21 110 600;0.00%
15/06/2018;11 990;11 990;11 990;11 990;751;9 004 490;0.76%
18/06/2018;12 000;12 000;12 000;12 000;6 211;74 532 000;0.08%
19/06/2018;12 495;12 495;12 495;12 495;216;2 698 920;4.13%
20/06/2018;12 250;12 250;12 250;12 250;485;5 941 250;-1.96%
21/06/2018;12 250;12 250;12 250;12 250;864;10 584 000;0.00%
28/06/2018;12 350;12 350;12 350;12 350;2 572;31 764 200;0.82%
29/06/2018;12 330;12 330;12 330;12 330;1 423;17 545 590;-0.16%
02/07/2018;12 095;12 095;12 095;12 095;4 986;60 305 670;-1.91%
03/07/2018;12 000;12 000;12 000;12 000;580;6 960 000;-0.79%
04/07/2018;11 950;11 950;11 950;11 950;996;11 902 200;-0.42%
05/07/2018;11 800;11 800;11 800;11 800;1 043;12 307 400;-1.26%
06/07/2018;11 800;11 800;11 800;11 800;11 159;131 676 200;0.00%
09/07/2018;11 800;11 800;11 800;11 800;599;7 068 200;0.00%
10/07/2018;11 700;11 700;11 700;11 700;3 359;39 300 300;-0.85%
11/07/2018;12 500;12 500;12 500;12 500;7 698;96 225 000;6.84%
12/07/2018;11 900;11 900;11 900;11 900;2 092;24 894 800;-4.80%
13/07/2018;12 150;12 150;12 150;12 150;90;1 093 500;2.10%
16/07/2018;11 900;11 900;11 900;11 900;364;4 331 600;-2.06%
17/07/2018;12 495;12 495;12 495;12 495;508;6 347 460;5.00%
18/07/2018;12 450;12 450;12 450;12 450;961;11 964 450;-0.36%
19/07/2018;12 000;12 000;12 000;12 000;1 529;18 348 000;-3.61%
20/07/2018;12 000;12 000;12 000;12 000;200;2 400 000;0.00%
23/07/2018;12 000;12 000;12 000;12 000;231;2 772 000;0.00%
24/07/2018;12 100;12 100;12 100;12 100;667;8 070 700;0.83%
25/07/2018;12 100;12 100;12 100;12 100;519;6 279 900;0.00%
26/07/2018;12 000;12 000;12 000;12 000;64;768 000;-0.83%
30/07/2018;11 900;11 900;11 900;11 900;660;7 854 000;-0.83%
31/07/2018;11 885;11 885;11 885;11 885;5 165;61 386 025;-0.13%
01/08/2018;11 840;11 840;11 840;11 840;4 018;47 573 120;-0.38%
02/08/2018;11 795;11 795;11 795;11 795;12 403;146 293 385;-0.38%
03/08/2018;11 785;11 785;11 785;11 785;3 107;36 615 995;-0.08%
06/08/2018;11 785;11 785;11 785;11 785;3 107;36 615 995;0.00%
07/08/2018;11 785;11 785;11 785;11 785;3 107;36 615 995;0.00%
08/08/2018;11 400;11 400;11 400;11 400;695;7 923 000;-3.27%
09/08/2018;11 395;11 395;11 395;11 395;5 180;59 026 100;-0.04%
10/08/2018;11 000;11 000;11 000;11 000;6 334;69 674 000;-3.47%
13/08/2018;11 100;11 100;11 100;11 100;4 347;48 251 700;0.91%
14/08/2018;11 200;11 200;11 200;11 200;1 417;15 870 400;0.90%
20/08/2018;11 000;11 000;11 000;11 000;276;3 036 000;-1.79%
21/08/2018;11 000;11 000;11 000;11 000;276;3 036 000;0.00%
22/08/2018;10 985;10 985;10 985;10 985;763;8 381 555;-0.14%
23/08/2018;10 990;10 990;10 990;10 990;357;3 923 430;0.05%
24/08/2018;10 990;10 990;10 990;10 990;1 009;11 088 910;0.00%
28/08/2018;10 975;10 975;10 975;10 975;285;3 127 875;-0.05%
29/08/2018;10 940;10 940;10 940;10 940;225;2 461 500;-0.32%
30/08/2018;10 950;10 950;10 950;10 950;1 200;13 140 000;0.09%
31/08/2018;10 935;10 935;10 935;10 935;230;2 515 050;-0.14%
03/09/2018;10 890;10 890;10 890;10 890;104;1 132 560;-0.41%
04/09/2018;10 850;10 850;10 850;10 850;2 212;24 000 200;-0.37%
05/09/2018;10 835;10 835;10 835;10 835;1 412;15 299 020;-0.14%
06/09/2018;10 820;10 820;10 820;10 820;284;3 072 880;-0.14%
07/09/2018;10 700;10 700;10 700;10 700;1 113;11 909 100;-1.11%
10/09/2018;10 500;10 500;10 500;10 500;301;3 160 500;-1.87%
11/09/2018;10 780;10 780;10 780;10 780;866;9 335 480;2.67%
12/09/2018;10 750;10 750;10 750;10 750;905;9 728 750;-0.28%
13/09/2018;10 700;10 700;10 700;10 700;150;1 605 000;-0.47%
14/09/2018;10 500;10 500;10 500;10 500;1 802;18 921 000;-1.87%
17/09/2018;10 500;10 500;10 500;10 500;1 802;18 921 000;0.00%
18/09/2018;9 665;9 665;9 665;9 665;849;8 205 585;-7.95%
19/09/2018;10 100;10 100;10 100;10 100;511;5 161 100;4.50%
20/09/2018;10 095;10 095;10 095;10 095;852;8 600 940;-0.05%
21/09/2018;10 290;10 290;10 290;10 290;31;318 990;1.93%
24/09/2018;10 090;10 090;10 090;10 090;209;2 108 810;-1.94%
25/09/2018;10 000;10 000;10 000;10 000;283;2 830 000;-0.89%
26/09/2018;10 000;10 000;10 000;10 000;634;6 340 000;0.00%
27/09/2018;9 995;9 995;9 995;9 995;686;6 856 570;-0.05%
28/09/2018;9 995;9 995;9 995;9 995;173;1 729 135;0.00%
01/10/2018;10 000;10 000;10 000;10 000;659;6 590 000;0.05%
02/10/2018;10 000;10 000;10 000;10 000;356;3 560 000;0.00%
03/10/2018;10 000;10 000;10 000;10 000;662;6 620 000;0.00%
04/10/2018;9 995;9 995;9 995;9 995;137;1 369 315;-0.05%
05/10/2018;9 990;9 990;9 990;9 990;38;379 620;-0.05%
08/10/2018;9 655;9 655;9 655;9 655;374;3 610 970;-3.35%
09/10/2018;9 500;9 500;9 500;9 500;332;3 154 000;-1.61%
10/10/2018;9 500;9 500;9 500;9 500;44;418 000;0.00%
11/10/2018;9 485;9 485;9 485;9 485;40;379 400;-0.16%
12/10/2018;9 400;9 400;9 400;9 400;1 535;14 429 000;-0.90%
15/10/2018;9 345;9 345;9 345;9 345;92;859 740;-0.59%
16/10/2018;9 325;9 325;9 325;9 325;287;2 676 275;-0.21%
17/10/2018;9 200;9 200;9 200;9 200;1 345;12 374 000;-1.34%
18/10/2018;9 175;9 175;9 175;9 175;287;2 633 225;-0.27%
19/10/2018;9 200;9 200;9 200;9 200;1 055;9 706 000;0.27%
22/10/2018;9 000;9 000;9 000;9 000;323;2 907 000;-2.17%
23/10/2018;9 000;9 000;9 000;9 000;297;2 673 000;0.00%
24/10/2018;8 995;8 995;8 995;8 995;425;3 822 875;-0.06%
25/10/2018;8 985;8 985;8 985;8 985;61;548 085;-0.11%
26/10/2018;8 895;8 895;8 895;8 895;379;3 371 205;-1.00%
29/10/2018;8 885;8 885;8 885;8 885;242;2 150 170;-0.11%
30/10/2018;8 800;8 800;8 800;8 800;1 666;14 660 800;-0.96%
31/10/2018;8 890;8 890;8 890;8 890;47;417 830;1.02%
01/11/2018;8 890;8 890;8 890;8 890;47;417 830;0.00%
02/11/2018;8 795;8 795;8 795;8 795;640;5 628 800;-1.07%
05/11/2018;8 700;8 700;8 700;8 700;676;5 881 200;-1.08%
06/11/2018;8 550;8 550;8 550;8 550;188;1 607 400;-1.72%
07/11/2018;8 400;8 400;8 400;8 400;130;1 092 000;-1.75%
08/11/2018;8 395;8 395;8 395;8 395;942;7 908 090;-0.06%
09/11/2018;8 390;8 390;8 390;8 390;60;503 400;-0.06%
12/11/2018;8 340;8 340;8 340;8 340;48;400 320;-0.60%
13/11/2018;8 200;8 200;8 200;8 200;134;1 098 800;-1.68%
14/11/2018;8 020;8 020;8 020;8 020;56;449 120;-2.20%
15/11/2018;8 020;8 020;8 020;8 020;56;449 120;0.00%
16/11/2018;8 085;8 085;8 085;8 085;626;5 061 210;0.81%
19/11/2018;8 000;8 000;8 000;8 000;625;5 000 000;-1.05%
20/11/2018;8 000;8 000;8 000;8 000;625;5 000 000;0.00%
21/11/2018;7 800;7 800;7 800;7 800;564;4 399 200;-2.50%
22/11/2018;7 495;7 495;7 495;7 495;1 047;7 847 265;-3.91%
23/11/2018;7 295;7 295;7 295;7 295;1 180;8 608 100;-2.67%
27/11/2018;7 000;7 000;7 000;7 000;455;3 185 000;-2.78%
28/11/2018;6 860;6 860;6 860;6 860;125 209;858 933 740;-2.00%
29/11/2018;7 100;7 100;7 100;7 100;108 320;769 072 000;3.50%
30/11/2018;7 000;7 000;7 000;7 000;9 859;69 013 000;-1.41%
03/12/2018;7 200;7 200;7 200;7 200;1 079;7 768 800;2.86%
04/12/2018;7 200;7 200;7 200;7 200;664;4 780 800;0.00%
05/12/2018;7 155;7 155;7 155;7 155;160;1 144 800;-0.63%
06/12/2018;7 690;7 690;7 690;7 690;234;1 799 460;7.48%
07/12/2018;8 265;8 265;8 265;8 265;500;4 132 500;7.48%
10/12/2018;8 800;8 800;8 800;8 800;657;5 781 600;6.47%
11/12/2018;9 300;9 300;9 300;9 300;891;8 286 300;5.68%
12/12/2018;9 995;9 995;9 995;9 995;3 423;34 212 885;7.47%
13/12/2018;9 800;9 800;9 800;9 800;1 774;17 385 200;-1.95%
14/12/2018;9 200;9 200;9 200;9 200;1 278;11 757 600;-6.12%
17/12/2018;9 145;9 145;9 145;9 145;466;4 261 570;-0.60%
18/12/2018;9 000;9 000;9 000;9 000;321;2 889 000;-1.59%
19/12/2018;8 990;8 990;8 990;8 990;43;386 570;-0.11%
20/12/2018;8 885;8 885;8 885;8 885;115;1 021 775;-1.17%
21/12/2018;8 220;8 220;8 220;8 220;164;1 348 080;-7.48%
24/12/2018;8 000;8 000;8 000;8 000;1 396;11 168 000;-2.68%
25/12/2018;8 000;8 000;8 000;8 000;1 396;11 168 000;0.00%
26/12/2018;8 000;8 000;8 000;8 000;2 186;17 488 000;0.00%
27/12/2018;7 990;7 990;7 990;7 990;169;1 350 310;-0.13%
28/12/2018;8 000;8 000;8 000;8 000;229;1 832 000;0.13%
31/12/2018;7 400;7 400;7 400;7 400;1 144;8 465 600;-7.50%
02/01/2019;7 600;7 600;7 600;7 600;276;2 097 600;2.70%
03/01/2019;7 900;7 900;7 900;7 900;922;7 283 800;3.95%
04/01/2019;7 995;7 995;7 995;7 995;679;5 428 605;1.20%
07/01/2019;7 840;7 840;7 840;7 840;1 634;12 810 560;-1.94%
08/01/2019;7 650;7 650;7 650;7 650;410;3 136 500;-2.42%
09/01/2019;7 795;7 795;7 795;7 795;661;5 152 495;1.90%
10/01/2019;7 400;7 400;7 400;7 400;996;7 370 400;-5.07%
11/01/2019;7 400;7 400;7 400;7 400;131;969 400;0.00%
14/01/2019;7 000;7 000;7 000;7 000;3 939;27 573 000;-5.41%
15/01/2019;7 015;7 015;7 015;7 015;8 833;61 963 495;0.21%
16/01/2019;7 400;7 050;7 400;7 050;267;1 929 075;5.49%
17/01/2019;7 250;7 700;7 700;7 250;1 766;13 200 850;-2.03%
18/01/2019;7 250;7 250;7 250;7 250;1 004;7 279 000;0.00%
21/01/2019;7 400;7 245;7 400;7 245;2 344;17 163 940;2.07%
22/01/2019;7 400;7 400;7 400;7 400;443;3 278 200;0.00%
23/01/2019;7 300;7 200;7 300;7 200;4 983;36 126 750;-1.35%
24/01/2019;7 395;7 300;7 395;7 300;1 131;8 310 023;1.30%
25/01/2019;7 500;7 395;7 500;7 395;4 511;33 595 673;1.42%
28/01/2019;7 450;7 500;7 500;7 450;436;3 259 100;-0.67%
29/01/2019;7 400;7 440;7 440;7 400;2 911;21 599 620;-0.67%
30/01/2019;7 800;7 500;7 800;7 500;730;5 584 500;5.41%
31/01/2019;8 000;7 795;8 000;7 795;2 082;16 442 595;2.56%
01/02/2019;8 600;8 600;8 600;8 600;292;2 511 200;7.50%
04/02/2019;8 495;8 605;8 605;8 495;640;5 472 000;-1.22%
05/02/2019;8 405;8 495;8 495;8 405;2 742;23 169 900;-1.06%
06/02/2019;8 350;8 505;8 505;8 350;587;4 946 943;-0.65%
07/02/2019;8 350;8 500;8 500;8 350;561;4 726 425;0.00%
08/02/2019;8 595;8 595;8 595;8 595;190;1 633 050;2.93%
11/02/2019;8 600;8 600;8 600;8 600;804;6 914 400;0.06%
12/02/2019;8 550;8 595;8 595;8 550;221;1 894 523;-0.58%
13/02/2019;8 600;8 500;8 600;8 500;2 104;17 989 200;0.58%
14/02/2019;8 500;8 600;8 600;8 500;2 146;18 348 300;-1.16%
15/02/2019;8 500;8 595;8 595;8 500;1 777;15 188 908;0.00%
18/02/2019;8 500;8 505;8 505;8 500;5 435;46 211 088;0.00%
19/02/2019;8 445;8 450;8 450;8 445;557;4 705 258;-0.65%
20/02/2019;8 300;8 350;8 350;8 300;157;1 307 025;-1.72%
21/02/2019;8 100;8 295;8 295;8 100;1 123;9 205 793;-2.41%
22/02/2019;8 100;8 100;8 100;8 100;1;8 100;0.00%
26/02/2019;8 095;8 000;8 095;8 000;270;2 172 825;0.25%
27/02/2019;8 000;8 100;8 100;8 000;601;4 838 050;-1.17%
28/02/2019;7 800;8 000;8 000;7 800;1 474;11 644 600;-2.50%
01/03/2019;7 990;7 825;7 990;7 825;147;1 162 403;2.44%
04/03/2019;8 300;7 990;8 300;7 990;368;2 997 360;3.88%
05/03/2019;7 830;8 400;8 400;7 830;2 240;18 177 600;-5.66%
06/03/2019;8 000;8 290;8 290;8 000;121;985 545;2.17%
07/03/2019;8 200;7 950;8 200;7 950;1 173;9 471 975;2.50%
08/03/2019;7 990;7 995;7 995;7 990;1 687;13 483 348;-2.56%
11/03/2019;8 000;8 040;8 040;8 000;2 135;17 122 700;0.13%
12/03/2019;8 000;7 950;8 000;7 950;528;4 210 800;0.00%
13/03/2019;7 995;8 000;8 000;7 995;916;7 325 710;-0.06%
14/03/2019;8 000;8 000;8 000;8 000;1 443;11 544 000;0.06%
15/03/2019;7 990;7 995;7 995;7 990;287;2 293 848;-0.13%
18/03/2019;7 990;8 000;8 000;7 990;522;4 173 390;0.00%
19/03/2019;7 995;8 000;8 000;7 995;529;4 230 678;0.06%
20/03/2019;8 000;8 000;8 000;8 000;4 597;36 776 000;0.06%
21/03/2019;7 950;7 995;7 995;7 950;689;5 493 053;-0.63%
22/03/2019;8 190;7 955;8 190;7 955;1 656;13 368 060;3.02%
25/03/2019;8 000;8 000;8 000;8 000;764;6 112 000;-2.32%
26/03/2019;8 400;8 190;8 400;8 190;799;6 627 705;5.00%
27/03/2019;8 200;8 300;8 300;8 200;97;800 250;-2.38%
28/03/2019;8 500;8 360;8 500;8 360;76;640 680;3.66%
29/03/2019;8 200;8 500;8 500;8 200;1 250;10 437 500;-3.53%
01/04/2019;8 200;8 500;8 500;8 200;187;1 561 450;0.00%
02/04/2019;8 200;8 200;8 200;8 200;207;1 697 400;0.00%
03/04/2019;7 950;8 100;8 100;7 950;2 181;17 502 525;-3.05%
04/04/2019;8 000;8 005;8 005;8 000;1 412;11 299 530;0.63%
05/04/2019;8 200;8 000;8 200;8 000;704;5 702 400;2.50%
08/04/2019;8 500;8 200;8 500;8 200;528;4 408 800;3.66%
09/04/2019;8 500;8 500;8 500;8 500;665;5 652 500;0.00%
10/04/2019;8 745;8 395;8 745;8 395;544;4 662 080;2.88%
11/04/2019;9 000;8 750;9 000;8 750;91;807 625;2.92%
12/04/2019;8 500;8 820;8 820;8 500;1 015;8 789 900;-5.56%
15/04/2019;8 400;8 500;8 500;8 400;6 571;55 524 950;-1.18%
17/04/2019;8 500;8 600;8 600;8 500;11 665;99 735 750;1.19%
18/04/2019;8 400;8 990;8 990;8 400;405;3 521 475;-1.18%
19/04/2019;8 400;8 550;8 550;8 400;266;2 254 350;0.00%
22/04/2019;8 400;8 550;8 550;8 400;266;2 254 350;0.00%
23/04/2019;8 600;8 400;8 600;8 400;3 174;26 979 000;2.38%
24/04/2019;8 500;8 450;8 500;8 450;259;2 195 025;-1.16%
25/04/2019;8 000;8 500;8 500;8 000;1 513;12 482 250;-5.88%
26/04/2019;7 990;8 000;8 000;7 990;1 001;8 002 995;-0.13%
29/04/2019;7 980;8 000;8 000;7 980;8 753;69 936 470;-0.13%
30/04/2019;8 000;8 095;8 095;8 000;12 481;100 440 848;0.25%
01/05/2019;8 000;8 095;8 095;8 000;12 481;100 440 848;0.00%
02/05/2019;8 000;8 000;8 000;8 000;4 832;38 656 000;0.00%
03/05/2019;8 000;8 000;8 000;8 000;194;1 552 000;0.00%
06/05/2019;8 230;8 095;8 230;8 095;3 831;31 270 538;2.88%
07/05/2019;8 010;8 230;8 230;8 010;3 932;31 927 840;-2.67%
08/05/2019;8 300;8 200;8 300;8 200;1 016;8 382 000;3.62%
09/05/2019;8 300;8 305;8 305;8 300;502;4 167 855;0.00%
10/05/2019;8 450;8 450;8 450;8 450;2 112;17 846 400;1.81%
13/05/2019;8 450;8 450;8 450;8 450;476;4 022 200;0.00%
14/05/2019;8 500;8 500;8 500;8 500;2 900;24 650 000;0.59%
15/05/2019;8 500;8 500;8 500;8 500;200;1 700 000;0.00%
16/05/2019;8 500;8 500;8 500;8 500;220;1 870 000;0.00%
17/05/2019;8 500;8 500;8 500;8 500;84;714 000;0.00%
20/05/2019;8 500;8 500;8 500;8 500;1 838;15 623 000;0.00%
21/05/2019;8 505;8 500;8 505;8 500;1 360;11 563 400;0.06%
22/05/2019;8 600;8 600;8 600;8 600;179;1 539 400;1.12%
23/05/2019;8 500;8 600;8 600;8 500;485;4 146 750;-1.16%
27/05/2019;8 500;8 600;8 600;8 500;292;2 496 600;-3.35%
28/05/2019;8 500;8 495;8 500;8 495;1 025;8 709 938;0.00%
29/05/2019;8 500;8 500;8 500;8 500;31;263 500;0.00%
30/05/2019;8 500;8 500;8 500;8 500;31;263 500;0.00%
31/05/2019;8 600;8 500;8 600;8 500;82;701 100;1.18%
03/06/2019;8 510;8 510;8 510;8 510;740;6 297 400;-1.05%
05/06/2019;8 600;8 515;8 600;8 515;71;607 583;1.06%
06/06/2019;8 500;8 695;8 695;8 500;1 765;15 174 588;-1.16%
07/06/2019;8 600;8 600;8 600;8 600;1 030;8 858 000;1.18%
11/06/2019;8 550;8 600;8 600;8 550;7 963;68 282 725;-0.58%
12/06/2019;8 650;8 605;8 650;8 605;79;681 573;1.17%
13/06/2019;8 605;8 600;8 605;8 600;487;4 189 418;-0.52%
14/06/2019;8 605;8 605;8 605;8 605;48;413 040;0.00%
17/06/2019;8 600;8 600;8 600;8 600;2 868;24 664 800;-0.06%
18/06/2019;8 600;8 605;8 605;8 600;522;4 490 505;0.00%
19/06/2019;8 700;8 605;8 700;8 605;75;648 938;1.16%
20/06/2019;8 600;8 700;8 700;8 600;12 352;106 844 800;-1.15%
21/06/2019;8 610;8 605;8 610;8 605;65;559 488;0.12%
24/06/2019;8 900;8 650;8 900;8 650;74;649 350;3.37%
25/06/2019;8 900;8 900;8 900;8 900;6 998;62 282 200;0.00%
26/06/2019;8 980;8 980;8 980;8 980;20;179 600;0.90%
27/06/2019;8 755;8 980;8 980;8 755;1 382;12 254 885;-2.51%
28/06/2019;9 000;8 755;9 000;8 755;666;5 912 415;2.80%
01/07/2019;8 900;8 900;8 900;8 900;223;1 984 700;-1.11%
02/07/2019;8 900;9 000;9 000;8 900;11 316;101 278 200;0.00%
03/07/2019;9 000;9 000;9 000;9 000;6 476;58 284 000;1.12%
04/07/2019;9 000;9 300;9 300;9 000;690;6 313 500;0.00%
05/07/2019;9 000;9 000;9 000;9 000;1 678;15 102 000;0.00%
08/07/2019;9 000;9 000;9 000;9 000;122;1 098 000;0.00%
09/07/2019;9 050;9 000;9 050;9 000;908;8 194 700;0.56%
10/07/2019;9 005;9 150;9 150;9 005;4 075;36 990 813;-0.50%
11/07/2019;9 000;9 005;9 005;9 000;577;5 194 443;-0.06%
12/07/2019;9 000;9 000;9 000;9 000;453;4 077 000;0.00%
15/07/2019;9 005;9 000;9 005;9 000;136;1 224 340;0.06%
16/07/2019;9 000;9 005;9 005;9 000;567;5 104 418;-0.06%
17/07/2019;9 000;9 000;9 000;9 000;69;621 000;0.00%
18/07/2019;9 005;9 005;9 005;9 005;187;1 683 935;0.06%
19/07/2019;9 300;9 300;9 300;9 300;400;3 720 000;3.28%
22/07/2019;9 025;9 025;9 025;9 025;55;496 375;-2.96%
23/07/2019;9 025;9 025;9 025;9 025;145;1 308 625;0.00%
24/07/2019;9 025;9 025;9 025;9 025;246;2 220 150;0.00%
25/07/2019;9 200;9 025;9 200;9 025;755;6 879 938;1.94%
26/07/2019;9 000;9 100;9 100;9 000;6 209;56 191 450;-2.17%
29/07/2019;9 000;9 200;9 200;9 000;69;627 900;0.00%
30/07/2019;9 000;8 995;9 000;8 995;855;7 692 863;0.00%
31/07/2019;9 000;9 000;9 000;9 000;717;6 453 000;0.00%
01/08/2019;8 915;8 915;8 915;8 915;789;7 033 935;-0.94%
02/08/2019;9 000;8 995;9 000;8 995;2 398;21 576 005;0.95%
05/08/2019;9 000;9 000;9 000;9 000;44 009;396 081 000;0.00%
06/08/2019;9 000;9 000;9 000;9 000;382;3 438 000;0.00%
07/08/2019;9 000;9 000;9 000;9 000;382;3 438 000;0.00%
08/08/2019;9 005;9 000;9 005;9 000;178;1 602 445;0.06%
09/08/2019;9 200;9 005;9 200;9 005;378;3 440 745;2.17%
12/08/2019;9 200;9 005;9 200;9 005;378;3 440 745;0.00%
13/08/2019;9 200;9 200;9 200;9 200;130;1 196 000;0.00%
14/08/2019;9 000;9 200;9 200;9 000;677;6 160 700;-2.17%
15/08/2019;9 000;9 200;9 200;9 000;677;6 160 700;0.00%
16/08/2019;9 000;9 000;9 000;9 000;312;2 808 000;0.00%
19/08/2019;9 010;9 005;9 010;9 005;18;162 135;0.11%
20/08/2019;9 000;9 005;9 005;9 000;204;1 836 510;-0.11%
21/08/2019;8 700;9 000;9 000;8 700;3 546;31 382 100;-3.33%
23/08/2019;9 010;9 000;9 010;9 000;2 133;19 207 665;0.11%
26/08/2019;9 000;9 000;9 000;9 000;27;243 000;-0.11%
27/08/2019;9 050;9 000;9 050;9 000;77;694 925;0.56%
28/08/2019;9 000;9 000;9 000;9 000;457;4 113 000;-0.55%
29/08/2019;8 850;8 855;8 855;8 850;594;5 258 385;-1.67%
02/09/2019;8 850;9 000;9 000;8 850;385;3 436 125;0.00%
03/09/2019;9 000;8 850;9 000;8 850;129;1 151 325;1.69%
04/09/2019;9 000;8 990;9 000;8 990;6 758;60 788 210;0.00%
05/09/2019;9 000;9 000;9 000;9 000;24;216 000;0.00%
06/09/2019;9 000;9 000;9 000;9 000;3 354;30 186 000;0.00%
09/09/2019;8 650;9 000;9 000;8 650;247;2 179 775;-3.89%
10/09/2019;8 650;8 995;8 995;8 650;520;4 587 700;0.00%
12/09/2019;8 890;8 750;8 890;8 750;144;1 270 080;2.77%
13/09/2019;8 700;8 650;8 700;8 650;228;1 977 900;-2.14%
16/09/2019;8 700;8 750;8 750;8 700;358;3 123 550;0.00%
17/09/2019;8 700;8 795;8 795;8 700;245;2 143 138;0.00%
18/09/2019;8 655;8 655;8 655;8 655;401;3 470 655;-0.52%
19/09/2019;8 655;8 690;8 690;8 655;625;5 420 313;0.00%
20/09/2019;8 695;8 655;8 695;8 655;812;7 044 100;0.46%
23/09/2019;8 605;8 650;8 650;8 605;82;707 455;-1.04%
24/09/2019;8 600;8 600;8 600;8 600;7;60 200;-0.06%
25/09/2019;8 590;8 590;8 590;8 590;54;463 860;-0.12%
26/09/2019;8 150;8 550;8 550;8 150;171;1 427 850;-5.12%
27/09/2019;8 000;8 100;8 100;8 000;5 534;44 548 700;-1.84%
30/09/2019;8 000;7 900;8 000;7 900;2 379;18 913 050;0.00%
01/10/2019;8 000;7 990;8 000;7 990;1 837;14 686 815;0.00%
02/10/2019;8 000;8 000;8 000;8 000;1 684;13 472 000;0.00%
03/10/2019;7 995;8 000;8 000;7 995;15 636;125 048 910;-0.06%
04/10/2019;8 000;7 995;8 000;7 995;2 049;16 386 878;0.06%
07/10/2019;7 900;7 950;7 950;7 900;304;2 409 200;-1.25%
08/10/2019;7 995;7 995;7 995;7 995;711;5 684 445;1.20%
09/10/2019;7 700;7 995;7 995;7 700;1 320;10 358 700;-3.69%
10/10/2019;7 700;7 600;7 700;7 600;671;5 133 150;0.00%
11/10/2019;7 700;7 700;7 700;7 700;497;3 826 900;0.00%
14/10/2019;7 700;7 550;7 700;7 550;1 831;13 961 375;0.00%
15/10/2019;7 705;7 700;7 705;7 700;91;700 928;0.06%
16/10/2019;7 715;8 000;8 000;7 715;1 452;11 409 090;0.13%
17/10/2019;7 850;7 900;7 900;7 850;586;4 614 750;1.75%
18/10/2019;7 760;7 850;7 850;7 760;588;4 589 340;-1.15%
21/10/2019;7 845;7 845;7 845;7 845;742;5 820 990;1.10%
22/10/2019;7 845;7 800;7 845;7 800;4 684;36 640 590;0.00%
23/10/2019;7 760;7 800;7 800;7 760;331;2 575 180;-1.08%
24/10/2019;7 780;7 795;7 795;7 780;4 371;34 039 163;0.26%
25/10/2019;7 800;7 785;7 800;7 785;1 172;9 132 810;0.26%
28/10/2019;7 790;7 795;7 795;7 790;884;6 888 570;-0.13%
29/10/2019;7 750;7 795;7 795;7 750;199;1 546 728;-0.51%
30/10/2019;7 790;7 780;7 790;7 780;345;2 685 825;0.52%
31/10/2019;7 840;7 790;7 840;7 790;3 472;27 133 680;0.64%
01/11/2019;7 840;7 790;7 840;7 790;3 472;27 133 680;0.00%
04/11/2019;7 835;7 840;7 840;7 835;694;5 439 225;-0.06%
05/11/2019;7 750;7 830;7 830;7 750;181;1 409 990;-1.08%
06/11/2019;7 800;7 660;7 800;7 660;3 352;25 910 960;0.65%
07/11/2019;7 760;7 800;7 800;7 760;218;1 696 040;-0.51%
08/11/2019;7 700;7 700;7 700;7 700;110;847 000;-0.77%
11/11/2019;7 800;7 800;7 800;7 800;4 578;35 708 400;1.30%
12/11/2019;7 800;7 800;7 800;7 800;264;2 059 200;0.00%
13/11/2019;7 805;7 800;7 805;7 800;215;1 677 538;0.06%
14/11/2019;7 800;7 805;7 805;7 800;600;4 681 500;-0.06%
18/11/2019;7 800;7 800;7 800;7 800;757;5 904 600;0.00%
19/11/2019;7 800;7 815;7 815;7 800;786;6 136 695;0.00%
21/11/2019;7 755;7 800;7 800;7 755;270;2 099 925;-1.15%
22/11/2019;7 800;7 800;7 800;7 800;3 689;28 774 200;0.58%
25/11/2019;7 800;7 800;7 800;7 800;15 131;118 021 800;0.00%
26/11/2019;7 800;7 825;7 825;7 800;146;1 140 625;0.00%
27/11/2019;7 800;7 795;7 800;7 795;1 002;7 813 095;0.00%
28/11/2019;7 800;7 830;7 830;7 800;628;4 907 820;0.00%
29/11/2019;7 800;7 800;7 800;7 800;110 674;863 257 200;0.00%
02/12/2019;7 800;7 800;7 800;7 800;1 989;15 514 200;0.00%
03/12/2019;7 800;7 800;7 800;7 800;358;2 792 400;0.00%
04/12/2019;7 845;7 840;7 845;7 840;15 451;121 174 468;0.58%
05/12/2019;7 845;7 800;7 845;7 800;243;1 900 868;0.00%
06/12/2019;7 800;7 800;7 800;7 800;1 217;9 492 600;-0.57%
09/12/2019;7 845;7 800;7 845;7 800;410;3 207 225;0.58%
10/12/2019;7 755;7 800;7 800;7 755;470;3 655 425;-1.15%
11/12/2019;7 800;7 830;7 830;7 800;7 149;55 869 435;0.58%
12/12/2019;7 800;7 830;7 830;7 800;854;6 674 010;0.00%
13/12/2019;7 800;7 800;7 800;7 800;2;15 600;0.00%
16/12/2019;7 780;7 795;7 795;7 780;129;1 004 588;-0.26%
17/12/2019;7 775;7 775;7 775;7 775;40;311 000;-0.06%
18/12/2019;7 785;7 780;7 785;7 780;277;2 155 753;0.13%
19/12/2019;7 780;7 770;7 780;7 770;379;2 946 725;-0.06%
20/12/2019;7 705;7 780;7 780;7 705;366 920;2 840 878 100;-0.96%
23/12/2019;7 780;7 785;7 785;7 780;205;1 595 413;0.97%
24/12/2019;7 760;7 775;7 775;7 760;112;869 960;-0.26%
25/12/2019;7 760;7 775;7 775;7 760;112;869 960;0.00%
26/12/2019;7 750;7 760;7 760;7 750;268;2 078 340;-0.13%
27/12/2019;7 680;7 750;7 750;7 680;11 916;91 931 940;-0.90%
30/12/2019;7 700;7 750;7 750;7 700;124;957 900;0.26%
31/12/2019;7 700;7 600;7 700;7 600;2 625;20 081 250;0.00%
01/01/2020;7 700;7 600;7 700;7 600;2 625;20 081 250;0.00%
02/01/2020;7 700;7 750;7 750;7 700;2 052;15 851 700;0.00%
03/01/2020;7 700;7 710;7 710;7 700;560;4 314 800;0.00%
06/01/2020;7 700;7 750;7 750;7 700;1 626;12 560 850;0.00%
07/01/2020;7 780;7 700;7 780;7 700;1 076;8 328 240;1.04%
08/01/2020;7 780;7 700;7 780;7 700;1 144;8 854 560;0.00%
09/01/2020;7 785;7 785;7 785;7 785;1 103;8 586 855;0.06%
10/01/2020;7 715;7 700;7 715;7 700;797;6 142 878;-0.90%
13/01/2020;7 725;7 845;7 845;7 725;174;1 354 590;0.13%
14/01/2020;7 730;7 845;7 845;7 730;520;4 049 500;0.06%
15/01/2020;7 845;7 845;7 845;7 845;20;156 900;1.49%
16/01/2020;7 810;7 845;7 845;7 810;62;485 305;-0.45%
17/01/2020;7 820;7 810;7 820;7 810;107;836 205;0.13%
20/01/2020;8 000;7 815;8 000;7 815;49;387 468;2.30%
21/01/2020;8 005;8 000;8 005;8 000;203;1 624 508;0.06%
22/01/2020;8 000;8 005;8 005;8 000;482;3 857 205;-0.06%
23/01/2020;8 010;8 005;8 010;8 005;335;2 682 513;0.13%
24/01/2020;8 200;8 100;8 200;8 100;3 494;28 476 100;2.37%
27/01/2020;8 195;8 100;8 195;8 100;395;3 218 263;-0.06%
28/01/2020;8 170;8 100;8 170;8 100;98;797 230;-0.31%
29/01/2020;8 200;8 100;8 200;8 100;2 530;20 619 500;0.37%
30/01/2020;8 280;8 200;8 280;8 200;1 788;14 733 120;0.98%
31/01/2020;8 300;8 200;8 300;8 200;382;3 151 500;0.24%
03/02/2020;8 300;8 400;8 400;8 300;1 670;13 944 500;0.00%
04/02/2020;8 500;8 300;8 500;8 300;11 722;98 464 800;2.41%
05/02/2020;8 505;8 500;8 505;8 500;41 985;356 977 463;0.06%
06/02/2020;8 505;8 500;8 505;8 500;3 919;33 321 298;0.00%
07/02/2020;8 520;8 510;8 520;8 510;515;4 385 225;0.18%
10/02/2020;8 510;8 525;8 525;8 510;1 484;12 639 970;-0.12%
11/02/2020;8 505;8 550;8 550;8 505;4 552;38 817 180;-0.06%
12/02/2020;8 505;8 550;8 550;8 505;4 552;38 817 180;0.00%
13/02/2020;8 455;8 500;8 500;8 455;389;3 297 748;-0.59%
14/02/2020;8 515;8 455;8 515;8 455;511;4 335 835;0.71%
17/02/2020;8 650;8 520;8 650;8 520;1 068;9 168 780;1.59%
18/02/2020;8 650;8 650;8 650;8 650;196;1 695 400;0.00%
19/02/2020;8 750;8 650;8 750;8 650;59;513 300;1.16%
20/02/2020;8 665;8 695;8 695;8 665;165;1 432 200;-0.97%
21/02/2020;8 700;8 670;8 700;8 670;4 113;35 721 405;0.40%
24/02/2020;8 670;8 700;8 700;8 670;490;4 255 650;-0.34%
25/02/2020;8 750;8 655;8 750;8 655;814;7 083 835;0.92%
26/02/2020;8 700;8 700;8 700;8 700;6 880;59 856 000;-0.57%
27/02/2020;8 655;8 680;8 680;8 655;244;2 114 870;-0.52%
28/02/2020;8 655;8 655;8 655;8 655;1 406;12 168 930;0.00%
02/03/2020;8 655;8 650;8 655;8 650;1 611;13 939 178;0.00%
03/03/2020;8 655;8 655;8 655;8 655;100;865 500;0.00%
04/03/2020;8 650;8 655;8 655;8 650;193;1 669 933;-0.06%
05/03/2020;8 670;8 670;8 670;8 670;84;728 280;0.23%
06/03/2020;8 725;8 700;8 725;8 700;55;479 188;0.63%
09/03/2020;8 720;8 720;8 720;8 720;360;3 139 200;-0.06%
10/03/2020;8 675;8 700;8 700;8 675;2 689;23 360 688;-0.52%
11/03/2020;8 655;8 700;8 700;8 655;3 460;30 024 150;-0.23%
12/03/2020;8 700;8 695;8 700;8 695;2 873;24 987 918;0.52%
13/03/2020;8 655;8 655;8 655;8 655;9 183;79 478 865;-0.52%
16/03/2020;8 650;8 655;8 655;8 650;5 818;50 340 245;-0.06%
17/03/2020;8 600;8 600;8 600;8 600;45;387 000;-0.58%
18/03/2020;8 600;8 520;8 600;8 520;22;188 320;0.00%
19/03/2020;8 530;8 600;8 600;8 530;266;2 278 290;-0.81%
23/03/2020;8 530;8 550;8 550;8 530;229;1 955 660;0.00%
24/03/2020;8 500;8 525;8 525;8 500;864;7 354 800;-0.35%
26/03/2020;8 200;8 200;8 200;8 200;175;1 435 000;-3.53%
27/03/2020;8 000;8 300;8 300;8 000;602;4 906 300;-2.44%
30/03/2020;8 000;8 000;8 000;8 000;486;3 888 000;0.00%
31/03/2020;7 900;8 000;8 000;7 900;5;39 750;-1.25%
01/04/2020;7 900;7 900;7 900;7 900;45;355 500;0.00%
02/04/2020;7 900;7 900;7 900;7 900;12;94 800;0.00%
03/04/2020;7 510;7 810;7 810;7 510;280;2 144 800;-4.94%
06/04/2020;7 520;7 510;7 520;7 510;106;796 590;0.13%
07/04/2020;7 300;7 500;7 500;7 300;92;680 800;-2.93%
08/04/2020;7 300;7 300;7 300;7 300;125;912 500;0.00%
09/04/2020;7 250;7 300;7 300;7 250;238;1 731 450;-0.68%
10/04/2020;7 260;7 250;7 260;7 250;2 641;19 160 455;0.14%
13/04/2020;7 260;7 250;7 260;7 250;2 641;19 160 455;0.00%
14/04/2020;7 800;7 300;7 800;7 300;5 017;37 878 350;7.44%
15/04/2020;7 800;7 800;7 800;7 800;9 568;74 630 400;0.00%
16/04/2020;7 300;7 500;7 500;7 300;270;1 998 000;-6.41%
17/04/2020;7 845;7 845;7 845;7 845;99;776 655;7.47%
20/04/2020;8 000;7 900;8 000;7 900;863;6 860 850;1.98%
21/04/2020;8 000;8 000;8 000;8 000;25;200 000;0.00%
22/04/2020;7 995;7 900;7 995;7 900;35;278 163;-0.06%
23/04/2020;8 000;7 900;8 000;7 900;143;1 136 850;0.06%
24/04/2020;7 900;8 000;8 000;7 900;2 043;16 241 850;-1.25%
27/04/2020;7 900;7 900;7 900;7 900;6 646;52 503 400;0.00%
28/04/2020;7 950;8 000;8 000;7 950;522;4 162 950;0.63%
29/04/2020;7 800;7 800;7 800;7 800;769;5 998 200;-1.89%
04/05/2020;7 800;8 000;8 000;7 800;139;1 098 100;0.00%
05/05/2020;7 900;7 645;7 900;7 645;121;940 473;1.28%
06/05/2020;7 900;8 000;8 000;7 900;1 031;8 196 450;0.00%
08/05/2020;7 900;7 900;7 900;7 900;22;173 800;0.00%
11/05/2020;7 800;7 900;7 900;7 800;151;1 185 350;-1.27%
12/05/2020;7 800;7 900;7 900;7 800;257;2 017 450;0.00%
13/05/2020;7 800;7 800;7 800;7 800;186;1 450 800;0.00%
14/05/2020;7 600;7 800;7 800;7 600;532;4 096 400;-2.56%
15/05/2020;7 645;7 645;7 645;7 645;68;519 860;0.59%
18/05/2020;7 600;7 655;7 655;7 600;217;1 655 168;-0.59%
19/05/2020;7 600;7 600;7 600;7 600;44;334 400;0.00%
22/05/2020;7 600;7 600;7 600;7 600;163;1 238 800;0.00%
25/05/2020;7 550;7 600;7 600;7 550;210;1 590 750;-0.66%
26/05/2020;7 600;7 550;7 600;7 550;80;606 000;0.66%
27/05/2020;7 645;7 800;7 800;7 645;713;5 506 143;0.59%
28/05/2020;7 650;7 700;7 700;7 650;3 011;23 109 425;0.07%
29/05/2020;7 700;7 800;7 800;7 700;100;775 000;0.65%
01/06/2020;7 700;7 800;7 800;7 700;100;775 000;0.00%
02/06/2020;7 650;7 700;7 700;7 650;538;4 129 150;-0.65%
03/06/2020;7 700;7 700;7 700;7 700;97;746 900;0.65%
04/06/2020;7 600;7 650;7 650;7 600;150;1 143 750;-1.30%
05/06/2020;7 600;7 600;7 600;7 600;244;1 854 400;0.00%
08/06/2020;7 550;7 600;7 600;7 550;1 047;7 931 025;-0.66%
09/06/2020;7 600;7 550;7 600;7 550;240;1 818 000;0.66%
10/06/2020;7 600;7 600;7 600;7 600;204;1 550 400;0.00%
11/06/2020;7 700;7 650;7 700;7 650;79;606 325;1.32%
12/06/2020;7 650;7 675;7 675;7 650;503;3 854 238;-0.65%
15/06/2020;7 650;7 650;7 650;7 650;3 915;29 949 750;0.00%
16/06/2020;7 555;7 650;7 650;7 555;159;1 208 798;-1.24%
17/06/2020;7 600;7 600;7 600;7 600;70;532 000;0.60%
18/06/2020;7 800;7 650;7 800;7 650;492;3 800 700;2.63%
19/06/2020;7 650;7 800;7 800;7 650;695;5 368 875;-1.92%
22/06/2020;7 650;7 650;7 650;7 650;535;4 092 750;0.00%
23/06/2020;7 650;7 650;7 650;7 650;623;4 765 950;0.00%
24/06/2020;7 650;7 650;7 650;7 650;650;4 972 500;0.00%
25/06/2020;7 650;7 650;7 650;7 650;13;99 450;0.00%
26/06/2020;7 650;7 650;7 650;7 650;19;145 350;0.00%
29/06/2020;7 700;7 600;7 700;7 600;220;1 683 000;0.65%
30/06/2020;7 650;7 800;7 800;7 650;342;2 641 950;-0.65%
02/07/2020;7 650;7 640;7 650;7 640;306;2 339 370;0.00%
03/07/2020;7 600;7 550;7 600;7 550;25;189 375;-0.65%
06/07/2020;7 500;7 510;7 510;7 500;112;840 560;-1.32%
07/07/2020;7 500;7 500;7 500;7 500;24;180 000;0.00%
08/07/2020;7 500;7 500;7 500;7 500;4 541;34 057 500;0.00%
09/07/2020;7 450;7 600;7 600;7 450;160;1 204 000;-0.67%
10/07/2020;7 300;7 450;7 450;7 300;386;2 846 750;-2.01%
13/07/2020;7 440;7 500;7 500;7 440;79;590 130;1.92%
14/07/2020;7 450;7 455;7 455;7 450;230;1 714 075;0.13%
15/07/2020;7 400;7 450;7 450;7 400;61;452 925;-0.67%
16/07/2020;7 435;7 495;7 495;7 435;211;1 575 115;0.47%
17/07/2020;7 450;7 490;7 490;7 450;857;6 401 790;0.20%
20/07/2020;7 400;7 400;7 400;7 400;1 101;8 147 400;-0.67%
21/07/2020;7 400;7 400;7 400;7 400;11;81 400;0.00%
22/07/2020;7 300;7 020;7 300;7 020;438;3 136 080;-1.35%
23/07/2020;7 350;7 300;7 350;7 300;31;227 075;0.68%
24/07/2020;7 445;7 435;7 445;7 435;20;148 800;1.29%
27/07/2020;7 000;7 100;7 100;7 000;211;1 487 550;-5.98%
28/07/2020;7 095;7 000;7 095;7 000;1 107;7 801 583;1.36%
29/07/2020;7 235;7 095;7 235;7 095;1 834;13 140 610;1.97%
30/07/2020;7 700;7 235;7 700;7 235;292;2 180 510;6.43%
31/07/2020;7 700;7 235;7 700;7 235;292;2 180 510;0.00%
03/08/2020;7 400;7 550;7 550;7 400;24;179 400;-3.90%
04/08/2020;7 400;7 400;7 400;7 400;422;3 122 800;0.00%
05/08/2020;7 400;7 500;7 500;7 400;796;5 930 200;0.00%
06/08/2020;7 300;7 300;7 300;7 300;45;328 500;-1.35%
07/08/2020;7 300;7 300;7 300;7 300;45;328 500;0.00%
10/08/2020;7 300;7 350;7 350;7 300;565;4 138 625;0.00%
11/08/2020;7 250;7 295;7 295;7 250;87;632 708;-0.68%
12/08/2020;7 100;7 050;7 100;7 050;135;955 125;-2.07%
13/08/2020;7 080;7 100;7 100;7 080;420;2 977 800;-0.28%
14/08/2020;7 000;7 070;7 070;7 000;894;6 289 290;-1.13%
17/08/2020;7 000;7 000;7 000;7 000;464;3 248 000;0.00%
18/08/2020;7 000;7 000;7 000;7 000;625;4 375 000;0.00%
21/08/2020;6 990;6 995;6 995;6 990;150;1 048 875;-0.14%
24/08/2020;6 900;6 995;6 995;6 900;137;951 808;-1.29%
25/08/2020;6 950;6 990;6 990;6 950;1 652;11 514 440;0.72%
26/08/2020;6 950;6 900;6 950;6 900;1 560;10 803 000;0.00%
27/08/2020;6 940;6 990;6 990;6 940;128;891 520;-0.14%
28/08/2020;6 900;6 900;6 900;6 900;2 838;19 582 200;-0.58%
31/08/2020;6 900;6 900;6 900;6 900;310;2 139 000;0.00%
01/09/2020;6 895;6 895;6 895;6 895;71;489 545;-0.07%
02/09/2020;6 800;6 900;6 900;6 800;229;1 568 650;-1.38%
03/09/2020;6 750;6 750;6 750;6 750;45;303 750;-0.74%
04/09/2020;6 800;6 750;6 800;6 750;173;1 172 075;0.74%
07/09/2020;6 800;6 850;6 850;6 800;607;4 142 775;0.00%
08/09/2020;6 750;6 800;6 800;6 750;943;6 388 825;-0.74%
09/09/2020;6 650;6 750;6 750;6 650;440;2 948 000;-1.48%
10/09/2020;6 645;6 650;6 650;6 645;48;319 080;-0.08%
11/09/2020;6 645;6 645;6 645;6 645;39;259 155;0.00%
14/09/2020;6 600;6 645;6 645;6 600;1 095;7 251 638;-0.68%
15/09/2020;6 515;6 560;6 560;6 515;377;2 464 638;-1.29%
16/09/2020;6 550;6 645;6 645;6 550;209;1 378 878;0.54%
17/09/2020;6 650;6 550;6 650;6 550;1 580;10 428 000;1.53%
18/09/2020;6 420;6 550;6 550;6 420;3 289;21 329 165;-3.46%
21/09/2020;6 400;6 540;6 540;6 400;10 931;70 723 570;-0.31%
22/09/2020;6 375;6 410;6 410;6 375;14 316;91 515 030;-0.39%
23/09/2020;6 375;6 410;6 410;6 375;14 316;91 515 030;0.00%
24/09/2020;6 375;6 410;6 410;6 375;14 316;91 515 030;0.00%
25/09/2020;6 375;6 410;6 410;6 375;14 316;91 515 030;0.00%
28/09/2020;6 350;6 375;6 375;6 350;601;3 823 863;-0.39%
29/09/2020;6 300;6 345;6 345;6 300;22 176;140 207 760;-0.79%
30/09/2020;6 300;6 330;6 330;6 300;215;1 357 725;0.00%
01/10/2020;6 300;6 350;6 350;6 300;1 120;7 084 000;0.00%
02/10/2020;6 300;6 300;6 300;6 300;748;4 712 400;0.00%
05/10/2020;6 300;6 770;6 770;6 300;819;5 352 165;0.00%
06/10/2020;6 310;6 300;6 310;6 300;1 867;11 771 435;0.16%
07/10/2020;6 300;6 340;6 340;6 300;142;897 440;-0.16%
08/10/2020;6 300;6 300;6 300;6 300;14;88 200;0.00%
09/10/2020;6 765;6 350;6 765;6 350;83;544 273;7.38%
12/10/2020;6 350;6 350;6 350;6 350;241;1 530 350;-6.13%
13/10/2020;6 250;6 305;6 305;6 250;961;6 032 678;-1.57%
14/10/2020;6 250;6 250;6 250;6 250;584;3 650 000;0.00%
15/10/2020;6 200;6 245;6 245;6 200;176;1 095 160;-0.80%
16/10/2020;6 250;6 245;6 250;6 245;2 170;13 557 075;0.81%
19/10/2020;6 250;6 250;6 250;6 250;3 745;23 406 250;0.00%
20/10/2020;6 600;6 200;6 600;6 200;400;2 560 000;5.60%
21/10/2020;6 700;6 470;6 700;6 470;5 553;36 566 505;1.52%
22/10/2020;6 800;6 700;6 800;6 700;154;1 039 500;1.49%
23/10/2020;6 800;6 750;6 800;6 750;87;589 425;0.00%
26/10/2020;6 745;6 750;6 750;6 745;24;161 940;-0.81%
27/10/2020;6 700;6 700;6 700;6 700;30;201 000;-0.67%
28/10/2020;6 750;6 700;6 750;6 700;780;5 245 500;0.75%
29/10/2020;6 750;6 700;6 750;6 700;780;5 245 500;0.00%
30/10/2020;6 950;6 600;6 950;6 600;3 731;25 277 525;2.96%
02/11/2020;6 815;6 900;6 900;6 815;16;109 720;-1.94%
03/11/2020;6 815;6 885;6 885;6 815;163;1 116 550;0.00%
04/11/2020;6 750;6 800;6 800;6 750;831;5 630 025;-0.95%
05/11/2020;6 800;6 750;6 800;6 750;312;2 113 800;0.74%
06/11/2020;6 800;6 705;6 800;6 705;395;2 667 238;0.00%
09/11/2020;6 900;6 935;6 935;6 900;127;878 523;1.47%
10/11/2020;6 950;6 800;6 950;6 800;6 866;47 203 750;0.72%
11/11/2020;6 935;6 750;6 935;6 750;1 440;9 853 200;-0.22%
12/11/2020;6 935;6 935;6 935;6 935;10;69 350;0.00%
13/11/2020;6 950;6 900;6 950;6 900;545;3 774 125;0.22%
16/11/2020;6 950;6 950;6 950;6 950;1 443;10 028 850;0.00%
17/11/2020;6 950;6 850;6 950;6 850;3 092;21 334 800;0.00%
18/11/2020;6 950;6 950;6 950;6 950;41;284 950;0.00%
19/11/2020;6 950;6 900;6 950;6 900;2 381;16 488 425;0.00%
20/11/2020;6 980;6 950;6 980;6 950;1 556;10 837 540;0.43%
23/11/2020;7 450;6 980;7 450;6 980;1 460;10 533 900;6.73%
24/11/2020;7 000;7 440;7 440;7 000;1 532;11 061 040;-6.04%
25/11/2020;7 300;6 950;7 300;6 950;4 091;29 148 375;4.29%
26/11/2020;7 500;6 800;7 500;6 800;529;3 782 350;2.74%
27/11/2020;8 005;7 500;8 005;7 500;691;5 356 978;6.73%
30/11/2020;8 490;8 100;8 490;8 100;400;3 318 000;6.06%
01/12/2020;9 000;8 300;9 000;8 300;2 254;19 497 100;6.01%
02/12/2020;8 490;8 700;8 700;8 490;195;1 676 025;-5.67%
03/12/2020;8 700;8 490;8 700;8 490;1 564;13 442 580;2.47%
04/12/2020;8 100;8 490;8 490;8 100;1 857;15 403 815;-6.90%
07/12/2020;8 100;8 490;8 490;8 100;170;1 410 150;0.00%
08/12/2020;8 095;8 100;8 100;8 095;12;97 170;-0.06%
09/12/2020;8 100;8 100;8 100;8 100;233 954;1 895 027 400;0.06%
10/12/2020;8 000;8 100;8 100;8 000;27;217 350;-1.23%
11/12/2020;8 000;8 000;8 000;8 000;248;1 984 000;0.00%
14/12/2020;8 000;8 000;8 000;8 000;221;1 768 000;0.00%
15/12/2020;7 995;7 985;7 995;7 985;130;1 038 700;-0.06%
16/12/2020;7 995;7 900;7 995;7 900;2 342;18 613 045;0.00%
17/12/2020;7 990;7 990;7 990;7 990;130;1 038 700;-0.06%
18/12/2020;7 995;7 985;7 995;7 985;441;3 523 590;0.06%
21/12/2020;8 000;7 900;8 000;7 900;387;3 076 650;0.06%
22/12/2020;8 000;7 990;8 000;7 990;717;5 732 415;0.00%
23/12/2020;7 995;7 500;7 995;7 500;578;4 478 055;-0.06%
24/12/2020;7 995;7 995;7 995;7 995;277;2 214 615;0.00%
25/12/2020;7 995;7 995;7 995;7 995;277;2 214 615;0.00%
28/12/2020;8 000;7 840;8 000;7 840;355;2 811 600;0.06%
29/12/2020;8 000;7 900;8 000;7 900;2 535;20 153 250;0.00%
30/12/2020;8 095;8 000;8 095;8 000;2 025;16 296 188;1.19%
31/12/2020;8 095;7 510;8 095;7 510;1 003;7 825 908;0.00%
04/01/2021;7 500;7 500;7 500;7 500;195;1 462 500;-7.35%
05/01/2021;7 500;7 500;7 500;7 500;9;67 500;0.00%
06/01/2021;7 300;7 300;7 300;7 300;72;525 600;-2.67%
07/01/2021;7 500;7 500;7 500;7 500;71;532 500;2.74%
08/01/2021;7 400;7 400;7 400;7 400;2;14 800;-1.33%
11/01/2021;7 400;7 400;7 400;7 400;119;880 600;0.00%
12/01/2021;7 370;7 395;7 395;7 370;42;310 065;-0.41%
13/01/2021;7 300;7 300;7 300;7 300;174;1 270 200;-0.95%
14/01/2021;7 295;7 295;7 295;7 295;167;1 218 265;-0.07%
15/01/2021;7 000;7 300;7 300;7 000;901;6 442 150;-4.04%
18/01/2021;7 200;7 000;7 200;7 000;243;1 725 300;2.86%
19/01/2021;7 100;7 190;7 190;7 100;53;378 685;-1.39%
20/01/2021;7 005;7 100;7 100;7 005;334;2 355 535;-1.34%
21/01/2021;7 000;7 010;7 010;7 000;695;4 868 475;-0.07%
22/01/2021;7 100;7 000;7 100;7 000;1 708;12 041 400;1.43%
25/01/2021;7 300;7 050;7 300;7 050;2 589;18 576 075;2.82%
26/01/2021;7 500;7 400;7 500;7 400;2 733;20 360 850;2.74%
27/01/2021;7 505;7 900;7 900;7 505;4 999;38 504 798;0.07%
28/01/2021;7 505;7 550;7 550;7 505;522;3 929 355;0.00%
29/01/2021;7 500;7 505;7 505;7 500;303;2 273 258;-0.07%
01/02/2021;7 500;7 100;7 500;7 100;2 012;14 687 600;0.00%
02/02/2021;7 995;7 500;7 995;7 500;94;728 265;6.60%
03/02/2021;7 995;7 505;7 995;7 505;510;3 952 500;0.00%
04/02/2021;8 000;8 000;8 000;8 000;20 005;160 040 000;0.06%
08/02/2021;7 950;7 995;7 995;7 950;15;119 588;-0.63%
09/02/2021;7 900;7 900;7 900;7 900;78;616 200;-0.63%
11/02/2021;7 600;7 600;7 600;7 600;38;288 800;-3.80%
12/02/2021;7 900;7 600;7 900;7 600;78;604 500;3.95%
15/02/2021;8 000;7 900;8 000;7 900;192;1 526 400;1.27%
16/02/2021;8 000;7 900;8 000;7 900;575;4 571 250;0.00%
17/02/2021;8 000;8 000;8 000;8 000;178;1 424 000;0.00%
18/02/2021;8 005;8 000;8 005;8 000;101;808 253;0.06%
19/02/2021;8 000;8 000;8 000;8 000;1 921;15 368 000;-0.06%
22/02/2021;7 615;8 000;8 000;7 615;997;7 784 078;-4.81%
23/02/2021;7 985;7 615;7 985;7 615;34;265 200;4.86%
24/02/2021;7 985;7 700;7 985;7 700;91;713 668;0.00%
25/02/2021;7 985;7 985;7 985;7 985;100;798 500;0.00%
26/02/2021;7 975;7 980;7 980;7 975;1 250;9 971 875;-0.13%
01/03/2021;7 995;7 900;7 995;7 900;641;5 094 348;0.25%
02/03/2021;7 995;7 995;7 995;7 995;220;1 758 900;0.00%
03/03/2021;7 990;7 900;7 990;7 900;1 395;11 083 275;-0.06%
04/03/2021;7 985;7 985;7 985;7 985;180;1 437 300;-0.06%
05/03/2021;7 900;7 980;7 980;7 900;75;595 500;-1.06%
08/03/2021;7 900;7 900;7 900;7 900;23;181 700;0.00%
09/03/2021;7 890;7 850;7 890;7 850;217;1 707 790;-0.13%
10/03/2021;7 750;7 800;7 800;7 750;368;2 861 200;-1.77%
11/03/2021;7 800;7 750;7 800;7 750;1 374;10 682 850;0.65%
12/03/2021;7 700;7 795;7 795;7 700;74;573 315;-1.28%
15/03/2021;7 800;7 800;7 800;7 800;119;928 200;1.30%
16/03/2021;7 800;7 700;7 800;7 700;1 054;8 168 500;0.00%
17/03/2021;7 820;7 870;7 870;7 820;60;470 700;0.26%
18/03/2021;7 970;7 870;7 970;7 870;1 444;11 436 480;1.92%
19/03/2021;7 905;7 910;7 910;7 905;303;2 395 973;-0.82%
22/03/2021;7 985;7 905;7 985;7 905;283;2 248 435;1.01%
23/03/2021;7 905;8 000;8 000;7 905;329;2 616 373;-1.00%
24/03/2021;7 950;7 905;7 950;7 905;4 905;38 884 388;0.57%
25/03/2021;8 005;8 005;8 005;8 005;4 120;32 980 600;0.69%
26/03/2021;8 000;8 005;8 005;8 000;1 320;10 563 300;-0.06%
29/03/2021;8 000;7 900;8 000;7 900;1 024;8 140 800;0.00%
30/03/2021;8 005;8 005;8 005;8 005;155;1 240 775;0.06%
31/03/2021;7 950;8 000;8 000;7 950;1 121;8 939 975;-0.69%
01/04/2021;7 995;7 995;7 995;7 995;2 029;16 221 855;0.57%
02/04/2021;7 900;7 995;7 995;7 900;250;1 986 875;-1.19%
05/04/2021;7 900;7 995;7 995;7 900;250;1 986 875;0.00%
06/04/2021;7 850;7 995;7 995;7 850;295;2 337 138;-0.63%
07/04/2021;7 995;7 900;7 995;7 900;877;6 969 958;1.85%
08/04/2021;7 900;7 995;7 995;7 900;834;6 628 215;-1.19%
09/04/2021;7 900;8 000;8 000;7 900;710;5 644 500;0.00%
12/04/2021;7 700;8 000;8 000;7 700;373;2 928 050;-2.53%
13/04/2021;7 630;7 800;7 800;7 630;2 660;20 521 900;-0.91%
14/04/2021;7 800;7 985;7 985;7 800;477;3 764 723;2.23%
15/04/2021;8 000;7 750;8 000;7 750;3 620;28 507 500;2.56%
16/04/2021;8 100;8 100;8 100;8 100;16;129 600;1.25%
19/04/2021;8 100;8 100;8 100;8 100;681;5 516 100;0.00%
20/04/2021;8 100;8 100;8 100;8 100;3 156;25 563 600;0.00%
21/04/2021;8 100;8 100;8 100;8 100;1 530;12 393 000;0.00%
22/04/2021;8 005;8 100;8 100;8 005;2 309;18 593 223;-1.17%
23/04/2021;8 100;8 100;8 100;8 100;15;121 500;1.19%
26/04/2021;8 050;8 050;8 050;8 050;20;161 000;-0.62%
27/04/2021;8 100;8 100;8 100;8 100;735;5 953 500;0.62%
28/04/2021;8 100;8 005;8 100;8 005;450;3 623 625;0.00%
29/04/2021;8 100;8 100;8 100;8 100;1 482;12 004 200;0.00%
30/04/2021;8 250;8 000;8 250;8 000;140;1 137 500;1.85%
04/05/2021;8 200;8 200;8 200;8 200;119;975 800;-0.61%
05/05/2021;8 200;8 200;8 200;8 200;219;1 795 800;0.00%
06/05/2021;8 000;8 000;8 000;8 000;4 227;33 816 000;-2.44%
07/05/2021;8 000;8 200;8 200;8 000;2 417;19 577 700;0.00%
10/05/2021;8 000;8 000;8 000;8 000;205;1 640 000;0.00%
11/05/2021;8 000;8 000;8 000;8 000;46;368 000;0.00%
12/05/2021;8 000;8 000;8 000;8 000;46;368 000;0.00%
14/05/2021;8 005;8 250;8 250;8 005;170;1 381 675;0.06%
17/05/2021;8 100;8 005;8 100;8 005;50;402 625;1.19%
18/05/2021;8 250;8 105;8 250;8 105;351;2 870 303;1.85%
19/05/2021;8 250;8 200;8 250;8 200;10;82 250;0.00%
20/05/2021;8 490;8 250;8 490;8 250;2 833;23 712 210;2.91%
21/05/2021;8 450;8 490;8 490;8 450;54;457 380;-0.47%
24/05/2021;8 450;8 490;8 490;8 450;54;457 380;0.00%
25/05/2021;8 505;8 490;8 505;8 490;2 222;18 881 445;0.65%
26/05/2021;8 450;8 505;8 505;8 450;2 152;18 243 580;-0.65%
27/05/2021;8 700;8 450;8 700;8 450;612;5 247 900;2.96%
28/05/2021;8 850;8 700;8 850;8 700;100;877 500;1.72%
31/05/2021;8 850;8 850;8 850;8 850;276;2 442 600;0.00%
01/06/2021;8 675;8 850;8 850;8 675;622;5 450 275;-1.98%
02/06/2021;8 680;8 800;8 800;8 680;722;6 310 280;0.06%
03/06/2021;8 670;8 675;8 675;8 670;137;1 188 133;-0.12%
04/06/2021;8 670;8 670;8 670;8 670;163;1 413 210;0.00%
07/06/2021;8 675;8 600;8 675;8 600;275;2 375 313;0.06%
08/06/2021;8 670;8 675;8 675;8 670;365;3 165 463;-0.06%
09/06/2021;8 675;8 670;8 675;8 670;579;5 021 378;0.06%
10/06/2021;8 670;8 405;8 670;8 405;126;1 075 725;-0.06%
11/06/2021;8 400;8 400;8 400;8 400;516;4 334 400;-3.11%
14/06/2021;8 400;8 400;8 400;8 400;50;420 000;0.00%
15/06/2021;8 400;8 400;8 400;8 400;60;504 000;0.00%
16/06/2021;8 400;8 395;8 400;8 395;375;3 149 063;0.00%
17/06/2021;8 120;8 360;8 360;8 120;170;1 400 800;-3.33%
18/06/2021;8 205;8 120;8 205;8 120;138;1 126 425;1.05%
21/06/2021;8 400;8 200;8 400;8 200;612;5 079 600;2.38%
22/06/2021;8 400;8 400;8 400;8 400;1 397;11 734 800;0.00%
23/06/2021;8 400;8 400;8 400;8 400;207;1 738 800;0.00%
24/06/2021;8 400;8 400;8 400;8 400;350;2 940 000;0.00%
25/06/2021;8 410;8 405;8 410;8 405;105;882 788;0.12%
28/06/2021;7 825;8 120;8 120;7 825;95 757;763 422 683;-6.96%
29/06/2021;8 100;8 000;8 100;8 000;447;3 598 350;3.51%
30/06/2021;8 100;8 100;8 100;8 100;90;729 000;0.00%
01/07/2021;8 100;8 100;8 100;8 100;124;1 004 400;0.00%
02/07/2021;8 200;8 200;8 200;8 200;220;1 804 000;1.23%
05/07/2021;8 200;8 250;8 250;8 200;1 566;12 880 350;0.00%
06/07/2021;8 200;8 250;8 250;8 200;321;2 640 225;0.00%
07/07/2021;8 400;8 400;8 400;8 400;2 445;20 538 000;2.44%
08/07/2021;8 400;8 295;8 400;8 295;2 234;18 648 315;0.00%
09/07/2021;8 500;8 250;8 500;8 250;1 013;8 483 875;1.19%
12/07/2021;8 300;8 200;8 300;8 200;90;742 500;-2.35%
13/07/2021;8 200;8 200;8 200;8 200;308;2 525 600;-1.20%
14/07/2021;8 200;8 200;8 200;8 200;625;5 125 000;0.00%
15/07/2021;8 400;8 200;8 400;8 200;1 065;8 839 500;2.44%
16/07/2021;8 400;8 400;8 400;8 400;79 129;664 683 600;0.00%
19/07/2021;8 500;8 990;8 990;8 500;900;7 870 500;1.19%
20/07/2021;8 500;8 990;8 990;8 500;900;7 870 500;0.00%
21/07/2021;8 500;8 510;8 510;8 500;30 010;255 235 050;0.00%
22/07/2021;8 500;8 400;8 500;8 400;88;743 600;0.00%
23/07/2021;8 800;8 800;8 800;8 800;1;8 800;3.53%
26/07/2021;8 600;8 600;8 600;8 600;7;60 200;-2.27%
27/07/2021;8 600;8 510;8 600;8 510;859;7 348 745;0.00%
28/07/2021;8 600;8 550;8 600;8 550;1 472;12 622 400;0.00%
29/07/2021;8 985;8 600;8 985;8 600;22;193 435;4.48%
30/07/2021;8 600;8 880;8 880;8 600;327;2 857 980;-4.28%
02/08/2021;8 600;8 600;8 600;8 600;198;1 702 800;0.00%
03/08/2021;8 600;8 600;8 600;8 600;1 190;10 234 000;0.00%
04/08/2021;8 550;8 590;8 590;8 550;571;4 893 470;-0.58%
05/08/2021;8 600;8 600;8 600;8 600;16 664;143 310 400;0.58%
06/08/2021;8 540;8 590;8 590;8 540;5 064;43 373 160;-0.70%
09/08/2021;8 500;8 600;8 600;8 500;23 174;198 137 700;-0.47%
10/08/2021;8 800;8 500;8 800;8 500;108;934 200;3.53%
11/08/2021;8 800;8 800;8 800;8 800;27;237 600;0.00%
12/08/2021;8 750;8 750;8 750;8 750;7;61 250;-0.57%
13/08/2021;8 500;8 600;8 600;8 500;125;1 068 750;-2.86%
16/08/2021;8 500;8 500;8 500;8 500;202;1 717 000;0.00%
17/08/2021;8 750;8 500;8 750;8 500;330;2 846 250;2.94%
18/08/2021;8 600;8 600;8 600;8 600;3 483;29 953 800;-1.71%
19/08/2021;8 600;8 505;8 600;8 505;340;2 907 850;0.00%
20/08/2021;8 600;8 500;8 600;8 500;11;94 050;0.00%
23/08/2021;8 600;8 650;8 650;8 600;35;301 875;0.00%
24/08/2021;8 750;8 750;8 750;8 750;152;1 330 000;1.74%
25/08/2021;8 750;8 750;8 750;8 750;47;411 250;0.00%
26/08/2021;8 600;8 750;8 750;8 600;2 540;22 034 500;-1.71%
27/08/2021;8 600;8 750;8 750;8 600;73;633 275;0.00%
30/08/2021;8 600;8 600;8 600;8 600;98;842 800;0.00%
31/08/2021;8 600;8 600;8 600;8 600;81;696 600;0.00%
01/09/2021;8 600;8 750;8 750;8 600;237;2 055 975;0.00%
02/09/2021;8 610;8 700;8 700;8 610;3 146;27 228 630;0.12%
03/09/2021;8 600;8 610;8 610;8 600;1 191;10 248 555;-0.12%
06/09/2021;8 600;8 500;8 600;8 500;841;7 190 550;0.00%
07/09/2021;8 605;8 600;8 605;8 600;773;6 649 733;0.06%
08/09/2021;8 950;8 990;8 990;8 950;2 280;20 451 600;4.01%
09/09/2021;9 150;9 000;9 150;9 000;165;1 497 375;2.23%
10/09/2021;9 150;9 150;9 150;9 150;931;8 518 650;0.00%
13/09/2021;9 100;9 150;9 150;9 100;236;2 153 500;-0.55%
14/09/2021;9 500;9 295;9 500;9 295;521;4 896 098;4.40%
15/09/2021;9 500;9 690;9 690;9 500;454;4 356 130;0.00%
16/09/2021;9 495;9 500;9 500;9 495;190;1 804 525;-0.05%
17/09/2021;9 665;9 300;9 665;9 300;124;1 175 830;1.79%
20/09/2021;9 700;10 385;10 385;9 700;246;2 470 455;0.36%
21/09/2021;9 900;9 700;9 900;9 700;789;7 732 200;2.06%
22/09/2021;9 900;9 705;9 900;9 705;86;843 015;0.00%
23/09/2021;9 905;10 425;10 425;9 905;280;2 846 200;0.05%
24/09/2021;10 350;9 700;10 350;9 700;935;9 373 375;4.49%
27/09/2021;10 250;9 925;10 250;9 925;30;302 625;-0.97%
28/09/2021;10 100;10 100;10 100;10 100;8;80 800;-1.46%
29/09/2021;10 250;10 100;10 250;10 100;795;8 089 125;1.49%
30/09/2021;10 350;10 250;10 350;10 250;235;2 420 500;0.98%
01/10/2021;10 325;10 255;10 325;10 255;468;4 815 720;-0.24%
04/10/2021;10 400;10 350;10 400;10 350;285;2 956 875;0.73%
05/10/2021;11 180;10 400;11 180;10 400;140;1 510 600;7.50%
06/10/2021;10 505;10 960;10 960;10 505;112;1 202 040;-6.04%
07/10/2021;11 290;11 000;11 290;11 000;190;2 117 550;7.47%
08/10/2021;11 000;11 065;11 065;11 000;285;3 144 263;-2.57%
11/10/2021;10 995;11 000;11 000;10 995;101;1 110 748;-0.05%
12/10/2021;11 000;10 995;11 000;10 995;330;3 629 175;0.05%
13/10/2021;10 960;11 100;11 100;10 960;2 822;31 126 660;-0.36%
14/10/2021;11 000;11 000;11 000;11 000;485;5 335 000;0.36%
15/10/2021;10 995;10 505;10 995;10 505;104;1 118 000;-0.05%
18/10/2021;10 995;10 505;10 995;10 505;104;1 118 000;0.00%
19/10/2021;10 950;10 505;10 950;10 505;173;1 855 858;-0.41%
20/10/2021;10 950;10 950;10 950;10 950;2 819;30 868 050;0.00%
21/10/2021;10 900;10 950;10 950;10 900;1 472;16 081 600;-0.46%
22/10/2021;10 900;10 900;10 900;10 900;23;250 700;0.00%
25/10/2021;10 950;10 600;10 950;10 600;325;3 501 875;0.46%
26/10/2021;10 500;10 900;10 900;10 500;512;5 478 400;-4.11%
27/10/2021;10 500;10 500;10 500;10 500;45;472 500;0.00%
28/10/2021;10 400;10 500;10 500;10 400;125;1 306 250;-0.95%
29/10/2021;10 500;10 450;10 500;10 450;142;1 487 450;0.96%
01/11/2021;10 500;10 450;10 500;10 450;142;1 487 450;0.00%
02/11/2021;10 500;10 500;10 500;10 500;4 970;52 185 000;0.00%
03/11/2021;10 500;10 500;10 500;10 500;1 086;11 403 000;0.00%
04/11/2021;10 935;10 500;10 935;10 500;1 663;17 823 203;4.14%
05/11/2021;10 400;10 500;10 500;10 400;474;4 953 300;-4.89%
08/11/2021;10 400;10 500;10 500;10 400;372;3 887 400;0.00%
09/11/2021;10 300;10 300;10 300;10 300;5 505;56 701 500;-0.96%
10/11/2021;10 350;10 500;10 500;10 350;398;4 149 150;0.49%
11/11/2021;10 450;10 300;10 450;10 300;15 048;156 123 000;0.97%
12/11/2021;10 400;10 400;10 400;10 400;105;1 092 000;-0.48%
15/11/2021;10 400;10 400;10 400;10 400;105;1 092 000;0.00%
16/11/2021;10 480;10 400;10 480;10 400;5 846;61 032 240;0.77%
17/11/2021;10 950;10 505;10 950;10 505;1 302;13 967 205;4.48%
18/11/2021;10 940;10 945;10 945;10 940;114;1 247 445;-0.09%
19/11/2021;10 975;10 600;10 975;10 600;3 621;39 061 538;0.32%
22/11/2021;10 900;11 000;11 000;10 900;169;1 850 550;-0.68%
23/11/2021;10 850;10 900;10 900;10 850;184;2 001 000;-0.46%
24/11/2021;10 900;10 850;10 900;10 850;293;3 186 375;0.46%
25/11/2021;10 800;11 000;11 000;10 800;1 988;21 669 200;-0.92%
26/11/2021;11 600;10 900;11 600;10 900;1 274;14 332 500;7.41%
29/11/2021;11 605;11 600;11 605;11 600;102;1 183 455;0.04%
30/11/2021;11 500;11 605;11 605;11 500;3 176;36 690 740;-0.90%
01/12/2021;11 210;11 600;11 600;11 210;413;4 710 265;-2.52%
02/12/2021;10 705;11 210;11 210;10 705;3 273;35 863 898;-4.50%
03/12/2021;10 750;10 495;10 750;10 495;466;4 950 085;0.42%
06/12/2021;10 800;10 705;10 800;10 705;709;7 623 523;0.47%
07/12/2021;10 800;10 800;10 800;10 800;1 240;13 392 000;0.00%
08/12/2021;10 995;10 800;10 995;10 800;229;2 495 528;1.81%
09/12/2021;10 800;11 000;11 000;10 800;251;2 735 900;-1.77%
10/12/2021;10 995;10 900;10 995;10 900;133;1 456 018;1.81%
13/12/2021;10 305;10 185;10 305;10 185;169;1 731 405;-6.28%
14/12/2021;10 320;10 500;10 500;10 320;50;520 500;0.15%
15/12/2021;10 405;10 405;10 405;10 405;50;520 250;0.82%
16/12/2021;11 000;10 400;11 000;10 400;12 158;130 090 600;5.72%
17/12/2021;11 000;10 800;11 000;10 800;1 515;16 513 500;0.00%
20/12/2021;11 000;11 000;11 000;11 000;380;4 180 000;0.00%
21/12/2021;10 400;11 400;11 400;10 400;2 551;27 805 900;-5.45%
22/12/2021;10 800;10 410;10 800;10 410;792;8 399 160;3.85%
23/12/2021;11 000;10 500;11 000;10 500;1 038;11 158 500;1.85%
24/12/2021;11 000;10 500;11 000;10 500;157;1 687 750;0.00%
27/12/2021;10 500;10 600;10 600;10 500;264;2 785 200;-4.55%
28/12/2021;11 000;10 500;11 000;10 500;147;1 580 250;4.76%
29/12/2021;10 505;10 890;10 890;10 505;2 719;29 086 503;-4.50%
30/12/2021;10 600;10 505;10 600;10 505;618;6 521 445;0.90%
31/12/2021;10 595;10 525;10 595;10 525;1 771;18 701 760;-0.05%
03/01/2022;11 045;10 500;11 045;10 500;16;172 360;4.25%
04/01/2022;11 000;11 045;11 045;11 000;174;1 917 915;-0.41%
05/01/2022;10 600;10 990;10 990;10 600;17;183 515;-3.64%
06/01/2022;10 710;10 600;10 710;10 600;5 578;59 433 590;1.04%
07/01/2022;10 810;10 810;10 810;10 810;45;486 450;0.93%
10/01/2022;10 810;10 810;10 810;10 810;237;2 561 970;0.00%
11/01/2022;10 600;10 810;10 810;10 600;105;1 124 025;-1.94%
12/01/2022;10 600;11 195;11 195;10 600;289;3 149 378;0.00%
13/01/2022;11 000;11 100;11 100;11 000;3 847;42 509 350;3.77%
14/01/2022;11 000;10 900;11 000;10 900;389;4 259 550;0.00%
17/01/2022;10 800;11 000;11 000;10 800;740;8 066 000;-1.82%
18/01/2022;11 000;10 995;11 000;10 995;2 114;23 248 715;1.85%
19/01/2022;11 010;11 000;11 010;11 000;72;792 360;0.09%
20/01/2022;11 195;11 195;11 195;11 195;20;223 900;1.68%
21/01/2022;11 000;11 000;11 000;11 000;554;6 094 000;-1.74%
24/01/2022;11 100;11 000;11 100;11 000;2 184;24 133 200;0.91%
25/01/2022;11 000;11 000;11 000;11 000;61;671 000;-0.90%
26/01/2022;11 000;11 000;11 000;11 000;11 209;123 299 000;0.00%
27/01/2022;11 000;11 000;11 000;11 000;87;957 000;0.00%
28/01/2022;11 010;11 010;11 010;11 010;713;7 850 130;0.09%
31/01/2022;11 200;11 010;11 200;11 010;1 026;11 393 730;1.73%
01/02/2022;11 195;11 210;11 210;11 195;519;5 814 098;-0.04%
02/02/2022;11 100;11 195;11 195;11 100;454;5 060 965;-0.85%
03/02/2022;11 195;11 100;11 195;11 100;85;947 538;0.86%
04/02/2022;10 805;11 005;11 005;10 805;7 190;78 406 950;-3.48%
07/02/2022;11 000;10 850;11 000;10 850;30;327 750;1.80%
08/02/2022;11 200;11 005;11 200;11 005;152;1 687 580;1.82%
09/02/2022;11 100;11 100;11 100;11 100;54;599 400;-0.89%
10/02/2022;11 100;11 200;11 200;11 100;5 669;63 209 350;0.00%
11/02/2022;11 930;11 605;11 930;11 605;280;3 294 900;7.48%
14/02/2022;12 820;12 820;12 820;12 820;210;2 692 200;7.46%
15/02/2022;12 995;13 780;13 780;12 995;4 438;59 413 725;1.37%
16/02/2022;12 900;13 000;13 000;12 900;5 073;65 695 350;-0.73%
17/02/2022;13 000;13 100;13 100;13 000;7 965;103 943 250;0.78%
18/02/2022;13 100;12 995;13 100;12 995;2 174;28 365 265;0.77%
21/02/2022;13 105;13 300;13 300;13 105;2 430;32 082 075;0.04%
22/02/2022;12 995;13 105;13 105;12 995;6 258;81 666 900;-0.84%
23/02/2022;12 995;12 995;12 995;12 995;534;6 939 330;0.00%
24/02/2022;12 900;12 995;12 995;12 900;3 035;39 295 663;-0.73%
25/02/2022;12 850;12 900;12 900;12 850;220;2 832 500;-0.39%
28/02/2022;12 995;12 880;12 995;12 880;4 597;59 473 688;1.13%
01/03/2022;13 000;12 505;13 000;12 505;62;790 655;0.04%
02/03/2022;12 995;12 990;12 995;12 990;189;2 455 583;-0.04%
03/03/2022;13 100;12 995;13 100;12 995;2 531;33 023 223;0.81%
04/03/2022;13 000;13 100;13 100;13 000;2 769;36 135 450;-0.76%
07/03/2022;13 100;13 100;13 100;13 100;12 458;163 199 800;0.77%
08/03/2022;13 100;13 100;13 100;13 100;7 953;104 184 300;0.00%
09/03/2022;13 000;13 000;13 000;13 000;32 703;425 139 000;-0.76%
10/03/2022;13 000;12 100;13 000;12 100;432;5 421 600;0.00%
11/03/2022;13 000;13 000;13 000;13 000;7 623;99 099 000;0.00%
14/03/2022;12 900;13 000;13 000;12 900;80;1 036 000;-0.77%
15/03/2022;13 000;13 000;13 000;13 000;347;4 511 000;0.78%
16/03/2022;13 000;13 050;13 050;13 000;206;2 683 150;0.00%
17/03/2022;12 995;12 995;12 995;12 995;50;649 750;-0.04%
18/03/2022;13 010;12 995;13 010;12 995;4 834;62 854 085;0.12%
21/03/2022;13 100;13 500;13 500;13 100;711;9 456 300;0.69%
22/03/2022;13 105;13 100;13 105;13 100;250;3 275 625;0.04%
23/03/2022;13 105;13 105;13 105;13 105;47;615 935;0.00%
24/03/2022;13 105;13 105;13 105;13 105;443;5 805 515;0.00%
25/03/2022;13 500;13 105;13 500;13 105;70;931 175;3.01%
28/03/2022;13 105;13 105;13 105;13 105;538;7 050 490;-2.93%
29/03/2022;13 000;13 495;13 495;13 000;444;5 881 890;-0.80%
30/03/2022;13 000;13 485;13 485;13 000;204;2 701 470;0.00%
31/03/2022;13 000;13 000;13 000;13 000;1 316;17 108 000;0.00%
01/04/2022;13 400;13 105;13 400;13 105;97;1 285 493;3.08%
04/04/2022;13 250;13 450;13 450;13 250;343;4 579 050;-1.12%
05/04/2022;13 455;13 260;13 455;13 260;116;1 549 470;1.55%
06/04/2022;13 500;13 500;13 500;13 500;4;54 000;0.33%
07/04/2022;13 400;13 455;13 455;13 400;748;10 043 770;-0.74%
08/04/2022;13 400;13 300;13 400;13 300;138;1 842 300;0.00%
11/04/2022;13 200;13 395;13 395;13 200;751;9 986 423;-1.49%
12/04/2022;13 200;13 200;13 200;13 200;2 211;29 185 200;0.00%
13/04/2022;13 200;13 200;13 200;13 200;221;2 917 200;0.00%
14/04/2022;13 200;13 200;13 200;13 200;13 246;174 847 200;0.00%
15/04/2022;13 800;13 800;13 800;13 800;1;13 800;4.55%
19/04/2022;13 800;13 800;13 800;13 800;101;1 393 800;0.00%
20/04/2022;13 900;13 900;13 900;13 900;128;1 779 200;0.72%
21/04/2022;14 000;14 000;14 000;14 000;78;1 092 000;0.72%
22/04/2022;14 000;14 000;14 000;14 000;201;2 814 000;0.00%
25/04/2022;13 750;13 800;13 800;13 750;424;5 840 600;-1.79%
26/04/2022;13 210;13 500;13 500;13 210;1 052;14 049 460;-3.93%
27/04/2022;13 495;13 495;13 495;13 495;2;26 990;2.16%
28/04/2022;13 495;13 495;13 495;13 495;2;26 990;0.00%
29/04/2022;13 800;13 495;13 800;13 495;3 830;52 269 925;2.26%
02/05/2022;13 800;13 495;13 800;13 495;3 830;52 269 925;0.00%
03/05/2022;13 950;13 505;13 950;13 505;3 420;46 948 050;1.09%
04/05/2022;13 965;13 950;13 965;13 950;5 037;70 303 928;0.11%
05/05/2022;14 000;14 000;14 000;14 000;473;6 622 000;0.25%
06/05/2022;15 000;14 000;15 000;14 000;1 348;19 546 000;7.14%
09/05/2022;14 105;15 000;15 000;14 105;2 770;40 310 425;-5.97%
10/05/2022;14 105;14 985;14 985;14 105;35;509 075;0.00%
11/05/2022;14 100;14 105;14 105;14 100;43;606 408;-0.04%
12/05/2022;14 100;14 105;14 105;14 100;43;606 408;0.00%
13/05/2022;14 450;14 150;14 450;14 150;80;1 144 000;2.48%
16/05/2022;14 400;14 350;14 400;14 350;389;5 591 875;-0.35%
17/05/2022;14 300;14 400;14 400;14 300;3 960;56 826 000;-0.69%
18/05/2022;14 305;14 205;14 305;14 205;436;6 215 180;0.03%
19/05/2022;14 305;15 000;15 000;14 305;185;2 710 713;0.00%
20/05/2022;15 000;14 305;15 000;14 305;40;586 100;4.86%
23/05/2022;14 400;14 800;14 800;14 400;73;1 065 800;-4.00%
24/05/2022;14 400;14 400;14 400;14 400;710;10 224 000;0.00%
25/05/2022;14 505;14 300;14 505;14 300;3 411;49 126 928;0.73%
26/05/2022;14 505;14 300;14 505;14 300;3 411;49 126 928;0.00%
27/05/2022;14 405;15 000;15 000;14 405;475;6 983 688;-0.69%
30/05/2022;14 600;14 600;14 600;14 600;1 509;22 031 400;1.35%
31/05/2022;15 005;14 510;15 005;14 510;27;398 453;2.77%
01/06/2022;15 005;15 005;15 005;15 005;482;7 232 410;0.00%
02/06/2022;14 600;14 525;14 600;14 525;6 408;93 316 500;-2.70%
03/06/2022;14 600;14 600;14 600;14 600;224;3 270 400;0.00%
06/06/2022;14 600;14 600;14 600;14 600;224;3 270 400;0.00%
07/06/2022;14 700;14 995;14 995;14 700;157;2 331 058;0.68%
08/06/2022;14 460;14 480;14 480;14 460;36;520 920;-1.63%
09/06/2022;14 450;14 445;14 450;14 445;407;5 880 133;-0.07%
10/06/2022;14 400;15 000;15 000;14 400;642;9 437 400;-0.35%
13/06/2022;14 005;14 000;14 005;14 000;179;2 506 448;-2.74%
14/06/2022;14 250;14 400;14 400;14 250;2 539;36 371 175;1.75%
15/06/2022;14 400;14 250;14 400;14 250;3 048;43 662 600;1.05%
16/06/2022;15 000;14 400;15 000;14 400;785;11 539 500;4.17%
17/06/2022;15 000;14 450;15 000;14 450;882;12 987 450;0.00%
20/06/2022;15 500;15 000;15 500;15 000;291;4 437 750;3.33%
21/06/2022;15 500;15 500;15 500;15 500;20;310 000;0.00%
22/06/2022;15 500;15 500;15 500;15 500;82;1 271 000;0.00%
23/06/2022;14 800;15 300;15 300;14 800;703;10 580 150;-4.52%
24/06/2022;14 800;15 000;15 000;14 800;13 894;207 020 600;0.00%
27/06/2022;14 985;14 700;14 985;14 700;1 020;15 139 350;1.25%
28/06/2022;14 985;14 990;14 990;14 985;6 441;96 534 488;0.00%
29/06/2022;14 985;14 985;14 985;14 985;115;1 723 275;0.00%
30/06/2022;14 800;14 980;14 980;14 800;481;7 162 090;-1.23%
01/07/2022;14 700;14 800;14 800;14 700;39;575 250;-0.68%
04/07/2022;14 810;14 965;14 965;14 810;25;372 188;0.75%
05/07/2022;14 810;14 810;14 810;14 810;14;207 340;0.00%
06/07/2022;14 965;15 000;15 000;14 965;5 072;75 991 240;1.05%
07/07/2022;14 800;15 000;15 000;14 800;115;1 713 500;-1.10%
08/07/2022;14 700;14 700;14 700;14 700;470;6 909 000;-0.68%
11/07/2022;14 700;14 700;14 700;14 700;818;12 024 600;0.00%
12/07/2022;14 700;14 700;14 700;14 700;818;12 024 600;0.00%
13/07/2022;14 700;14 700;14 700;14 700;2 346;34 486 200;0.00%
14/07/2022;14 500;14 505;14 505;14 500;515;7 468 788;-1.36%
15/07/2022;14 500;14 600;14 600;14 500;228;3 317 400;0.00%
18/07/2022;14 500;14 500;14 500;14 500;784;11 368 000;0.00%
19/07/2022;14 200;14 400;14 400;14 200;289;4 132 700;-2.07%
20/07/2022;14 300;14 200;14 300;14 200;136;1 938 000;0.70%
21/07/2022;14 400;14 300;14 400;14 300;2 961;42 490 350;0.70%
22/07/2022;14 400;14 300;14 400;14 300;1 143;16 402 050;0.00%
25/07/2022;14 400;14 200;14 400;14 200;980;14 014 000;0.00%
26/07/2022;14 300;14 300;14 300;14 300;1 340;19 162 000;-0.69%
27/07/2022;14 350;14 300;14 350;14 300;673;9 640 725;0.35%
28/07/2022;14 400;14 400;14 400;14 400;409;5 889 600;0.35%
29/07/2022;14 400;14 500;14 500;14 400;1 016;14 681 200;0.00%
01/08/2022;14 500;14 400;14 500;14 400;185;2 673 250;0.69%
02/08/2022;14 405;14 500;14 500;14 405;514;7 428 585;-0.66%
03/08/2022;14 450;14 405;14 450;14 405;7 857;113 356 868;0.31%
04/08/2022;14 450;14 450;14 450;14 450;98;1 416 100;0.00%
05/08/2022;14 450;14 450;14 450;14 450;2 147;31 024 150;0.00%
08/08/2022;14 450;14 450;14 450;14 450;2 147;31 024 150;0.00%
09/08/2022;14 500;14 455;14 500;14 455;1 869;27 058 448;0.35%
10/08/2022;14 500;14 500;14 500;14 500;330;4 785 000;0.00%
11/08/2022;14 600;14 500;14 600;14 500;23;334 650;0.69%
12/08/2022;14 600;14 700;14 700;14 600;28;410 200;0.00%
15/08/2022;14 600;14 700;14 700;14 600;28;410 200;0.00%
16/08/2022;14 605;14 605;14 605;14 605;189;2 760 345;0.03%
17/08/2022;14 600;14 600;14 600;14 600;538;7 854 800;-0.03%
18/08/2022;14 600;14 500;14 600;14 500;267;3 884 850;0.00%
19/08/2022;14 400;14 600;14 600;14 400;3 369;48 850 500;-1.37%
22/08/2022;14 400;14 400;14 400;14 400;38;547 200;0.00%
23/08/2022;14 450;14 400;14 450;14 400;1 828;26 368 900;0.35%
24/08/2022;14 450;14 450;14 450;14 450;61;881 450;0.00%
25/08/2022;14 450;14 595;14 595;14 450;373;5 416 893;0.00%
26/08/2022;14 450;14 450;14 450;14 450;1 525;22 036 250;0.00%
29/08/2022;14 400;14 400;14 400;14 400;4 811;69 278 400;-0.35%
30/08/2022;14 200;14 300;14 300;14 200;2 340;33 345 000;-1.39%
31/08/2022;14 200;14 410;14 410;14 200;657;9 398 385;0.00%
01/09/2022;14 000;14 200;14 200;14 000;151;2 129 100;-1.41%
02/09/2022;13 900;13 995;13 995;13 900;112;1 562 120;-0.71%
05/09/2022;13 705;13 900;13 900;13 705;172;2 374 030;-1.40%
06/09/2022;13 900;13 705;13 900;13 705;349;4 817 073;1.42%
07/09/2022;13 750;13 805;13 805;13 750;699;9 630 473;-1.08%
08/09/2022;13 700;13 750;13 750;13 700;3 165;43 439 625;-0.36%
09/09/2022;13 700;13 550;13 700;13 550;125;1 703 125;0.00%
12/09/2022;13 500;13 500;13 500;13 500;634;8 559 000;-1.46%
13/09/2022;13 510;13 510;13 510;13 510;260;3 512 600;0.07%
14/09/2022;13 600;13 510;13 600;13 510;125;1 694 375;0.67%
15/09/2022;13 600;13 600;13 600;13 600;78;1 060 800;0.00%
16/09/2022;13 850;13 600;13 850;13 600;1 138;15 619 050;1.84%
19/09/2022;13 600;13 550;13 600;13 550;51;692 325;-1.81%
20/09/2022;13 600;13 850;13 850;13 600;937;12 860 325;0.00%
21/09/2022;13 890;13 870;13 890;13 870;114;1 582 320;2.13%
22/09/2022;13 600;13 600;13 600;13 600;41;557 600;-2.09%
23/09/2022;13 700;13 625;13 700;13 625;5 019;68 572 088;0.74%
26/09/2022;13 500;13 555;13 555;13 500;3 040;41 123 600;-1.46%
27/09/2022;13 600;13 700;13 700;13 600;1 100;15 015 000;0.74%
28/09/2022;13 550;13 600;13 600;13 550;513;6 963 975;-0.37%
29/09/2022;13 500;13 550;13 550;13 500;251;3 394 775;-0.37%
30/09/2022;13 495;13 500;13 500;13 495;919;12 404 203;-0.04%
03/10/2022;13 495;13 495;13 495;13 495;30;404 850;0.00%
04/10/2022;13 400;13 495;13 495;13 400;241;3 240 848;-0.70%
05/10/2022;13 405;13 200;13 405;13 200;349;4 642 573;0.04%
06/10/2022;13 495;13 405;13 495;13 405;499;6 711 550;0.67%
07/10/2022;13 490;13 495;13 495;13 490;2 352;31 734 360;-0.04%
10/10/2022;13 200;13 490;13 490;13 200;624;8 327 280;-2.15%
11/10/2022;13 000;13 200;13 200;13 000;2 588;33 902 800;-1.52%
12/10/2022;13 000;13 050;13 050;13 000;2 029;26 427 725;0.00%
13/10/2022;12 950;13 000;13 000;12 950;13 681;177 510 975;-0.38%
14/10/2022;12 800;12 995;12 995;12 800;138;1 779 855;-1.16%
17/10/2022;12 700;12 750;12 750;12 700;60;763 500;-0.78%
18/10/2022;12 700;12 800;12 800;12 700;1 172;14 943 000;0.00%
19/10/2022;12 415;12 500;12 500;12 415;340;4 235 550;-2.24%
20/10/2022;12 500;12 670;12 670;12 500;1 450;18 248 250;0.68%
21/10/2022;12 415;12 500;12 500;12 415;473;5 892 398;-0.68%
24/10/2022;12 500;12 500;12 500;12 500;204;2 550 000;0.68%
25/10/2022;12 490;12 490;12 490;12 490;574;7 169 260;-0.08%
26/10/2022;12 400;12 490;12 490;12 400;768;9 557 760;-0.72%
27/10/2022;12 370;12 300;12 370;12 300;292;3 601 820;-0.24%
28/10/2022;12 010;12 370;12 370;12 010;458;5 583 020;-2.91%
31/10/2022;12 010;12 370;12 370;12 010;458;5 583 020;0.00%
01/11/2022;12 000;12 000;12 000;12 000;317;3 804 000;-0.08%
02/11/2022;11 100;12 000;12 000;11 100;8 037;92 827 350;-7.50%
03/11/2022;11 050;11 200;11 200;11 050;1 135;12 626 875;-0.45%
04/11/2022;11 000;11 050;11 050;11 000;822;9 062 550;-0.45%
07/11/2022;10 900;11 000;11 000;10 900;2 210;24 199 500;-0.91%
08/11/2022;10 800;10 900;10 900;10 800;426;4 622 100;-0.92%
09/11/2022;10 200;10 800;10 800;10 200;42 383;445 021 500;-5.56%
10/11/2022;10 200;10 200;10 200;10 200;5 104;52 060 800;0.00%
11/11/2022;10 200;10 200;10 200;10 200;1 367;13 943 400;0.00%
14/11/2022;10 180;10 200;10 200;10 180;1 925;19 615 750;-0.20%
15/11/2022;10 180;10 200;10 200;10 180;1 925;19 615 750;0.00%
16/11/2022;10 100;10 145;10 145;10 100;4 309;43 617 853;-0.79%
17/11/2022;10 200;10 180;10 200;10 180;3 587;36 551 530;0.99%
18/11/2022;10 900;10 290;10 900;10 290;1 322;14 006 590;6.86%
21/11/2022;11 715;10 900;11 715;10 900;1 631;18 442 533;7.48%
22/11/2022;11 715;11 715;11 715;11 715;566;6 630 690;0.00%
23/11/2022;11 900;11 715;11 900;11 715;266;3 140 795;1.58%
24/11/2022;11 700;11 720;11 720;11 700;1 370;16 042 700;-1.68%
25/11/2022;11 600;11 700;11 700;11 600;3 247;37 827 550;-0.85%
28/11/2022;11 700;11 600;11 700;11 600;333;3 879 450;0.86%
29/11/2022;11 700;11 700;11 700;11 700;118;1 380 600;0.00%
30/11/2022;11 700;11 700;11 700;11 700;118;1 380 600;0.00%
01/12/2022;11 700;11 700;11 700;11 700;118;1 380 600;0.00%
02/12/2022;11 600;11 500;11 600;11 500;44;508 200;-0.85%
05/12/2022;11 600;11 500;11 600;11 500;44;508 200;0.00%
06/12/2022;11 595;11 600;11 600;11 595;138;1 600 455;-0.04%
07/12/2022;11 600;11 595;11 600;11 595;1 408;16 329 280;0.04%
08/12/2022;11 600;11 595;11 600;11 595;1 408;16 329 280;0.00%
09/12/2022;11 600;11 600;11 600;11 600;179;2 076 400;0.00%
12/12/2022;12 000;11 550;12 000;11 550;1 498;17 638 950;3.45%
13/12/2022;12 400;11 600;12 400;11 600;2 365;28 380 000;3.33%
14/12/2022;11 500;12 500;12 500;11 500;397;4 764 000;-7.26%
15/12/2022;11 700;12 360;12 360;11 700;467;5 618 010;1.74%
16/12/2022;11 700;11 015;11 700;11 015;164;1 862 630;0.00%
19/12/2022;11 700;11 700;11 700;11 700;384;4 492 800;0.00%
20/12/2022;11 700;11 700;11 700;11 700;62;725 400;0.00%
21/12/2022;11 600;11 700;11 700;11 600;2 331;27 156 150;-0.85%
22/12/2022;11 550;11 400;11 550;11 400;163;1 870 425;-0.43%
23/12/2022;11 500;11 600;11 600;11 500;127;1 466 850;-0.43%
26/12/2022;11 500;11 600;11 600;11 500;127;1 466 850;0.00%
27/12/2022;12 000;11 700;12 000;11 700;1 567;18 568 950;4.35%
28/12/2022;12 000;12 360;12 360;12 000;332;4 043 760;0.00%
29/12/2022;12 000;12 000;12 000;12 000;140;1 680 000;0.00%
30/12/2022;11 605;12 000;12 000;11 605;613;7 234 933;-3.29%
02/01/2023;11 800;11 600;11 800;11 600;4 834;56 557 800;1.68%
03/01/2023;11 600;11 800;11 800;11 600;1 725;20 182 500;-1.69%
04/01/2023;11 700;11 605;11 700;11 605;1 098;12 794 445;0.86%
05/01/2023;11 500;11 700;11 700;11 500;449;5 208 400;-1.71%
06/01/2023;11 400;11 500;11 500;11 400;946;10 831 700;-0.87%
09/01/2023;11 390;11 400;11 400;11 390;866;9 868 070;-0.09%
10/01/2023;11 500;10 755;11 500;10 755;6 449;71 761 248;0.97%
11/01/2023;11 400;11 500;11 500;11 400;4 874;55 807 300;-0.87%
12/01/2023;11 600;11 950;11 950;11 600;1 024;12 057 600;1.75%
13/01/2023;11 500;11 600;11 600;11 500;364;4 204 200;-0.86%
16/01/2023;11 505;11 600;11 600;11 505;901;10 408 803;0.04%
17/01/2023;11 700;11 600;11 700;11 600;119;1 386 350;1.69%
18/01/2023;11 800;11 800;11 800;11 800;1 090;12 862 000;0.85%
19/01/2023;11 800;11 800;11 800;11 800;154;1 817 200;0.00%
20/01/2023;11 800;11 800;11 800;11 800;1 062;12 531 600;0.00%
23/01/2023;11 600;11 855;11 855;11 600;190;2 228 225;-1.69%
24/01/2023;11 850;11 795;11 850;11 795;4 044;47 810 190;2.16%
25/01/2023;12 000;11 850;12 000;11 850;3 231;38 529 675;1.27%
26/01/2023;11 905;12 200;12 200;11 905;685;8 255 963;-0.79%
27/01/2023;12 000;11 910;12 000;11 910;243;2 905 065;0.80%
30/01/2023;12 295;12 005;12 295;12 005;30;364 500;2.46%
31/01/2023;12 290;12 300;12 300;12 290;71;872 945;-0.04%
01/02/2023;12 290;12 000;12 290;12 000;4 314;52 393 530;0.00%
02/02/2023;12 390;12 010;12 390;12 010;140;1 708 000;0.81%
03/02/2023;12 020;12 300;12 300;12 020;70;851 200;-2.99%
06/02/2023;12 000;12 020;12 020;12 000;668;8 022 680;-0.17%
07/02/2023;11 800;12 000;12 000;11 800;233;2 772 700;-1.67%
08/02/2023;11 700;11 950;11 950;11 700;163;1 927 475;-0.85%
09/02/2023;11 600;11 995;11 995;11 600;10 810;127 530 975;-0.85%
10/02/2023;11 710;11 995;11 995;11 710;344;4 077 260;0.95%
13/02/2023;12 585;12 585;12 585;12 585;2 157;27 145 845;7.47%
14/02/2023;13 000;13 525;13 525;13 000;5 995;79 508 688;3.30%
15/02/2023;13 625;13 975;13 975;13 625;629;8 680 200;4.81%
16/02/2023;13 875;13 600;13 875;13 600;1 036;14 232 050;1.83%
17/02/2023;13 450;13 595;13 595;13 450;5 477;74 062 733;-3.06%
20/02/2023;13 550;13 875;13 875;13 550;144;1 974 600;0.74%
21/02/2023;13 750;13 600;13 750;13 600;855;11 692 125;1.48%
22/02/2023;13 500;13 750;13 750;13 500;3 888;52 974 000;-1.82%
23/02/2023;13 500;13 850;13 850;13 500;1 014;13 866 450;0.00%
24/02/2023;13 800;13 450;13 800;13 450;185;2 520 625;2.22%
27/02/2023;13 850;13 845;13 850;13 845;4 599;63 684 653;0.36%
28/02/2023;13 850;13 885;13 885;13 850;3 144;43 599 420;0.00%
01/03/2023;13 850;13 900;13 900;13 850;892;12 376 500;0.00%
02/03/2023;14 000;13 850;14 000;13 850;14 934;207 955 950;1.08%
03/03/2023;14 000;13 900;14 000;13 900;185;2 580 750;0.00%
06/03/2023;13 990;13 800;13 990;13 800;175;2 431 625;-0.07%
07/03/2023;13 790;13 980;13 980;13 790;99;1 374 615;-1.43%
08/03/2023;13 700;13 560;13 700;13 560;162;2 208 060;-0.65%
09/03/2023;13 990;13 800;13 990;13 800;479;6 655 705;2.12%
10/03/2023;13 990;13 980;13 990;13 980;279;3 901 815;0.00%
13/03/2023;13 850;13 990;13 990;13 850;2 395;33 338 400;-1.00%
14/03/2023;13 900;13 900;13 900;13 900;500;6 950 000;0.36%
15/03/2023;14 000;13 855;14 000;13 855;944;13 147 560;0.72%
16/03/2023;13 850;13 850;13 850;13 850;2 520;34 902 000;-1.07%
17/03/2023;13 800;13 800;13 800;13 800;1 063;14 669 400;-0.36%
20/03/2023;13 900;13 900;13 900;13 900;140;1 946 000;0.72%
21/03/2023;13 850;13 850;13 850;13 850;1 505;20 844 250;-0.36%
22/03/2023;14 000;13 850;14 000;13 850;110;1 531 750;1.08%
23/03/2023;14 000;14 000;14 000;14 000;149;2 086 000;0.00%
24/03/2023;13 850;13 995;13 995;13 850;1 219;16 971 528;-1.07%
27/03/2023;13 850;13 995;13 995;13 850;600;8 353 500;0.00%
28/03/2023;13 850;13 850;13 850;13 850;510;7 063 500;0.00%
29/03/2023;13 860;13 995;13 995;13 860;69;960 998;0.07%
30/03/2023;13 990;13 990;13 990;13 990;188;2 630 120;0.94%
31/03/2023;13 860;13 950;13 950;13 860;258;3 587 490;-0.93%
03/04/2023;13 800;13 900;13 900;13 800;342;4 736 700;-0.43%
04/04/2023;13 995;13 800;13 995;13 800;71;986 723;1.41%
05/04/2023;14 150;13 995;14 150;13 995;1 628;22 910 030;1.11%
06/04/2023;13 990;14 150;14 150;13 990;2 530;35 597 100;-1.13%
07/04/2023;13 800;14 150;14 150;13 800;1 067;14 911 325;-1.36%
10/04/2023;13 800;14 150;14 150;13 800;1 067;14 911 325;0.00%
11/04/2023;13 900;13 990;13 990;13 900;6 908;96 332 060;0.72%
12/04/2023;13 900;13 990;13 990;13 900;1 115;15 548 675;0.00%
13/04/2023;13 900;14 000;14 000;13 900;16;223 200;0.00%
14/04/2023;13 905;13 900;13 905;13 900;842;11 705 905;0.04%
17/04/2023;14 150;14 000;14 150;14 000;636;8 951 700;1.76%
18/04/2023;14 150;14 000;14 150;14 000;636;8 951 700;0.00%
19/04/2023;14 000;14 000;14 000;14 000;1 350;18 900 000;-1.06%
20/04/2023;14 000;13 915;14 000;13 915;4 774;66 633 105;0.00%
21/04/2023;14 000;13 915;14 000;13 915;4 774;66 633 105;0.00%
24/04/2023;14 000;14 000;14 000;14 000;212;2 968 000;0.00%
25/04/2023;13 900;13 995;13 995;13 900;263;3 668 193;-0.71%
26/04/2023;13 900;13 900;13 900;13 900;166;2 307 400;0.00%
27/04/2023;13 900;13 900;13 900;13 900;116;1 612 400;0.00%
28/04/2023;13 900;13 900;13 900;13 900;15;208 500;0.00%
01/05/2023;13 900;13 900;13 900;13 900;15;208 500;0.00%
02/05/2023;13 900;13 950;13 950;13 900;8 629;120 158 825;0.00%
03/05/2023;13 900;13 950;13 950;13 900;8 629;120 158 825;0.00%
04/05/2023;13 900;13 995;13 995;13 900;98;1 366 855;0.00%
05/05/2023;13 995;13 995;13 995;13 995;36;503 820;0.68%
08/05/2023;13 900;13 995;13 995;13 900;192;2 677 920;-0.68%
09/05/2023;13 900;14 000;14 000;13 900;766;10 685 700;0.00%
10/05/2023;13 900;13 990;13 990;13 900;35;488 075;0.00%
11/05/2023;13 900;13 995;13 995;13 900;278;3 877 405;0.00%
12/05/2023;13 895;13 900;13 900;13 895;93;1 292 468;-0.04%
15/05/2023;13 995;13 900;13 995;13 900;573;7 991 918;0.72%
16/05/2023;13 995;13 995;13 995;13 995;549;7 683 255;0.00%
17/05/2023;14 000;13 995;14 000;13 995;75;1 049 813;0.04%
18/05/2023;14 000;13 995;14 000;13 995;75;1 049 813;0.00%
19/05/2023;14 500;14 005;14 500;14 005;128;1 824 320;3.57%
22/05/2023;14 550;14 800;14 800;14 550;10;146 750;0.34%
23/05/2023;14 995;14 650;14 995;14 650;2 768;41 028 680;3.06%
24/05/2023;14 995;14 995;14 995;14 995;889;13 330 555;0.00%
25/05/2023;14 995;14 995;14 995;14 995;2 355;35 313 225;0.00%
26/05/2023;14 000;14 000;14 000;14 000;1 536;21 504 000;-6.64%
29/05/2023;14 000;14 000;14 000;14 000;1 536;21 504 000;0.00%
30/05/2023;14 500;13 950;14 500;13 950;3 933;55 946 925;3.57%
31/05/2023;14 450;13 900;14 450;13 900;21;297 675;-0.34%
01/06/2023;14 450;13 900;14 450;13 900;1 216;17 236 800;0.00%
02/06/2023;14 500;15 530;15 530;14 500;276;4 144 140;0.35%
05/06/2023;14 800;14 500;14 800;14 500;552;8 086 800;2.07%
06/06/2023;15 505;14 500;15 505;14 500;8 955;134 347 388;4.76%
07/06/2023;15 550;15 505;15 550;15 505;4 528;70 308 520;0.29%
08/06/2023;15 500;15 550;15 550;15 500;264;4 098 600;-0.32%
09/06/2023;15 950;16 000;16 000;15 950;39;623 025;2.90%
12/06/2023;15 900;15 900;15 900;15 900;19;302 100;-0.31%
13/06/2023;15 790;15 400;15 790;15 400;2 173;33 887 935;-0.69%
14/06/2023;15 505;15 505;15 505;15 505;262;4 062 310;-1.80%
15/06/2023;15 500;15 505;15 505;15 500;1 302;20 184 255;-0.03%
16/06/2023;15 505;15 405;15 505;15 405;7 916;122 341 780;0.03%
19/06/2023;15 500;15 490;15 500;15 490;1 511;23 412 945;-0.03%
20/06/2023;15 500;15 500;15 500;15 500;1 470;22 785 000;0.00%
21/06/2023;15 500;15 600;15 600;15 500;2 171;33 759 050;0.00%
22/06/2023;15 500;14 400;15 500;14 400;1 372;20 511 400;0.00%
23/06/2023;15 500;15 500;15 500;15 500;1 326;20 553 000;0.00%
26/06/2023;15 500;15 500;15 500;15 500;43;666 500;0.00%
27/06/2023;15 695;15 500;15 695;15 500;267;4 164 533;1.26%
28/06/2023;15 695;15 500;15 695;15 500;267;4 164 533;0.00%
29/06/2023;15 500;15 500;15 500;15 500;2 104;32 612 000;-1.24%
30/06/2023;15 500;15 500;15 500;15 500;20;310 000;0.00%
03/07/2023;15 450;15 490;15 490;15 450;100;1 547 000;-0.32%
04/07/2023;15 500;15 200;15 500;15 200;568;8 718 800;0.32%
05/07/2023;15 300;15 500;15 500;15 300;311;4 789 400;-1.29%
06/07/2023;15 305;15 200;15 305;15 200;3 960;60 399 900;0.03%
07/07/2023;15 300;15 305;15 305;15 300;1 014;15 516 735;-0.03%
10/07/2023;15 500;15 495;15 500;15 495;532;8 244 670;1.31%
11/07/2023;15 500;15 500;15 500;15 500;1 478;22 909 000;0.00%
12/07/2023;15 500;15 400;15 500;15 400;85;1 313 250;0.00%
13/07/2023;15 695;15 500;15 695;15 500;419;6 535 353;1.26%
14/07/2023;15 500;15 695;15 695;15 500;270;4 211 325;-1.24%
17/07/2023;15 360;15 500;15 500;15 360;160;2 468 800;-0.90%
18/07/2023;15 500;15 355;15 500;15 355;2 268;34 989 570;0.91%
19/07/2023;15 400;15 355;15 400;15 355;2 068;31 800 670;-0.65%
20/07/2023;15 690;15 500;15 690;15 500;2 597;40 500 215;1.88%
21/07/2023;16 000;15 690;16 000;15 690;165;2 614 425;1.98%
24/07/2023;15 685;15 690;15 690;15 685;547;8 581 063;-1.97%
25/07/2023;15 650;15 700;15 700;15 650;375;5 878 125;-0.22%
26/07/2023;15 650;15 645;15 650;15 645;280;4 381 300;0.00%
27/07/2023;16 000;15 700;16 000;15 700;130;2 060 500;2.24%
28/07/2023;16 425;16 000;16 425;16 000;10 163;164 767 638;2.66%
31/07/2023;16 000;16 000;16 000;16 000;185;2 960 000;-2.59%
01/08/2023;16 400;16 000;16 400;16 000;6 264;101 476 800;2.50%
02/08/2023;16 390;16 400;16 400;16 390;337;5 525 115;-0.06%
03/08/2023;16 105;16 390;16 390;16 105;41;666 148;-1.74%
04/08/2023;15 760;16 155;16 155;15 760;997;15 909 628;-2.14%
07/08/2023;15 760;16 155;16 155;15 760;997;15 909 628;0.00%
08/08/2023;16 005;16 000;16 005;16 000;24;384 060;1.55%
09/08/2023;16 300;16 150;16 300;16 150;49;795 025;1.84%
10/08/2023;16 425;16 295;16 425;16 295;4 741;77 562 760;0.77%
11/08/2023;16 000;16 500;16 500;16 000;313;5 086 250;-2.59%
14/08/2023;16 005;16 005;16 005;16 005;46;736 230;0.03%
15/08/2023;16 005;16 005;16 005;16 005;46;736 230;0.00%
16/08/2023;16 665;16 000;16 665;16 000;387;6 320 678;4.12%
17/08/2023;16 200;16 200;16 200;16 200;1 350;21 870 000;-2.79%
18/08/2023;16 200;16 050;16 200;16 050;361;5 821 125;0.00%
21/08/2023;16 000;16 200;16 200;16 000;902;14 522 200;-1.23%
22/08/2023;15 900;16 200;16 200;15 900;2 713;43 543 650;-0.63%
23/08/2023;15 900;15 900;15 900;15 900;186;2 957 400;0.00%
24/08/2023;15 900;15 900;15 900;15 900;656;10 430 400;0.00%
25/08/2023;15 900;16 095;16 095;15 900;1 081;17 293 298;0.00%
28/08/2023;15 900;15 900;15 900;15 900;3 309;52 613 100;0.00%
29/08/2023;16 000;16 000;16 000;16 000;383;6 128 000;0.63%
30/08/2023;16 315;16 020;16 315;16 020;2 882;46 594 735;1.97%
31/08/2023;16 100;16 025;16 100;16 025;226;3 630 125;-1.32%
01/09/2023;16 000;16 100;16 100;16 000;2 676;42 949 800;-0.62%
04/09/2023;16 000;16 000;16 000;16 000;170;2 720 000;0.00%
05/09/2023;16 100;16 000;16 100;16 000;144;2 311 200;0.63%
06/09/2023;16 315;16 100;16 315;16 100;872;14 132 940;1.34%
07/09/2023;17 535;16 640;17 535;16 640;10 900;186 253 750;7.48%
08/09/2023;17 500;17 535;17 535;17 500;4 512;79 038 960;-0.20%
11/09/2023;17 000;18 800;18 800;17 000;1 026;18 365 400;-2.86%
12/09/2023;17 970;17 000;17 970;17 000;257;4 493 645;5.71%
13/09/2023;17 000;18 000;18 000;17 000;348;6 090 000;-5.40%
14/09/2023;17 000;17 020;17 020;17 000;605;10 291 050;0.00%
15/09/2023;17 800;17 950;17 950;17 800;38;679 250;4.71%
18/09/2023;17 000;17 600;17 600;17 000;960;16 608 000;-4.49%
19/09/2023;16 985;17 000;17 000;16 985;178;3 024 665;-0.09%
20/09/2023;16 915;16 985;16 985;16 915;151;2 559 450;-0.41%
21/09/2023;17 000;16 915;17 000;16 915;5 673;96 199 898;0.50%
22/09/2023;17 000;17 000;17 000;17 000;541;9 197 000;0.00%
25/09/2023;16 700;16 995;16 995;16 700;2 411;40 619 323;-1.76%
26/09/2023;16 700;16 700;16 700;16 700;130;2 171 000;0.00%
27/09/2023;16 700;16 700;16 700;16 700;130;2 171 000;0.00%
28/09/2023;16 500;16 700;16 700;16 500;1 597;26 510 200;-1.20%
29/09/2023;16 400;16 490;16 490;16 400;461;7 581 145;-0.61%
02/10/2023;16 500;16 500;16 500;16 500;150;2 475 000;0.61%
03/10/2023;16 495;16 500;16 500;16 495;790;13 033 025;-0.03%
04/10/2023;16 700;16 495;16 700;16 495;218;3 618 255;1.24%
05/10/2023;16 695;16 700;16 700;16 695;65;1 085 338;-0.03%
06/10/2023;16 695;16 695;16 695;16 695;216;3 606 120;0.00%
09/10/2023;16 495;16 500;16 500;16 495;1 184;19 533 040;-1.20%
10/10/2023;16 495;16 495;16 495;16 495;92;1 517 540;0.00%
11/10/2023;16 200;16 600;16 600;16 200;1 713;28 093 200;-1.79%
12/10/2023;16 295;16 295;16 295;16 295;352;5 735 840;0.59%
13/10/2023;16 295;16 295;16 295;16 295;177;2 884 215;0.00%
16/10/2023;16 490;16 495;16 495;16 490;694;11 445 795;1.20%
17/10/2023;16 485;16 490;16 490;16 485;209;3 445 888;-0.03%
18/10/2023;16 495;16 490;16 495;16 490;4 187;69 054 098;0.06%
19/10/2023;16 010;16 495;16 495;16 010;3 001;48 773 753;-2.94%
20/10/2023;16 490;16 400;16 490;16 400;410;6 742 450;3.00%
23/10/2023;16 200;16 490;16 490;16 200;507;8 286 915;-1.76%
24/10/2023;16 200;16 200;16 200;16 200;4 331;70 162 200;0.00%
25/10/2023;16 250;16 390;16 390;16 250;107;1 746 240;0.31%
26/10/2023;16 000;16 390;16 390;16 000;3 372;54 609 540;-1.54%
27/10/2023;16 480;16 000;16 480;16 000;2 426;39 398 240;3.00%
30/10/2023;16 035;16 695;16 695;16 035;4 245;69 469 425;-2.70%
31/10/2023;16 100;16 200;16 200;16 100;2 544;41 085 600;0.41%
01/11/2023;16 100;16 200;16 200;16 100;2 544;41 085 600;0.00%
02/11/2023;16 025;16 005;16 025;16 005;4 355;69 745 325;-0.47%
03/11/2023;16 025;16 030;16 030;16 025;1 327;21 268 493;0.00%
06/11/2023;16 695;16 395;16 695;16 395;1 242;20 548 890;4.18%
07/11/2023;16 800;16 505;16 800;16 505;705;11 740 013;0.63%
08/11/2023;17 000;16 800;17 000;16 800;706;11 931 400;1.19%
09/11/2023;16 800;17 000;17 000;16 800;728;12 303 200;-1.18%
10/11/2023;16 750;16 800;16 800;16 750;356;5 971 900;-0.30%
13/11/2023;16 500;16 750;16 750;16 500;863;14 347 375;-1.49%
14/11/2023;16 450;16 500;16 500;16 450;75;1 235 625;-0.30%
15/11/2023;16 450;16 500;16 500;16 450;75;1 235 625;0.00%
16/11/2023;16 445;16 400;16 445;16 400;824;13 532 140;-0.03%
17/11/2023;16 400;16 445;16 445;16 400;368;6 043 480;-0.27%
20/11/2023;16 495;16 495;16 495;16 495;296;4 882 520;0.58%
21/11/2023;16 500;16 495;16 500;16 495;12 866;212 256 835;0.03%
22/11/2023;16 695;16 600;16 695;16 600;267;4 444 883;1.18%
23/11/2023;16 685;16 700;16 700;16 685;97;1 619 173;-0.06%
24/11/2023;16 500;16 685;16 685;16 500;823;13 655 628;-1.11%
27/11/2023;16 685;16 525;16 685;16 525;557;9 248 985;1.12%
28/11/2023;16 685;16 650;16 685;16 650;297;4 950 248;0.00%
29/11/2023;16 680;16 650;16 680;16 650;414;6 899 310;-0.03%
30/11/2023;16 490;16 675;16 675;16 490;557;9 236 453;-1.14%
01/12/2023;16 300;16 400;16 400;16 300;341;5 575 350;-1.15%
04/12/2023;16 000;16 300;16 300;16 000;593;9 576 950;-1.84%
05/12/2023;16 210;16 490;16 490;16 210;686;11 216 100;1.31%
06/12/2023;16 250;16 210;16 250;16 210;1 527;24 783 210;0.25%
07/12/2023;15 640;16 005;16 005;15 640;9 673;153 051 043;-3.75%
08/12/2023;15 850;15 655;15 850;15 655;776;12 223 940;1.34%
11/12/2023;16 300;16 300;16 300;16 300;226;3 683 800;2.84%
12/12/2023;16 300;16 300;16 300;16 300;209;3 406 700;0.00%
13/12/2023;16 000;16 000;16 000;16 000;1 202;19 232 000;-1.84%
14/12/2023;16 000;16 010;16 010;16 000;1 651;26 424 255;0.00%
15/12/2023;16 000;16 000;16 000;16 000;404;6 464 000;0.00%
18/12/2023;15 915;16 000;16 000;15 915;447;7 133 003;-0.53%
19/12/2023;15 605;15 910;15 910;15 605;2 281;35 942 858;-1.95%
20/12/2023;16 050;15 605;16 050;15 605;345;5 460 488;2.85%
21/12/2023;16 100;16 050;16 100;16 050;72;1 157 400;0.31%
22/12/2023;16 100;16 050;16 100;16 050;2 586;41 569 950;0.00%
25/12/2023;16 100;16 050;16 100;16 050;2 586;41 569 950;0.00%
26/12/2023;16 100;16 100;16 100;16 100;250;4 025 000;0.00%
27/12/2023;15 605;15 605;15 605;15 605;1 433;22 361 965;-3.07%
28/12/2023;16 150;15 605;16 150;15 605;2 049;32 532 998;3.49%
29/12/2023;16 050;15 955;16 050;15 955;747;11 953 868;-0.62%
01/01/2024;16 050;15 955;16 050;15 955;747;11 953 868;0.00%
02/01/2024;15 995;16 200;16 200;15 995;410;6 599 975;-0.34%
03/01/2024;15 995;15 995;15 995;15 995;282;4 510 590;0.00%
04/01/2024;15 995;16 000;16 000;15 995;1 292;20 668 770;0.00%
05/01/2024;15 800;16 000;16 000;15 800;460;7 314 000;-1.22%
08/01/2024;15 800;16 000;16 000;15 800;460;7 314 000;0.00%
09/01/2024;15 800;15 950;15 950;15 800;594;9 429 750;0.00%
10/01/2024;15 800;15 800;15 800;15 800;733;11 581 400;0.00%
11/01/2024;15 800;15 760;15 800;15 760;894;14 107 320;0.00%
12/01/2024;16 000;15 800;16 000;15 800;319;5 072 100;1.27%
15/01/2024;15 950;15 950;15 950;15 950;1 040;16 588 000;-0.31%
16/01/2024;16 000;15 810;16 000;15 810;326;5 185 030;0.31%
17/01/2024;15 955;16 000;16 000;15 955;152;2 428 580;-0.28%
18/01/2024;15 755;15 955;15 955;15 755;644;10 210 620;-1.25%
19/01/2024;16 000;15 800;16 000;15 800;2 675;42 532 500;1.56%
22/01/2024;16 400;16 000;16 400;16 000;558;9 039 600;2.50%
23/01/2024;16 200;16 200;16 200;16 200;46;745 200;-1.22%
24/01/2024;16 100;16 200;16 200;16 100;283;4 570 450;-0.62%
25/01/2024;15 875;16 300;16 300;15 875;193;3 104 888;-1.40%
26/01/2024;16 200;16 300;16 300;16 200;73;1 186 250;2.05%
29/01/2024;15 900;15 850;15 900;15 850;224;3 556 000;-1.85%
30/01/2024;15 850;15 855;15 855;15 850;412;6 531 230;-0.31%
31/01/2024;15 905;15 900;15 905;15 900;174;2 767 035;0.35%
01/02/2024;15 900;15 915;15 915;15 900;3 160;50 267 700;-0.03%
02/02/2024;16 000;16 000;16 000;16 000;1 118;17 888 000;0.63%
05/02/2024;16 000;16 000;16 000;16 000;292;4 672 000;0.00%
06/02/2024;16 200;16 000;16 200;16 000;240;3 864 000;1.25%
07/02/2024;16 200;16 200;16 200;16 200;130;2 106 000;0.00%
08/02/2024;16 190;16 000;16 190;16 000;15;241 425;-0.06%
09/02/2024;16 100;16 190;16 190;16 100;233;3 761 785;-0.56%
12/02/2024;16 100;16 190;16 190;16 100;233;3 761 785;0.00%
13/02/2024;16 450;16 305;16 450;16 305;797;13 052 868;2.17%
14/02/2024;17 000;16 450;17 000;16 450;4 039;67 552 275;3.34%
15/02/2024;17 000;17 000;17 000;17 000;1 012;17 204 000;0.00%
16/02/2024;17 000;17 010;17 010;17 000;6 600;112 233 000;0.00%
19/02/2024;17 000;17 000;17 000;17 000;1 944;33 048 000;0.00%
20/02/2024;17 990;18 200;18 200;17 990;1 659;30 019 605;5.82%
21/02/2024;17 105;17 990;17 990;17 105;968;16 985 980;-4.92%
22/02/2024;17 980;17 300;17 980;17 300;151;2 663 640;5.12%
23/02/2024;17 950;17 980;17 980;17 950;7 138;128 234 170;-0.17%
26/02/2024;17 895;17 945;17 945;17 895;656;11 755 520;-0.31%
27/02/2024;17 790;17 890;17 890;17 790;5 224;93 196 160;-0.59%
28/02/2024;17 740;17 750;17 750;17 740;449;7 967 505;-0.28%
29/02/2024;17 750;17 750;17 750;17 750;359;6 372 250;0.06%
01/03/2024;17 750;17 750;17 750;17 750;32;568 000;0.00%
04/03/2024;17 700;17 750;17 750;17 700;171;3 030 975;-0.28%
05/03/2024;17 700;17 700;17 700;17 700;2 142;37 913 400;0.00%
06/03/2024;17 700;17 700;17 700;17 700;109;1 929 300;0.00%
07/03/2024;17 750;17 700;17 750;17 700;986;17 476 850;0.28%
08/03/2024;17 500;17 750;17 750;17 500;6 380;112 447 500;-1.41%
11/03/2024;17 695;17 200;17 695;17 200;3 217;56 128 608;1.11%
12/03/2024;17 695;17 650;17 695;17 650;226;3 993 985;0.00%
13/03/2024;17 735;17 725;17 735;17 725;544;9 645 120;0.23%
14/03/2024;17 700;17 735;17 735;17 700;684;12 118 770;-0.20%
15/03/2024;17 700;17 650;17 700;17 650;1 859;32 857 825;0.00%
18/03/2024;17 700;17 700;17 700;17 700;843;14 921 100;0.00%
19/03/2024;17 650;17 700;17 700;17 650;777;13 733 475;-0.28%
20/03/2024;17 700;17 650;17 700;17 650;469;8 289 575;0.28%
21/03/2024;17 660;17 660;17 660;17 660;258;4 556 280;-0.23%
22/03/2024;17 690;17 700;17 700;17 690;594;10 510 830;0.17%
25/03/2024;17 200;17 750;17 750;17 200;825;14 416 875;-2.77%
26/03/2024;17 300;17 600;17 600;17 300;518;9 039 100;0.58%
27/03/2024;17 500;17 500;17 500;17 500;749;13 107 500;1.16%
28/03/2024;17 300;17 500;17 500;17 300;469;8 160 600;-1.14%
29/03/2024;17 000;17 500;17 500;17 000;364;6 279 000;-1.73%
01/04/2024;17 000;17 500;17 500;17 000;364;6 279 000;0.00%
02/04/2024;17 450;17 300;17 450;17 300;1 122;19 494 750;2.65%
03/04/2024;17 450;17 250;17 450;17 250;199;3 452 650;0.00%
04/04/2024;17 250;17 790;17 790;17 250;1 782;31 220 640;-1.15%
05/04/2024;17 500;17 255;17 500;17 255;3 287;57 119 843;1.45%
08/04/2024;17 725;17 700;17 725;17 700;1 626;28 800 525;1.29%
09/04/2024;18 050;17 500;18 050;17 500;322;5 723 550;1.83%
10/04/2024;18 050;17 500;18 050;17 500;322;5 723 550;0.00%
11/04/2024;17 500;18 000;18 000;17 500;362;6 425 500;-3.05%
12/04/2024;17 900;17 550;17 900;17 550;965;17 104 625;2.29%
15/04/2024;17 955;17 955;17 955;17 955;231;4 147 605;0.31%
16/04/2024;18 005;18 750;18 750;18 005;344;6 321 860;0.28%
17/04/2024;18 000;18 025;18 025;18 000;1 180;21 254 750;-0.03%
18/04/2024;18 000;18 025;18 025;18 000;1 748;31 485 850;0.00%
19/04/2024;17 900;18 100;18 100;17 900;2 165;38 970 000;-0.56%
22/04/2024;17 645;17 900;17 900;17 645;2 921;51 913 473;-1.42%
23/04/2024;17 700;17 700;17 700;17 700;2 197;38 886 900;0.31%
24/04/2024;17 900;17 705;17 900;17 705;7 031;125 169 378;1.13%
25/04/2024;18 000;17 705;18 000;17 705;11 271;201 215 528;0.56%
26/04/2024;17 900;17 900;17 900;17 900;2 691;48 168 900;-0.56%
29/04/2024;17 900;17 900;17 900;17 900;1 862;33 329 800;0.00%
30/04/2024;17 900;17 900;17 900;17 900;595;10 650 500;0.00%
01/05/2024;17 900;17 900;17 900;17 900;595;10 650 500;0.00%
02/05/2024;17 900;17 900;17 900;17 900;2 805;50 209 500;0.00%
03/05/2024;17 850;17 900;17 900;17 850;2 468;44 115 500;-0.28%
06/05/2024;17 850;17 850;17 850;17 850;837;14 940 450;0.00%
07/05/2024;17 750;17 800;17 800;17 750;1 471;26 147 025;-0.56%
08/05/2024;17 740;17 745;17 745;17 740;3 681;65 310 143;-0.06%
09/05/2024;17 740;17 745;17 745;17 740;3 681;65 310 143;0.00%
10/05/2024;17 745;17 740;17 745;17 740;2 466;43 753 005;0.03%
13/05/2024;17 800;17 745;17 800;17 745;1 700;30 213 250;0.31%
14/05/2024;18 000;17 800;18 000;17 800;507;9 075 300;1.12%
15/05/2024;18 000;17 945;18 000;17 945;675;12 131 438;0.00%
16/05/2024;18 000;17 950;18 000;17 950;549;9 868 275;0.00%
17/05/2024;18 000;17 950;18 000;17 950;1 123;20 185 925;0.00%
20/05/2024;18 000;17 950;18 000;17 950;1 123;20 185 925;0.00%
21/05/2024;17 950;17 750;17 950;17 750;178;3 177 300;-0.28%
22/05/2024;18 000;17 950;18 000;17 950;1 894;34 044 650;0.28%
23/05/2024;18 200;17 955;18 200;17 955;1 938;35 034 195;1.11%
24/05/2024;18 500;18 250;18 500;18 250;523;9 610 125;1.65%
27/05/2024;19 300;19 545;19 545;19 300;168;3 262 980;4.32%
28/05/2024;19 000;19 300;19 300;19 000;6 911;132 345 650;-1.55%
29/05/2024;19 300;19 005;19 300;19 005;530;10 150 825;1.58%
30/05/2024;19 300;19 300;19 300;19 300;1 669;32 211 700;0.00%
31/05/2024;19 400;19 300;19 400;19 300;181;3 502 350;0.52%
03/06/2024;19 800;19 800;19 800;19 800;592;11 721 600;2.06%
04/06/2024;19 900;19 795;19 900;19 795;461;9 149 698;0.51%
05/06/2024;20 295;20 300;20 300;20 295;581;11 792 848;1.98%
06/06/2024;20 300;20 500;20 500;20 300;442;9 016 800;0.02%
07/06/2024;20 295;20 295;20 295;20 295;2 202;44 689 590;-0.02%
10/06/2024;20 505;20 650;20 650;20 505;582;11 976 105;1.03%
11/06/2024;20 500;20 795;20 795;20 500;242;4 996 695;-0.02%
12/06/2024;20 500;20 505;20 505;20 500;170;3 485 425;0.00%
13/06/2024;20 805;20 810;20 810;20 805;177;3 682 928;1.49%
14/06/2024;20 510;20 805;20 805;20 510;506;10 452 695;-1.42%
18/06/2024;20 560;20 510;20 560;20 510;1 566;32 157 810;0.24%
19/06/2024;20 560;20 805;20 805;20 560;1 168;24 157 160;0.00%
20/06/2024;20 810;20 805;20 810;20 805;700;14 565 250;1.22%
21/06/2024;20 690;20 700;20 700;20 690;4 822;99 791 290;-0.58%
24/06/2024;19 405;20 685;20 685;19 405;725;14 532 625;-6.21%
25/06/2024;19 405;19 405;19 405;19 405;571;11 080 255;0.00%
26/06/2024;19 405;19 400;19 405;19 400;666;12 922 065;0.00%
27/06/2024;19 400;19 410;19 410;19 400;862;16 727 110;-0.03%
28/06/2024;19 015;19 320;19 320;19 015;4 259;81 634 383;-1.98%
01/07/2024;19 105;19 025;19 105;19 025;347;6 615 555;0.47%
02/07/2024;19 425;19 250;19 425;19 250;62;1 198 925;1.67%
03/07/2024;19 450;19 500;19 500;19 450;6 832;133 053 200;0.13%
04/07/2024;19 400;19 425;19 425;19 400;411;7 978 538;-0.26%
05/07/2024;19 500;19 500;19 500;19 500;128;2 496 000;0.52%
08/07/2024;19 205;19 950;19 950;19 205;1 243;24 334 833;-1.51%
09/07/2024;19 205;19 205;19 205;19 205;903;17 342 115;0.00%
10/07/2024;19 740;19 375;19 740;19 375;203;3 970 173;2.79%
11/07/2024;19 740;19 740;19 740;19 740;63;1 243 620;0.00%
12/07/2024;19 740;19 740;19 740;19 740;163;3 217 620;0.00%
15/07/2024;19 900;19 500;19 900;19 500;638;12 568 600;0.81%
16/07/2024;19 900;19 750;19 900;19 750;2 055;40 740 375;0.00%
17/07/2024;19 900;19 900;19 900;19 900;202;4 019 800;0.00%
18/07/2024;20 500;19 900;20 500;19 900;7 846;158 489 200;3.02%
19/07/2024;20 500;20 500;20 500;20 500;705;14 452 500;0.00%
22/07/2024;20 445;20 450;20 450;20 445;220;4 498 450;-0.27%
23/07/2024;20 450;20 500;20 500;20 450;4 291;87 858 225;0.02%
24/07/2024;20 305;20 155;20 305;20 155;554;11 207 420;-0.71%
25/07/2024;20 305;20 400;20 400;20 305;42;854 805;0.00%
26/07/2024;20 500;20 305;20 500;20 305;1 030;21 014 575;0.96%
29/07/2024;20 500;20 500;20 500;20 500;2 970;60 885 000;0.00%
30/07/2024;20 400;20 500;20 500;20 400;2 435;49 795 750;-0.49%
31/07/2024;20 500;20 400;20 500;20 400;3 670;75 051 500;0.49%
01/08/2024;20 470;20 155;20 470;20 155;10 583;214 967 188;-0.15%
02/08/2024;20 490;20 470;20 490;20 470;3 464;70 942 720;0.10%
05/08/2024;20 470;20 490;20 490;20 470;437;8 949 760;-0.10%
06/08/2024;20 470;20 400;20 470;20 400;292;5 967 020;0.00%
07/08/2024;20 470;20 400;20 470;20 400;292;5 967 020;0.00%
08/08/2024;20 450;20 400;20 450;20 400;3 885;79 351 125;-0.10%
09/08/2024;20 450;20 300;20 450;20 300;749;15 260 875;0.00%
12/08/2024;20 450;20 450;20 450;20 450;330;6 748 500;0.00%
13/08/2024;20 450;20 440;20 450;20 440;1 484;30 340 380;0.00%
14/08/2024;20 500;20 500;20 500;20 500;165;3 382 500;0.24%
15/08/2024;20 500;20 500;20 500;20 500;165;3 382 500;0.00%
16/08/2024;20 450;20 100;20 450;20 100;1 209;24 512 475;-0.24%
19/08/2024;20 440;20 440;20 440;20 440;186;3 801 840;-0.05%
20/08/2024;20 430;20 440;20 440;20 430;817;16 695 395;-0.05%
21/08/2024;20 300;19 950;20 300;19 950;4 677;94 124 625;-0.64%
22/08/2024;20 300;20 300;20 300;20 300;607;12 322 100;0.00%
23/08/2024;20 275;20 300;20 300;20 275;361;7 323 788;-0.12%
26/08/2024;20 000;19 900;20 000;19 900;513;10 234 350;-1.36%
27/08/2024;20 295;20 295;20 295;20 295;838;17 007 210;1.48%
28/08/2024;20 300;20 300;20 300;20 300;3 218;65 325 400;0.02%
29/08/2024;20 325;20 300;20 325;20 300;943;19 154 688;0.12%
30/08/2024;20 300;20 300;20 300;20 300;149;3 024 700;-0.12%
02/09/2024;20 300;20 350;20 350;20 300;334;6 788 550;0.00%
03/09/2024;20 295;20 300;20 300;20 295;2 010;40 797 975;-0.02%
04/09/2024;20 350;20 300;20 350;20 300;869;17 662 425;0.27%
05/09/2024;19 800;20 350;20 350;19 800;4 543;91 200 725;-2.70%
06/09/2024;19 810;19 800;19 810;19 800;280;5 545 400;0.05%
09/09/2024;20 000;19 810;20 000;19 810;268;5 334 540;0.96%
10/09/2024;20 295;20 295;20 295;20 295;9 313;189 007 335;1.48%
11/09/2024;20 290;20 295;20 295;20 290;738;14 975 865;-0.02%
12/09/2024;20 290;20 280;20 290;20 280;374;7 586 590;0.00%
13/09/2024;20 005;20 280;20 280;20 005;390;7 855 575;-1.40%
16/09/2024;20 200;20 200;20 200;20 200;896;18 099 200;0.97%
17/09/2024;20 200;20 005;20 200;20 005;140;2 814 350;0.00%
18/09/2024;20 195;20 195;20 195;20 195;2 665;53 819 675;-0.02%
19/09/2024;20 005;20 200;20 200;20 005;1 233;24 786 383;-0.94%
20/09/2024;19 800;20 100;20 100;19 800;1 724;34 393 800;-1.02%
23/09/2024;19 800;19 985;19 985;19 800;2 323;46 210 278;0.00%
24/09/2024;19 800;19 795;19 800;19 795;301;5 959 048;0.00%
25/09/2024;19 725;19 875;19 875;19 725;573;11 345 400;-0.38%
26/09/2024;19 650;19 725;19 725;19 650;3 506;69 024 375;-0.38%
27/09/2024;19 700;19 650;19 700;19 650;10 227;201 216 225;0.25%
30/09/2024;19 400;19 650;19 650;19 400;1 116;21 789 900;-1.52%
01/10/2024;19 300;19 500;19 500;19 300;799;15 500 600;-0.52%
02/10/2024;19 375;19 150;19 375;19 150;6 679;128 654 238;0.39%
03/10/2024;19 650;19 340;19 650;19 340;473;9 221 135;1.42%
04/10/2024;19 850;19 650;19 850;19 650;235;4 641 250;1.02%
07/10/2024;19 850;19 500;19 850;19 500;1 630;32 070 250;0.00%
08/10/2024;19 995;20 000;20 000;19 995;219;4 379 453;0.73%
09/10/2024;19 990;20 000;20 000;19 990;37;739 815;-0.03%
10/10/2024;19 650;19 975;19 975;19 650;456;9 034 500;-1.70%
11/10/2024;19 650;19 985;19 985;19 650;740;14 664 950;0.00%
14/10/2024;19 500;19 650;19 650;19 500;649;12 704 175;-0.76%
15/10/2024;19 400;19 400;19 400;19 400;1 999;38 780 600;-0.51%
16/10/2024;19 300;19 500;19 500;19 300;241;4 675 400;-0.52%
17/10/2024;19 640;19 300;19 640;19 300;575;11 195 250;1.76%
18/10/2024;19 300;19 640;19 640;19 300;739;14 388 330;-1.73%
21/10/2024;19 300;19 300;19 300;19 300;1 097;21 172 100;0.00%
22/10/2024;19 500;19 400;19 500;19 400;345;6 710 250;1.04%
23/10/2024;19 405;19 400;19 405;19 400;705;13 678 763;-0.49%
24/10/2024;19 505;19 500;19 505;19 500;1 816;35 416 540;0.52%
25/10/2024;19 500;20 195;20 195;19 500;823;16 334 493;-0.03%
28/10/2024;19 300;19 575;19 575;19 300;339 249;6 594 152 438;-1.03%
29/10/2024;19 500;20 200;20 200;19 500;571;11 334 350;1.04%
30/10/2024;19 800;19 500;19 800;19 500;1 515;29 769 750;1.54%
31/10/2024;19 800;19 800;19 800;19 800;3 300;65 340 000;0.00%
01/11/2024;19 800;19 800;19 800;19 800;3 300;65 340 000;0.00%
04/11/2024;19 800;19 800;19 800;19 800;1 202;23 799 600;0.00%
05/11/2024;19 700;19 800;19 800;19 700;340;6 715 000;-0.51%
06/11/2024;19 800;19 700;19 800;19 700;1 976;39 026 000;0.51%
07/11/2024;19 600;19 800;19 800;19 600;244;4 806 800;-1.01%
08/11/2024;19 600;19 600;19 600;19 600;359;7 036 400;0.00%
11/11/2024;19 500;19 600;19 600;19 500;1 180;23 069 000;-0.51%
12/11/2024;19 500;19 300;19 500;19 300;9 156;177 626 400;0.00%
13/11/2024;19 500;19 500;19 500;19 500;10 887;212 296 500;0.00%
14/11/2024;19 550;19 425;19 550;19 425;175;3 410 313;0.26%
15/11/2024;19 550;19 425;19 550;19 425;175;3 410 313;0.00%
18/11/2024;19 460;19 550;19 550;19 460;1 630;31 793 150;-0.46%
19/11/2024;19 500;19 460;19 500;19 460;6 204;120 853 920;0.21%
20/11/2024;19 500;19 500;19 500;19 500;98;1 911 000;0.00%
21/11/2024;19 400;19 500;19 500;19 400;942;18 321 900;-0.51%
22/11/2024;19 300;19 500;19 500;19 300;1 698;32 941 200;-0.52%
25/11/2024;19 300;19 300;19 300;19 300;1 585;30 590 500;0.00%
26/11/2024;19 800;19 550;19 800;19 550;260;5 115 500;2.59%
27/11/2024;19 800;19 600;19 800;19 600;232;4 570 400;0.00%
28/11/2024;19 600;19 800;19 800;19 600;602;11 859 400;-1.01%
29/11/2024;19 900;19 600;19 900;19 600;103;2 034 250;1.53%
02/12/2024;19 600;19 900;19 900;19 600;498;9 835 500;-1.51%
03/12/2024;19 600;19 625;19 625;19 600;456;8 943 300;0.00%
04/12/2024;19 350;19 800;19 800;19 350;395;7 732 125;-1.28%
05/12/2024;19 600;19 350;19 600;19 350;976;19 007 600;1.29%
06/12/2024;19 400;19 600;19 600;19 400;1 370;26 715 000;-1.02%
09/12/2024;19 500;19 400;19 500;19 400;171;3 325 950;0.52%
10/12/2024;19 600;19 595;19 600;19 595;18 031;353 362 523;0.51%
11/12/2024;19 300;19 500;19 500;19 300;1 865;36 181 000;-1.53%
12/12/2024;19 300;19 300;19 300;19 300;562;10 846 600;0.00%
13/12/2024;19 600;19 210;19 600;19 210;228;4 424 340;1.55%
16/12/2024;19 600;19 300;19 600;19 300;94;1 828 300;0.00%
17/12/2024;19 500;19 600;19 600;19 500;3 156;61 699 800;-0.51%
18/12/2024;19 605;19 600;19 605;19 600;218;4 273 345;0.54%
19/12/2024;19 600;19 610;19 610;19 600;3 098;60 736 290;-0.03%
20/12/2024;19 895;19 605;19 895;19 605;741;14 634 750;1.51%
23/12/2024;19 850;19 850;19 850;19 850;21;416 850;-0.23%
24/12/2024;19 995;19 995;19 995;19 995;5 028;100 534 860;0.73%
25/12/2024;19 995;19 895;19 995;19 895;5 028;100 283 460;0.00%
26/12/2024;20 000;20 000;20 000;20 000;785;15 700 000;0.03%
27/12/2024;20 005;20 005;20 005;20 005;308;6 161 540;0.03%
30/12/2024;20 000;20 005;20 005;20 000;311;6 220 778;-0.02%
31/12/2024;21 000;19 910;21 000;19 910;1 294;26 468 770;5.00%
01/01/2025;21 000;19 910;21 000;19 910;1 294;26 468 770;0.00%
02/01/2025;20 800;20 030;20 800;20 030;119;2 429 385;-0.95%
03/01/2025;20 800;20 800;20 800;20 800;71;1 476 800;0.00%
06/01/2025;20 485;20 500;20 500;20 485;483;9 897 878;-1.51%
07/01/2025;20 100;20 490;20 490;20 100;537;10 898 415;-1.88%
08/01/2025;20 190;20 100;20 190;20 100;1 919;38 658 255;0.45%
09/01/2025;19 035;20 200;20 200;19 035;6 648;130 417 140;-5.72%
10/01/2025;20 000;20 000;20 000;20 000;487;9 740 000;5.07%
13/01/2025;19 600;19 600;19 600;19 600;358;7 016 800;-2.00%
14/01/2025;20 000;19 750;20 000;19 750;823;16 357 125;2.04%
15/01/2025;20 000;19 600;20 000;19 600;1 438;28 472 400;0.00%
16/01/2025;20 000;20 000;20 000;20 000;385;7 700 000;0.00%
17/01/2025;20 000;20 000;20 000;20 000;750;15 000 000;0.00%
20/01/2025;20 000;19 995;20 000;19 995;176;3 519 560;0.00%
21/01/2025;19 810;20 000;20 000;19 810;2 150;42 795 750;-0.95%
22/01/2025;20 000;20 000;20 000;20 000;796;15 920 000;0.96%
23/01/2025;20 000;20 000;20 000;20 000;677;13 540 000;0.00%
24/01/2025;20 000;20 000;20 000;20 000;217;4 340 000;0.00%
27/01/2025;20 000;20 000;20 000;20 000;652;13 040 000;0.00%
28/01/2025;20 025;20 005;20 025;20 005;730;14 610 950;0.13%
29/01/2025;20 500;20 500;20 500;20 500;672;13 776 000;2.37%
30/01/2025;20 895;20 505;20 895;20 505;1 275;26 392 500;1.93%
31/01/2025;20 895;20 795;20 895;20 795;1 786;37 229 170;0.00%
03/02/2025;20 800;20 895;20 895;20 800;1 114;23 224 115;-0.45%
04/02/2025;21 000;20 790;21 000;20 790;2 733;57 106 035;0.96%
05/02/2025;21 455;21 000;21 455;21 000;395;8 384 863;2.17%
06/02/2025;21 890;21 455;21 890;21 455;2 490;53 964 525;2.03%
07/02/2025;22 500;21 890;22 500;21 890;414;9 188 730;2.79%
10/02/2025;22 200;22 495;22 495;22 200;853;19 062 418;-1.33%
11/02/2025;21 995;22 095;22 095;21 995;1 224;26 983 080;-0.92%
12/02/2025;21 990;21 980;21 990;21 980;1 957;43 024 645;-0.02%
13/02/2025;21 000;21 995;21 995;21 000;2 302;49 487 245;-4.50%
14/02/2025;21 995;21 895;21 995;21 895;652;14 308 140;4.74%
17/02/2025;21 990;22 000;22 000;21 990;832;18 299 840;-0.02%
18/02/2025;21 850;21 990;21 990;21 850;1 655;36 277 600;-0.64%
19/02/2025;21 900;21 850;21 900;21 850;1 419;31 040 625;0.23%
20/02/2025;21 900;21 900;21 900;21 900;220;4 818 000;0.00%
21/02/2025;21 900;21 900;21 900;21 900;39 547;866 079 300;0.00%
24/02/2025;21 900;21 900;21 900;21 900;168;3 679 200;0.00%
25/02/2025;21 700;21 800;21 800;21 700;2 005;43 608 750;-0.91%
26/02/2025;22 000;21 990;22 000;21 990;6 741;148 268 295;1.38%
28/02/2025;22 005;22 500;22 500;22 005;1 169;26 013 173;0.02%
03/03/2025;22 450;22 400;22 450;22 400;455;10 203 375;2.02%
04/03/2025;22 000;22 500;22 500;22 000;3 913;87 064 250;-2.00%
05/03/2025;22 500;22 110;22 500;22 110;530;11 821 650;2.27%
06/03/2025;22 215;22 220;22 220;22 215;213;4 732 328;-1.27%
07/03/2025;22 150;22 220;22 220;22 150;228;5 058 180;-0.29%
10/03/2025;21 895;22 160;22 160;21 895;1 249;27 512 348;-1.15%
11/03/2025;21 890;21 890;21 890;21 890;1 135;24 845 150;-0.02%
12/03/2025;21 850;21 890;21 890;21 850;1 158;25 325 460;-0.18%
13/03/2025;22 200;21 850;22 200;21 850;31 369;690 902 225;1.60%
14/03/2025;21 900;21 990;21 990;21 900;271;5 947 095;-1.35%
17/03/2025;21 850;21 900;21 900;21 850;756;16 537 500;-0.23%
18/03/2025;21 850;21 850;21 850;21 850;1 331;29 082 350;0.00%
19/03/2025;21 850;21 895;21 895;21 850;516;11 286 210;0.00%
20/03/2025;21 695;21 900;21 900;21 695;1 633;35 595 318;-0.71%
21/03/2025;21 900;21 900;21 900;21 900;1 981;43 383 900;0.94%
24/03/2025;21 900;21 900;21 900;21 900;280;6 132 000;0.00%
25/03/2025;21 900;21 850;21 900;21 850;1 421;31 084 375;0.00%
26/03/2025;21 850;21 850;21 850;21 850;362;7 909 700;-0.23%
27/03/2025;21 850;21 850;21 850;21 850;362;7 909 700;0.00%
28/03/2025;21 900;21 850;21 900;21 850;955;20 890 625;0.23%
31/03/2025;21 900;21 850;21 900;21 850;955;20 890 625;0.00%
01/04/2025;21 895;21 900;21 900;21 895;578;12 656 755;-0.02%
02/04/2025;21 895;21 900;21 900;21 895;418;9 153 155;0.00%
03/04/2025;21 895;21 900;21 900;21 895;633;13 861 118;0.00%
04/04/2025;21 550;21 895;21 895;21 550;1 782;38 709 495;-1.58%
07/04/2025;21 700;21 900;21 900;21 700;1 176;25 636 800;0.70%
08/04/2025;21 900;21 900;21 900;21 900;1 963;42 989 700;0.92%
09/04/2025;21 900;21 895;21 900;21 895;792;17 342 820;0.00%
10/04/2025;21 900;21 900;21 900;21 900;240;5 256 000;0.00%
11/04/2025;21 850;21 900;21 900;21 850;2 536;55 475 000;-0.23%
14/04/2025;21 900;21 850;21 900;21 850;6 794;148 618 750;0.23%
15/04/2025;21 805;21 895;21 895;21 805;796;17 392 600;-0.43%
16/04/2025;21 900;21 900;21 900;21 900;2 280;49 932 000;0.44%
17/04/2025;22 105;21 900;22 105;21 900;177;3 894 443;0.94%
18/04/2025;22 000;22 105;22 105;22 000;185;4 079 713;-0.48%
21/04/2025;22 000;22 105;22 105;22 000;185;4 079 713;0.00%
22/04/2025;22 510;22 105;22 510;22 105;148;3 301 510;2.32%
23/04/2025;22 500;22 510;22 510;22 500;682;15 348 410;-0.04%
24/04/2025;22 200;22 495;22 495;22 200;866;19 352 935;-1.33%
25/04/2025;22 110;22 200;22 200;22 110;172;3 810 660;-0.41%
28/04/2025;22 005;22 110;22 110;22 005;381;8 403 908;-0.47%
29/04/2025;22 100;22 110;22 110;22 100;887;19 607 135;0.43%
30/04/2025;21 900;22 000;22 000;21 900;423;9 284 850;-0.90%
01/05/2025;21 900;22 000;22 000;21 900;423;9 284 850;0.00%
02/05/2025;21 890;21 900;21 900;21 890;6 739;147 550 405;-0.05%
05/05/2025;21 800;21 890;21 890;21 800;480;10 485 600;-0.41%
06/05/2025;22 000;21 800;22 000;21 800;644;14 103 600;0.92%
07/05/2025;21 845;21 550;21 845;21 550;107;2 321 633;-0.70%
08/05/2025;21 500;21 845;21 845;21 500;3 852;83 482 470;-1.58%
09/05/2025;21 600;21 900;21 900;21 600;182;3 958 500;0.47%
12/05/2025;21 850;21 900;21 900;21 850;1 584;34 650 000;1.16%
13/05/2025;21 600;21 900;21 900;21 600;1 254;27 274 500;-1.14%
14/05/2025;21 995;22 000;22 000;21 995;28 164;619 537 590;1.83%
15/05/2025;21 995;21 995;21 995;21 995;932;20 499 340;0.00%
16/05/2025;21 995;21 995;21 995;21 995;189;4 157 055;0.00%
19/05/2025;21 990;22 000;22 000;21 990;3 027;66 578 865;-0.02%
20/05/2025;21 955;21 800;21 955;21 800;1 091;23 868 353;-0.16%
21/05/2025;21 850;21 955;21 955;21 850;759;16 623 998;-0.48%
22/05/2025;21 900;21 850;21 900;21 850;306;6 693 750;0.23%
23/05/2025;22 010;21 995;22 010;21 995;2 348;51 661 870;0.50%
26/05/2025;21 850;21 900;21 900;21 850;2 504;54 775 000;-0.73%
27/05/2025;21 850;21 850;21 850;21 850;1 425;31 136 250;0.00%
28/05/2025;21 900;21 900;21 900;21 900;4 332;94 870 800;0.23%
29/05/2025;21 900;21 900;21 900;21 900;4 332;94 870 800;0.00%
30/05/2025;22 000;21 900;22 000;21 900;1 894;41 573 300;0.46%
02/06/2025;21 850;22 000;22 000;21 850;1 263;27 691 275;-0.68%
03/06/2025;22 000;21 995;22 000;21 995;8 108;178 355 730;0.69%
04/06/2025;22 100;22 000;22 100;22 000;11 000;242 550 000;0.45%
05/06/2025;22 500;22 350;22 500;22 350;210;4 709 250;1.81%
10/06/2025;22 510;22 490;22 510;22 490;9 681;217 822 500;0.04%
11/06/2025;23 045;23 185;23 185;23 045;859;19 855 785;2.38%
12/06/2025;23 100;23 045;23 100;23 045;7 761;179 065 673;0.24%
13/06/2025;23 500;23 100;23 500;23 100;1 053;24 534 900;1.73%
16/06/2025;23 890;23 500;23 890;23 500;6 013;142 478 035;1.66%
17/06/2025;23 800;23 800;23 800;23 800;1 368;32 558 400;-0.38%
18/06/2025;23 890;23 800;23 890;23 800;4 210;100 387 450;0.38%
19/06/2025;24 610;23 890;24 610;23 890;2 217;53 762 250;3.01%
20/06/2025;24 610;24 000;24 610;24 000;2 030;49 339 150;0.00%
23/06/2025;24 610;24 610;24 610;24 610;307;7 555 270;0.00%
24/06/2025;24 500;24 610;24 610;24 500;189;4 640 895;-0.45%
25/06/2025;24 610;24 500;24 610;24 500;3 591;88 177 005;0.45%
26/06/2025;24 605;24 610;24 610;24 605;3 374;83 025 705;-0.02%
27/06/2025;24 650;24 500;24 650;24 500;4 868;119 631 100;0.18%
30/06/2025;24 850;24 650;24 850;24 650;1 178;29 155 500;0.81%
01/07/2025;25 000;24 000;25 000;24 000;967;23 691 500;0.60%
02/07/2025;25 000;24 850;25 000;24 850;190;4 735 750;0.00%
03/07/2025;25 000;25 000;25 000;25 000;404;10 100 000;0.00%
04/07/2025;25 000;25 000;25 000;25 000;292;7 300 000;0.00%
07/07/2025;25 300;25 000;25 300;25 000;1 608;40 441 200;1.20%
08/07/2025;24 700;25 010;25 010;24 700;2 218;55 128 390;-2.37%
09/07/2025;25 100;25 200;25 200;25 100;396;9 959 400;1.62%
10/07/2025;25 000;25 100;25 100;25 000;108;2 705 400;-0.40%
11/07/2025;25 005;25 200;25 200;25 005;4 885;122 625 713;0.02%
14/07/2025;25 200;25 200;25 200;25 200;295;7 434 000;0.78%
15/07/2025;25 000;25 005;25 005;25 000;499;12 476 248;-0.79%
16/07/2025;25 000;25 000;25 000;25 000;193;4 825 000;0.00%
17/07/2025;25 050;25 100;25 100;25 050;394;9 879 550;0.20%
18/07/2025;25 100;25 100;25 100;25 100;16 504;414 250 400;0.20%
21/07/2025;25 050;25 060;25 060;25 050;553;13 855 415;-0.20%
22/07/2025;25 500;25 050;25 500;25 050;234;5 914 350;1.80%
23/07/2025;25 600;25 600;25 600;25 600;287;7 347 200;0.39%
24/07/2025;26 000;25 600;26 000;25 600;75;1 935 000;1.56%
25/07/2025;26 000;26 000;26 000;26 000;256;6 656 000;0.00%
28/07/2025;25 900;26 000;26 000;25 900;441;11 443 950;-0.38%
29/07/2025;25 900;25 900;25 900;25 900;758;19 632 200;0.00%
30/07/2025;25 895;25 800;25 895;25 800;1 291;33 369 123;-0.02%
31/07/2025;25 000;25 500;25 500;25 000;1 978;49 944 500;-3.46%
01/08/2025;25 000;24 860;25 000;24 860;362;9 024 660;0.00%
04/08/2025;24 500;24 500;24 500;24 500;822;20 139 000;-2.00%
05/08/2025;25 500;24 500;25 500;24 500;4 093;102 325 000;4.08%
06/08/2025;25 445;25 300;25 445;25 300;541;13 726 523;-0.22%
07/08/2025;25 445;25 300;25 445;25 300;541;13 726 523;0.00%
08/08/2025;24 500;25 400;25 400;24 500;25 478;635 676 100;-3.71%
11/08/2025;25 490;25 900;25 900;25 490;436;11 203 020;4.04%
12/08/2025;25 500;25 500;25 500;25 500;2 554;65 127 000;0.04%
13/08/2025;25 515;25 500;25 515;25 500;1 077;27 471 578;0.06%
14/08/2025;25 000;25 500;25 500;25 000;368;9 292 000;-2.02%
15/08/2025;25 000;25 500;25 500;25 000;368;9 292 000;0.00%
18/08/2025;25 500;25 500;25 500;25 500;1 203;30 676 500;2.00%
19/08/2025;25 550;25 510;25 550;25 510;1 947;49 706 910;0.20%
20/08/2025;26 000;25 550;26 000;25 550;400;10 310 000;1.76%
21/08/2025;25 990;26 000;26 000;25 990;237;6 160 815;-0.04%
22/08/2025;26 000;25 900;26 000;25 900;453;11 755 350;0.04%
25/08/2025;26 000;26 000;26 000;26 000;1 355;35 230 000;0.00%
26/08/2025;26 000;26 000;26 000;26 000;819;21 294 000;0.00%
27/08/2025;25 555;26 000;26 000;25 555;1 982;51 091 005;-1.71%
28/08/2025;25 500;25 840;25 840;25 500;843;21 639 810;-0.22%
29/08/2025;26 000;25 600;26 000;25 600;1 002;25 851 600;1.96%
01/09/2025;26 500;26 000;26 500;26 000;504;13 230 000;1.92%
02/09/2025;26 100;26 255;26 255;26 100;3 627;94 945 793;-1.51%
03/09/2025;26 100;26 000;26 100;26 000;3 492;90 966 600;0.00%
04/09/2025;26 100;26 000;26 100;26 000;3 492;90 966 600;0.00%
05/09/2025;26 300;26 100;26 300;26 100;2 021;52 950 200;0.77%
08/09/2025;26 210;26 200;26 210;26 200;274;7 180 170;-0.34%
09/09/2025;27 000;26 295;27 000;26 295;770;20 518 575;3.01%
10/09/2025;27 205;27 000;27 205;27 000;274;7 426 085;0.76%
11/09/2025;27 300;27 945;27 945;27 300;424;11 711 940;0.35%
12/09/2025;27 480;28 000;28 000;27 480;597;16 560 780;0.66%
15/09/2025;27 495;27 480;27 495;27 480;312;8 576 100;0.05%
16/09/2025;27 450;27 495;27 495;27 450;1 878;51 593 355;-0.16%
17/09/2025;26 615;27 450;27 450;26 615;2 540;68 662 550;-3.04%
18/09/2025;27 400;27 005;27 400;27 005;253;6 882 233;2.95%
19/09/2025;27 450;27 400;27 450;27 400;239;6 554 575;0.18%
22/09/2025;27 005;27 450;27 450;27 005;1 341;36 512 078;-1.62%
23/09/2025;27 005;27 005;27 005;27 005;297;8 020 485;0.00%
24/09/2025;27 200;27 005;27 200;27 005;643;17 426 908;0.72%
25/09/2025;27 500;27 100;27 500;27 100;1 356;37 018 800;1.10%
26/09/2025;27 500;27 500;27 500;27 500;639;17 572 500;0.00%
29/09/2025;27 000;27 500;27 500;27 000;1 571;42 809 750;-1.82%
30/09/2025;27 000;27 495;27 495;27 000;734;19 999 665;0.00%
01/10/2025;27 000;27 000;27 000;27 000;338;9 126 000;0.00%
02/10/2025;26 500;27 000;27 000;26 500;4 729;126 500 750;-1.85%
03/10/2025;27 000;27 600;27 600;27 000;1 611;43 980 300;1.89%
06/10/2025;26 500;27 600;27 600;26 500;246;6 654 300;-1.85%
07/10/2025;26 300;26 500;26 500;26 300;4 135;109 164 000;-0.75%
08/10/2025;26 800;26 205;26 800;26 205;229;6 069 073;1.90%
09/10/2025;27 000;27 000;27 000;27 000;788;21 276 000;0.75%
10/10/2025;27 500;27 000;27 500;27 000;301;8 202 250;1.85%
13/10/2025;27 995;27 500;27 995;27 500;573;15 899 318;1.80%
14/10/2025;26 900;27 995;27 995;26 900;805;22 095 238;-3.91%
15/10/2025;27 500;27 950;27 950;27 500;2 249;62 353 525;2.23%
16/10/2025;27 000;27 500;27 500;27 000;720;19 620 000;-1.82%
17/10/2025;27 005;27 000;27 005;27 000;1 215;32 808 038;0.02%
20/10/2025;27 200;28 000;28 000;27 200;1 514;41 786 400;0.72%
21/10/2025;27 205;28 000;28 000;27 205;204;5 630 910;0.02%
22/10/2025;27 700;27 500;27 700;27 500;1 937;53 461 200;1.82%
23/10/2025;27 500;27 700;27 700;27 500;545;15 042 000;-0.72%
24/10/2025;27 350;28 000;28 000;27 350;3 875;107 240 625;-0.55%
27/10/2025;27 700;27 700;27 700;27 700;1 604;44 430 800;1.28%
28/10/2025;27 600;27 700;27 700;27 600;835;23 087 750;-0.36%
29/10/2025;27 750;27 700;27 750;27 700;963;26 699 175;0.54%
30/10/2025;27 800;27 800;27 800;27 800;1 686;46 870 800;0.18%
31/10/2025;27 700;27 800;27 800;27 700;561;15 567 750;-0.36%
03/11/2025;27 500;27 500;27 500;27 500;446;12 265 000;-0.72%
04/11/2025;27 200;27 250;27 250;27 200;1 272;34 630 200;-1.09%
05/11/2025;26 950;27 050;27 050;26 950;945;25 515 000;-0.92%
06/11/2025;26 955;27 000;27 000;26 955;667;17 993 993;0.02%
07/11/2025;26 995;26 995;26 995;26 995;-;0;0.15%
10/11/2025;26 905;26 900;26 905;26 900;9 196;247 395 390;-0.33%
11/11/2025;26 900;26 855;26 900;26 855;1 508;40 531 270;-0.02%
12/11/2025;27 300;26 900;27 300;26 900;20 944;567 582 400;1.49%
13/11/2025;27 000;28 200;28 200;27 000;731;20 175 600;-1.10%
14/11/2025;27 000;26 805;27 000;26 805;1 370;36 856 425;0.00%
17/11/2025;27 300;27 000;27 300;27 000;622;16 887 300;1.11%
18/11/2025;27 200;27 300;27 300;27 200;2 952;80 442 000;-0.37%
19/11/2025;26 500;27 325;27 325;26 500;20 012;538 572 950;-2.57%
20/11/2025;26 500;26 900;26 900;26 500;6 468;172 695 600;0.00%
21/11/2025;26 500;27 100;27 100;26 500;7 096;190 172 800;0.00%
24/11/2025;27 650;27 095;27 650;27 095;664;18 175 340;4.34%
25/11/2025;26 500;27 645;27 645;26 500;5 289;143 186 453;-4.16%
26/11/2025;26 210;26 500;26 500;26 210;22 702;598 311 210;-1.09%
27/11/2025;26 400;26 250;26 400;26 250;3 312;87 188 400;0.72%
28/11/2025;26 500;27 600;27 600;26 500;3 625;98 056 250;0.38%
01/12/2025;27 600;26 515;27 600;26 515;2 638;71 377 685;4.15%
02/12/2025;28 000;27 600;28 000;27 600;690;19 182 000;1.45%
03/12/2025;28 500;28 000;28 500;28 000;1 257;35 510 250;1.79%
04/12/2025;30 000;28 500;30 000;28 500;1 615;47 238 750;5.26%
05/12/2025;30 050;30 000;30 050;30 000;1 005;30 175 125;0.17%
08/12/2025;29 490;30 000;30 000;29 490;1 212;36 050 940;-1.86%
09/12/2025;29 300;29 490;29 490;29 300;470;13 815 650;-0.64%
10/12/2025;29 250;29 490;29 490;29 250;752;22 086 240;-0.17%
11/12/2025;29 000;29 545;29 545;29 000;3 177;92 998 733;-0.85%
12/12/2025;28 900;28 950;28 950;28 900;552;15 966 600;-0.34%
15/12/2025;29 000;28 900;29 000;28 900;296;8 569 200;0.35%
16/12/2025;29 000;28 505;29 000;28 505;4 227;121 536 818;0.00%
17/12/2025;28 990;29 000;29 000;28 990;388;11 250 060;-0.03%
18/12/2025;28 600;28 990;28 990;28 600;1 641;47 252 595;-1.35%
19/12/2025;28 500;28 600;28 600;28 500;417;11 905 350;-0.35%
22/12/2025;28 000;28 500;28 500;28 000;2 060;58 195 000;-1.75%
23/12/2025;27 800;28 550;28 550;27 800;7 293;205 480 275;-0.71%
24/12/2025;28 500;28 000;28 500;28 000;282;7 966 500;2.52%
25/12/2025;28 500;28 000;28 500;28 000;282;7 966 500;0.00%
26/12/2025;28 300;28 500;28 500;28 300;338;9 599 200;-0.70%
29/12/2025;28 545;27 650;28 545;27 650;12 730;357 681 175;0.87%
30/12/2025;29 900;28 550;29 900;28 550;3 456;101 001 600;4.75%
31/12/2025;29 895;29 900;29 900;29 895;495;14 799 263;-0.02%
01/01/2026;29 895;29 900;29 900;29 895;495;14 799 263;0.00%
02/01/2026;29 600;29 875;29 875;29 600;6 186;183 956 175;-0.99%
05/01/2026;29 000;29 650;29 650;29 000;254;7 448 550;-2.03%
06/01/2026;29 400;29 590;29 590;29 400;665;19 614 175;1.38%
07/01/2026;29 400;29 400;29 400;29 400;445;13 083 000;0.00%
08/01/2026;28 500;29 400;29 400;28 500;4 946;143 186 700;-3.06%
09/01/2026;27 500;28 500;28 500;27 500;19 508;546 224 000;-3.51%
12/01/2026;29 185;29 380;29 380;29 185;1 122;32 854 965;6.13%
13/01/2026;29 145;29 185;29 185;29 145;2 966;86 503 390;-0.14%
14/01/2026;28 500;29 145;29 145;28 500;586;16 889 985;-2.21%
15/01/2026;28 135;28 500;28 500;28 135;892;25 259 210;-1.28%
16/01/2026;28 400;28 200;28 400;28 200;360;10 188 000;0.94%
19/01/2026;29 350;28 405;29 350;28 405;324;9 356 310;3.35%
20/01/2026;29 390;29 350;29 390;29 350;169;4 963 530;0.14%
21/01/2026;29 300;29 390;29 390;29 300;20 084;589 364 980;-0.31%
22/01/2026;29 400;29 000;29 400;29 000;498;14 541 600;0.34%
23/01/2026;29 600;29 600;29 600;29 600;11 964;354 134 400;0.68%
26/01/2026;29 120;29 055;29 120;29 055;7 321;212 949 588;-1.62%
27/01/2026;29 700;29 500;29 700;29 500;666;19 713 600;1.99%
28/01/2026;29 990;29 400;29 990;29 400;567;16 837 065;0.98%
29/01/2026;31 000;29 995;31 000;29 995;440;13 418 900;3.37%
30/01/2026;31 000;31 000;31 000;31 000;2 149;66 619 000;0.00%
02/02/2026;30 500;31 195;31 195;30 500;1 042;32 143 095;-1.61%
03/02/2026;30 000;30 500;30 500;30 000;7 302;220 885 500;-1.64%
04/02/2026;30 450;30 500;30 500;30 450;856;26 086 600;1.50%
05/02/2026;30 500;30 500;30 500;30 500;1 002;30 561 000;0.16%
06/02/2026;30 500;30 505;30 505;30 500;1 677;51 152 693;0.00%
09/02/2026;30 500;30 500;30 500;30 500;2 047;62 433 500;0.00%
10/02/2026;30 500;30 500;30 500;30 500;5 408;164 944 000;0.00%
11/02/2026;31 000;30 510;31 000;30 510;517;15 900 335;1.64%
12/02/2026;31 000;30 510;31 000;30 510;2 482;76 333 910;0.00%
13/02/2026;31 300;31 475;31 475;31 300;439;13 779 113;0.97%
16/02/2026;31 995;31 485;31 995;31 485;392;12 442 080;2.22%
17/02/2026;31 900;31 995;31 995;31 900;1 691;54 023 223;-0.30%
18/02/2026;32 150;31 900;32 150;31 900;1 190;38 109 750;0.78%
19/02/2026;32 500;32 840;32 840;32 500;646;21 104 820;1.09%
20/02/2026;33 295;32 840;33 295;32 840;472;15 607 860;2.45%
23/02/2026;33 995;33 295;33 995;33 295;3 494;117 555 630;2.10%
24/02/2026;34 485;34 000;34 485;34 000;623;21 333 078;1.44%
25/02/2026;35 255;34 495;35 255;34 495;1 606;56 009 250;2.23%
26/02/2026;37 500;36 000;37 500;36 000;2 137;78 534 750;6.37%
27/02/2026;37 450;37 450;37 450;37 450;1 352;50 632 400;-0.13%
02/03/2026;37 000;37 000;37 000;37 000;1 401;51 837 000;-1.20%
03/03/2026;37 500;37 000;37 500;37 000;2 017;75 133 250;1.35%
04/03/2026;35 995;37 000;37 000;35 995;31 726;1 157 919 685;-4.01%
05/03/2026;35 000;35 995;35 995;35 000;2 169;76 994 078;-2.76%
06/03/2026;35 800;35 995;35 995;35 800;4 732;169 866 970;2.29%
09/03/2026;35 000;36 500;36 500;35 000;1 358;48 548 500;-2.23%
10/03/2026;35 000;35 000;35 000;35 000;2 760;96 600 000;0.00%
11/03/2026;34 000;35 000;35 000;34 000;2 569;88 630 500;-2.86%
12/03/2026;35 300;34 000;35 300;34 000;3 283;113 755 950;3.82%
13/03/2026;35 000;35 500;35 500;35 000;3 578;126 124 500;-0.85%
16/03/2026;35 000;35 500;35 500;35 000;3 578;126 124 500;0.00%
17/03/2026;34 900;36 000;36 000;34 900;4 554;161 439 300;-0.29%
18/03/2026;36 000;35 010;36 000;35 010;313;11 113 065;3.15%
19/03/2026;35 500;36 005;36 005;35 500;4 445;158 919 863;-1.39%
20/03/2026;35 500;36 005;36 005;35 500;4 445;158 919 863;0.00%
23/03/2026;35 000;35 500;35 500;35 000;2 002;70 570 500;-1.41%
24/03/2026;34 995;34 995;34 995;34 995;609;21 311 955;-0.01%
25/03/2026;34 995;35 000;35 000;34 995;808;28 277 980;0.00%
26/03/2026;35 000;35 000;35 000;35 000;864;30 240 000;0.01%
27/03/2026;35 000;34 995;35 000;34 995;1 389;48 611 528;0.00%
30/03/2026;34 800;35 000;35 000;34 800;1 225;42 752 500;-0.57%
31/03/2026;34 500;34 800;34 800;34 500;2 134;73 943 100;-0.86%
01/04/2026;34 500;34 500;34 500;34 500;876;30 222 000;0.00%
02/04/2026;34 500;34 500;34 500;34 500;826;28 497 000;0.00%
03/04/2026;34 200;34 500;34 500;34 200;448;15 388 800;-0.87%
06/04/2026;34 200;34 500;34 500;34 200;448;15 388 800;0.00%
07/04/2026;34 000;34 200;34 200;34 000;1 471;50 161 100;-0.58%
08/04/2026;33 100;34 000;34 000;33 100;492;16 506 600;-2.65%
09/04/2026;33 980;33 100;33 980;33 100;1 144;38 369 760;2.66%
10/04/2026;34 000;34 000;34 000;34 000;791;26 894 000;0.06%
13/04/2026;33 900;34 000;34 000;33 900;871;29 570 450;-0.29%
14/04/2026;33 505;33 900;33 900;33 505;751;25 310 578;-1.17%
15/04/2026;33 000;33 500;33 500;33 000;1 349;44 854 250;-1.51%
16/04/2026;33 000;33 000;33 000;33 000;1 087;35 871 000;0.00%
17/04/2026;33 000;35 475;35 475;33 000;36 854;1 261 788 825;0.00%
20/04/2026;32 800;35 470;35 470;32 800;26 097;890 821 095;-0.61%
21/04/2026;34 940;33 500;34 940;33 500;5 091;174 214 020;6.52%
22/04/2026;35 000;34 940;35 000;34 940;8 089;282 872 330;0.17%
23/04/2026;34 980;35 010;35 010;34 980;7 711;269 846 445;-0.06%
24/04/2026;34 980;34 990;34 990;34 980;11 208;392 111 880;0.00%
27/04/2026;34 745;34 980;34 980;34 745;3 958;137 985 775;-0.67%
28/04/2026;34 490;34 800;34 800;34 490;7 050;244 247 250;-0.73%
29/04/2026;33 000;34 490;34 490;33 000;19 895;671 356 775;-4.32%
30/04/2026;34 095;33 500;34 095;33 500;13 522;457 009 795;3.32%
01/05/2026;34 095;33 500;34 095;33 500;13 522;457 009 795;0.00%
04/05/2026;33 000;32 995;33 000;32 995;7 837;258 601 408;-3.21%
05/05/2026;33 000;32 000;33 000;32 000;6 571;213 557 500;0.00%
06/05/2026;33 400;33 000;33 400;33 000;2 728;90 569 600;1.21%
07/05/2026;33 800;33 600;33 800;33 600;750;25 275 000;1.20%
08/05/2026;34 500;33 800;34 500;33 800;1 961;66 968 150;2.07%
11/05/2026;34 800;34 750;34 800;34 750;950;33 036 250;0.87%
12/05/2026;34 990;34 800;34 990;34 800;1 717;59 914 715;0.55%
13/05/2026;34 995;34 990;34 995;34 990;983;34 397 628;0.01%
14/05/2026;34 995;34 990;34 995;34 990;983;34 397 628;0.00%
15/05/2026;35 985;35 005;35 985;35 005;1 855;65 843 225;2.83%
18/05/2026;36 000;36 000;36 000;36 000;2 084;75 024 000;0.04%
19/05/2026;35 995;36 000;36 000;35 995;1 685;60 655 788;-0.01%
20/05/2026;36 200;36 300;36 300;36 200;3 006;108 967 500;0.57%
21/05/2026;36 200;36 000;36 200;36 000;4 304;155 374 400;0.00%
22/05/2026;36 000;36 000;36 000;36 000;5 555;199 980 000;-0.55%
25/05/2026;36 000;36 000;36 000;36 000;5 555;199 980 000;0.00%
26/05/2026;36 600;36 200;36 600;36 200;4 227;153 862 800;1.67%
27/05/2026;36 600;36 200;36 600;36 200;4 227;153 862 800;0.00%
28/05/2026;36 940;36 600;36 940;36 600;7 184;264 155 680;0.93%
29/05/2026;37 000;36 950;37 000;36 950;3 020;111 664 500;0.16%
01/06/2026;37 000;37 000;37 000;37 000;2 556;94 572 000;0.00%
02/06/2026;37 200;36 000;37 200;36 000;21 548;788 656 800;0.54%
03/06/2026;36 990;37 200;37 200;36 990;5 352;198 532 440;-0.56%
04/06/2026;37 400;36 990;37 400;36 990;18 614;692 347 730;1.11%
05/06/2026;37 505;37 500;37 505;37 500;1 653;61 991 633;0.28%
08/06/2026;38 950;38 200;38 950;38 200;1 489;57 438 175;3.85%
09/06/2026;39 060;38 950;39 060;38 950;3 938;153 601 690;0.28%
10/06/2026;38 800;39 000;39 000;38 800;6 805;264 714 500;-0.67%
11/06/2026;39 000;39 210;39 210;39 000;1 845;72 148 725;0.52%
12/06/2026;38 995;39 000;39 000;38 995;5 604;218 541 990;-0.01%
15/06/2026;38 900;39 210;39 210;38 900;6 909;269 830 995;-0.24%
16/06/2026;38 800;39 000;39 000;38 800;2 704;105 185 600;-0.26%
17/06/2026;39 000;38 815;39 000;38 815;9 510;370 010 325;0.52%
18/06/2026;39 000;39 000;39 000;39 000;1 944;75 816 000;0.00%
19/06/2026;39 150;39 000;39 150;39 000;2 539;99 211 425;0.38%
22/06/2026;39 200;39 210;39 210;39 200;8 088;317 090 040;0.13%
23/06/2026;39 000;39 200;39 200;39 000;3 067;119 919 700;-0.51%
24/06/2026;38 875;39 000;39 000;38 875;2 496;97 188 000;-0.32%
25/06/2026;38 995;38 900;38 995;38 900;2 203;85 801 343;0.31%
26/06/2026;39 000;38 900;39 000;38 900;1 117;43 507 150;0.01%
29/06/2026;39 000;39 050;39 050;39 000;4 263;166 363 575;0.00%
30/06/2026;38 965;39 000;39 000;38 965;1 863;72 624 398;-0.09%
01/07/2026;39 000;39 000;39 000;39 000;2 929;114 231 000;0.09%
02/07/2026;38 990;39 000;39 000;38 990;3 046;118 778 770;-0.03%
